# Extracted from Open3DModel lower-limb.obj — Common_plantar_digital_nerves.r
# License: CC BY-SA 4.0 — AnatomyTOOL Open3D create
o Common_plantar_digital_nerves.r
v -0.076899 0.014858 0.064625
v -0.076942 0.014844 0.064598
v -0.076917 0.014847 0.064612
v -0.076968 0.014851 0.064587
v -0.076894 0.014876 0.064634
v -0.076987 0.014865 0.064582
v -0.076902 0.014894 0.064636
v -0.076995 0.014883 0.064584
v -0.076922 0.014908 0.064631
v -0.076990 0.014900 0.064593
v -0.076947 0.014914 0.064620
v -0.076972 0.014912 0.064606
v -0.064210 0.025913 0.034441
v -0.063847 0.025910 0.034485
v -0.064029 0.025879 0.034468
v -0.063712 0.025995 0.034490
v -0.064340 0.026001 0.034414
v -0.063661 0.026112 0.034481
v -0.064386 0.026119 0.034393
v -0.063706 0.026231 0.034459
v -0.064335 0.026237 0.034383
v -0.063837 0.026319 0.034432
v -0.064200 0.026322 0.034388
v -0.064017 0.026352 0.034406
v -0.063890 0.017887 0.065678
v -0.063936 0.017887 0.065682
v -0.063913 0.017883 0.065680
v -0.063873 0.017898 0.065679
v -0.063952 0.017898 0.065686
v -0.063866 0.017913 0.065681
v -0.063958 0.017912 0.065689
v -0.063873 0.017928 0.065684
v -0.063952 0.017927 0.065691
v -0.063889 0.017939 0.065687
v -0.063935 0.017938 0.065691
v -0.063912 0.017942 0.065690
v -0.065423 0.028115 0.024222
v -0.065117 0.028081 0.024052
v -0.065272 0.028067 0.024140
v -0.065000 0.028152 0.023983
v -0.065529 0.028211 0.024278
v -0.064951 0.028262 0.023952
v -0.065563 0.028329 0.024292
v -0.064985 0.028381 0.023965
v -0.065514 0.028439 0.024260
v -0.065091 0.028476 0.024021
v -0.065397 0.028510 0.024191
v -0.065242 0.028524 0.024104
v -0.082826 0.013899 0.060188
v -0.082847 0.013898 0.060182
v -0.082835 0.013895 0.060185
v -0.082823 0.013909 0.060191
v -0.082860 0.013906 0.060182
v -0.082826 0.013921 0.060194
v -0.082869 0.013917 0.060183
v -0.082836 0.013932 0.060195
v -0.082872 0.013929 0.060185
v -0.082848 0.013940 0.060195
v -0.082869 0.013939 0.060189
v -0.082860 0.013943 0.060192
v -0.090431 0.015699 0.039811
v -0.090150 0.015695 0.039687
v -0.090303 0.015666 0.039751
v -0.090012 0.015779 0.039637
v -0.090499 0.015785 0.039851
v -0.089927 0.015894 0.039614
v -0.090489 0.015901 0.039861
v -0.089918 0.016010 0.039624
v -0.090404 0.016017 0.039838
v -0.089986 0.016096 0.039664
v -0.090267 0.016100 0.039788
v -0.090114 0.016129 0.039724
v -0.094238 0.013758 0.063876
v -0.094257 0.013752 0.063867
v -0.094245 0.013752 0.063872
v -0.094269 0.013758 0.063861
v -0.094237 0.013768 0.063878
v -0.094279 0.013768 0.063857
v -0.094241 0.013780 0.063876
v -0.094284 0.013779 0.063855
v -0.094252 0.013790 0.063872
v -0.094283 0.013790 0.063856
v -0.094264 0.013796 0.063866
v -0.094275 0.013795 0.063860
v -0.091702 0.015516 0.039704
v -0.091403 0.015537 0.039766
v -0.091561 0.015495 0.039726
v -0.091271 0.015630 0.039814
v -0.091790 0.015594 0.039706
v -0.091200 0.015749 0.039856
v -0.091800 0.015707 0.039731
v -0.091210 0.015863 0.039881
v -0.091729 0.015827 0.039773
v -0.091297 0.015941 0.039883
v -0.091597 0.015920 0.039820
v -0.091439 0.015962 0.039861
v -0.105907 0.012670 0.059012
v -0.105926 0.012666 0.059001
v -0.105915 0.012665 0.059007
v -0.105938 0.012672 0.058995
v -0.105906 0.012680 0.059015
v -0.105947 0.012683 0.058992
v -0.105910 0.012692 0.059014
v -0.105952 0.012695 0.058991
v -0.105920 0.012703 0.059010
v -0.105951 0.012705 0.058993
v -0.105932 0.012709 0.059004
v -0.105943 0.012710 0.058998
v -0.094688 0.016616 0.032327
v -0.094388 0.016637 0.032390
v -0.094546 0.016595 0.032349
v -0.094256 0.016730 0.032437
v -0.094775 0.016694 0.032329
v -0.094185 0.016850 0.032479
v -0.094785 0.016808 0.032354
v -0.094195 0.016963 0.032504
v -0.094714 0.016927 0.032396
v -0.094283 0.017041 0.032506
v -0.094582 0.017020 0.032443
v -0.094424 0.017062 0.032484
v -0.117241 0.012489 0.052677
v -0.117261 0.012483 0.052669
v -0.117249 0.012483 0.052674
v -0.117274 0.012489 0.052666
v -0.117240 0.012499 0.052679
v -0.117285 0.012499 0.052663
v -0.117245 0.012511 0.052679
v -0.117290 0.012511 0.052663
v -0.117256 0.012521 0.052677
v -0.117289 0.012521 0.052665
v -0.117269 0.012527 0.052673
v -0.117281 0.012527 0.052669
v -0.113731 0.011952 0.031806
v -0.113496 0.012016 0.031867
v -0.113589 0.011951 0.031837
v -0.113883 0.012019 0.031782
v -0.113478 0.012130 0.031888
v -0.114006 0.012134 0.031772
v -0.113538 0.012262 0.031895
v -0.114066 0.012266 0.031778
v -0.113661 0.012376 0.031884
v -0.114047 0.012379 0.031799
v -0.113813 0.012443 0.031861
v -0.113955 0.012444 0.031829
v -0.063130 0.012443 0.069944
v -0.063561 0.012383 0.069872
v -0.063321 0.012372 0.069903
v -0.063038 0.012579 0.069983
v -0.063785 0.012474 0.069858
v -0.063070 0.012741 0.070010
v -0.063933 0.012621 0.069866
v -0.063218 0.012888 0.070018
v -0.063965 0.012784 0.069893
v -0.063442 0.012979 0.070005
v -0.063873 0.012919 0.069933
v -0.063682 0.012991 0.069974
v -0.066886 0.028847 0.019599
v -0.066379 0.028813 0.019418
v -0.066638 0.028783 0.019502
v -0.066179 0.028927 0.019369
v -0.067056 0.028986 0.019683
v -0.066091 0.029096 0.019369
v -0.067104 0.029163 0.019731
v -0.066139 0.029274 0.019417
v -0.067016 0.029332 0.019731
v -0.066310 0.029413 0.019501
v -0.066816 0.029446 0.019682
v -0.066558 0.029476 0.019598
v -0.119110 0.010293 0.047608
v -0.119461 0.010290 0.047462
v -0.119284 0.010258 0.047533
v -0.118986 0.010385 0.047667
v -0.119593 0.010379 0.047416
v -0.118944 0.010509 0.047696
v -0.119645 0.010502 0.047405
v -0.118996 0.010632 0.047685
v -0.119603 0.010625 0.047434
v -0.119128 0.010721 0.047639
v -0.119478 0.010717 0.047493
v -0.119304 0.010752 0.047568
v -0.112094 0.014952 0.019304
v -0.111807 0.015055 0.019401
v -0.111949 0.014970 0.019343
v -0.112202 0.015007 0.019294
v -0.111706 0.015185 0.019461
v -0.112245 0.015119 0.019314
v -0.111672 0.015324 0.019507
v -0.112212 0.015258 0.019361
v -0.111715 0.015436 0.019528
v -0.112110 0.015388 0.019421
v -0.111823 0.015490 0.019518
v -0.111968 0.015473 0.019478
v -0.082473 0.011788 0.056618
v -0.082899 0.011736 0.056792
v -0.082685 0.011723 0.056697
v -0.083059 0.011825 0.056879
v -0.082321 0.011915 0.056578
v -0.083121 0.011966 0.056935
v -0.082268 0.012070 0.056587
v -0.083068 0.012121 0.056944
v -0.082330 0.012210 0.056643
v -0.082916 0.012248 0.056904
v -0.082490 0.012299 0.056730
v -0.082704 0.012313 0.056825
v -0.090963 0.016587 0.034782
v -0.090481 0.016588 0.034881
v -0.090721 0.016545 0.034826
v -0.090307 0.016705 0.034934
v -0.091144 0.016703 0.034763
v -0.090248 0.016865 0.034969
v -0.091213 0.016862 0.034772
v -0.090317 0.017024 0.034978
v -0.091154 0.017022 0.034807
v -0.090498 0.017140 0.034958
v -0.090980 0.017139 0.034859
v -0.090740 0.017182 0.034915
v -0.094539 0.013384 0.051322
v -0.095001 0.013369 0.051150
v -0.094766 0.013334 0.051230
v -0.094380 0.013506 0.051401
v -0.095180 0.013479 0.051104
v -0.094332 0.013667 0.051447
v -0.095256 0.013636 0.051104
v -0.094407 0.013823 0.051446
v -0.095207 0.013796 0.051150
v -0.094587 0.013934 0.051400
v -0.095048 0.013918 0.051229
v -0.094821 0.013969 0.051321
v -0.087241 0.020941 0.016809
v -0.086647 0.020953 0.017028
v -0.086938 0.020894 0.016905
v -0.086447 0.021103 0.017145
v -0.087475 0.021083 0.016765
v -0.086390 0.021304 0.017225
v -0.087577 0.021280 0.016786
v -0.086492 0.021501 0.017246
v -0.087520 0.021481 0.016866
v -0.086725 0.021643 0.017202
v -0.087319 0.021631 0.016983
v -0.087028 0.021690 0.017106
v -0.102303 0.011870 0.048592
v -0.102795 0.011862 0.048346
v -0.102542 0.011820 0.048457
v -0.102141 0.012000 0.048714
v -0.102993 0.011985 0.048288
v -0.102100 0.012173 0.048791
v -0.103084 0.012156 0.048299
v -0.102191 0.012344 0.048801
v -0.103043 0.012329 0.048375
v -0.102389 0.012468 0.048743
v -0.102881 0.012459 0.048497
v -0.102641 0.012509 0.048632
v -0.085845 0.021790 0.013807
v -0.085196 0.021806 0.014110
v -0.085512 0.021737 0.013944
v -0.084982 0.021977 0.014262
v -0.086106 0.021948 0.013737
v -0.084926 0.022204 0.014358
v -0.086225 0.022171 0.013752
v -0.085045 0.022427 0.014373
v -0.086169 0.022398 0.013848
v -0.085305 0.022586 0.014302
v -0.085955 0.022569 0.013999
v -0.085638 0.022638 0.014166
v -0.085638 0.022638 0.014166
v -0.086228 0.022257 0.015412
v -0.085904 0.022204 0.015551
v -0.085305 0.022586 0.014302
v -0.085955 0.022569 0.013999
v -0.086536 0.022191 0.015245
v -0.086169 0.022398 0.013848
v -0.086746 0.022024 0.015095
v -0.086225 0.022171 0.013752
v -0.086802 0.021800 0.015003
v -0.086106 0.021948 0.013737
v -0.086687 0.021580 0.014993
v -0.085845 0.021790 0.013807
v -0.086435 0.021423 0.015068
v -0.085512 0.021737 0.013944
v -0.086111 0.021370 0.015208
v -0.085196 0.021806 0.014110
v -0.085802 0.021436 0.015375
v -0.084982 0.021977 0.014262
v -0.085593 0.021603 0.015524
v -0.084926 0.022204 0.014358
v -0.085537 0.021826 0.015616
v -0.085045 0.022427 0.014373
v -0.085651 0.022047 0.015626
v -0.087180 0.021680 0.017375
v -0.086863 0.021628 0.017514
v -0.087481 0.021616 0.017210
v -0.087687 0.021452 0.017063
v -0.087741 0.021233 0.016973
v -0.087630 0.021017 0.016965
v -0.087384 0.020862 0.017041
v -0.087067 0.020809 0.017180
v -0.086766 0.020874 0.017345
v -0.086560 0.021037 0.017492
v -0.086506 0.021257 0.017582
v -0.086617 0.021473 0.017590
v -0.088429 0.020942 0.019927
v -0.088120 0.020890 0.020064
v -0.088724 0.020879 0.019764
v -0.088926 0.020719 0.019620
v -0.088979 0.020504 0.019532
v -0.088871 0.020292 0.019525
v -0.088629 0.020140 0.019600
v -0.088320 0.020088 0.019738
v -0.088025 0.020151 0.019900
v -0.087824 0.020311 0.020045
v -0.087770 0.020526 0.020132
v -0.087878 0.020738 0.020140
v -0.089913 0.020076 0.022942
v -0.089610 0.020025 0.023077
v -0.090202 0.020015 0.022782
v -0.090399 0.019858 0.022640
v -0.090451 0.019647 0.022555
v -0.090345 0.019439 0.022548
v -0.090109 0.019290 0.022622
v -0.089806 0.019240 0.022757
v -0.089517 0.019301 0.022917
v -0.089320 0.019458 0.023058
v -0.089268 0.019668 0.023144
v -0.089374 0.019876 0.023151
v -0.091568 0.019115 0.026293
v -0.091271 0.019065 0.026425
v -0.091850 0.019055 0.026136
v -0.092043 0.018901 0.025997
v -0.092094 0.018695 0.025913
v -0.091991 0.018492 0.025907
v -0.091760 0.018346 0.025980
v -0.091463 0.018296 0.026112
v -0.091181 0.018356 0.026269
v -0.090988 0.018509 0.026408
v -0.090937 0.018716 0.026492
v -0.091040 0.018919 0.026498
v -0.093331 0.018092 0.029855
v -0.093040 0.018043 0.029985
v -0.093607 0.018033 0.029702
v -0.093795 0.017883 0.029565
v -0.093845 0.017681 0.029483
v -0.093744 0.017482 0.029477
v -0.093518 0.017339 0.029548
v -0.093228 0.017290 0.029678
v -0.092951 0.017349 0.029831
v -0.092763 0.017499 0.029967
v -0.092713 0.017701 0.030050
v -0.092814 0.017900 0.030056
v -0.095138 0.017040 0.033503
v -0.094854 0.016992 0.033630
v -0.095408 0.016983 0.033352
v -0.095592 0.016836 0.033219
v -0.095641 0.016639 0.033138
v -0.095542 0.016444 0.033132
v -0.095321 0.016304 0.033201
v -0.095037 0.016257 0.033328
v -0.094767 0.016314 0.033478
v -0.094583 0.016461 0.033612
v -0.094534 0.016658 0.033693
v -0.094633 0.016852 0.033699
v -0.096927 0.015993 0.037110
v -0.096650 0.015946 0.037234
v -0.097191 0.015937 0.036963
v -0.097371 0.015793 0.036832
v -0.097419 0.015601 0.036753
v -0.097321 0.015410 0.036746
v -0.097105 0.015274 0.036814
v -0.096828 0.015227 0.036938
v -0.096564 0.015283 0.037085
v -0.096384 0.015427 0.037216
v -0.096336 0.015619 0.037295
v -0.096433 0.015809 0.037302
v -0.098635 0.014983 0.040552
v -0.098364 0.014937 0.040673
v -0.098893 0.014928 0.040408
v -0.099068 0.014788 0.040280
v -0.099115 0.014600 0.040202
v -0.099019 0.014415 0.040195
v -0.098808 0.014281 0.040261
v -0.098537 0.014236 0.040382
v -0.098279 0.014290 0.040526
v -0.098103 0.014430 0.040654
v -0.098057 0.014618 0.040732
v -0.098152 0.014804 0.040739
v -0.100198 0.014044 0.043703
v -0.099934 0.013999 0.043821
v -0.100450 0.013990 0.043562
v -0.100621 0.013854 0.043436
v -0.100666 0.013671 0.043359
v -0.100573 0.013489 0.043352
v -0.100366 0.013359 0.043416
v -0.100101 0.013315 0.043534
v -0.099849 0.013368 0.043674
v -0.099678 0.013505 0.043800
v -0.099633 0.013688 0.043877
v -0.099727 0.013869 0.043885
v -0.101555 0.013208 0.046438
v -0.101296 0.013165 0.046553
v -0.101800 0.013156 0.046300
v -0.101967 0.013023 0.046177
v -0.102010 0.012845 0.046100
v -0.101918 0.012668 0.046091
v -0.101716 0.012542 0.046153
v -0.101457 0.012499 0.046268
v -0.101212 0.012550 0.046405
v -0.101045 0.012684 0.046529
v -0.101002 0.012862 0.046605
v -0.101094 0.013038 0.046614
v -0.102641 0.012509 0.048632
v -0.102389 0.012468 0.048743
v -0.102881 0.012459 0.048497
v -0.103043 0.012329 0.048375
v -0.103084 0.012156 0.048299
v -0.102993 0.011985 0.048288
v -0.102795 0.011862 0.048346
v -0.102542 0.011820 0.048457
v -0.102303 0.011870 0.048592
v -0.102141 0.012000 0.048714
v -0.102100 0.012173 0.048791
v -0.102191 0.012344 0.048801
v -0.087028 0.021690 0.017106
v -0.087832 0.020976 0.019571
v -0.087529 0.020934 0.019648
v -0.086725 0.021643 0.017202
v -0.087319 0.021631 0.016983
v -0.088124 0.020913 0.019467
v -0.087520 0.021481 0.016866
v -0.088325 0.020762 0.019366
v -0.087577 0.021280 0.016786
v -0.088383 0.020563 0.019293
v -0.087475 0.021083 0.016765
v -0.088282 0.020370 0.019269
v -0.087241 0.020941 0.016809
v -0.088048 0.020235 0.019300
v -0.086938 0.020894 0.016905
v -0.087745 0.020193 0.019377
v -0.086647 0.020953 0.017028
v -0.087454 0.020256 0.019481
v -0.086447 0.021103 0.017145
v -0.087252 0.020407 0.019583
v -0.086390 0.021304 0.017225
v -0.087195 0.020606 0.019655
v -0.086492 0.021501 0.017246
v -0.087296 0.020799 0.019679
v -0.088501 0.020277 0.022109
v -0.088200 0.020239 0.022171
v -0.088791 0.020211 0.022022
v -0.088992 0.020059 0.021933
v -0.089050 0.019863 0.021867
v -0.088950 0.019674 0.021841
v -0.088718 0.019544 0.021862
v -0.088417 0.019507 0.021924
v -0.088128 0.019572 0.022011
v -0.087927 0.019724 0.022100
v -0.087869 0.019920 0.022166
v -0.087969 0.020109 0.022192
v -0.089067 0.019591 0.024720
v -0.088770 0.019557 0.024771
v -0.089354 0.019524 0.024645
v -0.089552 0.019373 0.024567
v -0.089610 0.019179 0.024506
v -0.089512 0.018995 0.024479
v -0.089283 0.018868 0.024493
v -0.088986 0.018834 0.024544
v -0.088700 0.018902 0.024619
v -0.088501 0.019053 0.024697
v -0.088443 0.019246 0.024758
v -0.088541 0.019431 0.024785
v -0.089562 0.018919 0.027402
v -0.089270 0.018887 0.027446
v -0.089845 0.018851 0.027336
v -0.090041 0.018702 0.027266
v -0.090098 0.018511 0.027210
v -0.090001 0.018330 0.027183
v -0.089777 0.018207 0.027192
v -0.089484 0.018176 0.027236
v -0.089202 0.018243 0.027302
v -0.089006 0.018393 0.027373
v -0.088948 0.018583 0.027429
v -0.089045 0.018764 0.027456
v -0.090019 0.018260 0.030156
v -0.089731 0.018229 0.030195
v -0.090296 0.018192 0.030095
v -0.090489 0.018045 0.030029
v -0.090546 0.017858 0.029977
v -0.090451 0.017680 0.029951
v -0.090230 0.017560 0.029959
v -0.089943 0.017530 0.029999
v -0.089666 0.017597 0.030060
v -0.089473 0.017744 0.030125
v -0.089416 0.017932 0.030178
v -0.089511 0.018110 0.030203
v -0.090469 0.017613 0.032978
v -0.090187 0.017584 0.033017
v -0.090740 0.017547 0.032920
v -0.090929 0.017403 0.032857
v -0.090985 0.017219 0.032807
v -0.090893 0.017044 0.032784
v -0.090677 0.016926 0.032792
v -0.090395 0.016897 0.032832
v -0.090124 0.016963 0.032890
v -0.089935 0.017107 0.032953
v -0.089879 0.017291 0.033003
v -0.089971 0.017466 0.033026
v -0.090944 0.016979 0.035870
v -0.090668 0.016949 0.035911
v -0.091209 0.016914 0.035810
v -0.091395 0.016773 0.035748
v -0.091449 0.016593 0.035701
v -0.091359 0.016421 0.035680
v -0.091148 0.016305 0.035692
v -0.090873 0.016276 0.035733
v -0.090607 0.016340 0.035792
v -0.090422 0.016482 0.035854
v -0.090367 0.016662 0.035902
v -0.090458 0.016833 0.035923
v -0.091476 0.016356 0.038829
v -0.091208 0.016325 0.038875
v -0.091735 0.016294 0.038766
v -0.091916 0.016156 0.038703
v -0.091970 0.015979 0.038657
v -0.091882 0.015811 0.038640
v -0.091677 0.015696 0.038656
v -0.091408 0.015666 0.038701
v -0.091149 0.015728 0.038764
v -0.090968 0.015866 0.038827
v -0.090915 0.016043 0.038873
v -0.091002 0.016211 0.038891
v -0.092098 0.015744 0.041855
v -0.091837 0.015712 0.041907
v -0.092350 0.015684 0.041787
v -0.092526 0.015550 0.041721
v -0.092579 0.015377 0.041676
v -0.092494 0.015212 0.041662
v -0.092294 0.015099 0.041685
v -0.092033 0.015068 0.041737
v -0.091781 0.015127 0.041805
v -0.091605 0.015261 0.041870
v -0.091552 0.015434 0.041916
v -0.091637 0.015599 0.041929
v -0.092842 0.015142 0.044946
v -0.092589 0.015110 0.045006
v -0.093086 0.015086 0.044871
v -0.093257 0.014956 0.044802
v -0.093308 0.014787 0.044756
v -0.093226 0.014624 0.044747
v -0.093033 0.014512 0.044777
v -0.092780 0.014480 0.044837
v -0.092535 0.014536 0.044912
v -0.092364 0.014666 0.044981
v -0.092313 0.014835 0.045027
v -0.092395 0.014998 0.045036
v -0.093739 0.014551 0.048102
v -0.093494 0.014517 0.048171
v -0.093975 0.014497 0.048019
v -0.094140 0.014371 0.047944
v -0.094190 0.014206 0.047899
v -0.094111 0.014047 0.047895
v -0.093924 0.013935 0.047932
v -0.093680 0.013902 0.048002
v -0.093444 0.013955 0.048085
v -0.093279 0.014081 0.048159
v -0.093229 0.014246 0.048204
v -0.093308 0.014406 0.048209
v -0.094821 0.013969 0.051321
v -0.094587 0.013934 0.051400
v -0.095048 0.013918 0.051229
v -0.095207 0.013796 0.051150
v -0.095256 0.013636 0.051104
v -0.095180 0.013479 0.051104
v -0.095001 0.013369 0.051150
v -0.094766 0.013334 0.051230
v -0.094539 0.013384 0.051322
v -0.094380 0.013506 0.051401
v -0.094332 0.013667 0.051447
v -0.094407 0.013823 0.051446
v -0.090740 0.017182 0.034915
v -0.090827 0.016939 0.036369
v -0.090580 0.016906 0.036355
v -0.090498 0.017140 0.034958
v -0.090980 0.017139 0.034859
v -0.091070 0.016887 0.036369
v -0.091154 0.017022 0.034807
v -0.091245 0.016765 0.036353
v -0.091213 0.016862 0.034772
v -0.091306 0.016605 0.036326
v -0.091144 0.016703 0.034763
v -0.091235 0.016450 0.036296
v -0.090963 0.016587 0.034782
v -0.091051 0.016342 0.036270
v -0.090721 0.016545 0.034826
v -0.090805 0.016309 0.036256
v -0.090481 0.016588 0.034881
v -0.090562 0.016361 0.036256
v -0.090307 0.016705 0.034934
v -0.090386 0.016483 0.036272
v -0.090248 0.016865 0.034969
v -0.090326 0.016643 0.036298
v -0.090317 0.017024 0.034978
v -0.090397 0.016798 0.036329
v -0.090597 0.016602 0.038112
v -0.090356 0.016576 0.038062
v -0.090836 0.016544 0.038146
v -0.091008 0.016417 0.038153
v -0.091067 0.016257 0.038132
v -0.090998 0.016106 0.038089
v -0.090819 0.016003 0.038034
v -0.090578 0.015978 0.037984
v -0.090339 0.016036 0.037950
v -0.090167 0.016162 0.037943
v -0.090108 0.016322 0.037964
v -0.090177 0.016474 0.038007
v -0.090107 0.016190 0.040079
v -0.089873 0.016169 0.040007
v -0.090340 0.016128 0.040133
v -0.090507 0.015999 0.040153
v -0.090565 0.015839 0.040136
v -0.090498 0.015690 0.040085
v -0.090324 0.015592 0.040014
v -0.090090 0.015571 0.039941
v -0.089857 0.015633 0.039888
v -0.089690 0.015762 0.039867
v -0.089631 0.015922 0.039884
v -0.089698 0.016071 0.039935
v -0.089409 0.015722 0.042202
v -0.089180 0.015705 0.042117
v -0.089636 0.015658 0.042269
v -0.089800 0.015528 0.042299
v -0.089858 0.015368 0.042283
v -0.089793 0.015221 0.042227
v -0.089623 0.015126 0.042146
v -0.089394 0.015108 0.042060
v -0.089167 0.015173 0.041994
v -0.089003 0.015302 0.041964
v -0.088946 0.015462 0.041979
v -0.089011 0.015610 0.042035
v -0.088557 0.015219 0.044417
v -0.088333 0.015203 0.044323
v -0.088779 0.015153 0.044492
v -0.088940 0.015023 0.044527
v -0.088996 0.014863 0.044514
v -0.088933 0.014717 0.044455
v -0.088767 0.014624 0.044366
v -0.088543 0.014609 0.044272
v -0.088320 0.014675 0.044197
v -0.088159 0.014805 0.044161
v -0.088103 0.014965 0.044175
v -0.088166 0.015110 0.044234
v -0.087602 0.014699 0.046656
v -0.087382 0.014685 0.046555
v -0.087821 0.014631 0.046736
v -0.087979 0.014501 0.046776
v -0.088035 0.014342 0.046763
v -0.087973 0.014198 0.046702
v -0.087810 0.014106 0.046609
v -0.087589 0.014092 0.046508
v -0.087371 0.014160 0.046428
v -0.087212 0.014290 0.046388
v -0.087157 0.014449 0.046401
v -0.087219 0.014593 0.046462
v -0.086599 0.014181 0.048851
v -0.086382 0.014168 0.048747
v -0.086815 0.014113 0.048936
v -0.086971 0.013983 0.048978
v -0.087026 0.013825 0.048967
v -0.086965 0.013681 0.048904
v -0.086804 0.013591 0.048808
v -0.086587 0.013578 0.048703
v -0.086371 0.013646 0.048618
v -0.086215 0.013777 0.048576
v -0.086160 0.013935 0.048588
v -0.086221 0.014078 0.048650
v -0.085600 0.013686 0.050936
v -0.085385 0.013674 0.050829
v -0.085813 0.013617 0.051024
v -0.085967 0.013487 0.051068
v -0.086021 0.013329 0.051057
v -0.085961 0.013187 0.050994
v -0.085803 0.013098 0.050896
v -0.085588 0.013086 0.050789
v -0.085375 0.013155 0.050701
v -0.085221 0.013285 0.050657
v -0.085167 0.013442 0.050668
v -0.085227 0.013585 0.050731
v -0.084658 0.013232 0.052844
v -0.084445 0.013220 0.052736
v -0.084869 0.013163 0.052933
v -0.085021 0.013033 0.052978
v -0.085075 0.012876 0.052968
v -0.085015 0.012735 0.052905
v -0.084858 0.012646 0.052806
v -0.084646 0.012635 0.052697
v -0.084435 0.012703 0.052609
v -0.084282 0.012833 0.052563
v -0.084228 0.012990 0.052574
v -0.084288 0.013132 0.052637
v -0.083825 0.012838 0.054507
v -0.083614 0.012827 0.054399
v -0.084035 0.012770 0.054596
v -0.084187 0.012641 0.054641
v -0.084240 0.012485 0.054631
v -0.084180 0.012344 0.054569
v -0.084024 0.012256 0.054470
v -0.083813 0.012245 0.054363
v -0.083603 0.012313 0.054274
v -0.083451 0.012442 0.054229
v -0.083398 0.012598 0.054238
v -0.083458 0.012739 0.054301
v -0.083156 0.012526 0.055857
v -0.082945 0.012514 0.055753
v -0.083366 0.012458 0.055943
v -0.083517 0.012330 0.055987
v -0.083570 0.012175 0.055978
v -0.083510 0.012034 0.055917
v -0.083353 0.011946 0.055822
v -0.083142 0.011934 0.055717
v -0.082932 0.012002 0.055632
v -0.082780 0.012130 0.055588
v -0.082728 0.012285 0.055597
v -0.082788 0.012426 0.055657
v -0.082704 0.012313 0.056825
v -0.082490 0.012299 0.056730
v -0.082916 0.012248 0.056904
v -0.083068 0.012121 0.056944
v -0.083121 0.011966 0.056935
v -0.083059 0.011825 0.056879
v -0.082899 0.011736 0.056792
v -0.082685 0.011723 0.056697
v -0.082473 0.011788 0.056618
v -0.082321 0.011915 0.056578
v -0.082268 0.012070 0.056587
v -0.082330 0.012210 0.056643
v -0.112110 0.015388 0.019421
v -0.112366 0.015054 0.020665
v -0.112212 0.015124 0.020717
v -0.111968 0.015473 0.019478
v -0.112212 0.015258 0.019361
v -0.112483 0.014935 0.020607
v -0.112245 0.015119 0.019314
v -0.112532 0.014799 0.020558
v -0.112202 0.015007 0.019294
v -0.112500 0.014683 0.020531
v -0.112094 0.014952 0.019304
v -0.112396 0.014619 0.020533
v -0.111949 0.014970 0.019343
v -0.112247 0.014622 0.020564
v -0.111807 0.015055 0.019401
v -0.112093 0.014693 0.020616
v -0.111706 0.015185 0.019461
v -0.111976 0.014812 0.020674
v -0.111672 0.015324 0.019507
v -0.111927 0.014947 0.020723
v -0.111715 0.015436 0.019528
v -0.111958 0.015063 0.020750
v -0.111823 0.015490 0.019518
v -0.112063 0.015128 0.020748
v -0.112548 0.014745 0.021768
v -0.112384 0.014800 0.021812
v -0.112680 0.014637 0.021714
v -0.112744 0.014507 0.021665
v -0.112724 0.014388 0.021633
v -0.112625 0.014314 0.021626
v -0.112473 0.014303 0.021648
v -0.112310 0.014359 0.021692
v -0.112178 0.014467 0.021746
v -0.112113 0.014597 0.021795
v -0.112133 0.014715 0.021827
v -0.112232 0.014790 0.021833
v -0.112669 0.014459 0.022753
v -0.112497 0.014499 0.022788
v -0.112815 0.014364 0.022706
v -0.112895 0.014240 0.022658
v -0.112887 0.014120 0.022622
v -0.112795 0.014037 0.022608
v -0.112643 0.014012 0.022619
v -0.112470 0.014052 0.022654
v -0.112325 0.014147 0.022701
v -0.112245 0.014271 0.022749
v -0.112252 0.014391 0.022785
v -0.112344 0.014474 0.022799
v -0.112743 0.014195 0.023644
v -0.112564 0.014219 0.023668
v -0.112901 0.014114 0.023604
v -0.112996 0.013997 0.023559
v -0.113002 0.013877 0.023521
v -0.112918 0.013784 0.023501
v -0.112766 0.013745 0.023503
v -0.112588 0.013769 0.023527
v -0.112430 0.013850 0.023567
v -0.112335 0.013967 0.023612
v -0.112329 0.014087 0.023650
v -0.112413 0.014179 0.023670
v -0.112784 0.013950 0.024464
v -0.112601 0.013957 0.024479
v -0.112952 0.013884 0.024432
v -0.113060 0.013776 0.024392
v -0.113080 0.013656 0.024354
v -0.113006 0.013556 0.024328
v -0.112857 0.013502 0.024322
v -0.112675 0.013509 0.024336
v -0.112506 0.013575 0.024368
v -0.112398 0.013682 0.024408
v -0.112378 0.013803 0.024447
v -0.112452 0.013903 0.024472
v -0.112804 0.013723 0.025237
v -0.112619 0.013712 0.025244
v -0.112980 0.013673 0.025213
v -0.113102 0.013576 0.025177
v -0.113135 0.013457 0.025141
v -0.113072 0.013349 0.025112
v -0.112929 0.013280 0.025099
v -0.112744 0.013268 0.025106
v -0.112567 0.013318 0.025131
v -0.112446 0.013416 0.025166
v -0.112412 0.013534 0.025203
v -0.112476 0.013643 0.025232
v -0.112817 0.013511 0.025989
v -0.112633 0.013480 0.025990
v -0.113000 0.013479 0.025969
v -0.113133 0.013394 0.025938
v -0.113180 0.013277 0.025904
v -0.113129 0.013162 0.025874
v -0.112992 0.013077 0.025859
v -0.112808 0.013047 0.025861
v -0.112625 0.013079 0.025880
v -0.112492 0.013164 0.025911
v -0.112445 0.013280 0.025946
v -0.112496 0.013396 0.025975
v -0.112837 0.013310 0.026744
v -0.112655 0.013260 0.026744
v -0.113024 0.013298 0.026727
v -0.113167 0.013227 0.026699
v -0.113228 0.013115 0.026666
v -0.113189 0.012993 0.026638
v -0.113062 0.012893 0.026622
v -0.112880 0.012843 0.026622
v -0.112693 0.012855 0.026639
v -0.112550 0.012926 0.026667
v -0.112489 0.013038 0.026700
v -0.112528 0.013160 0.026728
v -0.112877 0.013120 0.027528
v -0.112700 0.013049 0.027530
v -0.113066 0.013129 0.027511
v -0.113218 0.013073 0.027483
v -0.113290 0.012967 0.027452
v -0.113265 0.012840 0.027426
v -0.113149 0.012725 0.027412
v -0.112973 0.012654 0.027413
v -0.112783 0.012646 0.027431
v -0.112632 0.012702 0.027459
v -0.112559 0.012808 0.027490
v -0.112584 0.012935 0.027516
v -0.112950 0.012938 0.028369
v -0.112782 0.012846 0.028374
v -0.113139 0.012968 0.028349
v -0.113297 0.012928 0.028319
v -0.113381 0.012830 0.028288
v -0.113371 0.012700 0.028263
v -0.113267 0.012571 0.028252
v -0.113098 0.012480 0.028257
v -0.112910 0.012450 0.028277
v -0.112752 0.012489 0.028307
v -0.112667 0.012587 0.028338
v -0.112678 0.012718 0.028363
v -0.113071 0.012760 0.029289
v -0.112912 0.012649 0.029299
v -0.113256 0.012812 0.029265
v -0.113418 0.012790 0.029232
v -0.113514 0.012701 0.029200
v -0.113517 0.012569 0.029176
v -0.113428 0.012428 0.029168
v -0.113270 0.012317 0.029177
v -0.113085 0.012266 0.029202
v -0.112923 0.012287 0.029234
v -0.112827 0.012376 0.029267
v -0.112823 0.012508 0.029290
v -0.113252 0.012586 0.030315
v -0.113106 0.012456 0.030328
v -0.113431 0.012659 0.030287
v -0.113595 0.012656 0.030250
v -0.113700 0.012578 0.030215
v -0.113719 0.012445 0.030191
v -0.113645 0.012294 0.030185
v -0.113500 0.012165 0.030197
v -0.113321 0.012092 0.030226
v -0.113157 0.012095 0.030262
v -0.113051 0.012173 0.030298
v -0.113033 0.012305 0.030322
v -0.113593 0.012398 0.031684
v -0.113443 0.012274 0.031706
v -0.113773 0.012462 0.031646
v -0.113935 0.012452 0.031603
v -0.114036 0.012369 0.031566
v -0.114048 0.012236 0.031545
v -0.113969 0.012088 0.031545
v -0.113819 0.011965 0.031567
v -0.113639 0.011900 0.031604
v -0.113477 0.011910 0.031647
v -0.113376 0.011993 0.031684
v -0.113364 0.012126 0.031706
v -0.114005 0.012212 0.033148
v -0.113851 0.012096 0.033178
v -0.114186 0.012268 0.033104
v -0.114346 0.012250 0.033056
v -0.114441 0.012163 0.033017
v -0.114448 0.012028 0.032999
v -0.114362 0.011884 0.033005
v -0.114209 0.011768 0.033034
v -0.114028 0.011711 0.033079
v -0.113868 0.011729 0.033127
v -0.113772 0.011817 0.033165
v -0.113766 0.011951 0.033184
v -0.114475 0.012029 0.034684
v -0.114318 0.011920 0.034719
v -0.114657 0.012077 0.034633
v -0.114814 0.012051 0.034582
v -0.114905 0.011959 0.034543
v -0.114905 0.011825 0.034527
v -0.114814 0.011684 0.034538
v -0.114657 0.011576 0.034574
v -0.114475 0.011528 0.034624
v -0.114318 0.011554 0.034676
v -0.114227 0.011646 0.034715
v -0.114227 0.011780 0.034731
v -0.114992 0.011852 0.036265
v -0.114831 0.011751 0.036307
v -0.115174 0.011891 0.036210
v -0.115329 0.011857 0.036155
v -0.115415 0.011760 0.036117
v -0.115409 0.011626 0.036103
v -0.115312 0.011490 0.036120
v -0.115151 0.011389 0.036161
v -0.114969 0.011350 0.036216
v -0.114814 0.011384 0.036271
v -0.114729 0.011481 0.036310
v -0.114735 0.011615 0.036323
v -0.115542 0.011680 0.037868
v -0.115378 0.011587 0.037914
v -0.115725 0.011710 0.037808
v -0.115877 0.011669 0.037752
v -0.115957 0.011568 0.037713
v -0.115945 0.011434 0.037703
v -0.115844 0.011303 0.037724
v -0.115679 0.011210 0.037770
v -0.115497 0.011180 0.037830
v -0.115345 0.011221 0.037886
v -0.115265 0.011322 0.037925
v -0.115277 0.011456 0.037935
v -0.116114 0.011516 0.039466
v -0.115947 0.011431 0.039517
v -0.116297 0.011537 0.039403
v -0.116445 0.011488 0.039345
v -0.116521 0.011383 0.039308
v -0.116503 0.011249 0.039301
v -0.116396 0.011123 0.039326
v -0.116229 0.011039 0.039376
v -0.116047 0.011018 0.039439
v -0.115898 0.011067 0.039497
v -0.115822 0.011172 0.039535
v -0.115841 0.011305 0.039542
v -0.116695 0.011360 0.041036
v -0.116526 0.011284 0.041090
v -0.116877 0.011371 0.040970
v -0.117023 0.011315 0.040911
v -0.117093 0.011206 0.040874
v -0.117069 0.011074 0.040870
v -0.116957 0.010953 0.040899
v -0.116788 0.010877 0.040954
v -0.116606 0.010866 0.041020
v -0.116460 0.010922 0.041079
v -0.116390 0.011031 0.041115
v -0.116414 0.011163 0.041119
v -0.117273 0.011214 0.042551
v -0.117101 0.011147 0.042609
v -0.117454 0.011216 0.042483
v -0.117596 0.011152 0.042423
v -0.117661 0.011040 0.042388
v -0.117631 0.010909 0.042386
v -0.117515 0.010794 0.042419
v -0.117343 0.010727 0.042478
v -0.117162 0.010725 0.042546
v -0.117020 0.010788 0.042606
v -0.116955 0.010901 0.042641
v -0.116985 0.011032 0.042642
v -0.117835 0.011079 0.043987
v -0.117662 0.011020 0.044049
v -0.118015 0.011072 0.043917
v -0.118153 0.011001 0.043857
v -0.118212 0.010885 0.043823
v -0.118177 0.010755 0.043824
v -0.118056 0.010647 0.043861
v -0.117882 0.010588 0.043923
v -0.117703 0.010595 0.043993
v -0.117565 0.010666 0.044053
v -0.117505 0.010782 0.044087
v -0.117541 0.010912 0.044085
v -0.118369 0.010956 0.045319
v -0.118194 0.010906 0.045383
v -0.118548 0.010939 0.045247
v -0.118681 0.010861 0.045186
v -0.118735 0.010743 0.045154
v -0.118694 0.010615 0.045159
v -0.118569 0.010513 0.045199
v -0.118394 0.010463 0.045264
v -0.118216 0.010480 0.045336
v -0.118082 0.010558 0.045396
v -0.118028 0.010677 0.045428
v -0.118070 0.010804 0.045423
v -0.118863 0.010847 0.046521
v -0.118687 0.010806 0.046588
v -0.119039 0.010821 0.046447
v -0.119169 0.010736 0.046387
v -0.119217 0.010615 0.046357
v -0.119170 0.010489 0.046364
v -0.119041 0.010393 0.046408
v -0.118865 0.010353 0.046475
v -0.118689 0.010379 0.046549
v -0.118560 0.010464 0.046609
v -0.118512 0.010585 0.046639
v -0.118559 0.010711 0.046632
v -0.119304 0.010752 0.047568
v -0.119128 0.010721 0.047639
v -0.119478 0.010717 0.047493
v -0.119603 0.010625 0.047434
v -0.119645 0.010502 0.047405
v -0.119593 0.010379 0.047416
v -0.119461 0.010290 0.047462
v -0.119284 0.010258 0.047533
v -0.119110 0.010293 0.047608
v -0.118986 0.010385 0.047667
v -0.118944 0.010509 0.047696
v -0.118996 0.010632 0.047685
v -0.066558 0.029476 0.019598
v -0.066146 0.029257 0.020802
v -0.065898 0.029193 0.020706
v -0.066310 0.029413 0.019501
v -0.066816 0.029446 0.019682
v -0.066406 0.029228 0.020883
v -0.067016 0.029332 0.019731
v -0.066607 0.029114 0.020930
v -0.067104 0.029163 0.019731
v -0.066696 0.028945 0.020928
v -0.067056 0.028986 0.019683
v -0.066648 0.028768 0.020879
v -0.066886 0.028847 0.019599
v -0.066477 0.028629 0.020795
v -0.066638 0.028783 0.019502
v -0.066229 0.028565 0.020700
v -0.066379 0.028813 0.019418
v -0.065969 0.028594 0.020619
v -0.066179 0.028927 0.019369
v -0.065768 0.028708 0.020572
v -0.066091 0.029096 0.019369
v -0.065679 0.028877 0.020574
v -0.066139 0.029274 0.019417
v -0.065727 0.029054 0.020623
v -0.065800 0.029056 0.021853
v -0.065551 0.028992 0.021761
v -0.066061 0.029028 0.021931
v -0.066263 0.028914 0.021973
v -0.066353 0.028747 0.021969
v -0.066305 0.028569 0.021919
v -0.066134 0.028430 0.021837
v -0.065885 0.028366 0.021745
v -0.065624 0.028394 0.021667
v -0.065421 0.028507 0.021625
v -0.065332 0.028675 0.021629
v -0.065379 0.028853 0.021679
v -0.065511 0.028870 0.022786
v -0.065260 0.028804 0.022698
v -0.065774 0.028842 0.022858
v -0.065977 0.028730 0.022896
v -0.066068 0.028563 0.022888
v -0.066021 0.028385 0.022838
v -0.065848 0.028245 0.022758
v -0.065598 0.028180 0.022671
v -0.065335 0.028208 0.022599
v -0.065131 0.028320 0.022561
v -0.065041 0.028487 0.022569
v -0.065088 0.028664 0.022619
v -0.065271 0.028693 0.023635
v -0.065018 0.028626 0.023554
v -0.065536 0.028667 0.023700
v -0.065741 0.028556 0.023731
v -0.065833 0.028389 0.023720
v -0.065786 0.028212 0.023670
v -0.065612 0.028071 0.023594
v -0.065360 0.028005 0.023513
v -0.065095 0.028030 0.023448
v -0.064889 0.028141 0.023417
v -0.064798 0.028308 0.023428
v -0.064845 0.028485 0.023478
v -0.065073 0.028521 0.024434
v -0.064818 0.028453 0.024361
v -0.065340 0.028497 0.024490
v -0.065547 0.028388 0.024514
v -0.065639 0.028222 0.024499
v -0.065592 0.028045 0.024450
v -0.065418 0.027903 0.024380
v -0.065163 0.027835 0.024307
v -0.064896 0.027858 0.024251
v -0.064689 0.027968 0.024227
v -0.064596 0.028134 0.024241
v -0.064644 0.028311 0.024291
v -0.064909 0.028351 0.025218
v -0.064652 0.028281 0.025154
v -0.065177 0.028329 0.025265
v -0.065386 0.028221 0.025281
v -0.065479 0.028056 0.025263
v -0.065431 0.027879 0.025216
v -0.065256 0.027735 0.025151
v -0.064999 0.027665 0.025087
v -0.064730 0.027687 0.025040
v -0.064521 0.027795 0.025024
v -0.064428 0.027960 0.025042
v -0.064476 0.028138 0.025089
v -0.064770 0.028178 0.026021
v -0.064512 0.028106 0.025965
v -0.065040 0.028158 0.026059
v -0.065250 0.028051 0.026069
v -0.065344 0.027887 0.026049
v -0.065296 0.027709 0.026003
v -0.065119 0.027564 0.025945
v -0.064861 0.027492 0.025889
v -0.064590 0.027512 0.025851
v -0.064380 0.027619 0.025840
v -0.064287 0.027783 0.025861
v -0.064335 0.027961 0.025906
v -0.064649 0.027997 0.026877
v -0.064390 0.027924 0.026829
v -0.064920 0.027979 0.026908
v -0.065131 0.027873 0.026914
v -0.065225 0.027709 0.026892
v -0.065176 0.027530 0.026849
v -0.064999 0.027385 0.026795
v -0.064740 0.027311 0.026747
v -0.064468 0.027330 0.026716
v -0.064258 0.027436 0.026710
v -0.064164 0.027600 0.026732
v -0.064212 0.027778 0.026775
v -0.064538 0.027805 0.027822
v -0.064278 0.027730 0.027779
v -0.064810 0.027787 0.027849
v -0.065021 0.027682 0.027851
v -0.065115 0.027519 0.027828
v -0.065066 0.027339 0.027787
v -0.064888 0.027193 0.027739
v -0.064628 0.027118 0.027695
v -0.064356 0.027136 0.027669
v -0.064145 0.027241 0.027667
v -0.064052 0.027405 0.027689
v -0.064100 0.027584 0.027730
v -0.064429 0.027596 0.028891
v -0.064169 0.027521 0.028852
v -0.064701 0.027579 0.028915
v -0.064912 0.027475 0.028915
v -0.065006 0.027310 0.028893
v -0.064957 0.027131 0.028854
v -0.064779 0.026984 0.028809
v -0.064519 0.026909 0.028769
v -0.064247 0.026926 0.028745
v -0.064035 0.027030 0.028745
v -0.063942 0.027194 0.028767
v -0.063991 0.027374 0.028806
v -0.064314 0.027366 0.030119
v -0.064054 0.027291 0.030081
v -0.064586 0.027350 0.030141
v -0.064798 0.027245 0.030142
v -0.064891 0.027081 0.030120
v -0.064842 0.026901 0.030083
v -0.064664 0.026754 0.030039
v -0.064403 0.026678 0.030001
v -0.064131 0.026695 0.029979
v -0.063920 0.026799 0.029979
v -0.063826 0.026963 0.030000
v -0.063875 0.027143 0.030038
v -0.064185 0.027111 0.031545
v -0.063924 0.027035 0.031507
v -0.064457 0.027094 0.031566
v -0.064668 0.026990 0.031566
v -0.064762 0.026826 0.031544
v -0.064713 0.026646 0.031505
v -0.064534 0.026499 0.031462
v -0.064274 0.026423 0.031424
v -0.064002 0.026440 0.031402
v -0.063791 0.026544 0.031403
v -0.063697 0.026708 0.031425
v -0.063746 0.026888 0.031463
v -0.063565 0.025763 0.038401
v -0.063308 0.025689 0.038362
v -0.063835 0.025747 0.038422
v -0.064045 0.025644 0.038418
v -0.064138 0.025483 0.038391
v -0.064090 0.025306 0.038347
v -0.063913 0.025161 0.038300
v -0.063656 0.025086 0.038260
v -0.063386 0.025102 0.038239
v -0.063176 0.025205 0.038243
v -0.063083 0.025367 0.038270
v -0.063131 0.025544 0.038314
v -0.063066 0.024383 0.044030
v -0.062812 0.024310 0.043988
v -0.063334 0.024367 0.044049
v -0.063542 0.024267 0.044039
v -0.063635 0.024109 0.044004
v -0.063588 0.023936 0.043953
v -0.063414 0.023794 0.043899
v -0.063159 0.023721 0.043856
v -0.062892 0.023737 0.043838
v -0.062684 0.023837 0.043847
v -0.062591 0.023995 0.043882
v -0.062637 0.024168 0.043934
v -0.062683 0.022989 0.048600
v -0.062430 0.022917 0.048555
v -0.062947 0.022974 0.048616
v -0.063154 0.022877 0.048599
v -0.063247 0.022724 0.048554
v -0.063202 0.022555 0.048493
v -0.063030 0.022417 0.048433
v -0.062778 0.022345 0.048388
v -0.062513 0.022360 0.048372
v -0.062306 0.022457 0.048389
v -0.062213 0.022610 0.048434
v -0.062259 0.022779 0.048494
v -0.062408 0.021599 0.052280
v -0.062159 0.021529 0.052235
v -0.062671 0.021585 0.052292
v -0.062876 0.021493 0.052267
v -0.062969 0.021345 0.052212
v -0.062924 0.021183 0.052141
v -0.062755 0.021048 0.052073
v -0.062505 0.020978 0.052028
v -0.062243 0.020991 0.052016
v -0.062038 0.021084 0.052041
v -0.061945 0.021232 0.052096
v -0.061989 0.021394 0.052167
v -0.062237 0.020231 0.055242
v -0.061990 0.020162 0.055196
v -0.062498 0.020221 0.055248
v -0.062701 0.020133 0.055213
v -0.062794 0.019993 0.055147
v -0.062751 0.019837 0.055066
v -0.062583 0.019706 0.054993
v -0.062336 0.019638 0.054947
v -0.062076 0.019648 0.054941
v -0.061872 0.019735 0.054976
v -0.061780 0.019876 0.055043
v -0.061823 0.020032 0.055123
v -0.062165 0.018907 0.057653
v -0.061920 0.018837 0.057609
v -0.062423 0.018900 0.057651
v -0.062625 0.018820 0.057607
v -0.062717 0.018686 0.057530
v -0.062674 0.018536 0.057442
v -0.062508 0.018409 0.057366
v -0.062264 0.018340 0.057323
v -0.062006 0.018346 0.057324
v -0.061804 0.018427 0.057369
v -0.061712 0.018560 0.057446
v -0.061755 0.018710 0.057534
v -0.062185 0.017647 0.059679
v -0.061943 0.017575 0.059641
v -0.062440 0.017645 0.059669
v -0.062640 0.017571 0.059616
v -0.062731 0.017444 0.059532
v -0.062689 0.017298 0.059441
v -0.062524 0.017172 0.059367
v -0.062282 0.017099 0.059329
v -0.062027 0.017101 0.059339
v -0.061828 0.017175 0.059392
v -0.061737 0.017302 0.059476
v -0.061779 0.017449 0.059567
v -0.062291 0.016473 0.061489
v -0.062052 0.016397 0.061460
v -0.062543 0.016477 0.061471
v -0.062740 0.016408 0.061411
v -0.062830 0.016283 0.061326
v -0.062788 0.016137 0.061238
v -0.062626 0.016008 0.061171
v -0.062387 0.015932 0.061142
v -0.062135 0.015928 0.061160
v -0.061938 0.015997 0.061220
v -0.061848 0.016122 0.061305
v -0.061890 0.016268 0.061393
v -0.062475 0.015406 0.063251
v -0.062240 0.015323 0.063234
v -0.062724 0.015414 0.063226
v -0.062919 0.015346 0.063165
v -0.063008 0.015221 0.063085
v -0.062968 0.015071 0.063007
v -0.062809 0.014936 0.062953
v -0.062573 0.014854 0.062935
v -0.062325 0.014846 0.062961
v -0.062130 0.014913 0.063021
v -0.062040 0.015039 0.063101
v -0.062081 0.015189 0.063179
v -0.062732 0.014458 0.065140
v -0.062500 0.014371 0.065134
v -0.062977 0.014469 0.065110
v -0.063170 0.014401 0.065052
v -0.063260 0.014271 0.064984
v -0.063222 0.014116 0.064922
v -0.063067 0.013975 0.064883
v -0.062835 0.013888 0.064878
v -0.062590 0.013877 0.064908
v -0.062397 0.013945 0.064965
v -0.062307 0.014075 0.065034
v -0.062345 0.014231 0.065096
v -0.063055 0.013645 0.067332
v -0.062828 0.013554 0.067337
v -0.063298 0.013656 0.067300
v -0.063490 0.013586 0.067250
v -0.063581 0.013453 0.067196
v -0.063546 0.013292 0.067152
v -0.063394 0.013147 0.067129
v -0.063167 0.013057 0.067135
v -0.062925 0.013046 0.067166
v -0.062732 0.013116 0.067216
v -0.062642 0.013249 0.067270
v -0.062677 0.013409 0.067315
v -0.063442 0.012979 0.070005
v -0.063218 0.012888 0.070018
v -0.063682 0.012991 0.069974
v -0.063873 0.012919 0.069933
v -0.063965 0.012784 0.069893
v -0.063933 0.012621 0.069866
v -0.063785 0.012474 0.069858
v -0.063561 0.012383 0.069872
v -0.063321 0.012372 0.069903
v -0.063130 0.012443 0.069944
v -0.063038 0.012579 0.069983
v -0.063070 0.012741 0.070010
v -0.113661 0.012376 0.031884
v -0.113898 0.012241 0.033144
v -0.113785 0.012134 0.033155
v -0.113538 0.012262 0.031895
v -0.113813 0.012443 0.031861
v -0.114040 0.012302 0.033127
v -0.113955 0.012444 0.031829
v -0.114172 0.012302 0.033107
v -0.114047 0.012379 0.031799
v -0.114260 0.012241 0.033092
v -0.114066 0.012266 0.031778
v -0.114279 0.012135 0.033084
v -0.114006 0.012134 0.031772
v -0.114225 0.012012 0.033085
v -0.113883 0.012019 0.031782
v -0.114112 0.011906 0.033097
v -0.113731 0.011952 0.031806
v -0.113970 0.011845 0.033114
v -0.113589 0.011951 0.031837
v -0.113838 0.011845 0.033134
v -0.113496 0.012016 0.031867
v -0.113750 0.011906 0.033149
v -0.113478 0.012130 0.031888
v -0.113730 0.012012 0.033157
v -0.114043 0.012225 0.034383
v -0.113940 0.012127 0.034395
v -0.114174 0.012281 0.034370
v -0.114296 0.012281 0.034359
v -0.114378 0.012225 0.034354
v -0.114397 0.012127 0.034356
v -0.114348 0.012015 0.034364
v -0.114244 0.011917 0.034377
v -0.114114 0.011861 0.034390
v -0.113991 0.011861 0.034400
v -0.113909 0.011917 0.034405
v -0.113891 0.012015 0.034403
v -0.114127 0.012302 0.035635
v -0.114033 0.012213 0.035648
v -0.114246 0.012353 0.035624
v -0.114358 0.012353 0.035619
v -0.114433 0.012302 0.035620
v -0.114450 0.012214 0.035628
v -0.114406 0.012112 0.035640
v -0.114312 0.012023 0.035653
v -0.114193 0.011972 0.035664
v -0.114081 0.011972 0.035669
v -0.114007 0.012023 0.035668
v -0.113989 0.012111 0.035660
v -0.114181 0.012444 0.036933
v -0.114096 0.012364 0.036946
v -0.114288 0.012490 0.036923
v -0.114389 0.012491 0.036920
v -0.114457 0.012445 0.036923
v -0.114472 0.012366 0.036933
v -0.114433 0.012274 0.036946
v -0.114348 0.012194 0.036960
v -0.114241 0.012148 0.036969
v -0.114140 0.012148 0.036973
v -0.114072 0.012193 0.036969
v -0.114056 0.012272 0.036959
v -0.114235 0.012624 0.038307
v -0.114159 0.012553 0.038320
v -0.114330 0.012665 0.038297
v -0.114420 0.012665 0.038293
v -0.114480 0.012624 0.038296
v -0.114494 0.012554 0.038305
v -0.114459 0.012472 0.038318
v -0.114384 0.012401 0.038331
v -0.114288 0.012360 0.038341
v -0.114198 0.012360 0.038345
v -0.114138 0.012401 0.038342
v -0.114124 0.012471 0.038332
v -0.114321 0.012812 0.039788
v -0.114254 0.012750 0.039800
v -0.114404 0.012848 0.039777
v -0.114483 0.012848 0.039772
v -0.114535 0.012812 0.039773
v -0.114548 0.012750 0.039780
v -0.114517 0.012678 0.039791
v -0.114451 0.012616 0.039803
v -0.114367 0.012580 0.039813
v -0.114288 0.012581 0.039819
v -0.114236 0.012616 0.039818
v -0.114223 0.012678 0.039811
v -0.114469 0.012980 0.041406
v -0.114412 0.012927 0.041418
v -0.114541 0.013011 0.041396
v -0.114609 0.013011 0.041388
v -0.114654 0.012979 0.041386
v -0.114664 0.012926 0.041390
v -0.114637 0.012864 0.041399
v -0.114580 0.012811 0.041410
v -0.114508 0.012780 0.041421
v -0.114441 0.012781 0.041428
v -0.114396 0.012812 0.041430
v -0.114386 0.012865 0.041426
v -0.114713 0.013100 0.043194
v -0.114665 0.013055 0.043204
v -0.114772 0.013125 0.043183
v -0.114829 0.013125 0.043175
v -0.114866 0.013099 0.043170
v -0.114875 0.013054 0.043171
v -0.114852 0.013002 0.043177
v -0.114804 0.012957 0.043187
v -0.114744 0.012932 0.043198
v -0.114688 0.012932 0.043207
v -0.114651 0.012958 0.043211
v -0.114642 0.013004 0.043210
v -0.115082 0.013142 0.045183
v -0.115043 0.013106 0.045191
v -0.115130 0.013163 0.045173
v -0.115175 0.013162 0.045163
v -0.115204 0.013141 0.045157
v -0.115211 0.013105 0.045156
v -0.115192 0.013063 0.045160
v -0.115154 0.013027 0.045168
v -0.115106 0.013006 0.045178
v -0.115061 0.013007 0.045187
v -0.115031 0.013028 0.045193
v -0.115025 0.013064 0.045194
v -0.115608 0.013078 0.047404
v -0.115579 0.013051 0.047410
v -0.115644 0.013094 0.047395
v -0.115678 0.013094 0.047387
v -0.115700 0.013078 0.047380
v -0.115704 0.013050 0.047378
v -0.115690 0.013018 0.047380
v -0.115661 0.012991 0.047386
v -0.115625 0.012975 0.047395
v -0.115591 0.012976 0.047403
v -0.115569 0.012992 0.047410
v -0.115564 0.013020 0.047412
v -0.116322 0.012881 0.049891
v -0.116302 0.012862 0.049895
v -0.116347 0.012892 0.049884
v -0.116369 0.012892 0.049877
v -0.116384 0.012881 0.049872
v -0.116387 0.012862 0.049869
v -0.116377 0.012840 0.049870
v -0.116357 0.012821 0.049874
v -0.116333 0.012811 0.049881
v -0.116310 0.012811 0.049888
v -0.116295 0.012822 0.049893
v -0.116292 0.012841 0.049896
v -0.117256 0.012521 0.052677
v -0.117245 0.012511 0.052679
v -0.117269 0.012527 0.052673
v -0.117281 0.012527 0.052669
v -0.117289 0.012521 0.052665
v -0.117290 0.012511 0.052663
v -0.117285 0.012499 0.052663
v -0.117274 0.012489 0.052666
v -0.117261 0.012483 0.052669
v -0.117249 0.012483 0.052674
v -0.117241 0.012489 0.052677
v -0.117240 0.012499 0.052679
v -0.094582 0.017020 0.032443
v -0.094966 0.016591 0.034327
v -0.094818 0.016615 0.034368
v -0.094424 0.017062 0.032484
v -0.094714 0.016927 0.032396
v -0.095095 0.016516 0.034281
v -0.094785 0.016808 0.032354
v -0.095169 0.016412 0.034241
v -0.094775 0.016694 0.032329
v -0.095170 0.016307 0.034218
v -0.094688 0.016616 0.032327
v -0.095096 0.016227 0.034219
v -0.094546 0.016595 0.032349
v -0.094968 0.016196 0.034243
v -0.094388 0.016637 0.032390
v -0.094820 0.016221 0.034284
v -0.094256 0.016730 0.032437
v -0.094691 0.016295 0.034330
v -0.094185 0.016850 0.032479
v -0.094617 0.016399 0.034370
v -0.094195 0.016963 0.032504
v -0.094616 0.016505 0.034393
v -0.094283 0.017041 0.032506
v -0.094690 0.016584 0.034392
v -0.095450 0.016199 0.036241
v -0.095314 0.016209 0.036282
v -0.095573 0.016143 0.036195
v -0.095649 0.016054 0.036157
v -0.095658 0.015957 0.036136
v -0.095598 0.015879 0.036138
v -0.095484 0.015839 0.036163
v -0.095348 0.015849 0.036204
v -0.095225 0.015905 0.036250
v -0.095149 0.015994 0.036289
v -0.095140 0.016091 0.036310
v -0.095200 0.016169 0.036307
v -0.096036 0.015839 0.038195
v -0.095912 0.015836 0.038235
v -0.096151 0.015798 0.038150
v -0.096226 0.015724 0.038112
v -0.096242 0.015637 0.038092
v -0.096194 0.015561 0.038095
v -0.096095 0.015515 0.038120
v -0.095971 0.015512 0.038161
v -0.095856 0.015553 0.038205
v -0.095781 0.015627 0.038243
v -0.095765 0.015714 0.038263
v -0.095813 0.015790 0.038260
v -0.096723 0.015501 0.040196
v -0.096613 0.015488 0.040235
v -0.096829 0.015474 0.040153
v -0.096902 0.015415 0.040117
v -0.096922 0.015338 0.040097
v -0.096885 0.015266 0.040100
v -0.096801 0.015217 0.040124
v -0.096691 0.015204 0.040162
v -0.096585 0.015231 0.040205
v -0.096512 0.015290 0.040242
v -0.096492 0.015367 0.040261
v -0.096529 0.015439 0.040259
v -0.097513 0.015179 0.042255
v -0.097417 0.015158 0.042291
v -0.097608 0.015164 0.042214
v -0.097676 0.015117 0.042180
v -0.097700 0.015051 0.042160
v -0.097673 0.014984 0.042162
v -0.097602 0.014934 0.042183
v -0.097506 0.014913 0.042219
v -0.097411 0.014928 0.042260
v -0.097343 0.014975 0.042295
v -0.097319 0.015040 0.042314
v -0.097346 0.015108 0.042313
v -0.098405 0.014864 0.044380
v -0.098323 0.014838 0.044412
v -0.098488 0.014859 0.044342
v -0.098551 0.014824 0.044310
v -0.098576 0.014769 0.044291
v -0.098558 0.014708 0.044291
v -0.098500 0.014658 0.044310
v -0.098418 0.014632 0.044342
v -0.098335 0.014637 0.044379
v -0.098272 0.014672 0.044412
v -0.098246 0.014728 0.044431
v -0.098265 0.014789 0.044431
v -0.099400 0.014550 0.046579
v -0.099332 0.014521 0.046607
v -0.099471 0.014552 0.046546
v -0.099527 0.014527 0.046516
v -0.099552 0.014482 0.046498
v -0.099540 0.014429 0.046496
v -0.099494 0.014381 0.046512
v -0.099427 0.014353 0.046540
v -0.099355 0.014350 0.046573
v -0.099299 0.014375 0.046602
v -0.099274 0.014420 0.046620
v -0.099286 0.014474 0.046622
v -0.100497 0.014227 0.048861
v -0.100443 0.014198 0.048884
v -0.100557 0.014235 0.048833
v -0.100605 0.014219 0.048807
v -0.100629 0.014183 0.048791
v -0.100622 0.014138 0.048788
v -0.100587 0.014095 0.048799
v -0.100532 0.014066 0.048822
v -0.100473 0.014058 0.048851
v -0.100425 0.014074 0.048877
v -0.100401 0.014109 0.048893
v -0.100408 0.014155 0.048896
v -0.101698 0.013889 0.051237
v -0.101656 0.013862 0.051254
v -0.101745 0.013900 0.051214
v -0.101784 0.013891 0.051192
v -0.101806 0.013864 0.051178
v -0.101803 0.013827 0.051174
v -0.101778 0.013790 0.051182
v -0.101736 0.013763 0.051200
v -0.101689 0.013752 0.051223
v -0.101650 0.013761 0.051244
v -0.101628 0.013788 0.051259
v -0.101631 0.013824 0.051263
v -0.103002 0.013528 0.053714
v -0.102972 0.013504 0.053726
v -0.103037 0.013539 0.053697
v -0.103067 0.013535 0.053680
v -0.103085 0.013517 0.053668
v -0.103085 0.013489 0.053664
v -0.103068 0.013459 0.053669
v -0.103038 0.013435 0.053682
v -0.103003 0.013424 0.053699
v -0.102973 0.013428 0.053715
v -0.102955 0.013446 0.053727
v -0.102955 0.013474 0.053731
v -0.104409 0.013134 0.056302
v -0.104390 0.013116 0.056310
v -0.104433 0.013145 0.056291
v -0.104453 0.013144 0.056279
v -0.104466 0.013133 0.056270
v -0.104468 0.013114 0.056267
v -0.104457 0.013093 0.056269
v -0.104438 0.013075 0.056277
v -0.104415 0.013064 0.056288
v -0.104394 0.013065 0.056300
v -0.104381 0.013076 0.056308
v -0.104380 0.013095 0.056312
v -0.105920 0.012703 0.059010
v -0.105910 0.012692 0.059014
v -0.105932 0.012709 0.059004
v -0.105943 0.012710 0.058998
v -0.105951 0.012705 0.058993
v -0.105952 0.012695 0.058991
v -0.105947 0.012683 0.058992
v -0.105938 0.012672 0.058995
v -0.105926 0.012666 0.059001
v -0.105915 0.012665 0.059007
v -0.105907 0.012670 0.059012
v -0.105906 0.012680 0.059015
v -0.091597 0.015920 0.039820
v -0.091661 0.015713 0.040806
v -0.091509 0.015744 0.040816
v -0.091439 0.015962 0.039861
v -0.091729 0.015827 0.039773
v -0.091793 0.015632 0.040788
v -0.091800 0.015707 0.039731
v -0.091870 0.015525 0.040767
v -0.091790 0.015594 0.039706
v -0.091871 0.015418 0.040748
v -0.091702 0.015516 0.039704
v -0.091795 0.015342 0.040736
v -0.091561 0.015495 0.039726
v -0.091664 0.015315 0.040735
v -0.091403 0.015537 0.039766
v -0.091512 0.015347 0.040745
v -0.091271 0.015630 0.039814
v -0.091380 0.015427 0.040763
v -0.091200 0.015749 0.039856
v -0.091303 0.015535 0.040784
v -0.091210 0.015863 0.039881
v -0.091303 0.015641 0.040803
v -0.091297 0.015941 0.039883
v -0.091378 0.015718 0.040815
v -0.091601 0.015516 0.042013
v -0.091460 0.015535 0.042007
v -0.091728 0.015451 0.042011
v -0.091807 0.015357 0.042002
v -0.091816 0.015259 0.041989
v -0.091753 0.015183 0.041975
v -0.091635 0.015151 0.041964
v -0.091493 0.015170 0.041958
v -0.091366 0.015235 0.041960
v -0.091288 0.015329 0.041968
v -0.091279 0.015427 0.041981
v -0.091342 0.015502 0.041996
v -0.091463 0.015328 0.043432
v -0.091334 0.015335 0.043422
v -0.091583 0.015278 0.043437
v -0.091661 0.015198 0.043435
v -0.091677 0.015109 0.043427
v -0.091625 0.015036 0.043414
v -0.091521 0.014998 0.043400
v -0.091392 0.015005 0.043389
v -0.091272 0.015055 0.043384
v -0.091194 0.015135 0.043386
v -0.091178 0.015224 0.043395
v -0.091230 0.015297 0.043408
v -0.091293 0.015147 0.045055
v -0.091176 0.015144 0.045045
v -0.091404 0.015111 0.045061
v -0.091480 0.015045 0.045062
v -0.091501 0.014966 0.045056
v -0.091460 0.014896 0.045046
v -0.091370 0.014854 0.045034
v -0.091253 0.014850 0.045023
v -0.091142 0.014886 0.045017
v -0.091066 0.014953 0.045017
v -0.091045 0.015031 0.045022
v -0.091086 0.015101 0.045033
v -0.091136 0.014971 0.046869
v -0.091032 0.014959 0.046862
v -0.091237 0.014948 0.046874
v -0.091310 0.014895 0.046874
v -0.091334 0.014827 0.046870
v -0.091303 0.014761 0.046862
v -0.091226 0.014717 0.046854
v -0.091122 0.014704 0.046846
v -0.091021 0.014728 0.046842
v -0.090948 0.014781 0.046842
v -0.090924 0.014849 0.046846
v -0.090955 0.014915 0.046854
v -0.091038 0.014800 0.048863
v -0.090948 0.014781 0.048860
v -0.091129 0.014787 0.048864
v -0.091196 0.014747 0.048862
v -0.091222 0.014689 0.048858
v -0.091200 0.014629 0.048853
v -0.091136 0.014584 0.048849
v -0.091046 0.014565 0.048846
v -0.090955 0.014578 0.048845
v -0.090888 0.014619 0.048847
v -0.090862 0.014677 0.048851
v -0.090884 0.014736 0.048856
v -0.091045 0.014632 0.051024
v -0.090969 0.014609 0.051025
v -0.091123 0.014628 0.051020
v -0.091184 0.014598 0.051016
v -0.091211 0.014550 0.051012
v -0.091196 0.014498 0.051009
v -0.091144 0.014454 0.051008
v -0.091069 0.014431 0.051009
v -0.090990 0.014435 0.051012
v -0.090929 0.014465 0.051017
v -0.090903 0.014513 0.051021
v -0.090917 0.014565 0.051024
v -0.091202 0.014465 0.053338
v -0.091141 0.014440 0.053343
v -0.091268 0.014467 0.053331
v -0.091321 0.014447 0.053324
v -0.091346 0.014409 0.053319
v -0.091338 0.014364 0.053317
v -0.091298 0.014324 0.053319
v -0.091237 0.014299 0.053324
v -0.091171 0.014297 0.053331
v -0.091118 0.014317 0.053338
v -0.091093 0.014355 0.053343
v -0.091101 0.014400 0.053345
v -0.091556 0.014299 0.055793
v -0.091509 0.014274 0.055801
v -0.091608 0.014305 0.055784
v -0.091651 0.014293 0.055775
v -0.091674 0.014264 0.055769
v -0.091671 0.014228 0.055768
v -0.091641 0.014192 0.055771
v -0.091595 0.014168 0.055778
v -0.091543 0.014161 0.055788
v -0.091500 0.014174 0.055797
v -0.091477 0.014202 0.055803
v -0.091480 0.014239 0.055804
v -0.092152 0.014132 0.058376
v -0.092119 0.014110 0.058384
v -0.092190 0.014140 0.058366
v -0.092223 0.014134 0.058357
v -0.092242 0.014114 0.058350
v -0.092242 0.014086 0.058349
v -0.092222 0.014057 0.058353
v -0.092189 0.014035 0.058361
v -0.092151 0.014027 0.058371
v -0.092118 0.014033 0.058380
v -0.092099 0.014053 0.058387
v -0.092100 0.014081 0.058388
v -0.093036 0.013962 0.061073
v -0.093015 0.013946 0.061080
v -0.093060 0.013970 0.061065
v -0.093082 0.013968 0.061056
v -0.093096 0.013956 0.061050
v -0.093097 0.013937 0.061049
v -0.093086 0.013916 0.061052
v -0.093065 0.013899 0.061059
v -0.093040 0.013891 0.061068
v -0.093018 0.013893 0.061076
v -0.093005 0.013906 0.061082
v -0.093003 0.013925 0.061083
v -0.094252 0.013790 0.063872
v -0.094241 0.013780 0.063876
v -0.094264 0.013796 0.063866
v -0.094275 0.013795 0.063860
v -0.094283 0.013790 0.063856
v -0.094284 0.013779 0.063855
v -0.094279 0.013768 0.063857
v -0.094269 0.013758 0.063861
v -0.094257 0.013752 0.063867
v -0.094245 0.013752 0.063872
v -0.094238 0.013758 0.063876
v -0.094237 0.013768 0.063878
v -0.090267 0.016100 0.039788
v -0.089532 0.015983 0.041095
v -0.089401 0.015999 0.041013
v -0.090114 0.016129 0.039724
v -0.090404 0.016017 0.039838
v -0.089652 0.015916 0.041168
v -0.090489 0.015901 0.039861
v -0.089729 0.015815 0.041212
v -0.090499 0.015785 0.039851
v -0.089741 0.015708 0.041216
v -0.090431 0.015699 0.039811
v -0.089687 0.015623 0.041177
v -0.090303 0.015666 0.039751
v -0.089580 0.015583 0.041107
v -0.090150 0.015695 0.039687
v -0.089449 0.015598 0.041025
v -0.090012 0.015779 0.039637
v -0.089329 0.015666 0.040952
v -0.089927 0.015894 0.039614
v -0.089252 0.015766 0.040908
v -0.089918 0.016010 0.039624
v -0.089240 0.015874 0.040905
v -0.089986 0.016096 0.039664
v -0.089294 0.015959 0.040943
v -0.088625 0.015964 0.042299
v -0.088513 0.015966 0.042210
v -0.088728 0.015913 0.042383
v -0.088796 0.015828 0.042439
v -0.088811 0.015730 0.042453
v -0.088767 0.015647 0.042420
v -0.088678 0.015601 0.042349
v -0.088566 0.015603 0.042260
v -0.088463 0.015654 0.042176
v -0.088394 0.015740 0.042120
v -0.088380 0.015837 0.042107
v -0.088424 0.015920 0.042139
v -0.087600 0.016009 0.043453
v -0.087503 0.016001 0.043367
v -0.087692 0.015974 0.043538
v -0.087755 0.015903 0.043598
v -0.087771 0.015817 0.043618
v -0.087736 0.015737 0.043592
v -0.087660 0.015686 0.043528
v -0.087563 0.015677 0.043442
v -0.087471 0.015713 0.043357
v -0.087409 0.015784 0.043297
v -0.087393 0.015870 0.043277
v -0.087427 0.015949 0.043303
v -0.086517 0.016087 0.044611
v -0.086430 0.016069 0.044534
v -0.086601 0.016065 0.044689
v -0.086661 0.016008 0.044747
v -0.086680 0.015932 0.044770
v -0.086653 0.015858 0.044752
v -0.086587 0.015804 0.044697
v -0.086501 0.015786 0.044620
v -0.086416 0.015809 0.044542
v -0.086356 0.015865 0.044484
v -0.086337 0.015941 0.044461
v -0.086364 0.016016 0.044480
v -0.085432 0.016165 0.045826
v -0.085353 0.016140 0.045762
v -0.085512 0.016153 0.045892
v -0.085571 0.016109 0.045943
v -0.085594 0.016044 0.045966
v -0.085574 0.015975 0.045953
v -0.085516 0.015921 0.045910
v -0.085437 0.015897 0.045846
v -0.085357 0.015908 0.045780
v -0.085298 0.015953 0.045728
v -0.085276 0.016018 0.045706
v -0.085296 0.016086 0.045718
v -0.084406 0.016208 0.047149
v -0.084334 0.016180 0.047100
v -0.084482 0.016206 0.047200
v -0.084541 0.016173 0.047241
v -0.084567 0.016118 0.047260
v -0.084553 0.016056 0.047253
v -0.084504 0.016004 0.047220
v -0.084432 0.015975 0.047171
v -0.084357 0.015978 0.047119
v -0.084298 0.016011 0.047079
v -0.084272 0.016066 0.047060
v -0.084285 0.016128 0.047067
v -0.083499 0.016186 0.048632
v -0.083435 0.016155 0.048598
v -0.083569 0.016191 0.048668
v -0.083626 0.016167 0.048696
v -0.083655 0.016123 0.048710
v -0.083648 0.016069 0.048704
v -0.083607 0.016020 0.048682
v -0.083543 0.015989 0.048648
v -0.083473 0.015984 0.048612
v -0.083416 0.016008 0.048583
v -0.083387 0.016052 0.048570
v -0.083394 0.016106 0.048575
v -0.082771 0.016064 0.050325
v -0.082716 0.016033 0.050304
v -0.082832 0.016074 0.050347
v -0.082885 0.016060 0.050363
v -0.082914 0.016025 0.050370
v -0.082912 0.015979 0.050365
v -0.082880 0.015935 0.050350
v -0.082826 0.015904 0.050329
v -0.082765 0.015894 0.050308
v -0.082712 0.015908 0.050291
v -0.082683 0.015943 0.050284
v -0.082684 0.015988 0.050289
v -0.082281 0.015810 0.052278
v -0.082239 0.015781 0.052267
v -0.082332 0.015823 0.052289
v -0.082377 0.015816 0.052295
v -0.082404 0.015791 0.052296
v -0.082406 0.015755 0.052291
v -0.082383 0.015717 0.052281
v -0.082340 0.015687 0.052270
v -0.082290 0.015674 0.052259
v -0.082245 0.015681 0.052253
v -0.082218 0.015706 0.052252
v -0.082216 0.015742 0.052257
v -0.082091 0.015392 0.054540
v -0.082060 0.015366 0.054535
v -0.082128 0.015406 0.054544
v -0.082163 0.015405 0.054544
v -0.082186 0.015388 0.054541
v -0.082190 0.015361 0.054535
v -0.082175 0.015330 0.054529
v -0.082144 0.015304 0.054523
v -0.082106 0.015290 0.054520
v -0.082072 0.015291 0.054520
v -0.082049 0.015308 0.054523
v -0.082045 0.015335 0.054528
v -0.082256 0.014777 0.057162
v -0.082237 0.014757 0.057160
v -0.082281 0.014789 0.057162
v -0.082304 0.014791 0.057160
v -0.082320 0.014781 0.057155
v -0.082325 0.014763 0.057150
v -0.082316 0.014741 0.057146
v -0.082297 0.014722 0.057143
v -0.082272 0.014709 0.057143
v -0.082249 0.014708 0.057146
v -0.082233 0.014717 0.057150
v -0.082228 0.014735 0.057155
v -0.082836 0.013932 0.060195
v -0.082826 0.013921 0.060194
v -0.082848 0.013940 0.060195
v -0.082860 0.013943 0.060192
v -0.082869 0.013939 0.060189
v -0.082872 0.013929 0.060185
v -0.082869 0.013917 0.060183
v -0.082860 0.013906 0.060182
v -0.082847 0.013898 0.060182
v -0.082835 0.013895 0.060185
v -0.082826 0.013899 0.060188
v -0.082823 0.013909 0.060191
v -0.065242 0.028524 0.024104
v -0.064138 0.028639 0.026447
v -0.063982 0.028594 0.026388
v -0.065091 0.028476 0.024021
v -0.065397 0.028510 0.024191
v -0.064297 0.028624 0.026511
v -0.065514 0.028439 0.024260
v -0.064417 0.028555 0.026562
v -0.065563 0.028329 0.024292
v -0.064466 0.028449 0.026588
v -0.065529 0.028211 0.024278
v -0.064431 0.028335 0.026581
v -0.065423 0.028115 0.024222
v -0.064321 0.028244 0.026543
v -0.065272 0.028067 0.024140
v -0.064166 0.028199 0.026484
v -0.065117 0.028081 0.024052
v -0.064006 0.028213 0.026420
v -0.065000 0.028152 0.023983
v -0.063886 0.028283 0.026369
v -0.064951 0.028262 0.023952
v -0.063837 0.028388 0.026343
v -0.064985 0.028381 0.023965
v -0.063872 0.028502 0.026350
v -0.063336 0.028793 0.028925
v -0.063181 0.028751 0.028887
v -0.063495 0.028778 0.028969
v -0.063615 0.028710 0.029005
v -0.063664 0.028608 0.029025
v -0.063629 0.028498 0.029023
v -0.063519 0.028411 0.028999
v -0.063363 0.028369 0.028961
v -0.063204 0.028384 0.028918
v -0.063084 0.028452 0.028881
v -0.063035 0.028554 0.028862
v -0.063071 0.028663 0.028864
v -0.062799 0.028961 0.031500
v -0.062647 0.028922 0.031478
v -0.062955 0.028946 0.031526
v -0.063073 0.028880 0.031550
v -0.063121 0.028782 0.031564
v -0.063087 0.028677 0.031566
v -0.062978 0.028593 0.031554
v -0.062826 0.028554 0.031531
v -0.062670 0.028569 0.031505
v -0.062552 0.028635 0.031481
v -0.062504 0.028734 0.031467
v -0.062539 0.028839 0.031466
v -0.062489 0.029121 0.034131
v -0.062341 0.029084 0.034121
v -0.062640 0.029105 0.034145
v -0.062754 0.029042 0.034158
v -0.062801 0.028947 0.034167
v -0.062767 0.028846 0.034170
v -0.062662 0.028767 0.034166
v -0.062515 0.028730 0.034156
v -0.062363 0.028745 0.034142
v -0.062249 0.028809 0.034129
v -0.062203 0.028904 0.034120
v -0.062236 0.029004 0.034117
v -0.062365 0.029247 0.036780
v -0.062223 0.029212 0.036779
v -0.062510 0.029232 0.036783
v -0.062620 0.029170 0.036788
v -0.062665 0.029079 0.036792
v -0.062633 0.028983 0.036796
v -0.062532 0.028907 0.036797
v -0.062390 0.028872 0.036796
v -0.062245 0.028887 0.036792
v -0.062135 0.028949 0.036788
v -0.062090 0.029040 0.036783
v -0.062123 0.029136 0.036780
v -0.062390 0.029315 0.039407
v -0.062254 0.029282 0.039412
v -0.062528 0.029301 0.039403
v -0.062633 0.029242 0.039401
v -0.062676 0.029155 0.039401
v -0.062645 0.029062 0.039403
v -0.062550 0.028990 0.039407
v -0.062414 0.028957 0.039412
v -0.062275 0.028972 0.039416
v -0.062170 0.029030 0.039418
v -0.062127 0.029117 0.039418
v -0.062158 0.029210 0.039416
v -0.062524 0.029302 0.041974
v -0.062395 0.029270 0.041982
v -0.062656 0.029288 0.041965
v -0.062756 0.029232 0.041957
v -0.062797 0.029149 0.041952
v -0.062767 0.029061 0.041952
v -0.062676 0.028992 0.041957
v -0.062546 0.028960 0.041965
v -0.062414 0.028974 0.041974
v -0.062315 0.029030 0.041982
v -0.062274 0.029114 0.041987
v -0.062303 0.029202 0.041987
v -0.062729 0.029183 0.044442
v -0.062606 0.029153 0.044451
v -0.062854 0.029170 0.044429
v -0.062949 0.029117 0.044416
v -0.062987 0.029038 0.044407
v -0.062959 0.028955 0.044403
v -0.062872 0.028889 0.044407
v -0.062749 0.028859 0.044416
v -0.062624 0.028872 0.044428
v -0.062529 0.028925 0.044441
v -0.062491 0.029004 0.044450
v -0.062519 0.029087 0.044454
v -0.062966 0.028934 0.046770
v -0.062849 0.028905 0.046778
v -0.063085 0.028921 0.046756
v -0.063174 0.028871 0.046740
v -0.063210 0.028797 0.046726
v -0.063183 0.028719 0.046717
v -0.063099 0.028657 0.046717
v -0.062983 0.028628 0.046725
v -0.062864 0.028640 0.046739
v -0.062775 0.028690 0.046755
v -0.062739 0.028764 0.046770
v -0.062766 0.028843 0.046778
v -0.063196 0.028529 0.048922
v -0.063085 0.028502 0.048927
v -0.063308 0.028518 0.048908
v -0.063392 0.028471 0.048889
v -0.063425 0.028402 0.048869
v -0.063399 0.028329 0.048854
v -0.063320 0.028272 0.048848
v -0.063209 0.028245 0.048853
v -0.063097 0.028256 0.048867
v -0.063013 0.028303 0.048887
v -0.062979 0.028372 0.048906
v -0.063006 0.028445 0.048921
v -0.063379 0.027944 0.050859
v -0.063274 0.027921 0.050858
v -0.063485 0.027933 0.050846
v -0.063564 0.027890 0.050824
v -0.063595 0.027828 0.050798
v -0.063569 0.027761 0.050775
v -0.063494 0.027710 0.050761
v -0.063389 0.027686 0.050760
v -0.063283 0.027697 0.050772
v -0.063204 0.027740 0.050795
v -0.063173 0.027803 0.050821
v -0.063199 0.027869 0.050844
v -0.063477 0.027156 0.052535
v -0.063378 0.027136 0.052529
v -0.063577 0.027145 0.052525
v -0.063651 0.027106 0.052501
v -0.063679 0.027050 0.052469
v -0.063654 0.026992 0.052439
v -0.063583 0.026947 0.052418
v -0.063484 0.026927 0.052412
v -0.063384 0.026938 0.052423
v -0.063310 0.026977 0.052447
v -0.063282 0.027033 0.052478
v -0.063307 0.027091 0.052508
v -0.063526 0.026232 0.054021
v -0.063433 0.026215 0.054013
v -0.063619 0.026222 0.054011
v -0.063688 0.026188 0.053986
v -0.063715 0.026138 0.053952
v -0.063691 0.026086 0.053920
v -0.063624 0.026046 0.053896
v -0.063532 0.026029 0.053889
v -0.063438 0.026039 0.053899
v -0.063369 0.026074 0.053924
v -0.063343 0.026124 0.053957
v -0.063366 0.026175 0.053990
v -0.063586 0.025269 0.055420
v -0.063500 0.025253 0.055413
v -0.063673 0.025260 0.055410
v -0.063737 0.025229 0.055385
v -0.063762 0.025184 0.055352
v -0.063740 0.025137 0.055319
v -0.063678 0.025101 0.055296
v -0.063591 0.025085 0.055289
v -0.063504 0.025094 0.055299
v -0.063440 0.025125 0.055324
v -0.063415 0.025170 0.055358
v -0.063437 0.025217 0.055390
v -0.063654 0.024285 0.056740
v -0.063574 0.024270 0.056733
v -0.063734 0.024277 0.056730
v -0.063794 0.024249 0.056706
v -0.063817 0.024209 0.056673
v -0.063796 0.024166 0.056642
v -0.063738 0.024133 0.056620
v -0.063658 0.024118 0.056613
v -0.063578 0.024126 0.056623
v -0.063518 0.024154 0.056648
v -0.063496 0.024195 0.056680
v -0.063516 0.024237 0.056711
v -0.063725 0.023301 0.057985
v -0.063651 0.023288 0.057979
v -0.063799 0.023294 0.057975
v -0.063854 0.023269 0.057952
v -0.063875 0.023232 0.057922
v -0.063856 0.023194 0.057892
v -0.063803 0.023163 0.057871
v -0.063729 0.023150 0.057865
v -0.063655 0.023157 0.057874
v -0.063600 0.023182 0.057898
v -0.063579 0.023219 0.057928
v -0.063598 0.023257 0.057958
v -0.063795 0.022338 0.059159
v -0.063728 0.022326 0.059153
v -0.063863 0.022332 0.059150
v -0.063913 0.022309 0.059128
v -0.063932 0.022276 0.059100
v -0.063915 0.022241 0.059072
v -0.063866 0.022214 0.059053
v -0.063799 0.022201 0.059047
v -0.063731 0.022208 0.059056
v -0.063681 0.022230 0.059078
v -0.063662 0.022264 0.059106
v -0.063679 0.022299 0.059133
v -0.063860 0.021417 0.060265
v -0.063799 0.021406 0.060259
v -0.063922 0.021411 0.060257
v -0.063967 0.021391 0.060237
v -0.063984 0.021361 0.060212
v -0.063969 0.021329 0.060187
v -0.063925 0.021304 0.060169
v -0.063864 0.021293 0.060164
v -0.063802 0.021299 0.060172
v -0.063757 0.021320 0.060191
v -0.063740 0.021350 0.060217
v -0.063755 0.021381 0.060242
v -0.063916 0.020559 0.061307
v -0.063862 0.020549 0.061302
v -0.063971 0.020554 0.061300
v -0.064012 0.020535 0.061283
v -0.064027 0.020507 0.061261
v -0.064014 0.020479 0.061239
v -0.063974 0.020457 0.061223
v -0.063919 0.020447 0.061218
v -0.063864 0.020452 0.061225
v -0.063824 0.020471 0.061242
v -0.063808 0.020499 0.061264
v -0.063822 0.020527 0.061286
v -0.063959 0.019785 0.062289
v -0.063911 0.019776 0.062284
v -0.064008 0.019780 0.062284
v -0.064043 0.019763 0.062269
v -0.064057 0.019738 0.062250
v -0.064045 0.019712 0.062232
v -0.064010 0.019692 0.062218
v -0.063962 0.019683 0.062213
v -0.063913 0.019689 0.062219
v -0.063877 0.019706 0.062233
v -0.063863 0.019731 0.062252
v -0.063876 0.019757 0.062271
v -0.063984 0.019116 0.063215
v -0.063942 0.019108 0.063210
v -0.064026 0.019111 0.063211
v -0.064057 0.019095 0.063200
v -0.064069 0.019072 0.063184
v -0.064059 0.019049 0.063169
v -0.064028 0.019031 0.063158
v -0.063986 0.019024 0.063154
v -0.063944 0.019029 0.063158
v -0.063913 0.019045 0.063169
v -0.063901 0.019068 0.063184
v -0.063911 0.019091 0.063199
v -0.063987 0.018572 0.064087
v -0.063952 0.018566 0.064084
v -0.064023 0.018567 0.064085
v -0.064050 0.018552 0.064077
v -0.064060 0.018532 0.064067
v -0.064051 0.018511 0.064055
v -0.064025 0.018496 0.064047
v -0.063989 0.018490 0.064043
v -0.063953 0.018495 0.064045
v -0.063927 0.018509 0.064053
v -0.063917 0.018530 0.064064
v -0.063926 0.018550 0.064075
v -0.063965 0.018174 0.064911
v -0.063935 0.018169 0.064908
v -0.063994 0.018169 0.064911
v -0.064016 0.018156 0.064907
v -0.064024 0.018138 0.064900
v -0.064017 0.018120 0.064893
v -0.063995 0.018107 0.064887
v -0.063966 0.018102 0.064884
v -0.063937 0.018107 0.064884
v -0.063915 0.018120 0.064888
v -0.063907 0.018138 0.064895
v -0.063914 0.018156 0.064902
v -0.063912 0.017942 0.065690
v -0.063889 0.017939 0.065687
v -0.063935 0.017938 0.065691
v -0.063952 0.017927 0.065691
v -0.063958 0.017912 0.065689
v -0.063952 0.017898 0.065686
v -0.063936 0.017887 0.065682
v -0.063913 0.017883 0.065680
v -0.063890 0.017887 0.065678
v -0.063873 0.017898 0.065679
v -0.063866 0.017913 0.065681
v -0.063873 0.017928 0.065684
v -0.064017 0.026352 0.034406
v -0.064554 0.026487 0.037575
v -0.064388 0.026457 0.037610
v -0.063837 0.026319 0.034432
v -0.064200 0.026322 0.034388
v -0.064720 0.026458 0.037539
v -0.064335 0.026237 0.034383
v -0.064842 0.026378 0.037511
v -0.064386 0.026119 0.034393
v -0.064886 0.026267 0.037499
v -0.064340 0.026001 0.034414
v -0.064842 0.026156 0.037505
v -0.064210 0.025913 0.034441
v -0.064720 0.026074 0.037529
v -0.064029 0.025879 0.034468
v -0.064554 0.026044 0.037563
v -0.063847 0.025910 0.034485
v -0.064388 0.026073 0.037600
v -0.063712 0.025995 0.034490
v -0.064266 0.026153 0.037628
v -0.063661 0.026112 0.034481
v -0.064222 0.026264 0.037640
v -0.063706 0.026231 0.034459
v -0.064267 0.026375 0.037633
v -0.065374 0.026146 0.040763
v -0.065223 0.026118 0.040803
v -0.065524 0.026121 0.040715
v -0.065632 0.026048 0.040672
v -0.065669 0.025948 0.040645
v -0.065625 0.025846 0.040641
v -0.065512 0.025771 0.040662
v -0.065361 0.025742 0.040701
v -0.065211 0.025767 0.040749
v -0.065103 0.025840 0.040793
v -0.065066 0.025941 0.040820
v -0.065110 0.026042 0.040824
v -0.066420 0.025415 0.043930
v -0.066283 0.025388 0.043971
v -0.066555 0.025395 0.043875
v -0.066650 0.025330 0.043823
v -0.066680 0.025240 0.043787
v -0.066638 0.025148 0.043777
v -0.066534 0.025079 0.043796
v -0.066397 0.025051 0.043838
v -0.066263 0.025072 0.043892
v -0.066167 0.025137 0.043944
v -0.066137 0.025227 0.043980
v -0.066179 0.025319 0.043990
v -0.067638 0.024378 0.047033
v -0.067514 0.024351 0.047075
v -0.067757 0.024361 0.046977
v -0.067841 0.024305 0.046921
v -0.067865 0.024225 0.046881
v -0.067825 0.024143 0.046868
v -0.067731 0.024080 0.046884
v -0.067607 0.024054 0.046926
v -0.067487 0.024071 0.046982
v -0.067404 0.024127 0.047038
v -0.067379 0.024206 0.047077
v -0.067419 0.024289 0.047091
v -0.068971 0.023117 0.050033
v -0.068860 0.023092 0.050074
v -0.069077 0.023103 0.049978
v -0.069149 0.023055 0.049923
v -0.069170 0.022985 0.049882
v -0.069132 0.022912 0.049867
v -0.069047 0.022856 0.049881
v -0.068936 0.022831 0.049921
v -0.068830 0.022844 0.049977
v -0.068758 0.022892 0.050032
v -0.068737 0.022962 0.050073
v -0.068775 0.023035 0.050088
v -0.070365 0.021714 0.052889
v -0.070268 0.021690 0.052927
v -0.070458 0.021703 0.052837
v -0.070521 0.021662 0.052784
v -0.070538 0.021601 0.052744
v -0.070503 0.021537 0.052729
v -0.070427 0.021487 0.052742
v -0.070330 0.021464 0.052779
v -0.070237 0.021474 0.052832
v -0.070174 0.021515 0.052885
v -0.070157 0.021576 0.052924
v -0.070191 0.021640 0.052940
v -0.071766 0.020251 0.055559
v -0.071681 0.020230 0.055593
v -0.071847 0.020243 0.055511
v -0.071901 0.020208 0.055462
v -0.071914 0.020155 0.055425
v -0.071884 0.020100 0.055410
v -0.071817 0.020056 0.055422
v -0.071732 0.020035 0.055456
v -0.071651 0.020043 0.055504
v -0.071597 0.020078 0.055553
v -0.071583 0.020130 0.055589
v -0.071614 0.020186 0.055604
v -0.073119 0.018811 0.057999
v -0.073046 0.018792 0.058029
v -0.073187 0.018804 0.057957
v -0.073233 0.018775 0.057913
v -0.073244 0.018731 0.057881
v -0.073218 0.018683 0.057867
v -0.073160 0.018645 0.057877
v -0.073087 0.018627 0.057907
v -0.073019 0.018633 0.057950
v -0.072973 0.018662 0.057993
v -0.072962 0.018707 0.058026
v -0.072988 0.018754 0.058039
v -0.074368 0.017475 0.060168
v -0.074307 0.017459 0.060194
v -0.074425 0.017470 0.060132
v -0.074463 0.017446 0.060095
v -0.074473 0.017409 0.060067
v -0.074450 0.017369 0.060056
v -0.074402 0.017337 0.060065
v -0.074341 0.017321 0.060090
v -0.074284 0.017326 0.060127
v -0.074246 0.017350 0.060164
v -0.074237 0.017387 0.060191
v -0.074259 0.017427 0.060203
v -0.075459 0.016326 0.062023
v -0.075410 0.016313 0.062045
v -0.075505 0.016322 0.061994
v -0.075536 0.016302 0.061964
v -0.075544 0.016272 0.061942
v -0.075526 0.016240 0.061934
v -0.075487 0.016214 0.061941
v -0.075438 0.016201 0.061962
v -0.075392 0.016205 0.061991
v -0.075361 0.016224 0.062021
v -0.075354 0.016254 0.062043
v -0.075372 0.016287 0.062052
v -0.076337 0.015445 0.063522
v -0.076300 0.015435 0.063538
v -0.076373 0.015442 0.063500
v -0.076397 0.015426 0.063478
v -0.076403 0.015403 0.063462
v -0.076390 0.015377 0.063457
v -0.076361 0.015357 0.063463
v -0.076324 0.015347 0.063479
v -0.076288 0.015351 0.063501
v -0.076264 0.015366 0.063522
v -0.076258 0.015390 0.063538
v -0.076271 0.015415 0.063544
v -0.076947 0.014914 0.064620
v -0.076922 0.014908 0.064631
v -0.076972 0.014912 0.064606
v -0.076990 0.014900 0.064593
v -0.076995 0.014883 0.064584
v -0.076987 0.014865 0.064582
v -0.076968 0.014851 0.064587
v -0.076942 0.014844 0.064598
v -0.076917 0.014847 0.064612
v -0.076899 0.014858 0.064625
v -0.076894 0.014876 0.064634
v -0.076902 0.014894 0.064636
vn -0.439000 -0.296200 0.848300
vn -0.438400 -0.298700 0.847700
vn -0.440600 -0.293500 0.848300
vn -0.437700 -0.298700 0.848100
vn -0.437900 -0.298300 0.848100
vn -0.437600 -0.299000 0.848000
vn -0.438000 -0.297800 0.848200
vn -0.437800 -0.298400 0.848100
vn -0.438500 -0.296500 0.848400
vn -0.437400 -0.301800 0.847100
vn -0.439100 -0.297300 0.847800
vn 0.117700 -0.131000 -0.984400
vn 0.117800 -0.131500 -0.984300
vn 0.117800 -0.130400 -0.984400
vn 0.117700 -0.130900 -0.984400
vn 0.117700 -0.130800 -0.984400
vn 0.117700 -0.131100 -0.984400
vn 0.117700 -0.130600 -0.984400
vn 0.088600 -0.170500 0.981400
vn 0.088900 -0.171600 0.981200
vn 0.088600 -0.171600 0.981200
vn 0.088900 -0.172000 0.981100
vn 0.089000 -0.173100 0.980900
vn 0.089000 -0.172700 0.980900
vn 0.089200 -0.173200 0.980800
vn 0.089100 -0.172700 0.980900
vn 0.089200 -0.172700 0.980900
vn 0.089200 -0.171800 0.981100
vn 0.089000 -0.171900 0.981100
vn 0.089000 -0.165500 0.982200
vn -0.489000 -0.036800 -0.871500
vn -0.489000 -0.036900 -0.871500
vn -0.489100 -0.036800 -0.871500
vn -0.489100 -0.036900 -0.871500
vn -0.489100 -0.037000 -0.871500
vn -0.489100 -0.036700 -0.871500
vn -0.489000 -0.036300 -0.871500
vn -0.229400 -0.270100 0.935100
vn -0.229000 -0.271400 0.934800
vn -0.230100 -0.266100 0.936100
vn -0.228800 -0.272500 0.934500
vn -0.228200 -0.274400 0.934200
vn -0.228200 -0.274900 0.934000
vn -0.228500 -0.274700 0.934000
vn -0.228400 -0.274400 0.934100
vn -0.228200 -0.273600 0.934400
vn -0.229000 -0.269400 0.935400
vn -0.226200 -0.274500 0.934600
vn -0.226900 -0.269800 0.935800
vn -0.398700 0.109800 -0.910500
vn -0.398700 0.110000 -0.910500
vn -0.398700 0.109900 -0.910500
vn -0.398700 0.109700 -0.910500
vn -0.398700 0.109000 -0.910600
vn -0.438100 -0.051700 0.897500
vn -0.438000 -0.049100 0.897600
vn -0.438200 -0.051600 0.897400
vn -0.438100 -0.050200 0.897500
vn -0.438000 -0.051300 0.897500
vn -0.438000 -0.050800 0.897500
vn -0.438000 -0.050500 0.897500
vn -0.437800 -0.050900 0.897600
vn -0.438000 -0.049700 0.897600
vn -0.437600 -0.050600 0.897700
vn -0.437900 -0.048600 0.897700
vn -0.437800 -0.049700 0.897700
vn 0.182800 0.227200 -0.956500
vn 0.182700 0.227500 -0.956500
vn 0.182600 0.228800 -0.956200
vn 0.182800 0.227100 -0.956600
vn 0.182800 0.227400 -0.956500
vn 0.182900 0.227000 -0.956600
vn -0.484200 -0.135900 0.864300
vn -0.484200 -0.136300 0.864300
vn -0.483500 -0.141400 0.863800
vn -0.483700 -0.137100 0.864400
vn -0.483900 -0.137000 0.864300
vn -0.484100 -0.137100 0.864200
vn -0.484000 -0.138000 0.864100
vn -0.484400 -0.136700 0.864100
vn -0.484600 -0.136200 0.864100
vn -0.484100 -0.137600 0.864100
vn -0.484300 -0.136000 0.864300
vn -0.482400 -0.142500 0.864300
vn 0.182700 0.227300 -0.956500
vn 0.182800 0.227300 -0.956500
vn 0.182800 0.227000 -0.956600
vn -0.331000 -0.138500 0.933400
vn -0.330800 -0.140500 0.933200
vn -0.332400 -0.134000 0.933600
vn -0.331200 -0.137600 0.933500
vn -0.330900 -0.138700 0.933400
vn -0.331100 -0.138500 0.933400
vn -0.331000 -0.138600 0.933400
vn -0.331400 -0.137700 0.933400
vn -0.331700 -0.137000 0.933400
vn -0.331500 -0.138300 0.933300
vn -0.331400 -0.140600 0.932900
vn 0.214000 0.143600 -0.966200
vn 0.214100 0.143300 -0.966200
vn 0.214000 0.143500 -0.966200
vn 0.214000 0.143700 -0.966200
vn 0.213900 0.143800 -0.966200
vn -0.135900 -0.190000 0.972300
vn -0.135800 -0.190200 0.972300
vn -0.135800 -0.190100 0.972300
vn -0.135800 -0.190300 0.972300
vn -0.135700 -0.190500 0.972300
vn -0.135900 -0.189900 0.972300
vn -0.136000 -0.189700 0.972400
vn -0.322000 0.165800 -0.932100
vn -0.322000 0.165900 -0.932100
vn -0.321900 0.165900 -0.932100
vn -0.321900 0.166000 -0.932100
vn -0.321900 0.165700 -0.932100
vn -0.380600 -0.082200 0.921100
vn -0.380500 -0.082400 0.921100
vn -0.380600 -0.082000 0.921100
vn -0.380500 -0.082200 0.921100
vn -0.380500 -0.082300 0.921100
vn -0.380600 -0.082100 0.921100
vn 0.223100 0.260400 -0.939400
vn 0.223100 0.260300 -0.939400
vn 0.223300 0.260100 -0.939400
vn 0.223200 0.260100 -0.939400
vn 0.223200 0.260400 -0.939300
vn 0.223200 0.260200 -0.939400
vn 0.223200 0.260500 -0.939300
vn 0.223200 0.260400 -0.939400
vn 0.223400 0.260100 -0.939400
vn 0.389800 -0.184200 0.902300
vn 0.389800 -0.184900 0.902200
vn 0.389800 -0.184600 0.902200
vn 0.389800 -0.184300 0.902300
vn 0.389800 -0.184400 0.902200
vn 0.389800 -0.184500 0.902200
vn 0.389900 -0.184300 0.902200
vn 0.389800 -0.184000 0.902300
vn 0.198000 0.141700 -0.969900
vn 0.198000 0.141600 -0.969900
vn 0.198000 0.141500 -0.969900
vn 0.198000 0.141400 -0.969900
vn -0.338200 -0.162600 0.926900
vn -0.338300 -0.162400 0.926900
vn -0.338300 -0.161700 0.927000
vn -0.338300 -0.162500 0.926900
vn -0.338300 -0.162300 0.926900
vn -0.338300 -0.162600 0.926900
vn 0.329200 0.266400 -0.905900
vn 0.329300 0.266000 -0.906000
vn 0.329200 0.266500 -0.905900
vn 0.329200 0.266300 -0.905900
vn 0.329300 0.266300 -0.905900
vn 0.329300 0.266200 -0.905900
vn 0.329300 0.266500 -0.905800
vn -0.425600 -0.279500 0.860700
vn -0.425700 -0.279000 0.860800
vn -0.425700 -0.278500 0.860900
vn -0.425700 -0.279100 0.860700
vn -0.425700 -0.279200 0.860700
vn -0.425700 -0.279300 0.860700
vn -0.425600 -0.279400 0.860700
vn -0.425600 -0.279300 0.860700
vn -0.425800 -0.278200 0.861000
vn 0.401300 0.271700 -0.874700
vn 0.401400 0.271500 -0.874700
vn 0.401400 0.271600 -0.874700
vn 0.401300 0.271600 -0.874700
vn -0.131500 0.963700 0.232400
vn -0.129800 0.965200 0.227000
vn 0.209200 0.904300 0.372100
vn 0.209000 0.902800 0.376000
vn -0.454200 0.889000 0.058000
vn -0.451300 0.890900 0.051700
vn -0.781400 0.596900 -0.182200
vn -0.777700 0.599700 -0.188700
vn -0.904900 -0.025200 -0.424800
vn -0.902700 -0.021800 -0.429800
vn -0.613400 -0.634700 -0.470000
vn -0.613600 -0.633100 -0.471900
vn -0.211200 -0.907600 -0.362800
vn -0.212600 -0.907700 -0.361900
vn 0.128400 -0.966900 -0.220400
vn 0.126300 -0.967800 -0.217700
vn 0.449700 -0.892000 -0.045300
vn 0.447200 -0.893500 -0.041600
vn 0.774000 -0.601900 0.196500
vn 0.771800 -0.603400 0.200600
vn 0.897800 0.014400 0.440300
vn 0.896400 0.015400 0.443000
vn 0.610800 0.625500 0.485400
vn 0.609500 0.627700 0.484200
vn -0.126800 0.967200 0.220100
vn 0.211100 0.905800 0.367500
vn -0.447400 0.893300 0.043000
vn -0.773100 0.602500 -0.198200
vn -0.899100 -0.018900 -0.437300
vn -0.613000 -0.631700 -0.474600
vn -0.213900 -0.907900 -0.360600
vn 0.124100 -0.969000 -0.213800
vn 0.444400 -0.895100 -0.036100
vn 0.769000 -0.605000 0.206400
vn 0.894600 0.015200 0.446500
vn 0.609600 0.628600 0.483000
vn -0.125500 0.968000 0.217400
vn 0.211800 0.906300 0.365700
vn -0.445700 0.894300 0.039500
vn -0.771100 0.603700 -0.202200
vn -0.897500 -0.017700 -0.440700
vn -0.612400 -0.631100 -0.476100
vn -0.214200 -0.907900 -0.360300
vn 0.123200 -0.969400 -0.212400
vn 0.443100 -0.895800 -0.034100
vn 0.767900 -0.605600 0.208800
vn 0.893800 0.015100 0.448100
vn 0.609500 0.628900 0.482800
vn -0.125000 0.968300 0.216400
vn 0.211900 0.906500 0.365200
vn -0.444900 0.894800 0.038000
vn -0.770200 0.604200 -0.204200
vn -0.896600 -0.017200 -0.442600
vn -0.612000 -0.630700 -0.477100
vn -0.214100 -0.907900 -0.360400
vn 0.123000 -0.969500 -0.212000
vn 0.442600 -0.896100 -0.033400
vn 0.767400 -0.605800 0.210000
vn 0.893300 0.015200 0.449100
vn 0.609200 0.629000 0.482900
vn -0.124900 0.968300 0.216200
vn 0.211900 0.906400 0.365300
vn -0.444600 0.895000 0.037500
vn -0.769700 0.604500 -0.205100
vn -0.896000 -0.016800 -0.443700
vn -0.611600 -0.630400 -0.478100
vn -0.214000 -0.907700 -0.361000
vn 0.123100 -0.969500 -0.212200
vn 0.442500 -0.896200 -0.033200
vn 0.767200 -0.605900 0.210500
vn 0.893000 0.015200 0.449800
vn 0.609000 0.628900 0.483400
vn -0.125200 0.968200 0.216600
vn 0.211600 0.906200 0.366000
vn -0.444800 0.894800 0.037700
vn -0.769600 0.604700 -0.205300
vn -0.895700 -0.016400 -0.444400
vn -0.611200 -0.630100 -0.479000
vn -0.213600 -0.907400 -0.361800
vn 0.123300 -0.969300 -0.212800
vn 0.442800 -0.896000 -0.033500
vn 0.892800 0.015000 0.450200
vn 0.608600 0.628700 0.484000
vn -0.125800 0.967900 0.217700
vn 0.211000 0.905900 0.367100
vn -0.445300 0.894500 0.038500
vn -0.769800 0.604600 -0.204900
vn -0.895500 -0.016100 -0.444800
vn -0.610700 -0.629800 -0.480000
vn -0.212900 -0.907100 -0.363000
vn 0.123800 -0.969000 -0.214000
vn 0.443300 -0.895700 -0.034300
vn 0.767500 -0.605700 0.210200
vn 0.892600 0.014800 0.450600
vn 0.608100 0.628400 0.485000
vn -0.126700 0.967400 0.219500
vn 0.210100 0.905400 0.368900
vn -0.446100 0.894100 0.040000
vn -0.770200 0.604300 -0.203900
vn -0.895400 -0.015900 -0.444900
vn -0.610200 -0.629400 -0.481300
vn -0.212100 -0.906700 -0.364600
vn 0.124700 -0.968500 -0.215600
vn 0.444100 -0.895300 -0.035800
vn 0.767900 -0.605400 0.209300
vn 0.892400 0.014700 0.450900
vn 0.607400 0.628100 0.486400
vn -0.128200 0.966500 0.222200
vn 0.208700 0.904700 0.371500
vn -0.447300 0.893400 0.042700
vn -0.771000 0.603900 -0.202000
vn -0.895500 -0.015900 -0.444800
vn -0.609500 -0.628700 -0.482900
vn -0.211000 -0.905900 -0.367100
vn 0.126100 -0.967700 -0.218100
vn 0.445200 -0.894600 -0.038100
vn 0.768600 -0.605000 0.207900
vn 0.892200 0.014800 0.451300
vn 0.606400 0.627500 0.488400
vn -0.130400 0.965200 0.226500
vn 0.206600 0.903500 0.375600
vn -0.449300 0.892200 0.046800
vn -0.772400 0.603100 -0.199000
vn -0.895700 -0.015700 -0.444300
vn -0.608600 -0.627800 -0.485200
vn -0.209400 -0.904900 -0.370700
vn 0.128000 -0.966600 -0.222000
vn 0.447000 -0.893600 -0.041700
vn 0.769800 -0.604200 0.205700
vn 0.892000 0.015100 0.451800
vn 0.604900 0.626700 0.491300
vn -0.134000 0.963000 0.234000
vn 0.203100 0.901400 0.382500
vn -0.452700 0.890000 0.053900
vn -0.774800 0.601800 -0.193600
vn -0.896200 -0.015500 -0.443300
vn -0.607000 -0.626600 -0.488900
vn -0.206600 -0.903000 -0.376600
vn 0.131100 -0.964700 -0.228500
vn 0.450100 -0.891700 -0.047600
vn 0.771900 -0.602800 0.201900
vn 0.891700 0.015400 0.452400
vn 0.602200 0.625500 0.496200
vn -0.136400 0.961500 0.238700
vn 0.200600 0.900100 0.386700
vn -0.454800 0.888700 0.058600
vn -0.776100 0.601300 -0.189900
vn -0.896700 -0.014900 -0.442500
vn -0.605800 -0.625900 -0.491200
vn -0.204700 -0.901900 -0.380300
vn 0.133100 -0.963400 -0.232700
vn 0.452000 -0.890600 -0.051500
vn 0.773200 -0.602000 0.199400
vn 0.891400 0.016000 0.452900
vn 0.600000 0.625200 0.499200
vn -0.112300 0.963600 0.242600
vn -0.110900 0.964400 0.239900
vn 0.247400 0.910700 0.330800
vn 0.243400 0.907300 0.342800
vn -0.453000 0.884800 0.109100
vn -0.454300 0.883200 0.116300
vn -0.803100 0.589200 -0.089100
vn -0.808100 0.584800 -0.070700
vn -0.949200 -0.028700 -0.313300
vn -0.957100 -0.036000 -0.287500
vn -0.665500 -0.633500 -0.394600
vn -0.671500 -0.640400 -0.372800
vn -0.251900 -0.906600 -0.338700
vn -0.254900 -0.910300 -0.326200
vn 0.103900 -0.965300 -0.239600
vn 0.103500 -0.966100 -0.236500
vn 0.444500 -0.889400 -0.106500
vn 0.446800 -0.887500 -0.113100
vn 0.796300 -0.597800 0.092600
vn 0.802000 -0.592700 0.074800
vn 0.946800 0.025100 0.320900
vn 0.954900 0.032400 0.295100
vn 0.658600 0.636500 0.401400
vn 0.665500 0.642600 0.379800
vn -0.108400 0.966200 0.234000
vn 0.254400 0.916700 0.308200
vn -0.456500 0.880500 0.127800
vn -0.816000 0.576700 -0.038600
vn -0.969200 -0.048800 -0.241300
vn -0.681300 -0.651800 -0.333100
vn -0.260200 -0.916700 -0.303200
vn 0.102500 -0.967800 -0.229900
vn 0.450400 -0.884200 -0.123800
vn 0.811000 -0.583500 0.043500
vn 0.967500 0.045000 0.248900
vn 0.676800 0.652800 0.340200
vn -0.106000 0.968100 0.227100
vn 0.259500 0.921500 0.288900
vn -0.457100 0.879200 0.134300
vn -0.820500 0.571500 -0.016000
vn -0.976700 -0.057900 -0.206500
vn -0.687500 -0.660500 -0.301700
vn -0.263600 -0.922000 -0.283600
vn 0.101700 -0.969600 -0.222600
vn 0.452600 -0.882300 -0.129700
vn 0.816400 -0.577100 0.021500
vn 0.975300 0.054000 0.214000
vn 0.684400 0.660500 0.308800
vn -0.103800 0.970100 0.219400
vn 0.263200 0.925300 0.273200
vn -0.456700 0.879200 0.135800
vn -0.822400 0.568900 -0.002800
vn -0.981000 -0.063600 -0.183200
vn -0.691200 -0.666700 -0.278900
vn -0.265900 -0.926100 -0.267800
vn 0.101000 -0.971500 -0.214700
vn 0.453500 -0.881600 -0.130900
vn 0.819300 -0.573300 0.008700
vn 0.979800 0.059900 0.190600
vn 0.689300 0.665800 0.285800
vn -0.101800 0.972100 0.211100
vn 0.265900 0.928000 0.261000
vn -0.455500 0.880300 0.132500
vn -0.822600 0.568600 0.001400
vn -0.983000 -0.066500 -0.171200
vn -0.693200 -0.670600 -0.264300
vn -0.267300 -0.929100 -0.255600
vn 0.100200 -0.973400 -0.206200
vn 0.453600 -0.882100 -0.127300
vn 0.820400 -0.571800 0.004900
vn 0.981900 0.062700 0.178500
vn 0.692300 0.668800 0.271100
vn -0.099900 0.974200 0.202300
vn 0.268000 0.929800 0.252300
vn -0.453800 0.882300 0.124800
vn -0.821500 0.570200 -0.003200
vn -0.983200 -0.066700 -0.170000
vn -0.693700 -0.672500 -0.257800
vn -0.268100 -0.931200 -0.246800
vn 0.099400 -0.975300 -0.197300
vn 0.452900 -0.883500 -0.119400
vn 0.820000 -0.572300 0.009600
vn 0.982200 0.062800 0.177100
vn 0.694000 0.669700 0.264400
vn -0.097800 0.976300 0.193100
vn 0.269500 0.930800 0.246900
vn -0.451300 0.885200 0.113000
vn -0.819100 0.573400 -0.015900
vn -0.981700 -0.064800 -0.178900
vn -0.693100 -0.672800 -0.258800
vn -0.268300 -0.932600 -0.241400
vn 0.098400 -0.977200 -0.188000
vn 0.451400 -0.885800 -0.107500
vn 0.818100 -0.574600 0.022400
vn 0.980700 0.060900 0.185900
vn 0.694400 0.669000 0.265200
vn -0.095500 0.978400 0.183600
vn 0.270400 0.931100 0.244700
vn -0.448000 0.888700 0.097500
vn -0.815300 0.578000 -0.036000
vn -0.978400 -0.061100 -0.197300
vn -0.691300 -0.671500 -0.266800
vn -0.268300 -0.933200 -0.239200
vn 0.097100 -0.979200 -0.178300
vn 0.449000 -0.888800 -0.091800
vn 0.814700 -0.578300 0.042700
vn 0.977300 0.057100 0.204000
vn 0.693200 0.667000 0.273100
vn -0.093000 0.980400 0.173800
vn 0.270600 0.930900 0.245500
vn -0.443600 0.892800 0.078700
vn -0.809400 0.583800 -0.062800
vn -0.973000 -0.055800 -0.224200
vn -0.688100 -0.668900 -0.281200
vn -0.267700 -0.933200 -0.239800
vn 0.095500 -0.981100 -0.168400
vn 0.445400 -0.892400 -0.072700
vn 0.809300 -0.583300 0.069600
vn 0.971600 0.051800 0.230700
vn 0.690400 0.663900 0.287400
vn -0.090300 0.982300 0.164000
vn 0.270100 0.930100 0.248900
vn -0.438000 0.897200 0.056900
vn -0.801300 0.590600 -0.095600
vn -0.964700 -0.049000 -0.258600
vn -0.683000 -0.665400 -0.301400
vn -0.266400 -0.932700 -0.243100
vn 0.093500 -0.982900 -0.158400
vn 0.440300 -0.896400 -0.050800
vn 0.801500 -0.589200 0.102500
vn 0.963200 0.045200 0.265000
vn 0.685700 0.659700 0.307600
vn -0.087300 0.984200 0.154100
vn 0.268700 0.928900 0.254800
vn -0.430900 0.901800 0.032800
vn -0.790400 0.598000 -0.133300
vn -0.953200 -0.041400 -0.299500
vn -0.675600 -0.661000 -0.326500
vn -0.264500 -0.931800 -0.248800
vn 0.090900 -0.984700 -0.148400
vn 0.433700 -0.900700 -0.026500
vn 0.790800 -0.595800 0.140200
vn 0.951400 0.037800 0.305600
vn 0.678700 0.654800 0.332700
vn -0.085700 0.985100 0.149300
vn 0.267700 0.928200 0.258200
vn -0.426800 0.904100 0.020300
vn -0.783900 0.601800 -0.153100
vn -0.946200 -0.037400 -0.321300
vn -0.671100 -0.658800 -0.340100
vn -0.263300 -0.931200 -0.252100
vn 0.089400 -0.985600 -0.143400
vn 0.429900 -0.902800 -0.013800
vn 0.784400 -0.599200 0.160200
vn 0.944300 0.033800 0.327300
vn 0.674300 0.652200 0.346300
vn -0.050300 0.985500 0.161800
vn -0.044000 0.982900 0.178700
vn 0.324100 0.933000 0.156700
vn 0.319200 0.931500 0.174700
vn -0.414700 0.901200 0.125700
vn -0.407900 0.896000 0.175700
vn -0.800300 0.597400 0.051900
vn -0.796900 0.589000 0.134300
vn -0.997900 -0.017300 -0.062000
vn -0.998900 -0.036000 0.029400
vn -0.762700 -0.629300 -0.149200
vn -0.756900 -0.647500 -0.088500
vn -0.352900 -0.919600 -0.172700
vn -0.346200 -0.925600 -0.152700
vn 0.019200 -0.986600 -0.161700
vn 0.023700 -0.984100 -0.176300
vn 0.385900 -0.913600 -0.128200
vn 0.388800 -0.904500 -0.175200
vn 0.784000 -0.618200 -0.056200
vn 0.786000 -0.603200 -0.135700
vn 0.997600 0.028700 0.063800
vn 0.998700 0.043300 -0.027400
vn 0.735800 0.659500 0.153700
vn 0.739200 0.666900 0.094000
vn -0.037000 0.978300 0.204000
vn 0.325600 0.937000 0.127000
vn -0.395300 0.883100 0.252800
vn -0.780300 0.567600 0.262600
vn -0.982600 -0.065000 0.174200
vn -0.742500 -0.669800 0.007500
vn -0.338100 -0.933100 -0.122100
vn 0.025400 -0.979400 -0.200300
vn 0.384500 -0.888600 -0.250300
vn 0.774200 -0.576400 -0.261600
vn 0.982700 0.069000 -0.171700
vn 0.732500 0.680800 -0.001500
vn -0.031300 0.975400 0.218400
vn 0.323600 0.939900 0.108500
vn -0.382200 0.874600 0.298100
vn -0.760900 0.553500 0.338800
vn -0.961800 -0.083800 0.260600
vn -0.726800 -0.683800 0.064300
vn -0.331300 -0.937700 -0.104200
vn 0.024200 -0.976300 -0.215000
vn 0.375700 -0.878400 -0.295400
vn 0.757300 -0.559300 -0.337100
vn 0.962300 0.086100 -0.258100
vn 0.720800 0.690600 -0.059200
vn -0.027100 0.973400 0.227400
vn 0.321000 0.942100 0.096400
vn -0.371600 0.868900 0.326900
vn -0.744500 0.543700 0.387500
vn -0.943800 -0.096500 0.316000
vn -0.713700 -0.693100 0.100900
vn -0.326000 -0.940800 -0.092700
vn 0.022500 -0.974200 -0.224400
vn 0.367400 -0.871600 -0.324500
vn 0.742300 -0.547900 -0.385800
vn 0.944500 0.097900 -0.313700
vn 0.710000 0.697500 -0.096600
vn -0.024000 0.972100 0.233200
vn 0.318600 0.943800 0.087800
vn -0.363400 0.864900 0.346300
vn -0.731500 0.536800 0.420500
vn -0.929400 -0.105300 0.353800
vn -0.703300 -0.699600 0.125800
vn -0.321900 -0.943000 -0.084700
vn 0.020900 -0.972800 -0.230600
vn 0.360600 -0.867000 -0.344000
vn 0.730100 -0.539900 -0.418800
vn 0.930100 0.106100 -0.351700
vn 0.701100 0.702500 -0.122300
vn -0.021800 0.971300 0.236900
vn 0.316700 0.945000 0.081500
vn -0.357300 0.862000 0.359600
vn -0.721400 0.531800 0.443500
vn -0.918100 -0.111500 0.380400
vn -0.695200 -0.704300 0.143600
vn -0.318800 -0.944600 -0.078800
vn 0.019600 -0.971900 -0.234700
vn 0.355400 -0.863600 -0.357600
vn 0.720700 -0.534200 -0.441800
vn 0.918800 0.112000 -0.378400
vn 0.693800 0.706300 -0.140600
vn -0.020200 0.970800 0.239200
vn 0.315000 0.946000 0.076600
vn -0.352800 0.860000 0.368800
vn -0.713900 0.528300 0.459700
vn -0.909400 -0.116100 0.399300
vn -0.688900 -0.707700 0.156400
vn -0.316200 -0.945800 -0.074300
vn 0.018900 -0.971300 -0.237200
vn 0.351700 -0.861200 -0.366900
vn 0.713600 -0.530100 -0.458000
vn 0.910300 0.116200 -0.397400
vn 0.688200 0.709000 -0.153800
vn -0.019400 0.970500 0.240300
vn 0.313500 0.946800 0.072800
vn -0.349600 0.858800 0.374500
vn -0.708600 0.525900 0.470400
vn -0.903200 -0.119500 0.412200
vn -0.684200 -0.710200 0.165600
vn -0.314100 -0.946800 -0.070700
vn 0.018900 -0.971000 -0.238500
vn 0.349200 -0.859700 -0.372800
vn 0.708700 -0.527400 -0.468600
vn 0.904100 0.119200 -0.410300
vn 0.684100 0.710900 -0.163200
vn -0.019300 0.970600 0.239900
vn 0.312400 0.947400 0.069600
vn -0.348100 0.858300 0.376900
vn -0.705700 0.524800 0.476000
vn -0.899500 -0.121600 0.419800
vn -0.681000 -0.711900 0.171500
vn -0.312200 -0.947600 -0.067700
vn 0.019500 -0.971000 -0.238200
vn 0.348400 -0.859000 -0.375200
vn 0.706200 -0.525900 -0.474100
vn 0.900500 0.120700 -0.417700
vn 0.681600 0.711900 -0.169400
vn -0.020000 0.971200 0.237300
vn 0.311600 0.947900 0.066800
vn -0.348800 0.859000 0.374900
vn -0.705800 0.525300 0.475300
vn -0.898900 -0.122000 0.420800
vn -0.679300 -0.713100 0.173600
vn -0.310200 -0.948400 -0.065300
vn 0.021200 -0.971600 -0.235700
vn 0.349900 -0.859300 -0.373100
vn 0.706900 -0.525900 -0.473000
vn 0.900200 0.120400 -0.418500
vn 0.680900 0.711900 -0.171800
vn -0.022500 0.972900 0.230200
vn 0.311500 0.948100 0.064100
vn -0.353000 0.861700 0.364500
vn -0.711600 0.528700 0.462800
vn -0.904000 -0.120400 0.410200
vn -0.680000 -0.713400 0.169200
vn -0.307700 -0.949400 -0.063100
vn 0.025700 -0.973100 -0.228900
vn 0.356000 -0.861300 -0.362600
vn 0.713700 -0.528500 -0.459700
vn 0.905800 0.116900 -0.407300
vn 0.684000 0.709900 -0.168000
vn -0.023300 0.974200 0.224700
vn 0.312900 0.947800 0.062100
vn -0.355400 0.864200 0.356100
vn -0.715900 0.531800 0.452500
vn -0.908300 -0.120000 0.400700
vn -0.680000 -0.714600 0.164100
vn -0.305000 -0.950300 -0.062800
vn 0.029800 -0.974000 -0.224400
vn 0.361300 -0.862400 -0.354600
vn 0.719300 -0.530100 -0.448900
vn 0.910500 0.113100 -0.397700
vn 0.687800 0.706900 -0.164900
vn -0.638700 0.765800 0.074600
vn -0.599900 0.793000 0.106000
vn -0.274700 0.936000 0.220100
vn -0.324600 0.925300 0.196000
vn -0.864400 0.499500 -0.057800
vn -0.841400 0.539900 -0.023300
vn -0.976000 0.038900 -0.214400
vn -0.979100 0.089200 -0.182500
vn -0.740100 -0.585200 -0.331300
vn -0.779000 -0.541700 -0.315700
vn -0.166200 -0.940300 -0.296900
vn -0.221700 -0.926200 -0.305100
vn 0.319400 -0.928900 -0.187500
vn 0.269000 -0.939700 -0.211000
vn 0.638100 -0.766000 -0.078400
vn 0.598800 -0.793300 -0.110000
vn 0.867800 -0.495200 0.041500
vn 0.844400 -0.535700 0.005600
vn 0.980100 -0.031000 0.196200
vn 0.983300 -0.081500 0.162700
vn 0.736400 0.592100 0.327300
vn 0.775800 0.548800 0.311400
vn 0.158000 0.938600 0.306700
vn 0.213100 0.924600 0.315800
vn -0.518900 0.839000 0.163600
vn -0.175900 0.949100 0.261100
vn -0.789400 0.612400 0.042900
vn -0.976400 0.180500 -0.118600
vn -0.842300 -0.461300 -0.278800
vn -0.322500 -0.893500 -0.312400
vn 0.169800 -0.953100 -0.250400
vn 0.517000 -0.839300 -0.168200
vn 0.791500 -0.607800 -0.063200
vn 0.980300 -0.172900 0.095600
vn 0.840000 0.468300 0.274100
vn 0.314000 0.892000 0.325200
vn -0.429600 0.877700 0.212100
vn -0.072900 0.954200 0.290300
vn -0.726500 0.679200 0.103800
vn -0.961500 0.269400 -0.053500
vn -0.896000 -0.378200 -0.232800
vn -0.420600 -0.853900 -0.306600
vn 0.066900 -0.958300 -0.277800
vn 0.427200 -0.877700 -0.217100
vn 0.727700 -0.674000 -0.126900
vn 0.964700 -0.261900 0.027100
vn 0.894800 0.384300 0.227400
vn 0.413100 0.852000 0.321600
vn -0.333200 0.909800 0.247600
vn 0.033100 0.951600 0.305400
vn -0.653400 0.741000 0.154600
vn -0.934200 0.356500 0.007300
vn -0.939000 -0.292000 -0.181900
vn -0.514500 -0.807400 -0.288800
vn -0.038200 -0.955900 -0.291200
vn 0.330700 -0.909200 -0.252900
vn 0.653700 -0.735100 -0.180000
vn 0.936300 -0.349300 -0.036800
vn 0.938900 0.296200 0.175400
vn 0.508800 0.804800 0.305700
vn -0.231400 0.935300 0.267600
vn 0.140000 0.941600 0.306300
vn -0.571100 0.798400 0.190700
vn -0.894700 0.443000 0.057500
vn -0.970500 -0.201700 -0.132000
vn -0.602600 -0.753800 -0.262000
vn -0.143500 -0.946000 -0.290600
vn 0.229600 -0.934200 -0.272900
vn 0.570800 -0.791600 -0.217900
vn 0.895600 -0.435700 -0.089600
vn 0.971100 0.203600 0.124300
vn 0.599400 0.749800 0.280200
vn -0.125900 0.954000 0.271900
vn 0.246100 0.923200 0.295400
vn -0.480300 0.851600 0.209700
vn -0.843300 0.529500 0.091900
vn -0.990200 -0.106300 -0.090200
vn -0.683600 -0.692100 -0.231700
vn -0.247500 -0.928000 -0.278600
vn 0.125200 -0.952600 -0.277200
vn 0.480600 -0.844000 -0.238100
vn 0.843700 -0.521800 -0.125700
vn 0.991100 0.105700 0.081400
vn 0.683200 0.685900 0.250600
vn -0.018200 0.964400 0.263800
vn 0.349500 0.894900 0.277600
vn -0.382700 0.899100 0.212300
vn -0.780800 0.615400 0.108200
vn -0.998100 -0.004800 -0.062100
vn -0.756800 -0.620800 -0.204500
vn -0.348800 -0.900300 -0.260300
vn 0.019100 -0.963000 -0.269000
vn 0.384500 -0.891100 -0.241000
vn 0.781600 -0.607300 -0.142500
vn 0.998600 0.002500 0.052700
vn 0.758300 0.612400 0.223500
vn 0.090300 0.964300 0.248800
vn 0.448500 0.855300 0.259300
vn -0.279600 0.938500 0.202500
vn -0.707600 0.698400 0.107500
vn -0.993500 0.102000 -0.050800
vn -0.821300 -0.539200 -0.186200
vn -0.446300 -0.861500 -0.242200
vn -0.087400 -0.963300 -0.253800
vn 0.283600 -0.930700 -0.230800
vn 0.710000 -0.689900 -0.141100
vn 0.993600 -0.105200 0.041500
vn 0.823500 0.529100 0.204800
vn 0.197900 0.951900 0.233700
vn 0.541600 0.803700 0.246600
vn -0.172500 0.967100 0.187200
vn -0.624500 0.775300 0.094900
vn -0.975700 0.212000 -0.055300
vn -0.875900 -0.447500 -0.180500
vn -0.538700 -0.810500 -0.230000
vn -0.193500 -0.951700 -0.238500
vn 0.178700 -0.960300 -0.214300
vn 0.629300 -0.766800 -0.126900
vn 0.975600 -0.214500 0.046600
vn 0.877500 0.436600 0.198400
vn 0.302600 0.926300 0.224500
vn 0.627000 0.740100 0.243200
vn -0.063200 0.982800 0.173500
vn -0.532400 0.842900 0.077700
vn -0.944200 0.321700 -0.071000
vn -0.918800 -0.347400 -0.187400
vn -0.624300 -0.747300 -0.227600
vn -0.297300 -0.926900 -0.228800
vn 0.071000 -0.977500 -0.198700
vn 0.539800 -0.834900 -0.107100
vn 0.944300 -0.322800 0.063200
vn 0.919100 0.337000 0.204300
vn 0.402400 0.887600 0.224300
vn 0.702900 0.666000 0.249900
vn 0.046200 0.985000 0.166500
vn -0.433600 0.898900 0.062600
vn -0.899300 0.427600 -0.091600
vn -0.948800 -0.241200 -0.204000
vn -0.701300 -0.672900 -0.235500
vn -0.397000 -0.889000 -0.228100
vn -0.037200 -0.981200 -0.189200
vn 0.443100 -0.892100 -0.089000
vn 0.900100 -0.427400 0.084900
vn 0.947500 0.232200 0.219700
vn 0.463300 0.855700 0.230700
vn 0.746500 0.612600 0.259700
vn 0.116100 0.978700 0.169300
vn -0.364500 0.929600 0.054700
vn -0.858700 0.499200 -0.116100
vn -0.958100 -0.164600 -0.234300
vn -0.744200 -0.617200 -0.255600
vn -0.458900 -0.857700 -0.232000
vn -0.109900 -0.978200 -0.176200
vn 0.371600 -0.926300 -0.062600
vn 0.859900 -0.497800 0.113400
vn 0.958000 0.159800 0.238200
vn 0.451300 0.861400 0.233200
vn 0.735300 0.621400 0.270400
vn 0.104500 0.981000 0.163500
vn -0.373900 0.926900 0.033700
vn -0.858300 0.489600 -0.153900
vn -0.947000 -0.173400 -0.270500
vn -0.731500 -0.623600 -0.275700
vn -0.448300 -0.863200 -0.232200
vn -0.102100 -0.982400 -0.156200
vn 0.376100 -0.926200 -0.025100
vn 0.858600 -0.488900 0.154600
vn 0.949200 0.171400 0.263900
vn 0.407400 0.884300 0.228000
vn 0.699600 0.657400 0.280000
vn 0.058700 0.987800 0.144400
vn -0.412600 0.910900 0.000500
vn -0.872000 0.450000 -0.192400
vn -0.929800 -0.217900 -0.296600
vn -0.696300 -0.658800 -0.284900
vn -0.405100 -0.885600 -0.227100
vn -0.057100 -0.988800 -0.137600
vn 0.413700 -0.910400 0.007400
vn 0.872100 -0.449700 0.193100
vn 0.932100 0.216400 0.290600
vn 0.363600 0.905400 0.219400
vn 0.663500 0.692200 0.284000
vn 0.013100 0.992200 0.124300
vn -0.450600 0.892200 -0.030100
vn -0.884700 0.408500 -0.224600
vn -0.911700 -0.263000 -0.315700
vn -0.660500 -0.693200 -0.288500
vn -0.361700 -0.906300 -0.218500
vn -0.012200 -0.992900 -0.118000
vn 0.450900 -0.891800 0.037500
vn 0.884600 -0.408400 0.225200
vn 0.914000 0.261800 0.310100
vn 0.319500 0.924400 0.208200
vn 0.626700 0.725800 0.283700
vn -0.032300 0.994100 0.103700
vn -0.487700 0.871100 -0.058600
vn -0.896000 0.365500 -0.252100
vn -0.892400 -0.308100 -0.329700
vn -0.624000 -0.726400 -0.288100
vn -0.318100 -0.925100 -0.207400
vn 0.032400 -0.994700 -0.097700
vn 0.487300 -0.870800 0.065600
vn 0.895900 -0.365400 0.252600
vn 0.894700 0.307100 0.324200
vn 0.275200 0.941400 0.195100
vn 0.589200 0.757800 0.280300
vn -0.077200 0.993600 0.082700
vn -0.523600 0.847600 -0.085500
vn -0.905900 0.321200 -0.276000
vn -0.871800 -0.353100 -0.339600
vn -0.586500 -0.758300 -0.284700
vn -0.274000 -0.941900 -0.194300
vn 0.077000 -0.994100 -0.076800
vn 0.522700 -0.847500 0.092100
vn 0.905700 -0.321300 0.276400
vn 0.874300 0.352000 0.334300
vn 0.230500 0.956200 0.180400
vn 0.550800 0.788300 0.274300
vn -0.121700 0.990700 0.061400
vn -0.558500 0.822100 -0.110900
vn -0.914200 0.275800 -0.296800
vn -0.849800 -0.397400 -0.346300
vn -0.548000 -0.788700 -0.278700
vn -0.229600 -0.956600 -0.179700
vn 0.121200 -0.991100 -0.055500
vn 0.557200 -0.822100 0.117500
vn 0.914000 -0.276100 0.297300
vn 0.852400 0.396400 0.341100
vn 0.185600 0.968800 0.164400
vn 0.511600 0.816900 0.266200
vn -0.166000 0.985300 0.039800
vn -0.592200 0.794300 -0.135200
vn -0.920800 0.229500 -0.315300
vn -0.826300 -0.440900 -0.350400
vn -0.508800 -0.817200 -0.270600
vn -0.184800 -0.969000 -0.163700
vn 0.165000 -0.985700 -0.034000
vn 0.590700 -0.794300 0.141900
vn 0.920600 -0.229600 0.315800
vn 0.829000 0.440000 0.345100
vn 0.140600 0.979000 0.147400
vn 0.471600 0.843700 0.256400
vn -0.209800 0.977600 0.018100
vn -0.624800 0.764500 -0.158600
vn -0.925600 0.182400 -0.331600
vn -0.801200 -0.483600 -0.352300
vn -0.468800 -0.843900 -0.261000
vn -0.140000 -0.979200 -0.146800
vn 0.208500 -0.977900 -0.012100
vn 0.622900 -0.764600 0.165500
vn 0.925400 -0.182400 0.332200
vn 0.804000 0.483000 0.346800
vn 0.095400 0.987000 0.129700
vn 0.430700 0.868600 0.245000
vn -0.252900 0.967500 -0.003600
vn -0.655800 0.732900 -0.180900
vn -0.928400 0.134800 -0.346200
vn -0.774500 -0.525300 -0.352300
vn -0.427900 -0.868600 -0.249900
vn -0.094900 -0.987100 -0.129000
vn 0.251500 -0.967800 0.010100
vn 0.653700 -0.733000 0.188200
vn 0.928200 -0.135000 0.346700
vn 0.777500 0.524800 0.346500
vn 0.050200 0.992500 0.111100
vn 0.389000 0.891500 0.232400
vn -0.295400 0.955000 -0.025400
vn -0.685300 0.699600 -0.202400
vn -0.929200 0.086900 -0.359200
vn -0.746300 -0.565700 -0.350900
vn -0.386000 -0.891300 -0.237800
vn -0.049600 -0.992600 -0.110500
vn 0.293800 -0.955300 0.032300
vn 0.682800 -0.699600 0.210300
vn 0.929000 -0.087200 0.359800
vn 0.749400 0.565400 0.344500
vn 0.005000 0.995700 0.092200
vn 0.346600 0.912100 0.218800
vn -0.337200 0.940300 -0.047100
vn -0.713300 0.664400 -0.223300
vn -0.927800 0.038700 -0.371000
vn -0.716200 -0.604700 -0.348300
vn -0.343300 -0.911900 -0.224800
vn -0.004400 -0.995800 -0.091500
vn 0.335100 -0.940600 0.054700
vn 0.710400 -0.664500 0.232000
vn 0.927500 -0.039000 0.371700
vn 0.719700 0.604700 0.341200
vn -0.018600 0.996400 0.082300
vn 0.323800 0.922200 0.211300
vn -0.359100 0.931500 -0.058500
vn -0.728400 0.643800 -0.234400
vn -0.926200 0.010200 -0.377000
vn -0.698800 -0.626000 -0.346200
vn -0.320300 -0.922000 -0.217500
vn 0.019300 -0.996500 -0.081300
vn 0.356800 -0.931800 0.066500
vn 0.725100 -0.644100 0.243600
vn 0.925900 -0.010600 0.377600
vn 0.702400 0.626000 0.338600
vn 0.115600 0.983500 0.139500
vn 0.117300 0.982600 0.143900
vn 0.454800 0.890500 0.013500
vn 0.452600 0.891700 0.007700
vn -0.237600 0.938100 0.251900
vn -0.236500 0.937800 0.254200
vn -0.651000 0.676000 0.345300
vn -0.651100 0.676300 0.344500
vn -0.940800 0.064000 0.332900
vn -0.942400 0.065000 0.328200
vn -0.798700 -0.578000 0.167500
vn -0.800800 -0.576900 0.161000
vn -0.452500 -0.891700 -0.007800
vn -0.454300 -0.890700 -0.013700
vn -0.114900 -0.983500 -0.139800
vn -0.116200 -0.982700 -0.144300
vn 0.238800 -0.937700 -0.252300
vn 0.238300 -0.937200 -0.254700
vn 0.652300 -0.674600 -0.345600
vn 0.652800 -0.674600 -0.344800
vn 0.941000 -0.062200 -0.332600
vn 0.942600 -0.062900 -0.327900
vn 0.798400 0.578400 -0.167400
vn 0.800700 0.577000 -0.161000
vn 0.120800 0.980800 0.153200
vn 0.459500 0.887800 0.026800
vn -0.234700 0.937100 0.258300
vn -0.651900 0.677400 0.340800
vn -0.946400 0.067600 0.315700
vn -0.805800 -0.574100 0.145300
vn -0.458300 -0.888400 -0.027200
vn -0.119000 -0.980900 -0.153800
vn 0.237100 -0.936300 -0.258900
vn 0.654300 -0.674900 -0.341200
vn 0.946700 -0.065100 -0.315300
vn 0.806100 0.573700 -0.145400
vn 0.124400 0.978700 0.163100
vn 0.465000 0.884300 0.042900
vn -0.233600 0.936800 0.260500
vn -0.654100 0.679400 0.332500
vn -0.952300 0.071300 0.296600
vn -0.812000 -0.570300 0.124000
vn -0.463000 -0.885300 -0.043700
vn -0.121900 -0.978900 -0.163900
vn 0.236600 -0.935800 -0.261300
vn 0.657300 -0.676200 -0.332800
vn 0.952700 -0.068700 -0.296200
vn 0.812700 0.569200 -0.124400
vn 0.127400 0.976700 0.172800
vn 0.470600 0.880200 0.061300
vn -0.233400 0.937000 0.260100
vn -0.657800 0.682400 0.318800
vn -0.959600 0.076600 0.270700
vn -0.819100 -0.565300 0.097600
vn -0.467800 -0.881600 -0.062400
vn -0.124300 -0.976900 -0.173600
vn 0.237200 -0.935800 -0.260800
vn 0.661500 -0.678800 -0.318900
vn 0.959900 -0.074200 -0.270200
vn 0.820300 0.563500 -0.098400
vn 0.129500 0.975000 0.180800
vn 0.475400 0.876100 0.080200
vn -0.234100 0.937900 0.256000
vn -0.662300 0.686600 0.299700
vn -0.967400 0.083000 0.239300
vn -0.826100 -0.559400 0.068400
vn -0.472200 -0.877700 -0.081300
vn -0.125900 -0.975300 -0.181600
vn 0.238500 -0.936600 -0.256600
vn 0.666200 -0.682900 -0.299700
vn 0.967600 -0.081300 -0.239000
vn 0.827800 0.556700 -0.069300
vn 0.130400 0.973900 0.185700
vn 0.479100 0.872400 0.097100
vn -0.235800 0.939500 0.248300
vn -0.667300 0.691300 0.277100
vn -0.974500 0.089800 0.205700
vn -0.832100 -0.553300 0.039400
vn -0.475700 -0.874100 -0.098200
vn -0.126700 -0.974200 -0.186500
vn 0.240100 -0.938300 -0.248800
vn 0.670700 -0.688100 -0.277000
vn 0.974600 -0.089000 -0.205600
vn 0.834000 0.550200 -0.040400
vn 0.130500 0.973600 0.187100
vn 0.481300 0.869600 0.109900
vn -0.238100 0.941600 0.238100
vn -0.671800 0.695900 0.253700
vn -0.980000 0.096100 0.174200
vn -0.836400 -0.547900 0.014300
vn -0.478100 -0.871300 -0.110900
vn -0.127100 -0.974000 -0.187800
vn 0.241600 -0.940600 -0.238500
vn 0.674400 -0.693500 -0.253600
vn 0.980000 -0.096200 -0.174200
vn 0.838400 0.544800 -0.015300
vn 0.129900 0.974100 0.185100
vn 0.482100 0.868200 0.117600
vn -0.240300 0.943900 0.226700
vn -0.675400 0.699900 0.232300
vn -0.983800 0.101200 0.148000
vn -0.839200 -0.543800 -0.004300
vn -0.479400 -0.869600 -0.118300
vn -0.127200 -0.974400 -0.185500
vn 0.242800 -0.943200 -0.226800
vn 0.677000 -0.698400 -0.232200
vn 0.983700 -0.102000 -0.148200
vn 0.841000 0.541100 0.003500
vn 0.128800 0.975100 0.180400
vn 0.481900 0.867900 0.120300
vn -0.242100 0.946100 0.215300
vn -0.678000 0.703100 0.214600
vn -0.986100 0.104800 0.129100
vn -0.840700 -0.541200 -0.015700
vn -0.480000 -0.868900 -0.120600
vn -0.127200 -0.975300 -0.180600
vn 0.243500 -0.945700 -0.215400
vn 0.678600 -0.702400 -0.214600
vn 0.985900 -0.106200 -0.129400
vn 0.842200 0.539000 0.015100
vn 0.127700 0.976400 0.174200
vn 0.481400 0.868400 0.118900
vn -0.243500 0.948000 0.205100
vn -0.679600 0.705400 0.201400
vn -0.987300 0.107000 0.117100
vn -0.841400 -0.540100 -0.020900
vn -0.480200 -0.869000 -0.119100
vn -0.127100 -0.976500 -0.174200
vn 0.244100 -0.947800 -0.205100
vn 0.679600 -0.705400 -0.201400
vn 0.987100 -0.108700 -0.117400
vn 0.842600 0.538200 0.020400
vn 0.126800 0.977700 0.167300
vn 0.480700 0.869300 0.114800
vn -0.244600 0.949500 0.196400
vn -0.680700 0.706900 0.192200
vn -0.987900 0.108100 0.110900
vn -0.841600 -0.539800 -0.021200
vn -0.480100 -0.869600 -0.115000
vn -0.126600 -0.977700 -0.167400
vn 0.244700 -0.949500 -0.196400
vn 0.680300 -0.707300 -0.192200
vn 0.987700 -0.110000 -0.111200
vn 0.842400 0.538400 0.020900
vn 0.127000 0.976900 0.172100
vn 0.480400 0.868800 0.119800
vn -0.244000 0.948900 0.200400
vn -0.679500 0.707400 0.194600
vn -0.987600 0.111000 0.110700
vn -0.843000 -0.537400 -0.024100
vn -0.481300 -0.868400 -0.119100
vn -0.127100 -0.976900 -0.171600
vn 0.244700 -0.948800 -0.199900
vn 0.681100 -0.706000 -0.193800
vn 0.988200 -0.107400 -0.109300
vn 0.841700 0.539300 0.025300
vn 0.129600 0.970600 0.202700
vn 0.482100 0.863600 0.147600
vn -0.240800 0.943000 0.229800
vn -0.676100 0.704300 0.216400
vn -0.986900 0.113800 0.114300
vn -0.845700 -0.532100 -0.040700
vn -0.484400 -0.862600 -0.146000
vn -0.129900 -0.970800 -0.201600
vn 0.242600 -0.942800 -0.228700
vn 0.680800 -0.700400 -0.214500
vn 0.988500 -0.103500 -0.110500
vn 0.842200 0.537500 0.043700
vn 0.134000 0.958400 0.251900
vn 0.485900 0.852500 0.192500
vn -0.236300 0.931500 0.276600
vn -0.672600 0.696500 0.250000
vn -0.986500 0.114200 0.117600
vn -0.848600 -0.524500 -0.069600
vn -0.488300 -0.851600 -0.190600
vn -0.134200 -0.958700 -0.250600
vn 0.238800 -0.931300 -0.275300
vn 0.678400 -0.691700 -0.247400
vn 0.988400 -0.102000 -0.112300
vn 0.844400 0.530600 0.073400
vn 0.139100 0.940600 0.309700
vn 0.490400 0.836000 0.246300
vn -0.231400 0.915000 0.330500
vn -0.668900 0.685600 0.287400
vn -0.986200 0.115000 0.118700
vn -0.851900 -0.512900 -0.105600
vn -0.492800 -0.835200 -0.244000
vn -0.138800 -0.941100 -0.308200
vn 0.234800 -0.914700 -0.328800
vn 0.676100 -0.680000 -0.283800
vn 0.988600 -0.101000 -0.111600
vn 0.847200 0.519600 0.110500
vn 0.144200 0.916000 0.374300
vn 0.495100 0.812500 0.307800
vn -0.226700 0.892800 0.389300
vn -0.665400 0.671400 0.326200
vn -0.986300 0.117000 0.116000
vn -0.855300 -0.496200 -0.149200
vn -0.497300 -0.812100 -0.305300
vn -0.143100 -0.916900 -0.372600
vn 0.231100 -0.892600 -0.387200
vn 0.674000 -0.665200 -0.321300
vn 0.989000 -0.102100 -0.106700
vn 0.850300 0.502900 0.155100
vn 0.148200 0.885400 0.440500
vn 0.499100 0.782100 0.373000
vn -0.223200 0.866100 0.447300
vn -0.663200 0.655600 0.361100
vn -0.986900 0.121200 0.106600
vn -0.857900 -0.473900 -0.198900
vn -0.500500 -0.782500 -0.370400
vn -0.146300 -0.886700 -0.438600
vn 0.228300 -0.866100 -0.444700
vn 0.672500 -0.649400 -0.355000
vn 0.989600 -0.107200 -0.095800
vn 0.853300 0.479300 0.205200
vn 0.150300 0.854000 0.498100
vn 0.501600 0.748900 0.433200
vn -0.221600 0.840500 0.494400
vn -0.662800 0.642800 0.384100
vn -0.987700 0.129100 0.088200
vn -0.858400 -0.447900 -0.250100
vn -0.501300 -0.750400 -0.430800
vn -0.147500 -0.855700 -0.496100
vn 0.227200 -0.840800 -0.491300
vn 0.671600 -0.637800 -0.377100
vn 0.989800 -0.119100 -0.077600
vn 0.855600 0.450200 0.255600
vn 0.150500 0.832200 0.533600
vn 0.502200 0.722100 0.475800
vn -0.221900 0.826400 0.517500
vn -0.664200 0.640500 0.385500
vn -0.988100 0.141900 0.059300
vn -0.856200 -0.424100 -0.294900
vn -0.499600 -0.725100 -0.473900
vn -0.146600 -0.834400 -0.531300
vn 0.227400 -0.827100 -0.514000
vn 0.670100 -0.638200 -0.379000
vn 0.988900 -0.139300 -0.052200
vn 0.856600 0.421400 0.297900
vn 0.150800 0.832000 0.533900
vn 0.502800 0.713200 0.488400
vn -0.221900 0.834000 0.505100
vn -0.665000 0.655400 0.358000
vn -0.987100 0.158600 0.021700
vn -0.852700 -0.410300 -0.323200
vn -0.497700 -0.717800 -0.486900
vn -0.146300 -0.834500 -0.531200
vn 0.225900 -0.835300 -0.501200
vn 0.666100 -0.656800 -0.353500
vn 0.985900 -0.166000 -0.020600
vn 0.857000 0.401600 0.323000
vn 0.154900 0.856600 0.492100
vn 0.506300 0.727400 0.463200
vn -0.217800 0.865000 0.452100
vn -0.662100 0.686400 0.300900
vn -0.984300 0.175600 -0.018800
vn -0.850800 -0.411700 -0.326400
vn -0.499400 -0.733200 -0.461500
vn -0.150600 -0.859200 -0.489000
vn 0.219200 -0.866500 -0.448500
vn 0.657600 -0.691400 -0.299100
vn 0.981100 -0.193100 0.014300
vn 0.858500 0.397300 0.324300
vn 0.164800 0.895700 0.413000
vn 0.514500 0.757100 0.402500
vn -0.207800 0.907400 0.365400
vn -0.654200 0.722800 0.222700
vn -0.980400 0.189300 -0.054200
vn -0.853300 -0.424800 -0.302500
vn -0.507300 -0.763100 -0.400500
vn -0.161500 -0.897700 -0.410000
vn 0.206600 -0.908800 -0.362600
vn 0.645400 -0.730600 -0.222900
vn 0.975800 -0.213500 0.048100
vn 0.862400 0.407400 0.300700
vn 0.178200 0.932500 0.314200
vn 0.525700 0.788000 0.320500
vn -0.194100 0.944800 0.263800
vn -0.643200 0.752800 0.139700
vn -0.977000 0.198200 -0.079300
vn -0.859800 -0.440200 -0.258900
vn -0.519600 -0.793000 -0.318100
vn -0.176300 -0.933700 -0.311500
vn 0.191300 -0.946000 -0.261700
vn 0.632800 -0.761600 -0.140200
vn 0.971800 -0.223600 0.074900
vn 0.868200 0.423400 0.258600
vn 0.185000 0.947100 0.262400
vn 0.530900 0.801200 0.276200
vn -0.186500 0.959300 0.211900
vn -0.636700 0.764700 0.099200
vn -0.975300 0.202300 -0.088700
vn -0.863700 -0.446700 -0.233500
vn -0.526000 -0.805200 -0.273900
vn -0.183900 -0.947900 -0.260000
vn 0.183200 -0.960400 -0.210000
vn 0.626600 -0.773000 -0.099400
vn 0.970500 -0.225300 0.086100
vn 0.870900 0.432100 0.234200
vn 0.523700 0.830900 0.188000
vn 0.533300 0.835600 0.131500
vn 0.802800 0.574600 0.159100
vn 0.793600 0.570000 0.212800
vn 0.178800 0.973800 0.140600
vn 0.187800 0.978100 0.089400
vn -0.317900 0.946700 0.051300
vn -0.310800 0.950300 0.018900
vn -0.842900 0.531800 -0.081600
vn -0.842300 0.533500 -0.076700
vn -0.978000 -0.118800 -0.171600
vn -0.983900 -0.120400 -0.132000
vn -0.795800 -0.576200 -0.186200
vn -0.804200 -0.579600 -0.131600
vn -0.529100 -0.832600 -0.163800
vn -0.537700 -0.836400 -0.106500
vn -0.190100 -0.975000 -0.115100
vn -0.197600 -0.978300 -0.062900
vn 0.293800 -0.955600 -0.022300
vn 0.289400 -0.957100 0.012200
vn 0.820200 -0.560700 0.113800
vn 0.821700 -0.558900 0.111900
vn 0.974200 0.098700 0.203200
vn 0.980900 0.102900 0.165200
vn 0.546000 0.837200 0.030100
vn 0.814500 0.576600 0.063300
vn 0.200100 0.979800 -0.003200
vn -0.300700 0.952800 -0.041500
vn -0.840100 0.537900 -0.070600
vn -0.991000 -0.117900 -0.063100
vn -0.814500 -0.579000 -0.035100
vn -0.548500 -0.836200 -0.004500
vn -0.206700 -0.977900 0.030700
vn 0.285400 -0.955500 0.075100
vn 0.824800 -0.554700 0.109700
vn 0.989500 0.106300 0.098200
vn 0.551400 0.833200 -0.041300
vn 0.819100 0.573600 -0.002500
vn 0.206200 0.976000 -0.070200
vn -0.294400 0.951600 -0.088200
vn -0.837100 0.542300 -0.072100
vn -0.993500 -0.111800 -0.019200
vn -0.818500 -0.573700 0.030300
vn -0.552400 -0.830900 0.066500
vn -0.209700 -0.972900 0.097500
vn 0.285900 -0.950500 0.122000
vn 0.827900 -0.549700 0.111600
vn 0.992800 0.106500 0.054000
vn 0.553100 0.829500 -0.077400
vn 0.820300 0.571000 -0.033700
vn 0.209300 0.972000 -0.106500
vn -0.289900 0.949800 -0.117200
vn -0.834200 0.545500 -0.080300
vn -0.994200 -0.107100 -0.002800
vn -0.820000 -0.569200 0.060200
vn -0.553400 -0.826700 0.101700
vn -0.209900 -0.968700 0.132800
vn 0.287600 -0.946000 0.149600
vn 0.830300 -0.544700 0.117700
vn 0.993600 0.107300 0.035800
vn 0.553200 0.829200 -0.080200
vn 0.819800 0.571800 -0.032200
vn 0.210500 0.971000 -0.113300
vn -0.287000 0.949300 -0.128300
vn -0.831700 0.547300 -0.093200
vn -0.994300 -0.105900 -0.011700
vn -0.820400 -0.568900 0.056900
vn -0.553300 -0.826600 0.102900
vn -0.208900 -0.968100 0.138100
vn 0.289400 -0.944000 0.158700
vn 0.831800 -0.540200 0.127700
vn 0.993000 0.110400 0.042000
vn 0.551800 0.832100 -0.054900
vn 0.817600 0.575800 -0.003700
vn 0.209800 0.973100 -0.095200
vn -0.286000 0.950200 -0.123800
vn -0.829600 0.547600 -0.109100
vn -0.993300 -0.108200 -0.040700
vn -0.819400 -0.572600 0.026400
vn -0.552100 -0.830300 0.076100
vn -0.207100 -0.971100 0.118400
vn 0.291700 -0.944300 0.152200
vn 0.832400 -0.536000 0.140500
vn 0.991000 0.115400 0.068300
vn 0.547600 0.836700 -0.009100
vn 0.812800 0.580900 0.044500
vn 0.206400 0.976700 -0.058500
vn -0.287000 0.951900 -0.107300
vn -0.827600 0.546900 -0.126200
vn -0.990100 -0.112400 -0.084000
vn -0.815500 -0.578200 -0.023900
vn -0.548200 -0.835900 0.028400
vn -0.203700 -0.975800 0.079800
vn 0.294000 -0.946400 0.133600
vn 0.831800 -0.533000 0.155100
vn 0.986700 0.120800 0.108800
vn 0.539500 0.840500 0.049600
vn 0.804200 0.585100 0.104800
vn 0.200100 0.979700 -0.009700
vn -0.289900 0.953500 -0.082600
vn -0.825400 0.546000 -0.143400
vn -0.984000 -0.115900 -0.135700
vn -0.807900 -0.582900 -0.086500
vn -0.540500 -0.840700 -0.032300
vn -0.197700 -0.979800 0.029100
vn 0.296800 -0.948900 0.106900
vn 0.829700 -0.531700 0.170100
vn 0.979500 0.124800 0.158000
vn 0.527700 0.841700 0.114400
vn 0.791500 0.586900 0.170400
vn 0.190300 0.980700 0.044900
vn -0.295800 0.953700 -0.053600
vn -0.822900 0.545300 -0.159700
vn -0.974600 -0.117300 -0.190600
vn -0.796100 -0.585200 -0.154300
vn -0.528900 -0.842900 -0.098900
vn -0.188100 -0.981800 -0.027300
vn 0.301900 -0.950300 0.075900
vn 0.826600 -0.531600 0.184500
vn 0.969400 0.126300 0.210500
vn 0.512300 0.839900 0.179300
vn 0.775800 0.585300 0.235700
vn 0.177300 0.979000 0.100200
vn -0.304000 0.952400 -0.023400
vn -0.820300 0.544700 -0.174700
vn -0.962600 -0.116600 -0.244400
vn -0.780600 -0.584400 -0.221700
vn -0.513700 -0.841800 -0.165800
vn -0.175400 -0.980900 -0.084600
vn 0.308800 -0.950100 0.043600
vn 0.823100 -0.532400 0.197500
vn 0.956900 0.124900 0.262100
vn 0.494100 0.835400 0.240600
vn 0.758200 0.580300 0.297100
vn 0.162400 0.974800 0.153000
vn -0.311800 0.950100 0.006400
vn -0.817300 0.544800 -0.187800
vn -0.948900 -0.113900 -0.294500
vn -0.762900 -0.580300 -0.285000
vn -0.495600 -0.837800 -0.228800
vn -0.161800 -0.976900 -0.139400
vn 0.316800 -0.948400 0.012100
vn 0.820000 -0.532800 0.209100
vn 0.943000 0.120500 0.310100
vn 0.484400 0.832200 0.269900
vn 0.748600 0.577100 0.326400
vn 0.154900 0.971700 0.178400
vn -0.315100 0.948800 0.021200
vn -0.815900 0.544700 -0.194000
vn -0.941300 -0.112700 -0.318300
vn -0.753300 -0.577300 -0.315200
vn -0.485800 -0.834800 -0.259000
vn -0.155200 -0.973800 -0.166000
vn 0.320400 -0.947300 -0.003400
vn 0.818500 -0.533000 0.214400
vn 0.935500 0.118000 0.332900
vn -0.409600 0.904000 0.122800
vn -0.366700 0.923000 0.116800
vn -0.010300 0.976000 0.217700
vn -0.054600 0.974100 0.219300
vn -0.708300 0.705800 0.011200
vn -0.672500 0.740100 0.001800
vn -0.948200 0.288900 -0.132200
vn -0.930500 0.336700 -0.144300
vn -0.888200 -0.377000 -0.262700
vn -0.902900 -0.331100 -0.274000
vn -0.421900 -0.865700 -0.269200
vn -0.460400 -0.844200 -0.274700
vn 0.055100 -0.979300 -0.194600
vn 0.010400 -0.981100 -0.193400
vn 0.409500 -0.906200 -0.105900
vn 0.366500 -0.925000 -0.099900
vn 0.706900 -0.707300 0.000200
vn 0.671300 -0.741100 0.010000
vn 0.944400 -0.294800 0.145500
vn 0.926600 -0.341300 0.157900
vn 0.887400 0.361600 0.285900
vn 0.900600 0.317300 0.297000
vn 0.424600 0.854700 0.298800
vn 0.461900 0.833400 0.303500
vn -0.281200 0.953500 0.108600
vn 0.075700 0.972900 0.218400
vn -0.599600 0.800200 -0.014000
vn -0.890600 0.422800 -0.167400
vn -0.922800 -0.244200 -0.298000
vn -0.530500 -0.797100 -0.288500
vn -0.076500 -0.977800 -0.195200
vn 0.280600 -0.955400 -0.092200
vn 0.598400 -0.800700 0.026200
vn 0.886300 -0.426000 0.181500
vn 0.918200 0.232800 0.320500
vn 0.529900 0.787000 0.316100
vn -0.195400 0.974500 0.110200
vn 0.159100 0.960500 0.228300
vn -0.523500 0.851700 -0.021200
vn -0.843800 0.503900 -0.184700
vn -0.933700 -0.155900 -0.322400
vn -0.593900 -0.742900 -0.308900
vn -0.160900 -0.965200 -0.206300
vn 0.194200 -0.976400 -0.094200
vn 0.522200 -0.852200 0.033500
vn 0.839300 -0.505900 0.199200
vn 0.927300 0.146900 0.344300
vn 0.591300 0.733600 0.334900
vn -0.110700 0.986500 0.121000
vn 0.238600 0.939400 0.246200
vn -0.445500 0.895100 -0.019100
vn -0.791200 0.579800 -0.194700
vn -0.936200 -0.066900 -0.345100
vn -0.650300 -0.682300 -0.334000
vn -0.241200 -0.943900 -0.225600
vn 0.108800 -0.988400 -0.105700
vn 0.443700 -0.895600 0.031400
vn 0.786600 -0.580800 0.209300
vn 0.928600 0.060000 0.366100
vn 0.646100 0.674000 0.358300
vn -0.028200 0.989700 0.140200
vn 0.313300 0.910300 0.270500
vn -0.366800 0.930300 -0.007800
vn -0.734100 0.650000 -0.196400
vn -0.931100 0.021900 -0.364100
vn -0.699700 -0.616100 -0.361700
vn -0.316600 -0.914700 -0.251300
vn 0.026000 -0.991700 -0.125600
vn 0.364500 -0.931000 0.019900
vn 0.729700 -0.650400 0.211100
vn 0.922900 -0.026900 0.384100
vn 0.693900 0.609000 0.384100
vn 0.051200 0.984700 0.166400
vn 0.382600 0.874100 0.299300
vn -0.288500 0.957400 0.012000
vn -0.673900 0.714100 -0.189600
vn -0.919300 0.110000 -0.377800
vn -0.742200 -0.545000 -0.389900
vn -0.387000 -0.878000 -0.281800
vn -0.053900 -0.986800 -0.152600
vn 0.286000 -0.958200 -0.000000
vn 0.669700 -0.714000 0.204400
vn 0.910800 -0.113100 0.397000
vn 0.735100 0.539600 0.410400
vn 0.127200 0.971900 0.198100
vn 0.446600 0.831300 0.331000
vn -0.210900 0.976700 0.039400
vn -0.611600 0.771700 -0.174600
vn -0.901700 0.196200 -0.385300
vn -0.777800 -0.470400 -0.416800
vn -0.452100 -0.834400 -0.315200
vn -0.130600 -0.974000 -0.185300
vn 0.208400 -0.977700 -0.027500
vn 0.607400 -0.771600 0.189100
vn 0.893300 -0.197900 0.403600
vn 0.770000 0.466200 0.435600
vn 0.199800 0.951500 0.233900
vn 0.505800 0.782000 0.364100
vn -0.134500 0.988200 0.073100
vn -0.547500 0.822900 -0.151600
vn -0.879100 0.279800 -0.385900
vn -0.807000 -0.392900 -0.440900
vn -0.511600 -0.784800 -0.349700
vn -0.203900 -0.953500 -0.222000
vn 0.131600 -0.989400 -0.061600
vn 0.543500 -0.822800 0.166000
vn 0.871000 -0.280300 0.403500
vn 0.799000 0.389500 0.458100
vn 0.268800 0.923900 0.272200
vn 0.560300 0.727000 0.396900
vn -0.060600 0.991900 0.111400
vn -0.482800 0.867200 -0.121800
vn -0.852100 0.360600 -0.379400
vn -0.830300 -0.313200 -0.461000
vn -0.565900 -0.729800 -0.383700
vn -0.273200 -0.925800 -0.261200
vn 0.057100 -0.993300 -0.100400
vn 0.478900 -0.867300 0.136000
vn 0.844400 -0.360400 0.396300
vn 0.822500 0.310300 0.476700
vn 0.334100 0.889600 0.311400
vn 0.609700 0.667200 0.427900
vn 0.010200 0.988200 0.152700
vn -0.418200 0.904200 -0.086300
vn -0.821300 0.437800 -0.365800
vn -0.848200 -0.232200 -0.476100
vn -0.615100 -0.669900 -0.415800
vn -0.338300 -0.891600 -0.301000
vn -0.014100 -0.989800 -0.142100
vn 0.413900 -0.904800 0.099900
vn 0.813900 -0.437900 0.381700
vn 0.840500 0.230000 0.490600
vn 0.394500 0.849800 0.349600
vn 0.653400 0.604400 0.455700
vn 0.077700 0.977600 0.195400
vn -0.354800 0.933800 -0.046700
vn -0.787700 0.509800 -0.345800
vn -0.861100 -0.150600 -0.485600
vn -0.658900 -0.606600 -0.444800
vn -0.398100 -0.852200 -0.339600
vn -0.082800 -0.979100 -0.185600
vn 0.349400 -0.935100 0.059300
vn 0.780700 -0.510100 0.360900
vn 0.853500 0.150000 0.499000
vn 0.423000 0.828100 0.367900
vn 0.673200 0.572300 0.468300
vn 0.110600 0.969900 0.216800
vn -0.323100 0.946000 -0.026000
vn -0.769600 0.544300 -0.334000
vn -0.865500 -0.109900 -0.488600
vn -0.678700 -0.574200 -0.457900
vn -0.426300 -0.830700 -0.358100
vn -0.116700 -0.971200 -0.207700
vn 0.316700 -0.947800 0.037700
vn 0.763000 -0.544300 0.348800
vn 0.858100 0.110400 0.501400
vn -0.428000 0.889700 0.158700
vn -0.382600 0.909300 0.163900
vn -0.018000 0.980800 0.194300
vn -0.069000 0.973900 0.216100
vn -0.729800 0.678500 0.083800
vn -0.695000 0.709700 0.115200
vn -0.967600 0.251600 -0.021000
vn -0.955600 0.292300 0.036800
vn -0.907000 -0.398000 -0.137300
vn -0.927200 -0.368100 -0.069900
vn -0.448600 -0.873700 -0.188200
vn -0.482600 -0.864600 -0.140300
vn 0.038000 -0.984400 -0.171700
vn 0.000400 -0.988400 -0.152000
vn 0.404100 -0.905300 -0.130700
vn 0.368100 -0.919800 -0.135900
vn 0.712200 -0.698800 -0.066800
vn 0.683300 -0.723700 -0.096900
vn 0.960200 -0.276000 0.043600
vn 0.950200 -0.311500 -0.014200
vn 0.899600 0.395300 0.185600
vn 0.925900 0.360400 0.113500
vn 0.416900 0.875400 0.244800
vn 0.467000 0.863000 0.192700
vn -0.298700 0.940900 0.159600
vn 0.072000 0.986000 0.150100
vn -0.627800 0.763700 0.150800
vn -0.924400 0.363600 0.115000
vn -0.951800 -0.305100 0.031400
vn -0.546800 -0.834900 -0.062300
vn -0.076800 -0.990500 -0.114400
vn 0.293800 -0.946300 -0.134900
vn 0.623000 -0.770800 -0.133000
vn 0.922200 -0.375200 -0.093200
vn 0.955000 0.296700 0.005300
vn 0.545100 0.831700 0.105500
vn -0.215800 0.966400 0.139400
vn 0.156600 0.981300 0.112300
vn -0.558000 0.816100 0.150400
vn -0.887000 0.440200 0.139300
vn -0.970400 -0.229100 0.077000
vn -0.609600 -0.792500 -0.017000
vn -0.155200 -0.984400 -0.082500
vn 0.216100 -0.969200 -0.118100
vn 0.557500 -0.819300 -0.134000
vn 0.886800 -0.446600 -0.119000
vn 0.974200 0.221000 -0.045100
vn 0.613500 0.787900 0.053100
vn -0.133400 0.984300 0.115600
vn 0.238900 0.967300 0.085300
vn -0.486600 0.863500 0.132800
vn -0.846000 0.516400 0.132600
vn -0.985500 -0.146200 0.086100
vn -0.671800 -0.740700 0.003100
vn -0.234600 -0.970200 -0.059700
vn 0.136500 -0.985900 -0.096900
vn 0.488800 -0.864400 -0.117700
vn 0.847100 -0.519100 -0.113600
vn 0.988600 0.139100 -0.057700
vn 0.677800 0.734800 0.027800
vn -0.050400 0.994200 0.095100
vn 0.319900 0.944800 0.071200
vn -0.412500 0.904500 0.108200
vn -0.800100 0.590100 0.107500
vn -0.995800 -0.059500 0.069300
vn -0.732000 -0.681300 0.001900
vn -0.314100 -0.948200 -0.048600
vn 0.055200 -0.995400 -0.078100
vn 0.416500 -0.904300 -0.094000
vn 0.802400 -0.590000 -0.089400
vn 0.997600 0.054200 -0.043300
vn 0.738000 0.674300 0.025500
vn 0.033900 0.996100 0.082000
vn 0.399000 0.914200 0.071600
vn -0.334900 0.938500 0.083300
vn -0.748000 0.659800 0.071700
vn -0.999100 0.028700 0.032700
vn -0.787800 -0.615700 -0.019000
vn -0.392900 -0.918200 -0.051300
vn -0.028100 -0.997400 -0.066400
vn 0.340600 -0.937600 -0.069700
vn 0.751800 -0.657100 -0.054400
vn 0.999500 -0.031800 -0.008600
vn 0.792600 0.608200 0.043700
vn 0.118400 0.989700 0.079800
vn 0.474500 0.875900 0.087800
vn -0.254100 0.965100 0.063000
vn -0.688800 0.724300 0.031300
vn -0.992900 0.117500 -0.018900
vn -0.836900 -0.544200 -0.058100
vn -0.468900 -0.880500 -0.069100
vn -0.111900 -0.991600 -0.065000
vn 0.260900 -0.964100 -0.049500
vn 0.694100 -0.719700 -0.014300
vn 0.992100 -0.118200 0.041400
vn 0.839800 0.536900 0.080700
vn 0.200500 0.975500 0.091000
vn 0.544000 0.830400 0.120400
vn -0.170600 0.984000 0.051100
vn -0.621900 0.783100 -0.008700
vn -0.975300 0.205300 -0.081100
vn -0.876200 -0.468300 -0.113700
vn -0.539000 -0.836000 -0.102900
vn -0.193700 -0.978100 -0.076600
vn 0.178200 -0.983300 -0.037400
vn 0.628400 -0.777500 0.025800
vn 0.973700 -0.203800 0.102200
vn 0.877100 0.461100 0.134400
vn 0.277700 0.953500 0.116800
vn 0.604600 0.778400 0.168800
vn -0.086300 0.995000 0.050800
vn -0.547900 0.835400 -0.043900
vn -0.945000 0.291100 -0.149300
vn -0.903000 -0.388600 -0.183200
vn -0.600500 -0.784900 -0.152600
vn -0.271300 -0.957000 -0.102800
vn 0.094300 -0.994900 -0.036800
vn 0.555500 -0.829300 0.061300
vn 0.942800 -0.287300 0.169100
vn 0.902000 0.381600 0.202100
vn 0.347000 0.924600 0.157300
vn 0.653500 0.720600 0.231500
vn -0.004800 0.997900 0.063900
vn -0.468500 0.880700 -0.070300
vn -0.901100 0.374700 -0.218400
vn -0.915000 -0.305800 -0.263100
vn -0.651000 -0.727600 -0.216500
vn -0.342000 -0.928700 -0.143700
vn 0.012500 -0.998700 -0.049500
vn 0.477000 -0.874500 0.088400
vn 0.898800 -0.368600 0.237200
vn 0.912300 0.298900 0.280100
vn 0.405400 0.889400 0.211200
vn 0.687400 0.659000 0.305300
vn 0.069900 0.993400 0.090400
vn -0.386900 0.918100 -0.085300
vn -0.844300 0.454600 -0.283600
vn -0.910400 -0.222400 -0.348800
vn -0.687000 -0.665600 -0.291700
vn -0.402600 -0.893600 -0.198400
vn -0.062900 -0.995200 -0.075600
vn 0.395200 -0.912700 0.103900
vn 0.842100 -0.447200 0.301500
vn 0.906100 0.216200 0.363700
vn 0.431000 0.869600 0.240900
vn 0.699000 0.627000 0.343900
vn 0.105100 0.988700 0.106900
vn -0.345700 0.934100 -0.089500
vn -0.811400 0.492900 -0.314000
vn -0.902200 -0.180500 -0.391800
vn -0.699900 -0.632700 -0.331300
vn -0.429800 -0.873500 -0.228800
vn -0.098800 -0.990800 -0.092100
vn 0.353200 -0.929300 0.108200
vn 0.809400 -0.484600 0.331600
vn 0.896900 0.175900 0.405600
vn -0.244000 0.944300 0.221000
vn -0.213100 0.958900 0.187400
vn 0.104200 0.994500 -0.005500
vn 0.086000 0.994900 0.052300
vn -0.540300 0.759200 0.362900
vn -0.500300 0.788400 0.358100
vn -0.806800 0.349100 0.476700
vn -0.764700 0.392400 0.511200
vn -0.837100 -0.315800 0.446800
vn -0.809200 -0.275700 0.518900
vn -0.497300 -0.838300 0.223500
vn -0.490200 -0.819200 0.297700
vn -0.089700 -0.995900 -0.013700
vn -0.101400 -0.994000 0.041300
vn 0.236900 -0.952200 -0.193000
vn 0.211200 -0.964100 -0.160700
vn 0.531300 -0.775000 -0.342200
vn 0.495300 -0.800600 -0.337300
vn 0.807200 -0.373500 -0.457100
vn 0.767000 -0.413400 -0.490700
vn 0.853600 0.309900 -0.418800
vn 0.828100 0.268000 -0.492400
vn 0.501200 0.846300 -0.180800
vn 0.501000 0.825700 -0.259000
vn -0.158200 0.980500 0.116400
vn 0.136800 0.984200 -0.112800
vn -0.429700 0.839400 0.332700
vn -0.688900 0.471400 0.550700
vn -0.754700 -0.194100 0.626700
vn -0.477800 -0.770100 0.422600
vn -0.125200 -0.981800 0.142700
vn 0.164000 -0.982000 -0.093600
vn 0.431800 -0.845600 -0.313900
vn 0.695900 -0.484000 -0.530500
vn 0.776000 0.188300 -0.602000
vn 0.496700 0.775200 -0.390300
vn -0.106200 0.993400 0.043100
vn 0.175600 0.963800 -0.200600
vn -0.371300 0.884100 0.283700
vn -0.634800 0.548800 0.543800
vn -0.727600 -0.107300 0.677600
vn -0.486400 -0.713100 0.504900
vn -0.158500 -0.961500 0.224700
vn 0.117500 -0.992800 -0.025100
vn 0.379100 -0.885500 -0.268800
vn 0.646000 -0.553200 -0.526100
vn 0.749300 0.104800 -0.653900
vn 0.509400 0.715800 -0.477600
vn -0.047200 0.998700 -0.021500
vn 0.231700 0.936700 -0.262400
vn -0.317300 0.921300 0.224800
vn -0.599800 0.620700 0.505000
vn -0.731900 -0.020800 0.681100
vn -0.525200 -0.652600 0.546200
vn -0.211500 -0.935800 0.281900
vn 0.062500 -0.997400 0.035200
vn 0.330000 -0.919400 -0.214100
vn 0.614600 -0.617700 -0.490700
vn 0.752900 0.022800 -0.657700
vn 0.549200 0.652900 -0.521700
vn 0.026400 0.997300 -0.067900
vn 0.310500 0.904700 -0.291800
vn -0.258800 0.951400 0.167200
vn -0.574800 0.686300 0.445700
vn -0.762600 0.063700 0.643700
vn -0.595000 -0.589800 0.546000
vn -0.288900 -0.906200 0.308900
vn -0.008000 -0.996900 0.078800
vn 0.276100 -0.947700 -0.160100
vn 0.593800 -0.677100 -0.434700
vn 0.782200 -0.056600 -0.620400
vn 0.617700 0.588100 -0.522100
vn 0.118100 0.989200 -0.086900
vn 0.411100 0.866900 -0.282000
vn -0.188700 0.974400 0.122000
vn -0.549400 0.746300 0.375800
vn -0.808500 0.147500 0.569700
vn -0.689200 -0.523600 0.500900
vn -0.389600 -0.871300 0.298300
vn -0.097600 -0.990500 0.096500
vn 0.210200 -0.970700 -0.116400
vn 0.573300 -0.732700 -0.366900
vn 0.826700 -0.134600 -0.546300
vn 0.708700 0.520300 -0.476500
vn 0.224200 0.972000 -0.069800
vn 0.524900 0.820100 -0.227700
vn -0.105400 0.989400 0.099800
vn -0.514000 0.801300 0.306000
vn -0.853800 0.233600 0.465200
vn -0.793700 -0.449600 0.409700
vn -0.505800 -0.827400 0.244100
vn -0.203200 -0.975900 0.079600
vn 0.129600 -0.987100 -0.093600
vn 0.542800 -0.785700 -0.296900
vn 0.871100 -0.215000 -0.441600
vn 0.808100 0.446100 -0.384600
vn 0.333300 0.942700 -0.013900
vn 0.635400 0.760900 -0.131400
vn -0.012900 0.994100 0.107500
vn -0.463300 0.850700 0.248300
vn -0.881600 0.323800 0.343400
vn -0.888400 -0.363500 0.280200
vn -0.621100 -0.769600 0.148300
vn -0.314500 -0.948900 0.025000
vn 0.037500 -0.994400 -0.099100
vn 0.495200 -0.835900 -0.236800
vn 0.898600 -0.300900 -0.319300
vn 0.896900 0.360900 -0.255700
vn 0.432300 0.898800 0.072300
vn 0.726500 0.687100 -0.008000
vn 0.080800 0.986200 0.144600
vn -0.398400 0.892200 0.212700
vn -0.881600 0.415400 0.224200
vn -0.955200 -0.264600 0.132500
vn -0.718000 -0.695600 0.024300
vn -0.418000 -0.906400 -0.060200
vn -0.058500 -0.989300 -0.133800
vn 0.430000 -0.880900 -0.197700
vn 0.898000 -0.392100 -0.199500
vn 0.958300 0.263600 -0.109900
vn 0.512600 0.841000 0.172800
vn 0.790400 0.600600 0.120700
vn 0.166100 0.965000 0.203000
vn -0.326100 0.923300 0.202800
vn -0.854000 0.504700 0.126100
vn -0.987600 -0.156700 -0.008600
vn -0.786800 -0.608000 -0.106200
vn -0.503200 -0.849000 -0.161100
vn -0.148200 -0.970400 -0.190900
vn 0.353600 -0.916900 -0.185200
vn 0.868900 -0.484400 -0.101500
vn 0.987100 0.157600 0.028400
vn 0.573000 0.773100 0.271900
vn 0.828700 0.507100 0.236900
vn 0.237900 0.932700 0.271200
vn -0.254100 0.943000 0.214900
vn -0.807100 0.587400 0.058700
vn -0.991000 -0.046900 -0.125200
vn -0.828200 -0.513300 -0.224900
vn -0.567600 -0.780700 -0.261600
vn -0.226100 -0.938900 -0.259600
vn 0.275300 -0.941000 -0.197000
vn 0.819900 -0.571400 -0.035200
vn 0.988600 0.049600 0.142100
vn 0.597000 0.736100 0.319000
vn 0.839900 0.458900 0.289700
vn 0.269900 0.913000 0.306000
vn -0.219500 0.949300 0.225200
vn -0.779500 0.625500 0.032800
vn -0.984400 0.007400 -0.175600
vn -0.840900 -0.463800 -0.278900
vn -0.594000 -0.742600 -0.309400
vn -0.262200 -0.918800 -0.294900
vn 0.235100 -0.949400 -0.208400
vn 0.790200 -0.612800 -0.010800
vn 0.981600 -0.003900 0.191000
vn 0.072300 0.993900 -0.082700
vn 0.071100 0.994000 -0.083500
vn 0.407200 0.888800 -0.210100
vn 0.400100 0.886700 -0.231500
vn -0.264100 0.961400 0.077900
vn -0.273500 0.960300 0.055200
vn -0.648500 0.710500 0.273300
vn -0.668100 0.708500 0.227200
vn -0.900300 0.092700 0.425200
vn -0.926000 0.089800 0.366600
vn -0.730300 -0.568400 0.379100
vn -0.749500 -0.571000 0.335100
vn -0.382700 -0.894400 0.231400
vn -0.391600 -0.895500 0.211700
vn -0.055500 -0.995100 0.082000
vn -0.055800 -0.994900 0.084300
vn 0.281100 -0.956500 -0.078500
vn 0.289400 -0.955700 -0.054400
vn 0.662200 -0.698600 -0.271000
vn 0.680800 -0.697400 -0.223800
vn 0.904300 -0.093700 -0.416400
vn 0.929500 -0.089900 -0.357600
vn 0.743500 0.553600 -0.375100
vn 0.761200 0.558300 -0.329800
vn 0.070000 0.994200 -0.082000
vn 0.419300 0.892300 -0.167600
vn -0.287900 0.957500 0.015700
vn -0.697300 0.702500 0.142300
vn -0.963300 0.083400 0.255100
vn -0.779200 -0.574800 0.249800
vn -0.406800 -0.897300 0.171700
vn -0.057100 -0.994700 0.085200
vn 0.301700 -0.953300 -0.012600
vn 0.708300 -0.692400 -0.137200
vn 0.965800 -0.082100 -0.246000
vn 0.788400 0.565200 -0.242900
vn 0.070200 0.994800 -0.074200
vn 0.426800 0.895600 -0.125500
vn -0.295200 0.955400 -0.011600
vn -0.712800 0.697400 0.074500
vn -0.984000 0.077900 0.160400
vn -0.797200 -0.578500 0.172800
vn -0.417200 -0.899300 0.131100
vn -0.059800 -0.995100 0.078900
vn 0.306900 -0.951600 0.016400
vn 0.722300 -0.688300 -0.068100
vn 0.985700 -0.075000 -0.151200
vn 0.803700 0.571700 -0.164900
vn 0.070700 0.995700 -0.059700
vn 0.430900 0.898500 -0.083600
vn -0.298300 0.954100 -0.026600
vn -0.719700 0.693800 0.023900
vn -0.993800 0.073900 0.082600
vn -0.806800 -0.581500 0.104100
vn -0.423400 -0.901400 0.090000
vn -0.062800 -0.995900 0.065300
vn 0.307700 -0.950900 0.032400
vn 0.728000 -0.685400 -0.016700
vn 0.994900 -0.069300 -0.073400
vn 0.811100 0.577100 -0.095800
vn 0.070900 0.996800 -0.038000
vn 0.431800 0.901000 -0.040800
vn -0.299300 0.953700 -0.029100
vn -0.722000 0.691900 -0.009900
vn -0.997200 0.071900 0.020700
vn -0.811100 -0.583300 0.042800
vn -0.426600 -0.903200 0.047600
vn -0.064900 -0.996900 0.044200
vn 0.306900 -0.951100 0.035700
vn 0.729200 -0.684000 0.017800
vn 0.997800 -0.065600 -0.011400
vn 0.813100 0.581100 -0.034400
vn 0.069800 0.997500 -0.008300
vn 0.430300 0.902700 0.004300
vn -0.300300 0.953700 -0.018800
vn -0.722200 0.691100 -0.027300
vn -0.997100 0.071800 -0.026600
vn -0.811900 -0.583700 -0.012600
vn -0.427400 -0.904100 0.002800
vn -0.065500 -0.997700 0.014900
vn 0.306100 -0.951600 0.025900
vn 0.728700 -0.683900 0.036000
vn 0.997300 -0.063600 0.036300
vn 0.811600 0.583800 0.021100
vn 0.067100 0.997300 0.031100
vn 0.426800 0.902800 0.053500
vn -0.302100 0.953300 0.005500
vn -0.722300 0.691000 -0.028200
vn -0.995500 0.072700 -0.060400
vn -0.810400 -0.582400 -0.063800
vn -0.426300 -0.903400 -0.046200
vn -0.064300 -0.997600 -0.024300
vn 0.306600 -0.951900 0.002100
vn 0.728300 -0.684200 0.037600
vn 0.995500 -0.062300 0.070800
vn 0.807900 0.584900 0.072600
vn 0.061900 0.994600 0.082900
vn 0.421300 0.900300 0.109300
vn -0.305600 0.951000 0.046100
vn -0.723600 0.690200 -0.010900
vn -0.993900 0.074900 -0.080700
vn -0.807800 -0.578600 -0.112600
vn -0.423000 -0.900400 -0.101900
vn -0.060900 -0.995300 -0.075900
vn 0.309100 -0.950300 -0.038100
vn 0.729600 -0.683500 0.021300
vn 0.993800 -0.061800 0.092300
vn 0.802900 0.583500 0.121900
vn 0.054100 0.987000 0.151000
vn 0.413600 0.893400 0.175300
vn -0.311900 0.944100 0.107100
vn -0.726900 0.686200 0.027900
vn -0.993200 0.077700 -0.086400
vn -0.804400 -0.571900 -0.160700
vn -0.417800 -0.893000 -0.167500
vn -0.055200 -0.988100 -0.143800
vn 0.314800 -0.944000 -0.098600
vn 0.733600 -0.679400 -0.016100
vn 0.993100 -0.060900 0.100200
vn 0.796800 0.579500 0.171000
vn 0.044100 0.969500 0.241300
vn 0.403700 0.878400 0.255900
vn -0.321500 0.926700 0.194600
vn -0.733000 0.673800 0.093500
vn -0.994100 0.078600 -0.074800
vn -0.801100 -0.560600 -0.209600
vn -0.411100 -0.877400 -0.247400
vn -0.047000 -0.971200 -0.233700
vn 0.323400 -0.927900 -0.185600
vn 0.740800 -0.667000 -0.080000
vn 0.994100 -0.056700 0.092700
vn 0.789700 0.571800 0.222100
vn 0.032500 0.932300 0.360300
vn 0.393000 0.847700 0.356300
vn -0.332900 0.888400 0.316100
vn -0.741100 0.643100 0.192900
vn -0.996500 0.072300 -0.042100
vn -0.799000 -0.542000 -0.260400
vn -0.404400 -0.846400 -0.346600
vn -0.038000 -0.935000 -0.352500
vn 0.333700 -0.891300 -0.307000
vn 0.750800 -0.636300 -0.177200
vn 0.996800 -0.044300 0.066800
vn 0.782500 0.557500 0.277400
vn 0.026100 0.877800 0.478300
vn 0.388500 0.801700 0.454400
vn -0.340000 0.832400 0.437600
vn -0.747800 0.595800 0.293000
vn -0.998600 0.052600 -0.009300
vn -0.793800 -0.523000 -0.310300
vn -0.396600 -0.803300 -0.444200
vn -0.030100 -0.882000 -0.470300
vn 0.341600 -0.836500 -0.428500
vn 0.756400 -0.592600 -0.276900
vn 0.998800 -0.034700 0.035100
vn 0.781100 0.531200 0.328200
vn 0.025400 0.836000 0.548100
vn 0.389300 0.763500 0.515400
vn -0.342200 0.791700 0.506100
vn -0.751800 0.562700 0.343800
vn -0.999200 0.038900 -0.003600
vn -0.787800 -0.506700 -0.350100
vn -0.390800 -0.768700 -0.506300
vn -0.025100 -0.841200 -0.540100
vn 0.344900 -0.796500 -0.496700
vn 0.756400 -0.564900 -0.329700
vn 0.999100 -0.037500 0.022100
vn 0.783800 0.503600 0.363300
vn 0.024000 0.812100 0.583100
vn 0.387900 0.740000 0.549500
vn -0.343700 0.770500 0.536800
vn -0.753300 0.549000 0.362100
vn -0.999100 0.040500 -0.008700
vn -0.786500 -0.489900 -0.376000
vn -0.389300 -0.745900 -0.540500
vn -0.023700 -0.817900 -0.574900
vn 0.345700 -0.776100 -0.527400
vn 0.756700 -0.553100 -0.348500
vn 0.998800 -0.041900 0.026400
vn 0.783100 0.485200 0.388900
vn 0.022400 0.792400 0.609600
vn 0.386500 0.720800 0.575300
vn -0.345100 0.753000 0.560300
vn -0.754700 0.537500 0.376200
vn -0.999100 0.041300 -0.012500
vn -0.785300 -0.476400 -0.395400
vn -0.387700 -0.727300 -0.566300
vn -0.022700 -0.798700 -0.601400
vn 0.346200 -0.759300 -0.551100
vn 0.757100 -0.543100 -0.363000
vn 0.998500 -0.045300 0.029300
vn 0.782400 0.470400 0.408100
vn 0.020900 0.778100 0.627800
vn 0.385500 0.707000 0.593000
vn -0.346200 0.739900 0.576800
vn -0.755800 0.528600 0.386300
vn -0.999000 0.041000 -0.014900
vn -0.784300 -0.467000 -0.408400
vn -0.386700 -0.713900 -0.583800
vn -0.021400 -0.784700 -0.619500
vn 0.346800 -0.746900 -0.567300
vn 0.757100 -0.535900 -0.373700
vn 0.998400 -0.047900 0.030300
vn 0.782200 0.459500 0.420600
vn 0.020000 0.770000 0.637700
vn 0.385000 0.699400 0.602200
vn -0.346900 0.732400 0.585900
vn -0.756700 0.523000 0.392400
vn -0.999100 0.039600 -0.015500
vn -0.783500 -0.462800 -0.414700
vn -0.386000 -0.707000 -0.592600
vn -0.020700 -0.777100 -0.629000
vn 0.347300 -0.739900 -0.576200
vn 0.756500 -0.532000 -0.380400
vn 0.998300 -0.049600 0.029500
vn 0.782300 0.453800 0.426700
vn 0.020400 0.769500 0.638300
vn 0.385000 0.699500 0.602000
vn -0.347300 0.731300 0.587100
vn -0.757500 0.520600 0.393900
vn -0.999200 0.036600 -0.014100
vn -0.782800 -0.464900 -0.413600
vn -0.386100 -0.707500 -0.591900
vn -0.021400 -0.777100 -0.629100
vn 0.346900 -0.739400 -0.577000
vn 0.755800 -0.531600 -0.382300
vn 0.998400 -0.049700 0.026900
vn 0.782600 0.454300 0.425700
vn 0.021200 0.778100 0.627800
vn 0.385600 0.708700 0.590900
vn -0.347600 0.737700 0.578800
vn -0.758200 0.522500 0.390000
vn -0.999400 0.031500 -0.010500
vn -0.782600 -0.474000 -0.403600
vn -0.386400 -0.717200 -0.580000
vn -0.022100 -0.786000 -0.617800
vn 0.345900 -0.746700 -0.568200
vn 0.754700 -0.535700 -0.378800
vn 0.998600 -0.048300 0.022000
vn 0.783600 0.461700 0.415700
vn 0.021800 0.797400 0.603000
vn 0.387300 0.728500 0.565100
vn -0.347700 0.753400 0.558100
vn -0.758600 0.529600 0.379600
vn -0.999700 0.024100 -0.003500
vn -0.782800 -0.491600 -0.381500
vn -0.387100 -0.737700 -0.553200
vn -0.023400 -0.805700 -0.591900
vn 0.344300 -0.763200 -0.546800
vn 0.753300 -0.545000 -0.368000
vn 0.998900 -0.045300 0.014200
vn 0.785400 0.477300 0.394200
vn 0.022400 0.829600 0.557900
vn 0.389100 0.761200 0.518900
vn -0.347800 0.779900 0.520400
vn -0.759300 0.542400 0.359600
vn -0.999900 0.013400 0.008100
vn -0.782800 -0.519400 -0.342700
vn -0.388000 -0.770800 -0.505300
vn -0.025300 -0.838000 -0.545100
vn 0.342600 -0.790600 -0.507500
vn 0.751700 -0.560700 -0.347200
vn 0.999200 -0.040200 0.002400
vn 0.787600 0.502700 0.356300
vn 0.021900 0.875700 0.482300
vn 0.389500 0.808000 0.442000
vn -0.349600 0.818100 0.456700
vn -0.761400 0.560700 0.325400
vn -0.999600 -0.001100 0.026600
vn -0.781100 -0.558600 -0.279000
vn -0.387500 -0.817500 -0.426200
vn -0.025500 -0.883800 -0.467100
vn 0.341800 -0.829500 -0.441600
vn 0.749500 -0.584000 -0.311700
vn 0.999300 -0.033900 -0.015800
vn 0.789500 0.538700 0.294300
vn 0.017200 0.932600 0.360500
vn 0.386900 0.865400 0.318500
vn -0.355300 0.865200 0.353900
vn -0.766000 0.583300 0.270100
vn -0.998200 -0.020100 0.055900
vn -0.775600 -0.605800 -0.177300
vn -0.383000 -0.873900 -0.299400
vn -0.021300 -0.939400 -0.342300
vn 0.343800 -0.877100 -0.335500
vn 0.748600 -0.612800 -0.253000
vn 0.998700 -0.026700 -0.042300
vn 0.789000 0.582500 0.195400
vn 0.013000 0.958700 0.284200
vn 0.382500 0.891900 0.241200
vn -0.358300 0.887500 0.289700
vn -0.768600 0.594500 0.236100
vn -0.996700 -0.032600 0.073900
vn -0.768000 -0.630100 -0.114600
vn -0.376900 -0.899600 -0.220600
vn -0.017800 -0.964300 -0.264100
vn 0.343600 -0.899700 -0.269200
vn 0.746600 -0.629200 -0.216200
vn 0.998000 -0.024400 -0.057900
vn 0.785500 0.604100 0.134300
vn 0.018800 0.999100 -0.039300
vn 0.002400 0.999500 0.031800
vn 0.358300 0.927600 0.106000
vn 0.375000 0.926700 0.024900
vn -0.340200 0.935400 -0.096600
vn -0.353200 0.934500 -0.045100
vn -0.740700 0.655000 -0.149600
vn -0.745700 0.652500 -0.134600
vn -0.986800 0.024500 -0.160100
vn -0.979600 0.022400 -0.199600
vn -0.772700 -0.627800 -0.093700
vn -0.758300 -0.629200 -0.170600
vn -0.374000 -0.927300 -0.013300
vn -0.358000 -0.928900 -0.094700
vn -0.009900 -0.998600 0.051400
vn 0.004400 -0.999800 -0.019800
vn 0.356300 -0.927800 0.110500
vn 0.366200 -0.928600 0.059500
vn 0.761600 -0.626300 0.166200
vn 0.762400 -0.628700 0.153000
vn 0.984600 0.017200 0.174100
vn 0.976300 0.012700 0.216000
vn 0.762200 0.638700 0.105600
vn 0.748300 0.637700 0.182700
vn -0.030200 0.987200 0.156700
vn 0.321800 0.913700 0.248300
vn -0.378000 0.924700 0.045100
vn -0.755000 0.646500 -0.109300
vn -0.962600 0.023900 -0.270000
vn -0.723900 -0.618600 -0.305400
vn -0.322600 -0.916200 -0.237600
vn 0.034300 -0.988800 -0.145200
vn 0.386700 -0.921700 -0.030500
vn 0.765800 -0.629900 0.129300
vn 0.957400 0.001200 0.288700
vn 0.714600 0.623300 0.317500
vn -0.061600 0.966300 0.249800
vn 0.286600 0.890000 0.354700
vn -0.401500 0.909000 0.111900
vn -0.763300 0.639500 -0.091600
vn -0.945600 0.031500 -0.323900
vn -0.690600 -0.598100 -0.406800
vn -0.288200 -0.893400 -0.344700
vn 0.063800 -0.968900 -0.239000
vn 0.406900 -0.908200 -0.098100
vn 0.769400 -0.629000 0.111000
vn 0.939300 -0.014700 0.342700
vn 0.682100 0.599700 0.418500
vn -0.089200 0.943900 0.318000
vn 0.255900 0.864300 0.433100
vn -0.421900 0.892300 0.160500
vn -0.769900 0.633200 -0.079400
vn -0.930200 0.041300 -0.364600
vn -0.661200 -0.575000 -0.481800
vn -0.258100 -0.868300 -0.423600
vn 0.089700 -0.947100 -0.308100
vn 0.424700 -0.893200 -0.147700
vn 0.772700 -0.627200 0.097500
vn 0.923400 -0.030600 0.382500
vn 0.653500 0.574400 0.493000
vn -0.112100 0.923100 0.367900
vn 0.230300 0.840300 0.490700
vn -0.438900 0.877000 0.195600
vn -0.775000 0.627900 -0.071300
vn -0.917200 0.051100 -0.395200
vn -0.636700 -0.553300 -0.537100
vn -0.233000 -0.844900 -0.481500
vn 0.111400 -0.926900 -0.358500
vn 0.439400 -0.879300 -0.183900
vn 0.775400 -0.625300 0.088000
vn 0.910000 -0.045100 0.412200
vn 0.629400 0.550900 0.548000
vn -0.130200 0.905400 0.404100
vn 0.209500 0.820000 0.532700
vn -0.452200 0.864200 0.220700
vn -0.778800 0.623800 -0.066100
vn -0.906300 0.060000 -0.418400
vn -0.616800 -0.534500 -0.577700
vn -0.212600 -0.825000 -0.523600
vn 0.128600 -0.909600 -0.395000
vn 0.450900 -0.867600 -0.209800
vn 0.777300 -0.623900 0.081700
vn 0.898900 -0.058000 0.434300
vn 0.609700 0.530900 0.588500
vn -0.144000 0.891500 0.429400
vn 0.193400 0.803800 0.562500
vn -0.461400 0.854600 0.238200
vn -0.781100 0.621200 -0.063300
vn -0.897600 0.067400 -0.435700
vn -0.601500 -0.519600 -0.606900
vn -0.197300 -0.809200 -0.553400
vn 0.141100 -0.896300 -0.420500
vn 0.459200 -0.858700 -0.227400
vn 0.778100 -0.623300 0.078200
vn 0.889900 -0.068800 0.450900
vn 0.594500 0.514500 0.617900
vn -0.152900 0.882200 0.445400
vn 0.182400 0.792500 0.581900
vn -0.467200 0.848500 0.248600
vn -0.782200 0.619900 -0.063100
vn -0.891000 0.073000 -0.448200
vn -0.590700 -0.509000 -0.626100
vn -0.186900 -0.798500 -0.572200
vn 0.148900 -0.887400 -0.436200
vn 0.464100 -0.853400 -0.237500
vn 0.777500 -0.624000 0.077600
vn 0.882900 -0.077800 0.463100
vn 0.583800 0.502400 0.637800
vn -0.156400 0.878400 0.451500
vn 0.177500 0.787100 0.590800
vn -0.469500 0.846600 0.250900
vn -0.781700 0.620100 -0.066100
vn -0.886600 0.075800 -0.456300
vn -0.585000 -0.504200 -0.635300
vn -0.182800 -0.794000 -0.579800
vn 0.151100 -0.884400 -0.441500
vn 0.464600 -0.852600 -0.239200
vn 0.774900 -0.627000 0.080400
vn 0.877900 -0.085100 0.471300
vn 0.577900 0.495600 0.648400
vn -0.152300 0.883200 0.443700
vn 0.180900 0.790600 0.585000
vn -0.465400 0.851300 0.242200
vn -0.778700 0.623000 -0.074000
vn -0.885200 0.074300 -0.459300
vn -0.586800 -0.507600 -0.630900
vn -0.187800 -0.798600 -0.571900
vn 0.145400 -0.890200 -0.431700
vn 0.457900 -0.859000 -0.229200
vn 0.768200 -0.634100 0.088300
vn 0.875400 -0.090200 0.475000
vn 0.579500 0.495900 0.646700
vn -0.132100 0.903600 0.407400
vn 0.201000 0.810700 0.549900
vn -0.448500 0.868700 0.210400
vn -0.770900 0.630100 -0.093600
vn -0.889400 0.064600 -0.452500
vn -0.603200 -0.526500 -0.599200
vn -0.210000 -0.820600 -0.531400
vn 0.121900 -0.912200 -0.391300
vn 0.435100 -0.879100 -0.194700
vn 0.752600 -0.649500 0.108500
vn 0.877300 -0.093500 0.470800
vn 0.595900 0.508900 0.621200
vn -0.117000 0.918200 0.378500
vn 0.216400 0.825500 0.521300
vn -0.436400 0.880500 0.185200
vn -0.767100 0.632000 -0.110000
vn -0.892700 0.050000 -0.448000
vn -0.613000 -0.544100 -0.572900
vn -0.225900 -0.836800 -0.498700
vn 0.102800 -0.927200 -0.360100
vn 0.415200 -0.893700 -0.170200
vn 0.737900 -0.664200 0.119300
vn 0.880200 -0.101300 0.463600
vn 0.610200 0.517700 0.599700
f 1//1 2//2 3//3
f 1//1 4//4 2//2
f 5//5 4//4 1//1
f 5//5 6//6 4//4
f 7//6 6//6 5//5
f 7//6 8//7 6//6
f 9//8 8//7 7//6
f 9//8 10//9 8//7
f 11//10 10//9 9//8
f 11//10 12//11 10//9
f 13//12 14//13 15//14
f 13//12 16//15 14//13
f 17//15 16//15 13//12
f 17//15 18//16 16//15
f 19//16 18//16 17//15
f 19//16 20//15 18//16
f 21//16 20//15 19//16
f 21//16 22//17 20//15
f 23//15 22//17 21//16
f 23//15 24//18 22//17
f 25//19 26//20 27//21
f 28//22 26//20 25//19
f 28//22 29//23 26//20
f 30//24 29//23 28//22
f 30//24 31//25 29//23
f 32//26 31//25 30//24
f 32//26 33//27 31//25
f 34//28 33//27 32//26
f 34//28 35//29 33//27
f 36//30 35//29 34//28
f 37//31 38//32 39//31
f 37//31 40//33 38//32
f 41//31 40//33 37//31
f 41//31 42//34 40//33
f 43//34 42//34 41//31
f 43//34 44//35 42//34
f 45//34 44//35 43//34
f 45//34 46//32 44//35
f 47//36 46//32 45//34
f 47//36 48//37 46//32
f 49//38 50//39 51//40
f 52//41 50//39 49//38
f 52//41 53//42 50//39
f 54//43 53//42 52//41
f 54//43 55//44 53//42
f 56//45 55//44 54//43
f 56//45 57//46 55//44
f 58//47 57//46 56//45
f 58//47 59//48 57//46
f 60//49 59//48 58//47
f 61//50 62//50 63//51
f 61//50 64//50 62//50
f 65//52 64//50 61//50
f 65//52 66//52 64//50
f 67//52 66//52 65//52
f 67//52 68//52 66//52
f 69//53 68//52 67//52
f 69//53 70//52 68//52
f 71//51 70//52 69//53
f 71//51 72//54 70//52
f 73//55 74//56 75//57
f 73//55 76//58 74//56
f 77//59 76//58 73//55
f 77//59 78//60 76//58
f 79//61 78//60 77//59
f 79//61 80//62 78//60
f 81//63 80//62 79//61
f 81//63 82//64 80//62
f 83//65 82//64 81//63
f 83//65 84//66 82//64
f 85//67 86//68 87//69
f 85//67 88//70 86//68
f 89//67 88//70 85//67
f 89//67 90//68 88//70
f 91//68 90//68 89//67
f 91//68 92//68 90//68
f 93//71 92//68 91//68
f 93//71 94//67 92//68
f 95//72 94//67 93//71
f 95//72 96//71 94//67
f 97//73 98//74 99//75
f 97//73 100//76 98//74
f 101//77 100//76 97//73
f 101//77 102//78 100//76
f 103//79 102//78 101//77
f 103//79 104//80 102//78
f 105//81 104//80 103//79
f 105//81 106//82 104//80
f 107//83 106//82 105//81
f 107//83 108//84 106//82
f 109//68 110//71 111//67
f 109//68 112//85 110//71
f 113//68 112//85 109//68
f 113//68 114//68 112//85
f 115//85 114//68 113//68
f 115//85 116//86 114//68
f 117//87 116//86 115//85
f 117//87 118//67 116//86
f 119//71 118//67 117//87
f 119//71 120//69 118//67
f 121//88 122//89 123//90
f 121//88 124//91 122//89
f 125//92 124//91 121//88
f 125//92 126//93 124//91
f 127//94 126//93 125//92
f 127//94 128//95 126//93
f 129//91 128//95 127//94
f 129//91 130//96 128//95
f 131//97 130//96 129//91
f 131//97 132//98 130//96
f 133//99 134//99 135//100
f 136//101 134//99 133//99
f 136//101 137//102 134//99
f 138//102 137//102 136//101
f 138//102 139//102 137//102
f 140//102 139//102 138//102
f 140//102 141//102 139//102
f 142//99 141//102 140//102
f 142//99 143//101 141//102
f 144//103 143//101 142//99
f 145//104 146//105 147//106
f 148//107 146//105 145//104
f 148//107 149//106 146//105
f 150//106 149//106 148//107
f 150//106 151//106 149//106
f 152//106 151//106 150//106
f 152//106 153//105 151//106
f 154//108 153//105 152//106
f 154//108 155//109 153//105
f 156//110 155//109 154//108
f 157//111 158//111 159//112
f 157//111 160//113 158//111
f 161//113 160//113 157//111
f 161//113 162//113 160//113
f 163//113 162//113 161//113
f 163//113 164//113 162//113
f 165//113 164//113 163//113
f 165//113 166//114 164//113
f 167//115 166//114 165//113
f 167//115 168//115 166//114
f 169//116 170//117 171//118
f 172//119 170//117 169//116
f 172//119 173//117 170//117
f 174//120 173//117 172//119
f 174//120 175//117 173//117
f 176//120 175//117 174//120
f 176//120 177//120 175//117
f 178//120 177//120 176//120
f 178//120 179//118 177//120
f 180//121 179//118 178//120
f 181//122 182//123 183//124
f 184//125 182//123 181//122
f 184//125 185//126 182//123
f 186//127 185//126 184//125
f 186//127 187//126 185//126
f 188//128 187//126 186//127
f 188//128 189//129 187//126
f 190//129 189//129 188//128
f 190//129 191//128 189//129
f 192//130 191//128 190//129
f 193//131 194//132 195//133
f 193//131 196//134 194//132
f 197//135 196//134 193//131
f 197//135 198//135 196//134
f 199//135 198//135 197//135
f 199//135 200//136 198//135
f 201//131 200//136 199//135
f 201//131 202//133 200//136
f 203//137 202//133 201//131
f 203//137 204//138 202//133
f 205//139 206//140 207//139
f 205//139 208//141 206//140
f 209//141 208//141 205//139
f 209//141 210//141 208//141
f 211//141 210//141 209//141
f 211//141 212//140 210//141
f 213//140 212//140 211//141
f 213//140 214//139 212//140
f 215//141 214//139 213//140
f 215//141 216//142 214//139
f 217//143 218//144 219//145
f 220//146 218//144 217//143
f 220//146 221//146 218//144
f 222//146 221//146 220//146
f 222//146 223//146 221//146
f 224//146 223//146 222//146
f 224//146 225//147 223//146
f 226//146 225//147 224//146
f 226//146 227//146 225//147
f 228//148 227//146 226//146
f 229//149 230//149 231//150
f 229//149 232//151 230//149
f 233//152 232//151 229//149
f 233//152 234//151 232//151
f 235//152 234//151 233//152
f 235//152 236//151 234//151
f 237//149 236//151 235//152
f 237//149 238//153 236//151
f 239//154 238//153 237//149
f 239//154 240//155 238//153
f 241//156 242//157 243//158
f 244//159 242//157 241//156
f 244//159 245//157 242//157
f 246//159 245//157 244//159
f 246//159 247//160 245//157
f 248//161 247//160 246//159
f 248//161 249//162 247//160
f 250//160 249//162 248//161
f 250//160 251//163 249//162
f 252//164 251//163 250//160
f 253//165 254//166 255//167
f 253//165 256//167 254//166
f 257//165 256//167 253//165
f 257//165 258//167 256//167
f 259//168 258//167 257//165
f 259//168 260//168 258//167
f 261//168 260//168 259//168
f 261//168 262//165 260//168
f 263//166 262//165 261//168
f 263//166 264//167 262//165
f 265//169 266//170 267//171 268//172
f 269//173 270//174 266//170 265//169
f 271//175 272//176 270//174 269//173
f 273//177 274//178 272//176 271//175
f 275//179 276//180 274//178 273//177
f 277//181 278//182 276//180 275//179
f 279//183 280//184 278//182 277//181
f 281//185 282//186 280//184 279//183
f 283//187 284//188 282//186 281//185
f 285//189 286//190 284//188 283//187
f 287//191 288//192 286//190 285//189
f 268//172 267//171 288//192 287//191
f 266//170 289//193 290//194 267//171
f 270//174 291//195 289//193 266//170
f 272//176 292//196 291//195 270//174
f 274//178 293//197 292//196 272//176
f 276//180 294//198 293//197 274//178
f 278//182 295//199 294//198 276//180
f 280//184 296//200 295//199 278//182
f 282//186 297//201 296//200 280//184
f 284//188 298//202 297//201 282//186
f 286//190 299//203 298//202 284//188
f 288//192 300//204 299//203 286//190
f 267//171 290//194 300//204 288//192
f 289//193 301//205 302//206 290//194
f 291//195 303//207 301//205 289//193
f 292//196 304//208 303//207 291//195
f 293//197 305//209 304//208 292//196
f 294//198 306//210 305//209 293//197
f 295//199 307//211 306//210 294//198
f 296//200 308//212 307//211 295//199
f 297//201 309//213 308//212 296//200
f 298//202 310//214 309//213 297//201
f 299//203 311//215 310//214 298//202
f 300//204 312//216 311//215 299//203
f 290//194 302//206 312//216 300//204
f 301//205 313//217 314//218 302//206
f 303//207 315//219 313//217 301//205
f 304//208 316//220 315//219 303//207
f 305//209 317//221 316//220 304//208
f 306//210 318//222 317//221 305//209
f 307//211 319//223 318//222 306//210
f 308//212 320//224 319//223 307//211
f 309//213 321//225 320//224 308//212
f 310//214 322//226 321//225 309//213
f 311//215 323//227 322//226 310//214
f 312//216 324//228 323//227 311//215
f 302//206 314//218 324//228 312//216
f 313//217 325//229 326//230 314//218
f 315//219 327//231 325//229 313//217
f 316//220 328//232 327//231 315//219
f 317//221 329//233 328//232 316//220
f 318//222 330//234 329//233 317//221
f 319//223 331//235 330//234 318//222
f 320//224 332//236 331//235 319//223
f 321//225 333//237 332//236 320//224
f 322//226 334//238 333//237 321//225
f 323//227 335//239 334//238 322//226
f 324//228 336//240 335//239 323//227
f 314//218 326//230 336//240 324//228
f 325//229 337//241 338//242 326//230
f 327//231 339//243 337//241 325//229
f 328//232 340//244 339//243 327//231
f 329//233 341//245 340//244 328//232
f 330//234 342//246 341//245 329//233
f 331//235 343//247 342//246 330//234
f 332//236 344//248 343//247 331//235
f 333//237 345//249 344//248 332//236
f 334//238 346//238 345//249 333//237
f 335//239 347//250 346//238 334//238
f 336//240 348//251 347//250 335//239
f 326//230 338//242 348//251 336//240
f 337//241 349//252 350//253 338//242
f 339//243 351//254 349//252 337//241
f 340//244 352//255 351//254 339//243
f 341//245 353//256 352//255 340//244
f 342//246 354//257 353//256 341//245
f 343//247 355//258 354//257 342//246
f 344//248 356//259 355//258 343//247
f 345//249 357//260 356//259 344//248
f 346//238 358//261 357//260 345//249
f 347//250 359//262 358//261 346//238
f 348//251 360//263 359//262 347//250
f 338//242 350//253 360//263 348//251
f 349//252 361//264 362//265 350//253
f 351//254 363//266 361//264 349//252
f 352//255 364//267 363//266 351//254
f 353//256 365//268 364//267 352//255
f 354//257 366//269 365//268 353//256
f 355//258 367//270 366//269 354//257
f 356//259 368//271 367//270 355//258
f 357//260 369//272 368//271 356//259
f 358//261 370//273 369//272 357//260
f 359//262 371//274 370//273 358//261
f 360//263 372//275 371//274 359//262
f 350//253 362//265 372//275 360//263
f 361//264 373//276 374//277 362//265
f 363//266 375//278 373//276 361//264
f 364//267 376//279 375//278 363//266
f 365//268 377//280 376//279 364//267
f 366//269 378//281 377//280 365//268
f 367//270 379//282 378//281 366//269
f 368//271 380//283 379//282 367//270
f 369//272 381//284 380//283 368//271
f 370//273 382//285 381//284 369//272
f 371//274 383//286 382//285 370//273
f 372//275 384//287 383//286 371//274
f 362//265 374//277 384//287 372//275
f 373//276 385//288 386//289 374//277
f 375//278 387//290 385//288 373//276
f 376//279 388//291 387//290 375//278
f 377//280 389//292 388//291 376//279
f 378//281 390//293 389//292 377//280
f 379//282 391//294 390//293 378//281
f 380//283 392//295 391//294 379//282
f 381//284 393//296 392//295 380//283
f 382//285 394//297 393//296 381//284
f 383//286 395//298 394//297 382//285
f 384//287 396//299 395//298 383//286
f 374//277 386//289 396//299 384//287
f 385//288 397//300 398//301 386//289
f 387//290 399//302 397//300 385//288
f 388//291 400//303 399//302 387//290
f 389//292 401//304 400//303 388//291
f 390//293 402//305 401//304 389//292
f 391//294 403//306 402//305 390//293
f 392//295 404//307 403//306 391//294
f 393//296 405//308 404//307 392//295
f 394//297 406//309 405//308 393//296
f 395//298 407//310 406//309 394//297
f 396//299 408//311 407//310 395//298
f 386//289 398//301 408//311 396//299
f 397//300 409//312 410//313 398//301
f 399//302 411//314 409//312 397//300
f 400//303 412//315 411//314 399//302
f 401//304 413//316 412//315 400//303
f 402//305 414//317 413//316 401//304
f 403//306 415//318 414//317 402//305
f 404//307 416//319 415//318 403//306
f 405//308 417//320 416//319 404//307
f 406//309 418//321 417//320 405//308
f 407//310 419//322 418//321 406//309
f 408//311 420//323 419//322 407//310
f 398//301 410//313 420//323 408//311
f 421//324 422//325 423//326 424//327
f 425//328 426//329 422//325 421//324
f 427//330 428//331 426//329 425//328
f 429//332 430//333 428//331 427//330
f 431//334 432//335 430//333 429//332
f 433//336 434//337 432//335 431//334
f 435//338 436//339 434//337 433//336
f 437//340 438//341 436//339 435//338
f 439//342 440//343 438//341 437//340
f 441//344 442//345 440//343 439//342
f 443//346 444//347 442//345 441//344
f 424//327 423//326 444//347 443//346
f 422//325 445//348 446//349 423//326
f 426//329 447//350 445//348 422//325
f 428//331 448//351 447//350 426//329
f 430//333 449//352 448//351 428//331
f 432//335 450//353 449//352 430//333
f 434//337 451//354 450//353 432//335
f 436//339 452//355 451//354 434//337
f 438//341 453//356 452//355 436//339
f 440//343 454//357 453//356 438//341
f 442//345 455//358 454//357 440//343
f 444//347 456//359 455//358 442//345
f 423//326 446//349 456//359 444//347
f 445//348 457//360 458//361 446//349
f 447//350 459//362 457//360 445//348
f 448//351 460//363 459//362 447//350
f 449//352 461//364 460//363 448//351
f 450//353 462//365 461//364 449//352
f 451//354 463//366 462//365 450//353
f 452//355 464//367 463//366 451//354
f 453//356 465//368 464//367 452//355
f 454//357 466//369 465//368 453//356
f 455//358 467//370 466//369 454//357
f 456//359 468//371 467//370 455//358
f 446//349 458//361 468//371 456//359
f 457//360 469//372 470//373 458//361
f 459//362 471//374 469//372 457//360
f 460//363 472//375 471//374 459//362
f 461//364 473//376 472//375 460//363
f 462//365 474//377 473//376 461//364
f 463//366 475//378 474//377 462//365
f 464//367 476//379 475//378 463//366
f 465//368 477//380 476//379 464//367
f 466//369 478//381 477//380 465//368
f 467//370 479//382 478//381 466//369
f 468//371 480//383 479//382 467//370
f 458//361 470//373 480//383 468//371
f 469//372 481//384 482//385 470//373
f 471//374 483//386 481//384 469//372
f 472//375 484//387 483//386 471//374
f 473//376 485//388 484//387 472//375
f 474//377 486//389 485//388 473//376
f 475//378 487//390 486//389 474//377
f 476//379 488//391 487//390 475//378
f 477//380 489//392 488//391 476//379
f 478//381 490//393 489//392 477//380
f 479//382 491//394 490//393 478//381
f 480//383 492//395 491//394 479//382
f 470//373 482//385 492//395 480//383
f 481//384 493//396 494//397 482//385
f 483//386 495//398 493//396 481//384
f 484//387 496//399 495//398 483//386
f 485//388 497//400 496//399 484//387
f 486//389 498//401 497//400 485//388
f 487//390 499//402 498//401 486//389
f 488//391 500//403 499//402 487//390
f 489//392 501//404 500//403 488//391
f 490//393 502//405 501//404 489//392
f 491//394 503//406 502//405 490//393
f 492//395 504//407 503//406 491//394
f 482//385 494//397 504//407 492//395
f 493//396 505//408 506//409 494//397
f 495//398 507//410 505//408 493//396
f 496//399 508//411 507//410 495//398
f 497//400 509//412 508//411 496//399
f 498//401 510//413 509//412 497//400
f 499//402 511//414 510//413 498//401
f 500//403 512//415 511//414 499//402
f 501//404 513//416 512//415 500//403
f 502//405 514//417 513//416 501//404
f 503//406 515//418 514//417 502//405
f 504//407 516//419 515//418 503//406
f 494//397 506//409 516//419 504//407
f 505//408 517//420 518//421 506//409
f 507//410 519//422 517//420 505//408
f 508//411 520//423 519//422 507//410
f 509//412 521//424 520//423 508//411
f 510//413 522//425 521//424 509//412
f 511//414 523//426 522//425 510//413
f 512//415 524//427 523//426 511//414
f 513//416 525//428 524//427 512//415
f 514//417 526//429 525//428 513//416
f 515//418 527//430 526//429 514//417
f 516//419 528//431 527//430 515//418
f 506//409 518//421 528//431 516//419
f 517//420 529//432 530//433 518//421
f 519//422 531//434 529//432 517//420
f 520//423 532//435 531//434 519//422
f 521//424 533//436 532//435 520//423
f 522//425 534//437 533//436 521//424
f 523//426 535//438 534//437 522//425
f 524//427 536//439 535//438 523//426
f 525//428 537//440 536//439 524//427
f 526//429 538//441 537//440 525//428
f 527//430 539//442 538//441 526//429
f 528//431 540//443 539//442 527//430
f 518//421 530//433 540//443 528//431
f 529//432 541//444 542//445 530//433
f 531//434 543//446 541//444 529//432
f 532//435 544//447 543//446 531//434
f 533//436 545//448 544//447 532//435
f 534//437 546//449 545//448 533//436
f 535//438 547//450 546//449 534//437
f 536//439 548//451 547//450 535//438
f 537//440 549//452 548//451 536//439
f 538//441 550//453 549//452 537//440
f 539//442 551//454 550//453 538//441
f 540//443 552//455 551//454 539//442
f 530//433 542//445 552//455 540//443
f 541//444 553//456 554//457 542//445
f 543//446 555//458 553//456 541//444
f 544//447 556//459 555//458 543//446
f 545//448 557//460 556//459 544//447
f 546//449 558//461 557//460 545//448
f 547//450 559//462 558//461 546//449
f 548//451 560//463 559//462 547//450
f 549//452 561//464 560//463 548//451
f 550//453 562//465 561//464 549//452
f 551//454 563//466 562//465 550//453
f 552//455 564//467 563//466 551//454
f 542//445 554//457 564//467 552//455
f 553//456 565//468 566//469 554//457
f 555//458 567//470 565//468 553//456
f 556//459 568//471 567//470 555//458
f 557//460 569//472 568//471 556//459
f 558//461 570//473 569//472 557//460
f 559//462 571//474 570//473 558//461
f 560//463 572//475 571//474 559//462
f 561//464 573//476 572//475 560//463
f 562//465 574//477 573//476 561//464
f 563//466 575//478 574//477 562//465
f 564//467 576//479 575//478 563//466
f 554//457 566//469 576//479 564//467
f 577//480 578//481 579//482 580//483
f 581//484 582//485 578//481 577//480
f 583//486 584//487 582//485 581//484
f 585//488 586//489 584//487 583//486
f 587//490 588//491 586//489 585//488
f 589//492 590//493 588//491 587//490
f 591//494 592//495 590//493 589//492
f 593//496 594//497 592//495 591//494
f 595//498 596//499 594//497 593//496
f 597//500 598//501 596//499 595//498
f 599//502 600//503 598//501 597//500
f 580//483 579//482 600//503 599//502
f 578//481 601//504 602//505 579//482
f 582//485 603//506 601//504 578//481
f 584//487 604//507 603//506 582//485
f 586//489 605//508 604//507 584//487
f 588//491 606//509 605//508 586//489
f 590//493 607//510 606//509 588//491
f 592//495 608//511 607//510 590//493
f 594//497 609//512 608//511 592//495
f 596//499 610//513 609//512 594//497
f 598//501 611//514 610//513 596//499
f 600//503 612//515 611//514 598//501
f 579//482 602//505 612//515 600//503
f 601//504 613//516 614//517 602//505
f 603//506 615//518 613//516 601//504
f 604//507 616//519 615//518 603//506
f 605//508 617//520 616//519 604//507
f 606//509 618//521 617//520 605//508
f 607//510 619//522 618//521 606//509
f 608//511 620//523 619//522 607//510
f 609//512 621//524 620//523 608//511
f 610//513 622//525 621//524 609//512
f 611//514 623//526 622//525 610//513
f 612//515 624//527 623//526 611//514
f 602//505 614//517 624//527 612//515
f 613//516 625//528 626//529 614//517
f 615//518 627//530 625//528 613//516
f 616//519 628//531 627//530 615//518
f 617//520 629//532 628//531 616//519
f 618//521 630//533 629//532 617//520
f 619//522 631//534 630//533 618//521
f 620//523 632//535 631//534 619//522
f 621//524 633//536 632//535 620//523
f 622//525 634//537 633//536 621//524
f 623//526 635//538 634//537 622//525
f 624//527 636//539 635//538 623//526
f 614//517 626//529 636//539 624//527
f 625//528 637//540 638//541 626//529
f 627//530 639//542 637//540 625//528
f 628//531 640//543 639//542 627//530
f 629//532 641//544 640//543 628//531
f 630//533 642//545 641//544 629//532
f 631//534 643//546 642//545 630//533
f 632//535 644//547 643//546 631//534
f 633//536 645//548 644//547 632//535
f 634//537 646//549 645//548 633//536
f 635//538 647//550 646//549 634//537
f 636//539 648//551 647//550 635//538
f 626//529 638//541 648//551 636//539
f 637//540 649//552 650//553 638//541
f 639//542 651//554 649//552 637//540
f 640//543 652//555 651//554 639//542
f 641//544 653//556 652//555 640//543
f 642//545 654//557 653//556 641//544
f 643//546 655//558 654//557 642//545
f 644//547 656//559 655//558 643//546
f 645//548 657//560 656//559 644//547
f 646//549 658//561 657//560 645//548
f 647//550 659//562 658//561 646//549
f 648//551 660//563 659//562 647//550
f 638//541 650//553 660//563 648//551
f 649//552 661//564 662//565 650//553
f 651//554 663//566 661//564 649//552
f 652//555 664//567 663//566 651//554
f 653//556 665//568 664//567 652//555
f 654//557 666//569 665//568 653//556
f 655//558 667//570 666//569 654//557
f 656//559 668//571 667//570 655//558
f 657//560 669//572 668//571 656//559
f 658//561 670//573 669//572 657//560
f 659//562 671//574 670//573 658//561
f 660//563 672//575 671//574 659//562
f 650//553 662//565 672//575 660//563
f 661//564 673//576 674//577 662//565
f 663//566 675//578 673//576 661//564
f 664//567 676//579 675//578 663//566
f 665//568 677//580 676//579 664//567
f 666//569 678//581 677//580 665//568
f 667//570 679//582 678//581 666//569
f 668//571 680//583 679//582 667//570
f 669//572 681//584 680//583 668//571
f 670//573 682//585 681//584 669//572
f 671//574 683//586 682//585 670//573
f 672//575 684//587 683//586 671//574
f 662//565 674//577 684//587 672//575
f 673//576 685//588 686//589 674//577
f 675//578 687//590 685//588 673//576
f 676//579 688//591 687//590 675//578
f 677//580 689//592 688//591 676//579
f 678//581 690//593 689//592 677//580
f 679//582 691//594 690//593 678//581
f 680//583 692//595 691//594 679//582
f 681//584 693//596 692//595 680//583
f 682//585 694//597 693//596 681//584
f 683//586 695//598 694//597 682//585
f 684//587 696//599 695//598 683//586
f 674//577 686//589 696//599 684//587
f 685//588 697//600 698//601 686//589
f 687//590 699//602 697//600 685//588
f 688//591 700//603 699//602 687//590
f 689//592 701//604 700//603 688//591
f 690//593 702//605 701//604 689//592
f 691//594 703//606 702//605 690//593
f 692//595 704//607 703//606 691//594
f 693//596 705//608 704//607 692//595
f 694//597 706//609 705//608 693//596
f 695//598 707//610 706//609 694//597
f 696//599 708//611 707//610 695//598
f 686//589 698//601 708//611 696//599
f 697//600 709//612 710//613 698//601
f 699//602 711//614 709//612 697//600
f 700//603 712//615 711//614 699//602
f 701//604 713//616 712//615 700//603
f 702//605 714//617 713//616 701//604
f 703//606 715//618 714//617 702//605
f 704//607 716//619 715//618 703//606
f 705//608 717//620 716//619 704//607
f 706//609 718//621 717//620 705//608
f 707//610 719//622 718//621 706//609
f 708//611 720//623 719//622 707//610
f 698//601 710//613 720//623 708//611
f 709//612 721//624 722//625 710//613
f 711//614 723//626 721//624 709//612
f 712//615 724//627 723//626 711//614
f 713//616 725//628 724//627 712//615
f 714//617 726//629 725//628 713//616
f 715//618 727//630 726//629 714//617
f 716//619 728//631 727//630 715//618
f 717//620 729//632 728//631 716//619
f 718//621 730//633 729//632 717//620
f 719//622 731//634 730//633 718//621
f 720//623 732//635 731//634 719//622
f 710//613 722//625 732//635 720//623
f 733//636 734//637 735//638 736//639
f 737//640 738//641 734//637 733//636
f 739//642 740//643 738//641 737//640
f 741//644 742//645 740//643 739//642
f 743//646 744//647 742//645 741//644
f 745//648 746//649 744//647 743//646
f 747//650 748//651 746//649 745//648
f 749//652 750//653 748//651 747//650
f 751//654 752//655 750//653 749//652
f 753//656 754//657 752//655 751//654
f 755//658 756//659 754//657 753//656
f 736//639 735//638 756//659 755//658
f 734//637 757//660 758//661 735//638
f 738//641 759//662 757//660 734//637
f 740//643 760//663 759//662 738//641
f 742//645 761//664 760//663 740//643
f 744//647 762//665 761//664 742//645
f 746//649 763//666 762//665 744//647
f 748//651 764//667 763//666 746//649
f 750//653 765//668 764//667 748//651
f 752//655 766//669 765//668 750//653
f 754//657 767//670 766//669 752//655
f 756//659 768//671 767//670 754//657
f 735//638 758//661 768//671 756//659
f 757//660 769//672 770//673 758//661
f 759//662 771//674 769//672 757//660
f 760//663 772//675 771//674 759//662
f 761//664 773//676 772//675 760//663
f 762//665 774//677 773//676 761//664
f 763//666 775//678 774//677 762//665
f 764//667 776//679 775//678 763//666
f 765//668 777//680 776//679 764//667
f 766//669 778//681 777//680 765//668
f 767//670 779//682 778//681 766//669
f 768//671 780//683 779//682 767//670
f 758//661 770//673 780//683 768//671
f 769//672 781//684 782//685 770//673
f 771//674 783//686 781//684 769//672
f 772//675 784//687 783//686 771//674
f 773//676 785//688 784//687 772//675
f 774//677 786//689 785//688 773//676
f 775//678 787//690 786//689 774//677
f 776//679 788//691 787//690 775//678
f 777//680 789//692 788//691 776//679
f 778//681 790//693 789//692 777//680
f 779//682 791//694 790//693 778//681
f 780//683 792//695 791//694 779//682
f 770//673 782//685 792//695 780//683
f 781//684 793//696 794//697 782//685
f 783//686 795//698 793//696 781//684
f 784//687 796//699 795//698 783//686
f 785//688 797//700 796//699 784//687
f 786//689 798//701 797//700 785//688
f 787//690 799//702 798//701 786//689
f 788//691 800//703 799//702 787//690
f 789//692 801//704 800//703 788//691
f 790//693 802//705 801//704 789//692
f 791//694 803//706 802//705 790//693
f 792//695 804//707 803//706 791//694
f 782//685 794//697 804//707 792//695
f 793//696 805//708 806//709 794//697
f 795//698 807//710 805//708 793//696
f 796//699 808//711 807//710 795//698
f 797//700 809//712 808//711 796//699
f 798//701 810//713 809//712 797//700
f 799//702 811//714 810//713 798//701
f 800//703 812//715 811//714 799//702
f 801//704 813//716 812//715 800//703
f 802//705 814//717 813//716 801//704
f 803//706 815//718 814//717 802//705
f 804//707 816//719 815//718 803//706
f 794//697 806//709 816//719 804//707
f 805//708 817//720 818//721 806//709
f 807//710 819//722 817//720 805//708
f 808//711 820//723 819//722 807//710
f 809//712 821//724 820//723 808//711
f 810//713 822//725 821//724 809//712
f 811//714 823//726 822//725 810//713
f 812//715 824//727 823//726 811//714
f 813//716 825//728 824//727 812//715
f 814//717 826//729 825//728 813//716
f 815//718 827//730 826//729 814//717
f 816//719 828//731 827//730 815//718
f 806//709 818//721 828//731 816//719
f 817//720 829//732 830//733 818//721
f 819//722 831//734 829//732 817//720
f 820//723 832//735 831//734 819//722
f 821//724 833//736 832//735 820//723
f 822//725 834//737 833//736 821//724
f 823//726 835//738 834//737 822//725
f 824//727 836//739 835//738 823//726
f 825//728 837//740 836//739 824//727
f 826//729 838//741 837//740 825//728
f 827//730 839//742 838//741 826//729
f 828//731 840//743 839//742 827//730
f 818//721 830//733 840//743 828//731
f 829//732 841//744 842//745 830//733
f 831//734 843//746 841//744 829//732
f 832//735 844//747 843//746 831//734
f 833//736 845//748 844//747 832//735
f 834//737 846//749 845//748 833//736
f 835//738 847//750 846//749 834//737
f 836//739 848//751 847//750 835//738
f 837//740 849//752 848//751 836//739
f 838//741 850//753 849//752 837//740
f 839//742 851//754 850//753 838//741
f 840//743 852//755 851//754 839//742
f 830//733 842//745 852//755 840//743
f 841//744 853//756 854//757 842//745
f 843//746 855//758 853//756 841//744
f 844//747 856//759 855//758 843//746
f 845//748 857//760 856//759 844//747
f 846//749 858//761 857//760 845//748
f 847//750 859//762 858//761 846//749
f 848//751 860//763 859//762 847//750
f 849//752 861//764 860//763 848//751
f 850//753 862//765 861//764 849//752
f 851//754 863//766 862//765 850//753
f 852//755 864//767 863//766 851//754
f 842//745 854//757 864//767 852//755
f 853//756 865//768 866//769 854//757
f 855//758 867//770 865//768 853//756
f 856//759 868//771 867//770 855//758
f 857//760 869//772 868//771 856//759
f 858//761 870//773 869//772 857//760
f 859//762 871//774 870//773 858//761
f 860//763 872//775 871//774 859//762
f 861//764 873//776 872//775 860//763
f 862//765 874//777 873//776 861//764
f 863//766 875//778 874//777 862//765
f 864//767 876//779 875//778 863//766
f 854//757 866//769 876//779 864//767
f 865//768 877//780 878//781 866//769
f 867//770 879//782 877//780 865//768
f 868//771 880//783 879//782 867//770
f 869//772 881//784 880//783 868//771
f 870//773 882//785 881//784 869//772
f 871//774 883//786 882//785 870//773
f 872//775 884//787 883//786 871//774
f 873//776 885//788 884//787 872//775
f 874//777 886//789 885//788 873//776
f 875//778 887//790 886//789 874//777
f 876//779 888//791 887//790 875//778
f 866//769 878//781 888//791 876//779
f 877//780 889//792 890//793 878//781
f 879//782 891//794 889//792 877//780
f 880//783 892//795 891//794 879//782
f 881//784 893//796 892//795 880//783
f 882//785 894//797 893//796 881//784
f 883//786 895//798 894//797 882//785
f 884//787 896//799 895//798 883//786
f 885//788 897//800 896//799 884//787
f 886//789 898//801 897//800 885//788
f 887//790 899//802 898//801 886//789
f 888//791 900//803 899//802 887//790
f 878//781 890//793 900//803 888//791
f 889//792 901//804 902//805 890//793
f 891//794 903//806 901//804 889//792
f 892//795 904//807 903//806 891//794
f 893//796 905//808 904//807 892//795
f 894//797 906//809 905//808 893//796
f 895//798 907//810 906//809 894//797
f 896//799 908//811 907//810 895//798
f 897//800 909//812 908//811 896//799
f 898//801 910//813 909//812 897//800
f 899//802 911//814 910//813 898//801
f 900//803 912//815 911//814 899//802
f 890//793 902//805 912//815 900//803
f 901//804 913//816 914//817 902//805
f 903//806 915//818 913//816 901//804
f 904//807 916//819 915//818 903//806
f 905//808 917//820 916//819 904//807
f 906//809 918//821 917//820 905//808
f 907//810 919//822 918//821 906//809
f 908//811 920//823 919//822 907//810
f 909//812 921//824 920//823 908//811
f 910//813 922//825 921//824 909//812
f 911//814 923//826 922//825 910//813
f 912//815 924//827 923//826 911//814
f 902//805 914//817 924//827 912//815
f 913//816 925//828 926//829 914//817
f 915//818 927//830 925//828 913//816
f 916//819 928//831 927//830 915//818
f 917//820 929//832 928//831 916//819
f 918//821 930//833 929//832 917//820
f 919//822 931//834 930//833 918//821
f 920//823 932//835 931//834 919//822
f 921//824 933//836 932//835 920//823
f 922//825 934//837 933//836 921//824
f 923//826 935//838 934//837 922//825
f 924//827 936//839 935//838 923//826
f 914//817 926//829 936//839 924//827
f 925//828 937//840 938//841 926//829
f 927//830 939//842 937//840 925//828
f 928//831 940//843 939//842 927//830
f 929//832 941//844 940//843 928//831
f 930//833 942//845 941//844 929//832
f 931//834 943//846 942//845 930//833
f 932//835 944//847 943//846 931//834
f 933//836 945//848 944//847 932//835
f 934//837 946//849 945//848 933//836
f 935//838 947//850 946//849 934//837
f 936//839 948//851 947//850 935//838
f 926//829 938//841 948//851 936//839
f 937//840 949//852 950//853 938//841
f 939//842 951//854 949//852 937//840
f 940//843 952//855 951//854 939//842
f 941//844 953//856 952//855 940//843
f 942//845 954//857 953//856 941//844
f 943//846 955//858 954//857 942//845
f 944//847 956//859 955//858 943//846
f 945//848 957//860 956//859 944//847
f 946//849 958//861 957//860 945//848
f 947//850 959//862 958//861 946//849
f 948//851 960//863 959//862 947//850
f 938//841 950//853 960//863 948//851
f 949//852 961//864 962//865 950//853
f 951//854 963//866 961//864 949//852
f 952//855 964//867 963//866 951//854
f 953//856 965//868 964//867 952//855
f 954//857 966//869 965//868 953//856
f 955//858 967//870 966//869 954//857
f 956//859 968//871 967//870 955//858
f 957//860 969//872 968//871 956//859
f 958//861 970//873 969//872 957//860
f 959//862 971//874 970//873 958//861
f 960//863 972//875 971//874 959//862
f 950//853 962//865 972//875 960//863
f 961//864 973//876 974//877 962//865
f 963//866 975//878 973//876 961//864
f 964//867 976//879 975//878 963//866
f 965//868 977//880 976//879 964//867
f 966//869 978//881 977//880 965//868
f 967//870 979//882 978//881 966//869
f 968//871 980//883 979//882 967//870
f 969//872 981//884 980//883 968//871
f 970//873 982//885 981//884 969//872
f 971//874 983//886 982//885 970//873
f 972//875 984//887 983//886 971//874
f 962//865 974//877 984//887 972//875
f 973//876 985//888 986//889 974//877
f 975//878 987//890 985//888 973//876
f 976//879 988//891 987//890 975//878
f 977//880 989//892 988//891 976//879
f 978//881 990//893 989//892 977//880
f 979//882 991//894 990//893 978//881
f 980//883 992//895 991//894 979//882
f 981//884 993//896 992//895 980//883
f 982//885 994//897 993//896 981//884
f 983//886 995//898 994//897 982//885
f 984//887 996//899 995//898 983//886
f 974//877 986//889 996//899 984//887
f 985//888 997//900 998//901 986//889
f 987//890 999//902 997//900 985//888
f 988//891 1000//903 999//902 987//890
f 989//892 1001//904 1000//903 988//891
f 990//893 1002//905 1001//904 989//892
f 991//894 1003//906 1002//905 990//893
f 992//895 1004//907 1003//906 991//894
f 993//896 1005//908 1004//907 992//895
f 994//897 1006//909 1005//908 993//896
f 995//898 1007//910 1006//909 994//897
f 996//899 1008//911 1007//910 995//898
f 986//889 998//901 1008//911 996//899
f 997//900 1009//912 1010//913 998//901
f 999//902 1011//914 1009//912 997//900
f 1000//903 1012//915 1011//914 999//902
f 1001//904 1013//916 1012//915 1000//903
f 1002//905 1014//917 1013//916 1001//904
f 1003//906 1015//918 1014//917 1002//905
f 1004//907 1016//919 1015//918 1003//906
f 1005//908 1017//920 1016//919 1004//907
f 1006//909 1018//921 1017//920 1005//908
f 1007//910 1019//922 1018//921 1006//909
f 1008//911 1020//923 1019//922 1007//910
f 998//901 1010//913 1020//923 1008//911
f 1009//912 1021//924 1022//925 1010//913
f 1011//914 1023//926 1021//924 1009//912
f 1012//915 1024//927 1023//926 1011//914
f 1013//916 1025//928 1024//927 1012//915
f 1014//917 1026//929 1025//928 1013//916
f 1015//918 1027//930 1026//929 1014//917
f 1016//919 1028//931 1027//930 1015//918
f 1017//920 1029//932 1028//931 1016//919
f 1018//921 1030//933 1029//932 1017//920
f 1019//922 1031//934 1030//933 1018//921
f 1020//923 1032//935 1031//934 1019//922
f 1010//913 1022//925 1032//935 1020//923
f 1033//936 1034//937 1035//938 1036//939
f 1037//940 1038//941 1034//937 1033//936
f 1039//942 1040//943 1038//941 1037//940
f 1041//944 1042//945 1040//943 1039//942
f 1043//946 1044//947 1042//945 1041//944
f 1045//948 1046//949 1044//947 1043//946
f 1047//950 1048//951 1046//949 1045//948
f 1049//952 1050//953 1048//951 1047//950
f 1051//954 1052//955 1050//953 1049//952
f 1053//956 1054//957 1052//955 1051//954
f 1055//958 1056//959 1054//957 1053//956
f 1036//939 1035//938 1056//959 1055//958
f 1034//937 1057//960 1058//961 1035//938
f 1038//941 1059//962 1057//960 1034//937
f 1040//943 1060//963 1059//962 1038//941
f 1042//945 1061//964 1060//963 1040//943
f 1044//947 1062//965 1061//964 1042//945
f 1046//949 1063//966 1062//965 1044//947
f 1048//951 1064//967 1063//966 1046//949
f 1050//953 1065//968 1064//967 1048//951
f 1052//955 1066//969 1065//968 1050//953
f 1054//957 1067//970 1066//969 1052//955
f 1056//959 1068//971 1067//970 1054//957
f 1035//938 1058//961 1068//971 1056//959
f 1057//960 1069//972 1070//973 1058//961
f 1059//962 1071//974 1069//972 1057//960
f 1060//963 1072//975 1071//974 1059//962
f 1061//964 1073//976 1072//975 1060//963
f 1062//965 1074//977 1073//976 1061//964
f 1063//966 1075//978 1074//977 1062//965
f 1064//967 1076//979 1075//978 1063//966
f 1065//968 1077//980 1076//979 1064//967
f 1066//969 1078//981 1077//980 1065//968
f 1067//970 1079//982 1078//981 1066//969
f 1068//971 1080//983 1079//982 1067//970
f 1058//961 1070//973 1080//983 1068//971
f 1069//972 1081//984 1082//985 1070//973
f 1071//974 1083//986 1081//984 1069//972
f 1072//975 1084//987 1083//986 1071//974
f 1073//976 1085//988 1084//987 1072//975
f 1074//977 1086//989 1085//988 1073//976
f 1075//978 1087//990 1086//989 1074//977
f 1076//979 1088//991 1087//990 1075//978
f 1077//980 1089//992 1088//991 1076//979
f 1078//981 1090//993 1089//992 1077//980
f 1079//982 1091//994 1090//993 1078//981
f 1080//983 1092//995 1091//994 1079//982
f 1070//973 1082//985 1092//995 1080//983
f 1081//984 1093//996 1094//997 1082//985
f 1083//986 1095//998 1093//996 1081//984
f 1084//987 1096//999 1095//998 1083//986
f 1085//988 1097//1000 1096//999 1084//987
f 1086//989 1098//1001 1097//1000 1085//988
f 1087//990 1099//1002 1098//1001 1086//989
f 1088//991 1100//1003 1099//1002 1087//990
f 1089//992 1101//1004 1100//1003 1088//991
f 1090//993 1102//1005 1101//1004 1089//992
f 1091//994 1103//1006 1102//1005 1090//993
f 1092//995 1104//1007 1103//1006 1091//994
f 1082//985 1094//997 1104//1007 1092//995
f 1093//996 1105//1008 1106//1009 1094//997
f 1095//998 1107//1010 1105//1008 1093//996
f 1096//999 1108//1011 1107//1010 1095//998
f 1097//1000 1109//1012 1108//1011 1096//999
f 1098//1001 1110//1013 1109//1012 1097//1000
f 1099//1002 1111//1014 1110//1013 1098//1001
f 1100//1003 1112//1015 1111//1014 1099//1002
f 1101//1004 1113//1016 1112//1015 1100//1003
f 1102//1005 1114//1017 1113//1016 1101//1004
f 1103//1006 1115//1018 1114//1017 1102//1005
f 1104//1007 1116//1019 1115//1018 1103//1006
f 1094//997 1106//1009 1116//1019 1104//1007
f 1105//1008 1117//1020 1118//1021 1106//1009
f 1107//1010 1119//1022 1117//1020 1105//1008
f 1108//1011 1120//1023 1119//1022 1107//1010
f 1109//1012 1121//1024 1120//1023 1108//1011
f 1110//1013 1122//1025 1121//1024 1109//1012
f 1111//1014 1123//1026 1122//1025 1110//1013
f 1112//1015 1124//1027 1123//1026 1111//1014
f 1113//1016 1125//1028 1124//1027 1112//1015
f 1114//1017 1126//1029 1125//1028 1113//1016
f 1115//1018 1127//1030 1126//1029 1114//1017
f 1116//1019 1128//1031 1127//1030 1115//1018
f 1106//1009 1118//1021 1128//1031 1116//1019
f 1117//1020 1129//1032 1130//1033 1118//1021
f 1119//1022 1131//1034 1129//1032 1117//1020
f 1120//1023 1132//1035 1131//1034 1119//1022
f 1121//1024 1133//1036 1132//1035 1120//1023
f 1122//1025 1134//1037 1133//1036 1121//1024
f 1123//1026 1135//1038 1134//1037 1122//1025
f 1124//1027 1136//1039 1135//1038 1123//1026
f 1125//1028 1137//1040 1136//1039 1124//1027
f 1126//1029 1138//1041 1137//1040 1125//1028
f 1127//1030 1139//1042 1138//1041 1126//1029
f 1128//1031 1140//1043 1139//1042 1127//1030
f 1118//1021 1130//1033 1140//1043 1128//1031
f 1129//1032 1141//1044 1142//1045 1130//1033
f 1131//1034 1143//1046 1141//1044 1129//1032
f 1132//1035 1144//1047 1143//1046 1131//1034
f 1133//1036 1145//1048 1144//1047 1132//1035
f 1134//1037 1146//1049 1145//1048 1133//1036
f 1135//1038 1147//1050 1146//1049 1134//1037
f 1136//1039 1148//1051 1147//1050 1135//1038
f 1137//1040 1149//1052 1148//1051 1136//1039
f 1138//1041 1150//1053 1149//1052 1137//1040
f 1139//1042 1151//1054 1150//1053 1138//1041
f 1140//1043 1152//1055 1151//1054 1139//1042
f 1130//1033 1142//1045 1152//1055 1140//1043
f 1141//1044 1153//1056 1154//1057 1142//1045
f 1143//1046 1155//1058 1153//1056 1141//1044
f 1144//1047 1156//1059 1155//1058 1143//1046
f 1145//1048 1157//1060 1156//1059 1144//1047
f 1146//1049 1158//1061 1157//1060 1145//1048
f 1147//1050 1159//1062 1158//1061 1146//1049
f 1148//1051 1160//1063 1159//1062 1147//1050
f 1149//1052 1161//1064 1160//1063 1148//1051
f 1150//1053 1162//1065 1161//1064 1149//1052
f 1151//1054 1163//1066 1162//1065 1150//1053
f 1152//1055 1164//1067 1163//1066 1151//1054
f 1142//1045 1154//1057 1164//1067 1152//1055
f 1153//1056 1165//1068 1166//1069 1154//1057
f 1155//1058 1167//1070 1165//1068 1153//1056
f 1156//1059 1168//1071 1167//1070 1155//1058
f 1157//1060 1169//1072 1168//1071 1156//1059
f 1158//1061 1170//1073 1169//1072 1157//1060
f 1159//1062 1171//1074 1170//1073 1158//1061
f 1160//1063 1172//1075 1171//1074 1159//1062
f 1161//1064 1173//1076 1172//1075 1160//1063
f 1162//1065 1174//1077 1173//1076 1161//1064
f 1163//1066 1175//1078 1174//1077 1162//1065
f 1164//1067 1176//1079 1175//1078 1163//1066
f 1154//1057 1166//1069 1176//1079 1164//1067
f 1165//1068 1177//1080 1178//1081 1166//1069
f 1167//1070 1179//1082 1177//1080 1165//1068
f 1168//1071 1180//1083 1179//1082 1167//1070
f 1169//1072 1181//1084 1180//1083 1168//1071
f 1170//1073 1182//1085 1181//1084 1169//1072
f 1171//1074 1183//1086 1182//1085 1170//1073
f 1172//1075 1184//1087 1183//1086 1171//1074
f 1173//1076 1185//1088 1184//1087 1172//1075
f 1174//1077 1186//1089 1185//1088 1173//1076
f 1175//1078 1187//1090 1186//1089 1174//1077
f 1176//1079 1188//1091 1187//1090 1175//1078
f 1166//1069 1178//1081 1188//1091 1176//1079
f 1177//1080 1189//1092 1190//1093 1178//1081
f 1179//1082 1191//1094 1189//1092 1177//1080
f 1180//1083 1192//1095 1191//1094 1179//1082
f 1181//1084 1193//1096 1192//1095 1180//1083
f 1182//1085 1194//1097 1193//1096 1181//1084
f 1183//1086 1195//1098 1194//1097 1182//1085
f 1184//1087 1196//1099 1195//1098 1183//1086
f 1185//1088 1197//1100 1196//1099 1184//1087
f 1186//1089 1198//1101 1197//1100 1185//1088
f 1187//1090 1199//1102 1198//1101 1186//1089
f 1188//1091 1200//1103 1199//1102 1187//1090
f 1178//1081 1190//1093 1200//1103 1188//1091
f 1189//1092 1201//1104 1202//1105 1190//1093
f 1191//1094 1203//1106 1201//1104 1189//1092
f 1192//1095 1204//1107 1203//1106 1191//1094
f 1193//1096 1205//1108 1204//1107 1192//1095
f 1194//1097 1206//1109 1205//1108 1193//1096
f 1195//1098 1207//1110 1206//1109 1194//1097
f 1196//1099 1208//1111 1207//1110 1195//1098
f 1197//1100 1209//1112 1208//1111 1196//1099
f 1198//1101 1210//1113 1209//1112 1197//1100
f 1199//1102 1211//1114 1210//1113 1198//1101
f 1200//1103 1212//1115 1211//1114 1199//1102
f 1190//1093 1202//1105 1212//1115 1200//1103
f 1201//1104 1213//1116 1214//1117 1202//1105
f 1203//1106 1215//1118 1213//1116 1201//1104
f 1204//1107 1216//1119 1215//1118 1203//1106
f 1205//1108 1217//1120 1216//1119 1204//1107
f 1206//1109 1218//1121 1217//1120 1205//1108
f 1207//1110 1219//1122 1218//1121 1206//1109
f 1208//1111 1220//1123 1219//1122 1207//1110
f 1209//1112 1221//1124 1220//1123 1208//1111
f 1210//1113 1222//1125 1221//1124 1209//1112
f 1211//1114 1223//1126 1222//1125 1210//1113
f 1212//1115 1224//1127 1223//1126 1211//1114
f 1202//1105 1214//1117 1224//1127 1212//1115
f 1213//1116 1225//1128 1226//1129 1214//1117
f 1215//1118 1227//1130 1225//1128 1213//1116
f 1216//1119 1228//1131 1227//1130 1215//1118
f 1217//1120 1229//1132 1228//1131 1216//1119
f 1218//1121 1230//1133 1229//1132 1217//1120
f 1219//1122 1231//1134 1230//1133 1218//1121
f 1220//1123 1232//1135 1231//1134 1219//1122
f 1221//1124 1233//1136 1232//1135 1220//1123
f 1222//1125 1234//1137 1233//1136 1221//1124
f 1223//1126 1235//1138 1234//1137 1222//1125
f 1224//1127 1236//1139 1235//1138 1223//1126
f 1214//1117 1226//1129 1236//1139 1224//1127
f 1225//1128 1237//1140 1238//1141 1226//1129
f 1227//1130 1239//1142 1237//1140 1225//1128
f 1228//1131 1240//1143 1239//1142 1227//1130
f 1229//1132 1241//1144 1240//1143 1228//1131
f 1230//1133 1242//1145 1241//1144 1229//1132
f 1231//1134 1243//1146 1242//1145 1230//1133
f 1232//1135 1244//1147 1243//1146 1231//1134
f 1233//1136 1245//1148 1244//1147 1232//1135
f 1234//1137 1246//1149 1245//1148 1233//1136
f 1235//1138 1247//1150 1246//1149 1234//1137
f 1236//1139 1248//1151 1247//1150 1235//1138
f 1226//1129 1238//1141 1248//1151 1236//1139
f 1237//1140 1249//1152 1250//1153 1238//1141
f 1239//1142 1251//1154 1249//1152 1237//1140
f 1240//1143 1252//1155 1251//1154 1239//1142
f 1241//1144 1253//1156 1252//1155 1240//1143
f 1242//1145 1254//1157 1253//1156 1241//1144
f 1243//1146 1255//1158 1254//1157 1242//1145
f 1244//1147 1256//1159 1255//1158 1243//1146
f 1245//1148 1257//1160 1256//1159 1244//1147
f 1246//1149 1258//1161 1257//1160 1245//1148
f 1247//1150 1259//1162 1258//1161 1246//1149
f 1248//1151 1260//1163 1259//1162 1247//1150
f 1238//1141 1250//1153 1260//1163 1248//1151
f 1249//1152 1261//1164 1262//1165 1250//1153
f 1251//1154 1263//1166 1261//1164 1249//1152
f 1252//1155 1264//1167 1263//1166 1251//1154
f 1253//1156 1265//1168 1264//1167 1252//1155
f 1254//1157 1266//1169 1265//1168 1253//1156
f 1255//1158 1267//1170 1266//1169 1254//1157
f 1256//1159 1268//1171 1267//1170 1255//1158
f 1257//1160 1269//1172 1268//1171 1256//1159
f 1258//1161 1270//1173 1269//1172 1257//1160
f 1259//1162 1271//1174 1270//1173 1258//1161
f 1260//1163 1272//1175 1271//1174 1259//1162
f 1250//1153 1262//1165 1272//1175 1260//1163
f 1261//1164 1273//1176 1274//1177 1262//1165
f 1263//1166 1275//1178 1273//1176 1261//1164
f 1264//1167 1276//1179 1275//1178 1263//1166
f 1265//1168 1277//1180 1276//1179 1264//1167
f 1266//1169 1278//1181 1277//1180 1265//1168
f 1267//1170 1279//1182 1278//1181 1266//1169
f 1268//1171 1280//1183 1279//1182 1267//1170
f 1269//1172 1281//1184 1280//1183 1268//1171
f 1270//1173 1282//1185 1281//1184 1269//1172
f 1271//1174 1283//1186 1282//1185 1270//1173
f 1272//1175 1284//1187 1283//1186 1271//1174
f 1262//1165 1274//1177 1284//1187 1272//1175
f 1273//1176 1285//1188 1286//1189 1274//1177
f 1275//1178 1287//1190 1285//1188 1273//1176
f 1276//1179 1288//1191 1287//1190 1275//1178
f 1277//1180 1289//1192 1288//1191 1276//1179
f 1278//1181 1290//1193 1289//1192 1277//1180
f 1279//1182 1291//1194 1290//1193 1278//1181
f 1280//1183 1292//1195 1291//1194 1279//1182
f 1281//1184 1293//1196 1292//1195 1280//1183
f 1282//1185 1294//1197 1293//1196 1281//1184
f 1283//1186 1295//1198 1294//1197 1282//1185
f 1284//1187 1296//1199 1295//1198 1283//1186
f 1274//1177 1286//1189 1296//1199 1284//1187
f 1285//1188 1297//1200 1298//1201 1286//1189
f 1287//1190 1299//1202 1297//1200 1285//1188
f 1288//1191 1300//1203 1299//1202 1287//1190
f 1289//1192 1301//1204 1300//1203 1288//1191
f 1290//1193 1302//1205 1301//1204 1289//1192
f 1291//1194 1303//1206 1302//1205 1290//1193
f 1292//1195 1304//1207 1303//1206 1291//1194
f 1293//1196 1305//1208 1304//1207 1292//1195
f 1294//1197 1306//1209 1305//1208 1293//1196
f 1295//1198 1307//1210 1306//1209 1294//1197
f 1296//1199 1308//1211 1307//1210 1295//1198
f 1286//1189 1298//1201 1308//1211 1296//1199
f 1297//1200 1309//1212 1310//1213 1298//1201
f 1299//1202 1311//1214 1309//1212 1297//1200
f 1300//1203 1312//1215 1311//1214 1299//1202
f 1301//1204 1313//1216 1312//1215 1300//1203
f 1302//1205 1314//1217 1313//1216 1301//1204
f 1303//1206 1315//1218 1314//1217 1302//1205
f 1304//1207 1316//1219 1315//1218 1303//1206
f 1305//1208 1317//1220 1316//1219 1304//1207
f 1306//1209 1318//1221 1317//1220 1305//1208
f 1307//1210 1319//1222 1318//1221 1306//1209
f 1308//1211 1320//1223 1319//1222 1307//1210
f 1298//1201 1310//1213 1320//1223 1308//1211
f 1309//1212 1321//1224 1322//1225 1310//1213
f 1311//1214 1323//1226 1321//1224 1309//1212
f 1312//1215 1324//1227 1323//1226 1311//1214
f 1313//1216 1325//1228 1324//1227 1312//1215
f 1314//1217 1326//1229 1325//1228 1313//1216
f 1315//1218 1327//1230 1326//1229 1314//1217
f 1316//1219 1328//1231 1327//1230 1315//1218
f 1317//1220 1329//1232 1328//1231 1316//1219
f 1318//1221 1330//1233 1329//1232 1317//1220
f 1319//1222 1331//1234 1330//1233 1318//1221
f 1320//1223 1332//1235 1331//1234 1319//1222
f 1310//1213 1322//1225 1332//1235 1320//1223
f 1333//1236 1334//1237 1335//1238 1336//1239
f 1337//1240 1338//1241 1334//1237 1333//1236
f 1339//1242 1340//1243 1338//1241 1337//1240
f 1341//1244 1342//1245 1340//1243 1339//1242
f 1343//1246 1344//1247 1342//1245 1341//1244
f 1345//1248 1346//1249 1344//1247 1343//1246
f 1347//1250 1348//1251 1346//1249 1345//1248
f 1349//1252 1350//1253 1348//1251 1347//1250
f 1351//1254 1352//1255 1350//1253 1349//1252
f 1353//1256 1354//1257 1352//1255 1351//1254
f 1355//1258 1356//1259 1354//1257 1353//1256
f 1336//1239 1335//1238 1356//1259 1355//1258
f 1334//1237 1357//1260 1358//1261 1335//1238
f 1338//1241 1359//1262 1357//1260 1334//1237
f 1340//1243 1360//1263 1359//1262 1338//1241
f 1342//1245 1361//1264 1360//1263 1340//1243
f 1344//1247 1362//1265 1361//1264 1342//1245
f 1346//1249 1363//1266 1362//1265 1344//1247
f 1348//1251 1364//1267 1363//1266 1346//1249
f 1350//1253 1365//1268 1364//1267 1348//1251
f 1352//1255 1366//1269 1365//1268 1350//1253
f 1354//1257 1367//1270 1366//1269 1352//1255
f 1356//1259 1368//1271 1367//1270 1354//1257
f 1335//1238 1358//1261 1368//1271 1356//1259
f 1357//1260 1369//1272 1370//1273 1358//1261
f 1359//1262 1371//1274 1369//1272 1357//1260
f 1360//1263 1372//1275 1371//1274 1359//1262
f 1361//1264 1373//1276 1372//1275 1360//1263
f 1362//1265 1374//1277 1373//1276 1361//1264
f 1363//1266 1375//1278 1374//1277 1362//1265
f 1364//1267 1376//1279 1375//1278 1363//1266
f 1365//1268 1377//1280 1376//1279 1364//1267
f 1366//1269 1378//1281 1377//1280 1365//1268
f 1367//1270 1379//1282 1378//1281 1366//1269
f 1368//1271 1380//1283 1379//1282 1367//1270
f 1358//1261 1370//1273 1380//1283 1368//1271
f 1369//1272 1381//1284 1382//1285 1370//1273
f 1371//1274 1383//1286 1381//1284 1369//1272
f 1372//1275 1384//1287 1383//1286 1371//1274
f 1373//1276 1385//1288 1384//1287 1372//1275
f 1374//1277 1386//1289 1385//1288 1373//1276
f 1375//1278 1387//1290 1386//1289 1374//1277
f 1376//1279 1388//1291 1387//1290 1375//1278
f 1377//1280 1389//1292 1388//1291 1376//1279
f 1378//1281 1390//1293 1389//1292 1377//1280
f 1379//1282 1391//1294 1390//1293 1378//1281
f 1380//1283 1392//1295 1391//1294 1379//1282
f 1370//1273 1382//1285 1392//1295 1380//1283
f 1381//1284 1393//1296 1394//1297 1382//1285
f 1383//1286 1395//1298 1393//1296 1381//1284
f 1384//1287 1396//1299 1395//1298 1383//1286
f 1385//1288 1397//1300 1396//1299 1384//1287
f 1386//1289 1398//1301 1397//1300 1385//1288
f 1387//1290 1399//1302 1398//1301 1386//1289
f 1388//1291 1400//1303 1399//1302 1387//1290
f 1389//1292 1401//1304 1400//1303 1388//1291
f 1390//1293 1402//1305 1401//1304 1389//1292
f 1391//1294 1403//1306 1402//1305 1390//1293
f 1392//1295 1404//1307 1403//1306 1391//1294
f 1382//1285 1394//1297 1404//1307 1392//1295
f 1393//1296 1405//1308 1406//1309 1394//1297
f 1395//1298 1407//1310 1405//1308 1393//1296
f 1396//1299 1408//1311 1407//1310 1395//1298
f 1397//1300 1409//1312 1408//1311 1396//1299
f 1398//1301 1410//1313 1409//1312 1397//1300
f 1399//1302 1411//1314 1410//1313 1398//1301
f 1400//1303 1412//1315 1411//1314 1399//1302
f 1401//1304 1413//1316 1412//1315 1400//1303
f 1402//1305 1414//1317 1413//1316 1401//1304
f 1403//1306 1415//1318 1414//1317 1402//1305
f 1404//1307 1416//1319 1415//1318 1403//1306
f 1394//1297 1406//1309 1416//1319 1404//1307
f 1405//1308 1417//1320 1418//1321 1406//1309
f 1407//1310 1419//1322 1417//1320 1405//1308
f 1408//1311 1420//1323 1419//1322 1407//1310
f 1409//1312 1421//1324 1420//1323 1408//1311
f 1410//1313 1422//1325 1421//1324 1409//1312
f 1411//1314 1423//1326 1422//1325 1410//1313
f 1412//1315 1424//1327 1423//1326 1411//1314
f 1413//1316 1425//1328 1424//1327 1412//1315
f 1414//1317 1426//1329 1425//1328 1413//1316
f 1415//1318 1427//1330 1426//1329 1414//1317
f 1416//1319 1428//1331 1427//1330 1415//1318
f 1406//1309 1418//1321 1428//1331 1416//1319
f 1417//1320 1429//1332 1430//1333 1418//1321
f 1419//1322 1431//1334 1429//1332 1417//1320
f 1420//1323 1432//1335 1431//1334 1419//1322
f 1421//1324 1433//1336 1432//1335 1420//1323
f 1422//1325 1434//1337 1433//1336 1421//1324
f 1423//1326 1435//1338 1434//1337 1422//1325
f 1424//1327 1436//1339 1435//1338 1423//1326
f 1425//1328 1437//1340 1436//1339 1424//1327
f 1426//1329 1438//1341 1437//1340 1425//1328
f 1427//1330 1439//1342 1438//1341 1426//1329
f 1428//1331 1440//1343 1439//1342 1427//1330
f 1418//1321 1430//1333 1440//1343 1428//1331
f 1429//1332 1441//1344 1442//1345 1430//1333
f 1431//1334 1443//1346 1441//1344 1429//1332
f 1432//1335 1444//1347 1443//1346 1431//1334
f 1433//1336 1445//1348 1444//1347 1432//1335
f 1434//1337 1446//1349 1445//1348 1433//1336
f 1435//1338 1447//1350 1446//1349 1434//1337
f 1436//1339 1448//1351 1447//1350 1435//1338
f 1437//1340 1449//1352 1448//1351 1436//1339
f 1438//1341 1450//1353 1449//1352 1437//1340
f 1439//1342 1451//1354 1450//1353 1438//1341
f 1440//1343 1452//1355 1451//1354 1439//1342
f 1430//1333 1442//1345 1452//1355 1440//1343
f 1441//1344 1453//1356 1454//1357 1442//1345
f 1443//1346 1455//1358 1453//1356 1441//1344
f 1444//1347 1456//1359 1455//1358 1443//1346
f 1445//1348 1457//1360 1456//1359 1444//1347
f 1446//1349 1458//1361 1457//1360 1445//1348
f 1447//1350 1459//1362 1458//1361 1446//1349
f 1448//1351 1460//1363 1459//1362 1447//1350
f 1449//1352 1461//1364 1460//1363 1448//1351
f 1450//1353 1462//1365 1461//1364 1449//1352
f 1451//1354 1463//1366 1462//1365 1450//1353
f 1452//1355 1464//1367 1463//1366 1451//1354
f 1442//1345 1454//1357 1464//1367 1452//1355
f 1453//1356 1465//1368 1466//1369 1454//1357
f 1455//1358 1467//1370 1465//1368 1453//1356
f 1456//1359 1468//1371 1467//1370 1455//1358
f 1457//1360 1469//1372 1468//1371 1456//1359
f 1458//1361 1470//1373 1469//1372 1457//1360
f 1459//1362 1471//1374 1470//1373 1458//1361
f 1460//1363 1472//1375 1471//1374 1459//1362
f 1461//1364 1473//1376 1472//1375 1460//1363
f 1462//1365 1474//1377 1473//1376 1461//1364
f 1463//1366 1475//1378 1474//1377 1462//1365
f 1464//1367 1476//1379 1475//1378 1463//1366
f 1454//1357 1466//1369 1476//1379 1464//1367
f 1465//1368 1477//1380 1478//1381 1466//1369
f 1467//1370 1479//1382 1477//1380 1465//1368
f 1468//1371 1480//1383 1479//1382 1467//1370
f 1469//1372 1481//1384 1480//1383 1468//1371
f 1470//1373 1482//1385 1481//1384 1469//1372
f 1471//1374 1483//1386 1482//1385 1470//1373
f 1472//1375 1484//1387 1483//1386 1471//1374
f 1473//1376 1485//1388 1484//1387 1472//1375
f 1474//1377 1486//1389 1485//1388 1473//1376
f 1475//1378 1487//1390 1486//1389 1474//1377
f 1476//1379 1488//1391 1487//1390 1475//1378
f 1466//1369 1478//1381 1488//1391 1476//1379
f 1489//1392 1490//1393 1491//1394 1492//1395
f 1493//1396 1494//1397 1490//1393 1489//1392
f 1495//1398 1496//1399 1494//1397 1493//1396
f 1497//1400 1498//1401 1496//1399 1495//1398
f 1499//1402 1500//1403 1498//1401 1497//1400
f 1501//1404 1502//1405 1500//1403 1499//1402
f 1503//1406 1504//1407 1502//1405 1501//1404
f 1505//1408 1506//1409 1504//1407 1503//1406
f 1507//1410 1508//1411 1506//1409 1505//1408
f 1509//1412 1510//1413 1508//1411 1507//1410
f 1511//1414 1512//1415 1510//1413 1509//1412
f 1492//1395 1491//1394 1512//1415 1511//1414
f 1490//1393 1513//1416 1514//1417 1491//1394
f 1494//1397 1515//1418 1513//1416 1490//1393
f 1496//1399 1516//1419 1515//1418 1494//1397
f 1498//1401 1517//1420 1516//1419 1496//1399
f 1500//1403 1518//1421 1517//1420 1498//1401
f 1502//1405 1519//1422 1518//1421 1500//1403
f 1504//1407 1520//1423 1519//1422 1502//1405
f 1506//1409 1521//1424 1520//1423 1504//1407
f 1508//1411 1522//1425 1521//1424 1506//1409
f 1510//1413 1523//1426 1522//1425 1508//1411
f 1512//1415 1524//1427 1523//1426 1510//1413
f 1491//1394 1514//1417 1524//1427 1512//1415
f 1513//1416 1525//1428 1526//1429 1514//1417
f 1515//1418 1527//1430 1525//1428 1513//1416
f 1516//1419 1528//1431 1527//1430 1515//1418
f 1517//1420 1529//1432 1528//1431 1516//1419
f 1518//1421 1530//1433 1529//1432 1517//1420
f 1519//1422 1531//1434 1530//1433 1518//1421
f 1520//1423 1532//1435 1531//1434 1519//1422
f 1521//1424 1533//1436 1532//1435 1520//1423
f 1522//1425 1534//1437 1533//1436 1521//1424
f 1523//1426 1535//1438 1534//1437 1522//1425
f 1524//1427 1536//1439 1535//1438 1523//1426
f 1514//1417 1526//1429 1536//1439 1524//1427
f 1525//1428 1537//1440 1538//1441 1526//1429
f 1527//1430 1539//1442 1537//1440 1525//1428
f 1528//1431 1540//1443 1539//1442 1527//1430
f 1529//1432 1541//1444 1540//1443 1528//1431
f 1530//1433 1542//1445 1541//1444 1529//1432
f 1531//1434 1543//1446 1542//1445 1530//1433
f 1532//1435 1544//1447 1543//1446 1531//1434
f 1533//1436 1545//1448 1544//1447 1532//1435
f 1534//1437 1546//1449 1545//1448 1533//1436
f 1535//1438 1547//1450 1546//1449 1534//1437
f 1536//1439 1548//1451 1547//1450 1535//1438
f 1526//1429 1538//1441 1548//1451 1536//1439
f 1537//1440 1549//1452 1550//1453 1538//1441
f 1539//1442 1551//1454 1549//1452 1537//1440
f 1540//1443 1552//1455 1551//1454 1539//1442
f 1541//1444 1553//1456 1552//1455 1540//1443
f 1542//1445 1554//1457 1553//1456 1541//1444
f 1543//1446 1555//1458 1554//1457 1542//1445
f 1544//1447 1556//1459 1555//1458 1543//1446
f 1545//1448 1557//1460 1556//1459 1544//1447
f 1546//1449 1558//1461 1557//1460 1545//1448
f 1547//1450 1559//1462 1558//1461 1546//1449
f 1548//1451 1560//1463 1559//1462 1547//1450
f 1538//1441 1550//1453 1560//1463 1548//1451
f 1549//1452 1561//1464 1562//1465 1550//1453
f 1551//1454 1563//1466 1561//1464 1549//1452
f 1552//1455 1564//1467 1563//1466 1551//1454
f 1553//1456 1565//1468 1564//1467 1552//1455
f 1554//1457 1566//1469 1565//1468 1553//1456
f 1555//1458 1567//1470 1566//1469 1554//1457
f 1556//1459 1568//1471 1567//1470 1555//1458
f 1557//1460 1569//1472 1568//1471 1556//1459
f 1558//1461 1570//1473 1569//1472 1557//1460
f 1559//1462 1571//1474 1570//1473 1558//1461
f 1560//1463 1572//1475 1571//1474 1559//1462
f 1550//1453 1562//1465 1572//1475 1560//1463
f 1561//1464 1573//1476 1574//1477 1562//1465
f 1563//1466 1575//1478 1573//1476 1561//1464
f 1564//1467 1576//1479 1575//1478 1563//1466
f 1565//1468 1577//1480 1576//1479 1564//1467
f 1566//1469 1578//1481 1577//1480 1565//1468
f 1567//1470 1579//1482 1578//1481 1566//1469
f 1568//1471 1580//1483 1579//1482 1567//1470
f 1569//1472 1581//1484 1580//1483 1568//1471
f 1570//1473 1582//1485 1581//1484 1569//1472
f 1571//1474 1583//1486 1582//1485 1570//1473
f 1572//1475 1584//1487 1583//1486 1571//1474
f 1562//1465 1574//1477 1584//1487 1572//1475
f 1573//1476 1585//1488 1586//1489 1574//1477
f 1575//1478 1587//1490 1585//1488 1573//1476
f 1576//1479 1588//1491 1587//1490 1575//1478
f 1577//1480 1589//1492 1588//1491 1576//1479
f 1578//1481 1590//1493 1589//1492 1577//1480
f 1579//1482 1591//1494 1590//1493 1578//1481
f 1580//1483 1592//1495 1591//1494 1579//1482
f 1581//1484 1593//1496 1592//1495 1580//1483
f 1582//1485 1594//1497 1593//1496 1581//1484
f 1583//1486 1595//1498 1594//1497 1582//1485
f 1584//1487 1596//1499 1595//1498 1583//1486
f 1574//1477 1586//1489 1596//1499 1584//1487
f 1585//1488 1597//1500 1598//1501 1586//1489
f 1587//1490 1599//1502 1597//1500 1585//1488
f 1588//1491 1600//1503 1599//1502 1587//1490
f 1589//1492 1601//1504 1600//1503 1588//1491
f 1590//1493 1602//1505 1601//1504 1589//1492
f 1591//1494 1603//1506 1602//1505 1590//1493
f 1592//1495 1604//1507 1603//1506 1591//1494
f 1593//1496 1605//1508 1604//1507 1592//1495
f 1594//1497 1606//1509 1605//1508 1593//1496
f 1595//1498 1607//1510 1606//1509 1594//1497
f 1596//1499 1608//1511 1607//1510 1595//1498
f 1586//1489 1598//1501 1608//1511 1596//1499
f 1597//1500 1609//1512 1610//1513 1598//1501
f 1599//1502 1611//1514 1609//1512 1597//1500
f 1600//1503 1612//1515 1611//1514 1599//1502
f 1601//1504 1613//1516 1612//1515 1600//1503
f 1602//1505 1614//1517 1613//1516 1601//1504
f 1603//1506 1615//1518 1614//1517 1602//1505
f 1604//1507 1616//1519 1615//1518 1603//1506
f 1605//1508 1617//1520 1616//1519 1604//1507
f 1606//1509 1618//1521 1617//1520 1605//1508
f 1607//1510 1619//1522 1618//1521 1606//1509
f 1608//1511 1620//1523 1619//1522 1607//1510
f 1598//1501 1610//1513 1620//1523 1608//1511
f 1609//1512 1621//1524 1622//1525 1610//1513
f 1611//1514 1623//1526 1621//1524 1609//1512
f 1612//1515 1624//1527 1623//1526 1611//1514
f 1613//1516 1625//1528 1624//1527 1612//1515
f 1614//1517 1626//1529 1625//1528 1613//1516
f 1615//1518 1627//1530 1626//1529 1614//1517
f 1616//1519 1628//1531 1627//1530 1615//1518
f 1617//1520 1629//1532 1628//1531 1616//1519
f 1618//1521 1630//1533 1629//1532 1617//1520
f 1619//1522 1631//1534 1630//1533 1618//1521
f 1620//1523 1632//1535 1631//1534 1619//1522
f 1610//1513 1622//1525 1632//1535 1620//1523
f 1621//1524 1633//1536 1634//1537 1622//1525
f 1623//1526 1635//1538 1633//1536 1621//1524
f 1624//1527 1636//1539 1635//1538 1623//1526
f 1625//1528 1637//1540 1636//1539 1624//1527
f 1626//1529 1638//1541 1637//1540 1625//1528
f 1627//1530 1639//1542 1638//1541 1626//1529
f 1628//1531 1640//1543 1639//1542 1627//1530
f 1629//1532 1641//1544 1640//1543 1628//1531
f 1630//1533 1642//1545 1641//1544 1629//1532
f 1631//1534 1643//1546 1642//1545 1630//1533
f 1632//1535 1644//1547 1643//1546 1631//1534
f 1622//1525 1634//1537 1644//1547 1632//1535
f 1645//1548 1646//1549 1647//1550 1648//1551
f 1649//1552 1650//1553 1646//1549 1645//1548
f 1651//1554 1652//1555 1650//1553 1649//1552
f 1653//1556 1654//1557 1652//1555 1651//1554
f 1655//1558 1656//1559 1654//1557 1653//1556
f 1657//1560 1658//1561 1656//1559 1655//1558
f 1659//1562 1660//1563 1658//1561 1657//1560
f 1661//1564 1662//1565 1660//1563 1659//1562
f 1663//1566 1664//1567 1662//1565 1661//1564
f 1665//1568 1666//1569 1664//1567 1663//1566
f 1667//1570 1668//1571 1666//1569 1665//1568
f 1648//1551 1647//1550 1668//1571 1667//1570
f 1646//1549 1669//1572 1670//1573 1647//1550
f 1650//1553 1671//1574 1669//1572 1646//1549
f 1652//1555 1672//1575 1671//1574 1650//1553
f 1654//1557 1673//1576 1672//1575 1652//1555
f 1656//1559 1674//1577 1673//1576 1654//1557
f 1658//1561 1675//1578 1674//1577 1656//1559
f 1660//1563 1676//1579 1675//1578 1658//1561
f 1662//1565 1677//1580 1676//1579 1660//1563
f 1664//1567 1678//1581 1677//1580 1662//1565
f 1666//1569 1679//1582 1678//1581 1664//1567
f 1668//1571 1680//1583 1679//1582 1666//1569
f 1647//1550 1670//1573 1680//1583 1668//1571
f 1669//1572 1681//1584 1682//1585 1670//1573
f 1671//1574 1683//1586 1681//1584 1669//1572
f 1672//1575 1684//1587 1683//1586 1671//1574
f 1673//1576 1685//1588 1684//1587 1672//1575
f 1674//1577 1686//1589 1685//1588 1673//1576
f 1675//1578 1687//1590 1686//1589 1674//1577
f 1676//1579 1688//1591 1687//1590 1675//1578
f 1677//1580 1689//1592 1688//1591 1676//1579
f 1678//1581 1690//1593 1689//1592 1677//1580
f 1679//1582 1691//1594 1690//1593 1678//1581
f 1680//1583 1692//1595 1691//1594 1679//1582
f 1670//1573 1682//1585 1692//1595 1680//1583
f 1681//1584 1693//1596 1694//1597 1682//1585
f 1683//1586 1695//1598 1693//1596 1681//1584
f 1684//1587 1696//1599 1695//1598 1683//1586
f 1685//1588 1697//1600 1696//1599 1684//1587
f 1686//1589 1698//1601 1697//1600 1685//1588
f 1687//1590 1699//1602 1698//1601 1686//1589
f 1688//1591 1700//1603 1699//1602 1687//1590
f 1689//1592 1701//1604 1700//1603 1688//1591
f 1690//1593 1702//1605 1701//1604 1689//1592
f 1691//1594 1703//1606 1702//1605 1690//1593
f 1692//1595 1704//1607 1703//1606 1691//1594
f 1682//1585 1694//1597 1704//1607 1692//1595
f 1693//1596 1705//1608 1706//1609 1694//1597
f 1695//1598 1707//1610 1705//1608 1693//1596
f 1696//1599 1708//1611 1707//1610 1695//1598
f 1697//1600 1709//1612 1708//1611 1696//1599
f 1698//1601 1710//1613 1709//1612 1697//1600
f 1699//1602 1711//1614 1710//1613 1698//1601
f 1700//1603 1712//1615 1711//1614 1699//1602
f 1701//1604 1713//1616 1712//1615 1700//1603
f 1702//1605 1714//1617 1713//1616 1701//1604
f 1703//1606 1715//1618 1714//1617 1702//1605
f 1704//1607 1716//1619 1715//1618 1703//1606
f 1694//1597 1706//1609 1716//1619 1704//1607
f 1705//1608 1717//1620 1718//1621 1706//1609
f 1707//1610 1719//1622 1717//1620 1705//1608
f 1708//1611 1720//1623 1719//1622 1707//1610
f 1709//1612 1721//1624 1720//1623 1708//1611
f 1710//1613 1722//1625 1721//1624 1709//1612
f 1711//1614 1723//1626 1722//1625 1710//1613
f 1712//1615 1724//1627 1723//1626 1711//1614
f 1713//1616 1725//1628 1724//1627 1712//1615
f 1714//1617 1726//1629 1725//1628 1713//1616
f 1715//1618 1727//1630 1726//1629 1714//1617
f 1716//1619 1728//1631 1727//1630 1715//1618
f 1706//1609 1718//1621 1728//1631 1716//1619
f 1717//1620 1729//1632 1730//1633 1718//1621
f 1719//1622 1731//1634 1729//1632 1717//1620
f 1720//1623 1732//1635 1731//1634 1719//1622
f 1721//1624 1733//1636 1732//1635 1720//1623
f 1722//1625 1734//1637 1733//1636 1721//1624
f 1723//1626 1735//1638 1734//1637 1722//1625
f 1724//1627 1736//1639 1735//1638 1723//1626
f 1725//1628 1737//1640 1736//1639 1724//1627
f 1726//1629 1738//1641 1737//1640 1725//1628
f 1727//1630 1739//1642 1738//1641 1726//1629
f 1728//1631 1740//1643 1739//1642 1727//1630
f 1718//1621 1730//1633 1740//1643 1728//1631
f 1729//1632 1741//1644 1742//1645 1730//1633
f 1731//1634 1743//1646 1741//1644 1729//1632
f 1732//1635 1744//1647 1743//1646 1731//1634
f 1733//1636 1745//1648 1744//1647 1732//1635
f 1734//1637 1746//1649 1745//1648 1733//1636
f 1735//1638 1747//1650 1746//1649 1734//1637
f 1736//1639 1748//1651 1747//1650 1735//1638
f 1737//1640 1749//1652 1748//1651 1736//1639
f 1738//1641 1750//1653 1749//1652 1737//1640
f 1739//1642 1751//1654 1750//1653 1738//1641
f 1740//1643 1752//1655 1751//1654 1739//1642
f 1730//1633 1742//1645 1752//1655 1740//1643
f 1741//1644 1753//1656 1754//1657 1742//1645
f 1743//1646 1755//1658 1753//1656 1741//1644
f 1744//1647 1756//1659 1755//1658 1743//1646
f 1745//1648 1757//1660 1756//1659 1744//1647
f 1746//1649 1758//1661 1757//1660 1745//1648
f 1747//1650 1759//1662 1758//1661 1746//1649
f 1748//1651 1760//1663 1759//1662 1747//1650
f 1749//1652 1761//1664 1760//1663 1748//1651
f 1750//1653 1762//1665 1761//1664 1749//1652
f 1751//1654 1763//1666 1762//1665 1750//1653
f 1752//1655 1764//1667 1763//1666 1751//1654
f 1742//1645 1754//1657 1764//1667 1752//1655
f 1753//1656 1765//1668 1766//1669 1754//1657
f 1755//1658 1767//1670 1765//1668 1753//1656
f 1756//1659 1768//1671 1767//1670 1755//1658
f 1757//1660 1769//1672 1768//1671 1756//1659
f 1758//1661 1770//1673 1769//1672 1757//1660
f 1759//1662 1771//1674 1770//1673 1758//1661
f 1760//1663 1772//1675 1771//1674 1759//1662
f 1761//1664 1773//1676 1772//1675 1760//1663
f 1762//1665 1774//1677 1773//1676 1761//1664
f 1763//1666 1775//1678 1774//1677 1762//1665
f 1764//1667 1776//1679 1775//1678 1763//1666
f 1754//1657 1766//1669 1776//1679 1764//1667
f 1765//1668 1777//1680 1778//1681 1766//1669
f 1767//1670 1779//1682 1777//1680 1765//1668
f 1768//1671 1780//1683 1779//1682 1767//1670
f 1769//1672 1781//1684 1780//1683 1768//1671
f 1770//1673 1782//1685 1781//1684 1769//1672
f 1771//1674 1783//1686 1782//1685 1770//1673
f 1772//1675 1784//1687 1783//1686 1771//1674
f 1773//1676 1785//1688 1784//1687 1772//1675
f 1774//1677 1786//1689 1785//1688 1773//1676
f 1775//1678 1787//1690 1786//1689 1774//1677
f 1776//1679 1788//1691 1787//1690 1775//1678
f 1766//1669 1778//1681 1788//1691 1776//1679
f 1777//1680 1789//1692 1790//1693 1778//1681
f 1779//1682 1791//1694 1789//1692 1777//1680
f 1780//1683 1792//1695 1791//1694 1779//1682
f 1781//1684 1793//1696 1792//1695 1780//1683
f 1782//1685 1794//1697 1793//1696 1781//1684
f 1783//1686 1795//1698 1794//1697 1782//1685
f 1784//1687 1796//1699 1795//1698 1783//1686
f 1785//1688 1797//1700 1796//1699 1784//1687
f 1786//1689 1798//1701 1797//1700 1785//1688
f 1787//1690 1799//1702 1798//1701 1786//1689
f 1788//1691 1800//1703 1799//1702 1787//1690
f 1778//1681 1790//1693 1800//1703 1788//1691
f 1801//1704 1802//1705 1803//1706 1804//1707
f 1805//1708 1806//1709 1802//1705 1801//1704
f 1807//1710 1808//1711 1806//1709 1805//1708
f 1809//1712 1810//1713 1808//1711 1807//1710
f 1811//1714 1812//1715 1810//1713 1809//1712
f 1813//1716 1814//1717 1812//1715 1811//1714
f 1815//1718 1816//1719 1814//1717 1813//1716
f 1817//1720 1818//1721 1816//1719 1815//1718
f 1819//1722 1820//1723 1818//1721 1817//1720
f 1821//1724 1822//1725 1820//1723 1819//1722
f 1823//1726 1824//1727 1822//1725 1821//1724
f 1804//1707 1803//1706 1824//1727 1823//1726
f 1802//1705 1825//1728 1826//1729 1803//1706
f 1806//1709 1827//1730 1825//1728 1802//1705
f 1808//1711 1828//1731 1827//1730 1806//1709
f 1810//1713 1829//1732 1828//1731 1808//1711
f 1812//1715 1830//1733 1829//1732 1810//1713
f 1814//1717 1831//1734 1830//1733 1812//1715
f 1816//1719 1832//1735 1831//1734 1814//1717
f 1818//1721 1833//1736 1832//1735 1816//1719
f 1820//1723 1834//1737 1833//1736 1818//1721
f 1822//1725 1835//1738 1834//1737 1820//1723
f 1824//1727 1836//1739 1835//1738 1822//1725
f 1803//1706 1826//1729 1836//1739 1824//1727
f 1825//1728 1837//1740 1838//1741 1826//1729
f 1827//1730 1839//1742 1837//1740 1825//1728
f 1828//1731 1840//1743 1839//1742 1827//1730
f 1829//1732 1841//1744 1840//1743 1828//1731
f 1830//1733 1842//1745 1841//1744 1829//1732
f 1831//1734 1843//1746 1842//1745 1830//1733
f 1832//1735 1844//1747 1843//1746 1831//1734
f 1833//1736 1845//1748 1844//1747 1832//1735
f 1834//1737 1846//1749 1845//1748 1833//1736
f 1835//1738 1847//1750 1846//1749 1834//1737
f 1836//1739 1848//1751 1847//1750 1835//1738
f 1826//1729 1838//1741 1848//1751 1836//1739
f 1837//1740 1849//1752 1850//1753 1838//1741
f 1839//1742 1851//1754 1849//1752 1837//1740
f 1840//1743 1852//1755 1851//1754 1839//1742
f 1841//1744 1853//1756 1852//1755 1840//1743
f 1842//1745 1854//1757 1853//1756 1841//1744
f 1843//1746 1855//1758 1854//1757 1842//1745
f 1844//1747 1856//1759 1855//1758 1843//1746
f 1845//1748 1857//1760 1856//1759 1844//1747
f 1846//1749 1858//1761 1857//1760 1845//1748
f 1847//1750 1859//1762 1858//1761 1846//1749
f 1848//1751 1860//1763 1859//1762 1847//1750
f 1838//1741 1850//1753 1860//1763 1848//1751
f 1849//1752 1861//1764 1862//1765 1850//1753
f 1851//1754 1863//1766 1861//1764 1849//1752
f 1852//1755 1864//1767 1863//1766 1851//1754
f 1853//1756 1865//1768 1864//1767 1852//1755
f 1854//1757 1866//1769 1865//1768 1853//1756
f 1855//1758 1867//1770 1866//1769 1854//1757
f 1856//1759 1868//1771 1867//1770 1855//1758
f 1857//1760 1869//1772 1868//1771 1856//1759
f 1858//1761 1870//1773 1869//1772 1857//1760
f 1859//1762 1871//1774 1870//1773 1858//1761
f 1860//1763 1872//1775 1871//1774 1859//1762
f 1850//1753 1862//1765 1872//1775 1860//1763
f 1861//1764 1873//1776 1874//1777 1862//1765
f 1863//1766 1875//1778 1873//1776 1861//1764
f 1864//1767 1876//1779 1875//1778 1863//1766
f 1865//1768 1877//1780 1876//1779 1864//1767
f 1866//1769 1878//1781 1877//1780 1865//1768
f 1867//1770 1879//1782 1878//1781 1866//1769
f 1868//1771 1880//1783 1879//1782 1867//1770
f 1869//1772 1881//1784 1880//1783 1868//1771
f 1870//1773 1882//1785 1881//1784 1869//1772
f 1871//1774 1883//1786 1882//1785 1870//1773
f 1872//1775 1884//1787 1883//1786 1871//1774
f 1862//1765 1874//1777 1884//1787 1872//1775
f 1873//1776 1885//1788 1886//1789 1874//1777
f 1875//1778 1887//1790 1885//1788 1873//1776
f 1876//1779 1888//1791 1887//1790 1875//1778
f 1877//1780 1889//1792 1888//1791 1876//1779
f 1878//1781 1890//1793 1889//1792 1877//1780
f 1879//1782 1891//1794 1890//1793 1878//1781
f 1880//1783 1892//1795 1891//1794 1879//1782
f 1881//1784 1893//1796 1892//1795 1880//1783
f 1882//1785 1894//1797 1893//1796 1881//1784
f 1883//1786 1895//1798 1894//1797 1882//1785
f 1884//1787 1896//1799 1895//1798 1883//1786
f 1874//1777 1886//1789 1896//1799 1884//1787
f 1885//1788 1897//1800 1898//1801 1886//1789
f 1887//1790 1899//1802 1897//1800 1885//1788
f 1888//1791 1900//1803 1899//1802 1887//1790
f 1889//1792 1901//1804 1900//1803 1888//1791
f 1890//1793 1902//1805 1901//1804 1889//1792
f 1891//1794 1903//1806 1902//1805 1890//1793
f 1892//1795 1904//1807 1903//1806 1891//1794
f 1893//1796 1905//1808 1904//1807 1892//1795
f 1894//1797 1906//1809 1905//1808 1893//1796
f 1895//1798 1907//1810 1906//1809 1894//1797
f 1896//1799 1908//1811 1907//1810 1895//1798
f 1886//1789 1898//1801 1908//1811 1896//1799
f 1897//1800 1909//1812 1910//1813 1898//1801
f 1899//1802 1911//1814 1909//1812 1897//1800
f 1900//1803 1912//1815 1911//1814 1899//1802
f 1901//1804 1913//1816 1912//1815 1900//1803
f 1902//1805 1914//1817 1913//1816 1901//1804
f 1903//1806 1915//1818 1914//1817 1902//1805
f 1904//1807 1916//1819 1915//1818 1903//1806
f 1905//1808 1917//1820 1916//1819 1904//1807
f 1906//1809 1918//1821 1917//1820 1905//1808
f 1907//1810 1919//1822 1918//1821 1906//1809
f 1908//1811 1920//1823 1919//1822 1907//1810
f 1898//1801 1910//1813 1920//1823 1908//1811
f 1909//1812 1921//1824 1922//1825 1910//1813
f 1911//1814 1923//1826 1921//1824 1909//1812
f 1912//1815 1924//1827 1923//1826 1911//1814
f 1913//1816 1925//1828 1924//1827 1912//1815
f 1914//1817 1926//1829 1925//1828 1913//1816
f 1915//1818 1927//1830 1926//1829 1914//1817
f 1916//1819 1928//1831 1927//1830 1915//1818
f 1917//1820 1929//1832 1928//1831 1916//1819
f 1918//1821 1930//1833 1929//1832 1917//1820
f 1919//1822 1931//1834 1930//1833 1918//1821
f 1920//1823 1932//1835 1931//1834 1919//1822
f 1910//1813 1922//1825 1932//1835 1920//1823
f 1921//1824 1933//1836 1934//1837 1922//1825
f 1923//1826 1935//1838 1933//1836 1921//1824
f 1924//1827 1936//1839 1935//1838 1923//1826
f 1925//1828 1937//1840 1936//1839 1924//1827
f 1926//1829 1938//1841 1937//1840 1925//1828
f 1927//1830 1939//1842 1938//1841 1926//1829
f 1928//1831 1940//1843 1939//1842 1927//1830
f 1929//1832 1941//1844 1940//1843 1928//1831
f 1930//1833 1942//1845 1941//1844 1929//1832
f 1931//1834 1943//1846 1942//1845 1930//1833
f 1932//1835 1944//1847 1943//1846 1931//1834
f 1922//1825 1934//1837 1944//1847 1932//1835
f 1933//1836 1945//1848 1946//1849 1934//1837
f 1935//1838 1947//1850 1945//1848 1933//1836
f 1936//1839 1948//1851 1947//1850 1935//1838
f 1937//1840 1949//1852 1948//1851 1936//1839
f 1938//1841 1950//1853 1949//1852 1937//1840
f 1939//1842 1951//1854 1950//1853 1938//1841
f 1940//1843 1952//1855 1951//1854 1939//1842
f 1941//1844 1953//1856 1952//1855 1940//1843
f 1942//1845 1954//1857 1953//1856 1941//1844
f 1943//1846 1955//1858 1954//1857 1942//1845
f 1944//1847 1956//1859 1955//1858 1943//1846
f 1934//1837 1946//1849 1956//1859 1944//1847
f 1957//1860 1958//1861 1959//1862 1960//1863
f 1961//1864 1962//1865 1958//1861 1957//1860
f 1963//1866 1964//1867 1962//1865 1961//1864
f 1965//1868 1966//1869 1964//1867 1963//1866
f 1967//1870 1968//1871 1966//1869 1965//1868
f 1969//1872 1970//1873 1968//1871 1967//1870
f 1971//1874 1972//1875 1970//1873 1969//1872
f 1973//1876 1974//1877 1972//1875 1971//1874
f 1975//1878 1976//1879 1974//1877 1973//1876
f 1977//1880 1978//1881 1976//1879 1975//1878
f 1979//1882 1980//1883 1978//1881 1977//1880
f 1960//1863 1959//1862 1980//1883 1979//1882
f 1958//1861 1981//1884 1982//1885 1959//1862
f 1962//1865 1983//1886 1981//1884 1958//1861
f 1964//1867 1984//1887 1983//1886 1962//1865
f 1966//1869 1985//1888 1984//1887 1964//1867
f 1968//1871 1986//1889 1985//1888 1966//1869
f 1970//1873 1987//1890 1986//1889 1968//1871
f 1972//1875 1988//1891 1987//1890 1970//1873
f 1974//1877 1989//1892 1988//1891 1972//1875
f 1976//1879 1990//1893 1989//1892 1974//1877
f 1978//1881 1991//1894 1990//1893 1976//1879
f 1980//1883 1992//1895 1991//1894 1978//1881
f 1959//1862 1982//1885 1992//1895 1980//1883
f 1981//1884 1993//1896 1994//1897 1982//1885
f 1983//1886 1995//1898 1993//1896 1981//1884
f 1984//1887 1996//1899 1995//1898 1983//1886
f 1985//1888 1997//1900 1996//1899 1984//1887
f 1986//1889 1998//1901 1997//1900 1985//1888
f 1987//1890 1999//1902 1998//1901 1986//1889
f 1988//1891 2000//1903 1999//1902 1987//1890
f 1989//1892 2001//1904 2000//1903 1988//1891
f 1990//1893 2002//1905 2001//1904 1989//1892
f 1991//1894 2003//1906 2002//1905 1990//1893
f 1992//1895 2004//1907 2003//1906 1991//1894
f 1982//1885 1994//1897 2004//1907 1992//1895
f 1993//1896 2005//1908 2006//1909 1994//1897
f 1995//1898 2007//1910 2005//1908 1993//1896
f 1996//1899 2008//1911 2007//1910 1995//1898
f 1997//1900 2009//1912 2008//1911 1996//1899
f 1998//1901 2010//1913 2009//1912 1997//1900
f 1999//1902 2011//1914 2010//1913 1998//1901
f 2000//1903 2012//1915 2011//1914 1999//1902
f 2001//1904 2013//1916 2012//1915 2000//1903
f 2002//1905 2014//1917 2013//1916 2001//1904
f 2003//1906 2015//1918 2014//1917 2002//1905
f 2004//1907 2016//1919 2015//1918 2003//1906
f 1994//1897 2006//1909 2016//1919 2004//1907
f 2005//1908 2017//1920 2018//1921 2006//1909
f 2007//1910 2019//1922 2017//1920 2005//1908
f 2008//1911 2020//1923 2019//1922 2007//1910
f 2009//1912 2021//1924 2020//1923 2008//1911
f 2010//1913 2022//1925 2021//1924 2009//1912
f 2011//1914 2023//1926 2022//1925 2010//1913
f 2012//1915 2024//1927 2023//1926 2011//1914
f 2013//1916 2025//1928 2024//1927 2012//1915
f 2014//1917 2026//1929 2025//1928 2013//1916
f 2015//1918 2027//1930 2026//1929 2014//1917
f 2016//1919 2028//1931 2027//1930 2015//1918
f 2006//1909 2018//1921 2028//1931 2016//1919
f 2017//1920 2029//1932 2030//1933 2018//1921
f 2019//1922 2031//1934 2029//1932 2017//1920
f 2020//1923 2032//1935 2031//1934 2019//1922
f 2021//1924 2033//1936 2032//1935 2020//1923
f 2022//1925 2034//1937 2033//1936 2021//1924
f 2023//1926 2035//1938 2034//1937 2022//1925
f 2024//1927 2036//1939 2035//1938 2023//1926
f 2025//1928 2037//1940 2036//1939 2024//1927
f 2026//1929 2038//1941 2037//1940 2025//1928
f 2027//1930 2039//1942 2038//1941 2026//1929
f 2028//1931 2040//1943 2039//1942 2027//1930
f 2018//1921 2030//1933 2040//1943 2028//1931
f 2029//1932 2041//1944 2042//1945 2030//1933
f 2031//1934 2043//1946 2041//1944 2029//1932
f 2032//1935 2044//1947 2043//1946 2031//1934
f 2033//1936 2045//1948 2044//1947 2032//1935
f 2034//1937 2046//1949 2045//1948 2033//1936
f 2035//1938 2047//1950 2046//1949 2034//1937
f 2036//1939 2048//1951 2047//1950 2035//1938
f 2037//1940 2049//1952 2048//1951 2036//1939
f 2038//1941 2050//1953 2049//1952 2037//1940
f 2039//1942 2051//1954 2050//1953 2038//1941
f 2040//1943 2052//1955 2051//1954 2039//1942
f 2030//1933 2042//1945 2052//1955 2040//1943
f 2041//1944 2053//1956 2054//1957 2042//1945
f 2043//1946 2055//1958 2053//1956 2041//1944
f 2044//1947 2056//1959 2055//1958 2043//1946
f 2045//1948 2057//1960 2056//1959 2044//1947
f 2046//1949 2058//1961 2057//1960 2045//1948
f 2047//1950 2059//1962 2058//1961 2046//1949
f 2048//1951 2060//1963 2059//1962 2047//1950
f 2049//1952 2061//1964 2060//1963 2048//1951
f 2050//1953 2062//1965 2061//1964 2049//1952
f 2051//1954 2063//1966 2062//1965 2050//1953
f 2052//1955 2064//1967 2063//1966 2051//1954
f 2042//1945 2054//1957 2064//1967 2052//1955
f 2053//1956 2065//1968 2066//1969 2054//1957
f 2055//1958 2067//1970 2065//1968 2053//1956
f 2056//1959 2068//1971 2067//1970 2055//1958
f 2057//1960 2069//1972 2068//1971 2056//1959
f 2058//1961 2070//1973 2069//1972 2057//1960
f 2059//1962 2071//1974 2070//1973 2058//1961
f 2060//1963 2072//1975 2071//1974 2059//1962
f 2061//1964 2073//1976 2072//1975 2060//1963
f 2062//1965 2074//1977 2073//1976 2061//1964
f 2063//1966 2075//1978 2074//1977 2062//1965
f 2064//1967 2076//1979 2075//1978 2063//1966
f 2054//1957 2066//1969 2076//1979 2064//1967
f 2065//1968 2077//1980 2078//1981 2066//1969
f 2067//1970 2079//1982 2077//1980 2065//1968
f 2068//1971 2080//1983 2079//1982 2067//1970
f 2069//1972 2081//1984 2080//1983 2068//1971
f 2070//1973 2082//1985 2081//1984 2069//1972
f 2071//1974 2083//1986 2082//1985 2070//1973
f 2072//1975 2084//1987 2083//1986 2071//1974
f 2073//1976 2085//1988 2084//1987 2072//1975
f 2074//1977 2086//1989 2085//1988 2073//1976
f 2075//1978 2087//1990 2086//1989 2074//1977
f 2076//1979 2088//1991 2087//1990 2075//1978
f 2066//1969 2078//1981 2088//1991 2076//1979
f 2077//1980 2089//1992 2090//1993 2078//1981
f 2079//1982 2091//1994 2089//1992 2077//1980
f 2080//1983 2092//1995 2091//1994 2079//1982
f 2081//1984 2093//1996 2092//1995 2080//1983
f 2082//1985 2094//1997 2093//1996 2081//1984
f 2083//1986 2095//1998 2094//1997 2082//1985
f 2084//1987 2096//1999 2095//1998 2083//1986
f 2085//1988 2097//2000 2096//1999 2084//1987
f 2086//1989 2098//2001 2097//2000 2085//1988
f 2087//1990 2099//2002 2098//2001 2086//1989
f 2088//1991 2100//2003 2099//2002 2087//1990
f 2078//1981 2090//1993 2100//2003 2088//1991
f 2089//1992 2101//2004 2102//2005 2090//1993
f 2091//1994 2103//2006 2101//2004 2089//1992
f 2092//1995 2104//2007 2103//2006 2091//1994
f 2093//1996 2105//2008 2104//2007 2092//1995
f 2094//1997 2106//2009 2105//2008 2093//1996
f 2095//1998 2107//2010 2106//2009 2094//1997
f 2096//1999 2108//2011 2107//2010 2095//1998
f 2097//2000 2109//2012 2108//2011 2096//1999
f 2098//2001 2110//2013 2109//2012 2097//2000
f 2099//2002 2111//2014 2110//2013 2098//2001
f 2100//2003 2112//2015 2111//2014 2099//2002
f 2090//1993 2102//2005 2112//2015 2100//2003
f 2101//2004 2113//2016 2114//2017 2102//2005
f 2103//2006 2115//2018 2113//2016 2101//2004
f 2104//2007 2116//2019 2115//2018 2103//2006
f 2105//2008 2117//2020 2116//2019 2104//2007
f 2106//2009 2118//2021 2117//2020 2105//2008
f 2107//2010 2119//2022 2118//2021 2106//2009
f 2108//2011 2120//2023 2119//2022 2107//2010
f 2109//2012 2121//2024 2120//2023 2108//2011
f 2110//2013 2122//2025 2121//2024 2109//2012
f 2111//2014 2123//2026 2122//2025 2110//2013
f 2112//2015 2124//2027 2123//2026 2111//2014
f 2102//2005 2114//2017 2124//2027 2112//2015
f 2113//2016 2125//2028 2126//2029 2114//2017
f 2115//2018 2127//2030 2125//2028 2113//2016
f 2116//2019 2128//2031 2127//2030 2115//2018
f 2117//2020 2129//2032 2128//2031 2116//2019
f 2118//2021 2130//2033 2129//2032 2117//2020
f 2119//2022 2131//2034 2130//2033 2118//2021
f 2120//2023 2132//2035 2131//2034 2119//2022
f 2121//2024 2133//2036 2132//2035 2120//2023
f 2122//2025 2134//2037 2133//2036 2121//2024
f 2123//2026 2135//2038 2134//2037 2122//2025
f 2124//2027 2136//2039 2135//2038 2123//2026
f 2114//2017 2126//2029 2136//2039 2124//2027
f 2125//2028 2137//2040 2138//2041 2126//2029
f 2127//2030 2139//2042 2137//2040 2125//2028
f 2128//2031 2140//2043 2139//2042 2127//2030
f 2129//2032 2141//2044 2140//2043 2128//2031
f 2130//2033 2142//2045 2141//2044 2129//2032
f 2131//2034 2143//2046 2142//2045 2130//2033
f 2132//2035 2144//2047 2143//2046 2131//2034
f 2133//2036 2145//2048 2144//2047 2132//2035
f 2134//2037 2146//2049 2145//2048 2133//2036
f 2135//2038 2147//2050 2146//2049 2134//2037
f 2136//2039 2148//2051 2147//2050 2135//2038
f 2126//2029 2138//2041 2148//2051 2136//2039
f 2137//2040 2149//2052 2150//2053 2138//2041
f 2139//2042 2151//2054 2149//2052 2137//2040
f 2140//2043 2152//2055 2151//2054 2139//2042
f 2141//2044 2153//2056 2152//2055 2140//2043
f 2142//2045 2154//2057 2153//2056 2141//2044
f 2143//2046 2155//2058 2154//2057 2142//2045
f 2144//2047 2156//2059 2155//2058 2143//2046
f 2145//2048 2157//2060 2156//2059 2144//2047
f 2146//2049 2158//2061 2157//2060 2145//2048
f 2147//2050 2159//2062 2158//2061 2146//2049
f 2148//2051 2160//2063 2159//2062 2147//2050
f 2138//2041 2150//2053 2160//2063 2148//2051
f 2149//2052 2161//2064 2162//2065 2150//2053
f 2151//2054 2163//2066 2161//2064 2149//2052
f 2152//2055 2164//2067 2163//2066 2151//2054
f 2153//2056 2165//2068 2164//2067 2152//2055
f 2154//2057 2166//2069 2165//2068 2153//2056
f 2155//2058 2167//2070 2166//2069 2154//2057
f 2156//2059 2168//2071 2167//2070 2155//2058
f 2157//2060 2169//2072 2168//2071 2156//2059
f 2158//2061 2170//2073 2169//2072 2157//2060
f 2159//2062 2171//2074 2170//2073 2158//2061
f 2160//2063 2172//2075 2171//2074 2159//2062
f 2150//2053 2162//2065 2172//2075 2160//2063
f 2161//2064 2173//2076 2174//2077 2162//2065
f 2163//2066 2175//2078 2173//2076 2161//2064
f 2164//2067 2176//2079 2175//2078 2163//2066
f 2165//2068 2177//2080 2176//2079 2164//2067
f 2166//2069 2178//2081 2177//2080 2165//2068
f 2167//2070 2179//2082 2178//2081 2166//2069
f 2168//2071 2180//2083 2179//2082 2167//2070
f 2169//2072 2181//2084 2180//2083 2168//2071
f 2170//2073 2182//2085 2181//2084 2169//2072
f 2171//2074 2183//2086 2182//2085 2170//2073
f 2172//2075 2184//2087 2183//2086 2171//2074
f 2162//2065 2174//2077 2184//2087 2172//2075
f 2173//2076 2185//2088 2186//2089 2174//2077
f 2175//2078 2187//2090 2185//2088 2173//2076
f 2176//2079 2188//2091 2187//2090 2175//2078
f 2177//2080 2189//2092 2188//2091 2176//2079
f 2178//2081 2190//2093 2189//2092 2177//2080
f 2179//2082 2191//2094 2190//2093 2178//2081
f 2180//2083 2192//2095 2191//2094 2179//2082
f 2181//2084 2193//2096 2192//2095 2180//2083
f 2182//2085 2194//2097 2193//2096 2181//2084
f 2183//2086 2195//2098 2194//2097 2182//2085
f 2184//2087 2196//2099 2195//2098 2183//2086
f 2174//2077 2186//2089 2196//2099 2184//2087
f 2185//2088 2197//2100 2198//2101 2186//2089
f 2187//2090 2199//2102 2197//2100 2185//2088
f 2188//2091 2200//2103 2199//2102 2187//2090
f 2189//2092 2201//2104 2200//2103 2188//2091
f 2190//2093 2202//2105 2201//2104 2189//2092
f 2191//2094 2203//2106 2202//2105 2190//2093
f 2192//2095 2204//2107 2203//2106 2191//2094
f 2193//2096 2205//2108 2204//2107 2192//2095
f 2194//2097 2206//2109 2205//2108 2193//2096
f 2195//2098 2207//2110 2206//2109 2194//2097
f 2196//2099 2208//2111 2207//2110 2195//2098
f 2186//2089 2198//2101 2208//2111 2196//2099
f 2197//2100 2209//2112 2210//2113 2198//2101
f 2199//2102 2211//2114 2209//2112 2197//2100
f 2200//2103 2212//2115 2211//2114 2199//2102
f 2201//2104 2213//2116 2212//2115 2200//2103
f 2202//2105 2214//2117 2213//2116 2201//2104
f 2203//2106 2215//2118 2214//2117 2202//2105
f 2204//2107 2216//2119 2215//2118 2203//2106
f 2205//2108 2217//2120 2216//2119 2204//2107
f 2206//2109 2218//2121 2217//2120 2205//2108
f 2207//2110 2219//2122 2218//2121 2206//2109
f 2208//2111 2220//2123 2219//2122 2207//2110
f 2198//2101 2210//2113 2220//2123 2208//2111
f 2209//2112 2221//2124 2222//2125 2210//2113
f 2211//2114 2223//2126 2221//2124 2209//2112
f 2212//2115 2224//2127 2223//2126 2211//2114
f 2213//2116 2225//2128 2224//2127 2212//2115
f 2214//2117 2226//2129 2225//2128 2213//2116
f 2215//2118 2227//2130 2226//2129 2214//2117
f 2216//2119 2228//2131 2227//2130 2215//2118
f 2217//2120 2229//2132 2228//2131 2216//2119
f 2218//2121 2230//2133 2229//2132 2217//2120
f 2219//2122 2231//2134 2230//2133 2218//2121
f 2220//2123 2232//2135 2231//2134 2219//2122
f 2210//2113 2222//2125 2232//2135 2220//2123
f 2221//2124 2233//2136 2234//2137 2222//2125
f 2223//2126 2235//2138 2233//2136 2221//2124
f 2224//2127 2236//2139 2235//2138 2223//2126
f 2225//2128 2237//2140 2236//2139 2224//2127
f 2226//2129 2238//2141 2237//2140 2225//2128
f 2227//2130 2239//2142 2238//2141 2226//2129
f 2228//2131 2240//2143 2239//2142 2227//2130
f 2229//2132 2241//2144 2240//2143 2228//2131
f 2230//2133 2242//2145 2241//2144 2229//2132
f 2231//2134 2243//2146 2242//2145 2230//2133
f 2232//2135 2244//2147 2243//2146 2231//2134
f 2222//2125 2234//2137 2244//2147 2232//2135
f 2233//2136 2245//2148 2246//2149 2234//2137
f 2235//2138 2247//2150 2245//2148 2233//2136
f 2236//2139 2248//2151 2247//2150 2235//2138
f 2237//2140 2249//2152 2248//2151 2236//2139
f 2238//2141 2250//2153 2249//2152 2237//2140
f 2239//2142 2251//2154 2250//2153 2238//2141
f 2240//2143 2252//2155 2251//2154 2239//2142
f 2241//2144 2253//2156 2252//2155 2240//2143
f 2242//2145 2254//2157 2253//2156 2241//2144
f 2243//2146 2255//2158 2254//2157 2242//2145
f 2244//2147 2256//2159 2255//2158 2243//2146
f 2234//2137 2246//2149 2256//2159 2244//2147
f 2257//2160 2258//2161 2259//2162 2260//2163
f 2261//2164 2262//2165 2258//2161 2257//2160
f 2263//2166 2264//2167 2262//2165 2261//2164
f 2265//2168 2266//2169 2264//2167 2263//2166
f 2267//2170 2268//2171 2266//2169 2265//2168
f 2269//2172 2270//2173 2268//2171 2267//2170
f 2271//2174 2272//2175 2270//2173 2269//2172
f 2273//2176 2274//2177 2272//2175 2271//2174
f 2275//2178 2276//2179 2274//2177 2273//2176
f 2277//2180 2278//2181 2276//2179 2275//2178
f 2279//2182 2280//2183 2278//2181 2277//2180
f 2260//2163 2259//2162 2280//2183 2279//2182
f 2258//2161 2281//2184 2282//2185 2259//2162
f 2262//2165 2283//2186 2281//2184 2258//2161
f 2264//2167 2284//2187 2283//2186 2262//2165
f 2266//2169 2285//2188 2284//2187 2264//2167
f 2268//2171 2286//2189 2285//2188 2266//2169
f 2270//2173 2287//2190 2286//2189 2268//2171
f 2272//2175 2288//2191 2287//2190 2270//2173
f 2274//2177 2289//2192 2288//2191 2272//2175
f 2276//2179 2290//2193 2289//2192 2274//2177
f 2278//2181 2291//2194 2290//2193 2276//2179
f 2280//2183 2292//2195 2291//2194 2278//2181
f 2259//2162 2282//2185 2292//2195 2280//2183
f 2281//2184 2293//2196 2294//2197 2282//2185
f 2283//2186 2295//2198 2293//2196 2281//2184
f 2284//2187 2296//2199 2295//2198 2283//2186
f 2285//2188 2297//2200 2296//2199 2284//2187
f 2286//2189 2298//2201 2297//2200 2285//2188
f 2287//2190 2299//2202 2298//2201 2286//2189
f 2288//2191 2300//2203 2299//2202 2287//2190
f 2289//2192 2301//2204 2300//2203 2288//2191
f 2290//2193 2302//2205 2301//2204 2289//2192
f 2291//2194 2303//2206 2302//2205 2290//2193
f 2292//2195 2304//2207 2303//2206 2291//2194
f 2282//2185 2294//2197 2304//2207 2292//2195
f 2293//2196 2305//2208 2306//2209 2294//2197
f 2295//2198 2307//2210 2305//2208 2293//2196
f 2296//2199 2308//2211 2307//2210 2295//2198
f 2297//2200 2309//2212 2308//2211 2296//2199
f 2298//2201 2310//2213 2309//2212 2297//2200
f 2299//2202 2311//2214 2310//2213 2298//2201
f 2300//2203 2312//2215 2311//2214 2299//2202
f 2301//2204 2313//2216 2312//2215 2300//2203
f 2302//2205 2314//2217 2313//2216 2301//2204
f 2303//2206 2315//2218 2314//2217 2302//2205
f 2304//2207 2316//2219 2315//2218 2303//2206
f 2294//2197 2306//2209 2316//2219 2304//2207
f 2305//2208 2317//2220 2318//2221 2306//2209
f 2307//2210 2319//2222 2317//2220 2305//2208
f 2308//2211 2320//2223 2319//2222 2307//2210
f 2309//2212 2321//2224 2320//2223 2308//2211
f 2310//2213 2322//2225 2321//2224 2309//2212
f 2311//2214 2323//2226 2322//2225 2310//2213
f 2312//2215 2324//2227 2323//2226 2311//2214
f 2313//2216 2325//2228 2324//2227 2312//2215
f 2314//2217 2326//2229 2325//2228 2313//2216
f 2315//2218 2327//2230 2326//2229 2314//2217
f 2316//2219 2328//2231 2327//2230 2315//2218
f 2306//2209 2318//2221 2328//2231 2316//2219
f 2317//2220 2329//2232 2330//2233 2318//2221
f 2319//2222 2331//2234 2329//2232 2317//2220
f 2320//2223 2332//2235 2331//2234 2319//2222
f 2321//2224 2333//2236 2332//2235 2320//2223
f 2322//2225 2334//2237 2333//2236 2321//2224
f 2323//2226 2335//2238 2334//2237 2322//2225
f 2324//2227 2336//2239 2335//2238 2323//2226
f 2325//2228 2337//2240 2336//2239 2324//2227
f 2326//2229 2338//2241 2337//2240 2325//2228
f 2327//2230 2339//2242 2338//2241 2326//2229
f 2328//2231 2340//2243 2339//2242 2327//2230
f 2318//2221 2330//2233 2340//2243 2328//2231
f 2329//2232 2341//2244 2342//2245 2330//2233
f 2331//2234 2343//2246 2341//2244 2329//2232
f 2332//2235 2344//2247 2343//2246 2331//2234
f 2333//2236 2345//2248 2344//2247 2332//2235
f 2334//2237 2346//2249 2345//2248 2333//2236
f 2335//2238 2347//2250 2346//2249 2334//2237
f 2336//2239 2348//2251 2347//2250 2335//2238
f 2337//2240 2349//2252 2348//2251 2336//2239
f 2338//2241 2350//2253 2349//2252 2337//2240
f 2339//2242 2351//2254 2350//2253 2338//2241
f 2340//2243 2352//2255 2351//2254 2339//2242
f 2330//2233 2342//2245 2352//2255 2340//2243
f 2341//2244 2353//2256 2354//2257 2342//2245
f 2343//2246 2355//2258 2353//2256 2341//2244
f 2344//2247 2356//2259 2355//2258 2343//2246
f 2345//2248 2357//2260 2356//2259 2344//2247
f 2346//2249 2358//2261 2357//2260 2345//2248
f 2347//2250 2359//2262 2358//2261 2346//2249
f 2348//2251 2360//2263 2359//2262 2347//2250
f 2349//2252 2361//2264 2360//2263 2348//2251
f 2350//2253 2362//2265 2361//2264 2349//2252
f 2351//2254 2363//2266 2362//2265 2350//2253
f 2352//2255 2364//2267 2363//2266 2351//2254
f 2342//2245 2354//2257 2364//2267 2352//2255
f 2353//2256 2365//2268 2366//2269 2354//2257
f 2355//2258 2367//2270 2365//2268 2353//2256
f 2356//2259 2368//2271 2367//2270 2355//2258
f 2357//2260 2369//2272 2368//2271 2356//2259
f 2358//2261 2370//2273 2369//2272 2357//2260
f 2359//2262 2371//2274 2370//2273 2358//2261
f 2360//2263 2372//2275 2371//2274 2359//2262
f 2361//2264 2373//2276 2372//2275 2360//2263
f 2362//2265 2374//2277 2373//2276 2361//2264
f 2363//2266 2375//2278 2374//2277 2362//2265
f 2364//2267 2376//2279 2375//2278 2363//2266
f 2354//2257 2366//2269 2376//2279 2364//2267
f 2365//2268 2377//2280 2378//2281 2366//2269
f 2367//2270 2379//2282 2377//2280 2365//2268
f 2368//2271 2380//2283 2379//2282 2367//2270
f 2369//2272 2381//2284 2380//2283 2368//2271
f 2370//2273 2382//2285 2381//2284 2369//2272
f 2371//2274 2383//2286 2382//2285 2370//2273
f 2372//2275 2384//2287 2383//2286 2371//2274
f 2373//2276 2385//2288 2384//2287 2372//2275
f 2374//2277 2386//2289 2385//2288 2373//2276
f 2375//2278 2387//2290 2386//2289 2374//2277
f 2376//2279 2388//2291 2387//2290 2375//2278
f 2366//2269 2378//2281 2388//2291 2376//2279
f 2377//2280 2389//2292 2390//2293 2378//2281
f 2379//2282 2391//2294 2389//2292 2377//2280
f 2380//2283 2392//2295 2391//2294 2379//2282
f 2381//2284 2393//2296 2392//2295 2380//2283
f 2382//2285 2394//2297 2393//2296 2381//2284
f 2383//2286 2395//2298 2394//2297 2382//2285
f 2384//2287 2396//2299 2395//2298 2383//2286
f 2385//2288 2397//2300 2396//2299 2384//2287
f 2386//2289 2398//2301 2397//2300 2385//2288
f 2387//2290 2399//2302 2398//2301 2386//2289
f 2388//2291 2400//2303 2399//2302 2387//2290
f 2378//2281 2390//2293 2400//2303 2388//2291
f 2389//2292 2401//2304 2402//2305 2390//2293
f 2391//2294 2403//2306 2401//2304 2389//2292
f 2392//2295 2404//2307 2403//2306 2391//2294
f 2393//2296 2405//2308 2404//2307 2392//2295
f 2394//2297 2406//2309 2405//2308 2393//2296
f 2395//2298 2407//2310 2406//2309 2394//2297
f 2396//2299 2408//2311 2407//2310 2395//2298
f 2397//2300 2409//2312 2408//2311 2396//2299
f 2398//2301 2410//2313 2409//2312 2397//2300
f 2399//2302 2411//2314 2410//2313 2398//2301
f 2400//2303 2412//2315 2411//2314 2399//2302
f 2390//2293 2402//2305 2412//2315 2400//2303
