# Extracted from Open3DModel lower-limb.obj — Deep_transverse_metatarsal_ligament.r
# License: CC BY-SA 4.0 — AnatomyTOOL Open3D create
o Deep_transverse_metatarsal_ligament.r
v -0.125458 0.012510 0.058861
v -0.124853 0.012564 0.059463
v -0.124590 0.012532 0.059264
v -0.125084 0.012486 0.058581
v -0.125447 0.012378 0.057498
v -0.125637 0.012399 0.057631
v -0.125839 0.012392 0.057625
v -0.125971 0.012474 0.058708
v -0.126275 0.012475 0.059487
v -0.125819 0.012537 0.059608
v -0.125221 0.012595 0.059815
v -0.128593 0.012291 0.063333
v -0.128432 0.012208 0.063506
v -0.128408 0.012375 0.063530
v -0.128431 0.012436 0.063406
v -0.128546 0.012239 0.063191
v -0.128682 0.012112 0.063215
v -0.128632 0.012097 0.063373
v -0.128407 0.012375 0.063185
v -0.125599 0.011739 0.056037
v -0.125545 0.011852 0.056120
v -0.125302 0.011817 0.056566
v -0.125357 0.011639 0.056551
v -0.125501 0.011486 0.056552
v -0.125682 0.011594 0.055932
v -0.125700 0.011703 0.055736
v -0.125708 0.011805 0.056090
v -0.125849 0.011400 0.055691
v -0.125950 0.011498 0.055832
v -0.125737 0.011385 0.056030
v -0.126084 0.011314 0.055691
v -0.126095 0.011378 0.055795
v -0.125866 0.011325 0.056065
v -0.125903 0.011301 0.055817
v -0.122011 0.012510 0.068774
v -0.121522 0.012556 0.067886
v -0.121250 0.012586 0.067987
v -0.121668 0.012557 0.068832
v -0.122301 0.012487 0.068437
v -0.121824 0.012527 0.067784
v -0.121848 0.012518 0.069365
v -0.122039 0.012487 0.069538
v -0.122417 0.012460 0.069157
v -0.122654 0.012454 0.068675
v -0.122263 0.012453 0.069746
v -0.122395 0.012905 0.068869
v -0.122368 0.012893 0.069606
v -0.122073 0.012908 0.069692
v -0.121955 0.012940 0.069128
v -0.122840 0.012884 0.069022
v -0.122679 0.012872 0.069665
v -0.122976 0.012898 0.068140
v -0.123289 0.012903 0.068268
v -0.121768 0.012953 0.068611
v -0.122145 0.012925 0.068402
v -0.122685 0.012900 0.067964
v -0.121677 0.012540 0.069511
v -0.121859 0.012505 0.069833
v -0.121384 0.012596 0.068906
v -0.122253 0.012869 0.070364
v -0.122396 0.012850 0.070426
v -0.122240 0.012804 0.070661
v -0.122090 0.012820 0.070500
v -0.122185 0.012885 0.070115
v -0.122405 0.012873 0.070089
v -0.121958 0.012849 0.070221
v -0.125579 0.012033 0.056378
v -0.125600 0.012063 0.056430
v -0.125316 0.012078 0.056639
v -0.125289 0.011994 0.056612
v -0.125738 0.011922 0.056365
v -0.125796 0.012094 0.056847
v -0.125667 0.012182 0.056790
v -0.125594 0.012232 0.056760
v -0.125728 0.011611 0.055822
v -0.125846 0.011707 0.056068
v -0.125910 0.011677 0.056101
v -0.126042 0.011576 0.056101
v -0.125669 0.011427 0.056577
v -0.126041 0.011265 0.055786
v -0.126172 0.011281 0.055745
v -0.126020 0.011301 0.056086
v -0.126170 0.011296 0.056107
v -0.128740 0.011951 0.063229
v -0.128624 0.011950 0.063260
v -0.128738 0.011860 0.062975
v -0.128564 0.011772 0.063036
v -0.128626 0.011982 0.062963
v -0.128402 0.012041 0.063444
v -0.128165 0.012496 0.063636
v -0.128102 0.012569 0.063489
v -0.128379 0.012541 0.063382
v -0.128292 0.012507 0.063181
v -0.128007 0.012542 0.063279
v -0.118178 0.012747 0.061680
v -0.118322 0.012708 0.061621
v -0.118378 0.012843 0.061819
v -0.118227 0.012757 0.061836
v -0.118184 0.012612 0.061817
v -0.118347 0.012556 0.061783
v -0.125579 0.011579 0.058411
v -0.126059 0.011473 0.058192
v -0.125983 0.011417 0.057306
v -0.125771 0.011459 0.057383
v -0.125215 0.011627 0.058247
v -0.124560 0.011785 0.059022
v -0.124832 0.011770 0.059187
v -0.125533 0.011499 0.057349
v -0.125096 0.011767 0.059431
v -0.125767 0.011611 0.058978
v -0.126164 0.011518 0.058770
v -0.128172 0.012356 0.063674
v -0.128163 0.012171 0.063635
v -0.127911 0.012176 0.063787
v -0.127945 0.012373 0.063828
v -0.127928 0.012553 0.063779
v -0.127827 0.012601 0.063608
v -0.127654 0.012427 0.064039
v -0.127630 0.012623 0.063976
v -0.127503 0.012643 0.063792
v -0.127363 0.012604 0.063597
v -0.127707 0.012566 0.063408
v -0.127192 0.012719 0.064279
v -0.127052 0.012720 0.064101
v -0.126904 0.012680 0.063915
v -0.126757 0.012621 0.063726
v -0.127228 0.012542 0.063391
v -0.126398 0.012846 0.064677
v -0.126234 0.012810 0.064504
v -0.126066 0.012758 0.064329
v -0.125899 0.012709 0.064147
v -0.126609 0.012559 0.063523
v -0.125425 0.012901 0.065396
v -0.125234 0.012866 0.065240
v -0.125044 0.012833 0.065077
v -0.124815 0.012806 0.064879
v -0.125697 0.012664 0.063926
v -0.124428 0.012895 0.066263
v -0.124209 0.012873 0.066128
v -0.123918 0.012856 0.065952
v -0.123357 0.012863 0.065586
v -0.124407 0.012803 0.064517
v -0.123397 0.012887 0.067188
v -0.123013 0.012882 0.066964
v -0.122349 0.012894 0.066401
v -0.121554 0.012895 0.065246
v -0.122409 0.012913 0.064788
v -0.122312 0.012910 0.067519
v -0.121737 0.012917 0.066660
v -0.121064 0.012893 0.065456
v -0.120436 0.012863 0.064250
v -0.120893 0.012873 0.064008
v -0.121302 0.012937 0.066782
v -0.120706 0.012900 0.065593
v -0.120137 0.012866 0.064422
v -0.119717 0.012844 0.063470
v -0.120017 0.012839 0.063322
v -0.120443 0.012909 0.065702
v -0.119912 0.012873 0.064530
v -0.119502 0.012854 0.063580
v -0.119246 0.012842 0.062958
v -0.119483 0.012830 0.062872
v -0.119692 0.012828 0.064633
v -0.119287 0.012825 0.063686
v -0.119019 0.012849 0.063033
v -0.118877 0.012858 0.062623
v -0.119090 0.012833 0.062545
v -0.119088 0.012709 0.063769
v -0.118818 0.012731 0.063091
v -0.118670 0.012758 0.062680
v -0.118567 0.012785 0.062368
v -0.118758 0.012866 0.062312
v -0.118617 0.012615 0.063166
v -0.118467 0.012642 0.062732
v -0.118375 0.012673 0.062408
v -0.118297 0.012715 0.062095
v -0.118469 0.012817 0.062061
v -0.118290 0.012541 0.062782
v -0.118199 0.012576 0.062438
v -0.118154 0.012634 0.062120
v -0.118143 0.012691 0.061905
v -0.118262 0.012492 0.062422
v -0.118209 0.012533 0.062105
v -0.118503 0.012437 0.062368
v -0.118413 0.012477 0.062068
v -0.118740 0.012393 0.062320
v -0.118636 0.012430 0.062013
v -0.118552 0.012496 0.061730
v -0.118537 0.012674 0.061566
v -0.118877 0.012386 0.061941
v -0.118780 0.012449 0.061661
v -0.118751 0.012633 0.061494
v -0.118825 0.012807 0.061673
v -0.118598 0.012846 0.061742
v -0.119040 0.012410 0.061569
v -0.119000 0.012598 0.061397
v -0.119082 0.012764 0.061593
v -0.119296 0.012567 0.061298
v -0.119385 0.012727 0.061496
v -0.119484 0.012769 0.061774
v -0.119159 0.012798 0.061868
v -0.118894 0.012834 0.061940
v -0.119227 0.012808 0.062148
v -0.118971 0.012833 0.062225
v -0.118666 0.012876 0.062007
v -0.119331 0.012817 0.062466
v -0.119577 0.012789 0.062060
v -0.119673 0.012803 0.062371
v -0.119797 0.012819 0.062753
v -0.120153 0.012792 0.062211
v -0.120290 0.012816 0.062587
v -0.120490 0.012844 0.063103
v -0.121042 0.012824 0.062274
v -0.121244 0.012870 0.062767
v -0.121633 0.012910 0.063607
v -0.122283 0.012880 0.062157
v -0.122724 0.012958 0.062829
v -0.123563 0.012926 0.063749
v -0.123814 0.012900 0.061878
v -0.124631 0.012811 0.062741
v -0.125350 0.012649 0.063547
v -0.125615 0.012605 0.062076
v -0.126119 0.012472 0.062859
v -0.126416 0.012498 0.063260
v -0.126721 0.012353 0.062443
v -0.126939 0.012404 0.062889
v -0.127089 0.012474 0.063172
v -0.127371 0.012356 0.062644
v -0.127477 0.012429 0.062941
v -0.127590 0.012502 0.063188
v -0.127793 0.012408 0.062799
v -0.127901 0.012483 0.063054
v -0.128057 0.012406 0.062710
v -0.128155 0.012477 0.062960
v -0.128254 0.012238 0.062685
v -0.128331 0.012306 0.062947
v -0.128425 0.012031 0.062682
v -0.128481 0.012136 0.062953
v -0.128602 0.011826 0.062688
v -0.128521 0.011717 0.062310
v -0.128540 0.011558 0.062323
v -0.128661 0.011659 0.062714
v -0.128341 0.011958 0.062342
v -0.128187 0.011898 0.061765
v -0.128354 0.011654 0.061722
v -0.128174 0.012183 0.062372
v -0.128030 0.012139 0.061813
v -0.127727 0.012103 0.060933
v -0.127889 0.011858 0.060882
v -0.127972 0.012336 0.062415
v -0.127830 0.012270 0.061894
v -0.127494 0.012235 0.061045
v -0.127026 0.012321 0.060180
v -0.127283 0.012136 0.060056
v -0.127547 0.012269 0.062018
v -0.127192 0.012274 0.061212
v -0.126692 0.012411 0.060316
v -0.126636 0.012400 0.059372
v -0.126878 0.012329 0.061385
v -0.126328 0.012495 0.060433
v -0.126345 0.012434 0.061679
v -0.125718 0.012606 0.060628
v -0.124857 0.012735 0.061043
v -0.124306 0.012695 0.060434
v -0.124036 0.012655 0.060173
v -0.123318 0.012839 0.061340
v -0.123047 0.012772 0.061005
v -0.122856 0.012711 0.060727
v -0.123831 0.012614 0.059969
v -0.122052 0.012813 0.061745
v -0.121872 0.012750 0.061402
v -0.121732 0.012695 0.061128
v -0.122692 0.012651 0.060476
v -0.120898 0.012779 0.061909
v -0.120789 0.012736 0.061619
v -0.120680 0.012686 0.061339
v -0.121592 0.012631 0.060865
v -0.120046 0.012767 0.061914
v -0.119940 0.012735 0.061627
v -0.119838 0.012678 0.061347
v -0.120567 0.012612 0.061067
v -0.120473 0.012454 0.060864
v -0.121338 0.012385 0.060433
v -0.121447 0.012544 0.060612
v -0.119759 0.012524 0.061138
v -0.119810 0.012336 0.061310
v -0.120542 0.012290 0.061032
v -0.119352 0.012374 0.061464
v -0.119140 0.012353 0.061855
v -0.119469 0.012330 0.061759
v -0.119922 0.012303 0.061612
v -0.119588 0.012320 0.062057
v -0.120036 0.012304 0.061907
v -0.120790 0.012277 0.061598
v -0.120667 0.012267 0.061318
v -0.121759 0.012221 0.061088
v -0.121601 0.012205 0.060834
v -0.121434 0.012225 0.060576
v -0.122568 0.012104 0.060211
v -0.122370 0.012121 0.059980
v -0.122235 0.012281 0.059818
v -0.122360 0.012485 0.059990
v -0.123269 0.011979 0.059334
v -0.123134 0.012143 0.059199
v -0.123230 0.012376 0.059305
v -0.123420 0.012487 0.059523
v -0.122525 0.012581 0.060227
v -0.123847 0.012028 0.058554
v -0.123911 0.012291 0.058628
v -0.124113 0.012416 0.058829
v -0.124339 0.012483 0.059045
v -0.123622 0.012559 0.059746
v -0.124456 0.012204 0.057907
v -0.124637 0.012368 0.058087
v -0.124855 0.012446 0.058318
v -0.125062 0.012255 0.057240
v -0.125248 0.012336 0.057368
v -0.125379 0.012234 0.056845
v -0.124944 0.012086 0.057136
v -0.124439 0.011927 0.057862
v -0.124957 0.011842 0.057105
v -0.124608 0.011736 0.057952
v -0.125082 0.011641 0.057149
v -0.124886 0.011678 0.058100
v -0.125294 0.011549 0.057255
v -0.124014 0.011849 0.058672
v -0.124273 0.011807 0.058854
v -0.123491 0.011948 0.059539
v -0.123720 0.011945 0.059741
v -0.122760 0.012116 0.060436
v -0.122946 0.012139 0.060656
v -0.123950 0.011953 0.059927
v -0.123152 0.012171 0.060906
v -0.124220 0.011961 0.060144
v -0.123442 0.012212 0.061273
v -0.124550 0.011977 0.060462
v -0.125423 0.011783 0.059866
v -0.124995 0.011996 0.061031
v -0.125849 0.011797 0.060590
v -0.126379 0.011673 0.060398
v -0.125999 0.011649 0.059577
v -0.126744 0.011587 0.060270
v -0.126386 0.011562 0.059432
v -0.127075 0.011511 0.060145
v -0.126737 0.011486 0.059314
v -0.126506 0.011443 0.058621
v -0.126355 0.011409 0.057980
v -0.127063 0.011440 0.059200
v -0.126821 0.011412 0.058487
v -0.126633 0.011409 0.057804
v -0.126482 0.011405 0.057078
v -0.126226 0.011394 0.057191
v -0.127092 0.011472 0.058371
v -0.126843 0.011485 0.057667
v -0.126605 0.011526 0.056991
v -0.126419 0.011458 0.056493
v -0.126362 0.011365 0.056526
v -0.126723 0.011666 0.057640
v -0.126448 0.011642 0.056982
v -0.126279 0.011563 0.056481
v -0.126172 0.011475 0.056103
v -0.126290 0.011386 0.056111
v -0.126264 0.011776 0.056972
v -0.126135 0.011666 0.056462
v -0.126099 0.011890 0.056945
v -0.126000 0.011758 0.056434
v -0.125929 0.012005 0.056899
v -0.125875 0.011839 0.056404
v -0.126266 0.012046 0.057654
v -0.126063 0.012250 0.057652
v -0.126571 0.012160 0.058491
v -0.126343 0.012415 0.058562
v -0.126897 0.012189 0.059274
v -0.126777 0.011905 0.058434
v -0.127104 0.011921 0.059193
v -0.127472 0.011874 0.059975
v -0.127323 0.011672 0.059106
v -0.127676 0.011618 0.059898
v -0.128067 0.011612 0.060831
v -0.127678 0.011448 0.059902
v -0.128036 0.011477 0.060855
v -0.128336 0.011515 0.061748
v -0.127751 0.011491 0.060967
v -0.128062 0.011499 0.061859
v -0.128281 0.011540 0.062411
v -0.127761 0.011496 0.061973
v -0.127981 0.011530 0.062512
v -0.128152 0.011618 0.062868
v -0.128443 0.011635 0.062771
v -0.128267 0.011736 0.063107
v -0.127844 0.011621 0.062976
v -0.127960 0.011728 0.063203
v -0.128054 0.011857 0.063390
v -0.128352 0.011883 0.063306
v -0.128122 0.012005 0.063536
v -0.127751 0.011857 0.063533
v -0.127843 0.012004 0.063683
v -0.127412 0.011901 0.063733
v -0.127522 0.012046 0.063882
v -0.127606 0.012218 0.063994
v -0.127064 0.012128 0.064223
v -0.127171 0.012299 0.064330
v -0.127238 0.012523 0.064376
v -0.126541 0.012426 0.064907
v -0.126626 0.012645 0.064951
v -0.126556 0.012830 0.064847
v -0.125904 0.012734 0.065773
v -0.125809 0.012911 0.065690
v -0.125621 0.012927 0.065546
v -0.125070 0.012931 0.066673
v -0.124858 0.012947 0.066537
v -0.124644 0.012923 0.066400
v -0.124149 0.012934 0.067530
v -0.123909 0.012917 0.067401
v -0.123660 0.012899 0.067278
v -0.123575 0.012909 0.068396
v -0.124385 0.012906 0.067660
v -0.123837 0.012876 0.068515
v -0.123462 0.012821 0.069246
v -0.123175 0.012877 0.069132
v -0.123201 0.012758 0.069836
v -0.122956 0.012844 0.069753
v -0.123017 0.012704 0.070278
v -0.122828 0.012807 0.070206
v -0.122618 0.012850 0.070134
v -0.122706 0.012778 0.070550
v -0.122535 0.012826 0.070474
v -0.122552 0.012757 0.070846
v -0.122386 0.012786 0.070755
v -0.122359 0.012707 0.071082
v -0.122202 0.012701 0.070977
v -0.122044 0.012703 0.070830
v -0.121888 0.012718 0.070623
v -0.122075 0.012624 0.071109
v -0.121898 0.012618 0.070945
v -0.121711 0.012621 0.070742
v -0.121537 0.012643 0.070480
v -0.121736 0.012745 0.070352
v -0.121975 0.012525 0.070852
v -0.121771 0.012536 0.070668
v -0.121585 0.012557 0.070433
v -0.121376 0.012596 0.070120
v -0.121355 0.012680 0.070135
v -0.121998 0.012490 0.070468
v -0.121812 0.012512 0.070256
v -0.121617 0.012545 0.069980
v -0.121405 0.012586 0.069607
v -0.121151 0.012641 0.069704
v -0.122035 0.012477 0.070060
v -0.122220 0.012457 0.070231
v -0.122438 0.012442 0.069871
v -0.122614 0.012441 0.069992
v -0.122856 0.012444 0.069539
v -0.122653 0.012443 0.069374
v -0.122396 0.012455 0.070349
v -0.122583 0.012472 0.070460
v -0.122799 0.012464 0.070122
v -0.122187 0.012485 0.070625
v -0.122373 0.012492 0.070743
v -0.122557 0.012532 0.070848
v -0.122781 0.012533 0.070572
v -0.122164 0.012530 0.070998
v -0.122352 0.012553 0.071103
v -0.122228 0.012653 0.071162
v -0.122868 0.012690 0.070627
v -0.122990 0.012539 0.070243
v -0.122695 0.012636 0.070926
v -0.122516 0.012665 0.071111
v -0.123246 0.012566 0.069819
v -0.123058 0.012474 0.069685
v -0.123574 0.012610 0.069264
v -0.123379 0.012498 0.069141
v -0.123148 0.012452 0.069000
v -0.123801 0.012541 0.068463
v -0.123562 0.012472 0.068342
v -0.123308 0.012445 0.068219
v -0.122911 0.012442 0.068839
v -0.123046 0.012445 0.068094
v -0.123912 0.012435 0.067388
v -0.123663 0.012421 0.067270
v -0.123398 0.012423 0.067160
v -0.122757 0.012460 0.067963
v -0.122990 0.012440 0.067005
v -0.122262 0.012493 0.067574
v -0.121618 0.012493 0.066688
v -0.121255 0.012511 0.066801
v -0.122261 0.012464 0.066427
v -0.121419 0.012431 0.065219
v -0.121009 0.012433 0.065426
v -0.123918 0.012356 0.065971
v -0.123357 0.012387 0.065563
v -0.122351 0.012433 0.064742
v -0.121604 0.012411 0.063444
v -0.120823 0.012390 0.063926
v -0.124377 0.012253 0.064576
v -0.123483 0.012388 0.063750
v -0.122695 0.012406 0.062674
v -0.122321 0.012339 0.062025
v -0.121227 0.012369 0.062641
v -0.124545 0.012191 0.062760
v -0.123846 0.012257 0.061829
v -0.125595 0.011905 0.062006
v -0.125318 0.012016 0.063661
v -0.126172 0.011755 0.062938
v -0.126694 0.011617 0.062530
v -0.126271 0.011728 0.061609
v -0.127097 0.011543 0.062275
v -0.126768 0.011612 0.061390
v -0.127441 0.011506 0.062105
v -0.127134 0.011547 0.061231
v -0.127450 0.011511 0.061089
v -0.127391 0.011457 0.060021
v -0.127351 0.011474 0.059092
v -0.127013 0.011677 0.058375
v -0.126481 0.011860 0.057654
v -0.127325 0.011572 0.062773
v -0.127672 0.011539 0.062617
v -0.127507 0.011643 0.063114
v -0.126950 0.011638 0.063002
v -0.127137 0.011700 0.063316
v -0.127284 0.011788 0.063547
v -0.127642 0.011738 0.063346
v -0.126647 0.011815 0.063663
v -0.126801 0.011890 0.063885
v -0.126943 0.011993 0.064070
v -0.126089 0.012085 0.064485
v -0.126250 0.012157 0.064647
v -0.126406 0.012266 0.064795
v -0.125453 0.012316 0.065462
v -0.125636 0.012400 0.065596
v -0.125803 0.012533 0.065714
v -0.124869 0.012459 0.066549
v -0.125072 0.012569 0.066674
v -0.125200 0.012766 0.066753
v -0.124378 0.012569 0.067635
v -0.124538 0.012743 0.067735
v -0.124002 0.012683 0.068577
v -0.124150 0.012476 0.067510
v -0.124656 0.012400 0.066419
v -0.124436 0.012367 0.066286
v -0.125261 0.012263 0.065316
v -0.125063 0.012235 0.065161
v -0.124208 0.012354 0.066145
v -0.125908 0.012035 0.064299
v -0.125682 0.012006 0.064063
v -0.124819 0.012226 0.064959
v -0.126458 0.011761 0.063374
v -0.121041 0.012332 0.062210
v -0.120279 0.012335 0.062576
v -0.120471 0.012360 0.063067
v -0.122074 0.012283 0.061606
v -0.121914 0.012249 0.061343
v -0.120909 0.012302 0.061883
v -0.120143 0.012317 0.062207
v -0.119704 0.012329 0.062366
v -0.119853 0.012340 0.062760
v -0.119375 0.012339 0.062487
v -0.119530 0.012349 0.062896
v -0.119754 0.012362 0.063435
v -0.120067 0.012358 0.063275
v -0.120156 0.012389 0.064344
v -0.120448 0.012386 0.064157
v -0.120692 0.012439 0.065573
v -0.119919 0.012397 0.064468
v -0.120448 0.012449 0.065676
v -0.120984 0.012525 0.066865
v -0.120209 0.012465 0.065780
v -0.120732 0.012544 0.066952
v -0.119972 0.012488 0.065882
v -0.120482 0.012573 0.067048
v -0.120978 0.012618 0.068073
v -0.120198 0.012612 0.067162
v -0.120715 0.012657 0.068171
v -0.121101 0.012645 0.068973
v -0.120501 0.012695 0.068255
v -0.120857 0.012690 0.069047
v -0.120634 0.012770 0.068190
v -0.120925 0.012770 0.068996
v -0.121164 0.012729 0.069673
v -0.121197 0.012871 0.068863
v -0.121411 0.012838 0.069517
v -0.121576 0.012786 0.069993
v -0.121667 0.012943 0.069339
v -0.121817 0.012884 0.069834
v -0.121468 0.012948 0.068741
v -0.121157 0.012983 0.067977
v -0.121457 0.012972 0.067873
v -0.120911 0.012877 0.068069
v -0.120477 0.012836 0.067046
v -0.120715 0.012941 0.066958
v -0.120237 0.012735 0.067144
v -0.119762 0.012655 0.065976
v -0.119984 0.012764 0.065886
v -0.120052 0.012676 0.067223
v -0.119573 0.012575 0.066049
v -0.119101 0.012522 0.064873
v -0.119279 0.012604 0.064808
v -0.119704 0.012522 0.065994
v -0.119212 0.012467 0.064821
v -0.118803 0.012451 0.063856
v -0.118708 0.012508 0.063906
v -0.119466 0.012435 0.064700
v -0.119051 0.012417 0.063751
v -0.118791 0.012414 0.063146
v -0.118534 0.012452 0.063212
v -0.119691 0.012411 0.064584
v -0.119280 0.012391 0.063652
v -0.119031 0.012382 0.063078
v -0.118856 0.012381 0.062654
v -0.118615 0.012419 0.062715
v -0.119513 0.012374 0.063549
v -0.119278 0.012362 0.062996
v -0.119111 0.012357 0.062577
v -0.118987 0.012361 0.062242
v -0.119253 0.012335 0.062155
v -0.118367 0.012465 0.062769
v -0.118443 0.012517 0.063232
v -0.118884 0.012597 0.063848
v -0.119487 0.012714 0.064723
v -0.120203 0.012872 0.065798
v -0.120990 0.012957 0.066873
v -0.121807 0.012942 0.067758
v -0.126289 0.011320 0.056213
v -0.126180 0.011353 0.056560
v -0.125989 0.011359 0.056577
v -0.125839 0.011383 0.056586
v -0.127209 0.012291 0.062177
v -0.127696 0.012340 0.062506
v -0.115431 0.014837 0.074276
v -0.115244 0.014758 0.074133
v -0.115061 0.014785 0.074281
v -0.115194 0.014893 0.074481
v -0.115590 0.014742 0.074020
v -0.115442 0.014685 0.073904
v -0.115457 0.015016 0.074328
v -0.115705 0.014919 0.074122
v -0.115739 0.014849 0.074216
v -0.115774 0.014785 0.074089
v -0.115261 0.015059 0.074557
v -0.111898 0.014254 0.076914
v -0.112101 0.014374 0.076740
v -0.112055 0.014199 0.076551
v -0.111823 0.014100 0.076745
v -0.111697 0.014183 0.076895
v -0.111971 0.014433 0.076642
v -0.111624 0.014007 0.076903
v -0.111714 0.013789 0.065829
v -0.111577 0.013823 0.066003
v -0.111764 0.013759 0.066221
v -0.111931 0.013707 0.066124
v -0.111594 0.013924 0.065792
v -0.111490 0.013948 0.065891
v -0.108031 0.014659 0.067801
v -0.108045 0.014404 0.067874
v -0.108309 0.014396 0.067857
v -0.108307 0.014600 0.067753
v -0.108282 0.014707 0.067969
v -0.108029 0.014653 0.067961
v -0.107810 0.014525 0.067782
v -0.108028 0.014464 0.068291
v -0.108136 0.014372 0.068251
v -0.108157 0.014607 0.068301
v -0.110662 0.013682 0.076182
v -0.110843 0.013716 0.076550
v -0.111084 0.013742 0.076471
v -0.110955 0.013704 0.076109
v -0.110819 0.013670 0.075726
v -0.110572 0.013650 0.075838
v -0.110840 0.013797 0.076166
v -0.110927 0.013811 0.076532
v -0.110685 0.013776 0.075838
v -0.115787 0.014765 0.073978
v -0.111402 0.013995 0.077065
v -0.111293 0.013971 0.076786
v -0.111542 0.014151 0.076643
v -0.111135 0.013802 0.077141
v -0.111383 0.013895 0.077067
v -0.111227 0.013796 0.076801
v -0.110984 0.013750 0.076898
v -0.111048 0.013843 0.076874
v -0.111186 0.013897 0.077079
v -0.115392 0.014981 0.074184
v -0.115567 0.014870 0.074009
v -0.115661 0.014734 0.073902
v -0.111667 0.013952 0.065908
v -0.111572 0.014042 0.066004
v -0.111709 0.014103 0.066329
v -0.111575 0.014123 0.066264
v -0.111686 0.014014 0.066106
v -0.111797 0.013997 0.066254
v -0.111739 0.014148 0.066517
v -0.111515 0.014216 0.066554
v -0.111891 0.014007 0.066473
v -0.111484 0.014285 0.066999
v -0.111216 0.014341 0.067336
v -0.110981 0.014332 0.067146
v -0.111187 0.014274 0.066792
v -0.111794 0.014179 0.066859
v -0.111907 0.014192 0.067263
v -0.111668 0.014280 0.067407
v -0.111417 0.014331 0.067586
v -0.111303 0.014208 0.066464
v -0.110962 0.014172 0.066626
v -0.111123 0.014109 0.066342
v -0.111277 0.014004 0.066088
v -0.111421 0.014120 0.066176
v -0.111148 0.013945 0.066405
v -0.111373 0.013883 0.066193
v -0.111312 0.013887 0.066560
v -0.111538 0.013823 0.066363
v -0.111467 0.013853 0.066735
v -0.111682 0.013795 0.066575
v -0.111903 0.013735 0.066456
v -0.111814 0.013781 0.066851
v -0.112020 0.013727 0.066735
v -0.112189 0.013679 0.066634
v -0.112085 0.013682 0.066370
v -0.112136 0.013817 0.066658
v -0.112044 0.013808 0.066394
v -0.111920 0.013832 0.066164
v -0.111762 0.013899 0.065984
v -0.111980 0.014027 0.066747
v -0.112280 0.013824 0.067057
v -0.112105 0.014040 0.067148
v -0.112484 0.013835 0.067612
v -0.112326 0.014039 0.067693
v -0.112120 0.014192 0.067790
v -0.112646 0.014013 0.068398
v -0.112430 0.014161 0.068485
v -0.112174 0.014232 0.068580
v -0.111870 0.014264 0.067903
v -0.111912 0.014289 0.068675
v -0.111629 0.014315 0.068031
v -0.111517 0.014362 0.068850
v -0.111207 0.014389 0.068311
v -0.110976 0.014410 0.067976
v -0.110797 0.014421 0.067785
v -0.110453 0.014507 0.068825
v -0.110269 0.014527 0.068480
v -0.110141 0.014533 0.068231
v -0.110023 0.014522 0.067978
v -0.110610 0.014413 0.067578
v -0.109703 0.014608 0.068679
v -0.109624 0.014611 0.068406
v -0.109559 0.014596 0.068138
v -0.109493 0.014555 0.067887
v -0.109905 0.014484 0.067727
v -0.109238 0.014656 0.068438
v -0.109204 0.014636 0.068174
v -0.109167 0.014598 0.067938
v -0.109139 0.014477 0.067754
v -0.109441 0.014428 0.067719
v -0.108880 0.014668 0.068191
v -0.108859 0.014634 0.067953
v -0.108863 0.014518 0.067763
v -0.108857 0.014359 0.067905
v -0.109140 0.014328 0.067908
v -0.108573 0.014665 0.067962
v -0.108594 0.014556 0.067760
v -0.108585 0.014379 0.067885
v -0.108349 0.014361 0.068189
v -0.108598 0.014346 0.068168
v -0.108867 0.014324 0.068174
v -0.108683 0.014329 0.068482
v -0.108923 0.014305 0.068445
v -0.109214 0.014271 0.068437
v -0.109171 0.014290 0.068184
v -0.109560 0.014222 0.068416
v -0.109502 0.014243 0.068158
v -0.109454 0.014284 0.067881
v -0.109934 0.014174 0.068043
v -0.109863 0.014212 0.067788
v -0.109817 0.014310 0.067598
v -0.110401 0.014099 0.067476
v -0.110294 0.014194 0.067293
v -0.110409 0.014368 0.067364
v -0.110664 0.014084 0.066925
v -0.110756 0.014248 0.066962
v -0.110930 0.014004 0.066646
v -0.110806 0.014012 0.067105
v -0.111082 0.013945 0.066817
v -0.110966 0.013975 0.067302
v -0.111235 0.013911 0.066988
v -0.111112 0.013949 0.067500
v -0.111393 0.013886 0.067176
v -0.111615 0.013832 0.066976
v -0.111556 0.013866 0.067505
v -0.111771 0.013816 0.067369
v -0.111967 0.013767 0.067245
v -0.111944 0.013800 0.067846
v -0.112174 0.013747 0.067741
v -0.112436 0.013682 0.067622
v -0.112182 0.013711 0.067116
v -0.112596 0.013679 0.067550
v -0.112345 0.013667 0.067025
v -0.112761 0.013658 0.068346
v -0.112924 0.013654 0.068275
v -0.112808 0.013807 0.068328
v -0.113332 0.013638 0.069226
v -0.113260 0.013782 0.069238
v -0.113062 0.014000 0.069300
v -0.113721 0.013845 0.070261
v -0.113514 0.014054 0.070310
v -0.113295 0.014211 0.070372
v -0.112845 0.014147 0.069372
v -0.113041 0.014288 0.070467
v -0.112580 0.014218 0.069469
v -0.112785 0.014336 0.070581
v -0.112316 0.014275 0.069564
v -0.112500 0.014373 0.070720
v -0.111969 0.014346 0.069699
v -0.111846 0.014424 0.071078
v -0.111228 0.014444 0.070057
v -0.110737 0.014475 0.069287
v -0.110430 0.014442 0.070479
v -0.110074 0.014536 0.069636
v -0.109843 0.014587 0.069075
v -0.109731 0.014551 0.069801
v -0.109489 0.014624 0.069185
v -0.109313 0.014654 0.068747
v -0.109261 0.014646 0.069253
v -0.109053 0.014680 0.068810
v -0.108935 0.014685 0.068449
v -0.108841 0.014701 0.068872
v -0.108677 0.014713 0.068506
v -0.108592 0.014705 0.068227
v -0.108469 0.014728 0.068576
v -0.108336 0.014732 0.068262
v -0.108317 0.014610 0.068621
v -0.108639 0.014718 0.068936
v -0.108480 0.014602 0.068979
v -0.108354 0.014438 0.069018
v -0.108194 0.014445 0.068655
v -0.108434 0.014353 0.068983
v -0.108279 0.014371 0.068617
v -0.108645 0.014324 0.068907
v -0.108470 0.014349 0.068539
v -0.108841 0.014303 0.068840
v -0.108823 0.014276 0.069355
v -0.109038 0.014250 0.069288
v -0.109260 0.014227 0.069219
v -0.109057 0.014279 0.068783
v -0.109497 0.014201 0.069146
v -0.109318 0.014247 0.068740
v -0.109781 0.014163 0.069065
v -0.109643 0.014200 0.068693
v -0.110233 0.014097 0.068884
v -0.110111 0.014126 0.068563
v -0.110012 0.014150 0.068298
v -0.110785 0.014013 0.068156
v -0.110665 0.014035 0.067927
v -0.110536 0.014061 0.067698
v -0.111252 0.013928 0.067730
v -0.110935 0.013988 0.068458
v -0.111436 0.013903 0.068110
v -0.111705 0.013851 0.067961
v -0.111728 0.013871 0.068770
v -0.112014 0.013820 0.068657
v -0.112256 0.013774 0.068564
v -0.112418 0.013824 0.069666
v -0.112668 0.013781 0.069551
v -0.112908 0.013734 0.069438
v -0.112495 0.013722 0.068465
v -0.113147 0.013684 0.069321
v -0.113310 0.013823 0.070492
v -0.113556 0.013777 0.070373
v -0.113764 0.013729 0.070271
v -0.113938 0.013935 0.071417
v -0.114169 0.013895 0.071311
v -0.114167 0.013984 0.071281
v -0.114511 0.014123 0.072252
v -0.114552 0.014185 0.072206
v -0.114359 0.014356 0.072239
v -0.113969 0.014180 0.071313
v -0.114155 0.014504 0.072294
v -0.113755 0.014341 0.071370
v -0.113916 0.014551 0.072407
v -0.113510 0.014397 0.071477
v -0.113681 0.014571 0.072545
v -0.113255 0.014433 0.071606
v -0.113442 0.014582 0.072706
v -0.112990 0.014455 0.071756
v -0.112978 0.014565 0.073016
v -0.112436 0.014455 0.072079
v -0.112189 0.014461 0.073494
v -0.111570 0.014355 0.072538
v -0.110967 0.014352 0.071517
v -0.110831 0.014211 0.072880
v -0.110371 0.014273 0.071778
v -0.110020 0.014415 0.070687
v -0.110089 0.014236 0.071899
v -0.109774 0.014411 0.070809
v -0.109502 0.014566 0.069904
v -0.109547 0.014413 0.070903
v -0.109285 0.014581 0.069993
v -0.109046 0.014667 0.069327
v -0.109068 0.014598 0.070078
v -0.108834 0.014686 0.069402
v -0.108895 0.014475 0.070118
v -0.108670 0.014566 0.069442
v -0.108747 0.014300 0.070133
v -0.108527 0.014396 0.069472
v -0.108809 0.014206 0.070090
v -0.108602 0.014309 0.069435
v -0.109036 0.014175 0.070001
v -0.109034 0.014034 0.070968
v -0.109275 0.014007 0.070889
v -0.109507 0.013992 0.070808
v -0.109255 0.014153 0.069911
v -0.109742 0.013986 0.070726
v -0.109482 0.014135 0.069821
v -0.109985 0.013981 0.070643
v -0.109701 0.014119 0.069740
v -0.110241 0.013982 0.070559
v -0.109966 0.014097 0.069644
v -0.110710 0.013975 0.070400
v -0.110438 0.014047 0.069447
v -0.111596 0.013928 0.070044
v -0.111227 0.013947 0.069018
v -0.112120 0.013869 0.069803
v -0.111842 0.013938 0.071210
v -0.112469 0.013924 0.070914
v -0.112799 0.013895 0.070748
v -0.112843 0.014019 0.071958
v -0.113185 0.014013 0.071784
v -0.113445 0.013996 0.071654
v -0.113064 0.013865 0.070613
v -0.113690 0.013971 0.071534
v -0.113782 0.014187 0.072626
v -0.114026 0.014176 0.072494
v -0.114265 0.014153 0.072369
v -0.114317 0.014365 0.073199
v -0.114546 0.014352 0.073074
v -0.114789 0.014327 0.072941
v -0.114768 0.014490 0.073480
v -0.114997 0.014465 0.073347
v -0.115090 0.014504 0.073290
v -0.114862 0.014376 0.072881
v -0.114941 0.014645 0.073353
v -0.114684 0.014529 0.072927
v -0.114754 0.014764 0.073439
v -0.114486 0.014661 0.073002
v -0.114541 0.014806 0.073552
v -0.114266 0.014703 0.073125
v -0.114319 0.014818 0.073677
v -0.114049 0.014715 0.073261
v -0.114070 0.014813 0.073816
v -0.113817 0.014718 0.073412
v -0.113637 0.014779 0.074071
v -0.113389 0.014690 0.073688
v -0.112890 0.014647 0.074522
v -0.112645 0.014576 0.074164
v -0.112109 0.014480 0.075057
v -0.111837 0.014406 0.074643
v -0.111383 0.014301 0.073899
v -0.111379 0.014293 0.074889
v -0.110968 0.014207 0.074071
v -0.110491 0.014143 0.073028
v -0.110705 0.014147 0.074175
v -0.110236 0.014106 0.073130
v -0.109841 0.014223 0.071991
v -0.110022 0.014073 0.073192
v -0.109620 0.014216 0.072054
v -0.109325 0.014427 0.070979
v -0.109436 0.014070 0.072080
v -0.109140 0.014296 0.071006
v -0.109249 0.013908 0.072099
v -0.108981 0.014122 0.071010
v -0.109304 0.013818 0.072062
v -0.109643 0.013740 0.073259
v -0.109671 0.013647 0.073233
v -0.109916 0.013653 0.073147
v -0.109552 0.013802 0.071981
v -0.110161 0.013668 0.073065
v -0.109792 0.013809 0.071900
v -0.110411 0.013705 0.072990
v -0.110032 0.013816 0.071816
v -0.110675 0.013742 0.072904
v -0.110287 0.013832 0.071738
v -0.110975 0.013796 0.072797
v -0.110578 0.013866 0.071654
v -0.111339 0.013861 0.072652
v -0.110981 0.013897 0.071529
v -0.112136 0.013969 0.072300
v -0.111760 0.013922 0.073734
v -0.112502 0.014070 0.073352
v -0.113218 0.014169 0.072948
v -0.112858 0.014208 0.074095
v -0.113530 0.014330 0.073665
v -0.113831 0.014357 0.073482
v -0.113531 0.014188 0.072767
v -0.114084 0.014368 0.073332
v -0.114093 0.014496 0.073904
v -0.114345 0.014509 0.073750
v -0.114559 0.014503 0.073610
v -0.114555 0.014618 0.074030
v -0.114770 0.014611 0.073887
v -0.114954 0.014595 0.073757
v -0.114930 0.014697 0.074094
v -0.115106 0.014681 0.073964
v -0.115313 0.014630 0.073774
v -0.115166 0.014559 0.073603
v -0.115410 0.014646 0.073676
v -0.115263 0.014589 0.073514
v -0.115293 0.014782 0.073760
v -0.115127 0.014725 0.073588
v -0.115135 0.014895 0.073883
v -0.114953 0.014837 0.073692
v -0.114946 0.014936 0.074018
v -0.114766 0.014877 0.073815
v -0.114710 0.014954 0.074159
v -0.114549 0.014895 0.073949
v -0.114401 0.014947 0.074330
v -0.114266 0.014891 0.074113
v -0.113948 0.014899 0.074590
v -0.113818 0.014848 0.074367
v -0.113229 0.014755 0.075049
v -0.113081 0.014706 0.074813
v -0.112458 0.014587 0.075562
v -0.112303 0.014539 0.075342
v -0.111955 0.014460 0.075925
v -0.111809 0.014416 0.075718
v -0.111632 0.014363 0.075414
v -0.111477 0.014294 0.075940
v -0.111351 0.014275 0.075593
v -0.111111 0.014221 0.075018
v -0.111127 0.014119 0.075699
v -0.110870 0.014099 0.075123
v -0.110462 0.014060 0.074260
v -0.110674 0.013914 0.075190
v -0.110285 0.013876 0.074308
v -0.109831 0.013910 0.073226
v -0.110078 0.013691 0.074364
v -0.110457 0.013718 0.075261
v -0.110401 0.013612 0.075279
v -0.110065 0.013585 0.074350
v -0.110634 0.013628 0.075185
v -0.110313 0.013602 0.074270
v -0.110888 0.013670 0.075098
v -0.110563 0.013635 0.074175
v -0.111136 0.013731 0.075005
v -0.110821 0.013685 0.074089
v -0.111391 0.013806 0.074902
v -0.111094 0.013748 0.074000
v -0.111688 0.013897 0.074768
v -0.111401 0.013829 0.073886
v -0.112105 0.014021 0.074547
v -0.111851 0.013967 0.075275
v -0.112305 0.014104 0.074974
v -0.113062 0.014305 0.074508
v -0.112463 0.014182 0.075267
v -0.113209 0.014382 0.074783
v -0.113903 0.014541 0.074373
v -0.113758 0.014453 0.074100
v -0.114278 0.014597 0.074177
v -0.114020 0.014619 0.074596
v -0.114412 0.014681 0.074382
v -0.114699 0.014704 0.074229
v -0.114541 0.014768 0.074581
v -0.114828 0.014792 0.074418
v -0.114668 0.014872 0.074779
v -0.114956 0.014895 0.074604
v -0.115049 0.015023 0.074741
v -0.114756 0.015012 0.074925
v -0.114656 0.015049 0.074757
v -0.114950 0.015053 0.074563
v -0.114256 0.014816 0.075047
v -0.114320 0.014957 0.075201
v -0.114212 0.014988 0.075032
v -0.114077 0.014950 0.074807
v -0.114520 0.014998 0.074528
v -0.113645 0.014759 0.075664
v -0.113524 0.014838 0.075518
v -0.113370 0.014801 0.075275
v -0.112782 0.014673 0.076007
v -0.112609 0.014632 0.075771
v -0.112292 0.014559 0.076357
v -0.112114 0.014511 0.076131
v -0.111786 0.014362 0.076409
v -0.111620 0.014315 0.076192
v -0.111384 0.014122 0.076366
v -0.111250 0.014111 0.076049
v -0.111160 0.013951 0.076473
v -0.111046 0.013949 0.076119
v -0.110919 0.013950 0.075772
v -0.112897 0.014597 0.076128
v -0.112420 0.014480 0.076475
v -0.112827 0.014452 0.075958
v -0.112352 0.014317 0.076298
v -0.112240 0.014196 0.076076
v -0.111941 0.014082 0.076328
v -0.112716 0.014340 0.075736
v -0.112592 0.014256 0.075505
v -0.112114 0.014108 0.075854
v -0.113566 0.014641 0.075481
v -0.113455 0.014541 0.075254
v -0.113337 0.014457 0.075023
v -0.114138 0.014704 0.074819
v -0.111994 0.014037 0.075615
v -0.111679 0.013925 0.075824
v -0.111810 0.013999 0.076113
v -0.111431 0.013836 0.075948
v -0.111565 0.013904 0.076273
v -0.111699 0.013988 0.076529
v -0.111328 0.013813 0.076387
v -0.111470 0.013889 0.076681
v -0.111207 0.013764 0.076034
v -0.111073 0.013722 0.075629
v -0.111311 0.013787 0.075549
v -0.111553 0.013864 0.075443
v -0.114831 0.015005 0.074348
v -0.115073 0.014984 0.074190
v -0.115181 0.015028 0.074370
v -0.115276 0.014938 0.074029
v -0.115434 0.014825 0.073889
v -0.115535 0.014692 0.073795
v -0.100271 0.015109 0.072548
v -0.100578 0.015011 0.072706
v -0.100627 0.014948 0.072994
v -0.100373 0.015078 0.073036
v -0.100364 0.015038 0.072029
v -0.100531 0.015013 0.072047
v -0.100442 0.015090 0.072379
v -0.100507 0.015060 0.072432
v -0.099947 0.015120 0.072664
v -0.099777 0.014856 0.072361
v -0.100048 0.014820 0.072182
v -0.100126 0.015113 0.073054
v -0.103241 0.014679 0.079907
v -0.103032 0.014650 0.079818
v -0.103050 0.014766 0.080027
v -0.103122 0.014889 0.080038
v -0.103049 0.014563 0.079409
v -0.102932 0.014555 0.079466
v -0.103032 0.014736 0.079690
v -0.102890 0.014637 0.079374
v -0.096548 0.016201 0.082975
v -0.096464 0.016276 0.082977
v -0.096643 0.016192 0.082774
v -0.096700 0.016105 0.082855
v -0.096589 0.016045 0.082780
v -0.096430 0.016175 0.082960
v -0.096337 0.016255 0.083057
v -0.100097 0.014700 0.072707
v -0.100451 0.014641 0.072744
v -0.100508 0.014686 0.072361
v -0.100280 0.014732 0.072311
v -0.100190 0.014634 0.073092
v -0.100473 0.014602 0.073048
v -0.099667 0.014757 0.072833
v -0.099826 0.014687 0.073128
v -0.102639 0.014913 0.079624
v -0.102542 0.014897 0.079464
v -0.102703 0.014767 0.079411
v -0.102814 0.014827 0.079646
v -0.102839 0.014918 0.079823
v -0.102588 0.014998 0.079750
v -0.102421 0.014988 0.079532
v -0.102820 0.015017 0.080000
v -0.103039 0.014825 0.079847
v -0.102975 0.014923 0.080151
v -0.102757 0.014974 0.080168
v -0.100705 0.014781 0.072402
v -0.100743 0.014744 0.072681
v -0.100608 0.014917 0.072047
v -0.100760 0.014829 0.074340
v -0.100600 0.014917 0.074261
v -0.100694 0.014961 0.073938
v -0.100848 0.014767 0.074188
v -0.100819 0.014752 0.074731
v -0.100626 0.014822 0.074780
v -0.100971 0.014630 0.074673
v -0.100525 0.015044 0.073462
v -0.100737 0.014855 0.073408
v -0.100852 0.014716 0.073822
v -0.100292 0.015021 0.073895
v -0.100220 0.015080 0.073464
v -0.100311 0.014964 0.074276
v -0.100950 0.014607 0.074103
v -0.096076 0.015254 0.073624
v -0.096157 0.015275 0.073591
v -0.096215 0.015458 0.073455
v -0.096199 0.015506 0.073631
v -0.096096 0.015239 0.073892
v -0.096170 0.015137 0.073855
v -0.096379 0.015497 0.073425
v -0.096410 0.015698 0.073603
v -0.096381 0.015274 0.073566
v -0.102327 0.015027 0.079603
v -0.102475 0.015056 0.079870
v -0.102021 0.015031 0.079438
v -0.102282 0.014959 0.079329
v -0.102083 0.015078 0.079782
v -0.096111 0.016348 0.083172
v -0.096190 0.016287 0.082899
v -0.096278 0.016345 0.082898
v -0.096160 0.016421 0.083201
v -0.096250 0.016323 0.083141
v -0.096167 0.016290 0.083124
v -0.096013 0.016270 0.083095
v -0.096092 0.016224 0.082901
v -0.095975 0.016143 0.082913
v -0.096010 0.016183 0.082922
v -0.096028 0.016198 0.083011
v -0.096082 0.016123 0.082887
v -0.096059 0.015987 0.082594
v -0.096066 0.016038 0.082566
v -0.100778 0.014689 0.072020
v -0.100697 0.014658 0.072375
v -0.100716 0.014778 0.072010
v -0.100627 0.014720 0.071995
v -0.100700 0.014737 0.071842
v -0.100637 0.014900 0.071675
v -0.100466 0.014866 0.071731
v -0.100600 0.014780 0.071782
v -0.100649 0.014784 0.071710
v -0.100696 0.014814 0.071789
v -0.100597 0.014910 0.071785
v -0.097486 0.015620 0.080840
v -0.097486 0.015425 0.080178
v -0.097897 0.015343 0.080150
v -0.098034 0.015439 0.080567
v -0.096983 0.015707 0.080811
v -0.097067 0.015498 0.080160
v -0.098219 0.015493 0.080903
v -0.097709 0.015684 0.081270
v -0.097295 0.015255 0.081059
v -0.097582 0.015365 0.081414
v -0.098103 0.015181 0.081066
v -0.097881 0.015081 0.080763
v -0.096796 0.015293 0.081002
v -0.096569 0.015557 0.081664
v -0.096869 0.015552 0.081737
v -0.097085 0.015606 0.081918
v -0.097274 0.015020 0.080375
v -0.096852 0.015061 0.080332
v -0.097733 0.014940 0.080308
v -0.098488 0.014925 0.080485
v -0.098286 0.014825 0.080135
v -0.098108 0.014685 0.079574
v -0.097614 0.014750 0.079608
v -0.097214 0.014794 0.079579
v -0.097544 0.014568 0.078663
v -0.097181 0.014610 0.078621
v -0.096836 0.014650 0.078579
v -0.096838 0.014831 0.079531
v -0.096531 0.014689 0.078545
v -0.096500 0.014872 0.079490
v -0.096489 0.015102 0.080279
v -0.096427 0.015335 0.080959
v -0.096412 0.014973 0.079472
v -0.096372 0.015197 0.080235
v -0.096302 0.015423 0.080919
v -0.096186 0.015664 0.081617
v -0.096283 0.015585 0.081626
v -0.096684 0.015358 0.080193
v -0.096599 0.015577 0.080880
v -0.096431 0.015811 0.081616
v -0.096279 0.015985 0.082174
v -0.096106 0.015874 0.082175
v -0.096667 0.015949 0.081612
v -0.096448 0.016099 0.082187
v -0.096299 0.016200 0.082581
v -0.096177 0.016112 0.082570
v -0.096958 0.015918 0.081676
v -0.096604 0.016117 0.082250
v -0.096413 0.016249 0.082611
v -0.096754 0.016106 0.082355
v -0.096529 0.016231 0.082680
v -0.096387 0.016322 0.082948
v -0.096898 0.016082 0.082514
v -0.097128 0.015931 0.081896
v -0.097323 0.015919 0.082154
v -0.097410 0.015803 0.082298
v -0.096949 0.015990 0.082603
v -0.097273 0.015692 0.082120
v -0.096853 0.015884 0.082495
v -0.096707 0.015826 0.082377
v -0.096459 0.016010 0.082718
v -0.096317 0.016143 0.082925
v -0.096543 0.015795 0.082280
v -0.096325 0.015989 0.082664
v -0.096200 0.016122 0.082894
v -0.096126 0.016209 0.083026
v -0.096232 0.016227 0.083042
v -0.096190 0.015979 0.082619
v -0.096356 0.015787 0.082216
v -0.096157 0.015805 0.082184
v -0.096092 0.016260 0.083096
v -0.097974 0.015605 0.081878
v -0.097793 0.015478 0.081684
v -0.098506 0.015405 0.081496
v -0.098321 0.015290 0.081319
v -0.099065 0.015309 0.081173
v -0.098899 0.015135 0.080999
v -0.098694 0.015016 0.080752
v -0.099564 0.014985 0.080677
v -0.099394 0.014866 0.080432
v -0.099217 0.014776 0.080175
v -0.100178 0.014750 0.080126
v -0.100044 0.014665 0.079871
v -0.099891 0.014585 0.079574
v -0.099024 0.014692 0.079868
v -0.099698 0.014497 0.079174
v -0.098809 0.014590 0.079420
v -0.099428 0.014394 0.078533
v -0.098575 0.014463 0.078671
v -0.097971 0.014521 0.078691
v -0.098344 0.014395 0.077583
v -0.097855 0.014451 0.077595
v -0.097483 0.014501 0.077583
v -0.097694 0.014531 0.076465
v -0.097367 0.014578 0.076488
v -0.097075 0.014624 0.076502
v -0.097156 0.014549 0.077565
v -0.096786 0.014669 0.076511
v -0.096846 0.014593 0.077543
v -0.096556 0.014704 0.076515
v -0.096577 0.014631 0.077520
v -0.096638 0.014889 0.076526
v -0.096599 0.014778 0.077522
v -0.096499 0.014795 0.078540
v -0.096831 0.015002 0.077544
v -0.096767 0.014994 0.078560
v -0.096713 0.015153 0.079463
v -0.097055 0.015136 0.078584
v -0.097060 0.015293 0.079476
v -0.097369 0.015084 0.078620
v -0.097420 0.015248 0.079539
v -0.097705 0.015027 0.078665
v -0.097803 0.015199 0.079593
v -0.098163 0.014959 0.078724
v -0.098289 0.015121 0.079575
v -0.098418 0.015221 0.080014
v -0.098603 0.015282 0.080336
v -0.099038 0.015008 0.079396
v -0.099198 0.015080 0.079746
v -0.099344 0.015136 0.080037
v -0.099479 0.015181 0.080317
v -0.098775 0.015322 0.080616
v -0.100128 0.015004 0.079460
v -0.100209 0.015059 0.079741
v -0.100295 0.015106 0.080036
v -0.100965 0.015044 0.079556
v -0.101028 0.015091 0.079845
v -0.101094 0.015096 0.080161
v -0.100383 0.015126 0.080351
v -0.099608 0.015201 0.080607
v -0.100422 0.014991 0.080557
v -0.099700 0.015153 0.080864
v -0.098942 0.015343 0.080911
v -0.098417 0.015515 0.081251
v -0.097882 0.015713 0.081654
v -0.100307 0.014862 0.080368
v -0.101110 0.014942 0.080320
v -0.101018 0.014796 0.080138
v -0.100927 0.014689 0.079895
v -0.101552 0.014756 0.080018
v -0.101479 0.014658 0.079772
v -0.101398 0.014583 0.079518
v -0.100828 0.014608 0.079640
v -0.101285 0.014509 0.079218
v -0.100708 0.014531 0.079342
v -0.101081 0.014419 0.078796
v -0.100528 0.014444 0.078937
v -0.100749 0.014309 0.078115
v -0.100238 0.014342 0.078296
v -0.100333 0.014235 0.077129
v -0.099831 0.014269 0.077311
v -0.099071 0.014323 0.077502
v -0.099403 0.014337 0.076184
v -0.098698 0.014407 0.076341
v -0.098102 0.014477 0.076425
v -0.098338 0.014584 0.075324
v -0.097846 0.014647 0.075396
v -0.097478 0.014697 0.075449
v -0.097628 0.014789 0.074735
v -0.097267 0.014837 0.074765
v -0.096987 0.014874 0.074795
v -0.097183 0.014737 0.075493
v -0.096725 0.014907 0.074829
v -0.096914 0.014774 0.075532
v -0.096454 0.014940 0.074876
v -0.096620 0.014816 0.075572
v -0.096352 0.015043 0.074902
v -0.096454 0.014909 0.075601
v -0.096515 0.015244 0.074898
v -0.096610 0.015091 0.075603
v -0.096691 0.015459 0.074906
v -0.096796 0.015308 0.075606
v -0.096862 0.015119 0.076541
v -0.097018 0.015393 0.075574
v -0.097093 0.015214 0.076531
v -0.097082 0.015107 0.077559
v -0.097364 0.015161 0.076491
v -0.097371 0.015051 0.077558
v -0.097646 0.015104 0.076445
v -0.097669 0.014990 0.077552
v -0.098003 0.015031 0.076387
v -0.098082 0.014915 0.077539
v -0.098554 0.014924 0.076304
v -0.098681 0.014818 0.077510
v -0.098845 0.014884 0.078719
v -0.099577 0.014714 0.077372
v -0.099837 0.014815 0.078494
v -0.100018 0.014929 0.079094
v -0.100566 0.014778 0.078228
v -0.100773 0.014901 0.078877
v -0.100892 0.014987 0.079283
v -0.101246 0.014882 0.078740
v -0.101451 0.014979 0.079182
v -0.101541 0.015039 0.079473
v -0.101588 0.015085 0.079776
v -0.101841 0.014961 0.079090
v -0.101573 0.014859 0.078639
v -0.101827 0.014815 0.078559
v -0.102080 0.014915 0.079019
v -0.102040 0.014734 0.078489
v -0.102278 0.014813 0.078962
v -0.102429 0.014858 0.079251
v -0.102447 0.014682 0.078906
v -0.102588 0.014730 0.079191
v -0.102613 0.014544 0.078846
v -0.102761 0.014594 0.079135
v -0.102738 0.014439 0.078791
v -0.102897 0.014499 0.079088
v -0.102609 0.014422 0.078831
v -0.102780 0.014488 0.079156
v -0.102401 0.014440 0.078920
v -0.102586 0.014511 0.079255
v -0.102739 0.014581 0.079558
v -0.102843 0.014664 0.079839
v -0.102395 0.014532 0.079331
v -0.102517 0.014606 0.079630
v -0.102600 0.014689 0.079883
v -0.102680 0.014816 0.080098
v -0.102915 0.014795 0.080073
v -0.102239 0.014620 0.079669
v -0.102306 0.014708 0.079922
v -0.102378 0.014846 0.080134
v -0.102448 0.015040 0.080141
v -0.101963 0.014730 0.079955
v -0.102034 0.014878 0.080163
v -0.102082 0.015065 0.080097
v -0.101621 0.014903 0.080220
v -0.101627 0.015086 0.080096
v -0.101896 0.014638 0.079709
v -0.102142 0.014552 0.079400
v -0.101813 0.014569 0.079457
v -0.101966 0.014477 0.079075
v -0.101675 0.014495 0.079148
v -0.101700 0.014383 0.078607
v -0.101433 0.014400 0.078691
v -0.101350 0.014268 0.077867
v -0.101086 0.014286 0.077975
v -0.100956 0.014191 0.076889
v -0.100678 0.014211 0.076995
v -0.100573 0.014243 0.075830
v -0.100288 0.014264 0.075919
v -0.099929 0.014292 0.076029
v -0.099965 0.014417 0.074924
v -0.099583 0.014454 0.075024
v -0.099011 0.014509 0.075184
v -0.099335 0.014594 0.074387
v -0.098718 0.014656 0.074573
v -0.098082 0.014729 0.074700
v -0.098513 0.014759 0.074207
v -0.097903 0.014829 0.074318
v -0.097469 0.014886 0.074342
v -0.097763 0.014917 0.074009
v -0.097356 0.014967 0.074027
v -0.097015 0.015010 0.074034
v -0.097112 0.014934 0.074351
v -0.096733 0.015038 0.074055
v -0.096837 0.014966 0.074376
v -0.096474 0.015060 0.074090
v -0.096584 0.014994 0.074404
v -0.096230 0.015072 0.074141
v -0.096331 0.015015 0.074453
v -0.096170 0.015173 0.074171
v -0.096257 0.015119 0.074479
v -0.096342 0.015385 0.074165
v -0.096425 0.015329 0.074476
v -0.096508 0.015606 0.074168
v -0.096598 0.015548 0.074491
v -0.096741 0.015682 0.074149
v -0.096820 0.015624 0.074481
v -0.096915 0.015540 0.074892
v -0.097100 0.015566 0.074444
v -0.097191 0.015479 0.074851
v -0.097290 0.015337 0.075509
v -0.097486 0.015416 0.074810
v -0.097582 0.015279 0.075443
v -0.097845 0.015345 0.074755
v -0.097933 0.015211 0.075367
v -0.098342 0.015259 0.074662
v -0.098426 0.015123 0.075270
v -0.099094 0.015144 0.074490
v -0.099175 0.015011 0.075114
v -0.099352 0.014811 0.076144
v -0.099777 0.014936 0.074963
v -0.099996 0.014748 0.075959
v -0.100272 0.014661 0.077151
v -0.100387 0.014712 0.075849
v -0.100719 0.014631 0.076983
v -0.101010 0.014751 0.078041
v -0.100971 0.014618 0.076887
v -0.101289 0.014726 0.077914
v -0.101194 0.014599 0.076803
v -0.101529 0.014693 0.077807
v -0.101403 0.014553 0.076727
v -0.101736 0.014625 0.077721
v -0.101577 0.014431 0.076663
v -0.101923 0.014505 0.077650
v -0.102227 0.014610 0.078423
v -0.102099 0.014331 0.077591
v -0.102397 0.014467 0.078365
v -0.102162 0.014215 0.077556
v -0.102507 0.014356 0.078312
v -0.102009 0.014220 0.077599
v -0.102362 0.014333 0.078347
v -0.101799 0.014236 0.077683
v -0.102146 0.014348 0.078436
v -0.101581 0.014252 0.077770
v -0.101931 0.014366 0.078519
v -0.102196 0.014459 0.078995
v -0.101416 0.014167 0.076716
v -0.101193 0.014180 0.076799
v -0.101042 0.014211 0.075677
v -0.100816 0.014227 0.075753
v -0.100757 0.014340 0.074736
v -0.100517 0.014362 0.074798
v -0.100265 0.014387 0.074856
v -0.100352 0.014475 0.074140
v -0.100077 0.014509 0.074187
v -0.099755 0.014547 0.074266
v -0.099972 0.014584 0.073770
v -0.099624 0.014632 0.073848
v -0.099169 0.014687 0.074005
v -0.099508 0.014700 0.073525
v -0.099025 0.014765 0.073718
v -0.098354 0.014847 0.073918
v -0.098877 0.014844 0.073452
v -0.098214 0.014942 0.073638
v -0.097654 0.015012 0.073725
v -0.098109 0.015064 0.073372
v -0.097578 0.015146 0.073461
v -0.097211 0.015195 0.073496
v -0.097271 0.015057 0.073751
v -0.096914 0.015228 0.073518
v -0.096953 0.015091 0.073765
v -0.096642 0.015257 0.073545
v -0.096667 0.015118 0.073780
v -0.096406 0.015132 0.073814
v -0.096910 0.015446 0.073373
v -0.096638 0.015481 0.073402
v -0.096945 0.015618 0.073578
v -0.096652 0.015656 0.073599
v -0.096678 0.015702 0.073867
v -0.096430 0.015655 0.073896
v -0.096975 0.015652 0.073849
v -0.097021 0.015626 0.074118
v -0.097251 0.015563 0.073555
v -0.097303 0.015594 0.073837
v -0.097349 0.015561 0.074105
v -0.097410 0.015503 0.074412
v -0.097680 0.015528 0.073809
v -0.097730 0.015485 0.074091
v -0.097779 0.015428 0.074385
v -0.098238 0.015395 0.074031
v -0.098290 0.015333 0.074325
v -0.098974 0.015275 0.073841
v -0.099046 0.015215 0.074148
v -0.099556 0.015177 0.073622
v -0.099640 0.015127 0.073968
v -0.099687 0.015059 0.074357
v -0.100003 0.015068 0.073896
v -0.100049 0.015003 0.074302
v -0.100142 0.014893 0.074880
v -0.100389 0.014861 0.074833
v -0.100624 0.014692 0.075777
v -0.100852 0.014666 0.075724
v -0.101064 0.014620 0.075665
v -0.101243 0.014495 0.075606
v -0.101115 0.014453 0.074625
v -0.101399 0.014312 0.075546
v -0.101753 0.014257 0.076601
v -0.101439 0.014187 0.075532
v -0.101798 0.014145 0.076580
v -0.101264 0.014196 0.075600
v -0.101630 0.014154 0.076637
v -0.101171 0.014310 0.074609
v -0.100994 0.014319 0.074671
v -0.101051 0.014452 0.074045
v -0.100889 0.014417 0.074057
v -0.100614 0.014445 0.074100
v -0.100837 0.014476 0.073676
v -0.100548 0.014508 0.073703
v -0.100270 0.014542 0.073734
v -0.100507 0.014557 0.073366
v -0.100223 0.014592 0.073395
v -0.099913 0.014637 0.073425
v -0.099396 0.014756 0.073266
v -0.099252 0.014844 0.072981
v -0.098738 0.014953 0.073187
v -0.099130 0.015019 0.072736
v -0.098648 0.015141 0.072989
v -0.098058 0.015270 0.073199
v -0.098764 0.015305 0.073222
v -0.098117 0.015426 0.073423
v -0.097614 0.015507 0.073511
v -0.097557 0.015351 0.073303
v -0.097199 0.015402 0.073347
v -0.098182 0.015442 0.073734
v -0.098883 0.015315 0.073543
v -0.099292 0.015202 0.072986
v -0.099451 0.015207 0.073327
v -0.099656 0.015143 0.072802
v -0.099834 0.015143 0.073146
v -0.099948 0.015114 0.073498
v -0.099475 0.014927 0.072521
v -0.100793 0.014526 0.073338
v -0.100745 0.014580 0.072961
v -0.100890 0.014612 0.073349
v -0.100796 0.014695 0.072936
v -0.100720 0.014617 0.072684
v -0.100976 0.014530 0.073702
v -0.096269 0.015443 0.073891
v -0.100268 0.014858 0.071906
v -0.100456 0.014763 0.071976
v -0.100470 0.014973 0.071809
v -0.079717 0.014331 0.086776
v -0.079641 0.014324 0.086587
v -0.079824 0.014379 0.086482
v -0.079901 0.014345 0.086614
v -0.079649 0.014241 0.086632
v -0.079517 0.014272 0.086657
v -0.079837 0.014214 0.086561
v -0.079796 0.015113 0.073449
v -0.079990 0.015098 0.073464
v -0.079953 0.015289 0.073518
v -0.079694 0.015170 0.073488
v -0.079722 0.015050 0.073703
v -0.079930 0.014989 0.073708
v -0.079617 0.015212 0.073711
v -0.079862 0.015335 0.073749
v -0.079572 0.014160 0.086461
v -0.079465 0.014221 0.086428
v -0.079567 0.014280 0.086373
v -0.090310 0.016028 0.084754
v -0.090151 0.015961 0.084721
v -0.090110 0.016091 0.084877
v -0.090228 0.016156 0.084800
v -0.090249 0.015972 0.084476
v -0.090471 0.016032 0.084660
v -0.090196 0.015813 0.084516
v -0.079808 0.014034 0.086172
v -0.079658 0.014061 0.086242
v -0.079730 0.014139 0.086436
v -0.079893 0.014112 0.086304
v -0.079896 0.013944 0.085824
v -0.079654 0.013908 0.085842
v -0.080092 0.014020 0.085856
v -0.080277 0.013944 0.085273
v -0.080701 0.014052 0.084958
v -0.080558 0.013922 0.084702
v -0.080188 0.013804 0.084839
v -0.079902 0.013718 0.084907
v -0.079944 0.013830 0.085327
v -0.080531 0.014133 0.085570
v -0.080896 0.014211 0.085209
v -0.080272 0.014146 0.086024
v -0.079788 0.014377 0.085730
v -0.079830 0.014407 0.085983
v -0.079652 0.014328 0.086068
v -0.079620 0.014295 0.085780
v -0.079625 0.014248 0.085358
v -0.079921 0.014394 0.085335
v -0.080094 0.014499 0.085697
v -0.079575 0.014153 0.084900
v -0.079847 0.014282 0.084847
v -0.080082 0.014380 0.084765
v -0.080205 0.014490 0.085102
v -0.080346 0.014573 0.085378
v -0.089203 0.015978 0.083836
v -0.089162 0.016097 0.084004
v -0.088783 0.016165 0.083696
v -0.089000 0.015941 0.083559
v -0.089296 0.015761 0.083536
v -0.089448 0.015914 0.083924
v -0.089465 0.016046 0.084175
v -0.089877 0.016395 0.085082
v -0.089764 0.016267 0.084786
v -0.090044 0.016252 0.084905
v -0.089871 0.016180 0.085016
v -0.089339 0.016370 0.084782
v -0.089386 0.016294 0.084580
v -0.088869 0.014927 0.074141
v -0.088637 0.014852 0.074162
v -0.088713 0.014703 0.074337
v -0.088936 0.014815 0.074319
v -0.088793 0.014990 0.074345
v -0.088753 0.015042 0.074097
v -0.088576 0.015057 0.074149
v -0.088625 0.015126 0.074379
v -0.089634 0.016174 0.085000
v -0.089725 0.016426 0.085067
v -0.089275 0.016378 0.084936
v -0.089259 0.016194 0.084975
v -0.090042 0.016158 0.084724
v -0.090026 0.015986 0.084397
v -0.090244 0.015733 0.084070
v -0.090419 0.015667 0.084138
v -0.087768 0.016228 0.083337
v -0.087565 0.016116 0.082784
v -0.088147 0.015981 0.082656
v -0.088339 0.016102 0.083180
v -0.086669 0.016271 0.083252
v -0.086718 0.016196 0.082883
v -0.088625 0.016263 0.083836
v -0.088526 0.016337 0.084092
v -0.087634 0.016332 0.083740
v -0.086602 0.016326 0.083553
v -0.087567 0.016389 0.084042
v -0.086532 0.016367 0.083849
v -0.085283 0.016166 0.083742
v -0.085323 0.016136 0.083461
v -0.085373 0.016098 0.083187
v -0.084031 0.015726 0.083474
v -0.084035 0.015671 0.083195
v -0.084034 0.015600 0.082884
v -0.085425 0.016045 0.082868
v -0.084041 0.015496 0.082424
v -0.085480 0.015956 0.082341
v -0.086682 0.016051 0.082208
v -0.087382 0.015964 0.082059
v -0.085430 0.015765 0.081259
v -0.086576 0.015808 0.081035
v -0.087225 0.015713 0.080930
v -0.087767 0.015590 0.080879
v -0.087939 0.015824 0.081929
v -0.086478 0.015542 0.079687
v -0.087138 0.015438 0.079666
v -0.087653 0.015339 0.079695
v -0.088038 0.015230 0.079730
v -0.088187 0.015337 0.080873
v -0.087130 0.015220 0.078474
v -0.087565 0.015173 0.078548
v -0.087895 0.015131 0.078607
v -0.088144 0.015013 0.078621
v -0.088283 0.015025 0.079749
v -0.087495 0.015088 0.077416
v -0.087811 0.015083 0.077486
v -0.088038 0.015080 0.077548
v -0.088240 0.014931 0.077566
v -0.088325 0.014864 0.078600
v -0.087772 0.015062 0.076594
v -0.088040 0.015073 0.076648
v -0.088252 0.015014 0.076684
v -0.088432 0.014851 0.076698
v -0.088427 0.014772 0.077563
v -0.088066 0.015063 0.076015
v -0.088302 0.015067 0.076039
v -0.088479 0.014912 0.076037
v -0.088678 0.014736 0.076042
v -0.088628 0.014676 0.076707
v -0.088332 0.015086 0.075566
v -0.088527 0.014955 0.075564
v -0.088734 0.014780 0.075562
v -0.088819 0.014636 0.075561
v -0.088746 0.014593 0.076044
v -0.088566 0.014989 0.075205
v -0.088766 0.014815 0.075202
v -0.088871 0.014664 0.075203
v -0.088663 0.014587 0.075188
v -0.088610 0.014567 0.075550
v -0.088799 0.014855 0.074905
v -0.088907 0.014701 0.074894
v -0.088707 0.014617 0.074868
v -0.088457 0.014552 0.074859
v -0.088426 0.014531 0.075176
v -0.088935 0.014748 0.074599
v -0.088734 0.014650 0.074582
v -0.088445 0.014583 0.074597
v -0.088144 0.014544 0.074647
v -0.088178 0.014515 0.074886
v -0.088407 0.014638 0.074372
v -0.088094 0.014606 0.074435
v -0.087763 0.014593 0.074524
v -0.087813 0.014527 0.074738
v -0.088350 0.014792 0.074207
v -0.088046 0.014754 0.074266
v -0.087721 0.014739 0.074350
v -0.087345 0.014734 0.074446
v -0.087386 0.014585 0.074620
v -0.088023 0.014983 0.074267
v -0.087707 0.014959 0.074341
v -0.087333 0.014945 0.074419
v -0.087742 0.015047 0.074540
v -0.087368 0.015037 0.074619
v -0.086881 0.015044 0.074719
v -0.086842 0.014951 0.074514
v -0.086850 0.014733 0.074545
v -0.086096 0.014748 0.074651
v -0.086140 0.014592 0.074835
v -0.086893 0.014584 0.074724
v -0.086084 0.014973 0.074629
v -0.086105 0.015079 0.074834
v -0.085082 0.015160 0.074919
v -0.085107 0.015029 0.074708
v -0.085140 0.014790 0.074734
v -0.084144 0.014822 0.074738
v -0.084171 0.014652 0.074924
v -0.085187 0.014619 0.074920
v -0.084091 0.015054 0.074705
v -0.084007 0.015181 0.074913
v -0.083042 0.015094 0.074802
v -0.083150 0.015005 0.074597
v -0.083204 0.014789 0.074601
v -0.082386 0.014801 0.074372
v -0.082325 0.014662 0.074574
v -0.083198 0.014627 0.074803
v -0.082347 0.015001 0.074382
v -0.082216 0.015101 0.074591
v -0.081588 0.015192 0.074333
v -0.081728 0.015091 0.074101
v -0.081745 0.014889 0.074087
v -0.081252 0.015164 0.073872
v -0.081267 0.014975 0.073854
v -0.081175 0.014839 0.074067
v -0.081647 0.014759 0.074300
v -0.081068 0.014771 0.074331
v -0.081540 0.014688 0.074557
v -0.082244 0.014580 0.074820
v -0.081439 0.014631 0.074827
v -0.082158 0.014525 0.075080
v -0.083132 0.014470 0.075301
v -0.083169 0.014533 0.075042
v -0.084204 0.014500 0.075415
v -0.084188 0.014561 0.075156
v -0.085294 0.014493 0.075409
v -0.085239 0.014537 0.075159
v -0.086270 0.014481 0.075315
v -0.086202 0.014519 0.075073
v -0.086989 0.014478 0.075187
v -0.086944 0.014514 0.074950
v -0.087468 0.014482 0.075064
v -0.087429 0.014517 0.074840
v -0.087853 0.014495 0.074958
v -0.087504 0.014461 0.075296
v -0.087874 0.014475 0.075207
v -0.088170 0.014498 0.075176
v -0.087855 0.014458 0.075546
v -0.088123 0.014481 0.075538
v -0.088368 0.014513 0.075545
v -0.088048 0.014457 0.076017
v -0.088300 0.014488 0.076018
v -0.088541 0.014537 0.076029
v -0.088241 0.014451 0.076694
v -0.088484 0.014486 0.076703
v -0.088695 0.014533 0.076708
v -0.088505 0.014427 0.077564
v -0.088719 0.014461 0.077541
v -0.088635 0.014598 0.077549
v -0.088872 0.014394 0.078487
v -0.088741 0.014539 0.078521
v -0.088521 0.014707 0.078568
v -0.088933 0.014535 0.079580
v -0.088712 0.014687 0.079648
v -0.088500 0.014848 0.079712
v -0.088964 0.014744 0.080715
v -0.088716 0.014904 0.080779
v -0.088450 0.015114 0.080835
v -0.088962 0.015059 0.081763
v -0.088704 0.015250 0.081805
v -0.088388 0.015501 0.081857
v -0.088923 0.015463 0.082595
v -0.088592 0.015698 0.082606
v -0.089102 0.015638 0.083145
v -0.088760 0.015861 0.083132
v -0.089411 0.015499 0.083175
v -0.089594 0.015665 0.083600
v -0.089205 0.015289 0.082584
v -0.089492 0.015164 0.082559
v -0.089699 0.015406 0.083195
v -0.089235 0.014911 0.081709
v -0.089502 0.014783 0.081658
v -0.089768 0.015058 0.082536
v -0.089209 0.014593 0.080645
v -0.089440 0.014477 0.080581
v -0.089749 0.014677 0.081617
v -0.089123 0.014412 0.079513
v -0.089011 0.014358 0.079550
v -0.089370 0.014439 0.080614
v -0.088678 0.014372 0.078534
v -0.088421 0.014361 0.078595
v -0.088722 0.014365 0.079646
v -0.088259 0.014405 0.077586
v -0.088009 0.014393 0.077599
v -0.088167 0.014370 0.078641
v -0.087990 0.014429 0.076684
v -0.087725 0.014418 0.076676
v -0.087744 0.014389 0.077608
v -0.087798 0.014441 0.076015
v -0.087510 0.014431 0.076023
v -0.087458 0.014415 0.076673
v -0.087527 0.014445 0.075589
v -0.087076 0.014441 0.075700
v -0.087110 0.014429 0.076072
v -0.087029 0.014455 0.075433
v -0.086342 0.014458 0.075567
v -0.086412 0.014443 0.075831
v -0.085427 0.014445 0.075924
v -0.085518 0.014435 0.076248
v -0.086489 0.014433 0.076159
v -0.085355 0.014463 0.075664
v -0.084221 0.014455 0.075678
v -0.084240 0.014419 0.075952
v -0.083047 0.014358 0.075856
v -0.082987 0.014280 0.076262
v -0.084262 0.014383 0.076299
v -0.083090 0.014416 0.075569
v -0.082069 0.014470 0.075350
v -0.081986 0.014402 0.075646
v -0.081234 0.014485 0.075443
v -0.081144 0.014337 0.075967
v -0.081887 0.014288 0.076103
v -0.081339 0.014570 0.075106
v -0.080853 0.014645 0.074906
v -0.080762 0.014536 0.075318
v -0.080961 0.014713 0.074605
v -0.080600 0.014766 0.074445
v -0.080508 0.014685 0.074789
v -0.080705 0.014828 0.074161
v -0.080393 0.014864 0.074055
v -0.080307 0.014795 0.074358
v -0.080812 0.014902 0.073895
v -0.080487 0.014943 0.073782
v -0.080189 0.014962 0.073728
v -0.080112 0.014886 0.074006
v -0.080903 0.015038 0.073679
v -0.080570 0.015077 0.073554
v -0.080252 0.015094 0.073502
v -0.080568 0.015280 0.073583
v -0.080239 0.015306 0.073533
v -0.080464 0.015375 0.073849
v -0.080150 0.015386 0.073785
v -0.080347 0.015384 0.074123
v -0.080058 0.015378 0.074064
v -0.079779 0.015328 0.074036
v -0.079981 0.015321 0.074389
v -0.079725 0.015267 0.074365
v -0.079507 0.015128 0.074337
v -0.079541 0.015190 0.074012
v -0.079588 0.014949 0.074317
v -0.079638 0.015010 0.073995
v -0.079805 0.014853 0.074313
v -0.079860 0.014923 0.073994
v -0.080047 0.014815 0.074321
v -0.079759 0.014757 0.074694
v -0.079996 0.014719 0.074707
v -0.080238 0.014703 0.074735
v -0.079932 0.014574 0.075212
v -0.080176 0.014564 0.075233
v -0.080439 0.014555 0.075261
v -0.080094 0.014361 0.075886
v -0.080365 0.014364 0.075888
v -0.080679 0.014361 0.075905
v -0.080264 0.014100 0.076738
v -0.080579 0.014112 0.076725
v -0.081052 0.014119 0.076729
v -0.080501 0.013815 0.077801
v -0.080971 0.013846 0.077788
v -0.081704 0.013898 0.077808
v -0.081787 0.014118 0.076791
v -0.082914 0.014051 0.077849
v -0.082931 0.014174 0.076875
v -0.084357 0.014349 0.077809
v -0.084293 0.014348 0.076815
v -0.085812 0.014457 0.077692
v -0.085637 0.014434 0.076732
v -0.086713 0.014428 0.077623
v -0.086582 0.014425 0.076686
v -0.087143 0.014408 0.077613
v -0.087113 0.014417 0.076670
v -0.087472 0.014395 0.077612
v -0.087330 0.014431 0.078769
v -0.087642 0.014405 0.078725
v -0.087906 0.014383 0.078684
v -0.087938 0.014480 0.079859
v -0.088205 0.014436 0.079791
v -0.088462 0.014396 0.079723
v -0.088565 0.014584 0.080893
v -0.088826 0.014526 0.080807
v -0.089094 0.014474 0.080712
v -0.089160 0.014755 0.081844
v -0.089425 0.014687 0.081750
v -0.089698 0.014638 0.081657
v -0.089670 0.014979 0.082656
v -0.089948 0.014930 0.082572
v -0.090015 0.014973 0.082516
v -0.090101 0.015211 0.083253
v -0.090199 0.015259 0.083199
v -0.089974 0.015323 0.083200
v -0.090329 0.015483 0.083691
v -0.090123 0.015533 0.083676
v -0.089862 0.015599 0.083649
v -0.089980 0.015791 0.084037
v -0.089726 0.015841 0.083996
v -0.089761 0.016014 0.084311
v -0.089744 0.016163 0.084564
v -0.089437 0.016176 0.084397
v -0.089045 0.016318 0.084361
v -0.089107 0.016216 0.084169
v -0.088963 0.016367 0.084586
v -0.088440 0.016377 0.084339
v -0.088883 0.016367 0.084799
v -0.088367 0.016368 0.084590
v -0.087519 0.016395 0.084335
v -0.086473 0.016379 0.084142
v -0.088325 0.016245 0.084763
v -0.087484 0.016327 0.084584
v -0.086430 0.016317 0.084429
v -0.085224 0.016129 0.084305
v -0.085248 0.016176 0.084023
v -0.087488 0.016078 0.084589
v -0.086420 0.016078 0.084511
v -0.085233 0.015938 0.084449
v -0.084081 0.015632 0.084476
v -0.084040 0.015761 0.084288
v -0.086433 0.015886 0.084316
v -0.085239 0.015738 0.084278
v -0.084082 0.015431 0.084316
v -0.083046 0.015074 0.084468
v -0.083065 0.015257 0.084603
v -0.085221 0.015617 0.084023
v -0.084029 0.015304 0.084066
v -0.082959 0.014937 0.084238
v -0.082051 0.014602 0.084540
v -0.082183 0.014753 0.084755
v -0.083966 0.015199 0.083819
v -0.082855 0.014813 0.084002
v -0.081899 0.014455 0.084321
v -0.081208 0.014211 0.084652
v -0.081384 0.014362 0.084877
v -0.082747 0.014681 0.083772
v -0.081738 0.014304 0.084100
v -0.081037 0.014068 0.084436
v -0.081572 0.014148 0.083884
v -0.080886 0.013920 0.084180
v -0.080436 0.013772 0.084335
v -0.080129 0.013667 0.084384
v -0.080753 0.013722 0.083727
v -0.080391 0.013587 0.083757
v -0.080099 0.013488 0.083762
v -0.079804 0.013403 0.083772
v -0.079845 0.013580 0.084423
v -0.080377 0.013385 0.082913
v -0.080086 0.013303 0.082895
v -0.079803 0.013237 0.082884
v -0.079530 0.013188 0.082879
v -0.079510 0.013345 0.083778
v -0.080054 0.013223 0.081745
v -0.079783 0.013177 0.081739
v -0.079518 0.013145 0.081740
v -0.079253 0.013154 0.081751
v -0.079245 0.013175 0.082872
v -0.079702 0.013269 0.080451
v -0.079439 0.013259 0.080461
v -0.079182 0.013296 0.080482
v -0.079041 0.013460 0.080525
v -0.079114 0.013276 0.081774
v -0.079374 0.013477 0.079137
v -0.079132 0.013536 0.079161
v -0.078967 0.013692 0.079197
v -0.079154 0.013861 0.079226
v -0.079236 0.013591 0.080540
v -0.079145 0.013854 0.077903
v -0.078981 0.014016 0.077925
v -0.079174 0.014180 0.077958
v -0.079434 0.014252 0.077970
v -0.079417 0.013934 0.079234
v -0.079111 0.014402 0.076774
v -0.079313 0.014520 0.076807
v -0.079561 0.014586 0.076824
v -0.079819 0.014627 0.076830
v -0.079692 0.014292 0.077970
v -0.079484 0.014820 0.075922
v -0.079731 0.014879 0.075945
v -0.079990 0.014915 0.075957
v -0.080259 0.014938 0.075957
v -0.080084 0.014658 0.076826
v -0.079860 0.015093 0.075282
v -0.080108 0.015117 0.075310
v -0.080366 0.015132 0.075326
v -0.080647 0.015135 0.075339
v -0.080539 0.014953 0.075953
v -0.080169 0.015254 0.074809
v -0.080437 0.015258 0.074847
v -0.080758 0.015236 0.074919
v -0.081173 0.015178 0.075103
v -0.081023 0.015106 0.075427
v -0.080533 0.015329 0.074497
v -0.080882 0.015288 0.074634
v -0.081310 0.015215 0.074833
v -0.081919 0.015118 0.075069
v -0.081759 0.015088 0.075327
v -0.081006 0.015304 0.074370
v -0.081443 0.015223 0.074579
v -0.082071 0.015126 0.074825
v -0.082923 0.015099 0.075046
v -0.082800 0.015074 0.075294
v -0.083838 0.015164 0.075431
v -0.083750 0.015124 0.075691
v -0.082668 0.015035 0.075552
v -0.083923 0.015195 0.075170
v -0.085051 0.015177 0.075170
v -0.085018 0.015165 0.075431
v -0.086165 0.015093 0.075330
v -0.086203 0.015087 0.075588
v -0.084986 0.015152 0.075696
v -0.086133 0.015098 0.075082
v -0.086917 0.015056 0.074957
v -0.086946 0.015052 0.075200
v -0.087437 0.015038 0.075072
v -0.087477 0.015032 0.075310
v -0.086976 0.015045 0.075450
v -0.087404 0.015042 0.074851
v -0.087788 0.015051 0.074755
v -0.087822 0.015045 0.074973
v -0.088137 0.015068 0.074917
v -0.088131 0.015062 0.075202
v -0.087843 0.015040 0.075224
v -0.088110 0.015077 0.074675
v -0.088388 0.015112 0.074642
v -0.088391 0.015103 0.074903
v -0.088061 0.015069 0.074468
v -0.088352 0.015103 0.074412
v -0.088621 0.015071 0.074626
v -0.088314 0.015018 0.074214
v -0.088807 0.014916 0.074614
v -0.088601 0.015021 0.074906
v -0.088372 0.015093 0.075206
v -0.088105 0.015060 0.075555
v -0.087797 0.015046 0.075980
v -0.087835 0.015039 0.075549
v -0.087508 0.015036 0.075965
v -0.087510 0.015030 0.075577
v -0.087078 0.015042 0.076018
v -0.087028 0.015040 0.075702
v -0.086297 0.015085 0.076135
v -0.086250 0.015083 0.075856
v -0.084927 0.015139 0.076260
v -0.084954 0.015142 0.075963
v -0.083529 0.015032 0.076303
v -0.083650 0.015080 0.075972
v -0.082338 0.014903 0.076182
v -0.082526 0.014982 0.075820
v -0.081385 0.014934 0.076029
v -0.081599 0.015039 0.075591
v -0.080874 0.014954 0.075969
v -0.081170 0.014732 0.076777
v -0.080687 0.014717 0.076768
v -0.080353 0.014684 0.076812
v -0.080571 0.014404 0.077922
v -0.080226 0.014359 0.077952
v -0.079953 0.014326 0.077963
v -0.080226 0.014054 0.079233
v -0.079946 0.014013 0.079233
v -0.079678 0.013976 0.079235
v -0.080026 0.013758 0.080551
v -0.079755 0.013711 0.080547
v -0.079491 0.013659 0.080544
v -0.079829 0.013547 0.081795
v -0.079567 0.013479 0.081785
v -0.079312 0.013400 0.081780
v -0.079546 0.013557 0.082867
v -0.079292 0.013448 0.082859
v -0.079094 0.013315 0.082859
v -0.079226 0.013657 0.083726
v -0.079023 0.013493 0.083748
v -0.079205 0.013351 0.083773
v -0.079067 0.013689 0.084477
v -0.079252 0.013541 0.084491
v -0.079551 0.013523 0.084465
v -0.079336 0.013677 0.085021
v -0.079612 0.013668 0.084967
v -0.079403 0.013800 0.085473
v -0.079652 0.013777 0.085415
v -0.079447 0.013929 0.085868
v -0.079308 0.014039 0.085854
v -0.079373 0.014143 0.086172
v -0.079498 0.014067 0.086215
v -0.079258 0.013943 0.085465
v -0.079397 0.014114 0.085412
v -0.079439 0.014179 0.085805
v -0.079169 0.013832 0.085015
v -0.079329 0.014020 0.084957
v -0.079253 0.013868 0.084427
v -0.079510 0.014002 0.084382
v -0.079773 0.014127 0.084347
v -0.079490 0.013785 0.083716
v -0.079760 0.013910 0.083715
v -0.080027 0.014035 0.083723
v -0.080017 0.014233 0.084313
v -0.079811 0.013657 0.082880
v -0.080081 0.013762 0.082903
v -0.080374 0.013888 0.082935
v -0.080327 0.014165 0.083706
v -0.080103 0.013619 0.081814
v -0.080394 0.013700 0.081844
v -0.080811 0.013832 0.081868
v -0.080764 0.014059 0.082968
v -0.080305 0.013813 0.080548
v -0.080714 0.013901 0.080568
v -0.081286 0.014056 0.080586
v -0.081373 0.014051 0.081889
v -0.080596 0.014110 0.079233
v -0.081130 0.014208 0.079246
v -0.082037 0.014452 0.079234
v -0.082288 0.014458 0.080559
v -0.081067 0.014462 0.077910
v -0.081887 0.014584 0.077888
v -0.083327 0.014952 0.077667
v -0.083506 0.015047 0.078899
v -0.082062 0.014772 0.076827
v -0.083382 0.014973 0.076816
v -0.084899 0.015149 0.076639
v -0.084917 0.015220 0.077337
v -0.086383 0.015160 0.077251
v -0.086416 0.015313 0.078406
v -0.085034 0.015394 0.078499
v -0.086346 0.015101 0.076530
v -0.087090 0.015061 0.076509
v -0.087108 0.015105 0.077340
v -0.087469 0.015054 0.076547
v -0.085242 0.015581 0.079878
v -0.083807 0.015185 0.080232
v -0.083994 0.015331 0.081540
v -0.082484 0.014591 0.081819
v -0.082625 0.014852 0.082665
v -0.081397 0.014315 0.082911
v -0.082700 0.015030 0.083083
v -0.081490 0.014568 0.083400
v -0.080742 0.014310 0.083606
v -0.081613 0.014738 0.083700
v -0.080819 0.014505 0.084019
v -0.080337 0.014359 0.084226
v -0.080922 0.014624 0.084271
v -0.080432 0.014492 0.084570
v -0.081061 0.014732 0.084513
v -0.080558 0.014594 0.084836
v -0.081215 0.014816 0.084753
v -0.080702 0.014674 0.085076
v -0.081394 0.014853 0.085002
v -0.080885 0.014711 0.085322
v -0.080500 0.014609 0.085623
v -0.081078 0.014647 0.085523
v -0.080661 0.014581 0.085815
v -0.080339 0.014503 0.086100
v -0.080200 0.014523 0.085913
v -0.080055 0.014437 0.086332
v -0.079925 0.014436 0.086181
v -0.079728 0.014368 0.086296
v -0.079489 0.014237 0.086126
v -0.080389 0.014332 0.086142
v -0.080133 0.014326 0.086432
v -0.080026 0.014194 0.086376
v -0.080697 0.014343 0.085800
v -0.081061 0.014396 0.085436
v -0.081540 0.014531 0.085096
v -0.081572 0.014774 0.085205
v -0.082220 0.014965 0.084881
v -0.082084 0.015062 0.084680
v -0.082980 0.015375 0.084416
v -0.081947 0.015037 0.084420
v -0.082911 0.015372 0.084149
v -0.084024 0.015786 0.084016
v -0.081831 0.014964 0.084175
v -0.082856 0.015322 0.083888
v -0.084024 0.015766 0.083746
v -0.082807 0.015247 0.083632
v -0.081721 0.014859 0.083933
v -0.082761 0.015154 0.083377
v -0.081131 0.015277 0.074113
v -0.080651 0.015358 0.074222
v -0.080775 0.015338 0.073956
v -0.080893 0.015232 0.073702
v -0.080245 0.015340 0.074424
v -0.079923 0.015230 0.074782
v -0.079613 0.015033 0.075247
v -0.079680 0.015172 0.074751
v -0.079394 0.014908 0.075207
v -0.079467 0.015043 0.074714
v -0.079481 0.014711 0.075195
v -0.079547 0.014856 0.074696
v -0.079694 0.014609 0.075200
v -0.079367 0.014495 0.075877
v -0.079588 0.014394 0.075880
v -0.079836 0.014364 0.075885
v -0.079464 0.014106 0.076767
v -0.079723 0.014084 0.076761
v -0.079989 0.014088 0.076753
v -0.079641 0.013761 0.077867
v -0.079909 0.013771 0.077850
v -0.080187 0.013791 0.077829
v -0.079903 0.013486 0.079106
v -0.080180 0.013512 0.079093
v -0.080486 0.013544 0.079082
v -0.080246 0.013336 0.080445
v -0.080546 0.013382 0.080451
v -0.080996 0.013461 0.080470
v -0.080944 0.013596 0.079084
v -0.081805 0.013642 0.080505
v -0.081703 0.013707 0.079116
v -0.083198 0.014074 0.080501
v -0.082999 0.013996 0.079161
v -0.084823 0.014575 0.080384
v -0.084529 0.014427 0.079106
v -0.086330 0.014681 0.080187
v -0.086018 0.014532 0.078937
v -0.087228 0.014590 0.080017
v -0.086933 0.014470 0.078821
v -0.087623 0.014531 0.079934
v -0.087592 0.014802 0.081197
v -0.087981 0.014720 0.081081
v -0.088293 0.014648 0.080982
v -0.088305 0.014990 0.082159
v -0.088622 0.014906 0.082043
v -0.088893 0.014830 0.081942
v -0.088851 0.015184 0.082899
v -0.089130 0.015115 0.082817
v -0.089404 0.015045 0.082734
v -0.089279 0.015333 0.083390
v -0.089549 0.015284 0.083344
v -0.089817 0.015238 0.083305
v -0.089644 0.015473 0.083791
v -0.089908 0.015441 0.083771
v -0.090200 0.015423 0.083741
v -0.089959 0.015613 0.084148
v -0.090220 0.015613 0.084136
v -0.089952 0.015778 0.084461
v -0.089678 0.015773 0.084428
v -0.089652 0.015902 0.084661
v -0.089924 0.015911 0.084696
v -0.089685 0.015633 0.084145
v -0.089381 0.015649 0.084133
v -0.089358 0.015773 0.084390
v -0.089364 0.015508 0.083814
v -0.089006 0.015536 0.083813
v -0.088988 0.015655 0.084087
v -0.088964 0.015382 0.083431
v -0.088524 0.015427 0.083435
v -0.088509 0.015554 0.083756
v -0.088462 0.015258 0.082972
v -0.087856 0.015330 0.082989
v -0.087778 0.015482 0.083396
v -0.087834 0.015083 0.082253
v -0.086631 0.015195 0.082341
v -0.086573 0.015384 0.082932
v -0.086598 0.014935 0.081430
v -0.085012 0.014802 0.081561
v -0.085067 0.015032 0.082383
v -0.083657 0.014625 0.082561
v -0.083752 0.014833 0.083023
v -0.085094 0.015210 0.082912
v -0.083464 0.014311 0.081700
v -0.082002 0.013758 0.081855
v -0.082278 0.014079 0.082771
v -0.081213 0.013676 0.082950
v -0.081379 0.013943 0.083572
v -0.082490 0.014355 0.083237
v -0.081097 0.013471 0.081838
v -0.080635 0.013346 0.081789
v -0.080680 0.013482 0.082943
v -0.080335 0.013279 0.081759
v -0.079970 0.013300 0.080446
v -0.079636 0.013471 0.079121
v -0.079383 0.013778 0.077885
v -0.079233 0.014200 0.076774
v -0.079282 0.014704 0.075884
v -0.082632 0.014538 0.083536
v -0.083829 0.014974 0.083324
v -0.083899 0.015092 0.083573
v -0.085159 0.015429 0.083509
v -0.085129 0.015332 0.083247
v -0.086499 0.015588 0.083547
v -0.086538 0.015502 0.083286
v -0.087712 0.015579 0.083651
v -0.086474 0.015675 0.083804
v -0.087639 0.015673 0.083899
v -0.088465 0.015657 0.084003
v -0.087574 0.015768 0.084143
v -0.088424 0.015758 0.084240
v -0.088951 0.015766 0.084327
v -0.088382 0.015873 0.084463
v -0.088917 0.015879 0.084542
v -0.089322 0.015896 0.084613
v -0.088881 0.016021 0.084742
v -0.089288 0.016026 0.084802
v -0.089626 0.016028 0.084847
v -0.089893 0.016044 0.084874
v -0.088850 0.016213 0.084888
v -0.088344 0.016032 0.084664
v -0.087522 0.015884 0.084382
v -0.086452 0.015765 0.084063
v -0.085192 0.015523 0.083767
vn -0.028800 0.996300 -0.080400
vn -0.002100 0.993800 -0.111000
vn 0.042600 0.990500 -0.130900
vn 0.039200 0.993700 -0.105200
vn -0.036900 0.986400 -0.160100
vn -0.118600 0.980500 -0.156600
vn -0.300800 0.926900 -0.224600
vn -0.134400 0.987000 -0.087600
vn -0.159400 0.986400 -0.040800
vn -0.101100 0.993300 -0.055600
vn -0.059600 0.994400 -0.087200
vn -0.844000 0.494000 0.209000
vn -0.565400 -0.096700 0.819100
vn -0.622800 0.251900 0.740700
vn -0.751100 0.617400 0.233700
vn -0.713600 0.618200 -0.329500
vn -0.904300 0.424700 -0.042300
vn -0.732600 -0.107300 0.672200
vn -0.676600 0.628700 -0.383500
vn 0.832300 0.112800 -0.542700
vn 0.538700 0.527700 -0.656700
vn 0.855800 -0.017700 -0.517000
vn 0.775400 -0.516100 -0.363900
vn 0.600600 -0.778500 -0.182200
vn 0.600200 -0.430100 -0.674300
vn 0.200700 0.503600 -0.840300
vn -0.329200 0.829100 -0.451900
vn 0.476600 -0.176900 -0.861200
vn -0.140600 0.747200 -0.649500
vn 0.680600 -0.691700 -0.241600
vn -0.218600 -0.080600 -0.972500
vn -0.516000 0.642100 -0.567100
vn 0.324400 -0.945400 0.030200
vn 0.390100 -0.900900 -0.190200
vn 0.107700 -0.994100 -0.011700
vn 0.083500 -0.995800 0.036300
vn 0.098500 -0.993900 0.050100
vn 0.130300 -0.991500 0.000800
vn 0.079300 -0.996800 -0.010900
vn 0.067600 -0.997500 0.021700
vn 0.141400 -0.989700 -0.023600
vn 0.124500 -0.991900 -0.026100
vn 0.074500 -0.996900 -0.023800
vn 0.056000 -0.998300 -0.016000
vn 0.089900 -0.995800 -0.017900
vn -0.051500 0.998600 0.013700
vn -0.066200 0.997300 0.032800
vn -0.022600 0.997900 0.060200
vn -0.044700 0.998600 0.027700
vn -0.025100 0.999300 0.029000
vn -0.069000 0.996400 0.050100
vn -0.002500 1.000000 -0.001000
vn 0.018100 0.999800 0.005800
vn -0.044600 0.999000 0.008300
vn -0.058400 0.998300 -0.002500
vn -0.024600 0.999700 -0.006300
vn 0.157100 -0.987400 -0.016900
vn 0.150600 -0.988500 -0.013800
vn 0.145000 -0.989400 0.011300
vn 0.028100 0.990800 0.132100
vn -0.053400 0.988800 0.139500
vn 0.109600 0.961700 0.251100
vn 0.191900 0.954300 0.229200
vn 0.015700 0.996700 0.079600
vn -0.080400 0.995200 0.055000
vn 0.200100 0.964400 0.173000
vn 0.103500 0.797100 -0.594900
vn -0.206700 0.803200 -0.558800
vn 0.459400 0.728700 -0.507900
vn 0.712700 0.422200 -0.560200
vn -0.497800 0.773200 -0.393000
vn -0.504100 0.799100 -0.327700
vn -0.465300 0.831700 -0.302800
vn -0.177400 0.915600 -0.360900
vn -0.134200 -0.226500 -0.964700
vn -0.853200 0.289200 -0.434000
vn -0.554700 0.706000 -0.440300
vn -0.503100 0.769700 -0.392900
vn 0.391600 -0.920100 -0.010100
vn 0.070700 -0.951900 -0.298100
vn -0.693900 -0.415700 -0.588000
vn 0.086200 -0.991500 0.097000
vn -0.244200 -0.969000 0.038600
vn -0.927100 -0.221600 0.302300
vn -0.471600 -0.621100 0.626000
vn -0.969300 -0.245500 -0.013100
vn -0.301700 -0.848300 0.435200
vn -0.751100 0.532100 -0.390800
vn -0.386400 -0.501800 0.773900
vn -0.483100 0.648300 0.588500
vn -0.203700 0.974300 0.096600
vn -0.510300 0.859300 0.034100
vn -0.419400 0.850900 -0.316400
vn -0.010300 0.981000 -0.193900
vn 0.732400 0.268200 -0.625800
vn 0.433000 0.105300 -0.895200
vn 0.263100 0.954300 -0.141700
vn 0.606300 0.795300 -0.000900
vn 0.771400 -0.548100 -0.323300
vn 0.339700 -0.840300 -0.422500
vn 0.161300 -0.982200 0.096200
vn 0.160500 -0.983100 0.087900
vn 0.132200 -0.988600 0.071600
vn 0.180500 -0.980600 0.076300
vn 0.165600 -0.983300 0.075300
vn 0.124500 -0.988100 0.089900
vn 0.123000 -0.986000 0.112900
vn 0.208500 -0.976200 0.060200
vn 0.127700 -0.983400 0.128800
vn 0.157000 -0.980300 0.119700
vn 0.166400 -0.979600 0.112400
vn -0.547900 0.086200 0.832100
vn -0.451300 -0.363800 0.814900
vn -0.458600 -0.432900 0.776100
vn -0.562900 0.001600 0.826500
vn -0.466600 0.713700 0.522400
vn -0.128000 0.991400 -0.028400
vn -0.597800 0.020500 0.801400
vn -0.457000 0.782400 0.423000
vn -0.095600 0.989800 -0.105900
vn 0.011700 0.971700 -0.236100
vn 0.011300 0.976100 -0.217100
vn -0.430600 0.843000 0.322300
vn -0.073500 0.987600 -0.138700
vn 0.012700 0.970700 -0.239900
vn 0.031600 0.963600 -0.265600
vn 0.037000 0.962500 -0.268900
vn -0.044100 0.993300 -0.106500
vn 0.039100 0.979700 -0.196800
vn 0.049300 0.974900 -0.217200
vn 0.020800 0.979100 -0.202100
vn 0.009600 0.968800 -0.247500
vn 0.069700 0.990200 -0.120700
vn 0.072300 0.988400 -0.133300
vn 0.043400 0.991600 -0.121500
vn -0.011000 0.996300 -0.085200
vn -0.042400 0.987600 -0.151100
vn 0.068900 0.995200 -0.069900
vn 0.041400 0.997400 -0.058800
vn -0.000500 0.999400 -0.033900
vn -0.031300 0.999500 0.004500
vn -0.077100 0.996900 -0.013200
vn 0.012800 0.999600 -0.025000
vn -0.014600 0.999800 -0.015600
vn -0.020800 0.999800 -0.007100
vn 0.005000 1.000000 -0.002700
vn -0.009300 0.999800 0.019800
vn -0.036200 0.999200 -0.014100
vn -0.028100 0.999300 -0.023200
vn -0.004200 0.999700 -0.023400
vn 0.010200 0.999700 -0.020300
vn 0.030500 0.999500 -0.009800
vn -0.040600 0.998400 -0.039000
vn -0.018100 0.999100 -0.038600
vn -0.010400 0.999500 -0.030300
vn -0.017300 0.999400 -0.031300
vn 0.007500 0.999600 -0.028500
vn 0.053300 0.998500 -0.014000
vn 0.066600 0.997800 0.004900
vn 0.030800 0.999500 0.002200
vn -0.025200 0.999500 -0.018800
vn -0.028300 0.998800 -0.039200
vn 0.290500 0.951300 0.103500
vn 0.270500 0.955400 0.118600
vn 0.219100 0.970200 0.103800
vn 0.154900 0.984700 0.080100
vn -0.075000 0.996600 -0.034500
vn 0.427000 0.884800 0.186300
vn 0.430600 0.880200 0.199400
vn 0.418200 0.886300 0.199100
vn 0.392700 0.898100 0.198100
vn 0.104600 0.991700 0.074600
vn 0.426900 0.883000 0.195400
vn 0.440000 0.873500 0.208400
vn 0.448400 0.866100 0.220700
vn 0.452500 0.857900 0.243400
vn 0.337400 0.925500 0.172000
vn 0.942700 0.119800 0.311200
vn 0.954600 0.180600 0.236800
vn 0.956100 0.245000 0.160900
vn 0.945900 0.314100 0.081800
vn 0.545300 -0.837400 0.036200
vn 0.620700 -0.780500 -0.074700
vn 0.207700 -0.977800 -0.027700
vn 0.265600 -0.956200 -0.123300
vn 0.160600 -0.986900 -0.016700
vn 0.219900 -0.970000 -0.103400
vn 0.307500 -0.852100 -0.423400
vn 0.316600 0.070300 -0.946000
vn 0.175000 -0.980500 -0.089400
vn 0.288300 -0.860300 -0.420400
vn 0.316700 0.047200 -0.947400
vn -0.013100 0.907200 -0.420400
vn 0.053000 0.928600 -0.367300
vn 0.252100 -0.870700 -0.422300
vn 0.315600 0.068100 -0.946400
vn 0.014100 0.915400 -0.402400
vn 0.305500 0.087400 -0.948200
vn 0.035100 0.919400 -0.391800
vn -0.041800 0.991200 -0.125900
vn -0.080500 0.991600 -0.101300
vn -0.126200 0.988100 -0.087900
vn -0.066500 0.996600 -0.049500
vn -0.114500 0.992800 -0.035100
vn 0.037700 0.999300 0.008400
vn -0.043600 0.998100 -0.043500
vn -0.032300 0.996900 -0.071100
vn -0.016900 0.998400 -0.053400
vn -0.003800 0.999100 -0.041800
vn 0.008900 0.996900 -0.078000
vn 0.024000 0.998100 -0.056200
vn 0.034100 0.998900 -0.031600
vn 0.044700 0.994900 -0.090600
vn 0.052000 0.997300 -0.052600
vn 0.036300 0.999300 -0.007100
vn 0.050600 0.994500 -0.091400
vn 0.005300 0.999600 -0.027900
vn -0.069600 0.997300 0.021200
vn -0.062500 0.996100 -0.061900
vn -0.153400 0.988200 0.001300
vn -0.137900 0.989300 -0.047100
vn -0.199100 0.980000 0.003700
vn -0.160700 0.985000 -0.062100
vn -0.053800 0.981500 -0.183700
vn -0.129500 0.989400 -0.065900
vn -0.028400 0.982100 -0.186500
vn 0.023400 0.967600 -0.251500
vn 0.006400 0.983500 -0.180900
vn 0.040300 0.969000 -0.243600
vn 0.044800 0.964600 -0.259800
vn 0.055100 0.970500 -0.234600
vn 0.040700 0.969700 -0.240700
vn -0.267200 0.912500 -0.309800
vn -0.292900 0.895000 -0.336300
vn -0.656200 0.670100 -0.347100
vn -0.654900 0.637400 -0.406000
vn -0.718300 0.602800 -0.347300
vn -0.683300 0.605200 -0.408400
vn -0.809900 0.456800 -0.368000
vn -0.888600 0.338500 -0.309600
vn -0.738100 -0.664100 -0.119000
vn -0.844600 -0.535400 -0.001800
vn -0.751100 0.594000 -0.288100
vn -0.766700 0.580800 -0.273500
vn -0.920300 0.238900 -0.309800
vn -0.657900 0.700700 -0.275800
vn -0.642800 0.725300 -0.246400
vn -0.625300 0.735200 -0.261800
vn -0.745600 0.593800 -0.302500
vn -0.261800 0.937700 -0.228400
vn -0.261800 0.953000 -0.152200
vn -0.306000 0.945800 -0.108600
vn -0.364400 0.926000 -0.098900
vn -0.623700 0.737200 -0.259900
vn -0.026200 0.996500 -0.079100
vn -0.142600 0.989800 -0.002100
vn -0.204400 0.978900 0.000100
vn -0.393200 0.910100 -0.131100
vn -0.171900 0.985000 0.015900
vn -0.178300 0.984000 0.000800
vn -0.194400 0.980700 0.018200
vn -0.146900 0.988900 -0.023700
vn -0.115100 0.991600 -0.059600
vn -0.027400 0.991400 -0.127700
vn 0.016400 0.987800 -0.154800
vn 0.016300 0.991600 -0.128500
vn 0.046200 0.986500 -0.157000
vn 0.059000 0.983000 -0.174100
vn 0.043300 0.983900 -0.173200
vn 0.058600 0.990000 -0.128500
vn 0.059000 0.986700 -0.151300
vn 0.063200 0.982100 -0.177200
vn 0.074700 0.977100 -0.199000
vn 0.034000 0.992500 -0.117800
vn 0.026500 0.988900 -0.146500
vn 0.031900 0.978700 -0.202600
vn 0.083100 0.969800 -0.229200
vn -0.005900 0.994500 -0.104400
vn -0.011200 0.986700 -0.162200
vn 0.059200 0.917000 -0.394500
vn 0.109000 0.908400 -0.403500
vn 0.395400 0.063700 -0.916300
vn 0.507600 0.030300 -0.861000
vn 0.185300 0.889500 -0.417700
vn 0.323800 0.090000 -0.941800
vn 0.202700 -0.900700 -0.384300
vn 0.212300 -0.916700 -0.338500
vn 0.217900 -0.884100 -0.413500
vn 0.124800 -0.989000 -0.079200
vn 0.084400 -0.994800 -0.057100
vn 0.063400 -0.997600 -0.028500
vn 0.038100 -0.999200 0.014400
vn 0.022800 -0.999100 0.036400
vn 0.014600 -0.997700 0.065900
vn 0.055200 -0.998500 0.001200
vn 0.024400 -0.995200 0.095100
vn 0.065600 -0.997300 0.032800
vn 0.249300 -0.925800 -0.284100
vn 0.095400 -0.993700 0.059500
vn 0.286400 -0.928600 -0.235900
vn 0.583400 -0.053300 -0.810400
vn 0.253100 0.848000 -0.465600
vn 0.323200 -0.922900 -0.209400
vn 0.647000 -0.165000 -0.744500
vn 0.348800 0.780000 -0.519500
vn 0.133300 0.954400 -0.267100
vn 0.109700 0.960900 -0.254300
vn 0.728400 -0.254500 -0.636100
vn 0.500200 0.687400 -0.526600
vn 0.199000 0.946800 -0.252900
vn 0.094800 0.982200 -0.162400
vn 0.073400 0.977000 -0.200000
vn 0.651300 0.552900 -0.519800
vn 0.289300 0.917800 -0.271800
vn 0.116300 0.981800 -0.150300
vn 0.424500 0.830900 -0.359700
vn 0.162700 0.962200 -0.218200
vn 0.238800 0.912000 -0.333500
vn 0.746200 0.403500 -0.529500
vn 0.789500 -0.304100 -0.533100
vn 0.829200 -0.255600 -0.497200
vn 0.446000 -0.875400 -0.186600
vn 0.601600 -0.759100 -0.248600
vn 0.203200 -0.978700 0.029400
vn 0.316100 -0.948600 -0.017300
vn 0.367000 -0.910500 -0.190400
vn 0.150400 -0.987600 0.044500
vn 0.125600 -0.990200 0.061300
vn 0.091900 -0.988900 0.116800
vn 0.057700 -0.991200 0.119200
vn 0.045900 -0.988800 0.142200
vn 0.086200 -0.986500 0.139400
vn 0.048300 -0.987900 0.147700
vn 0.094300 -0.984600 0.147200
vn 0.064600 -0.988200 0.138800
vn 0.115800 -0.983100 0.141600
vn 0.147100 -0.980700 0.128600
vn 0.170800 -0.981000 0.091700
vn 0.190800 -0.978600 0.077000
vn 0.193900 -0.978500 0.069900
vn 0.169900 -0.978000 0.121300
vn 0.177800 -0.981600 0.070200
vn 0.175300 -0.977800 0.114700
vn 0.138700 -0.987900 0.069100
vn 0.140800 -0.985500 0.094800
vn 0.114000 -0.989900 0.084100
vn 0.075500 -0.995900 0.049600
vn 0.008000 -0.999600 0.026600
vn -0.063900 -0.998000 0.002200
vn -0.155900 -0.986900 -0.042300
vn -0.318100 -0.946400 -0.056200
vn 0.017200 -0.998700 0.048400
vn -0.814000 -0.498200 -0.298800
vn -0.886500 -0.333500 -0.320700
vn -0.944900 -0.026700 -0.326200
vn -0.935000 0.128900 -0.330400
vn -0.489900 -0.870900 -0.039200
vn -0.697000 0.658900 -0.283000
vn -0.609900 0.735700 -0.294400
vn -0.579100 0.747700 -0.324900
vn -0.576300 0.733000 -0.361400
vn -0.935700 0.038600 -0.350700
vn -0.585800 0.753700 -0.298000
vn -0.575600 0.751600 -0.322100
vn -0.601400 0.736000 -0.310800
vn -0.572200 0.753800 -0.323000
vn -0.590200 0.739600 -0.323500
vn -0.564500 0.754700 -0.334200
vn -0.643200 0.697600 -0.315700
vn -0.535100 0.793300 -0.290400
vn -0.663700 0.684300 -0.302100
vn -0.441700 0.873100 -0.206200
vn -0.646600 0.714900 -0.266300
vn -0.659600 0.691200 -0.295200
vn -0.691100 0.659800 -0.295100
vn -0.714600 0.629000 -0.306000
vn -0.824800 0.453500 -0.337600
vn -0.872500 0.332600 -0.358100
vn -0.911100 0.231100 -0.341400
vn -0.647900 -0.717900 -0.254700
vn -0.609600 -0.767900 -0.197000
vn -0.645800 -0.743400 -0.174000
vn 0.033900 -0.998900 0.031500
vn -0.026300 -0.999200 0.030600
vn -0.094400 -0.987800 0.123600
vn 0.017300 -0.999400 0.029100
vn -0.048700 -0.990200 0.131200
vn -0.121600 -0.949700 0.288600
vn -0.197900 -0.935500 0.292600
vn -0.194000 -0.874100 0.445400
vn -0.075200 -0.955500 0.285100
vn -0.158500 -0.891900 0.423500
vn -0.240900 -0.798500 0.551700
vn -0.262400 -0.758800 0.596100
vn -0.338700 -0.636900 0.692600
vn -0.221700 -0.822700 0.523400
vn -0.330400 -0.682200 0.652200
vn -0.191400 -0.841200 0.505700
vn -0.316200 -0.711500 0.627500
vn -0.465200 -0.469900 0.750200
vn -0.314800 -0.752800 0.578000
vn -0.491900 -0.510600 0.705200
vn -0.651300 0.067200 0.755900
vn -0.520100 -0.581900 0.625200
vn -0.714900 0.087900 0.693700
vn -0.412800 0.866700 0.279900
vn -0.774300 0.068300 0.629200
vn -0.388900 0.882900 0.263300
vn -0.009800 0.998700 -0.049700
vn -0.357000 0.899000 0.253800
vn 0.004500 1.000000 -0.007000
vn 0.073500 0.995200 -0.064600
vn -0.007500 0.999700 0.024500
vn 0.053200 0.998200 -0.028400
vn 0.041700 0.998600 -0.033000
vn -0.033400 0.997900 0.054900
vn -0.348100 0.901200 0.258300
vn -0.390800 0.876700 0.280600
vn -0.507200 0.798100 0.325100
vn -0.081900 0.993000 0.085400
vn -0.662900 0.648100 0.375000
vn -0.169700 0.977700 0.124200
vn -0.795200 0.435800 0.421500
vn -0.258400 0.952500 0.161100
vn -0.121000 0.988800 0.086900
vn -0.288800 0.932700 0.215800
vn -0.124300 0.981500 0.145600
vn -0.220100 0.934700 0.279000
vn 0.011600 0.974900 0.222300
vn -0.071600 0.772100 0.631500
vn 0.195300 0.942500 0.271200
vn 0.253600 0.922600 0.290600
vn 0.290900 0.916000 0.276100
vn 0.541900 0.078500 0.836700
vn 0.684800 0.100800 0.721700
vn 0.760200 0.143000 0.633700
vn 0.804800 0.263100 0.532000
vn 0.295200 0.923700 0.244100
vn 0.257600 -0.923200 0.285100
vn 0.369600 -0.892300 0.259000
vn 0.485000 -0.841500 0.237900
vn 0.633400 -0.727700 0.263100
vn 0.770500 0.462500 0.438600
vn 0.119300 -0.991400 0.053500
vn 0.161900 -0.986600 0.018400
vn 0.182100 -0.983300 0.001500
vn 0.185300 -0.982700 -0.001500
vn 0.778800 -0.551600 0.298700
vn 0.126400 -0.992000 0.000600
vn 0.076600 -0.996600 0.028900
vn 0.038900 -0.999200 0.000400
vn -0.036200 -0.998700 0.034500
vn -0.067200 -0.997500 0.023900
vn 0.018000 -0.999800 -0.009900
vn 0.005600 -0.997900 0.063900
vn -0.120300 -0.985200 0.121800
vn -0.181100 -0.977800 0.105800
vn 0.055900 -0.994300 0.091000
vn -0.048000 -0.989500 0.136000
vn -0.327900 -0.896300 0.298700
vn -0.499900 -0.813700 0.296700
vn 0.140700 -0.920200 0.365300
vn -0.149800 -0.687100 0.711000
vn 0.249300 0.228500 0.941100
vn -0.831400 0.258400 0.492000
vn -0.656900 -0.672200 0.341600
vn -0.774400 0.033200 0.631800
vn -0.567600 0.124900 0.813800
vn -0.775800 -0.493000 0.393800
vn -0.235200 -0.966500 0.102300
vn -0.832400 -0.320800 0.451800
vn -0.290600 -0.948800 0.124200
vn -0.103500 -0.993900 0.037500
vn -0.355300 -0.916000 0.186500
vn -0.150600 -0.985200 0.081400
vn -0.038300 -0.998800 0.029300
vn -0.003200 -1.000000 0.000100
vn 0.026500 -0.999600 0.003800
vn -0.077200 -0.993600 0.082000
vn -0.005900 -0.998900 0.045900
vn 0.036700 -0.999000 0.027000
vn 0.058300 -0.998300 -0.002100
vn 0.052900 -0.998400 0.020400
vn 0.057200 -0.998200 0.015500
vn 0.029800 -0.998700 0.042200
vn 0.036300 -0.997700 0.056800
vn 0.035900 -0.999000 0.026500
vn -0.000700 -0.999700 0.025800
vn 0.000300 -0.999100 0.041600
vn 0.060600 -0.997100 0.045300
vn 0.067000 -0.997600 0.017800
vn 0.026000 -0.999600 0.009300
vn -0.016300 -0.999500 0.027700
vn -0.023700 -0.999500 0.022700
vn 0.131700 -0.990600 0.038200
vn 0.101700 -0.994700 0.015100
vn 0.035500 -0.997700 0.058000
vn 0.003500 -0.994600 0.103300
vn -0.027700 -0.997800 0.060400
vn 0.192500 -0.980700 0.035400
vn 0.117600 -0.988900 0.091000
vn 0.234000 -0.971800 0.029300
vn 0.198300 -0.977800 0.067900
vn 0.214800 -0.974200 0.069700
vn 0.185900 -0.981100 0.053700
vn 0.225700 -0.974100 0.013700
vn 0.134800 -0.990000 0.042500
vn 0.191900 -0.981400 0.008400
vn 0.073000 -0.996800 0.034000
vn 0.140500 -0.990000 0.013000
vn 0.087700 -0.995800 0.024400
vn 0.052600 -0.997900 0.038600
vn -0.740100 -0.606000 -0.291600
vn -0.774700 0.549600 -0.312800
vn -0.620000 0.729400 -0.289200
vn 0.051200 -0.986900 0.152800
vn 0.001300 -0.990100 0.140000
vn -0.030800 -0.960300 0.277200
vn 0.095000 -0.981300 0.167200
vn 0.010000 -0.960900 0.276700
vn -0.082900 -0.917800 0.388300
vn -0.123800 -0.907200 0.402000
vn 0.040900 -0.961500 0.271900
vn -0.053400 -0.930500 0.362300
vn -0.170600 -0.869600 0.463400
vn -0.040800 -0.953400 0.298900
vn -0.152000 -0.911800 0.381500
vn -0.306600 -0.816500 0.489100
vn -0.144800 -0.953800 0.263300
vn -0.290400 -0.888800 0.354600
vn -0.528700 -0.684900 0.501400
vn -0.250800 -0.939900 0.231600
vn -0.496900 -0.779600 0.381200
vn -0.810800 0.040700 0.583900
vn -0.429600 -0.857400 0.283300
vn -0.828900 -0.020300 0.559000
vn -0.844800 -0.146400 0.514600
vn -0.198600 -0.968600 0.149400
vn -0.118800 -0.980700 0.155200
vn -0.035500 -0.993500 0.108200
vn -0.046700 -0.978900 0.198900
vn 0.027200 -0.988700 0.147200
vn 0.022100 -0.997000 0.074400
vn 0.046500 -0.972200 0.229300
vn 0.125700 -0.979400 0.158300
vn 0.089700 -0.991100 0.098300
vn 0.127300 -0.975600 0.178700
vn -0.019000 -0.996700 0.079100
vn -0.014500 -0.998700 0.048100
vn -0.025600 -0.999100 0.035200
vn 0.001600 -0.993000 0.118200
vn 0.007900 -0.993200 0.115800
vn -0.005600 -0.996600 0.082700
vn 0.001000 -0.998600 0.052200
vn 0.016300 -0.999200 0.036200
vn 0.002900 -0.999400 0.035000
vn 0.041000 -0.998600 0.031900
vn 0.026200 -0.999100 0.034100
vn 0.014700 -0.999300 0.033600
vn -0.008700 -0.999500 0.030000
vn 0.006800 -0.999300 0.037800
vn -0.012200 -0.999500 0.028800
vn 0.011300 -0.998500 0.053900
vn 0.030500 -0.998400 0.047400
vn 0.028300 -0.997400 0.065700
vn 0.046600 -0.996400 0.070600
vn 0.052000 -0.995500 0.078800
vn 0.064800 -0.994300 0.084300
vn 0.076000 -0.992900 0.091400
vn 0.085300 -0.991600 0.097600
vn 0.113600 -0.991400 0.065200
vn 0.181500 -0.973700 0.137500
vn 0.154200 -0.984400 0.084900
vn 0.166200 -0.985700 0.028000
vn 0.911900 -0.134300 0.387900
vn 0.883200 -0.319500 0.343400
vn 0.373400 0.917900 0.134500
vn 0.475600 0.854900 0.207200
vn 0.628700 0.710200 0.316800
vn 0.286500 0.949500 0.127800
vn 0.277500 0.945700 0.169600
vn 0.282500 0.935200 0.213400
vn 0.124800 0.987000 0.101500
vn 0.155000 0.977100 0.145500
vn 0.128900 0.989000 0.072600
vn 0.159800 0.985100 0.063900
vn -0.036000 0.999300 -0.010800
vn 0.320600 0.940100 0.115800
vn 0.364000 0.925300 0.106200
vn 0.220200 0.974100 0.052100
vn 0.345100 0.933900 0.093000
vn 0.369600 0.923900 0.099100
vn 0.395200 0.910700 0.120300
vn 0.919500 0.003500 0.393100
vn 0.923600 -0.002300 0.383400
vn 0.923300 -0.002800 0.384000
vn 0.394000 0.908600 0.138600
vn 0.205700 -0.967700 0.145700
vn 0.234100 -0.963800 0.127600
vn 0.283800 -0.950900 0.123600
vn 0.923400 0.018900 0.383400
vn 0.084000 -0.994100 0.068300
vn 0.102300 -0.993200 0.056400
vn 0.128300 -0.990500 0.049500
vn 0.352000 -0.928200 0.120900
vn 0.058000 -0.996600 0.058100
vn 0.072800 -0.996100 0.049900
vn 0.091600 -0.994700 0.046200
vn 0.119800 -0.992400 0.028700
vn 0.164200 -0.986100 0.025500
vn 0.041600 -0.998300 0.041000
vn 0.054200 -0.997800 0.038600
vn 0.075200 -0.996700 0.029400
vn 0.116500 -0.993200 -0.006400
vn 0.071000 -0.997500 0.002500
vn 0.442600 -0.891400 0.098000
vn 0.931100 0.060900 0.359500
vn 0.410000 0.895800 0.171800
vn 0.415700 0.896300 0.154400
vn 0.268600 0.960500 0.072900
vn 0.004700 0.999500 -0.029900
vn -0.058400 0.998100 -0.020100
vn -0.552600 -0.832600 -0.037400
vn -0.021100 -0.995500 0.092700
vn 0.100600 -0.990500 0.093500
vn 0.217500 -0.973100 0.076000
vn -0.076500 0.994300 -0.073800
vn 0.035700 0.984400 -0.172100
vn -0.332500 -0.674300 0.659400
vn -0.109900 -0.927200 0.358000
vn -0.155800 -0.923600 0.350200
vn -0.378500 -0.748600 0.544400
vn -0.132900 -0.945200 0.298300
vn -0.155700 -0.953000 0.260000
vn -0.517300 0.747400 0.416800
vn -0.617800 0.786100 -0.018100
vn -0.629400 -0.325100 0.705800
vn -0.842200 -0.451200 0.295200
vn -0.568200 0.539300 0.621600
vn -0.374600 0.152900 0.914500
vn -0.514200 0.230500 0.826100
vn -0.568500 -0.765400 0.301500
vn -0.544600 -0.755400 0.364500
vn 0.052800 0.495300 0.867100
vn 0.269700 0.910600 0.313100
vn -0.575300 -0.642000 0.506900
vn -0.266300 -0.528500 -0.806100
vn 0.446200 -0.871300 -0.204400
vn 0.276800 -0.960900 0.007400
vn -0.542200 -0.683400 -0.488900
vn 0.164900 0.142700 -0.975900
vn 0.601400 0.099700 -0.792700
vn 0.112900 0.480800 -0.869500
vn 0.355600 -0.774500 -0.523200
vn 0.076400 -0.809400 -0.582300
vn 0.013500 0.334300 -0.942400
vn 0.057700 0.985000 -0.162700
vn 0.443500 0.894000 -0.063300
vn 0.889800 0.042200 -0.454400
vn 0.914600 -0.154100 0.374000
vn 0.332300 -0.940800 0.066700
vn 0.592900 0.754200 0.282400
vn 0.858900 -0.351100 0.372800
vn 0.814600 -0.437000 0.381500
vn -0.216800 -0.975200 0.044900
vn -0.171600 -0.984400 0.038800
vn -0.150200 -0.988000 0.035700
vn 0.823300 -0.456700 0.336900
vn 0.573500 0.801600 0.169100
vn 0.596700 0.786100 0.161200
vn 0.633000 0.750300 0.190900
vn -0.836700 -0.265600 -0.478900
vn -0.030600 0.606800 0.794300
vn 0.474900 0.870400 0.130000
vn 0.516900 0.835200 0.188100
vn 0.306100 -0.425700 0.851500
vn -0.433200 -0.517300 0.738100
vn -0.311600 -0.946900 0.078600
vn 0.719800 -0.491800 0.490000
vn 0.618600 0.759700 0.200200
vn 0.383400 0.712100 0.588100
vn -0.075900 0.941800 -0.327600
vn -0.213300 0.817100 -0.535500
vn -0.658800 -0.365600 -0.657500
vn -0.482500 0.729900 -0.484300
vn -0.139500 0.890900 -0.432300
vn -0.444100 0.841600 -0.307500
vn -0.261800 0.918500 -0.296300
vn -0.492100 0.807400 -0.325300
vn -0.599200 0.729700 -0.329400
vn -0.434700 0.873100 -0.220700
vn -0.165600 0.966900 -0.194200
vn -0.652700 0.708300 -0.269000
vn -0.163800 0.979500 -0.117500
vn -0.099600 0.990900 -0.090300
vn 0.014800 0.980500 -0.195800
vn 0.065100 0.974200 -0.216300
vn -0.416800 0.895200 -0.157800
vn -0.401200 0.903400 -0.151300
vn -0.215900 0.973300 -0.078000
vn -0.147900 0.987700 -0.051100
vn 0.091400 0.951200 -0.294800
vn 0.584700 0.612800 -0.531700
vn 0.700600 0.402400 -0.589300
vn 0.721700 0.104800 -0.684300
vn 0.059700 0.911000 -0.408000
vn 0.618100 -0.725300 -0.303100
vn 0.492200 -0.841600 -0.222200
vn 0.271100 -0.962500 -0.011600
vn 0.273400 -0.961900 -0.001400
vn 0.225000 -0.973800 0.034100
vn 0.233800 -0.971200 0.046700
vn 0.242800 -0.968200 0.059900
vn 0.221200 -0.973700 0.054200
vn 0.229700 -0.971200 0.063900
vn -0.704400 -0.649700 -0.285900
vn -0.660200 -0.663600 -0.351800
vn -0.795000 0.528100 -0.298400
vn -0.795300 0.493600 -0.351900
vn -0.762500 0.487700 -0.425100
vn -0.701800 0.555400 -0.446000
vn -0.641700 0.731600 -0.230000
vn -0.762800 0.573100 -0.299400
vn -0.618000 0.751200 -0.232000
vn -0.719100 0.626900 -0.299800
vn -0.609700 0.754000 -0.244700
vn -0.388200 0.910600 -0.141900
vn -0.601200 0.756900 -0.256300
vn -0.375200 0.915600 -0.144500
vn -0.214100 0.974500 -0.067300
vn -0.219800 0.973600 -0.061000
vn -0.175400 0.983100 -0.052300
vn -0.168100 0.985000 -0.039300
vn -0.143900 0.988800 -0.039500
vn -0.145500 0.988900 -0.030000
vn -0.135700 0.989800 -0.043700
vn -0.108500 0.990700 -0.082500
vn -0.132300 0.991200 -0.006800
vn -0.135000 0.990400 -0.028400
vn -0.122800 0.990000 -0.069700
vn -0.094200 0.984800 -0.146100
vn -0.049500 0.983800 -0.172200
vn -0.123900 0.992200 -0.010300
vn -0.118600 0.991300 -0.056800
vn -0.105000 0.985500 -0.133000
vn -0.044700 0.911600 -0.408700
vn 0.059100 0.885300 -0.461300
vn -0.101400 0.993500 -0.052300
vn -0.098600 0.986900 -0.127500
vn -0.083600 0.926500 -0.367000
vn 0.056300 0.098300 -0.993600
vn 0.210800 0.034600 -0.976900
vn -0.100200 0.987900 -0.118300
vn -0.100900 0.935300 -0.339300
vn -0.025000 0.158000 -0.987100
vn 0.083500 -0.882200 -0.463300
vn 0.139900 -0.895600 -0.422300
vn -0.115400 0.944600 -0.307200
vn -0.074000 0.231200 -0.970100
vn 0.045200 -0.859500 -0.509100
vn 0.066700 -0.996400 -0.051800
vn 0.073700 -0.994700 -0.071900
vn 0.095900 -0.991900 -0.083000
vn 0.095600 -0.995000 -0.027300
vn 0.108800 -0.993300 -0.037700
vn 0.130100 -0.990700 -0.040300
vn 0.128300 -0.988200 -0.083300
vn 0.154900 -0.987200 -0.036700
vn 0.161500 -0.984000 -0.075100
vn 0.218500 -0.910900 -0.350000
vn 0.191300 -0.980100 -0.053000
vn 0.280100 -0.931900 -0.230400
vn 0.458700 -0.172100 -0.871700
vn 0.299100 -0.945600 -0.128300
vn 0.644300 -0.262600 -0.718200
vn 0.218100 0.847200 -0.484500
vn 0.732500 -0.380900 -0.564200
vn 0.396200 0.769100 -0.501600
vn 0.706900 -0.564600 -0.426000
vn 0.290500 -0.954900 -0.060900
vn 0.273300 -0.961600 -0.025300
vn 0.208000 -0.978100 0.004100
vn 0.214700 -0.976400 0.021000
vn 0.187700 -0.982100 0.015700
vn 0.198100 -0.979600 0.032900
vn 0.210700 -0.976500 0.044800
vn 0.191400 -0.981000 0.032200
vn 0.205700 -0.977700 0.042200
vn 0.216200 -0.975100 0.049900
vn 0.196300 -0.979600 0.043100
vn 0.208500 -0.976600 0.052100
vn 0.145100 -0.988800 0.033700
vn 0.198500 -0.978700 0.053000
vn -0.801000 -0.471700 -0.368500
vn -0.725600 -0.610800 -0.317000
vn 0.133600 -0.990000 0.045900
vn -0.796700 -0.482600 -0.363800
vn -0.711600 0.630600 -0.309700
vn -0.740100 -0.603700 -0.296300
vn -0.737100 0.580800 -0.345400
vn -0.582400 0.761600 -0.284300
vn -0.782200 0.490000 -0.384800
vn -0.567000 0.756500 -0.325900
vn -0.352400 0.903500 -0.243800
vn -0.365000 0.911700 -0.188600
vn -0.158800 0.974500 -0.158400
vn -0.194600 0.974300 -0.113900
vn -0.103600 0.987200 -0.121500
vn -0.155500 0.983600 -0.092000
vn -0.066500 0.994500 -0.080500
vn -0.121900 0.990500 -0.063600
vn 0.001600 1.000000 -0.004600
vn -0.062200 0.998100 0.003800
vn -0.108500 0.994100 0.001500
vn -0.011500 0.996100 0.087900
vn -0.081300 0.994800 0.061500
vn -0.117300 0.992800 0.025700
vn -0.083600 0.991600 0.098400
vn -0.107500 0.993100 0.047100
vn -0.106500 0.994300 0.000500
vn -0.107800 0.992700 0.053800
vn -0.100500 0.994900 0.004700
vn -0.097800 0.993900 -0.049900
vn -0.094500 0.995500 0.008800
vn -0.090800 0.995300 -0.033700
vn -0.101500 0.990100 -0.096800
vn 0.243800 0.961500 0.127100
vn 0.205200 0.976500 0.065300
vn 0.626900 0.718400 0.301600
vn 0.227900 0.962400 0.147800
vn 0.619800 0.723800 0.303100
vn 0.925300 -0.054900 0.375100
vn 0.909500 -0.115800 0.399200
vn 0.416700 -0.903200 0.103200
vn 0.369700 -0.920600 0.125600
vn 0.130100 -0.991100 -0.029400
vn 0.097000 -0.995300 -0.007200
vn 0.118100 -0.992100 -0.041400
vn 0.152700 -0.985500 -0.073800
vn 0.133100 -0.987800 -0.081500
vn 0.126000 -0.988700 -0.080700
vn 0.120800 -0.991600 -0.045200
vn 0.133000 -0.988600 -0.070600
vn 0.134400 -0.990000 -0.042900
vn 0.146600 -0.987800 -0.052700
vn 0.154600 -0.987400 -0.035300
vn 0.154500 -0.987600 -0.027600
vn 0.167100 -0.985700 -0.022100
vn 0.174300 -0.984400 -0.025900
vn 0.171600 -0.985200 -0.002200
vn 0.183300 -0.983000 -0.005600
vn 0.205000 -0.978500 -0.021800
vn 0.177800 -0.983900 0.017400
vn 0.157700 -0.987500 -0.000900
vn 0.166800 -0.985800 0.019600
vn 0.181700 -0.982800 0.032600
vn 0.144000 -0.989100 0.032400
vn 0.160300 -0.985900 0.048200
vn 0.174500 -0.982800 0.060300
vn 0.114500 -0.990400 0.077500
vn 0.132800 -0.986600 0.094700
vn 0.149000 -0.982900 0.108500
vn 0.188200 -0.979500 0.071500
vn 0.146800 -0.983200 0.108400
vn 0.097600 -0.984300 0.147000
vn 0.117700 -0.979700 0.162100
vn -0.690400 -0.693500 -0.206000
vn 0.056300 -0.976900 0.206000
vn -0.591800 -0.802400 -0.076700
vn -0.854800 0.327800 -0.402400
vn -0.436900 -0.897600 0.058700
vn -0.912000 0.104700 -0.396600
vn -0.516700 0.758400 -0.397300
vn -0.554200 0.749300 -0.362500
vn -0.282100 0.908500 -0.308400
vn -0.328800 0.901700 -0.280900
vn -0.039000 0.979000 -0.199900
vn -0.102100 0.978400 -0.179800
vn 0.027000 0.987100 -0.157800
vn -0.037700 0.989900 -0.136700
vn 0.072100 0.989900 -0.122200
vn 0.007100 0.995300 -0.096900
vn 0.128400 0.989000 -0.073300
vn 0.070900 0.996800 -0.036700
vn 0.178500 0.983700 -0.023500
vn 0.134100 0.990600 0.026000
vn 0.067300 0.994700 0.077600
vn 0.157800 0.985600 0.060900
vn 0.073700 0.990100 0.119600
vn -0.018500 0.991200 0.130900
vn 0.036300 0.990600 0.131800
vn -0.052000 0.988000 0.145500
vn -0.101600 0.988700 0.110500
vn -0.080600 0.984800 0.153700
vn -0.112700 0.986800 0.116300
vn -0.107900 0.992500 0.056600
vn 0.203100 0.955000 0.216300
vn 0.211900 0.961300 0.176200
vn 0.611400 0.728800 0.308300
vn 0.612400 0.729600 0.304400
vn 0.957300 0.033800 0.287300
vn 0.943500 -0.012400 0.331300
vn 0.517000 -0.856000 0.001700
vn 0.472100 -0.879900 0.054100
vn 0.157200 -0.980000 -0.121900
vn 0.535800 -0.843900 -0.027700
vn 0.127800 -0.980400 -0.149600
vn 0.089300 -0.985100 -0.147000
vn 0.127800 -0.984100 -0.123200
vn 0.066400 -0.988100 -0.138800
vn 0.111400 -0.986700 -0.118300
vn 0.042100 -0.991000 -0.127200
vn 0.106800 -0.988700 -0.105500
vn 0.036400 -0.994300 -0.100500
vn 0.111200 -0.990600 -0.079700
vn 0.049100 -0.997500 -0.050400
vn 0.118200 -0.992300 -0.038200
vn 0.067200 -0.997700 0.009100
vn 0.127900 -0.991800 0.004600
vn 0.094000 -0.994200 0.052900
vn -0.019000 -0.999800 0.007600
vn 0.018000 -0.997600 0.067300
vn 0.048200 -0.993400 0.104300
vn -0.070200 -0.993700 0.086900
vn -0.029200 -0.990800 0.132100
vn 0.000900 -0.987100 0.160300
vn 0.074100 -0.989000 0.128100
vn 0.031400 -0.982200 0.185200
vn -0.074700 -0.978900 0.190100
vn -0.041000 -0.975100 0.218000
vn -0.010700 -0.970000 0.242700
vn -0.094900 -0.965500 0.242600
vn -0.062000 -0.961600 0.267300
vn -0.313600 -0.938800 0.142500
vn -0.087500 -0.954000 0.286700
vn -0.251300 -0.950500 0.182900
vn -0.861900 -0.194400 -0.468400
vn -0.909200 -0.080000 -0.408500
vn -0.383500 0.778600 -0.496700
vn -0.455200 0.773600 -0.440900
vn -0.176900 0.913000 -0.367600
vn -0.225800 0.914600 -0.335400
vn 0.015200 0.970700 -0.239900
vn 0.001100 0.975700 -0.218900
vn 0.088900 0.977700 -0.190000
vn 0.071800 0.981800 -0.176000
vn 0.135600 0.978700 -0.153900
vn 0.114900 0.983000 -0.142900
vn 0.186200 0.977000 -0.103700
vn 0.165500 0.981600 -0.095400
vn 0.222500 0.973400 -0.054100
vn 0.205000 0.977700 -0.045600
vn 0.241200 0.970100 -0.026000
vn 0.228000 0.973600 -0.013100
vn 0.206600 0.978400 0.007700
vn 0.244700 0.969600 0.007400
vn 0.208200 0.977900 0.020900
vn 0.136300 0.988200 0.069800
vn 0.250400 0.966100 0.062000
vn 0.131000 0.987300 0.089500
vn 0.002900 0.990000 0.140700
vn 0.392300 0.895500 0.210000
vn 0.299100 0.923200 0.241200
vn 0.228800 0.942200 0.244700
vn 0.594800 0.742300 0.308500
vn 0.604900 0.732800 0.311600
vn 0.946900 0.120000 0.298200
vn 0.962000 0.066500 0.264800
vn 0.536100 -0.844100 0.011300
vn 0.905500 0.249100 0.343500
vn 0.565500 -0.816700 0.114800
vn -0.010700 -0.995700 -0.091700
vn 0.065700 -0.988200 -0.138200
vn -0.066800 -0.993000 -0.097400
vn 0.016500 -0.990300 -0.137600
vn -0.105400 -0.990000 -0.093500
vn -0.009700 -0.991600 -0.128900
vn -0.134200 -0.987300 -0.084700
vn -0.044400 -0.991800 -0.120000
vn -0.152300 -0.985900 -0.069900
vn -0.058500 -0.993300 -0.100100
vn -0.137100 -0.990000 -0.032200
vn -0.041200 -0.997600 -0.055000
vn -0.110700 -0.993600 0.024600
vn -0.220000 -0.975500 0.003100
vn -0.192700 -0.979700 0.054800
vn -0.153500 -0.981600 0.113300
vn -0.251000 -0.964600 0.081000
vn -0.213300 -0.967500 0.135700
vn -0.169800 -0.968800 0.180600
vn -0.109000 -0.981300 0.158900
vn -0.131300 -0.967900 0.214100
vn -0.203400 -0.958500 0.199900
vn -0.160500 -0.958300 0.236400
vn -0.123000 -0.956700 0.263800
vn -0.173800 -0.950100 0.259100
vn -0.134800 -0.949600 0.282800
vn -0.098400 -0.947600 0.304000
vn -0.144900 -0.939900 0.309300
vn -0.104700 -0.939900 0.324900
vn -0.178400 -0.957200 0.227900
vn -0.208500 -0.955900 0.207000
vn -0.755800 -0.299100 -0.582500
vn -0.801200 -0.240200 -0.548100
vn -0.293900 0.781000 -0.551000
vn -0.325500 0.777800 -0.537600
vn -0.114700 0.913600 -0.390100
vn -0.135000 0.910800 -0.390200
vn 0.026700 0.966100 -0.256800
vn 0.021900 0.966200 -0.257000
vn 0.091300 0.974800 -0.203700
vn 0.090300 0.975500 -0.200800
vn 0.150500 0.976100 -0.156700
vn 0.144600 0.976900 -0.157300
vn 0.208600 0.972900 -0.099900
vn 0.198900 0.974500 -0.103600
vn 0.239400 0.969300 -0.055600
vn 0.233200 0.970700 -0.057000
vn 0.250600 0.967400 -0.035900
vn 0.248200 0.968100 -0.033500
vn 0.303600 0.952600 0.020300
vn 0.287400 0.957700 0.015600
vn 0.269900 0.962900 0.004000
vn 0.435300 0.890800 0.130300
vn 0.395500 0.913900 0.092100
vn 0.332000 0.940600 0.071400
vn 0.540600 0.820000 0.188300
vn 0.516800 0.836000 0.184200
vn 0.476800 0.858600 0.188500
vn 0.609600 0.760500 0.223400
vn 0.620300 0.739600 0.261100
vn 0.603600 0.742100 0.291400
vn 0.828500 0.455800 0.325200
vn 0.738400 0.625900 0.250800
vn 0.755600 -0.577500 0.309100
vn 0.650400 -0.722800 0.233600
vn -0.123000 -0.992300 0.012700
vn -0.078000 -0.996400 -0.034000
vn -0.198200 -0.980200 -0.002900
vn -0.140900 -0.988900 -0.047100
vn -0.250900 -0.968000 -0.008800
vn -0.189100 -0.980700 -0.049900
vn -0.281900 -0.959400 -0.004900
vn -0.218000 -0.975000 -0.042500
vn -0.289800 -0.957000 0.008200
vn -0.233000 -0.972100 -0.028900
vn -0.275700 -0.960600 0.034900
vn -0.327200 -0.944200 0.038800
vn -0.308700 -0.949000 0.063800
vn -0.286200 -0.952800 0.101100
vn -0.331500 -0.939000 0.091300
vn -0.308200 -0.943500 0.121400
vn -0.272200 -0.947500 0.168000
vn -0.248600 -0.956500 0.152500
vn -0.223600 -0.949800 0.218700
vn -0.293000 -0.937500 0.187500
vn -0.241600 -0.940700 0.238100
vn -0.186200 -0.940500 0.284300
vn -0.267700 -0.923800 0.273800
vn -0.209200 -0.923500 0.321500
vn -0.340500 -0.847900 0.406400
vn -0.316900 -0.833200 0.453100
vn -0.542800 0.291500 0.787600
vn -0.505400 0.277300 0.817100
vn 0.054300 0.998100 0.029100
vn 0.029700 0.998500 -0.046800
vn -0.398200 -0.844300 0.358600
vn -0.503400 0.254400 0.825800
vn 0.105700 0.988700 0.106200
vn 0.205600 0.975700 -0.075500
vn 0.148300 0.979200 -0.138400
vn -0.533300 0.118300 0.837600
vn 0.092600 0.976200 0.195900
vn 0.231700 0.972200 -0.033100
vn 0.068500 0.971600 0.226600
vn 0.239800 0.970600 -0.021500
vn 0.111700 0.963800 0.241900
vn 0.305200 0.952100 0.017500
vn 0.448600 0.883900 0.132400
vn 0.443400 0.884600 0.144800
vn 0.531100 0.823400 0.199900
vn 0.547800 0.812700 0.198700
vn 0.513800 0.844300 0.151900
vn 0.548900 0.815600 0.182800
vn 0.575400 0.791700 0.205000
vn -0.548600 0.124900 0.826700
vn -0.580300 0.179500 0.794400
vn -0.446400 -0.830800 0.332400
vn -0.516700 -0.789600 0.330900
vn -0.431900 -0.885800 0.169600
vn -0.458400 -0.877300 0.142100
vn -0.385700 -0.902800 0.190100
vn -0.353700 -0.926900 0.126000
vn -0.385900 -0.916900 0.101800
vn -0.421700 -0.848900 0.318700
vn -0.359100 -0.912100 0.198000
vn -0.329200 -0.932600 0.148200
vn -0.321400 -0.919000 0.228200
vn -0.356500 -0.931900 0.067000
vn -0.361600 -0.931100 0.047300
vn -0.400100 -0.913100 0.078700
vn -0.335700 -0.941400 0.032400
vn -0.386100 -0.920600 0.058600
vn -0.453100 -0.883500 0.118600
vn -0.337200 -0.940500 0.040600
vn -0.420000 -0.903000 0.090600
vn -0.280000 -0.959700 0.023500
vn -0.238800 -0.970900 0.017200
vn -0.294300 -0.955600 0.016300
vn -0.325500 -0.945300 0.023000
vn 0.086600 0.978100 -0.189100
vn 0.025000 0.970700 -0.238900
vn 0.014100 0.985300 -0.170100
vn -0.103000 0.923100 -0.370400
vn -0.266300 0.791100 -0.550700
vn -0.722100 -0.328100 -0.609000
vn -0.001200 0.988400 -0.151600
vn -0.622500 0.782600 -0.000900
vn -0.670900 0.740700 -0.036700
vn -0.280300 0.959800 0.016300
vn 0.286700 0.904400 -0.315900
vn -0.457300 0.879900 -0.129300
vn -0.317400 0.947000 -0.050100
vn -0.595900 0.802700 0.024100
vn 0.059000 0.949600 -0.307800
vn 0.487200 -0.171200 -0.856400
vn 0.722000 -0.243700 -0.647600
vn -0.102000 0.994600 0.019300
vn -0.943800 -0.265600 0.196700
vn -0.047900 -0.920700 0.387300
vn -0.157000 -0.705800 0.690800
vn -0.807000 0.403900 0.430800
vn -0.890700 -0.316000 -0.326700
vn -0.055000 -0.976200 0.209800
vn -0.505200 0.744400 -0.436700
vn -0.471900 0.784800 -0.401600
vn -0.571900 -0.026300 0.819900
vn -0.584300 0.539200 0.606500
vn -0.528000 0.841600 0.113800
vn -0.626000 -0.110400 0.772000
vn -0.047700 -0.829100 0.557100
vn -0.121400 -0.659900 0.741500
vn -0.403000 -0.241200 0.882800
vn 0.191900 -0.967000 -0.167700
vn 0.135000 -0.982300 -0.129800
vn 0.155800 -0.977300 -0.143800
vn 0.215800 -0.956700 -0.195400
vn 0.147300 -0.981100 -0.125600
vn 0.127600 -0.984100 -0.123800
vn 0.254000 -0.942700 -0.216300
vn 0.181300 -0.974800 -0.129700
vn -0.438900 0.806200 -0.396700
vn -0.446100 0.809300 -0.382300
vn -0.469900 0.785600 -0.402400
vn -0.433100 0.790900 -0.432200
vn -0.384100 0.823700 -0.417200
vn -0.329500 0.882600 -0.335300
vn -0.305900 0.900400 -0.309300
vn -0.293500 0.953500 -0.068300
vn -0.501800 0.739800 -0.448200
vn -0.370900 0.295500 0.880400
vn -0.147900 0.455400 0.877900
vn -0.939500 0.341600 -0.024100
vn -0.973600 0.199200 -0.111300
vn -0.776800 0.629300 -0.022000
vn -0.530700 0.839100 0.119200
vn -0.314500 0.935100 0.163400
vn -0.514300 0.855700 0.057400
vn -0.723600 0.689800 0.024100
vn -0.481600 0.874600 0.055200
vn -0.254800 0.958800 0.125500
vn -0.699600 0.713300 -0.043300
vn -0.401500 0.915700 0.016700
vn -0.751000 0.656800 -0.067700
vn -0.805400 0.589400 -0.063200
vn -0.143900 0.981200 0.129000
vn -0.131800 0.988300 0.076300
vn -0.160800 0.975000 0.153500
vn -0.827900 0.556700 -0.068300
vn 0.976300 -0.162500 -0.143000
vn 0.573300 -0.529500 -0.625300
vn 0.552500 0.095900 -0.828000
vn 0.790400 0.602100 -0.112900
vn 0.987400 -0.046200 0.151300
vn 0.415900 -0.881700 -0.222800
vn 0.238600 0.174000 -0.955400
vn 0.317100 0.909800 -0.268000
vn 0.091100 -0.726300 -0.681300
vn -0.154800 0.965300 -0.210400
vn -0.156600 0.984000 -0.084800
vn -0.075700 0.976700 -0.200600
vn -0.268600 0.911400 -0.311600
vn -0.049600 0.996700 -0.064500
vn 0.678300 0.191500 0.709400
vn 0.494500 0.781800 -0.379900
vn 0.054100 0.968400 -0.243500
vn 0.224100 0.784900 0.577700
vn -0.527000 0.076000 0.846500
vn -0.060000 -0.662900 0.746300
vn 0.877500 0.132600 0.461000
vn 0.537500 0.761600 -0.361900
vn 0.867500 -0.458700 0.192400
vn 0.965200 0.254700 -0.059600
vn 0.755900 -0.469400 0.456400
vn 0.103800 -0.863800 0.493000
vn 0.739300 -0.653100 0.164100
vn 0.837000 0.442300 -0.322100
vn -0.713800 -0.687700 -0.132600
vn -0.635100 -0.765900 -0.099700
vn -0.979400 0.181300 -0.088600
vn 0.041700 -0.967900 -0.247900
vn -0.661600 -0.655600 -0.364000
vn -0.363900 0.317100 -0.875800
vn 0.523200 -0.058300 -0.850200
vn 0.160900 -0.855700 -0.491800
vn -0.429000 -0.485600 -0.761700
vn -0.960800 0.123400 -0.248300
vn -0.488800 0.823500 -0.288100
vn -0.177600 0.951100 -0.252500
vn -0.172100 0.944800 -0.278800
vn -0.160200 0.948700 -0.272500
vn -0.170300 0.950700 -0.259100
vn 0.083600 0.947500 -0.308600
vn 0.080900 0.951100 -0.298300
vn -0.194200 0.957400 -0.213600
vn -0.202400 0.958000 -0.203000
vn 0.101200 -0.934000 0.342500
vn 0.061000 -0.920300 0.386500
vn 0.054000 -0.918400 0.391900
vn 0.092700 -0.934300 0.344200
vn 0.125900 -0.937600 0.324200
vn 0.118900 -0.933500 0.338200
vn 0.088500 -0.929900 0.356900
vn 0.051200 -0.918200 0.392800
vn 0.119900 -0.945300 0.303300
vn 0.133800 -0.945600 0.296700
vn 0.111000 -0.946700 0.302500
vn 0.067300 -0.939600 0.335700
vn 0.086700 -0.952500 0.291800
vn 0.098500 -0.967200 0.234100
vn 0.119900 -0.963600 0.238900
vn 0.126300 -0.963500 0.236100
vn 0.125700 -0.983000 0.133500
vn 0.130900 -0.983300 0.126300
vn 0.136300 -0.983400 0.120200
vn 0.136600 -0.963200 0.231600
vn 0.643700 -0.762800 0.061500
vn 0.506000 -0.843100 0.182100
vn 0.420800 -0.871900 0.250400
vn 0.390300 -0.883700 0.258200
vn 0.985200 0.151600 -0.080100
vn 0.991600 0.090900 -0.091700
vn 0.987700 0.046100 -0.149200
vn 0.981100 0.054200 -0.185700
vn 0.412800 -0.875500 0.251300
vn 0.414700 0.861100 -0.294200
vn 0.425600 0.834700 -0.349500
vn 0.462400 0.803300 -0.375400
vn 0.493200 0.782700 -0.379500
vn 0.953500 0.197400 -0.227700
vn 0.162000 0.931400 -0.326100
vn 0.258100 0.900500 -0.350000
vn 0.383200 0.839500 -0.385300
vn 0.502200 0.774100 -0.385400
vn -0.164500 0.960300 -0.225200
vn -0.107400 0.961800 -0.251800
vn -0.002400 0.954600 -0.297900
vn -0.257000 0.952100 -0.165600
vn -0.314700 0.939000 -0.138900
vn -0.484300 0.861000 0.155700
vn -0.466900 0.877800 0.106900
vn -0.217500 0.959200 -0.180400
vn -0.407400 0.909400 0.083500
vn -0.583100 -0.061400 0.810100
vn -0.622800 -0.075600 0.778800
vn -0.022500 -0.880500 0.473500
vn -0.045100 -0.860500 0.507400
vn 0.041800 -0.904000 0.425600
vn 0.025600 -0.869500 0.493200
vn -0.014500 -0.820100 0.572000
vn 0.077000 -0.917400 0.390500
vn 0.059100 -0.890400 0.451200
vn 0.023900 -0.855600 0.517100
vn -0.002800 -0.811600 0.584200
vn -0.065400 -0.772200 0.632000
vn 0.099700 -0.903700 0.416400
vn 0.113900 -0.923200 0.367000
vn 0.515200 -0.822100 0.242400
vn 0.026000 -0.733900 0.678700
vn -0.595500 -0.019900 0.803100
vn -0.009700 -0.888300 0.459100
vn -0.560800 0.020600 0.827700
vn -0.027200 -0.879200 0.475700
vn -0.502600 0.215600 0.837200
vn -0.059900 -0.858300 0.509700
vn 0.030700 -0.919100 0.392700
vn -0.060100 -0.854600 0.515800
vn 0.005000 -0.924500 0.381100
vn 0.034900 -0.948500 0.314800
vn -0.019300 -0.933200 0.358800
vn 0.003000 -0.957200 0.289400
vn 0.015200 -0.969500 0.244600
vn 0.051500 -0.961500 0.270000
vn 0.027100 -0.979600 0.199200
vn 0.064500 -0.973500 0.219200
vn 0.046700 -0.990100 0.132100
vn 0.079800 -0.987200 0.138000
vn 0.107900 -0.984500 0.138200
vn 0.103200 -0.994400 0.020600
vn 0.122300 -0.992400 0.013600
vn 0.136500 -0.990600 0.007400
vn 0.140500 -0.986100 -0.088700
vn 0.149200 -0.984700 -0.090600
vn 0.151800 -0.984100 -0.092400
vn 0.140700 -0.990100 0.001200
vn 0.185500 -0.977900 -0.096700
vn 0.140100 -0.990100 -0.004600
vn 0.880000 -0.475000 -0.010200
vn 0.772000 -0.635100 -0.024700
vn 0.819700 0.562300 0.109400
vn 0.889200 0.457400 -0.013700
vn 0.954100 0.288600 -0.079700
vn 0.546800 0.837100 0.016200
vn 0.504200 0.856200 -0.112600
vn 0.446000 0.866900 -0.222600
vn 0.124700 0.986600 -0.105500
vn 0.105600 0.966900 -0.232100
vn -0.175100 0.978700 -0.106700
vn -0.168800 0.957800 -0.232600
vn -0.169200 0.978600 -0.117300
vn -0.160000 0.958400 -0.236300
vn -0.139600 0.981600 -0.130500
vn -0.125200 0.964900 -0.230900
vn -0.123500 0.959100 -0.254800
vn -0.131200 0.962200 -0.238500
vn -0.059300 0.975500 -0.211800
vn -0.055300 0.973500 -0.221800
vn -0.062900 0.977200 -0.202600
vn -0.085100 0.984600 -0.152400
vn -0.153900 0.969000 -0.193400
vn 0.003200 0.979900 -0.199300
vn -0.001200 0.983800 -0.179400
vn -0.023400 0.993100 -0.115000
vn 0.018800 0.984300 -0.175300
vn -0.000500 0.995600 -0.093500
vn -0.106600 0.935000 0.338100
vn -0.146200 0.969900 0.194900
vn -0.176900 0.983900 0.025100
vn -0.321200 -0.003600 0.947000
vn -0.411200 0.178400 0.893900
vn -0.225500 0.973400 -0.039500
vn -0.306500 0.951800 -0.007500
vn -0.365600 0.930300 0.029000
vn -0.067100 -0.871800 0.485200
vn -0.216400 -0.082100 0.972800
vn -0.062600 -0.876400 0.477500
vn -0.025700 -0.940100 0.339900
vn -0.030900 -0.878100 0.477400
vn -0.010900 -0.945800 0.324600
vn -0.007900 -0.965800 0.259300
vn -0.012900 -0.962600 0.270400
vn -0.006600 -0.975100 0.221600
vn -0.005800 -0.973700 0.227800
vn -0.000700 -0.983100 0.182900
vn 0.003800 -0.982500 0.186100
vn 0.018500 -0.991900 0.125400
vn 0.024300 -0.991700 0.126300
vn 0.058100 -0.997700 0.033600
vn 0.063100 -0.997500 0.031400
vn 0.080600 -0.996400 0.027400
vn 0.107400 -0.991500 -0.073900
vn 0.117700 -0.989900 -0.079600
vn 0.129900 -0.987900 -0.085200
vn 0.139200 -0.979700 -0.144400
vn 0.144700 -0.979000 -0.143900
vn 0.149300 -0.978600 -0.141400
vn 0.143900 -0.974500 -0.172100
vn 0.143900 -0.975700 -0.165400
vn 0.143300 -0.977000 -0.157900
vn 0.152300 -0.978600 -0.138400
vn 0.142000 -0.978600 -0.149200
vn 0.153800 -0.978800 -0.135200
vn 0.419600 -0.905100 -0.068800
vn 0.302000 -0.946600 -0.113300
vn 0.978500 -0.075800 0.192000
vn 0.970300 -0.222600 0.095000
vn 0.749000 0.609100 0.260600
vn 0.762700 0.612800 0.206800
vn 0.548000 0.792000 0.269000
vn 0.549500 0.804900 0.224000
vn 0.553900 0.821600 0.135100
vn 0.046800 0.978000 0.203100
vn 0.073200 0.986600 0.146000
vn 0.110000 0.993300 0.035800
vn -0.213200 0.968600 0.128200
vn -0.192400 0.980700 0.034100
vn -0.211600 0.969400 0.124300
vn -0.188100 0.981800 0.027500
vn -0.201500 0.972100 0.119800
vn -0.168200 0.985600 0.015900
vn -0.175000 0.978000 0.113800
vn -0.130700 0.991400 -0.003500
vn -0.083100 0.986800 -0.138900
vn -0.084400 0.996200 -0.022300
vn -0.027100 0.989500 -0.141900
vn -0.000400 0.981100 -0.193600
vn -0.003500 0.989300 -0.146000
vn 0.018600 0.981500 -0.190600
vn 0.022600 0.980000 -0.197900
vn 0.008300 0.980500 -0.196100
vn 0.010700 0.978900 -0.204200
vn 0.004700 0.984700 -0.174200
vn -0.010400 0.997000 -0.076500
vn -0.058200 0.970700 -0.233100
vn -0.042000 0.975600 -0.215700
vn -0.176100 0.949700 -0.259000
vn -0.222800 0.928600 -0.296900
vn -0.362600 0.880700 -0.304800
vn -0.406000 0.843500 -0.351600
vn -0.435400 0.819000 -0.373700
vn -0.492600 0.789000 -0.367100
vn -0.488200 0.782600 -0.386200
vn -0.501600 0.778800 -0.376700
vn -0.471900 0.792600 -0.386200
vn -0.885300 -0.278300 -0.372500
vn -0.887700 -0.255800 -0.382800
vn -0.082300 -0.985500 0.148600
vn -0.074300 -0.982800 0.168800
vn 0.007900 -0.979600 0.200900
vn 0.013100 -0.974900 0.222300
vn 0.019400 -0.964600 0.262900
vn 0.017600 -0.919500 0.392600
vn 0.014300 -0.972500 0.232700
vn 0.018000 -0.959100 0.282400
vn 0.013800 -0.907600 0.419600
vn 0.008600 -0.629000 0.777400
vn -0.087300 -0.685800 0.722600
vn 0.013600 -0.955500 0.294800
vn 0.011600 -0.895400 0.445200
vn 0.012000 -0.477100 0.878800
vn -0.051600 0.665000 0.745100
vn -0.001800 -0.886200 0.463300
vn -0.031600 -0.314900 0.948600
vn -0.044800 0.806100 0.590000
vn -0.113600 -0.189900 0.975200
vn -0.075800 0.886900 0.455700
vn 0.006800 -0.950900 0.309500
vn 0.010000 -0.970600 0.240600
vn 0.003800 -0.968100 0.250400
vn 0.005300 -0.976900 0.213700
vn 0.000600 -0.975800 0.218900
vn 0.005700 -0.983900 0.178800
vn 0.003000 -0.983400 0.181400
vn 0.018300 -0.992300 0.122900
vn 0.019700 -0.992000 0.124900
vn 0.050400 -0.998200 0.033200
vn 0.056600 -0.997800 0.034700
vn 0.093000 -0.993500 -0.065600
vn 0.099000 -0.992800 -0.067100
vn 0.102500 -0.992300 -0.069800
vn 0.130700 -0.982700 -0.130900
vn 0.133100 -0.981600 -0.137000
vn 0.135300 -0.980600 -0.141700
vn 0.152100 -0.975100 -0.161700
vn 0.148200 -0.973800 -0.172400
vn 0.144700 -0.973800 -0.175500
vn 0.155700 -0.969400 -0.189900
vn 0.143200 -0.969900 -0.197100
vn 0.136700 -0.971700 -0.192800
vn 0.142700 -0.961900 -0.233300
vn 0.129500 -0.963400 -0.234900
vn 0.119700 -0.966100 -0.228800
vn 0.131700 -0.973900 -0.184700
vn 0.111100 -0.969900 -0.216600
vn 0.127500 -0.976500 -0.173700
vn 0.097100 -0.975000 -0.199900
vn 0.119900 -0.979800 -0.160300
vn 0.511900 -0.857900 -0.044700
vn 0.483500 -0.874900 -0.026400
vn 0.965300 0.012000 0.260900
vn 0.966100 -0.002600 0.258200
vn 0.744900 0.586700 0.317700
vn 0.749300 0.591800 0.297100
vn 0.535000 0.798800 0.275100
vn 0.547000 0.787000 0.285400
vn 0.033800 0.988100 0.150300
vn 0.041300 0.979000 0.199600
vn 0.034800 0.976300 0.213600
vn -0.216000 0.966100 0.141600
vn -0.228300 0.959700 0.163700
vn -0.228400 0.959600 0.164300
vn -0.220600 0.960300 0.170900
vn -0.223700 0.960600 0.164700
vn -0.209700 0.961400 0.178100
vn -0.213400 0.962300 0.168500
vn -0.195500 0.963700 0.181900
vn -0.193300 0.965900 0.172400
vn -0.183200 0.967200 0.175700
vn -0.170900 0.970400 0.170700
vn -0.140900 0.984200 0.107600
vn -0.156400 0.974100 0.163300
vn -0.121700 0.987300 0.102500
vn -0.059800 0.997700 -0.031100
vn -0.114600 0.988800 0.096100
vn -0.055000 0.997900 -0.035000
vn -0.008500 0.988700 -0.149500
vn -0.069700 0.996800 -0.040000
vn -0.042400 0.987000 -0.154800
vn -0.148200 0.987100 -0.061300
vn -0.147500 0.973100 -0.177200
vn -0.368500 0.920700 -0.128500
vn -0.346500 0.909600 -0.229200
vn -0.589600 0.781700 -0.203200
vn -0.534000 0.796100 -0.284800
vn -0.500800 0.798000 -0.335200
vn -0.671600 0.658900 -0.338900
vn -0.567700 0.737600 -0.365700
vn -0.823100 -0.503400 -0.263000
vn -0.879200 -0.339100 -0.334800
vn -0.002400 -0.994000 0.109700
vn -0.058800 -0.988300 0.140400
vn 0.023300 -0.992600 0.119400
vn 0.009700 -0.985000 0.172000
vn 0.019300 -0.992600 0.120200
vn 0.009200 -0.984400 0.175500
vn 0.009400 -0.978100 0.208100
vn 0.051500 -0.998100 0.033500
vn 0.047800 -0.998300 0.032200
vn 0.089400 -0.994200 -0.059900
vn 0.089300 -0.994000 -0.063100
vn 0.117700 -0.985900 -0.118700
vn 0.121600 -0.985200 -0.121100
vn 0.126400 -0.984000 -0.125200
vn 0.137300 -0.981200 -0.135800
vn 0.146500 -0.979300 -0.140000
vn 0.152100 -0.977100 -0.148900
vn 0.159000 -0.978300 -0.132600
vn 0.169900 -0.974600 -0.145600
vn 0.167600 -0.971300 -0.168800
vn 0.187400 -0.972600 -0.137400
vn 0.185700 -0.967200 -0.173600
vn 0.165800 -0.962900 -0.213100
vn 0.221400 -0.951700 -0.212700
vn 0.191600 -0.940300 -0.281300
vn 0.155200 -0.931000 -0.330300
vn 0.256300 -0.818100 -0.514800
vn 0.189200 -0.780900 -0.595300
vn 0.148500 -0.755300 -0.638300
vn 0.131100 -0.925400 -0.355700
vn 0.137700 -0.734400 -0.664500
vn 0.119300 -0.922400 -0.367300
vn 0.124100 -0.722300 -0.680300
vn 0.109600 -0.920800 -0.374200
vn 0.090400 -0.927600 -0.362600
vn 0.057400 0.146200 -0.987600
vn 0.054100 0.137800 -0.989000
vn -0.109200 0.905100 -0.410900
vn -0.054600 0.913300 -0.403600
vn -0.013500 0.999800 0.016700
vn 0.476800 0.855200 0.203200
vn -0.169800 0.984400 -0.045800
vn -0.197400 0.975800 0.094200
vn -0.113400 0.914500 -0.388400
vn -0.173800 0.984600 -0.019200
vn -0.195600 0.973900 0.115300
vn -0.209900 0.965500 0.154200
vn -0.169600 0.985500 0.004800
vn -0.193100 0.972100 0.133100
vn -0.203000 0.965000 0.166200
vn -0.192000 0.972200 0.134000
vn -0.194700 0.966000 0.169800
vn -0.193900 0.975300 0.105800
vn -0.190200 0.969700 0.153300
vn -0.185900 0.979900 0.072500
vn -0.184800 0.974500 0.126900
vn -0.174600 0.971300 0.161400
vn -0.166500 0.979000 0.117300
vn -0.164900 0.974700 0.151000
vn -0.150900 0.976300 0.155100
vn -0.161600 0.975700 0.147800
vn -0.125700 0.988200 0.087500
vn -0.194100 0.979400 0.056000
vn -0.414400 0.909700 -0.025500
vn -0.644800 0.754800 -0.120400
vn -0.838500 0.530400 -0.124700
vn -0.825200 0.524800 -0.208700
vn -0.772000 0.573300 -0.274500
vn -0.739000 -0.608300 -0.289400
vn -0.767800 -0.585500 -0.260200
vn 0.082600 -0.994800 -0.059900
vn 0.047600 -0.998400 0.031400
vn -0.775900 -0.556600 -0.297000
vn 0.076900 -0.987900 -0.134500
vn -0.889300 -0.377000 -0.258800
vn -0.018200 -0.983900 -0.177800
vn 0.127500 -0.982600 -0.134900
vn -0.156900 -0.967900 -0.196400
vn 0.128500 -0.983000 -0.131400
vn 0.142800 -0.981200 -0.129700
vn 0.126800 -0.983900 -0.125800
vn 0.143300 -0.982000 -0.122700
vn 0.166900 -0.978300 -0.122800
vn 0.218800 -0.963700 -0.153200
vn 0.315300 -0.904200 -0.288200
vn 0.312900 -0.862400 -0.398000
vn 0.457100 0.002300 -0.889400
vn 0.352200 0.075100 -0.932900
vn 0.218300 0.129400 -0.967200
vn -0.057400 0.943700 -0.325800
vn -0.081800 0.938100 -0.336600
vn -0.094400 0.927300 -0.362100
vn 0.122000 0.137800 -0.982900
vn 0.065800 0.136900 -0.988400
vn -0.172600 0.984900 0.012100
vn -0.175500 0.984500 -0.003900
vn -0.020200 0.946700 -0.321600
vn -0.163100 0.986500 -0.016700
vn 0.021900 0.946800 -0.321100
vn -0.124400 0.992200 -0.006200
vn -0.155200 0.985600 0.067200
vn 0.473400 -0.085500 -0.876700
vn -0.297200 -0.931800 -0.208400
vn -0.431000 -0.879000 -0.204200
vn -0.973200 -0.093800 -0.210200
vn -0.984400 0.077400 -0.158100
vn -0.559700 -0.807400 -0.186700
vn -0.941200 -0.248700 -0.228600
vn 0.755200 0.593800 0.277500
vn 0.768300 -0.176200 -0.615400
vn 0.260400 -0.927600 -0.267900
vn 0.168400 0.866800 -0.469400
vn -0.061300 0.288000 0.955700
vn 0.402500 0.887500 0.224600
vn 0.114000 0.976900 0.180900
vn -0.451000 0.316500 0.834500
vn 0.182800 -0.663000 0.725900
vn 0.829600 0.068100 0.554200
vn -0.294900 -0.785600 0.543900
vn 0.288000 -0.378700 -0.879600
vn 0.012700 -0.422100 -0.906500
vn 0.104900 0.721300 -0.684600
vn 0.734900 0.131700 -0.665300
vn 0.539900 -0.786000 -0.301100
vn 0.142100 -0.931100 -0.335800
vn 0.891400 0.303400 -0.336600
vn 0.283100 0.943000 -0.174900
vn 0.247400 -0.871100 0.424200
vn 0.930200 0.102900 0.352300
vn 0.475900 0.879500 -0.006500
vn -0.677200 -0.185000 0.712100
vn -0.207000 -0.736300 0.644200
vn -0.473400 -0.259000 0.841900
vn -0.634600 0.717800 0.286300
vn -0.283700 0.838300 -0.465600
vn -0.957000 0.186100 0.222700
vn -0.177200 -0.835700 0.519700
vn -0.174600 -0.924900 0.337700
vn -0.001100 -0.928400 0.371600
vn -0.065200 -0.905600 0.419000
vn -0.236900 -0.898300 0.370000
vn -0.245200 -0.928300 0.279600
vn -0.050300 -0.948600 0.312300
vn -0.345100 -0.897600 0.274300
vn -0.369800 -0.900500 0.228800
vn -0.405100 -0.884300 0.232000
vn -0.386800 -0.891400 0.236100
vn -0.350700 -0.908700 0.226400
vn -0.275600 -0.933500 0.229300
vn -0.281400 -0.931100 0.232100
vn -0.450900 -0.842200 0.295500
vn -0.444500 -0.850800 0.280300
vn -0.462400 -0.805900 0.369900
vn 0.416600 0.905800 -0.077600
vn 0.367800 0.929700 -0.018200
vn 0.456500 0.889400 -0.024800
vn 0.488600 0.869500 -0.073000
vn 0.483200 0.868200 -0.112900
vn 0.415400 0.903000 -0.109400
vn 0.324100 0.945600 -0.026900
vn 0.472800 0.866900 -0.157800
vn 0.434900 0.883900 -0.171900
vn 0.410100 0.893200 -0.184300
vn 0.384800 0.914800 -0.122500
vn 0.313500 0.948800 -0.038100
vn -0.430800 0.783400 -0.448100
vn -0.405400 0.812200 -0.419600
vn -0.363600 0.849200 -0.382900
vn -0.456900 0.771900 -0.442000
vn -0.404100 0.794100 -0.454100
vn -0.362800 0.809000 -0.462400
vn -0.347600 0.818000 -0.458400
vn -0.308200 0.714200 0.628500
vn -0.306100 0.877500 -0.369200
vn -0.668600 0.669000 0.324500
vn -0.282200 -0.251600 0.925800
vn -0.105300 0.967900 -0.228200
vn -0.250500 0.898100 -0.361500
vn -0.723100 0.056600 -0.688400
vn 0.001300 -0.483100 -0.875600
vn -0.247500 -0.855800 -0.454200
vn -0.928800 -0.207500 -0.306900
vn -0.655100 0.751800 0.075200
vn -0.356300 0.518200 -0.777500
vn 0.025700 0.600600 -0.799100
vn -0.251700 0.967300 -0.031100
vn 0.108600 -0.450800 0.886000
vn 0.092700 0.729300 0.677900
vn 0.146600 0.795000 0.588700
vn 0.189100 -0.286000 0.939400
vn -0.298800 0.887000 -0.352100
vn -0.238900 0.844600 -0.479200
vn -0.300600 0.817700 -0.490900
vn -0.990700 -0.119100 -0.065200
vn -0.100700 0.965600 -0.239800
vn -0.112300 0.965900 -0.233500
vn -0.320500 0.895900 -0.307700
vn -0.290100 0.894400 -0.340600
vn 0.032500 0.979100 -0.201000
vn 0.018100 0.978600 -0.205000
vn -0.204100 0.935000 -0.290100
vn -0.123600 0.970300 -0.208100
vn -0.053000 0.980200 -0.190700
vn 0.051400 0.983200 -0.175100
vn -0.021700 0.995800 -0.088700
vn 0.073800 0.992000 -0.102000
vn 0.225200 0.968300 -0.108200
vn 0.218300 0.961600 -0.166200
vn 0.210400 0.958000 -0.195000
vn 0.340000 0.923000 -0.180200
vn 0.347200 0.913000 -0.214300
vn 0.359100 0.905700 -0.225200
vn 0.205700 0.957900 -0.200500
vn 0.371800 0.908200 -0.192100
vn 0.198100 0.962900 -0.183400
vn 0.007200 0.979100 -0.203500
vn -0.128800 0.964300 -0.231600
vn 0.178600 0.973200 -0.144700
vn -0.025600 0.980900 -0.192900
vn -0.150200 0.963300 -0.222500
vn -0.329500 0.916200 -0.228000
vn -0.344800 0.898000 -0.273400
vn -0.068600 0.981800 -0.176900
vn -0.159000 0.968100 -0.193800
vn -0.246900 0.952600 -0.177600
vn -0.464200 0.873100 -0.149300
vn -0.540400 0.813300 -0.215600
vn -0.129200 0.982000 -0.138000
vn -0.140600 0.983400 -0.114700
vn -0.280000 0.956400 -0.083300
vn -0.524800 0.849400 -0.056400
vn -0.603500 0.786700 -0.129900
vn -0.053500 0.996800 -0.059100
vn -0.070500 0.997000 -0.032900
vn -0.335100 0.942200 0.002700
vn -0.594400 0.803700 0.026300
vn -0.618400 0.784500 -0.046300
vn 0.022700 0.999400 -0.025400
vn -0.118700 0.992900 0.011000
vn -0.488400 0.869800 0.070100
vn -0.656800 0.748200 0.093700
vn -0.642800 0.765400 0.030500
vn 0.018300 0.999800 0.002500
vn -0.351100 0.933600 0.071400
vn -0.642700 0.756900 0.118100
vn -0.782400 0.608300 0.133200
vn -0.784900 0.614200 0.081600
vn -0.245300 0.967700 0.058000
vn -0.604200 0.787600 0.120800
vn -0.760600 0.632400 0.146800
vn -0.928200 -0.357300 0.103700
vn -0.906400 -0.416800 0.068200
vn -0.557500 0.820400 0.127100
vn -0.739900 0.654900 0.153600
vn -0.943100 -0.318300 0.095800
vn -0.292400 -0.955700 -0.032700
vn -0.263500 -0.964400 -0.022300
vn -0.731600 0.661500 0.165000
vn -0.956100 -0.284600 0.070000
vn -0.318700 -0.944900 -0.074200
vn -0.181600 -0.979600 -0.085600
vn -0.181600 -0.982700 -0.037000
vn -0.967300 -0.253500 -0.008500
vn -0.325600 -0.930800 -0.166300
vn -0.152100 -0.969900 -0.190300
vn -0.040700 -0.977500 -0.206800
vn -0.080400 -0.991900 -0.097800
vn -0.069900 -0.875100 -0.478800
vn 0.038200 -0.880800 -0.472000
vn 0.091100 -0.883200 -0.460000
vn 0.017300 -0.977000 -0.212500
vn 0.094800 -0.430100 -0.897800
vn 0.162600 -0.434100 -0.886100
vn 0.200000 -0.459300 -0.865500
vn 0.184300 -0.483000 -0.856000
vn 0.095900 -0.883300 -0.458900
vn 0.226200 0.530700 -0.816800
vn 0.221600 0.516300 -0.827300
vn 0.185200 0.488700 -0.852600
vn 0.093700 0.975100 -0.201000
vn 0.050200 0.974900 -0.217000
vn 0.011600 0.971400 -0.237100
vn 0.135500 0.482400 -0.865400
vn 0.151900 -0.491100 -0.857800
vn 0.113600 -0.479000 -0.870400
vn 0.073500 -0.879600 -0.470000
vn 0.085900 -0.884200 -0.459100
vn 0.074400 0.469100 -0.880000
vn -0.025400 0.962700 -0.269300
vn -0.034900 0.957200 -0.287300
vn 0.012200 0.455600 -0.890100
vn 0.055100 -0.466200 -0.883000
vn -0.055300 -0.453800 -0.889400
vn -0.030300 -0.857400 -0.513700
vn 0.048300 -0.866800 -0.496300
vn -0.047200 0.482800 -0.874500
vn 0.012000 0.961700 -0.273900
vn -0.007200 0.972600 -0.232400
vn -0.141700 0.550400 -0.822800
vn -0.171900 -0.445300 -0.878700
vn -0.254300 -0.454700 -0.853600
vn -0.059800 -0.900600 -0.430600
vn -0.087100 -0.871400 -0.482700
vn -0.304700 0.601900 -0.738200
vn -0.136000 0.976000 -0.170100
vn -0.220800 0.965200 -0.140300
vn -0.410700 0.610000 -0.677600
vn -0.313600 -0.452900 -0.834600
vn -0.427200 0.603100 -0.673600
vn -0.324400 -0.445100 -0.834600
vn -0.030200 -0.920400 -0.389700
vn -0.031500 -0.917600 -0.396100
vn 0.042500 -0.967500 -0.249300
vn 0.046200 -0.965500 -0.256400
vn 0.013200 -0.963100 -0.268700
vn 0.059800 -0.971300 -0.230100
vn 0.033500 -0.975000 -0.219800
vn -0.022900 -0.977800 -0.208400
vn -0.039100 -0.957800 -0.284700
vn -0.021400 -0.982000 -0.187900
vn -0.019300 -0.959000 -0.282900
vn 0.015800 -0.988700 -0.149100
vn 0.030100 -0.968300 -0.248100
vn 0.024900 -0.992200 -0.121800
vn 0.040600 -0.974700 -0.219900
vn 0.023000 -0.992900 -0.117000
vn 0.042200 -0.975900 -0.214300
vn 0.009000 -0.993000 -0.117600
vn 0.036400 -0.975800 -0.215700
vn -0.021600 -0.993700 -0.110100
vn -0.007400 -0.997500 -0.070100
vn -0.045200 -0.997000 -0.062600
vn -0.098100 -0.994000 -0.048700
vn -0.053800 -0.997800 -0.039800
vn -0.101500 -0.994200 -0.034300
vn -0.172200 -0.984700 -0.026600
vn -0.088100 -0.995500 -0.034600
vn -0.153100 -0.987500 -0.036900
vn -0.228400 -0.972700 -0.041500
vn -0.114300 -0.992300 -0.048600
vn -0.177200 -0.982200 -0.062600
vn -0.898500 -0.439000 -0.005800
vn -0.117200 -0.990600 -0.070800
vn -0.902300 -0.420200 -0.096600
vn -0.745300 0.666700 0.004200
vn -0.924500 -0.333100 -0.185100
vn -0.650900 0.755300 -0.077300
vn -0.607400 0.792800 -0.050300
vn -0.530600 0.835500 -0.142800
vn -0.551800 0.824100 -0.127900
vn -0.588500 0.798800 -0.124800
vn -0.474200 0.853600 -0.215600
vn -0.535200 0.818100 -0.210300
vn -0.595000 0.776100 -0.208800
vn -0.469100 0.827100 -0.309700
vn -0.546500 0.779100 -0.307100
vn -0.536700 0.789000 -0.299000
vn -0.498700 0.777400 -0.383300
vn -0.501000 0.784700 -0.365100
vn -0.455600 0.779800 -0.429300
vn -0.470300 0.779200 -0.414400
vn -0.357800 0.823900 -0.439500
vn -0.322400 0.824200 -0.465500
vn -0.406300 0.826400 -0.389900
vn -0.323400 0.861000 -0.392600
vn -0.289800 0.849700 -0.440500
vn -0.388800 0.866600 -0.313000
vn -0.347200 0.881400 -0.320400
vn -0.289900 0.870500 -0.397800
vn -0.428400 0.875700 -0.222700
vn -0.958800 -0.019400 -0.283300
vn -0.953300 0.040000 -0.299300
vn -0.959000 -0.136300 -0.248400
vn -0.155600 -0.987800 -0.009800
vn -0.224900 -0.972300 0.063100
vn -0.098900 -0.993700 -0.052300
vn 0.003000 -0.999900 -0.015400
vn 0.053000 -0.996200 0.069600
vn -0.058500 -0.997100 -0.049600
vn -0.019500 -0.999300 -0.031100
vn 0.043700 -0.999000 0.012800
vn -0.062200 -0.997300 -0.038300
vn -0.024000 -0.999200 -0.030600
vn 0.012000 -0.999800 -0.015600
vn -0.045500 -0.998500 -0.031500
vn -0.015100 -0.999500 -0.028900
vn 0.001300 -0.999700 -0.022700
vn -0.016600 -0.999000 -0.042200
vn 0.006000 -0.999100 -0.041100
vn 0.005100 -0.999700 -0.025700
vn 0.012500 -0.997500 -0.069200
vn 0.015400 -0.997200 -0.073600
vn 0.009300 -0.999100 -0.042000
vn -0.007600 -0.997800 -0.066600
vn -0.017900 -0.999100 -0.037500
vn 0.008300 -0.999700 -0.020800
vn 0.003700 -0.994800 -0.101500
vn -0.029600 -0.988600 -0.147900
vn -0.043200 -0.991700 -0.121100
vn -0.035400 -0.982500 -0.183000
vn -0.058100 -0.983500 -0.171600
vn -0.064300 -0.993400 -0.095300
vn -0.023800 -0.981600 -0.189200
vn 0.029500 -0.974600 -0.222000
vn 0.015400 -0.972100 -0.234100
vn 0.032000 -0.964200 -0.263300
vn 0.010000 -0.962300 -0.271800
vn -0.008000 -0.971900 -0.235400
vn 0.049700 -0.968800 -0.242600
vn 0.036100 -0.968000 -0.248500
vn 0.018900 -0.961600 -0.273800
vn 0.048800 -0.971600 -0.231500
vn 0.033400 -0.972200 -0.231900
vn 0.020000 -0.967800 -0.250900
vn 0.032000 -0.967100 -0.252200
vn 0.026400 -0.966700 -0.254600
vn 0.032000 -0.971400 -0.235200
vn -0.031100 -0.918000 -0.395400
vn -0.019700 -0.918100 -0.395900
vn 0.019700 -0.925100 -0.379100
vn 0.074100 -0.964400 -0.253800
vn -0.298800 -0.430200 -0.851900
vn -0.199100 -0.418100 -0.886300
vn -0.091500 -0.423900 -0.901100
vn -0.253100 0.630500 -0.733700
vn -0.087100 0.673300 -0.734200
vn -0.112800 0.982800 -0.146200
vn 0.036600 0.988000 -0.150300
vn -0.017000 0.997700 0.065000
vn 0.111100 0.992000 0.059500
vn 0.348900 0.936800 0.028000
vn 0.154900 0.973600 0.167700
vn 0.381600 0.913600 0.140200
vn 0.952400 0.300900 -0.049600
vn 0.940000 0.305600 -0.152000
vn 0.693700 -0.680400 -0.236400
vn 0.654500 -0.711100 -0.256800
vn 0.268800 -0.929300 -0.253300
vn 0.235000 -0.938900 -0.251400
vn 0.089600 -0.965800 -0.243300
vn 0.273800 -0.919400 -0.282200
vn 0.083900 -0.959900 -0.267500
vn 0.022300 -0.966400 -0.256300
vn 0.070500 -0.952900 -0.294900
vn 0.008800 -0.958900 -0.283600
vn 0.004600 -0.960500 -0.278300
vn -0.003300 -0.954600 -0.297800
vn -0.009600 -0.956200 -0.292700
vn 0.001000 -0.958100 -0.286500
vn -0.027500 -0.959000 -0.281900
vn -0.022900 -0.961400 -0.274200
vn -0.021600 -0.966300 -0.256400
vn -0.058200 -0.970800 -0.232700
vn -0.069500 -0.974800 -0.211900
vn -0.107300 -0.980500 -0.164800
vn -0.046700 -0.975700 -0.213900
vn -0.168600 -0.981900 -0.086400
vn -0.101800 -0.985100 -0.138800
vn -0.139700 -0.990200 -0.007300
vn -0.097000 -0.993700 -0.056700
vn -0.020800 -0.999300 0.031300
vn -0.023700 -0.999700 -0.006800
vn 0.039800 -0.998800 0.027500
vn 0.016800 -0.999900 -0.001900
vn 0.044700 -0.998900 0.012000
vn 0.015900 -0.999800 -0.013700
vn 0.034800 -0.999400 -0.001700
vn 0.083300 -0.994000 0.070900
vn 0.079900 -0.995300 0.055400
vn 0.065700 -0.997200 0.036200
vn 0.121700 -0.982400 0.142000
vn 0.117300 -0.985300 0.124600
vn 0.100000 -0.989700 0.102700
vn 0.143100 -0.964300 0.222700
vn 0.129500 -0.969900 0.206400
vn 0.087100 -0.980300 0.177400
vn 0.134800 -0.945300 0.297000
vn 0.098200 -0.954900 0.280100
vn -0.274400 -0.947300 0.165100
vn 0.082200 -0.930400 0.357100
vn -0.289400 -0.920600 0.262300
vn -0.954300 0.067800 -0.291200
vn -0.269700 -0.907800 0.321100
vn -0.961700 0.053000 -0.268800
vn -0.260700 0.858700 -0.441300
vn -0.975500 -0.011600 -0.219800
vn -0.273000 0.840700 -0.467600
vn -0.269300 0.840000 -0.471100
vn -0.250500 0.836100 -0.488100
vn -0.293200 0.828700 -0.476700
vn -0.276400 0.836200 -0.473600
vn -0.272100 0.848800 -0.453400
vn -0.327000 0.839100 -0.434700
vn -0.215300 0.938500 -0.269900
vn -0.333800 0.868400 -0.366700
vn -0.067600 0.992700 -0.099600
vn -0.048400 0.996200 -0.072700
vn 0.130500 0.878800 0.458900
vn 0.054500 0.957200 0.284300
vn 0.021300 0.988900 0.147100
vn 0.098700 0.992500 0.071500
vn 0.189700 0.284200 0.939800
vn 0.111000 0.600600 0.791800
vn 0.134600 0.757700 0.638600
vn 0.219800 0.841300 0.493900
vn 0.234400 0.971500 0.034800
vn 0.110200 -0.412900 0.904100
vn 0.072900 -0.206500 0.975700
vn 0.040400 -0.018600 0.999000
vn -0.018300 0.115000 0.993200
vn 0.276000 0.882900 0.379900
vn -0.018700 -0.813000 0.581900
vn -0.147800 -0.788600 0.596800
vn -0.282100 -0.761300 0.583800
vn -0.393100 -0.733600 0.554300
vn -0.145200 0.182900 0.972300
vn -0.174500 -0.912200 0.370800
vn -0.302500 -0.888500 0.345000
vn -0.386800 -0.865000 0.319600
vn -0.432600 -0.851700 0.295700
vn -0.475700 -0.697800 0.535600
vn -0.307000 -0.900100 0.309200
vn -0.387600 -0.873100 0.295800
vn -0.423700 -0.863400 0.274000
vn -0.423500 -0.871000 0.249100
vn -0.445500 -0.850000 0.281100
vn -0.392400 -0.866600 0.308200
vn -0.419300 -0.862100 0.284400
vn -0.411200 -0.874600 0.256900
vn -0.412100 -0.861700 0.296200
vn -0.394200 -0.878700 0.269300
vn -0.364100 -0.897000 0.250500
vn -0.327400 -0.913900 0.240100
vn -0.361600 -0.894600 0.262500
vn -0.327800 -0.913700 0.240300
vn -0.290500 -0.930600 0.222900
vn -0.232200 -0.949300 0.211800
vn -0.258900 -0.935700 0.239600
vn -0.273100 -0.950200 0.149900
vn -0.240600 -0.961900 0.129900
vn -0.194200 -0.974200 0.115400
vn -0.087200 -0.990300 0.107800
vn -0.088700 -0.972600 0.214700
vn -0.183200 -0.983100 -0.002800
vn -0.141300 -0.989800 -0.015600
vn -0.035500 -0.999000 -0.027700
vn 0.384500 -0.922700 -0.028500
vn 0.340000 -0.936200 0.088700
vn -0.074100 -0.990500 -0.115900
vn 0.055300 -0.990700 -0.124400
vn 0.459600 -0.882100 -0.103000
vn 0.994200 0.075000 0.076900
vn 0.998300 0.049000 0.030100
vn 0.137600 -0.971000 -0.195500
vn 0.498300 -0.849900 -0.171200
vn 0.999200 0.027200 0.028100
vn 0.469500 0.859100 0.203800
vn 0.433000 0.883200 0.180200
vn 0.542000 -0.802500 -0.249500
vn 0.996800 0.070200 -0.039100
vn 0.462500 0.861400 0.210100
vn 0.212300 0.946400 0.243600
vn 0.214900 0.950900 0.222500
vn 0.973500 0.217900 -0.068700
vn 0.415900 0.882700 0.219000
vn 0.208600 0.941900 0.263300
vn 0.127900 0.952400 0.276600
vn 0.136300 0.958300 0.251300
vn 0.388900 0.895000 0.218500
vn 0.199600 0.942300 0.268700
vn 0.113400 0.952000 0.284300
vn 0.067800 0.955500 0.287100
vn 0.091300 0.955900 0.279000
vn 0.190600 0.949000 0.251000
vn 0.097700 0.959200 0.265100
vn 0.045300 0.963000 0.265500
vn 0.003300 0.965800 0.259100
vn 0.033500 0.958200 0.284000
vn 0.079800 0.970800 0.226400
vn 0.016700 0.974400 0.224000
vn -0.029900 0.976000 0.215600
vn -0.058400 0.976500 0.207200
vn -0.025200 0.967600 0.251200
vn -0.027200 0.986300 0.162700
vn -0.077200 0.985200 0.153000
vn -0.098700 0.984900 0.142400
vn -0.061500 0.990400 0.124200
vn -0.043200 0.981600 0.185900
vn -0.141500 0.988700 0.050500
vn -0.146600 0.988200 0.044500
vn -0.082300 0.996100 0.030400
vn 0.033700 0.999400 0.011300
vn 0.039800 0.994200 0.100000
vn 0.051500 0.994600 0.089900
vn 0.062400 0.992500 0.105300
vn 0.042700 0.988800 0.142900
vn 0.039900 0.999200 0.008500
vn -0.041900 0.999100 -0.002800
vn -0.031800 0.997500 0.063300
vn -0.060800 0.997800 0.024700
vn -0.056200 0.998200 0.021600
vn -0.016600 0.997900 0.062200
vn -0.058800 0.998000 -0.023200
vn -0.034600 0.999200 -0.019900
vn -0.044000 0.998900 0.016000
vn -0.009200 0.999700 0.021500
vn -0.005100 0.999900 0.015200
vn -0.043200 0.999000 0.013800
vn -0.000300 1.000000 -0.003400
vn 0.047500 0.998800 0.010100
vn 0.043200 0.998600 0.028900
vn 0.100800 0.994400 0.031800
vn 0.101200 0.994800 0.012000
vn 0.048200 0.998700 0.013700
vn 0.099400 0.995000 0.012700
vn -0.021800 0.998000 0.060100
vn -0.115300 0.990700 0.071700
vn 0.133800 0.971700 -0.194500
vn 0.108500 0.982400 -0.151800
vn -0.415300 0.898000 0.145400
vn 0.218200 0.551600 -0.805000
vn -0.722300 0.672500 0.161300
vn -0.501200 0.853700 0.141100
vn -0.184000 0.981000 0.061100
vn 0.083400 0.996500 -0.000500
vn 0.044700 0.998800 -0.021800
vn 0.051300 0.998700 -0.006800
vn 0.007300 0.999700 -0.023100
vn 0.004100 1.000000 -0.003300
vn -0.032500 0.999100 -0.026200
vn -0.037000 0.999300 -0.003200
vn -0.044700 0.998700 -0.023900
vn -0.050400 0.998700 0.003300
vn 0.019800 0.999700 0.017000
vn 0.000700 0.999000 0.044900
vn 0.102100 0.991000 0.086900
vn 0.078300 0.991600 0.102700
vn 0.068000 0.982500 0.173600
vn 0.050700 0.984200 0.169600
vn 0.004200 0.969400 0.245500
vn -0.022900 0.973300 0.228300
vn 0.007100 0.961900 0.273300
vn 0.052200 0.971200 0.232500
vn 0.050700 0.963200 0.264100
vn 0.069700 0.959000 0.274800
vn 0.107000 0.966600 0.232800
vn 0.107400 0.963400 0.245500
vn 0.114600 0.961200 0.251100
vn 0.149500 0.966800 0.207200
vn 0.141800 0.966000 0.216100
vn 0.151500 0.963400 0.221300
vn 0.192900 0.968400 0.158100
vn 0.192200 0.966200 0.171600
vn 0.233500 0.955200 0.181600
vn 0.261800 0.964900 0.019600
vn 0.287700 0.956900 0.040100
vn 0.433900 0.899300 0.053800
vn 0.356200 0.918800 -0.170400
vn 0.476600 0.867100 -0.145100
vn 0.998700 0.011400 -0.050500
vn 0.537700 0.812900 -0.223900
vn 0.999800 -0.014000 -0.012500
vn 0.350500 -0.913400 0.207000
vn 0.993700 -0.021500 0.109600
vn 0.349400 -0.894500 0.278900
vn -0.093900 -0.962900 0.253000
vn 0.349000 -0.889700 0.294400
vn -0.108800 -0.962900 0.246800
vn 0.357500 -0.883900 0.301500
vn -0.102700 -0.960300 0.259500
vn 0.353700 -0.869300 0.345400
vn 0.978700 -0.037800 0.201700
vn 0.959000 0.043300 0.280000
vn 0.346000 -0.847300 0.403000
vn 0.983100 -0.035800 0.179400
vn 0.648900 0.758000 -0.066000
vn 0.636100 0.769100 -0.062100
vn 0.983700 -0.025600 0.178200
vn 0.633600 0.767900 -0.094500
vn 0.598000 0.783800 -0.167500
vn 0.455100 0.860800 -0.228000
vn 0.426500 0.870200 -0.246700
vn 0.413600 0.871200 -0.264400
vn 0.389700 0.874900 -0.287700
vn 0.385400 0.870400 -0.306200
vn 0.412400 0.873500 -0.258700
vn 0.333300 0.922200 -0.195900
vn 0.337200 0.914500 -0.223400
vn 0.348200 0.902900 -0.251900
vn 0.383900 0.865100 -0.322700
vn 0.269200 0.963100 -0.004500
vn 0.289600 0.956500 -0.036300
vn 0.322700 0.944100 -0.067500
vn 0.365300 0.888000 -0.279200
vn 0.209900 0.967300 0.142600
vn 0.246600 0.962100 0.116600
vn 0.318200 0.945100 0.074600
vn 0.383300 0.918400 -0.097800
vn 0.170200 0.966700 0.190900
vn 0.222800 0.962600 0.154200
vn 0.308500 0.947300 0.085700
vn 0.394000 0.918800 0.022900
vn 0.129100 0.971400 0.199200
vn 0.197800 0.972200 0.125200
vn 0.217600 0.976000 0.008000
vn 0.296400 0.954900 -0.014700
vn 0.110400 0.981400 0.156900
vn 0.145100 0.988100 0.050400
vn 0.045900 0.998500 -0.029800
vn 0.074000 0.993400 -0.087400
vn -0.062400 0.992600 -0.104000
vn -0.081500 0.985500 -0.148600
vn 0.102800 0.988200 -0.113300
vn -0.045800 0.997200 -0.059400
vn -0.042400 0.998000 -0.047900
vn -0.077600 0.993700 -0.080900
vn -0.007300 0.999300 -0.035800
vn 0.138800 0.983500 -0.116400
vn 0.347700 0.936900 -0.036500
vn 0.373200 0.921400 -0.108600
vn 0.433600 0.894700 -0.107000
vn 0.432100 0.869800 -0.238300
vn 0.401100 0.872300 -0.279500
vn 0.414000 0.866300 -0.279600
vn 0.399300 0.855500 -0.329700
vn 0.382500 0.860100 -0.337700
vn 0.389400 0.872900 -0.294000
vn 0.384600 0.874900 -0.294500
vn 0.398200 0.875600 -0.273500
vn 0.372200 0.898600 -0.232400
vn 0.386600 0.899100 -0.205200
vn 0.349100 0.923300 -0.160300
vn 0.359000 0.922500 -0.141800
vn 0.297300 0.953900 -0.040600
vn 0.296600 0.954100 -0.042200
vn 0.156700 0.963800 0.215900
vn 0.140000 0.976700 0.162400
vn 0.156000 0.980600 0.118700
vn -0.431500 0.497400 0.752500
vn -0.392200 0.681400 0.618000
vn -0.306900 0.803500 0.510100
vn 0.192600 0.976300 0.098600
vn -0.126700 0.920900 0.368500
vn 0.249800 0.965300 0.076300
vn 0.361500 0.931600 0.036700
vn 0.575200 0.817500 -0.028300
vn -0.709400 -0.197500 0.676600
vn -0.648500 0.051200 0.759500
vn -0.427700 -0.764500 0.482400
vn -0.661900 -0.432200 0.612400
vn -0.583300 -0.585600 0.562900
vn -0.531600 -0.653700 0.538600
vn -0.380100 0.382200 0.842300
vn -0.287800 0.273000 0.918000
vn 0.200000 0.941600 0.270800
vn 0.258300 0.911100 0.321200
vn 0.318700 0.947400 -0.029900
vn 0.341300 0.939900 -0.010900
vn 0.325700 0.945400 0.010400
vn 0.357600 0.919600 -0.162500
vn 0.366400 0.919300 -0.143400
vn 0.334400 0.934900 -0.119100
vn 0.382400 0.898600 -0.215200
vn 0.376700 0.894400 -0.241000
vn 0.396700 0.881200 -0.256900
vn -0.233900 0.962100 -0.139900
vn -0.094800 0.993800 0.057700
vn -0.196900 0.970000 -0.142400
vn -0.383200 0.613700 -0.690300
vn 0.046000 0.984600 0.168500
vn 0.180500 0.958800 0.219200
vn 0.388400 0.898700 0.203400
vn 0.391900 0.901800 0.182100
vn 0.945600 0.321200 -0.052800
vn 0.948500 0.314800 -0.036100
vn 0.691500 -0.655700 -0.302900
vn 0.699500 -0.664200 -0.263800
vn 0.264400 -0.911700 -0.314400
vn 0.669800 -0.667400 -0.325400
vn 0.249100 -0.910800 -0.329200
vn 0.056800 -0.949500 -0.308500
vn 0.228900 -0.922400 -0.311000
vn 0.043900 -0.954100 -0.296300
vn -0.017200 -0.957700 -0.287400
vn 0.025800 -0.966800 -0.254300
vn -0.037800 -0.968100 -0.247600
vn -0.054900 -0.968800 -0.241500
vn -0.071600 -0.980700 -0.181700
vn -0.093700 -0.980300 -0.173800
vn -0.106500 -0.980900 -0.162500
vn -0.145800 -0.984800 -0.094100
vn -0.168700 -0.982500 -0.078400
vn -0.203200 -0.977800 -0.050800
vn -0.131300 -0.981500 -0.139600
vn -0.259500 -0.965700 -0.004700
vn -0.183000 -0.978700 -0.092700
vn -0.296900 -0.953600 0.050600
vn -0.240500 -0.970300 -0.026900
vn -0.191600 -0.975300 0.110000
vn -0.175300 -0.983700 0.039600
vn -0.009800 -0.988200 0.153000
vn -0.014600 -0.996600 0.081400
vn 0.089800 -0.982300 0.164100
vn 0.069500 -0.994000 0.084400
vn 0.116600 -0.980900 0.155900
vn 0.097600 -0.965300 0.242300
vn 0.132400 -0.961700 0.240100
vn 0.142100 -0.962000 0.233000
vn 0.124900 -0.943900 0.305700
vn 0.135900 -0.942200 0.306300
vn 0.141300 -0.942000 0.304300
vn 0.114500 -0.928900 0.352100
vn 0.121000 -0.925600 0.358500
vn 0.119500 -0.924600 0.361600
vn 0.097000 -0.917400 0.386000
vn 0.098400 -0.913800 0.394000
vn 0.060200 -0.916800 0.394700
vn 0.080800 -0.908400 0.410200
vn 0.042800 -0.909400 0.413700
vn -0.225700 -0.904400 0.362200
vn 0.024300 -0.896700 0.442000
vn -0.180500 -0.882000 0.435400
vn 0.002700 -0.873600 0.486700
vn 0.051100 -0.884700 0.463400
vn 0.047400 -0.850200 0.524300
vn -0.030100 -0.827500 0.560700
vn 0.064300 -0.900100 0.430900
vn 0.063100 -0.906500 0.417600
vn 0.054800 -0.890900 0.451000
vn 0.077700 -0.913000 0.400400
vn 0.075900 -0.919200 0.386500
vn 0.063500 -0.914200 0.400200
vn 0.092900 -0.922700 0.374200
vn 0.089400 -0.929600 0.357600
vn 0.075900 -0.927600 0.365900
vn 0.106100 -0.933900 0.341400
vn 0.079500 -0.941600 0.327200
vn 0.065900 -0.939000 0.337500
vn 0.092300 -0.949900 0.298500
vn -0.018100 -0.956200 0.292100
vn -0.026000 -0.947000 0.320200
vn -0.010900 -0.972100 0.234500
vn -0.201600 -0.957100 0.208200
vn -0.202900 -0.936000 0.287800
vn -0.341400 -0.897300 0.279800
vn -0.334200 -0.885100 0.323900
vn -0.196600 -0.926300 0.321500
vn -0.331900 -0.928100 0.168700
vn -0.328300 -0.936600 0.122700
vn -0.376800 -0.890700 0.254200
vn -0.347500 -0.912100 0.217300
vn -0.390700 -0.873700 0.290000
vn -0.395200 -0.862400 0.316300
vn -0.281000 -0.956900 0.073300
vn -0.239900 -0.970200 0.035200
vn -0.308000 -0.934400 0.179000
vn -0.209000 -0.977800 0.012400
vn -0.123100 -0.986800 -0.105300
vn -0.012600 -0.981800 -0.189400
vn 0.194700 -0.945200 -0.261900
vn 0.612400 -0.728200 -0.307700
vn 0.947600 0.313100 -0.063000
vn -0.395900 -0.861200 0.318900
vn -0.323200 -0.887800 0.327600
vn -0.313800 -0.894100 0.319600
vn -0.182500 -0.927700 0.325600
vn -0.187600 -0.925600 0.328900
vn -0.034600 -0.943600 0.329300
vn -0.028800 -0.944100 0.328500
vn 0.055400 -0.938400 0.341000
vn -0.036900 -0.941600 0.334600
vn 0.046000 -0.936200 0.348400
vn 0.064500 -0.924800 0.374900
vn 0.041900 -0.918300 0.393700
vn 0.058600 -0.909000 0.412600
vn 0.056600 -0.898900 0.434400
vn 0.072700 -0.844200 0.531100
vn 0.067200 -0.852200 0.518900
vn 0.060500 -0.853500 0.517600
vn 0.121700 -0.716300 0.687100
vn 0.091800 -0.763900 0.638800
vn 0.054100 -0.774800 0.629900
vn -0.107200 -0.697200 0.708900
vn 0.237000 -0.036500 0.970800
vn 0.133300 -0.603800 0.785900
vn 0.054300 -0.830600 0.554200
vn -0.036300 -0.921900 0.385700
vn -0.178700 -0.929000 0.323900
f 1//1 2//2 3//3 4//4
f 1//1 4//4 5//5 6//6
f 1//1 6//6 7//7 8//8
f 1//1 8//8 9//9 10//10
f 1//1 10//10 11//11 2//2
f 12//12 13//13 14//14 15//15
f 12//12 16//16 17//17 18//18
f 12//12 15//15 19//19 16//16
f 20//20 21//21 22//22 23//23
f 20//20 23//23 24//24 25//25
f 20//20 26//26 27//27 21//21
f 28//28 29//29 25//25 30//30
f 28//28 31//31 32//32 29//29
f 28//28 30//30 33//33 34//34
f 35//35 36//36 37//37 38//38
f 35//35 39//39 40//40 36//36
f 35//35 38//38 41//41 42//42
f 35//35 43//43 44//44 39//39
f 35//35 42//42 45//45 43//43
f 46//46 47//47 48//48 49//49
f 46//46 50//50 51//51 47//47
f 46//46 52//52 53//53 50//50
f 46//46 49//49 54//54 55//55
f 46//46 55//55 56//56 52//52
f 41//41 57//57 58//58 42//42
f 41//41 38//38 59//59 57//57
f 60//60 61//61 62//62 63//63
f 60//60 64//64 65//65 61//61
f 60//60 63//63 66//66 64//64
f 67//67 68//68 69//69 70//70
f 67//67 70//70 22//22 21//21
f 67//67 71//71 72//72 73//73
f 67//67 21//21 27//27 71//71
f 67//67 73//73 74//74 68//68
f 26//26 75//75 76//76 27//27
f 25//25 77//77 76//76 75//75
f 25//25 29//29 78//78 77//77
f 25//25 24//24 79//79 30//30
f 31//31 80//80 81//81 32//32
f 81//81 80//80 82//82 83//83
f 84//84 85//85 18//18 17//17
f 84//84 86//86 87//87 85//85
f 84//84 17//17 88//88 86//86
f 12//12 18//18 89//89 13//13
f 15//15 90//90 91//91 92//92
f 15//15 92//92 93//93 19//19
f 92//92 91//91 94//94 93//93
f 95//95 96//96 97//97 98//98
f 95//95 99//99 100//100 96//96
f 101//101 102//102 103//103 104//104
f 101//101 105//105 106//106 107//107
f 101//101 104//104 108//108 105//105
f 101//101 107//107 109//109 110//110
f 101//101 110//110 111//111 102//102
f 15//15 14//14 112//112 90//90
f 112//112 113//113 114//114 115//115
f 112//112 115//115 116//116 90//90
f 112//112 14//14 13//13 113//113
f 116//116 117//117 91//91 90//90
f 116//116 115//115 118//118 119//119
f 116//116 119//119 120//120 117//117
f 120//120 121//121 122//122 117//117
f 120//120 119//119 123//123 124//124
f 120//120 124//124 125//125 121//121
f 125//125 126//126 127//127 121//121
f 125//125 124//124 128//128 129//129
f 125//125 129//129 130//130 126//126
f 130//130 131//131 132//132 126//126
f 130//130 129//129 133//133 134//134
f 130//130 134//134 135//135 131//131
f 135//135 136//136 137//137 131//131
f 135//135 134//134 138//138 139//139
f 135//135 139//139 140//140 136//136
f 140//140 141//141 142//142 136//136
f 140//140 139//139 143//143 144//144
f 140//140 144//144 145//145 141//141
f 145//145 146//146 147//147 141//141
f 145//145 144//144 148//148 149//149
f 145//145 149//149 150//150 146//146
f 150//150 151//151 152//152 146//146
f 150//150 149//149 153//153 154//154
f 150//150 154//154 155//155 151//151
f 155//155 156//156 157//157 151//151
f 155//155 154//154 158//158 159//159
f 155//155 159//159 160//160 156//156
f 160//160 161//161 162//162 156//156
f 160//160 159//159 163//163 164//164
f 160//160 164//164 165//165 161//161
f 165//165 166//166 167//167 161//161
f 165//165 164//164 168//168 169//169
f 165//165 169//169 170//170 166//166
f 170//170 171//171 172//172 166//166
f 170//170 169//169 173//173 174//174
f 170//170 174//174 175//175 171//171
f 175//175 176//176 177//177 171//171
f 175//175 174//174 178//178 179//179
f 175//175 179//179 180//180 176//176
f 180//180 181//181 98//98 176//176
f 180//180 179//179 182//182 183//183
f 180//180 183//183 99//99 181//181
f 183//183 182//182 184//184 185//185
f 183//183 185//185 100//100 99//99
f 185//185 184//184 186//186 187//187
f 185//185 187//187 188//188 100//100
f 188//188 189//189 96//96 100//100
f 188//188 187//187 190//190 191//191
f 188//188 191//191 192//192 189//189
f 192//192 193//193 194//194 189//189
f 192//192 191//191 195//195 196//196
f 192//192 196//196 197//197 193//193
f 197//197 196//196 198//198 199//199
f 197//197 199//199 200//200 201//201
f 197//197 201//201 202//202 193//193
f 202//202 201//201 203//203 204//204
f 202//202 204//204 172//172 205//205
f 202//202 205//205 194//194 193//193
f 205//205 172//172 171//171 177//177
f 205//205 177//177 97//97 194//194
f 204//204 203//203 206//206 167//167
f 204//204 167//167 166//166 172//172
f 206//206 203//203 207//207 208//208
f 206//206 208//208 209//209 162//162
f 206//206 162//162 161//161 167//167
f 209//209 208//208 210//210 211//211
f 209//209 211//211 212//212 157//157
f 209//209 157//157 156//156 162//162
f 212//212 211//211 213//213 214//214
f 212//212 214//214 215//215 152//152
f 212//212 152//152 151//151 157//157
f 215//215 214//214 216//216 217//217
f 215//215 217//217 218//218 147//147
f 215//215 147//147 146//146 152//152
f 218//218 217//217 219//219 220//220
f 218//218 220//220 221//221 142//142
f 218//218 142//142 141//141 147//147
f 221//221 220//220 222//222 223//223
f 221//221 223//223 224//224 137//137
f 221//221 137//137 136//136 142//142
f 224//224 223//223 225//225 226//226
f 224//224 226//226 227//227 132//132
f 224//224 132//132 131//131 137//137
f 227//227 226//226 228//228 229//229
f 227//227 229//229 230//230 127//127
f 227//227 127//127 126//126 132//132
f 230//230 229//229 231//231 232//232
f 230//230 232//232 94//94 122//122
f 230//230 122//122 121//121 127//127
f 232//232 231//231 233//233 234//234
f 232//232 234//234 93//93 94//94
f 234//234 233//233 235//235 236//236
f 234//234 236//236 19//19 93//93
f 236//236 235//235 237//237 238//238
f 236//236 238//238 16//16 19//19
f 238//238 237//237 239//239 88//88
f 238//238 88//88 17//17 16//16
f 239//239 240//240 241//241 242//242
f 239//239 242//242 86//86 88//88
f 239//239 237//237 243//243 240//240
f 243//243 244//244 245//245 240//240
f 243//243 237//237 235//235 246//246
f 243//243 246//246 247//247 244//244
f 247//247 248//248 249//249 244//244
f 247//247 246//246 250//250 251//251
f 247//247 251//251 252//252 248//248
f 252//252 253//253 254//254 248//248
f 252//252 251//251 255//255 256//256
f 252//252 256//256 257//257 253//253
f 257//257 9//9 258//258 253//253
f 257//257 256//256 259//259 260//260
f 257//257 260//260 10//10 9//9
f 260//260 259//259 261//261 262//262
f 260//260 262//262 11//11 10//10
f 262//262 261//261 222//222 263//263
f 262//262 263//263 264//264 11//11
f 264//264 265//265 2//2 11//11
f 264//264 263//263 219//219 266//266
f 264//264 266//266 267//267 265//265
f 267//267 268//268 269//269 265//265
f 267//267 266//266 216//216 270//270
f 267//267 270//270 271//271 268//268
f 271//271 272//272 273//273 268//268
f 271//271 270//270 213//213 274//274
f 271//271 274//274 275//275 272//272
f 275//275 276//276 277//277 272//272
f 275//275 274//274 210//210 278//278
f 275//275 278//278 279//279 276//276
f 279//279 280//280 281//281 276//276
f 279//279 278//278 207//207 200//200
f 279//279 200//200 199//199 280//280
f 281//281 282//282 283//283 284//284
f 281//281 284//284 277//277 276//276
f 281//281 280//280 285//285 282//282
f 285//285 286//286 287//287 282//282
f 285//285 280//280 199//199 198//198
f 285//285 198//198 288//288 286//286
f 288//288 198//198 196//196 195//195
f 288//288 195//195 289//289 290//290
f 288//288 290//290 291//291 286//286
f 291//291 290//290 292//292 293//293
f 291//291 293//293 294//294 295//295
f 291//291 295//295 287//287 286//286
f 295//295 294//294 296//296 297//297
f 295//295 297//297 298//298 287//287
f 298//298 283//283 282//282 287//287
f 298//298 297//297 299//299 300//300
f 298//298 300//300 301//301 283//283
f 301//301 302//302 284//284 283//283
f 301//301 300//300 303//303 304//304
f 301//301 304//304 305//305 302//302
f 305//305 306//306 307//307 302//302
f 305//305 304//304 308//308 309//309
f 305//305 309//309 310//310 306//306
f 310//310 311//311 312//312 306//306
f 310//310 309//309 313//313 314//314
f 310//310 314//314 315//315 311//311
f 315//315 4//4 3//3 311//311
f 315//315 314//314 316//316 317//317
f 315//315 317//317 5//5 4//4
f 317//317 316//316 69//69 318//318
f 317//317 318//318 74//74 5//5
f 316//316 314//314 313//313 319//319
f 316//316 319//319 70//70 69//69
f 319//319 313//313 320//320 321//321
f 319//319 321//321 22//22 70//70
f 321//321 320//320 322//322 323//323
f 321//321 323//323 23//23 22//22
f 323//323 322//322 324//324 325//325
f 323//323 325//325 24//24 23//23
f 325//325 324//324 105//105 108//108
f 325//325 108//108 79//79 24//24
f 324//324 322//322 326//326 327//327
f 324//324 327//327 106//106 105//105
f 327//327 326//326 303//303 328//328
f 327//327 328//328 329//329 106//106
f 329//329 328//328 299//299 330//330
f 329//329 330//330 331//331 332//332
f 329//329 332//332 107//107 106//106
f 332//332 331//331 333//333 334//334
f 332//332 334//334 109//109 107//107
f 334//334 333//333 335//335 336//336
f 334//334 336//336 337//337 109//109
f 337//337 336//336 338//338 339//339
f 337//337 339//339 340//340 341//341
f 337//337 341//341 110//110 109//109
f 341//341 340//340 342//342 343//343
f 341//341 343//343 111//111 110//110
f 343//343 342//342 344//344 345//345
f 343//343 345//345 346//346 111//111
f 346//346 347//347 102//102 111//111
f 346//346 345//345 348//348 349//349
f 346//346 349//349 350//350 347//347
f 350//350 351//351 352//352 347//347
f 350//350 349//349 353//353 354//354
f 350//350 354//354 355//355 351//351
f 355//355 356//356 357//357 351//351
f 355//355 354//354 358//358 359//359
f 355//355 359//359 360//360 356//356
f 360//360 361//361 362//362 356//356
f 360//360 359//359 363//363 364//364
f 360//360 364//364 78//78 361//361
f 364//364 363//363 365//365 366//366
f 364//364 366//366 77//77 78//78
f 366//366 365//365 367//367 368//368
f 366//366 368//368 76//76 77//77
f 368//368 367//367 72//72 71//71
f 368//368 71//71 27//27 76//76
f 367//367 365//365 369//369 370//370
f 367//367 370//370 7//7 72//72
f 370//370 369//369 371//371 372//372
f 370//370 372//372 8//8 7//7
f 372//372 371//371 373//373 258//258
f 372//372 258//258 9//9 8//8
f 373//373 371//371 374//374 375//375
f 373//373 375//375 376//376 254//254
f 373//373 254//254 253//253 258//258
f 376//376 375//375 377//377 378//378
f 376//376 378//378 379//379 249//249
f 376//376 249//249 248//248 254//254
f 379//379 378//378 380//380 381//381
f 379//379 381//381 382//382 245//245
f 379//379 245//245 244//244 249//249
f 382//382 381//381 383//383 384//384
f 382//382 384//384 385//385 241//241
f 382//382 241//241 240//240 245//245
f 385//385 384//384 386//386 387//387
f 385//385 387//387 388//388 389//389
f 385//385 389//389 242//242 241//241
f 389//389 388//388 390//390 87//87
f 389//389 87//87 86//86 242//242
f 390//390 388//388 391//391 392//392
f 390//390 392//392 393//393 394//394
f 390//390 394//394 85//85 87//87
f 394//394 393//393 395//395 89//89
f 394//394 89//89 18//18 85//85
f 395//395 393//393 396//396 397//397
f 395//395 397//397 114//114 113//113
f 395//395 113//113 13//13 89//89
f 397//397 396//396 398//398 399//399
f 397//397 399//399 400//400 114//114
f 400//400 399//399 401//401 402//402
f 400//400 402//402 403//403 118//118
f 400//400 118//118 115//115 114//114
f 403//403 402//402 404//404 405//405
f 403//403 405//405 406//406 123//123
f 403//403 123//123 119//119 118//118
f 406//406 128//128 124//124 123//123
f 406//406 405//405 407//407 408//408
f 406//406 408//408 409//409 128//128
f 409//409 133//133 129//129 128//128
f 409//409 408//408 410//410 411//411
f 409//409 411//411 412//412 133//133
f 412//412 138//138 134//134 133//133
f 412//412 411//411 413//413 414//414
f 412//412 414//414 415//415 138//138
f 415//415 143//143 139//139 138//138
f 415//415 414//414 53//53 52//52
f 415//415 52//52 56//56 143//143
f 414//414 413//413 416//416 53//53
f 416//416 413//413 417//417 418//418
f 416//416 418//418 419//419 420//420
f 416//416 420//420 50//50 53//53
f 420//420 419//419 421//421 422//422
f 420//420 422//422 51//51 50//50
f 422//422 421//421 423//423 424//424
f 422//422 424//424 425//425 51//51
f 425//425 65//65 47//47 51//51
f 425//425 424//424 426//426 427//427
f 425//425 427//427 61//61 65//65
f 427//427 426//426 428//428 429//429
f 427//427 429//429 62//62 61//61
f 429//429 428//428 430//430 431//431
f 429//429 431//431 432//432 62//62
f 432//432 433//433 63//63 62//62
f 432//432 431//431 434//434 435//435
f 432//432 435//435 436//436 433//433
f 436//436 437//437 438//438 433//433
f 436//436 435//435 439//439 440//440
f 436//436 440//440 441//441 437//437
f 441//441 442//442 443//443 437//437
f 441//441 440//440 444//444 445//445
f 441//441 445//445 446//446 442//442
f 446//446 447//447 448//448 442//442
f 446//446 445//445 449//449 58//58
f 446//446 58//58 57//57 447//447
f 449//449 450//450 451//451 45//45
f 449//449 45//45 42//42 58//58
f 449//449 445//445 444//444 450//450
f 451//451 452//452 453//453 454//454
f 451//451 454//454 43//43 45//45
f 451//451 450//450 455//455 452//452
f 455//455 456//456 457//457 452//452
f 455//455 450//450 444//444 458//458
f 455//455 458//458 459//459 456//456
f 459//459 460//460 461//461 456//456
f 459//459 458//458 439//439 462//462
f 459//459 462//462 463//463 460//460
f 462//462 439//439 435//435 434//434
f 462//462 434//434 464//464 463//463
f 461//461 465//465 423//423 466//466
f 461//461 466//466 457//457 456//456
f 461//461 460//460 467//467 465//465
f 467//467 428//428 426//426 465//465
f 467//467 460//460 463//463 468//468
f 467//467 468//468 430//430 428//428
f 466//466 423//423 421//421 469//469
f 466//466 469//469 470//470 457//457
f 470//470 469//469 471//471 472//472
f 470//470 472//472 473//473 453//453
f 470//470 453//453 452//452 457//457
f 473//473 472//472 474//474 475//475
f 473//473 475//475 476//476 477//477
f 473//473 477//477 454//454 453//453
f 477//477 476//476 478//478 44//44
f 477//477 44//44 43//43 454//454
f 478//478 476//476 479//479 480//480
f 478//478 480//480 481//481 482//482
f 478//478 482//482 39//39 44//44
f 482//482 481//481 483//483 484//484
f 482//482 484//484 40//40 39//39
f 484//484 485//485 486//486 40//40
f 484//484 483//483 487//487 485//485
f 487//487 488//488 489//489 485//485
f 487//487 483//483 490//490 491//491
f 487//487 491//491 492//492 488//488
f 492//492 493//493 494//494 488//488
f 492//492 491//491 495//495 496//496
f 492//492 496//496 497//497 493//493
f 497//497 498//498 499//499 493//493
f 497//497 496//496 500//500 501//501
f 497//497 501//501 335//335 498//498
f 501//501 500//500 502//502 338//338
f 501//501 338//338 336//336 335//335
f 502//502 500//500 503//503 504//504
f 502//502 504//504 505//505 506//506
f 502//502 506//506 339//339 338//338
f 506//506 505//505 507//507 508//508
f 506//506 508//508 340//340 339//339
f 508//508 507//507 509//509 510//510
f 508//508 510//510 342//342 340//340
f 510//510 509//509 386//386 511//511
f 510//510 511//511 344//344 342//342
f 511//511 386//386 384//384 383//383
f 511//511 383//383 512//512 344//344
f 512//512 348//348 345//345 344//344
f 512//512 383//383 381//381 380//380
f 512//512 380//380 513//513 348//348
f 513//513 353//353 349//349 348//348
f 513//513 380//380 378//378 377//377
f 513//513 377//377 514//514 353//353
f 514//514 358//358 354//354 353//353
f 514//514 377//377 375//375 374//374
f 514//514 374//374 515//515 358//358
f 515//515 363//363 359//359 358//358
f 515//515 374//374 371//371 369//369
f 515//515 369//369 365//365 363//363
f 509//509 507//507 516//516 517//517
f 509//509 517//517 387//387 386//386
f 517//517 516//516 518//518 391//391
f 517//517 391//391 388//388 387//387
f 518//518 516//516 519//519 520//520
f 518//518 520//520 521//521 522//522
f 518//518 522//522 392//392 391//391
f 522//522 521//521 398//398 396//396
f 522//522 396//396 393//393 392//392
f 521//521 520//520 523//523 524//524
f 521//521 524//524 525//525 398//398
f 525//525 524//524 526//526 527//527
f 525//525 527//527 528//528 401//401
f 525//525 401//401 399//399 398//398
f 528//528 527//527 529//529 530//530
f 528//528 530//530 531//531 404//404
f 528//528 404//404 402//402 401//401
f 531//531 407//407 405//405 404//404
f 531//531 530//530 532//532 533//533
f 531//531 533//533 534//534 407//407
f 534//534 410//410 408//408 407//407
f 534//534 533//533 535//535 536//536
f 534//534 536//536 417//417 410//410
f 536//536 535//535 474//474 537//537
f 536//536 537//537 418//418 417//417
f 537//537 474//474 472//472 471//471
f 537//537 471//471 419//419 418//418
f 535//535 533//533 532//532 538//538
f 535//535 538//538 475//475 474//474
f 538//538 532//532 539//539 479//479
f 538//538 479//479 476//476 475//475
f 539//539 540//540 480//480 479//479
f 539//539 532//532 530//530 529//529
f 539//539 529//529 541//541 540//540
f 541//541 542//542 543//543 540//540
f 541//541 529//529 527//527 526//526
f 541//541 526//526 544//544 542//542
f 544//544 545//545 546//546 542//542
f 544//544 526//526 524//524 523//523
f 544//544 523//523 547//547 545//545
f 547//547 504//504 503//503 545//545
f 547//547 523//523 520//520 519//519
f 547//547 519//519 505//505 504//504
f 546//546 495//495 491//491 490//490
f 546//546 490//490 543//543 542//542
f 546//546 545//545 503//503 495//495
f 543//543 490//490 483//483 481//481
f 543//543 481//481 480//480 540//540
f 519//519 516//516 507//507 505//505
f 503//503 500//500 496//496 495//495
f 499//499 548//548 549//549 550//550
f 499//499 550//550 494//494 493//493
f 499//499 498//498 551//551 548//548
f 551//551 552//552 553//553 548//548
f 551//551 498//498 335//335 333//333
f 551//551 333//333 331//331 552//552
f 553//553 294//294 293//293 554//554
f 553//553 554//554 549//549 548//548
f 553//553 552//552 296//296 294//294
f 554//554 293//293 292//292 555//555
f 554//554 555//555 556//556 549//549
f 556//556 555//555 557//557 558//558
f 556//556 558//558 559//559 560//560
f 556//556 560//560 550//550 549//549
f 560//560 559//559 561//561 562//562
f 560//560 562//562 494//494 550//550
f 562//562 561//561 563//563 489//489
f 562//562 489//489 488//488 494//494
f 563//563 561//561 564//564 565//565
f 563//563 565//565 566//566 486//486
f 563//563 486//486 485//485 489//489
f 566//566 565//565 567//567 568//568
f 566//566 568//568 37//37 36//36
f 566//566 36//36 40//40 486//486
f 568//568 567//567 569//569 570//570
f 568//568 570//570 571//571 37//37
f 571//571 570//570 572//572 573//573
f 571//571 573//573 574//574 59//59
f 571//571 59//59 38//38 37//37
f 574//574 573//573 575//575 576//576
f 574//574 576//576 448//448 447//447
f 574//574 447//447 57//57 59//59
f 576//576 575//575 577//577 578//578
f 576//576 578//578 579//579 448//448
f 579//579 578//578 580//580 581//581
f 579//579 581//581 582//582 443//443
f 579//579 443//443 442//442 448//448
f 582//582 581//581 583//583 584//584
f 582//582 584//584 66//66 438//438
f 582//582 438//438 437//437 443//443
f 584//584 583//583 49//49 48//48
f 584//584 48//48 64//64 66//66
f 583//583 585//585 54//54 49//49
f 583//583 581//581 580//580 585//585
f 585//585 586//586 587//587 54//54
f 585//585 580//580 588//588 586//586
f 588//588 589//589 590//590 586//586
f 588//588 580//580 578//578 577//577
f 588//588 577//577 591//591 589//589
f 591//591 592//592 593//593 589//589
f 591//591 577//577 575//575 594//594
f 591//591 594//594 595//595 592//592
f 595//595 596//596 597//597 592//592
f 595//595 594//594 572//572 598//598
f 595//595 598//598 599//599 596//596
f 599//599 600//600 601//601 596//596
f 599//599 598//598 569//569 602//602
f 599//599 602//602 603//603 600//600
f 603//603 604//604 605//605 600//600
f 603//603 602//602 606//606 607//607
f 603//603 607//607 608//608 604//604
f 608//608 609//609 610//610 604//604
f 608//608 607//607 611//611 612//612
f 608//608 612//612 613//613 609//609
f 613//613 614//614 186//186 609//609
f 613//613 612//612 558//558 557//557
f 613//613 557//557 615//615 614//614
f 615//615 289//289 190//190 614//614
f 615//615 557//557 555//555 292//292
f 615//615 292//292 290//290 289//289
f 614//614 190//190 187//187 186//186
f 612//612 611//611 559//559 558//558
f 611//611 607//607 606//606 564//564
f 611//611 564//564 561//561 559//559
f 610//610 184//184 182//182 616//616
f 610//610 616//616 605//605 604//604
f 610//610 609//609 186//186 184//184
f 616//616 182//182 179//179 178//178
f 616//616 178//178 617//617 605//605
f 617//617 178//178 174//174 173//173
f 617//617 173//173 618//618 601//601
f 617//617 601//601 600//600 605//605
f 618//618 173//173 169//169 168//168
f 618//618 168//168 619//619 597//597
f 618//618 597//597 596//596 601//601
f 619//619 168//168 164//164 163//163
f 619//619 163//163 620//620 593//593
f 619//619 593//593 592//592 597//597
f 620//620 163//163 159//159 158//158
f 620//620 158//158 621//621 590//590
f 620//620 590//590 589//589 593//593
f 621//621 158//158 154//154 153//153
f 621//621 153//153 622//622 587//587
f 621//621 587//587 586//586 590//590
f 622//622 153//153 149//149 148//148
f 622//622 148//148 56//56 55//55
f 622//622 55//55 54//54 587//587
f 606//606 602//602 569//569 567//567
f 606//606 567//567 565//565 564//564
f 598//598 572//572 570//570 569//569
f 594//594 575//575 573//573 572//572
f 552//552 331//331 330//330 296//296
f 471//471 469//469 421//421 419//419
f 465//465 426//426 424//424 423//423
f 458//458 444//444 440//440 439//439
f 438//438 66//66 63//63 433//433
f 434//434 431//431 430//430 464//464
f 417//417 413//413 411//411 410//410
f 361//361 32//32 81//81 362//362
f 361//361 78//78 29//29 32//32
f 357//357 623//623 83//83 624//624
f 357//357 624//624 352//352 351//351
f 357//357 356//356 362//362 623//623
f 624//624 83//83 82//82 625//625
f 624//624 625//625 103//103 352//352
f 625//625 82//82 33//33 626//626
f 625//625 626//626 104//104 103//103
f 626//626 33//33 30//30 79//79
f 626//626 79//79 108//108 104//104
f 352//352 103//103 102//102 347//347
f 330//330 299//299 297//297 296//296
f 328//328 303//303 300//300 299//299
f 326//326 308//308 304//304 303//303
f 326//326 322//322 320//320 308//308
f 320//320 313//313 309//309 308//308
f 312//312 311//311 3//3 269//269
f 312//312 269//269 268//268 273//273
f 312//312 273//273 307//307 306//306
f 307//307 273//273 272//272 277//277
f 307//307 277//277 284//284 302//302
f 289//289 195//195 191//191 190//190
f 278//278 210//210 208//208 207//207
f 274//274 213//213 211//211 210//210
f 270//270 216//216 214//214 213//213
f 269//269 3//3 2//2 265//265
f 266//266 219//219 217//217 216//216
f 263//263 222//222 220//220 219//219
f 261//261 259//259 627//627 225//225
f 261//261 225//225 223//223 222//222
f 627//627 259//259 256//256 255//255
f 627//627 255//255 628//628 228//228
f 627//627 228//228 226//226 225//225
f 628//628 255//255 251//251 250//250
f 628//628 250//250 233//233 231//231
f 628//628 231//231 229//229 228//228
f 250//250 246//246 235//235 233//233
f 207//207 203//203 201//201 200//200
f 194//194 97//97 96//96 189//189
f 177//177 176//176 98//98 97//97
f 148//148 144//144 143//143 56//56
f 122//122 94//94 91//91 117//117
f 181//181 99//99 95//95 98//98
f 82//82 80//80 34//34 33//33
f 73//73 72//72 7//7 6//6
f 73//73 6//6 5//5 74//74
f 65//65 64//64 48//48 47//47
f 318//318 69//69 68//68 74//74
f 81//81 83//83 623//623 362//362
f 464//464 430//430 468//468 463//463
f 28//28 34//34 80//80 31//31
f 75//75 26//26 20//20 25//25
f 629//629 630//630 631//631 632//632
f 629//629 633//633 634//634 630//630
f 629//629 635//635 636//636 637//637
f 629//629 637//637 638//638 633//633
f 629//629 632//632 639//639 635//635
f 640//640 641//641 642//642 643//643
f 640//640 644//644 645//645 641//641
f 640//640 643//643 646//646 644//644
f 647//647 648//648 649//649 650//650
f 647//647 651//651 652//652 648//648
f 653//653 654//654 655//655 656//656
f 653//653 656//656 657//657 658//658
f 653//653 658//658 659//659 654//654
f 659//659 660//660 661//661 654//654
f 659//659 658//658 662//662 660//660
f 663//663 664//664 665//665 666//666
f 663//663 666//666 667//667 668//668
f 663//663 669//669 670//670 664//664
f 663//663 668//668 671//671 669//669
f 638//638 637//637 636//636 672//672
f 644//644 673//673 674//674 675//675
f 676//676 677//677 678//678 679//679
f 676//676 679//679 680//680 681//681
f 676//676 681//681 673//673 677//677
f 636//636 635//635 682//682 683//683
f 636//636 683//683 684//684 672//672
f 644//644 646//646 677//677 673//673
f 651//651 685//685 686//686 652//652
f 687//687 688//688 689//689 690//690
f 687//687 691//691 692//692 688//688
f 687//687 690//690 693//693 691//691
f 694//694 695//695 696//696 697//697
f 694//694 698//698 699//699 700//700
f 694//694 700//700 701//701 695//695
f 694//694 692//692 691//691 698//698
f 694//694 697//697 702//702 692//692
f 681//681 680//680 674//674 673//673
f 702//702 697//697 703//703 704//704
f 702//702 704//704 705//705 706//706
f 702//702 706//706 688//688 692//692
f 706//706 705//705 652//652 686//686
f 706//706 686//686 689//689 688//688
f 705//705 704//704 707//707 708//708
f 705//705 708//708 648//648 652//652
f 708//708 707//707 709//709 710//710
f 708//708 710//710 649//649 648//648
f 710//710 709//709 711//711 712//712
f 710//710 712//712 713//713 649//649
f 713//713 712//712 714//714 715//715
f 713//713 715//715 716//716 717//717
f 713//713 717//717 650//650 649//649
f 717//717 716//716 718//718 719//719
f 717//717 719//719 720//720 650//650
f 720//720 721//721 647//647 650//650
f 720//720 719//719 693//693 690//690
f 720//720 690//690 689//689 721//721
f 719//719 718//718 722//722 693//693
f 722//722 718//718 723//723 724//724
f 722//722 724//724 699//699 698//698
f 722//722 698//698 691//691 693//693
f 724//724 723//723 725//725 726//726
f 724//724 726//726 727//727 699//699
f 727//727 726//726 728//728 729//729
f 727//727 729//729 730//730 731//731
f 727//727 731//731 700//700 699//699
f 731//731 730//730 732//732 733//733
f 731//731 733//733 701//701 700//700
f 733//733 732//732 734//734 735//735
f 733//733 735//735 736//736 701//701
f 736//736 737//737 695//695 701//701
f 736//736 735//735 738//738 739//739
f 736//736 739//739 740//740 737//737
f 740//740 741//741 742//742 737//737
f 740//740 739//739 743//743 744//744
f 740//740 744//744 745//745 741//741
f 745//745 746//746 747//747 741//741
f 745//745 744//744 748//748 749//749
f 745//745 749//749 750//750 746//746
f 750//750 751//751 752//752 746//746
f 750//750 749//749 753//753 754//754
f 750//750 754//754 755//755 751//751
f 755//755 756//756 757//757 751//751
f 755//755 754//754 758//758 759//759
f 755//755 759//759 760//760 756//756
f 760//760 759//759 656//656 655//655
f 760//760 655//655 761//761 762//762
f 760//760 762//762 763//763 756//756
f 763//763 762//762 764//764 765//765
f 763//763 765//765 766//766 767//767
f 763//763 767//767 757//757 756//756
f 767//767 766//766 768//768 769//769
f 767//767 769//769 770//770 757//757
f 770//770 752//752 751//751 757//757
f 770//770 769//769 771//771 772//772
f 770//770 772//772 773//773 752//752
f 773//773 747//747 746//746 752//752
f 773//773 772//772 774//774 775//775
f 773//773 775//775 776//776 747//747
f 776//776 742//742 741//741 747//747
f 776//776 775//775 777//777 778//778
f 776//776 778//778 696//696 742//742
f 778//778 777//777 779//779 703//703
f 778//778 703//703 697//697 696//696
f 779//779 777//777 780//780 781//781
f 779//779 781//781 709//709 707//707
f 779//779 707//707 704//704 703//703
f 781//781 780//780 782//782 783//783
f 781//781 783//783 711//711 709//709
f 783//783 782//782 784//784 785//785
f 783//783 785//785 786//786 711//711
f 786//786 785//785 787//787 788//788
f 786//786 788//788 789//789 714//714
f 786//786 714//714 712//712 711//711
f 789//789 788//788 790//790 791//791
f 789//789 791//791 792//792 793//793
f 789//789 793//793 715//715 714//714
f 793//793 792//792 794//794 795//795
f 793//793 795//795 716//716 715//715
f 795//795 794//794 725//725 723//723
f 795//795 723//723 718//718 716//716
f 794//794 792//792 796//796 797//797
f 794//794 797//797 798//798 725//725
f 798//798 797//797 799//799 800//800
f 798//798 800//800 801//801 728//728
f 798//798 728//728 726//726 725//725
f 801//801 800//800 802//802 803//803
f 801//801 803//803 804//804 805//805
f 801//801 805//805 729//729 728//728
f 805//805 804//804 806//806 807//807
f 805//805 807//807 730//730 729//729
f 807//807 806//806 808//808 809//809
f 807//807 809//809 732//732 730//730
f 809//809 808//808 810//810 811//811
f 809//809 811//811 734//734 732//732
f 811//811 810//810 812//812 813//813
f 811//811 813//813 814//814 734//734
f 814//814 738//738 735//735 734//734
f 814//814 813//813 815//815 816//816
f 814//814 816//816 817//817 738//738
f 817//817 743//743 739//739 738//738
f 817//817 816//816 818//818 819//819
f 817//817 819//819 820//820 743//743
f 820//820 748//748 744//744 743//743
f 820//820 819//819 821//821 822//822
f 820//820 822//822 823//823 748//748
f 823//823 753//753 749//749 748//748
f 823//823 822//822 824//824 825//825
f 823//823 825//825 826//826 753//753
f 826//826 758//758 754//754 753//753
f 826//826 825//825 827//827 828//828
f 826//826 828//828 657//657 758//758
f 828//828 827//827 829//829 662//662
f 828//828 662//662 658//658 657//657
f 829//829 827//827 830//830 831//831
f 829//829 831//831 832//832 833//833
f 829//829 833//833 660//660 662//662
f 833//833 832//832 834//834 835//835
f 833//833 835//835 661//661 660//660
f 835//835 834//834 836//836 837//837
f 835//835 837//837 761//761 661//661
f 837//837 836//836 838//838 764//764
f 837//837 764//764 762//762 761//761
f 838//838 836//836 839//839 840//840
f 838//838 840//840 841//841 842//842
f 838//838 842//842 765//765 764//764
f 842//842 841//841 843//843 844//844
f 842//842 844//844 766//766 765//765
f 844//844 843//843 845//845 846//846
f 844//844 846//846 768//768 766//766
f 846//846 845//845 847//847 848//848
f 846//846 848//848 849//849 768//768
f 849//849 771//771 769//769 768//768
f 849//849 848//848 850//850 851//851
f 849//849 851//851 852//852 771//771
f 852//852 774//774 772//772 771//771
f 852//852 851//851 784//784 782//782
f 852//852 782//782 780//780 774//774
f 851//851 850//850 853//853 784//784
f 853//853 850//850 854//854 855//855
f 853//853 855//855 856//856 787//787
f 853//853 787//787 785//785 784//784
f 856//856 855//855 857//857 858//858
f 856//856 858//858 859//859 790//790
f 856//856 790//790 788//788 787//787
f 859//859 858//858 860//860 861//861
f 859//859 861//861 862//862 863//863
f 859//859 863//863 791//791 790//790
f 863//863 862//862 864//864 796//796
f 863//863 796//796 792//792 791//791
f 864//864 862//862 865//865 866//866
f 864//864 866//866 867//867 799//799
f 864//864 799//799 797//797 796//796
f 867//867 866//866 868//868 869//869
f 867//867 869//869 870//870 802//802
f 867//867 802//802 800//800 799//799
f 870//870 869//869 871//871 872//872
f 870//870 872//872 873//873 874//874
f 870//870 874//874 803//803 802//802
f 874//874 873//873 875//875 876//876
f 874//874 876//876 804//804 803//803
f 876//876 875//875 877//877 878//878
f 876//876 878//878 806//806 804//804
f 878//878 877//877 879//879 880//880
f 878//878 880//880 808//808 806//806
f 880//880 879//879 881//881 882//882
f 880//880 882//882 810//810 808//808
f 882//882 881//881 883//883 884//884
f 882//882 884//884 812//812 810//810
f 884//884 883//883 885//885 886//886
f 884//884 886//886 887//887 812//812
f 887//887 815//815 813//813 812//812
f 887//887 886//886 888//888 889//889
f 887//887 889//889 890//890 815//815
f 890//890 818//818 816//816 815//815
f 890//890 889//889 891//891 892//892
f 890//890 892//892 893//893 818//818
f 893//893 821//821 819//819 818//818
f 893//893 892//892 894//894 895//895
f 893//893 895//895 896//896 821//821
f 896//896 824//824 822//822 821//821
f 896//896 895//895 897//897 898//898
f 896//896 898//898 830//830 824//824
f 898//898 897//897 899//899 900//900
f 898//898 900//900 831//831 830//830
f 900//900 899//899 901//901 902//902
f 900//900 902//902 832//832 831//831
f 902//902 901//901 903//903 904//904
f 902//902 904//904 834//834 832//832
f 904//904 903//903 905//905 839//839
f 904//904 839//839 836//836 834//834
f 905//905 903//903 906//906 907//907
f 905//905 907//907 908//908 909//909
f 905//905 909//909 840//840 839//839
f 909//909 908//908 910//910 911//911
f 909//909 911//911 841//841 840//840
f 911//911 910//910 912//912 913//913
f 911//911 913//913 843//843 841//841
f 913//913 912//912 914//914 915//915
f 913//913 915//915 845//845 843//843
f 915//915 914//914 916//916 917//917
f 915//915 917//917 847//847 845//845
f 917//917 916//916 918//918 919//919
f 917//917 919//919 854//854 847//847
f 919//919 918//918 920//920 857//857
f 919//919 857//857 855//855 854//854
f 920//920 918//918 921//921 922//922
f 920//920 922//922 923//923 860//860
f 920//920 860//860 858//858 857//857
f 923//923 922//922 924//924 925//925
f 923//923 925//925 926//926 927//927
f 923//923 927//927 861//861 860//860
f 927//927 926//926 928//928 865//865
f 927//927 865//865 862//862 861//861
f 928//928 926//926 929//929 930//930
f 928//928 930//930 931//931 868//868
f 928//928 868//868 866//866 865//865
f 931//931 930//930 932//932 933//933
f 931//931 933//933 934//934 871//871
f 931//931 871//871 869//869 868//868
f 934//934 933//933 935//935 936//936
f 934//934 936//936 937//937 938//938
f 934//934 938//938 872//872 871//871
f 938//938 937//937 939//939 940//940
f 938//938 940//940 873//873 872//872
f 940//940 939//939 941//941 942//942
f 940//940 942//942 875//875 873//873
f 942//942 941//941 943//943 944//944
f 942//942 944//944 877//877 875//875
f 944//944 943//943 945//945 946//946
f 944//944 946//946 879//879 877//877
f 946//946 945//945 947//947 948//948
f 946//946 948//948 881//881 879//879
f 948//948 947//947 949//949 950//950
f 948//948 950//950 883//883 881//881
f 950//950 949//949 951//951 952//952
f 950//950 952//952 885//885 883//883
f 952//952 951//951 953//953 954//954
f 952//952 954//954 955//955 885//885
f 955//955 888//888 886//886 885//885
f 955//955 954//954 956//956 957//957
f 955//955 957//957 958//958 888//888
f 958//958 891//891 889//889 888//888
f 958//958 957//957 959//959 960//960
f 958//958 960//960 961//961 891//891
f 961//961 894//894 892//892 891//891
f 961//961 960//960 962//962 963//963
f 961//961 963//963 964//964 894//894
f 964//964 897//897 895//895 894//894
f 964//964 963//963 965//965 966//966
f 964//964 966//966 899//899 897//897
f 966//966 965//965 967//967 968//968
f 966//966 968//968 901//901 899//899
f 968//968 967//967 969//969 906//906
f 968//968 906//906 903//903 901//901
f 969//969 967//967 970//970 971//971
f 969//969 971//971 972//972 973//973
f 969//969 973//973 907//907 906//906
f 973//973 972//972 974//974 975//975
f 973//973 975//975 908//908 907//907
f 975//975 974//974 976//976 977//977
f 975//975 977//977 910//910 908//908
f 977//977 976//976 978//978 979//979
f 977//977 979//979 912//912 910//910
f 979//979 978//978 980//980 981//981
f 979//979 981//981 914//914 912//912
f 981//981 980//980 982//982 983//983
f 981//981 983//983 916//916 914//914
f 983//983 982//982 984//984 921//921
f 983//983 921//921 918//918 916//916
f 984//984 982//982 985//985 986//986
f 984//984 986//986 987//987 924//924
f 984//984 924//924 922//922 921//921
f 987//987 986//986 988//988 989//989
f 987//987 989//989 990//990 991//991
f 987//987 991//991 925//925 924//924
f 991//991 990//990 992//992 929//929
f 991//991 929//929 926//926 925//925
f 992//992 990//990 993//993 994//994
f 992//992 994//994 995//995 932//932
f 992//992 932//932 930//930 929//929
f 995//995 994//994 996//996 997//997
f 995//995 997//997 998//998 935//935
f 995//995 935//935 933//933 932//932
f 998//998 997//997 999//999 1000//1000
f 998//998 1000//1000 1001//1001 1002//1002
f 998//998 1002//1002 936//936 935//935
f 1002//1002 1001//1001 1003//1003 1004//1004
f 1002//1002 1004//1004 937//937 936//936
f 1004//1004 1003//1003 1005//1005 1006//1006
f 1004//1004 1006//1006 939//939 937//937
f 1006//1006 1005//1005 1007//1007 1008//1008
f 1006//1006 1008//1008 941//941 939//939
f 1008//1008 1007//1007 1009//1009 1010//1010
f 1008//1008 1010//1010 943//943 941//941
f 1010//1010 1009//1009 1011//1011 1012//1012
f 1010//1010 1012//1012 945//945 943//943
f 1012//1012 1011//1011 1013//1013 1014//1014
f 1012//1012 1014//1014 947//947 945//945
f 1014//1014 1013//1013 1015//1015 1016//1016
f 1014//1014 1016//1016 949//949 947//947
f 1016//1016 1015//1015 1017//1017 1018//1018
f 1016//1016 1018//1018 951//951 949//949
f 1018//1018 1017//1017 1019//1019 1020//1020
f 1018//1018 1020//1020 953//953 951//951
f 1020//1020 1019//1019 1021//1021 1022//1022
f 1020//1020 1022//1022 1023//1023 953//953
f 1023//1023 956//956 954//954 953//953
f 1023//1023 1022//1022 1024//1024 1025//1025
f 1023//1023 1025//1025 1026//1026 956//956
f 1026//1026 959//959 957//957 956//956
f 1026//1026 1025//1025 1027//1027 1028//1028
f 1026//1026 1028//1028 1029//1029 959//959
f 1029//1029 962//962 960//960 959//959
f 1029//1029 1028//1028 1030//1030 1031//1031
f 1029//1029 1031//1031 1032//1032 962//962
f 1032//1032 965//965 963//963 962//962
f 1032//1032 1031//1031 1033//1033 970//970
f 1032//1032 970//970 967//967 965//965
f 1033//1033 1031//1031 1030//1030 1034//1034
f 1033//1033 1034//1034 1035//1035 1036//1036
f 1033//1033 1036//1036 971//971 970//970
f 1036//1036 1035//1035 1037//1037 1038//1038
f 1036//1036 1038//1038 972//972 971//971
f 1038//1038 1037//1037 1039//1039 1040//1040
f 1038//1038 1040//1040 974//974 972//972
f 1040//1040 1039//1039 1041//1041 1042//1042
f 1040//1040 1042//1042 976//976 974//974
f 1042//1042 1041//1041 1043//1043 1044//1044
f 1042//1042 1044//1044 978//978 976//976
f 1044//1044 1043//1043 1045//1045 1046//1046
f 1044//1044 1046//1046 980//980 978//978
f 1046//1046 1045//1045 1047//1047 985//985
f 1046//1046 985//985 982//982 980//980
f 1047//1047 1045//1045 1048//1048 1049//1049
f 1047//1047 1049//1049 1050//1050 988//988
f 1047//1047 988//988 986//986 985//985
f 1050//1050 1049//1049 1051//1051 1052//1052
f 1050//1050 1052//1052 1053//1053 1054//1054
f 1050//1050 1054//1054 989//989 988//988
f 1054//1054 1053//1053 1055//1055 993//993
f 1054//1054 993//993 990//990 989//989
f 1055//1055 1053//1053 1056//1056 1057//1057
f 1055//1055 1057//1057 1058//1058 996//996
f 1055//1055 996//996 994//994 993//993
f 1058//1058 1057//1057 1059//1059 1060//1060
f 1058//1058 1060//1060 631//631 999//999
f 1058//1058 999//999 997//997 996//996
f 1060//1060 1059//1059 1061//1061 1062//1062
f 1060//1060 1062//1062 632//632 631//631
f 1062//1062 1063//1063 639//639 632//632
f 1062//1062 1061//1061 1064//1064 1063//1063
f 1064//1064 1065//1065 1066//1066 1063//1063
f 1064//1064 1061//1061 1067//1067 1068//1068
f 1064//1064 1068//1068 1069//1069 1065//1065
f 1069//1069 1070//1070 1071//1071 1065//1065
f 1069//1069 1068//1068 1072//1072 1073//1073
f 1069//1069 1073//1073 1074//1074 1070//1070
f 1074//1074 1017//1017 1015//1015 1070//1070
f 1074//1074 1073//1073 1075//1075 1076//1076
f 1074//1074 1076//1076 1019//1019 1017//1017
f 1076//1076 1075//1075 1077//1077 1078//1078
f 1076//1076 1078//1078 1021//1021 1019//1019
f 1078//1078 1077//1077 645//645 1079//1079
f 1078//1078 1079//1079 1080//1080 1021//1021
f 1080//1080 1024//1024 1022//1022 1021//1021
f 1080//1080 1079//1079 675//675 1081//1081
f 1080//1080 1081//1081 1082//1082 1024//1024
f 1082//1082 1027//1027 1025//1025 1024//1024
f 1082//1082 1081//1081 1083//1083 1084//1084
f 1082//1082 1084//1084 1085//1085 1027//1027
f 1085//1085 1030//1030 1028//1028 1027//1027
f 1085//1085 1084//1084 669//669 671//671
f 1085//1085 671//671 1034//1034 1030//1030
f 1084//1084 1083//1083 670//670 669//669
f 1083//1083 1081//1081 675//675 674//674
f 1083//1083 674//674 680//680 670//670
f 1079//1079 645//645 644//644 675//675
f 1077//1077 1075//1075 1086//1086 1087//1087
f 1077//1077 1087//1087 641//641 645//645
f 1087//1087 1086//1086 1088//1088 1089//1089
f 1087//1087 1089//1089 642//642 641//641
f 1089//1089 1090//1090 1091//1091 642//642
f 1089//1089 1088//1088 1092//1092 1090//1090
f 1092//1092 1093//1093 1094//1094 1090//1090
f 1092//1092 1088//1088 1095//1095 1096//1096
f 1092//1092 1096//1096 1097//1097 1093//1093
f 1097//1097 1052//1052 1051//1051 1093//1093
f 1097//1097 1096//1096 1098//1098 1056//1056
f 1097//1097 1056//1056 1053//1053 1052//1052
f 1098//1098 1096//1096 1095//1095 1067//1067
f 1098//1098 1067//1067 1061//1061 1059//1059
f 1098//1098 1059//1059 1057//1057 1056//1056
f 1095//1095 1088//1088 1086//1086 1072//1072
f 1095//1095 1072//1072 1068//1068 1067//1067
f 1094//1094 1099//1099 1100//1100 1101//1101
f 1094//1094 1101//1101 1091//1091 1090//1090
f 1094//1094 1093//1093 1051//1051 1099//1099
f 1101//1101 1100//1100 1102//1102 1103//1103
f 1101//1101 1103//1103 1104//1104 1091//1091
f 1104//1104 1103//1103 1105//1105 1106//1106
f 1104//1104 1106//1106 646//646 643//643
f 1104//1104 643//643 642//642 1091//1091
f 1106//1106 1105//1105 665//665 678//678
f 1106//1106 678//678 677//677 646//646
f 1105//1105 1107//1107 666//666 665//665
f 1105//1105 1103//1103 1102//1102 1107//1107
f 1107//1107 1108//1108 667//667 666//666
f 1107//1107 1102//1102 1109//1109 1108//1108
f 1109//1109 1041//1041 1039//1039 1108//1108
f 1109//1109 1102//1102 1100//1100 1110//1110
f 1109//1109 1110//1110 1043//1043 1041//1041
f 1110//1110 1100//1100 1099//1099 1048//1048
f 1110//1110 1048//1048 1045//1045 1043//1043
f 1108//1108 1039//1039 1037//1037 667//667
f 1099//1099 1051//1051 1049//1049 1048//1048
f 1086//1086 1075//1075 1073//1073 1072//1072
f 1071//1071 1013//1013 1011//1011 1111//1111
f 1071//1071 1111//1111 1066//1066 1065//1065
f 1071//1071 1070//1070 1015//1015 1013//1013
f 1111//1111 1011//1011 1009//1009 1112//1112
f 1111//1111 1112//1112 1113//1113 1066//1066
f 1113//1113 1112//1112 1114//1114 682//682
f 1113//1113 682//682 635//635 639//639
f 1113//1113 639//639 1063//1063 1066//1066
f 1114//1114 1007//1007 1005//1005 1115//1115
f 1114//1114 1115//1115 683//683 682//682
f 1114//1114 1112//1112 1009//1009 1007//1007
f 1115//1115 1005//1005 1003//1003 1116//1116
f 1115//1115 1116//1116 684//684 683//683
f 1116//1116 1003//1003 1001//1001 634//634
f 1116//1116 634//634 633//633 684//684
f 1037//1037 1035//1035 668//668 667//667
f 1035//1035 1034//1034 671//671 668//668
f 1001//1001 1000//1000 630//630 634//634
f 1000//1000 999//999 631//631 630//630
f 854//854 850//850 848//848 847//847
f 830//830 827//827 825//825 824//824
f 780//780 777//777 775//775 774//774
f 761//761 655//655 654//654 661//661
f 759//759 758//758 657//657 656//656
f 742//742 696//696 695//695 737//737
f 689//689 686//686 685//685 721//721
f 684//684 633//633 638//638 672//672
f 680//680 679//679 664//664 670//670
f 679//679 678//678 665//665 664//664
f 647//647 721//721 685//685 651//651
f 1117//1117 1118//1118 1119//1119 1120//1120
f 1117//1117 1121//1121 1122//1122 1123//1123
f 1117//1117 1123//1123 1124//1124 1118//1118
f 1117//1117 1125//1125 1126//1126 1127//1127
f 1117//1117 1120//1120 1128//1128 1125//1125
f 1129//1129 1130//1130 1131//1131 1132//1132
f 1129//1129 1133//1133 1134//1134 1130//1130
f 1129//1129 1135//1135 1136//1136 1133//1133
f 1137//1137 1138//1138 1139//1139 1140//1140
f 1137//1137 1140//1140 1141//1141 1142//1142
f 1137//1137 1142//1142 1143//1143 1138//1138
f 1144//1144 1145//1145 1146//1146 1147//1147
f 1144//1144 1147//1147 1127//1127 1126//1126
f 1144//1144 1148//1148 1149//1149 1145//1145
f 1144//1144 1150//1150 1151//1151 1148//1148
f 1152//1152 1153//1153 1154//1154 1155//1155
f 1152//1152 1155//1155 1156//1156 1157//1157
f 1152//1152 1157//1157 1158//1158 1153//1153
f 1132//1132 1159//1159 1156//1156 1160//1160
f 1132//1132 1161//1161 1162//1162 1159//1159
f 1124//1124 1163//1163 1164//1164 1118//1118
f 1123//1123 1122//1122 1165//1165 1124//1124
f 1166//1166 1167//1167 1168//1168 1169//1169
f 1166//1166 1170//1170 1171//1171 1167//1167
f 1166//1166 1169//1169 1172//1172 1170//1170
f 1168//1168 1173//1173 1174//1174 1175//1175
f 1168//1168 1176//1176 1177//1177 1173//1173
f 1168//1168 1167//1167 1178//1178 1176//1176
f 1168//1168 1175//1175 1179//1179 1169//1169
f 1180//1180 1181//1181 1182//1182 1183//1183
f 1180//1180 1184//1184 1185//1185 1181//1181
f 1182//1182 1186//1186 1187//1187 1183//1183
f 1182//1182 1181//1181 1188//1188 1186//1186
f 1189//1189 1158//1158 1157//1157 1190//1190
f 1191//1191 1192//1192 1158//1158 1189//1189
f 1189//1189 1190//1190 1193//1193 1191//1191
f 1194//1194 1195//1195 1196//1196 1197//1197
f 1194//1194 1197//1197 1198//1198 1199//1199
f 1194//1194 1200//1200 1201//1201 1195//1195
f 1202//1202 1203//1203 1204//1204 1205//1205
f 1202//1202 1206//1206 1207//1207 1203//1203
f 1208//1208 1209//1209 1163//1163 1210//1210
f 1208//1208 1211//1211 1146//1146 1209//1209
f 1208//1208 1210//1210 1212//1212 1211//1211
f 1213//1213 1214//1214 1215//1215 1216//1216
f 1213//1213 1216//1216 1217//1217 1218//1218
f 1219//1219 1220//1220 1221//1221 1222//1222
f 1219//1219 1223//1223 1224//1224 1220//1220
f 1219//1219 1222//1222 1225//1225 1226//1226
f 1227//1227 1228//1228 1229//1229 1230//1230
f 1227//1227 1231//1231 1232//1232 1233//1233
f 1227//1227 1233//1233 1234//1234 1228//1228
f 1227//1227 1235//1235 1236//1236 1231//1231
f 1227//1227 1230//1230 1237//1237 1235//1235
f 1237//1237 1230//1230 1238//1238 1239//1239
f 1237//1237 1239//1239 1240//1240 1241//1241
f 1237//1237 1241//1241 1242//1242 1235//1235
f 1242//1242 1241//1241 1243//1243 1244//1244
f 1242//1242 1244//1244 1245//1245 1246//1246
f 1242//1242 1246//1246 1236//1236 1235//1235
f 1246//1246 1245//1245 1247//1247 1248//1248
f 1246//1246 1248//1248 1249//1249 1236//1236
f 1249//1249 1250//1250 1231//1231 1236//1236
f 1249//1249 1248//1248 1251//1251 1252//1252
f 1249//1249 1252//1252 1253//1253 1250//1250
f 1253//1253 1254//1254 1255//1255 1250//1250
f 1253//1253 1252//1252 1256//1256 1257//1257
f 1253//1253 1257//1257 1258//1258 1254//1254
f 1258//1258 1259//1259 1260//1260 1254//1254
f 1258//1258 1257//1257 1223//1223 1261//1261
f 1258//1258 1261//1261 1262//1262 1259//1259
f 1262//1262 1263//1263 1264//1264 1259//1259
f 1262//1262 1261//1261 1265//1265 1266//1266
f 1262//1262 1266//1266 1267//1267 1263//1263
f 1267//1267 1196//1196 1195//1195 1263//1263
f 1267//1267 1266//1266 1268//1268 1269//1269
f 1267//1267 1269//1269 1270//1270 1196//1196
f 1270//1270 1198//1198 1197//1197 1196//1196
f 1270//1270 1269//1269 1139//1139 1138//1138
f 1270//1270 1138//1138 1143//1143 1198//1198
f 1269//1269 1268//1268 1271//1271 1139//1139
f 1271//1271 1268//1268 1272//1272 1273//1273
f 1271//1271 1273//1273 1274//1274 1275//1275
f 1271//1271 1275//1275 1140//1140 1139//1139
f 1275//1275 1274//1274 1276//1276 1277//1277
f 1275//1275 1277//1277 1141//1141 1140//1140
f 1277//1277 1276//1276 1234//1234 1278//1278
f 1277//1277 1278//1278 1279//1279 1141//1141
f 1279//1279 1280//1280 1142//1142 1141//1141
f 1279//1279 1278//1278 1281//1281 1282//1282
f 1279//1279 1282//1282 1283//1283 1280//1280
f 1283//1283 1284//1284 1285//1285 1280//1280
f 1283//1283 1282//1282 1286//1286 1205//1205
f 1283//1283 1205//1205 1204//1204 1284//1284
f 1286//1286 1282//1282 1281//1281 1287//1287
f 1286//1286 1287//1287 1288//1288 1206//1206
f 1286//1286 1206//1206 1202//1202 1205//1205
f 1288//1288 1287//1287 1232//1232 1255//1255
f 1288//1288 1255//1255 1254//1254 1260//1260
f 1288//1288 1260//1260 1207//1207 1206//1206
f 1287//1287 1281//1281 1233//1233 1232//1232
f 1285//1285 1199//1199 1198//1198 1143//1143
f 1285//1285 1143//1143 1142//1142 1280//1280
f 1285//1285 1284//1284 1289//1289 1199//1199
f 1284//1284 1204//1204 1200//1200 1289//1289
f 1281//1281 1278//1278 1234//1234 1233//1233
f 1276//1276 1274//1274 1290//1290 1291//1291
f 1276//1276 1291//1291 1228//1228 1234//1234
f 1291//1291 1290//1290 1292//1292 1293//1293
f 1291//1291 1293//1293 1229//1229 1228//1228
f 1293//1293 1292//1292 1294//1294 1295//1295
f 1293//1293 1295//1295 1296//1296 1229//1229
f 1296//1296 1295//1295 1297//1297 1298//1298
f 1296//1296 1298//1298 1299//1299 1238//1238
f 1296//1296 1238//1238 1230//1230 1229//1229
f 1299//1299 1298//1298 1300//1300 1301//1301
f 1299//1299 1301//1301 1302//1302 1303//1303
f 1299//1299 1303//1303 1239//1239 1238//1238
f 1303//1303 1302//1302 1304//1304 1305//1305
f 1303//1303 1305//1305 1240//1240 1239//1239
f 1305//1305 1304//1304 1306//1306 1307//1307
f 1305//1305 1307//1307 1308//1308 1240//1240
f 1308//1308 1307//1307 1309//1309 1310//1310
f 1308//1308 1310//1310 1311//1311 1243//1243
f 1308//1308 1243//1243 1241//1241 1240//1240
f 1311//1311 1310//1310 1312//1312 1313//1313
f 1311//1311 1313//1313 1314//1314 1315//1315
f 1311//1311 1315//1315 1244//1244 1243//1243
f 1315//1315 1314//1314 1316//1316 1317//1317
f 1315//1315 1317//1317 1245//1245 1244//1244
f 1317//1317 1316//1316 1318//1318 1319//1319
f 1317//1317 1319//1319 1247//1247 1245//1245
f 1319//1319 1318//1318 1320//1320 1321//1321
f 1319//1319 1321//1321 1322//1322 1247//1247
f 1322//1322 1251//1251 1248//1248 1247//1247
f 1322//1322 1321//1321 1323//1323 1324//1324
f 1322//1322 1324//1324 1325//1325 1251//1251
f 1325//1325 1256//1256 1252//1252 1251//1251
f 1325//1325 1324//1324 1326//1326 1327//1327
f 1325//1325 1327//1327 1224//1224 1256//1256
f 1327//1327 1326//1326 1328//1328 1329//1329
f 1327//1327 1329//1329 1220//1220 1224//1224
f 1329//1329 1328//1328 1330//1330 1331//1331
f 1329//1329 1331//1331 1221//1221 1220//1220
f 1331//1331 1330//1330 1332//1332 1333//1333
f 1331//1331 1333//1333 1334//1334 1221//1221
f 1334//1334 1335//1335 1222//1222 1221//1221
f 1334//1334 1333//1333 1336//1336 1337//1337
f 1334//1334 1337//1337 1338//1338 1335//1335
f 1338//1338 1339//1339 1340//1340 1335//1335
f 1338//1338 1337//1337 1341//1341 1342//1342
f 1338//1338 1342//1342 1343//1343 1339//1339
f 1343//1343 1342//1342 1344//1344 1345//1345
f 1343//1343 1345//1345 1346//1346 1347//1347
f 1343//1343 1347//1347 1348//1348 1339//1339
f 1348//1348 1347//1347 1349//1349 1350//1350
f 1348//1348 1350//1350 1294//1294 1351//1351
f 1348//1348 1351//1351 1340//1340 1339//1339
f 1351//1351 1294//1294 1292//1292 1352//1352
f 1351//1351 1352//1352 1225//1225 1340//1340
f 1352//1352 1292//1292 1290//1290 1353//1353
f 1352//1352 1353//1353 1226//1226 1225//1225
f 1353//1353 1273//1273 1272//1272 1226//1226
f 1353//1353 1290//1290 1274//1274 1273//1273
f 1350//1350 1349//1349 1354//1354 1297//1297
f 1350//1350 1297//1297 1295//1295 1294//1294
f 1354//1354 1349//1349 1355//1355 1356//1356
f 1354//1354 1356//1356 1357//1357 1300//1300
f 1354//1354 1300//1300 1298//1298 1297//1297
f 1357//1357 1356//1356 1358//1358 1359//1359
f 1357//1357 1359//1359 1360//1360 1361//1361
f 1357//1357 1361//1361 1301//1301 1300//1300
f 1361//1361 1360//1360 1362//1362 1363//1363
f 1361//1361 1363//1363 1302//1302 1301//1301
f 1363//1363 1362//1362 1364//1364 1365//1365
f 1363//1363 1365//1365 1304//1304 1302//1302
f 1365//1365 1364//1364 1366//1366 1367//1367
f 1365//1365 1367//1367 1306//1306 1304//1304
f 1367//1367 1366//1366 1368//1368 1369//1369
f 1367//1367 1369//1369 1370//1370 1306//1306
f 1370//1370 1369//1369 1371//1371 1372//1372
f 1370//1370 1372//1372 1373//1373 1309//1309
f 1370//1370 1309//1309 1307//1307 1306//1306
f 1373//1373 1372//1372 1374//1374 1375//1375
f 1373//1373 1375//1375 1376//1376 1312//1312
f 1373//1373 1312//1312 1310//1310 1309//1309
f 1376//1376 1375//1375 1377//1377 1378//1378
f 1376//1376 1378//1378 1379//1379 1380//1380
f 1376//1376 1380//1380 1313//1313 1312//1312
f 1380//1380 1379//1379 1381//1381 1382//1382
f 1380//1380 1382//1382 1314//1314 1313//1313
f 1382//1382 1381//1381 1383//1383 1384//1384
f 1382//1382 1384//1384 1316//1316 1314//1314
f 1384//1384 1383//1383 1385//1385 1386//1386
f 1384//1384 1386//1386 1318//1318 1316//1316
f 1386//1386 1385//1385 1387//1387 1388//1388
f 1386//1386 1388//1388 1320//1320 1318//1318
f 1388//1388 1387//1387 1389//1389 1390//1390
f 1388//1388 1390//1390 1391//1391 1320//1320
f 1391//1391 1323//1323 1321//1321 1320//1320
f 1391//1391 1390//1390 1392//1392 1393//1393
f 1391//1391 1393//1393 1394//1394 1323//1323
f 1394//1394 1326//1326 1324//1324 1323//1323
f 1394//1394 1393//1393 1395//1395 1396//1396
f 1394//1394 1396//1396 1328//1328 1326//1326
f 1396//1396 1395//1395 1397//1397 1398//1398
f 1396//1396 1398//1398 1330//1330 1328//1328
f 1398//1398 1397//1397 1399//1399 1400//1400
f 1398//1398 1400//1400 1332//1332 1330//1330
f 1400//1400 1399//1399 1401//1401 1402//1402
f 1400//1400 1402//1402 1403//1403 1332//1332
f 1403//1403 1336//1336 1333//1333 1332//1332
f 1403//1403 1402//1402 1404//1404 1405//1405
f 1403//1403 1405//1405 1406//1406 1336//1336
f 1406//1406 1341//1341 1337//1337 1336//1336
f 1406//1406 1405//1405 1407//1407 1408//1408
f 1406//1406 1408//1408 1409//1409 1341//1341
f 1409//1409 1344//1344 1342//1342 1341//1341
f 1409//1409 1408//1408 1410//1410 1411//1411
f 1409//1409 1411//1411 1412//1412 1344//1344
f 1412//1412 1413//1413 1345//1345 1344//1344
f 1412//1412 1411//1411 1414//1414 1191//1191
f 1412//1412 1191//1191 1193//1193 1413//1413
f 1414//1414 1411//1411 1410//1410 1415//1415
f 1414//1414 1415//1415 1416//1416 1417//1417
f 1414//1414 1417//1417 1192//1192 1191//1191
f 1417//1417 1416//1416 1418//1418 1419//1419
f 1417//1417 1419//1419 1420//1420 1192//1192
f 1420//1420 1153//1153 1158//1158 1192//1192
f 1420//1420 1419//1419 1421//1421 1422//1422
f 1420//1420 1422//1422 1154//1154 1153//1153
f 1422//1422 1421//1421 1423//1423 1424//1424
f 1422//1422 1424//1424 1136//1136 1154//1154
f 1424//1424 1423//1423 1425//1425 1426//1426
f 1424//1424 1426//1426 1133//1133 1136//1136
f 1426//1426 1425//1425 1427//1427 1428//1428
f 1426//1426 1428//1428 1134//1134 1133//1133
f 1428//1428 1427//1427 1429//1429 1430//1430
f 1428//1428 1430//1430 1431//1431 1134//1134
f 1431//1431 1432//1432 1130//1130 1134//1134
f 1431//1431 1430//1430 1433//1433 1434//1434
f 1431//1431 1434//1434 1435//1435 1432//1432
f 1435//1435 1436//1436 1437//1437 1432//1432
f 1435//1435 1434//1434 1438//1438 1439//1439
f 1435//1435 1439//1439 1440//1440 1436//1436
f 1440//1440 1441//1441 1162//1162 1436//1436
f 1440//1440 1439//1439 1442//1442 1443//1443
f 1440//1440 1443//1443 1444//1444 1441//1441
f 1444//1444 1193//1193 1190//1190 1441//1441
f 1444//1444 1443//1443 1445//1445 1446//1446
f 1444//1444 1446//1446 1413//1413 1193//1193
f 1446//1446 1445//1445 1355//1355 1346//1346
f 1446//1446 1346//1346 1345//1345 1413//1413
f 1445//1445 1443//1443 1442//1442 1358//1358
f 1445//1445 1358//1358 1356//1356 1355//1355
f 1442//1442 1439//1439 1438//1438 1447//1447
f 1442//1442 1447//1447 1359//1359 1358//1358
f 1447//1447 1438//1438 1448//1448 1449//1449
f 1447//1447 1449//1449 1360//1360 1359//1359
f 1449//1449 1448//1448 1450//1450 1451//1451
f 1449//1449 1451//1451 1362//1362 1360//1360
f 1451//1451 1450//1450 1452//1452 1453//1453
f 1451//1451 1453//1453 1364//1364 1362//1362
f 1453//1453 1452//1452 1454//1454 1455//1455
f 1453//1453 1455//1455 1366//1366 1364//1364
f 1455//1455 1454//1454 1456//1456 1457//1457
f 1455//1455 1457//1457 1368//1368 1366//1366
f 1457//1457 1456//1456 1458//1458 1459//1459
f 1457//1457 1459//1459 1460//1460 1368//1368
f 1460//1460 1459//1459 1461//1461 1462//1462
f 1460//1460 1462//1462 1463//1463 1371//1371
f 1460//1460 1371//1371 1369//1369 1368//1368
f 1463//1463 1462//1462 1464//1464 1465//1465
f 1463//1463 1465//1465 1466//1466 1374//1374
f 1463//1463 1374//1374 1372//1372 1371//1371
f 1466//1466 1465//1465 1467//1467 1468//1468
f 1466//1466 1468//1468 1469//1469 1377//1377
f 1466//1466 1377//1377 1375//1375 1374//1374
f 1469//1469 1468//1468 1470//1470 1471//1471
f 1469//1469 1471//1471 1472//1472 1473//1473
f 1469//1469 1473//1473 1378//1378 1377//1377
f 1473//1473 1472//1472 1474//1474 1475//1475
f 1473//1473 1475//1475 1379//1379 1378//1378
f 1475//1475 1474//1474 1476//1476 1477//1477
f 1475//1475 1477//1477 1381//1381 1379//1379
f 1477//1477 1476//1476 1478//1478 1479//1479
f 1477//1477 1479//1479 1383//1383 1381//1381
f 1479//1479 1478//1478 1480//1480 1481//1481
f 1479//1479 1481//1481 1385//1385 1383//1383
f 1481//1481 1480//1480 1482//1482 1483//1483
f 1481//1481 1483//1483 1387//1387 1385//1385
f 1483//1483 1482//1482 1484//1484 1485//1485
f 1483//1483 1485//1485 1389//1389 1387//1387
f 1485//1485 1484//1484 1486//1486 1487//1487
f 1485//1485 1487//1487 1488//1488 1389//1389
f 1488//1488 1392//1392 1390//1390 1389//1389
f 1488//1488 1487//1487 1489//1489 1490//1490
f 1488//1488 1490//1490 1491//1491 1392//1392
f 1491//1491 1395//1395 1393//1393 1392//1392
f 1491//1491 1490//1490 1492//1492 1493//1493
f 1491//1491 1493//1493 1397//1397 1395//1395
f 1493//1493 1492//1492 1494//1494 1495//1495
f 1493//1493 1495//1495 1399//1399 1397//1397
f 1495//1495 1494//1494 1496//1496 1497//1497
f 1495//1495 1497//1497 1401//1401 1399//1399
f 1497//1497 1496//1496 1498//1498 1499//1499
f 1497//1497 1499//1499 1500//1500 1401//1401
f 1500//1500 1404//1404 1402//1402 1401//1401
f 1500//1500 1499//1499 1501//1501 1502//1502
f 1500//1500 1502//1502 1503//1503 1404//1404
f 1503//1503 1407//1407 1405//1405 1404//1404
f 1503//1503 1502//1502 1504//1504 1505//1505
f 1503//1503 1505//1505 1506//1506 1407//1407
f 1506//1506 1410//1410 1408//1408 1407//1407
f 1506//1506 1505//1505 1507//1507 1508//1508
f 1506//1506 1508//1508 1415//1415 1410//1410
f 1508//1508 1507//1507 1509//1509 1510//1510
f 1508//1508 1510//1510 1416//1416 1415//1415
f 1510//1510 1509//1509 1511//1511 1512//1512
f 1510//1510 1512//1512 1418//1418 1416//1416
f 1512//1512 1511//1511 1513//1513 1514//1514
f 1512//1512 1514//1514 1515//1515 1418//1418
f 1515//1515 1421//1421 1419//1419 1418//1418
f 1515//1515 1514//1514 1516//1516 1517//1517
f 1515//1515 1517//1517 1423//1423 1421//1421
f 1517//1517 1516//1516 1518//1518 1519//1519
f 1517//1517 1519//1519 1425//1425 1423//1423
f 1519//1519 1518//1518 1520//1520 1521//1521
f 1519//1519 1521//1521 1427//1427 1425//1425
f 1521//1521 1520//1520 1522//1522 1523//1523
f 1521//1521 1523//1523 1429//1429 1427//1427
f 1523//1523 1522//1522 1524//1524 1525//1525
f 1523//1523 1525//1525 1526//1526 1429//1429
f 1526//1526 1433//1433 1430//1430 1429//1429
f 1526//1526 1525//1525 1452//1452 1450//1450
f 1526//1526 1450//1450 1448//1448 1433//1433
f 1525//1525 1524//1524 1454//1454 1452//1452
f 1524//1524 1522//1522 1527//1527 1528//1528
f 1524//1524 1528//1528 1456//1456 1454//1454
f 1528//1528 1527//1527 1529//1529 1530//1530
f 1528//1528 1530//1530 1458//1458 1456//1456
f 1530//1530 1529//1529 1531//1531 1532//1532
f 1530//1530 1532//1532 1533//1533 1458//1458
f 1533//1533 1532//1532 1534//1534 1535//1535
f 1533//1533 1535//1535 1536//1536 1461//1461
f 1533//1533 1461//1461 1459//1459 1458//1458
f 1536//1536 1535//1535 1537//1537 1538//1538
f 1536//1536 1538//1538 1539//1539 1464//1464
f 1536//1536 1464//1464 1462//1462 1461//1461
f 1539//1539 1538//1538 1540//1540 1541//1541
f 1539//1539 1541//1541 1542//1542 1467//1467
f 1539//1539 1467//1467 1465//1465 1464//1464
f 1542//1542 1541//1541 1543//1543 1544//1544
f 1542//1542 1544//1544 1545//1545 1470//1470
f 1542//1542 1470//1470 1468//1468 1467//1467
f 1545//1545 1544//1544 1546//1546 1547//1547
f 1545//1545 1547//1547 1548//1548 1549//1549
f 1545//1545 1549//1549 1471//1471 1470//1470
f 1549//1549 1548//1548 1550//1550 1551//1551
f 1549//1549 1551//1551 1472//1472 1471//1471
f 1551//1551 1550//1550 1552//1552 1553//1553
f 1551//1551 1553//1553 1474//1474 1472//1472
f 1553//1553 1552//1552 1188//1188 1554//1554
f 1553//1553 1554//1554 1476//1476 1474//1474
f 1554//1554 1188//1188 1181//1181 1185//1185
f 1554//1554 1185//1185 1478//1478 1476//1476
f 1552//1552 1550//1550 1555//1555 1556//1556
f 1552//1552 1556//1556 1186//1186 1188//1188
f 1556//1556 1555//1555 1557//1557 1558//1558
f 1556//1556 1558//1558 1187//1187 1186//1186
f 1558//1558 1559//1559 1560//1560 1187//1187
f 1558//1558 1557//1557 1561//1561 1559//1559
f 1561//1561 1562//1562 1486//1486 1559//1559
f 1561//1561 1557//1557 1563//1563 1564//1564
f 1561//1561 1564//1564 1565//1565 1562//1562
f 1565//1565 1566//1566 1489//1489 1562//1562
f 1565//1565 1564//1564 1567//1567 1568//1568
f 1565//1565 1568//1568 1569//1569 1566//1566
f 1569//1569 1494//1494 1492//1492 1566//1566
f 1569//1569 1568//1568 1570//1570 1571//1571
f 1569//1569 1571//1571 1496//1496 1494//1494
f 1571//1571 1570//1570 1572//1572 1573//1573
f 1571//1571 1573//1573 1498//1498 1496//1496
f 1573//1573 1572//1572 1574//1574 1575//1575
f 1573//1573 1575//1575 1576//1576 1498//1498
f 1576//1576 1501//1501 1499//1499 1498//1498
f 1576//1576 1575//1575 1577//1577 1578//1578
f 1576//1576 1578//1578 1579//1579 1501//1501
f 1579//1579 1504//1504 1502//1502 1501//1501
f 1579//1579 1578//1578 1178//1178 1580//1580
f 1579//1579 1580//1580 1581//1581 1504//1504
f 1581//1581 1507//1507 1505//1505 1504//1504
f 1581//1581 1580//1580 1171//1171 1582//1582
f 1581//1581 1582//1582 1509//1509 1507//1507
f 1582//1582 1171//1171 1170//1170 1583//1583
f 1582//1582 1583//1583 1511//1511 1509//1509
f 1583//1583 1170//1170 1172//1172 1584//1584
f 1583//1583 1584//1584 1513//1513 1511//1511
f 1584//1584 1172//1172 1585//1585 1586//1586
f 1584//1584 1586//1586 1587//1587 1513//1513
f 1587//1587 1516//1516 1514//1514 1513//1513
f 1587//1587 1586//1586 1588//1588 1589//1589
f 1587//1587 1589//1589 1518//1518 1516//1516
f 1589//1589 1588//1588 1590//1590 1591//1591
f 1589//1589 1591//1591 1520//1520 1518//1518
f 1591//1591 1590//1590 1529//1529 1527//1527
f 1591//1591 1527//1527 1522//1522 1520//1520
f 1590//1590 1588//1588 1592//1592 1593//1593
f 1590//1590 1593//1593 1531//1531 1529//1529
f 1593//1593 1592//1592 1594//1594 1595//1595
f 1593//1593 1595//1595 1596//1596 1531//1531
f 1596//1596 1595//1595 1597//1597 1598//1598
f 1596//1596 1598//1598 1599//1599 1534//1534
f 1596//1596 1534//1534 1532//1532 1531//1531
f 1599//1599 1598//1598 1600//1600 1601//1601
f 1599//1599 1601//1601 1602//1602 1537//1537
f 1599//1599 1537//1537 1535//1535 1534//1534
f 1602//1602 1601//1601 1148//1148 1151//1151
f 1602//1602 1151//1151 1603//1603 1540//1540
f 1602//1602 1540//1540 1538//1538 1537//1537
f 1603//1603 1151//1151 1150//1150 1604//1604
f 1603//1603 1604//1604 1605//1605 1543//1543
f 1603//1603 1543//1543 1541//1541 1540//1540
f 1605//1605 1604//1604 1606//1606 1607//1607
f 1605//1605 1607//1607 1608//1608 1546//1546
f 1605//1605 1546//1546 1544//1544 1543//1543
f 1608//1608 1607//1607 1609//1609 1610//1610
f 1608//1608 1610//1610 1611//1611 1612//1612
f 1608//1608 1612//1612 1547//1547 1546//1546
f 1612//1612 1611//1611 1563//1563 1613//1613
f 1612//1612 1613//1613 1548//1548 1547//1547
f 1613//1613 1563//1563 1557//1557 1555//1555
f 1613//1613 1555//1555 1550//1550 1548//1548
f 1611//1611 1567//1567 1564//1564 1563//1563
f 1611//1611 1610//1610 1614//1614 1567//1567
f 1614//1614 1570//1570 1568//1568 1567//1567
f 1614//1614 1610//1610 1609//1609 1615//1615
f 1614//1614 1615//1615 1572//1572 1570//1570
f 1615//1615 1609//1609 1616//1616 1617//1617
f 1615//1615 1617//1617 1574//1574 1572//1572
f 1617//1617 1616//1616 1618//1618 1619//1619
f 1617//1617 1619//1619 1620//1620 1574//1574
f 1620//1620 1577//1577 1575//1575 1574//1574
f 1620//1620 1619//1619 1128//1128 1177//1177
f 1620//1620 1177//1177 1176//1176 1577//1577
f 1619//1619 1618//1618 1125//1125 1128//1128
f 1618//1618 1616//1616 1606//1606 1621//1621
f 1618//1618 1621//1621 1126//1126 1125//1125
f 1621//1621 1150//1150 1144//1144 1126//1126
f 1621//1621 1606//1606 1604//1604 1150//1150
f 1616//1616 1609//1609 1607//1607 1606//1606
f 1601//1601 1600//1600 1149//1149 1148//1148
f 1600//1600 1598//1598 1597//1597 1622//1622
f 1600//1600 1622//1622 1623//1623 1149//1149
f 1623//1623 1622//1622 1624//1624 1625//1625
f 1623//1623 1625//1625 1164//1164 1626//1626
f 1623//1623 1626//1626 1145//1145 1149//1149
f 1626//1626 1164//1164 1163//1163 1209//1209
f 1626//1626 1209//1209 1146//1146 1145//1145
f 1625//1625 1624//1624 1174//1174 1119//1119
f 1625//1625 1119//1119 1118//1118 1164//1164
f 1624//1624 1627//1627 1175//1175 1174//1174
f 1624//1624 1622//1622 1597//1597 1627//1627
f 1627//1627 1594//1594 1179//1179 1175//1175
f 1627//1627 1597//1597 1595//1595 1594//1594
f 1594//1594 1592//1592 1585//1585 1179//1179
f 1592//1592 1588//1588 1586//1586 1585//1585
f 1585//1585 1172//1172 1169//1169 1179//1179
f 1580//1580 1178//1178 1167//1167 1171//1171
f 1578//1578 1577//1577 1176//1176 1178//1178
f 1566//1566 1492//1492 1490//1490 1489//1489
f 1562//1562 1489//1489 1487//1487 1486//1486
f 1560//1560 1484//1484 1482//1482 1628//1628
f 1560//1560 1628//1628 1183//1183 1187//1187
f 1560//1560 1559//1559 1486//1486 1484//1484
f 1628//1628 1482//1482 1480//1480 1184//1184
f 1628//1628 1184//1184 1180//1180 1183//1183
f 1480//1480 1478//1478 1185//1185 1184//1184
f 1448//1448 1438//1438 1434//1434 1433//1433
f 1441//1441 1190//1190 1159//1159 1162//1162
f 1436//1436 1162//1162 1161//1161 1437//1437
f 1432//1432 1437//1437 1131//1131 1130//1130
f 1355//1355 1349//1349 1347//1347 1346//1346
f 1340//1340 1225//1225 1222//1222 1335//1335
f 1272//1272 1268//1268 1266//1266 1265//1265
f 1272//1272 1265//1265 1219//1219 1226//1226
f 1265//1265 1261//1261 1223//1223 1219//1219
f 1264//1264 1201//1201 1203//1203 1207//1207
f 1264//1264 1207//1207 1260//1260 1259//1259
f 1264//1264 1263//1263 1195//1195 1201//1201
f 1257//1257 1256//1256 1224//1224 1223//1223
f 1255//1255 1232//1232 1231//1231 1250//1250
f 1217//1217 1216//1216 1215//1215 1212//1212
f 1217//1217 1212//1212 1210//1210 1165//1165
f 1217//1217 1165//1165 1122//1122 1218//1218
f 1215//1215 1214//1214 1629//1629 1630//1630
f 1215//1215 1630//1630 1211//1211 1212//1212
f 1630//1630 1629//1629 1127//1127 1147//1147
f 1630//1630 1147//1147 1146//1146 1211//1211
f 1629//1629 1214//1214 1631//1631 1121//1121
f 1629//1629 1121//1121 1117//1117 1127//1127
f 1210//1210 1163//1163 1124//1124 1165//1165
f 1204//1204 1203//1203 1201//1201 1200//1200
f 1190//1190 1157//1157 1156//1156 1159//1159
f 1177//1177 1128//1128 1120//1120 1173//1173
f 1174//1174 1173//1173 1120//1120 1119//1119
f 1218//1218 1122//1122 1121//1121 1631//1631
f 1156//1156 1155//1155 1135//1135 1160//1160
f 1155//1155 1154//1154 1136//1136 1135//1135
f 1129//1129 1132//1132 1160//1160 1135//1135
f 1132//1132 1131//1131 1437//1437 1161//1161
f 1213//1213 1218//1218 1631//1631 1214//1214
f 1194//1194 1199//1199 1289//1289 1200//1200
f 1632//1632 1633//1633 1634//1634 1635//1635
f 1632//1632 1636//1636 1637//1637 1633//1633
f 1632//1632 1635//1635 1638//1638 1636//1636
f 1639//1639 1640//1640 1641//1641 1642//1642
f 1639//1639 1643//1643 1644//1644 1640//1640
f 1639//1639 1642//1642 1645//1645 1643//1643
f 1642//1642 1641//1641 1646//1646 1645//1645
f 1637//1637 1636//1636 1647//1647 1648//1648
f 1637//1637 1648//1648 1649//1649 1633//1633
f 1650//1650 1651//1651 1652//1652 1653//1653
f 1650//1650 1653//1653 1654//1654 1655//1655
f 1650//1650 1655//1655 1656//1656 1651//1651
f 1657//1657 1658//1658 1659//1659 1660//1660
f 1657//1657 1661//1661 1662//1662 1658//1658
f 1657//1657 1660//1660 1663//1663 1661//1661
f 1664//1664 1665//1665 1666//1666 1667//1667
f 1664//1664 1667//1667 1668//1668 1669//1669
f 1664//1664 1669//1669 1661//1661 1663//1663
f 1664//1664 1670//1670 1671//1671 1665//1665
f 1664//1664 1663//1663 1672//1672 1670//1670
f 1673//1673 1674//1674 1675//1675 1676//1676
f 1673//1673 1676//1676 1677//1677 1678//1678
f 1673//1673 1678//1678 1679//1679 1674//1674
f 1678//1678 1677//1677 1680//1680 1681//1681
f 1678//1678 1681//1681 1682//1682 1683//1683
f 1678//1678 1683//1683 1684//1684 1679//1679
f 1685//1685 1686//1686 1687//1687 1688//1688
f 1685//1685 1688//1688 1689//1689 1690//1690
f 1685//1685 1690//1690 1691//1691 1686//1686
f 1692//1692 1693//1693 1694//1694 1695//1695
f 1692//1692 1696//1696 1697//1697 1693//1693
f 1698//1698 1699//1699 1700//1700 1701//1701
f 1698//1698 1701//1701 1702//1702 1703//1703
f 1698//1698 1703//1703 1704//1704 1699//1699
f 1703//1703 1702//1702 1705//1705 1704//1704
f 1692//1692 1695//1695 1706//1706 1707//1707
f 1692//1692 1707//1707 1708//1708 1696//1696
f 1707//1707 1706//1706 1709//1709 1708//1708
f 1653//1653 1652//1652 1694//1694 1710//1710
f 1653//1653 1710//1710 1711//1711 1654//1654
f 1655//1655 1654//1654 1712//1712 1713//1713
f 1714//1714 1715//1715 1716//1716 1717//1717
f 1714//1714 1718//1718 1719//1719 1715//1715
f 1714//1714 1717//1717 1687//1687 1720//1720
f 1714//1714 1720//1720 1721//1721 1722//1722
f 1714//1714 1722//1722 1723//1723 1718//1718
f 1723//1723 1722//1722 1724//1724 1725//1725
f 1723//1723 1725//1725 1726//1726 1727//1727
f 1723//1723 1727//1727 1728//1728 1718//1718
f 1728//1728 1727//1727 1729//1729 1730//1730
f 1728//1728 1730//1730 1731//1731 1732//1732
f 1728//1728 1732//1732 1719//1719 1718//1718
f 1732//1732 1731//1731 1733//1733 1734//1734
f 1732//1732 1734//1734 1735//1735 1719//1719
f 1735//1735 1736//1736 1715//1715 1719//1719
f 1735//1735 1734//1734 1737//1737 1738//1738
f 1735//1735 1738//1738 1739//1739 1736//1736
f 1739//1739 1740//1740 1741//1741 1736//1736
f 1739//1739 1738//1738 1742//1742 1743//1743
f 1739//1739 1743//1743 1744//1744 1740//1740
f 1744//1744 1745//1745 1746//1746 1740//1740
f 1744//1744 1743//1743 1747//1747 1748//1748
f 1744//1744 1748//1748 1749//1749 1745//1745
f 1749//1749 1750//1750 1751//1751 1745//1745
f 1749//1749 1748//1748 1752//1752 1753//1753
f 1749//1749 1753//1753 1754//1754 1750//1750
f 1754//1754 1755//1755 1756//1756 1750//1750
f 1754//1754 1753//1753 1757//1757 1758//1758
f 1754//1754 1758//1758 1759//1759 1755//1755
f 1759//1759 1760//1760 1761//1761 1755//1755
f 1759//1759 1758//1758 1762//1762 1763//1763
f 1759//1759 1763//1763 1764//1764 1760//1760
f 1764//1764 1765//1765 1766//1766 1760//1760
f 1764//1764 1763//1763 1767//1767 1768//1768
f 1764//1764 1768//1768 1769//1769 1765//1765
f 1769//1769 1770//1770 1771//1771 1765//1765
f 1769//1769 1768//1768 1772//1772 1773//1773
f 1769//1769 1773//1773 1774//1774 1770//1770
f 1774//1774 1775//1775 1776//1776 1770//1770
f 1774//1774 1773//1773 1777//1777 1778//1778
f 1774//1774 1778//1778 1779//1779 1775//1775
f 1779//1779 1780//1780 1781//1781 1775//1775
f 1779//1779 1778//1778 1782//1782 1783//1783
f 1779//1779 1783//1783 1784//1784 1780//1780
f 1784//1784 1785//1785 1786//1786 1780//1780
f 1784//1784 1783//1783 1700//1700 1787//1787
f 1784//1784 1787//1787 1788//1788 1785//1785
f 1788//1788 1789//1789 1790//1790 1785//1785
f 1788//1788 1787//1787 1791//1791 1792//1792
f 1788//1788 1792//1792 1793//1793 1789//1789
f 1793//1793 1794//1794 1795//1795 1789//1789
f 1793//1793 1792//1792 1796//1796 1797//1797
f 1793//1793 1797//1797 1798//1798 1794//1794
f 1798//1798 1797//1797 1799//1799 1800//1800
f 1798//1798 1800//1800 1801//1801 1802//1802
f 1798//1798 1802//1802 1803//1803 1794//1794
f 1803//1803 1804//1804 1805//1805 1806//1806
f 1803//1803 1806//1806 1795//1795 1794//1794
f 1803//1803 1802//1802 1807//1807 1804//1804
f 1807//1807 1802//1802 1801//1801 1808//1808
f 1807//1807 1808//1808 1809//1809 1810//1810
f 1807//1807 1810//1810 1811//1811 1804//1804
f 1811//1811 1812//1812 1813//1813 1814//1814
f 1811//1811 1814//1814 1805//1805 1804//1804
f 1811//1811 1810//1810 1815//1815 1812//1812
f 1815//1815 1810//1810 1809//1809 1816//1816
f 1815//1815 1816//1816 1817//1817 1818//1818
f 1815//1815 1818//1818 1819//1819 1812//1812
f 1819//1819 1820//1820 1821//1821 1822//1822
f 1819//1819 1822//1822 1813//1813 1812//1812
f 1819//1819 1818//1818 1823//1823 1820//1820
f 1823//1823 1818//1818 1817//1817 1824//1824
f 1823//1823 1824//1824 1825//1825 1826//1826
f 1823//1823 1826//1826 1827//1827 1820//1820
f 1827//1827 1826//1826 1828//1828 1829//1829
f 1827//1827 1829//1829 1830//1830 1831//1831
f 1827//1827 1831//1831 1821//1821 1820//1820
f 1831//1831 1830//1830 1832//1832 1833//1833
f 1831//1831 1833//1833 1834//1834 1821//1821
f 1834//1834 1833//1833 1835//1835 1836//1836
f 1834//1834 1836//1836 1837//1837 1838//1838
f 1834//1834 1838//1838 1822//1822 1821//1821
f 1838//1838 1837//1837 1839//1839 1840//1840
f 1838//1838 1840//1840 1813//1813 1822//1822
f 1840//1840 1839//1839 1841//1841 1842//1842
f 1840//1840 1842//1842 1814//1814 1813//1813
f 1842//1842 1841//1841 1843//1843 1844//1844
f 1842//1842 1844//1844 1805//1805 1814//1814
f 1844//1844 1843//1843 1845//1845 1846//1846
f 1844//1844 1846//1846 1806//1806 1805//1805
f 1846//1846 1845//1845 1847//1847 1848//1848
f 1846//1846 1848//1848 1795//1795 1806//1806
f 1848//1848 1847//1847 1849//1849 1790//1790
f 1848//1848 1790//1790 1789//1789 1795//1795
f 1849//1849 1847//1847 1850//1850 1851//1851
f 1849//1849 1851//1851 1852//1852 1786//1786
f 1849//1849 1786//1786 1785//1785 1790//1790
f 1852//1852 1851//1851 1853//1853 1854//1854
f 1852//1852 1854//1854 1855//1855 1781//1781
f 1852//1852 1781//1781 1780//1780 1786//1786
f 1855//1855 1854//1854 1856//1856 1857//1857
f 1855//1855 1857//1857 1858//1858 1776//1776
f 1855//1855 1776//1776 1775//1775 1781//1781
f 1858//1858 1857//1857 1859//1859 1860//1860
f 1858//1858 1860//1860 1861//1861 1771//1771
f 1858//1858 1771//1771 1770//1770 1776//1776
f 1861//1861 1860//1860 1862//1862 1863//1863
f 1861//1861 1863//1863 1864//1864 1766//1766
f 1861//1861 1766//1766 1765//1765 1771//1771
f 1864//1864 1863//1863 1865//1865 1866//1866
f 1864//1864 1866//1866 1867//1867 1761//1761
f 1864//1864 1761//1761 1760//1760 1766//1766
f 1867//1867 1866//1866 1868//1868 1869//1869
f 1867//1867 1869//1869 1870//1870 1756//1756
f 1867//1867 1756//1756 1755//1755 1761//1761
f 1870//1870 1869//1869 1871//1871 1872//1872
f 1870//1870 1872//1872 1873//1873 1751//1751
f 1870//1870 1751//1751 1750//1750 1756//1756
f 1873//1873 1872//1872 1874//1874 1875//1875
f 1873//1873 1875//1875 1876//1876 1746//1746
f 1873//1873 1746//1746 1745//1745 1751//1751
f 1876//1876 1875//1875 1877//1877 1878//1878
f 1876//1876 1878//1878 1716//1716 1741//1741
f 1876//1876 1741//1741 1740//1740 1746//1746
f 1878//1878 1877//1877 1879//1879 1880//1880
f 1878//1878 1880//1880 1717//1717 1716//1716
f 1880//1880 1879//1879 1689//1689 1688//1688
f 1880//1880 1688//1688 1687//1687 1717//1717
f 1879//1879 1881//1881 1882//1882 1689//1689
f 1879//1879 1877//1877 1883//1883 1881//1881
f 1883//1883 1884//1884 1885//1885 1881//1881
f 1883//1883 1877//1877 1875//1875 1874//1874
f 1883//1883 1874//1874 1886//1886 1884//1884
f 1886//1886 1887//1887 1888//1888 1884//1884
f 1886//1886 1874//1874 1872//1872 1871//1871
f 1886//1886 1871//1871 1889//1889 1887//1887
f 1889//1889 1890//1890 1891//1891 1887//1887
f 1889//1889 1871//1871 1869//1869 1868//1868
f 1889//1889 1868//1868 1892//1892 1890//1890
f 1892//1892 1893//1893 1894//1894 1890//1890
f 1892//1892 1868//1868 1866//1866 1865//1865
f 1892//1892 1865//1865 1895//1895 1893//1893
f 1895//1895 1896//1896 1897//1897 1893//1893
f 1895//1895 1865//1865 1863//1863 1862//1862
f 1895//1895 1862//1862 1898//1898 1896//1896
f 1898//1898 1899//1899 1900//1900 1896//1896
f 1898//1898 1862//1862 1860//1860 1859//1859
f 1898//1898 1859//1859 1901//1901 1899//1899
f 1901//1901 1902//1902 1903//1903 1899//1899
f 1901//1901 1859//1859 1857//1857 1856//1856
f 1901//1901 1856//1856 1904//1904 1902//1902
f 1904//1904 1905//1905 1906//1906 1902//1902
f 1904//1904 1856//1856 1854//1854 1853//1853
f 1904//1904 1853//1853 1907//1907 1905//1905
f 1907//1907 1908//1908 1909//1909 1905//1905
f 1907//1907 1853//1853 1851//1851 1850//1850
f 1907//1907 1850//1850 1910//1910 1908//1908
f 1910//1910 1911//1911 1912//1912 1908//1908
f 1910//1910 1850//1850 1847//1847 1845//1845
f 1910//1910 1845//1845 1843//1843 1911//1911
f 1912//1912 1913//1913 1914//1914 1915//1915
f 1912//1912 1915//1915 1909//1909 1908//1908
f 1912//1912 1911//1911 1916//1916 1913//1913
f 1916//1916 1917//1917 1918//1918 1913//1913
f 1916//1916 1911//1911 1843//1843 1841//1841
f 1916//1916 1841//1841 1839//1839 1917//1917
f 1918//1918 1919//1919 1920//1920 1921//1921
f 1918//1918 1921//1921 1914//1914 1913//1913
f 1918//1918 1917//1917 1922//1922 1919//1919
f 1922//1922 1923//1923 1924//1924 1919//1919
f 1922//1922 1917//1917 1839//1839 1837//1837
f 1922//1922 1837//1837 1836//1836 1923//1923
f 1924//1924 1925//1925 1926//1926 1927//1927
f 1924//1924 1927//1927 1920//1920 1919//1919
f 1924//1924 1923//1923 1928//1928 1925//1925
f 1928//1928 1929//1929 1930//1930 1925//1925
f 1928//1928 1923//1923 1836//1836 1835//1835
f 1928//1928 1835//1835 1931//1931 1929//1929
f 1931//1931 1932//1932 1933//1933 1929//1929
f 1931//1931 1835//1835 1833//1833 1832//1832
f 1931//1931 1832//1832 1934//1934 1932//1932
f 1934//1934 1935//1935 1936//1936 1932//1932
f 1934//1934 1832//1832 1830//1830 1937//1937
f 1934//1934 1937//1937 1938//1938 1935//1935
f 1938//1938 1939//1939 1940//1940 1935//1935
f 1938//1938 1937//1937 1941//1941 1942//1942
f 1938//1938 1942//1942 1943//1943 1939//1939
f 1943//1943 1942//1942 1944//1944 1945//1945
f 1943//1943 1945//1945 1641//1641 1640//1640
f 1943//1943 1640//1640 1644//1644 1939//1939
f 1945//1945 1944//1944 1946//1946 1947//1947
f 1945//1945 1947//1947 1646//1646 1641//1641
f 1947//1947 1946//1946 1948//1948 1949//1949
f 1947//1947 1949//1949 1950//1950 1646//1646
f 1950//1950 1949//1949 1951//1951 1952//1952
f 1950//1950 1952//1952 1953//1953 1954//1954
f 1950//1950 1954//1954 1645//1645 1646//1646
f 1954//1954 1953//1953 1955//1955 1956//1956
f 1954//1954 1956//1956 1643//1643 1645//1645
f 1956//1956 1955//1955 1957//1957 1958//1958
f 1956//1956 1958//1958 1644//1644 1643//1643
f 1958//1958 1957//1957 1959//1959 1940//1940
f 1958//1958 1940//1940 1939//1939 1644//1644
f 1959//1959 1957//1957 1960//1960 1961//1961
f 1959//1959 1961//1961 1962//1962 1936//1936
f 1959//1959 1936//1936 1935//1935 1940//1940
f 1962//1962 1961//1961 1963//1963 1964//1964
f 1962//1962 1964//1964 1965//1965 1933//1933
f 1962//1962 1933//1933 1932//1932 1936//1936
f 1965//1965 1964//1964 1966//1966 1967//1967
f 1965//1965 1967//1967 1968//1968 1930//1930
f 1965//1965 1930//1930 1929//1929 1933//1933
f 1968//1968 1967//1967 1969//1969 1970//1970
f 1968//1968 1970//1970 1971//1971 1926//1926
f 1968//1968 1926//1926 1925//1925 1930//1930
f 1971//1971 1970//1970 1972//1972 1973//1973
f 1971//1971 1973//1973 1974//1974 1975//1975
f 1971//1971 1975//1975 1927//1927 1926//1926
f 1975//1975 1974//1974 1976//1976 1977//1977
f 1975//1975 1977//1977 1920//1920 1927//1927
f 1977//1977 1976//1976 1978//1978 1979//1979
f 1977//1977 1979//1979 1921//1921 1920//1920
f 1979//1979 1978//1978 1980//1980 1981//1981
f 1979//1979 1981//1981 1914//1914 1921//1921
f 1981//1981 1980//1980 1982//1982 1983//1983
f 1981//1981 1983//1983 1915//1915 1914//1914
f 1983//1983 1982//1982 1984//1984 1985//1985
f 1983//1983 1985//1985 1909//1909 1915//1915
f 1985//1985 1984//1984 1986//1986 1906//1906
f 1985//1985 1906//1906 1905//1905 1909//1909
f 1986//1986 1984//1984 1987//1987 1988//1988
f 1986//1986 1988//1988 1989//1989 1903//1903
f 1986//1986 1903//1903 1902//1902 1906//1906
f 1989//1989 1988//1988 1990//1990 1991//1991
f 1989//1989 1991//1991 1992//1992 1900//1900
f 1989//1989 1900//1900 1899//1899 1903//1903
f 1992//1992 1991//1991 1993//1993 1994//1994
f 1992//1992 1994//1994 1995//1995 1897//1897
f 1992//1992 1897//1897 1896//1896 1900//1900
f 1995//1995 1994//1994 1996//1996 1997//1997
f 1995//1995 1997//1997 1998//1998 1894//1894
f 1995//1995 1894//1894 1893//1893 1897//1897
f 1998//1998 1997//1997 1999//1999 2000//2000
f 1998//1998 2000//2000 2001//2001 1891//1891
f 1998//1998 1891//1891 1890//1890 1894//1894
f 2001//2001 2000//2000 2002//2002 2003//2003
f 2001//2001 2003//2003 2004//2004 1888//1888
f 2001//2001 1888//1888 1887//1887 1891//1891
f 2004//2004 2003//2003 2005//2005 2006//2006
f 2004//2004 2006//2006 2007//2007 1885//1885
f 2004//2004 1885//1885 1884//1884 1888//1888
f 2007//2007 2006//2006 1712//1712 2008//2008
f 2007//2007 2008//2008 2009//2009 1882//1882
f 2007//2007 1882//1882 1881//1881 1885//1885
f 2009//2009 2008//2008 1711//1711 2010//2010
f 2009//2009 2010//2010 1691//1691 1690//1690
f 2009//2009 1690//1690 1689//1689 1882//1882
f 2010//2010 1711//1711 1710//1710 2011//2011
f 2010//2010 2011//2011 2012//2012 1691//1691
f 2012//2012 2011//2011 1693//1693 1697//1697
f 2012//2012 1697//1697 2013//2013 2014//2014
f 2012//2012 2014//2014 1686//1686 1691//1691
f 2014//2014 1720//1720 1687//1687 1686//1686
f 2014//2014 2013//2013 1721//1721 1720//1720
f 2013//2013 1697//1697 1696//1696 2015//2015
f 2013//2013 2015//2015 2016//2016 1721//1721
f 2016//2016 1724//1724 1722//1722 1721//1721
f 2016//2016 2015//2015 2017//2017 2018//2018
f 2016//2016 2018//2018 2019//2019 1724//1724
f 2019//2019 2020//2020 1725//1725 1724//1724
f 2019//2019 2018//2018 2021//2021 2022//2022
f 2019//2019 2022//2022 2023//2023 2020//2020
f 2023//2023 2024//2024 2025//2025 2020//2020
f 2023//2023 2022//2022 2026//2026 2027//2027
f 2023//2023 2027//2027 2028//2028 2024//2024
f 2028//2028 2029//2029 2030//2030 2024//2024
f 2028//2028 2027//2027 2031//2031 2032//2032
f 2028//2028 2032//2032 2033//2033 2029//2029
f 2033//2033 2034//2034 2035//2035 2029//2029
f 2033//2033 2032//2032 2036//2036 2037//2037
f 2033//2033 2037//2037 2038//2038 2034//2034
f 2038//2038 2039//2039 2040//2040 2034//2034
f 2038//2038 2037//2037 2041//2041 2042//2042
f 2038//2038 2042//2042 2043//2043 2039//2039
f 2043//2043 2044//2044 2045//2045 2039//2039
f 2043//2043 2042//2042 2046//2046 2047//2047
f 2043//2043 2047//2047 2048//2048 2044//2044
f 2048//2048 1666//1666 1665//1665 2044//2044
f 2048//2048 2047//2047 2049//2049 2050//2050
f 2048//2048 2050//2050 2051//2051 1666//1666
f 2051//2051 2052//2052 1667//1667 1666//1666
f 2051//2051 2050//2050 2053//2053 2054//2054
f 2051//2051 2054//2054 2055//2055 2052//2052
f 2055//2055 2056//2056 2057//2057 2052//2052
f 2055//2055 2054//2054 2058//2058 2059//2059
f 2055//2055 2059//2059 2060//2060 2056//2056
f 2060//2060 2061//2061 2062//2062 2056//2056
f 2060//2060 2059//2059 2063//2063 2064//2064
f 2060//2060 2064//2064 2065//2065 2061//2061
f 2065//2065 2066//2066 2067//2067 2061//2061
f 2065//2065 2064//2064 2068//2068 2069//2069
f 2065//2065 2069//2069 2070//2070 2066//2066
f 2070//2070 2071//2071 2072//2072 2066//2066
f 2070//2070 2069//2069 2073//2073 2074//2074
f 2070//2070 2074//2074 2075//2075 2071//2071
f 2075//2075 2076//2076 2077//2077 2071//2071
f 2075//2075 2074//2074 2078//2078 2079//2079
f 2075//2075 2079//2079 2080//2080 2076//2076
f 2080//2080 2081//2081 2082//2082 2076//2076
f 2080//2080 2079//2079 2083//2083 2084//2084
f 2080//2080 2084//2084 2085//2085 2081//2081
f 2085//2085 2086//2086 2087//2087 2081//2081
f 2085//2085 2084//2084 2088//2088 2089//2089
f 2085//2085 2089//2089 2090//2090 2086//2086
f 2090//2090 2091//2091 2092//2092 2086//2086
f 2090//2090 2089//2089 2093//2093 2094//2094
f 2090//2090 2094//2094 2095//2095 2091//2091
f 2095//2095 2096//2096 2097//2097 2091//2091
f 2095//2095 2094//2094 2098//2098 2099//2099
f 2095//2095 2099//2099 2100//2100 2096//2096
f 2100//2100 2101//2101 2102//2102 2096//2096
f 2100//2100 2099//2099 2103//2103 2104//2104
f 2100//2100 2104//2104 2105//2105 2101//2101
f 2105//2105 2106//2106 2107//2107 2101//2101
f 2105//2105 2104//2104 2108//2108 2109//2109
f 2105//2105 2109//2109 2110//2110 2106//2106
f 2110//2110 2111//2111 2112//2112 2106//2106
f 2110//2110 2109//2109 1825//1825 1824//1824
f 2110//2110 1824//1824 1817//1817 2111//2111
f 2112//2112 2113//2113 2114//2114 2115//2115
f 2112//2112 2115//2115 2107//2107 2106//2106
f 2112//2112 2111//2111 2116//2116 2113//2113
f 2116//2116 2117//2117 2118//2118 2113//2113
f 2116//2116 2111//2111 1817//1817 1816//1816
f 2116//2116 1816//1816 1809//1809 2117//2117
f 2118//2118 2119//2119 2120//2120 2121//2121
f 2118//2118 2121//2121 2114//2114 2113//2113
f 2118//2118 2117//2117 2122//2122 2119//2119
f 2122//2122 2123//2123 2124//2124 2119//2119
f 2122//2122 2117//2117 1809//1809 1808//1808
f 2122//2122 1808//1808 1801//1801 2123//2123
f 2124//2124 2125//2125 2126//2126 2127//2127
f 2124//2124 2127//2127 2120//2120 2119//2119
f 2124//2124 2123//2123 2128//2128 2125//2125
f 2128//2128 2129//2129 2130//2130 2125//2125
f 2128//2128 2123//2123 1801//1801 1800//1800
f 2128//2128 1800//1800 1799//1799 2129//2129
f 2130//2130 2131//2131 2132//2132 2133//2133
f 2130//2130 2133//2133 2126//2126 2125//2125
f 2130//2130 2129//2129 2134//2134 2131//2131
f 2134//2134 2135//2135 2136//2136 2131//2131
f 2134//2134 2129//2129 1799//1799 2137//2137
f 2134//2134 2137//2137 2138//2138 2135//2135
f 2138//2138 1705//1705 2139//2139 2135//2135
f 2138//2138 2137//2137 1796//1796 2140//2140
f 2138//2138 2140//2140 1704//1704 1705//1705
f 2140//2140 1796//1796 1792//1792 1791//1791
f 2140//2140 1791//1791 1699//1699 1704//1704
f 2139//2139 2141//2141 1777//1777 2142//2142
f 2139//2139 2142//2142 2136//2136 2135//2135
f 2139//2139 1705//1705 1702//1702 2141//2141
f 2142//2142 1777//1777 1773//1773 1772//1772
f 2142//2142 1772//1772 2143//2143 2136//2136
f 2143//2143 1772//1772 1768//1768 1767//1767
f 2143//2143 1767//1767 2144//2144 2132//2132
f 2143//2143 2132//2132 2131//2131 2136//2136
f 2144//2144 1767//1767 1763//1763 1762//1762
f 2144//2144 1762//1762 2145//2145 2146//2146
f 2144//2144 2146//2146 2133//2133 2132//2132
f 2146//2146 2145//2145 2147//2147 2148//2148
f 2146//2146 2148//2148 2126//2126 2133//2133
f 2148//2148 2147//2147 2149//2149 2150//2150
f 2148//2148 2150//2150 2127//2127 2126//2126
f 2150//2150 2149//2149 2151//2151 2152//2152
f 2150//2150 2152//2152 2120//2120 2127//2127
f 2152//2152 2151//2151 2153//2153 2154//2154
f 2152//2152 2154//2154 2121//2121 2120//2120
f 2154//2154 2153//2153 2155//2155 2156//2156
f 2154//2154 2156//2156 2114//2114 2121//2121
f 2156//2156 2155//2155 2157//2157 2158//2158
f 2156//2156 2158//2158 2115//2115 2114//2114
f 2158//2158 2157//2157 2159//2159 2160//2160
f 2158//2158 2160//2160 2107//2107 2115//2115
f 2160//2160 2159//2159 2161//2161 2102//2102
f 2160//2160 2102//2102 2101//2101 2107//2107
f 2161//2161 2159//2159 2162//2162 2163//2163
f 2161//2161 2163//2163 2164//2164 2097//2097
f 2161//2161 2097//2097 2096//2096 2102//2102
f 2164//2164 2163//2163 2165//2165 2166//2166
f 2164//2164 2166//2166 2167//2167 2092//2092
f 2164//2164 2092//2092 2091//2091 2097//2097
f 2167//2167 2166//2166 2168//2168 2169//2169
f 2167//2167 2169//2169 2170//2170 2087//2087
f 2167//2167 2087//2087 2086//2086 2092//2092
f 2170//2170 2169//2169 2171//2171 2172//2172
f 2170//2170 2172//2172 2173//2173 2082//2082
f 2170//2170 2082//2082 2081//2081 2087//2087
f 2173//2173 2172//2172 2174//2174 2175//2175
f 2173//2173 2175//2175 2176//2176 2077//2077
f 2173//2173 2077//2077 2076//2076 2082//2082
f 2176//2176 2175//2175 2177//2177 2178//2178
f 2176//2176 2178//2178 2179//2179 2072//2072
f 2176//2176 2072//2072 2071//2071 2077//2077
f 2179//2179 2178//2178 2180//2180 2181//2181
f 2179//2179 2181//2181 2182//2182 2067//2067
f 2179//2179 2067//2067 2066//2066 2072//2072
f 2182//2182 2181//2181 2183//2183 2184//2184
f 2182//2182 2184//2184 2185//2185 2062//2062
f 2182//2182 2062//2062 2061//2061 2067//2067
f 2185//2185 2184//2184 2186//2186 2187//2187
f 2185//2185 2187//2187 1668//1668 2057//2057
f 2185//2185 2057//2057 2056//2056 2062//2062
f 2187//2187 2186//2186 2188//2188 2189//2189
f 2187//2187 2189//2189 1669//1669 1668//1668
f 2189//2189 2188//2188 2190//2190 1662//1662
f 2189//2189 1662//1662 1661//1661 1669//1669
f 2190//2190 2191//2191 2192//2192 2193//2193
f 2190//2190 2193//2193 1658//1658 1662//1662
f 2190//2190 2188//2188 2194//2194 2191//2191
f 2194//2194 2195//2195 2196//2196 2191//2191
f 2194//2194 2188//2188 2186//2186 2197//2197
f 2194//2194 2197//2197 2198//2198 2195//2195
f 2198//2198 1680//1680 1677//1677 2195//2195
f 2198//2198 2197//2197 2183//2183 2199//2199
f 2198//2198 2199//2199 2200//2200 1680//1680
f 2200//2200 2201//2201 1681//1681 1680//1680
f 2200//2200 2199//2199 2180//2180 2202//2202
f 2200//2200 2202//2202 2203//2203 2201//2201
f 2203//2203 2204//2204 2205//2205 2201//2201
f 2203//2203 2202//2202 2177//2177 2206//2206
f 2203//2203 2206//2206 2207//2207 2204//2204
f 2207//2207 2208//2208 2209//2209 2204//2204
f 2207//2207 2206//2206 2174//2174 2210//2210
f 2207//2207 2210//2210 2211//2211 2208//2208
f 2211//2211 2212//2212 2213//2213 2208//2208
f 2211//2211 2210//2210 2171//2171 2214//2214
f 2211//2211 2214//2214 2215//2215 2212//2212
f 2215//2215 2216//2216 2217//2217 2212//2212
f 2215//2215 2214//2214 2168//2168 2218//2218
f 2215//2215 2218//2218 2219//2219 2216//2216
f 2219//2219 2220//2220 2221//2221 2216//2216
f 2219//2219 2218//2218 2165//2165 2222//2222
f 2219//2219 2222//2222 2223//2223 2220//2220
f 2223//2223 2224//2224 2225//2225 2220//2220
f 2223//2223 2222//2222 2162//2162 2226//2226
f 2223//2223 2226//2226 2227//2227 2224//2224
f 2227//2227 2228//2228 2229//2229 2224//2224
f 2227//2227 2226//2226 2157//2157 2155//2155
f 2227//2227 2155//2155 2153//2153 2228//2228
f 2229//2229 2230//2230 2231//2231 2232//2232
f 2229//2229 2232//2232 2225//2225 2224//2224
f 2229//2229 2228//2228 2233//2233 2230//2230
f 2233//2233 2234//2234 2235//2235 2230//2230
f 2233//2233 2228//2228 2153//2153 2151//2151
f 2233//2233 2151//2151 2149//2149 2234//2234
f 2235//2235 1752//1752 1748//1748 1747//1747
f 2235//2235 1747//1747 2231//2231 2230//2230
f 2235//2235 2234//2234 2236//2236 1752//1752
f 2236//2236 1757//1757 1753//1753 1752//1752
f 2236//2236 2234//2234 2149//2149 2147//2147
f 2236//2236 2147//2147 2145//2145 1757//1757
f 2232//2232 2231//2231 1742//1742 2237//2237
f 2232//2232 2237//2237 2238//2238 2225//2225
f 2238//2238 2237//2237 1737//1737 2239//2239
f 2238//2238 2239//2239 2240//2240 2221//2221
f 2238//2238 2221//2221 2220//2220 2225//2225
f 2240//2240 2239//2239 1733//1733 2241//2241
f 2240//2240 2241//2241 2242//2242 2217//2217
f 2240//2240 2217//2217 2216//2216 2221//2221
f 2242//2242 2241//2241 2243//2243 2244//2244
f 2242//2242 2244//2244 2245//2245 2213//2213
f 2242//2242 2213//2213 2212//2212 2217//2217
f 2245//2245 2244//2244 2246//2246 2247//2247
f 2245//2245 2247//2247 2248//2248 2209//2209
f 2245//2245 2209//2209 2208//2208 2213//2213
f 2248//2248 2247//2247 2249//2249 2250//2250
f 2248//2248 2250//2250 1682//1682 2205//2205
f 2248//2248 2205//2205 2204//2204 2209//2209
f 2250//2250 2249//2249 2251//2251 2252//2252
f 2250//2250 2252//2252 1683//1683 1682//1682
f 2252//2252 2251//2251 2253//2253 2254//2254
f 2252//2252 2254//2254 1684//1684 1683//1683
f 2254//2254 2253//2253 2255//2255 2256//2256
f 2254//2254 2256//2256 2257//2257 1684//1684
f 2257//2257 2256//2256 2258//2258 2259//2259
f 2257//2257 2259//2259 2260//2260 2261//2261
f 2257//2257 2261//2261 1679//1679 1684//1684
f 2261//2261 2260//2260 2262//2262 2263//2263
f 2261//2261 2263//2263 1674//1674 1679//1679
f 2263//2263 2262//2262 1634//1634 2264//2264
f 2263//2263 2264//2264 1675//1675 1674//1674
f 2264//2264 1634//1634 1633//1633 1649//1649
f 2264//2264 1649//1649 2265//2265 1675//1675
f 2265//2265 1649//1649 1648//1648 2192//2192
f 2265//2265 2192//2192 2191//2191 2196//2196
f 2265//2265 2196//2196 1676//1676 1675//1675
f 2262//2262 2260//2260 2266//2266 2267//2267
f 2262//2262 2267//2267 1635//1635 1634//1634
f 2267//2267 2266//2266 1672//1672 2268//2268
f 2267//2267 2268//2268 1638//1638 1635//1635
f 2268//2268 1672//1672 1663//1663 1660//1660
f 2268//2268 1660//1660 1659//1659 1638//1638
f 2266//2266 2269//2269 1670//1670 1672//1672
f 2266//2266 2260//2260 2259//2259 2269//2269
f 2269//2269 2270//2270 1671//1671 1670//1670
f 2269//2269 2259//2259 2258//2258 2270//2270
f 2270//2270 2271//2271 2045//2045 1671//1671
f 2270//2270 2258//2258 2272//2272 2271//2271
f 2272//2272 2273//2273 2040//2040 2271//2271
f 2272//2272 2258//2258 2256//2256 2255//2255
f 2272//2272 2255//2255 2274//2274 2273//2273
f 2274//2274 2275//2275 2035//2035 2273//2273
f 2274//2274 2255//2255 2253//2253 2276//2276
f 2274//2274 2276//2276 2277//2277 2275//2275
f 2277//2277 2278//2278 2030//2030 2275//2275
f 2277//2277 2276//2276 2279//2279 2280//2280
f 2277//2277 2280//2280 2281//2281 2278//2278
f 2281//2281 1726//1726 2025//2025 2278//2278
f 2281//2281 2280//2280 2282//2282 1729//1729
f 2281//2281 1729//1729 1727//1727 1726//1726
f 2282//2282 2280//2280 2279//2279 2283//2283
f 2282//2282 2283//2283 2246//2246 2284//2284
f 2282//2282 2284//2284 1730//1730 1729//1729
f 2284//2284 2246//2246 2244//2244 2243//2243
f 2284//2284 2243//2243 1731//1731 1730//1730
f 2283//2283 2279//2279 2251//2251 2249//2249
f 2283//2283 2249//2249 2247//2247 2246//2246
f 2279//2279 2276//2276 2253//2253 2251//2251
f 2278//2278 2025//2025 2024//2024 2030//2030
f 2275//2275 2030//2030 2029//2029 2035//2035
f 2273//2273 2035//2035 2034//2034 2040//2040
f 2271//2271 2040//2040 2039//2039 2045//2045
f 2243//2243 2241//2241 1733//1733 1731//1731
f 2239//2239 1737//1737 1734//1734 1733//1733
f 2237//2237 1742//1742 1738//1738 1737//1737
f 2231//2231 1747//1747 1743//1743 1742//1742
f 2226//2226 2162//2162 2159//2159 2157//2157
f 2222//2222 2165//2165 2163//2163 2162//2162
f 2218//2218 2168//2168 2166//2166 2165//2165
f 2214//2214 2171//2171 2169//2169 2168//2168
f 2210//2210 2174//2174 2172//2172 2171//2171
f 2206//2206 2177//2177 2175//2175 2174//2174
f 2205//2205 1682//1682 1681//1681 2201//2201
f 2202//2202 2180//2180 2178//2178 2177//2177
f 2199//2199 2183//2183 2181//2181 2180//2180
f 2197//2197 2186//2186 2184//2184 2183//2183
f 2196//2196 2195//2195 1677//1677 1676//1676
f 2193//2193 2192//2192 1648//1648 1647//1647
f 2193//2193 1647//1647 1659//1659 1658//1658
f 2145//2145 1762//1762 1758//1758 1757//1757
f 2141//2141 1782//1782 1778//1778 1777//1777
f 2141//2141 1702//1702 1701//1701 1782//1782
f 2137//2137 1799//1799 1797//1797 1796//1796
f 2109//2109 2108//2108 2285//2285 1825//1825
f 2285//2285 2108//2108 2286//2286 2287//2287
f 2285//2285 2287//2287 2288//2288 1828//1828
f 2285//2285 1828//1828 1826//1826 1825//1825
f 2288//2288 2287//2287 1946//1946 1944//1944
f 2288//2288 1944//1944 1942//1942 1941//1941
f 2288//2288 1941//1941 1829//1829 1828//1828
f 2287//2287 2286//2286 1948//1948 1946//1946
f 2286//2286 2108//2108 2104//2104 2103//2103
f 2286//2286 2103//2103 2289//2289 1948//1948
f 2289//2289 2103//2103 2099//2099 2098//2098
f 2289//2289 2098//2098 2290//2290 1951//1951
f 2289//2289 1951//1951 1949//1949 1948//1948
f 2290//2290 2098//2098 2094//2094 2093//2093
f 2290//2290 2093//2093 2291//2291 2292//2292
f 2290//2290 2292//2292 1952//1952 1951//1951
f 2292//2292 2291//2291 2293//2293 2294//2294
f 2292//2292 2294//2294 1953//1953 1952//1952
f 2294//2294 2293//2293 2295//2295 2296//2296
f 2294//2294 2296//2296 1955//1955 1953//1953
f 2296//2296 2295//2295 2297//2297 1960//1960
f 2296//2296 1960//1960 1957//1957 1955//1955
f 2297//2297 2295//2295 2298//2298 2299//2299
f 2297//2297 2299//2299 2300//2300 1963//1963
f 2297//2297 1963//1963 1961//1961 1960//1960
f 2300//2300 2299//2299 2301//2301 2302//2302
f 2300//2300 2302//2302 2303//2303 1966//1966
f 2300//2300 1966//1966 1964//1964 1963//1963
f 2303//2303 2302//2302 2304//2304 2305//2305
f 2303//2303 2305//2305 2306//2306 1969//1969
f 2303//2303 1969//1969 1967//1967 1966//1966
f 2306//2306 2305//2305 2307//2307 2308//2308
f 2306//2306 2308//2308 2309//2309 1972//1972
f 2306//2306 1972//1972 1970//1970 1969//1969
f 2309//2309 2308//2308 2310//2310 2311//2311
f 2309//2309 2311//2311 2312//2312 2313//2313
f 2309//2309 2313//2313 1973//1973 1972//1972
f 2313//2313 2312//2312 2314//2314 2315//2315
f 2313//2313 2315//2315 1974//1974 1973//1973
f 2315//2315 2314//2314 2316//2316 2317//2317
f 2315//2315 2317//2317 1976//1976 1974//1974
f 2317//2317 2316//2316 2318//2318 2319//2319
f 2317//2317 2319//2319 1978//1978 1976//1976
f 2319//2319 2318//2318 2320//2320 2321//2321
f 2319//2319 2321//2321 1980//1980 1978//1978
f 2321//2321 2320//2320 2322//2322 2323//2323
f 2321//2321 2323//2323 1982//1982 1980//1980
f 2323//2323 2322//2322 2324//2324 1987//1987
f 2323//2323 1987//1987 1984//1984 1982//1982
f 2324//2324 2322//2322 2325//2325 2326//2326
f 2324//2324 2326//2326 2327//2327 1990//1990
f 2324//2324 1990//1990 1988//1988 1987//1987
f 2327//2327 2326//2326 2328//2328 2329//2329
f 2327//2327 2329//2329 2330//2330 1993//1993
f 2327//2327 1993//1993 1991//1991 1990//1990
f 2330//2330 2329//2329 2331//2331 2332//2332
f 2330//2330 2332//2332 2333//2333 1996//1996
f 2330//2330 1996//1996 1994//1994 1993//1993
f 2333//2333 2332//2332 2334//2334 2335//2335
f 2333//2333 2335//2335 2336//2336 1999//1999
f 2333//2333 1999//1999 1997//1997 1996//1996
f 2336//2336 2335//2335 2337//2337 2338//2338
f 2336//2336 2338//2338 2339//2339 2002//2002
f 2336//2336 2002//2002 2000//2000 1999//1999
f 2339//2339 2338//2338 2340//2340 2341//2341
f 2339//2339 2341//2341 1713//1713 2005//2005
f 2339//2339 2005//2005 2003//2003 2002//2002
f 2341//2341 2340//2340 2342//2342 1656//1656
f 2341//2341 1656//1656 1655//1655 1713//1713
f 2342//2342 2343//2343 2344//2344 2345//2345
f 2342//2342 2345//2345 1651//1651 1656//1656
f 2342//2342 2340//2340 2346//2346 2343//2343
f 2346//2346 2347//2347 2348//2348 2343//2343
f 2346//2346 2340//2340 2338//2338 2337//2337
f 2346//2346 2337//2337 2349//2349 2347//2347
f 2349//2349 2350//2350 2351//2351 2347//2347
f 2349//2349 2337//2337 2335//2335 2334//2334
f 2349//2349 2334//2334 2352//2352 2350//2350
f 2352//2352 2353//2353 2354//2354 2350//2350
f 2352//2352 2334//2334 2332//2332 2331//2331
f 2352//2352 2331//2331 2355//2355 2353//2353
f 2355//2355 2356//2356 2357//2357 2353//2353
f 2355//2355 2331//2331 2329//2329 2328//2328
f 2355//2355 2328//2328 2358//2358 2356//2356
f 2358//2358 2359//2359 2360//2360 2356//2356
f 2358//2358 2328//2328 2326//2326 2325//2325
f 2358//2358 2325//2325 2361//2361 2359//2359
f 2361//2361 2362//2362 2363//2363 2359//2359
f 2361//2361 2325//2325 2322//2322 2320//2320
f 2361//2361 2320//2320 2318//2318 2362//2362
f 2363//2363 2364//2364 2365//2365 2366//2366
f 2363//2363 2366//2366 2360//2360 2359//2359
f 2363//2363 2362//2362 2367//2367 2364//2364
f 2367//2367 2368//2368 2369//2369 2364//2364
f 2367//2367 2362//2362 2318//2318 2316//2316
f 2367//2367 2316//2316 2314//2314 2368//2368
f 2369//2369 2370//2370 2371//2371 2372//2372
f 2369//2369 2372//2372 2365//2365 2364//2364
f 2369//2369 2368//2368 2373//2373 2370//2370
f 2373//2373 2374//2374 2375//2375 2370//2370
f 2373//2373 2368//2368 2314//2314 2312//2312
f 2373//2373 2312//2312 2311//2311 2374//2374
f 2375//2375 2058//2058 2054//2054 2053//2053
f 2375//2375 2053//2053 2371//2371 2370//2370
f 2375//2375 2374//2374 2376//2376 2058//2058
f 2376//2376 2063//2063 2059//2059 2058//2058
f 2376//2376 2374//2374 2311//2311 2310//2310
f 2376//2376 2310//2310 2377//2377 2063//2063
f 2377//2377 2068//2068 2064//2064 2063//2063
f 2377//2377 2310//2310 2308//2308 2307//2307
f 2377//2377 2307//2307 2378//2378 2068//2068
f 2378//2378 2073//2073 2069//2069 2068//2068
f 2378//2378 2307//2307 2305//2305 2304//2304
f 2378//2378 2304//2304 2379//2379 2073//2073
f 2379//2379 2078//2078 2074//2074 2073//2073
f 2379//2379 2304//2304 2302//2302 2301//2301
f 2379//2379 2301//2301 2380//2380 2078//2078
f 2380//2380 2083//2083 2079//2079 2078//2078
f 2380//2380 2301//2301 2299//2299 2298//2298
f 2380//2380 2298//2298 2381//2381 2083//2083
f 2381//2381 2088//2088 2084//2084 2083//2083
f 2381//2381 2298//2298 2295//2295 2293//2293
f 2381//2381 2293//2293 2291//2291 2088//2088
f 2372//2372 2371//2371 2049//2049 2382//2382
f 2372//2372 2382//2382 2383//2383 2365//2365
f 2383//2383 2382//2382 2046//2046 2384//2384
f 2383//2383 2384//2384 2385//2385 2386//2386
f 2383//2383 2386//2386 2366//2366 2365//2365
f 2386//2386 2385//2385 2387//2387 2388//2388
f 2386//2386 2388//2388 2360//2360 2366//2366
f 2388//2388 2387//2387 2389//2389 2357//2357
f 2388//2388 2357//2357 2356//2356 2360//2360
f 2389//2389 2387//2387 2390//2390 2391//2391
f 2389//2389 2391//2391 2392//2392 2354//2354
f 2389//2389 2354//2354 2353//2353 2357//2357
f 2392//2392 2391//2391 2393//2393 2394//2394
f 2392//2392 2394//2394 2395//2395 2351//2351
f 2392//2392 2351//2351 2350//2350 2354//2354
f 2395//2395 2394//2394 2396//2396 2397//2397
f 2395//2395 2397//2397 2398//2398 2348//2348
f 2395//2395 2348//2348 2347//2347 2351//2351
f 2398//2398 2397//2397 2399//2399 2400//2400
f 2398//2398 2400//2400 2401//2401 2344//2344
f 2398//2398 2344//2344 2343//2343 2348//2348
f 2401//2401 2400//2400 1709//1709 1706//1706
f 2401//2401 1706//1706 1695//1695 2402//2402
f 2401//2401 2402//2402 2345//2345 2344//2344
f 2402//2402 1695//1695 1694//1694 1652//1652
f 2402//2402 1652//1652 1651//1651 2345//2345
f 2400//2400 2399//2399 2403//2403 1709//1709
f 2403//2403 2021//2021 2018//2018 2017//2017
f 2403//2403 2017//2017 1708//1708 1709//1709
f 2403//2403 2399//2399 2404//2404 2021//2021
f 2404//2404 2026//2026 2022//2022 2021//2021
f 2404//2404 2399//2399 2397//2397 2396//2396
f 2404//2404 2396//2396 2405//2405 2026//2026
f 2405//2405 2031//2031 2027//2027 2026//2026
f 2405//2405 2396//2396 2394//2394 2393//2393
f 2405//2405 2393//2393 2406//2406 2031//2031
f 2406//2406 2036//2036 2032//2032 2031//2031
f 2406//2406 2393//2393 2391//2391 2390//2390
f 2406//2406 2390//2390 2407//2407 2036//2036
f 2407//2407 2041//2041 2037//2037 2036//2036
f 2407//2407 2390//2390 2387//2387 2385//2385
f 2407//2407 2385//2385 2384//2384 2041//2041
f 2384//2384 2046//2046 2042//2042 2041//2041
f 2382//2382 2049//2049 2047//2047 2046//2046
f 2371//2371 2053//2053 2050//2050 2049//2049
f 2291//2291 2093//2093 2089//2089 2088//2088
f 2057//2057 1668//1668 1667//1667 2052//2052
f 2045//2045 2044//2044 1665//1665 1671//1671
f 2025//2025 1726//1726 1725//1725 2020//2020
f 2017//2017 2015//2015 1696//1696 1708//1708
f 2011//2011 1710//1710 1694//1694 1693//1693
f 2008//2008 1712//1712 1654//1654 1711//1711
f 2006//2006 2005//2005 1713//1713 1712//1712
f 1941//1941 1937//1937 1830//1830 1829//1829
f 1791//1791 1787//1787 1700//1700 1699//1699
f 1783//1783 1782//1782 1701//1701 1700//1700
f 1741//1741 1716//1716 1715//1715 1736//1736
f 1659//1659 1647//1647 1636//1636 1638//1638
