# Extracted from Open3DModel lower-limb.obj — Dorsal_digital_branches_of_deep_fibular_nerve.r
# License: CC BY-SA 4.0 — AnatomyTOOL Open3D create
o Dorsal_digital_branches_of_deep_fibular_nerve.r
v -0.088402 0.015005 0.130937
v -0.088447 0.014999 0.130930
v -0.088426 0.014997 0.130933
v -0.088383 0.015019 0.130943
v -0.088461 0.015010 0.130931
v -0.088373 0.015038 0.130949
v -0.088463 0.015027 0.130935
v -0.088375 0.015054 0.130953
v -0.088453 0.015046 0.130941
v -0.088388 0.015065 0.130954
v -0.088433 0.015060 0.130947
v -0.088410 0.015068 0.130952
v -0.083425 0.037017 0.068053
v -0.083103 0.036992 0.068143
v -0.083250 0.036972 0.068087
v -0.083024 0.037069 0.068207
v -0.083582 0.037113 0.068051
v -0.083034 0.037185 0.068262
v -0.083679 0.037235 0.068082
v -0.083130 0.037307 0.068292
v -0.083689 0.037350 0.068136
v -0.083287 0.037403 0.068290
v -0.083610 0.037428 0.068200
v -0.083463 0.037447 0.068257
v -0.103435 0.014484 0.133181
v -0.103487 0.014491 0.133161
v -0.103457 0.014480 0.133168
v -0.103426 0.014504 0.133195
v -0.103515 0.014515 0.133161
v -0.103433 0.014532 0.133208
v -0.103535 0.014545 0.133169
v -0.103453 0.014563 0.133216
v -0.103542 0.014574 0.133182
v -0.103481 0.014587 0.133216
v -0.103533 0.014593 0.133196
v -0.103511 0.014598 0.133209
v -0.082720 0.037780 0.066355
v -0.082327 0.037876 0.066556
v -0.082491 0.037792 0.066448
v -0.082954 0.037843 0.066303
v -0.082273 0.038009 0.066652
v -0.083130 0.037964 0.066306
v -0.082344 0.038156 0.066708
v -0.083201 0.038111 0.066362
v -0.082520 0.038277 0.066711
v -0.083147 0.038244 0.066458
v -0.082754 0.038340 0.066659
v -0.082983 0.038328 0.066566
v -0.082720 0.037780 0.066355
v -0.082979 0.037383 0.067059
v -0.083212 0.037444 0.067009
v -0.082954 0.037843 0.066303
v -0.082491 0.037792 0.066448
v -0.082750 0.037396 0.067149
v -0.082327 0.037876 0.066556
v -0.082587 0.037480 0.067255
v -0.082273 0.038009 0.066652
v -0.082534 0.037612 0.067350
v -0.082344 0.038156 0.066708
v -0.082604 0.037758 0.067408
v -0.082520 0.038277 0.066711
v -0.082780 0.037877 0.067412
v -0.082754 0.038340 0.066659
v -0.083013 0.037938 0.067363
v -0.082983 0.038328 0.066566
v -0.083242 0.037925 0.067273
v -0.083147 0.038244 0.066458
v -0.083405 0.037841 0.067166
v -0.083201 0.038111 0.066362
v -0.083458 0.037709 0.067072
v -0.083130 0.037964 0.066306
v -0.083388 0.037563 0.067014
v -0.083199 0.037027 0.067683
v -0.083432 0.037086 0.067637
v -0.082971 0.037041 0.067770
v -0.082808 0.037126 0.067874
v -0.082755 0.037257 0.067969
v -0.082826 0.037400 0.068027
v -0.083001 0.037517 0.068035
v -0.083234 0.037576 0.067989
v -0.083463 0.037561 0.067902
v -0.083625 0.037477 0.067797
v -0.083678 0.037346 0.067703
v -0.083607 0.037203 0.067644
v -0.083387 0.036701 0.068246
v -0.083620 0.036757 0.068204
v -0.083159 0.036717 0.068329
v -0.082997 0.036801 0.068432
v -0.082945 0.036932 0.068525
v -0.083015 0.037073 0.068586
v -0.083191 0.037187 0.068596
v -0.083423 0.037243 0.068554
v -0.083651 0.037227 0.068471
v -0.083813 0.037143 0.068369
v -0.083866 0.037012 0.068275
v -0.083795 0.036871 0.068215
v -0.083549 0.036393 0.068766
v -0.083782 0.036447 0.068729
v -0.083322 0.036411 0.068846
v -0.083161 0.036496 0.068945
v -0.083108 0.036626 0.069039
v -0.083179 0.036764 0.069101
v -0.083355 0.036875 0.069116
v -0.083587 0.036929 0.069078
v -0.083815 0.036911 0.068999
v -0.083976 0.036826 0.068899
v -0.084028 0.036697 0.068805
v -0.083957 0.036558 0.068743
v -0.083693 0.036093 0.069262
v -0.083925 0.036144 0.069229
v -0.083466 0.036113 0.069338
v -0.083305 0.036199 0.069435
v -0.083253 0.036327 0.069528
v -0.083324 0.036463 0.069593
v -0.083500 0.036572 0.069611
v -0.083732 0.036622 0.069578
v -0.083959 0.036602 0.069502
v -0.084120 0.036517 0.069405
v -0.084171 0.036388 0.069311
v -0.084100 0.036252 0.069247
v -0.083823 0.035789 0.069752
v -0.084055 0.035838 0.069723
v -0.083597 0.035811 0.069824
v -0.083436 0.035897 0.069919
v -0.083385 0.036024 0.070013
v -0.083457 0.036158 0.070079
v -0.083632 0.036264 0.070100
v -0.083863 0.036312 0.070071
v -0.084090 0.036290 0.069999
v -0.084250 0.036204 0.069904
v -0.084301 0.036077 0.069811
v -0.084230 0.035943 0.069744
v -0.083947 0.035471 0.070255
v -0.084178 0.035517 0.070229
v -0.083722 0.035494 0.070324
v -0.083562 0.035581 0.070417
v -0.083511 0.035706 0.070511
v -0.083583 0.035838 0.070579
v -0.083757 0.035941 0.070603
v -0.083988 0.035987 0.070577
v -0.084214 0.035964 0.070508
v -0.084373 0.035878 0.070414
v -0.084424 0.035752 0.070321
v -0.084352 0.035620 0.070253
v -0.084071 0.035127 0.070788
v -0.084301 0.035171 0.070765
v -0.083847 0.035151 0.070855
v -0.083688 0.035237 0.070948
v -0.083638 0.035362 0.071041
v -0.083709 0.035492 0.071110
v -0.083883 0.035592 0.071136
v -0.084113 0.035637 0.071112
v -0.084337 0.035613 0.071045
v -0.084496 0.035527 0.070953
v -0.084546 0.035402 0.070860
v -0.084475 0.035272 0.070791
v -0.084202 0.034746 0.071371
v -0.084430 0.034789 0.071349
v -0.083979 0.034770 0.071437
v -0.083821 0.034856 0.071529
v -0.083771 0.034979 0.071621
v -0.083842 0.035108 0.071691
v -0.084016 0.035207 0.071718
v -0.084244 0.035250 0.071695
v -0.084467 0.035226 0.071630
v -0.084625 0.035140 0.071538
v -0.084674 0.035017 0.071445
v -0.084603 0.034888 0.071376
v -0.084345 0.034316 0.072022
v -0.084572 0.034359 0.072000
v -0.084124 0.034341 0.072087
v -0.083967 0.034425 0.072178
v -0.083918 0.034548 0.072270
v -0.083989 0.034675 0.072340
v -0.084161 0.034774 0.072367
v -0.084388 0.034816 0.072345
v -0.084609 0.034792 0.072280
v -0.084766 0.034707 0.072189
v -0.084815 0.034585 0.072096
v -0.084744 0.034457 0.072027
v -0.084508 0.033828 0.072757
v -0.084734 0.033870 0.072736
v -0.084288 0.033852 0.072822
v -0.084133 0.033936 0.072913
v -0.084084 0.034057 0.073005
v -0.084154 0.034184 0.073074
v -0.084325 0.034282 0.073101
v -0.084550 0.034324 0.073079
v -0.084770 0.034300 0.073014
v -0.084925 0.034216 0.072924
v -0.084975 0.034094 0.072831
v -0.084904 0.033968 0.072763
v -0.084697 0.033268 0.073598
v -0.084920 0.033311 0.073575
v -0.084478 0.033292 0.073664
v -0.084324 0.033375 0.073754
v -0.084275 0.033496 0.073845
v -0.084345 0.033623 0.073912
v -0.084514 0.033720 0.073938
v -0.084738 0.033763 0.073915
v -0.084956 0.033740 0.073850
v -0.085110 0.033656 0.073760
v -0.085159 0.033535 0.073669
v -0.085090 0.033409 0.073601
v -0.084958 0.032602 0.074630
v -0.085175 0.032659 0.074614
v -0.084740 0.032610 0.074687
v -0.084581 0.032682 0.074771
v -0.084522 0.032798 0.074858
v -0.084580 0.032926 0.074926
v -0.084738 0.033034 0.074956
v -0.084955 0.033090 0.074940
v -0.085173 0.033082 0.074883
v -0.085332 0.033010 0.074799
v -0.085391 0.032895 0.074712
v -0.085333 0.032766 0.074644
v -0.085226 0.031983 0.075646
v -0.085435 0.032053 0.075636
v -0.085011 0.031976 0.075696
v -0.084848 0.032036 0.075773
v -0.084780 0.032146 0.075856
v -0.084825 0.032277 0.075922
v -0.084972 0.032393 0.075955
v -0.085181 0.032464 0.075945
v -0.085396 0.032470 0.075895
v -0.085560 0.032410 0.075818
v -0.085628 0.032300 0.075735
v -0.085582 0.032170 0.075668
v -0.085503 0.031409 0.076647
v -0.085703 0.031493 0.076642
v -0.085292 0.031388 0.076691
v -0.085125 0.031436 0.076762
v -0.085049 0.031539 0.076840
v -0.085082 0.031671 0.076905
v -0.085217 0.031795 0.076940
v -0.085417 0.031879 0.076935
v -0.085628 0.031901 0.076891
v -0.085795 0.031853 0.076820
v -0.085871 0.031750 0.076742
v -0.085838 0.031618 0.076677
v -0.085788 0.030879 0.077638
v -0.085978 0.030976 0.077637
v -0.085582 0.030843 0.077676
v -0.085414 0.030878 0.077741
v -0.085330 0.030975 0.077815
v -0.085352 0.031107 0.077879
v -0.085474 0.031239 0.077915
v -0.085663 0.031335 0.077913
v -0.085870 0.031371 0.077875
v -0.086037 0.031336 0.077810
v -0.086122 0.031240 0.077736
v -0.086100 0.031108 0.077673
v -0.086082 0.030390 0.078621
v -0.086261 0.030498 0.078623
v -0.085882 0.030340 0.078654
v -0.085714 0.030363 0.078714
v -0.085623 0.030451 0.078784
v -0.085633 0.030583 0.078845
v -0.085742 0.030721 0.078882
v -0.085921 0.030829 0.078884
v -0.086121 0.030879 0.078850
v -0.086289 0.030856 0.078791
v -0.086380 0.030768 0.078721
v -0.086370 0.030637 0.078659
v -0.086386 0.029939 0.079599
v -0.086552 0.030058 0.079604
v -0.086193 0.029876 0.079628
v -0.086026 0.029886 0.079683
v -0.085929 0.029966 0.079749
v -0.085928 0.030096 0.079809
v -0.086024 0.030240 0.079845
v -0.086190 0.030359 0.079850
v -0.086383 0.030422 0.079821
v -0.086550 0.030412 0.079766
v -0.086647 0.030331 0.079700
v -0.086648 0.030202 0.079640
v -0.086700 0.029524 0.080576
v -0.086853 0.029653 0.080582
v -0.086516 0.029448 0.080602
v -0.086350 0.029446 0.080653
v -0.086248 0.029518 0.080715
v -0.086237 0.029645 0.080772
v -0.086319 0.029792 0.080809
v -0.086472 0.029921 0.080815
v -0.086657 0.029997 0.080789
v -0.086822 0.029999 0.080739
v -0.086924 0.029927 0.080676
v -0.086935 0.029801 0.080619
v -0.087024 0.029142 0.081555
v -0.087164 0.029280 0.081563
v -0.086849 0.029055 0.081578
v -0.086687 0.029041 0.081625
v -0.086581 0.029104 0.081683
v -0.086559 0.029227 0.081738
v -0.086628 0.029377 0.081775
v -0.086768 0.029515 0.081783
v -0.086943 0.029603 0.081760
v -0.087105 0.029617 0.081713
v -0.087211 0.029554 0.081654
v -0.087233 0.029431 0.081599
v -0.087359 0.028792 0.082539
v -0.087486 0.028937 0.082548
v -0.087195 0.028693 0.082559
v -0.087037 0.028668 0.082602
v -0.086927 0.028721 0.082658
v -0.086896 0.028841 0.082711
v -0.086951 0.028993 0.082747
v -0.087078 0.029138 0.082756
v -0.087243 0.029236 0.082736
v -0.087401 0.029262 0.082692
v -0.087510 0.029208 0.082637
v -0.087541 0.029089 0.082584
v -0.087706 0.028469 0.083531
v -0.087819 0.028620 0.083541
v -0.087552 0.028361 0.083549
v -0.087400 0.028324 0.083589
v -0.087288 0.028369 0.083642
v -0.087248 0.028483 0.083693
v -0.087290 0.028636 0.083729
v -0.087403 0.028787 0.083739
v -0.087557 0.028895 0.083721
v -0.087709 0.028932 0.083681
v -0.087821 0.028887 0.083628
v -0.087861 0.028773 0.083577
v -0.088065 0.028173 0.084535
v -0.088164 0.028328 0.084546
v -0.087923 0.028056 0.084550
v -0.087776 0.028008 0.084588
v -0.087664 0.028044 0.084639
v -0.087615 0.028152 0.084688
v -0.087645 0.028304 0.084723
v -0.087744 0.028460 0.084734
v -0.087886 0.028577 0.084719
v -0.088033 0.028624 0.084681
v -0.088145 0.028589 0.084631
v -0.088193 0.028481 0.084581
v -0.088437 0.027899 0.085554
v -0.088523 0.028058 0.085569
v -0.088306 0.027776 0.085564
v -0.088165 0.027719 0.085598
v -0.088052 0.027745 0.085645
v -0.087996 0.027847 0.085693
v -0.088014 0.027997 0.085730
v -0.088100 0.028156 0.085746
v -0.088231 0.028279 0.085735
v -0.088372 0.028336 0.085702
v -0.088486 0.028309 0.085655
v -0.088541 0.028208 0.085606
v -0.088792 0.027569 0.086651
v -0.088891 0.027714 0.086662
v -0.088652 0.027461 0.086664
v -0.088509 0.027421 0.086698
v -0.088402 0.027459 0.086744
v -0.088358 0.027564 0.086790
v -0.088391 0.027709 0.086823
v -0.088490 0.027854 0.086835
v -0.088630 0.027962 0.086822
v -0.088772 0.028002 0.086787
v -0.088880 0.027964 0.086741
v -0.088923 0.027859 0.086696
v -0.089146 0.027179 0.087863
v -0.089257 0.027310 0.087872
v -0.088999 0.027089 0.087878
v -0.088857 0.027064 0.087913
v -0.088757 0.027112 0.087959
v -0.088725 0.027219 0.088002
v -0.088771 0.027357 0.088032
v -0.088882 0.027489 0.088041
v -0.089029 0.027579 0.088026
v -0.089171 0.027604 0.087991
v -0.089271 0.027556 0.087946
v -0.089303 0.027449 0.087902
v -0.089501 0.026751 0.089160
v -0.089622 0.026868 0.089164
v -0.089351 0.026677 0.089180
v -0.089211 0.026667 0.089217
v -0.089119 0.026724 0.089261
v -0.089099 0.026832 0.089302
v -0.089158 0.026963 0.089328
v -0.089278 0.027080 0.089331
v -0.089429 0.027154 0.089312
v -0.089569 0.027164 0.089275
v -0.089661 0.027107 0.089230
v -0.089680 0.026999 0.089190
v -0.089861 0.026304 0.090511
v -0.089989 0.026408 0.090508
v -0.089709 0.026247 0.090535
v -0.089573 0.026251 0.090575
v -0.089490 0.026316 0.090619
v -0.089482 0.026424 0.090656
v -0.089551 0.026546 0.090676
v -0.089678 0.026650 0.090674
v -0.089831 0.026707 0.090649
v -0.089966 0.026703 0.090610
v -0.090050 0.026638 0.090565
v -0.090058 0.026530 0.090528
v -0.090226 0.025861 0.091883
v -0.090359 0.025950 0.091873
v -0.090074 0.025819 0.091913
v -0.089944 0.025836 0.091956
v -0.089870 0.025908 0.091999
v -0.089873 0.026014 0.092032
v -0.089951 0.026128 0.092045
v -0.090084 0.026217 0.092036
v -0.090236 0.026259 0.092005
v -0.090366 0.026242 0.091963
v -0.090440 0.026170 0.091919
v -0.090437 0.026064 0.091887
v -0.090599 0.025440 0.093246
v -0.090735 0.025516 0.093228
v -0.090449 0.025414 0.093282
v -0.090326 0.025443 0.093328
v -0.090261 0.025520 0.093370
v -0.090274 0.025624 0.093397
v -0.090359 0.025728 0.093402
v -0.090495 0.025804 0.093385
v -0.090645 0.025831 0.093348
v -0.090769 0.025801 0.093303
v -0.090833 0.025724 0.093261
v -0.090820 0.025620 0.093233
v -0.090981 0.025063 0.094568
v -0.091117 0.025125 0.094541
v -0.090835 0.025051 0.094611
v -0.090719 0.025091 0.094658
v -0.090665 0.025173 0.094698
v -0.090686 0.025275 0.094719
v -0.090777 0.025369 0.094715
v -0.090914 0.025431 0.094688
v -0.091060 0.025443 0.094645
v -0.091175 0.025403 0.094597
v -0.091230 0.025321 0.094558
v -0.091209 0.025219 0.094537
v -0.091374 0.024750 0.095818
v -0.091509 0.024798 0.095781
v -0.091234 0.024752 0.095867
v -0.091127 0.024802 0.095916
v -0.091082 0.024887 0.095952
v -0.091110 0.024986 0.095964
v -0.091205 0.025070 0.095950
v -0.091341 0.025118 0.095913
v -0.091481 0.025117 0.095864
v -0.091588 0.025067 0.095815
v -0.091633 0.024981 0.095779
v -0.091604 0.024883 0.095767
v -0.091780 0.024522 0.096965
v -0.091912 0.024557 0.096918
v -0.091648 0.024536 0.097021
v -0.091550 0.024595 0.097070
v -0.091514 0.024684 0.097100
v -0.091548 0.024779 0.097101
v -0.091644 0.024853 0.097075
v -0.091776 0.024888 0.097027
v -0.091908 0.024874 0.096972
v -0.092006 0.024814 0.096922
v -0.092042 0.024726 0.096893
v -0.092008 0.024631 0.096891
v -0.092204 0.024399 0.097980
v -0.092329 0.024421 0.097920
v -0.092081 0.024426 0.098042
v -0.091993 0.024494 0.098090
v -0.091963 0.024584 0.098110
v -0.092000 0.024674 0.098098
v -0.092094 0.024738 0.098056
v -0.092219 0.024760 0.097996
v -0.092342 0.024733 0.097934
v -0.092430 0.024665 0.097887
v -0.092459 0.024574 0.097866
v -0.092422 0.024485 0.097879
v -0.092649 0.024405 0.098834
v -0.092763 0.024412 0.098760
v -0.092537 0.024444 0.098901
v -0.092458 0.024519 0.098944
v -0.092432 0.024610 0.098951
v -0.092467 0.024693 0.098919
v -0.092553 0.024744 0.098858
v -0.092667 0.024752 0.098784
v -0.092779 0.024712 0.098717
v -0.092859 0.024637 0.098675
v -0.092884 0.024546 0.098668
v -0.092849 0.024464 0.098699
v -0.093110 0.024560 0.099478
v -0.093216 0.024552 0.099399
v -0.093007 0.024611 0.099543
v -0.092934 0.024692 0.099578
v -0.092911 0.024781 0.099572
v -0.092945 0.024854 0.099527
v -0.093025 0.024892 0.099456
v -0.093131 0.024884 0.099377
v -0.093234 0.024833 0.099312
v -0.093307 0.024752 0.099277
v -0.093329 0.024664 0.099283
v -0.093296 0.024590 0.099328
v -0.093486 0.024702 0.099958
v -0.093594 0.024696 0.099887
v -0.093383 0.024752 0.100018
v -0.093312 0.024831 0.100052
v -0.093292 0.024919 0.100051
v -0.093330 0.024992 0.100014
v -0.093414 0.025031 0.099951
v -0.093522 0.025025 0.099880
v -0.093626 0.024975 0.099820
v -0.093697 0.024896 0.099786
v -0.093716 0.024808 0.099788
v -0.093678 0.024735 0.099825
v -0.093785 0.024736 0.100489
v -0.093899 0.024731 0.100434
v -0.093679 0.024784 0.100541
v -0.093611 0.024861 0.100576
v -0.093598 0.024948 0.100585
v -0.093643 0.025021 0.100564
v -0.093736 0.025060 0.100521
v -0.093850 0.025055 0.100465
v -0.093955 0.025007 0.100413
v -0.094024 0.024930 0.100378
v -0.094037 0.024843 0.100370
v -0.093991 0.024770 0.100390
v -0.094030 0.024678 0.101085
v -0.094146 0.024672 0.101042
v -0.093924 0.024726 0.101130
v -0.093858 0.024802 0.101166
v -0.093849 0.024886 0.101183
v -0.093899 0.024956 0.101176
v -0.093995 0.024992 0.101147
v -0.094112 0.024987 0.101104
v -0.094217 0.024939 0.101059
v -0.094283 0.024863 0.101023
v -0.094293 0.024779 0.101007
v -0.094243 0.024709 0.101013
v -0.094231 0.024541 0.101738
v -0.094348 0.024534 0.101705
v -0.094127 0.024588 0.101778
v -0.094062 0.024662 0.101815
v -0.094055 0.024744 0.101837
v -0.094107 0.024810 0.101840
v -0.094204 0.024844 0.101822
v -0.094321 0.024836 0.101789
v -0.094425 0.024789 0.101749
v -0.094490 0.024715 0.101712
v -0.094497 0.024634 0.101690
v -0.094445 0.024568 0.101687
v -0.094397 0.024338 0.102441
v -0.094513 0.024329 0.102414
v -0.094295 0.024385 0.102478
v -0.094232 0.024457 0.102514
v -0.094226 0.024535 0.102541
v -0.094278 0.024598 0.102550
v -0.094375 0.024629 0.102539
v -0.094491 0.024620 0.102512
v -0.094593 0.024574 0.102475
v -0.094656 0.024502 0.102438
v -0.094662 0.024423 0.102412
v -0.094610 0.024360 0.102403
v -0.094539 0.024083 0.103184
v -0.094652 0.024073 0.103161
v -0.094439 0.024129 0.103219
v -0.094377 0.024199 0.103255
v -0.094372 0.024274 0.103284
v -0.094424 0.024334 0.103297
v -0.094520 0.024364 0.103291
v -0.094633 0.024354 0.103267
v -0.094733 0.024307 0.103232
v -0.094795 0.024237 0.103196
v -0.094800 0.024162 0.103167
v -0.094748 0.024102 0.103155
v -0.094667 0.023789 0.103960
v -0.094778 0.023779 0.103938
v -0.094568 0.023834 0.103993
v -0.094509 0.023902 0.104029
v -0.094504 0.023975 0.104059
v -0.094555 0.024033 0.104073
v -0.094649 0.024061 0.104069
v -0.094759 0.024051 0.104048
v -0.094858 0.024006 0.104014
v -0.094918 0.023937 0.103978
v -0.094922 0.023864 0.103949
v -0.094871 0.023806 0.103934
v -0.094791 0.023472 0.104759
v -0.094899 0.023462 0.104738
v -0.094695 0.023516 0.104792
v -0.094637 0.023582 0.104828
v -0.094632 0.023653 0.104857
v -0.094682 0.023710 0.104872
v -0.094774 0.023737 0.104868
v -0.094882 0.023727 0.104847
v -0.094978 0.023683 0.104814
v -0.095036 0.023616 0.104778
v -0.095041 0.023545 0.104749
v -0.094991 0.023489 0.104734
v -0.094924 0.023146 0.105574
v -0.095029 0.023137 0.105552
v -0.094830 0.023188 0.105607
v -0.094773 0.023253 0.105642
v -0.094769 0.023322 0.105671
v -0.094817 0.023378 0.105684
v -0.094906 0.023404 0.105680
v -0.095012 0.023395 0.105658
v -0.095105 0.023353 0.105625
v -0.095162 0.023288 0.105589
v -0.095167 0.023219 0.105561
v -0.095118 0.023163 0.105547
v -0.095075 0.022826 0.106396
v -0.095177 0.022817 0.106373
v -0.094984 0.022866 0.106430
v -0.094929 0.022929 0.106465
v -0.094924 0.022997 0.106492
v -0.094971 0.023052 0.106504
v -0.095058 0.023079 0.106497
v -0.095160 0.023071 0.106473
v -0.095251 0.023030 0.106439
v -0.095306 0.022967 0.106404
v -0.095310 0.022899 0.106377
v -0.095263 0.022845 0.106366
v -0.095257 0.022525 0.107219
v -0.095355 0.022519 0.107193
v -0.095168 0.022565 0.107255
v -0.095115 0.022626 0.107289
v -0.095110 0.022692 0.107314
v -0.095155 0.022747 0.107322
v -0.095238 0.022775 0.107311
v -0.095337 0.022768 0.107284
v -0.095425 0.022729 0.107249
v -0.095479 0.022668 0.107214
v -0.095484 0.022601 0.107190
v -0.095439 0.022547 0.107182
v -0.095480 0.022261 0.108033
v -0.095575 0.022256 0.108004
v -0.095394 0.022299 0.108070
v -0.095342 0.022358 0.108103
v -0.095337 0.022424 0.108125
v -0.095380 0.022478 0.108130
v -0.095460 0.022506 0.108115
v -0.095555 0.022501 0.108086
v -0.095640 0.022464 0.108050
v -0.095693 0.022404 0.108016
v -0.095698 0.022339 0.107994
v -0.095655 0.022284 0.107989
v -0.095742 0.022020 0.108842
v -0.095836 0.022025 0.108815
v -0.095655 0.022048 0.108878
v -0.095598 0.022101 0.108911
v -0.095586 0.022164 0.108933
v -0.095623 0.022221 0.108938
v -0.095698 0.022257 0.108925
v -0.095792 0.022262 0.108897
v -0.095879 0.022234 0.108862
v -0.095937 0.022182 0.108829
v -0.095949 0.022118 0.108807
v -0.095912 0.022061 0.108802
v -0.096014 0.021785 0.109668
v -0.096106 0.021799 0.109643
v -0.095925 0.021804 0.109700
v -0.095863 0.021849 0.109733
v -0.095845 0.021909 0.109755
v -0.095876 0.021969 0.109763
v -0.095946 0.022011 0.109752
v -0.096038 0.022025 0.109727
v -0.096127 0.022007 0.109694
v -0.096189 0.021962 0.109662
v -0.096207 0.021901 0.109639
v -0.096176 0.021842 0.109632
v -0.096292 0.021553 0.110508
v -0.096381 0.021576 0.110486
v -0.096203 0.021562 0.110539
v -0.096137 0.021600 0.110570
v -0.096114 0.021656 0.110593
v -0.096138 0.021717 0.110602
v -0.096203 0.021765 0.110595
v -0.096293 0.021788 0.110573
v -0.096382 0.021779 0.110542
v -0.096447 0.021741 0.110511
v -0.096471 0.021684 0.110488
v -0.096446 0.021624 0.110479
v -0.096575 0.021319 0.111362
v -0.096661 0.021350 0.111343
v -0.096487 0.021319 0.111390
v -0.096419 0.021349 0.111420
v -0.096390 0.021401 0.111444
v -0.096408 0.021463 0.111455
v -0.096468 0.021515 0.111451
v -0.096553 0.021546 0.111432
v -0.096642 0.021547 0.111404
v -0.096710 0.021517 0.111374
v -0.096738 0.021464 0.111350
v -0.096721 0.021403 0.111339
v -0.096862 0.021080 0.112228
v -0.096943 0.021118 0.112213
v -0.096775 0.021071 0.112253
v -0.096705 0.021093 0.112281
v -0.096672 0.021142 0.112306
v -0.096684 0.021202 0.112319
v -0.096737 0.021260 0.112318
v -0.096819 0.021298 0.112303
v -0.096906 0.021307 0.112278
v -0.096976 0.021285 0.112250
v -0.097009 0.021236 0.112225
v -0.096997 0.021176 0.112212
v -0.097151 0.020833 0.113103
v -0.097227 0.020878 0.113092
v -0.097066 0.020816 0.113125
v -0.096995 0.020831 0.113152
v -0.096958 0.020874 0.113176
v -0.096964 0.020934 0.113192
v -0.097011 0.020994 0.113195
v -0.097088 0.021039 0.113184
v -0.097173 0.021057 0.113162
v -0.097243 0.021042 0.113135
v -0.097281 0.020998 0.113111
v -0.097275 0.020939 0.113095
v -0.097440 0.020574 0.113987
v -0.097511 0.020625 0.113980
v -0.097358 0.020549 0.114005
v -0.097287 0.020556 0.114029
v -0.097246 0.020594 0.114054
v -0.097246 0.020653 0.114072
v -0.097287 0.020716 0.114078
v -0.097358 0.020766 0.114072
v -0.097440 0.020791 0.114054
v -0.097512 0.020784 0.114029
v -0.097552 0.020746 0.114004
v -0.097552 0.020688 0.113986
v -0.097728 0.020300 0.114876
v -0.097793 0.020355 0.114874
v -0.097649 0.020267 0.114890
v -0.097579 0.020268 0.114913
v -0.097535 0.020300 0.114937
v -0.097529 0.020356 0.114957
v -0.097564 0.020421 0.114967
v -0.097629 0.020477 0.114965
v -0.097708 0.020509 0.114951
v -0.097779 0.020509 0.114929
v -0.097822 0.020476 0.114905
v -0.097828 0.020420 0.114885
v -0.098013 0.020006 0.115771
v -0.098072 0.020066 0.115773
v -0.097938 0.019968 0.115780
v -0.097868 0.019961 0.115799
v -0.097822 0.019988 0.115823
v -0.097812 0.020042 0.115845
v -0.097840 0.020107 0.115859
v -0.097899 0.020167 0.115862
v -0.097974 0.020205 0.115852
v -0.098043 0.020212 0.115833
v -0.098090 0.020185 0.115809
v -0.098100 0.020131 0.115787
v -0.098293 0.019690 0.116667
v -0.098346 0.019753 0.116675
v -0.098223 0.019646 0.116672
v -0.098155 0.019634 0.116688
v -0.098107 0.019655 0.116710
v -0.098091 0.019705 0.116734
v -0.098113 0.019771 0.116752
v -0.098166 0.019833 0.116760
v -0.098236 0.019877 0.116755
v -0.098304 0.019890 0.116739
v -0.098352 0.019868 0.116717
v -0.098367 0.019818 0.116693
v -0.098567 0.019348 0.117565
v -0.098613 0.019413 0.117578
v -0.098502 0.019300 0.117564
v -0.098436 0.019282 0.117576
v -0.098387 0.019298 0.117597
v -0.098367 0.019344 0.117622
v -0.098382 0.019408 0.117644
v -0.098429 0.019473 0.117657
v -0.098493 0.019521 0.117657
v -0.098559 0.019540 0.117645
v -0.098609 0.019524 0.117624
v -0.098629 0.019477 0.117599
v -0.098834 0.018976 0.118462
v -0.098873 0.019042 0.118479
v -0.098774 0.018924 0.118457
v -0.098711 0.018900 0.118465
v -0.098661 0.018911 0.118484
v -0.098637 0.018954 0.118509
v -0.098646 0.019017 0.118533
v -0.098685 0.019083 0.118550
v -0.098744 0.019135 0.118555
v -0.098807 0.019159 0.118547
v -0.098858 0.019148 0.118528
v -0.098882 0.019105 0.118503
v -0.099043 0.018656 0.119226
v -0.099081 0.018721 0.119242
v -0.098985 0.018605 0.119222
v -0.098923 0.018582 0.119229
v -0.098873 0.018593 0.119246
v -0.098850 0.018635 0.119269
v -0.098858 0.018697 0.119292
v -0.098896 0.018762 0.119308
v -0.098954 0.018813 0.119313
v -0.099016 0.018836 0.119305
v -0.099066 0.018825 0.119288
v -0.099090 0.018783 0.119265
v -0.099219 0.018394 0.119932
v -0.099256 0.018458 0.119945
v -0.099163 0.018344 0.119928
v -0.099102 0.018321 0.119935
v -0.099053 0.018333 0.119950
v -0.099030 0.018375 0.119971
v -0.099037 0.018436 0.119990
v -0.099074 0.018501 0.120004
v -0.099131 0.018551 0.120008
v -0.099191 0.018574 0.120001
v -0.099240 0.018562 0.119985
v -0.099264 0.018520 0.119965
v -0.099367 0.018185 0.120584
v -0.099403 0.018248 0.120595
v -0.099312 0.018135 0.120581
v -0.099253 0.018114 0.120587
v -0.099205 0.018125 0.120601
v -0.099181 0.018167 0.120619
v -0.099188 0.018228 0.120636
v -0.099223 0.018292 0.120647
v -0.099278 0.018341 0.120649
v -0.099338 0.018363 0.120643
v -0.099386 0.018351 0.120629
v -0.099409 0.018309 0.120611
v -0.099490 0.018022 0.121188
v -0.099524 0.018084 0.121197
v -0.099437 0.017973 0.121187
v -0.099379 0.017952 0.121193
v -0.099332 0.017964 0.121205
v -0.099308 0.018005 0.121220
v -0.099314 0.018065 0.121234
v -0.099348 0.018128 0.121242
v -0.099402 0.018177 0.121244
v -0.099460 0.018198 0.121238
v -0.099507 0.018186 0.121226
v -0.099531 0.018144 0.121211
v -0.099593 0.017897 0.121752
v -0.099627 0.017959 0.121758
v -0.099542 0.017850 0.121752
v -0.099485 0.017829 0.121758
v -0.099439 0.017841 0.121768
v -0.099415 0.017882 0.121780
v -0.099421 0.017941 0.121791
v -0.099454 0.018003 0.121798
v -0.099506 0.018051 0.121798
v -0.099562 0.018072 0.121792
v -0.099608 0.018060 0.121781
v -0.099632 0.018019 0.121769
v -0.099681 0.017806 0.122281
v -0.099713 0.017867 0.122285
v -0.099631 0.017760 0.122282
v -0.099576 0.017739 0.122288
v -0.099530 0.017751 0.122297
v -0.099507 0.017791 0.122307
v -0.099512 0.017850 0.122315
v -0.099544 0.017910 0.122319
v -0.099594 0.017957 0.122318
v -0.099649 0.017977 0.122312
v -0.099695 0.017966 0.122303
v -0.099718 0.017925 0.122293
v -0.099758 0.017741 0.122781
v -0.099789 0.017800 0.122783
v -0.099709 0.017695 0.122783
v -0.099655 0.017675 0.122789
v -0.099611 0.017687 0.122798
v -0.099588 0.017726 0.122806
v -0.099593 0.017784 0.122812
v -0.099623 0.017843 0.122814
v -0.099672 0.017888 0.122812
v -0.099726 0.017908 0.122806
v -0.099770 0.017897 0.122798
v -0.099793 0.017857 0.122789
v -0.099828 0.017694 0.123260
v -0.099858 0.017752 0.123260
v -0.099781 0.017650 0.123263
v -0.099728 0.017630 0.123269
v -0.099685 0.017642 0.123276
v -0.099662 0.017680 0.123283
v -0.099667 0.017736 0.123288
v -0.099696 0.017794 0.123288
v -0.099744 0.017839 0.123285
v -0.099796 0.017858 0.123279
v -0.099839 0.017847 0.123271
v -0.099862 0.017808 0.123264
v -0.099896 0.017660 0.123722
v -0.099925 0.017717 0.123721
v -0.099850 0.017617 0.123726
v -0.099799 0.017598 0.123732
v -0.099757 0.017609 0.123740
v -0.099735 0.017647 0.123746
v -0.099739 0.017701 0.123749
v -0.099768 0.017757 0.123749
v -0.099814 0.017801 0.123745
v -0.099864 0.017820 0.123738
v -0.099907 0.017809 0.123731
v -0.099929 0.017771 0.123725
v -0.099966 0.017632 0.124175
v -0.099994 0.017687 0.124174
v -0.099921 0.017590 0.124179
v -0.099872 0.017571 0.124186
v -0.099831 0.017582 0.124194
v -0.099810 0.017618 0.124200
v -0.099814 0.017671 0.124203
v -0.099841 0.017726 0.124202
v -0.099886 0.017769 0.124197
v -0.099935 0.017787 0.124190
v -0.099976 0.017776 0.124183
v -0.099998 0.017740 0.124177
v -0.100043 0.017602 0.124625
v -0.100070 0.017656 0.124624
v -0.100000 0.017561 0.124630
v -0.099952 0.017543 0.124637
v -0.099912 0.017553 0.124646
v -0.099892 0.017589 0.124652
v -0.099895 0.017640 0.124655
v -0.099922 0.017694 0.124654
v -0.099966 0.017735 0.124650
v -0.100014 0.017753 0.124642
v -0.100053 0.017743 0.124634
v -0.100074 0.017707 0.124627
v -0.100131 0.017565 0.125078
v -0.100157 0.017617 0.125078
v -0.100089 0.017525 0.125083
v -0.100043 0.017508 0.125092
v -0.100005 0.017518 0.125101
v -0.099985 0.017552 0.125109
v -0.099989 0.017602 0.125113
v -0.100015 0.017654 0.125113
v -0.100057 0.017694 0.125108
v -0.100103 0.017711 0.125099
v -0.100141 0.017701 0.125090
v -0.100161 0.017667 0.125082
v -0.100243 0.017511 0.125545
v -0.100268 0.017561 0.125545
v -0.100202 0.017472 0.125550
v -0.100158 0.017455 0.125560
v -0.100121 0.017464 0.125571
v -0.100103 0.017497 0.125581
v -0.100107 0.017545 0.125587
v -0.100133 0.017595 0.125587
v -0.100173 0.017634 0.125582
v -0.100218 0.017651 0.125572
v -0.100254 0.017642 0.125561
v -0.100273 0.017609 0.125551
v -0.100388 0.017431 0.126035
v -0.100414 0.017479 0.126036
v -0.100349 0.017393 0.126041
v -0.100306 0.017376 0.126051
v -0.100272 0.017385 0.126064
v -0.100254 0.017417 0.126076
v -0.100259 0.017463 0.126083
v -0.100284 0.017511 0.126084
v -0.100323 0.017549 0.126079
v -0.100366 0.017566 0.126068
v -0.100401 0.017557 0.126055
v -0.100418 0.017526 0.126043
v -0.100567 0.017322 0.126554
v -0.100592 0.017369 0.126555
v -0.100529 0.017286 0.126559
v -0.100488 0.017269 0.126570
v -0.100455 0.017277 0.126584
v -0.100438 0.017308 0.126597
v -0.100443 0.017352 0.126606
v -0.100468 0.017399 0.126608
v -0.100506 0.017436 0.126602
v -0.100547 0.017452 0.126591
v -0.100580 0.017444 0.126577
v -0.100597 0.017414 0.126564
v -0.100778 0.017182 0.127104
v -0.100802 0.017227 0.127107
v -0.100741 0.017147 0.127109
v -0.100701 0.017131 0.127121
v -0.100670 0.017138 0.127135
v -0.100655 0.017167 0.127150
v -0.100660 0.017210 0.127159
v -0.100684 0.017255 0.127162
v -0.100721 0.017290 0.127157
v -0.100761 0.017306 0.127146
v -0.100792 0.017299 0.127131
v -0.100807 0.017270 0.127117
v -0.101020 0.017006 0.127691
v -0.101044 0.017050 0.127695
v -0.100984 0.016972 0.127696
v -0.100946 0.016957 0.127707
v -0.100916 0.016964 0.127722
v -0.100902 0.016991 0.127737
v -0.100907 0.017032 0.127748
v -0.100931 0.017075 0.127751
v -0.100967 0.017109 0.127747
v -0.101005 0.017125 0.127736
v -0.101035 0.017118 0.127721
v -0.101049 0.017090 0.127706
v -0.101292 0.016792 0.128319
v -0.101316 0.016834 0.128323
v -0.101258 0.016760 0.128323
v -0.101221 0.016745 0.128333
v -0.101192 0.016751 0.128349
v -0.101179 0.016777 0.128364
v -0.101185 0.016816 0.128376
v -0.101208 0.016858 0.128380
v -0.101243 0.016890 0.128376
v -0.101280 0.016905 0.128366
v -0.101309 0.016899 0.128350
v -0.101322 0.016872 0.128335
v -0.101594 0.016536 0.128991
v -0.101618 0.016576 0.128996
v -0.101561 0.016505 0.128994
v -0.101525 0.016491 0.129004
v -0.101498 0.016497 0.129019
v -0.101485 0.016522 0.129035
v -0.101492 0.016559 0.129047
v -0.101515 0.016598 0.129052
v -0.101548 0.016630 0.129049
v -0.101584 0.016644 0.129039
v -0.101611 0.016638 0.129024
v -0.101624 0.016613 0.129008
v -0.101925 0.016235 0.129711
v -0.101948 0.016273 0.129717
v -0.101892 0.016206 0.129714
v -0.101858 0.016192 0.129723
v -0.101832 0.016197 0.129738
v -0.101820 0.016221 0.129754
v -0.101827 0.016257 0.129766
v -0.101849 0.016294 0.129772
v -0.101882 0.016324 0.129770
v -0.101916 0.016338 0.129760
v -0.101943 0.016332 0.129746
v -0.101954 0.016308 0.129730
v -0.102283 0.015886 0.130485
v -0.102306 0.015922 0.130491
v -0.102252 0.015858 0.130486
v -0.102219 0.015844 0.130495
v -0.102193 0.015850 0.130510
v -0.102183 0.015872 0.130525
v -0.102189 0.015906 0.130538
v -0.102211 0.015942 0.130545
v -0.102243 0.015970 0.130543
v -0.102276 0.015983 0.130534
v -0.102301 0.015978 0.130520
v -0.102312 0.015955 0.130504
v -0.102669 0.015485 0.131314
v -0.102690 0.015519 0.131321
v -0.102638 0.015458 0.131315
v -0.102606 0.015445 0.131324
v -0.102582 0.015451 0.131338
v -0.102572 0.015472 0.131353
v -0.102578 0.015504 0.131366
v -0.102600 0.015538 0.131373
v -0.102630 0.015565 0.131372
v -0.102662 0.015577 0.131364
v -0.102686 0.015572 0.131350
v -0.102697 0.015550 0.131334
v -0.103079 0.015029 0.132205
v -0.103100 0.015061 0.132213
v -0.103050 0.015003 0.132206
v -0.103019 0.014992 0.132213
v -0.102996 0.014997 0.132227
v -0.102986 0.015017 0.132242
v -0.102993 0.015047 0.132255
v -0.103014 0.015079 0.132262
v -0.103044 0.015105 0.132262
v -0.103074 0.015117 0.132254
v -0.103097 0.015112 0.132241
v -0.103107 0.015091 0.132226
v -0.103515 0.014515 0.133161
v -0.103535 0.014545 0.133169
v -0.103487 0.014491 0.133161
v -0.103457 0.014480 0.133168
v -0.103435 0.014484 0.133181
v -0.103426 0.014504 0.133195
v -0.103433 0.014532 0.133208
v -0.103453 0.014563 0.133216
v -0.103481 0.014587 0.133216
v -0.103511 0.014598 0.133209
v -0.103533 0.014593 0.133196
v -0.103542 0.014574 0.133182
v -0.083425 0.037017 0.068053
v -0.083479 0.036600 0.068882
v -0.083641 0.036664 0.068912
v -0.083582 0.037113 0.068051
v -0.083250 0.036972 0.068087
v -0.083302 0.036588 0.068878
v -0.083103 0.036992 0.068143
v -0.083159 0.036633 0.068903
v -0.083024 0.037069 0.068207
v -0.083086 0.036721 0.068949
v -0.083034 0.037185 0.068262
v -0.083104 0.036829 0.069004
v -0.083130 0.037307 0.068292
v -0.083209 0.036929 0.069053
v -0.083287 0.037403 0.068290
v -0.083371 0.036993 0.069084
v -0.083463 0.037447 0.068257
v -0.083547 0.037005 0.069087
v -0.083610 0.037428 0.068200
v -0.083691 0.036961 0.069063
v -0.083689 0.037350 0.068136
v -0.083764 0.036872 0.069017
v -0.083679 0.037235 0.068082
v -0.083745 0.036764 0.068962
v -0.083381 0.035888 0.070292
v -0.083541 0.035935 0.070328
v -0.083212 0.035893 0.070282
v -0.083078 0.035949 0.070299
v -0.083015 0.036040 0.070340
v -0.083040 0.036142 0.070394
v -0.083147 0.036228 0.070446
v -0.083306 0.036275 0.070482
v -0.083475 0.036269 0.070492
v -0.083610 0.036214 0.070475
v -0.083673 0.036123 0.070433
v -0.083647 0.036020 0.070380
v -0.083176 0.034921 0.072234
v -0.083332 0.034955 0.072266
v -0.083015 0.034937 0.072225
v -0.082890 0.034999 0.072243
v -0.082837 0.035090 0.072283
v -0.082868 0.035186 0.072334
v -0.082976 0.035261 0.072382
v -0.083132 0.035295 0.072415
v -0.083293 0.035279 0.072424
v -0.083418 0.035217 0.072406
v -0.083471 0.035126 0.072366
v -0.083440 0.035030 0.072315
v -0.082905 0.033741 0.074648
v -0.083057 0.033764 0.074675
v -0.082752 0.033765 0.074644
v -0.082637 0.033832 0.074665
v -0.082593 0.033922 0.074704
v -0.082629 0.034012 0.074751
v -0.082738 0.034077 0.074795
v -0.082889 0.034101 0.074822
v -0.083043 0.034076 0.074825
v -0.083157 0.034010 0.074805
v -0.083202 0.033919 0.074766
v -0.083165 0.033829 0.074718
v -0.082610 0.032391 0.077476
v -0.082756 0.032406 0.077496
v -0.082465 0.032423 0.077478
v -0.082360 0.032493 0.077501
v -0.082324 0.032581 0.077539
v -0.082365 0.032665 0.077583
v -0.082474 0.032721 0.077620
v -0.082620 0.032736 0.077640
v -0.082765 0.032704 0.077638
v -0.082870 0.032635 0.077615
v -0.082906 0.032546 0.077576
v -0.082865 0.032462 0.077533
v -0.082332 0.030917 0.080657
v -0.082472 0.030923 0.080670
v -0.082196 0.030954 0.080665
v -0.082101 0.031026 0.080691
v -0.082072 0.031112 0.080728
v -0.082118 0.031190 0.080767
v -0.082225 0.031238 0.080797
v -0.082365 0.031245 0.080810
v -0.082501 0.031207 0.080803
v -0.082596 0.031136 0.080777
v -0.082625 0.031050 0.080739
v -0.082579 0.030972 0.080700
v -0.082112 0.029361 0.084132
v -0.082246 0.029361 0.084138
v -0.081985 0.029404 0.084145
v -0.081900 0.029476 0.084173
v -0.081879 0.029559 0.084209
v -0.081927 0.029631 0.084243
v -0.082033 0.029672 0.084266
v -0.082167 0.029672 0.084271
v -0.082293 0.029629 0.084259
v -0.082378 0.029557 0.084230
v -0.082400 0.029474 0.084194
v -0.082351 0.029402 0.084160
v -0.081992 0.027768 0.087840
v -0.082118 0.027762 0.087838
v -0.081875 0.027814 0.087858
v -0.081799 0.027887 0.087888
v -0.081785 0.027967 0.087921
v -0.081836 0.028033 0.087950
v -0.081939 0.028068 0.087965
v -0.082065 0.028061 0.087964
v -0.082182 0.028015 0.087946
v -0.082258 0.027942 0.087916
v -0.082272 0.027862 0.087882
v -0.082221 0.027796 0.087854
v -0.082014 0.026182 0.091720
v -0.082132 0.026170 0.091712
v -0.081907 0.026231 0.091743
v -0.081840 0.026304 0.091774
v -0.081832 0.026380 0.091805
v -0.081885 0.026441 0.091828
v -0.081984 0.026469 0.091836
v -0.082102 0.026457 0.091827
v -0.082209 0.026408 0.091805
v -0.082276 0.026335 0.091774
v -0.082284 0.026259 0.091743
v -0.082231 0.026198 0.091720
v -0.082218 0.024647 0.095714
v -0.082329 0.024630 0.095699
v -0.082121 0.024698 0.095740
v -0.082064 0.024769 0.095772
v -0.082062 0.024842 0.095799
v -0.082115 0.024897 0.095816
v -0.082209 0.024920 0.095816
v -0.082319 0.024903 0.095801
v -0.082416 0.024853 0.095775
v -0.082473 0.024781 0.095743
v -0.082476 0.024708 0.095716
v -0.082423 0.024653 0.095699
v -0.082648 0.023206 0.099759
v -0.082749 0.023186 0.099738
v -0.082561 0.023258 0.099789
v -0.082512 0.023328 0.099820
v -0.082515 0.023397 0.099844
v -0.082567 0.023448 0.099853
v -0.082656 0.023465 0.099847
v -0.082757 0.023445 0.099826
v -0.082844 0.023393 0.099796
v -0.082892 0.023323 0.099765
v -0.082890 0.023253 0.099742
v -0.082838 0.023203 0.099732
v -0.083343 0.021904 0.103799
v -0.083436 0.021880 0.103775
v -0.083267 0.021958 0.103828
v -0.083226 0.022027 0.103855
v -0.083232 0.022092 0.103872
v -0.083283 0.022137 0.103875
v -0.083365 0.022149 0.103863
v -0.083458 0.022125 0.103839
v -0.083534 0.022072 0.103810
v -0.083575 0.022003 0.103783
v -0.083569 0.021937 0.103766
v -0.083518 0.021892 0.103763
v -0.083438 0.021800 0.104266
v -0.083528 0.021776 0.104245
v -0.083363 0.021853 0.104290
v -0.083322 0.021921 0.104309
v -0.083327 0.021986 0.104320
v -0.083375 0.022031 0.104318
v -0.083455 0.022043 0.104305
v -0.083545 0.022019 0.104284
v -0.083620 0.021966 0.104260
v -0.083661 0.021898 0.104240
v -0.083657 0.021833 0.104230
v -0.083608 0.021788 0.104231
v -0.083535 0.021743 0.104776
v -0.083622 0.021720 0.104758
v -0.083461 0.021795 0.104794
v -0.083420 0.021862 0.104807
v -0.083424 0.021926 0.104812
v -0.083470 0.021969 0.104807
v -0.083548 0.021981 0.104794
v -0.083635 0.021958 0.104776
v -0.083709 0.021906 0.104758
v -0.083749 0.021839 0.104744
v -0.083746 0.021775 0.104740
v -0.083699 0.021732 0.104745
v -0.083638 0.021718 0.105335
v -0.083723 0.021696 0.105319
v -0.083567 0.021769 0.105350
v -0.083527 0.021833 0.105360
v -0.083530 0.021895 0.105361
v -0.083574 0.021938 0.105355
v -0.083649 0.021949 0.105341
v -0.083733 0.021927 0.105325
v -0.083805 0.021876 0.105310
v -0.083845 0.021811 0.105300
v -0.083842 0.021750 0.105298
v -0.083798 0.021707 0.105305
v -0.083755 0.021709 0.105952
v -0.083837 0.021688 0.105936
v -0.083686 0.021758 0.105966
v -0.083647 0.021821 0.105975
v -0.083650 0.021880 0.105975
v -0.083693 0.021921 0.105968
v -0.083764 0.021932 0.105954
v -0.083846 0.021911 0.105938
v -0.083916 0.021862 0.105924
v -0.083954 0.021799 0.105916
v -0.083952 0.021740 0.105915
v -0.083909 0.021699 0.105922
v -0.083891 0.021700 0.106636
v -0.083969 0.021680 0.106619
v -0.083824 0.021747 0.106651
v -0.083787 0.021808 0.106660
v -0.083789 0.021865 0.106661
v -0.083831 0.021905 0.106654
v -0.083900 0.021915 0.106640
v -0.083979 0.021895 0.106623
v -0.084045 0.021848 0.106609
v -0.084083 0.021787 0.106599
v -0.084080 0.021730 0.106598
v -0.084039 0.021690 0.106606
v -0.084051 0.021676 0.107396
v -0.084127 0.021656 0.107378
v -0.083987 0.021721 0.107412
v -0.083952 0.021779 0.107423
v -0.083955 0.021835 0.107425
v -0.083995 0.021873 0.107418
v -0.084061 0.021883 0.107404
v -0.084137 0.021863 0.107387
v -0.084201 0.021818 0.107371
v -0.084236 0.021760 0.107360
v -0.084233 0.021705 0.107358
v -0.084193 0.021667 0.107364
v -0.084242 0.021622 0.108240
v -0.084314 0.021602 0.108221
v -0.084181 0.021665 0.108258
v -0.084148 0.021720 0.108271
v -0.084151 0.021773 0.108275
v -0.084190 0.021810 0.108269
v -0.084253 0.021820 0.108255
v -0.084326 0.021801 0.108237
v -0.084386 0.021758 0.108219
v -0.084420 0.021702 0.108206
v -0.084417 0.021649 0.108202
v -0.084378 0.021612 0.108207
v -0.084470 0.021521 0.109177
v -0.084539 0.021503 0.109157
v -0.084412 0.021562 0.109197
v -0.084380 0.021615 0.109212
v -0.084384 0.021666 0.109218
v -0.084421 0.021701 0.109214
v -0.084482 0.021711 0.109200
v -0.084551 0.021693 0.109180
v -0.084609 0.021651 0.109160
v -0.084640 0.021598 0.109145
v -0.084637 0.021547 0.109139
v -0.084600 0.021512 0.109143
v -0.084740 0.021359 0.110215
v -0.084805 0.021342 0.110195
v -0.084685 0.021398 0.110237
v -0.084655 0.021448 0.110254
v -0.084659 0.021497 0.110262
v -0.084695 0.021530 0.110259
v -0.084754 0.021540 0.110245
v -0.084819 0.021522 0.110224
v -0.084874 0.021483 0.110203
v -0.084903 0.021433 0.110185
v -0.084900 0.021384 0.110177
v -0.084864 0.021351 0.110181
v -0.085057 0.021120 0.111363
v -0.085119 0.021104 0.111342
v -0.085005 0.021157 0.111387
v -0.084978 0.021205 0.111406
v -0.084982 0.021251 0.111416
v -0.085017 0.021282 0.111413
v -0.085073 0.021291 0.111399
v -0.085135 0.021275 0.111378
v -0.085187 0.021238 0.111355
v -0.085214 0.021191 0.111335
v -0.085210 0.021145 0.111326
v -0.085175 0.021113 0.111328
v -0.085429 0.020789 0.112629
v -0.085488 0.020774 0.112607
v -0.085380 0.020824 0.112653
v -0.085355 0.020869 0.112674
v -0.085359 0.020912 0.112685
v -0.085393 0.020942 0.112684
v -0.085446 0.020951 0.112671
v -0.085505 0.020936 0.112648
v -0.085554 0.020901 0.112624
v -0.085579 0.020856 0.112603
v -0.085574 0.020813 0.112592
v -0.085541 0.020783 0.112593
v -0.085860 0.020351 0.114019
v -0.085916 0.020337 0.113998
v -0.085814 0.020383 0.114044
v -0.085790 0.020426 0.114065
v -0.085795 0.020466 0.114078
v -0.085827 0.020494 0.114078
v -0.085878 0.020503 0.114066
v -0.085934 0.020488 0.114045
v -0.085980 0.020456 0.114020
v -0.086004 0.020413 0.113999
v -0.085999 0.020373 0.113986
v -0.085967 0.020345 0.113986
v -0.086054 0.020091 0.114734
v -0.086110 0.020077 0.114716
v -0.086009 0.020124 0.114757
v -0.085986 0.020165 0.114778
v -0.085991 0.020204 0.114792
v -0.086023 0.020230 0.114794
v -0.086074 0.020237 0.114785
v -0.086129 0.020222 0.114767
v -0.086174 0.020190 0.114744
v -0.086197 0.020149 0.114723
v -0.086192 0.020110 0.114709
v -0.086160 0.020084 0.114707
v -0.086193 0.019801 0.115460
v -0.086247 0.019785 0.115445
v -0.086148 0.019833 0.115481
v -0.086126 0.019873 0.115501
v -0.086131 0.019911 0.115516
v -0.086163 0.019935 0.115521
v -0.086213 0.019941 0.115516
v -0.086267 0.019925 0.115501
v -0.086312 0.019893 0.115480
v -0.086334 0.019853 0.115460
v -0.086329 0.019815 0.115445
v -0.086297 0.019791 0.115440
v -0.086284 0.019485 0.116198
v -0.086338 0.019469 0.116185
v -0.086241 0.019516 0.116216
v -0.086219 0.019556 0.116235
v -0.086224 0.019592 0.116251
v -0.086255 0.019615 0.116258
v -0.086304 0.019619 0.116255
v -0.086358 0.019603 0.116243
v -0.086401 0.019571 0.116225
v -0.086423 0.019532 0.116205
v -0.086418 0.019496 0.116190
v -0.086387 0.019473 0.116183
v -0.086337 0.019149 0.116944
v -0.086389 0.019132 0.116934
v -0.086295 0.019181 0.116961
v -0.086273 0.019219 0.116980
v -0.086278 0.019254 0.116995
v -0.086309 0.019276 0.117004
v -0.086357 0.019279 0.117003
v -0.086409 0.019263 0.116993
v -0.086451 0.019231 0.116976
v -0.086473 0.019192 0.116958
v -0.086468 0.019158 0.116942
v -0.086437 0.019136 0.116933
v -0.086360 0.018800 0.117699
v -0.086411 0.018783 0.117691
v -0.086319 0.018831 0.117714
v -0.086298 0.018868 0.117732
v -0.086303 0.018902 0.117748
v -0.086332 0.018923 0.117757
v -0.086379 0.018926 0.117758
v -0.086430 0.018909 0.117749
v -0.086471 0.018878 0.117734
v -0.086492 0.018840 0.117716
v -0.086487 0.018806 0.117700
v -0.086457 0.018786 0.117691
v -0.086361 0.018443 0.118460
v -0.086410 0.018426 0.118453
v -0.086321 0.018474 0.118474
v -0.086300 0.018510 0.118491
v -0.086305 0.018543 0.118507
v -0.086334 0.018563 0.118516
v -0.086379 0.018565 0.118518
v -0.086429 0.018548 0.118510
v -0.086469 0.018518 0.118496
v -0.086489 0.018481 0.118479
v -0.086484 0.018448 0.118464
v -0.086455 0.018428 0.118454
v -0.086349 0.018084 0.119226
v -0.086397 0.018068 0.119219
v -0.086310 0.018114 0.119239
v -0.086290 0.018150 0.119255
v -0.086295 0.018182 0.119270
v -0.086323 0.018201 0.119280
v -0.086367 0.018203 0.119281
v -0.086415 0.018186 0.119275
v -0.086454 0.018157 0.119262
v -0.086473 0.018121 0.119245
v -0.086469 0.018089 0.119230
v -0.086440 0.018070 0.119221
v -0.086332 0.017730 0.119995
v -0.086379 0.017714 0.119989
v -0.086294 0.017759 0.120007
v -0.086275 0.017794 0.120023
v -0.086280 0.017825 0.120037
v -0.086307 0.017844 0.120046
v -0.086350 0.017846 0.120048
v -0.086396 0.017830 0.120042
v -0.086434 0.017800 0.120029
v -0.086453 0.017766 0.120014
v -0.086448 0.017735 0.119999
v -0.086421 0.017716 0.119990
v -0.086320 0.017386 0.120766
v -0.086365 0.017371 0.120760
v -0.086283 0.017415 0.120778
v -0.086264 0.017448 0.120793
v -0.086269 0.017478 0.120806
v -0.086295 0.017497 0.120814
v -0.086337 0.017499 0.120816
v -0.086382 0.017483 0.120809
v -0.086418 0.017455 0.120797
v -0.086437 0.017421 0.120782
v -0.086432 0.017391 0.120769
v -0.086406 0.017373 0.120761
v -0.086320 0.017058 0.121537
v -0.086363 0.017044 0.121531
v -0.086284 0.017086 0.121549
v -0.086267 0.017119 0.121563
v -0.086271 0.017148 0.121575
v -0.086296 0.017167 0.121582
v -0.086336 0.017169 0.121583
v -0.086380 0.017154 0.121576
v -0.086415 0.017127 0.121564
v -0.086433 0.017094 0.121551
v -0.086429 0.017064 0.121538
v -0.086403 0.017046 0.121531
v -0.086342 0.016753 0.122308
v -0.086384 0.016739 0.122301
v -0.086307 0.016780 0.122320
v -0.086290 0.016812 0.122333
v -0.086294 0.016840 0.122343
v -0.086319 0.016859 0.122349
v -0.086357 0.016861 0.122348
v -0.086399 0.016847 0.122341
v -0.086434 0.016821 0.122329
v -0.086451 0.016789 0.122316
v -0.086447 0.016760 0.122306
v -0.086422 0.016742 0.122300
v -0.086393 0.016476 0.123076
v -0.086434 0.016463 0.123068
v -0.086360 0.016501 0.123088
v -0.086343 0.016532 0.123100
v -0.086347 0.016561 0.123109
v -0.086371 0.016579 0.123113
v -0.086408 0.016582 0.123111
v -0.086449 0.016569 0.123102
v -0.086482 0.016544 0.123091
v -0.086499 0.016513 0.123079
v -0.086495 0.016484 0.123069
v -0.086471 0.016466 0.123065
v -0.086486 0.016238 0.123833
v -0.086525 0.016226 0.123823
v -0.086454 0.016262 0.123845
v -0.086438 0.016292 0.123856
v -0.086442 0.016320 0.123864
v -0.086465 0.016338 0.123866
v -0.086500 0.016342 0.123861
v -0.086539 0.016330 0.123852
v -0.086571 0.016305 0.123840
v -0.086587 0.016275 0.123829
v -0.086584 0.016248 0.123821
v -0.086561 0.016229 0.123819
v -0.086620 0.016041 0.124570
v -0.086658 0.016030 0.124560
v -0.086590 0.016064 0.124582
v -0.086574 0.016093 0.124593
v -0.086577 0.016121 0.124599
v -0.086599 0.016138 0.124599
v -0.086633 0.016142 0.124593
v -0.086670 0.016131 0.124582
v -0.086701 0.016108 0.124570
v -0.086717 0.016079 0.124560
v -0.086713 0.016052 0.124554
v -0.086692 0.016034 0.124554
v -0.086787 0.015880 0.125288
v -0.086823 0.015869 0.125277
v -0.086758 0.015902 0.125300
v -0.086743 0.015930 0.125310
v -0.086746 0.015957 0.125315
v -0.086766 0.015974 0.125313
v -0.086798 0.015978 0.125306
v -0.086834 0.015968 0.125295
v -0.086863 0.015946 0.125283
v -0.086879 0.015917 0.125273
v -0.086876 0.015891 0.125268
v -0.086855 0.015873 0.125270
v -0.086979 0.015748 0.125987
v -0.087013 0.015738 0.125975
v -0.086951 0.015769 0.125999
v -0.086936 0.015796 0.126008
v -0.086938 0.015822 0.126012
v -0.086958 0.015839 0.126009
v -0.086988 0.015843 0.126001
v -0.087022 0.015833 0.125990
v -0.087051 0.015812 0.125978
v -0.087065 0.015785 0.125969
v -0.087063 0.015759 0.125965
v -0.087043 0.015742 0.125967
v -0.087186 0.015639 0.126667
v -0.087219 0.015630 0.126656
v -0.087159 0.015659 0.126679
v -0.087145 0.015685 0.126687
v -0.087147 0.015710 0.126690
v -0.087166 0.015727 0.126687
v -0.087195 0.015731 0.126678
v -0.087227 0.015721 0.126667
v -0.087254 0.015701 0.126655
v -0.087269 0.015675 0.126647
v -0.087266 0.015650 0.126644
v -0.087248 0.015634 0.126647
v -0.087402 0.015547 0.127329
v -0.087433 0.015538 0.127318
v -0.087376 0.015566 0.127340
v -0.087362 0.015592 0.127348
v -0.087364 0.015615 0.127351
v -0.087382 0.015631 0.127347
v -0.087410 0.015635 0.127338
v -0.087441 0.015626 0.127327
v -0.087466 0.015606 0.127316
v -0.087480 0.015581 0.127308
v -0.087478 0.015558 0.127305
v -0.087461 0.015542 0.127309
v -0.087617 0.015465 0.127973
v -0.087646 0.015457 0.127962
v -0.087592 0.015484 0.127983
v -0.087579 0.015508 0.127991
v -0.087581 0.015531 0.127993
v -0.087598 0.015546 0.127990
v -0.087624 0.015550 0.127981
v -0.087654 0.015541 0.127970
v -0.087678 0.015522 0.127960
v -0.087692 0.015499 0.127952
v -0.087690 0.015476 0.127950
v -0.087673 0.015461 0.127954
v -0.087824 0.015389 0.128599
v -0.087852 0.015381 0.128589
v -0.087800 0.015407 0.128609
v -0.087787 0.015429 0.128616
v -0.087789 0.015451 0.128618
v -0.087805 0.015465 0.128615
v -0.087831 0.015469 0.128607
v -0.087859 0.015461 0.128597
v -0.087883 0.015443 0.128587
v -0.087895 0.015420 0.128580
v -0.087893 0.015399 0.128578
v -0.087877 0.015384 0.128582
v -0.088014 0.015310 0.129209
v -0.088041 0.015302 0.129199
v -0.087991 0.015327 0.129218
v -0.087979 0.015349 0.129224
v -0.087981 0.015369 0.129226
v -0.087996 0.015383 0.129224
v -0.088021 0.015386 0.129217
v -0.088048 0.015379 0.129208
v -0.088070 0.015362 0.129199
v -0.088082 0.015340 0.129192
v -0.088080 0.015319 0.129190
v -0.088065 0.015306 0.129193
v -0.088179 0.015224 0.129801
v -0.088205 0.015217 0.129793
v -0.088157 0.015241 0.129809
v -0.088146 0.015261 0.129815
v -0.088148 0.015280 0.129818
v -0.088163 0.015293 0.129816
v -0.088186 0.015296 0.129811
v -0.088212 0.015289 0.129803
v -0.088233 0.015272 0.129795
v -0.088245 0.015252 0.129789
v -0.088243 0.015233 0.129786
v -0.088228 0.015220 0.129788
v -0.088311 0.015124 0.130377
v -0.088336 0.015117 0.130371
v -0.088291 0.015140 0.130384
v -0.088280 0.015159 0.130390
v -0.088282 0.015177 0.130393
v -0.088296 0.015189 0.130393
v -0.088318 0.015192 0.130389
v -0.088343 0.015185 0.130383
v -0.088364 0.015169 0.130376
v -0.088374 0.015150 0.130370
v -0.088372 0.015132 0.130366
v -0.088358 0.015120 0.130367
v -0.088402 0.015005 0.130937
v -0.088426 0.014997 0.130933
v -0.088383 0.015019 0.130943
v -0.088373 0.015038 0.130949
v -0.088375 0.015054 0.130953
v -0.088388 0.015065 0.130954
v -0.088410 0.015068 0.130952
v -0.088433 0.015060 0.130947
v -0.088453 0.015046 0.130941
v -0.088463 0.015027 0.130935
v -0.088461 0.015010 0.130931
v -0.088447 0.014999 0.130930
vn -0.117100 -0.233800 0.965200
vn -0.116600 -0.233600 0.965300
vn -0.115900 -0.244200 0.962800
vn -0.116600 -0.234500 0.965100
vn -0.116800 -0.232800 0.965500
vn -0.116900 -0.233600 0.965300
vn -0.117000 -0.232600 0.965500
vn -0.116900 -0.234000 0.965200
vn -0.117000 -0.232000 0.965600
vn -0.116800 -0.235600 0.964800
vn -0.117900 -0.227800 0.966500
vn -0.117000 -0.240900 0.963500
vn 0.274000 0.430700 -0.859900
vn 0.274000 0.430800 -0.859900
vn 0.274000 0.431500 -0.859500
vn 0.274000 0.430900 -0.859800
vn 0.274000 0.430600 -0.859900
vn 0.274000 0.430500 -0.860000
vn 0.273900 0.430800 -0.859900
vn 0.274000 0.430400 -0.860100
vn 0.273800 0.430800 -0.859900
vn 0.273900 0.430600 -0.860000
vn -0.369400 -0.448500 0.813900
vn -0.369500 -0.448400 0.813900
vn -0.368900 -0.451000 0.812700
vn -0.369400 -0.448900 0.813700
vn -0.369500 -0.448700 0.813700
vn -0.369400 -0.449100 0.813500
vn -0.369500 -0.448800 0.813600
vn -0.369600 -0.448300 0.813900
vn -0.369300 -0.449100 0.813600
vn -0.369600 -0.447400 0.814400
vn -0.368600 -0.449400 0.813800
vn -0.369100 -0.443600 0.816700
vn 0.309600 0.467900 -0.827800
vn 0.309600 0.468000 -0.827700
vn 0.309300 0.468500 -0.827500
vn 0.309700 0.467800 -0.827800
vn 0.309700 0.467900 -0.827800
vn 0.309500 0.468200 -0.827700
vn 0.309600 0.467700 -0.827900
vn 0.309200 0.468700 -0.827500
vn 0.051900 -0.877800 -0.476200
vn 0.052500 -0.876500 -0.478400
vn -0.301300 -0.778900 -0.550000
vn -0.301300 -0.779000 -0.549900
vn 0.397200 -0.854200 -0.335500
vn 0.398300 -0.852100 -0.339600
vn 0.765500 -0.638800 -0.077100
vn 0.767300 -0.636000 -0.082400
vn 0.949800 -0.103300 0.295400
vn 0.951600 -0.100300 0.290500
vn 0.697700 0.479100 0.532600
vn 0.698300 0.480700 0.530400
vn 0.298300 0.777100 0.554200
vn 0.297900 0.777000 0.554500
vn -0.054400 0.875600 0.480100
vn -0.055400 0.874200 0.482400
vn -0.399600 0.851500 0.339500
vn -0.401000 0.849200 0.343700
vn -0.767700 0.635500 0.082000
vn -0.769700 0.632400 0.087700
vn -0.952100 0.100700 -0.288900
vn -0.954000 0.097800 -0.283400
vn -0.700800 -0.480700 -0.527000
vn -0.701800 -0.482300 -0.524300
vn 0.054200 -0.873500 -0.483700
vn -0.301100 -0.778600 -0.550600
vn 0.401300 -0.847000 -0.348800
vn 0.771500 -0.629100 -0.094500
vn 0.955600 -0.093600 0.279500
vn 0.699900 0.483900 0.525400
vn 0.297300 0.776500 0.555600
vn -0.057400 0.871000 0.488000
vn -0.404400 0.843600 0.353200
vn -0.774200 0.624900 0.100300
vn -0.958200 0.091100 -0.271400
vn -0.704000 -0.485400 -0.518500
vn 0.056400 -0.869500 -0.490800
vn -0.300800 -0.777800 -0.551900
vn 0.405100 -0.840200 -0.360400
vn 0.776600 -0.620300 -0.109600
vn 0.960200 -0.085300 0.265900
vn 0.701800 0.487600 0.519400
vn 0.296700 0.775500 0.557300
vn -0.059900 0.866600 0.495300
vn -0.408600 0.836500 0.365200
vn -0.779400 0.615600 0.116000
vn -0.962900 0.082800 -0.256800
vn -0.706300 -0.489100 -0.511800
vn 0.059000 -0.864400 -0.499300
vn -0.300300 -0.776500 -0.553900
vn 0.409500 -0.832100 -0.374000
vn 0.782200 -0.610000 -0.127000
vn 0.965100 -0.076000 0.250500
vn 0.703700 0.491500 0.513100
vn 0.296000 0.774000 0.559700
vn -0.062700 0.861400 0.504100
vn -0.413000 0.828100 0.379100
vn -0.784900 0.605000 0.133900
vn -0.967800 0.073300 -0.240800
vn -0.708500 -0.493100 -0.504900
vn 0.061700 -0.858800 -0.508600
vn -0.299600 -0.774800 -0.556700
vn 0.413900 -0.823300 -0.388400
vn 0.787600 -0.598800 -0.145100
vn 0.969800 -0.066300 0.234700
vn 0.705500 0.495300 0.506900
vn 0.295300 0.772100 0.562700
vn -0.065300 0.855500 0.513700
vn -0.417200 0.819100 0.393800
vn -0.790100 0.593800 0.152300
vn -0.972400 0.063500 -0.224600
vn -0.710300 -0.497100 -0.498400
vn 0.064300 -0.853100 -0.517800
vn -0.298500 -0.772800 -0.560000
vn 0.418000 -0.814500 -0.402400
vn 0.792400 -0.588000 -0.162200
vn 0.973800 -0.057400 0.220000
vn 0.707100 0.498400 0.501600
vn 0.294700 0.769900 0.566000
vn -0.067500 0.849700 0.523000
vn -0.420700 0.810400 0.407800
vn -0.794500 0.583100 0.169400
vn -0.976200 0.054300 -0.210100
vn -0.711500 -0.500600 -0.493100
vn 0.066600 -0.847900 -0.526000
vn -0.297300 -0.770900 -0.563400
vn 0.421100 -0.806900 -0.414300
vn 0.796100 -0.578900 -0.176400
vn 0.976800 -0.050300 0.208100
vn 0.708500 0.500500 0.497500
vn 0.294200 0.767800 0.569200
vn -0.069100 0.844500 0.531000
vn -0.423400 0.802900 0.419500
vn -0.797900 0.574300 0.183400
vn -0.978900 0.046800 -0.198800
vn -0.712100 -0.503200 -0.489700
vn 0.068400 -0.843700 -0.532400
vn -0.296100 -0.769000 -0.566600
vn 0.423300 -0.801100 -0.423100
vn 0.798500 -0.572200 -0.186800
vn 0.978800 -0.045300 0.199700
vn 0.709400 0.501600 0.495100
vn 0.293900 0.765800 0.572000
vn -0.070300 0.840500 0.537300
vn -0.425200 0.797400 0.428300
vn -0.800100 0.567900 0.193400
vn -0.980600 0.041600 -0.191400
vn -0.712200 -0.504700 -0.488000
vn 0.069800 -0.840700 -0.537000
vn -0.295200 -0.767200 -0.569400
vn 0.424800 -0.797200 -0.428900
vn 0.800000 -0.568100 -0.193100
vn 0.979900 -0.042600 0.194900
vn 0.709900 0.501800 0.494200
vn 0.293600 0.764200 0.574200
vn -0.071100 0.837700 0.541400
vn -0.426100 0.793900 0.433700
vn -0.801200 0.564300 0.199200
vn -0.981500 0.038900 -0.187700
vn -0.711900 -0.505100 -0.488000
vn 0.070600 -0.838900 -0.539700
vn -0.294500 -0.765900 -0.571600
vn 0.425700 -0.795100 -0.431900
vn 0.800600 -0.566200 -0.195900
vn 0.980200 -0.041800 0.193400
vn 0.710100 0.501200 0.494500
vn 0.293500 0.763000 0.575900
vn -0.071600 0.836200 0.543700
vn -0.426500 0.792300 0.436300
vn -0.801600 0.562900 0.201400
vn -0.981600 0.038200 -0.187100
vn -0.711400 -0.504600 -0.489200
vn 0.071000 -0.838000 -0.541000
vn -0.293800 -0.764800 -0.573300
vn 0.425900 -0.794600 -0.432700
vn 0.800700 -0.566100 -0.196000
vn 0.980100 -0.042400 0.194100
vn 0.709900 0.500300 0.495700
vn 0.293500 0.762100 0.577100
vn -0.071600 0.835700 0.544600
vn -0.426500 0.792100 0.436600
vn -0.801500 0.563300 0.201000
vn -0.981300 0.039000 -0.188700
vn -0.710800 -0.503600 -0.491200
vn 0.053500 -0.840700 -0.538800
vn -0.310400 -0.763200 -0.566800
vn 0.410200 -0.801700 -0.434900
vn 0.790400 -0.578900 -0.200600
vn 0.979900 -0.059500 0.190600
vn 0.720400 0.486100 0.494800
vn 0.309500 0.755700 0.577200
vn -0.053900 0.837400 0.543900
vn -0.410100 0.801500 0.435300
vn -0.791000 0.577800 0.201000
vn -0.981500 0.052000 -0.184300
vn -0.721500 -0.496100 -0.482900
vn -0.003600 -0.846400 -0.532600
vn -0.363900 -0.751300 -0.550500
vn 0.357000 -0.824400 -0.439300
vn 0.752800 -0.621800 -0.216100
vn 0.978900 -0.115000 0.169000
vn 0.756600 0.445200 0.478800
vn 0.362100 0.738900 0.568300
vn 0.003300 0.841800 0.539800
vn -0.356000 0.826200 0.436700
vn -0.753300 0.622400 0.212500
vn -0.981500 0.103300 -0.161400
vn -0.758600 -0.462300 -0.459100
vn -0.078900 -0.848600 -0.523200
vn -0.432000 -0.728200 -0.532000
vn 0.284900 -0.851400 -0.440300
vn 0.700300 -0.675700 -0.230400
vn 0.972600 -0.183300 0.142800
vn 0.799800 0.393900 0.452900
vn 0.429800 0.715800 0.550300
vn 0.078700 0.843900 0.530700
vn -0.283600 0.853100 0.437900
vn -0.700800 0.676300 0.227100
vn -0.975900 0.171500 -0.134800
vn -0.802400 -0.411200 -0.432600
vn -0.153900 -0.845200 -0.511800
vn -0.497600 -0.699700 -0.512700
vn 0.210900 -0.873700 -0.438400
vn 0.643300 -0.726600 -0.241200
vn 0.960300 -0.252000 0.119500
vn 0.838100 0.338500 0.427800
vn 0.495100 0.687400 0.531400
vn 0.153700 0.840500 0.519600
vn -0.209100 0.875200 0.436300
vn -0.643700 0.727300 0.238200
vn -0.964300 0.240500 -0.111000
vn -0.841300 -0.355800 -0.407000
vn -0.228000 -0.836000 -0.499100
vn -0.560000 -0.665700 -0.493200
vn 0.135400 -0.890600 -0.434100
vn 0.582100 -0.774100 -0.248900
vn 0.941900 -0.321000 0.099200
vn 0.871000 0.279500 0.404100
vn 0.557300 0.653500 0.512300
vn 0.227800 0.831200 0.507100
vn -0.133300 0.891900 0.432200
vn -0.582300 0.774800 0.246300
vn -0.946500 0.309900 -0.090100
vn -0.874900 -0.296600 -0.382900
vn -0.300700 -0.820900 -0.485500
vn -0.618900 -0.626300 -0.474100
vn 0.059000 -0.901800 -0.428000
vn 0.517200 -0.817400 -0.253800
vn 0.917400 -0.389400 0.081800
vn 0.898200 0.217200 0.382100
vn 0.615800 0.614300 0.493400
vn 0.300600 0.816000 0.493700
vn -0.056700 0.902800 0.426200
vn -0.517300 0.818000 0.251500
vn -0.922700 0.378800 -0.072200
vn -0.903000 -0.233800 -0.360500
vn -0.371400 -0.799700 -0.471800
vn -0.673800 -0.581700 -0.455700
vn -0.017700 -0.907000 -0.420800
vn 0.449200 -0.855800 -0.256500
vn 0.887200 -0.456500 0.067000
vn 0.919700 0.152000 0.361900
vn 0.670300 0.569900 0.475300
vn 0.371300 0.794700 0.480200
vn 0.020200 0.907700 0.419100
vn -0.449000 0.856500 0.254500
vn -0.892800 0.446800 -0.056800
vn -0.925300 -0.168000 -0.340000
vn -0.439600 -0.772400 -0.458400
vn -0.724300 -0.531900 -0.438600
vn -0.094100 -0.905900 -0.413000
vn 0.378600 -0.889000 -0.257600
vn 0.851400 -0.521800 0.054500
vn 0.935300 0.084300 0.343800
vn 0.720400 0.520600 0.458300
vn 0.439500 0.767300 0.466900
vn 0.096700 0.906200 0.411600
vn -0.377900 0.889700 0.256100
vn -0.857300 0.512900 -0.043800
vn -0.941600 -0.099600 -0.321600
vn -0.504800 -0.739100 -0.445900
vn -0.770100 -0.477500 -0.423000
vn -0.169400 -0.898400 -0.405200
vn 0.305600 -0.916600 -0.257800
vn 0.810200 -0.584600 0.043800
vn 0.944700 0.015000 0.327500
vn 0.765700 0.466700 0.442600
vn 0.504400 0.734200 0.454400
vn 0.172200 0.898400 0.404000
vn -0.304400 0.917300 0.256800
vn -0.816300 0.576800 -0.032600
vn -0.951900 -0.029200 -0.305200
vn -0.566500 -0.700200 -0.434500
vn -0.810700 -0.419000 -0.409000
vn -0.243400 -0.884500 -0.398000
vn 0.231000 -0.938200 -0.257800
vn 0.764000 -0.644300 0.034400
vn 0.948100 -0.055500 0.313000
vn 0.805700 0.408800 0.428500
vn 0.565600 0.695500 0.443100
vn 0.246200 0.884200 0.397000
vn -0.229600 0.938700 0.257100
vn -0.770300 0.637300 -0.022900
vn -0.955900 0.042400 -0.290600
vn -0.624100 -0.655900 -0.424600
vn -0.845700 -0.357000 -0.396700
vn -0.315700 -0.864100 -0.392000
vn 0.155700 -0.953500 -0.258000
vn 0.713600 -0.700100 0.025900
vn 0.945600 -0.126700 0.299800
vn 0.840400 0.347400 0.416000
vn 0.623000 0.651400 0.433200
vn 0.318300 0.863500 0.391100
vn -0.154200 0.953900 0.257600
vn -0.719800 0.694000 -0.014100
vn -0.953800 0.114600 -0.277600
vn -0.677200 -0.606700 -0.416300
vn -0.875200 -0.291900 -0.385900
vn -0.385300 -0.837600 -0.387300
vn 0.080200 -0.962500 -0.259000
vn 0.659200 -0.751700 0.017500
vn 0.937100 -0.197800 0.287600
vn 0.869500 0.282900 0.404900
vn 0.675800 0.602300 0.424700
vn 0.387600 0.836900 0.386600
vn -0.078400 0.962700 0.259000
vn -0.665200 0.746600 -0.005400
vn -0.945800 0.186800 -0.265700
vn -0.701900 -0.583800 -0.408000
vn -0.887400 -0.260300 -0.380400
vn -0.419700 -0.825500 -0.377400
vn 0.040600 -0.966000 -0.255400
vn 0.632900 -0.774200 0.006700
vn 0.936600 -0.224900 0.268700
vn 0.884400 0.259100 0.388100
vn 0.698100 0.582600 0.416200
vn 0.414300 0.823600 0.387300
vn -0.047600 0.962500 0.267000
vn -0.638800 0.769400 0.004900
vn -0.939900 0.222300 -0.259200
vn -0.666200 -0.628500 -0.401600
vn -0.869400 -0.315700 -0.380100
vn -0.370800 -0.853700 -0.365800
vn 0.099500 -0.964700 -0.243900
vn 0.684200 -0.729200 0.009600
vn 0.952700 -0.157300 0.259900
vn 0.869200 0.320200 0.376800
vn 0.661100 0.628900 0.409100
vn 0.360200 0.849600 0.385400
vn -0.112300 0.957300 0.266400
vn -0.688900 0.724900 0.001400
vn -0.951200 0.161800 -0.262800
vn -0.594900 -0.699100 -0.396700
vn -0.829400 -0.408800 -0.380800
vn -0.278100 -0.892000 -0.356300
vn 0.200600 -0.952300 -0.229800
vn 0.755200 -0.655000 0.024400
vn 0.961700 -0.056500 0.268400
vn 0.829400 0.411600 0.377700
vn 0.591300 0.698100 0.403700
vn 0.270200 0.887100 0.374300
vn -0.210000 0.945000 0.250800
vn -0.758800 0.651100 -0.014000
vn -0.960700 0.059600 -0.271100
vn -0.516700 -0.761500 -0.391400
vn -0.778500 -0.495300 -0.385500
vn -0.183200 -0.921800 -0.341600
vn 0.296600 -0.932600 -0.205600
vn 0.814200 -0.578300 0.051400
vn 0.957400 0.041400 0.285900
vn 0.779000 0.496800 0.382700
vn 0.514200 0.759800 0.398000
vn 0.177300 0.916500 0.358700
vn -0.303700 0.925600 0.225900
vn -0.817400 0.574600 -0.041500
vn -0.956600 -0.039600 -0.288500
vn -0.433300 -0.816300 -0.382000
vn -0.718800 -0.575500 -0.390000
vn -0.087800 -0.943500 -0.319600
vn 0.386900 -0.906000 -0.171900
vn 0.862000 -0.499300 0.087600
vn 0.941600 0.136200 0.307900
vn 0.720000 0.575800 0.387400
vn 0.431700 0.814100 0.388500
vn 0.083200 0.938100 0.336400
vn -0.392600 0.899500 0.191700
vn -0.865300 0.495200 -0.078100
vn -0.940700 -0.136200 -0.310700
vn -0.346500 -0.863700 -0.365900
vn -0.651600 -0.650000 -0.391100
vn 0.006500 -0.957400 -0.288800
vn 0.470600 -0.873000 -0.128100
vn 0.898900 -0.418200 0.131000
vn 0.915500 0.228200 0.331400
vn 0.653700 0.649300 0.388700
vn 0.345600 0.861300 0.372600
vn -0.010400 0.952100 0.305500
vn -0.476000 0.867000 0.147900
vn -0.902500 0.413100 -0.121900
vn -0.914000 -0.230100 -0.334200
vn -0.258100 -0.904200 -0.340400
vn -0.578600 -0.718600 -0.385700
vn 0.098200 -0.964100 -0.246700
vn 0.546700 -0.834100 -0.073400
vn 0.924600 -0.335300 0.180800
vn 0.879800 0.317500 0.353700
vn 0.581800 0.717200 0.383600
vn 0.258000 0.901500 0.347400
vn -0.101700 0.959200 0.263700
vn -0.552300 0.828400 0.093300
vn -0.928500 0.329100 -0.171900
vn -0.877400 -0.321100 -0.356500
vn -0.170200 -0.938100 -0.301700
vn -0.501800 -0.781800 -0.370200
vn 0.185000 -0.964200 -0.190200
vn 0.613000 -0.790000 -0.005800
vn 0.938500 -0.251500 0.236500
vn 0.835800 0.403500 0.372400
vn 0.506300 0.779600 0.368700
vn 0.171000 0.935400 0.309400
vn -0.188400 0.959800 0.208100
vn -0.619500 0.784500 0.026300
vn -0.942900 0.243100 -0.227600
vn -0.831800 -0.409400 -0.374900
vn -0.086200 -0.965800 -0.244700
vn -0.423300 -0.839800 -0.339800
vn 0.263100 -0.958000 -0.114500
vn 0.666600 -0.741300 0.078100
vn 0.939800 -0.167100 0.298200
vn 0.785000 0.485900 0.384300
vn 0.430000 0.836700 0.339200
vn 0.087800 0.963300 0.253600
vn -0.266800 0.954400 0.133800
vn -0.674900 0.735800 -0.056600
vn -0.944700 0.155100 -0.289000
vn -0.778400 -0.495100 -0.386000
vn -0.011400 -0.986900 -0.160900
vn -0.347900 -0.892600 -0.286900
vn 0.326700 -0.945100 -0.011400
vn 0.702500 -0.687500 0.184100
vn 0.926600 -0.082400 0.367000
vn 0.729800 0.564800 0.385200
vn 0.357700 0.888300 0.288000
vn 0.013900 0.985100 0.171600
vn -0.331400 0.942900 0.032900
vn -0.713700 0.681700 -0.161100
vn -0.932000 0.064400 -0.356800
vn -0.719100 -0.578600 -0.384900
vn 0.042800 -0.998400 -0.035700
vn -0.284600 -0.938000 -0.198100
vn 0.364200 -0.921800 0.132900
vn 0.710200 -0.625900 0.322200
vn 0.895500 0.003200 0.445000
vn 0.675200 0.639200 0.368000
vn 0.298800 0.932500 0.202800
vn -0.039500 0.998000 0.049500
vn -0.371700 0.922000 -0.108200
vn -0.727000 0.619000 -0.297100
vn -0.901600 -0.031700 -0.431500
vn -0.658100 -0.659900 -0.362500
vn 0.051300 -0.987200 0.151000
vn -0.254700 -0.965500 -0.053400
vn 0.350600 -0.873900 0.336700
vn 0.670500 -0.543100 0.505400
vn 0.840300 0.095800 0.533500
vn 0.632200 0.705100 0.321100
vn 0.275000 0.959300 0.064600
vn -0.046400 0.989800 -0.134300
vn -0.361800 0.878600 -0.311600
vn -0.695900 0.533300 -0.480900
vn -0.847700 -0.142200 -0.511100
vn -0.606300 -0.735400 -0.302600
vn 0.042100 -0.956500 0.288700
vn -0.252500 -0.965600 0.061800
vn 0.329500 -0.814800 0.477000
vn 0.638200 -0.454300 0.621500
vn 0.797800 0.199900 0.568800
vn 0.590200 0.765700 0.255600
vn 0.252200 0.966100 -0.055700
vn -0.048100 0.959200 -0.278500
vn -0.342700 0.818800 -0.460700
vn -0.656100 0.454700 -0.602300
vn -0.808200 -0.206900 -0.551300
vn -0.589700 -0.769300 -0.245700
vn 0.100000 -0.967200 0.233500
vn -0.216300 -0.976000 0.025000
vn 0.400300 -0.819800 0.409500
vn 0.707900 -0.439800 0.552700
vn 0.821400 0.242600 0.516100
vn 0.553400 0.796200 0.244700
vn 0.191700 0.981100 -0.027700
vn -0.116100 0.966200 -0.230000
vn -0.409800 0.819700 -0.400200
vn -0.709300 0.456100 -0.537500
vn -0.836100 -0.193500 -0.513300
vn -0.586900 -0.768900 -0.253800
vn 0.193400 -0.978200 0.075100
vn -0.147100 -0.985100 -0.089100
vn 0.504500 -0.832300 0.229600
vn 0.803500 -0.453700 0.385300
vn 0.869900 0.231100 0.435700
vn 0.533800 0.795800 0.285700
vn 0.125700 0.987900 0.091300
vn -0.206100 0.976000 -0.070400
vn -0.511100 0.830600 -0.221200
vn -0.803800 0.465600 -0.370400
vn -0.884900 -0.191900 -0.424400
vn -0.565000 -0.774500 -0.284500
vn 0.251400 -0.966100 -0.058200
vn -0.102900 -0.977100 -0.186300
vn 0.568900 -0.818600 0.079500
vn 0.862200 -0.443100 0.245800
vn 0.900700 0.231100 0.367800
vn 0.523700 0.789400 0.320200
vn 0.086500 0.977600 0.191900
vn -0.261000 0.963200 0.064500
vn -0.573700 0.816000 -0.070600
vn -0.862400 0.450500 -0.230800
vn -0.913600 -0.203900 -0.351900
vn -0.548600 -0.775400 -0.312600
vn 0.284300 -0.945600 -0.158300
vn -0.076900 -0.962500 -0.260100
vn 0.604900 -0.795600 -0.032900
vn 0.894700 -0.423500 0.141700
vn 0.918300 0.236900 0.317100
vn 0.519300 0.781300 0.346200
vn 0.065200 0.961400 0.267500
vn -0.291400 0.942200 0.165300
vn -0.608200 0.792700 0.041700
vn -0.894900 0.427500 -0.127700
vn -0.928200 -0.219700 -0.300200
vn -0.537300 -0.773700 -0.335700
vn 0.302200 -0.925500 -0.228200
vn -0.062100 -0.947900 -0.312400
vn 0.623900 -0.773600 -0.110600
vn 0.911900 -0.404400 0.070500
vn 0.927900 0.243100 0.282700
vn 0.517800 0.773700 0.365000
vn 0.054600 0.945700 0.320400
vn -0.307200 0.922100 0.235400
vn -0.626200 0.770500 0.119200
vn -0.912100 0.405900 -0.057500
vn -0.935100 -0.233400 -0.266700
vn -0.530000 -0.770700 -0.353800
vn 0.311700 -0.910000 -0.273300
vn -0.054000 -0.936300 -0.347000
vn 0.633800 -0.756800 -0.160000
vn 0.920300 -0.390300 0.025800
vn 0.932900 0.247000 0.262000
vn 0.517600 0.767500 0.378200
vn 0.049700 0.933500 0.355100
vn -0.315000 0.906700 0.280500
vn -0.635400 0.753600 0.168300
vn -0.920800 0.389800 -0.014000
vn -0.937800 -0.243200 -0.247600
vn -0.525000 -0.767800 -0.367300
vn 0.316600 -0.900400 -0.298500
vn -0.049700 -0.928700 -0.367400
vn 0.638700 -0.746500 -0.186500
vn 0.923900 -0.382600 0.002800
vn 0.935300 0.247700 0.252600
vn 0.517800 0.762800 0.387400
vn 0.047400 0.925700 0.375400
vn -0.318400 0.897300 0.305700
vn -0.639700 0.743500 0.194700
vn -0.924700 0.380500 0.008100
vn -0.938300 -0.248800 -0.240000
vn -0.521400 -0.765400 -0.377200
vn 0.318700 -0.896900 -0.306700
vn -0.047600 -0.925500 -0.375700
vn 0.640400 -0.743200 -0.193700
vn 0.924400 -0.381300 -0.001900
vn 0.935800 0.245300 0.253100
vn 0.518400 0.759300 0.393400
vn 0.047000 0.922300 0.383600
vn -0.319200 0.894100 0.314100
vn -0.640800 0.740600 0.201900
vn -0.925700 0.378100 0.012000
vn -0.937500 -0.250000 -0.242100
vn -0.519000 -0.763800 -0.383900
vn 0.318000 -0.899400 -0.299800
vn -0.047000 -0.926600 -0.373100
vn 0.638700 -0.747200 -0.183600
vn 0.922100 -0.386700 0.010000
vn 0.934600 0.239600 0.262800
vn 0.519100 0.756900 0.397000
vn 0.048300 0.923200 0.381300
vn -0.317800 0.896900 0.307500
vn -0.639100 0.744800 0.191900
vn -0.923900 0.382600 -0.000500
vn -0.935200 -0.247500 -0.253100
vn -0.516900 -0.763200 -0.387700
vn 0.314500 -0.907500 -0.278400
vn -0.048500 -0.931600 -0.360300
vn 0.633600 -0.757600 -0.156600
vn 0.916500 -0.398300 0.038300
vn 0.931400 0.230600 0.281800
vn 0.519900 0.755600 0.398400
vn 0.051300 0.928100 0.368800
vn -0.313300 0.905400 0.286400
vn -0.633900 0.755600 0.165100
vn -0.918900 0.393400 -0.029200
vn -0.931200 -0.241700 -0.273000
vn -0.515400 -0.763600 -0.389100
vn 0.306600 -0.920700 -0.241500
vn -0.053100 -0.940200 -0.336500
vn 0.623700 -0.773700 -0.111700
vn 0.905800 -0.415200 0.083900
vn 0.925200 0.218200 0.310500
vn 0.521200 0.755200 0.397600
vn 0.057500 0.936600 0.345500
vn -0.304300 0.919200 0.249900
vn -0.623800 0.772300 0.120400
vn -0.909100 0.409600 -0.075300
vn -0.924300 -0.232900 -0.302300
vn -0.514500 -0.764800 -0.387800
vn 0.273400 -0.938500 -0.210800
vn -0.084700 -0.945600 -0.314000
vn 0.593600 -0.801100 -0.077100
vn 0.885700 -0.448800 0.118700
vn 0.923400 0.189900 0.333600
vn 0.538400 0.743100 0.397400
vn 0.085500 0.941400 0.326300
vn -0.272600 0.937200 0.217600
vn -0.593100 0.801300 0.079200
vn -0.887300 0.446000 -0.117300
vn -0.923500 -0.201400 -0.326400
vn -0.536200 -0.752000 -0.383400
vn 0.196000 -0.956800 -0.214600
vn -0.163800 -0.935100 -0.314200
vn 0.527700 -0.845200 -0.084400
vn 0.848500 -0.517600 0.110300
vn 0.937000 0.116500 0.329300
vn 0.595800 0.697500 0.398200
vn 0.159700 0.930800 0.328900
vn -0.197200 0.955500 0.219300
vn -0.526100 0.846600 0.080000
vn -0.847400 0.518300 -0.115500
vn -0.938700 -0.121100 -0.322700
vn -0.599900 -0.703700 -0.380800
vn 0.099500 -0.966100 -0.238400
vn -0.259000 -0.908100 -0.329100
vn 0.443200 -0.889200 -0.113900
vn 0.797800 -0.597700 0.079600
vn 0.950900 0.020600 0.308800
vn 0.667900 0.629400 0.397300
vn 0.254700 0.904100 0.343300
vn -0.100700 0.964800 0.243000
vn -0.441400 0.890600 0.109800
vn -0.796500 0.598800 -0.084300
vn -0.952900 -0.024000 -0.302200
vn -0.672500 -0.634800 -0.380500
vn 0.003400 -0.964400 -0.264500
vn -0.349900 -0.871000 -0.344900
vn 0.355300 -0.923200 -0.146600
vn 0.740100 -0.671000 0.045200
vn 0.955400 -0.075800 0.285500
vn 0.732400 0.554100 0.395600
vn 0.345600 0.867100 0.358700
vn -0.004600 0.963100 0.269000
vn -0.353700 0.924400 0.142700
vn -0.738500 0.672400 -0.049400
vn -0.957600 0.073400 -0.278800
vn -0.737400 -0.558900 -0.379300
vn -0.091500 -0.952000 -0.292000
vn -0.436200 -0.824400 -0.360700
vn 0.264900 -0.946900 -0.182200
vn 0.675800 -0.737000 0.006700
vn 0.950800 -0.171000 0.258400
vn 0.789100 0.473000 0.392000
vn 0.432000 0.820600 0.374100
vn 0.090300 0.950700 0.296600
vn -0.263800 0.947900 0.178400
vn -0.674400 0.738300 -0.010700
vn -0.952900 0.169600 -0.251500
vn -0.794300 -0.477100 -0.376100
vn -0.184300 -0.929200 -0.320200
vn -0.517600 -0.768900 -0.375300
vn 0.173100 -0.960000 -0.220100
vn 0.606200 -0.794500 -0.035600
vn 0.937500 -0.263800 0.226800
vn 0.837800 0.386800 0.385300
vn 0.513600 0.765100 0.388400
vn 0.183500 0.927900 0.324600
vn -0.172600 0.961000 0.216200
vn -0.605200 0.795500 0.031600
vn -0.939400 0.263100 -0.219700
vn -0.843200 -0.390200 -0.369700
vn -0.274700 -0.896400 -0.348000
vn -0.593800 -0.705000 -0.387700
vn 0.081400 -0.962400 -0.259200
vn 0.532400 -0.842600 -0.081400
vn 0.916000 -0.353400 0.190000
vn 0.878500 0.296800 0.374300
vn 0.589200 0.701800 0.400400
vn 0.273400 0.895100 0.352300
vn -0.080700 0.963400 0.255800
vn -0.531100 0.843700 0.077800
vn -0.917600 0.353100 -0.182700
vn -0.884100 -0.299400 -0.358900
vn -0.361900 -0.853800 -0.374300
vn -0.663900 -0.634000 -0.396600
vn -0.010100 -0.954200 -0.299100
vn 0.454700 -0.881000 -0.130600
vn 0.886500 -0.438600 0.147400
vn 0.911100 0.204300 0.358100
vn 0.658800 0.631400 0.409000
vn 0.359800 0.852800 0.378400
vn 0.011000 0.955200 0.295900
vn -0.452800 0.882500 0.127600
vn -0.887700 0.438700 -0.140000
vn -0.916500 -0.206200 -0.342800
vn -0.445200 -0.802200 -0.397900
vn -0.727500 -0.556900 -0.400800
vn -0.100800 -0.935500 -0.338600
vn 0.373000 -0.909600 -0.182900
vn 0.849600 -0.518100 0.098900
vn 0.935400 0.110700 0.335700
vn 0.722500 0.554500 0.413000
vn 0.442700 0.801600 0.401900
vn 0.101200 0.936600 0.335500
vn -0.371400 0.910900 0.180000
vn -0.850200 0.518400 -0.091400
vn -0.940600 -0.112100 -0.320600
vn -0.524000 -0.742400 -0.417400
vn -0.784400 -0.474700 -0.399200
vn -0.190200 -0.906600 -0.376600
vn 0.288200 -0.927700 -0.237400
vn 0.805500 -0.590900 0.044500
vn 0.951700 0.017500 0.306500
vn 0.779500 0.472600 0.411200
vn 0.521200 0.742100 0.421400
vn 0.190100 0.907900 0.373600
vn -0.287600 0.928700 0.234300
vn -0.805900 0.590900 -0.037000
vn -0.956500 -0.018100 -0.291200
vn -0.597900 -0.675400 -0.431700
vn -0.834500 -0.388700 -0.390600
vn -0.277600 -0.868000 -0.411800
vn 0.201900 -0.934700 -0.292600
vn 0.755000 -0.655500 -0.015400
vn 0.960100 -0.074400 0.269600
vn 0.829500 0.387100 0.402600
vn 0.595000 0.675300 0.435800
vn 0.277300 0.869400 0.409000
vn -0.201800 0.935600 0.289600
vn -0.755100 0.655200 0.022800
vn -0.964300 0.074500 -0.254200
vn -0.666500 -0.602100 -0.439600
vn -0.877500 -0.300200 -0.374100
vn -0.362600 -0.819900 -0.443000
vn 0.114700 -0.930600 -0.347600
vn 0.699000 -0.710600 -0.080100
vn 0.960600 -0.163700 0.224600
vn 0.872700 0.298900 0.386100
vn 0.663600 0.602300 0.443800
vn 0.361800 0.821700 0.440400
vn -0.114900 0.931600 0.344800
vn -0.698600 0.710200 0.087700
vn -0.964100 0.163600 -0.209100
vn -0.716400 -0.547400 -0.432600
vn -0.905800 -0.235600 -0.352100
vn -0.427700 -0.782800 -0.452100
vn 0.043900 -0.924800 -0.377800
vn 0.648400 -0.750300 -0.129100
vn 0.956100 -0.231100 0.180000
vn 0.903500 0.232300 0.360200
vn 0.714900 0.545800 0.437000
vn 0.426600 0.782600 0.453400
vn -0.046500 0.924200 0.379200
vn -0.652100 0.746100 0.134600
vn -0.959000 0.226200 -0.170800
vn -0.737900 -0.539000 -0.406100
vn -0.918100 -0.222600 -0.327900
vn -0.455200 -0.781200 -0.427200
vn 0.014900 -0.932100 -0.361900
vn 0.627600 -0.767000 -0.133700
vn 0.955200 -0.250900 0.157200
vn 0.917900 0.216800 0.332200
vn 0.738000 0.535300 0.410900
vn 0.454300 0.778700 0.432700
vn -0.019800 0.929600 0.368000
vn -0.636300 0.759100 0.137800
vn -0.958200 0.241200 -0.153600
vn -0.747200 -0.552700 -0.369000
vn -0.924900 -0.233000 -0.300400
vn -0.465500 -0.796600 -0.385700
vn 0.004900 -0.946200 -0.323600
vn 0.622400 -0.774300 -0.114400
vn 0.957300 -0.247600 0.149000
vn 0.924800 0.226800 0.305400
vn 0.747300 0.549000 0.374400
vn 0.464600 0.794100 0.391900
vn -0.010400 0.943800 0.330400
vn -0.631900 0.765800 0.119300
vn -0.960600 0.237400 -0.144400
vn -0.755900 -0.565700 -0.329500
vn -0.931400 -0.242500 -0.271300
vn -0.475500 -0.810900 -0.341100
vn -0.005300 -0.959400 -0.281900
vn 0.616900 -0.781600 -0.092600
vn 0.959200 -0.244900 0.141000
vn 0.931400 0.235900 0.277100
vn 0.756200 0.561800 0.335600
vn 0.474700 0.808500 0.348000
vn -0.000100 0.957100 0.289600
vn -0.627100 0.772700 0.098700
vn -0.962800 0.233900 -0.135500
vn -0.764200 -0.576700 -0.289000
vn -0.937400 -0.250400 -0.242000
vn -0.484800 -0.823500 -0.294800
vn -0.014300 -0.971200 -0.237800
vn 0.611700 -0.788100 -0.068700
vn 0.960700 -0.243100 0.133900
vn 0.937400 0.243700 0.248700
vn 0.764400 0.572900 0.295700
vn 0.484100 0.821100 0.302300
vn 0.009400 0.969100 0.246600
vn -0.622100 0.779200 0.076200
vn -0.964400 0.231700 -0.127200
vn -0.771500 -0.585200 -0.249500
vn -0.942600 -0.256200 -0.214100
vn -0.492800 -0.833700 -0.249000
vn -0.022100 -0.980900 -0.193500
vn 0.607300 -0.793300 -0.043400
vn 0.961900 -0.241400 0.128600
vn 0.942600 0.249800 0.221800
vn 0.771800 0.581600 0.257000
vn 0.492900 0.831200 0.257300
vn 0.017600 0.979000 0.203200
vn -0.617500 0.784800 0.052500
vn -0.965500 0.230700 -0.120400
vn -0.777500 -0.591400 -0.213700
vn -0.946800 -0.259900 -0.189800
vn -0.500000 -0.841000 -0.206700
vn -0.029000 -0.988000 -0.151500
vn 0.603900 -0.796900 -0.018000
vn 0.962600 -0.240200 0.125700
vn 0.946600 0.254300 0.198400
vn 0.777800 0.587900 0.222000
vn 0.500100 0.838600 0.215900
vn 0.025000 0.986400 0.162400
vn -0.612800 0.789700 0.028900
vn -0.966100 0.230800 -0.116000
vn -0.781900 -0.595400 -0.185000
vn -0.949800 -0.261900 -0.171400
vn -0.505900 -0.845400 -0.171400
vn -0.034800 -0.992700 -0.115200
vn 0.601200 -0.799000 0.005900
vn 0.962800 -0.239200 0.126000
vn 0.949300 0.257300 0.180800
vn 0.782200 0.592100 0.193900
vn 0.505300 0.843700 0.181200
vn 0.031100 0.991400 0.126800
vn -0.607900 0.794000 0.006600
vn -0.965900 0.231800 -0.115000
vn -0.784800 -0.597100 -0.166000
vn -0.951300 -0.262700 -0.161200
vn -0.509800 -0.847700 -0.146400
vn -0.039000 -0.995400 -0.087400
vn 0.598900 -0.800400 0.026700
vn 0.962400 -0.238300 0.130200
vn 0.950600 0.259000 0.171100
vn 0.784900 0.594200 0.175300
vn 0.509100 0.846300 0.156500
vn 0.035800 0.994400 0.099500
vn -0.603700 0.797100 -0.013200
vn -0.965200 0.233200 -0.118200
vn -0.786000 -0.597300 -0.159300
vn -0.951500 -0.262200 -0.160700
vn -0.511600 -0.848700 -0.134300
vn -0.041000 -0.996700 -0.070700
vn 0.597600 -0.800600 0.043000
vn 0.961500 -0.237200 0.138500
vn 0.950400 0.259900 0.170900
vn 0.785800 0.595000 0.168900
vn 0.511000 0.847300 0.144800
vn 0.039200 0.995700 0.083500
vn -0.600000 0.799500 -0.028500
vn -0.963900 0.234800 -0.125900
vn -0.785300 -0.596400 -0.166200
vn -0.950300 -0.260500 -0.170700
vn -0.510900 -0.848600 -0.137000
vn -0.040600 -0.996900 -0.067200
vn 0.597100 -0.800400 0.053400
vn 0.959800 -0.236800 0.150800
vn 0.948600 0.259700 0.181100
vn 0.784400 0.594800 0.175700
vn 0.510100 0.847400 0.147400
vn 0.040400 0.995900 0.080300
vn -0.596900 0.801400 -0.038100
vn -0.961600 0.237300 -0.137900
vn -0.782200 -0.594500 -0.186400
vn -0.947000 -0.258500 -0.190900
vn -0.508100 -0.847400 -0.154300
vn -0.038100 -0.996300 -0.076900
vn 0.597500 -0.799800 0.057600
vn 0.957100 -0.236900 0.166900
vn 0.944700 0.258700 0.201300
vn 0.780400 0.593800 0.195900
vn 0.506700 0.846200 0.164600
vn 0.039000 0.995200 0.090000
vn -0.595200 0.802500 -0.042000
vn -0.958600 0.239600 -0.153700
vn -0.774300 -0.591000 -0.226400
vn -0.939700 -0.254700 -0.228200
vn -0.500800 -0.844100 -0.191400
vn -0.031100 -0.994300 -0.101900
vn 0.600300 -0.797700 0.058500
vn 0.952200 -0.237400 0.192400
vn 0.936800 0.256100 0.238300
vn 0.772100 0.590100 0.235700
vn 0.500000 0.842200 0.201700
vn 0.035100 0.992700 0.115600
vn -0.593400 0.803800 -0.041400
vn -0.953100 0.243900 -0.178900
vn -0.759800 -0.584200 -0.285300
vn -0.926700 -0.248000 -0.282300
vn -0.486900 -0.837900 -0.246800
vn -0.020700 -0.989900 -0.140400
vn 0.601700 -0.796700 0.057200
vn 0.943300 -0.241100 0.228300
vn 0.923300 0.249700 0.291700
vn 0.757600 0.582900 0.293800
vn 0.487000 0.834900 0.256500
vn 0.025600 0.987700 0.153900
vn -0.593400 0.803900 -0.039700
vn -0.944200 0.249600 -0.214900
vn -0.742500 -0.574300 -0.344700
vn -0.911000 -0.239500 -0.335800
vn -0.470000 -0.828700 -0.303900
vn -0.009100 -0.983200 -0.182400
vn 0.601700 -0.797100 0.051400
vn 0.932900 -0.247300 0.261700
vn 0.907300 0.241200 0.344400
vn 0.739900 0.573100 0.352300
vn 0.469600 0.825700 0.312700
vn 0.011800 0.980800 0.194700
vn -0.595900 0.802300 -0.035100
vn -0.934400 0.254800 -0.249000
vn -0.725700 -0.563700 -0.394400
vn -0.896400 -0.230600 -0.378600
vn -0.453400 -0.818100 -0.353700
vn 0.003000 -0.975000 -0.222000
vn 0.603400 -0.796300 0.041100
vn 0.924400 -0.253200 0.285400
vn 0.892600 0.232200 0.386500
vn 0.722400 0.563000 0.401400
vn 0.452000 0.815400 0.361700
vn -0.001800 0.972500 0.233000
vn -0.599800 0.799700 -0.026300
vn -0.926300 0.259100 -0.273700
vn -0.710300 -0.553000 -0.435400
vn -0.883700 -0.221900 -0.412000
vn -0.437700 -0.806900 -0.396700
vn 0.015000 -0.965900 -0.258600
vn 0.607400 -0.793900 0.027600
vn 0.918100 -0.257700 0.301300
vn 0.879900 0.223400 0.419400
vn 0.706400 0.553100 0.441700
vn 0.435300 0.804700 0.403700
vn -0.014200 0.963100 0.268700
vn -0.604600 0.796400 -0.014000
vn -0.920300 0.262200 -0.290500
vn -0.696800 -0.542900 -0.468700
vn -0.873300 -0.214100 -0.437600
vn -0.423500 -0.795500 -0.433300
vn 0.027900 -0.956100 -0.291600
vn 0.613300 -0.789700 0.012600
vn 0.914000 -0.261000 0.310600
vn 0.869500 0.215500 0.444400
vn 0.692800 0.543100 0.474400
vn 0.419700 0.794300 0.439200
vn -0.027800 0.953300 0.300600
vn -0.610900 0.791700 0.000500
vn -0.916300 0.264600 -0.300500
vn -0.685200 -0.533900 -0.495500
vn -0.865000 -0.207800 -0.456700
vn -0.410400 -0.785000 -0.464000
vn 0.041000 -0.946200 -0.320800
vn 0.620100 -0.784500 -0.003700
vn 0.911900 -0.263300 0.314800
vn 0.861500 0.208800 0.462900
vn 0.681500 0.533700 0.500600
vn 0.406100 0.784100 0.469300
vn -0.042500 0.943500 0.328500
vn -0.618900 0.785300 0.015300
vn -0.914200 0.266300 -0.305400
vn -0.675700 -0.525700 -0.516800
vn -0.858700 -0.203000 -0.470600
vn -0.398300 -0.775400 -0.490000
vn 0.052900 -0.936200 -0.347400
vn 0.627000 -0.778700 -0.021100
vn 0.911600 -0.263800 0.315100
vn 0.855400 0.203700 0.476300
vn 0.672300 0.525400 0.521600
vn 0.394700 0.774200 0.494800
vn -0.055300 0.933600 0.354000
vn -0.626600 0.778700 0.031200
vn -0.913800 0.266600 -0.306400
vn -0.667900 -0.518800 -0.533600
vn -0.854300 -0.199200 -0.480100
vn -0.388400 -0.766300 -0.511800
vn 0.062900 -0.926200 -0.371700
vn 0.634400 -0.772000 -0.038500
vn 0.912800 -0.262700 0.312700
vn 0.851100 0.200000 0.485500
vn 0.664700 0.518500 0.538000
vn 0.384800 0.765100 0.516200
vn -0.066200 0.923800 0.377100
vn -0.634200 0.771700 0.047700
vn -0.914800 0.265500 -0.304300
vn -0.661800 -0.513000 -0.546700
vn -0.851500 -0.196300 -0.486200
vn -0.380100 -0.757900 -0.530200
vn 0.072000 -0.916600 -0.393200
vn 0.642000 -0.764700 -0.055600
vn 0.914900 -0.261000 0.307800
vn 0.848400 0.197200 0.491300
vn 0.658500 0.512900 0.550700
vn 0.376600 0.756800 0.534200
vn -0.076000 0.914300 0.397800
vn -0.642500 0.763600 0.063400
vn -0.916900 0.263000 -0.300200
vn -0.657000 -0.508300 -0.556800
vn -0.849800 -0.194900 -0.489800
vn -0.373400 -0.750300 -0.545600
vn 0.081200 -0.907500 -0.412100
vn 0.649600 -0.756800 -0.071900
vn 0.917800 -0.258700 0.301100
vn 0.846900 0.195600 0.494400
vn 0.653800 0.508300 0.560600
vn 0.370100 0.749300 0.549200
vn -0.084800 0.905300 0.416300
vn -0.651000 0.755000 0.078500
vn -0.919700 0.259500 -0.294600
vn -0.653200 -0.504700 -0.564400
vn -0.849000 -0.194700 -0.491200
vn -0.367600 -0.743600 -0.558500
vn 0.089400 -0.898800 -0.429100
vn 0.656900 -0.748800 -0.087900
vn 0.921300 -0.255200 0.293400
vn 0.846400 0.195200 0.495500
vn 0.650600 0.504300 0.567900
vn 0.364500 0.742600 0.561800
vn -0.093100 0.896700 0.432700
vn -0.658600 0.746700 0.093600
vn -0.923000 0.255800 -0.287400
vn -0.651600 -0.503100 -0.567700
vn -0.848800 -0.194900 -0.491400
vn -0.364800 -0.740500 -0.564400
vn 0.092900 -0.894500 -0.437300
vn 0.660300 -0.744900 -0.096000
vn 0.923100 -0.253100 0.289400
vn 0.846300 0.195300 0.495700
vn 0.649300 0.502400 0.570900
vn 0.362100 0.739600 0.567400
vn -0.097500 0.892600 0.440200
vn -0.662300 0.742400 0.100800
vn -0.924800 0.253700 -0.283600
vn -0.295400 -0.845000 -0.445700
vn -0.245900 -0.864800 -0.437800
vn -0.584700 -0.719900 -0.373900
vn -0.625300 -0.673500 -0.394300
vn 0.072700 -0.898400 -0.433100
vn 0.126800 -0.889600 -0.438800
vn 0.540400 -0.774800 -0.328000
vn 0.590300 -0.728400 -0.347800
vn 0.954500 -0.292900 -0.057000
vn 0.970700 -0.222600 -0.090200
vn 0.908900 0.334900 0.248500
vn 0.898000 0.385600 0.211900
vn 0.592300 0.695200 0.407400
vn 0.573600 0.724700 0.381800
vn 0.251300 0.848800 0.465200
vn 0.231600 0.861000 0.452900
vn -0.129400 0.880600 0.455900
vn -0.144800 0.875600 0.460700
vn -0.596800 0.727700 0.338200
vn -0.607100 0.704500 0.367700
vn -0.963300 0.261400 0.060800
vn -0.972600 0.208600 0.102900
vn -0.920900 -0.310700 -0.235500
vn -0.902700 -0.379000 -0.203800
vn -0.174600 -0.886000 -0.429600
vn -0.523100 -0.777000 -0.350100
vn 0.197900 -0.872000 -0.447800
vn 0.645400 -0.665000 -0.375800
vn 0.982800 -0.128100 -0.132900
vn 0.867000 0.467400 0.172900
vn 0.520400 0.776400 0.355600
vn 0.171700 0.881900 0.439100
vn -0.201400 0.863400 0.462500
vn -0.648700 0.652200 0.392100
vn -0.982200 0.118900 0.145200
vn -0.867800 -0.468300 -0.166000
vn -0.107200 -0.896100 -0.430700
vn -0.463200 -0.812300 -0.354500
vn 0.263700 -0.855500 -0.445700
vn 0.694600 -0.617100 -0.369700
vn 0.990500 -0.059300 -0.124300
vn 0.831600 0.525600 0.179500
vn 0.463100 0.810600 0.358300
vn 0.107300 0.892800 0.437600
vn -0.263600 0.849600 0.456800
vn -0.694700 0.609000 0.382700
vn -0.989600 0.052300 0.133800
vn -0.830900 -0.528200 -0.174800
vn -0.040300 -0.901500 -0.430900
vn -0.402600 -0.839600 -0.364800
vn 0.327800 -0.838100 -0.435900
vn 0.741100 -0.573700 -0.348800
vn 0.995300 0.000500 -0.097200
vn 0.793500 0.574700 0.200100
vn 0.403800 0.837700 0.367800
vn 0.041500 0.898700 0.436500
vn -0.326500 0.833800 0.445200
vn -0.740200 0.568000 0.359800
vn -0.994500 -0.006800 0.105000
vn -0.791800 -0.578100 -0.196800
vn 0.026600 -0.903700 -0.427300
vn -0.340600 -0.862200 -0.375000
vn 0.390400 -0.819700 -0.419200
vn 0.784700 -0.532000 -0.318300
vn 0.996600 0.055800 -0.060700
vn 0.752600 0.618600 0.225900
vn 0.342700 0.860200 0.377600
vn -0.024700 0.901400 0.432200
vn -0.388600 0.816400 0.427300
vn -0.783700 0.527500 0.328000
vn -0.995800 -0.062200 0.067000
vn -0.750000 -0.622600 -0.223400
vn 0.093400 -0.903500 -0.418300
vn -0.277000 -0.881500 -0.382500
vn 0.451300 -0.800100 -0.395200
vn 0.825000 -0.491200 -0.279600
vn 0.994000 0.108100 -0.018000
vn 0.708500 0.658800 0.253100
vn 0.280000 0.879500 0.384800
vn -0.091000 0.901600 0.422800
vn -0.449300 0.797500 0.402600
vn -0.824200 0.487400 0.288400
vn -0.993100 -0.114800 0.023400
vn -0.704900 -0.663400 -0.251000
vn 0.160100 -0.901300 -0.402500
vn -0.212300 -0.898100 -0.385200
vn 0.510500 -0.779400 -0.363200
vn 0.861500 -0.451000 -0.233300
vn 0.987000 0.158300 0.029100
vn 0.661200 0.696200 0.279400
vn 0.216200 0.896200 0.387400
vn -0.157100 0.899900 0.406900
vn -0.508500 0.777400 0.370200
vn -0.861000 0.447600 0.241400
vn -0.986000 -0.165200 -0.024300
vn -0.656800 -0.701100 -0.277700
vn 0.225800 -0.897600 -0.378700
vn -0.146700 -0.912600 -0.381600
vn 0.567000 -0.758000 -0.322400
vn 0.893700 -0.411300 -0.179200
vn 0.975200 0.206500 0.079700
vn 0.610900 0.731200 0.303500
vn 0.151700 0.910800 0.384000
vn -0.222300 0.896600 0.383100
vn -0.565100 0.756500 0.329200
vn -0.893700 0.407900 0.186700
vn -0.973900 -0.214200 -0.075500
vn -0.605500 -0.736500 -0.301700
vn 0.289400 -0.892800 -0.345200
vn -0.080700 -0.925500 -0.370100
vn 0.619600 -0.736300 -0.271700
vn 0.920800 -0.372200 -0.116700
vn 0.958300 0.252700 0.133100
vn 0.558200 0.764000 0.323600
vn 0.086700 0.923800 0.372800
vn -0.285800 0.892200 0.349800
vn -0.617900 0.735300 0.278400
vn -0.921200 0.368800 0.123800
vn -0.956400 -0.261700 -0.129500
vn -0.551000 -0.770000 -0.321700
vn 0.349700 -0.887400 -0.300300
vn -0.015700 -0.937100 -0.348700
vn 0.667400 -0.714600 -0.209500
vn 0.941500 -0.334000 -0.045200
vn 0.936000 0.297000 0.188900
vn 0.503100 0.795200 0.338400
vn 0.022500 0.935700 0.352000
vn -0.346400 0.887100 0.305100
vn -0.665900 0.714000 0.216200
vn -0.942400 0.330500 0.052000
vn -0.933200 -0.307800 -0.185600
vn -0.493800 -0.802000 -0.336100
vn 0.405600 -0.881500 -0.241800
vn 0.047300 -0.947900 -0.315100
vn 0.708600 -0.692800 -0.134000
vn 0.954300 -0.296600 0.036300
vn 0.907500 0.340100 0.246500
vn 0.445800 0.825500 0.346200
vn -0.039800 0.946900 0.319200
vn -0.402000 0.881700 0.246900
vn -0.707400 0.692700 0.140700
vn -0.955800 0.292500 -0.029800
vn -0.903400 -0.353200 -0.243400
vn -0.434700 -0.832800 -0.342900
vn 0.436000 -0.885700 -0.159400
vn 0.083900 -0.965400 -0.246800
vn 0.728000 -0.683800 -0.048300
vn 0.955600 -0.273700 0.109400
vn 0.884800 0.374700 0.277000
vn 0.404700 0.856600 0.320100
vn -0.083200 0.962700 0.257400
vn -0.439400 0.882300 0.168700
vn -0.733700 0.677000 0.057800
vn -0.961300 0.256900 -0.099600
vn -0.878500 -0.397300 -0.265300
vn -0.397100 -0.864900 -0.307100
vn 0.431700 -0.899600 -0.065100
vn 0.080200 -0.985900 -0.147200
vn 0.723400 -0.689900 0.028400
vn 0.952000 -0.268100 0.147900
vn 0.883100 0.395900 0.251900
vn 0.401800 0.883100 0.242300
vn -0.085500 0.982800 0.163400
vn -0.440500 0.894300 0.078700
vn -0.733900 0.679100 -0.014600
vn -0.960400 0.245800 -0.131500
vn -0.878000 -0.419800 -0.230000
vn -0.399700 -0.889600 -0.221000
vn 0.419200 -0.907900 0.008200
vn 0.065000 -0.995800 -0.064000
vn 0.715100 -0.694300 0.081400
vn 0.950300 -0.265300 0.162800
vn 0.889300 0.406500 0.209500
vn 0.415600 0.895000 0.161900
vn -0.068500 0.994500 0.079100
vn -0.424800 0.905300 0.005300
vn -0.722600 0.688000 -0.067200
vn -0.956800 0.251900 -0.145100
vn -0.887400 -0.421000 -0.187800
vn -0.414900 -0.898600 -0.142400
vn 0.412600 -0.909500 0.050400
vn 0.057100 -0.998200 -0.017800
vn 0.710600 -0.694400 0.113600
vn 0.949000 -0.262400 0.174700
vn 0.891500 0.411500 0.189400
vn 0.422900 0.898300 0.118900
vn -0.059100 0.997700 0.031800
vn -0.415800 0.908700 -0.037700
vn -0.715100 0.691900 -0.100100
vn -0.953500 0.256600 -0.157800
vn -0.892300 -0.418500 -0.169300
vn -0.423300 -0.900300 -0.101200
vn 0.410300 -0.909500 0.066900
vn 0.054400 -0.998500 -0.002400
vn 0.708900 -0.693500 0.128700
vn 0.947900 -0.259800 0.184300
vn 0.890800 0.413900 0.187500
vn 0.425200 0.898800 0.106700
vn -0.055500 0.998300 0.015100
vn -0.411900 0.909500 -0.055300
vn -0.710900 0.693600 -0.116000
vn -0.950900 0.259500 -0.168700
vn -0.893500 -0.415900 -0.169500
vn -0.426200 -0.900100 -0.090700
vn 0.411700 -0.909100 0.064000
vn 0.055800 -0.998400 -0.010000
vn 0.709400 -0.692600 0.130600
vn 0.946800 -0.258400 0.191900
vn 0.887500 0.415400 0.199300
vn 0.422400 0.898800 0.117300
vn -0.056600 0.998200 0.021700
vn -0.411800 0.909700 -0.053100
vn -0.709700 0.694400 -0.118800
vn -0.948800 0.261400 -0.177600
vn -0.891600 -0.414000 -0.183400
vn -0.424500 -0.899500 -0.103100
vn 0.415700 -0.908300 0.047100
vn 0.060900 -0.997600 -0.034000
vn 0.711300 -0.692000 0.122900
vn 0.945700 -0.257800 0.197800
vn 0.882300 0.415800 0.220500
vn 0.416300 0.897800 0.144100
vn -0.061300 0.997100 0.044600
vn -0.414700 0.909200 -0.037000
vn -0.710600 0.694700 -0.112000
vn -0.947000 0.262700 -0.184700
vn -0.887500 -0.412100 -0.206400
vn -0.418900 -0.898400 -0.131500
vn 0.421800 -0.906400 0.020900
vn 0.069000 -0.995200 -0.068800
vn 0.714700 -0.690900 0.108800
vn 0.944800 -0.257400 0.202500
vn 0.875700 0.414400 0.247700
vn 0.407800 0.894900 0.181300
vn -0.068600 0.994600 0.078300
vn -0.420200 0.907400 -0.011700
vn -0.713200 0.694000 -0.098700
vn -0.945600 0.263800 -0.190300
vn -0.881600 -0.409300 -0.235100
vn -0.410400 -0.895900 -0.170200
vn 0.429400 -0.903100 -0.011000
vn 0.079400 -0.990800 -0.109800
vn 0.719200 -0.688800 0.090600
vn 0.944100 -0.257400 0.206100
vn 0.867900 0.411500 0.278200
vn 0.396900 0.889900 0.224600
vn -0.078200 0.989900 0.118600
vn -0.427900 0.903600 0.019400
vn -0.717500 0.691800 -0.081200
vn -0.944500 0.264800 -0.194500
vn -0.874300 -0.405400 -0.266900
vn -0.399500 -0.891200 -0.214800
vn 0.437900 -0.897900 -0.045900
vn 0.090700 -0.983900 -0.154000
vn 0.724400 -0.685800 0.070100
vn 0.943400 -0.257700 0.208700
vn 0.859300 0.406800 0.309900
vn 0.384500 0.882500 0.270700
vn -0.089500 0.982700 0.162000
vn -0.436800 0.898000 0.053300
vn -0.722700 0.688400 -0.061400
vn -0.943700 0.265100 -0.197800
vn -0.866100 -0.400200 -0.299500
vn -0.387400 -0.883900 -0.262100
vn 0.447300 -0.890700 -0.081400
vn 0.102100 -0.974700 -0.199000
vn 0.730100 -0.681600 0.048800
vn 0.942800 -0.258400 0.210500
vn 0.850500 0.400200 0.341300
vn 0.371500 0.872600 0.317000
vn -0.101700 0.973300 0.205900
vn -0.446100 0.890600 0.088200
vn -0.728300 0.684100 -0.040700
vn -0.943200 0.265100 -0.200400
vn -0.857100 -0.394100 -0.331800
vn -0.374600 -0.874000 -0.309500
vn 0.457400 -0.881600 -0.116100
vn 0.114300 -0.963300 -0.242700
vn 0.736300 -0.676100 0.027800
vn 0.942400 -0.259100 0.211700
vn 0.841700 0.391900 0.371400
vn 0.358500 0.860500 0.362000
vn -0.114000 0.961800 0.248700
vn -0.456100 0.881500 0.122300
vn -0.734500 0.678300 -0.020200
vn -0.942800 0.265100 -0.202200
vn -0.848000 -0.386500 -0.362700
vn -0.361200 -0.862100 -0.355400
vn 0.468300 -0.869200 -0.158500
vn 0.123800 -0.950300 -0.285800
vn 0.745600 -0.666400 -0.008500
vn 0.947900 -0.254300 0.191600
vn 0.838400 0.390300 0.380600
vn 0.346000 0.851200 0.394800
vn -0.129200 0.948400 0.289600
vn -0.470900 0.867100 0.162600
vn -0.746500 0.665300 0.014000
vn -0.948700 0.257500 -0.183200
vn -0.846200 -0.382000 -0.371500
vn -0.355300 -0.849700 -0.389500
vn 0.481100 -0.850300 -0.213100
vn 0.132000 -0.936000 -0.326200
vn 0.760200 -0.645900 -0.070100
vn 0.962500 -0.235500 0.134800
vn 0.845400 0.401000 0.352800
vn 0.340300 0.847500 0.407400
vn -0.142200 0.933600 0.328800
vn -0.486700 0.846500 0.215800
vn -0.763100 0.642000 0.073900
vn -0.963300 0.236000 -0.127500
vn -0.854100 -0.391300 -0.342800
vn -0.355000 -0.843900 -0.402200
vn 0.491500 -0.829200 -0.266100
vn 0.140200 -0.922500 -0.359700
vn 0.772900 -0.620000 -0.134800
vn 0.975400 -0.209300 0.068800
vn 0.854500 0.416100 0.311100
vn 0.340700 0.846300 0.409600
vn -0.148400 0.919800 0.363100
vn -0.496200 0.825500 0.269200
vn -0.775400 0.616100 0.138400
vn -0.976000 0.209000 -0.061900
vn -0.861300 -0.409100 -0.301200
vn -0.352800 -0.844200 -0.403600
vn 0.496700 -0.811500 -0.307800
vn 0.144700 -0.911300 -0.385500
vn 0.779500 -0.598000 -0.186200
vn 0.982200 -0.186900 0.015500
vn 0.859600 0.429700 0.276500
vn 0.341800 0.845700 0.409800
vn -0.150900 0.908600 0.389400
vn -0.501000 0.807700 0.311000
vn -0.781700 0.594100 0.189900
vn -0.982500 0.185900 -0.009100
vn -0.864900 -0.425100 -0.266900
vn -0.351100 -0.845000 -0.403400
vn 0.499600 -0.797400 -0.338500
vn 0.146700 -0.902900 -0.404000
vn 0.782400 -0.580700 -0.225000
vn 0.985200 -0.169200 -0.025700
vn 0.862500 0.440800 0.248600
vn 0.343500 0.845800 0.408300
vn -0.151300 0.900200 0.408200
vn -0.502900 0.793800 0.341900
vn -0.784100 0.576900 0.228800
vn -0.985400 0.167300 0.031700
vn -0.866200 -0.438400 -0.239700
vn -0.350400 -0.846100 -0.401700
vn 0.500800 -0.787600 -0.359100
vn 0.148100 -0.897500 -0.415400
vn 0.783300 -0.568300 -0.252100
vn 0.986200 -0.156100 -0.055400
vn 0.863900 0.449700 0.227000
vn 0.344400 0.846900 0.405100
vn -0.151100 0.894900 0.419800
vn -0.502900 0.784500 0.362800
vn -0.784700 0.564600 0.255900
vn -0.986300 0.153100 0.061000
vn -0.866000 -0.449600 -0.219100
vn -0.349100 -0.848000 -0.398800
vn 0.501100 -0.782200 -0.370200
vn 0.149000 -0.895200 -0.420100
vn 0.783600 -0.560500 -0.267900
vn 0.986300 -0.147300 -0.074300
vn 0.864600 0.455800 0.211200
vn 0.345300 0.848800 0.400300
vn -0.150600 0.892800 0.424600
vn -0.502100 0.779700 0.374100
vn -0.784600 0.557200 0.272000
vn -0.986400 0.143700 0.079600
vn -0.865200 -0.457900 -0.204300
vn -0.347500 -0.850800 -0.394300
vn 0.501600 -0.781000 -0.372000
vn 0.149500 -0.895900 -0.418400
vn 0.783900 -0.557600 -0.273200
vn 0.986200 -0.143300 -0.083200
vn 0.865400 0.459100 0.200900
vn 0.346900 0.851200 0.393800
vn -0.150400 0.893600 0.422800
vn -0.502100 0.778700 0.376100
vn -0.784300 0.554800 0.277500
vn -0.986300 0.139400 0.088200
vn -0.864600 -0.463100 -0.195000
vn -0.346700 -0.853900 -0.388200
vn 0.502200 -0.784000 -0.364900
vn 0.150000 -0.899600 -0.410200
vn 0.784200 -0.559600 -0.268100
vn 0.986200 -0.144000 -0.082100
vn 0.866000 0.460100 0.196100
vn 0.348000 0.854400 0.385800
vn -0.150300 0.897400 0.414800
vn -0.502400 0.781900 0.369000
vn -0.784300 0.557200 0.272600
vn -0.986400 0.139700 0.087000
vn -0.864000 -0.465800 -0.191000
vn -0.346000 -0.857600 -0.380400
vn 0.502500 -0.791200 -0.348400
vn 0.150500 -0.906100 -0.395300
vn 0.784600 -0.566300 -0.252400
vn 0.986200 -0.149300 -0.071000
vn 0.866400 0.458900 0.196800
vn 0.348500 0.858600 0.376100
vn -0.149700 0.904200 0.400000
vn -0.502300 0.789500 0.352800
vn -0.784500 0.564300 0.257000
vn -0.986600 0.144700 0.075800
vn -0.863300 -0.466500 -0.192400
vn -0.344500 -0.862400 -0.371000
vn 0.503000 -0.802100 -0.322100
vn 0.151400 -0.915300 -0.373200
vn 0.784500 -0.577700 -0.225500
vn 0.986000 -0.159100 -0.049500
vn 0.866800 0.455400 0.203200
vn 0.349700 0.863100 0.364300
vn -0.148300 0.913800 0.378000
vn -0.502300 0.800700 0.326500
vn -0.784700 0.575600 0.230200
vn -0.986600 0.153900 0.054100
vn -0.862900 -0.464500 -0.199100
vn -0.343300 -0.867800 -0.359300
vn 0.502500 -0.816300 -0.284900
vn 0.151200 -0.927000 -0.343200
vn 0.783300 -0.593000 -0.186600
vn 0.984800 -0.172700 -0.016500
vn 0.867000 0.449400 0.215400
vn 0.351600 0.868100 0.350300
vn -0.146400 0.925800 0.348500
vn -0.501600 0.815200 0.289600
vn -0.783900 0.590700 0.191200
vn -0.985800 0.166600 0.021000
vn -0.862300 -0.460100 -0.211400
vn -0.344000 -0.873300 -0.345100
vn 0.499400 -0.834100 -0.234100
vn 0.148800 -0.941200 -0.303200
vn 0.779100 -0.612700 -0.132300
vn 0.981200 -0.190400 0.030900
vn 0.866300 0.440600 0.235200
vn 0.353800 0.873700 0.333800
vn -0.143200 0.940200 0.309100
vn -0.497500 0.833800 0.239400
vn -0.780000 0.610600 0.137100
vn -0.982800 0.182800 -0.026800
vn -0.859900 -0.454900 -0.231500
vn -0.344600 -0.879600 -0.328000
vn 0.491800 -0.853300 -0.173200
vn 0.142600 -0.956200 -0.255800
vn 0.770700 -0.633700 -0.066400
vn 0.973800 -0.208800 0.089500
vn 0.862900 0.432600 0.261300
vn 0.356000 0.879700 0.315300
vn -0.136900 0.955300 0.262200
vn -0.489600 0.853400 0.178700
vn -0.772000 0.631600 0.071200
vn -0.975900 0.201000 -0.085100
vn -0.856400 -0.448000 -0.256800
vn -0.346700 -0.885800 -0.308500
vn 0.480300 -0.869600 -0.114200
vn 0.133300 -0.968600 -0.209900
vn 0.759500 -0.650600 -0.002100
vn 0.963600 -0.223400 0.146500
vn 0.857500 0.427200 0.286600
vn 0.358200 0.885200 0.296900
vn -0.128600 0.967800 0.216500
vn -0.478900 0.869700 0.119800
vn -0.761000 0.648700 0.007100
vn -0.966000 0.216200 -0.141700
vn -0.852600 -0.440700 -0.280700
vn -0.350300 -0.890800 -0.289500
vn 0.467700 -0.881600 -0.063800
vn 0.123600 -0.977600 -0.170400
vn 0.747000 -0.662800 0.052500
vn 0.952500 -0.234000 0.194600
vn 0.852400 0.423000 0.307400
vn 0.360400 0.889600 0.280500
vn -0.121000 0.976800 0.176800
vn -0.467100 0.881500 0.069600
vn -0.748600 0.661400 -0.047200
vn -0.955200 0.227700 -0.189200
vn -0.848900 -0.434900 -0.300500
vn -0.354100 -0.894600 -0.272600
vn 0.456300 -0.889500 -0.023100
vn 0.114500 -0.983800 -0.138000
vn 0.734800 -0.671400 0.096000
vn 0.942100 -0.241400 0.232600
vn 0.847800 0.420500 0.323100
vn 0.362800 0.892900 0.266500
vn -0.113800 0.983000 0.144400
vn -0.456600 0.889200 0.028800
vn -0.736700 0.670200 -0.090500
vn -0.944900 0.236500 -0.226600
vn -0.845300 -0.431200 -0.315600
vn -0.358100 -0.897300 -0.258200
vn 0.446700 -0.894700 0.007000
vn 0.106300 -0.987800 -0.113800
vn 0.725100 -0.676700 0.127800
vn 0.934000 -0.245300 0.259900
vn 0.843800 0.420500 0.333500
vn 0.364800 0.895500 0.254900
vn -0.106900 0.987000 0.119900
vn -0.448100 0.894000 -0.001700
vn -0.727200 0.675400 -0.122300
vn -0.936700 0.241800 -0.253400
vn -0.842800 -0.428700 -0.325500
vn -0.362400 -0.898800 -0.246700
vn 0.440600 -0.897300 0.026200
vn 0.100400 -0.990100 -0.097900
vn 0.719000 -0.679100 0.147500
vn 0.929100 -0.246500 0.275900
vn 0.841400 0.421600 0.338200
vn 0.366400 0.897400 0.246000
vn -0.101600 0.989400 0.103900
vn -0.442300 0.896600 -0.020900
vn -0.721600 0.677600 -0.142100
vn -0.931600 0.244300 -0.269000
vn -0.842400 -0.426100 -0.329900
vn -0.367200 -0.899100 -0.238400
vn 0.438600 -0.898000 0.033800
vn 0.097500 -0.991100 -0.090500
vn 0.716900 -0.680000 0.153900
vn 0.927800 -0.246800 0.279600
vn 0.841100 0.423200 0.336800
vn 0.367800 0.898400 0.240100
vn -0.098800 0.990400 0.096600
vn -0.440300 0.897400 -0.028400
vn -0.719900 0.677900 -0.148600
vn -0.930400 0.245200 -0.272400
vn -0.843800 -0.424400 -0.328400
vn -0.371000 -0.898900 -0.233000
vn 0.440000 -0.897600 0.028500
vn 0.097900 -0.990900 -0.092600
vn 0.719000 -0.679500 0.145900
vn 0.931000 -0.245200 0.270300
vn 0.842900 0.425900 0.328900
vn 0.367700 0.899200 0.237300
vn -0.100100 0.990100 0.098700
vn -0.441900 0.896800 -0.022800
vn -0.722000 0.677500 -0.140300
vn -0.933500 0.244300 -0.262700
vn -0.847000 -0.424300 -0.320300
vn -0.373000 -0.898800 -0.230400
vn 0.445600 -0.895200 0.009000
vn 0.102100 -0.989200 -0.104900
vn 0.726000 -0.676800 0.122300
vn 0.938800 -0.240600 0.246600
vn 0.846700 0.429500 0.314000
vn 0.366600 0.899400 0.238000
vn -0.105200 0.988300 0.110900
vn -0.448500 0.893800 -0.003500
vn -0.729100 0.674500 -0.116300
vn -0.940700 0.241400 -0.238300
vn -0.852400 -0.424800 -0.305000
vn -0.374000 -0.898100 -0.231300
vn 0.455300 -0.889900 -0.026200
vn 0.107600 -0.985800 -0.129300
vn 0.737300 -0.670700 0.081000
vn 0.950000 -0.234100 0.206500
vn 0.852200 0.434900 0.291100
vn 0.364200 0.899200 0.242500
vn -0.112300 0.984400 0.135200
vn -0.459300 0.887700 0.031500
vn -0.740400 0.667900 -0.074900
vn -0.951300 0.236700 -0.197400
vn -0.859800 -0.426100 -0.281300
vn -0.375100 -0.896500 -0.235800
vn 0.466100 -0.881200 -0.079300
vn 0.113900 -0.979400 -0.166800
vn 0.751100 -0.659900 0.020000
vn 0.963400 -0.223500 0.148100
vn 0.858100 0.443100 0.259400
vn 0.359300 0.898800 0.251300
vn -0.121200 0.977500 0.172600
vn -0.471400 0.877800 0.084500
vn -0.754200 0.656500 -0.013700
vn -0.963900 0.227400 -0.138200
vn -0.867900 -0.430100 -0.248300
vn -0.374600 -0.894400 -0.244300
vn 0.471000 -0.875200 -0.110500
vn 0.117700 -0.974900 -0.188800
vn 0.757500 -0.652600 -0.015600
vn 0.969600 -0.216500 0.114000
vn 0.860800 0.448100 0.241300
vn 0.355600 0.898600 0.256900
vn -0.126500 0.972700 0.194400
vn -0.477300 0.871100 0.115600
vn -0.760600 0.648800 0.022000
vn -0.969700 0.221100 -0.103700
vn -0.871900 -0.432700 -0.229200
vn -0.373700 -0.893400 -0.249500
f 1//1 2//2 3//3
f 4//4 2//2 1//1
f 4//4 5//5 2//2
f 6//6 5//5 4//4
f 6//6 7//7 5//5
f 8//8 7//7 6//6
f 8//8 9//9 7//7
f 10//10 9//9 8//8
f 10//10 11//11 9//9
f 12//12 11//11 10//10
f 13//13 14//14 15//15
f 13//13 16//13 14//14
f 17//16 16//13 13//13
f 17//16 18//17 16//13
f 19//16 18//17 17//16
f 19//16 20//18 18//17
f 21//19 20//18 19//16
f 21//19 22//20 20//18
f 23//21 22//20 21//19
f 23//21 24//22 22//20
f 25//23 26//24 27//25
f 28//26 26//24 25//23
f 28//26 29//27 26//24
f 30//28 29//27 28//26
f 30//28 31//29 29//27
f 32//30 31//29 30//28
f 32//30 33//31 31//29
f 34//32 33//31 32//30
f 34//32 35//33 33//31
f 36//34 35//33 34//32
f 37//35 38//36 39//37
f 40//38 38//36 37//35
f 40//38 41//39 38//36
f 42//39 41//39 40//38
f 42//39 43//38 41//39
f 44//36 43//38 42//39
f 44//36 45//38 43//38
f 46//40 45//38 44//36
f 46//40 47//41 45//38
f 48//42 47//41 46//40
f 49//43 50//44 51//45 52//46
f 53//47 54//48 50//44 49//43
f 55//49 56//50 54//48 53//47
f 57//51 58//52 56//50 55//49
f 59//53 60//54 58//52 57//51
f 61//55 62//56 60//54 59//53
f 63//57 64//58 62//56 61//55
f 65//59 66//60 64//58 63//57
f 67//61 68//62 66//60 65//59
f 69//63 70//64 68//62 67//61
f 71//65 72//66 70//64 69//63
f 52//46 51//45 72//66 71//65
f 50//44 73//67 74//68 51//45
f 54//48 75//69 73//67 50//44
f 56//50 76//70 75//69 54//48
f 58//52 77//71 76//70 56//50
f 60//54 78//72 77//71 58//52
f 62//56 79//73 78//72 60//54
f 64//58 80//74 79//73 62//56
f 66//60 81//75 80//74 64//58
f 68//62 82//76 81//75 66//60
f 70//64 83//77 82//76 68//62
f 72//66 84//78 83//77 70//64
f 51//45 74//68 84//78 72//66
f 73//67 85//79 86//80 74//68
f 75//69 87//81 85//79 73//67
f 76//70 88//82 87//81 75//69
f 77//71 89//83 88//82 76//70
f 78//72 90//84 89//83 77//71
f 79//73 91//85 90//84 78//72
f 80//74 92//86 91//85 79//73
f 81//75 93//87 92//86 80//74
f 82//76 94//88 93//87 81//75
f 83//77 95//89 94//88 82//76
f 84//78 96//90 95//89 83//77
f 74//68 86//80 96//90 84//78
f 85//79 97//91 98//92 86//80
f 87//81 99//93 97//91 85//79
f 88//82 100//94 99//93 87//81
f 89//83 101//95 100//94 88//82
f 90//84 102//96 101//95 89//83
f 91//85 103//97 102//96 90//84
f 92//86 104//98 103//97 91//85
f 93//87 105//99 104//98 92//86
f 94//88 106//100 105//99 93//87
f 95//89 107//101 106//100 94//88
f 96//90 108//102 107//101 95//89
f 86//80 98//92 108//102 96//90
f 97//91 109//103 110//104 98//92
f 99//93 111//105 109//103 97//91
f 100//94 112//106 111//105 99//93
f 101//95 113//107 112//106 100//94
f 102//96 114//108 113//107 101//95
f 103//97 115//109 114//108 102//96
f 104//98 116//110 115//109 103//97
f 105//99 117//111 116//110 104//98
f 106//100 118//112 117//111 105//99
f 107//101 119//113 118//112 106//100
f 108//102 120//114 119//113 107//101
f 98//92 110//104 120//114 108//102
f 109//103 121//115 122//116 110//104
f 111//105 123//117 121//115 109//103
f 112//106 124//118 123//117 111//105
f 113//107 125//119 124//118 112//106
f 114//108 126//120 125//119 113//107
f 115//109 127//121 126//120 114//108
f 116//110 128//122 127//121 115//109
f 117//111 129//123 128//122 116//110
f 118//112 130//124 129//123 117//111
f 119//113 131//125 130//124 118//112
f 120//114 132//126 131//125 119//113
f 110//104 122//116 132//126 120//114
f 121//115 133//127 134//128 122//116
f 123//117 135//129 133//127 121//115
f 124//118 136//130 135//129 123//117
f 125//119 137//131 136//130 124//118
f 126//120 138//132 137//131 125//119
f 127//121 139//133 138//132 126//120
f 128//122 140//134 139//133 127//121
f 129//123 141//135 140//134 128//122
f 130//124 142//136 141//135 129//123
f 131//125 143//137 142//136 130//124
f 132//126 144//138 143//137 131//125
f 122//116 134//128 144//138 132//126
f 133//127 145//139 146//140 134//128
f 135//129 147//141 145//139 133//127
f 136//130 148//142 147//141 135//129
f 137//131 149//143 148//142 136//130
f 138//132 150//144 149//143 137//131
f 139//133 151//145 150//144 138//132
f 140//134 152//146 151//145 139//133
f 141//135 153//147 152//146 140//134
f 142//136 154//148 153//147 141//135
f 143//137 155//149 154//148 142//136
f 144//138 156//150 155//149 143//137
f 134//128 146//140 156//150 144//138
f 145//139 157//151 158//152 146//140
f 147//141 159//153 157//151 145//139
f 148//142 160//154 159//153 147//141
f 149//143 161//155 160//154 148//142
f 150//144 162//156 161//155 149//143
f 151//145 163//157 162//156 150//144
f 152//146 164//158 163//157 151//145
f 153//147 165//159 164//158 152//146
f 154//148 166//160 165//159 153//147
f 155//149 167//161 166//160 154//148
f 156//150 168//162 167//161 155//149
f 146//140 158//152 168//162 156//150
f 157//151 169//163 170//164 158//152
f 159//153 171//165 169//163 157//151
f 160//154 172//166 171//165 159//153
f 161//155 173//167 172//166 160//154
f 162//156 174//168 173//167 161//155
f 163//157 175//169 174//168 162//156
f 164//158 176//170 175//169 163//157
f 165//159 177//171 176//170 164//158
f 166//160 178//172 177//171 165//159
f 167//161 179//173 178//172 166//160
f 168//162 180//174 179//173 167//161
f 158//152 170//164 180//174 168//162
f 169//163 181//175 182//176 170//164
f 171//165 183//177 181//175 169//163
f 172//166 184//178 183//177 171//165
f 173//167 185//179 184//178 172//166
f 174//168 186//180 185//179 173//167
f 175//169 187//181 186//180 174//168
f 176//170 188//182 187//181 175//169
f 177//171 189//183 188//182 176//170
f 178//172 190//184 189//183 177//171
f 179//173 191//185 190//184 178//172
f 180//174 192//186 191//185 179//173
f 170//164 182//176 192//186 180//174
f 181//175 193//187 194//188 182//176
f 183//177 195//189 193//187 181//175
f 184//178 196//190 195//189 183//177
f 185//179 197//191 196//190 184//178
f 186//180 198//192 197//191 185//179
f 187//181 199//193 198//192 186//180
f 188//182 200//194 199//193 187//181
f 189//183 201//195 200//194 188//182
f 190//184 202//196 201//195 189//183
f 191//185 203//197 202//196 190//184
f 192//186 204//198 203//197 191//185
f 182//176 194//188 204//198 192//186
f 193//187 205//199 206//200 194//188
f 195//189 207//201 205//199 193//187
f 196//190 208//202 207//201 195//189
f 197//191 209//203 208//202 196//190
f 198//192 210//204 209//203 197//191
f 199//193 211//205 210//204 198//192
f 200//194 212//206 211//205 199//193
f 201//195 213//207 212//206 200//194
f 202//196 214//208 213//207 201//195
f 203//197 215//209 214//208 202//196
f 204//198 216//210 215//209 203//197
f 194//188 206//200 216//210 204//198
f 205//199 217//211 218//212 206//200
f 207//201 219//213 217//211 205//199
f 208//202 220//214 219//213 207//201
f 209//203 221//215 220//214 208//202
f 210//204 222//216 221//215 209//203
f 211//205 223//217 222//216 210//204
f 212//206 224//218 223//217 211//205
f 213//207 225//219 224//218 212//206
f 214//208 226//220 225//219 213//207
f 215//209 227//221 226//220 214//208
f 216//210 228//222 227//221 215//209
f 206//200 218//212 228//222 216//210
f 217//211 229//223 230//224 218//212
f 219//213 231//225 229//223 217//211
f 220//214 232//226 231//225 219//213
f 221//215 233//227 232//226 220//214
f 222//216 234//228 233//227 221//215
f 223//217 235//229 234//228 222//216
f 224//218 236//230 235//229 223//217
f 225//219 237//231 236//230 224//218
f 226//220 238//232 237//231 225//219
f 227//221 239//233 238//232 226//220
f 228//222 240//234 239//233 227//221
f 218//212 230//224 240//234 228//222
f 229//223 241//235 242//236 230//224
f 231//225 243//237 241//235 229//223
f 232//226 244//238 243//237 231//225
f 233//227 245//239 244//238 232//226
f 234//228 246//240 245//239 233//227
f 235//229 247//241 246//240 234//228
f 236//230 248//242 247//241 235//229
f 237//231 249//243 248//242 236//230
f 238//232 250//244 249//243 237//231
f 239//233 251//245 250//244 238//232
f 240//234 252//246 251//245 239//233
f 230//224 242//236 252//246 240//234
f 241//235 253//247 254//248 242//236
f 243//237 255//249 253//247 241//235
f 244//238 256//250 255//249 243//237
f 245//239 257//251 256//250 244//238
f 246//240 258//252 257//251 245//239
f 247//241 259//253 258//252 246//240
f 248//242 260//254 259//253 247//241
f 249//243 261//255 260//254 248//242
f 250//244 262//256 261//255 249//243
f 251//245 263//257 262//256 250//244
f 252//246 264//258 263//257 251//245
f 242//236 254//248 264//258 252//246
f 253//247 265//259 266//260 254//248
f 255//249 267//261 265//259 253//247
f 256//250 268//262 267//261 255//249
f 257//251 269//263 268//262 256//250
f 258//252 270//264 269//263 257//251
f 259//253 271//265 270//264 258//252
f 260//254 272//266 271//265 259//253
f 261//255 273//267 272//266 260//254
f 262//256 274//268 273//267 261//255
f 263//257 275//269 274//268 262//256
f 264//258 276//270 275//269 263//257
f 254//248 266//260 276//270 264//258
f 265//259 277//271 278//272 266//260
f 267//261 279//273 277//271 265//259
f 268//262 280//274 279//273 267//261
f 269//263 281//275 280//274 268//262
f 270//264 282//276 281//275 269//263
f 271//265 283//277 282//276 270//264
f 272//266 284//278 283//277 271//265
f 273//267 285//279 284//278 272//266
f 274//268 286//280 285//279 273//267
f 275//269 287//281 286//280 274//268
f 276//270 288//282 287//281 275//269
f 266//260 278//272 288//282 276//270
f 277//271 289//283 290//284 278//272
f 279//273 291//285 289//283 277//271
f 280//274 292//286 291//285 279//273
f 281//275 293//287 292//286 280//274
f 282//276 294//288 293//287 281//275
f 283//277 295//289 294//288 282//276
f 284//278 296//290 295//289 283//277
f 285//279 297//291 296//290 284//278
f 286//280 298//292 297//291 285//279
f 287//281 299//293 298//292 286//280
f 288//282 300//294 299//293 287//281
f 278//272 290//284 300//294 288//282
f 289//283 301//295 302//296 290//284
f 291//285 303//297 301//295 289//283
f 292//286 304//298 303//297 291//285
f 293//287 305//299 304//298 292//286
f 294//288 306//300 305//299 293//287
f 295//289 307//301 306//300 294//288
f 296//290 308//302 307//301 295//289
f 297//291 309//303 308//302 296//290
f 298//292 310//304 309//303 297//291
f 299//293 311//305 310//304 298//292
f 300//294 312//306 311//305 299//293
f 290//284 302//296 312//306 300//294
f 301//295 313//307 314//308 302//296
f 303//297 315//309 313//307 301//295
f 304//298 316//310 315//309 303//297
f 305//299 317//311 316//310 304//298
f 306//300 318//312 317//311 305//299
f 307//301 319//313 318//312 306//300
f 308//302 320//314 319//313 307//301
f 309//303 321//315 320//314 308//302
f 310//304 322//316 321//315 309//303
f 311//305 323//317 322//316 310//304
f 312//306 324//318 323//317 311//305
f 302//296 314//308 324//318 312//306
f 313//307 325//319 326//320 314//308
f 315//309 327//321 325//319 313//307
f 316//310 328//322 327//321 315//309
f 317//311 329//323 328//322 316//310
f 318//312 330//324 329//323 317//311
f 319//313 331//325 330//324 318//312
f 320//314 332//326 331//325 319//313
f 321//315 333//327 332//326 320//314
f 322//316 334//328 333//327 321//315
f 323//317 335//329 334//328 322//316
f 324//318 336//330 335//329 323//317
f 314//308 326//320 336//330 324//318
f 325//319 337//331 338//332 326//320
f 327//321 339//333 337//331 325//319
f 328//322 340//334 339//333 327//321
f 329//323 341//335 340//334 328//322
f 330//324 342//336 341//335 329//323
f 331//325 343//337 342//336 330//324
f 332//326 344//338 343//337 331//325
f 333//327 345//339 344//338 332//326
f 334//328 346//340 345//339 333//327
f 335//329 347//341 346//340 334//328
f 336//330 348//342 347//341 335//329
f 326//320 338//332 348//342 336//330
f 337//331 349//343 350//344 338//332
f 339//333 351//345 349//343 337//331
f 340//334 352//346 351//345 339//333
f 341//335 353//347 352//346 340//334
f 342//336 354//348 353//347 341//335
f 343//337 355//349 354//348 342//336
f 344//338 356//350 355//349 343//337
f 345//339 357//351 356//350 344//338
f 346//340 358//352 357//351 345//339
f 347//341 359//353 358//352 346//340
f 348//342 360//354 359//353 347//341
f 338//332 350//344 360//354 348//342
f 349//343 361//355 362//356 350//344
f 351//345 363//357 361//355 349//343
f 352//346 364//358 363//357 351//345
f 353//347 365//359 364//358 352//346
f 354//348 366//360 365//359 353//347
f 355//349 367//361 366//360 354//348
f 356//350 368//362 367//361 355//349
f 357//351 369//363 368//362 356//350
f 358//352 370//364 369//363 357//351
f 359//353 371//365 370//364 358//352
f 360//354 372//366 371//365 359//353
f 350//344 362//356 372//366 360//354
f 361//355 373//367 374//368 362//356
f 363//357 375//369 373//367 361//355
f 364//358 376//370 375//369 363//357
f 365//359 377//371 376//370 364//358
f 366//360 378//372 377//371 365//359
f 367//361 379//373 378//372 366//360
f 368//362 380//374 379//373 367//361
f 369//363 381//375 380//374 368//362
f 370//364 382//376 381//375 369//363
f 371//365 383//377 382//376 370//364
f 372//366 384//378 383//377 371//365
f 362//356 374//368 384//378 372//366
f 373//367 385//379 386//380 374//368
f 375//369 387//381 385//379 373//367
f 376//370 388//382 387//381 375//369
f 377//371 389//383 388//382 376//370
f 378//372 390//384 389//383 377//371
f 379//373 391//385 390//384 378//372
f 380//374 392//386 391//385 379//373
f 381//375 393//387 392//386 380//374
f 382//376 394//388 393//387 381//375
f 383//377 395//389 394//388 382//376
f 384//378 396//390 395//389 383//377
f 374//368 386//380 396//390 384//378
f 385//379 397//391 398//392 386//380
f 387//381 399//393 397//391 385//379
f 388//382 400//394 399//393 387//381
f 389//383 401//395 400//394 388//382
f 390//384 402//396 401//395 389//383
f 391//385 403//397 402//396 390//384
f 392//386 404//398 403//397 391//385
f 393//387 405//399 404//398 392//386
f 394//388 406//400 405//399 393//387
f 395//389 407//401 406//400 394//388
f 396//390 408//402 407//401 395//389
f 386//380 398//392 408//402 396//390
f 397//391 409//403 410//404 398//392
f 399//393 411//405 409//403 397//391
f 400//394 412//406 411//405 399//393
f 401//395 413//407 412//406 400//394
f 402//396 414//408 413//407 401//395
f 403//397 415//409 414//408 402//396
f 404//398 416//410 415//409 403//397
f 405//399 417//411 416//410 404//398
f 406//400 418//412 417//411 405//399
f 407//401 419//413 418//412 406//400
f 408//402 420//414 419//413 407//401
f 398//392 410//404 420//414 408//402
f 409//403 421//415 422//416 410//404
f 411//405 423//417 421//415 409//403
f 412//406 424//418 423//417 411//405
f 413//407 425//419 424//418 412//406
f 414//408 426//420 425//419 413//407
f 415//409 427//421 426//420 414//408
f 416//410 428//422 427//421 415//409
f 417//411 429//423 428//422 416//410
f 418//412 430//424 429//423 417//411
f 419//413 431//425 430//424 418//412
f 420//414 432//426 431//425 419//413
f 410//404 422//416 432//426 420//414
f 421//415 433//427 434//428 422//416
f 423//417 435//429 433//427 421//415
f 424//418 436//430 435//429 423//417
f 425//419 437//431 436//430 424//418
f 426//420 438//432 437//431 425//419
f 427//421 439//433 438//432 426//420
f 428//422 440//434 439//433 427//421
f 429//423 441//435 440//434 428//422
f 430//424 442//436 441//435 429//423
f 431//425 443//437 442//436 430//424
f 432//426 444//438 443//437 431//425
f 422//416 434//428 444//438 432//426
f 433//427 445//439 446//440 434//428
f 435//429 447//441 445//439 433//427
f 436//430 448//442 447//441 435//429
f 437//431 449//443 448//442 436//430
f 438//432 450//444 449//443 437//431
f 439//433 451//445 450//444 438//432
f 440//434 452//446 451//445 439//433
f 441//435 453//447 452//446 440//434
f 442//436 454//448 453//447 441//435
f 443//437 455//449 454//448 442//436
f 444//438 456//450 455//449 443//437
f 434//428 446//440 456//450 444//438
f 445//439 457//451 458//452 446//440
f 447//441 459//453 457//451 445//439
f 448//442 460//454 459//453 447//441
f 449//443 461//455 460//454 448//442
f 450//444 462//456 461//455 449//443
f 451//445 463//457 462//456 450//444
f 452//446 464//458 463//457 451//445
f 453//447 465//459 464//458 452//446
f 454//448 466//460 465//459 453//447
f 455//449 467//461 466//460 454//448
f 456//450 468//462 467//461 455//449
f 446//440 458//452 468//462 456//450
f 457//451 469//463 470//464 458//452
f 459//453 471//465 469//463 457//451
f 460//454 472//466 471//465 459//453
f 461//455 473//467 472//466 460//454
f 462//456 474//468 473//467 461//455
f 463//457 475//469 474//468 462//456
f 464//458 476//470 475//469 463//457
f 465//459 477//471 476//470 464//458
f 466//460 478//472 477//471 465//459
f 467//461 479//473 478//472 466//460
f 468//462 480//474 479//473 467//461
f 458//452 470//464 480//474 468//462
f 469//463 481//475 482//476 470//464
f 471//465 483//477 481//475 469//463
f 472//466 484//478 483//477 471//465
f 473//467 485//479 484//478 472//466
f 474//468 486//480 485//479 473//467
f 475//469 487//481 486//480 474//468
f 476//470 488//482 487//481 475//469
f 477//471 489//483 488//482 476//470
f 478//472 490//484 489//483 477//471
f 479//473 491//485 490//484 478//472
f 480//474 492//486 491//485 479//473
f 470//464 482//476 492//486 480//474
f 481//475 493//487 494//488 482//476
f 483//477 495//489 493//487 481//475
f 484//478 496//490 495//489 483//477
f 485//479 497//491 496//490 484//478
f 486//480 498//492 497//491 485//479
f 487//481 499//493 498//492 486//480
f 488//482 500//494 499//493 487//481
f 489//483 501//495 500//494 488//482
f 490//484 502//496 501//495 489//483
f 491//485 503//497 502//496 490//484
f 492//486 504//498 503//497 491//485
f 482//476 494//488 504//498 492//486
f 493//487 505//499 506//500 494//488
f 495//489 507//501 505//499 493//487
f 496//490 508//502 507//501 495//489
f 497//491 509//503 508//502 496//490
f 498//492 510//504 509//503 497//491
f 499//493 511//505 510//504 498//492
f 500//494 512//506 511//505 499//493
f 501//495 513//507 512//506 500//494
f 502//496 514//508 513//507 501//495
f 503//497 515//509 514//508 502//496
f 504//498 516//510 515//509 503//497
f 494//488 506//500 516//510 504//498
f 505//499 517//511 518//512 506//500
f 507//501 519//513 517//511 505//499
f 508//502 520//514 519//513 507//501
f 509//503 521//515 520//514 508//502
f 510//504 522//516 521//515 509//503
f 511//505 523//517 522//516 510//504
f 512//506 524//518 523//517 511//505
f 513//507 525//519 524//518 512//506
f 514//508 526//520 525//519 513//507
f 515//509 527//521 526//520 514//508
f 516//510 528//522 527//521 515//509
f 506//500 518//512 528//522 516//510
f 517//511 529//523 530//524 518//512
f 519//513 531//525 529//523 517//511
f 520//514 532//526 531//525 519//513
f 521//515 533//527 532//526 520//514
f 522//516 534//528 533//527 521//515
f 523//517 535//529 534//528 522//516
f 524//518 536//530 535//529 523//517
f 525//519 537//531 536//530 524//518
f 526//520 538//532 537//531 525//519
f 527//521 539//533 538//532 526//520
f 528//522 540//534 539//533 527//521
f 518//512 530//524 540//534 528//522
f 529//523 541//535 542//536 530//524
f 531//525 543//537 541//535 529//523
f 532//526 544//538 543//537 531//525
f 533//527 545//539 544//538 532//526
f 534//528 546//540 545//539 533//527
f 535//529 547//541 546//540 534//528
f 536//530 548//542 547//541 535//529
f 537//531 549//543 548//542 536//530
f 538//532 550//544 549//543 537//531
f 539//533 551//545 550//544 538//532
f 540//534 552//546 551//545 539//533
f 530//524 542//536 552//546 540//534
f 541//535 553//547 554//548 542//536
f 543//537 555//549 553//547 541//535
f 544//538 556//550 555//549 543//537
f 545//539 557//551 556//550 544//538
f 546//540 558//552 557//551 545//539
f 547//541 559//553 558//552 546//540
f 548//542 560//554 559//553 547//541
f 549//543 561//555 560//554 548//542
f 550//544 562//556 561//555 549//543
f 551//545 563//557 562//556 550//544
f 552//546 564//558 563//557 551//545
f 542//536 554//548 564//558 552//546
f 553//547 565//559 566//560 554//548
f 555//549 567//561 565//559 553//547
f 556//550 568//562 567//561 555//549
f 557//551 569//563 568//562 556//550
f 558//552 570//564 569//563 557//551
f 559//553 571//565 570//564 558//552
f 560//554 572//566 571//565 559//553
f 561//555 573//567 572//566 560//554
f 562//556 574//568 573//567 561//555
f 563//557 575//569 574//568 562//556
f 564//558 576//570 575//569 563//557
f 554//548 566//560 576//570 564//558
f 565//559 577//571 578//572 566//560
f 567//561 579//573 577//571 565//559
f 568//562 580//574 579//573 567//561
f 569//563 581//575 580//574 568//562
f 570//564 582//576 581//575 569//563
f 571//565 583//577 582//576 570//564
f 572//566 584//578 583//577 571//565
f 573//567 585//579 584//578 572//566
f 574//568 586//580 585//579 573//567
f 575//569 587//581 586//580 574//568
f 576//570 588//582 587//581 575//569
f 566//560 578//572 588//582 576//570
f 577//571 589//583 590//584 578//572
f 579//573 591//585 589//583 577//571
f 580//574 592//586 591//585 579//573
f 581//575 593//587 592//586 580//574
f 582//576 594//588 593//587 581//575
f 583//577 595//589 594//588 582//576
f 584//578 596//590 595//589 583//577
f 585//579 597//591 596//590 584//578
f 586//580 598//592 597//591 585//579
f 587//581 599//593 598//592 586//580
f 588//582 600//594 599//593 587//581
f 578//572 590//584 600//594 588//582
f 589//583 601//595 602//596 590//584
f 591//585 603//597 601//595 589//583
f 592//586 604//598 603//597 591//585
f 593//587 605//599 604//598 592//586
f 594//588 606//600 605//599 593//587
f 595//589 607//601 606//600 594//588
f 596//590 608//602 607//601 595//589
f 597//591 609//603 608//602 596//590
f 598//592 610//604 609//603 597//591
f 599//593 611//605 610//604 598//592
f 600//594 612//606 611//605 599//593
f 590//584 602//596 612//606 600//594
f 601//595 613//607 614//608 602//596
f 603//597 615//609 613//607 601//595
f 604//598 616//610 615//609 603//597
f 605//599 617//611 616//610 604//598
f 606//600 618//612 617//611 605//599
f 607//601 619//613 618//612 606//600
f 608//602 620//614 619//613 607//601
f 609//603 621//615 620//614 608//602
f 610//604 622//616 621//615 609//603
f 611//605 623//617 622//616 610//604
f 612//606 624//618 623//617 611//605
f 602//596 614//608 624//618 612//606
f 613//607 625//619 626//620 614//608
f 615//609 627//621 625//619 613//607
f 616//610 628//622 627//621 615//609
f 617//611 629//623 628//622 616//610
f 618//612 630//624 629//623 617//611
f 619//613 631//625 630//624 618//612
f 620//614 632//626 631//625 619//613
f 621//615 633//627 632//626 620//614
f 622//616 634//628 633//627 621//615
f 623//617 635//629 634//628 622//616
f 624//618 636//630 635//629 623//617
f 614//608 626//620 636//630 624//618
f 625//619 637//631 638//632 626//620
f 627//621 639//633 637//631 625//619
f 628//622 640//634 639//633 627//621
f 629//623 641//635 640//634 628//622
f 630//624 642//636 641//635 629//623
f 631//625 643//637 642//636 630//624
f 632//626 644//638 643//637 631//625
f 633//627 645//639 644//638 632//626
f 634//628 646//640 645//639 633//627
f 635//629 647//641 646//640 634//628
f 636//630 648//642 647//641 635//629
f 626//620 638//632 648//642 636//630
f 637//631 649//643 650//644 638//632
f 639//633 651//645 649//643 637//631
f 640//634 652//646 651//645 639//633
f 641//635 653//647 652//646 640//634
f 642//636 654//648 653//647 641//635
f 643//637 655//649 654//648 642//636
f 644//638 656//650 655//649 643//637
f 645//639 657//651 656//650 644//638
f 646//640 658//652 657//651 645//639
f 647//641 659//653 658//652 646//640
f 648//642 660//654 659//653 647//641
f 638//632 650//644 660//654 648//642
f 649//643 661//655 662//656 650//644
f 651//645 663//657 661//655 649//643
f 652//646 664//658 663//657 651//645
f 653//647 665//659 664//658 652//646
f 654//648 666//660 665//659 653//647
f 655//649 667//661 666//660 654//648
f 656//650 668//662 667//661 655//649
f 657//651 669//663 668//662 656//650
f 658//652 670//664 669//663 657//651
f 659//653 671//665 670//664 658//652
f 660//654 672//666 671//665 659//653
f 650//644 662//656 672//666 660//654
f 661//655 673//667 674//668 662//656
f 663//657 675//669 673//667 661//655
f 664//658 676//670 675//669 663//657
f 665//659 677//671 676//670 664//658
f 666//660 678//672 677//671 665//659
f 667//661 679//673 678//672 666//660
f 668//662 680//674 679//673 667//661
f 669//663 681//675 680//674 668//662
f 670//664 682//676 681//675 669//663
f 671//665 683//677 682//676 670//664
f 672//666 684//678 683//677 671//665
f 662//656 674//668 684//678 672//666
f 673//667 685//679 686//680 674//668
f 675//669 687//681 685//679 673//667
f 676//670 688//682 687//681 675//669
f 677//671 689//683 688//682 676//670
f 678//672 690//684 689//683 677//671
f 679//673 691//685 690//684 678//672
f 680//674 692//686 691//685 679//673
f 681//675 693//687 692//686 680//674
f 682//676 694//688 693//687 681//675
f 683//677 695//689 694//688 682//676
f 684//678 696//690 695//689 683//677
f 674//668 686//680 696//690 684//678
f 685//679 697//691 698//692 686//680
f 687//681 699//693 697//691 685//679
f 688//682 700//694 699//693 687//681
f 689//683 701//695 700//694 688//682
f 690//684 702//696 701//695 689//683
f 691//685 703//697 702//696 690//684
f 692//686 704//698 703//697 691//685
f 693//687 705//699 704//698 692//686
f 694//688 706//700 705//699 693//687
f 695//689 707//701 706//700 694//688
f 696//690 708//702 707//701 695//689
f 686//680 698//692 708//702 696//690
f 697//691 709//703 710//704 698//692
f 699//693 711//705 709//703 697//691
f 700//694 712//706 711//705 699//693
f 701//695 713//707 712//706 700//694
f 702//696 714//708 713//707 701//695
f 703//697 715//709 714//708 702//696
f 704//698 716//710 715//709 703//697
f 705//699 717//711 716//710 704//698
f 706//700 718//712 717//711 705//699
f 707//701 719//713 718//712 706//700
f 708//702 720//714 719//713 707//701
f 698//692 710//704 720//714 708//702
f 709//703 721//715 722//716 710//704
f 711//705 723//717 721//715 709//703
f 712//706 724//718 723//717 711//705
f 713//707 725//719 724//718 712//706
f 714//708 726//720 725//719 713//707
f 715//709 727//721 726//720 714//708
f 716//710 728//722 727//721 715//709
f 717//711 729//723 728//722 716//710
f 718//712 730//724 729//723 717//711
f 719//713 731//725 730//724 718//712
f 720//714 732//726 731//725 719//713
f 710//704 722//716 732//726 720//714
f 721//715 733//727 734//728 722//716
f 723//717 735//729 733//727 721//715
f 724//718 736//730 735//729 723//717
f 725//719 737//731 736//730 724//718
f 726//720 738//732 737//731 725//719
f 727//721 739//733 738//732 726//720
f 728//722 740//734 739//733 727//721
f 729//723 741//735 740//734 728//722
f 730//724 742//736 741//735 729//723
f 731//725 743//737 742//736 730//724
f 732//726 744//738 743//737 731//725
f 722//716 734//728 744//738 732//726
f 733//727 745//739 746//740 734//728
f 735//729 747//741 745//739 733//727
f 736//730 748//742 747//741 735//729
f 737//731 749//743 748//742 736//730
f 738//732 750//744 749//743 737//731
f 739//733 751//745 750//744 738//732
f 740//734 752//746 751//745 739//733
f 741//735 753//747 752//746 740//734
f 742//736 754//748 753//747 741//735
f 743//737 755//749 754//748 742//736
f 744//738 756//750 755//749 743//737
f 734//728 746//740 756//750 744//738
f 745//739 757//751 758//752 746//740
f 747//741 759//753 757//751 745//739
f 748//742 760//754 759//753 747//741
f 749//743 761//755 760//754 748//742
f 750//744 762//756 761//755 749//743
f 751//745 763//757 762//756 750//744
f 752//746 764//758 763//757 751//745
f 753//747 765//759 764//758 752//746
f 754//748 766//760 765//759 753//747
f 755//749 767//761 766//760 754//748
f 756//750 768//762 767//761 755//749
f 746//740 758//752 768//762 756//750
f 757//751 769//763 770//764 758//752
f 759//753 771//765 769//763 757//751
f 760//754 772//766 771//765 759//753
f 761//755 773//767 772//766 760//754
f 762//756 774//768 773//767 761//755
f 763//757 775//769 774//768 762//756
f 764//758 776//770 775//769 763//757
f 765//759 777//771 776//770 764//758
f 766//760 778//772 777//771 765//759
f 767//761 779//773 778//772 766//760
f 768//762 780//774 779//773 767//761
f 758//752 770//764 780//774 768//762
f 769//763 781//775 782//776 770//764
f 771//765 783//777 781//775 769//763
f 772//766 784//778 783//777 771//765
f 773//767 785//779 784//778 772//766
f 774//768 786//780 785//779 773//767
f 775//769 787//781 786//780 774//768
f 776//770 788//782 787//781 775//769
f 777//771 789//783 788//782 776//770
f 778//772 790//784 789//783 777//771
f 779//773 791//785 790//784 778//772
f 780//774 792//786 791//785 779//773
f 770//764 782//776 792//786 780//774
f 781//775 793//787 794//788 782//776
f 783//777 795//789 793//787 781//775
f 784//778 796//790 795//789 783//777
f 785//779 797//791 796//790 784//778
f 786//780 798//792 797//791 785//779
f 787//781 799//793 798//792 786//780
f 788//782 800//794 799//793 787//781
f 789//783 801//795 800//794 788//782
f 790//784 802//796 801//795 789//783
f 791//785 803//797 802//796 790//784
f 792//786 804//798 803//797 791//785
f 782//776 794//788 804//798 792//786
f 793//787 805//799 806//800 794//788
f 795//789 807//801 805//799 793//787
f 796//790 808//802 807//801 795//789
f 797//791 809//803 808//802 796//790
f 798//792 810//804 809//803 797//791
f 799//793 811//805 810//804 798//792
f 800//794 812//806 811//805 799//793
f 801//795 813//807 812//806 800//794
f 802//796 814//808 813//807 801//795
f 803//797 815//809 814//808 802//796
f 804//798 816//810 815//809 803//797
f 794//788 806//800 816//810 804//798
f 805//799 817//811 818//812 806//800
f 807//801 819//813 817//811 805//799
f 808//802 820//814 819//813 807//801
f 809//803 821//815 820//814 808//802
f 810//804 822//816 821//815 809//803
f 811//805 823//817 822//816 810//804
f 812//806 824//818 823//817 811//805
f 813//807 825//819 824//818 812//806
f 814//808 826//820 825//819 813//807
f 815//809 827//821 826//820 814//808
f 816//810 828//822 827//821 815//809
f 806//800 818//812 828//822 816//810
f 817//811 829//823 830//824 818//812
f 819//813 831//825 829//823 817//811
f 820//814 832//826 831//825 819//813
f 821//815 833//827 832//826 820//814
f 822//816 834//828 833//827 821//815
f 823//817 835//829 834//828 822//816
f 824//818 836//830 835//829 823//817
f 825//819 837//831 836//830 824//818
f 826//820 838//832 837//831 825//819
f 827//821 839//833 838//832 826//820
f 828//822 840//834 839//833 827//821
f 818//812 830//824 840//834 828//822
f 829//823 841//835 842//836 830//824
f 831//825 843//837 841//835 829//823
f 832//826 844//838 843//837 831//825
f 833//827 845//839 844//838 832//826
f 834//828 846//840 845//839 833//827
f 835//829 847//841 846//840 834//828
f 836//830 848//842 847//841 835//829
f 837//831 849//843 848//842 836//830
f 838//832 850//844 849//843 837//831
f 839//833 851//845 850//844 838//832
f 840//834 852//846 851//845 839//833
f 830//824 842//836 852//846 840//834
f 841//835 853//847 854//848 842//836
f 843//837 855//849 853//847 841//835
f 844//838 856//850 855//849 843//837
f 845//839 857//851 856//850 844//838
f 846//840 858//852 857//851 845//839
f 847//841 859//853 858//852 846//840
f 848//842 860//854 859//853 847//841
f 849//843 861//855 860//854 848//842
f 850//844 862//856 861//855 849//843
f 851//845 863//857 862//856 850//844
f 852//846 864//858 863//857 851//845
f 842//836 854//848 864//858 852//846
f 853//847 865//859 866//860 854//848
f 855//849 867//861 865//859 853//847
f 856//850 868//862 867//861 855//849
f 857//851 869//863 868//862 856//850
f 858//852 870//864 869//863 857//851
f 859//853 871//865 870//864 858//852
f 860//854 872//866 871//865 859//853
f 861//855 873//867 872//866 860//854
f 862//856 874//868 873//867 861//855
f 863//857 875//869 874//868 862//856
f 864//858 876//870 875//869 863//857
f 854//848 866//860 876//870 864//858
f 865//859 877//871 878//872 866//860
f 867//861 879//873 877//871 865//859
f 868//862 880//874 879//873 867//861
f 869//863 881//875 880//874 868//862
f 870//864 882//876 881//875 869//863
f 871//865 883//877 882//876 870//864
f 872//866 884//878 883//877 871//865
f 873//867 885//879 884//878 872//866
f 874//868 886//880 885//879 873//867
f 875//869 887//881 886//880 874//868
f 876//870 888//882 887//881 875//869
f 866//860 878//872 888//882 876//870
f 877//871 889//883 890//884 878//872
f 879//873 891//885 889//883 877//871
f 880//874 892//886 891//885 879//873
f 881//875 893//887 892//886 880//874
f 882//876 894//888 893//887 881//875
f 883//877 895//889 894//888 882//876
f 884//878 896//890 895//889 883//877
f 885//879 897//891 896//890 884//878
f 886//880 898//892 897//891 885//879
f 887//881 899//893 898//892 886//880
f 888//882 900//894 899//893 887//881
f 878//872 890//884 900//894 888//882
f 889//883 901//895 902//896 890//884
f 891//885 903//897 901//895 889//883
f 892//886 904//898 903//897 891//885
f 893//887 905//899 904//898 892//886
f 894//888 906//900 905//899 893//887
f 895//889 907//901 906//900 894//888
f 896//890 908//902 907//901 895//889
f 897//891 909//903 908//902 896//890
f 898//892 910//904 909//903 897//891
f 899//893 911//905 910//904 898//892
f 900//894 912//906 911//905 899//893
f 890//884 902//896 912//906 900//894
f 901//895 913//907 914//908 902//896
f 903//897 915//909 913//907 901//895
f 904//898 916//910 915//909 903//897
f 905//899 917//911 916//910 904//898
f 906//900 918//912 917//911 905//899
f 907//901 919//913 918//912 906//900
f 908//902 920//914 919//913 907//901
f 909//903 921//915 920//914 908//902
f 910//904 922//916 921//915 909//903
f 911//905 923//917 922//916 910//904
f 912//906 924//918 923//917 911//905
f 902//896 914//908 924//918 912//906
f 913//907 925//919 926//920 914//908
f 915//909 927//921 925//919 913//907
f 916//910 928//922 927//921 915//909
f 917//911 929//923 928//922 916//910
f 918//912 930//924 929//923 917//911
f 919//913 931//925 930//924 918//912
f 920//914 932//926 931//925 919//913
f 921//915 933//927 932//926 920//914
f 922//916 934//928 933//927 921//915
f 923//917 935//929 934//928 922//916
f 924//918 936//930 935//929 923//917
f 914//908 926//920 936//930 924//918
f 925//919 937//931 938//932 926//920
f 927//921 939//933 937//931 925//919
f 928//922 940//934 939//933 927//921
f 929//923 941//935 940//934 928//922
f 930//924 942//936 941//935 929//923
f 931//925 943//937 942//936 930//924
f 932//926 944//938 943//937 931//925
f 933//927 945//939 944//938 932//926
f 934//928 946//940 945//939 933//927
f 935//929 947//941 946//940 934//928
f 936//930 948//942 947//941 935//929
f 926//920 938//932 948//942 936//930
f 937//931 949//943 950//944 938//932
f 939//933 951//945 949//943 937//931
f 940//934 952//946 951//945 939//933
f 941//935 953//947 952//946 940//934
f 942//936 954//948 953//947 941//935
f 943//937 955//949 954//948 942//936
f 944//938 956//950 955//949 943//937
f 945//939 957//951 956//950 944//938
f 946//940 958//952 957//951 945//939
f 947//941 959//953 958//952 946//940
f 948//942 960//954 959//953 947//941
f 938//932 950//944 960//954 948//942
f 949//943 961//955 962//956 950//944
f 951//945 963//957 961//955 949//943
f 952//946 964//958 963//957 951//945
f 953//947 965//959 964//958 952//946
f 954//948 966//960 965//959 953//947
f 955//949 967//961 966//960 954//948
f 956//950 968//962 967//961 955//949
f 957//951 969//963 968//962 956//950
f 958//952 970//964 969//963 957//951
f 959//953 971//965 970//964 958//952
f 960//954 972//966 971//965 959//953
f 950//944 962//956 972//966 960//954
f 961//955 973//967 974//968 962//956
f 963//957 975//969 973//967 961//955
f 964//958 976//970 975//969 963//957
f 965//959 977//971 976//970 964//958
f 966//960 978//972 977//971 965//959
f 967//961 979//973 978//972 966//960
f 968//962 980//974 979//973 967//961
f 969//963 981//975 980//974 968//962
f 970//964 982//976 981//975 969//963
f 971//965 983//977 982//976 970//964
f 972//966 984//978 983//977 971//965
f 962//956 974//968 984//978 972//966
f 973//967 985//979 986//980 974//968
f 975//969 987//981 985//979 973//967
f 976//970 988//982 987//981 975//969
f 977//971 989//983 988//982 976//970
f 978//972 990//984 989//983 977//971
f 979//973 991//985 990//984 978//972
f 980//974 992//986 991//985 979//973
f 981//975 993//987 992//986 980//974
f 982//976 994//988 993//987 981//975
f 983//977 995//989 994//988 982//976
f 984//978 996//990 995//989 983//977
f 974//968 986//980 996//990 984//978
f 985//979 997//991 998//992 986//980
f 987//981 999//993 997//991 985//979
f 988//982 1000//994 999//993 987//981
f 989//983 1001//995 1000//994 988//982
f 990//984 1002//996 1001//995 989//983
f 991//985 1003//997 1002//996 990//984
f 992//986 1004//998 1003//997 991//985
f 993//987 1005//999 1004//998 992//986
f 994//988 1006//1000 1005//999 993//987
f 995//989 1007//1001 1006//1000 994//988
f 996//990 1008//1002 1007//1001 995//989
f 986//980 998//992 1008//1002 996//990
f 997//991 1009//1003 1010//1004 998//992
f 999//993 1011//1005 1009//1003 997//991
f 1000//994 1012//1006 1011//1005 999//993
f 1001//995 1013//1007 1012//1006 1000//994
f 1002//996 1014//1008 1013//1007 1001//995
f 1003//997 1015//1009 1014//1008 1002//996
f 1004//998 1016//1010 1015//1009 1003//997
f 1005//999 1017//1011 1016//1010 1004//998
f 1006//1000 1018//1012 1017//1011 1005//999
f 1007//1001 1019//1013 1018//1012 1006//1000
f 1008//1002 1020//1014 1019//1013 1007//1001
f 998//992 1010//1004 1020//1014 1008//1002
f 1009//1003 1021//1015 1022//1016 1010//1004
f 1011//1005 1023//1017 1021//1015 1009//1003
f 1012//1006 1024//1018 1023//1017 1011//1005
f 1013//1007 1025//1019 1024//1018 1012//1006
f 1014//1008 1026//1020 1025//1019 1013//1007
f 1015//1009 1027//1021 1026//1020 1014//1008
f 1016//1010 1028//1022 1027//1021 1015//1009
f 1017//1011 1029//1023 1028//1022 1016//1010
f 1018//1012 1030//1024 1029//1023 1017//1011
f 1019//1013 1031//1025 1030//1024 1018//1012
f 1020//1014 1032//1026 1031//1025 1019//1013
f 1010//1004 1022//1016 1032//1026 1020//1014
f 1021//1015 1033//1027 1034//1028 1022//1016
f 1023//1017 1035//1029 1033//1027 1021//1015
f 1024//1018 1036//1030 1035//1029 1023//1017
f 1025//1019 1037//1031 1036//1030 1024//1018
f 1026//1020 1038//1032 1037//1031 1025//1019
f 1027//1021 1039//1033 1038//1032 1026//1020
f 1028//1022 1040//1034 1039//1033 1027//1021
f 1029//1023 1041//1035 1040//1034 1028//1022
f 1030//1024 1042//1036 1041//1035 1029//1023
f 1031//1025 1043//1037 1042//1036 1030//1024
f 1032//1026 1044//1038 1043//1037 1031//1025
f 1022//1016 1034//1028 1044//1038 1032//1026
f 1033//1027 1045//1039 1046//1040 1034//1028
f 1035//1029 1047//1041 1045//1039 1033//1027
f 1036//1030 1048//1042 1047//1041 1035//1029
f 1037//1031 1049//1043 1048//1042 1036//1030
f 1038//1032 1050//1044 1049//1043 1037//1031
f 1039//1033 1051//1045 1050//1044 1038//1032
f 1040//1034 1052//1046 1051//1045 1039//1033
f 1041//1035 1053//1047 1052//1046 1040//1034
f 1042//1036 1054//1048 1053//1047 1041//1035
f 1043//1037 1055//1049 1054//1048 1042//1036
f 1044//1038 1056//1050 1055//1049 1043//1037
f 1034//1028 1046//1040 1056//1050 1044//1038
f 1045//1039 1057//1051 1058//1052 1046//1040
f 1047//1041 1059//1053 1057//1051 1045//1039
f 1048//1042 1060//1054 1059//1053 1047//1041
f 1049//1043 1061//1055 1060//1054 1048//1042
f 1050//1044 1062//1056 1061//1055 1049//1043
f 1051//1045 1063//1057 1062//1056 1050//1044
f 1052//1046 1064//1058 1063//1057 1051//1045
f 1053//1047 1065//1059 1064//1058 1052//1046
f 1054//1048 1066//1060 1065//1059 1053//1047
f 1055//1049 1067//1061 1066//1060 1054//1048
f 1056//1050 1068//1062 1067//1061 1055//1049
f 1046//1040 1058//1052 1068//1062 1056//1050
f 1069//1063 1070//1064 1071//1065 1072//1066
f 1073//1067 1074//1068 1070//1064 1069//1063
f 1075//1069 1076//1070 1074//1068 1073//1067
f 1077//1071 1078//1072 1076//1070 1075//1069
f 1079//1073 1080//1074 1078//1072 1077//1071
f 1081//1075 1082//1076 1080//1074 1079//1073
f 1083//1077 1084//1078 1082//1076 1081//1075
f 1085//1079 1086//1080 1084//1078 1083//1077
f 1087//1081 1088//1082 1086//1080 1085//1079
f 1089//1083 1090//1084 1088//1082 1087//1081
f 1091//1085 1092//1086 1090//1084 1089//1083
f 1072//1066 1071//1065 1092//1086 1091//1085
f 1070//1064 1093//1087 1094//1088 1071//1065
f 1074//1068 1095//1089 1093//1087 1070//1064
f 1076//1070 1096//1090 1095//1089 1074//1068
f 1078//1072 1097//1091 1096//1090 1076//1070
f 1080//1074 1098//1092 1097//1091 1078//1072
f 1082//1076 1099//1093 1098//1092 1080//1074
f 1084//1078 1100//1094 1099//1093 1082//1076
f 1086//1080 1101//1095 1100//1094 1084//1078
f 1088//1082 1102//1096 1101//1095 1086//1080
f 1090//1084 1103//1097 1102//1096 1088//1082
f 1092//1086 1104//1098 1103//1097 1090//1084
f 1071//1065 1094//1088 1104//1098 1092//1086
f 1093//1087 1105//1099 1106//1100 1094//1088
f 1095//1089 1107//1101 1105//1099 1093//1087
f 1096//1090 1108//1102 1107//1101 1095//1089
f 1097//1091 1109//1103 1108//1102 1096//1090
f 1098//1092 1110//1104 1109//1103 1097//1091
f 1099//1093 1111//1105 1110//1104 1098//1092
f 1100//1094 1112//1106 1111//1105 1099//1093
f 1101//1095 1113//1107 1112//1106 1100//1094
f 1102//1096 1114//1108 1113//1107 1101//1095
f 1103//1097 1115//1109 1114//1108 1102//1096
f 1104//1098 1116//1110 1115//1109 1103//1097
f 1094//1088 1106//1100 1116//1110 1104//1098
f 1105//1099 1117//1111 1118//1112 1106//1100
f 1107//1101 1119//1113 1117//1111 1105//1099
f 1108//1102 1120//1114 1119//1113 1107//1101
f 1109//1103 1121//1115 1120//1114 1108//1102
f 1110//1104 1122//1116 1121//1115 1109//1103
f 1111//1105 1123//1117 1122//1116 1110//1104
f 1112//1106 1124//1118 1123//1117 1111//1105
f 1113//1107 1125//1119 1124//1118 1112//1106
f 1114//1108 1126//1120 1125//1119 1113//1107
f 1115//1109 1127//1121 1126//1120 1114//1108
f 1116//1110 1128//1122 1127//1121 1115//1109
f 1106//1100 1118//1112 1128//1122 1116//1110
f 1117//1111 1129//1123 1130//1124 1118//1112
f 1119//1113 1131//1125 1129//1123 1117//1111
f 1120//1114 1132//1126 1131//1125 1119//1113
f 1121//1115 1133//1127 1132//1126 1120//1114
f 1122//1116 1134//1128 1133//1127 1121//1115
f 1123//1117 1135//1129 1134//1128 1122//1116
f 1124//1118 1136//1130 1135//1129 1123//1117
f 1125//1119 1137//1131 1136//1130 1124//1118
f 1126//1120 1138//1132 1137//1131 1125//1119
f 1127//1121 1139//1133 1138//1132 1126//1120
f 1128//1122 1140//1134 1139//1133 1127//1121
f 1118//1112 1130//1124 1140//1134 1128//1122
f 1129//1123 1141//1135 1142//1136 1130//1124
f 1131//1125 1143//1137 1141//1135 1129//1123
f 1132//1126 1144//1138 1143//1137 1131//1125
f 1133//1127 1145//1139 1144//1138 1132//1126
f 1134//1128 1146//1140 1145//1139 1133//1127
f 1135//1129 1147//1141 1146//1140 1134//1128
f 1136//1130 1148//1142 1147//1141 1135//1129
f 1137//1131 1149//1143 1148//1142 1136//1130
f 1138//1132 1150//1144 1149//1143 1137//1131
f 1139//1133 1151//1145 1150//1144 1138//1132
f 1140//1134 1152//1146 1151//1145 1139//1133
f 1130//1124 1142//1136 1152//1146 1140//1134
f 1141//1135 1153//1147 1154//1148 1142//1136
f 1143//1137 1155//1149 1153//1147 1141//1135
f 1144//1138 1156//1150 1155//1149 1143//1137
f 1145//1139 1157//1151 1156//1150 1144//1138
f 1146//1140 1158//1152 1157//1151 1145//1139
f 1147//1141 1159//1153 1158//1152 1146//1140
f 1148//1142 1160//1154 1159//1153 1147//1141
f 1149//1143 1161//1155 1160//1154 1148//1142
f 1150//1144 1162//1156 1161//1155 1149//1143
f 1151//1145 1163//1157 1162//1156 1150//1144
f 1152//1146 1164//1158 1163//1157 1151//1145
f 1142//1136 1154//1148 1164//1158 1152//1146
f 1153//1147 1165//1159 1166//1160 1154//1148
f 1155//1149 1167//1161 1165//1159 1153//1147
f 1156//1150 1168//1162 1167//1161 1155//1149
f 1157//1151 1169//1163 1168//1162 1156//1150
f 1158//1152 1170//1164 1169//1163 1157//1151
f 1159//1153 1171//1165 1170//1164 1158//1152
f 1160//1154 1172//1166 1171//1165 1159//1153
f 1161//1155 1173//1167 1172//1166 1160//1154
f 1162//1156 1174//1168 1173//1167 1161//1155
f 1163//1157 1175//1169 1174//1168 1162//1156
f 1164//1158 1176//1170 1175//1169 1163//1157
f 1154//1148 1166//1160 1176//1170 1164//1158
f 1165//1159 1177//1171 1178//1172 1166//1160
f 1167//1161 1179//1173 1177//1171 1165//1159
f 1168//1162 1180//1174 1179//1173 1167//1161
f 1169//1163 1181//1175 1180//1174 1168//1162
f 1170//1164 1182//1176 1181//1175 1169//1163
f 1171//1165 1183//1177 1182//1176 1170//1164
f 1172//1166 1184//1178 1183//1177 1171//1165
f 1173//1167 1185//1179 1184//1178 1172//1166
f 1174//1168 1186//1180 1185//1179 1173//1167
f 1175//1169 1187//1181 1186//1180 1174//1168
f 1176//1170 1188//1182 1187//1181 1175//1169
f 1166//1160 1178//1172 1188//1182 1176//1170
f 1177//1171 1189//1183 1190//1184 1178//1172
f 1179//1173 1191//1185 1189//1183 1177//1171
f 1180//1174 1192//1186 1191//1185 1179//1173
f 1181//1175 1193//1187 1192//1186 1180//1174
f 1182//1176 1194//1188 1193//1187 1181//1175
f 1183//1177 1195//1189 1194//1188 1182//1176
f 1184//1178 1196//1190 1195//1189 1183//1177
f 1185//1179 1197//1191 1196//1190 1184//1178
f 1186//1180 1198//1192 1197//1191 1185//1179
f 1187//1181 1199//1193 1198//1192 1186//1180
f 1188//1182 1200//1194 1199//1193 1187//1181
f 1178//1172 1190//1184 1200//1194 1188//1182
f 1189//1183 1201//1195 1202//1196 1190//1184
f 1191//1185 1203//1197 1201//1195 1189//1183
f 1192//1186 1204//1198 1203//1197 1191//1185
f 1193//1187 1205//1199 1204//1198 1192//1186
f 1194//1188 1206//1200 1205//1199 1193//1187
f 1195//1189 1207//1201 1206//1200 1194//1188
f 1196//1190 1208//1202 1207//1201 1195//1189
f 1197//1191 1209//1203 1208//1202 1196//1190
f 1198//1192 1210//1204 1209//1203 1197//1191
f 1199//1193 1211//1205 1210//1204 1198//1192
f 1200//1194 1212//1206 1211//1205 1199//1193
f 1190//1184 1202//1196 1212//1206 1200//1194
f 1201//1195 1213//1207 1214//1208 1202//1196
f 1203//1197 1215//1209 1213//1207 1201//1195
f 1204//1198 1216//1210 1215//1209 1203//1197
f 1205//1199 1217//1211 1216//1210 1204//1198
f 1206//1200 1218//1212 1217//1211 1205//1199
f 1207//1201 1219//1213 1218//1212 1206//1200
f 1208//1202 1220//1214 1219//1213 1207//1201
f 1209//1203 1221//1215 1220//1214 1208//1202
f 1210//1204 1222//1216 1221//1215 1209//1203
f 1211//1205 1223//1217 1222//1216 1210//1204
f 1212//1206 1224//1218 1223//1217 1211//1205
f 1202//1196 1214//1208 1224//1218 1212//1206
f 1213//1207 1225//1219 1226//1220 1214//1208
f 1215//1209 1227//1221 1225//1219 1213//1207
f 1216//1210 1228//1222 1227//1221 1215//1209
f 1217//1211 1229//1223 1228//1222 1216//1210
f 1218//1212 1230//1224 1229//1223 1217//1211
f 1219//1213 1231//1225 1230//1224 1218//1212
f 1220//1214 1232//1226 1231//1225 1219//1213
f 1221//1215 1233//1227 1232//1226 1220//1214
f 1222//1216 1234//1228 1233//1227 1221//1215
f 1223//1217 1235//1229 1234//1228 1222//1216
f 1224//1218 1236//1230 1235//1229 1223//1217
f 1214//1208 1226//1220 1236//1230 1224//1218
f 1225//1219 1237//1231 1238//1232 1226//1220
f 1227//1221 1239//1233 1237//1231 1225//1219
f 1228//1222 1240//1234 1239//1233 1227//1221
f 1229//1223 1241//1235 1240//1234 1228//1222
f 1230//1224 1242//1236 1241//1235 1229//1223
f 1231//1225 1243//1237 1242//1236 1230//1224
f 1232//1226 1244//1238 1243//1237 1231//1225
f 1233//1227 1245//1239 1244//1238 1232//1226
f 1234//1228 1246//1240 1245//1239 1233//1227
f 1235//1229 1247//1241 1246//1240 1234//1228
f 1236//1230 1248//1242 1247//1241 1235//1229
f 1226//1220 1238//1232 1248//1242 1236//1230
f 1237//1231 1249//1243 1250//1244 1238//1232
f 1239//1233 1251//1245 1249//1243 1237//1231
f 1240//1234 1252//1246 1251//1245 1239//1233
f 1241//1235 1253//1247 1252//1246 1240//1234
f 1242//1236 1254//1248 1253//1247 1241//1235
f 1243//1237 1255//1249 1254//1248 1242//1236
f 1244//1238 1256//1250 1255//1249 1243//1237
f 1245//1239 1257//1251 1256//1250 1244//1238
f 1246//1240 1258//1252 1257//1251 1245//1239
f 1247//1241 1259//1253 1258//1252 1246//1240
f 1248//1242 1260//1254 1259//1253 1247//1241
f 1238//1232 1250//1244 1260//1254 1248//1242
f 1249//1243 1261//1255 1262//1256 1250//1244
f 1251//1245 1263//1257 1261//1255 1249//1243
f 1252//1246 1264//1258 1263//1257 1251//1245
f 1253//1247 1265//1259 1264//1258 1252//1246
f 1254//1248 1266//1260 1265//1259 1253//1247
f 1255//1249 1267//1261 1266//1260 1254//1248
f 1256//1250 1268//1262 1267//1261 1255//1249
f 1257//1251 1269//1263 1268//1262 1256//1250
f 1258//1252 1270//1264 1269//1263 1257//1251
f 1259//1253 1271//1265 1270//1264 1258//1252
f 1260//1254 1272//1266 1271//1265 1259//1253
f 1250//1244 1262//1256 1272//1266 1260//1254
f 1261//1255 1273//1267 1274//1268 1262//1256
f 1263//1257 1275//1269 1273//1267 1261//1255
f 1264//1258 1276//1270 1275//1269 1263//1257
f 1265//1259 1277//1271 1276//1270 1264//1258
f 1266//1260 1278//1272 1277//1271 1265//1259
f 1267//1261 1279//1273 1278//1272 1266//1260
f 1268//1262 1280//1274 1279//1273 1267//1261
f 1269//1263 1281//1275 1280//1274 1268//1262
f 1270//1264 1282//1276 1281//1275 1269//1263
f 1271//1265 1283//1277 1282//1276 1270//1264
f 1272//1266 1284//1278 1283//1277 1271//1265
f 1262//1256 1274//1268 1284//1278 1272//1266
f 1273//1267 1285//1279 1286//1280 1274//1268
f 1275//1269 1287//1281 1285//1279 1273//1267
f 1276//1270 1288//1282 1287//1281 1275//1269
f 1277//1271 1289//1283 1288//1282 1276//1270
f 1278//1272 1290//1284 1289//1283 1277//1271
f 1279//1273 1291//1285 1290//1284 1278//1272
f 1280//1274 1292//1286 1291//1285 1279//1273
f 1281//1275 1293//1287 1292//1286 1280//1274
f 1282//1276 1294//1288 1293//1287 1281//1275
f 1283//1277 1295//1289 1294//1288 1282//1276
f 1284//1278 1296//1290 1295//1289 1283//1277
f 1274//1268 1286//1280 1296//1290 1284//1278
f 1285//1279 1297//1291 1298//1292 1286//1280
f 1287//1281 1299//1293 1297//1291 1285//1279
f 1288//1282 1300//1294 1299//1293 1287//1281
f 1289//1283 1301//1295 1300//1294 1288//1282
f 1290//1284 1302//1296 1301//1295 1289//1283
f 1291//1285 1303//1297 1302//1296 1290//1284
f 1292//1286 1304//1298 1303//1297 1291//1285
f 1293//1287 1305//1299 1304//1298 1292//1286
f 1294//1288 1306//1300 1305//1299 1293//1287
f 1295//1289 1307//1301 1306//1300 1294//1288
f 1296//1290 1308//1302 1307//1301 1295//1289
f 1286//1280 1298//1292 1308//1302 1296//1290
f 1297//1291 1309//1303 1310//1304 1298//1292
f 1299//1293 1311//1305 1309//1303 1297//1291
f 1300//1294 1312//1306 1311//1305 1299//1293
f 1301//1295 1313//1307 1312//1306 1300//1294
f 1302//1296 1314//1308 1313//1307 1301//1295
f 1303//1297 1315//1309 1314//1308 1302//1296
f 1304//1298 1316//1310 1315//1309 1303//1297
f 1305//1299 1317//1311 1316//1310 1304//1298
f 1306//1300 1318//1312 1317//1311 1305//1299
f 1307//1301 1319//1313 1318//1312 1306//1300
f 1308//1302 1320//1314 1319//1313 1307//1301
f 1298//1292 1310//1304 1320//1314 1308//1302
f 1309//1303 1321//1315 1322//1316 1310//1304
f 1311//1305 1323//1317 1321//1315 1309//1303
f 1312//1306 1324//1318 1323//1317 1311//1305
f 1313//1307 1325//1319 1324//1318 1312//1306
f 1314//1308 1326//1320 1325//1319 1313//1307
f 1315//1309 1327//1321 1326//1320 1314//1308
f 1316//1310 1328//1322 1327//1321 1315//1309
f 1317//1311 1329//1323 1328//1322 1316//1310
f 1318//1312 1330//1324 1329//1323 1317//1311
f 1319//1313 1331//1325 1330//1324 1318//1312
f 1320//1314 1332//1326 1331//1325 1319//1313
f 1310//1304 1322//1316 1332//1326 1320//1314
f 1321//1315 1333//1327 1334//1328 1322//1316
f 1323//1317 1335//1329 1333//1327 1321//1315
f 1324//1318 1336//1330 1335//1329 1323//1317
f 1325//1319 1337//1331 1336//1330 1324//1318
f 1326//1320 1338//1332 1337//1331 1325//1319
f 1327//1321 1339//1333 1338//1332 1326//1320
f 1328//1322 1340//1334 1339//1333 1327//1321
f 1329//1323 1341//1335 1340//1334 1328//1322
f 1330//1324 1342//1336 1341//1335 1329//1323
f 1331//1325 1343//1337 1342//1336 1330//1324
f 1332//1326 1344//1338 1343//1337 1331//1325
f 1322//1316 1334//1328 1344//1338 1332//1326
f 1333//1327 1345//1339 1346//1340 1334//1328
f 1335//1329 1347//1341 1345//1339 1333//1327
f 1336//1330 1348//1342 1347//1341 1335//1329
f 1337//1331 1349//1343 1348//1342 1336//1330
f 1338//1332 1350//1344 1349//1343 1337//1331
f 1339//1333 1351//1345 1350//1344 1338//1332
f 1340//1334 1352//1346 1351//1345 1339//1333
f 1341//1335 1353//1347 1352//1346 1340//1334
f 1342//1336 1354//1348 1353//1347 1341//1335
f 1343//1337 1355//1349 1354//1348 1342//1336
f 1344//1338 1356//1350 1355//1349 1343//1337
f 1334//1328 1346//1340 1356//1350 1344//1338
f 1345//1339 1357//1351 1358//1352 1346//1340
f 1347//1341 1359//1353 1357//1351 1345//1339
f 1348//1342 1360//1354 1359//1353 1347//1341
f 1349//1343 1361//1355 1360//1354 1348//1342
f 1350//1344 1362//1356 1361//1355 1349//1343
f 1351//1345 1363//1357 1362//1356 1350//1344
f 1352//1346 1364//1358 1363//1357 1351//1345
f 1353//1347 1365//1359 1364//1358 1352//1346
f 1354//1348 1366//1360 1365//1359 1353//1347
f 1355//1349 1367//1361 1366//1360 1354//1348
f 1356//1350 1368//1362 1367//1361 1355//1349
f 1346//1340 1358//1352 1368//1362 1356//1350
f 1357//1351 1369//1363 1370//1364 1358//1352
f 1359//1353 1371//1365 1369//1363 1357//1351
f 1360//1354 1372//1366 1371//1365 1359//1353
f 1361//1355 1373//1367 1372//1366 1360//1354
f 1362//1356 1374//1368 1373//1367 1361//1355
f 1363//1357 1375//1369 1374//1368 1362//1356
f 1364//1358 1376//1370 1375//1369 1363//1357
f 1365//1359 1377//1371 1376//1370 1364//1358
f 1366//1360 1378//1372 1377//1371 1365//1359
f 1367//1361 1379//1373 1378//1372 1366//1360
f 1368//1362 1380//1374 1379//1373 1367//1361
f 1358//1352 1370//1364 1380//1374 1368//1362
f 1369//1363 1381//1375 1382//1376 1370//1364
f 1371//1365 1383//1377 1381//1375 1369//1363
f 1372//1366 1384//1378 1383//1377 1371//1365
f 1373//1367 1385//1379 1384//1378 1372//1366
f 1374//1368 1386//1380 1385//1379 1373//1367
f 1375//1369 1387//1381 1386//1380 1374//1368
f 1376//1370 1388//1382 1387//1381 1375//1369
f 1377//1371 1389//1383 1388//1382 1376//1370
f 1378//1372 1390//1384 1389//1383 1377//1371
f 1379//1373 1391//1385 1390//1384 1378//1372
f 1380//1374 1392//1386 1391//1385 1379//1373
f 1370//1364 1382//1376 1392//1386 1380//1374
f 1381//1375 1393//1387 1394//1388 1382//1376
f 1383//1377 1395//1389 1393//1387 1381//1375
f 1384//1378 1396//1390 1395//1389 1383//1377
f 1385//1379 1397//1391 1396//1390 1384//1378
f 1386//1380 1398//1392 1397//1391 1385//1379
f 1387//1381 1399//1393 1398//1392 1386//1380
f 1388//1382 1400//1394 1399//1393 1387//1381
f 1389//1383 1401//1395 1400//1394 1388//1382
f 1390//1384 1402//1396 1401//1395 1389//1383
f 1391//1385 1403//1397 1402//1396 1390//1384
f 1392//1386 1404//1398 1403//1397 1391//1385
f 1382//1376 1394//1388 1404//1398 1392//1386
f 1393//1387 1405//1399 1406//1400 1394//1388
f 1395//1389 1407//1401 1405//1399 1393//1387
f 1396//1390 1408//1402 1407//1401 1395//1389
f 1397//1391 1409//1403 1408//1402 1396//1390
f 1398//1392 1410//1404 1409//1403 1397//1391
f 1399//1393 1411//1405 1410//1404 1398//1392
f 1400//1394 1412//1406 1411//1405 1399//1393
f 1401//1395 1413//1407 1412//1406 1400//1394
f 1402//1396 1414//1408 1413//1407 1401//1395
f 1403//1397 1415//1409 1414//1408 1402//1396
f 1404//1398 1416//1410 1415//1409 1403//1397
f 1394//1388 1406//1400 1416//1410 1404//1398
f 1405//1399 1417//1411 1418//1412 1406//1400
f 1407//1401 1419//1413 1417//1411 1405//1399
f 1408//1402 1420//1414 1419//1413 1407//1401
f 1409//1403 1421//1415 1420//1414 1408//1402
f 1410//1404 1422//1416 1421//1415 1409//1403
f 1411//1405 1423//1417 1422//1416 1410//1404
f 1412//1406 1424//1418 1423//1417 1411//1405
f 1413//1407 1425//1419 1424//1418 1412//1406
f 1414//1408 1426//1420 1425//1419 1413//1407
f 1415//1409 1427//1421 1426//1420 1414//1408
f 1416//1410 1428//1422 1427//1421 1415//1409
f 1406//1400 1418//1412 1428//1422 1416//1410
f 1417//1411 1429//1423 1430//1424 1418//1412
f 1419//1413 1431//1425 1429//1423 1417//1411
f 1420//1414 1432//1426 1431//1425 1419//1413
f 1421//1415 1433//1427 1432//1426 1420//1414
f 1422//1416 1434//1428 1433//1427 1421//1415
f 1423//1417 1435//1429 1434//1428 1422//1416
f 1424//1418 1436//1430 1435//1429 1423//1417
f 1425//1419 1437//1431 1436//1430 1424//1418
f 1426//1420 1438//1432 1437//1431 1425//1419
f 1427//1421 1439//1433 1438//1432 1426//1420
f 1428//1422 1440//1434 1439//1433 1427//1421
f 1418//1412 1430//1424 1440//1434 1428//1422
f 1429//1423 1441//1435 1442//1436 1430//1424
f 1431//1425 1443//1437 1441//1435 1429//1423
f 1432//1426 1444//1438 1443//1437 1431//1425
f 1433//1427 1445//1439 1444//1438 1432//1426
f 1434//1428 1446//1440 1445//1439 1433//1427
f 1435//1429 1447//1441 1446//1440 1434//1428
f 1436//1430 1448//1442 1447//1441 1435//1429
f 1437//1431 1449//1443 1448//1442 1436//1430
f 1438//1432 1450//1444 1449//1443 1437//1431
f 1439//1433 1451//1445 1450//1444 1438//1432
f 1440//1434 1452//1446 1451//1445 1439//1433
f 1430//1424 1442//1436 1452//1446 1440//1434
f 1441//1435 1453//1447 1454//1448 1442//1436
f 1443//1437 1455//1449 1453//1447 1441//1435
f 1444//1438 1456//1450 1455//1449 1443//1437
f 1445//1439 1457//1451 1456//1450 1444//1438
f 1446//1440 1458//1452 1457//1451 1445//1439
f 1447//1441 1459//1453 1458//1452 1446//1440
f 1448//1442 1460//1454 1459//1453 1447//1441
f 1449//1443 1461//1455 1460//1454 1448//1442
f 1450//1444 1462//1456 1461//1455 1449//1443
f 1451//1445 1463//1457 1462//1456 1450//1444
f 1452//1446 1464//1458 1463//1457 1451//1445
f 1442//1436 1454//1448 1464//1458 1452//1446
f 1453//1447 1465//1459 1466//1460 1454//1448
f 1455//1449 1467//1461 1465//1459 1453//1447
f 1456//1450 1468//1462 1467//1461 1455//1449
f 1457//1451 1469//1463 1468//1462 1456//1450
f 1458//1452 1470//1464 1469//1463 1457//1451
f 1459//1453 1471//1465 1470//1464 1458//1452
f 1460//1454 1472//1466 1471//1465 1459//1453
f 1461//1455 1473//1467 1472//1466 1460//1454
f 1462//1456 1474//1468 1473//1467 1461//1455
f 1463//1457 1475//1469 1474//1468 1462//1456
f 1464//1458 1476//1470 1475//1469 1463//1457
f 1454//1448 1466//1460 1476//1470 1464//1458
f 1465//1459 1477//1471 1478//1472 1466//1460
f 1467//1461 1479//1473 1477//1471 1465//1459
f 1468//1462 1480//1474 1479//1473 1467//1461
f 1469//1463 1481//1475 1480//1474 1468//1462
f 1470//1464 1482//1476 1481//1475 1469//1463
f 1471//1465 1483//1477 1482//1476 1470//1464
f 1472//1466 1484//1478 1483//1477 1471//1465
f 1473//1467 1485//1479 1484//1478 1472//1466
f 1474//1468 1486//1480 1485//1479 1473//1467
f 1475//1469 1487//1481 1486//1480 1474//1468
f 1476//1470 1488//1482 1487//1481 1475//1469
f 1466//1460 1478//1472 1488//1482 1476//1470
f 1477//1471 1489//1483 1490//1484 1478//1472
f 1479//1473 1491//1485 1489//1483 1477//1471
f 1480//1474 1492//1486 1491//1485 1479//1473
f 1481//1475 1493//1487 1492//1486 1480//1474
f 1482//1476 1494//1488 1493//1487 1481//1475
f 1483//1477 1495//1489 1494//1488 1482//1476
f 1484//1478 1496//1490 1495//1489 1483//1477
f 1485//1479 1497//1491 1496//1490 1484//1478
f 1486//1480 1498//1492 1497//1491 1485//1479
f 1487//1481 1499//1493 1498//1492 1486//1480
f 1488//1482 1500//1494 1499//1493 1487//1481
f 1478//1472 1490//1484 1500//1494 1488//1482
f 1489//1483 1501//1495 1502//1496 1490//1484
f 1491//1485 1503//1497 1501//1495 1489//1483
f 1492//1486 1504//1498 1503//1497 1491//1485
f 1493//1487 1505//1499 1504//1498 1492//1486
f 1494//1488 1506//1500 1505//1499 1493//1487
f 1495//1489 1507//1501 1506//1500 1494//1488
f 1496//1490 1508//1502 1507//1501 1495//1489
f 1497//1491 1509//1503 1508//1502 1496//1490
f 1498//1492 1510//1504 1509//1503 1497//1491
f 1499//1493 1511//1505 1510//1504 1498//1492
f 1500//1494 1512//1506 1511//1505 1499//1493
f 1490//1484 1502//1496 1512//1506 1500//1494
f 1501//1495 1513//1507 1514//1508 1502//1496
f 1503//1497 1515//1509 1513//1507 1501//1495
f 1504//1498 1516//1510 1515//1509 1503//1497
f 1505//1499 1517//1511 1516//1510 1504//1498
f 1506//1500 1518//1512 1517//1511 1505//1499
f 1507//1501 1519//1513 1518//1512 1506//1500
f 1508//1502 1520//1514 1519//1513 1507//1501
f 1509//1503 1521//1515 1520//1514 1508//1502
f 1510//1504 1522//1516 1521//1515 1509//1503
f 1511//1505 1523//1517 1522//1516 1510//1504
f 1512//1506 1524//1518 1523//1517 1511//1505
f 1502//1496 1514//1508 1524//1518 1512//1506
f 1513//1507 1525//1519 1526//1520 1514//1508
f 1515//1509 1527//1521 1525//1519 1513//1507
f 1516//1510 1528//1522 1527//1521 1515//1509
f 1517//1511 1529//1523 1528//1522 1516//1510
f 1518//1512 1530//1524 1529//1523 1517//1511
f 1519//1513 1531//1525 1530//1524 1518//1512
f 1520//1514 1532//1526 1531//1525 1519//1513
f 1521//1515 1533//1527 1532//1526 1520//1514
f 1522//1516 1534//1528 1533//1527 1521//1515
f 1523//1517 1535//1529 1534//1528 1522//1516
f 1524//1518 1536//1530 1535//1529 1523//1517
f 1514//1508 1526//1520 1536//1530 1524//1518
f 1525//1519 1537//1531 1538//1532 1526//1520
f 1527//1521 1539//1533 1537//1531 1525//1519
f 1528//1522 1540//1534 1539//1533 1527//1521
f 1529//1523 1541//1535 1540//1534 1528//1522
f 1530//1524 1542//1536 1541//1535 1529//1523
f 1531//1525 1543//1537 1542//1536 1530//1524
f 1532//1526 1544//1538 1543//1537 1531//1525
f 1533//1527 1545//1539 1544//1538 1532//1526
f 1534//1528 1546//1540 1545//1539 1533//1527
f 1535//1529 1547//1541 1546//1540 1534//1528
f 1536//1530 1548//1542 1547//1541 1535//1529
f 1526//1520 1538//1532 1548//1542 1536//1530
f 1537//1531 1549//1543 1550//1544 1538//1532
f 1539//1533 1551//1545 1549//1543 1537//1531
f 1540//1534 1552//1546 1551//1545 1539//1533
f 1541//1535 1553//1547 1552//1546 1540//1534
f 1542//1536 1554//1548 1553//1547 1541//1535
f 1543//1537 1555//1549 1554//1548 1542//1536
f 1544//1538 1556//1550 1555//1549 1543//1537
f 1545//1539 1557//1551 1556//1550 1544//1538
f 1546//1540 1558//1552 1557//1551 1545//1539
f 1547//1541 1559//1553 1558//1552 1546//1540
f 1548//1542 1560//1554 1559//1553 1547//1541
f 1538//1532 1550//1544 1560//1554 1548//1542
f 1549//1543 1561//1555 1562//1556 1550//1544
f 1551//1545 1563//1557 1561//1555 1549//1543
f 1552//1546 1564//1558 1563//1557 1551//1545
f 1553//1547 1565//1559 1564//1558 1552//1546
f 1554//1548 1566//1560 1565//1559 1553//1547
f 1555//1549 1567//1561 1566//1560 1554//1548
f 1556//1550 1568//1562 1567//1561 1555//1549
f 1557//1551 1569//1563 1568//1562 1556//1550
f 1558//1552 1570//1564 1569//1563 1557//1551
f 1559//1553 1571//1565 1570//1564 1558//1552
f 1560//1554 1572//1566 1571//1565 1559//1553
f 1550//1544 1562//1556 1572//1566 1560//1554
f 1561//1555 1573//1567 1574//1568 1562//1556
f 1563//1557 1575//1569 1573//1567 1561//1555
f 1564//1558 1576//1570 1575//1569 1563//1557
f 1565//1559 1577//1571 1576//1570 1564//1558
f 1566//1560 1578//1572 1577//1571 1565//1559
f 1567//1561 1579//1573 1578//1572 1566//1560
f 1568//1562 1580//1574 1579//1573 1567//1561
f 1569//1563 1581//1575 1580//1574 1568//1562
f 1570//1564 1582//1576 1581//1575 1569//1563
f 1571//1565 1583//1577 1582//1576 1570//1564
f 1572//1566 1584//1578 1583//1577 1571//1565
f 1562//1556 1574//1568 1584//1578 1572//1566
f 1573//1567 1585//1579 1586//1580 1574//1568
f 1575//1569 1587//1581 1585//1579 1573//1567
f 1576//1570 1588//1582 1587//1581 1575//1569
f 1577//1571 1589//1583 1588//1582 1576//1570
f 1578//1572 1590//1584 1589//1583 1577//1571
f 1579//1573 1591//1585 1590//1584 1578//1572
f 1580//1574 1592//1586 1591//1585 1579//1573
f 1581//1575 1593//1587 1592//1586 1580//1574
f 1582//1576 1594//1588 1593//1587 1581//1575
f 1583//1577 1595//1589 1594//1588 1582//1576
f 1584//1578 1596//1590 1595//1589 1583//1577
f 1574//1568 1586//1580 1596//1590 1584//1578
f 1585//1579 1597//1591 1598//1592 1586//1580
f 1587//1581 1599//1593 1597//1591 1585//1579
f 1588//1582 1600//1594 1599//1593 1587//1581
f 1589//1583 1601//1595 1600//1594 1588//1582
f 1590//1584 1602//1596 1601//1595 1589//1583
f 1591//1585 1603//1597 1602//1596 1590//1584
f 1592//1586 1604//1598 1603//1597 1591//1585
f 1593//1587 1605//1599 1604//1598 1592//1586
f 1594//1588 1606//1600 1605//1599 1593//1587
f 1595//1589 1607//1601 1606//1600 1594//1588
f 1596//1590 1608//1602 1607//1601 1595//1589
f 1586//1580 1598//1592 1608//1602 1596//1590
f 1597//1591 1609//1603 1610//1604 1598//1592
f 1599//1593 1611//1605 1609//1603 1597//1591
f 1600//1594 1612//1606 1611//1605 1599//1593
f 1601//1595 1613//1607 1612//1606 1600//1594
f 1602//1596 1614//1608 1613//1607 1601//1595
f 1603//1597 1615//1609 1614//1608 1602//1596
f 1604//1598 1616//1610 1615//1609 1603//1597
f 1605//1599 1617//1611 1616//1610 1604//1598
f 1606//1600 1618//1612 1617//1611 1605//1599
f 1607//1601 1619//1613 1618//1612 1606//1600
f 1608//1602 1620//1614 1619//1613 1607//1601
f 1598//1592 1610//1604 1620//1614 1608//1602
f 1609//1603 1621//1615 1622//1616 1610//1604
f 1611//1605 1623//1617 1621//1615 1609//1603
f 1612//1606 1624//1618 1623//1617 1611//1605
f 1613//1607 1625//1619 1624//1618 1612//1606
f 1614//1608 1626//1620 1625//1619 1613//1607
f 1615//1609 1627//1621 1626//1620 1614//1608
f 1616//1610 1628//1622 1627//1621 1615//1609
f 1617//1611 1629//1623 1628//1622 1616//1610
f 1618//1612 1630//1624 1629//1623 1617//1611
f 1619//1613 1631//1625 1630//1624 1618//1612
f 1620//1614 1632//1626 1631//1625 1619//1613
f 1610//1604 1622//1616 1632//1626 1620//1614
f 1621//1615 1633//1627 1634//1628 1622//1616
f 1623//1617 1635//1629 1633//1627 1621//1615
f 1624//1618 1636//1630 1635//1629 1623//1617
f 1625//1619 1637//1631 1636//1630 1624//1618
f 1626//1620 1638//1632 1637//1631 1625//1619
f 1627//1621 1639//1633 1638//1632 1626//1620
f 1628//1622 1640//1634 1639//1633 1627//1621
f 1629//1623 1641//1635 1640//1634 1628//1622
f 1630//1624 1642//1636 1641//1635 1629//1623
f 1631//1625 1643//1637 1642//1636 1630//1624
f 1632//1626 1644//1638 1643//1637 1631//1625
f 1622//1616 1634//1628 1644//1638 1632//1626
f 1633//1627 1645//1639 1646//1640 1634//1628
f 1635//1629 1647//1641 1645//1639 1633//1627
f 1636//1630 1648//1642 1647//1641 1635//1629
f 1637//1631 1649//1643 1648//1642 1636//1630
f 1638//1632 1650//1644 1649//1643 1637//1631
f 1639//1633 1651//1645 1650//1644 1638//1632
f 1640//1634 1652//1646 1651//1645 1639//1633
f 1641//1635 1653//1647 1652//1646 1640//1634
f 1642//1636 1654//1648 1653//1647 1641//1635
f 1643//1637 1655//1649 1654//1648 1642//1636
f 1644//1638 1656//1650 1655//1649 1643//1637
f 1634//1628 1646//1640 1656//1650 1644//1638
