# Extracted from Open3DModel lower-limb.obj — Dorsal_tarsometatarsal_ligaments.r
# License: CC BY-SA 4.0 — AnatomyTOOL Open3D create
o Dorsal_tarsometatarsal_ligaments.r
v -0.093330 0.060879 0.024264
v -0.092896 0.061164 0.024408
v -0.092966 0.061444 0.024262
v -0.093291 0.061191 0.024172
v -0.093433 0.060980 0.024239
v -0.093179 0.060962 0.024063
v -0.092794 0.061131 0.024100
v -0.093265 0.061418 0.023765
v -0.093411 0.061114 0.023669
v -0.093121 0.061046 0.023639
v -0.091490 0.063944 0.017981
v -0.092183 0.063715 0.017758
v -0.092259 0.063940 0.017193
v -0.091805 0.064150 0.017344
v -0.091529 0.064444 0.017225
v -0.091168 0.064384 0.017693
v -0.090626 0.064367 0.018110
v -0.090801 0.063991 0.018436
v -0.090959 0.063686 0.018776
v -0.091586 0.063587 0.018479
v -0.092168 0.063442 0.018265
v -0.084184 0.065293 0.021236
v -0.084367 0.065090 0.021465
v -0.084027 0.064963 0.021579
v -0.084302 0.064928 0.021378
v -0.084697 0.064877 0.021113
v -0.084624 0.065177 0.020981
v -0.084796 0.065175 0.021264
v -0.092372 0.064421 0.016322
v -0.092519 0.064205 0.016586
v -0.092554 0.064472 0.016722
v -0.092305 0.064660 0.016493
v -0.092103 0.064445 0.016469
v -0.092209 0.064187 0.016759
v -0.092010 0.064729 0.016307
v -0.092047 0.064799 0.016943
v -0.091752 0.064793 0.016746
v -0.091788 0.064488 0.016797
v -0.084257 0.064811 0.021874
v -0.084451 0.064640 0.021652
v -0.084556 0.064934 0.021794
v -0.086433 0.062675 0.026306
v -0.086745 0.062801 0.026295
v -0.086869 0.062499 0.026382
v -0.086688 0.062523 0.026144
v -0.086289 0.062825 0.026034
v -0.086605 0.063000 0.025967
v -0.086490 0.062638 0.025837
v -0.092261 0.064449 0.017880
v -0.092356 0.064606 0.017138
v -0.092584 0.064409 0.017271
v -0.092699 0.064178 0.017765
v -0.091770 0.064762 0.017487
v -0.092413 0.064063 0.018513
v -0.091936 0.064203 0.018732
v -0.091722 0.064496 0.018300
v -0.091376 0.064750 0.017921
v -0.092792 0.063845 0.018345
v -0.087193 0.062553 0.026352
v -0.087072 0.062486 0.026017
v -0.087162 0.062849 0.026182
v -0.092776 0.064200 0.017054
v -0.092943 0.063868 0.017584
v -0.091936 0.064259 0.016950
v -0.092715 0.063605 0.017533
v -0.092705 0.063350 0.018101
v -0.093008 0.063541 0.018151
v -0.092697 0.063894 0.016983
v -0.092742 0.062992 0.018740
v -0.093076 0.063160 0.018788
v -0.092888 0.063477 0.018985
v -0.093208 0.062621 0.019680
v -0.093029 0.062966 0.019856
v -0.092633 0.063182 0.019996
v -0.092496 0.063686 0.019150
v -0.092081 0.063844 0.019283
v -0.092212 0.063351 0.020104
v -0.091667 0.063534 0.020220
v -0.091446 0.064009 0.019519
v -0.092838 0.062539 0.021319
v -0.092419 0.062697 0.021429
v -0.091917 0.062849 0.021537
v -0.090871 0.063119 0.021777
v -0.090588 0.063819 0.020514
v -0.092466 0.062337 0.022421
v -0.091940 0.062494 0.022582
v -0.091045 0.062714 0.022875
v -0.089613 0.063054 0.023324
v -0.089295 0.063434 0.022245
v -0.091928 0.062328 0.023180
v -0.091140 0.062554 0.023452
v -0.089785 0.062918 0.023898
v -0.088405 0.063207 0.024373
v -0.088207 0.063315 0.023882
v -0.091219 0.062430 0.023937
v -0.089906 0.062804 0.024348
v -0.088591 0.063095 0.024792
v -0.087838 0.063186 0.025053
v -0.087633 0.063288 0.024622
v -0.090003 0.062667 0.024752
v -0.088753 0.062943 0.025181
v -0.088004 0.063038 0.025461
v -0.087475 0.063066 0.025656
v -0.087302 0.063208 0.025242
v -0.088855 0.062692 0.025523
v -0.088116 0.062791 0.025816
v -0.087597 0.062833 0.026029
v -0.087031 0.063062 0.025823
v -0.088148 0.062470 0.025996
v -0.087629 0.062519 0.026203
v -0.088018 0.062400 0.025692
v -0.087505 0.062445 0.025891
v -0.087867 0.062547 0.025266
v -0.087349 0.062583 0.025467
v -0.086912 0.062603 0.025633
v -0.087176 0.062699 0.025065
v -0.086738 0.062716 0.025254
v -0.086293 0.062758 0.025484
v -0.086104 0.062951 0.025661
v -0.086526 0.062816 0.024822
v -0.086089 0.062884 0.025060
v -0.085900 0.063090 0.025230
v -0.085815 0.063045 0.024500
v -0.085627 0.063269 0.024675
v -0.085953 0.063413 0.024588
v -0.086221 0.063244 0.025137
v -0.086431 0.063126 0.025579
v -0.086638 0.063301 0.024973
v -0.086855 0.063195 0.025415
v -0.087091 0.063312 0.024795
v -0.086374 0.063445 0.024444
v -0.086834 0.063425 0.024300
v -0.087405 0.063393 0.024153
v -0.086431 0.063725 0.023491
v -0.086992 0.063704 0.023220
v -0.087836 0.063643 0.022830
v -0.086624 0.064201 0.022323
v -0.087474 0.064169 0.021869
v -0.088928 0.064059 0.021170
v -0.087250 0.064536 0.021308
v -0.088715 0.064426 0.020623
v -0.090390 0.064219 0.019944
v -0.088557 0.064695 0.020216
v -0.090223 0.064498 0.019566
v -0.091264 0.064331 0.019075
v -0.090058 0.064729 0.019209
v -0.091062 0.064574 0.018724
v -0.089867 0.064921 0.018798
v -0.090809 0.064797 0.018331
v -0.089686 0.064832 0.018438
v -0.090584 0.064768 0.017999
v -0.091091 0.064776 0.017601
v -0.091452 0.064777 0.017200
v -0.089700 0.064424 0.018552
v -0.088113 0.064598 0.019204
v -0.088243 0.064316 0.019553
v -0.089827 0.064086 0.018885
v -0.088099 0.064988 0.019091
v -0.086567 0.065124 0.019817
v -0.086598 0.064775 0.019944
v -0.088261 0.065088 0.019443
v -0.086740 0.065226 0.020141
v -0.085830 0.065267 0.020636
v -0.085637 0.065186 0.020315
v -0.088417 0.064919 0.019844
v -0.086919 0.065049 0.020525
v -0.086038 0.065089 0.021006
v -0.085468 0.065086 0.021347
v -0.085258 0.065241 0.020987
v -0.087076 0.064817 0.020885
v -0.086220 0.064850 0.021357
v -0.085653 0.064850 0.021689
v -0.085191 0.064826 0.021952
v -0.084990 0.065038 0.021605
v -0.086406 0.064561 0.021773
v -0.085841 0.064557 0.022102
v -0.085396 0.064546 0.022344
v -0.084964 0.064469 0.022533
v -0.084750 0.064729 0.022146
v -0.086064 0.064202 0.022634
v -0.085649 0.064194 0.022868
v -0.085238 0.064133 0.023058
v -0.084905 0.063965 0.023131
v -0.084623 0.064292 0.022615
v -0.086019 0.063747 0.023681
v -0.085606 0.063720 0.023842
v -0.085267 0.063570 0.023912
v -0.085444 0.063326 0.023703
v -0.085078 0.063751 0.022918
v -0.085863 0.063244 0.023464
v -0.085485 0.063655 0.022650
v -0.085231 0.063996 0.022119
v -0.084806 0.064077 0.022393
v -0.085029 0.064297 0.021719
v -0.084604 0.064360 0.021998
v -0.084409 0.064561 0.022233
v -0.084854 0.064587 0.021392
v -0.085476 0.064284 0.021447
v -0.085310 0.064566 0.021109
v -0.085149 0.064859 0.020818
v -0.085865 0.064551 0.020762
v -0.085704 0.064841 0.020457
v -0.085069 0.065178 0.020681
v -0.086737 0.064495 0.020275
v -0.086031 0.064279 0.021106
v -0.086888 0.064235 0.020630
v -0.088381 0.064060 0.019918
v -0.087074 0.063937 0.021064
v -0.088545 0.063767 0.020355
v -0.090127 0.063499 0.019688
v -0.089969 0.063808 0.019255
v -0.091120 0.063323 0.019260
v -0.090333 0.063069 0.020347
v -0.091301 0.062811 0.020069
v -0.091907 0.062647 0.019895
v -0.091722 0.063193 0.019021
v -0.092365 0.062522 0.019768
v -0.092224 0.063067 0.018855
v -0.092853 0.062443 0.019654
v -0.092572 0.061921 0.021111
v -0.093045 0.061821 0.021014
v -0.093391 0.061958 0.021031
v -0.093126 0.061473 0.022010
v -0.093474 0.061574 0.022049
v -0.093282 0.061919 0.022197
v -0.093220 0.062307 0.021195
v -0.092902 0.062162 0.022315
v -0.093268 0.061705 0.022829
v -0.092891 0.061952 0.022921
v -0.092457 0.062147 0.023018
v -0.092897 0.061800 0.023408
v -0.092486 0.062000 0.023516
v -0.091965 0.062199 0.023687
v -0.092545 0.061861 0.023977
v -0.092038 0.062055 0.024148
v -0.091282 0.062295 0.024381
v -0.092095 0.061842 0.024563
v -0.091318 0.062085 0.024778
v -0.090058 0.062432 0.025111
v -0.091267 0.061769 0.024964
v -0.090035 0.062123 0.025280
v -0.088876 0.062375 0.025696
v -0.089923 0.062055 0.024979
v -0.088749 0.062311 0.025400
v -0.089811 0.062157 0.024548
v -0.088604 0.062447 0.024972
v -0.089698 0.062251 0.024131
v -0.088460 0.062555 0.024556
v -0.087705 0.062659 0.024849
v -0.088298 0.062642 0.024118
v -0.087513 0.062748 0.024408
v -0.086964 0.062789 0.024625
v -0.087252 0.062868 0.023853
v -0.086684 0.062914 0.024078
v -0.086245 0.062957 0.024271
v -0.086270 0.063203 0.023248
v -0.086836 0.063163 0.022947
v -0.086458 0.063619 0.022080
v -0.085889 0.063633 0.022409
v -0.086225 0.063974 0.021535
v -0.085656 0.063977 0.021867
v -0.087312 0.063578 0.021620
v -0.087674 0.063086 0.022529
v -0.089092 0.062835 0.021945
v -0.088763 0.063386 0.020945
v -0.090591 0.062477 0.021496
v -0.089384 0.062479 0.022997
v -0.090773 0.062135 0.022507
v -0.091615 0.061924 0.022264
v -0.091500 0.062232 0.021294
v -0.092191 0.061762 0.022136
v -0.092110 0.062055 0.021203
v -0.092661 0.061604 0.022064
v -0.092216 0.061590 0.022792
v -0.092674 0.061425 0.022711
v -0.093118 0.061273 0.022670
v -0.092682 0.061297 0.023244
v -0.093115 0.061140 0.023195
v -0.093422 0.061230 0.023229
v -0.093436 0.061365 0.022713
v -0.093258 0.061557 0.023329
v -0.092937 0.061655 0.023862
v -0.092596 0.061645 0.024389
v -0.092533 0.061340 0.024554
v -0.092044 0.061521 0.024740
v -0.092396 0.061287 0.024231
v -0.091905 0.061444 0.024399
v -0.091157 0.061685 0.024626
v -0.091808 0.061541 0.023951
v -0.091070 0.061774 0.024182
v -0.091733 0.061642 0.023487
v -0.090986 0.061867 0.023728
v -0.091673 0.061754 0.022935
v -0.090890 0.061972 0.023195
v -0.089570 0.062339 0.023681
v -0.088077 0.062758 0.023548
v -0.092249 0.061462 0.023331
v -0.092302 0.061367 0.023799
v -0.092724 0.061202 0.023697
v -0.061579 0.045127 0.032144
v -0.061692 0.045337 0.032084
v -0.061811 0.045280 0.031873
v -0.061678 0.045058 0.031925
v -0.061593 0.045186 0.032196
v -0.061554 0.045356 0.032118
v -0.061529 0.045115 0.031910
v -0.061453 0.045323 0.031872
v -0.076249 0.061560 0.031095
v -0.076328 0.061363 0.031430
v -0.075834 0.061327 0.031430
v -0.075892 0.061577 0.031003
v -0.076010 0.061757 0.030643
v -0.076466 0.061673 0.030908
v -0.076747 0.061425 0.031344
v -0.061616 0.045994 0.023886
v -0.061582 0.046552 0.023767
v -0.061641 0.046549 0.024228
v -0.061661 0.045906 0.024224
v -0.061623 0.045717 0.023640
v -0.061556 0.046461 0.023266
v -0.061696 0.045456 0.024082
v -0.062380 0.045950 0.023788
v -0.062421 0.046475 0.023658
v -0.062237 0.046418 0.023203
v -0.062231 0.045708 0.023576
v -0.062437 0.045853 0.024121
v -0.062521 0.046474 0.024112
v -0.062310 0.045445 0.023994
v -0.076561 0.061004 0.030705
v -0.076125 0.060954 0.030614
v -0.076045 0.060661 0.031066
v -0.076589 0.060777 0.031066
v -0.077049 0.060945 0.030980
v -0.076805 0.061196 0.030523
v -0.076260 0.061233 0.030221
v -0.075603 0.061103 0.030082
v -0.075513 0.060820 0.030539
v -0.076997 0.061411 0.030351
v -0.076390 0.061478 0.029960
v -0.075662 0.061389 0.029714
v -0.074786 0.061092 0.029579
v -0.074781 0.060854 0.029991
v -0.076380 0.061783 0.029966
v -0.075623 0.061709 0.029672
v -0.074702 0.061432 0.029452
v -0.073528 0.060990 0.029338
v -0.073613 0.060661 0.029457
v -0.075512 0.061794 0.030025
v -0.074616 0.061581 0.029855
v -0.073412 0.061214 0.029688
v -0.071962 0.060876 0.029311
v -0.072106 0.060626 0.028971
v -0.074559 0.061559 0.030308
v -0.073346 0.061260 0.030117
v -0.071831 0.060965 0.029749
v -0.070187 0.060789 0.029152
v -0.070380 0.060670 0.028698
v -0.073300 0.061208 0.030578
v -0.071724 0.060934 0.030215
v -0.070015 0.060745 0.029616
v -0.068263 0.060439 0.028836
v -0.068460 0.060498 0.028358
v -0.071627 0.060818 0.030705
v -0.069858 0.060614 0.030099
v -0.068091 0.060305 0.029335
v -0.066374 0.059636 0.028558
v -0.066527 0.059742 0.028035
v -0.069702 0.060438 0.030619
v -0.067918 0.060126 0.029874
v -0.066227 0.059477 0.029144
v -0.064691 0.058389 0.028513
v -0.064809 0.058477 0.027936
v -0.067693 0.059863 0.030567
v -0.066045 0.059238 0.029898
v -0.064546 0.058229 0.029269
v -0.063301 0.056818 0.028710
v -0.063431 0.056913 0.028043
v -0.065772 0.058849 0.031062
v -0.064351 0.057964 0.030390
v -0.063119 0.056626 0.029706
v -0.062243 0.054913 0.028976
v -0.062458 0.055078 0.028157
v -0.063993 0.057373 0.032207
v -0.062804 0.056143 0.031238
v -0.061930 0.054523 0.030196
v -0.061402 0.052645 0.029160
v -0.061724 0.052967 0.028164
v -0.062391 0.055316 0.032665
v -0.061555 0.053841 0.031465
v -0.061021 0.052128 0.030379
v -0.060811 0.050311 0.029502
v -0.061160 0.050719 0.028262
v -0.061344 0.053279 0.032332
v -0.060804 0.051697 0.031254
v -0.060614 0.049949 0.030405
v -0.060787 0.048398 0.029852
v -0.060908 0.048656 0.028921
v -0.060728 0.051393 0.031806
v -0.060559 0.049703 0.030980
v -0.060748 0.048221 0.030446
v -0.060953 0.047304 0.030201
v -0.061010 0.047399 0.029587
v -0.060567 0.049501 0.031448
v -0.060743 0.048082 0.030940
v -0.060933 0.047196 0.030704
v -0.061092 0.046535 0.030617
v -0.061123 0.046591 0.030119
v -0.060769 0.047968 0.031374
v -0.060946 0.047101 0.031159
v -0.061090 0.046472 0.031073
v -0.061207 0.045967 0.031081
v -0.061221 0.045981 0.030628
v -0.060989 0.047027 0.031573
v -0.061118 0.046419 0.031488
v -0.061229 0.045955 0.031477
v -0.061316 0.045569 0.031513
v -0.061308 0.045540 0.031127
v -0.061198 0.046375 0.031870
v -0.061296 0.045938 0.031842
v -0.061374 0.045593 0.031849
v -0.061405 0.045264 0.031562
v -0.061465 0.045934 0.032130
v -0.061513 0.045604 0.032111
v -0.061693 0.045946 0.032083
v -0.061716 0.045606 0.032065
v -0.061856 0.045967 0.031806
v -0.061858 0.045588 0.031831
v -0.061968 0.045986 0.031476
v -0.061968 0.045562 0.031522
v -0.061910 0.045212 0.031593
v -0.061742 0.044932 0.031667
v -0.062042 0.045540 0.031154
v -0.061995 0.045132 0.031244
v -0.061845 0.044810 0.031332
v -0.061545 0.044849 0.031290
v -0.061514 0.045008 0.031629
v -0.062064 0.045055 0.030829
v -0.061916 0.044685 0.030912
v -0.061590 0.044709 0.030867
v -0.061429 0.045109 0.030750
v -0.061399 0.045193 0.031189
v -0.061995 0.044582 0.030377
v -0.061657 0.044604 0.030332
v -0.061492 0.045037 0.030240
v -0.061380 0.045504 0.030164
v -0.061331 0.045514 0.030673
v -0.061744 0.044552 0.029654
v -0.061578 0.045010 0.029596
v -0.061458 0.045504 0.029543
v -0.061699 0.045027 0.028632
v -0.061578 0.045522 0.028637
v -0.061451 0.046067 0.028644
v -0.061336 0.046039 0.029502
v -0.061261 0.046010 0.030123
v -0.061196 0.046635 0.029497
v -0.061313 0.046675 0.028653
v -0.061129 0.047508 0.028692
v -0.061494 0.046768 0.027354
v -0.061331 0.047612 0.027410
v -0.061177 0.048911 0.027625
v -0.061507 0.047824 0.026286
v -0.061410 0.049161 0.026624
v -0.061452 0.050994 0.027357
v -0.061568 0.049411 0.025967
v -0.061667 0.051217 0.026722
v -0.061946 0.053148 0.027504
v -0.061828 0.051396 0.026268
v -0.062097 0.053264 0.027040
v -0.062599 0.055153 0.027619
v -0.062244 0.053374 0.026591
v -0.062721 0.055202 0.027151
v -0.063532 0.056957 0.027530
v -0.062849 0.055241 0.026693
v -0.063651 0.056983 0.027029
v -0.064928 0.058535 0.027413
v -0.063809 0.056969 0.026560
v -0.065086 0.058543 0.026914
v -0.066708 0.059776 0.027544
v -0.065307 0.058467 0.026456
v -0.066937 0.059701 0.027088
v -0.068695 0.060410 0.027905
v -0.067173 0.059418 0.026894
v -0.068895 0.060082 0.027667
v -0.070547 0.060354 0.028385
v -0.068857 0.059728 0.027944
v -0.070505 0.060012 0.028631
v -0.072134 0.060260 0.029129
v -0.070390 0.059789 0.029050
v -0.072059 0.060048 0.029568
v -0.073612 0.060455 0.029879
v -0.071983 0.059878 0.030006
v -0.073594 0.060269 0.030305
v -0.074730 0.060615 0.030432
v -0.073551 0.060077 0.030768
v -0.074651 0.060368 0.030903
v -0.075432 0.060542 0.031005
v -0.074606 0.060119 0.031409
v -0.075387 0.060240 0.031520
v -0.076004 0.060333 0.031580
v -0.075356 0.059882 0.032192
v -0.075984 0.059943 0.032224
v -0.076528 0.060017 0.032210
v -0.076563 0.060442 0.031575
v -0.077035 0.060084 0.032219
v -0.077085 0.060574 0.031529
v -0.077519 0.060741 0.031541
v -0.077392 0.061162 0.030907
v -0.077509 0.060181 0.032284
v -0.077687 0.060403 0.032451
v -0.077649 0.060975 0.031684
v -0.076894 0.059360 0.033241
v -0.077349 0.059395 0.033318
v -0.077636 0.059550 0.033460
v -0.077295 0.059761 0.033553
v -0.077335 0.060513 0.032525
v -0.077155 0.058482 0.034652
v -0.077452 0.058635 0.034789
v -0.077148 0.058882 0.034909
v -0.076703 0.059006 0.034934
v -0.076829 0.059865 0.033555
v -0.077267 0.057712 0.036124
v -0.076974 0.057971 0.036270
v -0.076542 0.058141 0.036334
v -0.076083 0.058277 0.036373
v -0.076246 0.059103 0.034943
v -0.076786 0.057110 0.037382
v -0.076374 0.057332 0.037459
v -0.075929 0.057532 0.037492
v -0.075438 0.057710 0.037504
v -0.075574 0.058400 0.036398
v -0.076228 0.056700 0.038251
v -0.075821 0.056938 0.038264
v -0.075382 0.057140 0.038260
v -0.074831 0.057380 0.038188
v -0.074955 0.057859 0.037462
v -0.075707 0.056446 0.038865
v -0.075235 0.056725 0.038820
v -0.074637 0.057106 0.038616
v -0.073842 0.057563 0.038197
v -0.074002 0.057780 0.037828
v -0.075028 0.056471 0.039193
v -0.074430 0.056895 0.038952
v -0.073635 0.057354 0.038564
v -0.072346 0.057735 0.038034
v -0.072496 0.057943 0.037644
v -0.074208 0.056681 0.039245
v -0.073424 0.057119 0.038871
v -0.072210 0.057501 0.038336
v -0.070771 0.057486 0.037928
v -0.070774 0.057754 0.037589
v -0.073199 0.056828 0.039076
v -0.072081 0.057175 0.038555
v -0.070783 0.057176 0.038177
v -0.069469 0.056744 0.038126
v -0.069321 0.057035 0.037844
v -0.072014 0.056799 0.038588
v -0.070827 0.056805 0.038245
v -0.069637 0.056419 0.038207
v -0.068026 0.055239 0.038615
v -0.067774 0.055615 0.038464
v -0.070909 0.056713 0.037931
v -0.069664 0.056299 0.037884
v -0.068066 0.055191 0.038197
v -0.065890 0.053865 0.037822
v -0.065696 0.053805 0.038221
v -0.069587 0.056392 0.037476
v -0.067975 0.055379 0.037760
v -0.065953 0.054133 0.037423
v -0.064164 0.053345 0.036090
v -0.063993 0.053067 0.036464
v -0.067881 0.055645 0.037344
v -0.065953 0.054504 0.037042
v -0.064216 0.053696 0.035776
v -0.063058 0.052832 0.034532
v -0.063011 0.052519 0.034846
v -0.065913 0.054894 0.036714
v -0.064197 0.054089 0.035491
v -0.063027 0.053210 0.034211
v -0.062301 0.052073 0.033155
v -0.062348 0.051766 0.033514
v -0.064145 0.054477 0.035199
v -0.062987 0.053588 0.033882
v -0.062262 0.052400 0.032778
v -0.061791 0.050967 0.031897
v -0.061841 0.050725 0.032312
v -0.062980 0.053995 0.033492
v -0.062271 0.052735 0.032360
v -0.061806 0.051216 0.031441
v -0.061677 0.049567 0.030749
v -0.061661 0.049396 0.031240
v -0.062381 0.053140 0.031788
v -0.061924 0.051507 0.030895
v -0.061769 0.049778 0.030149
v -0.061881 0.048367 0.029701
v -0.061815 0.048240 0.030366
v -0.062238 0.051941 0.029987
v -0.062000 0.050107 0.029261
v -0.062028 0.048525 0.028779
v -0.062130 0.047420 0.028664
v -0.062016 0.047390 0.029532
v -0.062386 0.050534 0.028095
v -0.062304 0.048795 0.027514
v -0.062333 0.047509 0.027336
v -0.062399 0.046747 0.027294
v -0.062221 0.046616 0.028674
v -0.062575 0.049126 0.026430
v -0.062530 0.047751 0.026092
v -0.062547 0.046923 0.026030
v -0.062568 0.046282 0.025988
v -0.062454 0.046121 0.027265
v -0.062624 0.047958 0.025399
v -0.062610 0.047077 0.025256
v -0.062596 0.046394 0.025173
v -0.062565 0.045802 0.025080
v -0.062570 0.045698 0.025929
v -0.062615 0.047196 0.024659
v -0.062572 0.046463 0.024572
v -0.062517 0.045850 0.024505
v -0.062393 0.045354 0.024405
v -0.062454 0.045274 0.024979
v -0.062273 0.044841 0.024910
v -0.062313 0.044707 0.025834
v -0.062490 0.045164 0.025875
v -0.062203 0.044972 0.024322
v -0.061869 0.044983 0.024372
v -0.061927 0.044859 0.024950
v -0.062133 0.045129 0.023830
v -0.061797 0.045133 0.023882
v -0.061739 0.045382 0.024506
v -0.062033 0.045480 0.023312
v -0.061689 0.045470 0.023342
v -0.061971 0.046340 0.022825
v -0.061603 0.046352 0.022854
v -0.062096 0.047448 0.022787
v -0.061743 0.047501 0.022817
v -0.061602 0.047470 0.023281
v -0.061984 0.048807 0.023159
v -0.061789 0.048700 0.023566
v -0.061725 0.048563 0.024023
v -0.061604 0.047436 0.023767
v -0.061674 0.048423 0.024485
v -0.061642 0.047372 0.024280
v -0.061631 0.048257 0.024984
v -0.061663 0.047276 0.024800
v -0.061683 0.046518 0.024712
v -0.061706 0.045909 0.024630
v -0.061652 0.047128 0.025381
v -0.061709 0.046439 0.025287
v -0.061751 0.045852 0.025181
v -0.061791 0.045317 0.025063
v -0.061701 0.046306 0.026089
v -0.061776 0.045745 0.026004
v -0.061830 0.045216 0.025923
v -0.061725 0.045611 0.027265
v -0.061822 0.045098 0.027227
v -0.061958 0.044617 0.027195
v -0.061969 0.044726 0.025852
v -0.062296 0.044586 0.027199
v -0.061857 0.044559 0.028630
v -0.062190 0.044514 0.028654
v -0.062345 0.044968 0.028678
v -0.062460 0.045049 0.027223
v -0.062343 0.045469 0.028683
v -0.062491 0.045560 0.027243
v -0.062289 0.046025 0.028678
v -0.062229 0.045464 0.029607
v -0.062183 0.046018 0.029543
v -0.062118 0.046602 0.029505
v -0.062114 0.046024 0.030171
v -0.062046 0.046615 0.030153
v -0.061948 0.047349 0.030195
v -0.062006 0.046580 0.030651
v -0.061917 0.047268 0.030706
v -0.061793 0.048129 0.030882
v -0.061903 0.047184 0.031148
v -0.061799 0.048037 0.031317
v -0.061691 0.049251 0.031677
v -0.061802 0.047944 0.031735
v -0.061741 0.049112 0.032098
v -0.061902 0.050489 0.032716
v -0.061703 0.048970 0.032511
v -0.061872 0.050291 0.033100
v -0.062312 0.051501 0.033872
v -0.061663 0.050151 0.033466
v -0.062107 0.051317 0.034238
v -0.062810 0.052285 0.035203
v -0.061755 0.051360 0.034411
v -0.062494 0.052328 0.035417
v -0.063732 0.053095 0.036733
v -0.062337 0.052689 0.035255
v -0.063602 0.053511 0.036606
v -0.065533 0.054295 0.038033
v -0.063563 0.053905 0.036349
v -0.065453 0.054691 0.037699
v -0.067580 0.055933 0.038124
v -0.065357 0.055077 0.037351
v -0.067434 0.056252 0.037773
v -0.069219 0.057295 0.037527
v -0.067315 0.056598 0.037414
v -0.069136 0.057544 0.037131
v -0.070795 0.057957 0.037189
v -0.069058 0.057795 0.036670
v -0.070816 0.058166 0.036744
v -0.072633 0.058148 0.037230
v -0.070841 0.058403 0.036217
v -0.072767 0.058366 0.036778
v -0.074166 0.058102 0.037267
v -0.072946 0.058773 0.035937
v -0.074363 0.058610 0.036291
v -0.075047 0.058506 0.036375
v -0.074528 0.059346 0.034859
v -0.075225 0.059266 0.034922
v -0.075752 0.059194 0.034943
v -0.075338 0.060072 0.033477
v -0.075883 0.060001 0.033518
v -0.076375 0.059935 0.033542
v -0.075896 0.060608 0.032576
v -0.076415 0.060588 0.032575
v -0.076893 0.060568 0.032556
v -0.076374 0.061027 0.031928
v -0.076876 0.061062 0.031870
v -0.077294 0.061058 0.031794
v -0.077121 0.061480 0.031184
v -0.077450 0.061432 0.031012
v -0.076740 0.061765 0.030670
v -0.076992 0.061710 0.030408
v -0.076194 0.061855 0.030282
v -0.075389 0.061722 0.030472
v -0.075283 0.061545 0.030902
v -0.074494 0.061441 0.030768
v -0.075224 0.061303 0.031366
v -0.074426 0.061245 0.031249
v -0.073267 0.061064 0.031074
v -0.074418 0.060974 0.031781
v -0.073259 0.060845 0.031613
v -0.071542 0.060640 0.031218
v -0.073273 0.060574 0.032218
v -0.071458 0.060392 0.031819
v -0.069520 0.060205 0.031217
v -0.071290 0.059935 0.032850
v -0.069169 0.059747 0.032253
v -0.067309 0.059408 0.031637
v -0.068815 0.059146 0.033653
v -0.066851 0.058699 0.033400
v -0.065393 0.058159 0.033001
v -0.066894 0.057986 0.035267
v -0.065124 0.057277 0.034913
v -0.063568 0.056461 0.033864
v -0.065127 0.056457 0.035966
v -0.063407 0.055720 0.034839
v -0.062194 0.054659 0.033560
v -0.063395 0.055152 0.035387
v -0.062141 0.054201 0.034077
v -0.061273 0.052917 0.032842
v -0.062147 0.053824 0.034432
v -0.061283 0.052605 0.033225
v -0.060735 0.051133 0.032243
v -0.061346 0.052283 0.033575
v -0.060802 0.050873 0.032642
v -0.060620 0.049316 0.031877
v -0.060910 0.050625 0.033006
v -0.060720 0.049142 0.032278
v -0.060836 0.047862 0.031793
v -0.060863 0.048975 0.032655
v -0.060966 0.047769 0.032190
v -0.061094 0.046957 0.031966
v -0.061202 0.047700 0.032514
v -0.061306 0.046914 0.032291
v -0.061401 0.046352 0.032167
v -0.061603 0.046950 0.032256
v -0.061655 0.046373 0.032136
v -0.061800 0.047035 0.031937
v -0.061836 0.046426 0.031838
v -0.061883 0.047111 0.031562
v -0.061938 0.046481 0.031489
v -0.061978 0.046530 0.031099
v -0.062027 0.045998 0.031107
v -0.062066 0.046011 0.030673
v -0.062101 0.045513 0.030730
v -0.062155 0.045485 0.030237
v -0.062131 0.044994 0.030326
v -0.062225 0.044959 0.029661
v -0.062081 0.044519 0.029686
v -0.061731 0.047841 0.032129
v -0.061526 0.047738 0.032470
v -0.061489 0.048847 0.032875
v -0.061129 0.048834 0.032955
v -0.061303 0.050168 0.033601
v -0.061043 0.050385 0.033350
v -0.061550 0.051649 0.034201
v -0.061440 0.051968 0.033896
v -0.062276 0.053061 0.034995
v -0.062212 0.053440 0.034719
v -0.063510 0.054308 0.036060
v -0.063447 0.054710 0.035767
v -0.065267 0.055455 0.037018
v -0.065185 0.055890 0.036603
v -0.067221 0.056965 0.037009
v -0.067089 0.057386 0.036363
v -0.068979 0.058079 0.036134
v -0.068860 0.058528 0.035199
v -0.070911 0.058751 0.035466
v -0.071070 0.059376 0.034087
v -0.073155 0.059420 0.034616
v -0.073275 0.060095 0.033229
v -0.074608 0.060128 0.033400
v -0.074507 0.060662 0.032400
v -0.075308 0.060639 0.032512
v -0.075234 0.061011 0.031882
v -0.075850 0.061015 0.031936
v -0.061614 0.046159 0.027307
v -0.061615 0.046938 0.026161
v -0.061590 0.048045 0.025535
v -0.061681 0.049630 0.025472
v -0.061791 0.049849 0.025030
v -0.061976 0.051576 0.025839
v -0.061905 0.050046 0.024608
v -0.062111 0.051743 0.025427
v -0.062385 0.053475 0.026167
v -0.062270 0.051897 0.025047
v -0.062546 0.053562 0.025774
v -0.063000 0.055260 0.026270
v -0.062826 0.053612 0.025435
v -0.063261 0.055229 0.025899
v -0.064035 0.056876 0.026142
v -0.063636 0.055101 0.025804
v -0.064383 0.056674 0.026002
v -0.065607 0.058223 0.026282
v -0.064579 0.056515 0.026365
v -0.065733 0.057977 0.026660
v -0.067217 0.059090 0.027226
v -0.065721 0.057824 0.027155
v -0.067141 0.058879 0.027691
v -0.068731 0.059494 0.028378
v -0.067033 0.058717 0.028178
v -0.068588 0.059317 0.028839
v -0.070260 0.059618 0.029498
v -0.068436 0.059158 0.029318
v -0.070123 0.059464 0.029960
v -0.071898 0.059728 0.030472
v -0.069972 0.059304 0.030463
v -0.071811 0.059574 0.030962
v -0.073501 0.059879 0.031257
v -0.071676 0.059349 0.031646
v -0.073426 0.059621 0.031933
v -0.074567 0.059800 0.032099
v -0.073329 0.059210 0.032972
v -0.074497 0.059323 0.033080
v -0.075307 0.059357 0.033133
v -0.074381 0.058633 0.034464
v -0.075167 0.058621 0.034533
v -0.075719 0.058587 0.034563
v -0.075898 0.059367 0.033169
v -0.076223 0.058544 0.034586
v -0.076413 0.059364 0.033201
v -0.076694 0.058500 0.034609
v -0.076017 0.057741 0.035990
v -0.076487 0.057658 0.035986
v -0.076957 0.057594 0.035998
v -0.076282 0.056895 0.037096
v -0.076748 0.056772 0.037102
v -0.077070 0.056844 0.037228
v -0.076550 0.056127 0.037928
v -0.076889 0.056144 0.038041
v -0.076627 0.056426 0.038189
v -0.076726 0.055632 0.038638
v -0.076485 0.055923 0.038782
v -0.076090 0.056199 0.038842
v -0.076308 0.055487 0.039276
v -0.075929 0.055775 0.039335
v -0.075516 0.056096 0.039318
v -0.075704 0.055444 0.039722
v -0.075269 0.055841 0.039659
v -0.074781 0.056248 0.039497
v -0.074969 0.055592 0.039872
v -0.074502 0.056001 0.039702
v -0.073959 0.056399 0.039465
v -0.074250 0.055703 0.039741
v -0.073731 0.056060 0.039485
v -0.073023 0.056469 0.039084
v -0.073839 0.056000 0.039156
v -0.073143 0.056375 0.038763
v -0.072129 0.056702 0.038278
v -0.073377 0.056515 0.038410
v -0.072302 0.056840 0.037919
v -0.070964 0.056820 0.037548
v -0.072458 0.056993 0.037562
v -0.071009 0.056965 0.037151
v -0.069522 0.056547 0.037081
v -0.071056 0.057120 0.036725
v -0.069453 0.056742 0.036640
v -0.067791 0.055962 0.036936
v -0.069367 0.056992 0.036156
v -0.067656 0.056320 0.036463
v -0.065859 0.055333 0.036359
v -0.067423 0.056740 0.035835
v -0.065712 0.055829 0.035803
v -0.064114 0.054945 0.034793
v -0.065518 0.056402 0.034892
v -0.064142 0.055569 0.034063
v -0.063065 0.054507 0.032895
v -0.064380 0.056325 0.032579
v -0.063384 0.055162 0.031716
v -0.062687 0.053686 0.030825
v -0.063840 0.055731 0.030211
v -0.063131 0.054200 0.029535
v -0.062662 0.052385 0.028858
v -0.063433 0.054441 0.028563
v -0.062995 0.052656 0.027904
v -0.062731 0.050874 0.027139
v -0.063166 0.052800 0.027393
v -0.062895 0.051056 0.026646
v -0.062723 0.049340 0.025841
v -0.063020 0.051222 0.026223
v -0.062808 0.049528 0.025407
v -0.062678 0.048131 0.024871
v -0.062872 0.049727 0.024981
v -0.062681 0.048285 0.024398
v -0.062582 0.047264 0.024160
v -0.062646 0.048435 0.023939
v -0.062497 0.047323 0.023660
v -0.062545 0.048599 0.023497
v -0.062351 0.047372 0.023184
v -0.062349 0.048763 0.023116
v -0.062816 0.050148 0.024153
v -0.062639 0.050363 0.023789
v -0.062279 0.050385 0.023857
v -0.062916 0.051982 0.024669
v -0.062543 0.052019 0.024723
v -0.062039 0.050235 0.024206
v -0.063201 0.053540 0.025372
v -0.063096 0.051781 0.025000
v -0.063402 0.053367 0.025702
v -0.063847 0.054947 0.026139
v -0.063446 0.053202 0.026104
v -0.063876 0.054835 0.026571
v -0.064605 0.056428 0.026846
v -0.063828 0.054740 0.027007
v -0.064559 0.056360 0.027327
v -0.065661 0.057720 0.027663
v -0.064485 0.056301 0.027811
v -0.065580 0.057628 0.028176
v -0.066909 0.058568 0.028691
v -0.065440 0.057493 0.028818
v -0.066740 0.058387 0.029323
v -0.068254 0.058977 0.029883
v -0.066484 0.058134 0.030175
v -0.067977 0.058713 0.030696
v -0.069728 0.059065 0.031219
v -0.067571 0.058318 0.031809
v -0.069373 0.058705 0.032237
v -0.071472 0.058974 0.032688
v -0.069088 0.058156 0.033647
v -0.071305 0.058468 0.033883
v -0.073240 0.058602 0.034279
v -0.071219 0.057947 0.034965
v -0.073081 0.057996 0.035450
v -0.074253 0.057936 0.035801
v -0.072915 0.057586 0.036252
v -0.074086 0.057419 0.036758
v -0.074857 0.057267 0.037004
v -0.074998 0.057879 0.035935
v -0.075337 0.057153 0.037076
v -0.075521 0.057816 0.035979
v -0.075826 0.057032 0.037088
v -0.075238 0.056623 0.037805
v -0.075672 0.056459 0.037855
v -0.076100 0.056283 0.037895
v -0.075521 0.055998 0.038449
v -0.075935 0.055815 0.038490
v -0.076368 0.055652 0.038529
v -0.075744 0.055433 0.038984
v -0.076198 0.055241 0.039017
v -0.076543 0.055216 0.039138
v -0.075994 0.054863 0.039455
v -0.076312 0.054803 0.039571
v -0.076075 0.055098 0.039693
v -0.076033 0.054636 0.039916
v -0.075772 0.054783 0.040017
v -0.075392 0.055161 0.040002
v -0.075494 0.054715 0.040158
v -0.075107 0.054932 0.040075
v -0.074674 0.055317 0.039938
v -0.075212 0.054911 0.039791
v -0.074799 0.055280 0.039617
v -0.074349 0.055653 0.039426
v -0.075076 0.055438 0.039281
v -0.074606 0.055788 0.039071
v -0.074074 0.056150 0.038786
v -0.074848 0.055968 0.038749
v -0.074281 0.056337 0.038453
v -0.073584 0.056698 0.038065
v -0.074491 0.056539 0.038125
v -0.073791 0.056901 0.037711
v -0.072604 0.057151 0.037174
v -0.073937 0.057092 0.037371
v -0.072757 0.057335 0.036771
v -0.071106 0.057322 0.036250
v -0.071156 0.057598 0.035671
v -0.069255 0.057323 0.035526
v -0.069163 0.057655 0.034843
v -0.067180 0.057159 0.035032
v -0.067095 0.057701 0.033534
v -0.065611 0.057127 0.033186
v -0.066100 0.057752 0.031365
v -0.064847 0.056929 0.030833
v -0.065210 0.057278 0.029663
v -0.064177 0.056052 0.029141
v -0.064376 0.056222 0.028365
v -0.063617 0.054576 0.027919
v -0.063736 0.054657 0.027458
v -0.063302 0.052925 0.026947
v -0.063402 0.053060 0.026519
v -0.063111 0.051394 0.025806
v -0.063142 0.051578 0.025398
v -0.062879 0.049931 0.024565
v -0.074696 0.056811 0.037697
v -0.075068 0.056215 0.038367
v -0.075320 0.055664 0.038912
v -0.075516 0.055130 0.039405
v -0.075662 0.054578 0.039867
v -0.105951 0.052535 0.017258
v -0.105702 0.052590 0.016942
v -0.105415 0.052872 0.017296
v -0.105585 0.052674 0.017678
v -0.105834 0.052795 0.017752
v -0.105825 0.053053 0.017377
v -0.105973 0.052713 0.016979
v -0.098381 0.057721 0.023010
v -0.098819 0.057594 0.022824
v -0.098825 0.057287 0.023069
v -0.098680 0.057420 0.022709
v -0.098466 0.057976 0.022273
v -0.098804 0.057971 0.022274
v -0.098651 0.057699 0.022119
v -0.099257 0.057029 0.022779
v -0.099090 0.057099 0.022457
v -0.099270 0.057356 0.022582
v -0.100832 0.058266 0.016885
v -0.100382 0.058858 0.016571
v -0.100035 0.058714 0.018090
v -0.100667 0.058052 0.017907
v -0.101405 0.057720 0.016279
v -0.101102 0.058103 0.015490
v -0.101593 0.057179 0.017472
v -0.100993 0.059131 0.016874
v -0.100938 0.058872 0.018031
v -0.100282 0.059430 0.018165
v -0.100509 0.059560 0.016582
v -0.101282 0.058775 0.015353
v -0.101675 0.058474 0.016175
v -0.102003 0.057857 0.017696
v -0.103686 0.056213 0.014098
v -0.103711 0.056090 0.013619
v -0.104313 0.055452 0.014157
v -0.104066 0.055834 0.014540
v -0.103587 0.056454 0.015061
v -0.103264 0.056699 0.014288
v -0.103030 0.056781 0.013690
v -0.103226 0.055692 0.014146
v -0.103282 0.055584 0.013663
v -0.102636 0.056280 0.013802
v -0.102816 0.056165 0.014371
v -0.103534 0.055363 0.014629
v -0.103825 0.054986 0.014192
v -0.103094 0.055881 0.015097
v -0.102107 0.056974 0.014851
v -0.102375 0.056684 0.015625
v -0.102683 0.056176 0.016803
v -0.103482 0.055386 0.016121
v -0.103970 0.054845 0.015622
v -0.103860 0.054833 0.017134
v -0.104329 0.054357 0.016599
v -0.104657 0.053965 0.016208
v -0.104308 0.054428 0.015259
v -0.104921 0.053621 0.015872
v -0.104574 0.054086 0.014963
v -0.104032 0.054713 0.013833
v -0.104862 0.053777 0.014672
v -0.104266 0.054496 0.013498
v -0.103395 0.055442 0.012762
v -0.103319 0.055500 0.013208
v -0.102421 0.056420 0.012889
v -0.102511 0.056326 0.013368
v -0.101624 0.057242 0.013847
v -0.101848 0.057149 0.014277
v -0.101461 0.057357 0.013424
v -0.100254 0.058660 0.014237
v -0.100515 0.058521 0.014565
v -0.102469 0.056630 0.012575
v -0.101477 0.057561 0.013132
v -0.100100 0.058906 0.013941
v -0.098831 0.060026 0.015809
v -0.099149 0.059756 0.015965
v -0.101696 0.057679 0.013342
v -0.100381 0.059027 0.014132
v -0.099230 0.060158 0.015925
v -0.098899 0.060015 0.018237
v -0.098604 0.059878 0.018198
v -0.100701 0.058983 0.014484
v -0.099635 0.060057 0.016102
v -0.099350 0.059923 0.018242
v -0.099304 0.059120 0.019868
v -0.098857 0.059285 0.019959
v -0.099993 0.059876 0.016300
v -0.099785 0.059738 0.018202
v -0.099668 0.058913 0.019773
v -0.099573 0.058238 0.020768
v -0.099241 0.058480 0.020869
v -0.100075 0.058623 0.019669
v -0.100001 0.057926 0.020592
v -0.100049 0.057505 0.021142
v -0.099586 0.057830 0.021409
v -0.100737 0.058101 0.019476
v -0.100669 0.057471 0.020290
v -0.100719 0.057067 0.020748
v -0.100787 0.056738 0.021112
v -0.100145 0.057175 0.021505
v -0.101939 0.056619 0.019823
v -0.101979 0.056233 0.020271
v -0.102011 0.055912 0.020632
v -0.102001 0.055552 0.020989
v -0.100815 0.056363 0.021483
v -0.103690 0.055154 0.019528
v -0.103726 0.054845 0.019868
v -0.103725 0.054470 0.020169
v -0.103577 0.054143 0.020240
v -0.101891 0.055249 0.021096
v -0.104836 0.054102 0.018872
v -0.104855 0.053770 0.019190
v -0.104698 0.053469 0.019273
v -0.104493 0.053606 0.018959
v -0.103445 0.054284 0.019888
v -0.105360 0.053369 0.018578
v -0.105217 0.053107 0.018677
v -0.104986 0.053228 0.018398
v -0.104838 0.053477 0.018055
v -0.104367 0.053852 0.018605
v -0.105538 0.052803 0.018282
v -0.105325 0.052926 0.017998
v -0.105151 0.053167 0.017645
v -0.105009 0.053418 0.017258
v -0.104701 0.053744 0.017685
v -0.105263 0.053100 0.016905
v -0.105112 0.053333 0.016448
v -0.104848 0.053679 0.016789
v -0.105551 0.052783 0.016586
v -0.105400 0.052989 0.016132
v -0.105874 0.052646 0.016423
v -0.105801 0.052875 0.015944
v -0.105546 0.053227 0.015397
v -0.105196 0.053305 0.015564
v -0.105215 0.053710 0.014496
v -0.105607 0.053545 0.015596
v -0.105249 0.054059 0.014685
v -0.104629 0.054791 0.013461
v -0.104580 0.054504 0.013274
v -0.103748 0.055799 0.012685
v -0.103586 0.055559 0.012338
v -0.102702 0.056772 0.012829
v -0.103748 0.055945 0.013164
v -0.102871 0.056785 0.013252
v -0.101924 0.057682 0.013738
v -0.102158 0.057656 0.014149
v -0.100969 0.058909 0.014847
v -0.102437 0.057575 0.014682
v -0.102769 0.057360 0.015591
v -0.103143 0.056809 0.017157
v -0.104090 0.055868 0.016234
v -0.104571 0.055140 0.017367
v -0.103469 0.056010 0.018454
v -0.104625 0.055196 0.015560
v -0.105052 0.054576 0.016669
v -0.105233 0.054209 0.017362
v -0.104756 0.054674 0.018075
v -0.104882 0.054805 0.015234
v -0.105287 0.054223 0.016260
v -0.105471 0.053879 0.016891
v -0.105577 0.053613 0.017369
v -0.105303 0.053931 0.017842
v -0.105460 0.053900 0.015915
v -0.105650 0.053565 0.016515
v -0.105758 0.053302 0.016983
v -0.105634 0.053360 0.017761
v -0.105800 0.053214 0.016187
v -0.105916 0.052950 0.016639
v -0.105935 0.052485 0.016666
v -0.105649 0.053053 0.018134
v -0.105344 0.053684 0.018226
v -0.104803 0.054371 0.018532
v -0.103626 0.055520 0.019108
v -0.101964 0.057137 0.019111
v -0.105674 0.052631 0.018003
v -0.105090 0.054433 0.014956
v -0.104487 0.055134 0.013811
v -0.104538 0.054041 0.017211
v -0.104088 0.054447 0.017772
v -0.104247 0.054115 0.018240
v -0.103171 0.055112 0.018643
v -0.103282 0.054783 0.019140
v -0.103363 0.054528 0.019515
v -0.101766 0.055763 0.019918
v -0.101783 0.055550 0.020321
v -0.101815 0.055344 0.020735
v -0.100555 0.056365 0.020841
v -0.100628 0.056156 0.021254
v -0.100726 0.056047 0.021605
v -0.100006 0.056578 0.021661
v -0.100132 0.056456 0.022001
v -0.100208 0.056785 0.021873
v -0.099725 0.056776 0.022404
v -0.099738 0.057110 0.022219
v -0.099661 0.057468 0.021898
v -0.099250 0.057743 0.022141
v -0.099237 0.058080 0.021551
v -0.098812 0.058297 0.021652
v -0.098805 0.058691 0.020968
v -0.098471 0.058274 0.021624
v -0.098481 0.058641 0.020941
v -0.098527 0.059190 0.019926
v -0.098661 0.058327 0.020781
v -0.098731 0.058853 0.019809
v -0.098837 0.059600 0.018183
v -0.099063 0.058557 0.019719
v -0.099243 0.059369 0.018181
v -0.099537 0.059561 0.016165
v -0.099636 0.059096 0.018152
v -0.099989 0.059237 0.016363
v -0.100795 0.058355 0.014956
v -0.099396 0.058270 0.019626
v -0.099814 0.057913 0.019494
v -0.099301 0.057735 0.020508
v -0.099766 0.057380 0.020291
v -0.100466 0.056884 0.019958
v -0.100503 0.057347 0.019241
v -0.101724 0.056066 0.019416
v -0.101678 0.056488 0.018730
v -0.103000 0.055544 0.017956
v -0.100498 0.056588 0.020440
v -0.099808 0.057059 0.020848
v -0.099902 0.056811 0.021250
v -0.099327 0.057399 0.021156
v -0.099406 0.057118 0.021659
v -0.099542 0.056836 0.022091
v -0.098990 0.057404 0.021938
v -0.098965 0.057684 0.021334
v -0.098654 0.057973 0.021482
v -0.098965 0.058018 0.020641
v -0.109904 0.044827 0.001358
v -0.109665 0.045088 0.001687
v -0.109939 0.044911 0.002034
v -0.110333 0.044617 0.001692
v -0.110290 0.045205 0.001864
v -0.109887 0.045263 0.001573
v -0.109615 0.046892 0.010027
v -0.109770 0.046528 0.009868
v -0.109755 0.046307 0.010391
v -0.109547 0.046908 0.010413
v -0.109323 0.047617 0.009855
v -0.109474 0.047348 0.009550
v -0.109650 0.046986 0.009213
v -0.108091 0.049225 0.005803
v -0.107799 0.049459 0.005710
v -0.107874 0.049152 0.005163
v -0.108225 0.048950 0.005482
v -0.108361 0.049052 0.006382
v -0.108100 0.049405 0.006552
v -0.108607 0.048630 0.006088
v -0.107630 0.048224 0.005516
v -0.107360 0.048493 0.005497
v -0.107497 0.048596 0.006075
v -0.107767 0.048187 0.005871
v -0.107851 0.047813 0.005020
v -0.107563 0.047982 0.004713
v -0.108084 0.047616 0.005348
v -0.109296 0.046070 0.010115
v -0.109183 0.046457 0.009888
v -0.109037 0.046675 0.010296
v -0.109233 0.046044 0.010467
v -0.109463 0.045430 0.010300
v -0.109453 0.045682 0.009916
v -0.109364 0.046083 0.009483
v -0.110762 0.044070 0.008231
v -0.110666 0.044305 0.008468
v -0.110645 0.044549 0.008077
v -0.110782 0.044152 0.007921
v -0.110825 0.043755 0.008346
v -0.110698 0.043973 0.008756
v -0.110890 0.043731 0.007872
v -0.110704 0.044537 0.002173
v -0.110597 0.045045 0.002316
v -0.110241 0.044716 0.002439
v -0.110420 0.043656 0.008444
v -0.110517 0.043341 0.008563
v -0.110640 0.043387 0.007920
v -0.110447 0.043823 0.008003
v -0.110218 0.044296 0.008196
v -0.110273 0.043936 0.008653
v -0.110341 0.043600 0.008937
v -0.110036 0.044408 0.008997
v -0.110092 0.044052 0.009343
v -0.110236 0.043846 0.009599
v -0.110486 0.043412 0.009111
v -0.110676 0.043110 0.008620
v -0.110668 0.043635 0.009014
v -0.110837 0.043377 0.008522
v -0.110962 0.043304 0.007868
v -0.110805 0.043053 0.007866
v -0.110988 0.043461 0.007234
v -0.110849 0.043342 0.007203
v -0.110639 0.043667 0.007315
v -0.110426 0.044074 0.007447
v -0.110849 0.043635 0.006346
v -0.110606 0.043996 0.006445
v -0.110369 0.044383 0.006580
v -0.110070 0.044888 0.006778
v -0.110165 0.044585 0.007644
v -0.110504 0.044381 0.005022
v -0.110219 0.044767 0.005186
v -0.109844 0.045269 0.005426
v -0.109272 0.046062 0.005880
v -0.109645 0.045588 0.007106
v -0.109958 0.045143 0.004076
v -0.109525 0.045654 0.004365
v -0.108877 0.046500 0.004969
v -0.108327 0.047380 0.005757
v -0.108687 0.047002 0.006518
v -0.109274 0.045898 0.003818
v -0.108626 0.046750 0.004521
v -0.109046 0.046083 0.003419
v -0.108393 0.046947 0.004165
v -0.108807 0.046250 0.003079
v -0.108158 0.047097 0.003845
v -0.108571 0.046401 0.002746
v -0.107919 0.047232 0.003539
v -0.107282 0.048099 0.004443
v -0.107802 0.047425 0.003255
v -0.107143 0.048280 0.004212
v -0.106759 0.048992 0.005116
v -0.107007 0.048712 0.005329
v -0.107005 0.049270 0.006106
v -0.107229 0.048923 0.006093
v -0.107436 0.049184 0.006858
v -0.107567 0.048805 0.006740
v -0.107758 0.048440 0.006559
v -0.107930 0.048488 0.007520
v -0.108104 0.048114 0.007291
v -0.108325 0.047672 0.006996
v -0.108002 0.047986 0.006264
v -0.108578 0.047542 0.008466
v -0.108797 0.047116 0.008154
v -0.109152 0.046447 0.007651
v -0.109162 0.046560 0.009001
v -0.109470 0.045951 0.008496
v -0.109857 0.045194 0.007973
v -0.109641 0.045498 0.009037
v -0.109969 0.044798 0.008543
v -0.109724 0.045076 0.009499
v -0.109767 0.044737 0.009874
v -0.109503 0.045218 0.010664
v -0.109871 0.044485 0.010201
v -0.109766 0.045278 0.010743
v -0.110123 0.044626 0.010145
v -0.110433 0.044029 0.009511
v -0.110231 0.044907 0.009816
v -0.110509 0.044342 0.009205
v -0.110252 0.045170 0.009426
v -0.110504 0.044641 0.008853
v -0.110233 0.045490 0.008922
v -0.110468 0.044971 0.008383
v -0.110162 0.045894 0.008241
v -0.110437 0.045264 0.007778
v -0.110649 0.044746 0.007546
v -0.110812 0.044291 0.007437
v -0.110399 0.045530 0.006840
v -0.110671 0.044952 0.006672
v -0.110856 0.044484 0.006553
v -0.110981 0.044077 0.006456
v -0.110924 0.043877 0.007346
v -0.110654 0.045223 0.005185
v -0.110896 0.044784 0.005074
v -0.111064 0.044376 0.004958
v -0.111127 0.043959 0.004844
v -0.111043 0.043670 0.006357
v -0.110758 0.045160 0.003752
v -0.110992 0.044710 0.003658
v -0.111042 0.044242 0.003589
v -0.110648 0.044327 0.003694
v -0.110809 0.043997 0.004881
v -0.110821 0.044895 0.002871
v -0.110868 0.044416 0.002797
v -0.110486 0.044518 0.002998
v -0.110111 0.044950 0.003211
v -0.110301 0.044737 0.003878
v -0.109881 0.045145 0.002732
v -0.109483 0.045580 0.003032
v -0.109717 0.045392 0.003456
v -0.109622 0.045304 0.002343
v -0.109243 0.045739 0.002668
v -0.109386 0.045441 0.001984
v -0.109022 0.045881 0.002311
v -0.109371 0.045638 0.001715
v -0.108914 0.046057 0.002003
v -0.108447 0.046628 0.002419
v -0.109254 0.046214 0.002131
v -0.108802 0.046769 0.002586
v -0.108109 0.047635 0.003324
v -0.109142 0.046794 0.002866
v -0.108486 0.047701 0.003566
v -0.107829 0.048627 0.004335
v -0.107425 0.048524 0.004179
v -0.107463 0.049227 0.005021
v -0.107043 0.049148 0.005040
v -0.107464 0.049633 0.005786
v -0.107109 0.049587 0.005986
v -0.107839 0.049611 0.006711
v -0.107539 0.049552 0.006860
v -0.108241 0.049281 0.007688
v -0.107939 0.049246 0.007803
v -0.107822 0.048872 0.007713
v -0.108416 0.048580 0.009107
v -0.108288 0.048243 0.008953
v -0.108401 0.047890 0.008713
v -0.108646 0.047538 0.010023
v -0.108798 0.047257 0.009750
v -0.108977 0.046933 0.009399
v -0.108923 0.046840 0.010699
v -0.109065 0.047020 0.010937
v -0.109397 0.046085 0.011147
v -0.109191 0.045997 0.010907
v -0.108778 0.047827 0.010209
v -0.109104 0.047841 0.010106
v -0.109376 0.047009 0.010746
v -0.108714 0.048588 0.009016
v -0.108955 0.048336 0.008795
v -0.108482 0.049022 0.007485
v -0.108697 0.048682 0.007268
v -0.109137 0.048033 0.008553
v -0.109353 0.047614 0.008238
v -0.108937 0.048241 0.006962
v -0.109231 0.047684 0.006527
v -0.109615 0.047097 0.007795
v -0.108875 0.048117 0.005627
v -0.109382 0.047214 0.004857
v -0.109731 0.046781 0.005834
v -0.108532 0.048418 0.005011
v -0.109071 0.047500 0.004268
v -0.109686 0.046553 0.003560
v -0.110012 0.046239 0.004194
v -0.108220 0.048568 0.004626
v -0.108794 0.047646 0.003883
v -0.109429 0.046709 0.003192
v -0.109898 0.046103 0.002789
v -0.110152 0.045932 0.003197
v -0.109609 0.046217 0.002450
v -0.110014 0.045707 0.002130
v -0.110306 0.045580 0.002512
v -0.109682 0.045739 0.001843
v -0.109518 0.045293 0.001533
v -0.110550 0.045408 0.002999
v -0.110440 0.045633 0.003905
v -0.110292 0.045830 0.005362
v -0.110008 0.046313 0.007210
v -0.109865 0.046529 0.008792
v -0.109968 0.046087 0.009484
v -0.109978 0.045771 0.010024
v -0.109937 0.045529 0.010417
v -0.109650 0.046204 0.010798
v -0.113047 0.033224 -0.008569
v -0.113167 0.032791 -0.008662
v -0.112291 0.033400 -0.009309
v -0.112451 0.033741 -0.008955
v -0.112626 0.034108 -0.008525
v -0.113309 0.033388 -0.008147
v -0.113649 0.032829 -0.008078
v -0.111894 0.041255 0.000606
v -0.111686 0.041684 0.000698
v -0.111855 0.041292 0.001483
v -0.112062 0.040892 0.001092
v -0.112307 0.040331 0.000362
v -0.111991 0.040925 -0.000042
v -0.111737 0.041418 -0.000275
v -0.114248 0.033118 -0.008482
v -0.114349 0.032713 -0.008617
v -0.114797 0.032965 -0.007603
v -0.114512 0.033408 -0.007788
v -0.114067 0.033939 -0.008105
v -0.113846 0.033416 -0.008852
v -0.113759 0.033030 -0.009212
v -0.112635 0.041476 0.000618
v -0.112719 0.041224 -0.000091
v -0.113050 0.040527 0.000400
v -0.112816 0.041080 0.001122
v -0.112445 0.041887 0.000713
v -0.112461 0.041723 -0.000358
v -0.112614 0.041495 0.001530
v -0.112362 0.040181 0.004556
v -0.112297 0.040398 0.004397
v -0.112526 0.040494 0.004449
v -0.112590 0.040211 0.004614
v -0.112370 0.039944 0.004379
v -0.112265 0.040177 0.004107
v -0.112496 0.039843 0.004617
v -0.112767 0.039885 0.004607
v -0.112791 0.040126 0.004446
v -0.112914 0.039652 0.004414
v -0.112639 0.039507 0.004416
v -0.113017 0.039928 0.004166
v -0.112999 0.040212 0.003899
v -0.113194 0.039947 0.003580
v -0.113211 0.039652 0.003881
v -0.113094 0.039351 0.004166
v -0.112778 0.040408 0.004210
v -0.112702 0.040725 0.003945
v -0.112914 0.040525 0.003611
v -0.112433 0.040834 0.004205
v -0.112199 0.040727 0.004153
v -0.112070 0.041155 0.003808
v -0.112314 0.041271 0.003856
v -0.112576 0.041131 0.003584
v -0.112144 0.041856 0.003346
v -0.112392 0.041679 0.003078
v -0.112563 0.041439 0.002788
v -0.112765 0.040914 0.003263
v -0.112725 0.041156 0.002481
v -0.112937 0.040649 0.002931
v -0.113091 0.040259 0.003279
v -0.113121 0.040316 0.002585
v -0.113276 0.039930 0.002924
v -0.113381 0.039616 0.003238
v -0.113474 0.039537 0.002493
v -0.113580 0.039212 0.002804
v -0.113629 0.038887 0.003104
v -0.113411 0.039306 0.003562
v -0.113583 0.038547 0.003379
v -0.113308 0.038984 0.003841
v -0.113363 0.038454 0.003356
v -0.113063 0.038855 0.003828
v -0.112837 0.039206 0.004160
v -0.112898 0.039068 0.003501
v -0.112669 0.039389 0.003830
v -0.112484 0.039672 0.004110
v -0.112541 0.039644 0.003506
v -0.112361 0.039917 0.003805
v -0.112405 0.039951 0.003195
v -0.112238 0.040217 0.003507
v -0.112157 0.040476 0.003838
v -0.112079 0.040613 0.003174
v -0.112014 0.040881 0.003502
v -0.111873 0.041142 0.002735
v -0.111829 0.041434 0.003031
v -0.111888 0.041736 0.003304
v -0.111564 0.042258 0.002237
v -0.111635 0.042603 0.002451
v -0.111856 0.042711 0.002474
v -0.111161 0.043252 0.000911
v -0.111538 0.043348 0.000887
v -0.111828 0.043034 0.000859
v -0.112111 0.042469 0.002273
v -0.112051 0.042674 0.000805
v -0.112279 0.042161 0.002042
v -0.112242 0.042305 0.000760
v -0.112441 0.041838 0.001806
v -0.112898 0.040837 0.002146
v -0.113108 0.040422 0.001707
v -0.113326 0.039912 0.002161
v -0.113368 0.039822 0.001032
v -0.113572 0.039349 0.001469
v -0.113723 0.038968 0.001794
v -0.113915 0.038369 0.000192
v -0.114075 0.037973 0.000492
v -0.114197 0.037624 0.000750
v -0.113838 0.038624 0.002075
v -0.114284 0.037271 0.001009
v -0.113917 0.038287 0.002347
v -0.114266 0.036918 0.001249
v -0.113894 0.037934 0.002596
v -0.114016 0.036877 0.001215
v -0.113681 0.037871 0.002564
v -0.113786 0.037162 0.000952
v -0.113456 0.038123 0.002299
v -0.113156 0.038679 0.003046
v -0.113283 0.038420 0.002021
v -0.112997 0.038953 0.002728
v -0.112757 0.039329 0.003162
v -0.112837 0.039272 0.002437
v -0.112608 0.039637 0.002853
v -0.112634 0.039683 0.002103
v -0.112408 0.040062 0.002518
v -0.112226 0.040355 0.002850
v -0.112159 0.040593 0.002123
v -0.111998 0.040870 0.002440
v -0.111700 0.041614 0.001742
v -0.111591 0.041927 0.001991
v -0.111529 0.042019 0.000745
v -0.111369 0.042393 0.000797
v -0.111206 0.042802 0.000860
v -0.111338 0.042091 -0.000543
v -0.111164 0.042441 -0.000680
v -0.111129 0.042786 -0.000825
v -0.111088 0.041618 -0.002103
v -0.111077 0.041942 -0.002307
v -0.111421 0.041990 -0.002361
v -0.111434 0.042915 -0.000870
v -0.111787 0.041795 -0.002267
v -0.111783 0.042694 -0.000782
v -0.112082 0.041527 -0.002115
v -0.112039 0.042409 -0.000664
v -0.112325 0.041234 -0.001940
v -0.112251 0.042084 -0.000525
v -0.112556 0.040929 -0.001745
v -0.112406 0.040329 -0.003443
v -0.112688 0.039972 -0.003267
v -0.113128 0.039344 -0.002895
v -0.112901 0.040414 -0.001389
v -0.113642 0.038486 -0.002278
v -0.113340 0.039613 -0.000792
v -0.114006 0.037774 -0.001728
v -0.113698 0.038865 -0.000199
v -0.114238 0.037268 -0.001351
v -0.114287 0.036723 -0.003399
v -0.114547 0.036198 -0.003010
v -0.114716 0.035804 -0.002749
v -0.114407 0.036864 -0.001069
v -0.114854 0.035432 -0.002516
v -0.114540 0.036504 -0.000824
v -0.114956 0.035049 -0.002281
v -0.114640 0.036133 -0.000575
v -0.114920 0.034680 -0.002076
v -0.114615 0.035770 -0.000352
v -0.114615 0.034720 -0.002152
v -0.114312 0.035757 -0.000408
v -0.114346 0.035045 -0.002389
v -0.114047 0.036059 -0.000662
v -0.114124 0.035380 -0.002623
v -0.113843 0.036386 -0.000918
v -0.113602 0.037466 0.000692
v -0.113652 0.036726 -0.001174
v -0.113425 0.037783 0.000430
v -0.113123 0.038729 0.001743
v -0.113211 0.038179 0.000111
v -0.112926 0.039114 0.001399
v -0.112907 0.038743 -0.000331
v -0.112664 0.039633 0.000931
v -0.112377 0.040218 0.001677
v -0.112463 0.039556 -0.000882
v -0.113066 0.037732 -0.001894
v -0.112526 0.038639 -0.002454
v -0.112108 0.039286 -0.002782
v -0.112080 0.040184 -0.001249
v -0.111768 0.039758 -0.003011
v -0.111767 0.040645 -0.001520
v -0.111499 0.040109 -0.003188
v -0.111522 0.040978 -0.001723
v -0.111538 0.041757 -0.000413
v -0.111294 0.041287 -0.001907
v -0.111252 0.040437 -0.003357
v -0.111039 0.040793 -0.003540
v -0.111145 0.039719 -0.004837
v -0.110921 0.040106 -0.004991
v -0.110902 0.040483 -0.005168
v -0.111028 0.041138 -0.003732
v -0.111305 0.040491 -0.005238
v -0.111396 0.041160 -0.003781
v -0.111712 0.040238 -0.005190
v -0.111786 0.040943 -0.003704
v -0.112048 0.039920 -0.005103
v -0.112122 0.040647 -0.003583
v -0.112352 0.039563 -0.004994
v -0.111823 0.039253 -0.006649
v -0.112142 0.038874 -0.006554
v -0.112528 0.038369 -0.006425
v -0.112713 0.039097 -0.004827
v -0.113169 0.037444 -0.006184
v -0.113264 0.038324 -0.004488
v -0.113922 0.036381 -0.005689
v -0.113879 0.037418 -0.003933
v -0.114438 0.035669 -0.005145
v -0.113693 0.035430 -0.007368
v -0.114339 0.034677 -0.006843
v -0.114741 0.034152 -0.006450
v -0.114749 0.035155 -0.004755
v -0.114967 0.033794 -0.006196
v -0.114930 0.034795 -0.004507
v -0.115131 0.033456 -0.005974
v -0.115074 0.034429 -0.004276
v -0.115236 0.033079 -0.005732
v -0.115172 0.034046 -0.004045
v -0.115193 0.032748 -0.005513
v -0.115140 0.033685 -0.003845
v -0.114930 0.032850 -0.005550
v -0.114846 0.033776 -0.003918
v -0.114692 0.033214 -0.005746
v -0.114583 0.034125 -0.004133
v -0.114430 0.033592 -0.005956
v -0.114345 0.034475 -0.004352
v -0.114134 0.033950 -0.006174
v -0.114080 0.034848 -0.004585
v -0.113906 0.035727 -0.002859
v -0.113732 0.035311 -0.004881
v -0.113620 0.036174 -0.003155
v -0.113424 0.037123 -0.001466
v -0.113184 0.036838 -0.003595
v -0.113199 0.036007 -0.005322
v -0.112434 0.036991 -0.005781
v -0.112540 0.037775 -0.004100
v -0.111914 0.037713 -0.005989
v -0.112061 0.038465 -0.004367
v -0.111515 0.038257 -0.006128
v -0.111695 0.038972 -0.004556
v -0.111202 0.038678 -0.006234
v -0.111406 0.039359 -0.004700
v -0.110920 0.039059 -0.006333
v -0.110807 0.038020 -0.007735
v -0.110506 0.038412 -0.007786
v -0.110227 0.038834 -0.007860
v -0.110667 0.039464 -0.006451
v -0.110203 0.039224 -0.008022
v -0.110650 0.039855 -0.006621
v -0.110623 0.039220 -0.008187
v -0.111077 0.039865 -0.006733
v -0.111027 0.038947 -0.008224
v -0.111482 0.039593 -0.006715
v -0.111367 0.038597 -0.008198
v -0.110405 0.038311 -0.009483
v -0.110738 0.037942 -0.009448
v -0.111072 0.037526 -0.009382
v -0.111690 0.038203 -0.008146
v -0.111560 0.036915 -0.009282
v -0.112105 0.037625 -0.008053
v -0.112338 0.035976 -0.009079
v -0.112780 0.036646 -0.007865
v -0.113359 0.034734 -0.008574
v -0.112029 0.035461 -0.009719
v -0.113101 0.034238 -0.009304
v -0.111809 0.035092 -0.010161
v -0.112946 0.033865 -0.009723
v -0.111656 0.034771 -0.010514
v -0.112796 0.033551 -0.010041
v -0.113702 0.032650 -0.009460
v -0.112596 0.033211 -0.010297
v -0.113609 0.032261 -0.009653
v -0.114547 0.031889 -0.008656
v -0.114477 0.032321 -0.008645
v -0.115096 0.032221 -0.007252
v -0.114982 0.032614 -0.007443
v -0.114419 0.031459 -0.008553
v -0.115035 0.031876 -0.007037
v -0.114099 0.031490 -0.008334
v -0.114778 0.031972 -0.007000
v -0.113953 0.031935 -0.008237
v -0.114559 0.032379 -0.007107
v -0.113833 0.032350 -0.008150
v -0.114298 0.032778 -0.007203
v -0.113966 0.033213 -0.007347
v -0.113526 0.033790 -0.007541
v -0.113705 0.034448 -0.006485
v -0.112815 0.034563 -0.007967
v -0.113040 0.035176 -0.006953
v -0.111809 0.035590 -0.008505
v -0.112147 0.036232 -0.007416
v -0.111076 0.036414 -0.008787
v -0.111558 0.037018 -0.007594
v -0.110601 0.036950 -0.008885
v -0.111140 0.037576 -0.007675
v -0.110231 0.037402 -0.008941
v -0.110241 0.036529 -0.009490
v -0.109857 0.036984 -0.009569
v -0.109527 0.037403 -0.009638
v -0.109929 0.037805 -0.008986
v -0.109223 0.037855 -0.009734
v -0.109642 0.038247 -0.009054
v -0.109149 0.038255 -0.009934
v -0.109612 0.038634 -0.009232
v -0.109565 0.038203 -0.010162
v -0.110017 0.038609 -0.009438
v -0.109969 0.037875 -0.010188
v -0.109250 0.037854 -0.010633
v -0.109683 0.037526 -0.010648
v -0.110046 0.037116 -0.010576
v -0.110317 0.037479 -0.010121
v -0.110430 0.036644 -0.010506
v -0.110686 0.037040 -0.010040
v -0.110936 0.036032 -0.010406
v -0.111189 0.036428 -0.009933
v -0.110221 0.036315 -0.010884
v -0.110735 0.035712 -0.010777
v -0.110007 0.036028 -0.011232
v -0.110535 0.035413 -0.011118
v -0.111488 0.034444 -0.010827
v -0.110294 0.035099 -0.011393
v -0.111241 0.034095 -0.011019
v -0.112298 0.032857 -0.010405
v -0.110938 0.033844 -0.010878
v -0.111987 0.032655 -0.010222
v -0.113061 0.031701 -0.009441
v -0.113357 0.031822 -0.009695
v -0.112006 0.032851 -0.009896
v -0.113052 0.032061 -0.009137
v -0.112140 0.033139 -0.009582
v -0.113118 0.032424 -0.008894
v -0.111025 0.034235 -0.010152
v -0.111185 0.034519 -0.009839
v -0.110895 0.033961 -0.010502
v -0.109924 0.034889 -0.010868
v -0.110082 0.035128 -0.010488
v -0.109983 0.034825 -0.011311
v -0.109426 0.035448 -0.011487
v -0.109382 0.035476 -0.011009
v -0.109758 0.035741 -0.011541
v -0.109387 0.036185 -0.011591
v -0.109073 0.035898 -0.011491
v -0.109638 0.036498 -0.011291
v -0.109283 0.036876 -0.011344
v -0.109058 0.036549 -0.011602
v -0.109833 0.036794 -0.010952
v -0.109465 0.037192 -0.011008
v -0.109051 0.037502 -0.011009
v -0.108902 0.037154 -0.011350
v -0.108485 0.037237 -0.011234
v -0.108454 0.036903 -0.011405
v -0.108731 0.036784 -0.011570
v -0.108611 0.037623 -0.010867
v -0.108711 0.037234 -0.010583
v -0.108573 0.036912 -0.010917
v -0.108827 0.037947 -0.010439
v -0.108930 0.037544 -0.010201
v -0.109259 0.037091 -0.010074
v -0.109049 0.036794 -0.010441
v -0.109394 0.036372 -0.010358
v -0.109197 0.036122 -0.010694
v -0.108882 0.036528 -0.010774
v -0.109606 0.036657 -0.009996
v -0.109986 0.036201 -0.009921
v -0.109771 0.035927 -0.010280
v -0.110276 0.035387 -0.010152
v -0.109557 0.035681 -0.010620
v -0.110476 0.035656 -0.009807
v -0.111342 0.034803 -0.009509
v -0.110728 0.035987 -0.009378
v -0.111547 0.035150 -0.009079
v -0.109060 0.035936 -0.011074
v -0.108791 0.036261 -0.011498
v -0.108781 0.036322 -0.011121
v -0.108593 0.036411 -0.011493
v -0.108530 0.036636 -0.011216
v -0.095964 0.060908 0.019901
v -0.095824 0.061029 0.019599
v -0.096234 0.060846 0.019409
v -0.096263 0.060748 0.019856
v -0.096171 0.060623 0.020471
v -0.095775 0.060886 0.020380
v -0.095424 0.061118 0.020220
v -0.096876 0.059796 0.019392
v -0.096915 0.059673 0.019712
v -0.097224 0.059540 0.019624
v -0.097068 0.059765 0.019207
v -0.096756 0.059988 0.018962
v -0.096633 0.059951 0.019299
v -0.096605 0.059852 0.019744
v -0.094077 0.060881 0.023685
v -0.094290 0.060617 0.023712
v -0.094158 0.060461 0.023573
v -0.093975 0.060830 0.023457
v -0.093953 0.061138 0.023413
v -0.094192 0.060949 0.023396
v -0.094484 0.060682 0.023460
v -0.093930 0.060800 0.023128
v -0.093927 0.061164 0.023094
v -0.094276 0.061026 0.023068
v -0.095647 0.060373 0.019834
v -0.095478 0.060508 0.019536
v -0.095147 0.060546 0.020128
v -0.095514 0.060319 0.020261
v -0.095942 0.060231 0.019768
v -0.095900 0.060344 0.019287
v -0.095918 0.060099 0.020288
v -0.096295 0.058308 0.024204
v -0.096187 0.058405 0.023860
v -0.096073 0.058454 0.024011
v -0.096217 0.058586 0.024134
v -0.096505 0.058443 0.023771
v -0.096334 0.058401 0.023630
v -0.096387 0.058761 0.023851
v -0.094268 0.060308 0.022850
v -0.094147 0.060350 0.023260
v -0.094506 0.059969 0.023488
v -0.094670 0.059881 0.023216
v -0.094897 0.059783 0.022974
v -0.094605 0.060088 0.022715
v -0.094504 0.060327 0.022227
v -0.094194 0.060572 0.022241
v -0.093928 0.060857 0.022737
v -0.093992 0.061003 0.022203
v -0.096874 0.060484 0.019056
v -0.096593 0.060661 0.019010
v -0.096592 0.060633 0.018683
v -0.096975 0.060382 0.018846
v -0.096975 0.060398 0.019353
v -0.096615 0.060625 0.019393
v -0.097269 0.060190 0.019220
v -0.094864 0.059961 0.022544
v -0.095101 0.059764 0.022648
v -0.095194 0.059860 0.022217
v -0.094857 0.060087 0.022199
v -0.095800 0.058649 0.024130
v -0.095976 0.058883 0.024230
v -0.095875 0.058648 0.023807
v -0.095533 0.058922 0.023859
v -0.095488 0.058960 0.024220
v -0.095989 0.058659 0.023548
v -0.095663 0.058947 0.023535
v -0.095343 0.059223 0.023507
v -0.095191 0.059243 0.023855
v -0.096146 0.058688 0.023240
v -0.095838 0.058968 0.023208
v -0.095529 0.059230 0.023175
v -0.095205 0.059507 0.023099
v -0.095017 0.059532 0.023406
v -0.096028 0.059009 0.022836
v -0.095728 0.059267 0.022788
v -0.095401 0.059530 0.022720
v -0.095920 0.059337 0.022335
v -0.095564 0.059605 0.022268
v -0.096093 0.059456 0.021745
v -0.095695 0.059730 0.021692
v -0.095255 0.060016 0.021642
v -0.095831 0.059920 0.020932
v -0.095371 0.060191 0.020893
v -0.094970 0.060432 0.020846
v -0.094877 0.060254 0.021618
v -0.094622 0.060645 0.020825
v -0.094537 0.060483 0.021618
v -0.094335 0.060894 0.020807
v -0.094228 0.060741 0.021612
v -0.094236 0.061260 0.020802
v -0.094103 0.061155 0.021601
v -0.094493 0.061481 0.020864
v -0.094315 0.061443 0.021641
v -0.094100 0.061368 0.022209
v -0.094617 0.061231 0.021684
v -0.094460 0.061183 0.022233
v -0.094349 0.061113 0.022688
v -0.093996 0.061266 0.022702
v -0.094835 0.060890 0.022291
v -0.094735 0.060808 0.022723
v -0.094632 0.060731 0.023121
v -0.095105 0.060514 0.022804
v -0.094969 0.060444 0.023224
v -0.094806 0.060387 0.023585
v -0.095338 0.060124 0.023354
v -0.095158 0.060049 0.023743
v -0.094930 0.059924 0.024031
v -0.094585 0.060286 0.023847
v -0.094771 0.059737 0.024023
v -0.094445 0.060098 0.023766
v -0.094846 0.059602 0.023721
v -0.095145 0.059339 0.024188
v -0.095310 0.059546 0.024209
v -0.095668 0.059194 0.024257
v -0.095526 0.059708 0.023872
v -0.095870 0.059409 0.023931
v -0.096159 0.059096 0.023912
v -0.096046 0.059521 0.023523
v -0.096338 0.059219 0.023549
v -0.096556 0.058860 0.023523
v -0.096515 0.059285 0.023150
v -0.096729 0.058940 0.023136
v -0.096827 0.058584 0.023060
v -0.096667 0.058504 0.023449
v -0.096625 0.058505 0.022940
v -0.096471 0.058431 0.023320
v -0.096313 0.058746 0.022871
v -0.096811 0.058634 0.022464
v -0.096495 0.058843 0.022400
v -0.096214 0.059093 0.022373
v -0.096684 0.059009 0.021791
v -0.096393 0.059240 0.021763
v -0.096851 0.059257 0.020965
v -0.096550 0.059462 0.020967
v -0.096235 0.059677 0.020949
v -0.096608 0.059682 0.020277
v -0.096285 0.059890 0.020290
v -0.096285 0.060037 0.019753
v -0.096299 0.060141 0.019268
v -0.096345 0.060201 0.018860
v -0.095843 0.060419 0.018894
v -0.096452 0.060307 0.018525
v -0.095823 0.060556 0.018543
v -0.095078 0.060822 0.019023
v -0.095268 0.060644 0.019277
v -0.094610 0.060954 0.019860
v -0.094860 0.060729 0.019984
v -0.095107 0.061087 0.018931
v -0.094576 0.061253 0.019807
v -0.095376 0.061244 0.019091
v -0.094826 0.061458 0.019881
v -0.095608 0.061145 0.019326
v -0.095124 0.061308 0.020043
v -0.094797 0.061301 0.020931
v -0.095155 0.061061 0.021022
v -0.094968 0.060973 0.021752
v -0.095546 0.060795 0.021111
v -0.095354 0.060688 0.021835
v -0.095219 0.060595 0.022367
v -0.095801 0.060358 0.021921
v -0.095638 0.060267 0.022464
v -0.095491 0.060194 0.022922
v -0.096046 0.059945 0.022553
v -0.095871 0.059883 0.023023
v -0.095704 0.059815 0.023461
v -0.096220 0.059588 0.023099
v -0.096407 0.059651 0.022621
v -0.096707 0.059367 0.022666
v -0.096607 0.059747 0.022022
v -0.096911 0.059480 0.022043
v -0.097126 0.059180 0.022016
v -0.096918 0.059041 0.022651
v -0.097227 0.058871 0.021937
v -0.097015 0.058706 0.022577
v -0.097004 0.058818 0.021833
v -0.097407 0.059083 0.021066
v -0.097167 0.059065 0.020994
v -0.097523 0.059281 0.020260
v -0.097255 0.059298 0.020223
v -0.096927 0.059487 0.020243
v -0.097502 0.059481 0.019562
v -0.097545 0.059721 0.019636
v -0.097414 0.059953 0.019054
v -0.097324 0.059768 0.019035
v -0.097460 0.059548 0.020349
v -0.097242 0.059835 0.020421
v -0.097326 0.060014 0.019746
v -0.097330 0.059374 0.021147
v -0.097106 0.059656 0.021195
v -0.096804 0.059920 0.021221
v -0.096942 0.060098 0.020468
v -0.096563 0.060365 0.020491
v -0.096627 0.060516 0.019873
v -0.097005 0.060266 0.019832
v -0.096432 0.060189 0.021220
v -0.095995 0.060492 0.021185
v -0.096235 0.060032 0.021987
v -0.097042 0.060250 0.018642
v -0.096944 0.060061 0.018677
v -0.096570 0.060521 0.018430
v -0.096047 0.060919 0.018694
v -0.095894 0.060801 0.018410
v -0.096167 0.060896 0.019021
v -0.107242 0.049033 0.015257
v -0.107251 0.049000 0.014933
v -0.107019 0.049244 0.014796
v -0.107070 0.049456 0.015152
v -0.107340 0.049567 0.014884
v -0.107506 0.049280 0.015020
v -0.107556 0.049117 0.015234
v -0.107633 0.048906 0.014501
v -0.107350 0.048869 0.014403
v -0.107642 0.049201 0.014440
v -0.104207 0.054448 0.010605
v -0.104157 0.054368 0.010857
v -0.104229 0.054071 0.010830
v -0.104290 0.054126 0.010601
v -0.104430 0.054205 0.010697
v -0.104269 0.054505 0.010747
v -0.104117 0.054531 0.010900
v -0.108481 0.047711 0.011244
v -0.108171 0.048039 0.010947
v -0.107753 0.047790 0.011001
v -0.108078 0.047526 0.011360
v -0.108290 0.047421 0.011443
v -0.108443 0.047872 0.011487
v -0.108212 0.048237 0.011283
v -0.104740 0.053989 0.011292
v -0.104882 0.053719 0.011488
v -0.104838 0.053891 0.011663
v -0.104679 0.054165 0.011350
v -0.104578 0.054269 0.011103
v -0.104685 0.054007 0.011091
v -0.104863 0.053629 0.011236
v -0.108212 0.047748 0.011995
v -0.108328 0.048097 0.011926
v -0.107886 0.047748 0.011794
v -0.104099 0.054663 0.011008
v -0.104342 0.054509 0.010913
v -0.104275 0.054609 0.011291
v -0.104188 0.054467 0.011261
v -0.104471 0.054476 0.011191
v -0.104474 0.053396 0.011480
v -0.104621 0.053059 0.011648
v -0.104620 0.053003 0.011389
v -0.104435 0.053444 0.011256
v -0.104420 0.053589 0.011588
v -0.104601 0.053188 0.011917
v -0.104342 0.053743 0.011296
v -0.107620 0.049224 0.011572
v -0.107393 0.049013 0.010818
v -0.107772 0.048466 0.010779
v -0.107910 0.048661 0.011232
v -0.107142 0.049820 0.011439
v -0.106932 0.049644 0.010862
v -0.107998 0.048715 0.011577
v -0.107916 0.048985 0.011992
v -0.107797 0.049263 0.012488
v -0.107544 0.049537 0.012245
v -0.107170 0.050003 0.012046
v -0.108186 0.048451 0.011705
v -0.108098 0.048726 0.012191
v -0.108194 0.048392 0.012381
v -0.108032 0.048688 0.012840
v -0.107959 0.049011 0.012681
v -0.107871 0.048928 0.013342
v -0.107783 0.049255 0.013210
v -0.107633 0.049526 0.013051
v -0.107632 0.049413 0.013781
v -0.107470 0.049712 0.013661
v -0.107253 0.050041 0.013511
v -0.107404 0.049820 0.012885
v -0.106963 0.050441 0.013369
v -0.107094 0.050233 0.012748
v -0.106520 0.051123 0.013167
v -0.106599 0.050974 0.012588
v -0.106603 0.050855 0.011915
v -0.105940 0.052052 0.012323
v -0.105934 0.051948 0.011770
v -0.105853 0.051873 0.011307
v -0.106523 0.050770 0.011353
v -0.105699 0.051768 0.010913
v -0.106343 0.050657 0.010888
v -0.105449 0.051629 0.010670
v -0.106015 0.050487 0.010620
v -0.106607 0.049438 0.010578
v -0.105888 0.050402 0.010953
v -0.106493 0.049386 0.010986
v -0.106947 0.048758 0.011070
v -0.107057 0.048751 0.010588
v -0.107314 0.048289 0.011228
v -0.107452 0.048213 0.010700
v -0.107601 0.047974 0.011496
v -0.107243 0.048480 0.011804
v -0.107495 0.048218 0.012037
v -0.107760 0.048033 0.012299
v -0.107368 0.048491 0.012597
v -0.107626 0.048330 0.012805
v -0.107914 0.048384 0.012917
v -0.108065 0.048069 0.012464
v -0.107502 0.048578 0.013333
v -0.107781 0.048628 0.013407
v -0.107414 0.048748 0.013868
v -0.107692 0.048789 0.013928
v -0.107742 0.049090 0.013871
v -0.107508 0.049505 0.014351
v -0.107149 0.049887 0.014730
v -0.107335 0.049821 0.014223
v -0.106943 0.050243 0.014577
v -0.107114 0.050174 0.014065
v -0.106676 0.050711 0.014410
v -0.106831 0.050599 0.013906
v -0.106257 0.051415 0.014130
v -0.106409 0.051279 0.013680
v -0.105683 0.052535 0.013577
v -0.105784 0.052374 0.013215
v -0.105872 0.052199 0.012795
v -0.105266 0.053227 0.012642
v -0.105358 0.053006 0.012341
v -0.105429 0.052814 0.011996
v -0.105054 0.053509 0.011985
v -0.105103 0.053314 0.011713
v -0.105103 0.053197 0.011402
v -0.105431 0.052697 0.011585
v -0.105040 0.053150 0.011101
v -0.105368 0.052626 0.011210
v -0.104940 0.053099 0.010811
v -0.105248 0.052550 0.010876
v -0.104749 0.053014 0.010645
v -0.105040 0.052442 0.010673
v -0.104632 0.052973 0.010845
v -0.104909 0.052382 0.010893
v -0.105311 0.051548 0.010936
v -0.104907 0.052380 0.011230
v -0.105331 0.051541 0.011350
v -0.105929 0.050402 0.011436
v -0.105366 0.051544 0.011786
v -0.105965 0.050416 0.011952
v -0.106502 0.049543 0.012095
v -0.106512 0.049443 0.011518
v -0.106869 0.049039 0.012229
v -0.106931 0.048858 0.011623
v -0.107130 0.048729 0.012395
v -0.106754 0.049274 0.012891
v -0.107002 0.048978 0.013028
v -0.107232 0.048750 0.013178
v -0.106892 0.049194 0.013644
v -0.107132 0.048943 0.013758
v -0.106817 0.049368 0.014195
v -0.107073 0.049087 0.014305
v -0.106759 0.049557 0.014675
v -0.106542 0.049712 0.014055
v -0.106483 0.049912 0.014543
v -0.106622 0.050149 0.014874
v -0.106841 0.049782 0.015012
v -0.106182 0.050418 0.014362
v -0.106353 0.050649 0.014694
v -0.105809 0.051173 0.014074
v -0.105978 0.051404 0.014383
v -0.105291 0.052280 0.013495
v -0.105430 0.052523 0.013764
v -0.104835 0.053133 0.012815
v -0.104899 0.053390 0.013022
v -0.105158 0.053441 0.012919
v -0.104639 0.053853 0.012475
v -0.104861 0.053915 0.012413
v -0.104971 0.053718 0.012206
v -0.104645 0.054256 0.011993
v -0.104761 0.054081 0.011828
v -0.104436 0.054486 0.011633
v -0.104597 0.054352 0.011493
v -0.104297 0.054356 0.011624
v -0.104447 0.054163 0.012021
v -0.104416 0.053944 0.011880
v -0.104292 0.054159 0.011508
v -0.104585 0.053612 0.012311
v -0.104575 0.053386 0.012131
v -0.104405 0.053761 0.011740
v -0.104826 0.052873 0.012560
v -0.104879 0.052643 0.012265
v -0.105279 0.052022 0.013122
v -0.105332 0.051789 0.012729
v -0.105375 0.051610 0.012271
v -0.104924 0.052467 0.011927
v -0.105806 0.050935 0.013629
v -0.105883 0.050704 0.013147
v -0.105958 0.050500 0.012565
v -0.106303 0.049971 0.013368
v -0.106426 0.049727 0.012749
v -0.106630 0.049513 0.013519
v -0.106209 0.050199 0.013883
v -0.104924 0.052398 0.011579
v -0.104617 0.052975 0.011127
v -0.104449 0.053411 0.010819
v -0.104431 0.053421 0.011067
v -0.104324 0.053751 0.010815
v -0.104320 0.053756 0.011069
v -0.104241 0.054040 0.011087
v -0.104301 0.053965 0.011396
v -0.104206 0.054277 0.011174
v -0.104412 0.053796 0.010616
v -0.104555 0.053447 0.010630
v -0.104720 0.053525 0.010753
v -0.104561 0.053880 0.010709
v -0.104642 0.053952 0.010908
v -0.104509 0.054255 0.010887
v -0.104809 0.053582 0.010993
v -0.077078 0.062443 0.029258
v -0.077367 0.062615 0.029330
v -0.077206 0.062503 0.029534
v -0.077226 0.062339 0.029457
v -0.083714 0.058776 0.030816
v -0.082473 0.059450 0.030623
v -0.082068 0.059276 0.031250
v -0.083063 0.058582 0.031564
v -0.083973 0.059721 0.029598
v -0.083029 0.059972 0.029732
v -0.084276 0.057589 0.032389
v -0.084819 0.057663 0.032003
v -0.085550 0.057860 0.031798
v -0.084820 0.058836 0.030619
v -0.084872 0.059716 0.029614
v -0.078668 0.062736 0.029750
v -0.079089 0.062532 0.030177
v -0.078730 0.062207 0.030528
v -0.078303 0.062354 0.030246
v -0.078132 0.062723 0.029631
v -0.078271 0.062654 0.029120
v -0.078654 0.062647 0.029017
v -0.077897 0.062428 0.030023
v -0.079059 0.062740 0.028838
v -0.079195 0.062996 0.029348
v -0.079528 0.062815 0.029796
v -0.079018 0.062078 0.029564
v -0.078719 0.061899 0.030259
v -0.079155 0.061608 0.030561
v -0.079527 0.061644 0.029996
v -0.079856 0.061792 0.029550
v -0.079479 0.062226 0.029190
v -0.078400 0.062247 0.029510
v -0.078265 0.062069 0.030061
v -0.084013 0.059694 0.031494
v -0.083339 0.059334 0.032120
v -0.082398 0.060009 0.031824
v -0.082913 0.060346 0.031326
v -0.083433 0.060878 0.030580
v -0.084325 0.060601 0.030430
v -0.085123 0.060288 0.030190
v -0.084957 0.059457 0.031119
v -0.084956 0.058383 0.032552
v -0.084439 0.058242 0.032921
v -0.085526 0.058341 0.032228
v -0.087175 0.055443 0.035460
v -0.086999 0.055471 0.035253
v -0.086951 0.055386 0.035425
v -0.087137 0.055290 0.035723
v -0.086909 0.055587 0.035463
v -0.087044 0.055616 0.035343
v -0.087166 0.055542 0.035240
v -0.086962 0.055830 0.034687
v -0.086908 0.055643 0.034902
v -0.086998 0.055881 0.034961
v -0.082885 0.064276 0.024609
v -0.082928 0.064068 0.025071
v -0.082521 0.064155 0.025050
v -0.082619 0.064378 0.024458
v -0.082806 0.064504 0.024115
v -0.083109 0.064344 0.024398
v -0.083346 0.064039 0.024974
v -0.082769 0.063849 0.024342
v -0.082984 0.063926 0.024090
v -0.082653 0.064083 0.023868
v -0.082493 0.063956 0.024223
v -0.082898 0.063591 0.024842
v -0.083387 0.063577 0.024641
v -0.082467 0.063682 0.024879
v -0.082178 0.064054 0.024159
v -0.082074 0.063822 0.024789
v -0.081979 0.063483 0.025688
v -0.082461 0.063301 0.025721
v -0.083012 0.063131 0.025700
v -0.083604 0.063017 0.025561
v -0.082210 0.062660 0.027154
v -0.082942 0.062322 0.027153
v -0.083732 0.062068 0.027041
v -0.084388 0.061918 0.026919
v -0.084138 0.062966 0.025387
v -0.082438 0.061356 0.028662
v -0.083505 0.060966 0.028534
v -0.084260 0.060799 0.028428
v -0.084999 0.060793 0.028466
v -0.085036 0.061904 0.026871
v -0.085282 0.062320 0.027116
v -0.084929 0.063274 0.025348
v -0.084657 0.062993 0.025253
v -0.085321 0.061242 0.028828
v -0.084648 0.061539 0.029037
v -0.084761 0.062511 0.027274
v -0.084148 0.062685 0.027425
v -0.084036 0.063516 0.025746
v -0.084556 0.063442 0.025568
v -0.083916 0.061767 0.029223
v -0.083024 0.062096 0.029365
v -0.083458 0.062889 0.027569
v -0.082331 0.061447 0.030502
v -0.081174 0.062281 0.030086
v -0.081940 0.062695 0.029199
v -0.081777 0.061097 0.031070
v -0.080636 0.061988 0.030590
v -0.079974 0.062515 0.030165
v -0.080493 0.062793 0.029690
v -0.081281 0.060818 0.031492
v -0.080211 0.061734 0.030973
v -0.079557 0.062264 0.030538
v -0.079792 0.061441 0.031270
v -0.079171 0.061962 0.030857
v -0.079701 0.061131 0.030961
v -0.080818 0.060486 0.031791
v -0.080675 0.060189 0.031486
v -0.080970 0.060210 0.030878
v -0.080030 0.061132 0.030378
v -0.081332 0.060343 0.030349
v -0.080386 0.061267 0.029887
v -0.081807 0.060634 0.029716
v -0.080807 0.061481 0.029392
v -0.080264 0.061999 0.029096
v -0.081505 0.061950 0.028543
v -0.080935 0.062395 0.028337
v -0.080478 0.062780 0.028119
v -0.079874 0.062428 0.028788
v -0.080074 0.063218 0.027921
v -0.079472 0.062934 0.028529
v -0.080308 0.063532 0.028233
v -0.079656 0.063255 0.028948
v -0.080772 0.063392 0.028575
v -0.080054 0.063096 0.029341
v -0.081240 0.063138 0.028868
v -0.081539 0.063665 0.027240
v -0.082056 0.063453 0.027424
v -0.082696 0.063172 0.027584
v -0.082421 0.063848 0.025942
v -0.082922 0.063714 0.025968
v -0.083478 0.063592 0.025899
v -0.083768 0.064060 0.024768
v -0.083425 0.064414 0.024168
v -0.083761 0.064486 0.023895
v -0.084172 0.064087 0.024525
v -0.083951 0.064377 0.023607
v -0.084462 0.063969 0.024266
v -0.083693 0.064087 0.023647
v -0.084190 0.063693 0.024238
v -0.083340 0.063982 0.023851
v -0.083776 0.063600 0.024434
v -0.083222 0.064322 0.023316
v -0.082921 0.064183 0.023561
v -0.082818 0.064465 0.023115
v -0.082572 0.064314 0.023392
v -0.082343 0.064193 0.023738
v -0.082222 0.064458 0.023240
v -0.081996 0.064333 0.023620
v -0.081823 0.064190 0.024071
v -0.081770 0.064562 0.023571
v -0.081575 0.064405 0.024046
v -0.081391 0.064205 0.024670
v -0.081681 0.063985 0.024698
v -0.081154 0.063915 0.025588
v -0.081523 0.063683 0.025623
v -0.080740 0.063572 0.026841
v -0.081172 0.063256 0.026941
v -0.081649 0.062978 0.027056
v -0.081456 0.064067 0.025719
v -0.081032 0.063775 0.027037
v -0.081933 0.063997 0.025841
v -0.081694 0.064320 0.024801
v -0.082123 0.064262 0.024938
v -0.081878 0.064514 0.024195
v -0.082275 0.064460 0.024344
v -0.082076 0.064663 0.023751
v -0.082456 0.064608 0.023924
v -0.082312 0.064780 0.023399
v -0.082674 0.064726 0.023607
v -0.083049 0.064610 0.023829
v -0.082895 0.064828 0.023288
v -0.083306 0.064714 0.023518
v -0.083025 0.064741 0.023003
v -0.083442 0.064613 0.023228
v -0.082529 0.064867 0.023086
v -0.082748 0.064796 0.022849
v -0.082475 0.064599 0.022966
v -0.082027 0.064726 0.023214
v -0.082194 0.064797 0.022985
v -0.081734 0.059230 0.031916
v -0.081951 0.059667 0.032215
v -0.082908 0.058963 0.032606
v -0.082711 0.058468 0.032218
v -0.083963 0.057948 0.033249
v -0.083903 0.057589 0.032889
v -0.085008 0.056946 0.034040
v -0.085020 0.056734 0.033817
v -0.085344 0.056732 0.033474
v -0.085934 0.056017 0.034592
v -0.086166 0.056024 0.034374
v -0.086400 0.056087 0.034241
v -0.085696 0.056785 0.033271
v -0.086662 0.056228 0.034172
v -0.086110 0.056936 0.033189
v -0.086607 0.056391 0.034335
v -0.086088 0.057166 0.033385
v -0.086352 0.056400 0.034534
v -0.085697 0.057242 0.033642
v -0.086131 0.056338 0.034674
v -0.085361 0.057169 0.033853
v -0.085896 0.056176 0.034775
v -0.086625 0.055849 0.035176
v -0.086476 0.055738 0.035203
v -0.086527 0.055616 0.035075
v -0.086763 0.055554 0.035413
v -0.086709 0.055604 0.034966
v -0.086816 0.055893 0.035086
v -0.077841 0.062188 0.029861
v -0.077919 0.062334 0.029430
v -0.077533 0.062389 0.029324
v -0.077475 0.062278 0.029656
v -0.077875 0.062625 0.029144
v -0.077588 0.062571 0.029103
v -0.077719 0.062677 0.029481
v -0.077517 0.062473 0.029792
vn -0.302500 -0.610300 0.732200
vn -0.089900 -0.479700 0.872800
vn -0.557800 0.568600 0.604600
vn -0.743100 0.443700 0.500800
vn -0.873500 -0.446000 0.195200
vn 0.122900 -0.992200 -0.023200
vn 0.390300 -0.919900 0.037800
vn -0.760800 0.613000 0.213100
vn -0.908200 -0.411000 -0.079000
vn 0.078000 -0.978500 -0.191000
vn 0.429800 -0.753600 -0.497300
vn 0.371600 -0.821500 -0.432600
vn 0.379600 -0.822000 -0.424500
vn 0.505700 -0.745600 -0.434100
vn 0.690900 -0.485500 -0.535700
vn 0.579700 -0.513600 -0.632600
vn 0.458700 -0.518000 -0.722000
vn 0.369300 -0.748400 -0.550900
vn 0.351300 -0.795500 -0.493700
vn 0.373600 -0.791800 -0.483200
vn 0.335200 -0.819800 -0.464300
vn 0.657200 0.619300 -0.429500
vn 0.254100 0.905700 0.339300
vn 0.968600 0.119000 0.218400
vn 0.729500 -0.492800 -0.474300
vn 0.471000 -0.605500 -0.641500
vn 0.525500 0.517300 -0.675500
vn -0.032700 0.968200 0.248200
vn -0.358800 -0.241700 -0.901600
vn -0.447700 -0.503300 -0.739100
vn -0.820700 0.520500 -0.235500
vn -0.512100 0.699600 -0.498400
vn 0.438400 -0.506900 -0.742200
vn 0.399300 -0.785300 -0.473100
vn 0.331400 0.479100 -0.812800
vn -0.273400 0.960600 0.049300
vn 0.594100 0.644800 -0.480900
vn 0.713200 -0.487900 -0.503300
vn 0.893600 0.154700 0.421300
vn 0.556600 -0.752100 -0.353000
vn 0.089800 0.854500 0.511600
vn 0.696000 -0.157100 0.700700
vn 0.138700 0.495600 0.857400
vn 0.014400 -0.565300 0.824700
vn 0.320100 -0.924600 0.206500
vn 0.858000 0.057900 0.510400
vn 0.156700 0.869900 0.467700
vn 0.427000 -0.899700 -0.090800
vn -0.452400 0.836900 0.308200
vn -0.539000 0.830100 0.142500
vn -0.679700 0.720200 0.138900
vn -0.702100 0.676800 0.221200
vn -0.198900 0.964700 0.172800
vn -0.494400 0.784800 0.373700
vn -0.391900 0.824600 0.408000
vn -0.347400 0.868200 0.354400
vn -0.182400 0.967200 0.176600
vn -0.726600 0.634500 0.263700
vn -0.198800 -0.384500 0.901500
vn 0.078800 -0.995400 -0.054100
vn -0.173100 0.694900 0.697900
vn -0.939000 0.266100 -0.217900
vn -0.989700 0.021500 -0.141700
vn 0.539600 -0.731600 -0.416500
vn -0.256200 -0.841900 -0.475000
vn -0.142800 -0.862500 -0.485500
vn -0.975700 -0.140600 -0.167800
vn -0.418200 -0.699100 -0.580000
vn -0.106100 -0.849400 -0.517000
vn -0.946200 -0.209400 -0.246500
vn -0.741700 0.619500 0.257100
vn -0.924300 -0.265900 -0.273900
vn -0.756000 0.616600 0.219700
vn -0.488700 0.797300 0.354200
vn -0.495000 0.778500 0.385900
vn -0.404100 0.810500 0.424000
vn -0.394300 0.831200 0.391900
vn -0.349200 0.840000 0.415300
vn -0.359900 0.820200 0.444700
vn -0.491200 0.817100 0.301900
vn -0.383300 0.863000 0.329200
vn -0.334500 0.878700 0.340700
vn -0.302700 0.889100 0.343200
vn -0.315200 0.845000 0.431900
vn -0.389600 0.873900 0.290700
vn -0.336800 0.900300 0.275600
vn -0.301900 0.922100 0.242100
vn -0.266100 0.942000 0.204400
vn -0.274300 0.902900 0.330900
vn -0.355300 0.906200 0.229300
vn -0.317400 0.928500 0.192700
vn -0.276500 0.947600 0.159800
vn -0.203200 0.967100 0.153200
vn -0.202900 0.960700 0.189300
vn -0.336200 0.919100 0.205500
vn -0.298200 0.933200 0.200300
vn -0.232000 0.950000 0.208900
vn -0.157100 0.962100 0.223000
vn -0.129000 0.977300 0.167800
vn -0.331800 0.876100 0.349800
vn -0.287400 0.882600 0.372200
vn -0.226200 0.896500 0.380900
vn -0.165800 0.911000 0.377600
vn -0.097300 0.967000 0.235300
vn -0.360500 0.658700 0.660400
vn -0.330800 0.676000 0.658400
vn -0.284800 0.693700 0.661600
vn -0.072400 0.915900 0.394900
vn -0.303300 -0.407700 0.861200
vn -0.280400 -0.403500 0.870900
vn 0.108000 -0.994100 -0.008500
vn 0.085400 -0.996300 -0.007200
vn 0.186900 -0.957400 -0.220300
vn 0.152500 -0.960500 -0.232700
vn 0.162300 -0.960300 -0.226800
vn 0.133200 -0.974400 -0.181300
vn 0.160900 -0.969300 -0.185800
vn 0.455700 -0.889100 -0.044200
vn 0.885700 0.091200 0.455300
vn 0.179900 -0.971700 -0.152800
vn 0.476400 -0.879000 -0.018300
vn 0.878000 0.126200 0.461700
vn 0.517400 -0.855300 -0.028300
vn 0.868400 0.133000 0.477800
vn 0.124300 0.915200 0.383400
vn 0.164300 0.924100 0.345100
vn 0.187400 0.913200 0.361800
vn -0.023600 0.970900 0.238400
vn -0.018400 0.963400 0.267400
vn -0.083600 0.978100 0.190400
vn -0.075200 0.956500 0.281800
vn -0.119300 0.964900 0.234000
vn -0.141100 0.968300 0.206000
vn -0.185600 0.922600 0.338100
vn -0.198400 0.924300 0.326000
vn -0.236800 0.917900 0.318500
vn -0.250000 0.870000 0.425000
vn -0.267100 0.865700 0.423400
vn -0.284800 0.855800 0.431800
vn -0.276300 0.848200 0.452000
vn -0.284200 0.842000 0.458500
vn -0.318900 0.829000 0.459400
vn -0.274000 0.853300 0.443600
vn -0.306900 0.844900 0.438100
vn -0.352100 0.835900 0.421100
vn -0.276400 0.888600 0.366200
vn -0.319400 0.877400 0.358000
vn -0.137600 0.988800 0.057500
vn -0.168400 0.977900 0.123800
vn 0.299200 0.522500 -0.798400
vn 0.387500 0.579800 -0.716700
vn 0.524900 0.637500 -0.563900
vn 0.626200 0.644600 -0.438500
vn 0.389100 -0.526000 -0.756200
vn 0.393500 -0.549900 -0.736700
vn 0.329300 -0.797800 -0.505000
vn 0.332800 -0.772500 -0.540900
vn 0.315900 0.487900 -0.813700
vn 0.379100 0.466200 -0.799300
vn 0.417600 -0.576700 -0.702100
vn -0.104700 0.994200 0.022400
vn -0.084000 0.996100 0.028400
vn -0.048600 0.996800 0.063800
vn 0.455300 0.458900 -0.763000
vn -0.246300 0.895600 0.370400
vn -0.245900 0.894100 0.374300
vn -0.232100 0.894200 0.382800
vn -0.177800 0.901200 0.395300
vn -0.009000 0.992400 0.122700
vn -0.274300 0.853500 0.443100
vn -0.271900 0.849700 0.451700
vn -0.239900 0.852300 0.464900
vn -0.131800 0.856700 0.498700
vn -0.070400 0.899800 0.430700
vn -0.270000 0.847300 0.457300
vn -0.250800 0.847200 0.468300
vn -0.160600 0.849500 0.502600
vn 0.075800 0.808400 0.583800
vn 0.081000 0.814700 0.574300
vn -0.234700 0.871700 0.430100
vn -0.160600 0.875900 0.455000
vn 0.082500 0.841100 0.534600
vn 0.865600 0.103700 0.489800
vn 0.857100 0.080600 0.508800
vn -0.131900 0.920000 0.369000
vn 0.096500 0.885000 0.455600
vn 0.870700 0.129600 0.474500
vn 0.567200 -0.818000 -0.095400
vn 0.599300 -0.785000 -0.156800
vn 0.283700 -0.921600 -0.265100
vn 0.330900 -0.877600 -0.347000
vn 0.351500 -0.843000 -0.407200
vn 0.604800 -0.769700 -0.204300
vn 0.366800 -0.808200 -0.460800
vn 0.607600 -0.746300 -0.271800
vn 0.879100 0.104600 0.464900
vn 0.393200 -0.764800 -0.510300
vn 0.316000 -0.814500 -0.486600
vn 0.353000 -0.775500 -0.523500
vn 0.444200 -0.605600 -0.660200
vn 0.339800 -0.788800 -0.512200
vn 0.433200 -0.595700 -0.676400
vn 0.517100 0.463700 -0.719400
vn 0.332600 -0.801300 -0.497400
vn 0.305200 -0.824100 -0.477200
vn 0.310000 -0.831100 -0.461800
vn 0.320100 -0.828800 -0.458900
vn 0.297900 -0.846300 -0.441700
vn 0.318700 -0.839600 -0.439800
vn 0.334600 -0.827200 -0.451400
vn 0.329700 -0.813900 -0.478400
vn 0.348900 -0.815600 -0.461600
vn 0.330300 -0.852200 -0.405800
vn 0.336700 -0.851600 -0.401800
vn 0.339400 -0.853100 -0.396200
vn 0.357700 -0.811500 -0.462200
vn 0.291800 -0.864900 -0.408500
vn 0.305000 -0.828400 -0.469800
vn -0.084900 -0.876400 -0.474100
vn 0.294900 -0.901400 -0.316900
vn -0.057700 -0.922800 -0.381000
vn -0.918400 -0.323400 -0.227800
vn -0.021000 -0.951000 -0.308600
vn -0.921600 -0.364200 -0.134200
vn -0.764500 0.610800 0.206200
vn -0.764700 0.616300 0.188000
vn -0.500200 0.818700 0.282200
vn -0.763900 0.609800 0.211400
vn -0.511100 0.818100 0.263600
vn -0.412100 0.874000 0.257300
vn -0.528600 0.817600 0.228300
vn -0.436400 0.872000 0.221900
vn -0.374300 0.902500 0.213000
vn -0.466800 0.836900 0.285800
vn -0.398500 0.866400 0.300900
vn -0.358000 0.875600 0.324300
vn -0.428300 0.643000 0.634900
vn -0.376500 0.657100 0.653000
vn -0.367100 0.654600 0.660900
vn -0.123200 -0.400700 0.907900
vn -0.167600 -0.410300 0.896400
vn -0.260400 -0.410500 0.873900
vn 0.236100 -0.970000 0.057200
vn 0.166600 -0.985900 0.016000
vn 0.300800 -0.942600 -0.145100
vn 0.244900 -0.951800 -0.184700
vn 0.295000 -0.947700 -0.122200
vn 0.232700 -0.962900 -0.136800
vn 0.166500 -0.972600 -0.162200
vn 0.221600 -0.968100 -0.116700
vn 0.156400 -0.978300 -0.135900
vn 0.133100 -0.979300 -0.152400
vn 0.174900 -0.967100 -0.184800
vn 0.168800 -0.966100 -0.195600
vn 0.225600 -0.957000 -0.182300
vn 0.224000 -0.929800 -0.292100
vn 0.221300 -0.928400 -0.298400
vn 0.260800 -0.877600 -0.402300
vn 0.266000 -0.881900 -0.389200
vn 0.281800 -0.846600 -0.451400
vn 0.289300 -0.845300 -0.449300
vn 0.285500 -0.869700 -0.402600
vn 0.259400 -0.918300 -0.299100
vn 0.300300 -0.903600 -0.305500
vn 0.314400 -0.859600 -0.402900
vn 0.314300 -0.896500 -0.312200
vn 0.284400 -0.941700 -0.179800
vn 0.303000 -0.929900 -0.208600
vn 0.309800 -0.922300 -0.231000
vn 0.316300 -0.896500 -0.310100
vn 0.328900 -0.912400 -0.243700
vn 0.323600 -0.895900 -0.304500
vn 0.317100 -0.911200 -0.263100
vn 0.348900 -0.914000 -0.207200
vn 0.346000 -0.909400 -0.230900
vn 0.015600 -0.965100 -0.261400
vn 0.367800 -0.910900 -0.186900
vn 0.038200 -0.973700 -0.224600
vn -0.913000 -0.401100 -0.074800
vn -0.911300 -0.403900 -0.080000
vn -0.766800 0.614700 0.185000
vn -0.559200 0.780200 0.280300
vn -0.496900 0.610700 0.616500
vn -0.162900 -0.449400 0.878400
vn -0.154900 -0.418600 0.894800
vn 0.322800 -0.943100 0.080000
vn 0.285200 -0.954400 0.088600
vn 0.272500 -0.958300 0.086200
vn 0.345300 -0.929500 -0.129900
vn 0.327900 -0.935600 -0.130900
vn 0.340500 -0.928300 -0.149300
vn 0.320800 -0.938000 -0.131400
vn 0.323000 -0.928900 -0.181000
vn 0.308300 -0.939900 -0.146900
vn 0.284100 -0.951500 -0.117700
vn 0.229200 -0.958400 -0.169900
vn 0.367700 -0.914900 -0.166900
vn 0.370900 -0.920300 -0.124100
vn 0.382600 -0.914500 -0.131300
vn -0.107400 -0.746900 0.656200
vn -0.689700 -0.071100 0.720600
vn -0.870000 -0.221000 0.440700
vn -0.295100 -0.809100 0.508300
vn 0.193600 -0.191900 0.962100
vn 0.422400 -0.071700 0.903600
vn 0.773200 -0.568900 0.280200
vn 0.928400 -0.239100 0.284500
vn 0.056700 0.874200 0.482300
vn 0.029800 0.846200 0.532100
vn 0.070600 0.858800 0.507500
vn 0.098800 0.890500 0.444100
vn 0.090000 0.948100 0.304900
vn 0.005900 0.911100 0.412000
vn -0.046600 0.854400 0.517500
vn 0.993500 -0.066200 0.092500
vn 0.997300 -0.009200 0.073300
vn 0.995200 -0.019900 0.095300
vn 0.992000 -0.071900 0.103500
vn 0.986900 -0.161100 0.008700
vn 0.997200 -0.019200 -0.071800
vn 0.974700 -0.215800 0.057500
vn -0.938200 -0.187500 -0.290900
vn -0.951100 -0.124100 -0.282800
vn -0.877300 -0.161800 -0.451800
vn -0.886200 -0.253100 -0.388200
vn -0.960000 -0.176400 -0.217500
vn -0.982100 -0.092400 -0.163900
vn -0.912500 -0.295100 -0.283400
vn -0.207800 -0.821100 -0.531700
vn -0.225300 -0.833900 -0.503900
vn -0.195500 -0.838600 -0.508500
vn -0.184200 -0.823900 -0.535900
vn -0.273200 -0.782900 -0.559000
vn -0.274600 -0.777600 -0.565700
vn -0.263800 -0.794400 -0.547100
vn -0.289600 -0.813700 -0.504100
vn -0.261400 -0.846600 -0.463600
vn -0.601800 -0.324900 -0.729500
vn -0.422300 -0.369400 -0.827800
vn -0.324500 -0.462300 -0.825200
vn -0.299500 -0.567000 -0.767400
vn -0.319200 -0.834700 -0.448700
vn -0.358000 0.652200 -0.668200
vn -0.131600 0.573000 -0.808900
vn -0.013500 0.429300 -0.903000
vn -0.076300 0.331700 -0.940300
vn -0.312800 -0.632400 -0.708700
vn 0.132700 0.986200 -0.098500
vn 0.227400 0.950500 -0.211600
vn 0.180100 0.926000 -0.331700
vn 0.031300 0.910500 -0.412300
vn -0.234500 0.252900 -0.938600
vn 0.231800 0.967200 0.104100
vn 0.214000 0.976800 -0.008500
vn 0.128100 0.988700 -0.077800
vn 0.097400 0.990500 -0.097400
vn -0.061000 0.887900 -0.456000
vn 0.212500 0.959400 0.185300
vn 0.176400 0.975200 0.133500
vn 0.183700 0.976300 0.114800
vn 0.298700 0.952300 0.061700
vn 0.210600 0.967700 -0.138700
vn 0.195600 0.945900 0.258900
vn 0.221000 0.949800 0.221300
vn 0.331700 0.929400 0.162000
vn 0.504300 0.861400 0.060800
vn 0.481000 0.875900 -0.038800
vn 0.233000 0.932200 0.277000
vn 0.342600 0.915300 0.211800
vn 0.507600 0.853800 0.115600
vn 0.676100 0.736800 0.005100
vn 0.676200 0.735200 -0.047100
vn 0.344100 0.906400 0.244900
vn 0.502100 0.851500 0.151100
vn 0.670600 0.740400 0.045800
vn 0.819000 0.570500 -0.061700
vn 0.821400 0.562000 -0.097200
vn 0.492100 0.850800 0.184400
vn 0.661700 0.744400 0.089500
vn 0.814900 0.579400 -0.016200
vn 0.905000 0.406700 -0.124700
vn 0.904900 0.394400 -0.160000
vn 0.666900 0.726600 0.165400
vn 0.818000 0.573200 0.047500
vn 0.906500 0.415400 -0.075200
vn 0.943000 0.280900 -0.178500
vn 0.937100 0.279100 -0.209500
vn 0.836500 0.532000 0.131800
vn 0.915100 0.403100 -0.011600
vn 0.954400 0.269900 -0.127700
vn 0.976000 0.107400 -0.189400
vn 0.962800 0.146700 -0.226800
vn 0.926200 0.368700 0.078100
vn 0.970200 0.237600 -0.047700
vn 0.991000 0.054200 -0.122600
vn 0.983500 -0.111500 -0.142700
vn 0.979700 -0.059900 -0.191100
vn 0.981100 0.184900 0.057200
vn 0.999300 0.003800 -0.037200
vn 0.986000 -0.143000 -0.085300
vn 0.973400 -0.205100 -0.102000
vn 0.970800 -0.194600 -0.140000
vn 0.997900 -0.034500 0.054200
vn 0.986800 -0.161000 -0.018100
vn 0.976200 -0.211500 -0.048700
vn 0.972300 -0.225900 -0.060600
vn 0.968500 -0.224500 -0.107800
vn 0.982400 -0.174900 0.065700
vn 0.976200 -0.215400 0.023800
vn 0.974200 -0.225500 0.005100
vn 0.973800 -0.227600 0.001400
vn 0.970900 -0.230900 -0.063300
vn 0.965800 -0.219200 0.138700
vn 0.968000 -0.224400 0.112700
vn 0.969300 -0.222400 0.105300
vn 0.965300 -0.235500 0.113200
vn 0.970800 -0.240000 0.007200
vn 0.908600 -0.225700 0.351400
vn 0.918400 -0.204600 0.338600
vn 0.924600 -0.205400 0.320700
vn 0.944400 -0.302700 0.128200
vn 0.403200 -0.148100 0.903000
vn 0.420000 -0.106000 0.901300
vn -0.580800 -0.019400 0.813800
vn -0.607100 0.002200 0.794700
vn -0.910200 0.027200 0.413200
vn -0.905500 -0.019000 0.424000
vn -0.971400 0.045000 0.233300
vn -0.962700 -0.027500 0.269100
vn -0.912900 -0.236900 0.332300
vn -0.337500 -0.825200 0.453000
vn -0.985900 -0.011500 0.166900
vn -0.946000 -0.215200 0.242300
vn -0.456800 -0.806000 0.376400
vn 0.630100 -0.749000 0.204900
vn 0.693600 -0.673300 0.256100
vn -0.965900 -0.190300 0.175600
vn -0.505500 -0.817800 0.275200
vn 0.600100 -0.790000 0.125900
vn 0.948700 -0.314100 -0.037500
vn 0.948900 -0.313900 0.031800
vn -0.533300 -0.825700 0.183800
vn 0.591100 -0.806000 0.031800
vn 0.946300 -0.310600 -0.089500
vn 0.964800 -0.241100 -0.105200
vn 0.968600 -0.240900 -0.060800
vn 0.600800 -0.798200 -0.043900
vn 0.947600 -0.297700 -0.115600
vn 0.963200 -0.237100 -0.126800
vn 0.956800 -0.269600 -0.109400
vn 0.967800 -0.219500 -0.123500
vn 0.967600 -0.213100 -0.135100
vn 0.964800 -0.227400 -0.132300
vn 0.966900 -0.231400 -0.107700
vn 0.965800 -0.220100 -0.136700
vn 0.967400 -0.206200 -0.147300
vn 0.971400 -0.169300 -0.166600
vn 0.975700 -0.170700 -0.137500
vn 0.976700 -0.124600 -0.174500
vn 0.976500 -0.005300 -0.215400
vn 0.986100 -0.066200 -0.152100
vn 0.977000 0.043700 -0.208600
vn 0.956100 0.171300 -0.237700
vn 0.979300 0.086400 -0.183000
vn 0.953900 0.189200 -0.233100
vn 0.934400 0.276400 -0.224600
vn 0.953200 0.203500 -0.223600
vn 0.934400 0.274300 -0.227300
vn 0.905600 0.384300 -0.179400
vn 0.933400 0.275400 -0.229800
vn 0.903200 0.379500 -0.200500
vn 0.820500 0.555100 -0.136900
vn 0.888100 0.383300 -0.253600
vn 0.805200 0.553500 -0.212700
vn 0.660900 0.737500 -0.138900
vn 0.748800 0.544500 -0.377800
vn 0.607300 0.731900 -0.308900
vn 0.412200 0.884000 -0.220500
vn 0.379900 0.617400 -0.688800
vn 0.185300 0.775200 -0.603900
vn -0.000400 0.855100 -0.518500
vn -0.354600 0.066300 -0.932700
vn -0.385500 0.094300 -0.917900
vn -0.350700 0.139600 -0.926000
vn -0.431800 -0.729400 -0.530600
vn -0.340800 -0.731800 -0.590200
vn -0.323900 -0.683900 -0.653800
vn -0.268000 -0.903200 -0.335400
vn -0.273000 -0.894500 -0.354100
vn -0.315600 -0.864700 -0.390700
vn -0.250200 -0.921000 -0.298500
vn -0.292100 -0.889000 -0.352800
vn -0.293600 -0.861500 -0.414200
vn -0.263500 -0.903300 -0.338400
vn -0.262500 -0.874200 -0.408600
vn -0.229100 -0.853800 -0.467500
vn -0.220200 -0.887700 -0.404400
vn -0.183400 -0.865700 -0.465700
vn -0.158500 -0.845200 -0.510400
vn -0.124000 -0.875100 -0.467800
vn -0.103200 -0.853300 -0.511100
vn -0.104000 -0.833100 -0.543200
vn -0.152200 -0.827300 -0.540800
vn -0.175000 -0.809800 -0.560000
vn -0.233600 -0.797100 -0.556800
vn -0.675600 -0.562000 -0.477300
vn -0.714700 -0.407600 -0.568400
vn -0.560400 -0.674500 -0.480700
vn -0.963200 0.204200 0.174700
vn -0.920300 0.369700 0.127700
vn -0.089700 -0.833000 -0.545900
vn -0.410100 -0.766000 -0.495100
vn -0.995500 -0.009300 0.094400
vn -0.371100 0.744900 0.554400
vn -0.279100 0.769500 0.574400
vn -0.294500 -0.815600 -0.498000
vn -0.992200 -0.112800 0.053700
vn -0.468500 0.711700 0.523500
vn -0.231800 0.814800 0.531400
vn -0.154600 0.818100 0.553900
vn -0.984000 -0.175700 0.030700
vn -0.543300 0.645200 0.537200
vn -0.325800 0.765300 0.555100
vn -0.254400 0.806200 0.534200
vn -0.176500 0.840500 0.512200
vn -0.595800 0.570600 0.565200
vn -0.407200 0.693700 0.594100
vn -0.320500 0.747900 0.581300
vn -0.243100 0.789000 0.564300
vn -0.189400 0.836700 0.513900
vn -0.454400 0.640900 0.618700
vn -0.365300 0.697900 0.616100
vn -0.285400 0.743100 0.605200
vn -0.200200 0.790400 0.579000
vn -0.165000 0.825800 0.539400
vn -0.389200 0.657600 0.645100
vn -0.302100 0.713100 0.632700
vn -0.212600 0.772600 0.598200
vn -0.102700 0.839000 0.534400
vn -0.089200 0.849600 0.519800
vn -0.283400 0.684600 0.671600
vn -0.191600 0.746500 0.637200
vn -0.080600 0.808300 0.583200
vn 0.059300 0.845200 0.531200
vn 0.033000 0.886700 0.461100
vn -0.095100 0.668200 0.737900
vn 0.019400 0.707200 0.706700
vn 0.135700 0.719800 0.680800
vn 0.218100 0.699200 0.680800
vn 0.192900 0.824700 0.531700
vn 0.231200 0.439800 0.867800
vn 0.259900 0.419500 0.869700
vn 0.215900 0.422600 0.880200
vn 0.162900 0.460400 0.872700
vn 0.265000 0.660100 0.702900
vn 0.372600 -0.503100 0.779800
vn 0.059300 -0.493000 0.868000
vn -0.259800 -0.379100 0.888100
vn -0.289700 -0.398600 0.870200
vn 0.256000 0.417400 0.871900
vn -0.157600 -0.987500 -0.000100
vn -0.437600 -0.898800 -0.025500
vn -0.550900 -0.830400 -0.083300
vn -0.481800 -0.871400 -0.092700
vn 0.076400 -0.588900 0.804600
vn -0.361300 -0.857000 -0.367500
vn -0.472500 -0.751800 -0.460000
vn -0.561400 -0.686800 -0.461700
vn -0.677300 -0.639100 -0.364600
vn -0.448100 -0.894000 0.008000
vn -0.412500 -0.712400 -0.567800
vn -0.561900 -0.572500 -0.597000
vn -0.723000 -0.459800 -0.515500
vn -0.850900 -0.367600 -0.375200
vn -0.802600 -0.566800 -0.186000
vn -0.543100 -0.524100 -0.656000
vn -0.727300 -0.380500 -0.571100
vn -0.855700 -0.288400 -0.429700
vn -0.931100 -0.210400 -0.297800
vn -0.932400 -0.271700 -0.238300
vn -0.731400 -0.398200 -0.553500
vn -0.865700 -0.309900 -0.393200
vn -0.940700 -0.238200 -0.241600
vn -0.984100 -0.133800 -0.116500
vn -0.976200 -0.107800 -0.188100
vn -0.873200 -0.384900 -0.298800
vn -0.945800 -0.299100 -0.126300
vn -0.982800 -0.184800 0.005000
vn -0.996500 -0.020400 0.081600
vn -0.999800 0.015600 -0.014300
vn -0.932500 -0.361000 0.009700
vn -0.963700 -0.237100 0.122600
vn -0.982900 -0.074000 0.168500
vn -0.986500 0.059300 0.152800
vn -0.990600 0.095600 0.098300
vn -0.942100 -0.269700 0.199400
vn -0.965400 -0.133600 0.223900
vn -0.980800 0.002200 0.195100
vn -0.984600 0.083600 0.153800
vn -0.985400 0.112900 0.127100
vn -0.952600 -0.181200 0.244200
vn -0.975100 -0.064600 0.212000
vn -0.985800 0.032800 0.164900
vn -0.988700 0.072300 0.131600
vn -0.985500 0.106800 0.131600
vn -0.973200 -0.118700 0.196800
vn -0.989000 -0.026500 0.145500
vn -0.994500 0.021300 0.102800
vn -0.997900 0.014200 0.063900
vn -0.992200 0.063800 0.107000
vn -0.992800 -0.068800 0.097600
vn -0.998700 -0.024600 0.044200
vn -0.999500 -0.031200 -0.004600
vn -0.992000 -0.114200 -0.053500
vn -0.997400 -0.069600 0.018600
vn -0.998000 -0.055000 -0.031200
vn -0.994400 -0.065200 -0.082900
vn -0.980200 -0.143400 -0.136600
vn -0.936000 -0.295500 -0.191300
vn -0.954000 -0.280700 -0.105500
vn -0.526900 -0.829200 -0.186600
vn -0.539400 -0.835900 -0.101900
vn -0.967900 -0.249600 -0.029100
vn -0.500800 -0.819000 -0.280100
vn 0.604000 -0.786500 -0.129100
vn 0.610900 -0.786200 -0.092900
vn -0.476600 -0.760400 -0.441300
vn 0.598800 -0.758900 -0.255800
vn 0.976600 -0.205300 0.064300
vn -0.423100 -0.585000 -0.691900
vn 0.628200 -0.583000 -0.515200
vn -0.386800 -0.258000 -0.885400
vn 0.658200 -0.193200 -0.727600
vn -0.424500 0.035100 -0.904800
vn 0.604400 0.167900 -0.778700
vn 0.981100 0.125900 -0.146700
vn 0.551500 0.353900 -0.755400
vn 0.945400 0.227700 -0.233300
vn 0.986900 0.140700 -0.079400
vn 0.997600 0.066000 0.019200
vn 0.994300 0.083600 -0.066100
vn 0.999200 0.017700 0.035200
vn 0.996300 0.031800 -0.080000
vn 0.999700 -0.026100 -0.004000
vn 0.997700 -0.043800 0.052600
vn 0.994300 -0.069800 0.081000
vn 0.996400 -0.067800 -0.050500
vn 0.996800 -0.080200 0.000300
vn 0.995600 -0.085500 0.038300
vn 0.980600 -0.192100 0.038600
vn 0.990000 -0.128500 -0.057900
vn 0.992200 -0.122700 -0.021800
vn 0.980500 -0.196600 -0.008200
vn 0.980600 -0.176900 -0.084900
vn 0.971400 -0.228200 -0.065400
vn 0.624600 -0.777200 -0.077100
vn 0.618200 -0.782200 -0.077200
vn -0.541300 -0.840300 -0.030100
vn 0.619600 -0.780900 -0.078900
vn -0.533300 -0.845400 0.030200
vn -0.980600 -0.172200 0.093700
vn -0.977600 -0.206800 0.040200
vn -0.993100 0.036000 0.111400
vn -0.997000 -0.009000 0.077500
vn -0.987800 0.096500 0.121800
vn -0.991600 0.045500 0.120800
vn -0.987700 0.105100 0.116000
vn -0.986000 0.118800 0.117200
vn -0.989500 0.101400 0.102700
vn -0.988000 0.119700 0.097900
vn -0.987500 0.124700 0.096100
vn -0.990200 0.113700 0.081100
vn -0.990100 0.124000 0.065200
vn -0.993100 0.110100 0.040800
vn -0.992400 0.108900 0.056700
vn -0.994700 0.102600 0.005500
vn -0.996600 0.025000 -0.079000
vn -0.995000 0.057100 0.082000
vn -0.999700 -0.022800 -0.011800
vn -0.980200 -0.155500 -0.122400
vn -0.954400 -0.145500 0.260600
vn -0.941300 -0.303200 0.148200
vn -0.891900 -0.452300 -0.000800
vn -0.605100 -0.497000 0.622000
vn -0.577600 -0.677100 0.455900
vn -0.509200 -0.827100 0.237800
vn 0.357000 -0.467700 0.808600
vn 0.384200 -0.539700 0.749100
vn 0.338900 -0.606700 0.719100
vn 0.797700 0.106100 0.593600
vn 0.702200 0.191800 0.685700
vn 0.509700 0.294100 0.808600
vn 0.709900 0.345800 0.613500
vn 0.546700 0.469400 0.693400
vn 0.369700 0.584100 0.722600
vn 0.545400 0.480200 0.686900
vn 0.379400 0.616400 0.690000
vn 0.275600 0.741500 0.611800
vn 0.371200 0.653000 0.660200
vn 0.256500 0.797600 0.545900
vn 0.168400 0.876900 0.450100
vn 0.230400 0.832400 0.504000
vn 0.151600 0.890300 0.429500
vn 0.038300 0.894000 0.446400
vn 0.138900 0.896200 0.421300
vn 0.046000 0.898700 0.436200
vn -0.067600 0.867400 0.492900
vn 0.058800 0.900500 0.430800
vn -0.040700 0.883900 0.466000
vn -0.119400 0.862000 0.492700
vn -0.008200 0.886700 0.462300
vn -0.079700 0.873400 0.480400
vn -0.132700 0.858800 0.494800
vn -0.034200 0.866400 0.498200
vn -0.074400 0.851300 0.519400
vn -0.104700 0.836400 0.538000
vn -0.017400 0.843000 0.537600
vn -0.047200 0.826700 0.560600
vn -0.102100 0.810300 0.577100
vn -0.003400 0.830300 0.557300
vn -0.070500 0.820700 0.567100
vn -0.241000 0.808600 0.536700
vn -0.229000 0.880400 0.415200
vn -0.825900 0.557400 -0.084800
vn -0.156600 0.964900 0.210800
vn -0.616000 0.673900 -0.407900
vn -0.015400 0.999700 0.020200
vn 0.173000 0.961400 0.214100
vn 0.151100 0.913200 0.378500
vn 0.202700 0.938000 0.281200
vn 0.111800 0.879800 0.462100
vn 0.166800 0.903900 0.393900
vn 0.199300 0.927100 0.317400
vn 0.129400 0.884100 0.449000
vn 0.177500 0.904100 0.388800
vn 0.195500 0.923900 0.328900
vn 0.149100 0.896400 0.417300
vn 0.184200 0.912000 0.366400
vn 0.232900 0.920400 0.314200
vn 0.165400 0.909000 0.382600
vn 0.224700 0.915600 0.333500
vn 0.339600 0.901900 0.266800
vn 0.212400 0.911400 0.352400
vn 0.335300 0.889000 0.311900
vn 0.493200 0.830900 0.257500
vn 0.334200 0.838200 0.431000
vn 0.514000 0.754000 0.409000
vn 0.694300 0.659500 0.288000
vn 0.530100 0.654400 0.539200
vn 0.707900 0.564500 0.424500
vn 0.849600 0.468600 0.242000
vn 0.708800 0.474300 0.522200
vn 0.849200 0.393300 0.352400
vn 0.931800 0.311600 0.186000
vn 0.839200 0.307800 0.448300
vn 0.924300 0.236300 0.299800
vn 0.977400 0.126700 0.169500
vn 0.906100 0.176700 0.384400
vn 0.960400 0.077100 0.267900
vn 0.986400 -0.065700 0.150800
vn 0.938500 0.038000 0.343000
vn 0.963000 -0.097800 0.251200
vn 0.964200 -0.193600 0.181300
vn 0.881100 -0.174200 0.439700
vn 0.888600 -0.238000 0.392000
vn 0.898700 -0.240000 0.367100
vn 0.387000 -0.330500 0.860800
vn 0.405600 -0.279500 0.870300
vn 0.408900 -0.214700 0.887000
vn -0.559000 -0.143700 0.816600
vn -0.561400 -0.082100 0.823500
vn -0.928100 0.000200 0.372300
vn -0.917500 0.012200 0.397600
vn -0.987100 0.069300 0.144600
vn -0.979400 0.060800 0.192700
vn -0.991100 0.096700 0.091800
vn -0.989600 0.069500 0.125600
vn -0.991200 0.090400 0.096300
vn -0.992400 0.012400 0.122600
vn -0.992700 0.032500 0.116400
vn -0.974700 -0.168500 0.146700
vn -0.979000 -0.159500 0.127000
vn -0.534900 -0.839000 0.099500
vn -0.942600 -0.037700 0.331900
vn -0.573100 -0.216200 0.790500
vn -0.592100 -0.334600 0.733100
vn 0.360600 -0.363900 0.858800
vn 0.340200 -0.400200 0.851000
vn 0.865700 -0.066200 0.496200
vn 0.842100 0.025600 0.538700
vn 0.891600 0.145100 0.428900
vn 0.823000 0.236700 0.516300
vn 0.827100 0.250500 0.503200
vn 0.706600 0.351200 0.614400
vn 0.705800 0.391700 0.590300
vn 0.541200 0.504000 0.673200
vn 0.538600 0.572000 0.618700
vn 0.358200 0.713100 0.602600
vn 0.345200 0.771500 0.534400
vn 0.208800 0.859500 0.466500
vn 0.201000 0.890500 0.408300
vn 0.135000 0.903300 0.407300
vn 0.146100 0.908800 0.390800
vn 0.080700 0.899100 0.430300
vn 0.114100 0.896100 0.429000
vn 0.033000 0.881900 0.470200
vn 0.084000 0.880300 0.466900
vn 0.022600 0.861700 0.507000
vn 0.072400 0.864500 0.497300
vn 0.031300 0.846300 0.531700
vn 0.977700 -0.178600 -0.110400
vn 0.988100 -0.117800 -0.099300
vn 0.993700 -0.015400 -0.110600
vn 0.978700 0.124500 -0.163400
vn 0.973800 0.160600 -0.160900
vn 0.951900 0.216600 -0.216900
vn 0.963300 0.199400 -0.179900
vn 0.939800 0.241100 -0.242200
vn 0.920400 0.288600 -0.263600
vn 0.866100 0.314900 -0.388200
vn 0.842900 0.334600 -0.421500
vn 0.819300 0.395200 -0.415300
vn 0.475500 0.391200 -0.787900
vn 0.505400 0.357800 -0.785200
vn 0.495800 0.438300 -0.749700
vn -0.370300 0.057000 -0.927200
vn -0.298700 -0.028300 -0.953900
vn -0.304200 0.004500 -0.952600
vn -0.814600 -0.443000 -0.374400
vn -0.703900 -0.586800 -0.400300
vn -0.571600 -0.678700 -0.461200
vn -0.712100 -0.689600 -0.131500
vn -0.539100 -0.814600 -0.214100
vn -0.369500 -0.881800 -0.293000
vn -0.517400 -0.844900 -0.135900
vn -0.345100 -0.912900 -0.218000
vn -0.245400 -0.932500 -0.265000
vn -0.335400 -0.922100 -0.193100
vn -0.234900 -0.942000 -0.239800
vn -0.230200 -0.932900 -0.277000
vn -0.229400 -0.944400 -0.235500
vn -0.212300 -0.937600 -0.275300
vn -0.230900 -0.913600 -0.334500
vn -0.194600 -0.937000 -0.290200
vn -0.192500 -0.919300 -0.343400
vn -0.164300 -0.897300 -0.409600
vn -0.152800 -0.911700 -0.381500
vn -0.105600 -0.896700 -0.429800
vn -0.059900 -0.880200 -0.470900
vn -0.067700 -0.891300 -0.448400
vn -0.007600 -0.884000 -0.467500
vn 0.033700 -0.872500 -0.487500
vn -0.035300 -0.864200 -0.501800
vn 0.052800 -0.859000 -0.509300
vn -0.031400 -0.848800 -0.527700
vn 0.017300 -0.847300 -0.530800
vn 0.132800 -0.836400 -0.531800
vn 0.120000 -0.822400 -0.556100
vn -0.200900 -0.818400 -0.538400
vn 0.192100 -0.774400 -0.602800
vn -0.103000 -0.798100 -0.593600
vn -0.966600 -0.256100 -0.004700
vn -0.023200 -0.782100 -0.622700
vn -0.938100 -0.343400 -0.045700
vn -0.629300 0.518200 0.579200
vn -0.911100 -0.409600 -0.046500
vn -0.639700 0.477400 0.602400
vn -0.471500 0.601800 0.644600
vn -0.624100 0.421600 0.657900
vn -0.464900 0.552600 0.691700
vn -0.377000 0.619600 0.688500
vn -0.398600 0.481800 0.780400
vn -0.287500 0.551400 0.783200
vn -0.191200 0.612900 0.766700
vn -0.072800 0.404100 0.911800
vn 0.032900 0.429100 0.902700
vn 0.139200 0.443700 0.885300
vn 0.598800 -0.387900 0.700700
vn 0.598900 -0.417900 0.683100
vn 0.550700 -0.451200 0.702200
vn 0.400600 -0.879600 -0.256700
vn 0.301000 -0.934200 -0.191400
vn 0.116000 -0.989000 -0.091400
vn 0.119200 -0.874300 -0.470600
vn -0.014000 -0.926400 -0.376300
vn -0.196500 -0.930500 -0.309200
vn -0.041200 -0.918300 -0.393800
vn -0.188800 -0.918400 -0.347700
vn -0.305400 -0.846000 -0.437100
vn -0.174600 -0.909200 -0.378000
vn -0.251000 -0.843300 -0.475100
vn -0.353300 -0.707300 -0.612300
vn -0.203900 -0.844800 -0.494800
vn -0.307200 -0.730900 -0.609500
vn -0.520200 -0.552000 -0.651700
vn -0.292700 -0.779700 -0.553500
vn -0.521600 -0.624500 -0.581400
vn -0.733800 -0.483100 -0.477600
vn -0.530300 -0.732700 -0.426400
vn -0.723600 -0.609000 -0.324700
vn -0.862200 -0.481800 -0.156400
vn -0.696000 -0.703200 -0.145000
vn -0.838600 -0.544600 -0.014300
vn -0.912300 -0.393400 0.113600
vn -0.824500 -0.561700 0.068300
vn -0.902800 -0.396200 0.167000
vn -0.931900 -0.280300 0.230200
vn -0.905000 -0.385200 0.180500
vn -0.932700 -0.276900 0.230900
vn -0.949900 -0.206600 0.234500
vn -0.939000 -0.270200 0.212700
vn -0.955700 -0.213000 0.203200
vn -0.977200 -0.144900 0.155000
vn -0.966400 -0.207400 0.151700
vn -0.983800 -0.151400 0.095600
vn -0.995500 -0.090700 0.027500
vn -0.990300 -0.138800 0.006100
vn -0.993400 -0.096800 -0.062200
vn -0.990000 -0.072200 -0.121400
vn -0.980000 -0.082900 -0.181100
vn -0.967100 -0.082800 -0.240700
vn -0.929400 -0.033600 -0.367600
vn -0.899600 -0.077000 -0.429800
vn -0.473200 0.206800 -0.856300
vn -0.947900 -0.011400 -0.318300
vn -0.487500 0.308100 -0.817000
vn 0.514000 0.439000 -0.736900
vn -0.490300 0.310600 -0.814300
vn 0.482000 0.445100 -0.754700
vn 0.903600 0.285600 -0.319400
vn -0.450800 0.208200 -0.868000
vn -0.950300 -0.019200 -0.310700
vn -0.935900 -0.095600 -0.339100
vn -0.896100 -0.254000 -0.363900
vn -0.978500 -0.195900 -0.064700
vn -0.943500 -0.326200 -0.059400
vn -0.854400 -0.513800 -0.077600
vn -0.934900 -0.347500 0.072800
vn -0.847000 -0.530800 0.028500
vn -0.696900 -0.715700 -0.044500
vn -0.836400 -0.543200 0.073400
vn -0.683500 -0.729800 -0.016100
vn -0.504700 -0.856000 -0.111700
vn -0.674500 -0.738200 -0.008900
vn -0.496400 -0.861500 -0.106500
vn -0.331400 -0.924900 -0.186500
vn -0.491200 -0.863700 -0.112800
vn -0.330500 -0.923600 -0.194300
vn -0.225300 -0.941900 -0.249200
vn -0.329300 -0.917300 -0.223700
vn -0.219900 -0.932300 -0.287100
vn -0.177300 -0.925300 -0.335300
vn -0.201900 -0.916200 -0.346300
vn -0.160800 -0.906700 -0.389900
vn -0.125700 -0.896800 -0.424300
vn -0.149100 -0.893000 -0.424600
vn -0.112400 -0.890400 -0.441000
vn -0.048100 -0.884700 -0.463700
vn -0.099700 -0.895200 -0.434300
vn -0.021500 -0.879200 -0.475900
vn 0.069700 -0.846500 -0.527800
vn 0.028700 -0.873300 -0.486300
vn 0.144800 -0.814300 -0.562200
vn 0.094400 -0.855900 -0.508500
vn 0.192600 -0.789100 -0.583300
vn 0.184400 -0.775700 -0.603600
vn 0.227500 -0.750200 -0.620900
vn 0.224500 -0.742100 -0.631600
vn 0.248900 -0.731800 -0.634500
vn 0.240100 -0.723800 -0.646800
vn 0.026600 -0.769900 -0.637600
vn 0.266800 -0.703200 -0.659000
vn 0.053900 -0.752100 -0.656800
vn -0.891600 -0.452600 0.011200
vn 0.079500 -0.780600 -0.619900
vn -0.801900 -0.584400 0.123900
vn -0.561400 0.370900 0.739800
vn -0.620600 -0.644400 0.446800
vn -0.388300 -0.039900 0.920700
vn -0.205800 0.386900 0.898900
vn 0.188800 -0.487500 0.852500
vn 0.494500 -0.458100 0.738600
vn 0.588600 -0.396300 0.704700
vn 0.490200 -0.786100 -0.376500
vn 0.497700 -0.776300 -0.386800
vn 0.468500 -0.824600 -0.317200
vn 0.308800 -0.721100 -0.620200
vn 0.275000 -0.771200 -0.574100
vn 0.207300 -0.823300 -0.528500
vn 0.230200 -0.758100 -0.610200
vn 0.161200 -0.804900 -0.571100
vn 0.076000 -0.863200 -0.499100
vn 0.140400 -0.803800 -0.578100
vn 0.048100 -0.865000 -0.499400
vn -0.064500 -0.914300 -0.399800
vn 0.016600 -0.871400 -0.490300
vn -0.084100 -0.904400 -0.418300
vn -0.160400 -0.895200 -0.415900
vn -0.149700 -0.889500 -0.431700
vn -0.176700 -0.862100 -0.475000
vn -0.178300 -0.890600 -0.418500
vn -0.308000 -0.846700 -0.433900
vn -0.326200 -0.897300 -0.297500
vn -0.511500 -0.825600 -0.238200
vn -0.492700 -0.858600 -0.141200
vn -0.675400 -0.736200 -0.042100
vn -0.669700 -0.742500 -0.012500
vn -0.821700 -0.562400 0.092300
vn -0.827200 -0.554800 0.089100
vn -0.911700 -0.374000 0.170400
vn -0.921500 -0.361800 0.141400
vn -0.950500 -0.259500 0.170700
vn -0.967800 -0.237600 0.083400
vn -0.981400 -0.182600 0.059500
vn -0.988100 -0.129500 -0.083400
vn -0.987400 -0.099000 -0.123200
vn 0.114400 -0.816700 -0.565600
vn 0.210600 -0.759200 -0.615900
vn 0.270000 -0.722700 -0.636300
vn 0.309600 -0.684000 -0.660500
vn 0.142900 -0.988000 -0.058900
vn -0.578400 -0.794400 0.185300
vn 0.386600 -0.920200 -0.061200
vn 0.712700 -0.700400 -0.039900
vn 0.361100 -0.926000 0.109900
vn -0.914300 -0.236700 0.328700
vn -0.938700 0.316100 0.137200
vn -0.983800 -0.173900 0.044500
vn 0.740100 0.282100 0.610400
vn -0.323800 0.547000 0.772000
vn 0.049000 -0.417100 0.907500
vn 0.740600 -0.665900 0.089800
vn 0.857300 0.453200 0.244200
vn -0.322600 0.826400 0.461600
vn 0.785800 -0.566900 -0.247300
vn -0.183800 -0.559800 0.808000
vn 0.598100 -0.793800 -0.110300
vn -0.641800 0.510000 0.572700
vn 0.741700 -0.648400 -0.171600
vn 0.706600 -0.699600 -0.106000
vn 0.683600 -0.650400 -0.331200
vn 0.711300 -0.629200 -0.313300
vn 0.746600 -0.657500 -0.101300
vn 0.726000 -0.687300 0.023300
vn 0.718000 -0.652200 -0.243000
vn -0.681000 0.726600 0.091300
vn -0.670000 0.683600 0.289600
vn -0.580200 0.758100 0.297700
vn -0.589400 0.807600 0.019900
vn -0.643500 0.754300 -0.130200
vn -0.704300 0.709600 0.021400
vn -0.702900 0.670200 0.238100
vn -0.739300 0.661700 -0.125000
vn -0.732900 0.660500 -0.162800
vn -0.798500 0.591600 -0.111400
vn -0.775900 0.626200 -0.076700
vn -0.743700 0.667600 -0.035200
vn -0.703000 0.698700 -0.132700
vn -0.657800 0.724500 -0.206000
vn 0.747000 -0.662600 0.054300
vn 0.740300 -0.668300 0.072600
vn 0.706000 -0.699400 0.111200
vn 0.733700 -0.677200 0.056400
vn 0.762900 -0.646200 0.019700
vn 0.770300 -0.636600 0.037000
vn 0.750500 -0.660700 -0.011600
vn 0.730700 -0.680900 0.048800
vn 0.744600 -0.665500 -0.051500
vn 0.728500 -0.668300 -0.150400
vn 0.748500 -0.659500 -0.069600
vn 0.768800 -0.639100 -0.019900
vn 0.738300 -0.662800 -0.125200
vn 0.769800 -0.635700 -0.057600
vn 0.792600 -0.609200 -0.025100
vn 0.782900 -0.622100 0.004000
vn 0.787500 -0.615400 -0.033400
vn 0.767400 -0.640900 -0.016500
vn 0.746400 -0.665500 -0.005300
vn 0.553700 -0.803900 -0.217100
vn 0.545400 -0.794200 -0.267900
vn 0.627700 -0.717000 -0.303200
vn 0.725400 -0.688200 0.012900
vn 0.722500 -0.644200 -0.251000
vn 0.701600 -0.709700 0.064000
vn 0.688800 -0.712700 0.133000
vn 0.698200 -0.702400 0.138300
vn 0.747300 -0.650200 -0.137200
vn 0.706300 -0.707600 -0.022700
vn 0.638700 -0.752400 0.161200
vn 0.279000 0.088100 -0.956200
vn 0.426800 0.108000 -0.897900
vn 0.606200 0.147700 -0.781500
vn 0.877300 0.298800 -0.375700
vn 0.630000 -0.775400 -0.043000
vn -0.422000 0.739400 -0.524600
vn -0.272600 0.810900 -0.517900
vn -0.012600 0.976500 -0.215100
vn 0.070000 0.971900 0.224900
vn 0.947800 0.318500 0.010800
vn -0.518100 0.800900 -0.300300
vn -0.373500 0.923500 -0.087100
vn -0.336000 0.904500 0.262800
vn -0.436400 0.777000 0.453700
vn -0.034300 0.890100 0.454500
vn -0.496700 0.867400 -0.031600
vn -0.477400 0.834400 0.275300
vn -0.544800 0.700300 0.461200
vn -0.616600 0.647900 0.447300
vn -0.526600 0.716800 0.457200
vn -0.603900 0.644900 0.468500
vn -0.635700 0.617900 0.462800
vn -0.661000 0.628200 0.410400
vn -0.652000 0.649800 0.390700
vn -0.635800 0.622200 0.456900
vn -0.622700 0.614800 0.484000
vn -0.630800 0.626700 0.457500
vn -0.641800 0.594900 0.484000
vn -0.682000 0.590800 0.431100
vn -0.615000 0.632500 0.470900
vn -0.607100 0.629100 0.485500
vn -0.608200 0.586500 0.534900
vn -0.560800 0.337700 0.756000
vn -0.619600 0.375100 0.689500
vn -0.674900 0.598300 0.431900
vn -0.673400 0.539700 0.505300
vn -0.636700 0.234700 0.734600
vn 0.002200 -0.727600 0.686000
vn 0.101300 -0.661800 0.742800
vn -0.777500 0.491000 0.393000
vn -0.761500 0.167900 0.626000
vn -0.102500 -0.777200 0.620800
vn 0.638600 -0.761100 -0.114000
vn 0.615600 -0.767500 -0.178700
vn -0.837300 0.160000 0.522800
vn -0.154000 -0.766200 0.623900
vn 0.665400 -0.745700 -0.034400
vn 0.753400 -0.639200 -0.154300
vn 0.715300 -0.660300 -0.228800
vn -0.216500 -0.758900 0.614200
vn 0.689800 -0.723800 0.018500
vn 0.771900 -0.629700 -0.087300
vn 0.796300 -0.599700 -0.079300
vn 0.770100 -0.621400 -0.144100
vn 0.784800 -0.617400 -0.053800
vn 0.793600 -0.607000 -0.041900
vn 0.798200 -0.600400 -0.049400
vn 0.646700 -0.744000 -0.168200
vn 0.612400 -0.765900 -0.195800
vn -0.478900 -0.757100 -0.444400
vn -0.532800 -0.674600 -0.510800
vn -0.489800 -0.665700 -0.563100
vn 0.592600 -0.778700 -0.206100
vn -0.496900 -0.635300 -0.591200
vn -0.942200 0.269500 -0.199200
vn -0.926200 0.283000 -0.249300
vn -0.868600 0.348200 -0.352500
vn -0.418100 -0.516900 -0.747000
vn -0.697700 0.538100 -0.472900
vn -0.088600 -0.195200 -0.976800
vn -0.493200 0.713800 -0.497300
vn -0.732300 0.650100 -0.202700
vn -0.623200 0.740800 -0.250400
vn -0.583300 0.754000 -0.302000
vn -0.627300 0.740900 -0.239900
vn -0.585800 0.779600 -0.221500
vn -0.676700 0.722200 -0.143600
vn -0.717400 0.696600 -0.004000
vn -0.721600 0.673200 0.161400
vn -0.763900 0.642600 0.058600
vn -0.772400 0.617300 0.149500
vn -0.698300 0.652700 0.293900
vn -0.802600 0.596200 -0.016700
vn -0.822600 0.566300 0.051400
vn -0.835200 0.534000 0.131400
vn -0.777700 0.579900 0.242900
vn -0.831200 0.553000 -0.058100
vn -0.854100 0.520200 -0.002600
vn -0.869900 0.490300 0.053900
vn -0.881500 0.456400 0.121000
vn -0.838300 0.503500 0.209000
vn -0.881700 0.469300 -0.048400
vn -0.897400 0.441100 0.000400
vn -0.914600 0.400200 0.058700
vn -0.894300 0.397700 0.204900
vn -0.957900 0.255300 -0.131200
vn -0.974100 0.215300 -0.069400
vn -0.453600 -0.835600 -0.310100
vn -0.895800 0.137700 0.422500
vn -0.844100 0.451900 0.288600
vn -0.775900 0.545700 0.316600
vn -0.680900 0.626200 0.379700
vn -0.650000 0.642400 0.405900
vn -0.237100 -0.846000 0.477500
vn -0.860000 0.500800 -0.098200
vn -0.821100 0.550600 -0.150200
vn 0.771200 -0.628600 -0.100700
vn 0.731900 -0.656300 -0.183200
vn 0.727600 -0.648800 -0.222900
vn 0.676900 -0.679700 -0.282500
vn 0.667500 -0.680100 -0.303000
vn 0.660000 -0.689700 -0.298000
vn 0.620900 -0.702400 -0.348200
vn 0.620400 -0.716100 -0.319900
vn 0.606200 -0.770500 -0.197200
vn 0.632800 -0.717900 -0.290200
vn 0.616600 -0.766500 -0.179600
vn 0.067600 -0.667700 0.741300
vn 0.616300 -0.773300 -0.149000
vn -0.076700 -0.693300 0.716500
vn -0.699800 0.378400 0.605900
vn -0.256600 -0.604500 0.754200
vn -0.705400 0.433100 0.561100
vn -0.675200 0.604000 0.423500
vn -0.593800 0.670200 0.445200
vn -0.565500 0.715600 0.410000
vn -0.213300 0.859300 0.464900
vn -0.138100 0.856200 0.497800
vn 0.889800 0.400500 0.218700
vn 0.903800 0.381900 0.193200
vn 0.927600 0.350300 0.129500
vn 0.807200 -0.507600 -0.301200
vn 0.751900 -0.565700 -0.338500
vn 0.652900 -0.719400 -0.237000
vn 0.634700 -0.647900 -0.421100
vn 0.542700 -0.787400 -0.292400
vn 0.540000 -0.841700 -0.000900
vn 0.617500 -0.719200 -0.318500
vn 0.630000 -0.775500 -0.042000
vn 0.677000 -0.725400 0.124500
vn 0.644900 -0.622900 -0.442900
vn 0.665100 -0.604600 -0.438400
vn 0.671000 -0.637500 -0.378700
vn 0.661400 -0.640600 -0.390200
vn 0.638900 -0.659600 -0.395900
vn 0.665000 -0.624000 -0.410400
vn 0.632000 -0.684100 -0.364100
vn 0.666200 -0.664000 -0.339700
vn 0.697900 -0.677900 -0.230900
vn 0.633000 -0.696200 -0.338600
vn 0.661000 -0.683000 -0.310700
vn 0.653600 -0.707900 -0.267800
vn 0.671000 -0.677700 -0.300600
vn 0.657700 -0.702000 -0.273400
vn 0.581700 -0.805900 -0.110700
vn 0.685300 -0.674300 -0.275200
vn 0.700600 -0.649800 -0.294900
vn 0.806500 -0.533500 -0.254800
vn 0.697600 -0.618000 -0.362600
vn 0.123500 -0.509900 -0.851300
vn 0.762500 -0.599200 -0.244100
vn 0.607300 -0.781900 0.140700
vn -0.290900 -0.703000 -0.649000
vn -0.706800 0.442100 -0.552300
vn -0.272100 0.395200 -0.877400
vn -0.923500 0.363200 0.123300
vn -0.936000 0.330100 0.122100
vn -0.928500 0.283800 0.239300
vn -0.891800 0.380200 0.245300
vn -0.852100 0.500600 0.152400
vn -0.903000 0.425400 0.060900
vn -0.915500 0.399700 0.045900
vn -0.718500 0.660000 -0.219700
vn -0.517800 0.804300 -0.291700
vn -0.505400 0.760800 -0.407000
vn -0.729200 0.639100 -0.244600
vn -0.788700 0.601500 -0.127400
vn -0.670400 0.735200 -0.100500
vn -0.819500 0.557800 -0.131300
vn 0.721500 -0.649700 0.239600
vn 0.667000 -0.681900 0.300100
vn 0.738400 -0.618900 0.267800
vn 0.767700 -0.606600 0.206700
vn 0.724900 -0.654700 0.214200
vn 0.654000 -0.705600 0.272700
vn 0.778400 -0.607700 0.157600
vn 0.933600 -0.325200 -0.150400
vn 0.916800 -0.388900 -0.091000
vn 0.915700 -0.387700 -0.105200
vn 0.934600 -0.326300 -0.141700
vn 0.934100 -0.332500 -0.129800
vn 0.936800 -0.316400 -0.149100
vn 0.923400 -0.376500 -0.074700
vn -0.958500 0.250700 0.136000
vn -0.951300 0.267300 0.153400
vn -0.945900 0.298800 0.126600
vn -0.957500 0.259500 0.125900
vn -0.968600 0.177500 0.174000
vn -0.955100 0.182100 0.233800
vn -0.975500 0.183100 0.121800
vn -0.574600 -0.666800 -0.474500
vn -0.854000 0.387700 -0.347100
vn 0.567100 -0.822300 0.047400
vn 0.914900 -0.356700 -0.189100
vn 0.875400 -0.471000 -0.108900
vn 0.884700 -0.427700 -0.185700
vn 0.909600 -0.379800 -0.168600
vn 0.915500 -0.375600 -0.143900
vn 0.920500 -0.347200 -0.179100
vn 0.884100 -0.463200 -0.061200
vn 0.929300 -0.330600 -0.164600
vn 0.905400 -0.418700 -0.070400
vn 0.201500 -0.761500 0.616000
vn 0.063200 -0.826000 0.560100
vn -0.021200 -0.952700 0.303200
vn -0.882500 -0.131800 0.451500
vn -0.938500 -0.187400 0.290100
vn -0.963800 -0.259200 0.062000
vn 0.005100 -0.990100 -0.140300
vn -0.932600 -0.354700 -0.066300
vn 0.177900 -0.934700 -0.307800
vn 0.876900 -0.449800 -0.169400
vn 0.895200 -0.427600 -0.125300
vn 0.385300 -0.895600 -0.222500
vn 0.847000 -0.518700 -0.116000
vn 0.862200 -0.500600 -0.078200
vn 0.859300 -0.510100 -0.036300
vn 0.897300 -0.432500 -0.087800
vn 0.808200 -0.584900 -0.068600
vn 0.814000 -0.579600 -0.038700
vn 0.811200 -0.584700 -0.002200
vn 0.818300 -0.573000 0.046200
vn 0.855500 -0.517700 0.013900
vn 0.768500 -0.639900 0.001400
vn 0.771700 -0.635200 0.032000
vn 0.790400 -0.607900 0.076000
vn 0.808700 -0.575500 0.121900
vn 0.832200 -0.546800 0.092000
vn 0.742600 -0.665100 0.078500
vn 0.765100 -0.633500 0.115500
vn 0.713500 -0.688200 0.131700
vn 0.725400 -0.666500 0.172000
vn 0.690800 -0.704000 0.164900
vn 0.680800 -0.699800 0.216300
vn 0.754800 -0.654600 0.041800
vn 0.750100 -0.655300 0.088700
vn 0.738100 -0.654700 0.163000
vn 0.782700 0.011000 -0.622300
vn 0.881900 -0.020700 -0.471100
vn 0.988500 0.085500 -0.124400
vn 0.745500 -0.604100 0.281400
vn 0.945800 0.049700 0.320800
vn 0.767200 -0.544100 0.339800
vn 0.905600 -0.063700 0.419300
vn 0.831800 -0.484500 0.270900
vn 0.809200 -0.553200 0.197700
vn 0.880600 -0.439700 0.176500
vn 0.850000 -0.509900 0.132700
vn 0.842200 -0.526000 0.118100
vn 0.813600 -0.559300 0.159300
vn 0.865700 -0.494900 0.074600
vn 0.861900 -0.501500 0.074500
vn 0.857600 -0.511200 0.055600
vn 0.891000 -0.453900 0.010100
vn 0.893400 -0.449200 -0.010700
vn 0.896400 -0.440800 -0.046700
vn 0.923800 -0.370400 -0.096600
vn 0.922200 -0.367500 -0.120300
vn 0.934800 -0.320100 -0.154000
vn 0.923600 -0.369900 -0.100700
vn 0.656600 -0.573400 0.490000
vn 0.408100 -0.703200 0.582300
vn -0.465100 -0.297500 0.833800
vn -0.718000 -0.232200 0.656100
vn -0.822700 -0.157200 0.546300
vn -0.940100 0.153200 0.304500
vn -0.946900 0.175800 0.269100
vn -0.949000 0.260600 0.177400
vn -0.948400 0.269600 0.166900
vn -0.942500 0.311800 0.120400
vn -0.942500 0.310800 0.122700
vn -0.924700 0.374800 0.066300
vn -0.929000 0.359600 0.087600
vn -0.937000 0.331500 0.110400
vn -0.953400 0.277200 0.118900
vn -0.901000 0.430900 0.049200
vn -0.915600 0.393300 0.083700
vn -0.940100 0.325300 0.101900
vn -0.973600 0.206800 0.096600
vn -0.975900 0.191200 0.104800
vn -0.875300 0.481100 0.048000
vn -0.909100 0.411100 0.067300
vn -0.967700 0.247400 0.048300
vn -0.724700 -0.671300 -0.155500
vn -0.831900 -0.546800 -0.095100
vn -0.865400 0.500900 -0.015600
vn -0.954400 0.291300 -0.065900
vn -0.667600 -0.699200 -0.255900
vn 0.531800 -0.838600 -0.118100
vn 0.486700 -0.857700 -0.165500
vn -0.923600 0.333700 -0.188700
vn -0.603300 -0.719300 -0.344400
vn 0.546900 -0.835100 -0.058800
vn 0.741100 -0.670000 0.044100
vn 0.771700 -0.635700 -0.019300
vn 0.707200 -0.696600 0.120900
vn 0.701800 -0.703000 0.115200
vn 0.732600 -0.678500 0.054100
vn 0.687700 -0.706300 0.168300
vn 0.687200 -0.710500 0.151700
vn 0.775100 -0.631800 0.010400
vn 0.749700 -0.661800 -0.001100
vn 0.531400 0.087100 -0.842700
vn 0.622600 0.005000 -0.782500
vn 0.686100 0.063500 -0.724700
vn -0.257500 0.691000 -0.675500
vn -0.186900 0.710700 -0.678200
vn -0.015000 0.686800 -0.726700
vn -0.495300 0.733900 -0.464900
vn -0.411900 0.736200 -0.537000
vn -0.256400 0.767100 -0.588100
vn 0.208200 0.670500 -0.712100
vn -0.073800 0.844600 -0.530300
vn 0.464800 0.743000 -0.481600
vn -0.071400 0.963300 -0.258800
vn 0.570600 0.820900 0.021500
vn -0.275600 0.959000 0.066600
vn 0.515600 0.764700 0.386500
vn -0.411100 0.883900 0.223000
vn 0.502700 0.704100 0.501500
vn 0.935100 -0.091600 0.342500
vn 0.484800 0.666200 0.566800
vn 0.953200 -0.114800 0.279700
vn 0.890900 -0.444800 0.091600
vn 0.959700 -0.141200 0.243000
vn 0.894500 -0.446900 -0.011600
vn 0.887100 -0.461600 -0.001100
vn 0.939400 -0.177800 0.293100
vn 0.249800 0.366300 0.896400
vn -0.070100 -0.072400 0.994900
vn 0.838200 -0.363900 0.406300
vn 0.420500 0.594800 0.685100
vn -0.541600 0.711200 0.448200
vn -0.675900 0.478100 0.560900
vn -0.473500 0.819600 0.322500
vn -0.816400 0.574700 0.056900
vn -0.773500 0.633800 -0.006000
vn -0.840200 0.539400 -0.055800
vn -0.871500 0.490300 -0.006800
vn -0.885800 0.463700 -0.016600
vn -0.858700 0.508300 -0.065400
vn -0.861200 0.505000 -0.057200
vn -0.889700 0.456500 -0.009000
vn -0.821900 0.556700 -0.120600
vn -0.819600 0.565100 -0.095100
vn -0.859800 0.509700 -0.031200
vn -0.744400 0.627200 -0.229000
vn -0.753700 0.625700 -0.201300
vn -0.753800 0.637000 -0.161200
vn -0.814800 0.577000 -0.056000
vn -0.580500 0.712000 -0.395100
vn -0.633900 0.690200 -0.349100
vn -0.662800 0.690000 -0.290800
vn -0.687000 0.683000 -0.247900
vn -0.763700 0.633500 -0.124500
vn -0.548100 0.723800 -0.419100
vn -0.617000 0.650800 -0.442400
vn -0.751700 0.606400 -0.259200
vn -0.339100 0.634100 -0.694900
vn 0.593600 0.004700 -0.804800
vn -0.819200 0.558300 -0.131300
vn -0.822500 0.568400 -0.020300
vn -0.861700 0.507300 0.010300
vn -0.893800 0.448200 0.012900
vn -0.920100 0.388100 0.052500
vn -0.940700 0.317900 0.118300
vn -0.946100 0.255900 0.198800
vn -0.913400 0.140800 0.381800
vn -0.830500 0.230400 0.507200
vn 0.709900 -0.348700 0.611900
vn 0.703500 -0.331000 0.628900
vn 0.682100 -0.333100 0.651000
vn 0.692100 -0.361100 0.625100
vn 0.710000 -0.385700 0.589200
vn 0.732700 -0.377400 0.566300
vn 0.734000 -0.367100 0.571400
vn 0.901400 -0.431500 0.034900
vn 0.898100 -0.438700 0.032400
vn 0.901700 -0.431100 -0.033800
vn 0.901000 -0.433900 -0.005200
vn 0.906000 -0.414700 0.085100
vn 0.898400 -0.420100 0.128300
vn 0.884100 -0.438000 0.162900
vn -0.787300 0.367200 -0.495200
vn -0.796600 0.311400 -0.518100
vn -0.868300 0.323000 -0.376500
vn -0.828300 0.377400 -0.414000
vn -0.792800 0.401700 -0.458400
vn -0.757300 0.373200 -0.536000
vn -0.737400 0.322000 -0.593700
vn -0.906800 0.421000 -0.021400
vn -0.904600 0.417000 -0.088100
vn -0.916900 0.396000 -0.049300
vn -0.910400 0.413800 0.003300
vn -0.898000 0.439600 -0.019200
vn -0.885600 0.446700 -0.126700
vn -0.903600 0.427400 0.028800
vn 0.736000 0.064000 0.673900
vn 0.774700 0.184900 0.604800
vn -0.193000 0.581600 0.790200
vn -0.093700 0.336200 0.937100
vn 0.897700 -0.328300 0.293800
vn 0.956500 -0.266300 0.119100
vn 0.378400 -0.348100 0.857700
vn -0.517600 -0.060100 0.853500
vn -0.722600 0.328800 0.608100
vn -0.624100 -0.199400 0.755500
vn 0.388700 -0.682000 0.619500
vn -0.873300 0.260200 0.411900
vn -0.873100 0.402600 0.275000
vn -0.909700 0.368100 0.192400
vn -0.905500 0.218300 0.363800
vn -0.650000 -0.240900 0.720800
vn -0.769300 0.475400 0.426800
vn -0.774700 0.521800 0.357200
vn -0.870300 0.454100 0.190800
vn -0.176900 0.633600 0.753100
vn 0.779600 0.212600 0.589100
vn 0.772900 0.245100 0.585300
vn -0.201300 0.668500 0.716000
vn -0.797600 0.524700 0.297600
vn -0.229900 0.708100 0.667600
vn -0.821900 0.516500 0.240200
vn -0.889300 0.444500 0.107400
vn -0.876800 0.458600 0.144500
vn -0.899600 0.431900 0.064800
vn -0.896200 0.435700 0.083300
vn -0.898600 0.424100 0.112600
vn -0.905400 0.421100 0.054900
vn -0.912000 0.403300 0.075500
vn -0.927400 0.344600 0.145300
vn -0.924000 0.379400 0.047700
vn -0.939500 0.325800 0.105500
vn -0.948700 0.201800 0.243200
vn -0.926900 0.203100 0.315700
vn -0.702800 -0.351300 0.618600
vn -0.667200 -0.290500 0.685800
vn 0.334800 -0.805300 0.489400
vn 0.345200 -0.777600 0.525600
vn 0.340600 -0.742800 0.576400
vn 0.825800 -0.563900 0.000200
vn 0.830400 -0.557200 0.000700
vn 0.861000 -0.505300 0.057700
vn 0.864900 -0.496500 -0.074200
vn 0.902100 -0.430700 -0.026400
vn 0.880700 -0.466300 -0.082500
vn 0.918000 -0.395600 -0.026900
vn 0.963700 -0.231000 0.133500
vn 0.931000 -0.365000 0.001500
vn 0.966500 -0.198700 0.162700
vn 0.947500 -0.317500 0.038000
vn 0.970400 -0.147700 0.191300
vn 0.761900 0.296700 0.575700
vn 0.970800 -0.131000 0.201000
vn 0.729900 0.455300 0.509900
vn -0.231200 0.838300 0.493700
vn 0.790000 0.594300 0.150600
vn -0.175600 0.983300 0.047700
vn -0.761600 0.646800 -0.039100
vn -0.814500 0.559500 0.153200
vn -0.857900 0.512200 -0.041300
vn -0.888400 0.455200 0.059300
vn -0.887000 0.460900 -0.027600
vn -0.899900 0.434200 0.039800
vn -0.903800 0.425800 0.042900
vn -0.911900 0.410200 0.014900
vn -0.915600 0.401300 0.027100
vn -0.921500 0.387500 -0.025100
vn -0.926300 0.376700 -0.009300
vn -0.934900 0.354700 0.012800
vn -0.931900 0.360000 -0.044300
vn -0.940600 0.338800 -0.022500
vn -0.954600 0.297400 0.014900
vn -0.949000 0.309900 0.057800
vn -0.978500 0.170400 0.116500
vn -0.967300 0.191300 0.166700
vn -0.690200 -0.494000 0.528700
vn -0.716900 -0.421700 0.555100
vn 0.449900 -0.767100 0.457300
vn 0.388400 -0.793900 0.467900
vn 0.863000 -0.479100 0.160300
vn 0.851000 -0.514900 0.103300
vn 0.831000 -0.555000 0.037300
vn 0.890600 -0.452200 0.048000
vn 0.872200 -0.488700 -0.019700
vn 0.861500 -0.504400 -0.058800
vn 0.883200 -0.467900 -0.033200
vn 0.875300 -0.478600 -0.070100
vn 0.888300 -0.458300 -0.031200
vn 0.883200 -0.464400 -0.065300
vn 0.892600 -0.445800 -0.067700
vn 0.893000 -0.446800 -0.054600
vn 0.908900 -0.414800 -0.043800
vn 0.920000 -0.391800 -0.012000
vn 0.950800 -0.302900 0.064800
vn 0.905800 -0.420400 0.052600
vn 0.925300 -0.368500 0.089900
vn 0.974000 -0.182900 0.133700
vn 0.892500 -0.409600 0.189000
vn 0.969900 -0.213900 0.116600
vn 0.808800 0.549900 -0.208500
vn 0.965300 -0.208000 0.158000
vn 0.798200 0.532000 -0.282500
vn -0.160300 0.849800 -0.502100
vn -0.143900 0.913100 -0.381400
vn -0.627100 0.669400 -0.398300
vn -0.683600 0.672100 -0.284700
vn -0.771700 0.554400 -0.311500
vn -0.814200 0.542100 -0.207900
vn -0.831000 0.495000 -0.253700
vn -0.864700 0.476200 -0.159700
vn -0.861500 0.462400 -0.209800
vn -0.801700 0.527900 -0.280400
vn -0.837700 0.488400 -0.244600
vn -0.873000 0.447600 -0.193800
vn -0.891700 0.425300 -0.154800
vn -0.902000 0.410300 -0.134200
vn -0.914300 0.392700 -0.099300
vn -0.919400 0.383000 -0.089700
vn -0.925100 0.374200 -0.064400
vn -0.929900 0.362300 -0.063200
vn -0.906100 0.400800 -0.135700
vn -0.923100 0.372800 -0.094400
vn -0.937600 0.341700 -0.063800
vn -0.940000 0.338600 -0.040700
vn -0.957100 0.288400 -0.026200
vn -0.955400 0.295200 -0.005800
vn -0.989200 0.125600 0.075600
vn -0.983800 0.150400 0.097200
vn -0.590600 -0.655000 0.471200
vn -0.642800 -0.574200 0.507000
vn 0.555300 -0.755000 0.348800
vn 0.498900 -0.763800 0.409600
vn 0.845400 -0.510600 0.157000
vn 0.854600 -0.491200 0.168500
vn 0.872500 -0.469500 0.135000
vn 0.890700 -0.434600 0.133300
vn 0.899600 -0.420800 0.117200
vn 0.897000 -0.421400 0.133200
vn 0.907600 -0.404700 0.111600
vn 0.900100 -0.433900 0.038900
vn 0.909000 -0.399400 0.119000
vn 0.903800 -0.425900 0.042800
vn 0.907500 -0.397000 0.137400
vn 0.906800 -0.417900 0.055700
vn 0.894800 -0.445900 -0.023000
vn 0.896500 -0.408100 0.172200
vn 0.890400 -0.421100 0.173000
vn 0.875500 -0.433600 0.213500
vn 0.853200 -0.456100 0.253000
vn 0.878300 -0.427000 0.215200
vn 0.835100 -0.474200 0.278800
vn 0.859000 -0.444100 0.254700
vn 0.829600 -0.477000 0.290200
vn 0.847500 -0.451700 0.278800
vn 0.876800 -0.443800 0.185200
vn 0.867700 -0.417000 0.270700
vn 0.856300 -0.436700 0.275800
vn 0.963100 -0.211400 0.166700
vn 0.843300 -0.445600 0.300400
vn 0.955800 -0.203500 0.212200
vn 0.743000 0.642400 -0.188100
vn 0.764700 0.589800 -0.259400
vn -0.228400 0.881700 -0.412900
vn -0.208700 0.865300 -0.455700
vn -0.609500 0.698800 -0.374400
vn -0.609700 0.694300 -0.382500
vn -0.730200 0.592800 -0.339700
vn -0.742600 0.587400 -0.321800
vn -0.785000 0.533500 -0.314800
vn -0.714500 0.573500 -0.400800
vn -0.765600 0.517200 -0.382600
vn -0.796700 0.481700 -0.364900
vn -0.820200 0.494100 -0.288200
vn -0.823400 0.454400 -0.340000
vn -0.852000 0.461000 -0.248100
vn -0.850100 0.435200 -0.296600
vn -0.881400 0.431300 -0.192900
vn -0.880300 0.412300 -0.234800
vn -0.808200 0.423400 -0.409300
vn -0.838100 0.413500 -0.355800
vn -0.872800 0.385400 -0.299400
vn -0.907000 0.381200 -0.179000
vn -0.908700 0.338400 -0.244600
vn -0.930900 0.340300 -0.132900
vn -0.952200 0.248800 -0.177100
vn -0.959400 0.270200 -0.080600
vn -0.997900 0.038400 -0.052800
vn -0.995300 0.092800 0.026000
vn -0.550200 -0.730600 0.404400
vn -0.555100 -0.707300 0.437600
vn 0.631000 -0.665000 0.399600
vn 0.616700 -0.711400 0.337100
vn 0.855100 -0.438900 0.276000
vn 0.851100 -0.491200 0.185600
vn 0.835300 -0.462000 0.298000
vn 0.856100 -0.482600 0.185100
vn 0.816500 -0.476200 0.326600
vn 0.846500 -0.490200 0.207800
vn 0.874100 -0.463300 0.145700
vn 0.839500 -0.488800 0.237400
vn 0.870700 -0.462300 0.168200
vn 0.895300 -0.420300 0.147200
vn 0.862200 -0.463700 0.204000
vn 0.827100 -0.488000 0.279000
vn 0.812800 -0.488000 0.318200
vn 0.846800 -0.470400 0.248200
vn 0.801300 -0.490400 0.342700
vn 0.830600 -0.480400 0.281600
vn 0.790300 -0.495700 0.360100
vn 0.817400 -0.491200 0.300900
vn 0.786000 -0.493300 0.372600
vn 0.814900 -0.490200 0.309300
vn 0.808500 -0.452900 0.375800
vn 0.728500 -0.478300 0.490400
vn 0.749500 -0.441300 0.493500
vn 0.887900 -0.166400 0.428800
vn 0.932700 -0.191900 0.305500
vn 0.715300 0.697600 -0.040500
vn 0.730400 0.673200 -0.115400
vn -0.187500 0.860200 -0.474200
vn -0.218000 0.877400 -0.427400
vn -0.560700 0.643400 -0.521200
vn -0.597100 0.680600 -0.424600
vn -0.674900 0.529300 -0.514200
vn -0.530300 0.579800 -0.618600
vn -0.630300 0.460600 -0.625000
vn -0.657500 0.424600 -0.622400
vn -0.719700 0.477400 -0.504100
vn -0.673900 0.419300 -0.608300
vn -0.746700 0.453500 -0.486700
vn -0.713000 0.411500 -0.567700
vn -0.776900 0.435400 -0.454700
vn -0.762400 0.402300 -0.506800
vn -0.665400 0.397000 -0.632200
vn -0.720900 0.381600 -0.578500
vn -0.645800 0.395200 -0.653300
vn -0.695800 0.355400 -0.624100
vn -0.627900 0.362100 -0.689000
vn -0.664000 0.285100 -0.691300
vn -0.715200 0.221700 -0.662800
vn -0.557100 0.079400 -0.826700
vn -0.628900 -0.060600 -0.775100
vn -0.835400 -0.139700 -0.531600
vn -0.827100 0.194500 -0.527400
vn -0.972900 -0.073200 -0.219300
vn -0.921600 0.212000 -0.325100
vn -0.476300 -0.830600 -0.288700
vn -0.576300 -0.793800 0.194500
vn 0.410000 -0.851800 0.326000
vn 0.518000 -0.715500 0.468800
vn 0.733900 -0.359100 0.576500
vn 0.818100 -0.372700 0.438000
vn 0.731300 -0.347100 0.587100
vn 0.793700 -0.404800 0.454200
vn 0.777100 -0.421900 0.467100
vn 0.768500 -0.426200 0.477200
vn 0.805700 -0.475500 0.353200
vn 0.744500 -0.426900 0.513200
vn 0.787400 -0.474800 0.393200
vn 0.712600 -0.425500 0.557900
vn 0.768500 -0.472600 0.431200
vn 0.676600 -0.437600 0.592200
vn 0.749000 -0.479300 0.457400
vn 0.656600 -0.447600 0.607100
vn 0.732900 -0.484800 0.477300
vn 0.662200 -0.437700 0.608300
vn 0.618100 -0.414500 0.667900
vn 0.630300 -0.404800 0.662400
vn 0.666600 -0.364400 0.650300
vn 0.692500 -0.399600 0.600600
vn 0.804800 -0.116200 0.582100
vn 0.834400 -0.129600 0.535700
vn 0.706800 0.707100 0.019000
vn 0.695700 0.718200 0.017000
vn -0.160900 0.785000 -0.598300
vn -0.169400 0.829400 -0.532400
vn -0.516000 0.521800 -0.679300
vn -0.162400 0.725900 -0.668300
vn -0.500300 0.492300 -0.712300
vn -0.601400 0.404100 -0.689200
vn -0.611000 0.414300 -0.674600
vn -0.615900 0.397700 -0.680000
vn -0.624700 0.399000 -0.671200
vn -0.621000 0.403900 -0.671800
vn -0.631300 0.401800 -0.663400
vn -0.609000 0.394700 -0.688000
vn -0.609000 0.396400 -0.687000
vn -0.574300 0.357000 -0.736700
vn -0.567900 0.322500 -0.757300
vn -0.560600 0.222700 -0.797600
vn -0.282900 -0.036400 -0.958500
vn -0.249400 -0.181100 -0.951300
vn -0.184700 -0.370100 -0.910400
vn 0.499100 -0.709500 -0.497500
vn 0.568000 -0.764300 -0.305300
vn 0.489200 -0.871800 -0.024700
vn -0.242300 -0.642600 -0.726900
vn 0.740900 -0.464600 0.485000
vn 0.708500 -0.404900 0.578000
vn 0.689000 -0.339900 0.640100
vn 0.696500 -0.322500 0.641000
vn 0.662700 -0.398800 0.633800
vn 0.646000 -0.378000 0.663100
vn 0.737800 -0.556600 0.381900
vn 0.728800 -0.612100 0.307000
vn 0.640300 -0.444300 0.626600
vn 0.466000 -0.644000 -0.606700
vn 0.522600 -0.535400 -0.663500
vn 0.765400 -0.583400 0.271600
vn -0.267600 0.069000 -0.961100
vn -0.202000 0.107400 -0.973500
vn 0.611600 -0.490000 -0.621100
vn -0.545800 0.380800 -0.746400
vn -0.436100 0.444300 -0.782500
vn -0.127600 0.143200 -0.981400
vn -0.591100 0.407300 -0.696200
vn -0.490500 0.485900 -0.723400
vn -0.177900 0.665900 -0.724500
vn -0.125400 0.571700 -0.810800
vn 0.788400 0.475000 -0.390900
vn 0.857200 0.179000 -0.482900
vn 0.252900 0.207700 -0.945000
vn 0.753600 0.617600 -0.225100
vn 0.841100 -0.139500 0.522600
vn 0.875700 -0.203800 0.437800
vn 0.731800 0.677100 -0.077200
vn 0.810900 -0.122500 0.572200
vn 0.662100 -0.352500 0.661400
vn 0.669400 -0.357700 0.651100
vn 0.629700 -0.394600 0.669200
vn 0.682500 -0.432500 0.589200
vn 0.711700 -0.409300 0.570900
vn 0.625100 -0.394900 0.673300
vn 0.614500 -0.406600 0.676100
vn 0.614700 -0.407000 0.675700
vn 0.616300 -0.408600 0.673200
vn 0.655600 -0.443200 0.611300
vn 0.621400 -0.407600 0.669100
vn 0.654500 -0.389800 0.647800
vn 0.631800 -0.407400 0.659500
vn 0.670900 -0.394100 0.628200
vn 0.789400 -0.549400 0.273900
vn 0.614600 -0.513700 -0.598600
vn 0.769400 -0.549600 0.325600
vn 0.725500 -0.468300 -0.504300
vn 0.929700 -0.350500 0.112700
vn -0.470000 0.861700 0.191500
vn -0.441600 0.889900 0.114100
vn -0.474100 0.875500 0.092900
vn -0.499300 0.843400 0.198600
vn -0.509500 0.820200 0.260300
vn -0.482400 0.844200 0.233500
vn -0.461400 0.867900 0.183900
vn 0.448400 -0.853700 -0.264800
vn 0.475800 -0.835800 -0.274000
vn 0.321400 -0.888100 -0.328600
vn 0.340800 -0.872300 -0.350700
vn 0.361200 -0.870100 -0.335400
vn 0.454800 -0.860200 -0.230800
vn 0.498200 -0.833600 -0.238600
vn 0.168000 0.393700 0.903800
vn 0.091500 0.344300 0.934400
vn 0.802200 -0.377000 0.462900
vn 0.876200 -0.024300 0.481300
vn 0.456900 0.771900 0.442000
vn -0.423500 0.787100 0.448400
vn -0.542000 0.713200 0.444500
vn 0.969600 -0.244800 0.006000
vn 0.583000 0.785700 0.207000
vn -0.509000 0.814000 0.279700
vn 0.442600 -0.873200 -0.203900
vn 0.433400 -0.887400 -0.157100
vn 0.448700 -0.867300 -0.215700
vn 0.450100 -0.857100 -0.250600
vn 0.464700 -0.862000 -0.202800
vn 0.439800 -0.885900 -0.147700
vn 0.469400 -0.842100 -0.265500
vn -0.218500 -0.678200 0.701700
vn 0.404300 -0.908000 -0.109800
vn 0.587900 -0.732500 0.343300
vn -0.373400 -0.086000 0.923700
vn -0.766400 -0.553300 0.326300
vn 0.162100 -0.966000 -0.201200
vn -0.778500 0.310300 0.545500
vn 0.724900 -0.662300 -0.189300
vn 0.819500 -0.573000 0.008100
vn 0.731000 -0.682300 -0.009600
vn 0.630100 -0.749200 -0.204200
vn 0.572500 -0.771100 -0.278500
vn 0.580400 -0.772500 -0.257600
vn 0.584400 -0.772600 -0.248200
vn 0.767700 -0.604000 -0.214300
vn 0.970200 -0.204900 -0.129100
vn 0.983600 -0.056100 -0.171400
vn -0.567000 0.823400 -0.021400
vn -0.514600 0.856900 -0.028300
vn -0.505700 0.820500 -0.266500
vn -0.636600 0.748400 -0.186200
vn -0.584900 0.804700 0.101400
vn -0.522500 0.845300 0.111000
vn -0.728400 0.685100 -0.007200
vn 0.545200 -0.789700 -0.281200
vn 0.538200 -0.787700 -0.299700
vn 0.518700 -0.805900 -0.285400
vn 0.538100 -0.799900 -0.265800
vn 0.458000 -0.713700 0.530000
vn -0.337700 0.058300 0.939400
vn 0.612800 -0.758600 -0.221200
vn 0.669500 -0.727100 -0.152200
vn 0.505600 -0.549100 0.665500
vn 0.573900 -0.750200 -0.328400
vn 0.612700 -0.719700 -0.326500
vn 0.616500 -0.731800 -0.290300
vn 0.698300 -0.711700 -0.076000
vn 0.563100 -0.744200 -0.359300
vn 0.592100 -0.716300 -0.369200
vn 0.575000 -0.740800 -0.347200
vn 0.569500 -0.759300 -0.314900
vn 0.622900 -0.742600 -0.246100
vn 0.587100 -0.719200 -0.371600
vn 0.559300 -0.750400 -0.352100
vn 0.540700 -0.775600 -0.325600
vn 0.548500 -0.766900 -0.333100
vn 0.523700 -0.794600 -0.307200
vn 0.528800 -0.788100 -0.315000
vn 0.504000 -0.812400 -0.293200
vn 0.498900 -0.822900 -0.272100
vn 0.479900 -0.827200 -0.292200
vn 0.471900 -0.838800 -0.271600
vn 0.484300 -0.839200 -0.247300
vn 0.519000 -0.817200 -0.250500
vn 0.561700 -0.794000 -0.232500
vn 0.579400 -0.780900 -0.233300
vn 0.824800 -0.508900 -0.246400
vn 0.806000 -0.550400 -0.217600
vn 0.928600 0.294900 -0.225200
vn 0.972800 0.150300 -0.176100
vn 0.133600 0.991000 0.003600
vn 0.178100 0.981000 0.077100
vn 0.391200 0.916700 0.081000
vn -0.519900 0.824500 0.223400
vn -0.507300 0.823100 0.255000
vn -0.488200 0.828300 0.275000
vn 0.486400 0.861200 0.147200
vn -0.557900 0.786100 0.266100
vn -0.566500 0.772800 0.286200
vn -0.565600 0.759000 0.322500
vn -0.552700 0.778200 0.298200
vn -0.547900 0.765400 0.337800
vn -0.486100 0.728100 0.483300
vn -0.542100 0.760900 0.356700
vn -0.470500 0.723400 0.505300
vn -0.021400 0.476300 0.879000
vn 0.053500 0.436900 0.897900
vn 0.687900 -0.299600 0.661100
vn 0.746700 -0.347500 0.567100
vn 0.716100 -0.697000 -0.038400
vn 0.591100 -0.384400 0.709100
vn -0.122000 0.397700 0.909400
vn -0.234700 0.240500 0.941900
vn -0.490000 0.693400 0.528400
vn -0.556400 0.613700 0.560200
vn -0.663300 0.477100 0.576600
vn -0.599300 0.688200 0.409000
vn -0.705200 0.544900 0.453600
vn -0.827500 0.313200 0.465900
vn -0.714200 0.578000 0.394700
vn -0.850500 0.322900 0.415100
vn -0.837900 -0.497600 0.224500
vn -0.810500 -0.507700 0.292200
vn 0.065900 -0.967700 -0.243200
vn 0.098200 -0.974800 -0.200200
vn 0.551900 -0.745500 -0.373700
vn 0.046400 -0.961700 -0.270200
vn 0.528600 -0.763400 -0.371200
vn 0.577600 -0.734000 -0.357200
vn 0.509400 -0.785900 -0.350400
vn 0.554800 -0.760900 -0.336500
vn 0.504800 -0.802000 -0.319300
vn 0.534400 -0.785200 -0.312900
vn 0.508900 -0.805200 -0.304400
vn 0.520600 -0.807300 -0.277900
vn 0.499900 -0.823300 -0.268900
vn 0.486600 -0.846400 -0.216300
vn 0.452500 -0.872200 -0.185800
vn 0.387900 -0.875700 -0.287700
vn 0.430700 -0.871600 -0.234000
vn 0.179500 -0.658800 -0.730600
vn 0.439600 -0.597000 -0.671100
vn 0.705100 -0.506300 -0.496400
vn 0.485700 -0.852000 -0.195500
vn 0.809100 -0.484300 -0.332900
vn 0.527100 -0.823200 -0.210900
vn 0.583400 0.397100 -0.708500
vn 0.821700 0.382400 -0.422500
vn -0.089500 0.950800 -0.296600
vn 0.075600 0.985400 -0.152800
vn -0.411600 0.910800 0.030500
vn -0.433800 0.892600 0.123000
vn -0.486600 0.853800 0.184800
vn -0.503700 0.833900 0.225500
vn -0.538600 0.806400 0.244200
vn -0.508200 0.822400 0.255700
vn -0.533100 0.802500 0.268000
vn -0.547000 0.788000 0.282800
vn -0.536900 0.793100 0.287700
vn -0.547100 0.783100 0.295800
vn -0.550600 0.775400 0.309200
vn -0.556900 0.771700 0.307300
vn -0.559300 0.763900 0.321800
vn -0.548800 0.746100 0.377000
vn -0.601900 0.718600 0.348400
vn -0.594800 0.734400 0.326900
vn -0.710300 0.603000 0.363100
vn -0.593700 0.742300 0.310500
vn -0.710300 0.624500 0.324700
vn -0.871000 0.370700 0.322300
vn -0.859500 0.341700 0.380100
vn -0.860200 -0.501400 0.092800
vn -0.855600 -0.488500 0.171300
vn 0.082200 -0.954700 -0.285800
vn -0.826800 -0.562500 -0.004700
vn 0.168600 -0.941200 -0.292800
vn -0.748500 -0.651400 -0.124200
vn 0.258700 -0.917200 -0.302900
vn 0.497900 -0.816000 -0.293700
vn -0.581900 -0.728400 -0.361800
vn -0.974900 0.222100 -0.012600
vn -0.897400 0.165900 -0.408800
vn -0.367600 -0.694100 -0.619000
vn -0.922000 0.336500 0.191600
vn -0.730300 0.631400 0.260600
vn -0.746000 0.639900 0.184200
vn -0.887500 0.382400 0.257200
vn -0.718000 0.634100 0.287100
vn -0.602100 0.742400 0.293600
vn -0.607800 0.745900 0.272300
vn -0.542100 0.795900 0.269500
vn -0.536200 0.816200 0.215300
vn -0.600300 0.768600 0.221300
vn -0.546300 0.785200 0.291700
vn -0.521300 0.806500 0.278800
vn -0.551600 0.777800 0.301300
vn -0.636600 0.207100 -0.742900
vn -0.074300 -0.661900 -0.745900
vn -0.323100 0.264800 -0.908500
vn -0.311500 0.891700 -0.328500
vn 0.136100 0.327300 -0.935100
vn -0.447300 0.894100 -0.024000
vn 0.257200 -0.253400 0.932600
vn 0.443400 -0.824600 0.351300
vn 0.793600 -0.568200 0.217600
vn 0.304700 0.108800 0.946200
vn -0.669700 0.562200 0.485300
vn -0.806300 0.294900 0.512700
vn -0.575500 -0.542800 0.611700
vn -0.717500 -0.643700 0.266200
vn 0.308900 -0.931800 0.190700
vn -0.956700 0.253500 0.142800
vn 0.375900 0.273400 -0.885400
vn 0.989300 -0.064600 -0.131100
vn 0.954600 -0.254700 -0.154200
vn 0.328400 -0.033800 -0.943900
vn -0.702800 0.332700 -0.628800
vn -0.115700 0.723800 -0.680200
vn 0.819300 0.533800 -0.209200
vn -0.764400 -0.328500 -0.554800
vn -0.631400 -0.026600 -0.775000
vn 0.335500 -0.760300 -0.556300
vn 0.153800 -0.973800 -0.167800
vn -0.472300 -0.863200 0.178100
vn -0.998900 0.034200 -0.033500
vn -0.834600 0.481300 -0.267800
vn -0.913100 0.364600 -0.182500
vn -0.907100 0.386900 -0.166000
vn -0.903600 0.414000 -0.110200
vn -0.892800 0.427000 -0.143700
vn -0.854300 0.458500 -0.244800
vn -0.898100 0.356100 -0.258100
vn -0.898700 0.373000 -0.230700
vn -0.422600 -0.734500 0.531100
vn -0.978200 0.059600 0.199100
vn 0.521000 -0.806100 0.280800
vn 0.462800 0.884300 0.061900
vn -0.570000 0.745900 -0.344500
vn 0.172400 0.946700 0.272200
vn 0.948000 0.061900 0.312200
vn -0.703100 0.697800 -0.136900
vn 0.935400 -0.340700 0.094400
vn 0.917500 -0.385800 0.096700
vn 0.914000 -0.399300 0.072200
vn 0.938500 -0.337200 0.074100
vn 0.949900 -0.283400 0.131500
vn 0.928800 -0.345100 0.135000
vn 0.956600 -0.271900 0.104700
vn -0.767000 0.574400 -0.286000
vn -0.588300 0.426200 -0.687200
vn -0.555100 0.231600 -0.798900
vn -0.761300 0.546700 -0.348700
vn -0.789600 0.530300 -0.308700
vn -0.635200 0.425800 -0.644300
vn -0.811600 0.540700 -0.221200
vn -0.815800 0.556000 -0.159100
vn -0.820100 0.567000 -0.077100
vn -0.791200 0.595300 -0.140300
vn -0.816500 0.558200 -0.147500
vn -0.885700 0.450600 -0.112300
vn -0.907100 0.420500 -0.020100
vn -0.963200 0.051300 0.263700
vn -0.958300 0.053100 0.280700
vn -0.905600 0.420300 0.056200
vn -0.968600 0.075700 0.236600
vn -0.899400 0.425700 0.099700
vn -0.828200 0.560400 0.006700
vn -0.892000 0.438700 0.109100
vn -0.836800 0.543100 0.069200
vn -0.813500 0.580900 0.028600
vn -0.803000 0.594100 -0.047600
vn -0.824500 0.565700 0.010900
vn -0.821600 0.567300 -0.056300
vn -0.849100 0.528300 -0.000200
vn -0.847300 0.528300 -0.055400
vn -0.842700 0.517800 -0.147700
vn -0.853100 0.516200 -0.076000
vn -0.845500 0.508700 -0.162500
vn -0.817600 0.480400 -0.317300
vn -0.813100 0.488900 -0.316000
vn -0.691000 0.390200 -0.608500
vn -0.667800 0.399800 -0.627800
vn 0.171500 -0.065200 -0.983000
vn 0.242300 -0.100300 -0.965000
vn 0.295300 -0.175900 -0.939100
vn 0.865000 -0.470700 -0.174000
vn 0.835000 -0.539300 -0.109500
vn 0.801500 -0.595500 -0.053700
vn 0.338200 -0.291300 -0.894900
vn 0.779300 -0.626600 -0.002400
vn 0.325900 -0.504700 -0.799400
vn 0.731300 -0.677200 0.081200
vn 0.780700 -0.615100 0.110700
vn 0.729700 -0.664000 0.163500
vn 0.449400 -0.815800 0.364000
vn 0.701600 -0.692800 0.166700
vn 0.371900 -0.853900 0.364100
vn -0.518500 -0.664000 0.538700
vn -0.451400 -0.677300 0.581000
vn 0.307900 -0.904400 0.295400
vn -0.601200 -0.680400 0.419100
vn 0.291200 -0.932100 0.215500
vn -0.667600 -0.684200 0.293600
vn -0.977000 0.132400 0.166900
vn -0.859800 0.488200 0.149800
vn -0.656400 0.592400 0.467100
vn -0.822300 0.549100 0.149500
vn -0.676200 0.578700 0.455900
vn -0.812600 0.570000 0.121500
vn -0.697500 0.572800 0.430600
vn -0.824300 0.558700 0.091000
vn -0.709900 0.576500 0.404600
vn -0.847800 0.526500 0.062800
vn -0.678800 0.625600 0.384500
vn -0.863500 0.504400 0.006600
vn -0.859200 0.510300 -0.036300
vn -0.869600 0.491600 -0.046900
vn -0.868000 0.489300 -0.084200
vn -0.856600 0.502700 -0.116400
vn -0.889400 0.444300 -0.107800
vn -0.882100 0.446400 -0.150300
vn -0.870300 0.446500 -0.207900
vn -0.846200 0.499300 -0.186200
vn -0.852000 0.419000 -0.314000
vn -0.827000 0.465800 -0.314700
vn -0.730400 0.323600 -0.601400
vn -0.717400 0.366900 -0.592200
vn 0.148600 -0.119700 -0.981600
vn 0.126700 -0.090200 -0.987800
vn 0.864600 -0.409000 -0.291800
vn 0.858500 -0.431200 -0.277400
vn 0.869100 -0.435000 -0.235700
vn 0.898700 -0.437300 0.032300
vn 0.891400 -0.449700 0.056000
vn 0.871600 -0.484900 0.071500
vn 0.890000 -0.450100 0.073000
vn 0.871100 -0.486600 0.066300
vn 0.835700 -0.544700 0.069700
vn 0.835600 -0.543300 0.081200
vn 0.801200 -0.592300 0.084700
vn 0.803600 -0.588100 0.091800
vn 0.770400 -0.628500 0.107500
vn 0.800400 -0.595200 0.071400
vn 0.762500 -0.640100 0.094000
vn 0.679300 -0.719800 0.143000
vn 0.765600 -0.636800 0.091000
vn 0.680000 -0.723600 0.118300
vn 0.779400 -0.616000 0.114200
vn 0.710100 -0.695000 0.112500
vn 0.806400 -0.507100 0.304300
vn 0.820800 -0.560300 0.111300
vn 0.834700 -0.433300 0.340000
vn 0.252100 0.179600 0.950900
vn 0.298400 0.136000 0.944700
vn 0.865000 -0.342000 0.367200
vn 0.232100 0.242000 0.942100
vn 0.885200 -0.258300 0.387000
vn 0.239000 0.323100 0.915700
vn 0.897600 -0.206500 0.389500
vn 0.318100 0.404400 0.857500
vn 0.917800 -0.166900 0.360400
vn 0.496900 0.441500 0.747100
vn -0.585100 0.715700 0.381300
vn 0.615800 0.452200 0.645200
vn -0.488800 0.779900 0.391000
vn -0.876200 0.479300 -0.049800
vn -0.346000 0.844300 0.409100
vn -0.859400 0.510600 -0.027300
vn -0.074800 0.917300 0.391100
vn -0.791200 0.610700 -0.031300
vn 0.850600 0.288600 0.439500
vn 0.724600 0.402100 0.559800
vn 0.953300 -0.111100 0.280900
vn 0.963800 -0.140800 0.226400
vn 0.939900 -0.121000 0.319400
vn 0.944100 -0.247900 0.217200
vn 0.959100 -0.197900 0.202400
vn 0.925400 -0.315000 0.210800
vn 0.909300 -0.398200 0.120700
vn 0.915800 -0.359200 0.179500
vn 0.901800 -0.422100 0.092100
vn 0.893600 -0.442900 0.073600
vn 0.900200 -0.425700 0.091600
vn 0.904000 -0.404700 0.138200
vn 0.887000 -0.457400 0.063900
vn 0.875800 -0.479600 0.054300
vn 0.849300 -0.524200 0.062300
vn 0.839100 -0.541200 0.055000
vn 0.806100 -0.586800 0.076400
vn 0.868800 -0.481700 0.115100
vn 0.897400 -0.434600 0.076000
vn 0.912900 -0.408100 0.011300
vn 0.889000 -0.363500 -0.278600
vn 0.935700 -0.352600 0.009100
vn 0.920400 -0.316100 -0.230300
vn 0.955700 -0.292300 0.035400
vn 0.970200 -0.228900 0.079800
vn 0.966600 -0.198300 0.162500
vn 0.972200 -0.185900 0.142300
vn 0.273000 -0.123900 -0.954000
vn 0.198300 -0.127500 -0.971800
vn -0.720000 0.268000 -0.640100
vn -0.693500 0.241400 -0.678900
vn -0.867700 0.332600 -0.369400
vn -0.818600 0.441500 -0.367400
vn -0.873000 0.353000 -0.336500
vn 0.870700 -0.218100 -0.440800
vn 0.406400 0.845300 -0.346900
vn 0.734200 0.378800 0.563500
vn 0.515100 -0.842100 0.159700
vn 0.213400 -0.781600 -0.586200
vn 0.374800 -0.740300 -0.558100
vn 0.470200 -0.778200 -0.416200
vn 0.394300 -0.810900 -0.432500
vn 0.146100 -0.736000 -0.661100
vn 0.316000 -0.694300 -0.646600
vn 0.327500 -0.846300 -0.420200
vn 0.108500 -0.817000 -0.566300
vn -0.673200 -0.390200 -0.628200
vn -0.553800 -0.572700 -0.604400
vn -0.571800 -0.653600 -0.495900
vn 0.164300 0.942200 0.292100
vn 0.071000 0.816700 0.572700
vn 0.480300 0.248400 0.841200
vn 0.436700 0.277700 0.855700
vn 0.114900 0.972000 0.204900
vn 0.114800 0.354300 -0.928100
vn 0.470300 0.169900 -0.866000
vn 0.451700 0.295300 0.841900
vn 0.647400 0.077000 -0.758200
vn 0.335400 0.932200 0.136500
vn 0.025400 0.849200 0.527500
vn 0.260200 -0.815800 -0.516500
vn 0.551500 -0.819400 0.156200
vn 0.674300 -0.726000 0.135100
vn 0.395800 -0.805900 -0.440300
vn 0.323100 -0.751400 -0.575400
vn 0.270400 -0.725400 -0.633000
vn 0.136600 -0.841600 -0.522500
vn 0.435400 -0.862500 0.257800
vn -0.328000 0.685000 0.650600
vn -0.226300 0.674700 0.702600
vn -0.225700 0.638500 0.735800
vn -0.282500 0.662200 0.694000
vn -0.321400 0.695500 0.642700
vn -0.386300 0.681900 0.621100
vn -0.909300 0.260800 0.324200
vn -0.847100 0.450400 0.282100
vn -0.324200 0.738000 0.591800
vn -0.179200 0.702500 0.688800
vn -0.802000 0.576900 0.155000
vn -0.983100 -0.155700 0.096700
vn -0.238400 -0.878000 -0.415100
vn 0.346600 -0.935900 0.062800
vn -0.333700 -0.411000 0.848300
vn 0.174000 0.508600 0.843200
vn -0.583300 0.667500 0.462900
vn -0.979500 -0.148500 -0.136400
vn -0.774900 -0.248900 -0.581000
vn -0.428100 -0.703600 -0.567100
vn -0.860100 0.505600 0.067400
vn -0.139200 0.907400 0.396600
vn -0.179500 0.907700 0.379200
vn -0.171800 0.920100 0.352000
vn -0.117600 0.918500 0.377500
vn -0.086400 0.915300 0.393400
vn -0.122600 0.901900 0.414100
vn -0.175300 0.895200 0.409800
vn 0.187800 -0.894500 -0.405700
vn 0.164100 -0.892000 -0.421200
vn 0.156700 -0.900300 -0.406100
vn 0.192300 -0.900600 -0.389900
vn 0.226100 -0.878500 -0.420900
vn 0.206100 -0.870100 -0.447800
vn 0.241500 -0.887800 -0.391800
vn 0.229800 -0.897400 -0.376600
vn 0.269000 -0.890100 -0.367800
vn 0.323600 -0.864100 -0.385500
vn 0.304800 -0.855700 -0.418200
vn 0.287400 -0.844000 -0.452800
vn 0.259700 -0.837500 -0.480800
vn 0.354300 -0.786400 -0.506000
vn 0.336000 -0.778000 -0.530900
vn 0.292000 -0.784600 -0.546900
vn 0.150500 -0.812100 -0.563800
vn 0.157700 -0.839000 -0.520800
vn 0.345600 -0.696700 -0.628600
vn 0.298900 -0.711000 -0.636500
vn 0.129500 -0.756000 -0.641600
vn -0.551700 -0.672500 -0.493200
vn -0.493600 -0.697000 -0.520200
vn -0.957600 0.283000 0.054400
vn -0.954100 0.253900 -0.158900
vn -0.383000 -0.709300 -0.591800
vn -0.946600 0.247900 0.206300
vn -0.407900 0.751300 0.518800
vn -0.402900 0.809700 0.426600
vn -0.328800 0.839200 0.433100
vn -0.261900 0.870900 0.415800
vn -0.402700 0.835700 0.373500
vn -0.352900 0.770400 0.530900
vn -0.343600 0.771500 0.535500
vn -0.327600 0.849800 0.413000
vn -0.299200 0.700600 0.647800
vn -0.249900 0.739500 0.625000
vn -0.311000 0.801800 0.510200
vn -0.258700 0.668400 0.697400
vn -0.206800 0.711200 0.671900
vn -0.111900 0.776000 0.620700
vn -0.171000 0.800500 0.574400
vn -0.192600 0.624200 0.757200
vn -0.143900 0.667800 0.730300
vn -0.046000 0.747600 0.662600
vn 0.394000 0.173200 0.902700
vn 0.457400 0.229900 0.859000
vn 0.725300 -0.664800 0.178600
vn 0.317000 0.131100 0.939300
vn 0.710500 -0.663300 0.235100
vn 0.515100 -0.753600 -0.408400
vn 0.487300 -0.766400 -0.418500
vn 0.420500 -0.714600 -0.559000
vn 0.394100 -0.725700 -0.563900
vn 0.362000 -0.678600 -0.639100
vn 0.345900 -0.693900 -0.631500
vn 0.306900 -0.716100 -0.627000
vn 0.346900 -0.710500 -0.612300
vn 0.329900 -0.733500 -0.594300
vn 0.366900 -0.713000 -0.597500
vn 0.309100 -0.687500 -0.657100
vn 0.781200 0.070700 -0.620300
vn 0.704700 0.081600 -0.704800
vn 0.288400 0.955300 0.065600
vn 0.354600 0.930600 0.090600
vn -0.141200 0.917200 0.372600
vn -0.041300 0.877000 0.478800
vn -0.252000 0.854100 0.455000
vn -0.183300 0.939400 0.289600
vn -0.279500 0.897500 0.341000
vn -0.317600 0.867900 0.381900
vn -0.230800 0.917100 0.324900
vn -0.247600 0.901800 0.354300
vn -0.250400 0.886900 0.388200
vn -0.194500 0.882400 0.428400
vn -0.137400 0.898100 0.417700
vn -0.356300 0.907700 0.221800
vn -0.395000 0.860600 0.321500
vn -0.754500 0.307600 -0.579700
vn -0.893500 0.263300 -0.363700
vn -0.218000 -0.689400 -0.690800
vn -0.294100 -0.703700 -0.646700
vn 0.098700 -0.869500 -0.484000
vn 0.126900 -0.858000 -0.497600
vn -0.145200 -0.687500 -0.711500
vn 0.094000 -0.874800 -0.475200
vn -0.082600 -0.717700 -0.691400
vn 0.123700 -0.870500 -0.476300
vn 0.191000 -0.895600 -0.401900
vn 0.366100 -0.731500 -0.575200
vn 0.413300 -0.775200 -0.477800
vn 0.423200 -0.812000 -0.401900
vn 0.890300 0.250800 -0.380100
vn 0.946800 0.186400 -0.262400
vn 0.967100 0.128600 -0.219500
vn 0.414900 -0.831900 -0.368500
vn 0.958900 0.064300 -0.276400
vn 0.412500 -0.831900 -0.371300
vn 0.891600 0.059800 -0.448800
vn 0.410200 -0.786300 -0.462000
vn 0.356600 -0.803800 -0.476200
vn 0.214000 0.958400 0.188900
vn 0.230300 0.966600 0.112200
vn -0.148200 0.945200 0.290900
vn 0.206500 0.950000 0.234100
vn -0.096700 0.942100 0.321100
vn 0.207300 0.948700 0.238900
vn -0.054800 0.938200 0.341800
vn 0.198000 0.952900 0.229600
vn -0.026400 0.936800 0.348900
vn 0.157700 0.964700 0.211000
vn -0.018700 0.943100 0.331900
vn -0.086900 0.917600 0.387900
vn -0.159400 0.983200 0.088900
vn -0.272400 0.952900 0.133300
vn -0.450800 0.377500 -0.808900
vn -0.582700 0.350300 -0.733300
vn 0.093000 0.961000 -0.260500
vn -0.217100 0.347600 -0.912200
vn 0.197900 -0.410200 -0.890300
vn 0.789800 0.398300 -0.466400
vn 0.604600 0.435000 -0.667300
vn 0.665200 -0.694600 0.273900
vn 0.228700 0.177900 0.957100
vn 0.259100 0.222400 0.939900
vn 0.652200 -0.733400 0.191400
vn 0.419500 0.182500 0.889200
vn 0.656600 -0.745400 0.115000
vn 0.544800 0.119800 0.829900
vn 0.642900 -0.763900 0.055400
vn 0.270100 -0.865000 -0.422800
vn 0.593200 -0.805100 0.003300
vn 0.213100 -0.866600 -0.451100
vn -0.042400 -0.801000 -0.597100
vn 0.016400 -0.824000 -0.566400
vn -0.764300 -0.232600 -0.601500
vn -0.739500 -0.330100 -0.586700
vn -0.716600 0.683500 0.138800
vn -0.772800 0.616900 0.149100
vn -0.278400 0.801400 0.529400
vn -0.314300 0.770600 0.554400
vn -0.025400 0.715600 0.698100
vn -0.105800 0.719200 0.686700
vn 0.601700 0.036400 0.797900
vn 0.037900 0.689100 0.723700
vn 0.629500 -0.069900 0.773800
vn 0.509400 -0.860400 -0.014300
vn 0.666700 -0.172600 0.725000
vn 0.093000 -0.892600 -0.441100
vn -0.312000 0.790500 0.527000
vn 0.388200 -0.873900 0.292600
vn 0.012000 -0.850200 -0.526400
vn 0.042000 -0.757500 -0.651500
vn 0.421200 -0.864300 0.274800
vn 0.010300 0.332600 -0.943000
vn 0.077100 0.239900 -0.967700
vn 0.174900 0.977000 0.122400
vn 0.540800 0.321200 0.777400
f 1//1 2//2 3//3 4//4
f 1//1 4//4 5//5 6//6
f 1//1 6//6 7//7 2//2
f 5//5 4//4 8//8 9//9
f 5//5 9//9 10//10 6//6
f 11//11 12//12 13//13 14//14
f 11//11 14//14 15//15 16//16
f 11//11 16//16 17//17 18//18
f 11//11 18//18 19//19 20//20
f 11//11 20//20 21//21 12//12
f 22//22 23//23 24//24 25//25
f 22//22 25//25 26//26 27//27
f 22//22 27//27 28//28 23//23
f 29//29 30//30 31//31 32//32
f 29//29 33//33 34//34 30//30
f 29//29 32//32 35//35 33//33
f 35//35 32//32 36//36 37//37
f 35//35 37//37 38//38 33//33
f 24//24 39//39 40//40 25//25
f 24//24 23//23 41//41 39//39
f 42//42 43//43 44//44 45//45
f 42//42 46//46 47//47 43//43
f 42//42 45//45 48//48 46//46
f 49//49 50//50 51//51 52//52
f 49//49 53//53 36//36 50//50
f 49//49 54//54 55//55 56//56
f 49//49 56//56 57//57 53//53
f 49//49 52//52 58//58 54//54
f 44//44 59//59 60//60 45//45
f 44//44 43//43 61//61 59//59
f 51//51 50//50 31//31 62//62
f 51//51 62//62 63//63 52//52
f 64//64 38//38 15//15 14//14
f 64//64 14//14 13//13 34//34
f 64//64 34//34 33//33 38//38
f 63//63 65//65 66//66 67//67
f 63//63 67//67 58//58 52//52
f 63//63 62//62 68//68 65//65
f 68//68 13//13 12//12 65//65
f 68//68 62//62 31//31 30//30
f 68//68 30//30 34//34 13//13
f 67//67 66//66 69//69 70//70
f 67//67 70//70 71//71 58//58
f 71//71 70//70 72//72 73//73
f 71//71 73//73 74//74 75//75
f 71//71 75//75 54//54 58//58
f 75//75 76//76 55//55 54//54
f 75//75 74//74 77//77 76//76
f 77//77 78//78 79//79 76//76
f 77//77 74//74 80//80 81//81
f 77//77 81//81 82//82 78//78
f 82//82 83//83 84//84 78//78
f 82//82 81//81 85//85 86//86
f 82//82 86//86 87//87 83//83
f 87//87 88//88 89//89 83//83
f 87//87 86//86 90//90 91//91
f 87//87 91//91 92//92 88//88
f 92//92 93//93 94//94 88//88
f 92//92 91//91 95//95 96//96
f 92//92 96//96 97//97 93//93
f 97//97 98//98 99//99 93//93
f 97//97 96//96 100//100 101//101
f 97//97 101//101 102//102 98//98
f 102//102 103//103 104//104 98//98
f 102//102 101//101 105//105 106//106
f 102//102 106//106 107//107 103//103
f 107//107 61//61 108//108 103//103
f 107//107 106//106 109//109 110//110
f 107//107 110//110 59//59 61//61
f 110//110 109//109 111//111 112//112
f 110//110 112//112 60//60 59//59
f 112//112 111//111 113//113 114//114
f 112//112 114//114 115//115 60//60
f 115//115 48//48 45//45 60//60
f 115//115 114//114 116//116 117//117
f 115//115 117//117 118//118 48//48
f 118//118 119//119 46//46 48//48
f 118//118 117//117 120//120 121//121
f 118//118 121//121 122//122 119//119
f 122//122 121//121 123//123 124//124
f 122//122 124//124 125//125 126//126
f 122//122 126//126 127//127 119//119
f 127//127 126//126 128//128 129//129
f 127//127 129//129 108//108 47//47
f 127//127 47//47 46//46 119//119
f 129//129 128//128 130//130 104//104
f 129//129 104//104 103//103 108//108
f 130//130 128//128 131//131 132//132
f 130//130 132//132 133//133 99//99
f 130//130 99//99 98//98 104//104
f 133//133 132//132 134//134 135//135
f 133//133 135//135 136//136 94//94
f 133//133 94//94 93//93 99//99
f 136//136 135//135 137//137 138//138
f 136//136 138//138 139//139 89//89
f 136//136 89//89 88//88 94//94
f 139//139 138//138 140//140 141//141
f 139//139 141//141 142//142 84//84
f 139//139 84//84 83//83 89//89
f 142//142 141//141 143//143 144//144
f 142//142 144//144 145//145 79//79
f 142//142 79//79 78//78 84//84
f 145//145 144//144 146//146 147//147
f 145//145 147//147 56//56 55//55
f 145//145 55//55 76//76 79//79
f 147//147 146//146 148//148 149//149
f 147//147 149//149 57//57 56//56
f 149//149 148//148 150//150 151//151
f 149//149 151//151 152//152 57//57
f 152//152 151//151 17//17 16//16
f 152//152 16//16 15//15 153//153
f 152//152 153//153 53//53 57//57
f 153//153 15//15 38//38 37//37
f 153//153 37//37 36//36 53//53
f 151//151 150//150 154//154 17//17
f 154//154 155//155 156//156 157//157
f 154//154 157//157 18//18 17//17
f 154//154 150//150 158//158 155//155
f 158//158 159//159 160//160 155//155
f 158//158 150//150 148//148 161//161
f 158//158 161//161 162//162 159//159
f 162//162 163//163 164//164 159//159
f 162//162 161//161 165//165 166//166
f 162//162 166//166 167//167 163//163
f 167//167 168//168 169//169 163//163
f 167//167 166//166 170//170 171//171
f 167//167 171//171 172//172 168//168
f 172//172 173//173 174//174 168//168
f 172//172 171//171 175//175 176//176
f 172//172 176//176 177//177 173//173
f 177//177 178//178 179//179 173//173
f 177//177 176//176 180//180 181//181
f 177//177 181//181 182//182 178//178
f 182//182 183//183 184//184 178//178
f 182//182 181//181 185//185 186//186
f 182//182 186//186 187//187 183//183
f 187//187 188//188 189//189 183//183
f 187//187 186//186 125//125 124//124
f 187//187 124//124 123//123 188//188
f 189//189 188//188 190//190 191//191
f 189//189 191//191 192//192 193//193
f 189//189 193//193 184//184 183//183
f 193//193 192//192 194//194 195//195
f 193//193 195//195 196//196 184//184
f 196//196 195//195 40//40 39//39
f 196//196 39//39 41//41 179//179
f 196//196 179//179 178//178 184//184
f 195//195 194//194 197//197 40//40
f 197//197 194//194 198//198 199//199
f 197//197 199//199 200//200 26//26
f 197//197 26//26 25//25 40//40
f 200//200 199//199 201//201 202//202
f 200//200 202//202 164//164 203//203
f 200//200 203//203 27//27 26//26
f 203//203 164//164 163//163 169//169
f 203//203 169//169 28//28 27//27
f 202//202 201//201 204//204 160//160
f 202//202 160//160 159//159 164//164
f 204//204 201//201 205//205 206//206
f 204//204 206//206 207//207 156//156
f 204//204 156//156 155//155 160//160
f 207//207 206//206 208//208 209//209
f 207//207 209//209 210//210 211//211
f 207//207 211//211 157//157 156//156
f 211//211 210//210 212//212 19//19
f 211//211 19//19 18//18 157//157
f 212//212 210//210 213//213 214//214
f 212//212 214//214 215//215 216//216
f 212//212 216//216 20//20 19//19
f 216//216 215//215 217//217 218//218
f 216//216 218//218 21//21 20//20
f 218//218 217//217 219//219 69//69
f 218//218 69//69 66//66 21//21
f 219//219 217//217 220//220 221//221
f 219//219 221//221 222//222 72//72
f 219//219 72//72 70//70 69//69
f 222//222 221//221 223//223 224//224
f 222//222 224//224 225//225 226//226
f 222//222 226//226 73//73 72//72
f 226//226 225//225 227//227 80//80
f 226//226 80//80 74//74 73//73
f 227//227 85//85 81//81 80//80
f 227//227 225//225 228//228 229//229
f 227//227 229//229 230//230 85//85
f 230//230 90//90 86//86 85//85
f 230//230 229//229 231//231 232//232
f 230//230 232//232 233//233 90//90
f 233//233 95//95 91//91 90//90
f 233//233 232//232 234//234 235//235
f 233//233 235//235 236//236 95//95
f 236//236 100//100 96//96 95//95
f 236//236 235//235 237//237 238//238
f 236//236 238//238 239//239 100//100
f 239//239 105//105 101//101 100//100
f 239//239 238//238 240//240 241//241
f 239//239 241//241 242//242 105//105
f 242//242 109//109 106//106 105//105
f 242//242 241//241 243//243 244//244
f 242//242 244//244 111//111 109//109
f 244//244 243//243 245//245 246//246
f 244//244 246//246 113//113 111//111
f 246//246 245//245 247//247 248//248
f 246//246 248//248 249//249 113//113
f 249//249 116//116 114//114 113//113
f 249//249 248//248 250//250 251//251
f 249//249 251//251 252//252 116//116
f 252//252 120//120 117//117 116//116
f 252//252 251//251 253//253 254//254
f 252//252 254//254 255//255 120//120
f 255//255 123//123 121//121 120//120
f 255//255 254//254 256//256 190//190
f 255//255 190//190 188//188 123//123
f 256//256 254//254 253//253 257//257
f 256//256 257//257 258//258 259//259
f 256//256 259//259 191//191 190//190
f 259//259 258//258 260//260 261//261
f 259//259 261//261 192//192 191//191
f 261//261 260//260 205//205 198//198
f 261//261 198//198 194//194 192//192
f 260//260 258//258 262//262 208//208
f 260//260 208//208 206//206 205//205
f 262//262 258//258 257//257 263//263
f 262//262 263//263 264//264 265//265
f 262//262 265//265 209//209 208//208
f 265//265 264//264 266//266 213//213
f 265//265 213//213 210//210 209//209
f 266//266 264//264 267//267 268//268
f 266//266 268//268 269//269 270//270
f 266//266 270//270 214//214 213//213
f 270//270 269//269 271//271 272//272
f 270//270 272//272 215//215 214//214
f 272//272 271//271 273//273 220//220
f 272//272 220//220 217//217 215//215
f 273//273 271//271 274//274 275//275
f 273//273 275//275 276//276 223//223
f 273//273 223//223 221//221 220//220
f 276//276 275//275 277//277 278//278
f 276//276 278//278 279//279 280//280
f 276//276 280//280 224//224 223//223
f 280//280 279//279 281//281 228//228
f 280//280 228//228 225//225 224//224
f 281//281 231//231 229//229 228//228
f 281//281 279//279 9//9 8//8
f 281//281 8//8 282//282 231//231
f 282//282 234//234 232//232 231//231
f 282//282 8//8 4//4 3//3
f 282//282 3//3 283//283 234//234
f 283//283 237//237 235//235 234//234
f 283//283 3//3 2//2 284//284
f 283//283 284//284 285//285 237//237
f 285//285 240//240 238//238 237//237
f 285//285 284//284 286//286 287//287
f 285//285 287//287 288//288 240//240
f 288//288 243//243 241//241 240//240
f 288//288 287//287 289//289 290//290
f 288//288 290//290 245//245 243//243
f 290//290 289//289 291//291 292//292
f 290//290 292//292 247//247 245//245
f 292//292 291//291 293//293 294//294
f 292//292 294//294 295//295 247//247
f 295//295 250//250 248//248 247//247
f 295//295 294//294 268//268 267//267
f 295//295 267//267 296//296 250//250
f 296//296 253//253 251//251 250//250
f 296//296 267//267 264//264 263//263
f 296//296 263//263 257//257 253//253
f 294//294 293//293 269//269 268//268
f 293//293 291//291 297//297 274//274
f 293//293 274//274 271//271 269//269
f 297//297 291//291 289//289 298//298
f 297//297 298//298 299//299 277//277
f 297//297 277//277 275//275 274//274
f 299//299 298//298 286//286 7//7
f 299//299 7//7 6//6 10//10
f 299//299 10//10 278//278 277//277
f 298//298 289//289 287//287 286//286
f 286//286 284//284 2//2 7//7
f 279//279 278//278 10//10 9//9
f 205//205 201//201 199//199 198//198
f 186//186 185//185 131//131 125//125
f 185//185 181//181 180//180 134//134
f 185//185 134//134 132//132 131//131
f 180//180 176//176 175//175 137//137
f 180//180 137//137 135//135 134//134
f 179//179 41//41 174//174 173//173
f 175//175 171//171 170//170 140//140
f 175//175 140//140 138//138 137//137
f 174//174 41//41 23//23 28//28
f 174//174 28//28 169//169 168//168
f 170//170 166//166 165//165 143//143
f 170//170 143//143 141//141 140//140
f 165//165 161//161 148//148 146//146
f 165//165 146//146 144//144 143//143
f 131//131 128//128 126//126 125//125
f 108//108 61//61 43//43 47//47
f 66//66 65//65 12//12 21//21
f 50//50 36//36 32//32 31//31
f 300//300 301//301 302//302 303//303
f 300//300 304//304 305//305 301//301
f 300//300 303//303 306//306 304//304
f 304//304 306//306 307//307 305//305
f 308//308 309//309 310//310 311//311
f 308//308 311//311 312//312 313//313
f 308//308 313//313 314//314 309//309
f 315//315 316//316 317//317 318//318
f 315//315 319//319 320//320 316//316
f 315//315 318//318 321//321 319//319
f 322//322 323//323 324//324 325//325
f 322//322 326//326 327//327 323//323
f 322//322 325//325 328//328 326//326
f 329//329 330//330 331//331 332//332
f 329//329 332//332 333//333 334//334
f 329//329 334//334 335//335 330//330
f 335//335 336//336 337//337 330//330
f 335//335 334//334 338//338 339//339
f 335//335 339//339 340//340 336//336
f 340//340 341//341 342//342 336//336
f 340//340 339//339 343//343 344//344
f 340//340 344//344 345//345 341//341
f 345//345 346//346 347//347 341//341
f 345//345 344//344 348//348 349//349
f 345//345 349//349 350//350 346//346
f 350//350 351//351 352//352 346//346
f 350//350 349//349 353//353 354//354
f 350//350 354//354 355//355 351//351
f 355//355 356//356 357//357 351//351
f 355//355 354//354 358//358 359//359
f 355//355 359//359 360//360 356//356
f 360//360 361//361 362//362 356//356
f 360//360 359//359 363//363 364//364
f 360//360 364//364 365//365 361//361
f 365//365 366//366 367//367 361//361
f 365//365 364//364 368//368 369//369
f 365//365 369//369 370//370 366//366
f 370//370 371//371 372//372 366//366
f 370//370 369//369 373//373 374//374
f 370//370 374//374 375//375 371//371
f 375//375 376//376 377//377 371//371
f 375//375 374//374 378//378 379//379
f 375//375 379//379 380//380 376//376
f 380//380 381//381 382//382 376//376
f 380//380 379//379 383//383 384//384
f 380//380 384//384 385//385 381//381
f 385//385 386//386 387//387 381//381
f 385//385 384//384 388//388 389//389
f 385//385 389//389 390//390 386//386
f 390//390 391//391 392//392 386//386
f 390//390 389//389 393//393 394//394
f 390//390 394//394 395//395 391//391
f 395//395 396//396 397//397 391//391
f 395//395 394//394 398//398 399//399
f 395//395 399//399 400//400 396//396
f 400//400 401//401 402//402 396//396
f 400//400 399//399 403//403 404//404
f 400//400 404//404 405//405 401//401
f 405//405 406//406 407//407 401//401
f 405//405 404//404 408//408 409//409
f 405//405 409//409 410//410 406//406
f 410//410 411//411 412//412 406//406
f 410//410 409//409 413//413 414//414
f 410//410 414//414 415//415 411//411
f 415//415 416//416 417//417 411//411
f 415//415 414//414 418//418 419//419
f 415//415 419//419 420//420 416//416
f 420//420 307//307 421//421 416//416
f 420//420 419//419 422//422 423//423
f 420//420 423//423 305//305 307//307
f 423//423 422//422 424//424 425//425
f 423//423 425//425 301//301 305//305
f 425//425 424//424 426//426 427//427
f 425//425 427//427 302//302 301//301
f 427//427 426//426 428//428 429//429
f 427//427 429//429 430//430 302//302
f 430//430 431//431 303//303 302//302
f 430//430 429//429 432//432 433//433
f 430//430 433//433 434//434 431//431
f 434//434 435//435 436//436 431//431
f 434//434 433//433 437//437 438//438
f 434//434 438//438 439//439 435//435
f 439//439 440//440 441//441 435//435
f 439//439 438//438 442//442 443//443
f 439//439 443//443 444//444 440//440
f 444//444 445//445 446//446 440//440
f 444//444 443//443 447//447 448//448
f 444//444 448//448 449//449 445//445
f 449//449 448//448 450//450 451//451
f 449//449 451//451 452//452 453//453
f 449//449 453//453 454//454 445//445
f 454//454 453//453 455//455 407//407
f 454//454 407//407 406//406 412//412
f 454//454 412//412 446//446 445//445
f 455//455 453//453 452//452 456//456
f 455//455 456//456 457//457 402//402
f 455//455 402//402 401//401 407//407
f 457//457 456//456 458//458 459//459
f 457//457 459//459 460//460 397//397
f 457//457 397//397 396//396 402//402
f 460//460 459//459 461//461 462//462
f 460//460 462//462 463//463 392//392
f 460//460 392//392 391//391 397//397
f 463//463 462//462 464//464 465//465
f 463//463 465//465 466//466 387//387
f 463//463 387//387 386//386 392//392
f 466//466 465//465 467//467 468//468
f 466//466 468//468 469//469 382//382
f 466//466 382//382 381//381 387//387
f 469//469 468//468 470//470 471//471
f 469//469 471//471 472//472 377//377
f 469//469 377//377 376//376 382//382
f 472//472 471//471 473//473 474//474
f 472//472 474//474 475//475 372//372
f 472//472 372//372 371//371 377//377
f 475//475 474//474 476//476 477//477
f 475//475 477//477 478//478 367//367
f 475//475 367//367 366//366 372//372
f 478//478 477//477 479//479 480//480
f 478//478 480//480 481//481 362//362
f 478//478 362//362 361//361 367//367
f 481//481 480//480 482//482 483//483
f 481//481 483//483 484//484 357//357
f 481//481 357//357 356//356 362//362
f 484//484 483//483 485//485 486//486
f 484//484 486//486 487//487 352//352
f 484//484 352//352 351//351 357//357
f 487//487 486//486 488//488 489//489
f 487//487 489//489 490//490 347//347
f 487//487 347//347 346//346 352//352
f 490//490 489//489 491//491 492//492
f 490//490 492//492 493//493 342//342
f 490//490 342//342 341//341 347//347
f 493//493 492//492 494//494 495//495
f 493//493 495//495 496//496 337//337
f 493//493 337//337 336//336 342//342
f 496//496 495//495 497//497 498//498
f 496//496 498//498 499//499 331//331
f 496//496 331//331 330//330 337//337
f 499//499 498//498 500//500 501//501
f 499//499 501//501 502//502 503//503
f 499//499 503//503 332//332 331//331
f 503//503 502//502 504//504 505//505
f 503//503 505//505 333//333 332//332
f 505//505 506//506 507//507 333//333
f 505//505 504//504 508//508 506//506
f 508//508 509//509 510//510 506//506
f 508//508 504//504 511//511 512//512
f 508//508 512//512 513//513 509//509
f 513//513 514//514 515//515 509//509
f 513//513 512//512 516//516 517//517
f 513//513 517//517 518//518 514//514
f 518//518 519//519 520//520 514//514
f 518//518 517//517 521//521 522//522
f 518//518 522//522 523//523 519//519
f 523//523 524//524 525//525 519//519
f 523//523 522//522 526//526 527//527
f 523//523 527//527 528//528 524//524
f 528//528 529//529 530//530 524//524
f 528//528 527//527 531//531 532//532
f 528//528 532//532 533//533 529//529
f 533//533 534//534 535//535 529//529
f 533//533 532//532 536//536 537//537
f 533//533 537//537 538//538 534//534
f 538//538 539//539 540//540 534//534
f 538//538 537//537 541//541 542//542
f 538//538 542//542 543//543 539//539
f 543//543 544//544 545//545 539//539
f 543//543 542//542 546//546 547//547
f 543//543 547//547 548//548 544//544
f 548//548 549//549 550//550 544//544
f 548//548 547//547 551//551 552//552
f 548//548 552//552 553//553 549//549
f 553//553 554//554 555//555 549//549
f 553//553 552//552 556//556 557//557
f 553//553 557//557 558//558 554//554
f 558//558 559//559 560//560 554//554
f 558//558 557//557 561//561 562//562
f 558//558 562//562 563//563 559//559
f 563//563 564//564 565//565 559//559
f 563//563 562//562 566//566 567//567
f 563//563 567//567 568//568 564//564
f 568//568 569//569 570//570 564//564
f 568//568 567//567 571//571 572//572
f 568//568 572//572 573//573 569//569
f 573//573 574//574 575//575 569//569
f 573//573 572//572 576//576 577//577
f 573//573 577//577 578//578 574//574
f 578//578 579//579 580//580 574//574
f 578//578 577//577 581//581 582//582
f 578//578 582//582 583//583 579//579
f 583//583 584//584 585//585 579//579
f 583//583 582//582 586//586 587//587
f 583//583 587//587 588//588 584//584
f 588//588 589//589 590//590 584//584
f 588//588 587//587 591//591 592//592
f 588//588 592//592 593//593 589//589
f 593//593 594//594 595//595 589//589
f 593//593 592//592 596//596 597//597
f 593//593 597//597 598//598 594//594
f 598//598 599//599 600//600 594//594
f 598//598 597//597 601//601 602//602
f 598//598 602//602 603//603 599//599
f 603//603 604//604 605//605 599//599
f 603//603 602//602 606//606 607//607
f 603//603 607//607 608//608 604//604
f 608//608 609//609 610//610 604//604
f 608//608 607//607 611//611 612//612
f 608//608 612//612 613//613 609//609
f 613//613 614//614 615//615 609//609
f 613//613 612//612 616//616 617//617
f 613//613 617//617 618//618 614//614
f 618//618 619//619 620//620 614//614
f 618//618 617//617 327//327 326//326
f 618//618 326//326 328//328 619//619
f 620//620 621//621 622//622 623//623
f 620//620 623//623 615//615 614//614
f 620//620 619//619 624//624 621//621
f 624//624 625//625 626//626 621//621
f 624//624 619//619 328//328 627//627
f 624//624 627//627 628//628 625//625
f 628//628 321//321 629//629 625//625
f 628//628 627//627 630//630 631//631
f 628//628 631//631 319//319 321//321
f 631//631 630//630 632//632 633//633
f 631//631 633//633 320//320 319//319
f 633//633 632//632 634//634 635//635
f 633//633 635//635 636//636 320//320
f 636//636 635//635 637//637 638//638
f 636//636 638//638 639//639 640//640
f 636//636 640//640 316//316 320//320
f 640//640 639//639 641//641 642//642
f 640//640 642//642 317//317 316//316
f 642//642 641//641 643//643 644//644
f 642//642 644//644 645//645 317//317
f 645//645 646//646 318//318 317//317
f 645//645 644//644 647//647 648//648
f 645//645 648//648 649//649 646//646
f 649//649 650//650 629//629 646//646
f 649//649 648//648 651//651 652//652
f 649//649 652//652 653//653 650//650
f 653//653 652//652 654//654 655//655
f 653//653 655//655 656//656 657//657
f 653//653 657//657 626//626 650//650
f 657//657 656//656 658//658 622//622
f 657//657 622//622 621//621 626//626
f 658//658 656//656 659//659 660//660
f 658//658 660//660 661//661 662//662
f 658//658 662//662 623//623 622//622
f 662//662 661//661 663//663 664//664
f 662//662 664//664 615//615 623//623
f 664//664 663//663 665//665 610//610
f 664//664 610//610 609//609 615//615
f 665//665 663//663 666//666 667//667
f 665//665 667//667 668//668 605//605
f 665//665 605//605 604//604 610//610
f 668//668 667//667 669//669 670//670
f 668//668 670//670 671//671 600//600
f 668//668 600//600 599//599 605//605
f 671//671 670//670 672//672 673//673
f 671//671 673//673 674//674 595//595
f 671//671 595//595 594//594 600//600
f 674//674 673//673 675//675 676//676
f 674//674 676//676 677//677 590//590
f 674//674 590//590 589//589 595//595
f 677//677 676//676 678//678 679//679
f 677//677 679//679 680//680 585//585
f 677//677 585//585 584//584 590//590
f 680//680 679//679 681//681 682//682
f 680//680 682//682 683//683 580//580
f 680//680 580//580 579//579 585//585
f 683//683 682//682 684//684 685//685
f 683//683 685//685 686//686 575//575
f 683//683 575//575 574//574 580//580
f 686//686 685//685 687//687 688//688
f 686//686 688//688 689//689 570//570
f 686//686 570//570 569//569 575//575
f 689//689 688//688 690//690 691//691
f 689//689 691//691 692//692 565//565
f 689//689 565//565 564//564 570//570
f 692//692 691//691 693//693 694//694
f 692//692 694//694 695//695 560//560
f 692//692 560//560 559//559 565//565
f 695//695 694//694 696//696 697//697
f 695//695 697//697 698//698 555//555
f 695//695 555//555 554//554 560//560
f 698//698 697//697 699//699 700//700
f 698//698 700//700 701//701 550//550
f 698//698 550//550 549//549 555//555
f 701//701 700//700 702//702 703//703
f 701//701 703//703 704//704 545//545
f 701//701 545//545 544//544 550//550
f 704//704 703//703 705//705 706//706
f 704//704 706//706 707//707 540//540
f 704//704 540//540 539//539 545//545
f 707//707 706//706 708//708 709//709
f 707//707 709//709 710//710 535//535
f 707//707 535//535 534//534 540//540
f 710//710 709//709 711//711 712//712
f 710//710 712//712 713//713 530//530
f 710//710 530//530 529//529 535//535
f 713//713 712//712 714//714 715//715
f 713//713 715//715 716//716 525//525
f 713//713 525//525 524//524 530//530
f 716//716 715//715 717//717 718//718
f 716//716 718//718 719//719 520//520
f 716//716 520//520 519//519 525//525
f 719//719 718//718 720//720 721//721
f 719//719 721//721 722//722 515//515
f 719//719 515//515 514//514 520//520
f 722//722 721//721 314//314 723//723
f 722//722 723//723 724//724 510//510
f 722//722 510//510 509//509 515//515
f 724//724 723//723 725//725 726//726
f 724//724 726//726 338//338 507//507
f 724//724 507//507 506//506 510//510
f 726//726 343//343 339//339 338//338
f 726//726 725//725 727//727 343//343
f 727//727 348//348 344//344 343//343
f 727//727 725//725 313//313 312//312
f 727//727 312//312 728//728 348//348
f 728//728 353//353 349//349 348//348
f 728//728 312//312 311//311 729//729
f 728//728 729//729 730//730 353//353
f 730//730 358//358 354//354 353//353
f 730//730 729//729 731//731 732//732
f 730//730 732//732 733//733 358//358
f 733//733 363//363 359//359 358//358
f 733//733 732//732 734//734 735//735
f 733//733 735//735 736//736 363//363
f 736//736 368//368 364//364 363//363
f 736//736 735//735 737//737 738//738
f 736//736 738//738 739//739 368//368
f 739//739 373//373 369//369 368//368
f 739//739 738//738 740//740 741//741
f 739//739 741//741 742//742 373//373
f 742//742 378//378 374//374 373//373
f 742//742 741//741 743//743 744//744
f 742//742 744//744 745//745 378//378
f 745//745 383//383 379//379 378//378
f 745//745 744//744 746//746 747//747
f 745//745 747//747 748//748 383//383
f 748//748 388//388 384//384 383//383
f 748//748 747//747 749//749 750//750
f 748//748 750//750 751//751 388//388
f 751//751 393//393 389//389 388//388
f 751//751 750//750 752//752 753//753
f 751//751 753//753 754//754 393//393
f 754//754 398//398 394//394 393//393
f 754//754 753//753 755//755 756//756
f 754//754 756//756 757//757 398//398
f 757//757 403//403 399//399 398//398
f 757//757 756//756 758//758 759//759
f 757//757 759//759 760//760 403//403
f 760//760 408//408 404//404 403//403
f 760//760 759//759 761//761 762//762
f 760//760 762//762 763//763 408//408
f 763//763 413//413 409//409 408//408
f 763//763 762//762 764//764 765//765
f 763//763 765//765 766//766 413//413
f 766//766 418//418 414//414 413//413
f 766//766 765//765 767//767 768//768
f 766//766 768//768 769//769 418//418
f 769//769 422//422 419//419 418//418
f 769//769 768//768 770//770 771//771
f 769//769 771//771 424//424 422//422
f 771//771 770//770 772//772 773//773
f 771//771 773//773 426//426 424//424
f 773//773 772//772 774//774 775//775
f 773//773 775//775 428//428 426//426
f 775//775 774//774 675//675 776//776
f 775//775 776//776 777//777 428//428
f 777//777 432//432 429//429 428//428
f 777//777 776//776 672//672 778//778
f 777//777 778//778 779//779 432//432
f 779//779 437//437 433//433 432//432
f 779//779 778//778 669//669 780//780
f 779//779 780//780 781//781 437//437
f 781//781 442//442 438//438 437//437
f 781//781 780//780 666//666 782//782
f 781//781 782//782 783//783 442//442
f 783//783 447//447 443//443 442//442
f 783//783 782//782 661//661 660//660
f 783//783 660//660 659//659 447//447
f 782//782 666//666 663//663 661//661
f 780//780 669//669 667//667 666//666
f 778//778 672//672 670//670 669//669
f 776//776 675//675 673//673 672//672
f 774//774 772//772 784//784 678//678
f 774//774 678//678 676//676 675//675
f 784//784 772//772 770//770 785//785
f 784//784 785//785 786//786 681//681
f 784//784 681//681 679//679 678//678
f 786//786 785//785 767//767 787//787
f 786//786 787//787 788//788 684//684
f 786//786 684//684 682//682 681//681
f 788//788 787//787 764//764 789//789
f 788//788 789//789 790//790 687//687
f 788//788 687//687 685//685 684//684
f 790//790 789//789 761//761 791//791
f 790//790 791//791 792//792 690//690
f 790//790 690//690 688//688 687//687
f 792//792 791//791 758//758 793//793
f 792//792 793//793 794//794 693//693
f 792//792 693//693 691//691 690//690
f 794//794 793//793 755//755 795//795
f 794//794 795//795 796//796 696//696
f 794//794 696//696 694//694 693//693
f 796//796 795//795 752//752 797//797
f 796//796 797//797 798//798 699//699
f 796//796 699//699 697//697 696//696
f 798//798 797//797 749//749 799//799
f 798//798 799//799 800//800 702//702
f 798//798 702//702 700//700 699//699
f 800//800 799//799 746//746 801//801
f 800//800 801//801 802//802 705//705
f 800//800 705//705 703//703 702//702
f 802//802 801//801 743//743 803//803
f 802//802 803//803 804//804 708//708
f 802//802 708//708 706//706 705//705
f 804//804 803//803 740//740 805//805
f 804//804 805//805 806//806 711//711
f 804//804 711//711 709//709 708//708
f 806//806 805//805 737//737 807//807
f 806//806 807//807 808//808 714//714
f 806//806 714//714 712//712 711//711
f 808//808 807//807 734//734 809//809
f 808//808 809//809 810//810 717//717
f 808//808 717//717 715//715 714//714
f 810//810 809//809 731//731 310//310
f 810//810 310//310 309//309 720//720
f 810//810 720//720 718//718 717//717
f 809//809 734//734 732//732 731//731
f 807//807 737//737 735//735 734//734
f 805//805 740//740 738//738 737//737
f 803//803 743//743 741//741 740//740
f 801//801 746//746 744//744 743//743
f 799//799 749//749 747//747 746//746
f 797//797 752//752 750//750 749//749
f 795//795 755//755 753//753 752//752
f 793//793 758//758 756//756 755//755
f 791//791 761//761 759//759 758//758
f 789//789 764//764 762//762 761//761
f 787//787 767//767 765//765 764//764
f 785//785 770//770 768//768 767//767
f 731//731 729//729 311//311 310//310
f 725//725 723//723 314//314 313//313
f 721//721 720//720 309//309 314//314
f 659//659 450//450 448//448 447//447
f 659//659 656//656 655//655 450//450
f 655//655 654//654 451//451 450//450
f 654//654 652//652 651//651 811//811
f 654//654 811//811 452//452 451//451
f 811//811 651//651 812//812 458//458
f 811//811 458//458 456//456 452//452
f 812//812 651//651 648//648 647//647
f 812//812 647//647 813//813 461//461
f 812//812 461//461 459//459 458//458
f 813//813 647//647 644//644 643//643
f 813//813 643//643 814//814 464//464
f 813//813 464//464 462//462 461//461
f 814//814 643//643 641//641 815//815
f 814//814 815//815 816//816 467//467
f 814//814 467//467 465//465 464//464
f 816//816 815//815 817//817 818//818
f 816//816 818//818 819//819 470//470
f 816//816 470//470 468//468 467//467
f 819//819 818//818 820//820 821//821
f 819//819 821//821 822//822 473//473
f 819//819 473//473 471//471 470//470
f 822//822 821//821 823//823 824//824
f 822//822 824//824 825//825 476//476
f 822//822 476//476 474//474 473//473
f 825//825 824//824 826//826 827//827
f 825//825 827//827 828//828 479//479
f 825//825 479//479 477//477 476//476
f 828//828 827//827 829//829 830//830
f 828//828 830//830 831//831 482//482
f 828//828 482//482 480//480 479//479
f 831//831 830//830 832//832 833//833
f 831//831 833//833 834//834 485//485
f 831//831 485//485 483//483 482//482
f 834//834 833//833 835//835 836//836
f 834//834 836//836 837//837 488//488
f 834//834 488//488 486//486 485//485
f 837//837 836//836 838//838 839//839
f 837//837 839//839 840//840 491//491
f 837//837 491//491 489//489 488//488
f 840//840 839//839 841//841 842//842
f 840//840 842//842 843//843 494//494
f 840//840 494//494 492//492 491//491
f 843//843 842//842 844//844 845//845
f 843//843 845//845 846//846 497//497
f 843//843 497//497 495//495 494//494
f 846//846 845//845 847//847 848//848
f 846//846 848//848 849//849 500//500
f 846//846 500//500 498//498 497//497
f 849//849 848//848 850//850 851//851
f 849//849 851//851 852//852 853//853
f 849//849 853//853 501//501 500//500
f 853//853 852//852 854//854 855//855
f 853//853 855//855 502//502 501//501
f 855//855 854//854 856//856 511//511
f 855//855 511//511 504//504 502//502
f 856//856 516//516 512//512 511//511
f 856//856 854//854 857//857 858//858
f 856//856 858//858 859//859 516//516
f 859//859 521//521 517//517 516//516
f 859//859 858//858 860//860 861//861
f 859//859 861//861 862//862 521//521
f 862//862 526//526 522//522 521//521
f 862//862 861//861 863//863 864//864
f 862//862 864//864 865//865 526//526
f 865//865 531//531 527//527 526//526
f 865//865 864//864 866//866 867//867
f 865//865 867//867 868//868 531//531
f 868//868 536//536 532//532 531//531
f 868//868 867//867 869//869 870//870
f 868//868 870//870 871//871 536//536
f 871//871 541//541 537//537 536//536
f 871//871 870//870 872//872 873//873
f 871//871 873//873 874//874 541//541
f 874//874 546//546 542//542 541//541
f 874//874 873//873 875//875 876//876
f 874//874 876//876 877//877 546//546
f 877//877 551//551 547//547 546//546
f 877//877 876//876 878//878 879//879
f 877//877 879//879 880//880 551//551
f 880//880 556//556 552//552 551//551
f 880//880 879//879 881//881 882//882
f 880//880 882//882 883//883 556//556
f 883//883 561//561 557//557 556//556
f 883//883 882//882 884//884 885//885
f 883//883 885//885 886//886 561//561
f 886//886 566//566 562//562 561//561
f 886//886 885//885 887//887 888//888
f 886//886 888//888 889//889 566//566
f 889//889 571//571 567//567 566//566
f 889//889 888//888 890//890 891//891
f 889//889 891//891 892//892 571//571
f 892//892 576//576 572//572 571//571
f 892//892 891//891 893//893 894//894
f 892//892 894//894 895//895 576//576
f 895//895 581//581 577//577 576//576
f 895//895 894//894 896//896 897//897
f 895//895 897//897 898//898 581//581
f 898//898 586//586 582//582 581//581
f 898//898 897//897 899//899 900//900
f 898//898 900//900 901//901 586//586
f 901//901 591//591 587//587 586//586
f 901//901 900//900 902//902 903//903
f 901//901 903//903 904//904 591//591
f 904//904 596//596 592//592 591//591
f 904//904 903//903 905//905 906//906
f 904//904 906//906 907//907 596//596
f 907//907 601//601 597//597 596//596
f 907//907 906//906 908//908 909//909
f 907//907 909//909 910//910 601//601
f 910//910 606//606 602//602 601//601
f 910//910 909//909 911//911 912//912
f 910//910 912//912 913//913 606//606
f 913//913 611//611 607//607 606//606
f 913//913 912//912 914//914 915//915
f 913//913 915//915 916//916 611//611
f 916//916 616//616 612//612 611//611
f 916//916 915//915 917//917 918//918
f 916//916 918//918 919//919 616//616
f 919//919 327//327 617//617 616//616
f 919//919 918//918 920//920 921//921
f 919//919 921//921 323//323 327//327
f 921//921 920//920 922//922 923//923
f 921//921 923//923 324//324 323//323
f 923//923 922//922 924//924 634//634
f 923//923 634//634 632//632 324//324
f 924//924 922//922 925//925 926//926
f 924//924 926//926 927//927 637//637
f 924//924 637//637 635//635 634//634
f 927//927 926//926 928//928 929//929
f 927//927 929//929 820//820 930//930
f 927//927 930//930 638//638 637//637
f 930//930 820//820 818//818 817//817
f 930//930 817//817 639//639 638//638
f 929//929 928//928 931//931 823//823
f 929//929 823//823 821//821 820//820
f 931//931 928//928 932//932 933//933
f 931//931 933//933 934//934 826//826
f 931//931 826//826 824//824 823//823
f 934//934 933//933 935//935 936//936
f 934//934 936//936 937//937 829//829
f 934//934 829//829 827//827 826//826
f 937//937 936//936 938//938 939//939
f 937//937 939//939 940//940 832//832
f 937//937 832//832 830//830 829//829
f 940//940 939//939 941//941 942//942
f 940//940 942//942 943//943 835//835
f 940//940 835//835 833//833 832//832
f 943//943 942//942 944//944 945//945
f 943//943 945//945 946//946 838//838
f 943//943 838//838 836//836 835//835
f 946//946 945//945 947//947 948//948
f 946//946 948//948 949//949 841//841
f 946//946 841//841 839//839 838//838
f 949//949 948//948 950//950 951//951
f 949//949 951//951 952//952 844//844
f 949//949 844//844 842//842 841//841
f 952//952 951//951 953//953 954//954
f 952//952 954//954 955//955 847//847
f 952//952 847//847 845//845 844//844
f 955//955 954//954 956//956 957//957
f 955//955 957//957 958//958 850//850
f 955//955 850//850 848//848 847//847
f 958//958 957//957 959//959 960//960
f 958//958 960//960 961//961 962//962
f 958//958 962//962 851//851 850//850
f 962//962 961//961 963//963 964//964
f 962//962 964//964 852//852 851//851
f 964//964 963//963 965//965 857//857
f 964//964 857//857 854//854 852//852
f 965//965 963//963 966//966 967//967
f 965//965 967//967 968//968 860//860
f 965//965 860//860 858//858 857//857
f 968//968 863//863 861//861 860//860
f 968//968 967//967 969//969 970//970
f 968//968 970//970 971//971 863//863
f 971//971 866//866 864//864 863//863
f 971//971 970//970 972//972 973//973
f 971//971 973//973 974//974 866//866
f 974//974 869//869 867//867 866//866
f 974//974 973//973 975//975 976//976
f 974//974 976//976 977//977 869//869
f 977//977 872//872 870//870 869//869
f 977//977 976//976 978//978 979//979
f 977//977 979//979 980//980 872//872
f 980//980 875//875 873//873 872//872
f 980//980 979//979 981//981 982//982
f 980//980 982//982 983//983 875//875
f 983//983 878//878 876//876 875//875
f 983//983 982//982 984//984 985//985
f 983//983 985//985 986//986 878//878
f 986//986 881//881 879//879 878//878
f 986//986 985//985 987//987 988//988
f 986//986 988//988 989//989 881//881
f 989//989 884//884 882//882 881//881
f 989//989 988//988 990//990 991//991
f 989//989 991//991 992//992 884//884
f 992//992 887//887 885//885 884//884
f 992//992 991//991 993//993 994//994
f 992//992 994//994 995//995 887//887
f 995//995 890//890 888//888 887//887
f 995//995 994//994 996//996 997//997
f 995//995 997//997 998//998 890//890
f 998//998 893//893 891//891 890//890
f 998//998 997//997 959//959 999//999
f 998//998 999//999 1000//1000 893//893
f 1000//1000 896//896 894//894 893//893
f 1000//1000 999//999 956//956 1001//1001
f 1000//1000 1001//1001 1002//1002 896//896
f 1002//1002 899//899 897//897 896//896
f 1002//1002 1001//1001 953//953 1003//1003
f 1002//1002 1003//1003 1004//1004 899//899
f 1004//1004 902//902 900//900 899//899
f 1004//1004 1003//1003 950//950 1005//1005
f 1004//1004 1005//1005 1006//1006 902//902
f 1006//1006 905//905 903//903 902//902
f 1006//1006 1005//1005 947//947 1007//1007
f 1006//1006 1007//1007 1008//1008 905//905
f 1008//1008 908//908 906//906 905//905
f 1008//1008 1007//1007 944//944 1009//1009
f 1008//1008 1009//1009 1010//1010 908//908
f 1010//1010 911//911 909//909 908//908
f 1010//1010 1009//1009 941//941 1011//1011
f 1010//1010 1011//1011 1012//1012 911//911
f 1012//1012 914//914 912//912 911//911
f 1012//1012 1011//1011 938//938 1013//1013
f 1012//1012 1013//1013 1014//1014 914//914
f 1014//1014 917//917 915//915 914//914
f 1014//1014 1013//1013 935//935 1015//1015
f 1014//1014 1015//1015 1016//1016 917//917
f 1016//1016 920//920 918//918 917//917
f 1016//1016 1015//1015 932//932 925//925
f 1016//1016 925//925 922//922 920//920
f 1015//1015 935//935 933//933 932//932
f 1013//1013 938//938 936//936 935//935
f 1011//1011 941//941 939//939 938//938
f 1009//1009 944//944 942//942 941//941
f 1007//1007 947//947 945//945 944//944
f 1005//1005 950//950 948//948 947//947
f 1003//1003 953//953 951//951 950//950
f 1001//1001 956//956 954//954 953//953
f 999//999 959//959 957//957 956//956
f 997//997 996//996 960//960 959//959
f 996//996 994//994 993//993 1017//1017
f 996//996 1017//1017 961//961 960//960
f 1017//1017 993//993 1018//1018 966//966
f 1017//1017 966//966 963//963 961//961
f 1018//1018 993//993 991//991 990//990
f 1018//1018 990//990 1019//1019 969//969
f 1018//1018 969//969 967//967 966//966
f 1019//1019 990//990 988//988 987//987
f 1019//1019 987//987 1020//1020 972//972
f 1019//1019 972//972 970//970 969//969
f 1020//1020 987//987 985//985 984//984
f 1020//1020 984//984 1021//1021 975//975
f 1020//1020 975//975 973//973 972//972
f 984//984 982//982 981//981 1021//1021
f 976//976 975//975 1021//1021 978//978
f 932//932 928//928 926//926 925//925
f 817//817 815//815 641//641 639//639
f 650//650 626//626 625//625 629//629
f 646//646 629//629 321//321 318//318
f 632//632 630//630 325//325 324//324
f 630//630 627//627 328//328 325//325
f 507//507 338//338 334//334 333//333
f 446//446 412//412 411//411 417//417
f 446//446 417//417 441//441 440//440
f 441//441 417//417 416//416 421//421
f 441//441 421//421 436//436 435//435
f 436//436 421//421 307//307 306//306
f 436//436 306//306 303//303 431//431
f 981//981 979//979 978//978 1021//1021
f 1022//1022 1023//1023 1024//1024 1025//1025
f 1022//1022 1026//1026 1027//1027 1028//1028
f 1029//1029 1030//1030 1031//1031 1032//1032
f 1029//1029 1033//1033 1034//1034 1030//1030
f 1029//1029 1032//1032 1035//1035 1033//1033
f 1031//1031 1036//1036 1037//1037 1032//1032
f 1031//1031 1030//1030 1038//1038 1036//1036
f 1039//1039 1040//1040 1041//1041 1042//1042
f 1039//1039 1043//1043 1044//1044 1040//1040
f 1039//1039 1042//1042 1045//1045 1043//1043
f 1046//1046 1047//1047 1048//1048 1049//1049
f 1046//1046 1049//1049 1050//1050 1051//1051
f 1046//1046 1051//1051 1052//1052 1047//1047
f 1053//1053 1054//1054 1055//1055 1056//1056
f 1053//1053 1056//1056 1057//1057 1058//1058
f 1053//1053 1058//1058 1059//1059 1054//1054
f 1060//1060 1061//1061 1062//1062 1063//1063
f 1060//1060 1064//1064 1065//1065 1061//1061
f 1060//1060 1063//1063 1066//1066 1064//1064
f 1066//1066 1063//1063 1067//1067 1068//1068
f 1066//1066 1068//1068 1069//1069 1070//1070
f 1066//1066 1070//1070 1071//1071 1064//1064
f 1071//1071 1070//1070 1072//1072 1073//1073
f 1071//1071 1073//1073 1074//1074 1075//1075
f 1071//1071 1075//1075 1065//1065 1064//1064
f 1075//1075 1074//1074 1076//1076 1077//1077
f 1075//1075 1077//1077 1078//1078 1065//1065
f 1078//1078 1077//1077 1079//1079 1080//1080
f 1078//1078 1080//1080 1081//1081 1082//1082
f 1078//1078 1082//1082 1061//1061 1065//1065
f 1082//1082 1081//1081 1083//1083 1084//1084
f 1082//1082 1084//1084 1062//1062 1061//1061
f 1084//1084 1085//1085 1086//1086 1062//1062
f 1084//1084 1083//1083 1087//1087 1085//1085
f 1087//1087 1088//1088 1089//1089 1085//1085
f 1087//1087 1083//1083 1090//1090 1091//1091
f 1087//1087 1091//1091 1092//1092 1088//1088
f 1092//1092 1093//1093 1094//1094 1088//1088
f 1092//1092 1091//1091 1095//1095 1096//1096
f 1092//1092 1096//1096 1097//1097 1093//1093
f 1097//1097 1098//1098 1099//1099 1093//1093
f 1097//1097 1096//1096 1100//1100 1101//1101
f 1097//1097 1101//1101 1102//1102 1098//1098
f 1102//1102 1103//1103 1104//1104 1098//1098
f 1102//1102 1101//1101 1105//1105 1106//1106
f 1102//1102 1106//1106 1107//1107 1103//1103
f 1107//1107 1108//1108 1109//1109 1103//1103
f 1107//1107 1106//1106 1048//1048 1110//1110
f 1107//1107 1110//1110 1111//1111 1108//1108
f 1111//1111 1112//1112 1113//1113 1108//1108
f 1111//1111 1110//1110 1114//1114 1115//1115
f 1111//1111 1115//1115 1116//1116 1112//1112
f 1116//1116 1117//1117 1118//1118 1112//1112
f 1116//1116 1115//1115 1119//1119 1120//1120
f 1116//1116 1120//1120 1121//1121 1117//1117
f 1121//1121 1122//1122 1123//1123 1117//1117
f 1121//1121 1120//1120 1124//1124 1125//1125
f 1121//1121 1125//1125 1126//1126 1122//1122
f 1126//1126 1127//1127 1128//1128 1122//1122
f 1126//1126 1125//1125 1129//1129 1130//1130
f 1126//1126 1130//1130 1131//1131 1127//1127
f 1131//1131 1132//1132 1133//1133 1127//1127
f 1131//1131 1130//1130 1134//1134 1135//1135
f 1131//1131 1135//1135 1136//1136 1132//1132
f 1136//1136 1137//1137 1138//1138 1132//1132
f 1136//1136 1135//1135 1139//1139 1140//1140
f 1136//1136 1140//1140 1141//1141 1137//1137
f 1141//1141 1142//1142 1143//1143 1137//1137
f 1141//1141 1140//1140 1025//1025 1024//1024
f 1141//1141 1024//1024 1144//1144 1142//1142
f 1144//1144 1145//1145 1146//1146 1142//1142
f 1144//1144 1024//1024 1023//1023 1147//1147
f 1144//1144 1147//1147 1148//1148 1145//1145
f 1148//1148 1147//1147 1149//1149 1150//1150
f 1148//1148 1150//1150 1151//1151 1152//1152
f 1148//1148 1152//1152 1076//1076 1145//1145
f 1152//1152 1151//1151 1153//1153 1079//1079
f 1152//1152 1079//1079 1077//1077 1076//1076
f 1153//1153 1151//1151 1154//1154 1155//1155
f 1153//1153 1155//1155 1156//1156 1157//1157
f 1153//1153 1157//1157 1080//1080 1079//1079
f 1157//1157 1156//1156 1158//1158 1159//1159
f 1157//1157 1159//1159 1081//1081 1080//1080
f 1159//1159 1158//1158 1160//1160 1090//1090
f 1159//1159 1090//1090 1083//1083 1081//1081
f 1160//1160 1095//1095 1091//1091 1090//1090
f 1160//1160 1158//1158 1161//1161 1162//1162
f 1160//1160 1162//1162 1163//1163 1095//1095
f 1163//1163 1100//1100 1096//1096 1095//1095
f 1163//1163 1162//1162 1059//1059 1164//1164
f 1163//1163 1164//1164 1165//1165 1100//1100
f 1165//1165 1105//1105 1101//1101 1100//1100
f 1165//1165 1164//1164 1166//1166 1050//1050
f 1165//1165 1050//1050 1049//1049 1105//1105
f 1166//1166 1164//1164 1059//1059 1058//1058
f 1166//1166 1058//1058 1057//1057 1167//1167
f 1166//1166 1167//1167 1051//1051 1050//1050
f 1167//1167 1168//1168 1052//1052 1051//1051
f 1167//1167 1057//1057 1169//1169 1168//1168
f 1169//1169 1170//1170 1171//1171 1168//1168
f 1169//1169 1057//1057 1056//1056 1172//1172
f 1169//1169 1172//1172 1173//1173 1170//1170
f 1173//1173 1174//1174 1175//1175 1170//1170
f 1173//1173 1172//1172 1176//1176 1177//1177
f 1173//1173 1177//1177 1178//1178 1174//1174
f 1178//1178 1179//1179 1180//1180 1174//1174
f 1178//1178 1177//1177 1181//1181 1182//1182
f 1178//1178 1182//1182 1183//1183 1179//1179
f 1183//1183 1027//1027 1184//1184 1179//1179
f 1183//1183 1182//1182 1185//1185 1186//1186
f 1183//1183 1186//1186 1028//1028 1027//1027
f 1186//1186 1185//1185 1150//1150 1149//1149
f 1186//1186 1149//1149 1187//1187 1028//1028
f 1185//1185 1182//1182 1181//1181 1154//1154
f 1185//1185 1154//1154 1151//1151 1150//1150
f 1184//1184 1188//1188 1134//1134 1189//1189
f 1184//1184 1189//1189 1180//1180 1179//1179
f 1184//1184 1027//1027 1026//1026 1188//1188
f 1189//1189 1134//1134 1130//1130 1129//1129
f 1189//1189 1129//1129 1190//1190 1180//1180
f 1190//1190 1129//1129 1125//1125 1124//1124
f 1190//1190 1124//1124 1191//1191 1175//1175
f 1190//1190 1175//1175 1174//1174 1180//1180
f 1191//1191 1124//1124 1120//1120 1119//1119
f 1191//1191 1119//1119 1192//1192 1171//1171
f 1191//1191 1171//1171 1170//1170 1175//1175
f 1192//1192 1119//1119 1115//1115 1114//1114
f 1192//1192 1114//1114 1047//1047 1052//1052
f 1192//1192 1052//1052 1168//1168 1171//1171
f 1188//1188 1139//1139 1135//1135 1134//1134
f 1188//1188 1026//1026 1193//1193 1139//1139
f 1181//1181 1177//1177 1176//1176 1194//1194
f 1181//1181 1194//1194 1155//1155 1154//1154
f 1194//1194 1176//1176 1055//1055 1195//1195
f 1194//1194 1195//1195 1156//1156 1155//1155
f 1195//1195 1055//1055 1054//1054 1161//1161
f 1195//1195 1161//1161 1158//1158 1156//1156
f 1176//1176 1172//1172 1056//1056 1055//1055
f 1162//1162 1161//1161 1054//1054 1059//1059
f 1149//1149 1147//1147 1023//1023 1187//1187
f 1146//1146 1074//1074 1073//1073 1196//1196
f 1146//1146 1196//1196 1143//1143 1142//1142
f 1146//1146 1145//1145 1076//1076 1074//1074
f 1196//1196 1073//1073 1072//1072 1197//1197
f 1196//1196 1197//1197 1198//1198 1143//1143
f 1198//1198 1197//1197 1199//1199 1200//1200
f 1198//1198 1200//1200 1201//1201 1138//1138
f 1198//1198 1138//1138 1137//1137 1143//1143
f 1201//1201 1200//1200 1202//1202 1203//1203
f 1201//1201 1203//1203 1204//1204 1133//1133
f 1201//1201 1133//1133 1132//1132 1138//1138
f 1204//1204 1203//1203 1205//1205 1206//1206
f 1204//1204 1206//1206 1207//1207 1128//1128
f 1204//1204 1128//1128 1127//1127 1133//1133
f 1207//1207 1206//1206 1208//1208 1209//1209
f 1207//1207 1209//1209 1210//1210 1123//1123
f 1207//1207 1123//1123 1122//1122 1128//1128
f 1210//1210 1209//1209 1211//1211 1212//1212
f 1210//1210 1212//1212 1213//1213 1118//1118
f 1210//1210 1118//1118 1117//1117 1123//1123
f 1213//1213 1212//1212 1038//1038 1214//1214
f 1213//1213 1214//1214 1215//1215 1113//1113
f 1213//1213 1113//1113 1112//1112 1118//1118
f 1215//1215 1214//1214 1034//1034 1216//1216
f 1215//1215 1216//1216 1217//1217 1109//1109
f 1215//1215 1109//1109 1108//1108 1113//1113
f 1217//1217 1216//1216 1218//1218 1219//1219
f 1217//1217 1219//1219 1220//1220 1104//1104
f 1217//1217 1104//1104 1103//1103 1109//1109
f 1220//1220 1219//1219 1221//1221 1222//1222
f 1220//1220 1222//1222 1223//1223 1099//1099
f 1220//1220 1099//1099 1098//1098 1104//1104
f 1223//1223 1222//1222 1224//1224 1225//1225
f 1223//1223 1225//1225 1226//1226 1094//1094
f 1223//1223 1094//1094 1093//1093 1099//1099
f 1226//1226 1225//1225 1227//1227 1228//1228
f 1226//1226 1228//1228 1229//1229 1089//1089
f 1226//1226 1089//1089 1088//1088 1094//1094
f 1229//1229 1228//1228 1040//1040 1044//1044
f 1229//1229 1044//1044 1067//1067 1086//1086
f 1229//1229 1086//1086 1085//1085 1089//1089
f 1228//1228 1227//1227 1041//1041 1040//1040
f 1227//1227 1230//1230 1231//1231 1041//1041
f 1227//1227 1225//1225 1224//1224 1230//1230
f 1231//1231 1230//1230 1232//1232 1233//1233
f 1231//1231 1233//1233 1234//1234 1235//1235
f 1231//1231 1235//1235 1042//1042 1041//1041
f 1235//1235 1234//1234 1236//1236 1237//1237
f 1235//1235 1237//1237 1045//1045 1042//1042
f 1237//1237 1236//1236 1199//1199 1238//1238
f 1237//1237 1238//1238 1069//1069 1045//1045
f 1238//1238 1199//1199 1197//1197 1072//1072
f 1238//1238 1072//1072 1070//1070 1069//1069
f 1236//1236 1234//1234 1239//1239 1202//1202
f 1236//1236 1202//1202 1200//1200 1199//1199
f 1239//1239 1234//1234 1233//1233 1240//1240
f 1239//1239 1240//1240 1241//1241 1205//1205
f 1239//1239 1205//1205 1203//1203 1202//1202
f 1241//1241 1240//1240 1242//1242 1243//1243
f 1241//1241 1243//1243 1244//1244 1208//1208
f 1241//1241 1208//1208 1206//1206 1205//1205
f 1244//1244 1243//1243 1245//1245 1037//1037
f 1244//1244 1037//1037 1036//1036 1211//1211
f 1244//1244 1211//1211 1209//1209 1208//1208
f 1245//1245 1246//1246 1247//1247 1035//1035
f 1245//1245 1035//1035 1032//1032 1037//1037
f 1245//1245 1243//1243 1242//1242 1246//1246
f 1247//1247 1221//1221 1219//1219 1218//1218
f 1247//1247 1218//1218 1033//1033 1035//1035
f 1247//1247 1246//1246 1248//1248 1221//1221
f 1248//1248 1224//1224 1222//1222 1221//1221
f 1248//1248 1246//1246 1242//1242 1232//1232
f 1248//1248 1232//1232 1230//1230 1224//1224
f 1242//1242 1240//1240 1233//1233 1232//1232
f 1218//1218 1216//1216 1034//1034 1033//1033
f 1214//1214 1038//1038 1030//1030 1034//1034
f 1212//1212 1211//1211 1036//1036 1038//1038
f 1140//1140 1139//1139 1193//1193 1025//1025
f 1114//1114 1110//1110 1048//1048 1047//1047
f 1106//1106 1105//1105 1049//1049 1048//1048
f 1086//1086 1067//1067 1063//1063 1062//1062
f 1069//1069 1068//1068 1043//1043 1045//1045
f 1068//1068 1067//1067 1044//1044 1043//1043
f 1022//1022 1028//1028 1187//1187 1023//1023
f 1022//1022 1025//1025 1193//1193 1026//1026
f 1249//1249 1250//1250 1251//1251 1252//1252
f 1249//1249 1252//1252 1253//1253 1254//1254
f 1255//1255 1256//1256 1257//1257 1258//1258
f 1255//1255 1258//1258 1259//1259 1260//1260
f 1255//1255 1260//1260 1261//1261 1256//1256
f 1262//1262 1263//1263 1264//1264 1265//1265
f 1262//1262 1266//1266 1267//1267 1263//1263
f 1262//1262 1265//1265 1268//1268 1266//1266
f 1269//1269 1270//1270 1271//1271 1272//1272
f 1269//1269 1273//1273 1274//1274 1270//1270
f 1269//1269 1272//1272 1275//1275 1273//1273
f 1276//1276 1277//1277 1278//1278 1279//1279
f 1276//1276 1279//1279 1280//1280 1281//1281
f 1276//1276 1281//1281 1282//1282 1277//1277
f 1283//1283 1284//1284 1285//1285 1286//1286
f 1283//1283 1287//1287 1288//1288 1284//1284
f 1283//1283 1286//1286 1289//1289 1287//1287
f 1252//1252 1290//1290 1291//1291 1253//1253
f 1252//1252 1251//1251 1292//1292 1290//1290
f 1293//1293 1294//1294 1295//1295 1296//1296
f 1293//1293 1296//1296 1297//1297 1298//1298
f 1293//1293 1298//1298 1299//1299 1294//1294
f 1299//1299 1298//1298 1300//1300 1301//1301
f 1299//1299 1301//1301 1302//1302 1303//1303
f 1299//1299 1303//1303 1304//1304 1294//1294
f 1304//1304 1303//1303 1305//1305 1306//1306
f 1304//1304 1306//1306 1307//1307 1308//1308
f 1304//1304 1308//1308 1295//1295 1294//1294
f 1308//1308 1307//1307 1309//1309 1310//1310
f 1308//1308 1310//1310 1311//1311 1295//1295
f 1311//1311 1312//1312 1296//1296 1295//1295
f 1311//1311 1310//1310 1313//1313 1314//1314
f 1311//1311 1314//1314 1315//1315 1312//1312
f 1315//1315 1316//1316 1317//1317 1312//1312
f 1315//1315 1314//1314 1318//1318 1319//1319
f 1315//1315 1319//1319 1320//1320 1316//1316
f 1320//1320 1321//1321 1322//1322 1316//1316
f 1320//1320 1319//1319 1323//1323 1324//1324
f 1320//1320 1324//1324 1325//1325 1321//1321
f 1325//1325 1326//1326 1327//1327 1321//1321
f 1325//1325 1324//1324 1328//1328 1329//1329
f 1325//1325 1329//1329 1275//1275 1326//1326
f 1329//1329 1328//1328 1330//1330 1331//1331
f 1329//1329 1331//1331 1273//1273 1275//1275
f 1331//1331 1330//1330 1332//1332 1333//1333
f 1331//1331 1333//1333 1274//1274 1273//1273
f 1333//1333 1332//1332 1334//1334 1335//1335
f 1333//1333 1335//1335 1336//1336 1274//1274
f 1336//1336 1335//1335 1337//1337 1338//1338
f 1336//1336 1338//1338 1339//1339 1340//1340
f 1336//1336 1340//1340 1270//1270 1274//1274
f 1340//1340 1339//1339 1341//1341 1342//1342
f 1340//1340 1342//1342 1271//1271 1270//1270
f 1342//1342 1341//1341 1343//1343 1344//1344
f 1342//1342 1344//1344 1345//1345 1271//1271
f 1345//1345 1344//1344 1346//1346 1347//1347
f 1345//1345 1347//1347 1348//1348 1349//1349
f 1345//1345 1349//1349 1272//1272 1271//1271
f 1349//1349 1348//1348 1327//1327 1326//1326
f 1349//1349 1326//1326 1275//1275 1272//1272
f 1348//1348 1347//1347 1350//1350 1351//1351
f 1348//1348 1351//1351 1352//1352 1327//1327
f 1352//1352 1351//1351 1353//1353 1354//1354
f 1352//1352 1354//1354 1355//1355 1322//1322
f 1352//1352 1322//1322 1321//1321 1327//1327
f 1355//1355 1354//1354 1356//1356 1357//1357
f 1355//1355 1357//1357 1297//1297 1317//1317
f 1355//1355 1317//1317 1316//1316 1322//1322
f 1357//1357 1356//1356 1358//1358 1300//1300
f 1357//1357 1300//1300 1298//1298 1297//1297
f 1358//1358 1281//1281 1280//1280 1359//1359
f 1358//1358 1359//1359 1301//1301 1300//1300
f 1358//1358 1356//1356 1282//1282 1281//1281
f 1359//1359 1280//1280 1360//1360 1361//1361
f 1359//1359 1361//1361 1302//1302 1301//1301
f 1361//1361 1360//1360 1362//1362 1363//1363
f 1361//1361 1363//1363 1364//1364 1302//1302
f 1364//1364 1305//1305 1303//1303 1302//1302
f 1364//1364 1363//1363 1365//1365 1366//1366
f 1364//1364 1366//1366 1288//1288 1305//1305
f 1366//1366 1365//1365 1367//1367 1368//1368
f 1366//1366 1368//1368 1284//1284 1288//1288
f 1368//1368 1367//1367 1369//1369 1370//1370
f 1368//1368 1370//1370 1285//1285 1284//1284
f 1370//1370 1369//1369 1371//1371 1372//1372
f 1370//1370 1372//1372 1373//1373 1285//1285
f 1373//1373 1374//1374 1286//1286 1285//1285
f 1373//1373 1372//1372 1375//1375 1376//1376
f 1373//1373 1376//1376 1377//1377 1374//1374
f 1377//1377 1378//1378 1379//1379 1374//1374
f 1377//1377 1376//1376 1380//1380 1381//1381
f 1377//1377 1381//1381 1382//1382 1378//1378
f 1382//1382 1383//1383 1384//1384 1378//1378
f 1382//1382 1381//1381 1385//1385 1386//1386
f 1382//1382 1386//1386 1387//1387 1383//1383
f 1387//1387 1388//1388 1389//1389 1383//1383
f 1387//1387 1386//1386 1390//1390 1391//1391
f 1387//1387 1391//1391 1392//1392 1388//1388
f 1392//1392 1393//1393 1394//1394 1388//1388
f 1392//1392 1391//1391 1290//1290 1292//1292
f 1392//1392 1292//1292 1395//1395 1393//1393
f 1395//1395 1396//1396 1397//1397 1393//1393
f 1395//1395 1292//1292 1251//1251 1398//1398
f 1395//1395 1398//1398 1399//1399 1396//1396
f 1399//1399 1332//1332 1330//1330 1396//1396
f 1399//1399 1398//1398 1400//1400 1401//1401
f 1399//1399 1401//1401 1334//1334 1332//1332
f 1401//1401 1400//1400 1402//1402 1403//1403
f 1401//1401 1403//1403 1404//1404 1334//1334
f 1404//1404 1403//1403 1405//1405 1406//1406
f 1404//1404 1406//1406 1407//1407 1337//1337
f 1404//1404 1337//1337 1335//1335 1334//1334
f 1407//1407 1406//1406 1408//1408 1409//1409
f 1407//1407 1409//1409 1410//1410 1411//1411
f 1407//1407 1411//1411 1338//1338 1337//1337
f 1411//1411 1410//1410 1412//1412 1413//1413
f 1411//1411 1413//1413 1339//1339 1338//1338
f 1413//1413 1412//1412 1414//1414 1415//1415
f 1413//1413 1415//1415 1341//1341 1339//1339
f 1415//1415 1414//1414 1416//1416 1417//1417
f 1415//1415 1417//1417 1343//1343 1341//1341
f 1417//1417 1416//1416 1418//1418 1419//1419
f 1417//1417 1419//1419 1420//1420 1343//1343
f 1420//1420 1419//1419 1421//1421 1422//1422
f 1420//1420 1422//1422 1423//1423 1346//1346
f 1420//1420 1346//1346 1344//1344 1343//1343
f 1423//1423 1422//1422 1424//1424 1425//1425
f 1423//1423 1425//1425 1426//1426 1350//1350
f 1423//1423 1350//1350 1347//1347 1346//1346
f 1426//1426 1425//1425 1278//1278 1277//1277
f 1426//1426 1277//1277 1282//1282 1353//1353
f 1426//1426 1353//1353 1351//1351 1350//1350
f 1425//1425 1424//1424 1427//1427 1278//1278
f 1427//1427 1428//1428 1429//1429 1430//1430
f 1427//1427 1430//1430 1279//1279 1278//1278
f 1427//1427 1424//1424 1431//1431 1428//1428
f 1431//1431 1432//1432 1433//1433 1428//1428
f 1431//1431 1424//1424 1422//1422 1421//1421
f 1431//1431 1421//1421 1434//1434 1432//1432
f 1434//1434 1435//1435 1259//1259 1432//1432
f 1434//1434 1421//1421 1419//1419 1418//1418
f 1434//1434 1418//1418 1436//1436 1435//1435
f 1436//1436 1437//1437 1438//1438 1435//1435
f 1436//1436 1418//1418 1416//1416 1267//1267
f 1436//1436 1267//1267 1266//1266 1437//1437
f 1438//1438 1439//1439 1261//1261 1260//1260
f 1438//1438 1260//1260 1259//1259 1435//1435
f 1438//1438 1437//1437 1440//1440 1439//1439
f 1440//1440 1441//1441 1442//1442 1439//1439
f 1440//1440 1437//1437 1266//1266 1268//1268
f 1440//1440 1268//1268 1443//1443 1441//1441
f 1443//1443 1444//1444 1445//1445 1441//1441
f 1443//1443 1268//1268 1265//1265 1446//1446
f 1443//1443 1446//1446 1447//1447 1444//1444
f 1447//1447 1448//1448 1449//1449 1444//1444
f 1447//1447 1446//1446 1450//1450 1451//1451
f 1447//1447 1451//1451 1452//1452 1448//1448
f 1452//1452 1453//1453 1454//1454 1448//1448
f 1452//1452 1451//1451 1409//1409 1408//1408
f 1452//1452 1408//1408 1455//1455 1453//1453
f 1455//1455 1456//1456 1457//1457 1453//1453
f 1455//1455 1408//1408 1406//1406 1405//1405
f 1455//1455 1405//1405 1458//1458 1456//1456
f 1458//1458 1254//1254 1253//1253 1456//1456
f 1458//1458 1405//1405 1403//1403 1402//1402
f 1458//1458 1402//1402 1459//1459 1254//1254
f 1457//1457 1291//1291 1390//1390 1460//1460
f 1457//1457 1460//1460 1454//1454 1453//1453
f 1457//1457 1456//1456 1253//1253 1291//1291
f 1460//1460 1390//1390 1386//1386 1385//1385
f 1460//1460 1385//1385 1461//1461 1454//1454
f 1461//1461 1385//1385 1381//1381 1380//1380
f 1461//1461 1380//1380 1462//1462 1449//1449
f 1461//1461 1449//1449 1448//1448 1454//1454
f 1462//1462 1380//1380 1376//1376 1375//1375
f 1462//1462 1375//1375 1463//1463 1445//1445
f 1462//1462 1445//1445 1444//1444 1449//1449
f 1463//1463 1375//1375 1372//1372 1371//1371
f 1463//1463 1371//1371 1464//1464 1442//1442
f 1463//1463 1442//1442 1441//1441 1445//1445
f 1464//1464 1371//1371 1369//1369 1465//1465
f 1464//1464 1465//1465 1256//1256 1261//1261
f 1464//1464 1261//1261 1439//1439 1442//1442
f 1465//1465 1369//1369 1367//1367 1466//1466
f 1465//1465 1466//1466 1257//1257 1256//1256
f 1466//1466 1367//1367 1365//1365 1467//1467
f 1466//1466 1467//1467 1468//1468 1257//1257
f 1468//1468 1467//1467 1362//1362 1429//1429
f 1468//1468 1429//1429 1428//1428 1433//1433
f 1468//1468 1433//1433 1258//1258 1257//1257
f 1467//1467 1365//1365 1363//1363 1362//1362
f 1451//1451 1450//1450 1410//1410 1409//1409
f 1450//1450 1446//1446 1265//1265 1264//1264
f 1450//1450 1264//1264 1412//1412 1410//1410
f 1433//1433 1432//1432 1259//1259 1258//1258
f 1430//1430 1360//1360 1280//1280 1279//1279
f 1430//1430 1429//1429 1362//1362 1360//1360
f 1416//1416 1414//1414 1263//1263 1267//1267
f 1414//1414 1412//1412 1264//1264 1263//1263
f 1402//1402 1400//1400 1250//1250 1459//1459
f 1400//1400 1398//1398 1251//1251 1250//1250
f 1397//1397 1328//1328 1324//1324 1323//1323
f 1397//1397 1323//1323 1394//1394 1393//1393
f 1397//1397 1396//1396 1330//1330 1328//1328
f 1394//1394 1323//1323 1319//1319 1318//1318
f 1394//1394 1318//1318 1389//1389 1388//1388
f 1391//1391 1390//1390 1291//1291 1290//1290
f 1389//1389 1318//1318 1314//1314 1313//1313
f 1389//1389 1313//1313 1384//1384 1383//1383
f 1384//1384 1313//1313 1310//1310 1309//1309
f 1384//1384 1309//1309 1379//1379 1378//1378
f 1379//1379 1309//1309 1307//1307 1289//1289
f 1379//1379 1289//1289 1286//1286 1374//1374
f 1356//1356 1354//1354 1353//1353 1282//1282
f 1317//1317 1297//1297 1296//1296 1312//1312
f 1307//1307 1306//1306 1287//1287 1289//1289
f 1306//1306 1305//1305 1288//1288 1287//1287
f 1249//1249 1254//1254 1459//1459 1250//1250
f 1469//1469 1470//1470 1471//1471 1472//1472
f 1469//1469 1472//1472 1473//1473 1474//1474
f 1469//1469 1474//1474 1475//1475 1470//1470
f 1476//1476 1477//1477 1478//1478 1479//1479
f 1476//1476 1479//1479 1480//1480 1481//1481
f 1476//1476 1481//1481 1482//1482 1477//1477
f 1483//1483 1484//1484 1485//1485 1486//1486
f 1483//1483 1486//1486 1487//1487 1488//1488
f 1483//1483 1488//1488 1489//1489 1484//1484
f 1490//1490 1491//1491 1492//1492 1493//1493
f 1490//1490 1494//1494 1495//1495 1491//1491
f 1490//1490 1493//1493 1496//1496 1494//1494
f 1497//1497 1498//1498 1499//1499 1500//1500
f 1497//1497 1501//1501 1502//1502 1498//1498
f 1497//1497 1500//1500 1503//1503 1501//1501
f 1504//1504 1503//1503 1500//1500 1505//1505
f 1504//1504 1506//1506 1507//1507 1503//1503
f 1504//1504 1505//1505 1508//1508 1506//1506
f 1508//1508 1509//1509 1510//1510 1511//1511
f 1508//1508 1511//1511 1512//1512 1506//1506
f 1508//1508 1505//1505 1513//1513 1509//1509
f 1513//1513 1514//1514 1515//1515 1509//1509
f 1513//1513 1505//1505 1500//1500 1499//1499
f 1513//1513 1499//1499 1516//1516 1514//1514
f 1516//1516 1517//1517 1518//1518 1519//1519
f 1516//1516 1519//1519 1520//1520 1514//1514
f 1516//1516 1499//1499 1498//1498 1517//1517
f 1520//1520 1519//1519 1521//1521 1522//1522
f 1520//1520 1522//1522 1523//1523 1524//1524
f 1520//1520 1524//1524 1515//1515 1514//1514
f 1524//1524 1523//1523 1525//1525 1526//1526
f 1524//1524 1526//1526 1527//1527 1515//1515
f 1527//1527 1526//1526 1528//1528 1529//1529
f 1527//1527 1529//1529 1530//1530 1510//1510
f 1527//1527 1510//1510 1509//1509 1515//1515
f 1530//1530 1529//1529 1531//1531 1532//1532
f 1530//1530 1532//1532 1533//1533 1534//1534
f 1530//1530 1534//1534 1511//1511 1510//1510
f 1534//1534 1533//1533 1535//1535 1536//1536
f 1534//1534 1536//1536 1512//1512 1511//1511
f 1536//1536 1535//1535 1537//1537 1538//1538
f 1536//1536 1538//1538 1539//1539 1512//1512
f 1539//1539 1538//1538 1540//1540 1541//1541
f 1539//1539 1541//1541 1542//1542 1507//1507
f 1539//1539 1507//1507 1506//1506 1512//1512
f 1542//1542 1541//1541 1543//1543 1544//1544
f 1542//1542 1544//1544 1502//1502 1501//1501
f 1542//1542 1501//1501 1503//1503 1507//1507
f 1544//1544 1543//1543 1545//1545 1546//1546
f 1544//1544 1546//1546 1547//1547 1502//1502
f 1547//1547 1546//1546 1548//1548 1549//1549
f 1547//1547 1549//1549 1518//1518 1517//1517
f 1547//1547 1517//1517 1498//1498 1502//1502
f 1549//1549 1548//1548 1550//1550 1551//1551
f 1549//1549 1551//1551 1552//1552 1518//1518
f 1552//1552 1551//1551 1553//1553 1554//1554
f 1552//1552 1554//1554 1555//1555 1521//1521
f 1552//1552 1521//1521 1519//1519 1518//1518
f 1555//1555 1554//1554 1556//1556 1557//1557
f 1555//1555 1557//1557 1558//1558 1559//1559
f 1555//1555 1559//1559 1522//1522 1521//1521
f 1559//1559 1558//1558 1560//1560 1561//1561
f 1559//1559 1561//1561 1523//1523 1522//1522
f 1561//1561 1560//1560 1562//1562 1563//1563
f 1561//1561 1563//1563 1525//1525 1523//1523
f 1563//1563 1562//1562 1494//1494 1496//1496
f 1563//1563 1496//1496 1564//1564 1525//1525
f 1564//1564 1496//1496 1493//1493 1565//1565
f 1564//1564 1565//1565 1566//1566 1528//1528
f 1564//1564 1528//1528 1526//1526 1525//1525
f 1566//1566 1565//1565 1567//1567 1568//1568
f 1566//1566 1568//1568 1569//1569 1531//1531
f 1566//1566 1531//1531 1529//1529 1528//1528
f 1569//1569 1568//1568 1570//1570 1571//1571
f 1569//1569 1571//1571 1572//1572 1573//1573
f 1569//1569 1573//1573 1532//1532 1531//1531
f 1573//1573 1572//1572 1574//1574 1575//1575
f 1573//1573 1575//1575 1533//1533 1532//1532
f 1575//1575 1574//1574 1576//1576 1577//1577
f 1575//1575 1577//1577 1535//1535 1533//1533
f 1577//1577 1576//1576 1578//1578 1579//1579
f 1577//1577 1579//1579 1537//1537 1535//1535
f 1579//1579 1578//1578 1580//1580 1581//1581
f 1579//1579 1581//1581 1582//1582 1537//1537
f 1582//1582 1581//1581 1583//1583 1584//1584
f 1582//1582 1584//1584 1585//1585 1540//1540
f 1582//1582 1540//1540 1538//1538 1537//1537
f 1585//1585 1584//1584 1586//1586 1587//1587
f 1585//1585 1587//1587 1545//1545 1543//1543
f 1585//1585 1543//1543 1541//1541 1540//1540
f 1587//1587 1586//1586 1588//1588 1589//1589
f 1587//1587 1589//1589 1590//1590 1545//1545
f 1590//1590 1589//1589 1591//1591 1592//1592
f 1590//1590 1592//1592 1550//1550 1548//1548
f 1590//1590 1548//1548 1546//1546 1545//1545
f 1592//1592 1591//1591 1478//1478 1593//1593
f 1592//1592 1593//1593 1594//1594 1550//1550
f 1594//1594 1593//1593 1595//1595 1596//1596
f 1594//1594 1596//1596 1597//1597 1553//1553
f 1594//1594 1553//1553 1551//1551 1550//1550
f 1597//1597 1596//1596 1598//1598 1599//1599
f 1597//1597 1599//1599 1600//1600 1556//1556
f 1597//1597 1556//1556 1554//1554 1553//1553
f 1600//1600 1599//1599 1601//1601 1602//1602
f 1600//1600 1602//1602 1603//1603 1604//1604
f 1600//1600 1604//1604 1557//1557 1556//1556
f 1604//1604 1603//1603 1605//1605 1606//1606
f 1604//1604 1606//1606 1558//1558 1557//1557
f 1606//1606 1605//1605 1607//1607 1608//1608
f 1606//1606 1608//1608 1560//1560 1558//1558
f 1608//1608 1607//1607 1609//1609 1610//1610
f 1608//1608 1610//1610 1562//1562 1560//1560
f 1610//1610 1609//1609 1611//1611 1495//1495
f 1610//1610 1495//1495 1494//1494 1562//1562
f 1611//1611 1609//1609 1612//1612 1613//1613
f 1611//1611 1613//1613 1614//1614 1615//1615
f 1611//1611 1615//1615 1491//1491 1495//1495
f 1615//1615 1614//1614 1616//1616 1617//1617
f 1615//1615 1617//1617 1492//1492 1491//1491
f 1617//1617 1616//1616 1618//1618 1619//1619
f 1617//1617 1619//1619 1567//1567 1492//1492
f 1619//1619 1618//1618 1620//1620 1570//1570
f 1619//1619 1570//1570 1568//1568 1567//1567
f 1620//1620 1618//1618 1621//1621 1622//1622
f 1620//1620 1622//1622 1623//1623 1624//1624
f 1620//1620 1624//1624 1571//1571 1570//1570
f 1624//1624 1623//1623 1625//1625 1626//1626
f 1624//1624 1626//1626 1572//1572 1571//1571
f 1626//1626 1625//1625 1627//1627 1628//1628
f 1626//1626 1628//1628 1574//1574 1572//1572
f 1628//1628 1627//1627 1629//1629 1630//1630
f 1628//1628 1630//1630 1576//1576 1574//1574
f 1630//1630 1629//1629 1631//1631 1632//1632
f 1630//1630 1632//1632 1578//1578 1576//1576
f 1632//1632 1631//1631 1633//1633 1634//1634
f 1632//1632 1634//1634 1580//1580 1578//1578
f 1634//1634 1633//1633 1635//1635 1636//1636
f 1634//1634 1636//1636 1637//1637 1580//1580
f 1637//1637 1636//1636 1638//1638 1639//1639
f 1637//1637 1639//1639 1640//1640 1583//1583
f 1637//1637 1583//1583 1581//1581 1580//1580
f 1640//1640 1639//1639 1641//1641 1642//1642
f 1640//1640 1642//1642 1588//1588 1586//1586
f 1640//1640 1586//1586 1584//1584 1583//1583
f 1642//1642 1641//1641 1643//1643 1644//1644
f 1642//1642 1644//1644 1645//1645 1588//1588
f 1645//1645 1644//1644 1480//1480 1479//1479
f 1645//1645 1479//1479 1478//1478 1591//1591
f 1645//1645 1591//1591 1589//1589 1588//1588
f 1644//1644 1643//1643 1646//1646 1480//1480
f 1646//1646 1643//1643 1647//1647 1648//1648
f 1646//1646 1648//1648 1649//1649 1650//1650
f 1646//1646 1650//1650 1481//1481 1480//1480
f 1650//1650 1649//1649 1651//1651 1652//1652
f 1650//1650 1652//1652 1482//1482 1481//1481
f 1652//1652 1651//1651 1653//1653 1654//1654
f 1652//1652 1654//1654 1655//1655 1482//1482
f 1655//1655 1654//1654 1656//1656 1598//1598
f 1655//1655 1598//1598 1596//1596 1595//1595
f 1655//1655 1595//1595 1477//1477 1482//1482
f 1656//1656 1654//1654 1653//1653 1657//1657
f 1656//1656 1657//1657 1658//1658 1601//1601
f 1656//1656 1601//1601 1599//1599 1598//1598
f 1658//1658 1657//1657 1659//1659 1660//1660
f 1658//1658 1660//1660 1661//1661 1662//1662
f 1658//1658 1662//1662 1602//1602 1601//1601
f 1662//1662 1661//1661 1663//1663 1664//1664
f 1662//1662 1664//1664 1603//1603 1602//1602
f 1664//1664 1663//1663 1665//1665 1666//1666
f 1664//1664 1666//1666 1605//1605 1603//1603
f 1666//1666 1665//1665 1667//1667 1668//1668
f 1666//1666 1668//1668 1607//1607 1605//1605
f 1668//1668 1667//1667 1669//1669 1612//1612
f 1668//1668 1612//1612 1609//1609 1607//1607
f 1669//1669 1667//1667 1670//1670 1671//1671
f 1669//1669 1671//1671 1672//1672 1673//1673
f 1669//1669 1673//1673 1613//1613 1612//1612
f 1673//1673 1672//1672 1674//1674 1675//1675
f 1673//1673 1675//1675 1614//1614 1613//1613
f 1675//1675 1674//1674 1676//1676 1677//1677
f 1675//1675 1677//1677 1616//1616 1614//1614
f 1677//1677 1676//1676 1678//1678 1621//1621
f 1677//1677 1621//1621 1618//1618 1616//1616
f 1678//1678 1676//1676 1679//1679 1680//1680
f 1678//1678 1680//1680 1681//1681 1682//1682
f 1678//1678 1682//1682 1622//1622 1621//1621
f 1682//1682 1681//1681 1683//1683 1684//1684
f 1682//1682 1684//1684 1623//1623 1622//1622
f 1684//1684 1683//1683 1685//1685 1686//1686
f 1684//1684 1686//1686 1625//1625 1623//1623
f 1686//1686 1685//1685 1687//1687 1688//1688
f 1686//1686 1688//1688 1627//1627 1625//1625
f 1688//1688 1687//1687 1689//1689 1690//1690
f 1688//1688 1690//1690 1629//1629 1627//1627
f 1690//1690 1689//1689 1691//1691 1692//1692
f 1690//1690 1692//1692 1631//1631 1629//1629
f 1692//1692 1691//1691 1693//1693 1694//1694
f 1692//1692 1694//1694 1633//1633 1631//1631
f 1694//1694 1693//1693 1695//1695 1696//1696
f 1694//1694 1696//1696 1635//1635 1633//1633
f 1696//1696 1695//1695 1697//1697 1698//1698
f 1696//1696 1698//1698 1699//1699 1635//1635
f 1699//1699 1698//1698 1700//1700 1701//1701
f 1699//1699 1701//1701 1702//1702 1638//1638
f 1699//1699 1638//1638 1636//1636 1635//1635
f 1702//1702 1701//1701 1703//1703 1647//1647
f 1702//1702 1647//1647 1643//1643 1641//1641
f 1702//1702 1641//1641 1639//1639 1638//1638
f 1703//1703 1701//1701 1700//1700 1704//1704
f 1703//1703 1704//1704 1705//1705 1706//1706
f 1703//1703 1706//1706 1648//1648 1647//1647
f 1706//1706 1705//1705 1707//1707 1708//1708
f 1706//1706 1708//1708 1649//1649 1648//1648
f 1708//1708 1707//1707 1709//1709 1710//1710
f 1708//1708 1710//1710 1651//1651 1649//1649
f 1710//1710 1709//1709 1711//1711 1712//1712
f 1710//1710 1712//1712 1653//1653 1651//1651
f 1712//1712 1711//1711 1713//1713 1659//1659
f 1712//1712 1659//1659 1657//1657 1653//1653
f 1713//1713 1711//1711 1714//1714 1715//1715
f 1713//1713 1715//1715 1716//1716 1717//1717
f 1713//1713 1717//1717 1660//1660 1659//1659
f 1717//1717 1716//1716 1718//1718 1719//1719
f 1717//1717 1719//1719 1661//1661 1660//1660
f 1719//1719 1718//1718 1720//1720 1721//1721
f 1719//1719 1721//1721 1663//1663 1661//1661
f 1721//1721 1720//1720 1722//1722 1723//1723
f 1721//1721 1723//1723 1665//1665 1663//1663
f 1723//1723 1722//1722 1724//1724 1670//1670
f 1723//1723 1670//1670 1667//1667 1665//1665
f 1724//1724 1722//1722 1725//1725 1726//1726
f 1724//1724 1726//1726 1727//1727 1728//1728
f 1724//1724 1728//1728 1671//1671 1670//1670
f 1728//1728 1727//1727 1729//1729 1730//1730
f 1728//1728 1730//1730 1672//1672 1671//1671
f 1730//1730 1729//1729 1731//1731 1732//1732
f 1730//1730 1732//1732 1674//1674 1672//1672
f 1732//1732 1731//1731 1733//1733 1679//1679
f 1732//1732 1679//1679 1676//1676 1674//1674
f 1733//1733 1731//1731 1734//1734 1735//1735
f 1733//1733 1735//1735 1488//1488 1487//1487
f 1733//1733 1487//1487 1680//1680 1679//1679
f 1735//1735 1734//1734 1736//1736 1737//1737
f 1735//1735 1737//1737 1489//1489 1488//1488
f 1737//1737 1736//1736 1738//1738 1739//1739
f 1737//1737 1739//1739 1740//1740 1489//1489
f 1740//1740 1739//1739 1741//1741 1742//1742
f 1740//1740 1742//1742 1743//1743 1744//1744
f 1740//1740 1744//1744 1484//1484 1489//1489
f 1744//1744 1743//1743 1745//1745 1746//1746
f 1744//1744 1746//1746 1485//1485 1484//1484
f 1746//1746 1745//1745 1687//1687 1685//1685
f 1746//1746 1685//1685 1683//1683 1485//1485
f 1745//1745 1743//1743 1747//1747 1748//1748
f 1745//1745 1748//1748 1689//1689 1687//1687
f 1748//1748 1747//1747 1749//1749 1750//1750
f 1748//1748 1750//1750 1691//1691 1689//1689
f 1750//1750 1749//1749 1751//1751 1752//1752
f 1750//1750 1752//1752 1693//1693 1691//1691
f 1752//1752 1751//1751 1753//1753 1754//1754
f 1752//1752 1754//1754 1695//1695 1693//1693
f 1754//1754 1753//1753 1475//1475 1755//1755
f 1754//1754 1755//1755 1697//1697 1695//1695
f 1755//1755 1475//1475 1474//1474 1756//1756
f 1755//1755 1756//1756 1757//1757 1697//1697
f 1757//1757 1756//1756 1758//1758 1759//1759
f 1757//1757 1759//1759 1704//1704 1700//1700
f 1757//1757 1700//1700 1698//1698 1697//1697
f 1759//1759 1758//1758 1760//1760 1761//1761
f 1759//1759 1761//1761 1705//1705 1704//1704
f 1761//1761 1760//1760 1762//1762 1763//1763
f 1761//1761 1763//1763 1707//1707 1705//1705
f 1763//1763 1762//1762 1764//1764 1765//1765
f 1763//1763 1765//1765 1709//1709 1707//1707
f 1765//1765 1764//1764 1766//1766 1714//1714
f 1765//1765 1714//1714 1711//1711 1709//1709
f 1766//1766 1764//1764 1767//1767 1768//1768
f 1766//1766 1768//1768 1769//1769 1770//1770
f 1766//1766 1770//1770 1715//1715 1714//1714
f 1770//1770 1769//1769 1771//1771 1772//1772
f 1770//1770 1772//1772 1716//1716 1715//1715
f 1772//1772 1771//1771 1773//1773 1774//1774
f 1772//1772 1774//1774 1718//1718 1716//1716
f 1774//1774 1773//1773 1775//1775 1776//1776
f 1774//1774 1776//1776 1720//1720 1718//1718
f 1776//1776 1775//1775 1777//1777 1725//1725
f 1776//1776 1725//1725 1722//1722 1720//1720
f 1777//1777 1775//1775 1778//1778 1779//1779
f 1777//1777 1779//1779 1780//1780 1781//1781
f 1777//1777 1781//1781 1726//1726 1725//1725
f 1781//1781 1780//1780 1782//1782 1783//1783
f 1781//1781 1783//1783 1727//1727 1726//1726
f 1783//1783 1782//1782 1784//1784 1785//1785
f 1783//1783 1785//1785 1729//1729 1727//1727
f 1785//1785 1784//1784 1736//1736 1734//1734
f 1785//1785 1734//1734 1731//1731 1729//1729
f 1784//1784 1782//1782 1786//1786 1787//1787
f 1784//1784 1787//1787 1738//1738 1736//1736
f 1787//1787 1786//1786 1788//1788 1789//1789
f 1787//1787 1789//1789 1790//1790 1738//1738
f 1790//1790 1789//1789 1791//1791 1792//1792
f 1790//1790 1792//1792 1793//1793 1741//1741
f 1790//1790 1741//1741 1739//1739 1738//1738
f 1793//1793 1792//1792 1794//1794 1795//1795
f 1793//1793 1795//1795 1796//1796 1797//1797
f 1793//1793 1797//1797 1742//1742 1741//1741
f 1797//1797 1796//1796 1749//1749 1747//1747
f 1797//1797 1747//1747 1743//1743 1742//1742
f 1796//1796 1795//1795 1798//1798 1799//1799
f 1796//1796 1799//1799 1751//1751 1749//1749
f 1799//1799 1798//1798 1800//1800 1801//1801
f 1799//1799 1801//1801 1753//1753 1751//1751
f 1801//1801 1800//1800 1471//1471 1470//1470
f 1801//1801 1470//1470 1475//1475 1753//1753
f 1800//1800 1802//1802 1803//1803 1471//1471
f 1800//1800 1798//1798 1804//1804 1802//1802
f 1804//1804 1805//1805 1806//1806 1802//1802
f 1804//1804 1798//1798 1795//1795 1794//1794
f 1804//1804 1794//1794 1807//1807 1805//1805
f 1807//1807 1808//1808 1809//1809 1805//1805
f 1807//1807 1794//1794 1792//1792 1791//1791
f 1807//1807 1791//1791 1810//1810 1808//1808
f 1810//1810 1811//1811 1812//1812 1808//1808
f 1810//1810 1791//1791 1789//1789 1788//1788
f 1810//1810 1788//1788 1813//1813 1811//1811
f 1813//1813 1814//1814 1815//1815 1811//1811
f 1813//1813 1788//1788 1786//1786 1816//1816
f 1813//1813 1816//1816 1817//1817 1814//1814
f 1817//1817 1818//1818 1819//1819 1814//1814
f 1817//1817 1816//1816 1780//1780 1779//1779
f 1817//1817 1779//1779 1778//1778 1818//1818
f 1819//1819 1820//1820 1821//1821 1822//1822
f 1819//1819 1822//1822 1815//1815 1814//1814
f 1819//1819 1818//1818 1823//1823 1820//1820
f 1823//1823 1824//1824 1825//1825 1820//1820
f 1823//1823 1818//1818 1778//1778 1826//1826
f 1823//1823 1826//1826 1827//1827 1824//1824
f 1827//1827 1828//1828 1829//1829 1824//1824
f 1827//1827 1826//1826 1773//1773 1771//1771
f 1827//1827 1771//1771 1769//1769 1828//1828
f 1829//1829 1830//1830 1831//1831 1832//1832
f 1829//1829 1832//1832 1825//1825 1824//1824
f 1829//1829 1828//1828 1833//1833 1830//1830
f 1833//1833 1834//1834 1835//1835 1830//1830
f 1833//1833 1828//1828 1769//1769 1768//1768
f 1833//1833 1768//1768 1767//1767 1834//1834
f 1835//1835 1836//1836 1806//1806 1837//1837
f 1835//1835 1837//1837 1831//1831 1830//1830
f 1835//1835 1834//1834 1838//1838 1836//1836
f 1838//1838 1839//1839 1803//1803 1836//1836
f 1838//1838 1834//1834 1767//1767 1840//1840
f 1838//1838 1840//1840 1841//1841 1839//1839
f 1841//1841 1473//1473 1472//1472 1839//1839
f 1841//1841 1840//1840 1762//1762 1760//1760
f 1841//1841 1760//1760 1758//1758 1473//1473
f 1840//1840 1767//1767 1764//1764 1762//1762
f 1839//1839 1472//1472 1471//1471 1803//1803
f 1837//1837 1806//1806 1805//1805 1809//1809
f 1837//1837 1809//1809 1842//1842 1831//1831
f 1842//1842 1809//1809 1808//1808 1812//1812
f 1842//1842 1812//1812 1843//1843 1844//1844
f 1842//1842 1844//1844 1832//1832 1831//1831
f 1844//1844 1843//1843 1845//1845 1846//1846
f 1844//1844 1846//1846 1825//1825 1832//1832
f 1843//1843 1812//1812 1811//1811 1815//1815
f 1843//1843 1815//1815 1822//1822 1845//1845
f 1836//1836 1803//1803 1802//1802 1806//1806
f 1826//1826 1778//1778 1775//1775 1773//1773
f 1825//1825 1846//1846 1821//1821 1820//1820
f 1816//1816 1786//1786 1782//1782 1780//1780
f 1758//1758 1756//1756 1474//1474 1473//1473
f 1683//1683 1681//1681 1486//1486 1485//1485
f 1681//1681 1680//1680 1487//1487 1486//1486
f 1595//1595 1593//1593 1478//1478 1477//1477
f 1567//1567 1565//1565 1493//1493 1492//1492
f 1821//1821 1846//1846 1845//1845 1822//1822
f 1847//1847 1848//1848 1849//1849 1850//1850
f 1847//1847 1850//1850 1851//1851 1852//1852
f 1847//1847 1852//1852 1853//1853 1848//1848
f 1854//1854 1855//1855 1856//1856 1857//1857
f 1854//1854 1857//1857 1858//1858 1859//1859
f 1854//1854 1859//1859 1860//1860 1855//1855
f 1861//1861 1862//1862 1863//1863 1864//1864
f 1861//1861 1864//1864 1865//1865 1866//1866
f 1861//1861 1866//1866 1867//1867 1862//1862
f 1865//1865 1864//1864 1868//1868 1869//1869
f 1865//1865 1869//1869 1870//1870 1866//1866
f 1871//1871 1872//1872 1873//1873 1874//1874
f 1871//1871 1875//1875 1876//1876 1872//1872
f 1871//1871 1874//1874 1877//1877 1875//1875
f 1878//1878 1879//1879 1880//1880 1881//1881
f 1878//1878 1882//1882 1883//1883 1879//1879
f 1878//1878 1881//1881 1884//1884 1882//1882
f 1885//1885 1886//1886 1887//1887 1888//1888
f 1885//1885 1888//1888 1889//1889 1890//1890
f 1885//1885 1890//1890 1891//1891 1892//1892
f 1885//1885 1893//1893 1868//1868 1886//1886
f 1885//1885 1892//1892 1894//1894 1893//1893
f 1895//1895 1896//1896 1897//1897 1898//1898
f 1895//1895 1899//1899 1900//1900 1896//1896
f 1895//1895 1898//1898 1901//1901 1899//1899
f 1902//1902 1903//1903 1904//1904 1905//1905
f 1902//1902 1905//1905 1891//1891 1890//1890
f 1902//1902 1890//1890 1889//1889 1903//1903
f 1880//1880 1906//1906 1907//1907 1881//1881
f 1880//1880 1879//1879 1908//1908 1906//1906
f 1908//1908 1909//1909 1910//1910 1906//1906
f 1908//1908 1879//1879 1883//1883 1911//1911
f 1908//1908 1911//1911 1912//1912 1909//1909
f 1912//1912 1913//1913 1914//1914 1909//1909
f 1912//1912 1911//1911 1915//1915 1916//1916
f 1912//1912 1916//1916 1917//1917 1913//1913
f 1917//1917 1918//1918 1919//1919 1913//1913
f 1917//1917 1916//1916 1920//1920 1921//1921
f 1917//1917 1921//1921 1922//1922 1918//1918
f 1922//1922 1921//1921 1923//1923 1924//1924
f 1922//1922 1924//1924 1904//1904 1903//1903
f 1922//1922 1903//1903 1889//1889 1918//1918
f 1924//1924 1923//1923 1925//1925 1926//1926
f 1924//1924 1926//1926 1927//1927 1904//1904
f 1927//1927 1926//1926 1928//1928 1929//1929
f 1927//1927 1929//1929 1930//1930 1931//1931
f 1927//1927 1931//1931 1905//1905 1904//1904
f 1931//1931 1930//1930 1932//1932 1933//1933
f 1931//1931 1933//1933 1891//1891 1905//1905
f 1933//1933 1932//1932 1934//1934 1935//1935
f 1933//1933 1935//1935 1892//1892 1891//1891
f 1935//1935 1934//1934 1936//1936 1937//1937
f 1935//1935 1937//1937 1894//1894 1892//1892
f 1937//1937 1936//1936 1938//1938 1939//1939
f 1937//1937 1939//1939 1940//1940 1894//1894
f 1940//1940 1939//1939 1941//1941 1942//1942
f 1940//1940 1942//1942 1943//1943 1944//1944
f 1940//1940 1944//1944 1893//1893 1894//1894
f 1944//1944 1943//1943 1870//1870 1869//1869
f 1944//1944 1869//1869 1868//1868 1893//1893
f 1943//1943 1942//1942 1945//1945 1946//1946
f 1943//1943 1946//1946 1947//1947 1870//1870
f 1947//1947 1946//1946 1948//1948 1949//1949
f 1947//1947 1949//1949 1950//1950 1867//1867
f 1947//1947 1867//1867 1866//1866 1870//1870
f 1950//1950 1949//1949 1951//1951 1952//1952
f 1950//1950 1952//1952 1953//1953 1954//1954
f 1950//1950 1954//1954 1862//1862 1867//1867
f 1954//1954 1953//1953 1955//1955 1956//1956
f 1954//1954 1956//1956 1863//1863 1862//1862
f 1956//1956 1955//1955 1957//1957 1887//1887
f 1956//1956 1887//1887 1886//1886 1863//1863
f 1957//1957 1955//1955 1958//1958 1914//1914
f 1957//1957 1914//1914 1913//1913 1919//1919
f 1957//1957 1919//1919 1888//1888 1887//1887
f 1958//1958 1955//1955 1953//1953 1959//1959
f 1958//1958 1959//1959 1960//1960 1910//1910
f 1958//1958 1910//1910 1909//1909 1914//1914
f 1960//1960 1959//1959 1961//1961 1962//1962
f 1960//1960 1962//1962 1963//1963 1907//1907
f 1960//1960 1907//1907 1906//1906 1910//1910
f 1963//1963 1962//1962 1964//1964 1965//1965
f 1963//1963 1965//1965 1966//1966 1884//1884
f 1963//1963 1884//1884 1881//1881 1907//1907
f 1966//1966 1965//1965 1967//1967 1968//1968
f 1966//1966 1968//1968 1969//1969 1970//1970
f 1966//1966 1970//1970 1882//1882 1884//1884
f 1970//1970 1969//1969 1971//1971 1972//1972
f 1970//1970 1972//1972 1883//1883 1882//1882
f 1972//1972 1971//1971 1973//1973 1915//1915
f 1972//1972 1915//1915 1911//1911 1883//1883
f 1973//1973 1971//1971 1974//1974 1975//1975
f 1973//1973 1975//1975 1976//1976 1920//1920
f 1973//1973 1920//1920 1916//1916 1915//1915
f 1976//1976 1975//1975 1977//1977 1978//1978
f 1976//1976 1978//1978 1925//1925 1923//1923
f 1976//1976 1923//1923 1921//1921 1920//1920
f 1978//1978 1977//1977 1979//1979 1980//1980
f 1978//1978 1980//1980 1981//1981 1925//1925
f 1981//1981 1980//1980 1982//1982 1983//1983
f 1981//1981 1983//1983 1877//1877 1928//1928
f 1981//1981 1928//1928 1926//1926 1925//1925
f 1983//1983 1982//1982 1860//1860 1984//1984
f 1983//1983 1984//1984 1875//1875 1877//1877
f 1984//1984 1860//1860 1859//1859 1985//1985
f 1984//1984 1985//1985 1876//1876 1875//1875
f 1985//1985 1859//1859 1858//1858 1986//1986
f 1985//1985 1986//1986 1987//1987 1876//1876
f 1987//1987 1986//1986 1988//1988 1989//1989
f 1987//1987 1989//1989 1990//1990 1991//1991
f 1987//1987 1991//1991 1872//1872 1876//1876
f 1991//1991 1990//1990 1992//1992 1993//1993
f 1991//1991 1993//1993 1873//1873 1872//1872
f 1993//1993 1992//1992 1934//1934 1932//1932
f 1993//1993 1932//1932 1930//1930 1873//1873
f 1992//1992 1990//1990 1994//1994 1995//1995
f 1992//1992 1995//1995 1936//1936 1934//1934
f 1995//1995 1994//1994 1996//1996 1997//1997
f 1995//1995 1997//1997 1938//1938 1936//1936
f 1997//1997 1996//1996 1998//1998 1999//1999
f 1997//1997 1999//1999 2000//2000 1938//1938
f 2000//2000 1999//1999 1853//1853 2001//2001
f 2000//2000 2001//2001 2002//2002 1941//1941
f 2000//2000 1941//1941 1939//1939 1938//1938
f 2002//2002 2001//2001 2003//2003 2004//2004
f 2002//2002 2004//2004 2005//2005 1945//1945
f 2002//2002 1945//1945 1942//1942 1941//1941
f 2005//2005 2004//2004 2006//2006 2007//2007
f 2005//2005 2007//2007 2008//2008 1948//1948
f 2005//2005 1948//1948 1946//1946 1945//1945
f 2008//2008 2007//2007 2009//2009 2010//2010
f 2008//2008 2010//2010 2011//2011 1951//1951
f 2008//2008 1951//1951 1949//1949 1948//1948
f 2011//2011 2010//2010 2012//2012 1964//1964
f 2011//2011 1964//1964 1962//1962 1961//1961
f 2011//2011 1961//1961 1952//1952 1951//1951
f 2012//2012 2010//2010 2009//2009 2013//2013
f 2012//2012 2013//2013 2014//2014 1967//1967
f 2012//2012 1967//1967 1965//1965 1964//1964
f 2014//2014 2013//2013 2015//2015 2016//2016
f 2014//2014 2016//2016 2017//2017 2018//2018
f 2014//2014 2018//2018 1968//1968 1967//1967
f 2018//2018 2017//2017 2019//2019 2020//2020
f 2018//2018 2020//2020 1969//1969 1968//1968
f 2020//2020 2019//2019 2021//2021 1974//1974
f 2020//2020 1974//1974 1971//1971 1969//1969
f 2021//2021 2019//2019 2022//2022 2023//2023
f 2021//2021 2023//2023 1979//1979 1977//1977
f 2021//2021 1977//1977 1975//1975 1974//1974
f 2023//2023 2022//2022 2024//2024 2025//2025
f 2023//2023 2025//2025 2026//2026 1979//1979
f 2026//2026 2025//2025 1856//1856 1855//1855
f 2026//2026 1855//1855 1860//1860 1982//1982
f 2026//2026 1982//1982 1980//1980 1979//1979
f 2025//2025 2024//2024 2027//2027 1856//1856
f 2027//2027 2028//2028 2029//2029 2030//2030
f 2027//2027 2030//2030 1857//1857 1856//1856
f 2027//2027 2024//2024 2031//2031 2028//2028
f 2031//2031 2032//2032 2033//2033 2028//2028
f 2031//2031 2024//2024 2022//2022 2034//2034
f 2031//2031 2034//2034 2035//2035 2032//2032
f 2035//2035 2036//2036 2037//2037 2032//2032
f 2035//2035 2034//2034 2017//2017 2016//2016
f 2035//2035 2016//2016 2015//2015 2036//2036
f 2037//2037 2038//2038 2039//2039 2040//2040
f 2037//2037 2040//2040 2033//2033 2032//2032
f 2037//2037 2036//2036 2041//2041 2038//2038
f 2041//2041 2042//2042 1851//1851 2038//2038
f 2041//2041 2036//2036 2015//2015 2043//2043
f 2041//2041 2043//2043 2006//2006 2042//2042
f 2043//2043 2015//2015 2013//2013 2009//2009
f 2043//2043 2009//2009 2007//2007 2006//2006
f 2042//2042 2003//2003 1852//1852 1851//1851
f 2042//2042 2006//2006 2004//2004 2003//2003
f 2040//2040 2039//2039 1900//1900 1899//1899
f 2040//2040 1899//1899 1901//1901 2033//2033
f 2039//2039 1850//1850 1849//1849 1900//1900
f 2039//2039 2038//2038 1851//1851 1850//1850
f 2034//2034 2022//2022 2019//2019 2017//2017
f 2033//2033 1901//1901 2029//2029 2028//2028
f 2030//2030 2029//2029 2044//2044 2045//2045
f 2030//2030 2045//2045 1858//1858 1857//1857
f 2045//2045 2044//2044 2046//2046 1988//1988
f 2045//2045 1988//1988 1986//1986 1858//1858
f 2046//2046 2044//2044 1898//1898 1897//1897
f 2046//2046 1897//1897 2047//2047 2048//2048
f 2046//2046 2048//2048 1989//1989 1988//1988
f 2048//2048 2047//2047 1996//1996 1994//1994
f 2048//2048 1994//1994 1990//1990 1989//1989
f 2047//2047 1897//1897 1896//1896 2049//2049
f 2047//2047 2049//2049 1998//1998 1996//1996
f 2049//2049 1896//1896 1900//1900 1849//1849
f 2049//2049 1849//1849 1848//1848 1998//1998
f 2044//2044 2029//2029 1901//1901 1898//1898
f 2003//2003 2001//2001 1853//1853 1852//1852
f 1999//1999 1998//1998 1848//1848 1853//1853
f 1961//1961 1959//1959 1953//1953 1952//1952
f 1930//1930 1929//1929 1874//1874 1873//1873
f 1929//1929 1928//1928 1877//1877 1874//1874
f 1919//1919 1918//1918 1889//1889 1888//1888
f 1886//1886 1868//1868 1864//1864 1863//1863
f 2050//2050 2051//2051 2052//2052 2053//2053
f 2050//2050 2053//2053 2054//2054 2055//2055
f 2050//2050 2055//2055 2056//2056 2051//2051
f 2056//2056 2057//2057 2058//2058 2051//2051
f 2056//2056 2055//2055 2059//2059 2057//2057
f 2060//2060 2061//2061 2062//2062 2063//2063
f 2060//2060 2063//2063 2064//2064 2065//2065
f 2060//2060 2065//2065 2066//2066 2061//2061
f 2067//2067 2068//2068 2069//2069 2070//2070
f 2067//2067 2070//2070 2071//2071 2072//2072
f 2067//2067 2072//2072 2073//2073 2068//2068
f 2074//2074 2075//2075 2076//2076 2077//2077
f 2074//2074 2077//2077 2078//2078 2079//2079
f 2074//2074 2079//2079 2080//2080 2075//2075
f 2071//2071 2081//2081 2082//2082 2072//2072
f 2071//2071 2070//2070 2083//2083 2081//2081
f 2084//2084 2066//2066 2065//2065 2085//2085
f 2084//2084 2086//2086 2087//2087 2066//2066
f 2084//2084 2085//2085 2088//2088 2086//2086
f 2089//2089 2090//2090 2091//2091 2092//2092
f 2089//2089 2093//2093 2094//2094 2090//2090
f 2089//2089 2092//2092 2095//2095 2093//2093
f 2096//2096 2097//2097 2098//2098 2099//2099
f 2096//2096 2100//2100 2101//2101 2097//2097
f 2096//2096 2099//2099 2102//2102 2103//2103
f 2096//2096 2103//2103 2104//2104 2105//2105
f 2096//2096 2105//2105 2106//2106 2100//2100
f 2102//2102 2099//2099 2073//2073 2107//2107
f 2102//2102 2107//2107 2108//2108 2103//2103
f 2108//2108 2107//2107 2082//2082 2109//2109
f 2108//2108 2109//2109 2110//2110 2111//2111
f 2108//2108 2111//2111 2104//2104 2103//2103
f 2111//2111 2110//2110 2112//2112 2113//2113
f 2111//2111 2113//2113 2114//2114 2104//2104
f 2114//2114 2113//2113 2115//2115 2116//2116
f 2114//2114 2116//2116 2117//2117 2118//2118
f 2114//2114 2118//2118 2105//2105 2104//2104
f 2118//2118 2117//2117 2119//2119 2120//2120
f 2118//2118 2120//2120 2106//2106 2105//2105
f 2120//2120 2119//2119 2121//2121 2122//2122
f 2120//2120 2122//2122 2123//2123 2106//2106
f 2123//2123 2122//2122 2124//2124 2125//2125
f 2123//2123 2125//2125 2126//2126 2127//2127
f 2123//2123 2127//2127 2100//2100 2106//2106
f 2127//2127 2126//2126 2128//2128 2129//2129
f 2127//2127 2129//2129 2101//2101 2100//2100
f 2129//2129 2128//2128 2130//2130 2131//2131
f 2129//2129 2131//2131 2132//2132 2101//2101
f 2132//2132 2131//2131 2133//2133 2134//2134
f 2132//2132 2134//2134 2135//2135 2136//2136
f 2132//2132 2136//2136 2097//2097 2101//2101
f 2136//2136 2135//2135 2137//2137 2138//2138
f 2136//2136 2138//2138 2098//2098 2097//2097
f 2138//2138 2137//2137 2139//2139 2069//2069
f 2138//2138 2069//2069 2068//2068 2098//2098
f 2139//2139 2137//2137 2140//2140 2141//2141
f 2139//2139 2141//2141 2142//2142 2083//2083
f 2139//2139 2083//2083 2070//2070 2069//2069
f 2142//2142 2141//2141 2143//2143 2144//2144
f 2142//2142 2144//2144 2145//2145 2146//2146
f 2142//2142 2146//2146 2081//2081 2083//2083
f 2146//2146 2145//2145 2110//2110 2109//2109
f 2146//2146 2109//2109 2082//2082 2081//2081
f 2145//2145 2144//2144 2147//2147 2148//2148
f 2145//2145 2148//2148 2112//2112 2110//2110
f 2148//2148 2147//2147 2149//2149 2150//2150
f 2148//2148 2150//2150 2151//2151 2112//2112
f 2151//2151 2150//2150 2057//2057 2059//2059
f 2151//2151 2059//2059 2152//2152 2115//2115
f 2151//2151 2115//2115 2113//2113 2112//2112
f 2152//2152 2054//2054 2153//2153 2154//2154
f 2152//2152 2154//2154 2116//2116 2115//2115
f 2152//2152 2059//2059 2055//2055 2054//2054
f 2154//2154 2153//2153 2155//2155 2156//2156
f 2154//2154 2156//2156 2117//2117 2116//2116
f 2156//2156 2155//2155 2157//2157 2158//2158
f 2156//2156 2158//2158 2119//2119 2117//2117
f 2158//2158 2157//2157 2159//2159 2160//2160
f 2158//2158 2160//2160 2121//2121 2119//2119
f 2160//2160 2159//2159 2161//2161 2162//2162
f 2160//2160 2162//2162 2163//2163 2121//2121
f 2163//2163 2162//2162 2164//2164 2165//2165
f 2163//2163 2165//2165 2166//2166 2124//2124
f 2163//2163 2124//2124 2122//2122 2121//2121
f 2166//2166 2165//2165 2167//2167 2168//2168
f 2166//2166 2168//2168 2169//2169 2170//2170
f 2166//2166 2170//2170 2125//2125 2124//2124
f 2170//2170 2169//2169 2171//2171 2172//2172
f 2170//2170 2172//2172 2126//2126 2125//2125
f 2172//2172 2171//2171 2173//2173 2174//2174
f 2172//2172 2174//2174 2128//2128 2126//2126
f 2174//2174 2173//2173 2175//2175 2176//2176
f 2174//2174 2176//2176 2130//2130 2128//2128
f 2176//2176 2175//2175 2177//2177 2178//2178
f 2176//2176 2178//2178 2179//2179 2130//2130
f 2179//2179 2178//2178 2180//2180 2181//2181
f 2179//2179 2181//2181 2182//2182 2133//2133
f 2179//2179 2133//2133 2131//2131 2130//2130
f 2182//2182 2181//2181 2183//2183 2184//2184
f 2182//2182 2184//2184 2185//2185 2186//2186
f 2182//2182 2186//2186 2134//2134 2133//2133
f 2186//2186 2185//2185 2187//2187 2188//2188
f 2186//2186 2188//2188 2135//2135 2134//2134
f 2188//2188 2187//2187 2189//2189 2140//2140
f 2188//2188 2140//2140 2137//2137 2135//2135
f 2189//2189 2187//2187 2190//2190 2191//2191
f 2189//2189 2191//2191 2192//2192 2143//2143
f 2189//2189 2143//2143 2141//2141 2140//2140
f 2192//2192 2191//2191 2193//2193 2194//2194
f 2192//2192 2194//2194 2149//2149 2147//2147
f 2192//2192 2147//2147 2144//2144 2143//2143
f 2194//2194 2193//2193 2195//2195 2196//2196
f 2194//2194 2196//2196 2058//2058 2149//2149
f 2196//2196 2195//2195 2197//2197 2052//2052
f 2196//2196 2052//2052 2051//2051 2058//2058
f 2197//2197 2195//2195 2198//2198 2199//2199
f 2197//2197 2199//2199 2200//2200 2201//2201
f 2197//2197 2201//2201 2053//2053 2052//2052
f 2201//2201 2200//2200 2155//2155 2153//2153
f 2201//2201 2153//2153 2054//2054 2053//2053
f 2200//2200 2199//2199 2202//2202 2203//2203
f 2200//2200 2203//2203 2157//2157 2155//2155
f 2203//2203 2202//2202 2204//2204 2205//2205
f 2203//2203 2205//2205 2159//2159 2157//2157
f 2205//2205 2204//2204 2206//2206 2207//2207
f 2205//2205 2207//2207 2161//2161 2159//2159
f 2207//2207 2206//2206 2208//2208 2209//2209
f 2207//2207 2209//2209 2210//2210 2161//2161
f 2210//2210 2209//2209 2211//2211 2212//2212
f 2210//2210 2212//2212 2213//2213 2164//2164
f 2210//2210 2164//2164 2162//2162 2161//2161
f 2213//2213 2212//2212 2214//2214 2215//2215
f 2213//2213 2215//2215 2076//2076 2167//2167
f 2213//2213 2167//2167 2165//2165 2164//2164
f 2215//2215 2214//2214 2216//2216 2217//2217
f 2215//2215 2217//2217 2077//2077 2076//2076
f 2217//2217 2216//2216 2086//2086 2088//2088
f 2217//2217 2088//2088 2078//2078 2077//2077
f 2216//2216 2218//2218 2087//2087 2086//2086
f 2216//2216 2214//2214 2219//2219 2218//2218
f 2219//2219 2220//2220 2221//2221 2218//2218
f 2219//2219 2214//2214 2212//2212 2211//2211
f 2219//2219 2211//2211 2222//2222 2220//2220
f 2222//2222 2223//2223 2224//2224 2220//2220
f 2222//2222 2211//2211 2209//2209 2208//2208
f 2222//2222 2208//2208 2225//2225 2223//2223
f 2225//2225 2226//2226 2094//2094 2223//2223
f 2225//2225 2208//2208 2206//2206 2227//2227
f 2225//2225 2227//2227 2228//2228 2226//2226
f 2228//2228 2229//2229 2230//2230 2226//2226
f 2228//2228 2227//2227 2231//2231 2232//2232
f 2228//2228 2232//2232 2233//2233 2229//2229
f 2233//2233 2184//2184 2183//2183 2229//2229
f 2233//2233 2232//2232 2234//2234 2235//2235
f 2233//2233 2235//2235 2185//2185 2184//2184
f 2235//2235 2234//2234 2236//2236 2190//2190
f 2235//2235 2190//2190 2187//2187 2185//2185
f 2236//2236 2234//2234 2237//2237 2198//2198
f 2236//2236 2198//2198 2195//2195 2193//2193
f 2236//2236 2193//2193 2191//2191 2190//2190
f 2237//2237 2234//2234 2232//2232 2231//2231
f 2237//2237 2231//2231 2204//2204 2202//2202
f 2237//2237 2202//2202 2199//2199 2198//2198
f 2231//2231 2227//2227 2206//2206 2204//2204
f 2230//2230 2238//2238 2091//2091 2090//2090
f 2230//2230 2090//2090 2094//2094 2226//2226
f 2230//2230 2229//2229 2183//2183 2238//2238
f 2238//2238 2180//2180 2239//2239 2091//2091
f 2238//2238 2183//2183 2181//2181 2180//2180
f 2239//2239 2177//2177 2240//2240 2241//2241
f 2239//2239 2241//2241 2092//2092 2091//2091
f 2239//2239 2180//2180 2178//2178 2177//2177
f 2241//2241 2240//2240 2242//2242 2243//2243
f 2241//2241 2243//2243 2095//2095 2092//2092
f 2243//2243 2242//2242 2062//2062 2244//2244
f 2243//2243 2244//2244 2245//2245 2095//2095
f 2245//2245 2244//2244 2246//2246 2221//2221
f 2245//2245 2221//2221 2220//2220 2224//2224
f 2245//2245 2224//2224 2093//2093 2095//2095
f 2246//2246 2244//2244 2062//2062 2061//2061
f 2246//2246 2061//2061 2066//2066 2087//2087
f 2246//2246 2087//2087 2218//2218 2221//2221
f 2242//2242 2247//2247 2063//2063 2062//2062
f 2242//2242 2240//2240 2248//2248 2247//2247
f 2248//2248 2249//2249 2250//2250 2247//2247
f 2248//2248 2240//2240 2177//2177 2175//2175
f 2248//2248 2175//2175 2173//2173 2249//2249
f 2250//2250 2251//2251 2252//2252 2064//2064
f 2250//2250 2064//2064 2063//2063 2247//2247
f 2250//2250 2249//2249 2253//2253 2251//2251
f 2253//2253 2080//2080 2079//2079 2251//2251
f 2253//2253 2249//2249 2173//2173 2171//2171
f 2253//2253 2171//2171 2169//2169 2080//2080
f 2252//2252 2078//2078 2088//2088 2085//2085
f 2252//2252 2085//2085 2065//2065 2064//2064
f 2252//2252 2251//2251 2079//2079 2078//2078
f 2224//2224 2223//2223 2094//2094 2093//2093
f 2169//2169 2168//2168 2075//2075 2080//2080
f 2168//2168 2167//2167 2076//2076 2075//2075
f 2150//2150 2149//2149 2058//2058 2057//2057
f 2107//2107 2073//2073 2072//2072 2082//2082
f 2099//2099 2098//2098 2068//2068 2073//2073
f 2254//2254 2255//2255 2256//2256
f 2254//2254 2256//2256 2257//2257
f 2258//2258 2259//2259 2260//2260 2261//2261
f 2258//2258 2262//2262 2263//2263 2259//2259
f 2258//2258 2261//2261 2264//2264 2265//2265
f 2258//2258 2265//2265 2266//2266 2267//2267
f 2258//2258 2267//2267 2268//2268 2262//2262
f 2269//2269 2270//2270 2271//2271 2272//2272
f 2269//2269 2273//2273 2274//2274 2275//2275
f 2269//2269 2272//2272 2276//2276 2273//2273
f 2269//2269 2275//2275 2277//2277 2278//2278
f 2269//2269 2278//2278 2279//2279 2270//2270
f 2280//2280 2281//2281 2282//2282 2283//2283
f 2280//2280 2283//2283 2284//2284 2285//2285
f 2280//2280 2286//2286 2287//2287 2281//2281
f 2280//2280 2275//2275 2274//2274 2286//2286
f 2280//2280 2285//2285 2277//2277 2275//2275
f 2288//2288 2289//2289 2290//2290 2291//2291
f 2288//2288 2291//2291 2292//2292 2293//2293
f 2288//2288 2293//2293 2294//2294 2295//2295
f 2288//2288 2296//2296 2297//2297 2289//2289
f 2288//2288 2295//2295 2298//2298 2296//2296
f 2299//2299 2300//2300 2301//2301 2302//2302
f 2299//2299 2302//2302 2303//2303 2304//2304
f 2299//2299 2304//2304 2305//2305 2300//2300
f 2306//2306 2307//2307 2305//2305 2308//2308
f 2309//2309 2310//2310 2311//2311 2312//2312
f 2309//2309 2312//2312 2313//2313 2314//2314
f 2309//2309 2314//2314 2315//2315 2310//2310
f 2316//2316 2317//2317 2318//2318 2319//2319
f 2316//2316 2320//2320 2321//2321 2317//2317
f 2316//2316 2319//2319 2322//2322 2320//2320
f 2322//2322 2319//2319 2323//2323 2324//2324
f 2322//2322 2324//2324 2325//2325 2326//2326
f 2322//2322 2326//2326 2327//2327 2320//2320
f 2327//2327 2328//2328 2321//2321 2320//2320
f 2327//2327 2326//2326 2329//2329 2330//2330
f 2327//2327 2330//2330 2331//2331 2328//2328
f 2331//2331 2332//2332 2333//2333 2328//2328
f 2331//2331 2330//2330 2334//2334 2335//2335
f 2331//2331 2335//2335 2336//2336 2332//2332
f 2336//2336 2337//2337 2338//2338 2332//2332
f 2336//2336 2335//2335 2263//2263 2262//2262
f 2336//2336 2262//2262 2268//2268 2337//2337
f 2338//2338 2339//2339 2340//2340 2341//2341
f 2338//2338 2341//2341 2333//2333 2332//2332
f 2338//2338 2337//2337 2342//2342 2339//2339
f 2342//2342 2343//2343 2344//2344 2339//2339
f 2342//2342 2337//2337 2268//2268 2294//2294
f 2342//2342 2294//2294 2293//2293 2343//2343
f 2344//2344 2345//2345 2346//2346 2347//2347
f 2344//2344 2347//2347 2340//2340 2339//2339
f 2344//2344 2343//2343 2348//2348 2345//2345
f 2348//2348 2349//2349 2350//2350 2345//2345
f 2348//2348 2343//2343 2293//2293 2292//2292
f 2348//2348 2292//2292 2351//2351 2349//2349
f 2351//2351 2352//2352 2353//2353 2349//2349
f 2351//2351 2292//2292 2291//2291 2354//2354
f 2351//2351 2354//2354 2355//2355 2352//2352
f 2355//2355 2356//2356 2357//2357 2352//2352
f 2355//2355 2354//2354 2358//2358 2359//2359
f 2355//2355 2359//2359 2360//2360 2356//2356
f 2360//2360 2270//2270 2279//2279 2356//2356
f 2360//2360 2359//2359 2361//2361 2362//2362
f 2360//2360 2362//2362 2271//2271 2270//2270
f 2362//2362 2361//2361 2363//2363 2282//2282
f 2362//2362 2282//2282 2281//2281 2271//2271
f 2363//2363 2361//2361 2364//2364 2365//2365
f 2363//2363 2365//2365 2366//2366 2367//2367
f 2363//2363 2367//2367 2283//2283 2282//2282
f 2367//2367 2366//2366 2368//2368 2369//2369
f 2367//2367 2369//2369 2284//2284 2283//2283
f 2369//2369 2368//2368 2370//2370 2371//2371
f 2369//2369 2371//2371 2372//2372 2284//2284
f 2372//2372 2371//2371 2373//2373 2374//2374
f 2372//2372 2374//2374 2375//2375 2376//2376
f 2372//2372 2376//2376 2285//2285 2284//2284
f 2376//2376 2375//2375 2377//2377 2378//2378
f 2376//2376 2378//2378 2277//2277 2285//2285
f 2378//2378 2377//2377 2379//2379 2380//2380
f 2378//2378 2380//2380 2278//2278 2277//2277
f 2380//2380 2379//2379 2381//2381 2382//2382
f 2380//2380 2382//2382 2279//2279 2278//2278
f 2382//2382 2381//2381 2383//2383 2357//2357
f 2382//2382 2357//2357 2356//2356 2279//2279
f 2383//2383 2381//2381 2384//2384 2385//2385
f 2383//2383 2385//2385 2386//2386 2353//2353
f 2383//2383 2353//2353 2352//2352 2357//2357
f 2386//2386 2385//2385 2387//2387 2388//2388
f 2386//2386 2388//2388 2389//2389 2350//2350
f 2386//2386 2350//2350 2349//2349 2353//2353
f 2389//2389 2388//2388 2310//2310 2315//2315
f 2389//2389 2315//2315 2390//2390 2346//2346
f 2389//2389 2346//2346 2345//2345 2350//2350
f 2390//2390 2315//2315 2314//2314 2391//2391
f 2390//2390 2391//2391 2392//2392 2393//2393
f 2390//2390 2393//2393 2347//2347 2346//2346
f 2393//2393 2392//2392 2394//2394 2395//2395
f 2393//2393 2395//2395 2340//2340 2347//2347
f 2395//2395 2394//2394 2396//2396 2397//2397
f 2395//2395 2397//2397 2341//2341 2340//2340
f 2397//2397 2396//2396 2398//2398 2399//2399
f 2397//2397 2399//2399 2333//2333 2341//2341
f 2399//2399 2398//2398 2317//2317 2321//2321
f 2399//2399 2321//2321 2328//2328 2333//2333
f 2398//2398 2396//2396 2400//2400 2401//2401
f 2398//2398 2401//2401 2318//2318 2317//2317
f 2401//2401 2400//2400 2402//2402 2403//2403
f 2401//2401 2403//2403 2404//2404 2318//2318
f 2404//2404 2403//2403 2405//2405 2406//2406
f 2404//2404 2406//2406 2407//2407 2323//2323
f 2404//2404 2323//2323 2319//2319 2318//2318
f 2407//2407 2406//2406 2408//2408 2409//2409
f 2407//2407 2409//2409 2410//2410 2411//2411
f 2407//2407 2411//2411 2324//2324 2323//2323
f 2411//2411 2410//2410 2412//2412 2413//2413
f 2411//2411 2413//2413 2325//2325 2324//2324
f 2413//2413 2412//2412 2414//2414 2415//2415
f 2413//2413 2415//2415 2416//2416 2325//2325
f 2416//2416 2329//2329 2326//2326 2325//2325
f 2416//2416 2415//2415 2375//2375 2374//2374
f 2416//2416 2374//2374 2373//2373 2329//2329
f 2415//2415 2414//2414 2377//2377 2375//2375
f 2414//2414 2412//2412 2417//2417 2418//2418
f 2414//2414 2418//2418 2379//2379 2377//2377
f 2418//2418 2417//2417 2419//2419 2384//2384
f 2418//2418 2384//2384 2381//2381 2379//2379
f 2419//2419 2417//2417 2420//2420 2421//2421
f 2419//2419 2421//2421 2311//2311 2387//2387
f 2419//2419 2387//2387 2385//2385 2384//2384
f 2421//2421 2420//2420 2422//2422 2423//2423
f 2421//2421 2423//2423 2312//2312 2311//2311
f 2423//2423 2422//2422 2424//2424 2425//2425
f 2423//2423 2425//2425 2313//2313 2312//2312
f 2425//2425 2424//2424 2426//2426 2427//2427
f 2425//2425 2427//2427 2428//2428 2313//2313
f 2428//2428 2427//2427 2429//2429 2430//2430
f 2428//2428 2430//2430 2392//2392 2391//2391
f 2428//2428 2391//2391 2314//2314 2313//2313
f 2430//2430 2429//2429 2431//2431 2432//2432
f 2430//2430 2432//2432 2394//2394 2392//2392
f 2432//2432 2431//2431 2402//2402 2400//2400
f 2432//2432 2400//2400 2396//2396 2394//2394
f 2431//2431 2429//2429 2433//2433 2434//2434
f 2431//2431 2434//2434 2435//2435 2402//2402
f 2429//2429 2427//2427 2426//2426 2433//2433
f 2426//2426 2436//2436 2437//2437 2433//2433
f 2426//2426 2424//2424 2408//2408 2436//2436
f 2436//2436 2405//2405 2435//2435 2437//2437
f 2436//2436 2408//2408 2406//2406 2405//2405
f 2424//2424 2422//2422 2409//2409 2408//2408
f 2422//2422 2420//2420 2410//2410 2409//2409
f 2420//2420 2417//2417 2412//2412 2410//2410
f 2405//2405 2403//2403 2402//2402 2435//2435
f 2388//2388 2387//2387 2311//2311 2310//2310
f 2373//2373 2334//2334 2330//2330 2329//2329
f 2373//2373 2371//2371 2370//2370 2334//2334
f 2370//2370 2263//2263 2335//2335 2334//2334
f 2370//2370 2368//2368 2259//2259 2263//2263
f 2368//2368 2366//2366 2260//2260 2259//2259
f 2366//2366 2365//2365 2438//2438 2260//2260
f 2438//2438 2365//2365 2364//2364 2439//2439
f 2438//2438 2439//2439 2440//2440 2441//2441
f 2438//2438 2441//2441 2261//2261 2260//2260
f 2441//2441 2440//2440 2442//2442 2443//2443
f 2441//2441 2443//2443 2264//2264 2261//2261
f 2443//2443 2442//2442 2444//2444 2445//2445
f 2443//2443 2445//2445 2446//2446 2264//2264
f 2446//2446 2445//2445 2447//2447 2448//2448
f 2446//2446 2448//2448 2449//2449 2450//2450
f 2446//2446 2450//2450 2265//2265 2264//2264
f 2450//2450 2449//2449 2451//2451 2452//2452
f 2450//2450 2452//2452 2266//2266 2265//2265
f 2452//2452 2451//2451 2453//2453 2454//2454
f 2452//2452 2454//2454 2298//2298 2266//2266
f 2454//2454 2453//2453 2455//2455 2456//2456
f 2454//2454 2456//2456 2296//2296 2298//2298
f 2456//2456 2455//2455 2457//2457 2458//2458
f 2456//2456 2458//2458 2297//2297 2296//2296
f 2458//2458 2457//2457 2459//2459 2444//2444
f 2458//2458 2444//2444 2442//2442 2297//2297
f 2459//2459 2457//2457 2460//2460 2461//2461
f 2459//2459 2461//2461 2462//2462 2447//2447
f 2459//2459 2447//2447 2445//2445 2444//2444
f 2462//2462 2461//2461 2463//2463 2301//2301
f 2462//2462 2301//2301 2300//2300 2464//2464
f 2462//2462 2464//2464 2448//2448 2447//2447
f 2464//2464 2300//2300 2305//2305 2307//2307
f 2464//2464 2307//2307 2449//2449 2448//2448
f 2461//2461 2460//2460 2303//2303 2463//2463
f 2460//2460 2457//2457 2455//2455 2465//2465
f 2460//2460 2465//2465 2304//2304 2303//2303
f 2465//2465 2455//2455 2453//2453 2308//2308
f 2465//2465 2308//2308 2305//2305 2304//2304
f 2453//2453 2451//2451 2306//2306 2308//2308
f 2451//2451 2449//2449 2307//2307 2306//2306
f 2442//2442 2440//2440 2289//2289 2297//2297
f 2440//2440 2439//2439 2290//2290 2289//2289
f 2439//2439 2364//2364 2358//2358 2290//2290
f 2364//2364 2361//2361 2359//2359 2358//2358
f 2358//2358 2354//2354 2291//2291 2290//2290
f 2298//2298 2295//2295 2267//2267 2266//2266
f 2295//2295 2294//2294 2268//2268 2267//2267
f 2287//2287 2466//2466 2276//2276 2272//2272
f 2287//2287 2272//2272 2271//2271 2281//2281
f 2287//2287 2286//2286 2467//2467 2466//2466
f 2467//2467 2468//2468 2469//2469 2466//2466
f 2467//2467 2286//2286 2274//2274 2470//2470
f 2467//2467 2470//2470 2471//2471 2468//2468
f 2470//2470 2274//2274 2273//2273 2472//2472
f 2470//2470 2472//2472 2255//2255 2471//2471
f 2472//2472 2273//2273 2276//2276 2473//2473
f 2472//2472 2473//2473 2256//2256 2255//2255
f 2473//2473 2276//2276 2466//2466 2469//2469
f 2473//2473 2469//2469 2257//2257 2256//2256
f 2257//2257 2469//2469 2468//2468 2254//2254
f 2254//2254 2468//2468 2471//2471 2255//2255
f 2434//2434 2433//2433 2437//2437 2435//2435
f 2301//2301 2463//2463 2303//2303 2302//2302
