# Extracted from Open3DModel lower-limb.obj — Dorsal_digital_branches_of_superficial_fibular_nerve.r
# License: CC BY-SA 4.0 — AnatomyTOOL Open3D create
o Dorsal_digital_branches_of_superficial_fibular_nerve.r
v -0.123885 0.014666 0.125051
v -0.123932 0.014655 0.125039
v -0.123907 0.014657 0.125043
v -0.123953 0.014661 0.125039
v -0.123872 0.014680 0.125061
v -0.123964 0.014674 0.125044
v -0.123871 0.014695 0.125069
v -0.123962 0.014689 0.125053
v -0.123882 0.014707 0.125074
v -0.123949 0.014703 0.125062
v -0.123902 0.014714 0.125075
v -0.123927 0.014712 0.125070
v -0.113215 0.034047 0.056497
v -0.112862 0.034154 0.056498
v -0.113029 0.034070 0.056493
v -0.113370 0.034092 0.056510
v -0.112758 0.034276 0.056511
v -0.113452 0.034192 0.056527
v -0.112745 0.034405 0.056529
v -0.113439 0.034320 0.056545
v -0.112827 0.034505 0.056546
v -0.113335 0.034443 0.056558
v -0.112981 0.034549 0.056559
v -0.113167 0.034526 0.056563
v -0.131005 0.014046 0.111319
v -0.131052 0.014040 0.111298
v -0.131027 0.014039 0.111306
v -0.130992 0.014058 0.111334
v -0.131073 0.014047 0.111297
v -0.130992 0.014071 0.111345
v -0.131085 0.014060 0.111303
v -0.131004 0.014084 0.111351
v -0.131084 0.014073 0.111315
v -0.131025 0.014091 0.111350
v -0.131071 0.014085 0.111329
v -0.131050 0.014091 0.111342
v -0.113183 0.034557 0.055174
v -0.112755 0.034685 0.055223
v -0.112957 0.034586 0.055184
v -0.113372 0.034604 0.055193
v -0.112632 0.034827 0.055278
v -0.113475 0.034717 0.055238
v -0.112619 0.034974 0.055337
v -0.113462 0.034864 0.055297
v -0.112722 0.035087 0.055382
v -0.113339 0.035006 0.055352
v -0.112911 0.035135 0.055401
v -0.113137 0.035105 0.055391
v -0.134923 0.014473 0.108468
v -0.134952 0.014469 0.108466
v -0.134938 0.014467 0.108465
v -0.134910 0.014486 0.108475
v -0.134960 0.014479 0.108472
v -0.134902 0.014501 0.108483
v -0.134960 0.014493 0.108480
v -0.134902 0.014516 0.108491
v -0.134952 0.014509 0.108488
v -0.134910 0.014526 0.108497
v -0.134939 0.014522 0.108495
v -0.134924 0.014528 0.108498
v -0.125894 0.028944 0.047997
v -0.125653 0.028929 0.048025
v -0.125789 0.028901 0.048002
v -0.125522 0.029021 0.048060
v -0.125940 0.029047 0.048012
v -0.125431 0.029153 0.048098
v -0.125915 0.029183 0.048042
v -0.125406 0.029288 0.048128
v -0.125824 0.029314 0.048080
v -0.125452 0.029392 0.048143
v -0.125693 0.029407 0.048115
v -0.125557 0.029435 0.048138
v -0.142527 0.012304 0.093868
v -0.142545 0.012297 0.093853
v -0.142533 0.012298 0.093861
v -0.142561 0.012300 0.093849
v -0.142529 0.012313 0.093875
v -0.142575 0.012309 0.093848
v -0.142539 0.012323 0.093878
v -0.142585 0.012319 0.093851
v -0.142554 0.012331 0.093878
v -0.142587 0.012328 0.093858
v -0.142569 0.012335 0.093873
v -0.142581 0.012334 0.093866
v -0.124861 0.029853 0.045922
v -0.124583 0.029979 0.046085
v -0.124679 0.029879 0.046002
v -0.125080 0.029908 0.045868
v -0.124600 0.030126 0.046151
v -0.125278 0.030029 0.045854
v -0.124723 0.030280 0.046181
v -0.125402 0.030184 0.045884
v -0.124922 0.030401 0.046167
v -0.125418 0.030330 0.045950
v -0.125141 0.030456 0.046113
v -0.125323 0.030430 0.046034
v -0.106578 0.014010 0.131676
v -0.106623 0.014008 0.131670
v -0.106602 0.014005 0.131672
v -0.106557 0.014024 0.131682
v -0.106636 0.014020 0.131671
v -0.106546 0.014041 0.131687
v -0.106636 0.014037 0.131675
v -0.106547 0.014058 0.131691
v -0.106625 0.014054 0.131681
v -0.106560 0.014070 0.131693
v -0.106605 0.014068 0.131687
v -0.106581 0.014074 0.131691
v -0.100479 0.037380 0.066648
v -0.100178 0.037381 0.066692
v -0.100338 0.037356 0.066649
v -0.100044 0.037449 0.066764
v -0.100565 0.037447 0.066689
v -0.099970 0.037541 0.066847
v -0.100573 0.037538 0.066760
v -0.099977 0.037632 0.066918
v -0.100499 0.037630 0.066843
v -0.100064 0.037699 0.066958
v -0.100365 0.037697 0.066915
v -0.100205 0.037722 0.066957
v -0.121122 0.015528 0.126835
v -0.121150 0.015519 0.126815
v -0.121132 0.015519 0.126826
v -0.121171 0.015528 0.126807
v -0.121122 0.015544 0.126842
v -0.121189 0.015543 0.126803
v -0.121132 0.015562 0.126844
v -0.121200 0.015561 0.126805
v -0.121151 0.015577 0.126840
v -0.121200 0.015577 0.126811
v -0.121172 0.015586 0.126832
v -0.121190 0.015586 0.126821
v -0.100087 0.037420 0.066428
v -0.099806 0.037517 0.066573
v -0.099905 0.037436 0.066486
v -0.100303 0.037473 0.066415
v -0.099815 0.037640 0.066665
v -0.100494 0.037580 0.066450
v -0.099932 0.037774 0.066738
v -0.100610 0.037713 0.066523
v -0.100123 0.037881 0.066773
v -0.100620 0.037837 0.066615
v -0.100339 0.037934 0.066760
v -0.100521 0.037918 0.066702
v -0.081836 0.015651 0.130948
v -0.081872 0.015632 0.130933
v -0.081849 0.015634 0.130939
v -0.081898 0.015645 0.130931
v -0.081836 0.015679 0.130958
v -0.081921 0.015670 0.130934
v -0.081849 0.015710 0.130965
v -0.081934 0.015701 0.130941
v -0.081871 0.015736 0.130968
v -0.081933 0.015729 0.130951
v -0.081897 0.015749 0.130966
v -0.081920 0.015746 0.130960
v -0.066823 0.035336 0.076467
v -0.066383 0.035446 0.076323
v -0.066571 0.035333 0.076353
v -0.067069 0.035456 0.076632
v -0.066307 0.035646 0.076383
v -0.067244 0.035660 0.076805
v -0.066364 0.035880 0.076518
v -0.067301 0.035894 0.076940
v -0.066539 0.036084 0.076691
v -0.067225 0.036094 0.077000
v -0.066785 0.036204 0.076857
v -0.067036 0.036207 0.076970
v -0.067069 0.035456 0.076632
v -0.066707 0.035065 0.077493
v -0.066880 0.035266 0.077653
v -0.067244 0.035660 0.076805
v -0.066823 0.035336 0.076467
v -0.066464 0.034944 0.077343
v -0.066571 0.035333 0.076353
v -0.066216 0.034935 0.077244
v -0.066383 0.035446 0.076323
v -0.066030 0.035041 0.077222
v -0.066307 0.035646 0.076383
v -0.065955 0.035233 0.077284
v -0.066364 0.035880 0.076518
v -0.066012 0.035461 0.077412
v -0.066539 0.036084 0.076691
v -0.066185 0.035662 0.077572
v -0.066785 0.036204 0.076857
v -0.066428 0.035783 0.077722
v -0.067036 0.036207 0.076970
v -0.066675 0.035792 0.077821
v -0.067225 0.036094 0.077000
v -0.066862 0.035686 0.077843
v -0.067301 0.035894 0.076940
v -0.066937 0.035493 0.077781
v -0.066349 0.034610 0.078481
v -0.066518 0.034808 0.078631
v -0.066111 0.034489 0.078345
v -0.065867 0.034476 0.078259
v -0.065684 0.034575 0.078246
v -0.065610 0.034760 0.078309
v -0.065665 0.034980 0.078432
v -0.065835 0.035178 0.078582
v -0.066073 0.035299 0.078718
v -0.066316 0.035312 0.078804
v -0.066499 0.035213 0.078818
v -0.066573 0.035028 0.078754
v -0.066005 0.034090 0.079582
v -0.066170 0.034283 0.079723
v -0.065773 0.033970 0.079457
v -0.065535 0.033953 0.079382
v -0.065356 0.034045 0.079377
v -0.065283 0.034221 0.079443
v -0.065336 0.034434 0.079563
v -0.065501 0.034627 0.079704
v -0.065733 0.034748 0.079829
v -0.065971 0.034764 0.079904
v -0.066151 0.034672 0.079909
v -0.066223 0.034496 0.079843
v -0.065689 0.033501 0.080779
v -0.065848 0.033689 0.080913
v -0.065462 0.033382 0.080665
v -0.065231 0.033362 0.080600
v -0.065055 0.033447 0.080602
v -0.064984 0.033615 0.080672
v -0.065034 0.033820 0.080789
v -0.065194 0.034007 0.080922
v -0.065421 0.034127 0.081037
v -0.065652 0.034147 0.081101
v -0.065828 0.034061 0.081099
v -0.065899 0.033894 0.081030
v -0.065410 0.032841 0.082056
v -0.065565 0.033023 0.082184
v -0.065191 0.032723 0.081951
v -0.064965 0.032699 0.081896
v -0.064795 0.032778 0.081906
v -0.064724 0.032936 0.081979
v -0.064773 0.033133 0.082094
v -0.064927 0.033314 0.082222
v -0.065147 0.033433 0.082327
v -0.065372 0.033456 0.082382
v -0.065543 0.033378 0.082371
v -0.065613 0.033219 0.082299
v -0.065181 0.032106 0.083398
v -0.065330 0.032281 0.083520
v -0.064969 0.031989 0.083302
v -0.064751 0.031963 0.083256
v -0.064585 0.032034 0.083274
v -0.064516 0.032183 0.083350
v -0.064562 0.032370 0.083464
v -0.064712 0.032546 0.083585
v -0.064924 0.032663 0.083682
v -0.065142 0.032689 0.083727
v -0.065308 0.032618 0.083710
v -0.065377 0.032469 0.083634
v -0.065014 0.031293 0.084789
v -0.065157 0.031462 0.084905
v -0.064809 0.031178 0.084700
v -0.064598 0.031148 0.084664
v -0.064438 0.031212 0.084688
v -0.064371 0.031352 0.084768
v -0.064415 0.031530 0.084882
v -0.064559 0.031699 0.084998
v -0.064763 0.031814 0.085086
v -0.064974 0.031844 0.085123
v -0.065134 0.031780 0.085098
v -0.065201 0.031641 0.085018
v -0.064919 0.030399 0.086212
v -0.065057 0.030562 0.086323
v -0.064722 0.030286 0.086131
v -0.064520 0.030253 0.086103
v -0.064365 0.030309 0.086135
v -0.064300 0.030439 0.086219
v -0.064342 0.030608 0.086332
v -0.064480 0.030770 0.086443
v -0.064677 0.030884 0.086524
v -0.064880 0.030917 0.086552
v -0.065034 0.030861 0.086520
v -0.065099 0.030731 0.086436
v -0.064909 0.029422 0.087652
v -0.065042 0.029578 0.087759
v -0.064721 0.029311 0.087579
v -0.064526 0.029275 0.087559
v -0.064378 0.029323 0.087598
v -0.064316 0.029442 0.087685
v -0.064356 0.029601 0.087798
v -0.064489 0.029757 0.087905
v -0.064677 0.029868 0.087978
v -0.064872 0.029905 0.087998
v -0.065020 0.029857 0.087959
v -0.065082 0.029737 0.087872
v -0.064996 0.028359 0.089094
v -0.065122 0.028507 0.089197
v -0.064815 0.028250 0.089028
v -0.064630 0.028209 0.089016
v -0.064488 0.028249 0.089061
v -0.064429 0.028358 0.089152
v -0.064468 0.028507 0.089264
v -0.064595 0.028655 0.089367
v -0.064775 0.028765 0.089434
v -0.064961 0.028805 0.089446
v -0.065102 0.028765 0.089400
v -0.065161 0.028656 0.089309
v -0.065190 0.027205 0.090522
v -0.065311 0.027347 0.090621
v -0.065018 0.027098 0.090462
v -0.064842 0.027054 0.090457
v -0.064708 0.027085 0.090509
v -0.064652 0.027183 0.090603
v -0.064690 0.027322 0.090715
v -0.064811 0.027464 0.090814
v -0.064983 0.027571 0.090874
v -0.065160 0.027614 0.090879
v -0.065293 0.027583 0.090827
v -0.065349 0.027485 0.090733
v -0.065504 0.025953 0.091926
v -0.065618 0.026093 0.092014
v -0.065343 0.025844 0.091877
v -0.065177 0.025794 0.091881
v -0.065051 0.025819 0.091937
v -0.064999 0.025910 0.092030
v -0.065034 0.026043 0.092134
v -0.065148 0.026183 0.092223
v -0.065310 0.026293 0.092271
v -0.065476 0.026342 0.092267
v -0.065602 0.026318 0.092211
v -0.065654 0.026227 0.092119
v -0.065894 0.024977 0.093119
v -0.066002 0.025132 0.093188
v -0.065739 0.024853 0.093089
v -0.065576 0.024793 0.093106
v -0.065452 0.024814 0.093166
v -0.065398 0.024910 0.093253
v -0.065429 0.025055 0.093343
v -0.065537 0.025210 0.093413
v -0.065693 0.025334 0.093443
v -0.065855 0.025393 0.093426
v -0.065979 0.025373 0.093366
v -0.066034 0.025277 0.093279
v -0.066397 0.024231 0.094370
v -0.066495 0.024402 0.094415
v -0.066250 0.024093 0.094364
v -0.066094 0.024024 0.094396
v -0.065970 0.024043 0.094459
v -0.065911 0.024145 0.094535
v -0.065934 0.024303 0.094605
v -0.066032 0.024474 0.094649
v -0.066179 0.024612 0.094656
v -0.066335 0.024681 0.094624
v -0.066459 0.024662 0.094561
v -0.066517 0.024559 0.094484
v -0.066986 0.023691 0.095664
v -0.067074 0.023872 0.095685
v -0.066849 0.023543 0.095679
v -0.066699 0.023469 0.095724
v -0.066575 0.023488 0.095789
v -0.066513 0.023594 0.095856
v -0.066527 0.023760 0.095906
v -0.066614 0.023941 0.095927
v -0.066752 0.024088 0.095913
v -0.066902 0.024162 0.095867
v -0.067025 0.024144 0.095802
v -0.067088 0.024038 0.095736
v -0.067641 0.023326 0.096990
v -0.067719 0.023512 0.096991
v -0.067512 0.023173 0.097021
v -0.067367 0.023096 0.097078
v -0.067244 0.023114 0.097144
v -0.067177 0.023223 0.097202
v -0.067183 0.023394 0.097236
v -0.067261 0.023580 0.097238
v -0.067390 0.023733 0.097206
v -0.067536 0.023810 0.097149
v -0.067658 0.023792 0.097083
v -0.067726 0.023683 0.097025
v -0.068339 0.023106 0.098336
v -0.068409 0.023295 0.098322
v -0.068216 0.022951 0.098381
v -0.068075 0.022872 0.098446
v -0.067952 0.022890 0.098512
v -0.067881 0.023000 0.098563
v -0.067880 0.023173 0.098584
v -0.067951 0.023363 0.098570
v -0.068073 0.023518 0.098524
v -0.068214 0.023597 0.098460
v -0.068337 0.023578 0.098393
v -0.068408 0.023468 0.098343
v -0.069056 0.023000 0.099693
v -0.069121 0.023191 0.099667
v -0.068939 0.022844 0.099747
v -0.068800 0.022765 0.099817
v -0.068676 0.022783 0.099883
v -0.068602 0.022894 0.099927
v -0.068596 0.023068 0.099938
v -0.068660 0.023259 0.099913
v -0.068778 0.023415 0.099859
v -0.068917 0.023494 0.099789
v -0.069040 0.023476 0.099723
v -0.069115 0.023365 0.099679
v -0.069771 0.022979 0.101050
v -0.069832 0.023170 0.101017
v -0.069656 0.022823 0.101110
v -0.069518 0.022743 0.101182
v -0.069394 0.022761 0.101247
v -0.069317 0.022873 0.101286
v -0.069308 0.023047 0.101290
v -0.069368 0.023238 0.101258
v -0.069483 0.023394 0.101198
v -0.069621 0.023474 0.101126
v -0.069745 0.023456 0.101061
v -0.069822 0.023344 0.101022
v -0.070462 0.023012 0.102398
v -0.070521 0.023203 0.102362
v -0.070348 0.022856 0.102460
v -0.070209 0.022776 0.102531
v -0.070084 0.022794 0.102593
v -0.070004 0.022906 0.102629
v -0.069993 0.023080 0.102629
v -0.070052 0.023272 0.102593
v -0.070166 0.023428 0.102531
v -0.070304 0.023508 0.102459
v -0.070430 0.023489 0.102397
v -0.070509 0.023378 0.102361
v -0.071105 0.023070 0.103726
v -0.071165 0.023261 0.103690
v -0.070990 0.022913 0.103785
v -0.070850 0.022833 0.103854
v -0.070722 0.022851 0.103912
v -0.070641 0.022962 0.103945
v -0.070629 0.023137 0.103943
v -0.070688 0.023329 0.103908
v -0.070804 0.023485 0.103848
v -0.070944 0.023565 0.103780
v -0.071072 0.023547 0.103721
v -0.071152 0.023436 0.103689
v -0.071680 0.023121 0.105024
v -0.071742 0.023313 0.104993
v -0.071561 0.022964 0.105077
v -0.071418 0.022884 0.105138
v -0.071288 0.022902 0.105191
v -0.071206 0.023013 0.105222
v -0.071194 0.023188 0.105222
v -0.071256 0.023380 0.105192
v -0.071375 0.023537 0.105139
v -0.071518 0.023618 0.105078
v -0.071648 0.023600 0.105025
v -0.071730 0.023488 0.104994
v -0.072163 0.023136 0.106283
v -0.072229 0.023329 0.106263
v -0.072039 0.022979 0.106323
v -0.071891 0.022898 0.106372
v -0.071758 0.022916 0.106418
v -0.071676 0.023028 0.106448
v -0.071666 0.023203 0.106454
v -0.071732 0.023396 0.106435
v -0.071856 0.023553 0.106395
v -0.072004 0.023633 0.106345
v -0.072137 0.023615 0.106299
v -0.072219 0.023504 0.106269
v -0.072531 0.023085 0.107488
v -0.072601 0.023277 0.107482
v -0.072402 0.022928 0.107513
v -0.072250 0.022848 0.107550
v -0.072115 0.022867 0.107589
v -0.072033 0.022979 0.107621
v -0.072026 0.023154 0.107635
v -0.072096 0.023345 0.107629
v -0.072224 0.023502 0.107604
v -0.072377 0.023583 0.107567
v -0.072512 0.023564 0.107527
v -0.072594 0.023452 0.107496
v -0.072799 0.022984 0.108573
v -0.072868 0.023165 0.108576
v -0.072674 0.022836 0.108587
v -0.072528 0.022760 0.108616
v -0.072399 0.022778 0.108652
v -0.072322 0.022884 0.108685
v -0.072318 0.023049 0.108706
v -0.072387 0.023230 0.108710
v -0.072512 0.023378 0.108695
v -0.072658 0.023454 0.108666
v -0.072787 0.023436 0.108630
v -0.072864 0.023331 0.108597
v -0.073068 0.022841 0.109643
v -0.073135 0.023012 0.109653
v -0.072949 0.022702 0.109653
v -0.072810 0.022630 0.109678
v -0.072688 0.022647 0.109713
v -0.072616 0.022746 0.109748
v -0.072614 0.022902 0.109774
v -0.072681 0.023073 0.109783
v -0.072800 0.023212 0.109774
v -0.072939 0.023284 0.109749
v -0.073060 0.023267 0.109714
v -0.073132 0.023168 0.109679
v -0.073341 0.022658 0.110703
v -0.073406 0.022818 0.110717
v -0.073228 0.022527 0.110708
v -0.073097 0.022460 0.110731
v -0.072982 0.022475 0.110765
v -0.072916 0.022568 0.110802
v -0.072914 0.022714 0.110832
v -0.072979 0.022874 0.110846
v -0.073092 0.023005 0.110841
v -0.073224 0.023072 0.110818
v -0.073338 0.023057 0.110784
v -0.073405 0.022964 0.110747
v -0.073623 0.022435 0.111751
v -0.073685 0.022584 0.111769
v -0.073515 0.022312 0.111752
v -0.073392 0.022249 0.111773
v -0.073285 0.022263 0.111807
v -0.073223 0.022350 0.111846
v -0.073223 0.022487 0.111878
v -0.073285 0.022636 0.111896
v -0.073393 0.022759 0.111895
v -0.073516 0.022821 0.111874
v -0.073624 0.022807 0.111840
v -0.073685 0.022721 0.111801
v -0.073915 0.022174 0.112786
v -0.073975 0.022312 0.112807
v -0.073814 0.022059 0.112785
v -0.073698 0.022001 0.112804
v -0.073598 0.022013 0.112838
v -0.073542 0.022094 0.112877
v -0.073543 0.022220 0.112912
v -0.073602 0.022359 0.112933
v -0.073704 0.022473 0.112934
v -0.073820 0.022532 0.112915
v -0.073920 0.022519 0.112882
v -0.073976 0.022439 0.112842
v -0.074222 0.021875 0.113809
v -0.074278 0.022004 0.113831
v -0.074127 0.021769 0.113806
v -0.074019 0.021715 0.113823
v -0.073926 0.021726 0.113856
v -0.073875 0.021800 0.113897
v -0.073877 0.021917 0.113933
v -0.073934 0.022045 0.113956
v -0.074029 0.022151 0.113959
v -0.074137 0.022205 0.113942
v -0.074229 0.022194 0.113908
v -0.074281 0.022120 0.113868
v -0.074546 0.021541 0.114817
v -0.074599 0.021659 0.114841
v -0.074457 0.021443 0.114813
v -0.074357 0.021393 0.114829
v -0.074272 0.021402 0.114862
v -0.074225 0.021470 0.114903
v -0.074229 0.021577 0.114940
v -0.074282 0.021695 0.114964
v -0.074371 0.021793 0.114968
v -0.074471 0.021843 0.114952
v -0.074556 0.021833 0.114919
v -0.074603 0.021766 0.114878
v -0.074891 0.021171 0.115811
v -0.074941 0.021279 0.115835
v -0.074809 0.021082 0.115806
v -0.074717 0.021035 0.115822
v -0.074639 0.021043 0.115854
v -0.074597 0.021104 0.115894
v -0.074601 0.021202 0.115931
v -0.074651 0.021310 0.115956
v -0.074733 0.021399 0.115961
v -0.074825 0.021446 0.115945
v -0.074903 0.021438 0.115913
v -0.074945 0.021377 0.115873
v -0.075259 0.020768 0.116789
v -0.075306 0.020866 0.116814
v -0.075184 0.020687 0.116784
v -0.075100 0.020643 0.116799
v -0.075030 0.020650 0.116831
v -0.074992 0.020705 0.116870
v -0.074997 0.020793 0.116907
v -0.075044 0.020891 0.116931
v -0.075119 0.020972 0.116937
v -0.075203 0.021016 0.116922
v -0.075273 0.021009 0.116890
v -0.075311 0.020954 0.116851
v -0.075654 0.020332 0.117752
v -0.075697 0.020420 0.117776
v -0.075586 0.020259 0.117747
v -0.075510 0.020219 0.117761
v -0.075447 0.020224 0.117792
v -0.075414 0.020273 0.117830
v -0.075420 0.020352 0.117865
v -0.075462 0.020440 0.117889
v -0.075531 0.020514 0.117894
v -0.075607 0.020553 0.117880
v -0.075670 0.020548 0.117849
v -0.075703 0.020499 0.117811
v -0.076080 0.019865 0.118698
v -0.076119 0.019943 0.118720
v -0.076018 0.019799 0.118693
v -0.075951 0.019763 0.118707
v -0.075895 0.019767 0.118736
v -0.075866 0.019809 0.118772
v -0.075872 0.019879 0.118806
v -0.075911 0.019957 0.118828
v -0.075973 0.020023 0.118833
v -0.076040 0.020059 0.118819
v -0.076096 0.020056 0.118790
v -0.076125 0.020013 0.118754
v -0.076539 0.019367 0.119627
v -0.076573 0.019436 0.119646
v -0.076485 0.019307 0.119624
v -0.076426 0.019275 0.119637
v -0.076378 0.019277 0.119665
v -0.076353 0.019314 0.119698
v -0.076358 0.019376 0.119728
v -0.076392 0.019446 0.119748
v -0.076446 0.019505 0.119751
v -0.076505 0.019537 0.119737
v -0.076554 0.019535 0.119710
v -0.076579 0.019498 0.119677
v -0.076988 0.018935 0.120444
v -0.077019 0.019002 0.120460
v -0.076938 0.018877 0.120444
v -0.076883 0.018845 0.120459
v -0.076838 0.018847 0.120486
v -0.076814 0.018882 0.120518
v -0.076818 0.018942 0.120545
v -0.076849 0.019009 0.120561
v -0.076899 0.019067 0.120561
v -0.076954 0.019099 0.120545
v -0.077000 0.019097 0.120518
v -0.077023 0.019062 0.120487
v -0.077457 0.018567 0.121244
v -0.077484 0.018633 0.121256
v -0.077411 0.018510 0.121247
v -0.077360 0.018479 0.121264
v -0.077318 0.018480 0.121291
v -0.077294 0.018514 0.121319
v -0.077297 0.018572 0.121343
v -0.077325 0.018638 0.121355
v -0.077370 0.018694 0.121352
v -0.077421 0.018726 0.121335
v -0.077464 0.018724 0.121308
v -0.077487 0.018690 0.121280
v -0.077939 0.018251 0.122039
v -0.077964 0.018314 0.122048
v -0.077898 0.018196 0.122045
v -0.077850 0.018166 0.122062
v -0.077810 0.018167 0.122087
v -0.077787 0.018200 0.122114
v -0.077788 0.018255 0.122134
v -0.077813 0.018319 0.122142
v -0.077855 0.018373 0.122137
v -0.077902 0.018404 0.122120
v -0.077942 0.018402 0.122094
v -0.077965 0.018370 0.122068
v -0.078429 0.017974 0.122841
v -0.078451 0.018035 0.122847
v -0.078391 0.017922 0.122848
v -0.078347 0.017893 0.122865
v -0.078308 0.017894 0.122889
v -0.078286 0.017926 0.122912
v -0.078286 0.017979 0.122930
v -0.078309 0.018039 0.122936
v -0.078347 0.018091 0.122930
v -0.078391 0.018120 0.122912
v -0.078429 0.018119 0.122888
v -0.078451 0.018088 0.122865
v -0.078921 0.017724 0.123661
v -0.078941 0.017781 0.123666
v -0.078885 0.017675 0.123668
v -0.078844 0.017648 0.123685
v -0.078808 0.017649 0.123707
v -0.078786 0.017679 0.123728
v -0.078786 0.017729 0.123743
v -0.078806 0.017786 0.123748
v -0.078841 0.017835 0.123741
v -0.078883 0.017863 0.123725
v -0.078919 0.017861 0.123703
v -0.078940 0.017832 0.123681
v -0.079409 0.017488 0.124513
v -0.079427 0.017542 0.124517
v -0.079375 0.017443 0.124519
v -0.079336 0.017417 0.124534
v -0.079302 0.017419 0.124553
v -0.079281 0.017447 0.124572
v -0.079280 0.017494 0.124586
v -0.079299 0.017548 0.124590
v -0.079332 0.017593 0.124584
v -0.079371 0.017619 0.124569
v -0.079406 0.017618 0.124549
v -0.079426 0.017590 0.124530
v -0.079886 0.017254 0.125406
v -0.079904 0.017305 0.125410
v -0.079855 0.017212 0.125411
v -0.079818 0.017188 0.125424
v -0.079785 0.017190 0.125442
v -0.079766 0.017216 0.125459
v -0.079764 0.017261 0.125471
v -0.079782 0.017311 0.125475
v -0.079814 0.017353 0.125470
v -0.079851 0.017377 0.125457
v -0.079883 0.017375 0.125440
v -0.079903 0.017349 0.125423
v -0.080348 0.017010 0.126355
v -0.080365 0.017056 0.126359
v -0.080319 0.016970 0.126358
v -0.080283 0.016949 0.126369
v -0.080252 0.016951 0.126384
v -0.080234 0.016975 0.126399
v -0.080233 0.017016 0.126410
v -0.080250 0.017063 0.126414
v -0.080279 0.017102 0.126411
v -0.080315 0.017123 0.126400
v -0.080346 0.017122 0.126385
v -0.080364 0.017097 0.126370
v -0.080789 0.016741 0.127369
v -0.080804 0.016784 0.127375
v -0.080760 0.016706 0.127371
v -0.080727 0.016686 0.127379
v -0.080698 0.016688 0.127392
v -0.080681 0.016711 0.127405
v -0.080680 0.016749 0.127416
v -0.080696 0.016791 0.127421
v -0.080724 0.016827 0.127419
v -0.080757 0.016847 0.127411
v -0.080786 0.016845 0.127399
v -0.080804 0.016822 0.127385
v -0.081201 0.016437 0.128463
v -0.081216 0.016476 0.128469
v -0.081175 0.016405 0.128463
v -0.081144 0.016387 0.128469
v -0.081117 0.016389 0.128479
v -0.081101 0.016411 0.128491
v -0.081100 0.016445 0.128501
v -0.081115 0.016484 0.128507
v -0.081142 0.016516 0.128507
v -0.081172 0.016533 0.128501
v -0.081200 0.016531 0.128491
v -0.081216 0.016510 0.128479
v -0.081581 0.016084 0.129647
v -0.081595 0.016119 0.129654
v -0.081556 0.016055 0.129645
v -0.081527 0.016040 0.129649
v -0.081502 0.016042 0.129657
v -0.081488 0.016062 0.129668
v -0.081487 0.016093 0.129678
v -0.081501 0.016127 0.129684
v -0.081526 0.016156 0.129686
v -0.081555 0.016172 0.129682
v -0.081580 0.016169 0.129674
v -0.081594 0.016150 0.129664
v -0.081921 0.015670 0.130934
v -0.081934 0.015701 0.130941
v -0.081898 0.015645 0.130931
v -0.081872 0.015632 0.130933
v -0.081849 0.015634 0.130939
v -0.081836 0.015651 0.130948
v -0.081836 0.015679 0.130958
v -0.081849 0.015710 0.130965
v -0.081871 0.015736 0.130968
v -0.081897 0.015749 0.130966
v -0.081920 0.015746 0.130960
v -0.081933 0.015729 0.130951
v -0.100303 0.037473 0.066415
v -0.100568 0.036673 0.067486
v -0.100755 0.036779 0.067518
v -0.100494 0.037580 0.066450
v -0.100087 0.037420 0.066428
v -0.100358 0.036620 0.067501
v -0.099905 0.037436 0.066486
v -0.100180 0.036636 0.067557
v -0.099806 0.037517 0.066573
v -0.100083 0.036716 0.067641
v -0.099815 0.037640 0.066665
v -0.100092 0.036838 0.067729
v -0.099932 0.037774 0.066738
v -0.100205 0.036970 0.067798
v -0.100123 0.037881 0.066773
v -0.100392 0.037076 0.067830
v -0.100339 0.037934 0.066760
v -0.100602 0.037129 0.067816
v -0.100521 0.037918 0.066702
v -0.100780 0.037113 0.067759
v -0.100620 0.037837 0.066615
v -0.100877 0.037033 0.067675
v -0.100610 0.037713 0.066523
v -0.100868 0.036911 0.067587
v -0.100852 0.035860 0.068613
v -0.101034 0.035965 0.068642
v -0.100647 0.035808 0.068629
v -0.100474 0.035823 0.068684
v -0.100379 0.035901 0.068764
v -0.100387 0.036022 0.068849
v -0.100497 0.036152 0.068914
v -0.100678 0.036258 0.068943
v -0.100883 0.036310 0.068927
v -0.101057 0.036295 0.068872
v -0.101152 0.036216 0.068791
v -0.101143 0.036096 0.068707
v -0.101155 0.035039 0.069794
v -0.101332 0.035143 0.069819
v -0.100956 0.034987 0.069810
v -0.100787 0.035002 0.069864
v -0.100694 0.035079 0.069942
v -0.100701 0.035198 0.070022
v -0.100807 0.035328 0.070083
v -0.100984 0.035432 0.070109
v -0.101183 0.035484 0.070092
v -0.101352 0.035469 0.070038
v -0.101445 0.035392 0.069960
v -0.101438 0.035273 0.069880
v -0.101477 0.034216 0.071026
v -0.101648 0.034320 0.071049
v -0.101283 0.034165 0.071044
v -0.101118 0.034179 0.071097
v -0.101027 0.034255 0.071171
v -0.101034 0.034372 0.071247
v -0.101137 0.034500 0.071304
v -0.101308 0.034604 0.071326
v -0.101502 0.034655 0.071309
v -0.101667 0.034641 0.071256
v -0.101758 0.034565 0.071181
v -0.101751 0.034448 0.071106
v -0.101818 0.033397 0.072309
v -0.101984 0.033499 0.072328
v -0.101630 0.033345 0.072328
v -0.101469 0.033359 0.072380
v -0.101380 0.033434 0.072451
v -0.101386 0.033550 0.072522
v -0.101486 0.033676 0.072575
v -0.101652 0.033779 0.072594
v -0.101841 0.033830 0.072575
v -0.102001 0.033816 0.072523
v -0.102090 0.033741 0.072452
v -0.102084 0.033625 0.072381
v -0.102179 0.032586 0.073639
v -0.102340 0.032688 0.073656
v -0.101996 0.032535 0.073660
v -0.101840 0.032548 0.073710
v -0.101753 0.032622 0.073779
v -0.101758 0.032736 0.073846
v -0.101854 0.032861 0.073894
v -0.102015 0.032963 0.073910
v -0.102198 0.033013 0.073890
v -0.102354 0.033001 0.073839
v -0.102441 0.032927 0.073771
v -0.102436 0.032812 0.073704
v -0.102560 0.031790 0.075017
v -0.102716 0.031890 0.075029
v -0.102382 0.031739 0.075038
v -0.102231 0.031752 0.075088
v -0.102146 0.031824 0.075153
v -0.102150 0.031937 0.075215
v -0.102243 0.032060 0.075259
v -0.102399 0.032160 0.075272
v -0.102576 0.032211 0.075251
v -0.102728 0.032198 0.075201
v -0.102813 0.032126 0.075136
v -0.102808 0.032013 0.075073
v -0.102961 0.031013 0.076438
v -0.103112 0.031113 0.076448
v -0.102789 0.030963 0.076461
v -0.102642 0.030975 0.076509
v -0.102559 0.031046 0.076571
v -0.102563 0.031157 0.076630
v -0.102652 0.031279 0.076669
v -0.102802 0.031378 0.076679
v -0.102974 0.031428 0.076656
v -0.103122 0.031416 0.076607
v -0.103204 0.031345 0.076545
v -0.103201 0.031234 0.076487
v -0.103383 0.030262 0.077902
v -0.103529 0.030360 0.077908
v -0.103217 0.030212 0.077926
v -0.103074 0.030224 0.077974
v -0.102993 0.030293 0.078032
v -0.102995 0.030403 0.078086
v -0.103081 0.030522 0.078121
v -0.103226 0.030620 0.078127
v -0.103393 0.030670 0.078104
v -0.103536 0.030659 0.078056
v -0.103617 0.030589 0.077997
v -0.103614 0.030480 0.077943
v -0.103826 0.029542 0.079407
v -0.103966 0.029638 0.079410
v -0.103665 0.029492 0.079432
v -0.103527 0.029503 0.079479
v -0.103448 0.029572 0.079534
v -0.103449 0.029679 0.079584
v -0.103531 0.029797 0.079614
v -0.103672 0.029893 0.079617
v -0.103832 0.029943 0.079592
v -0.103971 0.029932 0.079545
v -0.104050 0.029863 0.079490
v -0.104048 0.029756 0.079440
v -0.104291 0.028857 0.080951
v -0.104425 0.028952 0.080950
v -0.104135 0.028808 0.080977
v -0.104001 0.028819 0.081023
v -0.103924 0.028886 0.081075
v -0.103925 0.028991 0.081120
v -0.104003 0.029107 0.081146
v -0.104138 0.029202 0.081145
v -0.104293 0.029251 0.081119
v -0.104427 0.029240 0.081073
v -0.104504 0.029173 0.081021
v -0.104504 0.029068 0.080976
v -0.104776 0.028215 0.082531
v -0.104906 0.028308 0.082528
v -0.104626 0.028167 0.082558
v -0.104496 0.028177 0.082602
v -0.104421 0.028243 0.082651
v -0.104421 0.028346 0.082692
v -0.104496 0.028459 0.082714
v -0.104626 0.028552 0.082712
v -0.104776 0.028600 0.082684
v -0.104906 0.028590 0.082640
v -0.104981 0.028524 0.082591
v -0.104981 0.028421 0.082550
v -0.105269 0.027590 0.084155
v -0.105395 0.027680 0.084152
v -0.105124 0.027544 0.084181
v -0.104998 0.027554 0.084223
v -0.104925 0.027618 0.084269
v -0.104925 0.027718 0.084308
v -0.104997 0.027828 0.084329
v -0.105122 0.027918 0.084326
v -0.105268 0.027964 0.084300
v -0.105394 0.027954 0.084258
v -0.105467 0.027890 0.084212
v -0.105467 0.027790 0.084173
v -0.105760 0.026957 0.085832
v -0.105882 0.027043 0.085829
v -0.105620 0.026912 0.085856
v -0.105498 0.026922 0.085896
v -0.105427 0.026984 0.085940
v -0.105427 0.027081 0.085977
v -0.105496 0.027187 0.085996
v -0.105618 0.027274 0.085993
v -0.105758 0.027319 0.085969
v -0.105880 0.027309 0.085929
v -0.105951 0.027247 0.085885
v -0.105952 0.027150 0.085849
v -0.106259 0.026320 0.087554
v -0.106376 0.026404 0.087551
v -0.106123 0.026277 0.087578
v -0.106006 0.026287 0.087616
v -0.105937 0.026347 0.087658
v -0.105936 0.026441 0.087693
v -0.106003 0.026544 0.087711
v -0.106120 0.026628 0.087708
v -0.106256 0.026671 0.087684
v -0.106374 0.026661 0.087646
v -0.106442 0.026601 0.087604
v -0.106443 0.026507 0.087570
v -0.106773 0.025687 0.089317
v -0.106885 0.025768 0.089313
v -0.106642 0.025645 0.089341
v -0.106529 0.025654 0.089378
v -0.106463 0.025712 0.089419
v -0.106462 0.025803 0.089451
v -0.106526 0.025902 0.089468
v -0.106639 0.025984 0.089464
v -0.106769 0.026025 0.089440
v -0.106882 0.026016 0.089403
v -0.106948 0.025958 0.089362
v -0.106949 0.025868 0.089330
v -0.107310 0.025061 0.091115
v -0.107418 0.025140 0.091109
v -0.107185 0.025020 0.091139
v -0.107076 0.025029 0.091175
v -0.107013 0.025085 0.091214
v -0.107011 0.025173 0.091245
v -0.107073 0.025269 0.091259
v -0.107181 0.025348 0.091253
v -0.107306 0.025389 0.091229
v -0.107414 0.025380 0.091192
v -0.107478 0.025324 0.091154
v -0.107479 0.025236 0.091123
v -0.107880 0.024450 0.092939
v -0.107983 0.024526 0.092932
v -0.107760 0.024410 0.092965
v -0.107656 0.024418 0.093001
v -0.107595 0.024471 0.093039
v -0.107594 0.024556 0.093067
v -0.107652 0.024649 0.093079
v -0.107755 0.024726 0.093071
v -0.107874 0.024765 0.093046
v -0.107979 0.024758 0.093010
v -0.108040 0.024704 0.092972
v -0.108041 0.024619 0.092944
v -0.108490 0.023857 0.094786
v -0.108588 0.023932 0.094776
v -0.108376 0.023818 0.094813
v -0.108277 0.023826 0.094849
v -0.108218 0.023877 0.094886
v -0.108216 0.023958 0.094912
v -0.108272 0.024048 0.094921
v -0.108370 0.024123 0.094911
v -0.108483 0.024162 0.094884
v -0.108583 0.024154 0.094848
v -0.108641 0.024103 0.094812
v -0.108643 0.024022 0.094785
v -0.109149 0.023290 0.096648
v -0.109241 0.023362 0.096636
v -0.109041 0.023252 0.096677
v -0.108946 0.023258 0.096714
v -0.108890 0.023307 0.096749
v -0.108888 0.023385 0.096773
v -0.108941 0.023472 0.096780
v -0.109033 0.023544 0.096767
v -0.109141 0.023583 0.096739
v -0.109236 0.023576 0.096702
v -0.109291 0.023528 0.096666
v -0.109293 0.023449 0.096642
v -0.109865 0.022753 0.098520
v -0.109952 0.022823 0.098504
v -0.109763 0.022716 0.098550
v -0.109673 0.022721 0.098588
v -0.109620 0.022768 0.098622
v -0.109618 0.022843 0.098644
v -0.109667 0.022927 0.098648
v -0.109754 0.022997 0.098632
v -0.109856 0.023034 0.098602
v -0.109945 0.023029 0.098565
v -0.109998 0.022982 0.098530
v -0.110001 0.022907 0.098508
v -0.110646 0.022253 0.100394
v -0.110728 0.022320 0.100376
v -0.110550 0.022216 0.100427
v -0.110466 0.022220 0.100465
v -0.110416 0.022264 0.100499
v -0.110413 0.022337 0.100518
v -0.110459 0.022417 0.100519
v -0.110540 0.022485 0.100501
v -0.110636 0.022521 0.100469
v -0.110720 0.022517 0.100430
v -0.110771 0.022473 0.100397
v -0.110773 0.022401 0.100377
v -0.111501 0.021794 0.102266
v -0.111577 0.021859 0.102245
v -0.111412 0.021758 0.102301
v -0.111333 0.021762 0.102340
v -0.111285 0.021803 0.102372
v -0.111282 0.021872 0.102390
v -0.111324 0.021950 0.102388
v -0.111400 0.022015 0.102367
v -0.111490 0.022051 0.102332
v -0.111569 0.022047 0.102293
v -0.111616 0.022006 0.102261
v -0.111619 0.021937 0.102243
v -0.112439 0.021382 0.104129
v -0.112510 0.021445 0.104107
v -0.112355 0.021348 0.104164
v -0.112280 0.021351 0.104202
v -0.112235 0.021391 0.104233
v -0.112232 0.021456 0.104249
v -0.112271 0.021530 0.104245
v -0.112342 0.021592 0.104223
v -0.112426 0.021627 0.104188
v -0.112501 0.021624 0.104151
v -0.112546 0.021584 0.104120
v -0.112549 0.021518 0.104104
v -0.113335 0.021010 0.105956
v -0.113402 0.021068 0.105937
v -0.113255 0.020978 0.105986
v -0.113184 0.020982 0.106019
v -0.113141 0.021019 0.106047
v -0.113137 0.021081 0.106061
v -0.113174 0.021150 0.106058
v -0.113242 0.021208 0.106039
v -0.113321 0.021240 0.106009
v -0.113392 0.021237 0.105976
v -0.113435 0.021199 0.105948
v -0.113439 0.021137 0.105934
v -0.114127 0.020639 0.107818
v -0.114191 0.020693 0.107803
v -0.114051 0.020610 0.107843
v -0.113983 0.020614 0.107871
v -0.113942 0.020650 0.107894
v -0.113939 0.020707 0.107907
v -0.113974 0.020771 0.107906
v -0.114038 0.020825 0.107891
v -0.114114 0.020854 0.107867
v -0.114182 0.020850 0.107839
v -0.114223 0.020815 0.107815
v -0.114226 0.020757 0.107802
v -0.114838 0.020263 0.109707
v -0.114898 0.020312 0.109695
v -0.114766 0.020236 0.109727
v -0.114703 0.020240 0.109751
v -0.114664 0.020274 0.109772
v -0.114661 0.020327 0.109784
v -0.114694 0.020386 0.109784
v -0.114754 0.020436 0.109773
v -0.114826 0.020462 0.109752
v -0.114890 0.020458 0.109728
v -0.114928 0.020425 0.109708
v -0.114931 0.020372 0.109696
v -0.115489 0.019874 0.111617
v -0.115545 0.019919 0.111608
v -0.115422 0.019850 0.111634
v -0.115363 0.019854 0.111654
v -0.115327 0.019885 0.111673
v -0.115324 0.019934 0.111684
v -0.115355 0.019989 0.111685
v -0.115411 0.020034 0.111676
v -0.115478 0.020058 0.111659
v -0.115537 0.020054 0.111639
v -0.115573 0.020023 0.111620
v -0.115576 0.019974 0.111609
v -0.116102 0.019467 0.113540
v -0.116154 0.019508 0.113533
v -0.116040 0.019445 0.113555
v -0.115986 0.019449 0.113573
v -0.115953 0.019477 0.113589
v -0.115951 0.019522 0.113600
v -0.115979 0.019572 0.113602
v -0.116031 0.019613 0.113595
v -0.116093 0.019635 0.113580
v -0.116147 0.019631 0.113562
v -0.116180 0.019603 0.113545
v -0.116182 0.019558 0.113535
v -0.116699 0.019033 0.115470
v -0.116747 0.019071 0.115464
v -0.116643 0.019014 0.115483
v -0.116594 0.019017 0.115499
v -0.116564 0.019043 0.115514
v -0.116562 0.019084 0.115525
v -0.116588 0.019129 0.115527
v -0.116635 0.019166 0.115521
v -0.116691 0.019186 0.115508
v -0.116741 0.019182 0.115492
v -0.116771 0.019157 0.115477
v -0.116773 0.019116 0.115466
v -0.117302 0.018568 0.117400
v -0.117345 0.018602 0.117394
v -0.117252 0.018551 0.117411
v -0.117208 0.018554 0.117426
v -0.117181 0.018576 0.117441
v -0.117179 0.018613 0.117451
v -0.117203 0.018654 0.117453
v -0.117246 0.018687 0.117448
v -0.117296 0.018705 0.117437
v -0.117340 0.018702 0.117421
v -0.117367 0.018679 0.117407
v -0.117369 0.018642 0.117397
v -0.117933 0.018064 0.119322
v -0.117971 0.018094 0.119318
v -0.117889 0.018049 0.119333
v -0.117849 0.018051 0.119348
v -0.117826 0.018071 0.119361
v -0.117825 0.018103 0.119371
v -0.117846 0.018139 0.119373
v -0.117884 0.018169 0.119369
v -0.117928 0.018185 0.119358
v -0.117968 0.018183 0.119344
v -0.117991 0.018162 0.119330
v -0.117992 0.018130 0.119320
v -0.118614 0.017515 0.121231
v -0.118647 0.017541 0.121227
v -0.118575 0.017501 0.121242
v -0.118541 0.017503 0.121255
v -0.118521 0.017520 0.121268
v -0.118520 0.017548 0.121277
v -0.118539 0.017580 0.121280
v -0.118572 0.017606 0.121275
v -0.118610 0.017620 0.121265
v -0.118644 0.017618 0.121251
v -0.118664 0.017601 0.121239
v -0.118665 0.017573 0.121230
v -0.119365 0.016914 0.123120
v -0.119394 0.016936 0.123116
v -0.119333 0.016901 0.123130
v -0.119304 0.016903 0.123142
v -0.119287 0.016917 0.123154
v -0.119287 0.016941 0.123163
v -0.119303 0.016968 0.123165
v -0.119331 0.016990 0.123161
v -0.119364 0.017003 0.123151
v -0.119392 0.017002 0.123138
v -0.119409 0.016987 0.123126
v -0.119410 0.016963 0.123118
v -0.120211 0.016254 0.124981
v -0.120234 0.016273 0.124977
v -0.120184 0.016243 0.124990
v -0.120161 0.016244 0.125002
v -0.120147 0.016255 0.125013
v -0.120147 0.016275 0.125020
v -0.120160 0.016297 0.125022
v -0.120183 0.016317 0.125018
v -0.120210 0.016327 0.125009
v -0.120233 0.016327 0.124997
v -0.120247 0.016315 0.124986
v -0.120247 0.016295 0.124979
v -0.121171 0.015528 0.126807
v -0.121189 0.015543 0.126803
v -0.121150 0.015519 0.126815
v -0.121132 0.015519 0.126826
v -0.121122 0.015528 0.126835
v -0.121122 0.015544 0.126842
v -0.121132 0.015562 0.126844
v -0.121151 0.015577 0.126840
v -0.121172 0.015586 0.126832
v -0.121190 0.015586 0.126821
v -0.121200 0.015577 0.126811
v -0.121200 0.015561 0.126805
v -0.100178 0.037381 0.066692
v -0.100219 0.036796 0.067687
v -0.100374 0.036759 0.067666
v -0.100338 0.037356 0.066649
v -0.100044 0.037449 0.066764
v -0.100087 0.036878 0.067732
v -0.099970 0.037541 0.066847
v -0.100015 0.036981 0.067788
v -0.099977 0.037632 0.066918
v -0.100021 0.037080 0.067841
v -0.100064 0.037699 0.066958
v -0.100104 0.037147 0.067876
v -0.100205 0.037722 0.066957
v -0.100241 0.037164 0.067884
v -0.100365 0.037697 0.066915
v -0.100396 0.037127 0.067863
v -0.100499 0.037630 0.066843
v -0.100528 0.037045 0.067818
v -0.100573 0.037538 0.066760
v -0.100601 0.036942 0.067761
v -0.100565 0.037447 0.066689
v -0.100595 0.036843 0.067709
v -0.100479 0.037380 0.066648
v -0.100512 0.036776 0.067674
v -0.100193 0.035963 0.069437
v -0.100343 0.035924 0.069423
v -0.100066 0.036046 0.069472
v -0.099996 0.036150 0.069519
v -0.100002 0.036248 0.069564
v -0.100082 0.036314 0.069596
v -0.100214 0.036329 0.069606
v -0.100364 0.036290 0.069591
v -0.100491 0.036208 0.069556
v -0.100561 0.036103 0.069510
v -0.100555 0.036005 0.069465
v -0.100475 0.035940 0.069433
v -0.100126 0.034917 0.071841
v -0.100270 0.034879 0.071829
v -0.100004 0.034998 0.071872
v -0.099937 0.035100 0.071914
v -0.099942 0.035196 0.071955
v -0.100019 0.035259 0.071984
v -0.100147 0.035274 0.071994
v -0.100291 0.035236 0.071982
v -0.100413 0.035155 0.071951
v -0.100481 0.035053 0.071910
v -0.100475 0.034958 0.071869
v -0.100398 0.034894 0.071839
v -0.100044 0.033699 0.074793
v -0.100183 0.033662 0.074781
v -0.099927 0.033777 0.074822
v -0.099862 0.033875 0.074860
v -0.099868 0.033968 0.074898
v -0.099942 0.034030 0.074925
v -0.100065 0.034044 0.074934
v -0.100203 0.034007 0.074923
v -0.100321 0.033929 0.074894
v -0.100385 0.033830 0.074855
v -0.100380 0.033738 0.074817
v -0.100306 0.033676 0.074790
v -0.099973 0.032348 0.078182
v -0.100106 0.032313 0.078171
v -0.099860 0.032423 0.078210
v -0.099798 0.032518 0.078246
v -0.099803 0.032607 0.078282
v -0.099875 0.032667 0.078307
v -0.099992 0.032681 0.078314
v -0.100126 0.032646 0.078302
v -0.100238 0.032571 0.078275
v -0.100301 0.032477 0.078238
v -0.100295 0.032387 0.078203
v -0.100224 0.032328 0.078178
v -0.099937 0.030908 0.081901
v -0.100065 0.030875 0.081888
v -0.099829 0.030980 0.081928
v -0.099770 0.031071 0.081963
v -0.099775 0.031157 0.081996
v -0.099843 0.031214 0.082018
v -0.099956 0.031229 0.082024
v -0.100084 0.031196 0.082011
v -0.100192 0.031124 0.081984
v -0.100251 0.031033 0.081949
v -0.100246 0.030947 0.081916
v -0.100178 0.030889 0.081894
v -0.099963 0.029420 0.085838
v -0.100085 0.029389 0.085825
v -0.099859 0.029488 0.085866
v -0.099802 0.029575 0.085899
v -0.099807 0.029657 0.085930
v -0.099872 0.029713 0.085950
v -0.099981 0.029728 0.085954
v -0.100103 0.029697 0.085940
v -0.100206 0.029629 0.085913
v -0.100263 0.029542 0.085879
v -0.100258 0.029459 0.085848
v -0.100193 0.029403 0.085828
v -0.100075 0.027925 0.089886
v -0.100191 0.027897 0.089871
v -0.099976 0.027990 0.089914
v -0.099922 0.028073 0.089946
v -0.099926 0.028152 0.089975
v -0.099988 0.028206 0.089992
v -0.100092 0.028220 0.089993
v -0.100208 0.028191 0.089978
v -0.100307 0.028127 0.089950
v -0.100361 0.028044 0.089918
v -0.100357 0.027965 0.089889
v -0.100294 0.027911 0.089872
v -0.100298 0.026466 0.093934
v -0.100409 0.026440 0.093916
v -0.100204 0.026527 0.093962
v -0.100153 0.026605 0.093994
v -0.100157 0.026681 0.094021
v -0.100216 0.026733 0.094035
v -0.100314 0.026748 0.094033
v -0.100425 0.026721 0.094016
v -0.100519 0.026661 0.093987
v -0.100571 0.026582 0.093956
v -0.100566 0.026507 0.093929
v -0.100507 0.026455 0.093915
v -0.100659 0.025084 0.097873
v -0.100764 0.025060 0.097852
v -0.100570 0.025141 0.097903
v -0.100521 0.025215 0.097934
v -0.100525 0.025287 0.097959
v -0.100581 0.025337 0.097970
v -0.100674 0.025353 0.097964
v -0.100779 0.025329 0.097944
v -0.100868 0.025272 0.097914
v -0.100917 0.025198 0.097883
v -0.100913 0.025126 0.097858
v -0.100857 0.025076 0.097847
v -0.101183 0.023821 0.101593
v -0.101281 0.023800 0.101569
v -0.101099 0.023873 0.101625
v -0.101053 0.023943 0.101656
v -0.101056 0.024011 0.101679
v -0.101109 0.024060 0.101686
v -0.101196 0.024077 0.101676
v -0.101295 0.024056 0.101652
v -0.101379 0.024004 0.101620
v -0.101425 0.023934 0.101588
v -0.101421 0.023865 0.101566
v -0.101369 0.023816 0.101559
v -0.101894 0.022719 0.104982
v -0.101987 0.022699 0.104958
v -0.101815 0.022768 0.105014
v -0.101771 0.022833 0.105044
v -0.101774 0.022899 0.105064
v -0.101824 0.022946 0.105069
v -0.101906 0.022962 0.105057
v -0.101999 0.022943 0.105032
v -0.102078 0.022894 0.105001
v -0.102122 0.022828 0.104971
v -0.102118 0.022762 0.104951
v -0.102069 0.022716 0.104946
v -0.101969 0.022607 0.105358
v -0.102060 0.022587 0.105336
v -0.101892 0.022655 0.105386
v -0.101849 0.022719 0.105413
v -0.101852 0.022783 0.105432
v -0.101900 0.022828 0.105437
v -0.101980 0.022843 0.105428
v -0.102071 0.022824 0.105406
v -0.102148 0.022775 0.105378
v -0.102191 0.022711 0.105351
v -0.102188 0.022648 0.105333
v -0.102140 0.022602 0.105327
v -0.102058 0.022437 0.105937
v -0.102147 0.022418 0.105918
v -0.101984 0.022484 0.105962
v -0.101942 0.022547 0.105986
v -0.101945 0.022609 0.106004
v -0.101992 0.022652 0.106011
v -0.102069 0.022666 0.106003
v -0.102157 0.022647 0.105985
v -0.102232 0.022599 0.105960
v -0.102274 0.022536 0.105935
v -0.102271 0.022475 0.105917
v -0.102224 0.022431 0.105911
v -0.102166 0.022214 0.106698
v -0.102251 0.022195 0.106681
v -0.102094 0.022260 0.106722
v -0.102053 0.022320 0.106746
v -0.102056 0.022380 0.106763
v -0.102101 0.022422 0.106770
v -0.102176 0.022435 0.106763
v -0.102262 0.022416 0.106746
v -0.102334 0.022370 0.106722
v -0.102374 0.022309 0.106698
v -0.102371 0.022250 0.106681
v -0.102326 0.022208 0.106675
v -0.102295 0.021941 0.107623
v -0.102378 0.021923 0.107606
v -0.102225 0.021985 0.107646
v -0.102187 0.022044 0.107669
v -0.102189 0.022102 0.107686
v -0.102233 0.022142 0.107692
v -0.102305 0.022155 0.107685
v -0.102388 0.022137 0.107668
v -0.102458 0.022093 0.107645
v -0.102496 0.022034 0.107622
v -0.102494 0.021976 0.107605
v -0.102450 0.021936 0.107599
v -0.102450 0.021625 0.108688
v -0.102529 0.021607 0.108671
v -0.102383 0.021667 0.108711
v -0.102345 0.021724 0.108733
v -0.102348 0.021779 0.108750
v -0.102390 0.021818 0.108755
v -0.102460 0.021831 0.108749
v -0.102539 0.021813 0.108732
v -0.102607 0.021771 0.108709
v -0.102644 0.021714 0.108686
v -0.102641 0.021659 0.108670
v -0.102599 0.021620 0.108664
v -0.102634 0.021269 0.109874
v -0.102710 0.021252 0.109856
v -0.102569 0.021309 0.109896
v -0.102533 0.021364 0.109919
v -0.102536 0.021417 0.109935
v -0.102576 0.021455 0.109940
v -0.102644 0.021467 0.109933
v -0.102720 0.021451 0.109915
v -0.102785 0.021410 0.109892
v -0.102821 0.021356 0.109870
v -0.102818 0.021302 0.109854
v -0.102778 0.021265 0.109849
v -0.102851 0.020878 0.111159
v -0.102924 0.020862 0.111141
v -0.102789 0.020917 0.111182
v -0.102754 0.020969 0.111204
v -0.102757 0.021020 0.111219
v -0.102795 0.021057 0.111224
v -0.102860 0.021069 0.111216
v -0.102933 0.021053 0.111198
v -0.102995 0.021014 0.111175
v -0.103030 0.020962 0.111153
v -0.103027 0.020911 0.111138
v -0.102989 0.020875 0.111133
v -0.103104 0.020457 0.112522
v -0.103174 0.020443 0.112504
v -0.103045 0.020494 0.112546
v -0.103012 0.020544 0.112568
v -0.103014 0.020593 0.112582
v -0.103051 0.020628 0.112586
v -0.103113 0.020640 0.112578
v -0.103183 0.020626 0.112560
v -0.103243 0.020589 0.112537
v -0.103276 0.020539 0.112515
v -0.103273 0.020490 0.112500
v -0.103236 0.020455 0.112496
v -0.103398 0.020011 0.113944
v -0.103465 0.019997 0.113925
v -0.103341 0.020046 0.113967
v -0.103310 0.020093 0.113989
v -0.103312 0.020140 0.114004
v -0.103347 0.020174 0.114007
v -0.103407 0.020186 0.113998
v -0.103473 0.020172 0.113979
v -0.103530 0.020137 0.113955
v -0.103562 0.020090 0.113933
v -0.103559 0.020043 0.113919
v -0.103524 0.020009 0.113916
v -0.103735 0.019544 0.115402
v -0.103799 0.019531 0.115382
v -0.103681 0.019577 0.115426
v -0.103652 0.019622 0.115448
v -0.103654 0.019667 0.115462
v -0.103688 0.019699 0.115464
v -0.103744 0.019711 0.115454
v -0.103808 0.019699 0.115435
v -0.103861 0.019666 0.115411
v -0.103891 0.019621 0.115389
v -0.103889 0.019576 0.115375
v -0.103855 0.019543 0.115372
v -0.104121 0.019061 0.116876
v -0.104181 0.019049 0.116855
v -0.104070 0.019092 0.116901
v -0.104041 0.019134 0.116923
v -0.104044 0.019177 0.116936
v -0.104076 0.019209 0.116938
v -0.104129 0.019220 0.116927
v -0.104189 0.019209 0.116907
v -0.104240 0.019178 0.116882
v -0.104269 0.019135 0.116860
v -0.104266 0.019093 0.116846
v -0.104234 0.019061 0.116845
v -0.104557 0.018566 0.118345
v -0.104614 0.018556 0.118324
v -0.104509 0.018596 0.118369
v -0.104482 0.018636 0.118391
v -0.104484 0.018677 0.118404
v -0.104515 0.018707 0.118406
v -0.104565 0.018718 0.118394
v -0.104623 0.018708 0.118374
v -0.104671 0.018679 0.118349
v -0.104698 0.018638 0.118328
v -0.104695 0.018598 0.118314
v -0.104665 0.018567 0.118313
v -0.104967 0.018088 0.119719
v -0.105021 0.018078 0.119700
v -0.104920 0.018116 0.119742
v -0.104895 0.018155 0.119762
v -0.104897 0.018193 0.119776
v -0.104927 0.018221 0.119778
v -0.104975 0.018232 0.119768
v -0.105030 0.018222 0.119749
v -0.105076 0.018194 0.119726
v -0.105101 0.018156 0.119706
v -0.105099 0.018117 0.119693
v -0.105070 0.018089 0.119691
v -0.105297 0.017627 0.121001
v -0.105349 0.017617 0.120985
v -0.105253 0.017654 0.121022
v -0.105229 0.017691 0.121041
v -0.105231 0.017727 0.121054
v -0.105259 0.017753 0.121057
v -0.105305 0.017763 0.121049
v -0.105358 0.017753 0.121033
v -0.105402 0.017726 0.121013
v -0.105426 0.017689 0.120994
v -0.105424 0.017653 0.120981
v -0.105396 0.017626 0.120978
v -0.105559 0.017183 0.122205
v -0.105609 0.017173 0.122192
v -0.105517 0.017209 0.122223
v -0.105494 0.017244 0.122241
v -0.105497 0.017278 0.122253
v -0.105523 0.017303 0.122257
v -0.105567 0.017311 0.122252
v -0.105617 0.017301 0.122238
v -0.105659 0.017275 0.122220
v -0.105682 0.017240 0.122202
v -0.105680 0.017206 0.122190
v -0.105653 0.017181 0.122186
v -0.105764 0.016757 0.123344
v -0.105811 0.016746 0.123333
v -0.105724 0.016781 0.123360
v -0.105702 0.016814 0.123376
v -0.105704 0.016847 0.123388
v -0.105730 0.016869 0.123392
v -0.105771 0.016877 0.123388
v -0.105819 0.016867 0.123377
v -0.105858 0.016842 0.123361
v -0.105880 0.016809 0.123345
v -0.105878 0.016777 0.123333
v -0.105853 0.016754 0.123329
v -0.105921 0.016348 0.124431
v -0.105965 0.016338 0.124421
v -0.105883 0.016371 0.124445
v -0.105863 0.016403 0.124459
v -0.105865 0.016433 0.124470
v -0.105889 0.016454 0.124475
v -0.105928 0.016460 0.124473
v -0.105972 0.016451 0.124463
v -0.106010 0.016427 0.124449
v -0.106030 0.016395 0.124435
v -0.106028 0.016365 0.124424
v -0.106005 0.016344 0.124419
v -0.106041 0.015957 0.125479
v -0.106083 0.015947 0.125471
v -0.106006 0.015979 0.125491
v -0.105987 0.016009 0.125504
v -0.105989 0.016037 0.125514
v -0.106011 0.016057 0.125519
v -0.106048 0.016062 0.125517
v -0.106090 0.016053 0.125509
v -0.106125 0.016030 0.125497
v -0.106144 0.016001 0.125485
v -0.106142 0.015972 0.125474
v -0.106120 0.015953 0.125469
v -0.106135 0.015584 0.126501
v -0.106174 0.015575 0.126494
v -0.106103 0.015606 0.126511
v -0.106085 0.015633 0.126522
v -0.106086 0.015659 0.126532
v -0.106107 0.015678 0.126537
v -0.106141 0.015683 0.126536
v -0.106180 0.015674 0.126529
v -0.106213 0.015652 0.126519
v -0.106231 0.015625 0.126507
v -0.106229 0.015598 0.126498
v -0.106208 0.015580 0.126493
v -0.106213 0.015231 0.127510
v -0.106249 0.015222 0.127504
v -0.106183 0.015250 0.127519
v -0.106167 0.015276 0.127529
v -0.106168 0.015301 0.127537
v -0.106187 0.015317 0.127541
v -0.106219 0.015322 0.127541
v -0.106255 0.015313 0.127535
v -0.106285 0.015293 0.127526
v -0.106302 0.015268 0.127516
v -0.106300 0.015243 0.127508
v -0.106281 0.015227 0.127503
v -0.106286 0.014896 0.128519
v -0.106319 0.014888 0.128514
v -0.106258 0.014914 0.128527
v -0.106243 0.014938 0.128535
v -0.106244 0.014961 0.128543
v -0.106262 0.014976 0.128546
v -0.106291 0.014980 0.128546
v -0.106324 0.014972 0.128541
v -0.106352 0.014954 0.128533
v -0.106367 0.014930 0.128524
v -0.106366 0.014908 0.128517
v -0.106348 0.014892 0.128513
v -0.106364 0.014581 0.129541
v -0.106394 0.014573 0.129536
v -0.106339 0.014598 0.129548
v -0.106325 0.014619 0.129556
v -0.106326 0.014640 0.129562
v -0.106342 0.014654 0.129565
v -0.106369 0.014658 0.129564
v -0.106399 0.014651 0.129559
v -0.106424 0.014634 0.129552
v -0.106438 0.014613 0.129544
v -0.106437 0.014592 0.129538
v -0.106421 0.014577 0.129535
v -0.106458 0.014285 0.130589
v -0.106485 0.014279 0.130585
v -0.106435 0.014300 0.130595
v -0.106422 0.014320 0.130602
v -0.106423 0.014339 0.130607
v -0.106438 0.014352 0.130609
v -0.106462 0.014356 0.130608
v -0.106489 0.014349 0.130603
v -0.106511 0.014334 0.130597
v -0.106524 0.014315 0.130590
v -0.106523 0.014296 0.130585
v -0.106509 0.014282 0.130583
v -0.106578 0.014010 0.131676
v -0.106602 0.014005 0.131672
v -0.106557 0.014024 0.131682
v -0.106546 0.014041 0.131687
v -0.106547 0.014058 0.131691
v -0.106560 0.014070 0.131693
v -0.106581 0.014074 0.131691
v -0.106605 0.014068 0.131687
v -0.106625 0.014054 0.131681
v -0.106636 0.014037 0.131675
v -0.106636 0.014020 0.131671
v -0.106623 0.014008 0.131670
v -0.125080 0.029908 0.045868
v -0.125348 0.029559 0.046595
v -0.125544 0.029679 0.046580
v -0.125278 0.030029 0.045854
v -0.124861 0.029853 0.045922
v -0.125130 0.029504 0.046650
v -0.124679 0.029879 0.046002
v -0.124950 0.029530 0.046729
v -0.124583 0.029979 0.046085
v -0.124855 0.029629 0.046812
v -0.124600 0.030126 0.046151
v -0.124870 0.029775 0.046876
v -0.124723 0.030280 0.046181
v -0.124993 0.029929 0.046904
v -0.124922 0.030401 0.046167
v -0.125189 0.030050 0.046889
v -0.125141 0.030456 0.046113
v -0.125407 0.030104 0.046835
v -0.125323 0.030430 0.046034
v -0.125587 0.030079 0.046755
v -0.125418 0.030330 0.045950
v -0.125682 0.029980 0.046673
v -0.125402 0.030184 0.045884
v -0.125667 0.029833 0.046609
v -0.125622 0.029211 0.047335
v -0.125816 0.029331 0.047318
v -0.125406 0.029156 0.047389
v -0.125227 0.029182 0.047468
v -0.125132 0.029281 0.047550
v -0.125147 0.029426 0.047612
v -0.125268 0.029580 0.047639
v -0.125463 0.029700 0.047623
v -0.125678 0.029755 0.047568
v -0.125858 0.029730 0.047489
v -0.125952 0.029631 0.047408
v -0.125937 0.029485 0.047345
v -0.125902 0.028866 0.048086
v -0.126094 0.028986 0.048069
v -0.125688 0.028811 0.048141
v -0.125510 0.028836 0.048219
v -0.125416 0.028934 0.048300
v -0.125430 0.029080 0.048361
v -0.125550 0.029233 0.048386
v -0.125742 0.029353 0.048369
v -0.125956 0.029408 0.048313
v -0.126134 0.029382 0.048235
v -0.126229 0.029284 0.048155
v -0.126214 0.029139 0.048094
v -0.126188 0.028522 0.048850
v -0.126379 0.028642 0.048831
v -0.125976 0.028468 0.048905
v -0.125799 0.028493 0.048983
v -0.125706 0.028591 0.049062
v -0.125720 0.028736 0.049122
v -0.125838 0.028888 0.049145
v -0.126029 0.029008 0.049127
v -0.126241 0.029063 0.049071
v -0.126417 0.029038 0.048994
v -0.126511 0.028940 0.048914
v -0.126497 0.028795 0.048855
v -0.126481 0.028182 0.049627
v -0.126670 0.028301 0.049607
v -0.126271 0.028127 0.049683
v -0.126095 0.028152 0.049760
v -0.126002 0.028249 0.049838
v -0.126015 0.028394 0.049896
v -0.126132 0.028546 0.049918
v -0.126321 0.028665 0.049898
v -0.126532 0.028720 0.049842
v -0.126707 0.028695 0.049765
v -0.126800 0.028598 0.049687
v -0.126787 0.028453 0.049629
v -0.126780 0.027844 0.050416
v -0.126968 0.027963 0.050396
v -0.126572 0.027789 0.050473
v -0.126398 0.027814 0.050549
v -0.126305 0.027911 0.050626
v -0.126318 0.028055 0.050682
v -0.126434 0.028207 0.050703
v -0.126621 0.028326 0.050682
v -0.126829 0.028380 0.050626
v -0.127003 0.028356 0.050549
v -0.127096 0.028259 0.050472
v -0.127083 0.028115 0.050416
v -0.127087 0.027509 0.051219
v -0.127272 0.027628 0.051197
v -0.126880 0.027454 0.051276
v -0.126707 0.027479 0.051352
v -0.126615 0.027576 0.051428
v -0.126627 0.027719 0.051483
v -0.126741 0.027870 0.051501
v -0.126927 0.027989 0.051480
v -0.127133 0.028044 0.051423
v -0.127306 0.028019 0.051346
v -0.127399 0.027923 0.051271
v -0.127386 0.027779 0.051216
v -0.127400 0.027177 0.052036
v -0.127584 0.027296 0.052013
v -0.127195 0.027123 0.052093
v -0.127024 0.027147 0.052169
v -0.126932 0.027243 0.052243
v -0.126944 0.027386 0.052296
v -0.127056 0.027537 0.052314
v -0.127240 0.027655 0.052291
v -0.127445 0.027710 0.052233
v -0.127616 0.027686 0.052157
v -0.127708 0.027589 0.052083
v -0.127696 0.027447 0.052030
v -0.127721 0.026849 0.052866
v -0.127902 0.026968 0.052842
v -0.127518 0.026795 0.052924
v -0.127348 0.026819 0.052999
v -0.127256 0.026915 0.053072
v -0.127267 0.027057 0.053124
v -0.127379 0.027207 0.053139
v -0.127560 0.027325 0.053115
v -0.127763 0.027380 0.053058
v -0.127933 0.027356 0.052982
v -0.128025 0.027260 0.052909
v -0.128014 0.027118 0.052858
v -0.128049 0.026525 0.053711
v -0.128228 0.026643 0.053686
v -0.127847 0.026471 0.053769
v -0.127679 0.026494 0.053844
v -0.127587 0.026590 0.053916
v -0.127598 0.026731 0.053965
v -0.127708 0.026881 0.053980
v -0.127888 0.026999 0.053954
v -0.128089 0.027053 0.053897
v -0.128258 0.027029 0.053822
v -0.128349 0.026934 0.053750
v -0.128338 0.026792 0.053700
v -0.128384 0.026204 0.054570
v -0.128562 0.026322 0.054544
v -0.128184 0.026150 0.054628
v -0.128017 0.026174 0.054703
v -0.127926 0.026269 0.054773
v -0.127936 0.026410 0.054822
v -0.128045 0.026559 0.054834
v -0.128223 0.026676 0.054808
v -0.128422 0.026730 0.054750
v -0.128590 0.026707 0.054675
v -0.128681 0.026612 0.054604
v -0.128670 0.026471 0.054556
v -0.128726 0.025888 0.055442
v -0.128902 0.026005 0.055415
v -0.128528 0.025834 0.055500
v -0.128362 0.025858 0.055575
v -0.128272 0.025952 0.055645
v -0.128282 0.026092 0.055693
v -0.128390 0.026240 0.055705
v -0.128566 0.026357 0.055678
v -0.128764 0.026411 0.055619
v -0.128930 0.026388 0.055545
v -0.129020 0.026293 0.055474
v -0.129010 0.026153 0.055427
v -0.129333 0.025330 0.056967
v -0.129503 0.025442 0.056941
v -0.129142 0.025277 0.057024
v -0.128982 0.025299 0.057097
v -0.128896 0.025389 0.057167
v -0.128906 0.025524 0.057214
v -0.129011 0.025667 0.057227
v -0.129181 0.025779 0.057201
v -0.129371 0.025831 0.057144
v -0.129531 0.025810 0.057071
v -0.129617 0.025720 0.057001
v -0.129607 0.025585 0.056954
v -0.129925 0.024760 0.058420
v -0.130090 0.024868 0.058396
v -0.129742 0.024710 0.058475
v -0.129588 0.024730 0.058547
v -0.129506 0.024816 0.058617
v -0.129517 0.024945 0.058665
v -0.129618 0.025082 0.058679
v -0.129783 0.025190 0.058655
v -0.129966 0.025241 0.058600
v -0.130120 0.025220 0.058528
v -0.130202 0.025134 0.058459
v -0.130191 0.025005 0.058410
v -0.130506 0.024180 0.059824
v -0.130665 0.024284 0.059803
v -0.130329 0.024132 0.059877
v -0.130181 0.024151 0.059947
v -0.130103 0.024233 0.060015
v -0.130114 0.024357 0.060063
v -0.130212 0.024488 0.060078
v -0.130371 0.024591 0.060056
v -0.130548 0.024640 0.060004
v -0.130695 0.024621 0.059934
v -0.130774 0.024538 0.059866
v -0.130763 0.024415 0.059818
v -0.131075 0.023592 0.061199
v -0.131228 0.023691 0.061179
v -0.130905 0.023545 0.061249
v -0.130763 0.023564 0.061316
v -0.130688 0.023643 0.061383
v -0.130699 0.023761 0.061430
v -0.130794 0.023886 0.061445
v -0.130947 0.023985 0.061426
v -0.131117 0.024032 0.061375
v -0.131259 0.024013 0.061308
v -0.131334 0.023934 0.061242
v -0.131323 0.023816 0.061195
v -0.131634 0.022995 0.062564
v -0.131782 0.023090 0.062546
v -0.131471 0.022951 0.062611
v -0.131334 0.022969 0.062675
v -0.131262 0.023045 0.062738
v -0.131273 0.023158 0.062784
v -0.131364 0.023278 0.062800
v -0.131512 0.023373 0.062782
v -0.131675 0.023417 0.062735
v -0.131812 0.023399 0.062671
v -0.131884 0.023323 0.062608
v -0.131873 0.023210 0.062562
v -0.132184 0.022393 0.063939
v -0.132326 0.022483 0.063923
v -0.132027 0.022351 0.063983
v -0.131896 0.022369 0.064042
v -0.131826 0.022442 0.064102
v -0.131836 0.022551 0.064146
v -0.131924 0.022665 0.064162
v -0.132066 0.022755 0.064146
v -0.132223 0.022797 0.064102
v -0.132354 0.022779 0.064042
v -0.132424 0.022706 0.063982
v -0.132414 0.022598 0.063939
v -0.132725 0.021786 0.065343
v -0.132861 0.021872 0.065328
v -0.132574 0.021747 0.065383
v -0.132448 0.021765 0.065439
v -0.132381 0.021835 0.065495
v -0.132391 0.021939 0.065536
v -0.132475 0.022049 0.065551
v -0.132611 0.022135 0.065537
v -0.132762 0.022174 0.065497
v -0.132888 0.022156 0.065441
v -0.132955 0.022085 0.065385
v -0.132945 0.021982 0.065344
v -0.133259 0.021177 0.066796
v -0.133389 0.021258 0.066783
v -0.133114 0.021140 0.066832
v -0.132993 0.021158 0.066883
v -0.132928 0.021226 0.066935
v -0.132937 0.021326 0.066973
v -0.133017 0.021430 0.066988
v -0.133147 0.021512 0.066975
v -0.133292 0.021548 0.066938
v -0.133413 0.021530 0.066887
v -0.133478 0.021462 0.066836
v -0.133469 0.021363 0.066798
v -0.133785 0.020566 0.068317
v -0.133909 0.020643 0.068305
v -0.133646 0.020532 0.068350
v -0.133530 0.020550 0.068396
v -0.133468 0.020616 0.068443
v -0.133476 0.020711 0.068478
v -0.133552 0.020811 0.068492
v -0.133676 0.020888 0.068481
v -0.133815 0.020922 0.068448
v -0.133931 0.020904 0.068401
v -0.133993 0.020838 0.068354
v -0.133985 0.020743 0.068319
v -0.134305 0.019956 0.069926
v -0.134423 0.020029 0.069916
v -0.134173 0.019924 0.069955
v -0.134062 0.019943 0.069997
v -0.134002 0.020005 0.070039
v -0.134009 0.020097 0.070071
v -0.134081 0.020191 0.070083
v -0.134199 0.020264 0.070073
v -0.134331 0.020296 0.070044
v -0.134442 0.020278 0.070002
v -0.134502 0.020215 0.069960
v -0.134495 0.020124 0.069928
v -0.134820 0.019348 0.071642
v -0.134932 0.019417 0.071633
v -0.134694 0.019319 0.071668
v -0.134588 0.019337 0.071705
v -0.134531 0.019397 0.071743
v -0.134537 0.019484 0.071771
v -0.134605 0.019574 0.071782
v -0.134717 0.019643 0.071774
v -0.134843 0.019672 0.071747
v -0.134948 0.019654 0.071710
v -0.135006 0.019594 0.071673
v -0.135000 0.019507 0.071644
v -0.135330 0.018743 0.073485
v -0.135435 0.018808 0.073476
v -0.135211 0.018716 0.073509
v -0.135111 0.018733 0.073542
v -0.135056 0.018791 0.073576
v -0.135061 0.018874 0.073600
v -0.135125 0.018959 0.073609
v -0.135231 0.019024 0.073601
v -0.135349 0.019052 0.073576
v -0.135450 0.019034 0.073543
v -0.135504 0.018976 0.073510
v -0.135499 0.018894 0.073485
v -0.135830 0.018211 0.075313
v -0.135928 0.018273 0.075302
v -0.135721 0.018185 0.075337
v -0.135628 0.018201 0.075368
v -0.135577 0.018255 0.075397
v -0.135581 0.018333 0.075418
v -0.135639 0.018413 0.075423
v -0.135736 0.018474 0.075413
v -0.135846 0.018500 0.075389
v -0.135939 0.018484 0.075358
v -0.135990 0.018430 0.075328
v -0.135986 0.018353 0.075308
v -0.136375 0.017732 0.077188
v -0.136464 0.017789 0.077176
v -0.136274 0.017707 0.077212
v -0.136189 0.017722 0.077242
v -0.136141 0.017772 0.077269
v -0.136145 0.017844 0.077286
v -0.136198 0.017918 0.077288
v -0.136287 0.017975 0.077276
v -0.136387 0.018000 0.077252
v -0.136473 0.017985 0.077222
v -0.136520 0.017935 0.077196
v -0.136517 0.017863 0.077179
v -0.136955 0.017288 0.079090
v -0.137036 0.017341 0.079077
v -0.136863 0.017265 0.079114
v -0.136785 0.017278 0.079141
v -0.136742 0.017324 0.079166
v -0.136745 0.017390 0.079180
v -0.136793 0.017459 0.079181
v -0.136874 0.017512 0.079168
v -0.136965 0.017534 0.079145
v -0.137043 0.017521 0.079117
v -0.137087 0.017475 0.079093
v -0.137084 0.017409 0.079078
v -0.137564 0.016865 0.080997
v -0.137637 0.016913 0.080984
v -0.137481 0.016844 0.081019
v -0.137410 0.016855 0.081045
v -0.137371 0.016897 0.081068
v -0.137373 0.016957 0.081081
v -0.137417 0.017019 0.081080
v -0.137490 0.017067 0.081067
v -0.137573 0.017088 0.081045
v -0.137643 0.017077 0.081019
v -0.137683 0.017035 0.080997
v -0.137680 0.016975 0.080984
v -0.138193 0.016445 0.082887
v -0.138259 0.016489 0.082874
v -0.138119 0.016426 0.082908
v -0.138056 0.016437 0.082932
v -0.138021 0.016474 0.082953
v -0.138023 0.016528 0.082964
v -0.138062 0.016584 0.082964
v -0.138128 0.016627 0.082952
v -0.138202 0.016646 0.082931
v -0.138265 0.016636 0.082907
v -0.138300 0.016599 0.082886
v -0.138298 0.016545 0.082874
v -0.138837 0.016015 0.084739
v -0.138895 0.016053 0.084727
v -0.138771 0.015998 0.084758
v -0.138715 0.016007 0.084780
v -0.138684 0.016039 0.084799
v -0.138687 0.016087 0.084810
v -0.138721 0.016137 0.084810
v -0.138779 0.016176 0.084799
v -0.138845 0.016192 0.084780
v -0.138901 0.016183 0.084758
v -0.138932 0.016151 0.084739
v -0.138929 0.016103 0.084728
v -0.139486 0.015557 0.086531
v -0.139537 0.015590 0.086521
v -0.139429 0.015542 0.086548
v -0.139380 0.015549 0.086568
v -0.139354 0.015578 0.086586
v -0.139356 0.015619 0.086597
v -0.139387 0.015662 0.086597
v -0.139437 0.015696 0.086588
v -0.139494 0.015711 0.086571
v -0.139543 0.015703 0.086551
v -0.139569 0.015675 0.086533
v -0.139567 0.015633 0.086522
v -0.140134 0.015055 0.088242
v -0.140177 0.015084 0.088234
v -0.140085 0.015043 0.088257
v -0.140044 0.015049 0.088275
v -0.140022 0.015073 0.088291
v -0.140024 0.015108 0.088302
v -0.140051 0.015144 0.088303
v -0.140094 0.015173 0.088296
v -0.140143 0.015185 0.088281
v -0.140184 0.015179 0.088263
v -0.140206 0.015155 0.088246
v -0.140204 0.015121 0.088236
v -0.140772 0.014495 0.089851
v -0.140809 0.014518 0.089845
v -0.140732 0.014484 0.089863
v -0.140698 0.014489 0.089879
v -0.140680 0.014509 0.089894
v -0.140683 0.014537 0.089904
v -0.140706 0.014567 0.089906
v -0.140742 0.014590 0.089901
v -0.140782 0.014601 0.089888
v -0.140816 0.014596 0.089873
v -0.140834 0.014577 0.089858
v -0.140831 0.014548 0.089847
v -0.141395 0.013860 0.091335
v -0.141424 0.013878 0.091332
v -0.141363 0.013851 0.091345
v -0.141336 0.013855 0.091359
v -0.141323 0.013870 0.091372
v -0.141325 0.013891 0.091381
v -0.141344 0.013915 0.091385
v -0.141373 0.013933 0.091381
v -0.141405 0.013941 0.091371
v -0.141431 0.013938 0.091358
v -0.141445 0.013923 0.091345
v -0.141442 0.013901 0.091335
v -0.141993 0.013134 0.092675
v -0.142015 0.013147 0.092673
v -0.141969 0.013127 0.092682
v -0.141950 0.013130 0.092693
v -0.141941 0.013140 0.092704
v -0.141943 0.013155 0.092712
v -0.141957 0.013172 0.092716
v -0.141979 0.013185 0.092714
v -0.142003 0.013191 0.092707
v -0.142022 0.013189 0.092696
v -0.142032 0.013179 0.092685
v -0.142029 0.013163 0.092677
v -0.142561 0.012300 0.093849
v -0.142575 0.012309 0.093848
v -0.142545 0.012297 0.093853
v -0.142533 0.012298 0.093861
v -0.142527 0.012304 0.093868
v -0.142529 0.012313 0.093875
v -0.142539 0.012323 0.093878
v -0.142554 0.012331 0.093878
v -0.142569 0.012335 0.093873
v -0.142581 0.012334 0.093866
v -0.142587 0.012328 0.093858
v -0.142585 0.012319 0.093851
v -0.125522 0.029021 0.048060
v -0.125719 0.028644 0.050080
v -0.125848 0.028551 0.050053
v -0.125653 0.028929 0.048025
v -0.125431 0.029153 0.048098
v -0.125631 0.028776 0.050110
v -0.125406 0.029288 0.048128
v -0.125607 0.028910 0.050136
v -0.125452 0.029392 0.048143
v -0.125654 0.029011 0.050151
v -0.125557 0.029435 0.048138
v -0.125758 0.029051 0.050151
v -0.125693 0.029407 0.048115
v -0.125893 0.029021 0.050135
v -0.125824 0.029314 0.048080
v -0.126021 0.028927 0.050109
v -0.125915 0.029183 0.048042
v -0.126109 0.028795 0.050079
v -0.125940 0.029047 0.048012
v -0.126133 0.028661 0.050053
v -0.125894 0.028944 0.047997
v -0.126086 0.028560 0.050038
v -0.125789 0.028901 0.048002
v -0.125982 0.028520 0.050038
v -0.125821 0.028289 0.052152
v -0.125946 0.028194 0.052132
v -0.125736 0.028420 0.052177
v -0.125714 0.028553 0.052200
v -0.125761 0.028651 0.052215
v -0.125864 0.028689 0.052219
v -0.125996 0.028656 0.052209
v -0.126122 0.028561 0.052189
v -0.126207 0.028430 0.052164
v -0.126228 0.028298 0.052141
v -0.126182 0.028199 0.052125
v -0.126078 0.028162 0.052122
v -0.125853 0.027937 0.054295
v -0.125975 0.027842 0.054279
v -0.125771 0.028067 0.054317
v -0.125751 0.028198 0.054339
v -0.125799 0.028293 0.054355
v -0.125900 0.028329 0.054360
v -0.126030 0.028295 0.054354
v -0.126151 0.028199 0.054338
v -0.126233 0.028069 0.054316
v -0.126253 0.027939 0.054294
v -0.126206 0.027843 0.054278
v -0.126104 0.027807 0.054273
v -0.125840 0.027569 0.056527
v -0.125959 0.027474 0.056512
v -0.125761 0.027698 0.056548
v -0.125744 0.027826 0.056570
v -0.125791 0.027920 0.056586
v -0.125892 0.027953 0.056593
v -0.126018 0.027918 0.056588
v -0.126136 0.027822 0.056573
v -0.126215 0.027694 0.056552
v -0.126233 0.027565 0.056530
v -0.126185 0.027472 0.056514
v -0.126085 0.027439 0.056507
v -0.125809 0.027167 0.058865
v -0.125924 0.027073 0.058849
v -0.125733 0.027295 0.058887
v -0.125717 0.027421 0.058909
v -0.125765 0.027512 0.058926
v -0.125864 0.027543 0.058933
v -0.125987 0.027506 0.058928
v -0.126102 0.027412 0.058913
v -0.126178 0.027285 0.058891
v -0.126194 0.027159 0.058868
v -0.126146 0.027068 0.058851
v -0.126047 0.027036 0.058844
v -0.125784 0.026713 0.061327
v -0.125896 0.026619 0.061310
v -0.125711 0.026838 0.061352
v -0.125697 0.026962 0.061376
v -0.125745 0.027050 0.061393
v -0.125842 0.027080 0.061399
v -0.125963 0.027043 0.061392
v -0.126075 0.026949 0.061375
v -0.126148 0.026824 0.061351
v -0.126162 0.026700 0.061327
v -0.126114 0.026612 0.061309
v -0.126016 0.026582 0.061303
v -0.125792 0.026187 0.063932
v -0.125900 0.026095 0.063911
v -0.125722 0.026310 0.063959
v -0.125709 0.026431 0.063985
v -0.125758 0.026517 0.064003
v -0.125854 0.026545 0.064008
v -0.125972 0.026508 0.063998
v -0.126080 0.026416 0.063977
v -0.126150 0.026293 0.063950
v -0.126162 0.026172 0.063924
v -0.126114 0.026086 0.063906
v -0.126018 0.026058 0.063901
v -0.125858 0.025572 0.066696
v -0.125963 0.025481 0.066670
v -0.125791 0.025693 0.066727
v -0.125780 0.025810 0.066755
v -0.125829 0.025894 0.066773
v -0.125923 0.025921 0.066776
v -0.126038 0.025884 0.066763
v -0.126143 0.025793 0.066737
v -0.126210 0.025672 0.066706
v -0.126221 0.025554 0.066678
v -0.126172 0.025471 0.066660
v -0.126078 0.025444 0.066657
v -0.126008 0.024848 0.069637
v -0.126109 0.024759 0.069607
v -0.125944 0.024966 0.069672
v -0.125935 0.025081 0.069702
v -0.125984 0.025162 0.069720
v -0.126077 0.025188 0.069721
v -0.126189 0.025151 0.069704
v -0.126290 0.025062 0.069674
v -0.126354 0.024944 0.069639
v -0.126363 0.024830 0.069609
v -0.126314 0.024748 0.069591
v -0.126221 0.024723 0.069590
v -0.126268 0.023998 0.072773
v -0.126366 0.023911 0.072739
v -0.126207 0.024113 0.072812
v -0.126200 0.024225 0.072845
v -0.126249 0.024304 0.072862
v -0.126340 0.024328 0.072860
v -0.126449 0.024292 0.072839
v -0.126547 0.024205 0.072805
v -0.126607 0.024090 0.072766
v -0.126614 0.023978 0.072733
v -0.126566 0.023899 0.072715
v -0.126475 0.023875 0.072718
v -0.126663 0.023002 0.076122
v -0.126757 0.022917 0.076083
v -0.126606 0.023114 0.076165
v -0.126601 0.023223 0.076200
v -0.126649 0.023299 0.076217
v -0.126738 0.023323 0.076212
v -0.126844 0.023288 0.076187
v -0.126938 0.023203 0.076147
v -0.126995 0.023091 0.076105
v -0.127000 0.022982 0.076070
v -0.126952 0.022906 0.076053
v -0.126863 0.022882 0.076058
v -0.127220 0.021843 0.079700
v -0.127310 0.021760 0.079656
v -0.127166 0.021951 0.079747
v -0.127163 0.022057 0.079784
v -0.127211 0.022131 0.079802
v -0.127298 0.022154 0.079795
v -0.127401 0.022119 0.079765
v -0.127491 0.022037 0.079721
v -0.127545 0.021928 0.079675
v -0.127548 0.021823 0.079638
v -0.127499 0.021749 0.079620
v -0.127412 0.021726 0.079627
v -0.127309 0.021677 0.080160
v -0.127396 0.021598 0.080112
v -0.127257 0.021780 0.080209
v -0.127255 0.021882 0.080249
v -0.127302 0.021954 0.080267
v -0.127387 0.021976 0.080259
v -0.127486 0.021944 0.080227
v -0.127573 0.021865 0.080180
v -0.127624 0.021761 0.080130
v -0.127626 0.021660 0.080091
v -0.127579 0.021588 0.080073
v -0.127495 0.021565 0.080081
v -0.127434 0.021444 0.080751
v -0.127518 0.021369 0.080702
v -0.127384 0.021544 0.080801
v -0.127382 0.021642 0.080841
v -0.127428 0.021712 0.080859
v -0.127510 0.021734 0.080851
v -0.127606 0.021704 0.080818
v -0.127690 0.021628 0.080769
v -0.127740 0.021528 0.080718
v -0.127742 0.021430 0.080679
v -0.127696 0.021360 0.080660
v -0.127614 0.021338 0.080669
v -0.127598 0.021157 0.081463
v -0.127679 0.021084 0.081415
v -0.127550 0.021254 0.081514
v -0.127548 0.021350 0.081553
v -0.127592 0.021418 0.081570
v -0.127672 0.021440 0.081560
v -0.127765 0.021411 0.081527
v -0.127846 0.021338 0.081478
v -0.127894 0.021241 0.081428
v -0.127896 0.021146 0.081389
v -0.127851 0.021078 0.081372
v -0.127772 0.021055 0.081381
v -0.127802 0.020829 0.082287
v -0.127881 0.020758 0.082239
v -0.127756 0.020923 0.082337
v -0.127754 0.021015 0.082374
v -0.127797 0.021082 0.082389
v -0.127874 0.021104 0.082379
v -0.127964 0.021076 0.082345
v -0.128042 0.021006 0.082297
v -0.128089 0.020912 0.082248
v -0.128091 0.020819 0.082210
v -0.128048 0.020753 0.082195
v -0.127971 0.020730 0.082206
v -0.128050 0.020470 0.083212
v -0.128126 0.020402 0.083165
v -0.128004 0.020561 0.083259
v -0.128002 0.020652 0.083295
v -0.128044 0.020717 0.083308
v -0.128118 0.020739 0.083296
v -0.128205 0.020712 0.083262
v -0.128281 0.020644 0.083215
v -0.128326 0.020553 0.083168
v -0.128329 0.020462 0.083133
v -0.128287 0.020397 0.083119
v -0.128213 0.020375 0.083131
v -0.128342 0.020093 0.084227
v -0.128416 0.020027 0.084181
v -0.128298 0.020182 0.084272
v -0.128296 0.020270 0.084305
v -0.128336 0.020334 0.084316
v -0.128407 0.020356 0.084303
v -0.128491 0.020331 0.084269
v -0.128565 0.020265 0.084223
v -0.128609 0.020175 0.084178
v -0.128611 0.020087 0.084145
v -0.128572 0.020024 0.084134
v -0.128500 0.020002 0.084147
v -0.128682 0.019710 0.085321
v -0.128754 0.019647 0.085277
v -0.128639 0.019797 0.085364
v -0.128636 0.019883 0.085394
v -0.128674 0.019945 0.085403
v -0.128743 0.019967 0.085389
v -0.128824 0.019943 0.085355
v -0.128895 0.019879 0.085310
v -0.128938 0.019793 0.085267
v -0.128941 0.019707 0.085237
v -0.128903 0.019644 0.085228
v -0.128835 0.019622 0.085243
v -0.129072 0.019334 0.086485
v -0.129141 0.019272 0.086442
v -0.129030 0.019418 0.086526
v -0.129026 0.019502 0.086553
v -0.129062 0.019563 0.086560
v -0.129128 0.019585 0.086544
v -0.129206 0.019562 0.086510
v -0.129275 0.019500 0.086467
v -0.129317 0.019416 0.086426
v -0.129320 0.019332 0.086399
v -0.129285 0.019271 0.086392
v -0.129219 0.019249 0.086408
v -0.129513 0.018976 0.087708
v -0.129580 0.018916 0.087667
v -0.129472 0.019057 0.087746
v -0.129468 0.019139 0.087770
v -0.129502 0.019198 0.087774
v -0.129564 0.019220 0.087757
v -0.129639 0.019198 0.087723
v -0.129706 0.019138 0.087682
v -0.129747 0.019057 0.087644
v -0.129751 0.018975 0.087620
v -0.129717 0.018916 0.087616
v -0.129655 0.018894 0.087633
v -0.130008 0.018648 0.088980
v -0.130072 0.018590 0.088941
v -0.129968 0.018727 0.089016
v -0.129963 0.018806 0.089036
v -0.129995 0.018864 0.089038
v -0.130054 0.018886 0.089019
v -0.130126 0.018865 0.088985
v -0.130191 0.018807 0.088945
v -0.130231 0.018728 0.088910
v -0.130236 0.018649 0.088889
v -0.130204 0.018591 0.088888
v -0.130144 0.018569 0.088907
v -0.130559 0.018362 0.090291
v -0.130621 0.018307 0.090253
v -0.130520 0.018439 0.090323
v -0.130514 0.018516 0.090341
v -0.130543 0.018572 0.090339
v -0.130600 0.018594 0.090319
v -0.130669 0.018574 0.090285
v -0.130731 0.018518 0.090247
v -0.130770 0.018442 0.090214
v -0.130776 0.018365 0.090197
v -0.130747 0.018308 0.090198
v -0.130690 0.018287 0.090219
v -0.131167 0.018132 0.091625
v -0.131227 0.018078 0.091589
v -0.131128 0.018206 0.091655
v -0.131122 0.018280 0.091671
v -0.131150 0.018335 0.091669
v -0.131205 0.018355 0.091649
v -0.131271 0.018336 0.091616
v -0.131331 0.018283 0.091580
v -0.131369 0.018209 0.091550
v -0.131375 0.018134 0.091534
v -0.131348 0.018080 0.091537
v -0.131293 0.018059 0.091557
v -0.131476 0.018003 0.092345
v -0.131535 0.017951 0.092311
v -0.131439 0.018074 0.092374
v -0.131434 0.018146 0.092391
v -0.131462 0.018198 0.092392
v -0.131516 0.018217 0.092376
v -0.131581 0.018198 0.092347
v -0.131640 0.018146 0.092313
v -0.131677 0.018075 0.092284
v -0.131682 0.018003 0.092267
v -0.131654 0.017951 0.092266
v -0.131600 0.017932 0.092282
v -0.131696 0.017845 0.092997
v -0.131754 0.017794 0.092967
v -0.131660 0.017914 0.093026
v -0.131657 0.017982 0.093046
v -0.131685 0.018032 0.093051
v -0.131739 0.018049 0.093040
v -0.131803 0.018030 0.093017
v -0.131861 0.017979 0.092986
v -0.131897 0.017910 0.092957
v -0.131900 0.017842 0.092937
v -0.131872 0.017792 0.092932
v -0.131818 0.017775 0.092943
v -0.131845 0.017666 0.093601
v -0.131901 0.017617 0.093573
v -0.131811 0.017733 0.093629
v -0.131808 0.017798 0.093650
v -0.131837 0.017845 0.093659
v -0.131890 0.017860 0.093654
v -0.131953 0.017840 0.093634
v -0.132009 0.017790 0.093607
v -0.132043 0.017724 0.093579
v -0.132046 0.017659 0.093558
v -0.132017 0.017612 0.093548
v -0.131964 0.017597 0.093554
v -0.131940 0.017475 0.094170
v -0.131995 0.017426 0.094146
v -0.131907 0.017539 0.094197
v -0.131904 0.017602 0.094219
v -0.131933 0.017646 0.094231
v -0.131984 0.017659 0.094229
v -0.132046 0.017639 0.094214
v -0.132100 0.017590 0.094189
v -0.132133 0.017526 0.094163
v -0.132136 0.017464 0.094140
v -0.132108 0.017420 0.094129
v -0.132056 0.017406 0.094131
v -0.131998 0.017280 0.094719
v -0.132051 0.017232 0.094698
v -0.131966 0.017342 0.094744
v -0.131963 0.017402 0.094766
v -0.131991 0.017444 0.094778
v -0.132041 0.017456 0.094779
v -0.132100 0.017436 0.094767
v -0.132153 0.017388 0.094746
v -0.132185 0.017326 0.094721
v -0.132187 0.017266 0.094699
v -0.132160 0.017224 0.094686
v -0.132110 0.017212 0.094686
v -0.132035 0.017089 0.095262
v -0.132085 0.017043 0.095244
v -0.132004 0.017150 0.095285
v -0.132001 0.017208 0.095304
v -0.132027 0.017248 0.095317
v -0.132076 0.017259 0.095318
v -0.132133 0.017239 0.095308
v -0.132183 0.017193 0.095289
v -0.132214 0.017133 0.095267
v -0.132217 0.017075 0.095247
v -0.132191 0.017034 0.095235
v -0.132142 0.017023 0.095233
v -0.132067 0.016913 0.095812
v -0.132116 0.016868 0.095796
v -0.132037 0.016971 0.095832
v -0.132035 0.017027 0.095849
v -0.132060 0.017067 0.095859
v -0.132106 0.017078 0.095859
v -0.132161 0.017058 0.095850
v -0.132210 0.017013 0.095833
v -0.132239 0.016955 0.095814
v -0.132242 0.016899 0.095797
v -0.132217 0.016860 0.095787
v -0.132171 0.016848 0.095786
v -0.132112 0.016759 0.096382
v -0.132159 0.016716 0.096367
v -0.132083 0.016816 0.096398
v -0.132081 0.016871 0.096412
v -0.132104 0.016909 0.096419
v -0.132149 0.016920 0.096417
v -0.132201 0.016902 0.096408
v -0.132248 0.016858 0.096393
v -0.132276 0.016802 0.096376
v -0.132279 0.016747 0.096363
v -0.132255 0.016709 0.096356
v -0.132211 0.016698 0.096358
v -0.132187 0.016639 0.096985
v -0.132232 0.016597 0.096971
v -0.132159 0.016693 0.096998
v -0.132156 0.016746 0.097007
v -0.132179 0.016784 0.097010
v -0.132220 0.016795 0.097005
v -0.132270 0.016778 0.096995
v -0.132315 0.016736 0.096981
v -0.132343 0.016682 0.096968
v -0.132346 0.016628 0.096959
v -0.132323 0.016591 0.096956
v -0.132282 0.016580 0.096961
v -0.132308 0.016560 0.097633
v -0.132351 0.016521 0.097620
v -0.132282 0.016613 0.097643
v -0.132278 0.016664 0.097648
v -0.132299 0.016700 0.097646
v -0.132338 0.016711 0.097639
v -0.132385 0.016695 0.097627
v -0.132428 0.016655 0.097614
v -0.132455 0.016603 0.097604
v -0.132458 0.016552 0.097599
v -0.132438 0.016516 0.097600
v -0.132399 0.016504 0.097608
v -0.132494 0.016533 0.098338
v -0.132534 0.016495 0.098326
v -0.132468 0.016583 0.098346
v -0.132463 0.016632 0.098347
v -0.132482 0.016666 0.098342
v -0.132518 0.016677 0.098331
v -0.132563 0.016662 0.098318
v -0.132603 0.016624 0.098306
v -0.132629 0.016574 0.098298
v -0.132634 0.016526 0.098296
v -0.132615 0.016491 0.098302
v -0.132579 0.016480 0.098313
v -0.132758 0.016566 0.099112
v -0.132797 0.016530 0.099100
v -0.132733 0.016614 0.099119
v -0.132728 0.016660 0.099118
v -0.132745 0.016693 0.099111
v -0.132779 0.016703 0.099098
v -0.132821 0.016688 0.099084
v -0.132859 0.016652 0.099072
v -0.132884 0.016605 0.099065
v -0.132889 0.016559 0.099066
v -0.132872 0.016526 0.099073
v -0.132838 0.016516 0.099086
v -0.133125 0.016621 0.100097
v -0.133161 0.016587 0.100085
v -0.133102 0.016666 0.100104
v -0.133098 0.016710 0.100104
v -0.133114 0.016741 0.100098
v -0.133146 0.016751 0.100086
v -0.133185 0.016737 0.100072
v -0.133221 0.016703 0.100060
v -0.133245 0.016658 0.100053
v -0.133249 0.016614 0.100052
v -0.133233 0.016583 0.100059
v -0.133201 0.016573 0.100071
v -0.133455 0.016625 0.101026
v -0.133488 0.016593 0.101013
v -0.133433 0.016667 0.101034
v -0.133430 0.016709 0.101036
v -0.133446 0.016738 0.101032
v -0.133476 0.016747 0.101021
v -0.133513 0.016734 0.101008
v -0.133547 0.016702 0.100996
v -0.133569 0.016659 0.100988
v -0.133572 0.016618 0.100985
v -0.133556 0.016589 0.100990
v -0.133526 0.016580 0.101000
v -0.133748 0.016580 0.101905
v -0.133780 0.016550 0.101893
v -0.133729 0.016620 0.101915
v -0.133726 0.016659 0.101919
v -0.133742 0.016686 0.101916
v -0.133771 0.016695 0.101908
v -0.133806 0.016682 0.101896
v -0.133837 0.016652 0.101883
v -0.133857 0.016612 0.101874
v -0.133859 0.016574 0.101870
v -0.133844 0.016546 0.101872
v -0.133815 0.016538 0.101881
v -0.134007 0.016490 0.102742
v -0.134036 0.016462 0.102729
v -0.133989 0.016527 0.102752
v -0.133987 0.016563 0.102758
v -0.134002 0.016589 0.102757
v -0.134030 0.016597 0.102750
v -0.134063 0.016585 0.102739
v -0.134092 0.016557 0.102726
v -0.134110 0.016520 0.102716
v -0.134112 0.016484 0.102710
v -0.134097 0.016458 0.102711
v -0.134069 0.016450 0.102718
v -0.134231 0.016357 0.103539
v -0.134258 0.016331 0.103527
v -0.134215 0.016392 0.103550
v -0.134214 0.016425 0.103557
v -0.134228 0.016449 0.103558
v -0.134254 0.016456 0.103553
v -0.134285 0.016445 0.103543
v -0.134312 0.016419 0.103530
v -0.134328 0.016385 0.103519
v -0.134330 0.016351 0.103512
v -0.134315 0.016328 0.103511
v -0.134289 0.016320 0.103517
v -0.134422 0.016185 0.104303
v -0.134447 0.016161 0.104292
v -0.134407 0.016217 0.104315
v -0.134407 0.016248 0.104323
v -0.134420 0.016269 0.104325
v -0.134445 0.016276 0.104322
v -0.134473 0.016265 0.104312
v -0.134499 0.016241 0.104300
v -0.134513 0.016210 0.104289
v -0.134514 0.016179 0.104281
v -0.134500 0.016158 0.104278
v -0.134476 0.016151 0.104282
v -0.134581 0.015977 0.105039
v -0.134604 0.015954 0.105028
v -0.134567 0.016006 0.105051
v -0.134567 0.016033 0.105060
v -0.134580 0.016053 0.105064
v -0.134602 0.016058 0.105061
v -0.134629 0.016049 0.105053
v -0.134652 0.016027 0.105042
v -0.134665 0.015998 0.105030
v -0.134666 0.015970 0.105021
v -0.134653 0.015951 0.105017
v -0.134630 0.015945 0.105020
v -0.134707 0.015734 0.105752
v -0.134728 0.015714 0.105742
v -0.134695 0.015760 0.105764
v -0.134695 0.015785 0.105773
v -0.134707 0.015803 0.105778
v -0.134728 0.015808 0.105776
v -0.134752 0.015799 0.105769
v -0.134773 0.015779 0.105759
v -0.134785 0.015753 0.105747
v -0.134785 0.015728 0.105738
v -0.134773 0.015710 0.105733
v -0.134752 0.015705 0.105735
v -0.134802 0.015461 0.106447
v -0.134822 0.015443 0.106438
v -0.134791 0.015484 0.106458
v -0.134792 0.015507 0.106468
v -0.134803 0.015522 0.106473
v -0.134822 0.015526 0.106473
v -0.134844 0.015518 0.106467
v -0.134863 0.015500 0.106457
v -0.134874 0.015476 0.106446
v -0.134874 0.015454 0.106436
v -0.134863 0.015439 0.106431
v -0.134844 0.015435 0.106432
v -0.134868 0.015160 0.107129
v -0.134885 0.015143 0.107121
v -0.134858 0.015181 0.107140
v -0.134858 0.015200 0.107149
v -0.134868 0.015214 0.107154
v -0.134885 0.015217 0.107155
v -0.134905 0.015210 0.107150
v -0.134922 0.015193 0.107141
v -0.134932 0.015172 0.107131
v -0.134932 0.015153 0.107122
v -0.134922 0.015139 0.107116
v -0.134905 0.015136 0.107116
v -0.134903 0.014834 0.107804
v -0.134918 0.014819 0.107796
v -0.134894 0.014852 0.107813
v -0.134895 0.014869 0.107822
v -0.134903 0.014881 0.107827
v -0.134919 0.014883 0.107828
v -0.134936 0.014877 0.107824
v -0.134952 0.014862 0.107817
v -0.134960 0.014844 0.107807
v -0.134960 0.014826 0.107798
v -0.134951 0.014815 0.107793
v -0.134936 0.014812 0.107792
v -0.134910 0.014486 0.108475
v -0.134923 0.014473 0.108468
v -0.134902 0.014501 0.108483
v -0.134902 0.014516 0.108491
v -0.134910 0.014526 0.108497
v -0.134924 0.014528 0.108498
v -0.134939 0.014522 0.108495
v -0.134952 0.014509 0.108488
v -0.134960 0.014493 0.108480
v -0.134960 0.014479 0.108472
v -0.134952 0.014469 0.108466
v -0.134938 0.014467 0.108465
v -0.112957 0.034586 0.055184
v -0.112968 0.034176 0.056221
v -0.113191 0.034149 0.056205
v -0.113183 0.034557 0.055174
v -0.112755 0.034685 0.055223
v -0.112768 0.034272 0.056265
v -0.112632 0.034827 0.055278
v -0.112646 0.034411 0.056324
v -0.112619 0.034974 0.055337
v -0.112634 0.034556 0.056382
v -0.112722 0.035087 0.055382
v -0.112735 0.034668 0.056425
v -0.112911 0.035135 0.055401
v -0.112922 0.034717 0.056440
v -0.113137 0.035105 0.055391
v -0.113145 0.034690 0.056423
v -0.113339 0.035006 0.055352
v -0.113345 0.034594 0.056380
v -0.113462 0.034864 0.055297
v -0.113467 0.034455 0.056321
v -0.113475 0.034717 0.055238
v -0.113479 0.034310 0.056262
v -0.113372 0.034604 0.055193
v -0.113378 0.034198 0.056220
v -0.113009 0.033774 0.057220
v -0.113229 0.033750 0.057197
v -0.112812 0.033866 0.057269
v -0.112691 0.034001 0.057332
v -0.112679 0.034144 0.057392
v -0.112779 0.034256 0.057432
v -0.112964 0.034306 0.057442
v -0.113185 0.034282 0.057419
v -0.113382 0.034190 0.057370
v -0.113502 0.034054 0.057307
v -0.113514 0.033912 0.057247
v -0.113414 0.033800 0.057207
v -0.113084 0.033371 0.058192
v -0.113302 0.033351 0.058163
v -0.112890 0.033459 0.058249
v -0.112771 0.033591 0.058316
v -0.112760 0.033731 0.058377
v -0.112858 0.033842 0.058414
v -0.113041 0.033895 0.058419
v -0.113258 0.033874 0.058389
v -0.113452 0.033786 0.058333
v -0.113571 0.033654 0.058265
v -0.113583 0.033514 0.058205
v -0.113484 0.033403 0.058167
v -0.113197 0.032961 0.059150
v -0.113411 0.032944 0.059113
v -0.113006 0.033045 0.059213
v -0.112890 0.033172 0.059286
v -0.112878 0.033310 0.059348
v -0.112976 0.033421 0.059383
v -0.113155 0.033475 0.059382
v -0.113369 0.033458 0.059345
v -0.113560 0.033374 0.059282
v -0.113677 0.033246 0.059209
v -0.113688 0.033109 0.059147
v -0.113591 0.032998 0.059112
v -0.113351 0.032535 0.060105
v -0.113562 0.032522 0.060060
v -0.113164 0.032614 0.060175
v -0.113050 0.032738 0.060253
v -0.113039 0.032873 0.060317
v -0.113135 0.032983 0.060350
v -0.113311 0.033039 0.060343
v -0.113522 0.033026 0.060299
v -0.113709 0.032946 0.060228
v -0.113823 0.032823 0.060150
v -0.113834 0.032688 0.060086
v -0.113738 0.032578 0.060053
v -0.113550 0.032086 0.061068
v -0.113756 0.032077 0.061016
v -0.113366 0.032161 0.061145
v -0.113255 0.032280 0.061228
v -0.113244 0.032412 0.061294
v -0.113339 0.032522 0.061325
v -0.113512 0.032579 0.061313
v -0.113719 0.032570 0.061262
v -0.113902 0.032495 0.061184
v -0.114014 0.032376 0.061101
v -0.114024 0.032244 0.061036
v -0.113930 0.032134 0.061004
v -0.113797 0.031607 0.062051
v -0.113999 0.031600 0.061994
v -0.113617 0.031676 0.062135
v -0.113508 0.031792 0.062223
v -0.113498 0.031921 0.062290
v -0.113591 0.032030 0.062320
v -0.113762 0.032089 0.062303
v -0.113964 0.032083 0.062246
v -0.114143 0.032013 0.062162
v -0.114252 0.031898 0.062074
v -0.114262 0.031769 0.062007
v -0.114169 0.031660 0.061977
v -0.114095 0.031088 0.063067
v -0.114292 0.031085 0.063004
v -0.113919 0.031154 0.063157
v -0.113813 0.031265 0.063248
v -0.113804 0.031391 0.063317
v -0.113896 0.031500 0.063345
v -0.114063 0.031560 0.063325
v -0.114261 0.031557 0.063262
v -0.114436 0.031492 0.063172
v -0.114542 0.031381 0.063081
v -0.114551 0.031254 0.063012
v -0.114459 0.031146 0.062984
v -0.114448 0.030523 0.064127
v -0.114641 0.030523 0.064059
v -0.114276 0.030585 0.064221
v -0.114172 0.030692 0.064316
v -0.114165 0.030816 0.064386
v -0.114255 0.030923 0.064413
v -0.114419 0.030985 0.064390
v -0.114612 0.030985 0.064322
v -0.114784 0.030923 0.064228
v -0.114887 0.030816 0.064133
v -0.114895 0.030692 0.064063
v -0.114805 0.030585 0.064036
v -0.114859 0.029904 0.065242
v -0.115048 0.029906 0.065171
v -0.114691 0.029962 0.065340
v -0.114590 0.030066 0.065438
v -0.114584 0.030187 0.065509
v -0.114672 0.030293 0.065535
v -0.114833 0.030356 0.065509
v -0.115023 0.030359 0.065438
v -0.115190 0.030300 0.065340
v -0.115291 0.030196 0.065243
v -0.115298 0.030075 0.065171
v -0.115209 0.029969 0.065145
v -0.115332 0.029223 0.066425
v -0.115518 0.029227 0.066351
v -0.115168 0.029278 0.066526
v -0.115070 0.029379 0.066625
v -0.115064 0.029497 0.066698
v -0.115151 0.029602 0.066723
v -0.115309 0.029666 0.066695
v -0.115495 0.029670 0.066621
v -0.115659 0.029615 0.066521
v -0.115757 0.029514 0.066421
v -0.115763 0.029395 0.066349
v -0.115676 0.029290 0.066323
v -0.115872 0.028471 0.067689
v -0.116055 0.028475 0.067616
v -0.115710 0.028526 0.067788
v -0.115612 0.028625 0.067885
v -0.115606 0.028743 0.067956
v -0.115693 0.028847 0.067981
v -0.115848 0.028909 0.067954
v -0.116032 0.028913 0.067881
v -0.116194 0.028858 0.067782
v -0.116291 0.028759 0.067684
v -0.116298 0.028641 0.067613
v -0.116211 0.028537 0.067588
v -0.116110 0.028141 0.068289
v -0.116289 0.028142 0.068224
v -0.115952 0.028197 0.068379
v -0.115856 0.028296 0.068468
v -0.115849 0.028411 0.068533
v -0.115932 0.028511 0.068557
v -0.116083 0.028570 0.068532
v -0.116261 0.028571 0.068466
v -0.116420 0.028515 0.068377
v -0.116516 0.028416 0.068288
v -0.116523 0.028301 0.068223
v -0.116440 0.028201 0.068199
v -0.116412 0.027708 0.069143
v -0.116585 0.027707 0.069084
v -0.116257 0.027765 0.069224
v -0.116164 0.027862 0.069305
v -0.116155 0.027975 0.069365
v -0.116235 0.028072 0.069386
v -0.116381 0.028128 0.069364
v -0.116554 0.028128 0.069305
v -0.116709 0.028071 0.069224
v -0.116802 0.027973 0.069143
v -0.116811 0.027861 0.069083
v -0.116731 0.027763 0.069062
v -0.116774 0.027190 0.070231
v -0.116942 0.027189 0.070175
v -0.116625 0.027246 0.070306
v -0.116534 0.027342 0.070381
v -0.116525 0.027451 0.070435
v -0.116601 0.027545 0.070454
v -0.116742 0.027598 0.070434
v -0.116909 0.027597 0.070378
v -0.117058 0.027541 0.070303
v -0.117149 0.027446 0.070228
v -0.117158 0.027337 0.070174
v -0.117082 0.027243 0.070155
v -0.117197 0.026604 0.071533
v -0.117357 0.026602 0.071481
v -0.117053 0.026658 0.071603
v -0.116965 0.026751 0.071673
v -0.116955 0.026857 0.071723
v -0.117028 0.026947 0.071740
v -0.117163 0.026999 0.071720
v -0.117323 0.026997 0.071668
v -0.117467 0.026943 0.071597
v -0.117555 0.026850 0.071528
v -0.117564 0.026744 0.071478
v -0.117492 0.026654 0.071460
v -0.117676 0.025965 0.073031
v -0.117830 0.025963 0.072982
v -0.117538 0.026017 0.073098
v -0.117453 0.026107 0.073162
v -0.117444 0.026209 0.073208
v -0.117513 0.026297 0.073223
v -0.117641 0.026346 0.073203
v -0.117795 0.026345 0.073153
v -0.117933 0.026292 0.073087
v -0.118018 0.026203 0.073022
v -0.118028 0.026100 0.072976
v -0.117959 0.026013 0.072961
v -0.118212 0.025290 0.074707
v -0.118359 0.025289 0.074659
v -0.118079 0.025341 0.074769
v -0.117998 0.025427 0.074830
v -0.117988 0.025526 0.074872
v -0.118053 0.025610 0.074884
v -0.118176 0.025658 0.074864
v -0.118323 0.025656 0.074816
v -0.118455 0.025606 0.074754
v -0.118537 0.025519 0.074694
v -0.118547 0.025421 0.074652
v -0.118482 0.025336 0.074639
v -0.118801 0.024597 0.076541
v -0.118941 0.024595 0.076495
v -0.118675 0.024645 0.076600
v -0.118596 0.024728 0.076656
v -0.118587 0.024823 0.076694
v -0.118648 0.024904 0.076704
v -0.118765 0.024950 0.076684
v -0.118905 0.024948 0.076638
v -0.119031 0.024900 0.076579
v -0.119110 0.024817 0.076523
v -0.119120 0.024723 0.076485
v -0.119058 0.024641 0.076475
v -0.119443 0.023901 0.078514
v -0.119576 0.023899 0.078470
v -0.119322 0.023947 0.078569
v -0.119247 0.024026 0.078621
v -0.119237 0.024117 0.078656
v -0.119295 0.024195 0.078664
v -0.119406 0.024239 0.078643
v -0.119539 0.024238 0.078599
v -0.119660 0.024192 0.078543
v -0.119735 0.024113 0.078491
v -0.119745 0.024022 0.078457
v -0.119687 0.023944 0.078449
v -0.120134 0.023219 0.080608
v -0.120261 0.023218 0.080565
v -0.120020 0.023263 0.080660
v -0.119948 0.023339 0.080707
v -0.119938 0.023426 0.080738
v -0.119993 0.023500 0.080744
v -0.120097 0.023543 0.080722
v -0.120223 0.023542 0.080680
v -0.120338 0.023498 0.080628
v -0.120410 0.023422 0.080580
v -0.120420 0.023335 0.080549
v -0.120365 0.023260 0.080544
v -0.120875 0.022568 0.082802
v -0.120994 0.022567 0.082762
v -0.120766 0.022610 0.082851
v -0.120698 0.022682 0.082895
v -0.120688 0.022765 0.082922
v -0.120738 0.022836 0.082925
v -0.120837 0.022877 0.082903
v -0.120956 0.022876 0.082862
v -0.121064 0.022835 0.082814
v -0.121133 0.022762 0.082770
v -0.121143 0.022680 0.082743
v -0.121092 0.022608 0.082740
v -0.121661 0.021965 0.085080
v -0.121774 0.021965 0.085040
v -0.121559 0.022005 0.085125
v -0.121494 0.022073 0.085165
v -0.121484 0.022152 0.085189
v -0.121531 0.022220 0.085189
v -0.121623 0.022259 0.085167
v -0.121735 0.022258 0.085128
v -0.121837 0.022218 0.085082
v -0.121903 0.022150 0.085042
v -0.121913 0.022071 0.085018
v -0.121866 0.022004 0.085018
v -0.122492 0.021427 0.087418
v -0.122597 0.021427 0.087380
v -0.122396 0.021464 0.087461
v -0.122335 0.021528 0.087499
v -0.122324 0.021602 0.087520
v -0.122368 0.021667 0.087519
v -0.122454 0.021704 0.087496
v -0.122560 0.021703 0.087458
v -0.122656 0.021666 0.087415
v -0.122717 0.021602 0.087378
v -0.122727 0.021528 0.087357
v -0.122683 0.021463 0.087357
v -0.122926 0.021158 0.088591
v -0.123027 0.021158 0.088553
v -0.122833 0.021193 0.088635
v -0.122774 0.021255 0.088672
v -0.122765 0.021327 0.088694
v -0.122808 0.021389 0.088693
v -0.122891 0.021425 0.088671
v -0.122992 0.021425 0.088632
v -0.123084 0.021389 0.088589
v -0.123143 0.021327 0.088551
v -0.123152 0.021256 0.088530
v -0.123110 0.021194 0.088530
v -0.123367 0.020859 0.089733
v -0.123465 0.020859 0.089695
v -0.123279 0.020893 0.089777
v -0.123223 0.020952 0.089816
v -0.123214 0.021021 0.089838
v -0.123256 0.021081 0.089839
v -0.123336 0.021115 0.089817
v -0.123434 0.021116 0.089779
v -0.123522 0.021082 0.089734
v -0.123578 0.021023 0.089696
v -0.123587 0.020954 0.089674
v -0.123545 0.020894 0.089673
v -0.123816 0.020538 0.090851
v -0.123909 0.020538 0.090813
v -0.123731 0.020570 0.090895
v -0.123677 0.020627 0.090934
v -0.123670 0.020693 0.090957
v -0.123710 0.020750 0.090958
v -0.123787 0.020784 0.090937
v -0.123881 0.020785 0.090899
v -0.123966 0.020752 0.090855
v -0.124020 0.020696 0.090816
v -0.124027 0.020630 0.090793
v -0.123987 0.020572 0.090792
v -0.124268 0.020201 0.091948
v -0.124359 0.020202 0.091911
v -0.124187 0.020232 0.091992
v -0.124136 0.020286 0.092031
v -0.124129 0.020350 0.092054
v -0.124168 0.020405 0.092055
v -0.124242 0.020438 0.092034
v -0.124333 0.020439 0.091997
v -0.124414 0.020408 0.091953
v -0.124465 0.020353 0.091915
v -0.124472 0.020290 0.091892
v -0.124433 0.020234 0.091890
v -0.124723 0.019856 0.093029
v -0.124810 0.019857 0.092993
v -0.124645 0.019886 0.093072
v -0.124596 0.019938 0.093109
v -0.124589 0.019999 0.093132
v -0.124627 0.020052 0.093133
v -0.124699 0.020084 0.093113
v -0.124786 0.020085 0.093077
v -0.124864 0.020055 0.093034
v -0.124913 0.020003 0.092997
v -0.124919 0.019942 0.092974
v -0.124882 0.019889 0.092972
v -0.125178 0.019510 0.094096
v -0.125261 0.019511 0.094061
v -0.125102 0.019539 0.094138
v -0.125055 0.019589 0.094174
v -0.125049 0.019647 0.094196
v -0.125085 0.019699 0.094197
v -0.125154 0.019729 0.094178
v -0.125238 0.019730 0.094143
v -0.125313 0.019702 0.094101
v -0.125360 0.019652 0.094065
v -0.125366 0.019593 0.094043
v -0.125330 0.019542 0.094042
v -0.125630 0.019171 0.095155
v -0.125710 0.019172 0.095121
v -0.125557 0.019198 0.095194
v -0.125512 0.019247 0.095229
v -0.125506 0.019303 0.095249
v -0.125540 0.019352 0.095250
v -0.125607 0.019381 0.095232
v -0.125687 0.019383 0.095198
v -0.125759 0.019355 0.095158
v -0.125804 0.019307 0.095124
v -0.125811 0.019250 0.095103
v -0.125776 0.019201 0.095102
v -0.126077 0.018845 0.096208
v -0.126153 0.018846 0.096176
v -0.126007 0.018872 0.096245
v -0.125963 0.018918 0.096278
v -0.125957 0.018973 0.096297
v -0.125990 0.019020 0.096297
v -0.126054 0.019048 0.096279
v -0.126130 0.019049 0.096247
v -0.126200 0.019023 0.096210
v -0.126244 0.018976 0.096177
v -0.126250 0.018922 0.096158
v -0.126217 0.018874 0.096157
v -0.126517 0.018541 0.097259
v -0.126590 0.018542 0.097229
v -0.126449 0.018567 0.097294
v -0.126407 0.018611 0.097324
v -0.126401 0.018664 0.097341
v -0.126432 0.018710 0.097341
v -0.126493 0.018736 0.097324
v -0.126567 0.018737 0.097293
v -0.126634 0.018712 0.097259
v -0.126676 0.018667 0.097229
v -0.126682 0.018614 0.097211
v -0.126651 0.018569 0.097211
v -0.126947 0.018265 0.098313
v -0.127018 0.018266 0.098285
v -0.126882 0.018290 0.098345
v -0.126841 0.018333 0.098372
v -0.126835 0.018384 0.098387
v -0.126864 0.018427 0.098386
v -0.126922 0.018453 0.098370
v -0.126993 0.018453 0.098341
v -0.127057 0.018429 0.098309
v -0.127099 0.018386 0.098282
v -0.127105 0.018335 0.098267
v -0.127075 0.018291 0.098268
v -0.127365 0.018025 0.099373
v -0.127433 0.018026 0.099347
v -0.127303 0.018049 0.099402
v -0.127263 0.018091 0.099426
v -0.127257 0.018139 0.099439
v -0.127284 0.018181 0.099437
v -0.127340 0.018206 0.099421
v -0.127407 0.018206 0.099395
v -0.127469 0.018182 0.099366
v -0.127509 0.018140 0.099342
v -0.127516 0.018092 0.099329
v -0.127488 0.018050 0.099331
v -0.127770 0.017828 0.100443
v -0.127835 0.017829 0.100419
v -0.127710 0.017852 0.100468
v -0.127671 0.017892 0.100489
v -0.127664 0.017938 0.100500
v -0.127690 0.017978 0.100497
v -0.127743 0.018001 0.100481
v -0.127807 0.018001 0.100458
v -0.127867 0.017978 0.100432
v -0.127906 0.017938 0.100411
v -0.127913 0.017892 0.100401
v -0.127887 0.017852 0.100404
v -0.128061 0.017715 0.101268
v -0.128123 0.017715 0.101247
v -0.128003 0.017738 0.101290
v -0.127966 0.017776 0.101308
v -0.127959 0.017820 0.101316
v -0.127983 0.017858 0.101312
v -0.128033 0.017880 0.101298
v -0.128095 0.017880 0.101277
v -0.128152 0.017858 0.101255
v -0.128190 0.017820 0.101238
v -0.128197 0.017775 0.101229
v -0.128173 0.017737 0.101233
v -0.128326 0.017628 0.102084
v -0.128385 0.017628 0.102066
v -0.128271 0.017649 0.102103
v -0.128235 0.017686 0.102118
v -0.128228 0.017727 0.102125
v -0.128251 0.017764 0.102122
v -0.128298 0.017784 0.102109
v -0.128357 0.017784 0.102091
v -0.128412 0.017763 0.102072
v -0.128448 0.017727 0.102056
v -0.128455 0.017685 0.102050
v -0.128432 0.017649 0.102053
v -0.128571 0.017548 0.102898
v -0.128626 0.017548 0.102882
v -0.128519 0.017568 0.102915
v -0.128485 0.017603 0.102929
v -0.128478 0.017642 0.102935
v -0.128500 0.017676 0.102933
v -0.128545 0.017695 0.102922
v -0.128601 0.017695 0.102905
v -0.128653 0.017675 0.102888
v -0.128686 0.017640 0.102874
v -0.128693 0.017601 0.102868
v -0.128671 0.017567 0.102871
v -0.128803 0.017456 0.103717
v -0.128856 0.017456 0.103702
v -0.128754 0.017475 0.103733
v -0.128722 0.017507 0.103746
v -0.128716 0.017544 0.103753
v -0.128737 0.017576 0.103751
v -0.128780 0.017594 0.103742
v -0.128832 0.017594 0.103727
v -0.128881 0.017575 0.103711
v -0.128913 0.017543 0.103698
v -0.128919 0.017506 0.103691
v -0.128898 0.017474 0.103693
v -0.129029 0.017334 0.104548
v -0.129079 0.017334 0.104534
v -0.128984 0.017352 0.104563
v -0.128955 0.017381 0.104576
v -0.128949 0.017416 0.104584
v -0.128969 0.017445 0.104584
v -0.129009 0.017462 0.104576
v -0.129058 0.017461 0.104563
v -0.129104 0.017444 0.104547
v -0.129133 0.017414 0.104534
v -0.129139 0.017380 0.104526
v -0.129119 0.017350 0.104526
v -0.129257 0.017162 0.105398
v -0.129303 0.017162 0.105385
v -0.129215 0.017178 0.105413
v -0.129188 0.017206 0.105427
v -0.129183 0.017237 0.105436
v -0.129202 0.017264 0.105437
v -0.129240 0.017280 0.105431
v -0.129286 0.017279 0.105419
v -0.129328 0.017263 0.105403
v -0.129355 0.017236 0.105390
v -0.129359 0.017204 0.105381
v -0.129340 0.017177 0.105379
v -0.129492 0.016923 0.106275
v -0.129535 0.016922 0.106263
v -0.129454 0.016937 0.106290
v -0.129429 0.016962 0.106304
v -0.129426 0.016991 0.106315
v -0.129444 0.017015 0.106318
v -0.129478 0.017029 0.106313
v -0.129521 0.017029 0.106301
v -0.129559 0.017014 0.106286
v -0.129584 0.016989 0.106271
v -0.129588 0.016961 0.106261
v -0.129570 0.016936 0.106258
v -0.129743 0.016596 0.107185
v -0.129782 0.016596 0.107174
v -0.129707 0.016609 0.107200
v -0.129685 0.016631 0.107216
v -0.129683 0.016656 0.107227
v -0.129699 0.016678 0.107231
v -0.129732 0.016691 0.107228
v -0.129771 0.016691 0.107217
v -0.129806 0.016678 0.107201
v -0.129828 0.016656 0.107186
v -0.129831 0.016630 0.107175
v -0.129814 0.016608 0.107171
v -0.130014 0.016163 0.108137
v -0.130050 0.016163 0.108127
v -0.129983 0.016174 0.108152
v -0.129963 0.016194 0.108168
v -0.129961 0.016216 0.108180
v -0.129977 0.016236 0.108185
v -0.130006 0.016247 0.108182
v -0.130042 0.016247 0.108172
v -0.130073 0.016235 0.108157
v -0.130093 0.016216 0.108141
v -0.130095 0.016194 0.108129
v -0.130079 0.016174 0.108124
v -0.130314 0.015605 0.109136
v -0.130346 0.015605 0.109127
v -0.130286 0.015615 0.109151
v -0.130269 0.015632 0.109167
v -0.130267 0.015651 0.109179
v -0.130282 0.015668 0.109185
v -0.130309 0.015678 0.109183
v -0.130341 0.015678 0.109173
v -0.130369 0.015668 0.109159
v -0.130386 0.015652 0.109143
v -0.130388 0.015632 0.109130
v -0.130373 0.015615 0.109125
v -0.130650 0.014904 0.110191
v -0.130678 0.014904 0.110182
v -0.130625 0.014912 0.110205
v -0.130610 0.014926 0.110220
v -0.130609 0.014942 0.110232
v -0.130622 0.014957 0.110238
v -0.130646 0.014965 0.110237
v -0.130674 0.014966 0.110228
v -0.130699 0.014958 0.110214
v -0.130714 0.014944 0.110199
v -0.130715 0.014927 0.110186
v -0.130702 0.014913 0.110180
v -0.131027 0.014039 0.111306
v -0.131052 0.014040 0.111298
v -0.131005 0.014046 0.111319
v -0.130992 0.014058 0.111334
v -0.130992 0.014071 0.111345
v -0.131004 0.014084 0.111351
v -0.131025 0.014091 0.111350
v -0.131050 0.014091 0.111342
v -0.131071 0.014085 0.111329
v -0.131084 0.014073 0.111315
v -0.131085 0.014060 0.111303
v -0.131073 0.014047 0.111297
v -0.113029 0.034070 0.056493
v -0.112993 0.033872 0.057467
v -0.113172 0.033851 0.057469
v -0.113215 0.034047 0.056497
v -0.112862 0.034154 0.056498
v -0.112832 0.033951 0.057480
v -0.112758 0.034276 0.056511
v -0.112731 0.034067 0.057503
v -0.112745 0.034405 0.056529
v -0.112719 0.034188 0.057532
v -0.112827 0.034505 0.056546
v -0.112797 0.034282 0.057557
v -0.112981 0.034549 0.056559
v -0.112945 0.034324 0.057572
v -0.113167 0.034526 0.056563
v -0.113124 0.034303 0.057574
v -0.113335 0.034443 0.056558
v -0.113285 0.034224 0.057561
v -0.113439 0.034320 0.056545
v -0.113385 0.034108 0.057538
v -0.113452 0.034192 0.056527
v -0.113398 0.033987 0.057510
v -0.113370 0.034092 0.056510
v -0.113320 0.033893 0.057485
v -0.112937 0.033443 0.059162
v -0.113108 0.033423 0.059162
v -0.112783 0.033518 0.059178
v -0.112686 0.033627 0.059204
v -0.112674 0.033743 0.059235
v -0.112749 0.033833 0.059261
v -0.112891 0.033873 0.059276
v -0.113062 0.033853 0.059276
v -0.113217 0.033778 0.059261
v -0.113313 0.033668 0.059234
v -0.113325 0.033553 0.059204
v -0.113251 0.033463 0.059177
v -0.112882 0.032815 0.061468
v -0.113045 0.032796 0.061466
v -0.112734 0.032886 0.061485
v -0.112641 0.032990 0.061512
v -0.112629 0.033100 0.061543
v -0.112701 0.033186 0.061569
v -0.112837 0.033225 0.061582
v -0.113001 0.033206 0.061580
v -0.113149 0.033135 0.061563
v -0.113241 0.033031 0.061535
v -0.113253 0.032921 0.061505
v -0.113181 0.032835 0.061479
v -0.112845 0.032020 0.064280
v -0.113001 0.032003 0.064277
v -0.112704 0.032088 0.064299
v -0.112615 0.032187 0.064327
v -0.112604 0.032292 0.064357
v -0.112672 0.032374 0.064381
v -0.112802 0.032411 0.064393
v -0.112959 0.032394 0.064389
v -0.113100 0.032326 0.064371
v -0.113188 0.032227 0.064343
v -0.113200 0.032122 0.064313
v -0.113131 0.032041 0.064288
v -0.112846 0.031091 0.067500
v -0.112995 0.031075 0.067494
v -0.112712 0.031154 0.067520
v -0.112627 0.031248 0.067548
v -0.112617 0.031348 0.067577
v -0.112682 0.031426 0.067600
v -0.112806 0.031462 0.067610
v -0.112955 0.031446 0.067604
v -0.113089 0.031383 0.067584
v -0.113173 0.031289 0.067556
v -0.113184 0.031189 0.067527
v -0.113119 0.031111 0.067504
v -0.112904 0.030057 0.071027
v -0.113046 0.030043 0.071019
v -0.112776 0.030117 0.071048
v -0.112696 0.030206 0.071076
v -0.112686 0.030300 0.071104
v -0.112748 0.030375 0.071125
v -0.112866 0.030410 0.071132
v -0.113008 0.030396 0.071125
v -0.113135 0.030336 0.071104
v -0.113215 0.030247 0.071075
v -0.113226 0.030152 0.071047
v -0.113164 0.030078 0.071026
v -0.113038 0.028952 0.074760
v -0.113172 0.028939 0.074750
v -0.112917 0.029007 0.074782
v -0.112841 0.029091 0.074811
v -0.112831 0.029181 0.074838
v -0.112890 0.029252 0.074857
v -0.113002 0.029285 0.074862
v -0.113136 0.029273 0.074852
v -0.113257 0.029217 0.074829
v -0.113333 0.029133 0.074800
v -0.113342 0.029043 0.074773
v -0.113284 0.028972 0.074755
v -0.113266 0.027804 0.078600
v -0.113393 0.027793 0.078587
v -0.113152 0.027856 0.078624
v -0.113081 0.027935 0.078653
v -0.113072 0.028019 0.078679
v -0.113127 0.028087 0.078696
v -0.113232 0.028120 0.078698
v -0.113359 0.028108 0.078685
v -0.113473 0.028057 0.078661
v -0.113545 0.027978 0.078632
v -0.113554 0.027893 0.078606
v -0.113498 0.027826 0.078589
v -0.113608 0.026648 0.082447
v -0.113727 0.026638 0.082431
v -0.113501 0.026695 0.082473
v -0.113434 0.026769 0.082502
v -0.113425 0.026848 0.082528
v -0.113477 0.026912 0.082541
v -0.113576 0.026944 0.082541
v -0.113695 0.026935 0.082525
v -0.113803 0.026887 0.082499
v -0.113870 0.026813 0.082469
v -0.113878 0.026734 0.082444
v -0.113826 0.026670 0.082430
v -0.114082 0.025512 0.086201
v -0.114194 0.025505 0.086182
v -0.113982 0.025556 0.086229
v -0.113920 0.025624 0.086260
v -0.113912 0.025698 0.086284
v -0.113960 0.025759 0.086295
v -0.114053 0.025790 0.086290
v -0.114164 0.025782 0.086271
v -0.114264 0.025739 0.086243
v -0.114326 0.025670 0.086213
v -0.114334 0.025596 0.086189
v -0.114286 0.025535 0.086178
v -0.114708 0.024429 0.089762
v -0.114811 0.024424 0.089739
v -0.114615 0.024469 0.089794
v -0.114557 0.024531 0.089825
v -0.114550 0.024601 0.089848
v -0.114595 0.024658 0.089856
v -0.114680 0.024688 0.089848
v -0.114783 0.024683 0.089825
v -0.114876 0.024644 0.089793
v -0.114934 0.024581 0.089762
v -0.114941 0.024511 0.089739
v -0.114896 0.024454 0.089731
v -0.115503 0.023431 0.093030
v -0.115598 0.023427 0.093004
v -0.115418 0.023466 0.093064
v -0.115365 0.023523 0.093096
v -0.115358 0.023588 0.093118
v -0.115400 0.023641 0.093124
v -0.115478 0.023671 0.093112
v -0.115573 0.023667 0.093086
v -0.115658 0.023632 0.093052
v -0.115711 0.023575 0.093020
v -0.115718 0.023510 0.092998
v -0.115676 0.023457 0.092992
v -0.115616 0.023311 0.093414
v -0.115707 0.023309 0.093386
v -0.115534 0.023345 0.093449
v -0.115483 0.023400 0.093481
v -0.115477 0.023462 0.093503
v -0.115517 0.023514 0.093509
v -0.115592 0.023543 0.093496
v -0.115683 0.023540 0.093468
v -0.115765 0.023507 0.093434
v -0.115816 0.023452 0.093401
v -0.115822 0.023390 0.093379
v -0.115782 0.023337 0.093374
v -0.115794 0.023117 0.094019
v -0.115883 0.023114 0.093993
v -0.115715 0.023149 0.094053
v -0.115666 0.023202 0.094085
v -0.115660 0.023263 0.094106
v -0.115699 0.023313 0.094112
v -0.115772 0.023341 0.094099
v -0.115860 0.023338 0.094072
v -0.115939 0.023306 0.094038
v -0.115988 0.023253 0.094007
v -0.115994 0.023193 0.093985
v -0.115956 0.023142 0.093980
v -0.116032 0.022860 0.094823
v -0.116118 0.022857 0.094797
v -0.115956 0.022891 0.094856
v -0.115908 0.022943 0.094887
v -0.115902 0.023001 0.094907
v -0.115939 0.023050 0.094912
v -0.116010 0.023077 0.094900
v -0.116095 0.023074 0.094874
v -0.116172 0.023043 0.094841
v -0.116220 0.022991 0.094810
v -0.116226 0.022933 0.094790
v -0.116188 0.022884 0.094785
v -0.116322 0.022552 0.095802
v -0.116404 0.022550 0.095777
v -0.116248 0.022583 0.095833
v -0.116202 0.022632 0.095862
v -0.116196 0.022689 0.095882
v -0.116232 0.022736 0.095886
v -0.116300 0.022762 0.095874
v -0.116383 0.022760 0.095849
v -0.116457 0.022729 0.095818
v -0.116503 0.022680 0.095788
v -0.116509 0.022623 0.095769
v -0.116473 0.022576 0.095765
v -0.116657 0.022207 0.096931
v -0.116736 0.022204 0.096907
v -0.116585 0.022236 0.096961
v -0.116540 0.022284 0.096989
v -0.116535 0.022339 0.097007
v -0.116569 0.022384 0.097011
v -0.116635 0.022410 0.096999
v -0.116714 0.022407 0.096975
v -0.116786 0.022378 0.096945
v -0.116831 0.022330 0.096917
v -0.116836 0.022275 0.096899
v -0.116802 0.022230 0.096895
v -0.117029 0.021835 0.098188
v -0.117105 0.021833 0.098165
v -0.116960 0.021864 0.098217
v -0.116916 0.021910 0.098243
v -0.116911 0.021963 0.098260
v -0.116944 0.022007 0.098263
v -0.117007 0.022031 0.098252
v -0.117084 0.022029 0.098229
v -0.117153 0.022001 0.098200
v -0.117196 0.021954 0.098174
v -0.117202 0.021902 0.098157
v -0.117168 0.021858 0.098153
v -0.117431 0.021451 0.099549
v -0.117504 0.021448 0.099527
v -0.117364 0.021478 0.099576
v -0.117323 0.021523 0.099601
v -0.117317 0.021573 0.099617
v -0.117349 0.021616 0.099619
v -0.117410 0.021640 0.099608
v -0.117483 0.021638 0.099586
v -0.117550 0.021610 0.099558
v -0.117591 0.021565 0.099534
v -0.117597 0.021515 0.099518
v -0.117565 0.021472 0.099515
v -0.117856 0.021064 0.100990
v -0.117927 0.021062 0.100969
v -0.117792 0.021091 0.101016
v -0.117752 0.021134 0.101039
v -0.117746 0.021183 0.101053
v -0.117777 0.021224 0.101055
v -0.117835 0.021247 0.101044
v -0.117906 0.021245 0.101023
v -0.117970 0.021218 0.100997
v -0.118010 0.021175 0.100974
v -0.118016 0.021126 0.100959
v -0.117985 0.021085 0.100957
v -0.118297 0.020689 0.102488
v -0.118365 0.020687 0.102467
v -0.118236 0.020714 0.102512
v -0.118197 0.020756 0.102534
v -0.118191 0.020803 0.102547
v -0.118220 0.020843 0.102548
v -0.118276 0.020865 0.102537
v -0.118344 0.020863 0.102516
v -0.118405 0.020837 0.102492
v -0.118444 0.020795 0.102471
v -0.118450 0.020749 0.102457
v -0.118421 0.020709 0.102456
v -0.118747 0.020337 0.104019
v -0.118812 0.020335 0.103999
v -0.118688 0.020361 0.104042
v -0.118651 0.020401 0.104061
v -0.118645 0.020447 0.104073
v -0.118673 0.020485 0.104073
v -0.118726 0.020506 0.104062
v -0.118791 0.020504 0.104043
v -0.118850 0.020479 0.104020
v -0.118887 0.020439 0.104000
v -0.118893 0.020394 0.103989
v -0.118865 0.020356 0.103988
v -0.119199 0.020020 0.105560
v -0.119261 0.020018 0.105541
v -0.119142 0.020044 0.105581
v -0.119106 0.020082 0.105599
v -0.119100 0.020126 0.105609
v -0.119126 0.020162 0.105608
v -0.119177 0.020182 0.105597
v -0.119239 0.020181 0.105579
v -0.119296 0.020157 0.105558
v -0.119332 0.020119 0.105540
v -0.119337 0.020075 0.105530
v -0.119311 0.020038 0.105530
v -0.119644 0.019751 0.107086
v -0.119703 0.019750 0.107069
v -0.119590 0.019774 0.107106
v -0.119555 0.019811 0.107122
v -0.119550 0.019852 0.107131
v -0.119574 0.019887 0.107129
v -0.119623 0.019907 0.107119
v -0.119682 0.019905 0.107101
v -0.119736 0.019882 0.107082
v -0.119770 0.019845 0.107065
v -0.119776 0.019804 0.107057
v -0.119751 0.019769 0.107058
v -0.120068 0.019522 0.108548
v -0.120124 0.019520 0.108532
v -0.120017 0.019543 0.108567
v -0.119984 0.019578 0.108582
v -0.119978 0.019618 0.108590
v -0.120002 0.019651 0.108588
v -0.120048 0.019669 0.108578
v -0.120104 0.019667 0.108562
v -0.120155 0.019646 0.108543
v -0.120188 0.019611 0.108528
v -0.120194 0.019571 0.108520
v -0.120170 0.019538 0.108522
v -0.120486 0.019291 0.110005
v -0.120539 0.019290 0.109990
v -0.120437 0.019312 0.110022
v -0.120406 0.019345 0.110037
v -0.120401 0.019382 0.110044
v -0.120423 0.019414 0.110043
v -0.120467 0.019431 0.110034
v -0.120520 0.019430 0.110018
v -0.120569 0.019409 0.110001
v -0.120600 0.019376 0.109987
v -0.120605 0.019339 0.109979
v -0.120583 0.019307 0.109980
v -0.120896 0.019050 0.111460
v -0.120946 0.019049 0.111446
v -0.120850 0.019070 0.111477
v -0.120820 0.019101 0.111490
v -0.120815 0.019136 0.111498
v -0.120836 0.019166 0.111497
v -0.120878 0.019183 0.111489
v -0.120928 0.019181 0.111474
v -0.120974 0.019162 0.111458
v -0.121004 0.019130 0.111444
v -0.121009 0.019095 0.111437
v -0.120987 0.019065 0.111438
v -0.121295 0.018788 0.112917
v -0.121343 0.018787 0.112904
v -0.121252 0.018806 0.112932
v -0.121224 0.018836 0.112946
v -0.121220 0.018869 0.112953
v -0.121240 0.018897 0.112953
v -0.121279 0.018912 0.112946
v -0.121326 0.018911 0.112933
v -0.121370 0.018893 0.112917
v -0.121397 0.018863 0.112904
v -0.121402 0.018830 0.112897
v -0.121382 0.018802 0.112897
v -0.121683 0.018494 0.114379
v -0.121728 0.018492 0.114367
v -0.121642 0.018511 0.114393
v -0.121616 0.018539 0.114406
v -0.121612 0.018570 0.114414
v -0.121631 0.018596 0.114415
v -0.121668 0.018610 0.114408
v -0.121713 0.018608 0.114396
v -0.121753 0.018591 0.114382
v -0.121779 0.018564 0.114369
v -0.121783 0.018533 0.114362
v -0.121764 0.018507 0.114361
v -0.122057 0.018158 0.115850
v -0.122099 0.018156 0.115839
v -0.122018 0.018173 0.115863
v -0.121994 0.018199 0.115875
v -0.121991 0.018228 0.115884
v -0.122009 0.018252 0.115885
v -0.122043 0.018265 0.115880
v -0.122085 0.018264 0.115869
v -0.122123 0.018248 0.115856
v -0.122147 0.018222 0.115843
v -0.122151 0.018193 0.115835
v -0.122133 0.018169 0.115834
v -0.122415 0.017768 0.117332
v -0.122454 0.017766 0.117323
v -0.122379 0.017783 0.117345
v -0.122357 0.017807 0.117357
v -0.122354 0.017833 0.117365
v -0.122371 0.017856 0.117367
v -0.122403 0.017867 0.117363
v -0.122442 0.017866 0.117354
v -0.122478 0.017851 0.117341
v -0.122500 0.017827 0.117329
v -0.122503 0.017801 0.117321
v -0.122486 0.017778 0.117318
v -0.122756 0.017315 0.118830
v -0.122792 0.017314 0.118822
v -0.122723 0.017329 0.118842
v -0.122702 0.017351 0.118853
v -0.122700 0.017375 0.118862
v -0.122716 0.017395 0.118865
v -0.122746 0.017406 0.118862
v -0.122782 0.017404 0.118854
v -0.122815 0.017391 0.118842
v -0.122835 0.017369 0.118830
v -0.122838 0.017344 0.118822
v -0.122822 0.017324 0.118819
v -0.123077 0.016788 0.120347
v -0.123110 0.016786 0.120339
v -0.123047 0.016801 0.120357
v -0.123028 0.016820 0.120369
v -0.123026 0.016842 0.120377
v -0.123041 0.016861 0.120381
v -0.123069 0.016870 0.120379
v -0.123102 0.016869 0.120372
v -0.123132 0.016856 0.120361
v -0.123151 0.016837 0.120350
v -0.123153 0.016814 0.120341
v -0.123138 0.016796 0.120337
v -0.123377 0.016177 0.121886
v -0.123408 0.016175 0.121879
v -0.123350 0.016188 0.121895
v -0.123333 0.016206 0.121906
v -0.123331 0.016225 0.121915
v -0.123345 0.016242 0.121919
v -0.123370 0.016250 0.121918
v -0.123401 0.016249 0.121912
v -0.123428 0.016237 0.121902
v -0.123445 0.016219 0.121891
v -0.123447 0.016200 0.121883
v -0.123433 0.016183 0.121878
v -0.123655 0.015470 0.123450
v -0.123682 0.015468 0.123445
v -0.123630 0.015480 0.123459
v -0.123615 0.015496 0.123469
v -0.123613 0.015513 0.123478
v -0.123626 0.015527 0.123483
v -0.123649 0.015535 0.123482
v -0.123676 0.015533 0.123477
v -0.123701 0.015523 0.123468
v -0.123716 0.015507 0.123458
v -0.123718 0.015490 0.123449
v -0.123705 0.015475 0.123444
v -0.123907 0.014657 0.125043
v -0.123932 0.014655 0.125039
v -0.123885 0.014666 0.125051
v -0.123872 0.014680 0.125061
v -0.123871 0.014695 0.125069
v -0.123882 0.014707 0.125074
v -0.123902 0.014714 0.125075
v -0.123927 0.014712 0.125070
v -0.123949 0.014703 0.125062
v -0.123962 0.014689 0.125053
v -0.123964 0.014674 0.125044
v -0.123953 0.014661 0.125039
vn -0.128900 -0.472400 0.871900
vn -0.128700 -0.471100 0.872600
vn -0.131200 -0.463500 0.876400
vn -0.128200 -0.472400 0.872000
vn -0.128000 -0.474400 0.871000
vn -0.128700 -0.471500 0.872400
vn -0.128200 -0.475300 0.870400
vn -0.129000 -0.472300 0.872000
vn -0.128500 -0.475800 0.870100
vn -0.128300 -0.476000 0.870000
vn -0.129200 -0.470500 0.872900
vn -0.134700 -0.455800 0.879800
vn -0.039700 0.140400 -0.989300
vn -0.039700 0.140200 -0.989300
vn -0.039400 0.139400 -0.989500
vn -0.039700 0.140300 -0.989300
vn -0.039800 0.140400 -0.989300
vn -0.039800 0.140200 -0.989300
vn -0.039900 0.140700 -0.989200
vn -0.258700 -0.615300 0.744600
vn -0.258200 -0.616600 0.743700
vn -0.261300 -0.610300 0.747900
vn -0.256100 -0.621300 0.740500
vn -0.258200 -0.618500 0.742200
vn -0.257300 -0.619900 0.741300
vn -0.258200 -0.618600 0.742100
vn -0.258600 -0.617900 0.742500
vn -0.258200 -0.617900 0.742600
vn -0.258100 -0.618900 0.741800
vn -0.260400 -0.614300 0.744900
vn -0.253900 -0.630600 0.733400
vn -0.004200 0.369000 -0.929400
vn -0.004100 0.368200 -0.929700
vn -0.003500 0.367000 -0.930200
vn -0.004000 0.368100 -0.929800
vn -0.004000 0.368200 -0.929700
vn -0.004100 0.368400 -0.929700
vn -0.004100 0.368400 -0.929600
vn -0.004100 0.368500 -0.929600
vn -0.003900 0.368000 -0.929800
vn 0.012900 -0.473600 0.880700
vn 0.013100 -0.472700 0.881100
vn 0.012300 -0.466500 0.884400
vn 0.013300 -0.473400 0.880700
vn 0.013300 -0.474200 0.880300
vn 0.013400 -0.474300 0.880300
vn 0.013000 -0.474200 0.880300
vn 0.012500 -0.471700 0.881700
vn 0.012100 -0.471900 0.881600
vn 0.011900 -0.469400 0.882900
vn 0.012800 -0.473200 0.880800
vn 0.012300 -0.470200 0.882500
vn 0.123300 0.193800 -0.973300
vn 0.123400 0.193600 -0.973300
vn 0.123400 0.193900 -0.973200
vn 0.123300 0.194000 -0.973200
vn 0.123300 0.193900 -0.973200
vn 0.123300 0.193600 -0.973300
vn -0.366200 -0.596800 0.714000
vn -0.360900 -0.607000 0.708000
vn -0.373100 -0.592900 0.713600
vn -0.367900 -0.593200 0.716100
vn -0.365800 -0.597600 0.713500
vn -0.366100 -0.598500 0.712600
vn -0.366000 -0.598600 0.712600
vn -0.365700 -0.597900 0.713300
vn -0.368100 -0.593100 0.716000
vn -0.365600 -0.596100 0.714800
vn -0.364300 -0.598900 0.713200
vn -0.363800 -0.598000 0.714200
vn 0.314100 0.417000 -0.852900
vn 0.314100 0.416900 -0.853000
vn 0.314100 0.416800 -0.853000
vn 0.314200 0.416800 -0.853000
vn 0.314000 0.417000 -0.852900
vn 0.314100 0.416700 -0.853100
vn 0.314000 0.417000 -0.853000
vn -0.116600 -0.236300 0.964700
vn -0.117100 -0.233300 0.965300
vn -0.116200 -0.239000 0.964100
vn -0.117100 -0.233800 0.965200
vn -0.117000 -0.233900 0.965200
vn -0.117000 -0.233600 0.965300
vn -0.117100 -0.233100 0.965400
vn -0.117000 -0.233500 0.965300
vn -0.117200 -0.232100 0.965600
vn -0.116100 -0.236200 0.964700
vn -0.116300 -0.232900 0.965500
vn 0.110000 0.616000 -0.780100
vn 0.110300 0.615000 -0.780700
vn 0.110300 0.615500 -0.780400
vn 0.110000 0.616000 -0.780000
vn 0.110000 0.615900 -0.780100
vn 0.110100 0.615700 -0.780200
vn 0.110000 0.615800 -0.780200
vn 0.109900 0.616200 -0.779900
vn 0.109900 0.616600 -0.779600
vn -0.464600 -0.347500 0.814500
vn -0.464700 -0.346300 0.815000
vn -0.467700 -0.342300 0.814900
vn -0.464400 -0.346700 0.815000
vn -0.464400 -0.346600 0.815000
vn -0.463900 -0.347100 0.815000
vn -0.464400 -0.345800 0.815300
vn -0.463700 -0.347700 0.814900
vn -0.463900 -0.346700 0.815200
vn -0.464000 -0.346700 0.815100
vn -0.464600 -0.342900 0.816400
vn -0.464800 -0.345500 0.815200
vn 0.194200 0.596200 -0.779000
vn 0.193900 0.597100 -0.778400
vn 0.193400 0.597400 -0.778300
vn 0.193800 0.597300 -0.778300
vn 0.193900 0.597000 -0.778400
vn 0.193900 0.596800 -0.778600
vn 0.194000 0.596700 -0.778700
vn 0.194000 0.596700 -0.778600
vn 0.194000 0.596900 -0.778500
vn 0.193300 0.598000 -0.777800
vn -0.222300 -0.310800 0.924100
vn -0.222100 -0.311500 0.923900
vn -0.222400 -0.312000 0.923700
vn -0.221900 -0.311000 0.924100
vn -0.222000 -0.310700 0.924200
vn -0.221900 -0.310800 0.924200
vn -0.221800 -0.311200 0.924100
vn -0.222300 -0.310100 0.924300
vn -0.222100 -0.312000 0.923800
vn -0.223100 -0.309600 0.924300
vn -0.222600 -0.313400 0.923200
vn -0.224000 -0.309600 0.924100
vn -0.373000 0.394000 -0.840000
vn -0.373000 0.393900 -0.840100
vn -0.373100 0.394500 -0.839800
vn -0.373000 0.393900 -0.840000
vn -0.373100 0.393800 -0.840100
vn -0.373100 0.393900 -0.840000
vn -0.643600 -0.761500 -0.076100
vn -0.650000 -0.754500 -0.090800
vn -0.854600 -0.508800 0.103800
vn -0.846900 -0.517300 0.122800
vn -0.348400 -0.900300 -0.261100
vn -0.353200 -0.895900 -0.269500
vn 0.118000 -0.888400 -0.443700
vn 0.116300 -0.889100 -0.442700
vn 0.684700 -0.525700 -0.504900
vn 0.689300 -0.531700 -0.492200
vn 0.940000 0.072000 -0.333600
vn 0.947200 0.064600 -0.314200
vn 0.857600 0.504200 -0.101500
vn 0.863800 0.496900 -0.083200
vn 0.655400 0.749300 0.094800
vn 0.660200 0.743100 0.108900
vn 0.363200 0.888300 0.281100
vn 0.366100 0.884600 0.288900
vn -0.097600 0.877600 0.469400
vn -0.098000 0.878600 0.467300
vn -0.666200 0.516700 0.537700
vn -0.672200 0.523500 0.523600
vn -0.928400 -0.085100 0.361800
vn -0.936800 -0.076200 0.341400
vn -0.661900 -0.739700 -0.121600
vn -0.868900 -0.490600 0.066300
vn -0.361200 -0.886400 -0.289500
vn 0.114800 -0.888500 -0.444400
vn 0.696800 -0.542400 -0.469400
vn 0.959500 0.047900 -0.277500
vn 0.875800 0.480300 -0.047200
vn 0.669800 0.729500 0.138300
vn 0.371700 0.876000 0.307400
vn -0.099100 0.878700 0.467000
vn -0.681800 0.535600 0.498300
vn -0.951400 -0.057400 0.302700
vn -0.672700 -0.723500 -0.154900
vn -0.881200 -0.472000 0.028200
vn -0.369100 -0.874800 -0.313700
vn 0.111900 -0.885200 -0.451500
vn 0.701800 -0.551100 -0.451400
vn 0.969600 0.031600 -0.242800
vn 0.886400 0.462800 -0.010400
vn 0.678900 0.714100 0.170600
vn 0.378000 0.864900 0.330300
vn -0.098000 0.875900 0.472500
vn -0.688300 0.545300 0.478500
vn -0.963000 -0.039500 0.266500
vn -0.682500 -0.705500 -0.191100
vn -0.891800 -0.452200 -0.011100
vn -0.377000 -0.860900 -0.341700
vn 0.108500 -0.879700 -0.462900
vn 0.705400 -0.558400 -0.436600
vn 0.977900 0.014700 -0.208700
vn 0.895800 0.443700 0.028000
vn 0.687500 0.696400 0.205800
vn 0.384500 0.851200 0.357200
vn -0.095900 0.870600 0.482600
vn -0.692800 0.553400 0.462300
vn -0.972600 -0.021600 0.231300
vn -0.691300 -0.684900 -0.230300
vn -0.901100 -0.430500 -0.052500
vn -0.384200 -0.844400 -0.373400
vn 0.104900 -0.872100 -0.478000
vn 0.707800 -0.565100 -0.423900
vn 0.984700 -0.003300 -0.174300
vn 0.903800 0.422400 0.068500
vn 0.695200 0.676100 0.244100
vn 0.390600 0.834800 0.388000
vn -0.093200 0.862900 0.496700
vn -0.695900 0.560700 0.448700
vn -0.980600 -0.002800 0.196100
vn -0.698800 -0.661400 -0.272700
vn -0.908700 -0.406200 -0.096100
vn -0.390300 -0.825000 -0.408800
vn 0.101800 -0.862100 -0.496400
vn 0.709400 -0.571400 -0.412700
vn 0.990000 -0.022800 -0.138900
vn 0.910400 0.398300 0.111500
vn 0.701600 0.652700 0.285800
vn 0.395800 0.815300 0.422600
vn -0.090500 0.852800 0.514300
vn -0.697900 0.567400 0.437100
vn -0.986900 0.017400 0.160200
vn -0.704400 -0.634300 -0.318500
vn -0.914500 -0.378700 -0.142500
vn -0.394900 -0.802200 -0.447800
vn 0.099400 -0.849700 -0.517900
vn 0.710400 -0.577200 -0.402600
vn 0.993800 -0.044400 -0.102300
vn 0.915200 0.371100 0.157200
vn 0.706400 0.625700 0.330900
vn 0.399800 0.792400 0.460800
vn -0.088400 0.840200 0.535100
vn -0.699200 0.573500 0.426800
vn -0.991600 0.039500 0.123100
vn -0.707700 -0.603300 -0.367600
vn -0.917900 -0.347600 -0.191600
vn -0.397700 -0.775600 -0.490200
vn 0.097900 -0.834600 -0.542100
vn 0.710900 -0.583000 -0.393300
vn 0.995600 -0.068500 -0.064200
vn 0.917600 0.340100 0.205800
vn 0.708900 0.594500 0.379500
vn 0.402000 0.765400 0.502500
vn -0.087100 0.824700 0.558900
vn -0.699900 0.579400 0.417600
vn -0.994300 0.064000 0.084800
vn -0.708000 -0.567700 -0.420100
vn -0.918300 -0.312200 -0.243400
vn -0.398100 -0.744600 -0.535800
vn 0.097500 -0.816500 -0.569000
vn 0.710700 -0.588900 -0.384800
vn 0.995100 -0.095700 -0.024600
vn 0.917100 0.304700 0.257100
vn 0.708400 0.558700 0.431200
vn 0.401800 0.734100 0.547500
vn -0.087200 0.806100 0.585400
vn -0.700100 0.585100 0.409300
vn -0.994800 0.091300 0.045000
vn -0.704700 -0.526900 -0.475200
vn -0.915100 -0.272100 -0.297600
vn -0.395200 -0.708800 -0.584300
vn 0.099100 -0.795200 -0.598200
vn 0.710000 -0.594900 -0.376900
vn 0.991900 -0.126100 0.016200
vn 0.913000 0.264500 0.310600
vn 0.704300 0.517700 0.485700
vn 0.398100 0.697900 0.595300
vn -0.089300 0.784100 0.614100
vn -0.699600 0.590800 0.401800
vn -0.992500 0.122000 0.004100
vn -0.696800 -0.480500 -0.532500
vn -0.907600 -0.226600 -0.353300
vn -0.388100 -0.668000 -0.635000
vn 0.103700 -0.770500 -0.629000
vn 0.709000 -0.600800 -0.369300
vn 0.985400 -0.160100 0.058000
vn 0.904500 0.219200 0.365700
vn 0.695600 0.471300 0.542200
vn 0.390100 0.656900 0.645200
vn -0.094300 0.758600 0.644700
vn -0.698800 0.596300 0.395000
vn -0.987000 0.156200 -0.037500
vn -0.684900 -0.449700 -0.573300
vn -0.893800 -0.188300 -0.407000
vn -0.380100 -0.649200 -0.658800
vn 0.103000 -0.771700 -0.627500
vn 0.696100 -0.631800 -0.340900
vn 0.973100 -0.207400 0.100000
vn 0.896100 0.176700 0.407000
vn 0.690400 0.439400 0.574700
vn 0.388900 0.639700 0.663000
vn -0.091500 0.765000 0.637500
vn -0.694500 0.627600 0.351900
vn -0.975600 0.196400 -0.098300
vn -0.684300 -0.455100 -0.569800
vn -0.881800 -0.168100 -0.440500
vn -0.390900 -0.679900 -0.620400
vn 0.078400 -0.829000 -0.553700
vn 0.661700 -0.705500 -0.254000
vn 0.950700 -0.265200 0.160700
vn 0.889700 0.151200 0.430800
vn 0.696100 0.442900 0.565100
vn 0.406000 0.671600 0.619800
vn -0.065400 0.827700 0.557400
vn -0.668000 0.701400 0.248400
vn -0.953200 0.245800 -0.175900
vn -0.697100 -0.473600 -0.538200
vn -0.876000 -0.157900 -0.455700
vn -0.420700 -0.724400 -0.546200
vn 0.032300 -0.897700 -0.439400
vn 0.612600 -0.779500 -0.131000
vn 0.920400 -0.310500 0.237700
vn 0.882100 0.141300 0.449300
vn 0.707000 0.461600 0.535800
vn 0.433600 0.716200 0.546900
vn -0.021300 0.896500 0.442600
vn -0.618800 0.775500 0.125100
vn -0.923400 0.291500 -0.249600
vn -0.712200 -0.486000 -0.506500
vn -0.871300 -0.151800 -0.466600
vn -0.453300 -0.753500 -0.476100
vn -0.016400 -0.942500 -0.333900
vn 0.562300 -0.826700 -0.019100
vn 0.890200 -0.337900 0.305700
vn 0.875700 0.137000 0.463000
vn 0.719800 0.475300 0.505900
vn 0.463600 0.746200 0.477700
vn 0.025100 0.941300 0.336700
vn -0.568200 0.822800 0.013800
vn -0.893600 0.320600 -0.314100
vn -0.727700 -0.493300 -0.476500
vn -0.868800 -0.148600 -0.472400
vn -0.484900 -0.770200 -0.414400
vn -0.061800 -0.967900 -0.243800
vn 0.517000 -0.852800 0.074100
vn 0.864300 -0.351600 0.359800
vn 0.871700 0.136400 0.470600
vn 0.733300 0.484700 0.476900
vn 0.492500 0.764300 0.416300
vn 0.068100 0.966900 0.245800
vn -0.522500 0.849000 -0.078900
vn -0.867700 0.336800 -0.365600
vn -0.742800 -0.496900 -0.448700
vn -0.868900 -0.147000 -0.472600
vn -0.512900 -0.778200 -0.362400
vn -0.100600 -0.980100 -0.171100
vn 0.480000 -0.865000 0.146400
vn 0.844900 -0.356700 0.398600
vn 0.870800 0.137700 0.471900
vn 0.746600 0.490500 0.449400
vn 0.518400 0.773800 0.364100
vn 0.104500 0.979500 0.172200
vn -0.485400 0.861200 -0.150800
vn -0.848000 0.344700 -0.402500
vn -0.757200 -0.497900 -0.422800
vn -0.872000 -0.146100 -0.467100
vn -0.536600 -0.780900 -0.319700
vn -0.131200 -0.984600 -0.115300
vn 0.453100 -0.869100 0.198200
vn 0.833000 -0.357300 0.422500
vn 0.873200 0.139500 0.466900
vn 0.759700 0.493600 0.423400
vn 0.540000 0.778200 0.320700
vn 0.132900 0.984400 0.115400
vn -0.458100 0.865700 -0.201900
vn -0.835600 0.348200 -0.425000
vn -0.770700 -0.497400 -0.398200
vn -0.878200 -0.145200 -0.455700
vn -0.555900 -0.780800 -0.285300
vn -0.153400 -0.985300 -0.075300
vn 0.436500 -0.869700 0.230500
vn 0.828700 -0.356200 0.431800
vn 0.879000 0.141000 0.455600
vn 0.772100 0.495100 0.398400
vn 0.557200 0.779800 0.285400
vn 0.153000 0.985400 0.074400
vn -0.441200 0.866400 -0.233700
vn -0.830600 0.349500 -0.433400
vn -0.783700 -0.496000 -0.373800
vn -0.887600 -0.143600 -0.437600
vn -0.570900 -0.779400 -0.258100
vn -0.167900 -0.984500 -0.050300
vn 0.429900 -0.869400 0.243500
vn 0.832000 -0.355000 0.426300
vn 0.888000 0.141900 0.437300
vn 0.784100 0.495600 0.373500
vn 0.570400 0.780100 0.257300
vn 0.165000 0.985100 0.048200
vn -0.434600 0.866200 -0.246500
vn -0.833200 0.350900 -0.427400
vn -0.796500 -0.494000 -0.348600
vn -0.900400 -0.141200 -0.411400
vn -0.581900 -0.777800 -0.237500
vn -0.174500 -0.983800 -0.040300
vn 0.433000 -0.869800 0.236400
vn 0.842900 -0.354500 0.404800
vn 0.900500 0.142200 0.410900
vn 0.795800 0.495800 0.347700
vn 0.579500 0.780100 0.235700
vn 0.168800 0.985000 0.036900
vn -0.438100 0.866500 -0.239300
vn -0.843200 0.352900 -0.405500
vn -0.809200 -0.491800 -0.321300
vn -0.916700 -0.138500 -0.374800
vn -0.589400 -0.776300 -0.223300
vn -0.173700 -0.983700 -0.046500
vn 0.445800 -0.871000 0.206200
vn 0.861200 -0.354500 0.364200
vn 0.916400 0.142500 0.374100
vn 0.807200 0.496100 0.319900
vn 0.584600 0.780700 0.220600
vn 0.164500 0.985500 0.042000
vn -0.451700 0.867300 -0.209100
vn -0.860600 0.355600 -0.364500
vn -0.821900 -0.490100 -0.290200
vn -0.936100 -0.136500 -0.324100
vn -0.593800 -0.775000 -0.216200
vn -0.166300 -0.983400 -0.072500
vn 0.467700 -0.871500 0.147100
vn 0.886500 -0.353100 0.299000
vn 0.935200 0.144300 0.323300
vn 0.818000 0.497600 0.288500
vn 0.585800 0.782000 0.213000
vn 0.152600 0.986000 0.067100
vn -0.474500 0.867400 -0.150200
vn -0.884800 0.357400 -0.299000
vn -0.830100 -0.491900 -0.262700
vn -0.952400 -0.138600 -0.271600
vn -0.592700 -0.776100 -0.215400
vn -0.152700 -0.982700 -0.104700
vn 0.490300 -0.867400 0.085600
vn 0.906000 -0.350000 0.238200
vn 0.947900 0.145300 0.283700
vn 0.823300 0.497500 0.273200
vn 0.582900 0.780400 0.226200
vn 0.139500 0.983300 0.117200
vn -0.496800 0.865100 -0.069400
vn -0.907900 0.355400 -0.222500
vn -0.828900 -0.493900 -0.262600
vn -0.957000 -0.142400 -0.252800
vn -0.585800 -0.776500 -0.232100
vn -0.139600 -0.980700 -0.137100
vn 0.504200 -0.862300 0.047000
vn 0.913200 -0.347800 0.212600
vn 0.949700 0.144200 0.277900
vn 0.821100 0.494300 0.285400
vn 0.577300 0.775200 0.256600
vn 0.131100 0.977100 0.167700
vn -0.508900 0.860700 -0.010700
vn -0.918900 0.350700 -0.180800
vn -0.822900 -0.491600 -0.284900
vn -0.954400 -0.141700 -0.262800
vn -0.577400 -0.772800 -0.263400
vn -0.129900 -0.976200 -0.173700
vn 0.511800 -0.858900 0.018100
vn 0.915200 -0.347200 0.204600
vn 0.947000 0.142400 0.288100
vn 0.815200 0.490700 0.307600
vn 0.569100 0.770200 0.287900
vn 0.121600 0.971300 0.204200
vn -0.516400 0.856200 0.018600
vn -0.921100 0.349000 -0.172400
vn -0.816400 -0.487800 -0.309100
vn -0.951000 -0.140000 -0.275500
vn -0.568700 -0.767500 -0.295800
vn -0.120100 -0.970300 -0.209800
vn 0.519100 -0.854700 -0.008600
vn 0.916500 -0.346800 0.199500
vn 0.943400 0.139600 0.300800
vn 0.808600 0.485800 0.331800
vn 0.560500 0.763800 0.320200
vn 0.111900 0.964300 0.240100
vn -0.523700 0.850700 0.045200
vn -0.922600 0.347500 -0.167200
vn -0.809200 -0.482600 -0.335100
vn -0.946900 -0.137300 -0.290800
vn -0.559500 -0.760800 -0.328900
vn -0.110000 -0.963300 -0.245000
vn 0.526000 -0.849900 -0.032900
vn 0.916900 -0.347000 0.197300
vn 0.939000 0.135700 0.315900
vn 0.801300 0.479600 0.357700
vn 0.551400 0.755800 0.353200
vn 0.102300 0.955900 0.275300
vn -0.530600 0.844800 0.069400
vn -0.923500 0.346300 -0.165100
vn -0.801200 -0.475900 -0.362700
vn -0.941900 -0.133200 -0.308500
vn -0.549600 -0.752600 -0.362600
vn -0.099700 -0.955000 -0.279500
vn 0.532300 -0.844800 -0.054700
vn 0.916500 -0.347800 0.197900
vn 0.933700 0.130600 0.333400
vn 0.793200 0.471800 0.385000
vn 0.541400 0.746600 0.386600
vn 0.092400 0.946400 0.309600
vn -0.537000 0.838600 0.091200
vn -0.923600 0.345700 -0.165900
vn -0.792300 -0.467700 -0.391800
vn -0.935800 -0.127800 -0.328500
vn -0.538800 -0.743100 -0.396800
vn -0.089200 -0.945600 -0.313000
vn 0.538200 -0.839500 -0.074200
vn 0.915100 -0.349300 0.201300
vn 0.927400 0.124000 0.353000
vn 0.784100 0.462500 0.413800
vn 0.530600 0.736000 0.420400
vn 0.081900 0.935900 0.342700
vn -0.542900 0.832500 0.110600
vn -0.922700 0.346200 -0.169600
vn -0.782300 -0.457900 -0.422200
vn -0.928700 -0.121000 -0.350600
vn -0.527400 -0.732000 -0.431300
vn -0.078400 -0.935200 -0.345400
vn 0.543600 -0.834300 -0.091200
vn 0.912800 -0.351900 0.207400
vn 0.919800 0.116200 0.374700
vn 0.774000 0.451800 0.443700
vn 0.519100 0.724000 0.454400
vn 0.070900 0.924500 0.374600
vn -0.548600 0.826300 0.127400
vn -0.920800 0.348100 -0.175900
vn -0.771300 -0.446500 -0.453600
vn -0.920300 -0.112500 -0.374600
vn -0.515400 -0.719300 -0.465800
vn -0.067300 -0.923900 -0.376500
vn 0.548800 -0.829300 -0.105600
vn 0.909300 -0.355700 0.216000
vn 0.911000 0.106800 0.398200
vn 0.762500 0.439600 0.474600
vn 0.506900 0.710300 0.488400
vn 0.059700 0.912300 0.405200
vn -0.554200 0.820300 0.141400
vn -0.918000 0.350900 -0.184900
vn -0.758900 -0.433600 -0.485900
vn -0.910700 -0.102300 -0.400300
vn -0.502200 -0.705400 -0.500200
vn -0.056200 -0.912000 -0.406400
vn 0.553300 -0.824600 -0.117700
vn 0.904600 -0.360700 0.227000
vn 0.900900 0.095700 0.423300
vn 0.749900 0.425800 0.506300
vn 0.493500 0.695500 0.522200
vn 0.048500 0.899300 0.434600
vn -0.559200 0.814800 0.153000
vn -0.914000 0.354800 -0.196600
vn -0.745200 -0.419100 -0.518700
vn -0.899600 -0.090200 -0.427300
vn -0.487700 -0.690400 -0.534200
vn -0.044800 -0.899300 -0.435000
vn 0.556700 -0.820800 -0.127700
vn 0.898600 -0.367200 0.240100
vn 0.889300 0.082900 0.449600
vn 0.735900 0.410500 0.538500
vn 0.479000 0.679600 0.555600
vn 0.036900 0.885900 0.462500
vn -0.563400 0.810100 0.162400
vn -0.908800 0.360300 -0.210400
vn -0.730100 -0.402900 -0.551900
vn -0.887000 -0.076400 -0.455500
vn -0.472300 -0.674200 -0.567800
vn -0.032500 -0.886400 -0.461800
vn 0.559800 -0.817500 -0.135200
vn 0.891100 -0.375300 0.255000
vn 0.876200 0.068600 0.477100
vn 0.720400 0.393800 0.570900
vn 0.463500 0.662500 0.588400
vn 0.024500 0.872100 0.488700
vn -0.567100 0.806000 0.169400
vn -0.902100 0.367700 -0.226100
vn -0.715000 -0.389700 -0.580500
vn -0.871400 -0.063200 -0.486600
vn -0.459500 -0.662900 -0.591100
vn -0.025200 -0.879900 -0.474400
vn 0.555600 -0.821000 -0.131700
vn 0.880200 -0.388600 0.272400
vn 0.864400 0.053600 0.499900
vn 0.709900 0.380000 0.593000
vn 0.456100 0.652100 0.605600
vn 0.022100 0.869000 0.494400
vn -0.562400 0.812200 0.154900
vn -0.889500 0.379200 -0.254800
vn -0.708100 -0.384900 -0.592000
vn -0.857500 -0.052500 -0.511800
vn -0.459900 -0.665000 -0.588500
vn -0.035100 -0.889700 -0.455100
vn 0.535500 -0.838500 -0.100900
vn 0.862500 -0.407200 0.300500
vn 0.854500 0.041600 0.517800
vn 0.707200 0.375500 0.599000
vn 0.460900 0.655900 0.597800
vn 0.035500 0.882900 0.468300
vn -0.542400 0.832500 0.112700
vn -0.869900 0.396200 -0.293800
vn -0.710500 -0.385500 -0.588700
vn -0.849800 -0.045500 -0.525200
vn -0.472100 -0.673300 -0.569000
vn -0.057800 -0.906400 -0.418500
vn 0.508200 -0.859400 -0.055900
vn 0.842800 -0.422200 0.333700
vn 0.846000 0.035500 0.532000
vn 0.708400 0.377400 0.596400
vn 0.471200 0.665700 0.578600
vn 0.056000 0.900400 0.431400
vn -0.516400 0.853700 0.067400
vn -0.850700 0.412000 -0.326400
vn -0.716000 -0.388200 -0.580100
vn -0.846700 -0.042600 -0.530400
vn -0.486000 -0.681000 -0.547700
vn -0.079500 -0.919300 -0.385300
vn 0.485200 -0.874200 -0.019700
vn 0.828800 -0.431000 0.356800
vn 0.842300 0.034000 0.537900
vn 0.713000 0.381700 0.588200
vn 0.483300 0.675100 0.557300
vn 0.075600 0.914400 0.397700
vn -0.494900 0.868400 0.030500
vn -0.837100 0.421200 -0.349000
vn -0.724800 -0.392500 -0.566200
vn -0.848900 -0.042900 -0.526800
vn -0.500400 -0.688100 -0.525400
vn -0.098400 -0.928900 -0.357000
vn 0.468400 -0.883500 0.005800
vn 0.821800 -0.434700 0.368300
vn 0.844100 0.036100 0.534900
vn 0.721100 0.387400 0.574400
vn 0.496300 0.683900 0.534800
vn 0.092100 0.925200 0.368200
vn -0.479700 0.877400 0.003900
vn -0.830200 0.425600 -0.360100
vn -0.736400 -0.397700 -0.547300
vn -0.856300 -0.045800 -0.514400
vn -0.515200 -0.694100 -0.502800
vn -0.113200 -0.935700 -0.334300
vn 0.459700 -0.887800 0.020400
vn 0.822500 -0.434000 0.367700
vn 0.851400 0.040800 0.522900
vn 0.732100 0.394200 0.555600
vn 0.509900 0.691400 0.511800
vn 0.105000 0.933000 0.344400
vn -0.471700 0.881700 -0.011300
vn -0.830400 0.426200 -0.358800
vn -0.750000 -0.403600 -0.524000
vn -0.868200 -0.051000 -0.493600
vn -0.528900 -0.699700 -0.480400
vn -0.124400 -0.939900 -0.318000
vn 0.458100 -0.888600 0.023000
vn 0.830300 -0.429400 0.355300
vn 0.863400 0.047500 0.502300
vn 0.745300 0.401700 0.532200
vn 0.522500 0.698500 0.488900
vn 0.114600 0.938000 0.327300
vn -0.469800 0.882600 -0.013800
vn -0.837500 0.423000 -0.345900
vn -0.764600 -0.410300 -0.497100
vn -0.883300 -0.057900 -0.465300
vn -0.540700 -0.705200 -0.458600
vn -0.131700 -0.942100 -0.308500
vn 0.461900 -0.886800 0.013500
vn 0.843700 -0.422100 0.331700
vn 0.878700 0.055800 0.474000
vn 0.759800 0.409300 0.505100
vn 0.533500 0.705500 0.466600
vn 0.120200 0.940900 0.316600
vn -0.473600 0.880700 -0.004700
vn -0.850100 0.416700 -0.322000
vn -0.779200 -0.417300 -0.467600
vn -0.900000 -0.066400 -0.430800
vn -0.550900 -0.710200 -0.438300
vn -0.134100 -0.943000 -0.304600
vn 0.470900 -0.882200 -0.006100
vn 0.860600 -0.413000 0.298100
vn 0.895800 0.065500 0.439500
vn 0.774400 0.417300 0.475500
vn 0.543000 0.711600 0.445900
vn 0.121500 0.942300 0.312100
vn -0.482800 0.875600 0.014300
vn -0.866200 0.408100 -0.288500
vn -0.792800 -0.425100 -0.436700
vn -0.916900 -0.076300 -0.391700
vn -0.559200 -0.714800 -0.419900
vn -0.133400 -0.942500 -0.306500
vn 0.483600 -0.874600 -0.034100
vn 0.879200 -0.401500 0.256700
vn 0.913200 0.076500 0.400300
vn 0.788000 0.426000 0.444400
vn 0.551100 0.716700 0.427300
vn 0.120200 0.941900 0.313600
vn -0.495100 0.867800 0.041900
vn -0.883700 0.397500 -0.247100
vn -0.804700 -0.433600 -0.405500
vn -0.932700 -0.087900 -0.349800
vn -0.565700 -0.719000 -0.403800
vn -0.130300 -0.940600 -0.313500
vn 0.497900 -0.864500 -0.068900
vn 0.897600 -0.387800 0.209800
vn 0.929400 0.088700 0.358300
vn 0.800100 0.435000 0.413000
vn 0.558000 0.720800 0.411000
vn 0.117400 0.940000 0.320400
vn -0.508700 0.857500 0.076300
vn -0.901100 0.384600 -0.200300
vn -0.814500 -0.442500 -0.375100
vn -0.946300 -0.100600 -0.307100
vn -0.570100 -0.723100 -0.390100
vn -0.126000 -0.937400 -0.324600
vn 0.511700 -0.852300 -0.108400
vn 0.914200 -0.372500 0.159600
vn 0.943500 0.102000 0.315400
vn 0.810100 0.444500 0.382400
vn 0.562800 0.724900 0.397200
vn 0.113600 0.936700 0.331300
vn -0.521400 0.845500 0.115600
vn -0.916800 0.370000 -0.150500
vn -0.818700 -0.447100 -0.360200
vn -0.952300 -0.107400 -0.285700
vn -0.571900 -0.725000 -0.383800
vn -0.124100 -0.935400 -0.331000
vn 0.518000 -0.845600 -0.129100
vn 0.921700 -0.364000 0.134200
vn 0.949600 0.109000 0.293800
vn 0.814300 0.449400 0.367400
vn 0.564500 0.727100 0.390800
vn 0.112000 0.934500 0.337700
vn -0.526500 0.839100 0.136500
vn -0.923700 0.362000 -0.125100
vn -0.315100 -0.721300 -0.616800
vn -0.316400 -0.725200 -0.611500
vn -0.634600 -0.539300 -0.553600
vn -0.633800 -0.536700 -0.557000
vn 0.047800 -0.806400 -0.589400
vn 0.046000 -0.811200 -0.583000
vn 0.514200 -0.745200 -0.424600
vn 0.512100 -0.750200 -0.418300
vn 0.926600 -0.373900 -0.039800
vn 0.925600 -0.376800 -0.035800
vn 0.915500 0.168500 0.365300
vn 0.915500 0.169100 0.365200
vn 0.633200 0.529100 0.564800
vn 0.634000 0.531900 0.561300
vn 0.314300 0.715000 0.624500
vn 0.315700 0.719100 0.619000
vn -0.049300 0.800100 0.597900
vn -0.047500 0.805000 0.591400
vn -0.517300 0.737200 0.434700
vn -0.515200 0.742400 0.428300
vn -0.930600 0.362700 0.049700
vn -0.929600 0.365800 0.045500
vn -0.917000 -0.178800 -0.356500
vn -0.916900 -0.179300 -0.356600
vn -0.319100 -0.733200 -0.600500
vn -0.636400 -0.544400 -0.546500
vn 0.042600 -0.820800 -0.569600
vn 0.508500 -0.760000 -0.404800
vn 0.923400 -0.382900 -0.027500
vn 0.915700 0.169500 0.364400
vn 0.636000 0.537300 0.554000
vn 0.318300 0.727500 0.607800
vn -0.044100 0.815000 0.577800
vn -0.511700 0.752600 0.414500
vn -0.927400 0.372200 0.036700
vn -0.917000 -0.179500 -0.356200
vn -0.322100 -0.741500 -0.588600
vn -0.638400 -0.549700 -0.538800
vn 0.038800 -0.830900 -0.555100
vn 0.504700 -0.770100 -0.390200
vn 0.920900 -0.389300 -0.018300
vn 0.915900 0.169800 0.363700
vn 0.638000 0.542800 0.546200
vn 0.321300 0.736100 0.595800
vn -0.040200 0.825400 0.563200
vn -0.507700 0.763200 0.399600
vn -0.925000 0.378900 0.027300
vn -0.917100 -0.179600 -0.355800
vn -0.325500 -0.750100 -0.575700
vn -0.640500 -0.555100 -0.530600
vn 0.034700 -0.841300 -0.539500
vn 0.500600 -0.780600 -0.374200
vn 0.918300 -0.395900 -0.008400
vn 0.916100 0.170100 0.363200
vn 0.640200 0.548500 0.537800
vn 0.324700 0.744900 0.582800
vn -0.036000 0.836100 0.547400
vn -0.503500 0.774200 0.383600
vn -0.922400 0.385800 0.017100
vn -0.917200 -0.179800 -0.355500
vn -0.329300 -0.758800 -0.561900
vn -0.642800 -0.560800 -0.521800
vn 0.030200 -0.852000 -0.522700
vn 0.495900 -0.791500 -0.357100
vn 0.915300 -0.402700 0.002500
vn 0.916100 0.170600 0.362700
vn 0.642600 0.554400 0.528900
vn 0.328600 0.753900 0.568900
vn -0.031400 0.847100 0.530500
vn -0.499000 0.785400 0.366200
vn -0.919600 0.392800 0.006000
vn -0.917300 -0.180200 -0.355200
vn -0.333200 -0.767900 -0.547100
vn -0.645300 -0.566600 -0.512400
vn 0.025000 -0.863000 -0.504600
vn 0.490700 -0.802800 -0.338700
vn 0.912100 -0.409800 0.014200
vn 0.916200 0.171000 0.362300
vn 0.645300 0.560300 0.519400
vn 0.332600 0.763100 0.554100
vn -0.026400 0.858400 0.512300
vn -0.493900 0.797000 0.347700
vn -0.916500 0.400100 -0.005900
vn -0.917300 -0.180400 -0.354900
vn -0.337500 -0.777100 -0.531200
vn -0.648200 -0.572400 -0.502200
vn 0.019500 -0.874200 -0.485300
vn 0.484900 -0.814300 -0.318900
vn 0.908500 -0.417100 0.026800
vn 0.916400 0.171300 0.361900
vn 0.648200 0.566200 0.509200
vn 0.337100 0.772500 0.538100
vn -0.021000 0.869900 0.492900
vn -0.488400 0.808700 0.327700
vn -0.913000 0.407500 -0.018700
vn -0.917500 -0.180500 -0.354500
vn -0.342500 -0.786300 -0.514200
vn -0.651300 -0.578300 -0.491300
vn 0.013600 -0.885500 -0.464400
vn 0.478900 -0.825900 -0.297500
vn 0.904500 -0.424500 0.040300
vn 0.916500 0.171400 0.361500
vn 0.651300 0.572300 0.498300
vn 0.342000 0.782000 0.521100
vn -0.015100 0.881500 0.472000
vn -0.482500 0.820600 0.306200
vn -0.909200 0.415100 -0.032400
vn -0.917600 -0.180700 -0.354200
vn -0.348000 -0.795600 -0.495900
vn -0.654700 -0.584200 -0.479700
vn 0.007300 -0.897000 -0.442000
vn 0.472400 -0.837500 -0.274500
vn 0.900100 -0.432200 0.054900
vn 0.916600 0.171600 0.361100
vn 0.654600 0.578500 0.486700
vn 0.347300 0.791600 0.502800
vn -0.008400 0.893200 0.449600
vn -0.475900 0.832600 0.283300
vn -0.905100 0.422600 -0.047100
vn -0.917700 -0.180800 -0.353800
vn -0.353800 -0.804900 -0.476300
vn -0.658300 -0.590200 -0.467300
vn 0.000300 -0.908500 -0.418000
vn 0.465300 -0.849200 -0.249900
vn 0.895400 -0.439700 0.070500
vn 0.916700 0.171900 0.360800
vn 0.658300 0.584500 0.474300
vn 0.353300 0.801100 0.483200
vn -0.001200 0.904900 0.425600
vn -0.468800 0.844600 0.258600
vn -0.900600 0.430100 -0.063000
vn -0.917800 -0.181000 -0.353400
vn -0.360100 -0.814200 -0.455400
vn -0.662300 -0.596100 -0.454000
vn -0.007400 -0.919800 -0.392300
vn 0.457200 -0.860800 -0.223600
vn 0.890200 -0.447100 0.087300
vn 0.916800 0.172100 0.360500
vn 0.662400 0.590500 0.461000
vn 0.359800 0.810400 0.462300
vn 0.006400 0.916500 0.400000
vn -0.460900 0.856500 0.232200
vn -0.895500 0.437800 -0.079800
vn -0.917800 -0.181300 -0.353100
vn -0.366300 -0.821500 -0.436900
vn -0.667000 -0.600700 -0.440700
vn -0.014700 -0.928400 -0.371200
vn 0.450400 -0.869300 -0.203500
vn 0.887100 -0.450900 0.098900
vn 0.917400 0.174700 0.357600
vn 0.665800 0.596800 0.447900
vn 0.364800 0.818600 0.443600
vn 0.012300 0.925600 0.378400
vn -0.454800 0.865100 0.211700
vn -0.891700 0.443500 -0.090400
vn -0.919300 -0.181200 -0.349500
vn -0.370300 -0.825800 -0.425300
vn -0.670900 -0.604300 -0.429800
vn -0.018600 -0.932600 -0.360500
vn 0.448100 -0.872200 -0.196100
vn 0.887500 -0.449900 0.099300
vn 0.919400 0.178900 0.350400
vn 0.668500 0.601800 0.437000
vn 0.367700 0.823600 0.431800
vn 0.015400 0.929900 0.367400
vn -0.452400 0.868100 0.204200
vn -0.891300 0.444400 -0.090100
vn -0.921800 -0.182800 -0.341700
vn -0.372200 -0.828700 -0.417900
vn -0.672900 -0.607400 -0.422200
vn -0.020000 -0.934900 -0.354400
vn 0.447500 -0.873200 -0.193100
vn 0.888300 -0.449000 0.096900
vn 0.921400 0.181200 0.343800
vn 0.671100 0.604500 0.429200
vn 0.370400 0.826300 0.424400
vn 0.017600 0.932300 0.361300
vn -0.451200 0.869400 0.201200
vn -0.891900 0.443700 -0.087900
vn -0.923600 -0.185400 -0.335400
vn -0.373700 -0.831300 -0.411400
vn -0.674200 -0.609400 -0.417200
vn -0.021600 -0.937500 -0.347300
vn 0.446000 -0.875400 -0.186800
vn 0.887500 -0.449900 0.099600
vn 0.922100 0.181700 0.341600
vn 0.672900 0.606200 0.424000
vn 0.372500 0.828700 0.417800
vn 0.019900 0.935000 0.354200
vn -0.449100 0.872000 0.195000
vn -0.891000 0.444900 -0.090700
vn -0.924200 -0.186300 -0.333500
vn -0.375200 -0.833500 -0.405600
vn -0.674800 -0.610500 -0.414600
vn -0.023600 -0.940500 -0.339000
vn 0.443500 -0.878600 -0.177100
vn 0.885300 -0.452500 0.107100
vn 0.921600 0.180800 0.343500
vn 0.673700 0.607100 0.421300
vn 0.374400 0.830700 0.411900
vn 0.022600 0.937900 0.346000
vn -0.446000 0.875600 0.185500
vn -0.888700 0.447800 -0.098200
vn -0.923500 -0.185700 -0.335700
vn -0.376800 -0.835300 -0.400500
vn -0.674600 -0.611000 -0.414300
vn -0.026200 -0.943700 -0.329800
vn 0.440100 -0.882800 -0.164400
vn 0.881600 -0.456800 0.119100
vn 0.919800 0.178500 0.349400
vn 0.674000 0.607100 0.420900
vn 0.376200 0.832500 0.406700
vn 0.025800 0.941200 0.336800
vn -0.441900 0.880200 0.172900
vn -0.885100 0.452100 -0.110400
vn -0.921600 -0.183800 -0.341900
vn -0.378200 -0.836800 -0.395900
vn -0.673900 -0.610500 -0.416100
vn -0.029300 -0.947200 -0.319400
vn 0.435400 -0.887900 -0.148700
vn 0.876300 -0.462300 0.135500
vn 0.916700 0.175000 0.359100
vn 0.673800 0.606200 0.422600
vn 0.378000 0.833900 0.402200
vn 0.029200 0.944700 0.326600
vn -0.436700 0.885700 0.157400
vn -0.880000 0.457700 -0.127000
vn -0.918500 -0.180800 -0.351800
vn -0.379300 -0.838200 -0.391900
vn -0.672500 -0.609300 -0.420000
vn -0.032800 -0.950800 -0.308000
vn 0.429500 -0.893700 -0.130000
vn 0.869400 -0.468600 0.156400
vn 0.912200 0.170600 0.372500
vn 0.672600 0.604800 0.426500
vn 0.379600 0.835100 0.398200
vn 0.033100 0.948500 0.315200
vn -0.430500 0.891800 0.138800
vn -0.873100 0.464700 -0.147800
vn -0.914000 -0.176600 -0.365300
vn -0.380200 -0.839500 -0.388300
vn -0.670400 -0.607500 -0.426000
vn -0.037100 -0.954600 -0.295400
vn 0.421900 -0.900100 -0.108400
vn 0.860500 -0.476000 0.181500
vn 0.906100 0.165300 0.389600
vn 0.670400 0.603000 0.432400
vn 0.380900 0.836100 0.394700
vn 0.037800 0.952300 0.302800
vn -0.422500 0.898700 0.117400
vn -0.864100 0.472700 -0.172800
vn -0.907900 -0.171500 -0.382400
vn -0.381100 -0.840500 -0.385100
vn -0.667400 -0.605300 -0.433800
vn -0.042100 -0.958600 -0.281700
vn 0.412500 -0.907100 -0.083900
vn 0.849100 -0.484400 0.210600
vn 0.898100 0.159200 0.410100
vn 0.667500 0.600500 0.440300
vn 0.382000 0.837100 0.391700
vn 0.043300 0.956200 0.289400
vn -0.412400 0.906200 0.093300
vn -0.852900 0.481400 -0.202000
vn -0.900100 -0.165500 -0.403000
vn -0.382100 -0.841300 -0.382400
vn -0.663100 -0.602900 -0.443500
vn -0.048000 -0.962500 -0.267000
vn 0.401100 -0.914300 -0.056500
vn 0.834900 -0.493500 0.243700
vn 0.887900 0.152400 0.433900
vn 0.663600 0.597500 0.450100
vn 0.383200 0.837700 0.389100
vn 0.049600 0.960200 0.274800
vn -0.400800 0.913800 0.066100
vn -0.839100 0.490400 -0.235400
vn -0.890100 -0.159100 -0.427000
vn -0.383100 -0.841900 -0.380100
vn -0.657700 -0.600300 -0.455100
vn -0.055200 -0.966400 -0.251200
vn 0.387600 -0.921400 -0.026300
vn 0.817800 -0.502300 0.280900
vn 0.875300 0.145500 0.461100
vn 0.658300 0.594500 0.461800
vn 0.384300 0.838100 0.387100
vn 0.056900 0.964100 0.259300
vn -0.387000 0.921400 0.036200
vn -0.822200 0.499600 -0.272600
vn -0.877600 -0.152800 -0.454300
vn -0.389500 -0.842400 -0.372300
vn -0.659800 -0.598600 -0.454200
vn -0.065400 -0.969200 -0.237600
vn 0.375000 -0.927000 -0.007700
vn 0.807900 -0.507500 0.299600
vn 0.870200 0.145200 0.470900
vn 0.657000 0.596500 0.461000
vn 0.386200 0.841200 0.378400
vn 0.061000 0.967900 0.243800
vn -0.380500 0.924700 0.015100
vn -0.813800 0.502600 -0.291600
vn -0.873700 -0.149200 -0.462900
vn -0.400900 -0.845100 -0.353600
vn -0.673400 -0.602300 -0.428800
vn -0.072900 -0.970900 -0.228200
vn 0.374200 -0.927300 -0.012600
vn 0.817400 -0.504100 0.279000
vn 0.883100 0.153300 0.443400
vn 0.667400 0.604000 0.435600
vn 0.393300 0.846400 0.358900
vn 0.063200 0.970400 0.232900
vn -0.384900 0.922800 0.018100
vn -0.824200 0.497500 -0.270500
vn -0.887700 -0.153600 -0.434100
vn -0.409200 -0.849400 -0.333300
vn -0.687100 -0.609100 -0.396100
vn -0.074200 -0.972000 -0.222800
vn 0.382300 -0.923600 -0.027900
vn 0.834100 -0.495700 0.241900
vn 0.901400 0.161800 0.401700
vn 0.681800 0.610300 0.403300
vn 0.402600 0.850200 0.339100
vn 0.066100 0.971300 0.228500
vn -0.391200 0.919700 0.034800
vn -0.839900 0.490400 -0.232500
vn -0.905500 -0.161900 -0.392200
vn -0.413600 -0.852400 -0.320000
vn -0.695800 -0.614000 -0.372500
vn -0.073600 -0.972400 -0.221600
vn 0.389100 -0.920200 -0.043000
vn 0.846300 -0.489100 0.211200
vn 0.913900 0.168000 0.369600
vn 0.691200 0.614700 0.379900
vn 0.407900 0.852800 0.326200
vn 0.067100 0.971300 0.228000
vn -0.396400 0.916700 0.050700
vn -0.851200 0.484700 -0.201200
vn -0.917700 -0.168000 -0.359900
vn -0.414900 -0.853900 -0.314200
vn -0.700300 -0.617200 -0.358600
vn -0.071800 -0.971700 -0.224900
vn 0.394800 -0.917000 -0.057400
vn 0.854900 -0.483500 0.187800
vn 0.921500 0.172700 0.347900
vn 0.696400 0.617200 0.366200
vn 0.410200 0.853700 0.320800
vn 0.066500 0.970500 0.231800
vn -0.400300 0.914000 0.065900
vn -0.858800 0.480600 -0.177200
vn -0.925200 -0.172300 -0.338100
vn -0.413300 -0.854000 -0.316100
vn -0.701100 -0.618600 -0.354600
vn -0.069300 -0.970100 -0.232700
vn 0.399900 -0.913800 -0.070900
vn 0.860900 -0.478800 0.172200
vn 0.925100 0.175200 0.336900
vn 0.697800 0.617900 0.362200
vn 0.410300 0.852800 0.323000
vn 0.064900 0.968600 0.239900
vn -0.403600 0.911400 0.080000
vn -0.863500 0.478000 -0.160800
vn -0.928700 -0.174700 -0.327000
vn -0.409500 -0.852200 -0.325700
vn -0.699100 -0.617600 -0.360500
vn -0.064600 -0.967500 -0.244600
vn 0.404700 -0.910600 -0.083200
vn 0.864000 -0.476000 0.164100
vn 0.925200 0.175400 0.336600
vn 0.695900 0.616600 0.368100
vn 0.407800 0.850300 0.332800
vn 0.061900 0.965700 0.252100
vn -0.407100 0.908700 0.092800
vn -0.865800 0.476700 -0.152100
vn -0.928800 -0.174900 -0.326700
vn -0.404300 -0.848000 -0.342700
vn -0.694300 -0.613700 -0.376000
vn -0.058100 -0.963800 -0.260300
vn 0.409600 -0.907400 -0.094100
vn 0.864500 -0.475300 0.163600
vn 0.921800 0.173100 0.346800
vn 0.691200 0.612500 0.383600
vn 0.402800 0.845800 0.349800
vn 0.057200 0.961600 0.268300
vn -0.410000 0.906100 0.104600
vn -0.865700 0.477300 -0.151000
vn -0.925600 -0.172600 -0.337000
vn -0.396800 -0.841400 -0.366900
vn -0.685900 -0.607300 -0.400900
vn -0.051000 -0.958600 -0.280200
vn 0.414400 -0.904200 -0.103700
vn 0.862600 -0.476200 0.170600
vn 0.914900 0.167800 0.367200
vn 0.683100 0.605500 0.408300
vn 0.395100 0.839100 0.373900
vn 0.051400 0.956100 0.288500
vn -0.412400 0.903700 0.115200
vn -0.863300 0.479500 -0.157400
vn -0.918800 -0.167400 -0.357500
vn -0.385400 -0.832700 -0.397600
vn -0.673200 -0.598400 -0.434500
vn -0.042600 -0.951800 -0.303700
vn 0.418600 -0.901200 -0.112200
vn 0.857900 -0.479400 0.184700
vn 0.903900 0.158900 0.397100
vn 0.671100 0.595400 0.441700
vn 0.384300 0.829800 0.404500
vn 0.043500 0.949000 0.312100
vn -0.415400 0.901100 0.124400
vn -0.858500 0.483500 -0.170900
vn -0.908100 -0.158700 -0.387600
vn -0.370400 -0.821300 -0.433900
vn -0.656500 -0.585400 -0.475700
vn -0.031900 -0.943400 -0.330200
vn 0.422400 -0.898500 -0.119400
vn 0.850000 -0.485100 0.205200
vn 0.888200 0.146200 0.435600
vn 0.654600 0.581800 0.482700
vn 0.370000 0.817800 0.440900
vn 0.033200 0.940300 0.338700
vn -0.418900 0.898400 0.132000
vn -0.850600 0.489800 -0.191100
vn -0.892800 -0.145800 -0.426200
vn -0.351400 -0.806800 -0.475000
vn -0.635100 -0.568100 -0.523400
vn -0.018700 -0.933200 -0.359000
vn 0.425700 -0.896100 -0.125200
vn 0.838300 -0.493600 0.231300
vn 0.867000 0.129500 0.481200
vn 0.632800 0.564500 0.530100
vn 0.351400 0.802600 0.481900
vn 0.020400 0.929700 0.367800
vn -0.421600 0.896100 0.138700
vn -0.839100 0.499000 -0.216600
vn -0.871900 -0.129500 -0.472200
vn -0.340600 -0.798400 -0.496500
vn -0.622500 -0.558300 -0.548500
vn -0.011300 -0.927400 -0.373800
vn 0.427000 -0.895200 -0.128100
vn 0.831200 -0.498900 0.245500
vn 0.854400 0.120200 0.505500
vn 0.620000 0.554700 0.554900
vn 0.340900 0.794000 0.503300
vn 0.013300 0.923700 0.382800
vn -0.422600 0.895100 0.142000
vn -0.832200 0.504300 -0.230600
vn -0.859400 -0.120800 -0.496800
vn 0.412900 -0.792400 -0.449000
vn 0.422700 -0.802700 -0.420800
vn 0.061800 -0.882100 -0.467000
vn 0.052500 -0.861800 -0.504500
vn 0.715500 -0.615300 -0.330900
vn 0.724800 -0.612600 -0.315100
vn 0.961800 -0.252800 -0.104600
vn 0.966800 -0.231800 -0.107300
vn 0.910400 0.334800 0.242900
vn 0.906700 0.364600 0.212200
vn 0.420900 0.769200 0.480700
vn 0.423300 0.794000 0.436200
vn -0.075600 0.855500 0.512300
vn -0.069000 0.877300 0.475000
vn -0.438900 0.776400 0.452300
vn -0.431000 0.794700 0.427400
vn -0.742600 0.584100 0.327700
vn -0.733800 0.599100 0.320400
vn -0.976100 0.197700 0.090300
vn -0.971600 0.209300 0.110200
vn -0.893100 -0.375400 -0.247900
vn -0.900400 -0.382900 -0.206500
vn -0.427000 -0.773200 -0.468900
vn -0.424700 -0.798800 -0.426100
vn 0.426600 -0.819700 -0.382300
vn 0.065900 -0.907800 -0.414200
vn 0.728300 -0.617900 -0.296300
vn 0.968300 -0.219800 -0.118300
vn 0.905000 0.392200 0.164600
vn 0.423800 0.825100 0.373700
vn -0.067600 0.904700 0.420600
vn -0.428900 0.815800 0.387800
vn -0.731100 0.612000 0.301600
vn -0.969900 0.210000 0.123600
vn -0.902000 -0.401700 -0.158000
vn -0.423100 -0.829000 -0.365800
vn 0.428100 -0.827700 -0.362800
vn 0.067400 -0.918100 -0.390600
vn 0.729500 -0.622400 -0.283600
vn 0.968800 -0.218400 -0.117500
vn 0.904200 0.400300 0.148900
vn 0.423700 0.836200 0.348300
vn -0.067600 0.915900 0.395700
vn -0.428800 0.825300 0.367300
vn -0.730600 0.618900 0.288300
vn -0.969500 0.212400 0.122400
vn -0.902200 -0.406900 -0.143300
vn -0.422100 -0.839500 -0.342200
vn 0.429000 -0.833400 -0.348500
vn 0.068100 -0.924100 -0.376100
vn 0.730200 -0.626800 -0.271700
vn 0.969100 -0.220300 -0.111300
vn 0.904000 0.402300 0.144800
vn 0.423600 0.841400 0.335600
vn -0.067600 0.922300 0.380500
vn -0.429000 0.831700 0.352500
vn -0.730600 0.624600 0.275900
vn -0.969500 0.216100 0.115900
vn -0.902200 -0.407900 -0.139900
vn -0.421500 -0.844400 -0.330600
vn 0.429500 -0.838300 -0.335900
vn 0.068600 -0.928300 -0.365400
vn 0.730600 -0.631700 -0.259000
vn 0.969300 -0.223900 -0.101300
vn 0.903900 0.401700 0.147100
vn 0.423700 0.843900 0.329100
vn -0.067600 0.926800 0.369300
vn -0.428900 0.837100 0.339600
vn -0.730500 0.630300 0.263000
vn -0.969600 0.220700 0.105700
vn -0.902300 -0.406800 -0.142800
vn -0.421100 -0.846900 -0.324800
vn 0.429900 -0.843000 -0.323200
vn 0.069100 -0.931800 -0.356300
vn 0.730900 -0.637200 -0.244600
vn 0.969500 -0.228900 -0.087800
vn 0.903800 0.399100 0.154200
vn 0.424000 0.844800 0.326400
vn -0.067200 0.930500 0.360000
vn -0.428800 0.842200 0.326800
vn -0.730400 0.636200 0.248400
vn -0.969700 0.226400 0.091900
vn -0.902400 -0.403800 -0.150100
vn -0.420900 -0.847900 -0.322400
vn 0.430100 -0.848100 -0.309500
vn 0.069300 -0.935000 -0.347800
vn 0.731000 -0.643300 -0.227600
vn 0.969400 -0.235400 -0.070100
vn 0.903800 0.394600 0.165700
vn 0.424200 0.844700 0.326400
vn -0.066700 0.933800 0.351500
vn -0.428600 0.847500 0.313000
vn -0.730300 0.642700 0.231400
vn -0.969600 0.233300 0.074300
vn -0.902400 -0.399500 -0.161800
vn -0.420700 -0.847900 -0.322600
vn 0.429900 -0.853800 -0.293700
vn 0.069300 -0.938200 -0.339200
vn 0.730700 -0.650600 -0.206800
vn 0.968800 -0.243400 -0.047400
vn 0.903400 0.388300 0.181900
vn 0.424400 0.843600 0.329000
vn -0.066300 0.937100 0.342800
vn -0.428000 0.853500 0.297300
vn -0.729600 0.650500 0.210800
vn -0.968900 0.241900 0.051700
vn -0.901700 -0.393900 -0.178300
vn -0.420000 -0.847200 -0.325300
vn 0.429100 -0.860500 -0.274600
vn 0.069200 -0.941600 -0.329600
vn 0.729400 -0.659800 -0.180800
vn 0.967100 -0.253900 -0.018000
vn 0.902300 0.379700 0.204200
vn 0.424800 0.841400 0.334100
vn -0.065400 0.940500 0.333500
vn -0.426700 0.860500 0.278400
vn -0.728000 0.660100 0.185100
vn -0.967300 0.252700 0.022500
vn -0.900300 -0.386300 -0.200700
vn -0.419200 -0.845700 -0.330300
vn 0.427300 -0.868800 -0.250300
vn 0.068700 -0.945500 -0.318200
vn 0.726400 -0.671300 -0.147100
vn 0.963300 -0.267500 0.020900
vn 0.899700 0.368100 0.234500
vn 0.425100 0.837800 0.342500
vn -0.063400 0.944400 0.322600
vn -0.423900 0.869200 0.254700
vn -0.724700 0.672100 0.151800
vn -0.963800 0.266200 -0.016200
vn -0.897300 -0.376100 -0.231100
vn -0.417800 -0.843200 -0.338300
vn 0.423200 -0.879400 -0.218200
vn 0.067700 -0.950300 -0.303700
vn 0.720100 -0.686400 -0.101700
vn 0.955500 -0.285400 0.074000
vn 0.893800 0.352700 0.276900
vn 0.424600 0.832700 0.355300
vn -0.060100 0.949100 0.309100
vn -0.418400 0.880300 0.223500
vn -0.717900 0.687800 0.107100
vn -0.956300 0.284200 -0.068900
vn -0.890800 -0.363000 -0.273500
vn -0.414600 -0.839900 -0.350400
vn 0.414600 -0.889500 -0.192000
vn 0.059200 -0.956700 -0.284900
vn 0.711600 -0.699000 -0.070800
vn 0.948700 -0.297800 0.106300
vn 0.888100 0.348000 0.300300
vn 0.418900 0.834300 0.358400
vn -0.062600 0.952900 0.296800
vn -0.418400 0.885300 0.202700
vn -0.715900 0.693400 0.081900
vn -0.952600 0.289800 -0.092600
vn -0.890200 -0.356200 -0.283900
vn -0.421800 -0.839100 -0.343500
vn 0.412800 -0.890800 -0.190100
vn 0.055500 -0.960500 -0.272800
vn 0.712100 -0.697700 -0.078600
vn 0.952100 -0.292600 0.088500
vn 0.891600 0.357900 0.277300
vn 0.419100 0.841700 0.340300
vn -0.063200 0.955300 0.288600
vn -0.419800 0.884300 0.204200
vn -0.718200 0.689500 0.093800
vn -0.956500 0.283600 -0.068900
vn -0.896600 -0.363100 -0.253400
vn -0.428000 -0.845300 -0.319900
vn 0.415800 -0.887500 -0.198800
vn 0.057500 -0.960500 -0.272300
vn 0.716400 -0.691000 -0.095800
vn 0.957000 -0.283300 0.062700
vn 0.896600 0.366200 0.249100
vn 0.423800 0.846300 0.322700
vn -0.060300 0.957000 0.283800
vn -0.418900 0.883600 0.209100
vn -0.719200 0.686500 0.107000
vn -0.959300 0.278300 -0.048500
vn -0.899500 -0.370000 -0.232500
vn -0.427700 -0.849700 -0.308300
vn 0.416900 -0.886200 -0.201900
vn 0.058100 -0.960200 -0.273300
vn 0.717900 -0.688800 -0.100900
vn 0.958300 -0.280500 0.055600
vn 0.897700 0.368400 0.241700
vn 0.425000 0.847500 0.318100
vn -0.059300 0.957400 0.282600
vn -0.418300 0.883600 0.210400
vn -0.719300 0.686000 0.110000
vn -0.959800 0.277200 -0.044100
vn -0.899800 -0.371600 -0.228500
vn -0.427200 -0.850500 -0.306700
vn 0.417400 -0.885800 -0.202600
vn 0.058300 -0.959700 -0.275100
vn 0.718300 -0.688400 -0.100700
vn 0.958300 -0.280200 0.056500
vn 0.897700 0.367600 0.242900
vn 0.425400 0.846900 0.319100
vn -0.059100 0.957400 0.282800
vn -0.417900 0.883900 0.209900
vn -0.718800 0.686700 0.108700
vn -0.959400 0.278300 -0.046700
vn -0.899200 -0.371000 -0.231900
vn -0.426700 -0.849800 -0.309500
vn 0.417600 -0.885900 -0.201800
vn 0.059000 -0.959100 -0.277000
vn 0.717900 -0.689300 -0.097400
vn 0.957500 -0.281700 0.062100
vn 0.896900 0.365300 0.249100
vn 0.425500 0.845300 0.323200
vn -0.059400 0.957000 0.283900
vn -0.417900 0.884300 0.208300
vn -0.717900 0.688200 0.104700
vn -0.958400 0.280500 -0.053200
vn -0.898200 -0.368600 -0.239600
vn -0.425900 -0.848200 -0.314800
vn 0.417300 -0.886400 -0.200300
vn 0.060000 -0.958300 -0.279300
vn 0.716900 -0.691100 -0.092300
vn 0.956000 -0.284500 0.071000
vn 0.895300 0.362300 0.259200
vn 0.424700 0.843100 0.329800
vn -0.059300 0.956500 0.285800
vn -0.417300 0.885100 0.206200
vn -0.716900 0.690100 0.098800
vn -0.956900 0.283400 -0.063000
vn -0.896500 -0.365200 -0.250600
vn -0.424300 -0.846300 -0.322200
vn 0.416900 -0.887100 -0.197900
vn 0.060800 -0.957500 -0.282100
vn 0.715600 -0.693300 -0.085100
vn 0.954000 -0.288100 0.082900
vn 0.893000 0.358300 0.272500
vn 0.423400 0.840400 0.338300
vn -0.059300 0.955700 0.288200
vn -0.416500 0.886000 0.203500
vn -0.715600 0.692500 0.091300
vn -0.954900 0.287200 -0.075400
vn -0.894200 -0.361000 -0.264500
vn -0.422500 -0.843700 -0.331300
vn 0.416600 -0.888000 -0.194700
vn 0.061500 -0.956500 -0.285300
vn 0.714100 -0.695900 -0.076100
vn 0.951300 -0.292600 0.097500
vn 0.889900 0.353100 0.288800
vn 0.421500 0.837100 0.348800
vn -0.059900 0.954800 0.291200
vn -0.415800 0.887100 0.200300
vn -0.713900 0.695400 0.082200
vn -0.952100 0.292000 -0.090300
vn -0.891000 -0.356200 -0.281400
vn -0.420000 -0.840600 -0.342100
vn 0.416200 -0.889000 -0.190800
vn 0.061900 -0.955300 -0.289000
vn 0.712100 -0.699000 -0.065300
vn 0.947600 -0.298200 0.114800
vn 0.885900 0.346800 0.308100
vn 0.418600 0.833200 0.361300
vn -0.060600 0.953700 0.294700
vn -0.414600 0.888500 0.196500
vn -0.711500 0.699100 0.071400
vn -0.948500 0.297900 -0.107800
vn -0.886800 -0.350500 -0.301200
vn -0.417200 -0.836700 -0.354800
vn 0.415500 -0.890400 -0.186100
vn 0.062600 -0.954000 -0.293200
vn 0.709300 -0.703000 -0.052600
vn 0.942700 -0.304800 0.135400
vn 0.880500 0.339400 0.330900
vn 0.415400 0.828300 0.376000
vn -0.061200 0.952300 0.298800
vn -0.413500 0.890100 0.191800
vn -0.708400 0.703400 0.058800
vn -0.943700 0.304900 -0.128400
vn -0.881600 -0.343100 -0.324200
vn -0.414300 -0.831700 -0.369600
vn 0.414000 -0.892200 -0.180600
vn 0.064500 -0.952400 -0.297800
vn 0.705400 -0.707800 -0.037700
vn 0.936400 -0.312500 0.159500
vn 0.873600 0.330100 0.357600
vn 0.411600 0.822200 0.393200
vn -0.062200 0.950700 0.303700
vn -0.412100 0.891900 0.186400
vn -0.704300 0.708500 0.044000
vn -0.937400 0.313200 -0.152400
vn -0.874900 -0.333700 -0.351000
vn -0.409800 -0.826100 -0.386800
vn 0.412900 -0.892300 -0.182400
vn 0.065200 -0.950000 -0.305200
vn 0.703100 -0.710300 -0.033400
vn 0.932900 -0.316700 0.171200
vn 0.868000 0.326400 0.374200
vn 0.405400 0.818900 0.406300
vn -0.066000 0.948300 0.310400
vn -0.413800 0.890900 0.187200
vn -0.703800 0.709300 0.038900
vn -0.934200 0.316800 -0.164100
vn -0.871300 -0.326100 -0.366600
vn -0.408300 -0.820400 -0.400300
vn 0.415900 -0.887500 -0.198500
vn 0.066100 -0.946400 -0.316000
vn 0.707400 -0.704900 -0.052400
vn 0.938100 -0.311000 0.152700
vn 0.870200 0.332200 0.363800
vn 0.402400 0.819700 0.407600
vn -0.070900 0.944600 0.320400
vn -0.420100 0.884700 0.202200
vn -0.710300 0.701600 0.056900
vn -0.939700 0.309600 -0.145700
vn -0.875300 -0.328600 -0.354800
vn -0.410400 -0.818800 -0.401600
vn 0.421600 -0.879600 -0.220100
vn 0.068700 -0.942700 -0.326500
vn 0.715400 -0.693900 -0.082200
vn 0.946900 -0.299100 0.118400
vn 0.877300 0.341200 0.337600
vn 0.404100 0.821800 0.401600
vn -0.074200 0.940600 0.331300
vn -0.425900 0.876500 0.224300
vn -0.718300 0.690300 0.087000
vn -0.948600 0.296400 -0.111400
vn -0.882000 -0.338300 -0.328100
vn -0.411900 -0.821200 -0.394800
vn 0.426000 -0.872400 -0.239600
vn 0.070500 -0.939700 -0.334700
vn 0.721400 -0.683700 -0.110300
vn 0.954100 -0.287100 0.085100
vn 0.883500 0.350400 0.310900
vn 0.405800 0.824800 0.393800
vn -0.076600 0.937300 0.339900
vn -0.429600 0.869300 0.244500
vn -0.724000 0.680100 0.115600
vn -0.955800 0.283300 -0.078000
vn -0.887500 -0.348900 -0.300900
vn -0.413800 -0.824400 -0.386200
vn 0.428800 -0.866400 -0.255800
vn 0.071200 -0.937800 -0.339900
vn 0.726000 -0.674400 -0.135000
vn 0.959700 -0.275500 0.054600
vn 0.888700 0.359700 0.284400
vn 0.407900 0.828300 0.384100
vn -0.076700 0.935200 0.345700
vn -0.431600 0.863400 0.261200
vn -0.728400 0.670600 0.140800
vn -0.961300 0.271500 -0.046900
vn -0.891700 -0.360100 -0.274300
vn -0.415100 -0.828500 -0.375800
vn 0.430600 -0.862100 -0.267100
vn 0.071400 -0.937200 -0.341300
vn 0.729400 -0.666400 -0.154500
vn 0.963700 -0.265400 0.028200
vn 0.892900 0.368000 0.259300
vn 0.410500 0.832400 0.372300
vn -0.075900 0.934500 0.347600
vn -0.433100 0.859000 0.273000
vn -0.731700 0.662400 0.160700
vn -0.965100 0.261000 -0.020100
vn -0.894800 -0.370400 -0.249200
vn -0.416100 -0.833500 -0.363600
vn 0.431300 -0.860000 -0.272500
vn 0.071500 -0.938400 -0.338100
vn 0.731100 -0.661400 -0.167700
vn 0.966100 -0.257900 0.007400
vn 0.896100 0.375500 0.236800
vn 0.413200 0.837000 0.358800
vn -0.075400 0.935600 0.344800
vn -0.433900 0.856800 0.278600
vn -0.733200 0.657300 0.174200
vn -0.967500 0.252900 0.000700
vn -0.897000 -0.379400 -0.226900
vn -0.416800 -0.839000 -0.349800
vn 0.431200 -0.860600 -0.271200
vn 0.071000 -0.941300 -0.330000
vn 0.731200 -0.659800 -0.173400
vn 0.967300 -0.253500 -0.006100
vn 0.898100 0.381700 0.218400
vn 0.415100 0.842200 0.344000
vn -0.073800 0.938600 0.337100
vn -0.433200 0.857500 0.277600
vn -0.733700 0.655300 0.179900
vn -0.968700 0.247700 0.014200
vn -0.897900 -0.387600 -0.208700
vn -0.417000 -0.845000 -0.334700
vn 0.431200 -0.863300 -0.262200
vn 0.070700 -0.945900 -0.316700
vn 0.730700 -0.661100 -0.170200
vn 0.967500 -0.252500 -0.011000
vn 0.899500 0.385900 0.204900
vn 0.417300 0.847500 0.328000
vn -0.072200 0.943200 0.324200
vn -0.432300 0.860600 0.269000
vn -0.733200 0.656500 0.177000
vn -0.969100 0.245800 0.019100
vn -0.898400 -0.393300 -0.195400
vn -0.417500 -0.850900 -0.318800
vn 0.430700 -0.868400 -0.245900
vn 0.070600 -0.951700 -0.298700
vn 0.730300 -0.664600 -0.157900
vn 0.967200 -0.253800 -0.006700
vn 0.900600 0.387600 0.196800
vn 0.419600 0.852600 0.311500
vn -0.070900 0.949300 0.306300
vn -0.431500 0.866000 0.252800
vn -0.732000 0.661000 0.165000
vn -0.968800 0.247600 0.015000
vn -0.899100 -0.395600 -0.187400
vn -0.418200 -0.856600 -0.302400
vn 0.429000 -0.875400 -0.222800
vn 0.069800 -0.958500 -0.276500
vn 0.729400 -0.670300 -0.136800
vn 0.966200 -0.257500 0.006600
vn 0.901100 0.387400 0.194700
vn 0.420800 0.857700 0.295400
vn -0.069100 0.956300 0.284000
vn -0.429400 0.873400 0.229800
vn -0.730500 0.667500 0.144100
vn -0.967700 0.252300 0.001800
vn -0.899200 -0.396200 -0.185600
vn -0.418100 -0.862100 -0.286400
vn 0.426500 -0.883500 -0.193700
vn 0.068600 -0.965600 -0.250800
vn 0.726700 -0.678400 -0.108300
vn 0.964100 -0.264000 0.028200
vn 0.901200 0.385300 0.198600
vn 0.422500 0.862100 0.279900
vn -0.067600 0.963700 0.258300
vn -0.426900 0.881800 0.200600
vn -0.727500 0.676300 0.115700
vn -0.965700 0.259000 -0.019800
vn -0.898800 -0.395300 -0.189700
vn -0.418400 -0.866900 -0.271000
vn 0.425100 -0.887600 -0.177600
vn 0.068200 -0.969100 -0.237100
vn 0.724700 -0.682900 -0.092400
vn 0.962600 -0.268000 0.040800
vn 0.901200 0.383500 0.201900
vn 0.423800 0.863800 0.272400
vn -0.067400 0.967300 0.244600
vn -0.425700 0.885900 0.184400
vn -0.725100 0.681400 0.099800
vn -0.964200 0.263100 -0.032500
vn -0.898400 -0.394300 -0.193200
vn -0.418500 -0.869200 -0.263500
vn -0.266900 -0.826600 -0.495400
vn -0.268000 -0.828000 -0.492500
vn -0.583300 -0.629000 -0.513900
vn -0.582700 -0.628100 -0.515800
vn 0.085800 -0.910200 -0.405300
vn 0.084400 -0.911800 -0.401900
vn 0.531000 -0.823800 -0.198500
vn 0.529500 -0.825600 -0.195000
vn 0.909300 -0.386800 0.153100
vn 0.908500 -0.387900 0.155400
vn 0.871000 0.227500 0.435500
vn 0.870900 0.227700 0.435400
vn 0.581600 0.625300 0.520300
vn 0.582300 0.626300 0.518400
vn 0.265800 0.824400 0.499700
vn 0.267000 0.825800 0.496700
vn -0.087400 0.907900 0.410000
vn -0.085900 0.909700 0.406400
vn -0.533400 0.820900 0.203800
vn -0.532000 0.822700 0.200300
vn -0.912100 0.382400 -0.147600
vn -0.911300 0.383500 -0.149800
vn -0.872500 -0.231600 -0.430400
vn -0.872400 -0.231800 -0.430300
vn -0.270100 -0.830800 -0.486700
vn -0.584800 -0.630800 -0.510100
vn 0.081800 -0.915200 -0.394700
vn 0.526700 -0.829000 -0.187800
vn 0.906800 -0.390000 0.159800
vn 0.871100 0.227800 0.435000
vn 0.583800 0.628100 0.514500
vn 0.269200 0.828600 0.490800
vn -0.083300 0.913100 0.399200
vn -0.529400 0.826100 0.193000
vn -0.909700 0.385600 -0.154400
vn -0.872600 -0.231800 -0.430000
vn -0.272300 -0.833600 -0.480600
vn -0.586300 -0.632600 -0.506100
vn 0.079100 -0.918500 -0.387400
vn 0.524000 -0.832300 -0.180500
vn 0.905200 -0.392000 0.164300
vn 0.871200 0.228100 0.434700
vn 0.585300 0.629900 0.510600
vn 0.271400 0.831400 0.484800
vn -0.080600 0.916400 0.392000
vn -0.526600 0.829600 0.185700
vn -0.908000 0.387700 -0.158900
vn -0.872700 -0.232000 -0.429600
vn -0.274600 -0.836300 -0.474500
vn -0.587700 -0.634400 -0.502200
vn 0.076200 -0.921800 -0.380100
vn 0.521300 -0.835600 -0.173100
vn 0.903500 -0.394000 0.168900
vn 0.871400 0.228300 0.434300
vn 0.586800 0.631800 0.506500
vn 0.273700 0.834200 0.478700
vn -0.077600 0.919800 0.384600
vn -0.523600 0.833100 0.178300
vn -0.906300 0.389800 -0.163500
vn -0.872800 -0.232100 -0.429300
vn -0.276900 -0.839100 -0.468300
vn -0.589200 -0.636200 -0.498100
vn 0.073400 -0.925100 -0.372600
vn 0.518400 -0.839000 -0.165600
vn 0.901700 -0.396100 0.173500
vn 0.871500 0.228500 0.433900
vn 0.588300 0.633700 0.502400
vn 0.276200 0.837000 0.472400
vn -0.074600 0.923200 0.377000
vn -0.520800 0.836400 0.170600
vn -0.904500 0.391800 -0.168300
vn -0.872900 -0.232300 -0.428900
vn -0.279400 -0.841800 -0.461900
vn -0.590800 -0.638000 -0.493800
vn 0.070500 -0.928300 -0.365000
vn 0.515600 -0.842200 -0.157800
vn 0.899900 -0.398000 0.178300
vn 0.871700 0.228700 0.433400
vn 0.589800 0.635600 0.498100
vn 0.278600 0.839800 0.466000
vn -0.071600 0.926500 0.369400
vn -0.517900 0.839800 0.162900
vn -0.902700 0.394000 -0.173000
vn -0.873100 -0.232500 -0.428500
vn -0.282100 -0.844400 -0.455400
vn -0.592500 -0.639800 -0.489600
vn 0.067600 -0.931600 -0.357100
vn 0.512700 -0.845400 -0.149900
vn 0.898100 -0.400000 0.183000
vn 0.871800 0.229000 0.433000
vn 0.591400 0.637400 0.493900
vn 0.281200 0.842500 0.459500
vn -0.068700 0.929800 0.361500
vn -0.514900 0.843100 0.155000
vn -0.900800 0.396100 -0.177800
vn -0.873200 -0.232800 -0.428100
vn -0.284700 -0.847000 -0.448900
vn -0.594200 -0.641400 -0.485300
vn 0.064700 -0.934800 -0.349100
vn 0.509600 -0.848600 -0.142000
vn 0.896200 -0.402100 0.187700
vn 0.872100 0.229200 0.432400
vn 0.593200 0.639200 0.489400
vn 0.283800 0.845200 0.452800
vn -0.065600 0.933100 0.353600
vn -0.512000 0.846300 0.147000
vn -0.899000 0.397900 -0.182700
vn -0.873400 -0.232900 -0.427700
vn -0.287200 -0.849700 -0.442200
vn -0.596000 -0.643100 -0.480900
vn 0.061600 -0.938000 -0.341200
vn 0.506500 -0.851800 -0.134100
vn 0.894300 -0.403900 0.192500
vn 0.872300 0.229400 0.431900
vn 0.595000 0.640900 0.485000
vn 0.286400 0.847900 0.446200
vn -0.062600 0.936300 0.345600
vn -0.509000 0.849500 0.138900
vn -0.897200 0.399700 -0.187700
vn -0.873700 -0.232900 -0.427200
vn -0.289800 -0.852300 -0.435500
vn -0.597600 -0.644900 -0.476400
vn 0.058300 -0.941100 -0.333200
vn 0.503300 -0.854900 -0.126100
vn 0.892400 -0.405800 0.197400
vn 0.872500 0.229600 0.431300
vn 0.596700 0.642700 0.480500
vn 0.289000 0.850500 0.439400
vn -0.059500 0.939500 0.337500
vn -0.505800 0.852700 0.130800
vn -0.895300 0.401800 -0.192600
vn -0.873900 -0.233100 -0.426700
vn -0.292400 -0.854800 -0.428800
vn -0.599300 -0.646600 -0.471900
vn 0.055200 -0.944000 -0.325200
vn 0.500200 -0.857800 -0.118000
vn 0.890500 -0.407600 0.202300
vn 0.872700 0.229900 0.430800
vn 0.598500 0.644400 0.476000
vn 0.291600 0.853100 0.432600
vn -0.056500 0.942500 0.329300
vn -0.502600 0.855800 0.122700
vn -0.893300 0.403800 -0.197400
vn -0.874000 -0.233400 -0.426100
vn -0.293200 -0.855200 -0.427400
vn -0.599800 -0.646300 -0.471800
vn 0.054400 -0.945100 -0.322200
vn 0.499200 -0.859100 -0.112700
vn 0.888700 -0.408100 0.209000
vn 0.870400 0.229000 0.435900
vn 0.597000 0.643500 0.479000
vn 0.290700 0.852700 0.434100
vn -0.056600 0.942400 0.329700
vn -0.501600 0.856400 0.122400
vn -0.892200 0.405900 -0.198000
vn -0.874100 -0.231800 -0.426800
vn -0.288800 -0.850900 -0.438800
vn -0.596000 -0.642000 -0.482400
vn 0.058300 -0.941400 -0.332300
vn 0.501900 -0.856800 -0.118100
vn 0.887900 -0.407900 0.212800
vn 0.865600 0.226000 0.446900
vn 0.590900 0.638600 0.492900
vn 0.284500 0.847300 0.448500
vn -0.061900 0.937200 0.343200
vn -0.504800 0.853000 0.132600
vn -0.892400 0.406600 -0.195600
vn -0.871900 -0.228300 -0.433200
vn -0.282100 -0.844400 -0.455500
vn -0.589900 -0.636300 -0.497200
vn 0.064800 -0.935000 -0.348600
vn 0.506400 -0.852400 -0.130300
vn 0.888300 -0.408100 0.210700
vn 0.861700 0.222000 0.456300
vn 0.584600 0.632600 0.508000
vn 0.277600 0.840400 0.465400
vn -0.068700 0.930600 0.359600
vn -0.510300 0.847800 0.144700
vn -0.893500 0.405100 -0.193700
vn -0.868200 -0.225000 -0.442300
vn -0.277000 -0.839400 -0.467700
vn -0.585700 -0.632200 -0.507200
vn 0.069900 -0.929900 -0.361100
vn 0.510100 -0.848500 -0.140900
vn 0.889400 -0.407600 0.207100
vn 0.859500 0.219500 0.461500
vn 0.580300 0.628200 0.518200
vn 0.272600 0.835100 0.477800
vn -0.074100 0.925200 0.372300
vn -0.515200 0.843000 0.154900
vn -0.895200 0.402900 -0.190500
vn -0.866000 -0.223300 -0.447400
vn -0.274100 -0.836400 -0.474700
vn -0.583700 -0.630200 -0.512000
vn 0.073200 -0.926300 -0.369500
vn 0.513200 -0.845200 -0.149400
vn 0.891200 -0.406100 0.202100
vn 0.859300 0.218800 0.462400
vn 0.578300 0.626100 0.523100
vn 0.269600 0.832000 0.484900
vn -0.077900 0.921500 0.380500
vn -0.519000 0.839100 0.162900
vn -0.897400 0.400100 -0.185900
vn -0.865600 -0.223300 -0.448300
vn -0.273700 -0.835600 -0.476300
vn -0.584000 -0.630600 -0.511200
vn 0.074300 -0.924700 -0.373400
vn 0.515300 -0.842800 -0.155300
vn 0.893600 -0.404000 0.195600
vn 0.861000 0.220100 0.458600
vn 0.578700 0.626400 0.522300
vn 0.268900 0.831300 0.486400
vn -0.079700 0.919800 0.384200
vn -0.521800 0.836300 0.168400
vn -0.900100 0.396800 -0.180100
vn -0.866900 -0.225300 -0.444600
vn -0.275400 -0.837300 -0.472400
vn -0.586400 -0.633500 -0.504800
vn 0.073700 -0.925100 -0.372500
vn 0.516100 -0.841700 -0.158700
vn 0.896400 -0.401400 0.187900
vn 0.864500 0.223300 0.450200
vn 0.581500 0.629100 0.515800
vn 0.270400 0.833200 0.482400
vn -0.079400 0.920300 0.383100
vn -0.523300 0.834800 0.171300
vn -0.903200 0.392800 -0.173200
vn -0.870000 -0.229300 -0.436500
vn -0.278900 -0.841300 -0.463100
vn -0.590800 -0.638600 -0.493100
vn 0.071500 -0.927500 -0.366900
vn 0.516100 -0.841600 -0.159400
vn 0.899600 -0.398200 0.179200
vn 0.869600 0.228500 0.437700
vn 0.586300 0.634200 0.504100
vn 0.273900 0.837400 0.473000
vn -0.077300 0.922900 0.377300
vn -0.523600 0.834500 0.171500
vn -0.906400 0.388600 -0.165400
vn -0.874500 -0.234900 -0.424400
vn -0.283900 -0.847300 -0.448900
vn -0.596700 -0.645600 -0.476700
vn 0.067800 -0.931600 -0.357200
vn 0.515200 -0.842400 -0.157600
vn 0.903100 -0.394400 0.169900
vn 0.875800 0.235100 0.421500
vn 0.592600 0.641300 0.487400
vn 0.279200 0.843600 0.458600
vn -0.073600 0.927200 0.367200
vn -0.522900 0.835500 0.169200
vn -0.909700 0.384500 -0.156700
vn -0.880100 -0.242000 -0.408600
vn -0.290400 -0.854500 -0.430600
vn -0.603600 -0.653900 -0.456200
vn 0.063000 -0.937000 -0.343600
vn 0.513600 -0.844200 -0.153400
vn 0.906400 -0.390900 0.160000
vn 0.882900 0.242600 0.402100
vn 0.600000 0.649800 0.466700
vn 0.285800 0.851300 0.440100
vn -0.068800 0.932900 0.353400
vn -0.521400 0.837300 0.164400
vn -0.912900 0.380600 -0.147600
vn -0.886400 -0.249800 -0.389800
vn -0.297400 -0.862700 -0.409000
vn -0.611100 -0.662900 -0.432600
vn 0.057700 -0.943300 -0.327000
vn 0.511400 -0.846600 -0.147100
vn 0.909600 -0.387500 0.150000
vn 0.890100 0.250800 0.380600
vn 0.608000 0.659000 0.442700
vn 0.293000 0.859900 0.418100
vn -0.063300 0.939600 0.336500
vn -0.519100 0.840000 0.157700
vn -0.915900 0.376900 -0.138300
vn -0.893000 -0.258100 -0.368800
vn -0.304300 -0.871300 -0.385000
vn -0.618800 -0.672000 -0.406900
vn 0.051900 -0.949900 -0.308300
vn 0.508900 -0.849500 -0.139400
vn 0.912700 -0.383900 0.140300
vn 0.897200 0.259100 0.357700
vn 0.616100 0.668500 0.416500
vn 0.300200 0.868800 0.393700
vn -0.057500 0.946600 0.317300
vn -0.516400 0.843200 0.149400
vn -0.918600 0.373500 -0.129200
vn -0.899600 -0.266100 -0.346400
vn -0.310600 -0.880500 -0.358100
vn -0.625000 -0.680800 -0.381900
vn 0.045900 -0.958000 -0.283000
vn 0.504800 -0.854600 -0.121500
vn 0.912500 -0.383900 0.141200
vn 0.902300 0.263300 0.341300
vn 0.624000 0.675700 0.392500
vn 0.308700 0.877100 0.368000
vn -0.049600 0.954700 0.293400
vn -0.511100 0.849100 0.133500
vn -0.918800 0.373100 -0.128700
vn -0.904000 -0.272700 -0.329300
vn -0.317000 -0.888300 -0.332200
vn -0.629300 -0.686500 -0.364200
vn 0.038500 -0.966800 -0.252500
vn 0.497300 -0.862800 -0.091200
vn 0.907500 -0.388600 0.159300
vn 0.903000 0.263800 0.339100
vn 0.629200 0.680300 0.376000
vn 0.316600 0.884200 0.343500
vn -0.040500 0.963500 0.264500
vn -0.502200 0.858300 0.105400
vn -0.914100 0.378800 -0.144700
vn -0.904800 -0.274100 -0.325800
vn -0.322700 -0.892800 -0.314300
vn -0.632300 -0.688300 -0.355500
vn 0.031300 -0.973200 -0.227700
vn 0.489400 -0.869800 -0.062700
vn 0.901400 -0.393200 0.181400
vn 0.901000 0.263600 0.344700
vn 0.631200 0.683200 0.367200
vn 0.321700 0.889200 0.325400
vn -0.033500 0.970300 0.239600
vn -0.493800 0.866200 0.076900
vn -0.907300 0.386100 -0.166300
vn -0.903700 -0.271500 -0.331100
vn -0.325900 -0.894700 -0.305500
vn -0.633500 -0.688200 -0.353500
vn 0.026800 -0.976700 -0.213100
vn 0.484300 -0.873800 -0.043500
vn 0.896400 -0.396000 0.198900
vn 0.898300 0.262700 0.352200
vn 0.631300 0.684200 0.365100
vn 0.324300 0.891500 0.316400
vn -0.028900 0.973900 0.225000
vn -0.487800 0.871000 0.058000
vn -0.901800 0.391400 -0.183100
vn -0.901900 -0.268500 -0.338400
vn -0.326500 -0.894600 -0.305000
vn -0.632500 -0.686900 -0.357900
vn 0.025000 -0.977800 -0.207900
vn 0.481300 -0.875900 -0.033100
vn 0.892500 -0.398200 0.212100
vn 0.894800 0.261400 0.361900
vn 0.629400 0.683700 0.369300
vn 0.324000 0.891800 0.315800
vn -0.026900 0.975100 0.219900
vn -0.484100 0.873700 0.048000
vn -0.897500 0.395200 -0.195700
vn -0.899200 -0.265200 -0.347900
vn -0.324200 -0.892700 -0.313100
vn -0.629200 -0.684300 -0.368600
vn 0.026100 -0.976900 -0.212100
vn 0.480600 -0.876400 -0.031200
vn 0.889600 -0.399500 0.221400
vn 0.890300 0.259600 0.374100
vn 0.625500 0.681400 0.380000
vn 0.320900 0.890100 0.323700
vn -0.028500 0.974200 0.224000
vn -0.483000 0.874400 0.046400
vn -0.894200 0.398200 -0.204400
vn -0.895500 -0.261800 -0.359800
vn -0.318700 -0.888600 -0.329900
vn -0.623500 -0.679800 -0.386100
vn 0.030600 -0.973700 -0.225700
vn 0.483300 -0.874600 -0.037500
vn 0.888000 -0.399700 0.227200
vn 0.884700 0.256900 0.389000
vn 0.619000 0.677300 0.397700
vn 0.315000 0.885800 0.340600
vn -0.033400 0.970700 0.237800
vn -0.485100 0.872800 0.053400
vn -0.892100 0.400500 -0.209100
vn -0.890800 -0.257400 -0.374400
vn -0.309100 -0.881800 -0.356200
vn -0.614900 -0.672900 -0.411200
vn 0.039500 -0.967600 -0.249500
vn 0.489400 -0.870500 -0.052700
vn 0.887700 -0.399100 0.229400
vn 0.877600 0.252800 0.407300
vn 0.609400 0.670800 0.422800
vn 0.305200 0.878700 0.367000
vn -0.042100 0.964200 0.262000
vn -0.490200 0.868800 0.069600
vn -0.891400 0.401800 -0.209900
vn -0.884800 -0.252000 -0.392000
vn -0.295100 -0.870700 -0.393300
vn -0.602800 -0.662400 -0.444800
vn 0.052900 -0.957100 -0.284900
vn 0.499300 -0.862900 -0.077900
vn 0.889000 -0.397100 0.228100
vn 0.868600 0.247000 0.429600
vn 0.596000 0.660500 0.456600
vn 0.290500 0.867300 0.404300
vn -0.055800 0.953000 0.297700
vn -0.499700 0.860900 0.095700
vn -0.892200 0.401700 -0.206500
vn -0.877000 -0.244700 -0.413400
vn -0.276400 -0.852800 -0.443100
vn -0.586000 -0.646600 -0.488400
vn 0.072300 -0.940000 -0.333500
vn 0.514800 -0.849700 -0.113900
vn 0.891900 -0.393300 0.223000
vn 0.857100 0.238300 0.456600
vn 0.578000 0.644500 0.500500
vn 0.270400 0.848900 0.454100
vn -0.075300 0.935000 0.346500
vn -0.514300 0.847200 0.133100
vn -0.894800 0.399900 -0.198500
vn -0.867100 -0.234700 -0.439300
vn -0.249900 -0.824900 -0.507100
vn -0.563800 -0.622100 -0.543300
vn 0.099400 -0.912500 -0.396900
vn 0.536300 -0.828200 -0.162500
vn 0.896900 -0.387200 0.213400
vn 0.842700 0.224900 0.489200
vn 0.553800 0.620000 0.555700
vn 0.242400 0.820400 0.517800
vn -0.102100 0.906200 0.410500
vn -0.534400 0.825000 0.183700
vn -0.899500 0.395700 -0.185100
vn -0.854700 -0.220100 -0.470200
vn -0.214100 -0.781500 -0.586100
vn -0.534600 -0.584300 -0.610600
vn 0.135500 -0.868600 -0.476600
vn 0.564500 -0.794000 -0.225600
vn 0.904300 -0.377700 0.199100
vn 0.824400 0.204000 0.528000
vn 0.522500 0.581800 0.623300
vn 0.205500 0.775600 0.596800
vn -0.138800 0.860700 0.489800
vn -0.561900 0.789100 0.248200
vn -0.906900 0.387500 -0.165700
vn -0.839000 -0.198400 -0.506600
vn -0.193400 -0.753500 -0.628400
vn -0.517200 -0.560800 -0.646500
vn 0.155400 -0.840000 -0.519900
vn 0.579800 -0.771900 -0.260600
vn 0.908600 -0.371600 0.190900
vn 0.813000 0.192400 0.549500
vn 0.503700 0.557900 0.659600
vn 0.184900 0.746600 0.639100
vn -0.159400 0.831200 0.532600
vn -0.576600 0.766100 0.284000
vn -0.911000 0.382500 -0.153900
vn -0.830000 -0.185400 -0.526000
vn 0.721200 -0.690300 -0.058200
vn 0.726800 -0.683300 -0.069100
vn 0.424700 -0.895900 -0.130000
vn 0.417900 -0.899500 -0.127600
vn 0.922700 -0.385100 0.019600
vn 0.926800 -0.375600 0.001900
vn 0.987900 0.100400 0.118200
vn 0.989200 0.111500 0.095300
vn 0.681800 0.703100 0.202000
vn 0.678900 0.711500 0.181300
vn 0.061500 0.979300 0.192800
vn 0.056200 0.981300 0.183900
vn -0.425100 0.895900 0.129200
vn -0.430500 0.892900 0.132000
vn -0.725400 0.685700 0.060600
vn -0.730200 0.679500 0.071700
vn -0.925000 0.379600 -0.016100
vn -0.928600 0.371000 0.001900
vn -0.988100 -0.104000 -0.113000
vn -0.989400 -0.114200 -0.090000
vn -0.687000 -0.699600 -0.196300
vn -0.683700 -0.708300 -0.175600
vn -0.072300 -0.979100 -0.190000
vn -0.065500 -0.981300 -0.180900
vn 0.736900 -0.670100 -0.089000
vn 0.437200 -0.889000 -0.136000
vn 0.933400 -0.357700 -0.029100
vn 0.989700 0.131500 0.056400
vn 0.672200 0.725600 0.147200
vn 0.046000 0.984300 0.170700
vn -0.441100 0.886700 0.138400
vn -0.739000 0.667400 0.092000
vn -0.934400 0.354600 0.033200
vn -0.989800 -0.132900 -0.051000
vn -0.676100 -0.723100 -0.141700
vn -0.052600 -0.984500 -0.167300
vn 0.746000 -0.657600 -0.104900
vn 0.449200 -0.881800 -0.143700
vn 0.938400 -0.341700 -0.050900
vn 0.988400 0.148600 0.031500
vn 0.664000 0.736700 0.128000
vn 0.035100 0.985500 0.166100
vn -0.451500 0.880200 0.146200
vn -0.747000 0.656000 0.107900
vn -0.938800 0.340000 0.055000
vn -0.988500 -0.149000 -0.026100
vn -0.666700 -0.735200 -0.122700
vn -0.039000 -0.985900 -0.162700
vn 0.754700 -0.645800 -0.115900
vn 0.461000 -0.874300 -0.152100
vn 0.942900 -0.327200 -0.063100
vn 0.986400 0.163100 0.020400
vn 0.655000 0.745600 0.122700
vn 0.023700 0.985300 0.169200
vn -0.461500 0.873500 0.154700
vn -0.754700 0.645200 0.119000
vn -0.942700 0.326800 0.067300
vn -0.986600 -0.162600 -0.015100
vn -0.656800 -0.744800 -0.117700
vn -0.025100 -0.985800 -0.165900
vn 0.762900 -0.634800 -0.122100
vn 0.472600 -0.866500 -0.160400
vn 0.947000 -0.314300 -0.066200
vn 0.984300 0.175400 0.021900
vn 0.646100 0.752100 0.129700
vn 0.012700 0.983900 0.178500
vn -0.471600 0.866600 0.163000
vn -0.762300 0.635000 0.125100
vn -0.946400 0.315100 0.070300
vn -0.984600 -0.174200 -0.016800
vn -0.647300 -0.751900 -0.125000
vn -0.011900 -0.984400 -0.175400
vn 0.771100 -0.624600 -0.123300
vn 0.484200 -0.858700 -0.168000
vn 0.951000 -0.303000 -0.060900
vn 0.982000 0.185600 0.034500
vn 0.637600 0.756300 0.146900
vn 0.001700 0.981300 0.192700
vn -0.481900 0.859500 0.170600
vn -0.769900 0.625600 0.126400
vn -0.950200 0.304700 0.065100
vn -0.982500 -0.184100 -0.029600
vn -0.637800 -0.756800 -0.142600
vn 0.000800 -0.981800 -0.189700
vn 0.779200 -0.615200 -0.120000
vn 0.495400 -0.851000 -0.174200
vn 0.954800 -0.293200 -0.048500
vn 0.979400 0.193800 0.056300
vn 0.628400 0.758600 0.172300
vn -0.010200 0.977600 0.210200
vn -0.492400 0.852200 0.176900
vn -0.777300 0.617000 0.123100
vn -0.953900 0.295500 0.052600
vn -0.980000 -0.192000 -0.051500
vn -0.627700 -0.760000 -0.168400
vn 0.013800 -0.978200 -0.207400
vn 0.787000 -0.606600 -0.112500
vn 0.506300 -0.843600 -0.179000
vn 0.958000 -0.285000 -0.030000
vn 0.976100 0.199700 0.085200
vn 0.618100 0.759300 0.203700
vn -0.022600 0.973000 0.229800
vn -0.502700 0.845100 0.181700
vn -0.784600 0.609100 0.115800
vn -0.957100 0.287700 0.034100
vn -0.976900 -0.197800 -0.080700
vn -0.616800 -0.761300 -0.200200
vn 0.027200 -0.973500 -0.227000
vn 0.794100 -0.599200 -0.101700
vn 0.517300 -0.836200 -0.181800
vn 0.960400 -0.278400 -0.006900
vn 0.971700 0.203600 0.119400
vn 0.606700 0.758100 0.239100
vn -0.035800 0.967500 0.250300
vn -0.513300 0.838100 0.184700
vn -0.791600 0.601900 0.105000
vn -0.959600 0.281300 0.010900
vn -0.972700 -0.201700 -0.115100
vn -0.605000 -0.760500 -0.236000
vn 0.041200 -0.968000 -0.247500
vn 0.800600 -0.592800 -0.088000
vn 0.528400 -0.829100 -0.182800
vn 0.961700 -0.273300 0.019600
vn 0.965900 0.205600 0.157000
vn 0.594000 0.755400 0.276700
vn -0.049800 0.961400 0.270600
vn -0.524000 0.831200 0.185800
vn -0.798100 0.595500 0.091300
vn -0.961000 0.276200 -0.015800
vn -0.967000 -0.203800 -0.153000
vn -0.592000 -0.758000 -0.273800
vn 0.055900 -0.961900 -0.267700
vn 0.806300 -0.587200 -0.072000
vn 0.538900 -0.822500 -0.181900
vn 0.961800 -0.269600 0.048400
vn 0.958600 0.206200 0.196600
vn 0.579800 0.751500 0.314900
vn -0.064200 0.954900 0.290000
vn -0.534600 0.824600 0.185100
vn -0.804000 0.589900 0.075300
vn -0.961100 0.272500 -0.044700
vn -0.959700 -0.204500 -0.192900
vn -0.577500 -0.754300 -0.312200
vn 0.070600 -0.955300 -0.287000
vn 0.810300 -0.583100 -0.058700
vn 0.547200 -0.816500 -0.183900
vn 0.960300 -0.268500 0.076400
vn 0.949400 0.203300 0.239200
vn 0.563700 0.742800 0.361200
vn -0.078700 0.944000 0.320500
vn -0.544200 0.815900 0.195500
vn -0.808900 0.583800 0.069700
vn -0.960800 0.269800 -0.064300
vn -0.953100 -0.202500 -0.225100
vn -0.566300 -0.747500 -0.347100
vn 0.081700 -0.948100 -0.307400
vn 0.811100 -0.582300 -0.055600
vn 0.551100 -0.811700 -0.193500
vn 0.957700 -0.272400 0.092400
vn 0.943200 0.193700 0.270100
vn 0.553500 0.730100 0.400800
vn -0.089000 0.932200 0.350800
vn -0.550800 0.807600 0.210700
vn -0.811800 0.579500 0.071600
vn -0.960000 0.269800 -0.075200
vn -0.948100 -0.197300 -0.249400
vn -0.558600 -0.738000 -0.378600
vn 0.088400 -0.939600 -0.330800
vn 0.809800 -0.584200 -0.053500
vn 0.551400 -0.810100 -0.199300
vn 0.955400 -0.277400 0.101600
vn 0.940200 0.185200 0.286000
vn 0.550700 0.721900 0.419100
vn -0.091800 0.927600 0.362100
vn -0.552000 0.806300 0.212600
vn -0.811300 0.580900 0.065600
vn -0.957700 0.273700 -0.088700
vn -0.943600 -0.190900 -0.270600
vn -0.552900 -0.730000 -0.401800
vn 0.091400 -0.933700 -0.346200
vn 0.807000 -0.589000 -0.043000
vn 0.549500 -0.812800 -0.193400
vn 0.952100 -0.283500 0.114900
vn 0.937200 0.178700 0.299600
vn 0.549600 0.717700 0.427700
vn -0.091500 0.927900 0.361300
vn -0.550600 0.809400 0.204300
vn -0.808800 0.585700 0.052900
vn -0.954500 0.279300 -0.104500
vn -0.939800 -0.185200 -0.287300
vn -0.549800 -0.725900 -0.413300
vn 0.091600 -0.933100 -0.347800
vn 0.802900 -0.595500 -0.027200
vn 0.546000 -0.818200 -0.180300
vn 0.947900 -0.290400 0.131100
vn 0.934000 0.173200 0.312600
vn 0.549200 0.715900 0.431200
vn -0.089200 0.931100 0.353600
vn -0.547300 0.815100 0.189900
vn -0.804900 0.592300 0.035600
vn -0.950400 0.286100 -0.122300
vn -0.936100 -0.179800 -0.302200
vn -0.548100 -0.724100 -0.418600
vn 0.090000 -0.935600 -0.341400
vn 0.797500 -0.603300 -0.007300
vn 0.540900 -0.825300 -0.162300
vn 0.942800 -0.297800 0.149800
vn 0.930500 0.167800 0.325600
vn 0.549100 0.715800 0.431400
vn -0.085800 0.936200 0.340700
vn -0.542300 0.822600 0.170800
vn -0.799700 0.600200 0.014700
vn -0.945400 0.293400 -0.142100
vn -0.932400 -0.174700 -0.316500
vn -0.547400 -0.723800 -0.420000
vn 0.086800 -0.940100 -0.329600
vn 0.790700 -0.611900 0.016200
vn 0.534300 -0.833700 -0.139800
vn 0.936700 -0.305600 0.171000
vn 0.926600 0.162500 0.339000
vn 0.549700 0.716600 0.429300
vn -0.081200 0.942600 0.323800
vn -0.535800 0.831300 0.147700
vn -0.793000 0.609100 -0.009500
vn -0.939300 0.301400 -0.164100
vn -0.928300 -0.169900 -0.330900
vn -0.547600 -0.724500 -0.418600
vn 0.081800 -0.946100 -0.313500
vn 0.782200 -0.621600 0.043200
vn 0.526200 -0.842800 -0.113200
vn 0.929200 -0.314100 0.194700
vn 0.922200 0.157400 0.353200
vn 0.551400 0.717700 0.425400
vn -0.074900 0.949900 0.303300
vn -0.527800 0.840800 0.120700
vn -0.784600 0.618900 -0.036900
vn -0.932000 0.309800 -0.188400
vn -0.923600 -0.165400 -0.345800
vn -0.548400 -0.725900 -0.415100
vn 0.075800 -0.953000 -0.293400
vn 0.771800 -0.631500 0.073700
vn 0.516200 -0.852500 -0.082700
vn 0.920300 -0.323000 0.220900
vn 0.917200 0.152000 0.368200
vn 0.553800 0.719100 0.419800
vn -0.066500 0.957900 0.279500
vn -0.517700 0.850800 0.089800
vn -0.774500 0.628900 -0.067900
vn -0.923200 0.318500 -0.215200
vn -0.918500 -0.160500 -0.361300
vn -0.549900 -0.727800 -0.409700
vn 0.068300 -0.960500 -0.269700
vn 0.759500 -0.641500 0.108100
vn 0.503800 -0.862500 -0.048100
vn 0.909600 -0.331700 0.250200
vn 0.911300 0.146900 0.384600
vn 0.556600 0.721100 0.412600
vn -0.056400 0.966100 0.251900
vn -0.505400 0.861200 0.054900
vn -0.762300 0.639000 -0.102700
vn -0.912700 0.327200 -0.244900
vn -0.912600 -0.155700 -0.378000
vn -0.552400 -0.729900 -0.402600
vn 0.058400 -0.968400 -0.242300
vn 0.744500 -0.651400 0.146400
vn 0.488300 -0.872600 -0.009300
vn 0.896900 -0.340100 0.282700
vn 0.904400 0.141900 0.402300
vn 0.560000 0.723300 0.404100
vn -0.044400 0.974300 0.220600
vn -0.490200 0.871500 0.015800
vn -0.747500 0.649100 -0.141300
vn -0.900200 0.335600 -0.277600
vn -0.905700 -0.151300 -0.395900
vn -0.555300 -0.732500 -0.393800
vn 0.046400 -0.976400 -0.211000
vn 0.726300 -0.660900 0.189000
vn 0.469900 -0.882100 0.034000
vn 0.881700 -0.348000 0.318600
vn 0.896300 0.137300 0.421700
vn 0.564500 0.725300 0.394000
vn -0.029700 0.982200 0.185500
vn -0.471800 0.881300 -0.027700
vn -0.729700 0.658500 -0.184200
vn -0.885300 0.343200 -0.313900
vn -0.897700 -0.147500 -0.415300
vn -0.559200 -0.735000 -0.383400
vn 0.032000 -0.983900 -0.175900
vn 0.720500 -0.663200 0.202300
vn 0.462000 -0.885500 0.049400
vn 0.878100 -0.348300 0.328200
vn 0.894400 0.142500 0.424000
vn 0.561700 0.732800 0.384100
vn -0.028000 0.985200 0.169400
vn -0.466700 0.883400 -0.042500
vn -0.724500 0.660900 -0.195800
vn -0.881500 0.346500 -0.320700
vn -0.898900 -0.141900 -0.414500
vn -0.570200 -0.731100 -0.374600
vn 0.020500 -0.986600 -0.161600
vn 0.743500 -0.652300 0.147400
vn 0.480800 -0.876800 0.000100
vn 0.900800 -0.336000 0.275200
vn 0.909500 0.156200 0.385300
vn 0.556700 0.739900 0.377600
vn -0.045600 0.978800 0.199500
vn -0.488500 0.872500 0.007700
vn -0.747500 0.649700 -0.138600
vn -0.903600 0.337300 -0.264300
vn -0.917100 -0.145000 -0.371400
vn -0.580400 -0.726700 -0.367500
vn 0.026900 -0.980900 -0.192700
vn 0.774300 -0.630300 0.056300
vn 0.508300 -0.857300 -0.081600
vn 0.930300 -0.315200 0.187600
vn 0.931300 0.170500 0.321900
vn 0.559900 0.740500 0.371700
vn -0.063000 0.965500 0.252800
vn -0.516000 0.851900 0.090200
vn -0.777800 0.626800 -0.046800
vn -0.932600 0.315100 -0.175800
vn -0.938100 -0.162000 -0.306100
vn -0.582700 -0.729800 -0.357600
vn 0.043900 -0.968800 -0.243700
vn 0.795000 -0.606000 -0.026900
vn 0.526200 -0.836200 -0.154300
vn 0.950700 -0.291500 0.105700
vn 0.947400 0.187000 0.259700
vn 0.564900 0.742000 0.361100
vn -0.072700 0.951800 0.298000
vn -0.533700 0.829600 0.164100
vn -0.798200 0.601300 0.037000
vn -0.952600 0.289500 -0.093300
vn -0.952700 -0.182600 -0.242800
vn -0.583900 -0.735400 -0.343800
vn 0.055600 -0.956500 -0.286300
vn 0.806000 -0.584600 -0.092400
vn 0.536200 -0.817900 -0.208700
vn 0.962100 -0.270000 0.038500
vn 0.957400 0.203200 0.205100
vn 0.570600 0.745100 0.345300
vn -0.075400 0.941600 0.328200
vn -0.542200 0.811000 0.219700
vn -0.808800 0.579000 0.103100
vn -0.963600 0.266100 -0.026100
vn -0.960900 -0.203000 -0.188100
vn -0.583900 -0.743300 -0.326400
vn 0.063000 -0.947200 -0.314300
vn 0.810200 -0.571200 -0.131900
vn 0.540300 -0.807300 -0.237500
vn 0.966800 -0.255500 -0.005800
vn 0.962700 0.215200 0.163800
vn 0.576400 0.749800 0.324900
vn -0.074100 0.938100 0.338300
vn -0.544800 0.800600 0.249400
vn -0.812600 0.565000 0.142900
vn -0.968200 0.249700 0.018200
vn -0.964300 -0.219700 -0.147600
vn -0.582800 -0.752800 -0.306000
vn 0.066900 -0.944000 -0.323000
vn 0.810900 -0.568300 -0.139700
vn 0.540800 -0.807300 -0.236100
vn 0.967800 -0.250700 -0.022000
vn 0.965400 0.220200 0.139800
vn 0.581500 0.755700 0.301200
vn -0.071500 0.942800 0.325700
vn -0.544100 0.801400 0.248600
vn -0.813300 0.562000 0.151000
vn -0.969400 0.243100 0.034100
vn -0.965200 -0.229600 -0.124800
vn -0.580800 -0.763300 -0.283000
vn 0.069000 -0.948300 -0.309700
vn 0.809400 -0.576000 -0.114100
vn 0.539000 -0.817500 -0.203000
vn 0.966700 -0.255900 -0.007700
vn 0.966300 0.218800 0.135900
vn 0.585900 0.762100 0.275600
vn -0.067300 0.954600 0.290400
vn -0.541100 0.812700 0.216000
vn -0.811900 0.570100 0.125500
vn -0.968800 0.247100 0.019500
vn -0.964900 -0.232700 -0.122100
vn -0.578700 -0.773600 -0.258100
vn 0.068800 -0.959400 -0.273700
vn 0.804600 -0.591000 -0.056700
vn 0.534400 -0.833600 -0.140100
vn 0.962800 -0.268000 0.036100
vn 0.965100 0.213000 0.152500
vn 0.590500 0.767400 0.249800
vn -0.060600 0.970300 0.234100
vn -0.535500 0.830500 0.153300
vn -0.807400 0.586100 0.068100
vn -0.965600 0.258700 -0.024700
vn -0.963000 -0.230600 -0.139400
vn -0.578100 -0.782100 -0.232500
vn 0.065600 -0.973900 -0.217300
vn 0.793900 -0.607500 0.026300
vn 0.524300 -0.849900 -0.053800
vn 0.953900 -0.281500 0.104400
vn 0.960700 0.205400 0.186900
vn 0.595200 0.771200 0.225800
vn -0.050300 0.985500 0.162300
vn -0.524500 0.848800 0.066600
vn -0.797000 0.603800 -0.015300
vn -0.957600 0.272600 -0.093500
vn -0.958800 -0.224900 -0.173800
vn -0.579700 -0.787800 -0.207900
vn 0.058300 -0.987700 -0.145400
vn 0.775300 -0.619100 0.124800
vn 0.505800 -0.861400 0.045700
vn 0.937900 -0.291400 0.188400
vn 0.951600 0.199800 0.233700
vn 0.599700 0.773500 0.205000
vn -0.034700 0.996000 0.082700
vn -0.505700 0.862000 -0.033700
vn -0.778700 0.616800 -0.114700
vn -0.942300 0.283500 -0.178100
vn -0.950700 -0.218500 -0.220300
vn -0.583500 -0.790500 -0.186000
vn 0.044400 -0.996800 -0.065900
vn 0.748500 -0.623100 0.226900
vn 0.479300 -0.865300 0.146800
vn 0.914600 -0.294600 0.277100
vn 0.937400 0.198800 0.285900
vn 0.603400 0.774900 0.188300
vn -0.014500 0.999900 0.003800
vn -0.479400 0.867000 -0.136100
vn -0.752200 0.621800 -0.218000
vn -0.919400 0.288000 -0.267700
vn -0.937700 -0.215300 -0.272600
vn -0.588300 -0.790900 -0.168500
vn 0.024200 -0.999600 0.012500
vn 0.728300 -0.620600 0.290600
vn 0.459400 -0.863700 0.207200
vn 0.896200 -0.290800 0.335000
vn 0.923700 0.206300 0.322700
vn 0.597800 0.780800 0.181600
vn -0.004500 0.999100 -0.042400
vn -0.460300 0.865300 -0.198500
vn -0.730400 0.621600 -0.283000
vn -0.899400 0.290300 -0.326900
vn -0.926800 -0.208700 -0.312300
vn -0.596100 -0.785200 -0.167700
vn 0.006700 -0.998500 0.054500
vn 0.731700 -0.619400 0.284600
vn 0.463600 -0.864300 0.194900
vn 0.897000 -0.287900 0.335400
vn 0.919400 0.213000 0.330800
vn 0.585600 0.786600 0.195500
vn -0.014100 0.999500 -0.027300
vn -0.465100 0.865300 -0.187200
vn -0.732000 0.622400 -0.277100
vn -0.898200 0.293100 -0.327700
vn -0.924600 -0.202500 -0.322600
vn -0.596700 -0.780200 -0.187800
vn 0.008500 -0.999300 0.035600
vn 0.746700 -0.619400 0.242500
vn 0.480700 -0.864700 0.145800
vn 0.907400 -0.287600 0.306300
vn 0.921300 0.213200 0.325100
vn 0.575800 0.786600 0.223000
vn -0.030700 0.999300 0.020900
vn -0.482500 0.865100 -0.137600
vn -0.747000 0.622100 -0.234400
vn -0.908600 0.293100 -0.297700
vn -0.926900 -0.202600 -0.315800
vn -0.587900 -0.780000 -0.214400
vn 0.024400 -0.999600 -0.012200
vn 0.762000 -0.617100 0.196100
vn 0.497900 -0.862300 0.092400
vn 0.918500 -0.285900 0.273300
vn 0.924000 0.213600 0.317100
vn 0.566400 0.785000 0.250900
vn -0.047800 0.996300 0.072100
vn -0.500500 0.861600 -0.083900
vn -0.762500 0.619200 -0.187500
vn -0.919600 0.290900 -0.264000
vn -0.929800 -0.203600 -0.306600
vn -0.578800 -0.779000 -0.241300
vn 0.041100 -0.997200 -0.062800
vn 0.777600 -0.611600 0.145800
vn 0.514600 -0.856700 0.035300
vn 0.929800 -0.281800 0.236700
vn 0.927400 0.214500 0.306500
vn 0.557700 0.781900 0.278700
vn -0.064600 0.990000 0.125400
vn -0.518000 0.855000 -0.026800
vn -0.777800 0.613400 -0.136700
vn -0.930900 0.286400 -0.226600
vn -0.933300 -0.204900 -0.294800
vn -0.570000 -0.776800 -0.267800
vn 0.057600 -0.991600 -0.115600
vn 0.792400 -0.602900 0.092500
vn 0.530900 -0.847100 -0.024000
vn 0.941000 -0.275300 0.196900
vn 0.931200 0.216600 0.293100
vn 0.550700 0.776800 0.305500
vn -0.079100 0.980500 0.180100
vn -0.534100 0.844800 0.032900
vn -0.792600 0.604100 -0.082900
vn -0.942000 0.279400 -0.186000
vn -0.937200 -0.207800 -0.280300
vn -0.562500 -0.773000 -0.293400
vn 0.072400 -0.982800 -0.169700
vn 0.806000 -0.590700 0.037300
vn 0.546000 -0.833500 -0.084200
vn 0.951400 -0.266500 0.154300
vn 0.935500 0.219600 0.276900
vn 0.544400 0.771100 0.330200
vn -0.092300 0.967800 0.234300
vn -0.548500 0.830900 0.093500
vn -0.806300 0.590800 -0.027500
vn -0.952400 0.269200 -0.143100
vn -0.941000 -0.212500 -0.263200
vn -0.556900 -0.767700 -0.317100
vn 0.084800 -0.971000 -0.223700
vn 0.817900 -0.575000 -0.018600
vn 0.558600 -0.816800 -0.144200
vn 0.960800 -0.254300 0.110200
vn 0.939700 0.224300 0.258100
vn 0.538800 0.765300 0.352100
vn -0.103900 0.952500 0.286400
vn -0.560700 0.813700 0.153600
vn -0.818200 0.574200 0.028400
vn -0.961700 0.255700 -0.098900
vn -0.944900 -0.218800 -0.243700
vn -0.553100 -0.761500 -0.338000
vn 0.094800 -0.956500 -0.275800
vn 0.827000 -0.557300 -0.074100
vn 0.568500 -0.797500 -0.202000
vn 0.968800 -0.239100 0.065800
vn 0.943500 0.231400 0.237200
vn 0.536100 0.758600 0.370400
vn -0.112100 0.935400 0.335300
vn -0.570700 0.793500 0.211300
vn -0.827600 0.555000 0.083500
vn -0.969300 0.239700 -0.054300
vn -0.948400 -0.226400 -0.221900
vn -0.550700 -0.755300 -0.355300
vn 0.103700 -0.940200 -0.324500
vn 0.833800 -0.537200 -0.127000
vn 0.576000 -0.776400 -0.256000
vn 0.974800 -0.221800 0.021800
vn 0.947000 0.239600 0.214100
vn 0.535900 0.751700 0.384300
vn -0.117800 0.917600 0.379700
vn -0.578900 0.771100 0.265100
vn -0.834600 0.533700 0.136200
vn -0.975000 0.221800 -0.010300
vn -0.951200 -0.236200 -0.198700
vn -0.549700 -0.749700 -0.368500
vn 0.109500 -0.923100 -0.368600
vn 0.838600 -0.515500 -0.176100
vn 0.581200 -0.754500 -0.305000
vn 0.978800 -0.203800 -0.020800
vn 0.949900 0.248600 0.189200
vn 0.536400 0.746600 0.393600
vn -0.120700 0.900300 0.418200
vn -0.583300 0.749000 0.314200
vn -0.839200 0.511300 0.185100
vn -0.978700 0.202700 0.032000
vn -0.953000 -0.247700 -0.174600
vn -0.549200 -0.745700 -0.377200
vn 0.112100 -0.906400 -0.407200
vn 0.840600 -0.494500 -0.221200
vn 0.583400 -0.733700 -0.348300
vn 0.980800 -0.185300 -0.061200
vn 0.951700 0.259700 0.164000
vn 0.536900 0.743800 0.398000
vn -0.120900 0.884700 0.450200
vn -0.584100 0.728700 0.357600
vn -0.841500 0.489100 0.229500
vn -0.980500 0.182900 0.071800
vn -0.953800 -0.260400 -0.149600
vn -0.547700 -0.744500 -0.381800
vn 0.114500 -0.891100 -0.439100
vn 0.840700 -0.484200 -0.242500
vn 0.583800 -0.723500 -0.368300
vn 0.981100 -0.175900 -0.080700
vn 0.952400 0.265100 0.150800
vn 0.538300 0.742500 0.398800
vn -0.120900 0.877400 0.464300
vn -0.584100 0.718500 0.377700
vn -0.841800 0.478200 0.250500
vn -0.980700 0.173000 0.091000
vn -0.954100 -0.266500 -0.136700
vn -0.546500 -0.744700 -0.383200
vn 0.116300 -0.883800 -0.453300
vn 0.307800 -0.885900 -0.347200
vn 0.307900 -0.886300 -0.345900
vn -0.062600 -0.926500 -0.370900
vn -0.062900 -0.928100 -0.367100
vn 0.635800 -0.720100 -0.277800
vn 0.635700 -0.722600 -0.271600
vn 0.929500 -0.346800 -0.125500
vn 0.929200 -0.351400 -0.114100
vn 0.951800 0.279900 0.125200
vn 0.951500 0.274500 0.138900
vn 0.539800 0.778800 0.319700
vn 0.539400 0.774900 0.329500
vn 0.065800 0.925500 0.373000
vn 0.065800 0.923900 0.376900
vn -0.305200 0.884500 0.352900
vn -0.305000 0.885000 0.351800
vn -0.633600 0.719500 0.284400
vn -0.633200 0.722200 0.278500
vn -0.928600 0.346100 0.133700
vn -0.928300 0.351100 0.122700
vn -0.951700 -0.283800 -0.117100
vn -0.951500 -0.278500 -0.130700
vn -0.536900 -0.783500 -0.313000
vn -0.536400 -0.779800 -0.322800
vn 0.308200 -0.887000 -0.343900
vn -0.062000 -0.922900 -0.380000
vn 0.635300 -0.727600 -0.258900
vn 0.928200 -0.361000 -0.090000
vn 0.950100 0.262500 0.168700
vn 0.538600 0.765800 0.351300
vn 0.065700 0.920000 0.386300
vn -0.304800 0.885700 0.350200
vn -0.632500 0.727300 0.266200
vn -0.927300 0.361100 0.099000
vn -0.950400 -0.266500 -0.160200
vn -0.535400 -0.771200 -0.344400
vn 0.308300 -0.887100 -0.343500
vn -0.060900 -0.918000 -0.392000
vn 0.634400 -0.732800 -0.246100
vn 0.926100 -0.371800 -0.063700
vn 0.947300 0.248500 0.202300
vn 0.536600 0.754900 0.377000
vn 0.064800 0.914900 0.398400
vn -0.304700 0.885800 0.350000
vn -0.631500 0.732700 0.253700
vn -0.925200 0.372400 0.073200
vn -0.948100 -0.252200 -0.193600
vn -0.533400 -0.760600 -0.370000
vn 0.308400 -0.886700 -0.344600
vn -0.059200 -0.911800 -0.406300
vn 0.633000 -0.738000 -0.233700
vn 0.922900 -0.383300 -0.036400
vn 0.942800 0.232900 0.238600
vn 0.533000 0.742500 0.405600
vn 0.063000 0.908600 0.412800
vn -0.304900 0.885300 0.351200
vn -0.630100 0.738000 0.241500
vn -0.922100 0.384300 0.046100
vn -0.944100 -0.236300 -0.229700
vn -0.530100 -0.748300 -0.398700
vn 0.308800 -0.885600 -0.347000
vn -0.056700 -0.904700 -0.422300
vn 0.631300 -0.743000 -0.222300
vn 0.918500 -0.395300 -0.009200
vn 0.936600 0.216200 0.275700
vn 0.527900 0.728900 0.435900
vn 0.060200 0.901400 0.428800
vn -0.305300 0.884100 0.353800
vn -0.628400 0.743100 0.230300
vn -0.917800 0.396500 0.019000
vn -0.938400 -0.219400 -0.267000
vn -0.525600 -0.734600 -0.429000
vn 0.309300 -0.883900 -0.350800
vn -0.053400 -0.896800 -0.439200
vn 0.629100 -0.747700 -0.212500
vn 0.913100 -0.407400 0.016400
vn 0.929000 0.199100 0.312000
vn 0.521500 0.714600 0.466300
vn 0.056300 0.893500 0.445600
vn -0.306300 0.882300 0.357500
vn -0.626300 0.747800 0.220400
vn -0.912700 0.408600 -0.006800
vn -0.931100 -0.202100 -0.303600
vn -0.519600 -0.720200 -0.459600
vn 0.310100 -0.881700 -0.355700
vn -0.049400 -0.888500 -0.456300
vn 0.626600 -0.752000 -0.204500
vn 0.907100 -0.419000 0.039700
vn 0.920300 0.182400 0.346100
vn 0.514000 0.700200 0.495500
vn 0.051800 0.885200 0.462300
vn -0.307700 0.880000 0.361900
vn -0.624500 0.751800 0.212000
vn -0.907000 0.420000 -0.030500
vn -0.922700 -0.185100 -0.338100
vn -0.512700 -0.705600 -0.489100
vn 0.311500 -0.879000 -0.361000
vn -0.045000 -0.880100 -0.472700
vn 0.624400 -0.755500 -0.198100
vn 0.900900 -0.429800 0.060000
vn 0.911100 0.166700 0.376900
vn 0.505700 0.686400 0.522600
vn 0.046900 0.876800 0.478500
vn -0.309500 0.877200 0.367100
vn -0.622800 0.755000 0.205300
vn -0.901200 0.430400 -0.051200
vn -0.913800 -0.169000 -0.369300
vn -0.505100 -0.691400 -0.516600
vn 0.313300 -0.876000 -0.366700
vn -0.040200 -0.871900 -0.488000
vn 0.622700 -0.758100 -0.193500
vn 0.895100 -0.439300 0.077100
vn 0.902100 0.152300 0.403800
vn 0.497300 0.673600 0.546800
vn 0.041800 0.868800 0.493400
vn -0.311600 0.874200 0.372300
vn -0.621500 0.757400 0.200200
vn -0.895500 0.439700 -0.068900
vn -0.904800 -0.154400 -0.396800
vn -0.497300 -0.678100 -0.541200
vn 0.315100 -0.872900 -0.372500
vn -0.035600 -0.864200 -0.501900
vn 0.621300 -0.760000 -0.190500
vn 0.889700 -0.447300 0.091000
vn 0.893600 0.139500 0.426600
vn 0.489300 0.661900 0.567900
vn 0.036600 0.861300 0.506800
vn -0.314000 0.871100 0.377500
vn -0.620600 0.759100 0.196500
vn -0.890400 0.447500 -0.083500
vn -0.896300 -0.141700 -0.420200
vn -0.489600 -0.666100 -0.562700
vn 0.316900 -0.869800 -0.378200
vn -0.031000 -0.857100 -0.514200
vn 0.620300 -0.761300 -0.188800
vn 0.885100 -0.454000 0.102000
vn 0.885900 0.128500 0.445600
vn 0.481800 0.651600 0.585900
vn 0.031500 0.854400 0.518700
vn -0.316200 0.868000 0.382800
vn -0.620000 0.760200 0.194100
vn -0.886000 0.453800 -0.095300
vn -0.888600 -0.130600 -0.439700
vn -0.482300 -0.655400 -0.581200
vn 0.311600 -0.874400 -0.372000
vn -0.036700 -0.861400 -0.506600
vn 0.615400 -0.766500 -0.183700
vn 0.881300 -0.460500 0.106000
vn 0.884800 0.123800 0.449300
vn 0.480000 0.650800 0.588200
vn 0.029100 0.854200 0.519100
vn -0.318900 0.867000 0.382900
vn -0.623400 0.757200 0.194800
vn -0.889600 0.447300 -0.092600
vn -0.891300 -0.137400 -0.432100
vn -0.487500 -0.659600 -0.572000
vn 0.303900 -0.884800 -0.353200
vn -0.047400 -0.876700 -0.478600
vn 0.611400 -0.771500 -0.176000
vn 0.883300 -0.458300 0.098500
vn 0.894100 0.135200 0.426900
vn 0.490200 0.666500 0.561700
vn 0.036800 0.866600 0.497700
vn -0.314400 0.874300 0.369800
vn -0.623000 0.758000 0.192900
vn -0.895300 0.438600 -0.078400
vn -0.902800 -0.155700 -0.400900
vn -0.500400 -0.679100 -0.537100
vn 0.299100 -0.893100 -0.336000
vn -0.055000 -0.889200 -0.454100
vn 0.610300 -0.773900 -0.169100
vn 0.887700 -0.451700 0.089700
vn 0.904300 0.150800 0.399300
vn 0.503400 0.684000 0.527900
vn 0.048500 0.881800 0.469200
vn -0.305700 0.885700 0.349400
vn -0.618100 0.764500 0.182700
vn -0.896000 0.437900 -0.073600
vn -0.910200 -0.166000 -0.379400
vn -0.509600 -0.693700 -0.509000
vn 0.294400 -0.900400 -0.320300
vn -0.060900 -0.898400 -0.434900
vn 0.607600 -0.778000 -0.159400
vn 0.888400 -0.450400 0.088900
vn 0.909500 0.158500 0.384400
vn 0.511400 0.694900 0.505500
vn 0.056300 0.892500 0.447600
vn -0.299200 0.894700 0.331600
vn -0.613700 0.770800 0.171000
vn -0.895000 0.439700 -0.075300
vn -0.914000 -0.171100 -0.367900
vn -0.515700 -0.703000 -0.489700
vn 0.289600 -0.907400 -0.304600
vn -0.066400 -0.906200 -0.417600
vn 0.604200 -0.783000 -0.147700
vn 0.887400 -0.451600 0.092500
vn 0.912400 0.162800 0.375400
vn 0.517500 0.703000 0.487900
vn 0.062900 0.901300 0.428700
vn -0.293400 0.902800 0.314500
vn -0.609100 0.777200 0.157800
vn -0.893100 0.442500 -0.080600
vn -0.916100 -0.174000 -0.361300
vn -0.520400 -0.710100 -0.474300
vn 0.284400 -0.914400 -0.288000
vn -0.071500 -0.913500 -0.400600
vn 0.600000 -0.788700 -0.134000
vn 0.885400 -0.454100 0.099100
vn 0.914200 0.165400 0.369900
vn 0.522500 0.709600 0.472700
vn 0.068800 0.909200 0.410600
vn -0.287700 0.910500 0.297000
vn -0.604200 0.783800 0.143300
vn -0.890500 0.446300 -0.088400
vn -0.917300 -0.175600 -0.357300
vn -0.524500 -0.716100 -0.460500
vn 0.278800 -0.921500 -0.270300
vn -0.076700 -0.920500 -0.383100
vn 0.595200 -0.794800 -0.118700
vn 0.882600 -0.457500 0.108000
vn 0.915300 0.166800 0.366500
vn 0.527200 0.715300 0.458600
vn 0.074600 0.916800 0.392400
vn -0.281700 0.918100 0.278700
vn -0.598900 0.790600 0.127300
vn -0.887400 0.450500 -0.098100
vn -0.918100 -0.176400 -0.355000
vn -0.528500 -0.721500 -0.447400
vn 0.272800 -0.928700 -0.251200
vn -0.082600 -0.927400 -0.364900
vn 0.589700 -0.801200 -0.101400
vn 0.879100 -0.461600 0.118900
vn 0.915900 0.167400 0.364700
vn 0.531800 0.720600 0.444900
vn 0.080800 0.924100 0.373600
vn -0.275200 0.925800 0.259100
vn -0.593100 0.797600 0.109500
vn -0.883800 0.454900 -0.109900
vn -0.918400 -0.176800 -0.354100
vn -0.532700 -0.726400 -0.434300
vn 0.265900 -0.936100 -0.230300
vn -0.089000 -0.934300 -0.345300
vn 0.583500 -0.808000 -0.082100
vn 0.874800 -0.466200 0.131800
vn 0.916200 0.167600 0.364100
vn 0.536400 0.725600 0.430900
vn 0.087500 0.931300 0.353700
vn -0.268100 0.933600 0.237800
vn -0.586700 0.804800 0.089800
vn -0.879400 0.459700 -0.123400
vn -0.536900 -0.731200 -0.420800
vn 0.258200 -0.943600 -0.207300
vn -0.095800 -0.941200 -0.324000
vn 0.576400 -0.814900 -0.060400
vn 0.869800 -0.471000 0.146900
vn 0.916100 0.167200 0.364400
vn 0.541300 0.730500 0.416400
vn 0.094500 0.938500 0.332100
vn -0.260400 0.941400 0.214400
vn -0.579500 0.812100 0.067800
vn -0.874400 0.465000 -0.138800
vn -0.918100 -0.176400 -0.354800
vn -0.541400 -0.735900 -0.406600
vn 0.249700 -0.951100 -0.181700
vn -0.103400 -0.948100 -0.300700
vn 0.568200 -0.822100 -0.036100
vn 0.863900 -0.476100 0.164200
vn 0.915700 0.166600 0.365600
vn 0.546700 0.735100 0.401000
vn 0.102300 0.945700 0.308600
vn -0.251900 0.949200 0.188600
vn -0.571400 0.819500 0.043200
vn -0.868600 0.470300 -0.156400
vn -0.917600 -0.176100 -0.356400
vn -0.546300 -0.740500 -0.391400
vn 0.239900 -0.958600 -0.153200
vn -0.112400 -0.954800 -0.275100
vn 0.558700 -0.829300 -0.008900
vn 0.856900 -0.481500 0.183800
vn 0.915000 0.165800 0.367700
vn 0.552800 0.739300 0.384500
vn 0.111400 0.952700 0.282900
vn -0.242200 0.956900 0.160000
vn -0.562000 0.827000 0.015800
vn -0.861800 0.475500 -0.176300
vn -0.916700 -0.176000 -0.358600
vn -0.551800 -0.744900 -0.374900
vn 0.234300 -0.962600 -0.136300
vn -0.117000 -0.958000 -0.262000
vn 0.553000 -0.833100 0.009600
vn 0.852300 -0.483100 0.200700
vn 0.911700 0.167800 0.375000
vn 0.553700 0.741500 0.378900
vn 0.116000 0.955900 0.269700
vn -0.235900 0.961200 0.143300
vn -0.554600 0.832100 -0.001800
vn -0.855200 0.481700 -0.191500
vn -0.915200 -0.170800 -0.365000
vn -0.554900 -0.745300 -0.369700
vn 0.238200 -0.960300 -0.145500
vn -0.112100 -0.954600 -0.276000
vn 0.555200 -0.831700 0.006500
vn 0.851400 -0.482100 0.206500
vn 0.905500 0.167800 0.389700
vn 0.546100 0.738500 0.395500
vn 0.110800 0.952500 0.283600
vn -0.238900 0.958900 0.152800
vn -0.555300 0.831700 0.002000
vn -0.852500 0.484700 -0.195600
vn -0.910900 -0.164200 -0.378600
vn -0.550000 -0.740200 -0.386800
vn 0.245600 -0.955200 -0.165300
vn -0.103200 -0.948300 -0.300200
vn 0.559800 -0.828600 -0.006200
vn 0.851300 -0.482700 0.205700
vn 0.899700 0.162800 0.405100
vn 0.536500 0.732000 0.420000
vn 0.101300 0.946100 0.307600
vn -0.246700 0.953600 0.172600
vn -0.560500 0.828000 0.014600
vn -0.853000 0.484000 -0.195100
vn -0.904800 -0.161100 -0.394300
vn -0.540600 -0.733900 -0.411400
vn 0.251300 -0.951000 -0.180300
vn -0.096000 -0.943000 -0.318600
vn 0.563200 -0.826200 -0.015700
vn 0.851000 -0.483200 0.205500
vn 0.894800 0.158400 0.417400
vn 0.528800 0.726400 0.439100
vn 0.093700 0.940700 0.325900
vn -0.253100 0.949100 0.187300
vn -0.564600 0.825000 0.023800
vn -0.853200 0.483600 -0.195200
vn -0.899800 -0.158200 -0.406700
vn -0.533000 -0.728500 -0.430300
vn 0.255000 -0.948000 -0.190500
vn -0.091100 -0.939100 -0.331200
vn 0.565500 -0.824400 -0.021700
vn 0.850600 -0.483900 0.206000
vn 0.891200 0.155000 0.426300
vn 0.523500 0.722000 0.452400
vn 0.088800 0.936700 0.338700
vn -0.257700 0.945900 0.197100
vn -0.567700 0.822700 0.029500
vn -0.853200 0.483300 -0.195900
vn -0.896000 -0.156000 -0.415700
vn -0.527400 -0.724600 -0.443600
vn 0.256900 -0.946500 -0.195600
vn -0.088200 -0.937000 -0.338000
vn 0.566200 -0.823900 -0.024500
vn 0.849700 -0.484900 0.206800
vn 0.888900 0.152600 0.431900
vn 0.520300 0.719500 0.460000
vn 0.085600 0.934500 0.345400
vn -0.259900 0.944200 0.202200
vn -0.569000 0.821700 0.032000
vn -0.853100 0.483000 -0.197300
vn -0.893500 -0.154900 -0.421500
vn -0.523900 -0.722500 -0.451100
vn 0.256800 -0.946500 -0.195500
vn -0.087700 -0.936800 -0.338600
vn 0.565500 -0.824400 -0.023900
vn 0.848600 -0.486300 0.208200
vn 0.888200 0.150800 0.433900
vn 0.519500 0.718900 0.461800
vn 0.084700 0.934400 0.346000
vn -0.259500 0.944300 0.202300
vn -0.568700 0.822000 0.031100
vn -0.852700 0.482700 -0.199500
vn -0.892400 -0.154900 -0.423800
vn -0.522900 -0.722200 -0.452700
vn 0.254600 -0.948200 -0.190100
vn -0.090200 -0.938500 -0.333200
vn 0.563300 -0.826000 -0.019500
vn 0.847300 -0.487800 0.210200
vn 0.888900 0.150500 0.432600
vn 0.521800 0.720100 0.457500
vn 0.087400 0.936100 0.340700
vn -0.257100 0.946100 0.197000
vn -0.567200 0.823100 0.026400
vn -0.852100 0.482700 -0.202200
vn -0.892800 -0.156000 -0.422600
vn -0.524700 -0.723700 -0.448200
vn 0.250100 -0.951500 -0.179300
vn -0.095200 -0.942200 -0.321300
vn 0.559300 -0.828900 -0.011600
vn 0.845600 -0.489500 0.212900
vn 0.891200 0.151300 0.427500
vn 0.526600 0.723100 0.446900
vn 0.092200 0.939900 0.328900
vn -0.253000 0.949400 0.186200
vn -0.563900 0.825600 0.018200
vn -0.851000 0.483300 -0.205400
vn -0.894800 -0.157900 -0.417700
vn -0.529500 -0.726800 -0.437500
vn 0.242900 -0.956300 -0.163100
vn -0.103000 -0.947400 -0.302900
vn 0.553800 -0.832600 0.000200
vn 0.843800 -0.491100 0.216500
vn 0.895000 0.153300 0.418900
vn 0.533800 0.728100 0.429900
vn 0.099300 0.945400 0.310400
vn -0.246500 0.954200 0.169700
vn -0.558800 0.829300 0.006300
vn -0.849700 0.483900 -0.209200
vn -0.898200 -0.161100 -0.409000
vn -0.536400 -0.731800 -0.420300
vn 0.233700 -0.962100 -0.140900
vn -0.113700 -0.953900 -0.277700
vn 0.547200 -0.836900 0.016300
vn 0.841700 -0.492700 0.220900
vn 0.900300 0.156300 0.406400
vn 0.543900 0.734200 0.406200
vn 0.110100 0.952100 0.285300
vn -0.237800 0.960100 0.147400
vn -0.552700 0.833300 -0.009900
vn -0.848200 0.484700 -0.213700
vn -0.903100 -0.165400 -0.396400
vn -0.545900 -0.738200 -0.396300
vn 0.222600 -0.968400 -0.112600
vn -0.126900 -0.961100 -0.245400
vn 0.539200 -0.841400 0.036400
vn 0.839500 -0.494100 0.226000
vn 0.907000 0.159400 0.389800
vn 0.556400 0.741200 0.375500
vn 0.123100 0.959600 0.253000
vn -0.227000 0.966600 0.119100
vn -0.545400 0.837700 -0.030200
vn -0.846300 0.485600 -0.218900
vn -0.909400 -0.170000 -0.379600
vn -0.558100 -0.745100 -0.365300
vn 0.209700 -0.974500 -0.079700
vn -0.142000 -0.968100 -0.206400
vn 0.530600 -0.845600 0.059000
vn 0.838000 -0.494700 0.230300
vn 0.915300 0.163300 0.368200
vn 0.570000 0.748800 0.338100
vn 0.136200 0.967100 0.214900
vn -0.215400 0.972600 0.087200
vn -0.537700 0.841600 -0.051500
vn -0.845800 0.485400 -0.221400
vn -0.918100 -0.174600 -0.355900
vn -0.572900 -0.751800 -0.326400
vn 0.199500 -0.978500 -0.051700
vn -0.155100 -0.973100 -0.170200
vn 0.525100 -0.847700 0.075300
vn 0.839500 -0.493200 0.228000
vn 0.924300 0.169300 0.342100
vn 0.582400 0.755300 0.300400
vn 0.147700 0.972500 0.179900
vn -0.205600 0.976800 0.060600
vn -0.531900 0.844200 -0.065900
vn -0.847000 0.485500 -0.216500
vn -0.928300 -0.176700 -0.327300
vn -0.587300 -0.756700 -0.287100
vn 0.195700 -0.979900 -0.039300
vn -0.161400 -0.975500 -0.149600
vn 0.524800 -0.847700 0.078000
vn 0.843900 -0.490400 0.217600
vn 0.931900 0.174600 0.318000
vn 0.590600 0.759100 0.273700
vn 0.155000 0.974900 0.159900
vn -0.200800 0.978400 0.048800
vn -0.530500 0.844900 -0.067800
vn -0.849800 0.485800 -0.204700
vn -0.936600 -0.176800 -0.302500
vn -0.596500 -0.759200 -0.260500
vn 0.198400 -0.979100 -0.045100
vn -0.160900 -0.975700 -0.148900
vn 0.529200 -0.845900 0.066600
vn 0.849800 -0.487300 0.201200
vn 0.936600 0.178700 0.301400
vn 0.592600 0.760800 0.264500
vn 0.155700 0.974800 0.159500
vn -0.202500 0.977700 0.055000
vn -0.533400 0.844000 -0.055700
vn -0.853600 0.486100 -0.187300
vn -0.942000 -0.176400 -0.285500
vn -0.599600 -0.759800 -0.251400
vn 0.206200 -0.976000 -0.069300
vn -0.155100 -0.973400 -0.168600
vn 0.537600 -0.842200 0.041200
vn 0.856800 -0.483300 0.179600
vn 0.938700 0.181400 0.293200
vn 0.589500 0.760000 0.273500
vn 0.150300 0.972300 0.179100
vn -0.209400 0.974600 0.079300
vn -0.539700 0.841300 -0.029800
vn -0.858600 0.485400 -0.164900
vn -0.944600 -0.175700 -0.277100
vn -0.597400 -0.758400 -0.260700
vn 0.217900 -0.969700 -0.110300
vn -0.144600 -0.967600 -0.207000
vn 0.548900 -0.835900 0.003300
vn 0.864900 -0.477700 0.154200
vn 0.938200 0.183000 0.293700
vn 0.582100 0.755800 0.299900
vn 0.139900 0.966000 0.217300
vn -0.220000 0.968000 0.120400
vn -0.549400 0.835500 0.008400
vn -0.865000 0.482300 -0.138700
vn -0.944900 -0.173900 -0.277200
vn -0.590700 -0.754000 -0.287300
vn 0.233100 -0.958400 -0.165000
vn -0.130000 -0.956500 -0.261000
vn 0.562500 -0.825600 -0.044400
vn 0.873300 -0.470600 0.126100
vn 0.935700 0.181900 0.302200
vn 0.570800 0.747000 0.340800
vn 0.125500 0.954400 0.270900
vn -0.234000 0.956400 0.175000
vn -0.561800 0.825400 0.056000
vn -0.872100 0.476800 -0.110100
vn -0.943200 -0.170300 -0.285100
vn -0.580800 -0.744800 -0.328700
vn 0.250500 -0.940700 -0.228800
vn -0.112300 -0.938700 -0.325900
vn 0.577300 -0.810600 -0.098300
vn 0.881400 -0.462200 0.097100
vn 0.931700 0.177600 0.316900
vn 0.556700 0.732200 0.392400
vn 0.108300 0.935900 0.335200
vn -0.250300 0.938300 0.238400
vn -0.575600 0.810400 0.109800
vn -0.879500 0.468900 -0.080800
vn -0.939600 -0.165700 -0.299600
vn -0.567100 -0.730400 -0.380800
vn 0.268900 -0.916300 -0.296700
vn -0.092700 -0.913500 -0.396000
vn 0.592600 -0.790600 -0.154200
vn 0.889200 -0.452400 0.068800
vn 0.926200 0.170700 0.336200
vn 0.540700 0.710900 0.449700
vn 0.089500 0.910200 0.404500
vn -0.268500 0.913600 0.305500
vn -0.590400 0.790000 0.165300
vn -0.887000 0.458800 -0.052500
vn -0.934200 -0.159800 -0.319000
vn -0.550000 -0.710500 -0.438900
vn 0.288200 -0.886000 -0.363200
vn -0.071900 -0.881900 -0.465900
vn 0.608400 -0.765900 -0.208100
vn 0.896600 -0.440700 0.043200
vn 0.919900 0.160600 0.357700
vn 0.523700 0.683900 0.508000
vn 0.069700 0.878100 0.473500
vn -0.287500 0.882900 0.371200
vn -0.605600 0.765100 0.218800
vn -0.894200 0.446800 -0.026700
vn -0.928100 -0.150600 -0.340500
vn -0.532400 -0.684300 -0.498300
vn 0.307400 -0.851500 -0.424800
vn -0.051700 -0.845600 -0.531300
vn 0.622700 -0.738700 -0.257900
vn 0.903300 -0.428400 0.020700
vn 0.913200 0.148500 0.379500
vn 0.507000 0.652300 0.563500
vn 0.050300 0.841400 0.538100
vn -0.306100 0.848300 0.432100
vn -0.620200 0.737400 0.267700
vn -0.901000 0.433900 -0.004700
vn -0.921500 -0.139000 -0.362600
vn -0.516000 -0.652800 -0.554600
vn 0.325100 -0.815200 -0.479400
vn -0.033900 -0.806500 -0.590200
vn 0.635800 -0.710500 -0.301400
vn 0.908900 -0.416900 0.001300
vn 0.906600 0.134400 0.400100
vn 0.491400 0.618000 0.613600
vn 0.032100 0.802500 0.595800
vn -0.323000 0.812000 0.486100
vn -0.633400 0.708800 0.310400
vn -0.907100 0.420700 0.013300
vn -0.914500 -0.126600 -0.384200
vn -0.500100 -0.619100 -0.605500
vn 0.333200 -0.796500 -0.504600
vn -0.025400 -0.786300 -0.617400
vn 0.642000 -0.696100 -0.321500
vn 0.911400 -0.411500 -0.007600
vn 0.903300 0.126600 0.409900
vn 0.483900 0.600300 0.636800
vn 0.023100 0.782500 0.622200
vn -0.330800 0.793400 0.511000
vn -0.639600 0.694300 0.330000
vn -0.910100 0.413900 0.021100
vn -0.911000 -0.120300 -0.394600
vn -0.491400 -0.602000 -0.629400
vn 0.285600 -0.937000 -0.201100
vn 0.283800 -0.932600 -0.222700
vn -0.088500 -0.972100 -0.217400
vn -0.089100 -0.977000 -0.193800
vn 0.620000 -0.764400 -0.176900
vn 0.616400 -0.763000 -0.194500
vn 0.924400 -0.367500 -0.102400
vn 0.920700 -0.373800 -0.112200
vn 0.953900 0.297700 0.039300
vn 0.957400 0.285500 0.043000
vn 0.552300 0.817400 0.163700
vn 0.557000 0.810800 0.180000
vn 0.087800 0.973100 0.212900
vn 0.088900 0.968500 0.232600
vn -0.280600 0.934500 0.218800
vn -0.281300 0.929900 0.236800
vn -0.610200 0.767200 0.197600
vn -0.612300 0.762100 0.210400
vn -0.913700 0.384600 0.131300
vn -0.916600 0.377000 0.133200
vn -0.961900 -0.273300 -0.004500
vn -0.959500 -0.281200 -0.018600
vn -0.563800 -0.814400 -0.137400
vn -0.559800 -0.813000 -0.160300
vn 0.282600 -0.925700 -0.251300
vn -0.089200 -0.964100 -0.250000
vn 0.615000 -0.758400 -0.216100
vn 0.919500 -0.374000 -0.121100
vn 0.958800 0.279100 0.053400
vn 0.559700 0.803100 0.204700
vn 0.090400 0.961400 0.259900
vn -0.281000 0.923700 0.260500
vn -0.612800 0.757100 0.226300
vn -0.917700 0.374000 0.134100
vn -0.959300 -0.279900 -0.038700
vn -0.559600 -0.806100 -0.192400
vn 0.282400 -0.923000 -0.261300
vn -0.089600 -0.960300 -0.264100
vn 0.614700 -0.757200 -0.220900
vn 0.919200 -0.375400 -0.118600
vn 0.959200 0.275300 0.064300
vn 0.560300 0.798900 0.218700
vn 0.091100 0.958100 0.271700
vn -0.280900 0.921500 0.268400
vn -0.613000 0.756200 0.228800
vn -0.918100 0.375000 0.128600
vn -0.959300 -0.277200 -0.053300
vn -0.559400 -0.802000 -0.209400
vn 0.282500 -0.921900 -0.265100
vn -0.089700 -0.957900 -0.272500
vn 0.614700 -0.757500 -0.219700
vn 0.919200 -0.377700 -0.111400
vn 0.959400 0.271400 0.076300
vn 0.560500 0.795600 0.230000
vn 0.091200 0.956000 0.278900
vn -0.280800 0.920700 0.271100
vn -0.613100 0.756800 0.226500
vn -0.918300 0.377300 0.119900
vn -0.959500 -0.273700 -0.067200
vn -0.559500 -0.798500 -0.222300
vn 0.282500 -0.921700 -0.265700
vn -0.089500 -0.956300 -0.278500
vn 0.614700 -0.758800 -0.215100
vn 0.919100 -0.380700 -0.101000
vn 0.959500 0.266900 0.090100
vn 0.560700 0.792200 0.240800
vn 0.091200 0.954400 0.284100
vn -0.280600 0.920700 0.271100
vn -0.613100 0.758400 0.221200
vn -0.918500 0.380300 0.108500
vn -0.959500 -0.269400 -0.082100
vn -0.559500 -0.795100 -0.234000
vn 0.282500 -0.922100 -0.264300
vn -0.089000 -0.954900 -0.283200
vn 0.614600 -0.761000 -0.207700
vn 0.918900 -0.384700 -0.087500
vn 0.959200 0.262100 0.106300
vn 0.560700 0.788700 0.252200
vn 0.091400 0.953100 0.288500
vn -0.280300 0.921300 0.269400
vn -0.613000 0.760700 0.213400
vn -0.918400 0.384300 0.094400
vn -0.959300 -0.264600 -0.099000
vn -0.558900 -0.791900 -0.246100
vn 0.282400 -0.923100 -0.261100
vn -0.088500 -0.953700 -0.287500
vn 0.614200 -0.764000 -0.197600
vn 0.918200 -0.389800 -0.070400
vn 0.958400 0.256100 0.125700
vn 0.560400 0.784600 0.265100
vn 0.091400 0.951900 0.292600
vn -0.280000 0.922400 0.266100
vn -0.612500 0.763900 0.203200
vn -0.917800 0.389500 0.077100
vn -0.958500 -0.259000 -0.118800
vn -0.557900 -0.788300 -0.259300
vn 0.282200 -0.924500 -0.256200
vn -0.088000 -0.952500 -0.291600
vn 0.613500 -0.767900 -0.184300
vn 0.916900 -0.396100 -0.049000
vn 0.957100 0.248500 0.149200
vn 0.560000 0.779700 0.280100
vn 0.091400 0.950600 0.296700
vn -0.279600 0.923900 0.261100
vn -0.611600 0.768000 0.189900
vn -0.916500 0.396100 0.055700
vn -0.957100 -0.252100 -0.142700
vn -0.556700 -0.784000 -0.274500
vn 0.281700 -0.926600 -0.249200
vn -0.087500 -0.951200 -0.295900
vn 0.612200 -0.772900 -0.166900
vn 0.914500 -0.404100 -0.021700
vn 0.954400 0.239200 0.178600
vn 0.558900 0.773700 0.298400
vn 0.091800 0.949100 0.301200
vn -0.278700 0.926100 0.254300
vn -0.610200 0.773200 0.172600
vn -0.914100 0.404500 0.028700
vn -0.954500 -0.243300 -0.172200
vn -0.554800 -0.778700 -0.292800
vn 0.280800 -0.929400 -0.239500
vn -0.086200 -0.949800 -0.300600
vn 0.609600 -0.779600 -0.144000
vn 0.910100 -0.414200 0.013500
vn 0.949500 0.227500 0.216200
vn 0.556400 0.766200 0.321500
vn 0.091800 0.947500 0.306400
vn -0.277100 0.929000 0.245100
vn -0.607100 0.780300 0.150300
vn -0.909700 0.415300 -0.006100
vn -0.949700 -0.232400 -0.209800
vn -0.551300 -0.772300 -0.315500
vn 0.279000 -0.933300 -0.226100
vn -0.084200 -0.948200 -0.306200
vn 0.604400 -0.788600 -0.113400
vn 0.901900 -0.427800 0.060300
vn 0.940500 0.212000 0.265700
vn 0.551900 0.756200 0.351500
vn 0.091200 0.945400 0.312900
vn -0.274100 0.933100 0.232600
vn -0.600800 0.790200 0.120800
vn -0.901300 0.430000 -0.052100
vn -0.940900 -0.218200 -0.259100
vn -0.545100 -0.764100 -0.345000
vn 0.275800 -0.936800 -0.215200
vn -0.084100 -0.945900 -0.313400
vn 0.597000 -0.797700 -0.085100
vn 0.890700 -0.442000 0.106700
vn 0.927100 0.197000 0.319000
vn 0.541700 0.745700 0.388000
vn 0.086100 0.941200 0.326600
vn -0.274400 0.934200 0.227800
vn -0.596400 0.796500 0.099200
vn -0.892700 0.441600 -0.090000
vn -0.931400 -0.202800 -0.302100
vn -0.541100 -0.753700 -0.373000
vn 0.274100 -0.937200 -0.215900
vn -0.084000 -0.943100 -0.321800
vn 0.592800 -0.801500 -0.078000
vn 0.884400 -0.450000 0.123400
vn 0.920100 0.189400 0.342900
vn 0.533500 0.741100 0.407600
vn 0.079900 0.938100 0.337000
vn -0.277400 0.932800 0.230200
vn -0.596700 0.797000 0.093600
vn -0.889600 0.444600 -0.104300
vn -0.926600 -0.195400 -0.321400
vn -0.538900 -0.747200 -0.389000
vn 0.274700 -0.936300 -0.218900
vn -0.083100 -0.941900 -0.325500
vn 0.593300 -0.800900 -0.080500
vn 0.884800 -0.449900 0.121300
vn 0.920700 0.189200 0.341400
vn 0.533900 0.741400 0.406600
vn 0.080000 0.938500 0.335900
vn -0.277100 0.933300 0.228500
vn -0.596300 0.797600 0.090800
vn -0.888800 0.445300 -0.108700
vn -0.924800 -0.194500 -0.326900
vn -0.537400 -0.745700 -0.393800
vn 0.273700 -0.937200 -0.216100
vn -0.084400 -0.942600 -0.323100
vn 0.592700 -0.801600 -0.078000
vn 0.884400 -0.450400 0.122200
vn 0.921300 0.189600 0.339600
vn 0.535300 0.742500 0.402700
vn 0.081800 0.940000 0.331200
vn -0.276000 0.934800 0.223500
vn -0.595000 0.799100 0.086200
vn -0.887700 0.446600 -0.112400
vn -0.924300 -0.194400 -0.328500
vn -0.537900 -0.746000 -0.392600
vn 0.272000 -0.939000 -0.210600
vn -0.086500 -0.944200 -0.317800
vn 0.591600 -0.802900 -0.073200
vn 0.883600 -0.451500 0.124300
vn 0.921900 0.190000 0.337700
vn 0.537100 0.744100 0.397200
vn 0.084400 0.942000 0.324700
vn -0.274200 0.936900 0.216800
vn -0.593500 0.800800 0.080100
vn -0.886500 0.448000 -0.116200
vn -0.924200 -0.194800 -0.328400
vn -0.538600 -0.747500 -0.388700
vn 0.269800 -0.941200 -0.203100
vn -0.088800 -0.946500 -0.310400
vn 0.589700 -0.804800 -0.066900
vn 0.882600 -0.452600 0.127500
vn 0.922600 0.190500 0.335500
vn 0.538800 0.746500 0.390500
vn 0.087200 0.944600 0.316500
vn -0.271300 0.939600 0.208800
vn -0.591800 0.802800 0.072800
vn -0.885400 0.449000 -0.120600
vn -0.924400 -0.195700 -0.327500
vn -0.540100 -0.749500 -0.382900
vn 0.267200 -0.943900 -0.193900
vn -0.091300 -0.949200 -0.301000
vn 0.587200 -0.807300 -0.059300
vn 0.881300 -0.453900 0.131500
vn 0.923400 0.190900 0.332900
vn 0.541100 0.748900 0.382500
vn 0.089800 0.947600 0.306600
vn -0.268400 0.942500 0.199100
vn -0.589400 0.805200 0.064500
vn -0.884100 0.450100 -0.125400
vn -0.924800 -0.196400 -0.325700
vn -0.542200 -0.751600 -0.375600
vn 0.264100 -0.947000 -0.182800
vn -0.094100 -0.952500 -0.289700
vn 0.584200 -0.810000 -0.050100
vn 0.879700 -0.455500 0.136400
vn 0.924300 0.191500 0.330000
vn 0.544200 0.751400 0.373200
vn 0.092800 0.951000 0.294900
vn -0.265600 0.945600 0.187600
vn -0.586500 0.808100 0.055000
vn -0.882600 0.451700 -0.130700
vn -0.925500 -0.197100 -0.323400
vn -0.544700 -0.754200 -0.366700
vn 0.260000 -0.950600 -0.169800
vn -0.098300 -0.956000 -0.276400
vn 0.581000 -0.812900 -0.039000
vn 0.877900 -0.457200 0.142200
vn 0.925300 0.192500 0.326800
vn 0.547500 0.754400 0.362200
vn 0.096900 0.954700 0.281500
vn -0.261800 0.949300 0.174200
vn -0.583400 0.811000 0.043600
vn -0.880900 0.453100 -0.137000
vn -0.926300 -0.198100 -0.320400
vn -0.547700 -0.757200 -0.355900
vn 0.255200 -0.954500 -0.154200
vn -0.103400 -0.959900 -0.260600
vn 0.577500 -0.816000 -0.025700
vn 0.875800 -0.459100 0.149200
vn 0.926500 0.193200 0.322900
vn 0.551300 0.757700 0.349300
vn 0.101900 0.958700 0.265500
vn -0.257000 0.953300 0.158600
vn -0.579900 0.814100 0.030200
vn -0.878900 0.454600 -0.144200
vn -0.927400 -0.199100 -0.316700
vn -0.551400 -0.760500 -0.343100
vn 0.249900 -0.958800 -0.135400
vn -0.108600 -0.964300 -0.241400
vn 0.572700 -0.819700 -0.010000
vn 0.873100 -0.461400 0.157500
vn 0.928000 0.193600 0.318300
vn 0.556100 0.761100 0.333900
vn 0.107500 0.963200 0.246400
vn -0.251900 0.957600 0.139700
vn -0.575500 0.817700 0.014300
vn -0.876400 0.456600 -0.152700
vn -0.928700 -0.200300 -0.312200
vn -0.555700 -0.764200 -0.327600
vn 0.243000 -0.963500 -0.112800
vn -0.115200 -0.969100 -0.218100
vn 0.566600 -0.823900 0.008800
vn 0.870000 -0.463600 0.167700
vn 0.929700 0.194600 0.312800
vn 0.561900 0.764800 0.315200
vn 0.114500 0.968000 0.223300
vn -0.245200 0.962400 0.117000
vn -0.569800 0.821800 -0.004700
vn -0.873700 0.458500 -0.162900
vn -0.930100 -0.202100 -0.306600
vn -0.561000 -0.768100 -0.308700
vn 0.236700 -0.967200 -0.092300
vn -0.121600 -0.972800 -0.197100
vn 0.561800 -0.826900 0.026000
vn 0.867900 -0.464100 0.177000
vn 0.930800 0.197400 0.307700
vn 0.566000 0.768700 0.298000
vn 0.120400 0.971900 0.202300
vn -0.238600 0.966300 0.096900
vn -0.564400 0.825200 -0.021400
vn -0.871000 0.460400 -0.171500
vn -0.932000 -0.202100 -0.300800
vn -0.566600 -0.770700 -0.291500
vn 0.234500 -0.968400 -0.085000
vn -0.123900 -0.974200 -0.188900
vn 0.560700 -0.827400 0.031700
vn 0.868000 -0.463000 0.179300
vn 0.931400 0.199700 0.304300
vn 0.567100 0.770800 0.290400
vn 0.122000 0.973400 0.194000
vn -0.236700 0.967400 0.089600
vn -0.562700 0.826300 -0.026600
vn -0.869800 0.462100 -0.172800
vn -0.933800 -0.199900 -0.296800
vn -0.569700 -0.771200 -0.284100
vn 0.236100 -0.967600 -0.089500
vn -0.123200 -0.973600 -0.192100
vn 0.562400 -0.826400 0.026500
vn 0.869700 -0.461700 0.174300
vn 0.932200 0.200200 0.301400
vn 0.566900 0.770700 0.291000
vn 0.120400 0.973000 0.197000
vn -0.238500 0.966600 0.094000
vn -0.564000 0.825500 -0.021300
vn -0.870800 0.462300 -0.167400
vn -0.934900 -0.199300 -0.293800
vn -0.570300 -0.770500 -0.284800
vn 0.239300 -0.965700 -0.100400
vn -0.121000 -0.972100 -0.201100
vn 0.565500 -0.824600 0.015100
vn 0.872700 -0.459500 0.165000
vn 0.933000 0.201300 0.298200
vn 0.565500 0.770000 0.295500
vn 0.117800 0.971400 0.206000
vn -0.241300 0.964800 0.105000
vn -0.566600 0.823900 -0.009700
vn -0.873200 0.461100 -0.157700
vn -0.935800 -0.199700 -0.290400
vn -0.569600 -0.769400 -0.289300
vn 0.243600 -0.962700 -0.117800
vn -0.116700 -0.969400 -0.215800
vn 0.570100 -0.821600 -0.002400
vn 0.876700 -0.456700 0.151300
vn 0.933800 0.202900 0.294600
vn 0.562800 0.768800 0.303600
vn 0.114300 0.968600 0.220900
vn -0.245600 0.961600 0.122400
vn -0.571400 0.820700 0.007700
vn -0.876900 0.458700 -0.143700
vn -0.937000 -0.199600 -0.286600
vn -0.567700 -0.767600 -0.297500
vn 0.249800 -0.958000 -0.141100
vn -0.111200 -0.965400 -0.236000
vn 0.576400 -0.816800 -0.025500
vn 0.881500 -0.453000 0.133400
vn 0.934700 0.204500 0.290800
vn 0.559300 0.766700 0.315300
vn 0.108900 0.964400 0.241000
vn -0.252000 0.956700 0.145600
vn -0.577500 0.815800 0.030800
vn -0.881600 0.455000 -0.125800
vn -0.938300 -0.199600 -0.282500
vn -0.564600 -0.765200 -0.309300
vn 0.257600 -0.951200 -0.169800
vn -0.104900 -0.959500 -0.261400
vn 0.584000 -0.810000 -0.053800
vn 0.887200 -0.447700 0.111800
vn 0.935600 0.206100 0.286700
vn 0.555400 0.763100 0.330500
vn 0.101900 0.958500 0.266100
vn -0.259600 0.949900 0.174300
vn -0.584700 0.809100 0.059200
vn -0.887000 0.449800 -0.104200
vn -0.939400 -0.200400 -0.278100
vn -0.561000 -0.761600 -0.324400
vn 0.266100 -0.942200 -0.203700
vn -0.097500 -0.951700 -0.291300
vn 0.591800 -0.801300 -0.087100
vn 0.893400 -0.440800 0.087000
vn 0.936500 0.207700 0.282400
vn 0.550800 0.758400 0.348600
vn 0.094000 0.950600 0.295900
vn -0.267700 0.940700 0.208200
vn -0.592300 0.800400 0.092500
vn -0.892900 0.443300 -0.079100
vn -0.940500 -0.201500 -0.273600
vn -0.556600 -0.756900 -0.342500
vn 0.274800 -0.930600 -0.241900
vn -0.089700 -0.941400 -0.325100
vn 0.599900 -0.790300 -0.124400
vn 0.899800 -0.432400 0.059100
vn 0.937400 0.209700 0.278100
vn 0.545900 0.752000 0.369400
vn 0.086000 0.940200 0.329500
vn -0.276600 0.928900 0.246100
vn -0.600000 0.789400 0.129800
vn -0.898900 0.435300 -0.051100
vn -0.941500 -0.203100 -0.268900
vn -0.551800 -0.750700 -0.363300
vn 0.283400 -0.916200 -0.283400
vn -0.082200 -0.928500 -0.362100
vn 0.608500 -0.776300 -0.164700
vn 0.906200 -0.421800 0.029300
vn 0.938000 0.212200 0.274000
vn 0.541000 0.744000 0.392300
vn 0.079000 0.927100 0.366400
vn -0.285600 0.914300 0.287400
vn -0.608800 0.775000 0.169700
vn -0.905000 0.424900 -0.021000
vn -0.942800 -0.203700 -0.263800
vn -0.547700 -0.742300 -0.386000
vn 0.291500 -0.898900 -0.327200
vn -0.074900 -0.913000 -0.401100
vn 0.616800 -0.759400 -0.207000
vn 0.912500 -0.409100 -0.001900
vn 0.938700 0.214500 0.269800
vn 0.535300 0.734800 0.416600
vn 0.072100 0.911300 0.405300
vn -0.293100 0.896900 0.331100
vn -0.617700 0.757400 0.211500
vn -0.911100 0.412000 0.010100
vn -0.943900 -0.204800 -0.258900
vn -0.543200 -0.732500 -0.410300
vn 0.299300 -0.878600 -0.372100
vn -0.068000 -0.894800 -0.441200
vn 0.625300 -0.739300 -0.249900
vn 0.918200 -0.394700 -0.033700
vn 0.939500 0.216200 0.265600
vn 0.529900 0.723900 0.441800
vn 0.065400 0.893000 0.445200
vn -0.300400 0.876600 0.375900
vn -0.625200 0.737800 0.254700
vn -0.916400 0.397900 0.042200
vn -0.944600 -0.207100 -0.254500
vn -0.538400 -0.721400 -0.435500
vn 0.303100 -0.867500 -0.394400
vn -0.064600 -0.884900 -0.461300
vn 0.629300 -0.728300 -0.271300
vn 0.920700 -0.387000 -0.049700
vn 0.939800 0.217600 0.263700
vn 0.527000 0.718100 0.454600
vn 0.062300 0.883000 0.465300
vn -0.304300 0.865400 0.398200
vn -0.628300 0.727200 0.276500
vn -0.918600 0.390800 0.058700
vn -0.944800 -0.208600 -0.252500
vn -0.536000 -0.715400 -0.448200
f 1//1 2//2 3//3
f 1//1 4//4 2//2
f 5//5 4//4 1//1
f 5//5 6//6 4//4
f 7//7 6//6 5//5
f 7//7 8//8 6//6
f 9//9 8//8 7//7
f 9//9 10//10 8//8
f 11//11 10//10 9//9
f 11//11 12//12 10//10
f 13//13 14//14 15//15
f 16//16 14//14 13//13
f 16//16 17//14 14//14
f 18//14 17//14 16//16
f 18//14 19//14 17//14
f 20//14 19//14 18//14
f 20//14 21//16 19//14
f 22//17 21//16 20//14
f 22//17 23//18 21//16
f 24//19 23//18 22//17
f 25//20 26//21 27//22
f 28//23 26//21 25//20
f 28//23 29//24 26//21
f 30//25 29//24 28//23
f 30//25 31//26 29//24
f 32//27 31//26 30//25
f 32//27 33//28 31//26
f 34//29 33//28 32//27
f 34//29 35//30 33//28
f 36//31 35//30 34//29
f 37//32 38//33 39//34
f 40//35 38//33 37//32
f 40//35 41//36 38//33
f 42//36 41//36 40//35
f 42//36 43//37 41//36
f 44//38 43//37 42//36
f 44//38 45//39 43//37
f 46//37 45//39 44//38
f 46//37 47//39 45//39
f 48//40 47//39 46//37
f 49//41 50//42 51//43
f 52//44 50//42 49//41
f 52//44 53//45 50//42
f 54//46 53//45 52//44
f 54//46 55//47 53//45
f 56//48 55//47 54//46
f 56//48 57//49 55//47
f 58//50 57//49 56//48
f 58//50 59//51 57//49
f 58//50 60//52 59//51
f 61//53 62//54 63//55
f 61//53 64//53 62//54
f 65//53 64//53 61//53
f 65//53 66//56 64//53
f 67//57 66//56 65//53
f 67//57 68//53 66//56
f 69//57 68//53 67//57
f 69//57 70//58 68//53
f 71//58 70//58 69//57
f 71//58 72//53 70//58
f 73//59 74//60 75//61
f 73//59 76//62 74//60
f 77//63 76//62 73//59
f 77//63 78//64 76//62
f 79//65 78//64 77//63
f 79//65 80//66 78//64
f 81//67 80//66 79//65
f 81//67 82//68 80//66
f 83//69 82//68 81//67
f 83//69 84//70 82//68
f 85//71 86//72 87//73
f 88//73 86//72 85//71
f 88//73 89//72 86//72
f 90//74 89//72 88//73
f 90//74 91//72 89//72
f 92//71 91//72 90//74
f 92//71 93//73 91//72
f 94//75 93//73 92//71
f 94//75 95//76 93//73
f 96//77 95//76 94//75
f 97//78 98//79 99//80
f 100//81 98//79 97//78
f 100//81 101//79 98//79
f 102//82 101//79 100//81
f 102//82 103//83 101//79
f 104//84 103//83 102//82
f 104//84 105//85 103//83
f 106//86 105//85 104//84
f 106//86 107//87 105//85
f 108//88 107//87 106//86
f 109//89 110//90 111//91
f 109//89 112//92 110//90
f 113//93 112//92 109//89
f 113//93 114//94 112//92
f 115//93 114//94 113//93
f 115//93 116//95 114//94
f 117//96 116//95 115//93
f 117//96 118//96 116//95
f 119//89 118//96 117//96
f 119//89 120//97 118//96
f 121//98 122//99 123//100
f 121//98 124//101 122//99
f 125//102 124//101 121//98
f 125//102 126//103 124//101
f 127//104 126//103 125//102
f 127//104 128//105 126//103
f 129//106 128//105 127//104
f 129//106 130//107 128//105
f 131//108 130//107 129//106
f 131//108 132//109 130//107
f 133//110 134//111 135//112
f 136//113 134//111 133//110
f 136//113 137//114 134//111
f 138//114 137//114 136//113
f 138//114 139//115 137//114
f 140//116 139//115 138//114
f 140//116 141//117 139//115
f 142//117 141//117 140//116
f 142//117 143//118 141//117
f 144//119 143//118 142//117
f 145//120 146//121 147//122
f 145//120 148//123 146//121
f 149//124 148//123 145//120
f 149//124 150//125 148//123
f 151//126 150//125 149//124
f 151//126 152//127 150//125
f 153//128 152//127 151//126
f 153//128 154//129 152//127
f 155//130 154//129 153//128
f 155//130 156//131 154//129
f 157//132 158//133 159//134
f 160//135 158//133 157//132
f 160//135 161//135 158//133
f 162//132 161//135 160//135
f 162//132 163//132 161//135
f 164//132 163//132 162//132
f 164//132 165//135 163//132
f 166//132 165//135 164//132
f 166//132 167//136 165//135
f 168//137 167//136 166//132
f 169//138 170//139 171//140 172//141
f 173//142 174//143 170//139 169//138
f 175//144 176//145 174//143 173//142
f 177//146 178//147 176//145 175//144
f 179//148 180//149 178//147 177//146
f 181//150 182//151 180//149 179//148
f 183//152 184//153 182//151 181//150
f 185//154 186//155 184//153 183//152
f 187//156 188//157 186//155 185//154
f 189//158 190//159 188//157 187//156
f 191//160 192//161 190//159 189//158
f 172//141 171//140 192//161 191//160
f 170//139 193//162 194//163 171//140
f 174//143 195//164 193//162 170//139
f 176//145 196//165 195//164 174//143
f 178//147 197//166 196//165 176//145
f 180//149 198//167 197//166 178//147
f 182//151 199//168 198//167 180//149
f 184//153 200//169 199//168 182//151
f 186//155 201//170 200//169 184//153
f 188//157 202//171 201//170 186//155
f 190//159 203//172 202//171 188//157
f 192//161 204//173 203//172 190//159
f 171//140 194//163 204//173 192//161
f 193//162 205//174 206//175 194//163
f 195//164 207//176 205//174 193//162
f 196//165 208//177 207//176 195//164
f 197//166 209//178 208//177 196//165
f 198//167 210//179 209//178 197//166
f 199//168 211//180 210//179 198//167
f 200//169 212//181 211//180 199//168
f 201//170 213//182 212//181 200//169
f 202//171 214//183 213//182 201//170
f 203//172 215//184 214//183 202//171
f 204//173 216//185 215//184 203//172
f 194//163 206//175 216//185 204//173
f 205//174 217//186 218//187 206//175
f 207//176 219//188 217//186 205//174
f 208//177 220//189 219//188 207//176
f 209//178 221//190 220//189 208//177
f 210//179 222//191 221//190 209//178
f 211//180 223//192 222//191 210//179
f 212//181 224//193 223//192 211//180
f 213//182 225//194 224//193 212//181
f 214//183 226//195 225//194 213//182
f 215//184 227//196 226//195 214//183
f 216//185 228//197 227//196 215//184
f 206//175 218//187 228//197 216//185
f 217//186 229//198 230//199 218//187
f 219//188 231//200 229//198 217//186
f 220//189 232//201 231//200 219//188
f 221//190 233//202 232//201 220//189
f 222//191 234//203 233//202 221//190
f 223//192 235//204 234//203 222//191
f 224//193 236//205 235//204 223//192
f 225//194 237//206 236//205 224//193
f 226//195 238//207 237//206 225//194
f 227//196 239//208 238//207 226//195
f 228//197 240//209 239//208 227//196
f 218//187 230//199 240//209 228//197
f 229//198 241//210 242//211 230//199
f 231//200 243//212 241//210 229//198
f 232//201 244//213 243//212 231//200
f 233//202 245//214 244//213 232//201
f 234//203 246//215 245//214 233//202
f 235//204 247//216 246//215 234//203
f 236//205 248//217 247//216 235//204
f 237//206 249//218 248//217 236//205
f 238//207 250//219 249//218 237//206
f 239//208 251//220 250//219 238//207
f 240//209 252//221 251//220 239//208
f 230//199 242//211 252//221 240//209
f 241//210 253//222 254//223 242//211
f 243//212 255//224 253//222 241//210
f 244//213 256//225 255//224 243//212
f 245//214 257//226 256//225 244//213
f 246//215 258//227 257//226 245//214
f 247//216 259//228 258//227 246//215
f 248//217 260//229 259//228 247//216
f 249//218 261//230 260//229 248//217
f 250//219 262//231 261//230 249//218
f 251//220 263//232 262//231 250//219
f 252//221 264//233 263//232 251//220
f 242//211 254//223 264//233 252//221
f 253//222 265//234 266//235 254//223
f 255//224 267//236 265//234 253//222
f 256//225 268//237 267//236 255//224
f 257//226 269//238 268//237 256//225
f 258//227 270//239 269//238 257//226
f 259//228 271//240 270//239 258//227
f 260//229 272//241 271//240 259//228
f 261//230 273//242 272//241 260//229
f 262//231 274//243 273//242 261//230
f 263//232 275//244 274//243 262//231
f 264//233 276//245 275//244 263//232
f 254//223 266//235 276//245 264//233
f 265//234 277//246 278//247 266//235
f 267//236 279//248 277//246 265//234
f 268//237 280//249 279//248 267//236
f 269//238 281//250 280//249 268//237
f 270//239 282//251 281//250 269//238
f 271//240 283//252 282//251 270//239
f 272//241 284//253 283//252 271//240
f 273//242 285//254 284//253 272//241
f 274//243 286//255 285//254 273//242
f 275//244 287//256 286//255 274//243
f 276//245 288//257 287//256 275//244
f 266//235 278//247 288//257 276//245
f 277//246 289//258 290//259 278//247
f 279//248 291//260 289//258 277//246
f 280//249 292//261 291//260 279//248
f 281//250 293//262 292//261 280//249
f 282//251 294//263 293//262 281//250
f 283//252 295//264 294//263 282//251
f 284//253 296//265 295//264 283//252
f 285//254 297//266 296//265 284//253
f 286//255 298//267 297//266 285//254
f 287//256 299//268 298//267 286//255
f 288//257 300//269 299//268 287//256
f 278//247 290//259 300//269 288//257
f 289//258 301//270 302//271 290//259
f 291//260 303//272 301//270 289//258
f 292//261 304//273 303//272 291//260
f 293//262 305//274 304//273 292//261
f 294//263 306//275 305//274 293//262
f 295//264 307//276 306//275 294//263
f 296//265 308//277 307//276 295//264
f 297//266 309//278 308//277 296//265
f 298//267 310//279 309//278 297//266
f 299//268 311//280 310//279 298//267
f 300//269 312//281 311//280 299//268
f 290//259 302//271 312//281 300//269
f 301//270 313//282 314//283 302//271
f 303//272 315//284 313//282 301//270
f 304//273 316//285 315//284 303//272
f 305//274 317//286 316//285 304//273
f 306//275 318//287 317//286 305//274
f 307//276 319//288 318//287 306//275
f 308//277 320//289 319//288 307//276
f 309//278 321//290 320//289 308//277
f 310//279 322//291 321//290 309//278
f 311//280 323//292 322//291 310//279
f 312//281 324//293 323//292 311//280
f 302//271 314//283 324//293 312//281
f 313//282 325//294 326//295 314//283
f 315//284 327//296 325//294 313//282
f 316//285 328//297 327//296 315//284
f 317//286 329//298 328//297 316//285
f 318//287 330//299 329//298 317//286
f 319//288 331//300 330//299 318//287
f 320//289 332//301 331//300 319//288
f 321//290 333//302 332//301 320//289
f 322//291 334//303 333//302 321//290
f 323//292 335//304 334//303 322//291
f 324//293 336//305 335//304 323//292
f 314//283 326//295 336//305 324//293
f 325//294 337//306 338//307 326//295
f 327//296 339//308 337//306 325//294
f 328//297 340//309 339//308 327//296
f 329//298 341//310 340//309 328//297
f 330//299 342//311 341//310 329//298
f 331//300 343//312 342//311 330//299
f 332//301 344//313 343//312 331//300
f 333//302 345//314 344//313 332//301
f 334//303 346//315 345//314 333//302
f 335//304 347//316 346//315 334//303
f 336//305 348//317 347//316 335//304
f 326//295 338//307 348//317 336//305
f 337//306 349//318 350//319 338//307
f 339//308 351//320 349//318 337//306
f 340//309 352//321 351//320 339//308
f 341//310 353//322 352//321 340//309
f 342//311 354//323 353//322 341//310
f 343//312 355//324 354//323 342//311
f 344//313 356//325 355//324 343//312
f 345//314 357//326 356//325 344//313
f 346//315 358//327 357//326 345//314
f 347//316 359//328 358//327 346//315
f 348//317 360//329 359//328 347//316
f 338//307 350//319 360//329 348//317
f 349//318 361//330 362//331 350//319
f 351//320 363//332 361//330 349//318
f 352//321 364//333 363//332 351//320
f 353//322 365//334 364//333 352//321
f 354//323 366//335 365//334 353//322
f 355//324 367//336 366//335 354//323
f 356//325 368//337 367//336 355//324
f 357//326 369//338 368//337 356//325
f 358//327 370//339 369//338 357//326
f 359//328 371//340 370//339 358//327
f 360//329 372//341 371//340 359//328
f 350//319 362//331 372//341 360//329
f 361//330 373//342 374//343 362//331
f 363//332 375//344 373//342 361//330
f 364//333 376//345 375//344 363//332
f 365//334 377//346 376//345 364//333
f 366//335 378//347 377//346 365//334
f 367//336 379//348 378//347 366//335
f 368//337 380//349 379//348 367//336
f 369//338 381//350 380//349 368//337
f 370//339 382//351 381//350 369//338
f 371//340 383//352 382//351 370//339
f 372//341 384//353 383//352 371//340
f 362//331 374//343 384//353 372//341
f 373//342 385//354 386//355 374//343
f 375//344 387//356 385//354 373//342
f 376//345 388//357 387//356 375//344
f 377//346 389//358 388//357 376//345
f 378//347 390//359 389//358 377//346
f 379//348 391//360 390//359 378//347
f 380//349 392//361 391//360 379//348
f 381//350 393//362 392//361 380//349
f 382//351 394//363 393//362 381//350
f 383//352 395//364 394//363 382//351
f 384//353 396//365 395//364 383//352
f 374//343 386//355 396//365 384//353
f 385//354 397//366 398//367 386//355
f 387//356 399//368 397//366 385//354
f 388//357 400//369 399//368 387//356
f 389//358 401//370 400//369 388//357
f 390//359 402//371 401//370 389//358
f 391//360 403//372 402//371 390//359
f 392//361 404//373 403//372 391//360
f 393//362 405//374 404//373 392//361
f 394//363 406//375 405//374 393//362
f 395//364 407//376 406//375 394//363
f 396//365 408//377 407//376 395//364
f 386//355 398//367 408//377 396//365
f 397//366 409//378 410//379 398//367
f 399//368 411//380 409//378 397//366
f 400//369 412//381 411//380 399//368
f 401//370 413//382 412//381 400//369
f 402//371 414//383 413//382 401//370
f 403//372 415//384 414//383 402//371
f 404//373 416//385 415//384 403//372
f 405//374 417//386 416//385 404//373
f 406//375 418//387 417//386 405//374
f 407//376 419//388 418//387 406//375
f 408//377 420//389 419//388 407//376
f 398//367 410//379 420//389 408//377
f 409//378 421//390 422//391 410//379
f 411//380 423//392 421//390 409//378
f 412//381 424//393 423//392 411//380
f 413//382 425//394 424//393 412//381
f 414//383 426//395 425//394 413//382
f 415//384 427//396 426//395 414//383
f 416//385 428//397 427//396 415//384
f 417//386 429//398 428//397 416//385
f 418//387 430//399 429//398 417//386
f 419//388 431//400 430//399 418//387
f 420//389 432//401 431//400 419//388
f 410//379 422//391 432//401 420//389
f 421//390 433//402 434//403 422//391
f 423//392 435//404 433//402 421//390
f 424//393 436//405 435//404 423//392
f 425//394 437//406 436//405 424//393
f 426//395 438//407 437//406 425//394
f 427//396 439//408 438//407 426//395
f 428//397 440//409 439//408 427//396
f 429//398 441//410 440//409 428//397
f 430//399 442//411 441//410 429//398
f 431//400 443//412 442//411 430//399
f 432//401 444//413 443//412 431//400
f 422//391 434//403 444//413 432//401
f 433//402 445//414 446//415 434//403
f 435//404 447//416 445//414 433//402
f 436//405 448//417 447//416 435//404
f 437//406 449//418 448//417 436//405
f 438//407 450//419 449//418 437//406
f 439//408 451//420 450//419 438//407
f 440//409 452//421 451//420 439//408
f 441//410 453//422 452//421 440//409
f 442//411 454//423 453//422 441//410
f 443//412 455//424 454//423 442//411
f 444//413 456//425 455//424 443//412
f 434//403 446//415 456//425 444//413
f 445//414 457//426 458//427 446//415
f 447//416 459//428 457//426 445//414
f 448//417 460//429 459//428 447//416
f 449//418 461//430 460//429 448//417
f 450//419 462//431 461//430 449//418
f 451//420 463//432 462//431 450//419
f 452//421 464//433 463//432 451//420
f 453//422 465//434 464//433 452//421
f 454//423 466//435 465//434 453//422
f 455//424 467//436 466//435 454//423
f 456//425 468//437 467//436 455//424
f 446//415 458//427 468//437 456//425
f 457//426 469//438 470//439 458//427
f 459//428 471//440 469//438 457//426
f 460//429 472//441 471//440 459//428
f 461//430 473//442 472//441 460//429
f 462//431 474//443 473//442 461//430
f 463//432 475//444 474//443 462//431
f 464//433 476//445 475//444 463//432
f 465//434 477//446 476//445 464//433
f 466//435 478//447 477//446 465//434
f 467//436 479//448 478//447 466//435
f 468//437 480//449 479//448 467//436
f 458//427 470//439 480//449 468//437
f 469//438 481//450 482//451 470//439
f 471//440 483//452 481//450 469//438
f 472//441 484//453 483//452 471//440
f 473//442 485//454 484//453 472//441
f 474//443 486//455 485//454 473//442
f 475//444 487//456 486//455 474//443
f 476//445 488//457 487//456 475//444
f 477//446 489//458 488//457 476//445
f 478//447 490//459 489//458 477//446
f 479//448 491//460 490//459 478//447
f 480//449 492//461 491//460 479//448
f 470//439 482//451 492//461 480//449
f 481//450 493//462 494//463 482//451
f 483//452 495//464 493//462 481//450
f 484//453 496//465 495//464 483//452
f 485//454 497//466 496//465 484//453
f 486//455 498//467 497//466 485//454
f 487//456 499//468 498//467 486//455
f 488//457 500//469 499//468 487//456
f 489//458 501//470 500//469 488//457
f 490//459 502//471 501//470 489//458
f 491//460 503//472 502//471 490//459
f 492//461 504//473 503//472 491//460
f 482//451 494//463 504//473 492//461
f 493//462 505//474 506//475 494//463
f 495//464 507//476 505//474 493//462
f 496//465 508//477 507//476 495//464
f 497//466 509//478 508//477 496//465
f 498//467 510//479 509//478 497//466
f 499//468 511//480 510//479 498//467
f 500//469 512//481 511//480 499//468
f 501//470 513//482 512//481 500//469
f 502//471 514//483 513//482 501//470
f 503//472 515//484 514//483 502//471
f 504//473 516//485 515//484 503//472
f 494//463 506//475 516//485 504//473
f 505//474 517//486 518//487 506//475
f 507//476 519//488 517//486 505//474
f 508//477 520//489 519//488 507//476
f 509//478 521//490 520//489 508//477
f 510//479 522//491 521//490 509//478
f 511//480 523//492 522//491 510//479
f 512//481 524//493 523//492 511//480
f 513//482 525//494 524//493 512//481
f 514//483 526//495 525//494 513//482
f 515//484 527//496 526//495 514//483
f 516//485 528//497 527//496 515//484
f 506//475 518//487 528//497 516//485
f 517//486 529//498 530//499 518//487
f 519//488 531//500 529//498 517//486
f 520//489 532//501 531//500 519//488
f 521//490 533//502 532//501 520//489
f 522//491 534//503 533//502 521//490
f 523//492 535//504 534//503 522//491
f 524//493 536//505 535//504 523//492
f 525//494 537//506 536//505 524//493
f 526//495 538//507 537//506 525//494
f 527//496 539//508 538//507 526//495
f 528//497 540//509 539//508 527//496
f 518//487 530//499 540//509 528//497
f 529//498 541//510 542//511 530//499
f 531//500 543//512 541//510 529//498
f 532//501 544//513 543//512 531//500
f 533//502 545//514 544//513 532//501
f 534//503 546//515 545//514 533//502
f 535//504 547//516 546//515 534//503
f 536//505 548//517 547//516 535//504
f 537//506 549//518 548//517 536//505
f 538//507 550//519 549//518 537//506
f 539//508 551//520 550//519 538//507
f 540//509 552//521 551//520 539//508
f 530//499 542//511 552//521 540//509
f 541//510 553//522 554//523 542//511
f 543//512 555//524 553//522 541//510
f 544//513 556//525 555//524 543//512
f 545//514 557//526 556//525 544//513
f 546//515 558//527 557//526 545//514
f 547//516 559//528 558//527 546//515
f 548//517 560//529 559//528 547//516
f 549//518 561//530 560//529 548//517
f 550//519 562//531 561//530 549//518
f 551//520 563//532 562//531 550//519
f 552//521 564//533 563//532 551//520
f 542//511 554//523 564//533 552//521
f 553//522 565//534 566//535 554//523
f 555//524 567//536 565//534 553//522
f 556//525 568//537 567//536 555//524
f 557//526 569//538 568//537 556//525
f 558//527 570//539 569//538 557//526
f 559//528 571//540 570//539 558//527
f 560//529 572//541 571//540 559//528
f 561//530 573//542 572//541 560//529
f 562//531 574//543 573//542 561//530
f 563//532 575//544 574//543 562//531
f 564//533 576//545 575//544 563//532
f 554//523 566//535 576//545 564//533
f 565//534 577//546 578//547 566//535
f 567//536 579//548 577//546 565//534
f 568//537 580//549 579//548 567//536
f 569//538 581//550 580//549 568//537
f 570//539 582//551 581//550 569//538
f 571//540 583//552 582//551 570//539
f 572//541 584//553 583//552 571//540
f 573//542 585//554 584//553 572//541
f 574//543 586//555 585//554 573//542
f 575//544 587//556 586//555 574//543
f 576//545 588//557 587//556 575//544
f 566//535 578//547 588//557 576//545
f 577//546 589//558 590//559 578//547
f 579//548 591//560 589//558 577//546
f 580//549 592//561 591//560 579//548
f 581//550 593//562 592//561 580//549
f 582//551 594//563 593//562 581//550
f 583//552 595//564 594//563 582//551
f 584//553 596//565 595//564 583//552
f 585//554 597//566 596//565 584//553
f 586//555 598//567 597//566 585//554
f 587//556 599//568 598//567 586//555
f 588//557 600//569 599//568 587//556
f 578//547 590//559 600//569 588//557
f 589//558 601//570 602//571 590//559
f 591//560 603//572 601//570 589//558
f 592//561 604//573 603//572 591//560
f 593//562 605//574 604//573 592//561
f 594//563 606//575 605//574 593//562
f 595//564 607//576 606//575 594//563
f 596//565 608//577 607//576 595//564
f 597//566 609//578 608//577 596//565
f 598//567 610//579 609//578 597//566
f 599//568 611//580 610//579 598//567
f 600//569 612//581 611//580 599//568
f 590//559 602//571 612//581 600//569
f 601//570 613//582 614//583 602//571
f 603//572 615//584 613//582 601//570
f 604//573 616//585 615//584 603//572
f 605//574 617//586 616//585 604//573
f 606//575 618//587 617//586 605//574
f 607//576 619//588 618//587 606//575
f 608//577 620//589 619//588 607//576
f 609//578 621//590 620//589 608//577
f 610//579 622//591 621//590 609//578
f 611//580 623//592 622//591 610//579
f 612//581 624//593 623//592 611//580
f 602//571 614//583 624//593 612//581
f 613//582 625//594 626//595 614//583
f 615//584 627//596 625//594 613//582
f 616//585 628//597 627//596 615//584
f 617//586 629//598 628//597 616//585
f 618//587 630//599 629//598 617//586
f 619//588 631//600 630//599 618//587
f 620//589 632//601 631//600 619//588
f 621//590 633//602 632//601 620//589
f 622//591 634//603 633//602 621//590
f 623//592 635//604 634//603 622//591
f 624//593 636//605 635//604 623//592
f 614//583 626//595 636//605 624//593
f 625//594 637//606 638//607 626//595
f 627//596 639//608 637//606 625//594
f 628//597 640//609 639//608 627//596
f 629//598 641//610 640//609 628//597
f 630//599 642//611 641//610 629//598
f 631//600 643//612 642//611 630//599
f 632//601 644//613 643//612 631//600
f 633//602 645//614 644//613 632//601
f 634//603 646//615 645//614 633//602
f 635//604 647//616 646//615 634//603
f 636//605 648//617 647//616 635//604
f 626//595 638//607 648//617 636//605
f 637//606 649//618 650//619 638//607
f 639//608 651//620 649//618 637//606
f 640//609 652//621 651//620 639//608
f 641//610 653//622 652//621 640//609
f 642//611 654//623 653//622 641//610
f 643//612 655//624 654//623 642//611
f 644//613 656//625 655//624 643//612
f 645//614 657//626 656//625 644//613
f 646//615 658//627 657//626 645//614
f 647//616 659//628 658//627 646//615
f 648//617 660//629 659//628 647//616
f 638//607 650//619 660//629 648//617
f 649//618 661//630 662//631 650//619
f 651//620 663//632 661//630 649//618
f 652//621 664//633 663//632 651//620
f 653//622 665//634 664//633 652//621
f 654//623 666//635 665//634 653//622
f 655//624 667//636 666//635 654//623
f 656//625 668//637 667//636 655//624
f 657//626 669//638 668//637 656//625
f 658//627 670//639 669//638 657//626
f 659//628 671//640 670//639 658//627
f 660//629 672//641 671//640 659//628
f 650//619 662//631 672//641 660//629
f 661//630 673//642 674//643 662//631
f 663//632 675//644 673//642 661//630
f 664//633 676//645 675//644 663//632
f 665//634 677//646 676//645 664//633
f 666//635 678//647 677//646 665//634
f 667//636 679//648 678//647 666//635
f 668//637 680//649 679//648 667//636
f 669//638 681//650 680//649 668//637
f 670//639 682//651 681//650 669//638
f 671//640 683//652 682//651 670//639
f 672//641 684//653 683//652 671//640
f 662//631 674//643 684//653 672//641
f 673//642 685//654 686//655 674//643
f 675//644 687//656 685//654 673//642
f 676//645 688//657 687//656 675//644
f 677//646 689//658 688//657 676//645
f 678//647 690//659 689//658 677//646
f 679//648 691//660 690//659 678//647
f 680//649 692//661 691//660 679//648
f 681//650 693//662 692//661 680//649
f 682//651 694//663 693//662 681//650
f 683//652 695//664 694//663 682//651
f 684//653 696//665 695//664 683//652
f 674//643 686//655 696//665 684//653
f 685//654 697//666 698//667 686//655
f 687//656 699//668 697//666 685//654
f 688//657 700//669 699//668 687//656
f 689//658 701//670 700//669 688//657
f 690//659 702//671 701//670 689//658
f 691//660 703//672 702//671 690//659
f 692//661 704//673 703//672 691//660
f 693//662 705//674 704//673 692//661
f 694//663 706//675 705//674 693//662
f 695//664 707//676 706//675 694//663
f 696//665 708//677 707//676 695//664
f 686//655 698//667 708//677 696//665
f 697//666 709//678 710//679 698//667
f 699//668 711//680 709//678 697//666
f 700//669 712//681 711//680 699//668
f 701//670 713//682 712//681 700//669
f 702//671 714//683 713//682 701//670
f 703//672 715//684 714//683 702//671
f 704//673 716//685 715//684 703//672
f 705//674 717//686 716//685 704//673
f 706//675 718//687 717//686 705//674
f 707//676 719//688 718//687 706//675
f 708//677 720//689 719//688 707//676
f 698//667 710//679 720//689 708//677
f 709//678 721//690 722//691 710//679
f 711//680 723//692 721//690 709//678
f 712//681 724//693 723//692 711//680
f 713//682 725//694 724//693 712//681
f 714//683 726//695 725//694 713//682
f 715//684 727//696 726//695 714//683
f 716//685 728//697 727//696 715//684
f 717//686 729//698 728//697 716//685
f 718//687 730//699 729//698 717//686
f 719//688 731//700 730//699 718//687
f 720//689 732//701 731//700 719//688
f 710//679 722//691 732//701 720//689
f 721//690 733//702 734//703 722//691
f 723//692 735//704 733//702 721//690
f 724//693 736//705 735//704 723//692
f 725//694 737//706 736//705 724//693
f 726//695 738//707 737//706 725//694
f 727//696 739//708 738//707 726//695
f 728//697 740//709 739//708 727//696
f 729//698 741//710 740//709 728//697
f 730//699 742//711 741//710 729//698
f 731//700 743//712 742//711 730//699
f 732//701 744//713 743//712 731//700
f 722//691 734//703 744//713 732//701
f 733//702 745//714 746//715 734//703
f 735//704 747//716 745//714 733//702
f 736//705 748//717 747//716 735//704
f 737//706 749//718 748//717 736//705
f 738//707 750//719 749//718 737//706
f 739//708 751//720 750//719 738//707
f 740//709 752//721 751//720 739//708
f 741//710 753//722 752//721 740//709
f 742//711 754//723 753//722 741//710
f 743//712 755//724 754//723 742//711
f 744//713 756//725 755//724 743//712
f 734//703 746//715 756//725 744//713
f 757//726 758//727 759//728 760//729
f 761//730 762//731 758//727 757//726
f 763//732 764//733 762//731 761//730
f 765//734 766//735 764//733 763//732
f 767//736 768//737 766//735 765//734
f 769//738 770//739 768//737 767//736
f 771//740 772//741 770//739 769//738
f 773//742 774//743 772//741 771//740
f 775//744 776//745 774//743 773//742
f 777//746 778//747 776//745 775//744
f 779//748 780//749 778//747 777//746
f 760//729 759//728 780//749 779//748
f 758//727 781//750 782//751 759//728
f 762//731 783//752 781//750 758//727
f 764//733 784//753 783//752 762//731
f 766//735 785//754 784//753 764//733
f 768//737 786//755 785//754 766//735
f 770//739 787//756 786//755 768//737
f 772//741 788//757 787//756 770//739
f 774//743 789//758 788//757 772//741
f 776//745 790//759 789//758 774//743
f 778//747 791//760 790//759 776//745
f 780//749 792//761 791//760 778//747
f 759//728 782//751 792//761 780//749
f 781//750 793//762 794//763 782//751
f 783//752 795//764 793//762 781//750
f 784//753 796//765 795//764 783//752
f 785//754 797//766 796//765 784//753
f 786//755 798//767 797//766 785//754
f 787//756 799//768 798//767 786//755
f 788//757 800//769 799//768 787//756
f 789//758 801//770 800//769 788//757
f 790//759 802//771 801//770 789//758
f 791//760 803//772 802//771 790//759
f 792//761 804//773 803//772 791//760
f 782//751 794//763 804//773 792//761
f 793//762 805//774 806//775 794//763
f 795//764 807//776 805//774 793//762
f 796//765 808//777 807//776 795//764
f 797//766 809//778 808//777 796//765
f 798//767 810//779 809//778 797//766
f 799//768 811//780 810//779 798//767
f 800//769 812//781 811//780 799//768
f 801//770 813//782 812//781 800//769
f 802//771 814//783 813//782 801//770
f 803//772 815//784 814//783 802//771
f 804//773 816//785 815//784 803//772
f 794//763 806//775 816//785 804//773
f 805//774 817//786 818//787 806//775
f 807//776 819//788 817//786 805//774
f 808//777 820//789 819//788 807//776
f 809//778 821//790 820//789 808//777
f 810//779 822//791 821//790 809//778
f 811//780 823//792 822//791 810//779
f 812//781 824//793 823//792 811//780
f 813//782 825//794 824//793 812//781
f 814//783 826//795 825//794 813//782
f 815//784 827//796 826//795 814//783
f 816//785 828//797 827//796 815//784
f 806//775 818//787 828//797 816//785
f 817//786 829//798 830//799 818//787
f 819//788 831//800 829//798 817//786
f 820//789 832//801 831//800 819//788
f 821//790 833//802 832//801 820//789
f 822//791 834//803 833//802 821//790
f 823//792 835//804 834//803 822//791
f 824//793 836//805 835//804 823//792
f 825//794 837//806 836//805 824//793
f 826//795 838//807 837//806 825//794
f 827//796 839//808 838//807 826//795
f 828//797 840//809 839//808 827//796
f 818//787 830//799 840//809 828//797
f 829//798 841//810 842//811 830//799
f 831//800 843//812 841//810 829//798
f 832//801 844//813 843//812 831//800
f 833//802 845//814 844//813 832//801
f 834//803 846//815 845//814 833//802
f 835//804 847//816 846//815 834//803
f 836//805 848//817 847//816 835//804
f 837//806 849//818 848//817 836//805
f 838//807 850//819 849//818 837//806
f 839//808 851//820 850//819 838//807
f 840//809 852//821 851//820 839//808
f 830//799 842//811 852//821 840//809
f 841//810 853//822 854//823 842//811
f 843//812 855//824 853//822 841//810
f 844//813 856//825 855//824 843//812
f 845//814 857//826 856//825 844//813
f 846//815 858//827 857//826 845//814
f 847//816 859//828 858//827 846//815
f 848//817 860//829 859//828 847//816
f 849//818 861//830 860//829 848//817
f 850//819 862//831 861//830 849//818
f 851//820 863//832 862//831 850//819
f 852//821 864//833 863//832 851//820
f 842//811 854//823 864//833 852//821
f 853//822 865//834 866//835 854//823
f 855//824 867//836 865//834 853//822
f 856//825 868//837 867//836 855//824
f 857//826 869//838 868//837 856//825
f 858//827 870//839 869//838 857//826
f 859//828 871//840 870//839 858//827
f 860//829 872//841 871//840 859//828
f 861//830 873//842 872//841 860//829
f 862//831 874//843 873//842 861//830
f 863//832 875//844 874//843 862//831
f 864//833 876//845 875//844 863//832
f 854//823 866//835 876//845 864//833
f 865//834 877//846 878//847 866//835
f 867//836 879//848 877//846 865//834
f 868//837 880//849 879//848 867//836
f 869//838 881//850 880//849 868//837
f 870//839 882//851 881//850 869//838
f 871//840 883//852 882//851 870//839
f 872//841 884//853 883//852 871//840
f 873//842 885//854 884//853 872//841
f 874//843 886//855 885//854 873//842
f 875//844 887//856 886//855 874//843
f 876//845 888//857 887//856 875//844
f 866//835 878//847 888//857 876//845
f 877//846 889//858 890//859 878//847
f 879//848 891//860 889//858 877//846
f 880//849 892//861 891//860 879//848
f 881//850 893//862 892//861 880//849
f 882//851 894//863 893//862 881//850
f 883//852 895//864 894//863 882//851
f 884//853 896//865 895//864 883//852
f 885//854 897//866 896//865 884//853
f 886//855 898//867 897//866 885//854
f 887//856 899//868 898//867 886//855
f 888//857 900//869 899//868 887//856
f 878//847 890//859 900//869 888//857
f 889//858 901//870 902//871 890//859
f 891//860 903//872 901//870 889//858
f 892//861 904//873 903//872 891//860
f 893//862 905//874 904//873 892//861
f 894//863 906//875 905//874 893//862
f 895//864 907//876 906//875 894//863
f 896//865 908//877 907//876 895//864
f 897//866 909//878 908//877 896//865
f 898//867 910//879 909//878 897//866
f 899//868 911//880 910//879 898//867
f 900//869 912//881 911//880 899//868
f 890//859 902//871 912//881 900//869
f 901//870 913//882 914//883 902//871
f 903//872 915//884 913//882 901//870
f 904//873 916//885 915//884 903//872
f 905//874 917//886 916//885 904//873
f 906//875 918//887 917//886 905//874
f 907//876 919//888 918//887 906//875
f 908//877 920//889 919//888 907//876
f 909//878 921//890 920//889 908//877
f 910//879 922//891 921//890 909//878
f 911//880 923//892 922//891 910//879
f 912//881 924//893 923//892 911//880
f 902//871 914//883 924//893 912//881
f 913//882 925//894 926//895 914//883
f 915//884 927//896 925//894 913//882
f 916//885 928//897 927//896 915//884
f 917//886 929//898 928//897 916//885
f 918//887 930//899 929//898 917//886
f 919//888 931//900 930//899 918//887
f 920//889 932//901 931//900 919//888
f 921//890 933//902 932//901 920//889
f 922//891 934//903 933//902 921//890
f 923//892 935//904 934//903 922//891
f 924//893 936//905 935//904 923//892
f 914//883 926//895 936//905 924//893
f 925//894 937//906 938//907 926//895
f 927//896 939//908 937//906 925//894
f 928//897 940//909 939//908 927//896
f 929//898 941//910 940//909 928//897
f 930//899 942//911 941//910 929//898
f 931//900 943//912 942//911 930//899
f 932//901 944//913 943//912 931//900
f 933//902 945//914 944//913 932//901
f 934//903 946//915 945//914 933//902
f 935//904 947//916 946//915 934//903
f 936//905 948//917 947//916 935//904
f 926//895 938//907 948//917 936//905
f 937//906 949//918 950//919 938//907
f 939//908 951//920 949//918 937//906
f 940//909 952//921 951//920 939//908
f 941//910 953//922 952//921 940//909
f 942//911 954//923 953//922 941//910
f 943//912 955//924 954//923 942//911
f 944//913 956//925 955//924 943//912
f 945//914 957//926 956//925 944//913
f 946//915 958//927 957//926 945//914
f 947//916 959//928 958//927 946//915
f 948//917 960//929 959//928 947//916
f 938//907 950//919 960//929 948//917
f 949//918 961//930 962//931 950//919
f 951//920 963//932 961//930 949//918
f 952//921 964//933 963//932 951//920
f 953//922 965//934 964//933 952//921
f 954//923 966//935 965//934 953//922
f 955//924 967//936 966//935 954//923
f 956//925 968//937 967//936 955//924
f 957//926 969//938 968//937 956//925
f 958//927 970//939 969//938 957//926
f 959//928 971//940 970//939 958//927
f 960//929 972//941 971//940 959//928
f 950//919 962//931 972//941 960//929
f 961//930 973//942 974//943 962//931
f 963//932 975//944 973//942 961//930
f 964//933 976//945 975//944 963//932
f 965//934 977//946 976//945 964//933
f 966//935 978//947 977//946 965//934
f 967//936 979//948 978//947 966//935
f 968//937 980//949 979//948 967//936
f 969//938 981//950 980//949 968//937
f 970//939 982//951 981//950 969//938
f 971//940 983//952 982//951 970//939
f 972//941 984//953 983//952 971//940
f 962//931 974//943 984//953 972//941
f 973//942 985//954 986//955 974//943
f 975//944 987//956 985//954 973//942
f 976//945 988//957 987//956 975//944
f 977//946 989//958 988//957 976//945
f 978//947 990//959 989//958 977//946
f 979//948 991//960 990//959 978//947
f 980//949 992//961 991//960 979//948
f 981//950 993//962 992//961 980//949
f 982//951 994//963 993//962 981//950
f 983//952 995//964 994//963 982//951
f 984//953 996//965 995//964 983//952
f 974//943 986//955 996//965 984//953
f 985//954 997//966 998//967 986//955
f 987//956 999//968 997//966 985//954
f 988//957 1000//969 999//968 987//956
f 989//958 1001//970 1000//969 988//957
f 990//959 1002//971 1001//970 989//958
f 991//960 1003//972 1002//971 990//959
f 992//961 1004//973 1003//972 991//960
f 993//962 1005//974 1004//973 992//961
f 994//963 1006//975 1005//974 993//962
f 995//964 1007//976 1006//975 994//963
f 996//965 1008//977 1007//976 995//964
f 986//955 998//967 1008//977 996//965
f 997//966 1009//978 1010//979 998//967
f 999//968 1011//980 1009//978 997//966
f 1000//969 1012//981 1011//980 999//968
f 1001//970 1013//982 1012//981 1000//969
f 1002//971 1014//983 1013//982 1001//970
f 1003//972 1015//984 1014//983 1002//971
f 1004//973 1016//985 1015//984 1003//972
f 1005//974 1017//986 1016//985 1004//973
f 1006//975 1018//987 1017//986 1005//974
f 1007//976 1019//988 1018//987 1006//975
f 1008//977 1020//989 1019//988 1007//976
f 998//967 1010//979 1020//989 1008//977
f 1009//978 1021//990 1022//991 1010//979
f 1011//980 1023//992 1021//990 1009//978
f 1012//981 1024//993 1023//992 1011//980
f 1013//982 1025//994 1024//993 1012//981
f 1014//983 1026//995 1025//994 1013//982
f 1015//984 1027//996 1026//995 1014//983
f 1016//985 1028//997 1027//996 1015//984
f 1017//986 1029//998 1028//997 1016//985
f 1018//987 1030//999 1029//998 1017//986
f 1019//988 1031//1000 1030//999 1018//987
f 1020//989 1032//1001 1031//1000 1019//988
f 1010//979 1022//991 1032//1001 1020//989
f 1021//990 1033//1002 1034//1003 1022//991
f 1023//992 1035//1004 1033//1002 1021//990
f 1024//993 1036//1005 1035//1004 1023//992
f 1025//994 1037//1006 1036//1005 1024//993
f 1026//995 1038//1007 1037//1006 1025//994
f 1027//996 1039//1008 1038//1007 1026//995
f 1028//997 1040//1009 1039//1008 1027//996
f 1029//998 1041//1010 1040//1009 1028//997
f 1030//999 1042//1011 1041//1010 1029//998
f 1031//1000 1043//1012 1042//1011 1030//999
f 1032//1001 1044//1013 1043//1012 1031//1000
f 1022//991 1034//1003 1044//1013 1032//1001
f 1033//1002 1045//1014 1046//1015 1034//1003
f 1035//1004 1047//1016 1045//1014 1033//1002
f 1036//1005 1048//1017 1047//1016 1035//1004
f 1037//1006 1049//1018 1048//1017 1036//1005
f 1038//1007 1050//1019 1049//1018 1037//1006
f 1039//1008 1051//1020 1050//1019 1038//1007
f 1040//1009 1052//1021 1051//1020 1039//1008
f 1041//1010 1053//1022 1052//1021 1040//1009
f 1042//1011 1054//1023 1053//1022 1041//1010
f 1043//1012 1055//1024 1054//1023 1042//1011
f 1044//1013 1056//1025 1055//1024 1043//1012
f 1034//1003 1046//1015 1056//1025 1044//1013
f 1045//1014 1057//1026 1058//1027 1046//1015
f 1047//1016 1059//1028 1057//1026 1045//1014
f 1048//1017 1060//1029 1059//1028 1047//1016
f 1049//1018 1061//1030 1060//1029 1048//1017
f 1050//1019 1062//1031 1061//1030 1049//1018
f 1051//1020 1063//1032 1062//1031 1050//1019
f 1052//1021 1064//1033 1063//1032 1051//1020
f 1053//1022 1065//1034 1064//1033 1052//1021
f 1054//1023 1066//1035 1065//1034 1053//1022
f 1055//1024 1067//1036 1066//1035 1054//1023
f 1056//1025 1068//1037 1067//1036 1055//1024
f 1046//1015 1058//1027 1068//1037 1056//1025
f 1057//1026 1069//1038 1070//1039 1058//1027
f 1059//1028 1071//1040 1069//1038 1057//1026
f 1060//1029 1072//1041 1071//1040 1059//1028
f 1061//1030 1073//1042 1072//1041 1060//1029
f 1062//1031 1074//1043 1073//1042 1061//1030
f 1063//1032 1075//1044 1074//1043 1062//1031
f 1064//1033 1076//1045 1075//1044 1063//1032
f 1065//1034 1077//1046 1076//1045 1064//1033
f 1066//1035 1078//1047 1077//1046 1065//1034
f 1067//1036 1079//1048 1078//1047 1066//1035
f 1068//1037 1080//1049 1079//1048 1067//1036
f 1058//1027 1070//1039 1080//1049 1068//1037
f 1069//1038 1081//1050 1082//1051 1070//1039
f 1071//1040 1083//1052 1081//1050 1069//1038
f 1072//1041 1084//1053 1083//1052 1071//1040
f 1073//1042 1085//1054 1084//1053 1072//1041
f 1074//1043 1086//1055 1085//1054 1073//1042
f 1075//1044 1087//1056 1086//1055 1074//1043
f 1076//1045 1088//1057 1087//1056 1075//1044
f 1077//1046 1089//1058 1088//1057 1076//1045
f 1078//1047 1090//1059 1089//1058 1077//1046
f 1079//1048 1091//1060 1090//1059 1078//1047
f 1080//1049 1092//1061 1091//1060 1079//1048
f 1070//1039 1082//1051 1092//1061 1080//1049
f 1081//1050 1093//1062 1094//1063 1082//1051
f 1083//1052 1095//1064 1093//1062 1081//1050
f 1084//1053 1096//1065 1095//1064 1083//1052
f 1085//1054 1097//1066 1096//1065 1084//1053
f 1086//1055 1098//1067 1097//1066 1085//1054
f 1087//1056 1099//1068 1098//1067 1086//1055
f 1088//1057 1100//1069 1099//1068 1087//1056
f 1089//1058 1101//1070 1100//1069 1088//1057
f 1090//1059 1102//1071 1101//1070 1089//1058
f 1091//1060 1103//1072 1102//1071 1090//1059
f 1092//1061 1104//1073 1103//1072 1091//1060
f 1082//1051 1094//1063 1104//1073 1092//1061
f 1093//1062 1105//1074 1106//1075 1094//1063
f 1095//1064 1107//1076 1105//1074 1093//1062
f 1096//1065 1108//1077 1107//1076 1095//1064
f 1097//1066 1109//1078 1108//1077 1096//1065
f 1098//1067 1110//1079 1109//1078 1097//1066
f 1099//1068 1111//1080 1110//1079 1098//1067
f 1100//1069 1112//1081 1111//1080 1099//1068
f 1101//1070 1113//1082 1112//1081 1100//1069
f 1102//1071 1114//1083 1113//1082 1101//1070
f 1103//1072 1115//1084 1114//1083 1102//1071
f 1104//1073 1116//1085 1115//1084 1103//1072
f 1094//1063 1106//1075 1116//1085 1104//1073
f 1105//1074 1117//1086 1118//1087 1106//1075
f 1107//1076 1119//1088 1117//1086 1105//1074
f 1108//1077 1120//1089 1119//1088 1107//1076
f 1109//1078 1121//1090 1120//1089 1108//1077
f 1110//1079 1122//1091 1121//1090 1109//1078
f 1111//1080 1123//1092 1122//1091 1110//1079
f 1112//1081 1124//1093 1123//1092 1111//1080
f 1113//1082 1125//1094 1124//1093 1112//1081
f 1114//1083 1126//1095 1125//1094 1113//1082
f 1115//1084 1127//1096 1126//1095 1114//1083
f 1116//1085 1128//1097 1127//1096 1115//1084
f 1106//1075 1118//1087 1128//1097 1116//1085
f 1117//1086 1129//1098 1130//1099 1118//1087
f 1119//1088 1131//1100 1129//1098 1117//1086
f 1120//1089 1132//1101 1131//1100 1119//1088
f 1121//1090 1133//1102 1132//1101 1120//1089
f 1122//1091 1134//1103 1133//1102 1121//1090
f 1123//1092 1135//1104 1134//1103 1122//1091
f 1124//1093 1136//1105 1135//1104 1123//1092
f 1125//1094 1137//1106 1136//1105 1124//1093
f 1126//1095 1138//1107 1137//1106 1125//1094
f 1127//1096 1139//1108 1138//1107 1126//1095
f 1128//1097 1140//1109 1139//1108 1127//1096
f 1118//1087 1130//1099 1140//1109 1128//1097
f 1129//1098 1141//1110 1142//1111 1130//1099
f 1131//1100 1143//1112 1141//1110 1129//1098
f 1132//1101 1144//1113 1143//1112 1131//1100
f 1133//1102 1145//1114 1144//1113 1132//1101
f 1134//1103 1146//1115 1145//1114 1133//1102
f 1135//1104 1147//1116 1146//1115 1134//1103
f 1136//1105 1148//1117 1147//1116 1135//1104
f 1137//1106 1149//1118 1148//1117 1136//1105
f 1138//1107 1150//1119 1149//1118 1137//1106
f 1139//1108 1151//1120 1150//1119 1138//1107
f 1140//1109 1152//1121 1151//1120 1139//1108
f 1130//1099 1142//1111 1152//1121 1140//1109
f 1141//1110 1153//1122 1154//1123 1142//1111
f 1143//1112 1155//1124 1153//1122 1141//1110
f 1144//1113 1156//1125 1155//1124 1143//1112
f 1145//1114 1157//1126 1156//1125 1144//1113
f 1146//1115 1158//1127 1157//1126 1145//1114
f 1147//1116 1159//1128 1158//1127 1146//1115
f 1148//1117 1160//1129 1159//1128 1147//1116
f 1149//1118 1161//1130 1160//1129 1148//1117
f 1150//1119 1162//1131 1161//1130 1149//1118
f 1151//1120 1163//1132 1162//1131 1150//1119
f 1152//1121 1164//1133 1163//1132 1151//1120
f 1142//1111 1154//1123 1164//1133 1152//1121
f 1153//1122 1165//1134 1166//1135 1154//1123
f 1155//1124 1167//1136 1165//1134 1153//1122
f 1156//1125 1168//1137 1167//1136 1155//1124
f 1157//1126 1169//1138 1168//1137 1156//1125
f 1158//1127 1170//1139 1169//1138 1157//1126
f 1159//1128 1171//1140 1170//1139 1158//1127
f 1160//1129 1172//1141 1171//1140 1159//1128
f 1161//1130 1173//1142 1172//1141 1160//1129
f 1162//1131 1174//1143 1173//1142 1161//1130
f 1163//1132 1175//1144 1174//1143 1162//1131
f 1164//1133 1176//1145 1175//1144 1163//1132
f 1154//1123 1166//1135 1176//1145 1164//1133
f 1165//1134 1177//1146 1178//1147 1166//1135
f 1167//1136 1179//1148 1177//1146 1165//1134
f 1168//1137 1180//1149 1179//1148 1167//1136
f 1169//1138 1181//1150 1180//1149 1168//1137
f 1170//1139 1182//1151 1181//1150 1169//1138
f 1171//1140 1183//1152 1182//1151 1170//1139
f 1172//1141 1184//1153 1183//1152 1171//1140
f 1173//1142 1185//1154 1184//1153 1172//1141
f 1174//1143 1186//1155 1185//1154 1173//1142
f 1175//1144 1187//1156 1186//1155 1174//1143
f 1176//1145 1188//1157 1187//1156 1175//1144
f 1166//1135 1178//1147 1188//1157 1176//1145
f 1177//1146 1189//1158 1190//1159 1178//1147
f 1179//1148 1191//1160 1189//1158 1177//1146
f 1180//1149 1192//1161 1191//1160 1179//1148
f 1181//1150 1193//1162 1192//1161 1180//1149
f 1182//1151 1194//1163 1193//1162 1181//1150
f 1183//1152 1195//1164 1194//1163 1182//1151
f 1184//1153 1196//1165 1195//1164 1183//1152
f 1185//1154 1197//1166 1196//1165 1184//1153
f 1186//1155 1198//1167 1197//1166 1185//1154
f 1187//1156 1199//1168 1198//1167 1186//1155
f 1188//1157 1200//1169 1199//1168 1187//1156
f 1178//1147 1190//1159 1200//1169 1188//1157
f 1201//1170 1202//1171 1203//1172 1204//1173
f 1205//1174 1206//1175 1202//1171 1201//1170
f 1207//1176 1208//1177 1206//1175 1205//1174
f 1209//1178 1210//1179 1208//1177 1207//1176
f 1211//1180 1212//1181 1210//1179 1209//1178
f 1213//1182 1214//1183 1212//1181 1211//1180
f 1215//1184 1216//1185 1214//1183 1213//1182
f 1217//1186 1218//1187 1216//1185 1215//1184
f 1219//1188 1220//1189 1218//1187 1217//1186
f 1221//1190 1222//1191 1220//1189 1219//1188
f 1223//1192 1224//1193 1222//1191 1221//1190
f 1204//1173 1203//1172 1224//1193 1223//1192
f 1202//1171 1225//1194 1226//1195 1203//1172
f 1206//1175 1227//1196 1225//1194 1202//1171
f 1208//1177 1228//1197 1227//1196 1206//1175
f 1210//1179 1229//1198 1228//1197 1208//1177
f 1212//1181 1230//1199 1229//1198 1210//1179
f 1214//1183 1231//1200 1230//1199 1212//1181
f 1216//1185 1232//1201 1231//1200 1214//1183
f 1218//1187 1233//1202 1232//1201 1216//1185
f 1220//1189 1234//1203 1233//1202 1218//1187
f 1222//1191 1235//1204 1234//1203 1220//1189
f 1224//1193 1236//1205 1235//1204 1222//1191
f 1203//1172 1226//1195 1236//1205 1224//1193
f 1225//1194 1237//1206 1238//1207 1226//1195
f 1227//1196 1239//1208 1237//1206 1225//1194
f 1228//1197 1240//1209 1239//1208 1227//1196
f 1229//1198 1241//1210 1240//1209 1228//1197
f 1230//1199 1242//1211 1241//1210 1229//1198
f 1231//1200 1243//1212 1242//1211 1230//1199
f 1232//1201 1244//1213 1243//1212 1231//1200
f 1233//1202 1245//1214 1244//1213 1232//1201
f 1234//1203 1246//1215 1245//1214 1233//1202
f 1235//1204 1247//1216 1246//1215 1234//1203
f 1236//1205 1248//1217 1247//1216 1235//1204
f 1226//1195 1238//1207 1248//1217 1236//1205
f 1237//1206 1249//1218 1250//1219 1238//1207
f 1239//1208 1251//1220 1249//1218 1237//1206
f 1240//1209 1252//1221 1251//1220 1239//1208
f 1241//1210 1253//1222 1252//1221 1240//1209
f 1242//1211 1254//1223 1253//1222 1241//1210
f 1243//1212 1255//1224 1254//1223 1242//1211
f 1244//1213 1256//1225 1255//1224 1243//1212
f 1245//1214 1257//1226 1256//1225 1244//1213
f 1246//1215 1258//1227 1257//1226 1245//1214
f 1247//1216 1259//1228 1258//1227 1246//1215
f 1248//1217 1260//1229 1259//1228 1247//1216
f 1238//1207 1250//1219 1260//1229 1248//1217
f 1249//1218 1261//1230 1262//1231 1250//1219
f 1251//1220 1263//1232 1261//1230 1249//1218
f 1252//1221 1264//1233 1263//1232 1251//1220
f 1253//1222 1265//1234 1264//1233 1252//1221
f 1254//1223 1266//1235 1265//1234 1253//1222
f 1255//1224 1267//1236 1266//1235 1254//1223
f 1256//1225 1268//1237 1267//1236 1255//1224
f 1257//1226 1269//1238 1268//1237 1256//1225
f 1258//1227 1270//1239 1269//1238 1257//1226
f 1259//1228 1271//1240 1270//1239 1258//1227
f 1260//1229 1272//1241 1271//1240 1259//1228
f 1250//1219 1262//1231 1272//1241 1260//1229
f 1261//1230 1273//1242 1274//1243 1262//1231
f 1263//1232 1275//1244 1273//1242 1261//1230
f 1264//1233 1276//1245 1275//1244 1263//1232
f 1265//1234 1277//1246 1276//1245 1264//1233
f 1266//1235 1278//1247 1277//1246 1265//1234
f 1267//1236 1279//1248 1278//1247 1266//1235
f 1268//1237 1280//1249 1279//1248 1267//1236
f 1269//1238 1281//1250 1280//1249 1268//1237
f 1270//1239 1282//1251 1281//1250 1269//1238
f 1271//1240 1283//1252 1282//1251 1270//1239
f 1272//1241 1284//1253 1283//1252 1271//1240
f 1262//1231 1274//1243 1284//1253 1272//1241
f 1273//1242 1285//1254 1286//1255 1274//1243
f 1275//1244 1287//1256 1285//1254 1273//1242
f 1276//1245 1288//1257 1287//1256 1275//1244
f 1277//1246 1289//1258 1288//1257 1276//1245
f 1278//1247 1290//1259 1289//1258 1277//1246
f 1279//1248 1291//1260 1290//1259 1278//1247
f 1280//1249 1292//1261 1291//1260 1279//1248
f 1281//1250 1293//1262 1292//1261 1280//1249
f 1282//1251 1294//1263 1293//1262 1281//1250
f 1283//1252 1295//1264 1294//1263 1282//1251
f 1284//1253 1296//1265 1295//1264 1283//1252
f 1274//1243 1286//1255 1296//1265 1284//1253
f 1285//1254 1297//1266 1298//1267 1286//1255
f 1287//1256 1299//1268 1297//1266 1285//1254
f 1288//1257 1300//1269 1299//1268 1287//1256
f 1289//1258 1301//1270 1300//1269 1288//1257
f 1290//1259 1302//1271 1301//1270 1289//1258
f 1291//1260 1303//1272 1302//1271 1290//1259
f 1292//1261 1304//1273 1303//1272 1291//1260
f 1293//1262 1305//1274 1304//1273 1292//1261
f 1294//1263 1306//1275 1305//1274 1293//1262
f 1295//1264 1307//1276 1306//1275 1294//1263
f 1296//1265 1308//1277 1307//1276 1295//1264
f 1286//1255 1298//1267 1308//1277 1296//1265
f 1297//1266 1309//1278 1310//1279 1298//1267
f 1299//1268 1311//1280 1309//1278 1297//1266
f 1300//1269 1312//1281 1311//1280 1299//1268
f 1301//1270 1313//1282 1312//1281 1300//1269
f 1302//1271 1314//1283 1313//1282 1301//1270
f 1303//1272 1315//1284 1314//1283 1302//1271
f 1304//1273 1316//1285 1315//1284 1303//1272
f 1305//1274 1317//1286 1316//1285 1304//1273
f 1306//1275 1318//1287 1317//1286 1305//1274
f 1307//1276 1319//1288 1318//1287 1306//1275
f 1308//1277 1320//1289 1319//1288 1307//1276
f 1298//1267 1310//1279 1320//1289 1308//1277
f 1309//1278 1321//1290 1322//1291 1310//1279
f 1311//1280 1323//1292 1321//1290 1309//1278
f 1312//1281 1324//1293 1323//1292 1311//1280
f 1313//1282 1325//1294 1324//1293 1312//1281
f 1314//1283 1326//1295 1325//1294 1313//1282
f 1315//1284 1327//1296 1326//1295 1314//1283
f 1316//1285 1328//1297 1327//1296 1315//1284
f 1317//1286 1329//1298 1328//1297 1316//1285
f 1318//1287 1330//1299 1329//1298 1317//1286
f 1319//1288 1331//1300 1330//1299 1318//1287
f 1320//1289 1332//1301 1331//1300 1319//1288
f 1310//1279 1322//1291 1332//1301 1320//1289
f 1321//1290 1333//1302 1334//1303 1322//1291
f 1323//1292 1335//1304 1333//1302 1321//1290
f 1324//1293 1336//1305 1335//1304 1323//1292
f 1325//1294 1337//1306 1336//1305 1324//1293
f 1326//1295 1338//1307 1337//1306 1325//1294
f 1327//1296 1339//1308 1338//1307 1326//1295
f 1328//1297 1340//1309 1339//1308 1327//1296
f 1329//1298 1341//1310 1340//1309 1328//1297
f 1330//1299 1342//1311 1341//1310 1329//1298
f 1331//1300 1343//1312 1342//1311 1330//1299
f 1332//1301 1344//1313 1343//1312 1331//1300
f 1322//1291 1334//1303 1344//1313 1332//1301
f 1333//1302 1345//1314 1346//1315 1334//1303
f 1335//1304 1347//1316 1345//1314 1333//1302
f 1336//1305 1348//1317 1347//1316 1335//1304
f 1337//1306 1349//1318 1348//1317 1336//1305
f 1338//1307 1350//1319 1349//1318 1337//1306
f 1339//1308 1351//1320 1350//1319 1338//1307
f 1340//1309 1352//1321 1351//1320 1339//1308
f 1341//1310 1353//1322 1352//1321 1340//1309
f 1342//1311 1354//1323 1353//1322 1341//1310
f 1343//1312 1355//1324 1354//1323 1342//1311
f 1344//1313 1356//1325 1355//1324 1343//1312
f 1334//1303 1346//1315 1356//1325 1344//1313
f 1345//1314 1357//1326 1358//1327 1346//1315
f 1347//1316 1359//1328 1357//1326 1345//1314
f 1348//1317 1360//1329 1359//1328 1347//1316
f 1349//1318 1361//1330 1360//1329 1348//1317
f 1350//1319 1362//1331 1361//1330 1349//1318
f 1351//1320 1363//1332 1362//1331 1350//1319
f 1352//1321 1364//1333 1363//1332 1351//1320
f 1353//1322 1365//1334 1364//1333 1352//1321
f 1354//1323 1366//1335 1365//1334 1353//1322
f 1355//1324 1367//1336 1366//1335 1354//1323
f 1356//1325 1368//1337 1367//1336 1355//1324
f 1346//1315 1358//1327 1368//1337 1356//1325
f 1357//1326 1369//1338 1370//1339 1358//1327
f 1359//1328 1371//1340 1369//1338 1357//1326
f 1360//1329 1372//1341 1371//1340 1359//1328
f 1361//1330 1373//1342 1372//1341 1360//1329
f 1362//1331 1374//1343 1373//1342 1361//1330
f 1363//1332 1375//1344 1374//1343 1362//1331
f 1364//1333 1376//1345 1375//1344 1363//1332
f 1365//1334 1377//1346 1376//1345 1364//1333
f 1366//1335 1378//1347 1377//1346 1365//1334
f 1367//1336 1379//1348 1378//1347 1366//1335
f 1368//1337 1380//1349 1379//1348 1367//1336
f 1358//1327 1370//1339 1380//1349 1368//1337
f 1369//1338 1381//1350 1382//1351 1370//1339
f 1371//1340 1383//1352 1381//1350 1369//1338
f 1372//1341 1384//1353 1383//1352 1371//1340
f 1373//1342 1385//1354 1384//1353 1372//1341
f 1374//1343 1386//1355 1385//1354 1373//1342
f 1375//1344 1387//1356 1386//1355 1374//1343
f 1376//1345 1388//1357 1387//1356 1375//1344
f 1377//1346 1389//1358 1388//1357 1376//1345
f 1378//1347 1390//1359 1389//1358 1377//1346
f 1379//1348 1391//1360 1390//1359 1378//1347
f 1380//1349 1392//1361 1391//1360 1379//1348
f 1370//1339 1382//1351 1392//1361 1380//1349
f 1381//1350 1393//1362 1394//1363 1382//1351
f 1383//1352 1395//1364 1393//1362 1381//1350
f 1384//1353 1396//1365 1395//1364 1383//1352
f 1385//1354 1397//1366 1396//1365 1384//1353
f 1386//1355 1398//1367 1397//1366 1385//1354
f 1387//1356 1399//1368 1398//1367 1386//1355
f 1388//1357 1400//1369 1399//1368 1387//1356
f 1389//1358 1401//1370 1400//1369 1388//1357
f 1390//1359 1402//1371 1401//1370 1389//1358
f 1391//1360 1403//1372 1402//1371 1390//1359
f 1392//1361 1404//1373 1403//1372 1391//1360
f 1382//1351 1394//1363 1404//1373 1392//1361
f 1393//1362 1405//1374 1406//1375 1394//1363
f 1395//1364 1407//1376 1405//1374 1393//1362
f 1396//1365 1408//1377 1407//1376 1395//1364
f 1397//1366 1409//1378 1408//1377 1396//1365
f 1398//1367 1410//1379 1409//1378 1397//1366
f 1399//1368 1411//1380 1410//1379 1398//1367
f 1400//1369 1412//1381 1411//1380 1399//1368
f 1401//1370 1413//1382 1412//1381 1400//1369
f 1402//1371 1414//1383 1413//1382 1401//1370
f 1403//1372 1415//1384 1414//1383 1402//1371
f 1404//1373 1416//1385 1415//1384 1403//1372
f 1394//1363 1406//1375 1416//1385 1404//1373
f 1405//1374 1417//1386 1418//1387 1406//1375
f 1407//1376 1419//1388 1417//1386 1405//1374
f 1408//1377 1420//1389 1419//1388 1407//1376
f 1409//1378 1421//1390 1420//1389 1408//1377
f 1410//1379 1422//1391 1421//1390 1409//1378
f 1411//1380 1423//1392 1422//1391 1410//1379
f 1412//1381 1424//1393 1423//1392 1411//1380
f 1413//1382 1425//1394 1424//1393 1412//1381
f 1414//1383 1426//1395 1425//1394 1413//1382
f 1415//1384 1427//1396 1426//1395 1414//1383
f 1416//1385 1428//1397 1427//1396 1415//1384
f 1406//1375 1418//1387 1428//1397 1416//1385
f 1417//1386 1429//1398 1430//1399 1418//1387
f 1419//1388 1431//1400 1429//1398 1417//1386
f 1420//1389 1432//1401 1431//1400 1419//1388
f 1421//1390 1433//1402 1432//1401 1420//1389
f 1422//1391 1434//1403 1433//1402 1421//1390
f 1423//1392 1435//1404 1434//1403 1422//1391
f 1424//1393 1436//1405 1435//1404 1423//1392
f 1425//1394 1437//1406 1436//1405 1424//1393
f 1426//1395 1438//1407 1437//1406 1425//1394
f 1427//1396 1439//1408 1438//1407 1426//1395
f 1428//1397 1440//1409 1439//1408 1427//1396
f 1418//1387 1430//1399 1440//1409 1428//1397
f 1429//1398 1441//1410 1442//1411 1430//1399
f 1431//1400 1443//1412 1441//1410 1429//1398
f 1432//1401 1444//1413 1443//1412 1431//1400
f 1433//1402 1445//1414 1444//1413 1432//1401
f 1434//1403 1446//1415 1445//1414 1433//1402
f 1435//1404 1447//1416 1446//1415 1434//1403
f 1436//1405 1448//1417 1447//1416 1435//1404
f 1437//1406 1449//1418 1448//1417 1436//1405
f 1438//1407 1450//1419 1449//1418 1437//1406
f 1439//1408 1451//1420 1450//1419 1438//1407
f 1440//1409 1452//1421 1451//1420 1439//1408
f 1430//1399 1442//1411 1452//1421 1440//1409
f 1441//1410 1453//1422 1454//1423 1442//1411
f 1443//1412 1455//1424 1453//1422 1441//1410
f 1444//1413 1456//1425 1455//1424 1443//1412
f 1445//1414 1457//1426 1456//1425 1444//1413
f 1446//1415 1458//1427 1457//1426 1445//1414
f 1447//1416 1459//1428 1458//1427 1446//1415
f 1448//1417 1460//1429 1459//1428 1447//1416
f 1449//1418 1461//1430 1460//1429 1448//1417
f 1450//1419 1462//1431 1461//1430 1449//1418
f 1451//1420 1463//1432 1462//1431 1450//1419
f 1452//1421 1464//1433 1463//1432 1451//1420
f 1442//1411 1454//1423 1464//1433 1452//1421
f 1453//1422 1465//1434 1466//1435 1454//1423
f 1455//1424 1467//1436 1465//1434 1453//1422
f 1456//1425 1468//1437 1467//1436 1455//1424
f 1457//1426 1469//1438 1468//1437 1456//1425
f 1458//1427 1470//1439 1469//1438 1457//1426
f 1459//1428 1471//1440 1470//1439 1458//1427
f 1460//1429 1472//1441 1471//1440 1459//1428
f 1461//1430 1473//1442 1472//1441 1460//1429
f 1462//1431 1474//1443 1473//1442 1461//1430
f 1463//1432 1475//1444 1474//1443 1462//1431
f 1464//1433 1476//1445 1475//1444 1463//1432
f 1454//1423 1466//1435 1476//1445 1464//1433
f 1465//1434 1477//1446 1478//1447 1466//1435
f 1467//1436 1479//1448 1477//1446 1465//1434
f 1468//1437 1480//1449 1479//1448 1467//1436
f 1469//1438 1481//1450 1480//1449 1468//1437
f 1470//1439 1482//1451 1481//1450 1469//1438
f 1471//1440 1483//1452 1482//1451 1470//1439
f 1472//1441 1484//1453 1483//1452 1471//1440
f 1473//1442 1485//1454 1484//1453 1472//1441
f 1474//1443 1486//1455 1485//1454 1473//1442
f 1475//1444 1487//1456 1486//1455 1474//1443
f 1476//1445 1488//1457 1487//1456 1475//1444
f 1466//1435 1478//1447 1488//1457 1476//1445
f 1477//1446 1489//1458 1490//1459 1478//1447
f 1479//1448 1491//1460 1489//1458 1477//1446
f 1480//1449 1492//1461 1491//1460 1479//1448
f 1481//1450 1493//1462 1492//1461 1480//1449
f 1482//1451 1494//1463 1493//1462 1481//1450
f 1483//1452 1495//1464 1494//1463 1482//1451
f 1484//1453 1496//1465 1495//1464 1483//1452
f 1485//1454 1497//1466 1496//1465 1484//1453
f 1486//1455 1498//1467 1497//1466 1485//1454
f 1487//1456 1499//1468 1498//1467 1486//1455
f 1488//1457 1500//1469 1499//1468 1487//1456
f 1478//1447 1490//1459 1500//1469 1488//1457
f 1489//1458 1501//1470 1502//1471 1490//1459
f 1491//1460 1503//1472 1501//1470 1489//1458
f 1492//1461 1504//1473 1503//1472 1491//1460
f 1493//1462 1505//1474 1504//1473 1492//1461
f 1494//1463 1506//1475 1505//1474 1493//1462
f 1495//1464 1507//1476 1506//1475 1494//1463
f 1496//1465 1508//1477 1507//1476 1495//1464
f 1497//1466 1509//1478 1508//1477 1496//1465
f 1498//1467 1510//1479 1509//1478 1497//1466
f 1499//1468 1511//1480 1510//1479 1498//1467
f 1500//1469 1512//1481 1511//1480 1499//1468
f 1490//1459 1502//1471 1512//1481 1500//1469
f 1501//1470 1513//1482 1514//1483 1502//1471
f 1503//1472 1515//1484 1513//1482 1501//1470
f 1504//1473 1516//1485 1515//1484 1503//1472
f 1505//1474 1517//1486 1516//1485 1504//1473
f 1506//1475 1518//1487 1517//1486 1505//1474
f 1507//1476 1519//1488 1518//1487 1506//1475
f 1508//1477 1520//1489 1519//1488 1507//1476
f 1509//1478 1521//1490 1520//1489 1508//1477
f 1510//1479 1522//1491 1521//1490 1509//1478
f 1511//1480 1523//1492 1522//1491 1510//1479
f 1512//1481 1524//1493 1523//1492 1511//1480
f 1502//1471 1514//1483 1524//1493 1512//1481
f 1513//1482 1525//1494 1526//1495 1514//1483
f 1515//1484 1527//1496 1525//1494 1513//1482
f 1516//1485 1528//1497 1527//1496 1515//1484
f 1517//1486 1529//1498 1528//1497 1516//1485
f 1518//1487 1530//1499 1529//1498 1517//1486
f 1519//1488 1531//1500 1530//1499 1518//1487
f 1520//1489 1532//1501 1531//1500 1519//1488
f 1521//1490 1533//1502 1532//1501 1520//1489
f 1522//1491 1534//1503 1533//1502 1521//1490
f 1523//1492 1535//1504 1534//1503 1522//1491
f 1524//1493 1536//1505 1535//1504 1523//1492
f 1514//1483 1526//1495 1536//1505 1524//1493
f 1525//1494 1537//1506 1538//1507 1526//1495
f 1527//1496 1539//1508 1537//1506 1525//1494
f 1528//1497 1540//1509 1539//1508 1527//1496
f 1529//1498 1541//1510 1540//1509 1528//1497
f 1530//1499 1542//1511 1541//1510 1529//1498
f 1531//1500 1543//1512 1542//1511 1530//1499
f 1532//1501 1544//1513 1543//1512 1531//1500
f 1533//1502 1545//1514 1544//1513 1532//1501
f 1534//1503 1546//1515 1545//1514 1533//1502
f 1535//1504 1547//1516 1546//1515 1534//1503
f 1536//1505 1548//1517 1547//1516 1535//1504
f 1526//1495 1538//1507 1548//1517 1536//1505
f 1537//1506 1549//1518 1550//1519 1538//1507
f 1539//1508 1551//1520 1549//1518 1537//1506
f 1540//1509 1552//1521 1551//1520 1539//1508
f 1541//1510 1553//1522 1552//1521 1540//1509
f 1542//1511 1554//1523 1553//1522 1541//1510
f 1543//1512 1555//1524 1554//1523 1542//1511
f 1544//1513 1556//1525 1555//1524 1543//1512
f 1545//1514 1557//1526 1556//1525 1544//1513
f 1546//1515 1558//1527 1557//1526 1545//1514
f 1547//1516 1559//1528 1558//1527 1546//1515
f 1548//1517 1560//1529 1559//1528 1547//1516
f 1538//1507 1550//1519 1560//1529 1548//1517
f 1549//1518 1561//1530 1562//1531 1550//1519
f 1551//1520 1563//1532 1561//1530 1549//1518
f 1552//1521 1564//1533 1563//1532 1551//1520
f 1553//1522 1565//1534 1564//1533 1552//1521
f 1554//1523 1566//1535 1565//1534 1553//1522
f 1555//1524 1567//1536 1566//1535 1554//1523
f 1556//1525 1568//1537 1567//1536 1555//1524
f 1557//1526 1569//1538 1568//1537 1556//1525
f 1558//1527 1570//1539 1569//1538 1557//1526
f 1559//1528 1571//1540 1570//1539 1558//1527
f 1560//1529 1572//1541 1571//1540 1559//1528
f 1550//1519 1562//1531 1572//1541 1560//1529
f 1561//1530 1573//1542 1574//1543 1562//1531
f 1563//1532 1575//1544 1573//1542 1561//1530
f 1564//1533 1576//1545 1575//1544 1563//1532
f 1565//1534 1577//1546 1576//1545 1564//1533
f 1566//1535 1578//1547 1577//1546 1565//1534
f 1567//1536 1579//1548 1578//1547 1566//1535
f 1568//1537 1580//1549 1579//1548 1567//1536
f 1569//1538 1581//1550 1580//1549 1568//1537
f 1570//1539 1582//1551 1581//1550 1569//1538
f 1571//1540 1583//1552 1582//1551 1570//1539
f 1572//1541 1584//1553 1583//1552 1571//1540
f 1562//1531 1574//1543 1584//1553 1572//1541
f 1573//1542 1585//1554 1586//1555 1574//1543
f 1575//1544 1587//1556 1585//1554 1573//1542
f 1576//1545 1588//1557 1587//1556 1575//1544
f 1577//1546 1589//1558 1588//1557 1576//1545
f 1578//1547 1590//1559 1589//1558 1577//1546
f 1579//1548 1591//1560 1590//1559 1578//1547
f 1580//1549 1592//1561 1591//1560 1579//1548
f 1581//1550 1593//1562 1592//1561 1580//1549
f 1582//1551 1594//1563 1593//1562 1581//1550
f 1583//1552 1595//1564 1594//1563 1582//1551
f 1584//1553 1596//1565 1595//1564 1583//1552
f 1574//1543 1586//1555 1596//1565 1584//1553
f 1585//1554 1597//1566 1598//1567 1586//1555
f 1587//1556 1599//1568 1597//1566 1585//1554
f 1588//1557 1600//1569 1599//1568 1587//1556
f 1589//1558 1601//1570 1600//1569 1588//1557
f 1590//1559 1602//1571 1601//1570 1589//1558
f 1591//1560 1603//1572 1602//1571 1590//1559
f 1592//1561 1604//1573 1603//1572 1591//1560
f 1593//1562 1605//1574 1604//1573 1592//1561
f 1594//1563 1606//1575 1605//1574 1593//1562
f 1595//1564 1607//1576 1606//1575 1594//1563
f 1596//1565 1608//1577 1607//1576 1595//1564
f 1586//1555 1598//1567 1608//1577 1596//1565
f 1597//1566 1609//1578 1610//1579 1598//1567
f 1599//1568 1611//1580 1609//1578 1597//1566
f 1600//1569 1612//1581 1611//1580 1599//1568
f 1601//1570 1613//1582 1612//1581 1600//1569
f 1602//1571 1614//1583 1613//1582 1601//1570
f 1603//1572 1615//1584 1614//1583 1602//1571
f 1604//1573 1616//1585 1615//1584 1603//1572
f 1605//1574 1617//1586 1616//1585 1604//1573
f 1606//1575 1618//1587 1617//1586 1605//1574
f 1607//1576 1619//1588 1618//1587 1606//1575
f 1608//1577 1620//1589 1619//1588 1607//1576
f 1598//1567 1610//1579 1620//1589 1608//1577
f 1609//1578 1621//1590 1622//1591 1610//1579
f 1611//1580 1623//1592 1621//1590 1609//1578
f 1612//1581 1624//1593 1623//1592 1611//1580
f 1613//1582 1625//1594 1624//1593 1612//1581
f 1614//1583 1626//1595 1625//1594 1613//1582
f 1615//1584 1627//1596 1626//1595 1614//1583
f 1616//1585 1628//1597 1627//1596 1615//1584
f 1617//1586 1629//1598 1628//1597 1616//1585
f 1618//1587 1630//1599 1629//1598 1617//1586
f 1619//1588 1631//1600 1630//1599 1618//1587
f 1620//1589 1632//1601 1631//1600 1619//1588
f 1610//1579 1622//1591 1632//1601 1620//1589
f 1621//1590 1633//1602 1634//1603 1622//1591
f 1623//1592 1635//1604 1633//1602 1621//1590
f 1624//1593 1636//1605 1635//1604 1623//1592
f 1625//1594 1637//1606 1636//1605 1624//1593
f 1626//1595 1638//1607 1637//1606 1625//1594
f 1627//1596 1639//1608 1638//1607 1626//1595
f 1628//1597 1640//1609 1639//1608 1627//1596
f 1629//1598 1641//1610 1640//1609 1628//1597
f 1630//1599 1642//1611 1641//1610 1629//1598
f 1631//1600 1643//1612 1642//1611 1630//1599
f 1632//1601 1644//1613 1643//1612 1631//1600
f 1622//1591 1634//1603 1644//1613 1632//1601
f 1645//1614 1646//1615 1647//1616 1648//1617
f 1649//1618 1650//1619 1646//1615 1645//1614
f 1651//1620 1652//1621 1650//1619 1649//1618
f 1653//1622 1654//1623 1652//1621 1651//1620
f 1655//1624 1656//1625 1654//1623 1653//1622
f 1657//1626 1658//1627 1656//1625 1655//1624
f 1659//1628 1660//1629 1658//1627 1657//1626
f 1661//1630 1662//1631 1660//1629 1659//1628
f 1663//1632 1664//1633 1662//1631 1661//1630
f 1665//1634 1666//1635 1664//1633 1663//1632
f 1667//1636 1668//1637 1666//1635 1665//1634
f 1648//1617 1647//1616 1668//1637 1667//1636
f 1646//1615 1669//1638 1670//1639 1647//1616
f 1650//1619 1671//1640 1669//1638 1646//1615
f 1652//1621 1672//1641 1671//1640 1650//1619
f 1654//1623 1673//1642 1672//1641 1652//1621
f 1656//1625 1674//1643 1673//1642 1654//1623
f 1658//1627 1675//1644 1674//1643 1656//1625
f 1660//1629 1676//1645 1675//1644 1658//1627
f 1662//1631 1677//1646 1676//1645 1660//1629
f 1664//1633 1678//1647 1677//1646 1662//1631
f 1666//1635 1679//1648 1678//1647 1664//1633
f 1668//1637 1680//1649 1679//1648 1666//1635
f 1647//1616 1670//1639 1680//1649 1668//1637
f 1669//1638 1681//1650 1682//1651 1670//1639
f 1671//1640 1683//1652 1681//1650 1669//1638
f 1672//1641 1684//1653 1683//1652 1671//1640
f 1673//1642 1685//1654 1684//1653 1672//1641
f 1674//1643 1686//1655 1685//1654 1673//1642
f 1675//1644 1687//1656 1686//1655 1674//1643
f 1676//1645 1688//1657 1687//1656 1675//1644
f 1677//1646 1689//1658 1688//1657 1676//1645
f 1678//1647 1690//1659 1689//1658 1677//1646
f 1679//1648 1691//1660 1690//1659 1678//1647
f 1680//1649 1692//1661 1691//1660 1679//1648
f 1670//1639 1682//1651 1692//1661 1680//1649
f 1681//1650 1693//1662 1694//1663 1682//1651
f 1683//1652 1695//1664 1693//1662 1681//1650
f 1684//1653 1696//1665 1695//1664 1683//1652
f 1685//1654 1697//1666 1696//1665 1684//1653
f 1686//1655 1698//1667 1697//1666 1685//1654
f 1687//1656 1699//1668 1698//1667 1686//1655
f 1688//1657 1700//1669 1699//1668 1687//1656
f 1689//1658 1701//1670 1700//1669 1688//1657
f 1690//1659 1702//1671 1701//1670 1689//1658
f 1691//1660 1703//1672 1702//1671 1690//1659
f 1692//1661 1704//1673 1703//1672 1691//1660
f 1682//1651 1694//1663 1704//1673 1692//1661
f 1693//1662 1705//1674 1706//1675 1694//1663
f 1695//1664 1707//1676 1705//1674 1693//1662
f 1696//1665 1708//1677 1707//1676 1695//1664
f 1697//1666 1709//1678 1708//1677 1696//1665
f 1698//1667 1710//1679 1709//1678 1697//1666
f 1699//1668 1711//1680 1710//1679 1698//1667
f 1700//1669 1712//1681 1711//1680 1699//1668
f 1701//1670 1713//1682 1712//1681 1700//1669
f 1702//1671 1714//1683 1713//1682 1701//1670
f 1703//1672 1715//1684 1714//1683 1702//1671
f 1704//1673 1716//1685 1715//1684 1703//1672
f 1694//1663 1706//1675 1716//1685 1704//1673
f 1705//1674 1717//1686 1718//1687 1706//1675
f 1707//1676 1719//1688 1717//1686 1705//1674
f 1708//1677 1720//1689 1719//1688 1707//1676
f 1709//1678 1721//1690 1720//1689 1708//1677
f 1710//1679 1722//1691 1721//1690 1709//1678
f 1711//1680 1723//1692 1722//1691 1710//1679
f 1712//1681 1724//1693 1723//1692 1711//1680
f 1713//1682 1725//1694 1724//1693 1712//1681
f 1714//1683 1726//1695 1725//1694 1713//1682
f 1715//1684 1727//1696 1726//1695 1714//1683
f 1716//1685 1728//1697 1727//1696 1715//1684
f 1706//1675 1718//1687 1728//1697 1716//1685
f 1717//1686 1729//1698 1730//1699 1718//1687
f 1719//1688 1731//1700 1729//1698 1717//1686
f 1720//1689 1732//1701 1731//1700 1719//1688
f 1721//1690 1733//1702 1732//1701 1720//1689
f 1722//1691 1734//1703 1733//1702 1721//1690
f 1723//1692 1735//1704 1734//1703 1722//1691
f 1724//1693 1736//1705 1735//1704 1723//1692
f 1725//1694 1737//1706 1736//1705 1724//1693
f 1726//1695 1738//1707 1737//1706 1725//1694
f 1727//1696 1739//1708 1738//1707 1726//1695
f 1728//1697 1740//1709 1739//1708 1727//1696
f 1718//1687 1730//1699 1740//1709 1728//1697
f 1729//1698 1741//1710 1742//1711 1730//1699
f 1731//1700 1743//1712 1741//1710 1729//1698
f 1732//1701 1744//1713 1743//1712 1731//1700
f 1733//1702 1745//1714 1744//1713 1732//1701
f 1734//1703 1746//1715 1745//1714 1733//1702
f 1735//1704 1747//1716 1746//1715 1734//1703
f 1736//1705 1748//1717 1747//1716 1735//1704
f 1737//1706 1749//1718 1748//1717 1736//1705
f 1738//1707 1750//1719 1749//1718 1737//1706
f 1739//1708 1751//1720 1750//1719 1738//1707
f 1740//1709 1752//1721 1751//1720 1739//1708
f 1730//1699 1742//1711 1752//1721 1740//1709
f 1741//1710 1753//1722 1754//1723 1742//1711
f 1743//1712 1755//1724 1753//1722 1741//1710
f 1744//1713 1756//1725 1755//1724 1743//1712
f 1745//1714 1757//1726 1756//1725 1744//1713
f 1746//1715 1758//1727 1757//1726 1745//1714
f 1747//1716 1759//1728 1758//1727 1746//1715
f 1748//1717 1760//1729 1759//1728 1747//1716
f 1749//1718 1761//1730 1760//1729 1748//1717
f 1750//1719 1762//1731 1761//1730 1749//1718
f 1751//1720 1763//1732 1762//1731 1750//1719
f 1752//1721 1764//1733 1763//1732 1751//1720
f 1742//1711 1754//1723 1764//1733 1752//1721
f 1753//1722 1765//1734 1766//1735 1754//1723
f 1755//1724 1767//1736 1765//1734 1753//1722
f 1756//1725 1768//1737 1767//1736 1755//1724
f 1757//1726 1769//1738 1768//1737 1756//1725
f 1758//1727 1770//1739 1769//1738 1757//1726
f 1759//1728 1771//1740 1770//1739 1758//1727
f 1760//1729 1772//1741 1771//1740 1759//1728
f 1761//1730 1773//1742 1772//1741 1760//1729
f 1762//1731 1774//1743 1773//1742 1761//1730
f 1763//1732 1775//1744 1774//1743 1762//1731
f 1764//1733 1776//1745 1775//1744 1763//1732
f 1754//1723 1766//1735 1776//1745 1764//1733
f 1765//1734 1777//1746 1778//1747 1766//1735
f 1767//1736 1779//1748 1777//1746 1765//1734
f 1768//1737 1780//1749 1779//1748 1767//1736
f 1769//1738 1781//1750 1780//1749 1768//1737
f 1770//1739 1782//1751 1781//1750 1769//1738
f 1771//1740 1783//1752 1782//1751 1770//1739
f 1772//1741 1784//1753 1783//1752 1771//1740
f 1773//1742 1785//1754 1784//1753 1772//1741
f 1774//1743 1786//1755 1785//1754 1773//1742
f 1775//1744 1787//1756 1786//1755 1774//1743
f 1776//1745 1788//1757 1787//1756 1775//1744
f 1766//1735 1778//1747 1788//1757 1776//1745
f 1777//1746 1789//1758 1790//1759 1778//1747
f 1779//1748 1791//1760 1789//1758 1777//1746
f 1780//1749 1792//1761 1791//1760 1779//1748
f 1781//1750 1793//1762 1792//1761 1780//1749
f 1782//1751 1794//1763 1793//1762 1781//1750
f 1783//1752 1795//1764 1794//1763 1782//1751
f 1784//1753 1796//1765 1795//1764 1783//1752
f 1785//1754 1797//1766 1796//1765 1784//1753
f 1786//1755 1798//1767 1797//1766 1785//1754
f 1787//1756 1799//1768 1798//1767 1786//1755
f 1788//1757 1800//1769 1799//1768 1787//1756
f 1778//1747 1790//1759 1800//1769 1788//1757
f 1789//1758 1801//1770 1802//1771 1790//1759
f 1791//1760 1803//1772 1801//1770 1789//1758
f 1792//1761 1804//1773 1803//1772 1791//1760
f 1793//1762 1805//1774 1804//1773 1792//1761
f 1794//1763 1806//1775 1805//1774 1793//1762
f 1795//1764 1807//1776 1806//1775 1794//1763
f 1796//1765 1808//1777 1807//1776 1795//1764
f 1797//1766 1809//1778 1808//1777 1796//1765
f 1798//1767 1810//1779 1809//1778 1797//1766
f 1799//1768 1811//1780 1810//1779 1798//1767
f 1800//1769 1812//1781 1811//1780 1799//1768
f 1790//1759 1802//1771 1812//1781 1800//1769
f 1801//1770 1813//1782 1814//1783 1802//1771
f 1803//1772 1815//1784 1813//1782 1801//1770
f 1804//1773 1816//1785 1815//1784 1803//1772
f 1805//1774 1817//1786 1816//1785 1804//1773
f 1806//1775 1818//1787 1817//1786 1805//1774
f 1807//1776 1819//1788 1818//1787 1806//1775
f 1808//1777 1820//1789 1819//1788 1807//1776
f 1809//1778 1821//1790 1820//1789 1808//1777
f 1810//1779 1822//1791 1821//1790 1809//1778
f 1811//1780 1823//1792 1822//1791 1810//1779
f 1812//1781 1824//1793 1823//1792 1811//1780
f 1802//1771 1814//1783 1824//1793 1812//1781
f 1813//1782 1825//1794 1826//1795 1814//1783
f 1815//1784 1827//1796 1825//1794 1813//1782
f 1816//1785 1828//1797 1827//1796 1815//1784
f 1817//1786 1829//1798 1828//1797 1816//1785
f 1818//1787 1830//1799 1829//1798 1817//1786
f 1819//1788 1831//1800 1830//1799 1818//1787
f 1820//1789 1832//1801 1831//1800 1819//1788
f 1821//1790 1833//1802 1832//1801 1820//1789
f 1822//1791 1834//1803 1833//1802 1821//1790
f 1823//1792 1835//1804 1834//1803 1822//1791
f 1824//1793 1836//1805 1835//1804 1823//1792
f 1814//1783 1826//1795 1836//1805 1824//1793
f 1825//1794 1837//1806 1838//1807 1826//1795
f 1827//1796 1839//1808 1837//1806 1825//1794
f 1828//1797 1840//1809 1839//1808 1827//1796
f 1829//1798 1841//1810 1840//1809 1828//1797
f 1830//1799 1842//1811 1841//1810 1829//1798
f 1831//1800 1843//1812 1842//1811 1830//1799
f 1832//1801 1844//1813 1843//1812 1831//1800
f 1833//1802 1845//1814 1844//1813 1832//1801
f 1834//1803 1846//1815 1845//1814 1833//1802
f 1835//1804 1847//1816 1846//1815 1834//1803
f 1836//1805 1848//1817 1847//1816 1835//1804
f 1826//1795 1838//1807 1848//1817 1836//1805
f 1837//1806 1849//1818 1850//1819 1838//1807
f 1839//1808 1851//1820 1849//1818 1837//1806
f 1840//1809 1852//1821 1851//1820 1839//1808
f 1841//1810 1853//1822 1852//1821 1840//1809
f 1842//1811 1854//1823 1853//1822 1841//1810
f 1843//1812 1855//1824 1854//1823 1842//1811
f 1844//1813 1856//1825 1855//1824 1843//1812
f 1845//1814 1857//1826 1856//1825 1844//1813
f 1846//1815 1858//1827 1857//1826 1845//1814
f 1847//1816 1859//1828 1858//1827 1846//1815
f 1848//1817 1860//1829 1859//1828 1847//1816
f 1838//1807 1850//1819 1860//1829 1848//1817
f 1849//1818 1861//1830 1862//1831 1850//1819
f 1851//1820 1863//1832 1861//1830 1849//1818
f 1852//1821 1864//1833 1863//1832 1851//1820
f 1853//1822 1865//1834 1864//1833 1852//1821
f 1854//1823 1866//1835 1865//1834 1853//1822
f 1855//1824 1867//1836 1866//1835 1854//1823
f 1856//1825 1868//1837 1867//1836 1855//1824
f 1857//1826 1869//1838 1868//1837 1856//1825
f 1858//1827 1870//1839 1869//1838 1857//1826
f 1859//1828 1871//1840 1870//1839 1858//1827
f 1860//1829 1872//1841 1871//1840 1859//1828
f 1850//1819 1862//1831 1872//1841 1860//1829
f 1861//1830 1873//1842 1874//1843 1862//1831
f 1863//1832 1875//1844 1873//1842 1861//1830
f 1864//1833 1876//1845 1875//1844 1863//1832
f 1865//1834 1877//1846 1876//1845 1864//1833
f 1866//1835 1878//1847 1877//1846 1865//1834
f 1867//1836 1879//1848 1878//1847 1866//1835
f 1868//1837 1880//1849 1879//1848 1867//1836
f 1869//1838 1881//1850 1880//1849 1868//1837
f 1870//1839 1882//1851 1881//1850 1869//1838
f 1871//1840 1883//1852 1882//1851 1870//1839
f 1872//1841 1884//1853 1883//1852 1871//1840
f 1862//1831 1874//1843 1884//1853 1872//1841
f 1873//1842 1885//1854 1886//1855 1874//1843
f 1875//1844 1887//1856 1885//1854 1873//1842
f 1876//1845 1888//1857 1887//1856 1875//1844
f 1877//1846 1889//1858 1888//1857 1876//1845
f 1878//1847 1890//1859 1889//1858 1877//1846
f 1879//1848 1891//1860 1890//1859 1878//1847
f 1880//1849 1892//1861 1891//1860 1879//1848
f 1881//1850 1893//1862 1892//1861 1880//1849
f 1882//1851 1894//1863 1893//1862 1881//1850
f 1883//1852 1895//1864 1894//1863 1882//1851
f 1884//1853 1896//1865 1895//1864 1883//1852
f 1874//1843 1886//1855 1896//1865 1884//1853
f 1885//1854 1897//1866 1898//1867 1886//1855
f 1887//1856 1899//1868 1897//1866 1885//1854
f 1888//1857 1900//1869 1899//1868 1887//1856
f 1889//1858 1901//1870 1900//1869 1888//1857
f 1890//1859 1902//1871 1901//1870 1889//1858
f 1891//1860 1903//1872 1902//1871 1890//1859
f 1892//1861 1904//1873 1903//1872 1891//1860
f 1893//1862 1905//1874 1904//1873 1892//1861
f 1894//1863 1906//1875 1905//1874 1893//1862
f 1895//1864 1907//1876 1906//1875 1894//1863
f 1896//1865 1908//1877 1907//1876 1895//1864
f 1886//1855 1898//1867 1908//1877 1896//1865
f 1897//1866 1909//1878 1910//1879 1898//1867
f 1899//1868 1911//1880 1909//1878 1897//1866
f 1900//1869 1912//1881 1911//1880 1899//1868
f 1901//1870 1913//1882 1912//1881 1900//1869
f 1902//1871 1914//1883 1913//1882 1901//1870
f 1903//1872 1915//1884 1914//1883 1902//1871
f 1904//1873 1916//1885 1915//1884 1903//1872
f 1905//1874 1917//1886 1916//1885 1904//1873
f 1906//1875 1918//1887 1917//1886 1905//1874
f 1907//1876 1919//1888 1918//1887 1906//1875
f 1908//1877 1920//1889 1919//1888 1907//1876
f 1898//1867 1910//1879 1920//1889 1908//1877
f 1909//1878 1921//1890 1922//1891 1910//1879
f 1911//1880 1923//1892 1921//1890 1909//1878
f 1912//1881 1924//1893 1923//1892 1911//1880
f 1913//1882 1925//1894 1924//1893 1912//1881
f 1914//1883 1926//1895 1925//1894 1913//1882
f 1915//1884 1927//1896 1926//1895 1914//1883
f 1916//1885 1928//1897 1927//1896 1915//1884
f 1917//1886 1929//1898 1928//1897 1916//1885
f 1918//1887 1930//1899 1929//1898 1917//1886
f 1919//1888 1931//1900 1930//1899 1918//1887
f 1920//1889 1932//1901 1931//1900 1919//1888
f 1910//1879 1922//1891 1932//1901 1920//1889
f 1921//1890 1933//1902 1934//1903 1922//1891
f 1923//1892 1935//1904 1933//1902 1921//1890
f 1924//1893 1936//1905 1935//1904 1923//1892
f 1925//1894 1937//1906 1936//1905 1924//1893
f 1926//1895 1938//1907 1937//1906 1925//1894
f 1927//1896 1939//1908 1938//1907 1926//1895
f 1928//1897 1940//1909 1939//1908 1927//1896
f 1929//1898 1941//1910 1940//1909 1928//1897
f 1930//1899 1942//1911 1941//1910 1929//1898
f 1931//1900 1943//1912 1942//1911 1930//1899
f 1932//1901 1944//1913 1943//1912 1931//1900
f 1922//1891 1934//1903 1944//1913 1932//1901
f 1933//1902 1945//1914 1946//1915 1934//1903
f 1935//1904 1947//1916 1945//1914 1933//1902
f 1936//1905 1948//1917 1947//1916 1935//1904
f 1937//1906 1949//1918 1948//1917 1936//1905
f 1938//1907 1950//1919 1949//1918 1937//1906
f 1939//1908 1951//1920 1950//1919 1938//1907
f 1940//1909 1952//1921 1951//1920 1939//1908
f 1941//1910 1953//1922 1952//1921 1940//1909
f 1942//1911 1954//1923 1953//1922 1941//1910
f 1943//1912 1955//1924 1954//1923 1942//1911
f 1944//1913 1956//1925 1955//1924 1943//1912
f 1934//1903 1946//1915 1956//1925 1944//1913
f 1945//1914 1957//1926 1958//1927 1946//1915
f 1947//1916 1959//1928 1957//1926 1945//1914
f 1948//1917 1960//1929 1959//1928 1947//1916
f 1949//1918 1961//1930 1960//1929 1948//1917
f 1950//1919 1962//1931 1961//1930 1949//1918
f 1951//1920 1963//1932 1962//1931 1950//1919
f 1952//1921 1964//1933 1963//1932 1951//1920
f 1953//1922 1965//1934 1964//1933 1952//1921
f 1954//1923 1966//1935 1965//1934 1953//1922
f 1955//1924 1967//1936 1966//1935 1954//1923
f 1956//1925 1968//1937 1967//1936 1955//1924
f 1946//1915 1958//1927 1968//1937 1956//1925
f 1957//1926 1969//1938 1970//1939 1958//1927
f 1959//1928 1971//1940 1969//1938 1957//1926
f 1960//1929 1972//1941 1971//1940 1959//1928
f 1961//1930 1973//1942 1972//1941 1960//1929
f 1962//1931 1974//1943 1973//1942 1961//1930
f 1963//1932 1975//1944 1974//1943 1962//1931
f 1964//1933 1976//1945 1975//1944 1963//1932
f 1965//1934 1977//1946 1976//1945 1964//1933
f 1966//1935 1978//1947 1977//1946 1965//1934
f 1967//1936 1979//1948 1978//1947 1966//1935
f 1968//1937 1980//1949 1979//1948 1967//1936
f 1958//1927 1970//1939 1980//1949 1968//1937
f 1969//1938 1981//1950 1982//1951 1970//1939
f 1971//1940 1983//1952 1981//1950 1969//1938
f 1972//1941 1984//1953 1983//1952 1971//1940
f 1973//1942 1985//1954 1984//1953 1972//1941
f 1974//1943 1986//1955 1985//1954 1973//1942
f 1975//1944 1987//1956 1986//1955 1974//1943
f 1976//1945 1988//1957 1987//1956 1975//1944
f 1977//1946 1989//1958 1988//1957 1976//1945
f 1978//1947 1990//1959 1989//1958 1977//1946
f 1979//1948 1991//1960 1990//1959 1978//1947
f 1980//1949 1992//1961 1991//1960 1979//1948
f 1970//1939 1982//1951 1992//1961 1980//1949
f 1981//1950 1993//1962 1994//1963 1982//1951
f 1983//1952 1995//1964 1993//1962 1981//1950
f 1984//1953 1996//1965 1995//1964 1983//1952
f 1985//1954 1997//1966 1996//1965 1984//1953
f 1986//1955 1998//1967 1997//1966 1985//1954
f 1987//1956 1999//1968 1998//1967 1986//1955
f 1988//1957 2000//1969 1999//1968 1987//1956
f 1989//1958 2001//1970 2000//1969 1988//1957
f 1990//1959 2002//1971 2001//1970 1989//1958
f 1991//1960 2003//1972 2002//1971 1990//1959
f 1992//1961 2004//1973 2003//1972 1991//1960
f 1982//1951 1994//1963 2004//1973 1992//1961
f 1993//1962 2005//1974 2006//1975 1994//1963
f 1995//1964 2007//1976 2005//1974 1993//1962
f 1996//1965 2008//1977 2007//1976 1995//1964
f 1997//1966 2009//1978 2008//1977 1996//1965
f 1998//1967 2010//1979 2009//1978 1997//1966
f 1999//1968 2011//1980 2010//1979 1998//1967
f 2000//1969 2012//1981 2011//1980 1999//1968
f 2001//1970 2013//1982 2012//1981 2000//1969
f 2002//1971 2014//1983 2013//1982 2001//1970
f 2003//1972 2015//1984 2014//1983 2002//1971
f 2004//1973 2016//1985 2015//1984 2003//1972
f 1994//1963 2006//1975 2016//1985 2004//1973
f 2005//1974 2017//1986 2018//1987 2006//1975
f 2007//1976 2019//1988 2017//1986 2005//1974
f 2008//1977 2020//1989 2019//1988 2007//1976
f 2009//1978 2021//1990 2020//1989 2008//1977
f 2010//1979 2022//1991 2021//1990 2009//1978
f 2011//1980 2023//1992 2022//1991 2010//1979
f 2012//1981 2024//1993 2023//1992 2011//1980
f 2013//1982 2025//1994 2024//1993 2012//1981
f 2014//1983 2026//1995 2025//1994 2013//1982
f 2015//1984 2027//1996 2026//1995 2014//1983
f 2016//1985 2028//1997 2027//1996 2015//1984
f 2006//1975 2018//1987 2028//1997 2016//1985
f 2017//1986 2029//1998 2030//1999 2018//1987
f 2019//1988 2031//2000 2029//1998 2017//1986
f 2020//1989 2032//2001 2031//2000 2019//1988
f 2021//1990 2033//2002 2032//2001 2020//1989
f 2022//1991 2034//2003 2033//2002 2021//1990
f 2023//1992 2035//2004 2034//2003 2022//1991
f 2024//1993 2036//2005 2035//2004 2023//1992
f 2025//1994 2037//2006 2036//2005 2024//1993
f 2026//1995 2038//2007 2037//2006 2025//1994
f 2027//1996 2039//2008 2038//2007 2026//1995
f 2028//1997 2040//2009 2039//2008 2027//1996
f 2018//1987 2030//1999 2040//2009 2028//1997
f 2029//1998 2041//2010 2042//2011 2030//1999
f 2031//2000 2043//2012 2041//2010 2029//1998
f 2032//2001 2044//2013 2043//2012 2031//2000
f 2033//2002 2045//2014 2044//2013 2032//2001
f 2034//2003 2046//2015 2045//2014 2033//2002
f 2035//2004 2047//2016 2046//2015 2034//2003
f 2036//2005 2048//2017 2047//2016 2035//2004
f 2037//2006 2049//2018 2048//2017 2036//2005
f 2038//2007 2050//2019 2049//2018 2037//2006
f 2039//2008 2051//2020 2050//2019 2038//2007
f 2040//2009 2052//2021 2051//2020 2039//2008
f 2030//1999 2042//2011 2052//2021 2040//2009
f 2041//2010 2053//2022 2054//2023 2042//2011
f 2043//2012 2055//2024 2053//2022 2041//2010
f 2044//2013 2056//2025 2055//2024 2043//2012
f 2045//2014 2057//2026 2056//2025 2044//2013
f 2046//2015 2058//2027 2057//2026 2045//2014
f 2047//2016 2059//2028 2058//2027 2046//2015
f 2048//2017 2060//2029 2059//2028 2047//2016
f 2049//2018 2061//2030 2060//2029 2048//2017
f 2050//2019 2062//2031 2061//2030 2049//2018
f 2051//2020 2063//2032 2062//2031 2050//2019
f 2052//2021 2064//2033 2063//2032 2051//2020
f 2042//2011 2054//2023 2064//2033 2052//2021
f 2053//2022 2065//2034 2066//2035 2054//2023
f 2055//2024 2067//2036 2065//2034 2053//2022
f 2056//2025 2068//2037 2067//2036 2055//2024
f 2057//2026 2069//2038 2068//2037 2056//2025
f 2058//2027 2070//2039 2069//2038 2057//2026
f 2059//2028 2071//2040 2070//2039 2058//2027
f 2060//2029 2072//2041 2071//2040 2059//2028
f 2061//2030 2073//2042 2072//2041 2060//2029
f 2062//2031 2074//2043 2073//2042 2061//2030
f 2063//2032 2075//2044 2074//2043 2062//2031
f 2064//2033 2076//2045 2075//2044 2063//2032
f 2054//2023 2066//2035 2076//2045 2064//2033
f 2065//2034 2077//2046 2078//2047 2066//2035
f 2067//2036 2079//2048 2077//2046 2065//2034
f 2068//2037 2080//2049 2079//2048 2067//2036
f 2069//2038 2081//2050 2080//2049 2068//2037
f 2070//2039 2082//2051 2081//2050 2069//2038
f 2071//2040 2083//2052 2082//2051 2070//2039
f 2072//2041 2084//2053 2083//2052 2071//2040
f 2073//2042 2085//2054 2084//2053 2072//2041
f 2074//2043 2086//2055 2085//2054 2073//2042
f 2075//2044 2087//2056 2086//2055 2074//2043
f 2076//2045 2088//2057 2087//2056 2075//2044
f 2066//2035 2078//2047 2088//2057 2076//2045
f 2089//2058 2090//2059 2091//2060 2092//2061
f 2093//2062 2094//2063 2090//2059 2089//2058
f 2095//2064 2096//2065 2094//2063 2093//2062
f 2097//2066 2098//2067 2096//2065 2095//2064
f 2099//2068 2100//2069 2098//2067 2097//2066
f 2101//2070 2102//2071 2100//2069 2099//2068
f 2103//2072 2104//2073 2102//2071 2101//2070
f 2105//2074 2106//2075 2104//2073 2103//2072
f 2107//2076 2108//2077 2106//2075 2105//2074
f 2109//2078 2110//2079 2108//2077 2107//2076
f 2111//2080 2112//2081 2110//2079 2109//2078
f 2092//2061 2091//2060 2112//2081 2111//2080
f 2090//2059 2113//2082 2114//2083 2091//2060
f 2094//2063 2115//2084 2113//2082 2090//2059
f 2096//2065 2116//2085 2115//2084 2094//2063
f 2098//2067 2117//2086 2116//2085 2096//2065
f 2100//2069 2118//2087 2117//2086 2098//2067
f 2102//2071 2119//2088 2118//2087 2100//2069
f 2104//2073 2120//2089 2119//2088 2102//2071
f 2106//2075 2121//2090 2120//2089 2104//2073
f 2108//2077 2122//2091 2121//2090 2106//2075
f 2110//2079 2123//2092 2122//2091 2108//2077
f 2112//2081 2124//2093 2123//2092 2110//2079
f 2091//2060 2114//2083 2124//2093 2112//2081
f 2113//2082 2125//2094 2126//2095 2114//2083
f 2115//2084 2127//2096 2125//2094 2113//2082
f 2116//2085 2128//2097 2127//2096 2115//2084
f 2117//2086 2129//2098 2128//2097 2116//2085
f 2118//2087 2130//2099 2129//2098 2117//2086
f 2119//2088 2131//2100 2130//2099 2118//2087
f 2120//2089 2132//2101 2131//2100 2119//2088
f 2121//2090 2133//2102 2132//2101 2120//2089
f 2122//2091 2134//2103 2133//2102 2121//2090
f 2123//2092 2135//2104 2134//2103 2122//2091
f 2124//2093 2136//2105 2135//2104 2123//2092
f 2114//2083 2126//2095 2136//2105 2124//2093
f 2125//2094 2137//2106 2138//2107 2126//2095
f 2127//2096 2139//2108 2137//2106 2125//2094
f 2128//2097 2140//2109 2139//2108 2127//2096
f 2129//2098 2141//2110 2140//2109 2128//2097
f 2130//2099 2142//2111 2141//2110 2129//2098
f 2131//2100 2143//2112 2142//2111 2130//2099
f 2132//2101 2144//2113 2143//2112 2131//2100
f 2133//2102 2145//2114 2144//2113 2132//2101
f 2134//2103 2146//2115 2145//2114 2133//2102
f 2135//2104 2147//2116 2146//2115 2134//2103
f 2136//2105 2148//2117 2147//2116 2135//2104
f 2126//2095 2138//2107 2148//2117 2136//2105
f 2137//2106 2149//2118 2150//2119 2138//2107
f 2139//2108 2151//2120 2149//2118 2137//2106
f 2140//2109 2152//2121 2151//2120 2139//2108
f 2141//2110 2153//2122 2152//2121 2140//2109
f 2142//2111 2154//2123 2153//2122 2141//2110
f 2143//2112 2155//2124 2154//2123 2142//2111
f 2144//2113 2156//2125 2155//2124 2143//2112
f 2145//2114 2157//2126 2156//2125 2144//2113
f 2146//2115 2158//2127 2157//2126 2145//2114
f 2147//2116 2159//2128 2158//2127 2146//2115
f 2148//2117 2160//2129 2159//2128 2147//2116
f 2138//2107 2150//2119 2160//2129 2148//2117
f 2149//2118 2161//2130 2162//2131 2150//2119
f 2151//2120 2163//2132 2161//2130 2149//2118
f 2152//2121 2164//2133 2163//2132 2151//2120
f 2153//2122 2165//2134 2164//2133 2152//2121
f 2154//2123 2166//2135 2165//2134 2153//2122
f 2155//2124 2167//2136 2166//2135 2154//2123
f 2156//2125 2168//2137 2167//2136 2155//2124
f 2157//2126 2169//2138 2168//2137 2156//2125
f 2158//2127 2170//2139 2169//2138 2157//2126
f 2159//2128 2171//2140 2170//2139 2158//2127
f 2160//2129 2172//2141 2171//2140 2159//2128
f 2150//2119 2162//2131 2172//2141 2160//2129
f 2161//2130 2173//2142 2174//2143 2162//2131
f 2163//2132 2175//2144 2173//2142 2161//2130
f 2164//2133 2176//2145 2175//2144 2163//2132
f 2165//2134 2177//2146 2176//2145 2164//2133
f 2166//2135 2178//2147 2177//2146 2165//2134
f 2167//2136 2179//2148 2178//2147 2166//2135
f 2168//2137 2180//2149 2179//2148 2167//2136
f 2169//2138 2181//2150 2180//2149 2168//2137
f 2170//2139 2182//2151 2181//2150 2169//2138
f 2171//2140 2183//2152 2182//2151 2170//2139
f 2172//2141 2184//2153 2183//2152 2171//2140
f 2162//2131 2174//2143 2184//2153 2172//2141
f 2173//2142 2185//2154 2186//2155 2174//2143
f 2175//2144 2187//2156 2185//2154 2173//2142
f 2176//2145 2188//2157 2187//2156 2175//2144
f 2177//2146 2189//2158 2188//2157 2176//2145
f 2178//2147 2190//2159 2189//2158 2177//2146
f 2179//2148 2191//2160 2190//2159 2178//2147
f 2180//2149 2192//2161 2191//2160 2179//2148
f 2181//2150 2193//2162 2192//2161 2180//2149
f 2182//2151 2194//2163 2193//2162 2181//2150
f 2183//2152 2195//2164 2194//2163 2182//2151
f 2184//2153 2196//2165 2195//2164 2183//2152
f 2174//2143 2186//2155 2196//2165 2184//2153
f 2185//2154 2197//2166 2198//2167 2186//2155
f 2187//2156 2199//2168 2197//2166 2185//2154
f 2188//2157 2200//2169 2199//2168 2187//2156
f 2189//2158 2201//2170 2200//2169 2188//2157
f 2190//2159 2202//2171 2201//2170 2189//2158
f 2191//2160 2203//2172 2202//2171 2190//2159
f 2192//2161 2204//2173 2203//2172 2191//2160
f 2193//2162 2205//2174 2204//2173 2192//2161
f 2194//2163 2206//2175 2205//2174 2193//2162
f 2195//2164 2207//2176 2206//2175 2194//2163
f 2196//2165 2208//2177 2207//2176 2195//2164
f 2186//2155 2198//2167 2208//2177 2196//2165
f 2197//2166 2209//2178 2210//2179 2198//2167
f 2199//2168 2211//2180 2209//2178 2197//2166
f 2200//2169 2212//2181 2211//2180 2199//2168
f 2201//2170 2213//2182 2212//2181 2200//2169
f 2202//2171 2214//2183 2213//2182 2201//2170
f 2203//2172 2215//2184 2214//2183 2202//2171
f 2204//2173 2216//2185 2215//2184 2203//2172
f 2205//2174 2217//2186 2216//2185 2204//2173
f 2206//2175 2218//2187 2217//2186 2205//2174
f 2207//2176 2219//2188 2218//2187 2206//2175
f 2208//2177 2220//2189 2219//2188 2207//2176
f 2198//2167 2210//2179 2220//2189 2208//2177
f 2209//2178 2221//2190 2222//2191 2210//2179
f 2211//2180 2223//2192 2221//2190 2209//2178
f 2212//2181 2224//2193 2223//2192 2211//2180
f 2213//2182 2225//2194 2224//2193 2212//2181
f 2214//2183 2226//2195 2225//2194 2213//2182
f 2215//2184 2227//2196 2226//2195 2214//2183
f 2216//2185 2228//2197 2227//2196 2215//2184
f 2217//2186 2229//2198 2228//2197 2216//2185
f 2218//2187 2230//2199 2229//2198 2217//2186
f 2219//2188 2231//2200 2230//2199 2218//2187
f 2220//2189 2232//2201 2231//2200 2219//2188
f 2210//2179 2222//2191 2232//2201 2220//2189
f 2221//2190 2233//2202 2234//2203 2222//2191
f 2223//2192 2235//2204 2233//2202 2221//2190
f 2224//2193 2236//2205 2235//2204 2223//2192
f 2225//2194 2237//2206 2236//2205 2224//2193
f 2226//2195 2238//2207 2237//2206 2225//2194
f 2227//2196 2239//2208 2238//2207 2226//2195
f 2228//2197 2240//2209 2239//2208 2227//2196
f 2229//2198 2241//2210 2240//2209 2228//2197
f 2230//2199 2242//2211 2241//2210 2229//2198
f 2231//2200 2243//2212 2242//2211 2230//2199
f 2232//2201 2244//2213 2243//2212 2231//2200
f 2222//2191 2234//2203 2244//2213 2232//2201
f 2233//2202 2245//2214 2246//2215 2234//2203
f 2235//2204 2247//2216 2245//2214 2233//2202
f 2236//2205 2248//2217 2247//2216 2235//2204
f 2237//2206 2249//2218 2248//2217 2236//2205
f 2238//2207 2250//2219 2249//2218 2237//2206
f 2239//2208 2251//2220 2250//2219 2238//2207
f 2240//2209 2252//2221 2251//2220 2239//2208
f 2241//2210 2253//2222 2252//2221 2240//2209
f 2242//2211 2254//2223 2253//2222 2241//2210
f 2243//2212 2255//2224 2254//2223 2242//2211
f 2244//2213 2256//2225 2255//2224 2243//2212
f 2234//2203 2246//2215 2256//2225 2244//2213
f 2245//2214 2257//2226 2258//2227 2246//2215
f 2247//2216 2259//2228 2257//2226 2245//2214
f 2248//2217 2260//2229 2259//2228 2247//2216
f 2249//2218 2261//2230 2260//2229 2248//2217
f 2250//2219 2262//2231 2261//2230 2249//2218
f 2251//2220 2263//2232 2262//2231 2250//2219
f 2252//2221 2264//2233 2263//2232 2251//2220
f 2253//2222 2265//2234 2264//2233 2252//2221
f 2254//2223 2266//2235 2265//2234 2253//2222
f 2255//2224 2267//2236 2266//2235 2254//2223
f 2256//2225 2268//2237 2267//2236 2255//2224
f 2246//2215 2258//2227 2268//2237 2256//2225
f 2257//2226 2269//2238 2270//2239 2258//2227
f 2259//2228 2271//2240 2269//2238 2257//2226
f 2260//2229 2272//2241 2271//2240 2259//2228
f 2261//2230 2273//2242 2272//2241 2260//2229
f 2262//2231 2274//2243 2273//2242 2261//2230
f 2263//2232 2275//2244 2274//2243 2262//2231
f 2264//2233 2276//2245 2275//2244 2263//2232
f 2265//2234 2277//2246 2276//2245 2264//2233
f 2266//2235 2278//2247 2277//2246 2265//2234
f 2267//2236 2279//2248 2278//2247 2266//2235
f 2268//2237 2280//2249 2279//2248 2267//2236
f 2258//2227 2270//2239 2280//2249 2268//2237
f 2269//2238 2281//2250 2282//2251 2270//2239
f 2271//2240 2283//2252 2281//2250 2269//2238
f 2272//2241 2284//2253 2283//2252 2271//2240
f 2273//2242 2285//2254 2284//2253 2272//2241
f 2274//2243 2286//2255 2285//2254 2273//2242
f 2275//2244 2287//2256 2286//2255 2274//2243
f 2276//2245 2288//2257 2287//2256 2275//2244
f 2277//2246 2289//2258 2288//2257 2276//2245
f 2278//2247 2290//2259 2289//2258 2277//2246
f 2279//2248 2291//2260 2290//2259 2278//2247
f 2280//2249 2292//2261 2291//2260 2279//2248
f 2270//2239 2282//2251 2292//2261 2280//2249
f 2281//2250 2293//2262 2294//2263 2282//2251
f 2283//2252 2295//2264 2293//2262 2281//2250
f 2284//2253 2296//2265 2295//2264 2283//2252
f 2285//2254 2297//2266 2296//2265 2284//2253
f 2286//2255 2298//2267 2297//2266 2285//2254
f 2287//2256 2299//2268 2298//2267 2286//2255
f 2288//2257 2300//2269 2299//2268 2287//2256
f 2289//2258 2301//2270 2300//2269 2288//2257
f 2290//2259 2302//2271 2301//2270 2289//2258
f 2291//2260 2303//2272 2302//2271 2290//2259
f 2292//2261 2304//2273 2303//2272 2291//2260
f 2282//2251 2294//2263 2304//2273 2292//2261
f 2293//2262 2305//2274 2306//2275 2294//2263
f 2295//2264 2307//2276 2305//2274 2293//2262
f 2296//2265 2308//2277 2307//2276 2295//2264
f 2297//2266 2309//2278 2308//2277 2296//2265
f 2298//2267 2310//2279 2309//2278 2297//2266
f 2299//2268 2311//2280 2310//2279 2298//2267
f 2300//2269 2312//2281 2311//2280 2299//2268
f 2301//2270 2313//2282 2312//2281 2300//2269
f 2302//2271 2314//2283 2313//2282 2301//2270
f 2303//2272 2315//2284 2314//2283 2302//2271
f 2304//2273 2316//2285 2315//2284 2303//2272
f 2294//2263 2306//2275 2316//2285 2304//2273
f 2305//2274 2317//2286 2318//2287 2306//2275
f 2307//2276 2319//2288 2317//2286 2305//2274
f 2308//2277 2320//2289 2319//2288 2307//2276
f 2309//2278 2321//2290 2320//2289 2308//2277
f 2310//2279 2322//2291 2321//2290 2309//2278
f 2311//2280 2323//2292 2322//2291 2310//2279
f 2312//2281 2324//2293 2323//2292 2311//2280
f 2313//2282 2325//2294 2324//2293 2312//2281
f 2314//2283 2326//2295 2325//2294 2313//2282
f 2315//2284 2327//2296 2326//2295 2314//2283
f 2316//2285 2328//2297 2327//2296 2315//2284
f 2306//2275 2318//2287 2328//2297 2316//2285
f 2317//2286 2329//2298 2330//2299 2318//2287
f 2319//2288 2331//2300 2329//2298 2317//2286
f 2320//2289 2332//2301 2331//2300 2319//2288
f 2321//2290 2333//2302 2332//2301 2320//2289
f 2322//2291 2334//2303 2333//2302 2321//2290
f 2323//2292 2335//2304 2334//2303 2322//2291
f 2324//2293 2336//2305 2335//2304 2323//2292
f 2325//2294 2337//2306 2336//2305 2324//2293
f 2326//2295 2338//2307 2337//2306 2325//2294
f 2327//2296 2339//2308 2338//2307 2326//2295
f 2328//2297 2340//2309 2339//2308 2327//2296
f 2318//2287 2330//2299 2340//2309 2328//2297
f 2329//2298 2341//2310 2342//2311 2330//2299
f 2331//2300 2343//2312 2341//2310 2329//2298
f 2332//2301 2344//2313 2343//2312 2331//2300
f 2333//2302 2345//2314 2344//2313 2332//2301
f 2334//2303 2346//2315 2345//2314 2333//2302
f 2335//2304 2347//2316 2346//2315 2334//2303
f 2336//2305 2348//2317 2347//2316 2335//2304
f 2337//2306 2349//2318 2348//2317 2336//2305
f 2338//2307 2350//2319 2349//2318 2337//2306
f 2339//2308 2351//2320 2350//2319 2338//2307
f 2340//2309 2352//2321 2351//2320 2339//2308
f 2330//2299 2342//2311 2352//2321 2340//2309
f 2341//2310 2353//2322 2354//2323 2342//2311
f 2343//2312 2355//2324 2353//2322 2341//2310
f 2344//2313 2356//2325 2355//2324 2343//2312
f 2345//2314 2357//2326 2356//2325 2344//2313
f 2346//2315 2358//2327 2357//2326 2345//2314
f 2347//2316 2359//2328 2358//2327 2346//2315
f 2348//2317 2360//2329 2359//2328 2347//2316
f 2349//2318 2361//2330 2360//2329 2348//2317
f 2350//2319 2362//2331 2361//2330 2349//2318
f 2351//2320 2363//2332 2362//2331 2350//2319
f 2352//2321 2364//2333 2363//2332 2351//2320
f 2342//2311 2354//2323 2364//2333 2352//2321
f 2353//2322 2365//2334 2366//2335 2354//2323
f 2355//2324 2367//2336 2365//2334 2353//2322
f 2356//2325 2368//2337 2367//2336 2355//2324
f 2357//2326 2369//2338 2368//2337 2356//2325
f 2358//2327 2370//2339 2369//2338 2357//2326
f 2359//2328 2371//2340 2370//2339 2358//2327
f 2360//2329 2372//2341 2371//2340 2359//2328
f 2361//2330 2373//2342 2372//2341 2360//2329
f 2362//2331 2374//2343 2373//2342 2361//2330
f 2363//2332 2375//2344 2374//2343 2362//2331
f 2364//2333 2376//2345 2375//2344 2363//2332
f 2354//2323 2366//2335 2376//2345 2364//2333
f 2365//2334 2377//2346 2378//2347 2366//2335
f 2367//2336 2379//2348 2377//2346 2365//2334
f 2368//2337 2380//2349 2379//2348 2367//2336
f 2369//2338 2381//2350 2380//2349 2368//2337
f 2370//2339 2382//2351 2381//2350 2369//2338
f 2371//2340 2383//2352 2382//2351 2370//2339
f 2372//2341 2384//2353 2383//2352 2371//2340
f 2373//2342 2385//2354 2384//2353 2372//2341
f 2374//2343 2386//2355 2385//2354 2373//2342
f 2375//2344 2387//2356 2386//2355 2374//2343
f 2376//2345 2388//2357 2387//2356 2375//2344
f 2366//2335 2378//2347 2388//2357 2376//2345
f 2377//2346 2389//2358 2390//2359 2378//2347
f 2379//2348 2391//2360 2389//2358 2377//2346
f 2380//2349 2392//2361 2391//2360 2379//2348
f 2381//2350 2393//2362 2392//2361 2380//2349
f 2382//2351 2394//2363 2393//2362 2381//2350
f 2383//2352 2395//2364 2394//2363 2382//2351
f 2384//2353 2396//2365 2395//2364 2383//2352
f 2385//2354 2397//2366 2396//2365 2384//2353
f 2386//2355 2398//2367 2397//2366 2385//2354
f 2387//2356 2399//2368 2398//2367 2386//2355
f 2388//2357 2400//2369 2399//2368 2387//2356
f 2378//2347 2390//2359 2400//2369 2388//2357
f 2389//2358 2401//2370 2402//2371 2390//2359
f 2391//2360 2403//2372 2401//2370 2389//2358
f 2392//2361 2404//2373 2403//2372 2391//2360
f 2393//2362 2405//2374 2404//2373 2392//2361
f 2394//2363 2406//2375 2405//2374 2393//2362
f 2395//2364 2407//2376 2406//2375 2394//2363
f 2396//2365 2408//2377 2407//2376 2395//2364
f 2397//2366 2409//2378 2408//2377 2396//2365
f 2398//2367 2410//2379 2409//2378 2397//2366
f 2399//2368 2411//2380 2410//2379 2398//2367
f 2400//2369 2412//2381 2411//2380 2399//2368
f 2390//2359 2402//2371 2412//2381 2400//2369
f 2401//2370 2413//2382 2414//2383 2402//2371
f 2403//2372 2415//2384 2413//2382 2401//2370
f 2404//2373 2416//2385 2415//2384 2403//2372
f 2405//2374 2417//2386 2416//2385 2404//2373
f 2406//2375 2418//2387 2417//2386 2405//2374
f 2407//2376 2419//2388 2418//2387 2406//2375
f 2408//2377 2420//2389 2419//2388 2407//2376
f 2409//2378 2421//2390 2420//2389 2408//2377
f 2410//2379 2422//2391 2421//2390 2409//2378
f 2411//2380 2423//2392 2422//2391 2410//2379
f 2412//2381 2424//2393 2423//2392 2411//2380
f 2402//2371 2414//2383 2424//2393 2412//2381
f 2413//2382 2425//2394 2426//2395 2414//2383
f 2415//2384 2427//2396 2425//2394 2413//2382
f 2416//2385 2428//2397 2427//2396 2415//2384
f 2417//2386 2429//2398 2428//2397 2416//2385
f 2418//2387 2430//2399 2429//2398 2417//2386
f 2419//2388 2431//2400 2430//2399 2418//2387
f 2420//2389 2432//2401 2431//2400 2419//2388
f 2421//2390 2433//2402 2432//2401 2420//2389
f 2422//2391 2434//2403 2433//2402 2421//2390
f 2423//2392 2435//2404 2434//2403 2422//2391
f 2424//2393 2436//2405 2435//2404 2423//2392
f 2414//2383 2426//2395 2436//2405 2424//2393
f 2425//2394 2437//2406 2438//2407 2426//2395
f 2427//2396 2439//2408 2437//2406 2425//2394
f 2428//2397 2440//2409 2439//2408 2427//2396
f 2429//2398 2441//2410 2440//2409 2428//2397
f 2430//2399 2442//2411 2441//2410 2429//2398
f 2431//2400 2443//2412 2442//2411 2430//2399
f 2432//2401 2444//2413 2443//2412 2431//2400
f 2433//2402 2445//2414 2444//2413 2432//2401
f 2434//2403 2446//2415 2445//2414 2433//2402
f 2435//2404 2447//2416 2446//2415 2434//2403
f 2436//2405 2448//2417 2447//2416 2435//2404
f 2426//2395 2438//2407 2448//2417 2436//2405
f 2437//2406 2449//2418 2450//2419 2438//2407
f 2439//2408 2451//2420 2449//2418 2437//2406
f 2440//2409 2452//2421 2451//2420 2439//2408
f 2441//2410 2453//2422 2452//2421 2440//2409
f 2442//2411 2454//2423 2453//2422 2441//2410
f 2443//2412 2455//2424 2454//2423 2442//2411
f 2444//2413 2456//2425 2455//2424 2443//2412
f 2445//2414 2457//2426 2456//2425 2444//2413
f 2446//2415 2458//2427 2457//2426 2445//2414
f 2447//2416 2459//2428 2458//2427 2446//2415
f 2448//2417 2460//2429 2459//2428 2447//2416
f 2438//2407 2450//2419 2460//2429 2448//2417
f 2449//2418 2461//2430 2462//2431 2450//2419
f 2451//2420 2463//2432 2461//2430 2449//2418
f 2452//2421 2464//2433 2463//2432 2451//2420
f 2453//2422 2465//2434 2464//2433 2452//2421
f 2454//2423 2466//2435 2465//2434 2453//2422
f 2455//2424 2467//2436 2466//2435 2454//2423
f 2456//2425 2468//2437 2467//2436 2455//2424
f 2457//2426 2469//2438 2468//2437 2456//2425
f 2458//2427 2470//2439 2469//2438 2457//2426
f 2459//2428 2471//2440 2470//2439 2458//2427
f 2460//2429 2472//2441 2471//2440 2459//2428
f 2450//2419 2462//2431 2472//2441 2460//2429
f 2461//2430 2473//2442 2474//2443 2462//2431
f 2463//2432 2475//2444 2473//2442 2461//2430
f 2464//2433 2476//2445 2475//2444 2463//2432
f 2465//2434 2477//2446 2476//2445 2464//2433
f 2466//2435 2478//2447 2477//2446 2465//2434
f 2467//2436 2479//2448 2478//2447 2466//2435
f 2468//2437 2480//2449 2479//2448 2467//2436
f 2469//2438 2481//2450 2480//2449 2468//2437
f 2470//2439 2482//2451 2481//2450 2469//2438
f 2471//2440 2483//2452 2482//2451 2470//2439
f 2472//2441 2484//2453 2483//2452 2471//2440
f 2462//2431 2474//2443 2484//2453 2472//2441
f 2473//2442 2485//2454 2486//2455 2474//2443
f 2475//2444 2487//2456 2485//2454 2473//2442
f 2476//2445 2488//2457 2487//2456 2475//2444
f 2477//2446 2489//2458 2488//2457 2476//2445
f 2478//2447 2490//2459 2489//2458 2477//2446
f 2479//2448 2491//2460 2490//2459 2478//2447
f 2480//2449 2492//2461 2491//2460 2479//2448
f 2481//2450 2493//2462 2492//2461 2480//2449
f 2482//2451 2494//2463 2493//2462 2481//2450
f 2483//2452 2495//2464 2494//2463 2482//2451
f 2484//2453 2496//2465 2495//2464 2483//2452
f 2474//2443 2486//2455 2496//2465 2484//2453
f 2485//2454 2497//2466 2498//2467 2486//2455
f 2487//2456 2499//2468 2497//2466 2485//2454
f 2488//2457 2500//2469 2499//2468 2487//2456
f 2489//2458 2501//2470 2500//2469 2488//2457
f 2490//2459 2502//2471 2501//2470 2489//2458
f 2491//2460 2503//2472 2502//2471 2490//2459
f 2492//2461 2504//2473 2503//2472 2491//2460
f 2493//2462 2505//2474 2504//2473 2492//2461
f 2494//2463 2506//2475 2505//2474 2493//2462
f 2495//2464 2507//2476 2506//2475 2494//2463
f 2496//2465 2508//2477 2507//2476 2495//2464
f 2486//2455 2498//2467 2508//2477 2496//2465
f 2497//2466 2509//2478 2510//2479 2498//2467
f 2499//2468 2511//2480 2509//2478 2497//2466
f 2500//2469 2512//2481 2511//2480 2499//2468
f 2501//2470 2513//2482 2512//2481 2500//2469
f 2502//2471 2514//2483 2513//2482 2501//2470
f 2503//2472 2515//2484 2514//2483 2502//2471
f 2504//2473 2516//2485 2515//2484 2503//2472
f 2505//2474 2517//2486 2516//2485 2504//2473
f 2506//2475 2518//2487 2517//2486 2505//2474
f 2507//2476 2519//2488 2518//2487 2506//2475
f 2508//2477 2520//2489 2519//2488 2507//2476
f 2498//2467 2510//2479 2520//2489 2508//2477
f 2509//2478 2521//2490 2522//2491 2510//2479
f 2511//2480 2523//2492 2521//2490 2509//2478
f 2512//2481 2524//2493 2523//2492 2511//2480
f 2513//2482 2525//2494 2524//2493 2512//2481
f 2514//2483 2526//2495 2525//2494 2513//2482
f 2515//2484 2527//2496 2526//2495 2514//2483
f 2516//2485 2528//2497 2527//2496 2515//2484
f 2517//2486 2529//2498 2528//2497 2516//2485
f 2518//2487 2530//2499 2529//2498 2517//2486
f 2519//2488 2531//2500 2530//2499 2518//2487
f 2520//2489 2532//2501 2531//2500 2519//2488
f 2510//2479 2522//2491 2532//2501 2520//2489
f 2521//2490 2533//2502 2534//2503 2522//2491
f 2523//2492 2535//2504 2533//2502 2521//2490
f 2524//2493 2536//2505 2535//2504 2523//2492
f 2525//2494 2537//2506 2536//2505 2524//2493
f 2526//2495 2538//2507 2537//2506 2525//2494
f 2527//2496 2539//2508 2538//2507 2526//2495
f 2528//2497 2540//2509 2539//2508 2527//2496
f 2529//2498 2541//2510 2540//2509 2528//2497
f 2530//2499 2542//2511 2541//2510 2529//2498
f 2531//2500 2543//2512 2542//2511 2530//2499
f 2532//2501 2544//2513 2543//2512 2531//2500
f 2522//2491 2534//2503 2544//2513 2532//2501
f 2533//2502 2545//2514 2546//2515 2534//2503
f 2535//2504 2547//2516 2545//2514 2533//2502
f 2536//2505 2548//2517 2547//2516 2535//2504
f 2537//2506 2549//2518 2548//2517 2536//2505
f 2538//2507 2550//2519 2549//2518 2537//2506
f 2539//2508 2551//2520 2550//2519 2538//2507
f 2540//2509 2552//2521 2551//2520 2539//2508
f 2541//2510 2553//2522 2552//2521 2540//2509
f 2542//2511 2554//2523 2553//2522 2541//2510
f 2543//2512 2555//2524 2554//2523 2542//2511
f 2544//2513 2556//2525 2555//2524 2543//2512
f 2534//2503 2546//2515 2556//2525 2544//2513
f 2545//2514 2557//2526 2558//2527 2546//2515
f 2547//2516 2559//2528 2557//2526 2545//2514
f 2548//2517 2560//2529 2559//2528 2547//2516
f 2549//2518 2561//2530 2560//2529 2548//2517
f 2550//2519 2562//2531 2561//2530 2549//2518
f 2551//2520 2563//2532 2562//2531 2550//2519
f 2552//2521 2564//2533 2563//2532 2551//2520
f 2553//2522 2565//2534 2564//2533 2552//2521
f 2554//2523 2566//2535 2565//2534 2553//2522
f 2555//2524 2567//2536 2566//2535 2554//2523
f 2556//2525 2568//2537 2567//2536 2555//2524
f 2546//2515 2558//2527 2568//2537 2556//2525
f 2557//2526 2569//2538 2570//2539 2558//2527
f 2559//2528 2571//2540 2569//2538 2557//2526
f 2560//2529 2572//2541 2571//2540 2559//2528
f 2561//2530 2573//2542 2572//2541 2560//2529
f 2562//2531 2574//2543 2573//2542 2561//2530
f 2563//2532 2575//2544 2574//2543 2562//2531
f 2564//2533 2576//2545 2575//2544 2563//2532
f 2565//2534 2577//2546 2576//2545 2564//2533
f 2566//2535 2578//2547 2577//2546 2565//2534
f 2567//2536 2579//2548 2578//2547 2566//2535
f 2568//2537 2580//2549 2579//2548 2567//2536
f 2558//2527 2570//2539 2580//2549 2568//2537
f 2569//2538 2581//2550 2582//2551 2570//2539
f 2571//2540 2583//2552 2581//2550 2569//2538
f 2572//2541 2584//2553 2583//2552 2571//2540
f 2573//2542 2585//2554 2584//2553 2572//2541
f 2574//2543 2586//2555 2585//2554 2573//2542
f 2575//2544 2587//2556 2586//2555 2574//2543
f 2576//2545 2588//2557 2587//2556 2575//2544
f 2577//2546 2589//2558 2588//2557 2576//2545
f 2578//2547 2590//2559 2589//2558 2577//2546
f 2579//2548 2591//2560 2590//2559 2578//2547
f 2580//2549 2592//2561 2591//2560 2579//2548
f 2570//2539 2582//2551 2592//2561 2580//2549
f 2581//2550 2593//2562 2594//2563 2582//2551
f 2583//2552 2595//2564 2593//2562 2581//2550
f 2584//2553 2596//2565 2595//2564 2583//2552
f 2585//2554 2597//2566 2596//2565 2584//2553
f 2586//2555 2598//2567 2597//2566 2585//2554
f 2587//2556 2599//2568 2598//2567 2586//2555
f 2588//2557 2600//2569 2599//2568 2587//2556
f 2589//2558 2601//2570 2600//2569 2588//2557
f 2590//2559 2602//2571 2601//2570 2589//2558
f 2591//2560 2603//2572 2602//2571 2590//2559
f 2592//2561 2604//2573 2603//2572 2591//2560
f 2582//2551 2594//2563 2604//2573 2592//2561
f 2593//2562 2605//2574 2606//2575 2594//2563
f 2595//2564 2607//2576 2605//2574 2593//2562
f 2596//2565 2608//2577 2607//2576 2595//2564
f 2597//2566 2609//2578 2608//2577 2596//2565
f 2598//2567 2610//2579 2609//2578 2597//2566
f 2599//2568 2611//2580 2610//2579 2598//2567
f 2600//2569 2612//2581 2611//2580 2599//2568
f 2601//2570 2613//2582 2612//2581 2600//2569
f 2602//2571 2614//2583 2613//2582 2601//2570
f 2603//2572 2615//2584 2614//2583 2602//2571
f 2604//2573 2616//2585 2615//2584 2603//2572
f 2594//2563 2606//2575 2616//2585 2604//2573
f 2605//2574 2617//2586 2618//2587 2606//2575
f 2607//2576 2619//2588 2617//2586 2605//2574
f 2608//2577 2620//2589 2619//2588 2607//2576
f 2609//2578 2621//2590 2620//2589 2608//2577
f 2610//2579 2622//2591 2621//2590 2609//2578
f 2611//2580 2623//2592 2622//2591 2610//2579
f 2612//2581 2624//2593 2623//2592 2611//2580
f 2613//2582 2625//2594 2624//2593 2612//2581
f 2614//2583 2626//2595 2625//2594 2613//2582
f 2615//2584 2627//2596 2626//2595 2614//2583
f 2616//2585 2628//2597 2627//2596 2615//2584
f 2606//2575 2618//2587 2628//2597 2616//2585
f 2617//2586 2629//2598 2630//2599 2618//2587
f 2619//2588 2631//2600 2629//2598 2617//2586
f 2620//2589 2632//2601 2631//2600 2619//2588
f 2621//2590 2633//2602 2632//2601 2620//2589
f 2622//2591 2634//2603 2633//2602 2621//2590
f 2623//2592 2635//2604 2634//2603 2622//2591
f 2624//2593 2636//2605 2635//2604 2623//2592
f 2625//2594 2637//2606 2636//2605 2624//2593
f 2626//2595 2638//2607 2637//2606 2625//2594
f 2627//2596 2639//2608 2638//2607 2626//2595
f 2628//2597 2640//2609 2639//2608 2627//2596
f 2618//2587 2630//2599 2640//2609 2628//2597
f 2629//2598 2641//2610 2642//2611 2630//2599
f 2631//2600 2643//2612 2641//2610 2629//2598
f 2632//2601 2644//2613 2643//2612 2631//2600
f 2633//2602 2645//2614 2644//2613 2632//2601
f 2634//2603 2646//2615 2645//2614 2633//2602
f 2635//2604 2647//2616 2646//2615 2634//2603
f 2636//2605 2648//2617 2647//2616 2635//2604
f 2637//2606 2649//2618 2648//2617 2636//2605
f 2638//2607 2650//2619 2649//2618 2637//2606
f 2639//2608 2651//2620 2650//2619 2638//2607
f 2640//2609 2652//2621 2651//2620 2639//2608
f 2630//2599 2642//2611 2652//2621 2640//2609
f 2641//2610 2653//2622 2654//2623 2642//2611
f 2643//2612 2655//2624 2653//2622 2641//2610
f 2644//2613 2656//2625 2655//2624 2643//2612
f 2645//2614 2657//2626 2656//2625 2644//2613
f 2646//2615 2658//2627 2657//2626 2645//2614
f 2647//2616 2659//2628 2658//2627 2646//2615
f 2648//2617 2660//2629 2659//2628 2647//2616
f 2649//2618 2661//2630 2660//2629 2648//2617
f 2650//2619 2662//2631 2661//2630 2649//2618
f 2651//2620 2663//2632 2662//2631 2650//2619
f 2652//2621 2664//2633 2663//2632 2651//2620
f 2642//2611 2654//2623 2664//2633 2652//2621
f 2653//2622 2665//2634 2666//2635 2654//2623
f 2655//2624 2667//2636 2665//2634 2653//2622
f 2656//2625 2668//2637 2667//2636 2655//2624
f 2657//2626 2669//2638 2668//2637 2656//2625
f 2658//2627 2670//2639 2669//2638 2657//2626
f 2659//2628 2671//2640 2670//2639 2658//2627
f 2660//2629 2672//2641 2671//2640 2659//2628
f 2661//2630 2673//2642 2672//2641 2660//2629
f 2662//2631 2674//2643 2673//2642 2661//2630
f 2663//2632 2675//2644 2674//2643 2662//2631
f 2664//2633 2676//2645 2675//2644 2663//2632
f 2654//2623 2666//2635 2676//2645 2664//2633
f 2677//2646 2678//2647 2679//2648 2680//2649
f 2681//2650 2682//2651 2678//2647 2677//2646
f 2683//2652 2684//2653 2682//2651 2681//2650
f 2685//2654 2686//2655 2684//2653 2683//2652
f 2687//2656 2688//2657 2686//2655 2685//2654
f 2689//2658 2690//2659 2688//2657 2687//2656
f 2691//2660 2692//2661 2690//2659 2689//2658
f 2693//2662 2694//2663 2692//2661 2691//2660
f 2695//2664 2696//2665 2694//2663 2693//2662
f 2697//2666 2698//2667 2696//2665 2695//2664
f 2699//2668 2700//2669 2698//2667 2697//2666
f 2680//2649 2679//2648 2700//2669 2699//2668
f 2678//2647 2701//2670 2702//2671 2679//2648
f 2682//2651 2703//2672 2701//2670 2678//2647
f 2684//2653 2704//2673 2703//2672 2682//2651
f 2686//2655 2705//2674 2704//2673 2684//2653
f 2688//2657 2706//2675 2705//2674 2686//2655
f 2690//2659 2707//2676 2706//2675 2688//2657
f 2692//2661 2708//2677 2707//2676 2690//2659
f 2694//2663 2709//2678 2708//2677 2692//2661
f 2696//2665 2710//2679 2709//2678 2694//2663
f 2698//2667 2711//2680 2710//2679 2696//2665
f 2700//2669 2712//2681 2711//2680 2698//2667
f 2679//2648 2702//2671 2712//2681 2700//2669
f 2701//2670 2713//2682 2714//2683 2702//2671
f 2703//2672 2715//2684 2713//2682 2701//2670
f 2704//2673 2716//2685 2715//2684 2703//2672
f 2705//2674 2717//2686 2716//2685 2704//2673
f 2706//2675 2718//2687 2717//2686 2705//2674
f 2707//2676 2719//2688 2718//2687 2706//2675
f 2708//2677 2720//2689 2719//2688 2707//2676
f 2709//2678 2721//2690 2720//2689 2708//2677
f 2710//2679 2722//2691 2721//2690 2709//2678
f 2711//2680 2723//2692 2722//2691 2710//2679
f 2712//2681 2724//2693 2723//2692 2711//2680
f 2702//2671 2714//2683 2724//2693 2712//2681
f 2713//2682 2725//2694 2726//2695 2714//2683
f 2715//2684 2727//2696 2725//2694 2713//2682
f 2716//2685 2728//2697 2727//2696 2715//2684
f 2717//2686 2729//2698 2728//2697 2716//2685
f 2718//2687 2730//2699 2729//2698 2717//2686
f 2719//2688 2731//2700 2730//2699 2718//2687
f 2720//2689 2732//2701 2731//2700 2719//2688
f 2721//2690 2733//2702 2732//2701 2720//2689
f 2722//2691 2734//2703 2733//2702 2721//2690
f 2723//2692 2735//2704 2734//2703 2722//2691
f 2724//2693 2736//2705 2735//2704 2723//2692
f 2714//2683 2726//2695 2736//2705 2724//2693
f 2725//2694 2737//2706 2738//2707 2726//2695
f 2727//2696 2739//2708 2737//2706 2725//2694
f 2728//2697 2740//2709 2739//2708 2727//2696
f 2729//2698 2741//2710 2740//2709 2728//2697
f 2730//2699 2742//2711 2741//2710 2729//2698
f 2731//2700 2743//2712 2742//2711 2730//2699
f 2732//2701 2744//2713 2743//2712 2731//2700
f 2733//2702 2745//2714 2744//2713 2732//2701
f 2734//2703 2746//2715 2745//2714 2733//2702
f 2735//2704 2747//2716 2746//2715 2734//2703
f 2736//2705 2748//2717 2747//2716 2735//2704
f 2726//2695 2738//2707 2748//2717 2736//2705
f 2737//2706 2749//2718 2750//2719 2738//2707
f 2739//2708 2751//2720 2749//2718 2737//2706
f 2740//2709 2752//2721 2751//2720 2739//2708
f 2741//2710 2753//2722 2752//2721 2740//2709
f 2742//2711 2754//2723 2753//2722 2741//2710
f 2743//2712 2755//2724 2754//2723 2742//2711
f 2744//2713 2756//2725 2755//2724 2743//2712
f 2745//2714 2757//2726 2756//2725 2744//2713
f 2746//2715 2758//2727 2757//2726 2745//2714
f 2747//2716 2759//2728 2758//2727 2746//2715
f 2748//2717 2760//2729 2759//2728 2747//2716
f 2738//2707 2750//2719 2760//2729 2748//2717
f 2749//2718 2761//2730 2762//2731 2750//2719
f 2751//2720 2763//2732 2761//2730 2749//2718
f 2752//2721 2764//2733 2763//2732 2751//2720
f 2753//2722 2765//2734 2764//2733 2752//2721
f 2754//2723 2766//2735 2765//2734 2753//2722
f 2755//2724 2767//2736 2766//2735 2754//2723
f 2756//2725 2768//2737 2767//2736 2755//2724
f 2757//2726 2769//2738 2768//2737 2756//2725
f 2758//2727 2770//2739 2769//2738 2757//2726
f 2759//2728 2771//2740 2770//2739 2758//2727
f 2760//2729 2772//2741 2771//2740 2759//2728
f 2750//2719 2762//2731 2772//2741 2760//2729
f 2761//2730 2773//2742 2774//2743 2762//2731
f 2763//2732 2775//2744 2773//2742 2761//2730
f 2764//2733 2776//2745 2775//2744 2763//2732
f 2765//2734 2777//2746 2776//2745 2764//2733
f 2766//2735 2778//2747 2777//2746 2765//2734
f 2767//2736 2779//2748 2778//2747 2766//2735
f 2768//2737 2780//2749 2779//2748 2767//2736
f 2769//2738 2781//2750 2780//2749 2768//2737
f 2770//2739 2782//2751 2781//2750 2769//2738
f 2771//2740 2783//2752 2782//2751 2770//2739
f 2772//2741 2784//2753 2783//2752 2771//2740
f 2762//2731 2774//2743 2784//2753 2772//2741
f 2773//2742 2785//2754 2786//2755 2774//2743
f 2775//2744 2787//2756 2785//2754 2773//2742
f 2776//2745 2788//2757 2787//2756 2775//2744
f 2777//2746 2789//2758 2788//2757 2776//2745
f 2778//2747 2790//2759 2789//2758 2777//2746
f 2779//2748 2791//2760 2790//2759 2778//2747
f 2780//2749 2792//2761 2791//2760 2779//2748
f 2781//2750 2793//2762 2792//2761 2780//2749
f 2782//2751 2794//2763 2793//2762 2781//2750
f 2783//2752 2795//2764 2794//2763 2782//2751
f 2784//2753 2796//2765 2795//2764 2783//2752
f 2774//2743 2786//2755 2796//2765 2784//2753
f 2785//2754 2797//2766 2798//2767 2786//2755
f 2787//2756 2799//2768 2797//2766 2785//2754
f 2788//2757 2800//2769 2799//2768 2787//2756
f 2789//2758 2801//2770 2800//2769 2788//2757
f 2790//2759 2802//2771 2801//2770 2789//2758
f 2791//2760 2803//2772 2802//2771 2790//2759
f 2792//2761 2804//2773 2803//2772 2791//2760
f 2793//2762 2805//2774 2804//2773 2792//2761
f 2794//2763 2806//2775 2805//2774 2793//2762
f 2795//2764 2807//2776 2806//2775 2794//2763
f 2796//2765 2808//2777 2807//2776 2795//2764
f 2786//2755 2798//2767 2808//2777 2796//2765
f 2797//2766 2809//2778 2810//2779 2798//2767
f 2799//2768 2811//2780 2809//2778 2797//2766
f 2800//2769 2812//2781 2811//2780 2799//2768
f 2801//2770 2813//2782 2812//2781 2800//2769
f 2802//2771 2814//2783 2813//2782 2801//2770
f 2803//2772 2815//2784 2814//2783 2802//2771
f 2804//2773 2816//2785 2815//2784 2803//2772
f 2805//2774 2817//2786 2816//2785 2804//2773
f 2806//2775 2818//2787 2817//2786 2805//2774
f 2807//2776 2819//2788 2818//2787 2806//2775
f 2808//2777 2820//2789 2819//2788 2807//2776
f 2798//2767 2810//2779 2820//2789 2808//2777
f 2809//2778 2821//2790 2822//2791 2810//2779
f 2811//2780 2823//2792 2821//2790 2809//2778
f 2812//2781 2824//2793 2823//2792 2811//2780
f 2813//2782 2825//2794 2824//2793 2812//2781
f 2814//2783 2826//2795 2825//2794 2813//2782
f 2815//2784 2827//2796 2826//2795 2814//2783
f 2816//2785 2828//2797 2827//2796 2815//2784
f 2817//2786 2829//2798 2828//2797 2816//2785
f 2818//2787 2830//2799 2829//2798 2817//2786
f 2819//2788 2831//2800 2830//2799 2818//2787
f 2820//2789 2832//2801 2831//2800 2819//2788
f 2810//2779 2822//2791 2832//2801 2820//2789
f 2821//2790 2833//2802 2834//2803 2822//2791
f 2823//2792 2835//2804 2833//2802 2821//2790
f 2824//2793 2836//2805 2835//2804 2823//2792
f 2825//2794 2837//2806 2836//2805 2824//2793
f 2826//2795 2838//2807 2837//2806 2825//2794
f 2827//2796 2839//2808 2838//2807 2826//2795
f 2828//2797 2840//2809 2839//2808 2827//2796
f 2829//2798 2841//2810 2840//2809 2828//2797
f 2830//2799 2842//2811 2841//2810 2829//2798
f 2831//2800 2843//2812 2842//2811 2830//2799
f 2832//2801 2844//2813 2843//2812 2831//2800
f 2822//2791 2834//2803 2844//2813 2832//2801
f 2833//2802 2845//2814 2846//2815 2834//2803
f 2835//2804 2847//2816 2845//2814 2833//2802
f 2836//2805 2848//2817 2847//2816 2835//2804
f 2837//2806 2849//2818 2848//2817 2836//2805
f 2838//2807 2850//2819 2849//2818 2837//2806
f 2839//2808 2851//2820 2850//2819 2838//2807
f 2840//2809 2852//2821 2851//2820 2839//2808
f 2841//2810 2853//2822 2852//2821 2840//2809
f 2842//2811 2854//2823 2853//2822 2841//2810
f 2843//2812 2855//2824 2854//2823 2842//2811
f 2844//2813 2856//2825 2855//2824 2843//2812
f 2834//2803 2846//2815 2856//2825 2844//2813
f 2845//2814 2857//2826 2858//2827 2846//2815
f 2847//2816 2859//2828 2857//2826 2845//2814
f 2848//2817 2860//2829 2859//2828 2847//2816
f 2849//2818 2861//2830 2860//2829 2848//2817
f 2850//2819 2862//2831 2861//2830 2849//2818
f 2851//2820 2863//2832 2862//2831 2850//2819
f 2852//2821 2864//2833 2863//2832 2851//2820
f 2853//2822 2865//2834 2864//2833 2852//2821
f 2854//2823 2866//2835 2865//2834 2853//2822
f 2855//2824 2867//2836 2866//2835 2854//2823
f 2856//2825 2868//2837 2867//2836 2855//2824
f 2846//2815 2858//2827 2868//2837 2856//2825
f 2857//2826 2869//2838 2870//2839 2858//2827
f 2859//2828 2871//2840 2869//2838 2857//2826
f 2860//2829 2872//2841 2871//2840 2859//2828
f 2861//2830 2873//2842 2872//2841 2860//2829
f 2862//2831 2874//2843 2873//2842 2861//2830
f 2863//2832 2875//2844 2874//2843 2862//2831
f 2864//2833 2876//2845 2875//2844 2863//2832
f 2865//2834 2877//2846 2876//2845 2864//2833
f 2866//2835 2878//2847 2877//2846 2865//2834
f 2867//2836 2879//2848 2878//2847 2866//2835
f 2868//2837 2880//2849 2879//2848 2867//2836
f 2858//2827 2870//2839 2880//2849 2868//2837
f 2869//2838 2881//2850 2882//2851 2870//2839
f 2871//2840 2883//2852 2881//2850 2869//2838
f 2872//2841 2884//2853 2883//2852 2871//2840
f 2873//2842 2885//2854 2884//2853 2872//2841
f 2874//2843 2886//2855 2885//2854 2873//2842
f 2875//2844 2887//2856 2886//2855 2874//2843
f 2876//2845 2888//2857 2887//2856 2875//2844
f 2877//2846 2889//2858 2888//2857 2876//2845
f 2878//2847 2890//2859 2889//2858 2877//2846
f 2879//2848 2891//2860 2890//2859 2878//2847
f 2880//2849 2892//2861 2891//2860 2879//2848
f 2870//2839 2882//2851 2892//2861 2880//2849
f 2881//2850 2893//2862 2894//2863 2882//2851
f 2883//2852 2895//2864 2893//2862 2881//2850
f 2884//2853 2896//2865 2895//2864 2883//2852
f 2885//2854 2897//2866 2896//2865 2884//2853
f 2886//2855 2898//2867 2897//2866 2885//2854
f 2887//2856 2899//2868 2898//2867 2886//2855
f 2888//2857 2900//2869 2899//2868 2887//2856
f 2889//2858 2901//2870 2900//2869 2888//2857
f 2890//2859 2902//2871 2901//2870 2889//2858
f 2891//2860 2903//2872 2902//2871 2890//2859
f 2892//2861 2904//2873 2903//2872 2891//2860
f 2882//2851 2894//2863 2904//2873 2892//2861
f 2893//2862 2905//2874 2906//2875 2894//2863
f 2895//2864 2907//2876 2905//2874 2893//2862
f 2896//2865 2908//2877 2907//2876 2895//2864
f 2897//2866 2909//2878 2908//2877 2896//2865
f 2898//2867 2910//2879 2909//2878 2897//2866
f 2899//2868 2911//2880 2910//2879 2898//2867
f 2900//2869 2912//2881 2911//2880 2899//2868
f 2901//2870 2913//2882 2912//2881 2900//2869
f 2902//2871 2914//2883 2913//2882 2901//2870
f 2903//2872 2915//2884 2914//2883 2902//2871
f 2904//2873 2916//2885 2915//2884 2903//2872
f 2894//2863 2906//2875 2916//2885 2904//2873
f 2905//2874 2917//2886 2918//2887 2906//2875
f 2907//2876 2919//2888 2917//2886 2905//2874
f 2908//2877 2920//2889 2919//2888 2907//2876
f 2909//2878 2921//2890 2920//2889 2908//2877
f 2910//2879 2922//2891 2921//2890 2909//2878
f 2911//2880 2923//2892 2922//2891 2910//2879
f 2912//2881 2924//2893 2923//2892 2911//2880
f 2913//2882 2925//2894 2924//2893 2912//2881
f 2914//2883 2926//2895 2925//2894 2913//2882
f 2915//2884 2927//2884 2926//2895 2914//2883
f 2916//2885 2928//2896 2927//2884 2915//2884
f 2906//2875 2918//2887 2928//2896 2916//2885
f 2917//2886 2929//2897 2930//2898 2918//2887
f 2919//2888 2931//2899 2929//2897 2917//2886
f 2920//2889 2932//2900 2931//2899 2919//2888
f 2921//2890 2933//2901 2932//2900 2920//2889
f 2922//2891 2934//2902 2933//2901 2921//2890
f 2923//2892 2935//2903 2934//2902 2922//2891
f 2924//2893 2936//2904 2935//2903 2923//2892
f 2925//2894 2937//2905 2936//2904 2924//2893
f 2926//2895 2938//2906 2937//2905 2925//2894
f 2927//2884 2939//2907 2938//2906 2926//2895
f 2928//2896 2940//2908 2939//2907 2927//2884
f 2918//2887 2930//2898 2940//2908 2928//2896
f 2929//2897 2941//2909 2942//2910 2930//2898
f 2931//2899 2943//2911 2941//2909 2929//2897
f 2932//2900 2944//2912 2943//2911 2931//2899
f 2933//2901 2945//2913 2944//2912 2932//2900
f 2934//2902 2946//2914 2945//2913 2933//2901
f 2935//2903 2947//2915 2946//2914 2934//2902
f 2936//2904 2948//2916 2947//2915 2935//2903
f 2937//2905 2949//2917 2948//2916 2936//2904
f 2938//2906 2950//2918 2949//2917 2937//2905
f 2939//2907 2951//2919 2950//2918 2938//2906
f 2940//2908 2952//2920 2951//2919 2939//2907
f 2930//2898 2942//2910 2952//2920 2940//2908
f 2941//2909 2953//2921 2954//2922 2942//2910
f 2943//2911 2955//2923 2953//2921 2941//2909
f 2944//2912 2956//2924 2955//2923 2943//2911
f 2945//2913 2957//2925 2956//2924 2944//2912
f 2946//2914 2958//2926 2957//2925 2945//2913
f 2947//2915 2959//2927 2958//2926 2946//2914
f 2948//2916 2960//2928 2959//2927 2947//2915
f 2949//2917 2961//2929 2960//2928 2948//2916
f 2950//2918 2962//2930 2961//2929 2949//2917
f 2951//2919 2963//2931 2962//2930 2950//2918
f 2952//2920 2964//2932 2963//2931 2951//2919
f 2942//2910 2954//2922 2964//2932 2952//2920
f 2953//2921 2965//2933 2966//2934 2954//2922
f 2955//2923 2967//2935 2965//2933 2953//2921
f 2956//2924 2968//2936 2967//2935 2955//2923
f 2957//2925 2969//2937 2968//2936 2956//2924
f 2958//2926 2970//2938 2969//2937 2957//2925
f 2959//2927 2971//2939 2970//2938 2958//2926
f 2960//2928 2972//2940 2971//2939 2959//2927
f 2961//2929 2973//2941 2972//2940 2960//2928
f 2962//2930 2974//2942 2973//2941 2961//2929
f 2963//2931 2975//2943 2974//2942 2962//2930
f 2964//2932 2976//2944 2975//2943 2963//2931
f 2954//2922 2966//2934 2976//2944 2964//2932
f 2965//2933 2977//2945 2978//2946 2966//2934
f 2967//2935 2979//2947 2977//2945 2965//2933
f 2968//2936 2980//2948 2979//2947 2967//2935
f 2969//2937 2981//2949 2980//2948 2968//2936
f 2970//2938 2982//2950 2981//2949 2969//2937
f 2971//2939 2983//2951 2982//2950 2970//2938
f 2972//2940 2984//2952 2983//2951 2971//2939
f 2973//2941 2985//2953 2984//2952 2972//2940
f 2974//2942 2986//2954 2985//2953 2973//2941
f 2975//2943 2987//2955 2986//2954 2974//2942
f 2976//2944 2988//2956 2987//2955 2975//2943
f 2966//2934 2978//2946 2988//2956 2976//2944
f 2977//2945 2989//2957 2990//2958 2978//2946
f 2979//2947 2991//2959 2989//2957 2977//2945
f 2980//2948 2992//2960 2991//2959 2979//2947
f 2981//2949 2993//2961 2992//2960 2980//2948
f 2982//2950 2994//2962 2993//2961 2981//2949
f 2983//2951 2995//2963 2994//2962 2982//2950
f 2984//2952 2996//2964 2995//2963 2983//2951
f 2985//2953 2997//2965 2996//2964 2984//2952
f 2986//2954 2998//2966 2997//2965 2985//2953
f 2987//2955 2999//2967 2998//2966 2986//2954
f 2988//2956 3000//2968 2999//2967 2987//2955
f 2978//2946 2990//2958 3000//2968 2988//2956
f 2989//2957 3001//2969 3002//2970 2990//2958
f 2991//2959 3003//2971 3001//2969 2989//2957
f 2992//2960 3004//2972 3003//2971 2991//2959
f 2993//2961 3005//2973 3004//2972 2992//2960
f 2994//2962 3006//2974 3005//2973 2993//2961
f 2995//2963 3007//2975 3006//2974 2994//2962
f 2996//2964 3008//2976 3007//2975 2995//2963
f 2997//2965 3009//2977 3008//2976 2996//2964
f 2998//2966 3010//2978 3009//2977 2997//2965
f 2999//2967 3011//2979 3010//2978 2998//2966
f 3000//2968 3012//2980 3011//2979 2999//2967
f 2990//2958 3002//2970 3012//2980 3000//2968
f 3001//2969 3013//2981 3014//2982 3002//2970
f 3003//2971 3015//2983 3013//2981 3001//2969
f 3004//2972 3016//2984 3015//2983 3003//2971
f 3005//2973 3017//2985 3016//2984 3004//2972
f 3006//2974 3018//2986 3017//2985 3005//2973
f 3007//2975 3019//2987 3018//2986 3006//2974
f 3008//2976 3020//2988 3019//2987 3007//2975
f 3009//2977 3021//2989 3020//2988 3008//2976
f 3010//2978 3022//2990 3021//2989 3009//2977
f 3011//2979 3023//2991 3022//2990 3010//2978
f 3012//2980 3024//2992 3023//2991 3011//2979
f 3002//2970 3014//2982 3024//2992 3012//2980
f 3013//2981 3025//2993 3026//2994 3014//2982
f 3015//2983 3027//2995 3025//2993 3013//2981
f 3016//2984 3028//2996 3027//2995 3015//2983
f 3017//2985 3029//2997 3028//2996 3016//2984
f 3018//2986 3030//2998 3029//2997 3017//2985
f 3019//2987 3031//2999 3030//2998 3018//2986
f 3020//2988 3032//3000 3031//2999 3019//2987
f 3021//2989 3033//3001 3032//3000 3020//2988
f 3022//2990 3034//3002 3033//3001 3021//2989
f 3023//2991 3035//3003 3034//3002 3022//2990
f 3024//2992 3036//3004 3035//3003 3023//2991
f 3014//2982 3026//2994 3036//3004 3024//2992
f 3025//2993 3037//3005 3038//3006 3026//2994
f 3027//2995 3039//3007 3037//3005 3025//2993
f 3028//2996 3040//3008 3039//3007 3027//2995
f 3029//2997 3041//3009 3040//3008 3028//2996
f 3030//2998 3042//3010 3041//3009 3029//2997
f 3031//2999 3043//3011 3042//3010 3030//2998
f 3032//3000 3044//3012 3043//3011 3031//2999
f 3033//3001 3045//3013 3044//3012 3032//3000
f 3034//3002 3046//3014 3045//3013 3033//3001
f 3035//3003 3047//3015 3046//3014 3034//3002
f 3036//3004 3048//3016 3047//3015 3035//3003
f 3026//2994 3038//3006 3048//3016 3036//3004
f 3037//3005 3049//3017 3050//3018 3038//3006
f 3039//3007 3051//3019 3049//3017 3037//3005
f 3040//3008 3052//3020 3051//3019 3039//3007
f 3041//3009 3053//3021 3052//3020 3040//3008
f 3042//3010 3054//3022 3053//3021 3041//3009
f 3043//3011 3055//3023 3054//3022 3042//3010
f 3044//3012 3056//3024 3055//3023 3043//3011
f 3045//3013 3057//3025 3056//3024 3044//3012
f 3046//3014 3058//3026 3057//3025 3045//3013
f 3047//3015 3059//3027 3058//3026 3046//3014
f 3048//3016 3060//3028 3059//3027 3047//3015
f 3038//3006 3050//3018 3060//3028 3048//3016
f 3049//3017 3061//3029 3062//3030 3050//3018
f 3051//3019 3063//3031 3061//3029 3049//3017
f 3052//3020 3064//3032 3063//3031 3051//3019
f 3053//3021 3065//3033 3064//3032 3052//3020
f 3054//3022 3066//3034 3065//3033 3053//3021
f 3055//3023 3067//3035 3066//3034 3054//3022
f 3056//3024 3068//3036 3067//3035 3055//3023
f 3057//3025 3069//3037 3068//3036 3056//3024
f 3058//3026 3070//3038 3069//3037 3057//3025
f 3059//3027 3071//3039 3070//3038 3058//3026
f 3060//3028 3072//3040 3071//3039 3059//3027
f 3050//3018 3062//3030 3072//3040 3060//3028
f 3061//3029 3073//3041 3074//3042 3062//3030
f 3063//3031 3075//3043 3073//3041 3061//3029
f 3064//3032 3076//3044 3075//3043 3063//3031
f 3065//3033 3077//3045 3076//3044 3064//3032
f 3066//3034 3078//3046 3077//3045 3065//3033
f 3067//3035 3079//3047 3078//3046 3066//3034
f 3068//3036 3080//3048 3079//3047 3067//3035
f 3069//3037 3081//3049 3080//3048 3068//3036
f 3070//3038 3082//3050 3081//3049 3069//3037
f 3071//3039 3083//3051 3082//3050 3070//3038
f 3072//3040 3084//3052 3083//3051 3071//3039
f 3062//3030 3074//3042 3084//3052 3072//3040
f 3073//3041 3085//3053 3086//3054 3074//3042
f 3075//3043 3087//3055 3085//3053 3073//3041
f 3076//3044 3088//3056 3087//3055 3075//3043
f 3077//3045 3089//3057 3088//3056 3076//3044
f 3078//3046 3090//3058 3089//3057 3077//3045
f 3079//3047 3091//3059 3090//3058 3078//3046
f 3080//3048 3092//3060 3091//3059 3079//3047
f 3081//3049 3093//3061 3092//3060 3080//3048
f 3082//3050 3094//3062 3093//3061 3081//3049
f 3083//3051 3095//3063 3094//3062 3082//3050
f 3084//3052 3096//3064 3095//3063 3083//3051
f 3074//3042 3086//3054 3096//3064 3084//3052
f 3085//3053 3097//3065 3098//3066 3086//3054
f 3087//3055 3099//3067 3097//3065 3085//3053
f 3088//3056 3100//3068 3099//3067 3087//3055
f 3089//3057 3101//3069 3100//3068 3088//3056
f 3090//3058 3102//3070 3101//3069 3089//3057
f 3091//3059 3103//3071 3102//3070 3090//3058
f 3092//3060 3104//3072 3103//3071 3091//3059
f 3093//3061 3105//3073 3104//3072 3092//3060
f 3094//3062 3106//3074 3105//3073 3093//3061
f 3095//3063 3107//3075 3106//3074 3094//3062
f 3096//3064 3108//3076 3107//3075 3095//3063
f 3086//3054 3098//3066 3108//3076 3096//3064
f 3097//3065 3109//3077 3110//3078 3098//3066
f 3099//3067 3111//3079 3109//3077 3097//3065
f 3100//3068 3112//3080 3111//3079 3099//3067
f 3101//3069 3113//3081 3112//3080 3100//3068
f 3102//3070 3114//3082 3113//3081 3101//3069
f 3103//3071 3115//3083 3114//3082 3102//3070
f 3104//3072 3116//3084 3115//3083 3103//3071
f 3105//3073 3117//3085 3116//3084 3104//3072
f 3106//3074 3118//3086 3117//3085 3105//3073
f 3107//3075 3119//3087 3118//3086 3106//3074
f 3108//3076 3120//3088 3119//3087 3107//3075
f 3098//3066 3110//3078 3120//3088 3108//3076
f 3109//3077 3121//3089 3122//3090 3110//3078
f 3111//3079 3123//3091 3121//3089 3109//3077
f 3112//3080 3124//3092 3123//3091 3111//3079
f 3113//3081 3125//3093 3124//3092 3112//3080
f 3114//3082 3126//3094 3125//3093 3113//3081
f 3115//3083 3127//3095 3126//3094 3114//3082
f 3116//3084 3128//3096 3127//3095 3115//3083
f 3117//3085 3129//3097 3128//3096 3116//3084
f 3118//3086 3130//3098 3129//3097 3117//3085
f 3119//3087 3131//3099 3130//3098 3118//3086
f 3120//3088 3132//3100 3131//3099 3119//3087
f 3110//3078 3122//3090 3132//3100 3120//3088
f 3121//3089 3133//3101 3134//3102 3122//3090
f 3123//3091 3135//3103 3133//3101 3121//3089
f 3124//3092 3136//3104 3135//3103 3123//3091
f 3125//3093 3137//3105 3136//3104 3124//3092
f 3126//3094 3138//3106 3137//3105 3125//3093
f 3127//3095 3139//3107 3138//3106 3126//3094
f 3128//3096 3140//3108 3139//3107 3127//3095
f 3129//3097 3141//3109 3140//3108 3128//3096
f 3130//3098 3142//3110 3141//3109 3129//3097
f 3131//3099 3143//3111 3142//3110 3130//3098
f 3132//3100 3144//3112 3143//3111 3131//3099
f 3122//3090 3134//3102 3144//3112 3132//3100
f 3133//3101 3145//3113 3146//3114 3134//3102
f 3135//3103 3147//3115 3145//3113 3133//3101
f 3136//3104 3148//3116 3147//3115 3135//3103
f 3137//3105 3149//3117 3148//3116 3136//3104
f 3138//3106 3150//3118 3149//3117 3137//3105
f 3139//3107 3151//3119 3150//3118 3138//3106
f 3140//3108 3152//3120 3151//3119 3139//3107
f 3141//3109 3153//3121 3152//3120 3140//3108
f 3142//3110 3154//3122 3153//3121 3141//3109
f 3143//3111 3155//3123 3154//3122 3142//3110
f 3144//3112 3156//3124 3155//3123 3143//3111
f 3134//3102 3146//3114 3156//3124 3144//3112
f 3145//3113 3157//3125 3158//3126 3146//3114
f 3147//3115 3159//3127 3157//3125 3145//3113
f 3148//3116 3160//3128 3159//3127 3147//3115
f 3149//3117 3161//3129 3160//3128 3148//3116
f 3150//3118 3162//3130 3161//3129 3149//3117
f 3151//3119 3163//3131 3162//3130 3150//3118
f 3152//3120 3164//3132 3163//3131 3151//3119
f 3153//3121 3165//3133 3164//3132 3152//3120
f 3154//3122 3166//3134 3165//3133 3153//3121
f 3155//3123 3167//3135 3166//3134 3154//3122
f 3156//3124 3168//3136 3167//3135 3155//3123
f 3146//3114 3158//3126 3168//3136 3156//3124
f 3157//3125 3169//3137 3170//3138 3158//3126
f 3159//3127 3171//3139 3169//3137 3157//3125
f 3160//3128 3172//3140 3171//3139 3159//3127
f 3161//3129 3173//3141 3172//3140 3160//3128
f 3162//3130 3174//3142 3173//3141 3161//3129
f 3163//3131 3175//3143 3174//3142 3162//3130
f 3164//3132 3176//3144 3175//3143 3163//3131
f 3165//3133 3177//3145 3176//3144 3164//3132
f 3166//3134 3178//3146 3177//3145 3165//3133
f 3167//3135 3179//3147 3178//3146 3166//3134
f 3168//3136 3180//3148 3179//3147 3167//3135
f 3158//3126 3170//3138 3180//3148 3168//3136
f 3169//3137 3181//3149 3182//3150 3170//3138
f 3171//3139 3183//3151 3181//3149 3169//3137
f 3172//3140 3184//3152 3183//3151 3171//3139
f 3173//3141 3185//3153 3184//3152 3172//3140
f 3174//3142 3186//3154 3185//3153 3173//3141
f 3175//3143 3187//3155 3186//3154 3174//3142
f 3176//3144 3188//3156 3187//3155 3175//3143
f 3177//3145 3189//3157 3188//3156 3176//3144
f 3178//3146 3190//3158 3189//3157 3177//3145
f 3179//3147 3191//3159 3190//3158 3178//3146
f 3180//3148 3192//3160 3191//3159 3179//3147
f 3170//3138 3182//3150 3192//3160 3180//3148
f 3181//3149 3193//3161 3194//3162 3182//3150
f 3183//3151 3195//3163 3193//3161 3181//3149
f 3184//3152 3196//3164 3195//3163 3183//3151
f 3185//3153 3197//3165 3196//3164 3184//3152
f 3186//3154 3198//3166 3197//3165 3185//3153
f 3187//3155 3199//3167 3198//3166 3186//3154
f 3188//3156 3200//3168 3199//3167 3187//3155
f 3189//3157 3201//3169 3200//3168 3188//3156
f 3190//3158 3202//3170 3201//3169 3189//3157
f 3191//3159 3203//3171 3202//3170 3190//3158
f 3192//3160 3204//3172 3203//3171 3191//3159
f 3182//3150 3194//3162 3204//3172 3192//3160
f 3193//3161 3205//3173 3206//3174 3194//3162
f 3195//3163 3207//3175 3205//3173 3193//3161
f 3196//3164 3208//3176 3207//3175 3195//3163
f 3197//3165 3209//3177 3208//3176 3196//3164
f 3198//3166 3210//3178 3209//3177 3197//3165
f 3199//3167 3211//3179 3210//3178 3198//3166
f 3200//3168 3212//3180 3211//3179 3199//3167
f 3201//3169 3213//3181 3212//3180 3200//3168
f 3202//3170 3214//3182 3213//3181 3201//3169
f 3203//3171 3215//3183 3214//3182 3202//3170
f 3204//3172 3216//3184 3215//3183 3203//3171
f 3194//3162 3206//3174 3216//3184 3204//3172
f 3205//3173 3217//3185 3218//3186 3206//3174
f 3207//3175 3219//3187 3217//3185 3205//3173
f 3208//3176 3220//3188 3219//3187 3207//3175
f 3209//3177 3221//3189 3220//3188 3208//3176
f 3210//3178 3222//3190 3221//3189 3209//3177
f 3211//3179 3223//3191 3222//3190 3210//3178
f 3212//3180 3224//3192 3223//3191 3211//3179
f 3213//3181 3225//3193 3224//3192 3212//3180
f 3214//3182 3226//3194 3225//3193 3213//3181
f 3215//3183 3227//3195 3226//3194 3214//3182
f 3216//3184 3228//3196 3227//3195 3215//3183
f 3206//3174 3218//3186 3228//3196 3216//3184
f 3217//3185 3229//3197 3230//3198 3218//3186
f 3219//3187 3231//3199 3229//3197 3217//3185
f 3220//3188 3232//3200 3231//3199 3219//3187
f 3221//3189 3233//3201 3232//3200 3220//3188
f 3222//3190 3234//3202 3233//3201 3221//3189
f 3223//3191 3235//3203 3234//3202 3222//3190
f 3224//3192 3236//3204 3235//3203 3223//3191
f 3225//3193 3237//3205 3236//3204 3224//3192
f 3226//3194 3238//3206 3237//3205 3225//3193
f 3227//3195 3239//3207 3238//3206 3226//3194
f 3228//3196 3240//3208 3239//3207 3227//3195
f 3218//3186 3230//3198 3240//3208 3228//3196
f 3229//3197 3241//3209 3242//3210 3230//3198
f 3231//3199 3243//3211 3241//3209 3229//3197
f 3232//3200 3244//3212 3243//3211 3231//3199
f 3233//3201 3245//3213 3244//3212 3232//3200
f 3234//3202 3246//3214 3245//3213 3233//3201
f 3235//3203 3247//3215 3246//3214 3234//3202
f 3236//3204 3248//3216 3247//3215 3235//3203
f 3237//3205 3249//3217 3248//3216 3236//3204
f 3238//3206 3250//3218 3249//3217 3237//3205
f 3239//3207 3251//3219 3250//3218 3238//3206
f 3240//3208 3252//3220 3251//3219 3239//3207
f 3230//3198 3242//3210 3252//3220 3240//3208
f 3241//3209 3253//3221 3254//3222 3242//3210
f 3243//3211 3255//3223 3253//3221 3241//3209
f 3244//3212 3256//3224 3255//3223 3243//3211
f 3245//3213 3257//3225 3256//3224 3244//3212
f 3246//3214 3258//3226 3257//3225 3245//3213
f 3247//3215 3259//3227 3258//3226 3246//3214
f 3248//3216 3260//3228 3259//3227 3247//3215
f 3249//3217 3261//3229 3260//3228 3248//3216
f 3250//3218 3262//3230 3261//3229 3249//3217
f 3251//3219 3263//3231 3262//3230 3250//3218
f 3252//3220 3264//3232 3263//3231 3251//3219
f 3242//3210 3254//3222 3264//3232 3252//3220
f 3265//3233 3266//3234 3267//3235 3268//3236
f 3269//3237 3270//3238 3266//3234 3265//3233
f 3271//3239 3272//3240 3270//3238 3269//3237
f 3273//3241 3274//3242 3272//3240 3271//3239
f 3275//3243 3276//3244 3274//3242 3273//3241
f 3277//3245 3278//3246 3276//3244 3275//3243
f 3279//3247 3280//3248 3278//3246 3277//3245
f 3281//3249 3282//3250 3280//3248 3279//3247
f 3283//3251 3284//3252 3282//3250 3281//3249
f 3285//3253 3286//3254 3284//3252 3283//3251
f 3287//3255 3288//3256 3286//3254 3285//3253
f 3268//3236 3267//3235 3288//3256 3287//3255
f 3266//3234 3289//3257 3290//3258 3267//3235
f 3270//3238 3291//3259 3289//3257 3266//3234
f 3272//3240 3292//3260 3291//3259 3270//3238
f 3274//3242 3293//3261 3292//3260 3272//3240
f 3276//3244 3294//3262 3293//3261 3274//3242
f 3278//3246 3295//3263 3294//3262 3276//3244
f 3280//3248 3296//3264 3295//3263 3278//3246
f 3282//3250 3297//3265 3296//3264 3280//3248
f 3284//3252 3298//3266 3297//3265 3282//3250
f 3286//3254 3299//3267 3298//3266 3284//3252
f 3288//3256 3300//3268 3299//3267 3286//3254
f 3267//3235 3290//3258 3300//3268 3288//3256
f 3289//3257 3301//3269 3302//3270 3290//3258
f 3291//3259 3303//3271 3301//3269 3289//3257
f 3292//3260 3304//3272 3303//3271 3291//3259
f 3293//3261 3305//3273 3304//3272 3292//3260
f 3294//3262 3306//3274 3305//3273 3293//3261
f 3295//3263 3307//3275 3306//3274 3294//3262
f 3296//3264 3308//3276 3307//3275 3295//3263
f 3297//3265 3309//3277 3308//3276 3296//3264
f 3298//3266 3310//3278 3309//3277 3297//3265
f 3299//3267 3311//3279 3310//3278 3298//3266
f 3300//3268 3312//3280 3311//3279 3299//3267
f 3290//3258 3302//3270 3312//3280 3300//3268
f 3301//3269 3313//3281 3314//3282 3302//3270
f 3303//3271 3315//3283 3313//3281 3301//3269
f 3304//3272 3316//3284 3315//3283 3303//3271
f 3305//3273 3317//3285 3316//3284 3304//3272
f 3306//3274 3318//3286 3317//3285 3305//3273
f 3307//3275 3319//3287 3318//3286 3306//3274
f 3308//3276 3320//3288 3319//3287 3307//3275
f 3309//3277 3321//3289 3320//3288 3308//3276
f 3310//3278 3322//3290 3321//3289 3309//3277
f 3311//3279 3323//3291 3322//3290 3310//3278
f 3312//3280 3324//3292 3323//3291 3311//3279
f 3302//3270 3314//3282 3324//3292 3312//3280
f 3313//3281 3325//3293 3326//3294 3314//3282
f 3315//3283 3327//3295 3325//3293 3313//3281
f 3316//3284 3328//3296 3327//3295 3315//3283
f 3317//3285 3329//3297 3328//3296 3316//3284
f 3318//3286 3330//3298 3329//3297 3317//3285
f 3319//3287 3331//3299 3330//3298 3318//3286
f 3320//3288 3332//3300 3331//3299 3319//3287
f 3321//3289 3333//3301 3332//3300 3320//3288
f 3322//3290 3334//3302 3333//3301 3321//3289
f 3323//3291 3335//3303 3334//3302 3322//3290
f 3324//3292 3336//3304 3335//3303 3323//3291
f 3314//3282 3326//3294 3336//3304 3324//3292
f 3325//3293 3337//3305 3338//3306 3326//3294
f 3327//3295 3339//3307 3337//3305 3325//3293
f 3328//3296 3340//3308 3339//3307 3327//3295
f 3329//3297 3341//3309 3340//3308 3328//3296
f 3330//3298 3342//3310 3341//3309 3329//3297
f 3331//3299 3343//3311 3342//3310 3330//3298
f 3332//3300 3344//3312 3343//3311 3331//3299
f 3333//3301 3345//3313 3344//3312 3332//3300
f 3334//3302 3346//3314 3345//3313 3333//3301
f 3335//3303 3347//3315 3346//3314 3334//3302
f 3336//3304 3348//3316 3347//3315 3335//3303
f 3326//3294 3338//3306 3348//3316 3336//3304
f 3337//3305 3349//3317 3350//3318 3338//3306
f 3339//3307 3351//3319 3349//3317 3337//3305
f 3340//3308 3352//3320 3351//3319 3339//3307
f 3341//3309 3353//3321 3352//3320 3340//3308
f 3342//3310 3354//3322 3353//3321 3341//3309
f 3343//3311 3355//3323 3354//3322 3342//3310
f 3344//3312 3356//3324 3355//3323 3343//3311
f 3345//3313 3357//3325 3356//3324 3344//3312
f 3346//3314 3358//3326 3357//3325 3345//3313
f 3347//3315 3359//3327 3358//3326 3346//3314
f 3348//3316 3360//3328 3359//3327 3347//3315
f 3338//3306 3350//3318 3360//3328 3348//3316
f 3349//3317 3361//3329 3362//3330 3350//3318
f 3351//3319 3363//3331 3361//3329 3349//3317
f 3352//3320 3364//3332 3363//3331 3351//3319
f 3353//3321 3365//3333 3364//3332 3352//3320
f 3354//3322 3366//3334 3365//3333 3353//3321
f 3355//3323 3367//3335 3366//3334 3354//3322
f 3356//3324 3368//3336 3367//3335 3355//3323
f 3357//3325 3369//3337 3368//3336 3356//3324
f 3358//3326 3370//3338 3369//3337 3357//3325
f 3359//3327 3371//3339 3370//3338 3358//3326
f 3360//3328 3372//3340 3371//3339 3359//3327
f 3350//3318 3362//3330 3372//3340 3360//3328
f 3361//3329 3373//3341 3374//3342 3362//3330
f 3363//3331 3375//3343 3373//3341 3361//3329
f 3364//3332 3376//3344 3375//3343 3363//3331
f 3365//3333 3377//3345 3376//3344 3364//3332
f 3366//3334 3378//3346 3377//3345 3365//3333
f 3367//3335 3379//3347 3378//3346 3366//3334
f 3368//3336 3380//3348 3379//3347 3367//3335
f 3369//3337 3381//3349 3380//3348 3368//3336
f 3370//3338 3382//3350 3381//3349 3369//3337
f 3371//3339 3383//3351 3382//3350 3370//3338
f 3372//3340 3384//3352 3383//3351 3371//3339
f 3362//3330 3374//3342 3384//3352 3372//3340
f 3373//3341 3385//3353 3386//3354 3374//3342
f 3375//3343 3387//3355 3385//3353 3373//3341
f 3376//3344 3388//3356 3387//3355 3375//3343
f 3377//3345 3389//3357 3388//3356 3376//3344
f 3378//3346 3390//3358 3389//3357 3377//3345
f 3379//3347 3391//3359 3390//3358 3378//3346
f 3380//3348 3392//3360 3391//3359 3379//3347
f 3381//3349 3393//3361 3392//3360 3380//3348
f 3382//3350 3394//3362 3393//3361 3381//3349
f 3383//3351 3395//3363 3394//3362 3382//3350
f 3384//3352 3396//3364 3395//3363 3383//3351
f 3374//3342 3386//3354 3396//3364 3384//3352
f 3385//3353 3397//3365 3398//3366 3386//3354
f 3387//3355 3399//3367 3397//3365 3385//3353
f 3388//3356 3400//3368 3399//3367 3387//3355
f 3389//3357 3401//3369 3400//3368 3388//3356
f 3390//3358 3402//3370 3401//3369 3389//3357
f 3391//3359 3403//3371 3402//3370 3390//3358
f 3392//3360 3404//3372 3403//3371 3391//3359
f 3393//3361 3405//3373 3404//3372 3392//3360
f 3394//3362 3406//3374 3405//3373 3393//3361
f 3395//3363 3407//3375 3406//3374 3394//3362
f 3396//3364 3408//3376 3407//3375 3395//3363
f 3386//3354 3398//3366 3408//3376 3396//3364
f 3397//3365 3409//3377 3410//3378 3398//3366
f 3399//3367 3411//3379 3409//3377 3397//3365
f 3400//3368 3412//3380 3411//3379 3399//3367
f 3401//3369 3413//3381 3412//3380 3400//3368
f 3402//3370 3414//3382 3413//3381 3401//3369
f 3403//3371 3415//3383 3414//3382 3402//3370
f 3404//3372 3416//3384 3415//3383 3403//3371
f 3405//3373 3417//3385 3416//3384 3404//3372
f 3406//3374 3418//3386 3417//3385 3405//3373
f 3407//3375 3419//3387 3418//3386 3406//3374
f 3408//3376 3420//3388 3419//3387 3407//3375
f 3398//3366 3410//3378 3420//3388 3408//3376
f 3409//3377 3421//3389 3422//3390 3410//3378
f 3411//3379 3423//3391 3421//3389 3409//3377
f 3412//3380 3424//3392 3423//3391 3411//3379
f 3413//3381 3425//3393 3424//3392 3412//3380
f 3414//3382 3426//3394 3425//3393 3413//3381
f 3415//3383 3427//3395 3426//3394 3414//3382
f 3416//3384 3428//3396 3427//3395 3415//3383
f 3417//3385 3429//3397 3428//3396 3416//3384
f 3418//3386 3430//3398 3429//3397 3417//3385
f 3419//3387 3431//3399 3430//3398 3418//3386
f 3420//3388 3432//3400 3431//3399 3419//3387
f 3410//3378 3422//3390 3432//3400 3420//3388
f 3421//3389 3433//3401 3434//3402 3422//3390
f 3423//3391 3435//3403 3433//3401 3421//3389
f 3424//3392 3436//3404 3435//3403 3423//3391
f 3425//3393 3437//3405 3436//3404 3424//3392
f 3426//3394 3438//3406 3437//3405 3425//3393
f 3427//3395 3439//3407 3438//3406 3426//3394
f 3428//3396 3440//3408 3439//3407 3427//3395
f 3429//3397 3441//3409 3440//3408 3428//3396
f 3430//3398 3442//3410 3441//3409 3429//3397
f 3431//3399 3443//3411 3442//3410 3430//3398
f 3432//3400 3444//3412 3443//3411 3431//3399
f 3422//3390 3434//3402 3444//3412 3432//3400
f 3433//3401 3445//3413 3446//3414 3434//3402
f 3435//3403 3447//3415 3445//3413 3433//3401
f 3436//3404 3448//3416 3447//3415 3435//3403
f 3437//3405 3449//3417 3448//3416 3436//3404
f 3438//3406 3450//3418 3449//3417 3437//3405
f 3439//3407 3451//3419 3450//3418 3438//3406
f 3440//3408 3452//3420 3451//3419 3439//3407
f 3441//3409 3453//3421 3452//3420 3440//3408
f 3442//3410 3454//3422 3453//3421 3441//3409
f 3443//3411 3455//3423 3454//3422 3442//3410
f 3444//3412 3456//3424 3455//3423 3443//3411
f 3434//3402 3446//3414 3456//3424 3444//3412
f 3445//3413 3457//3425 3458//3426 3446//3414
f 3447//3415 3459//3427 3457//3425 3445//3413
f 3448//3416 3460//3428 3459//3427 3447//3415
f 3449//3417 3461//3429 3460//3428 3448//3416
f 3450//3418 3462//3430 3461//3429 3449//3417
f 3451//3419 3463//3431 3462//3430 3450//3418
f 3452//3420 3464//3432 3463//3431 3451//3419
f 3453//3421 3465//3433 3464//3432 3452//3420
f 3454//3422 3466//3434 3465//3433 3453//3421
f 3455//3423 3467//3435 3466//3434 3454//3422
f 3456//3424 3468//3436 3467//3435 3455//3423
f 3446//3414 3458//3426 3468//3436 3456//3424
f 3457//3425 3469//3437 3470//3438 3458//3426
f 3459//3427 3471//3439 3469//3437 3457//3425
f 3460//3428 3472//3440 3471//3439 3459//3427
f 3461//3429 3473//3441 3472//3440 3460//3428
f 3462//3430 3474//3442 3473//3441 3461//3429
f 3463//3431 3475//3443 3474//3442 3462//3430
f 3464//3432 3476//3444 3475//3443 3463//3431
f 3465//3433 3477//3445 3476//3444 3464//3432
f 3466//3434 3478//3446 3477//3445 3465//3433
f 3467//3435 3479//3447 3478//3446 3466//3434
f 3468//3436 3480//3448 3479//3447 3467//3435
f 3458//3426 3470//3438 3480//3448 3468//3436
f 3469//3437 3481//3449 3482//3450 3470//3438
f 3471//3439 3483//3451 3481//3449 3469//3437
f 3472//3440 3484//3452 3483//3451 3471//3439
f 3473//3441 3485//3453 3484//3452 3472//3440
f 3474//3442 3486//3454 3485//3453 3473//3441
f 3475//3443 3487//3455 3486//3454 3474//3442
f 3476//3444 3488//3456 3487//3455 3475//3443
f 3477//3445 3489//3457 3488//3456 3476//3444
f 3478//3446 3490//3458 3489//3457 3477//3445
f 3479//3447 3491//3459 3490//3458 3478//3446
f 3480//3448 3492//3460 3491//3459 3479//3447
f 3470//3438 3482//3450 3492//3460 3480//3448
f 3481//3449 3493//3461 3494//3462 3482//3450
f 3483//3451 3495//3463 3493//3461 3481//3449
f 3484//3452 3496//3464 3495//3463 3483//3451
f 3485//3453 3497//3465 3496//3464 3484//3452
f 3486//3454 3498//3466 3497//3465 3485//3453
f 3487//3455 3499//3467 3498//3466 3486//3454
f 3488//3456 3500//3468 3499//3467 3487//3455
f 3489//3457 3501//3469 3500//3468 3488//3456
f 3490//3458 3502//3470 3501//3469 3489//3457
f 3491//3459 3503//3471 3502//3470 3490//3458
f 3492//3460 3504//3472 3503//3471 3491//3459
f 3482//3450 3494//3462 3504//3472 3492//3460
f 3493//3461 3505//3473 3506//3474 3494//3462
f 3495//3463 3507//3475 3505//3473 3493//3461
f 3496//3464 3508//3476 3507//3475 3495//3463
f 3497//3465 3509//3477 3508//3476 3496//3464
f 3498//3466 3510//3478 3509//3477 3497//3465
f 3499//3467 3511//3479 3510//3478 3498//3466
f 3500//3468 3512//3480 3511//3479 3499//3467
f 3501//3469 3513//3481 3512//3480 3500//3468
f 3502//3470 3514//3482 3513//3481 3501//3469
f 3503//3471 3515//3483 3514//3482 3502//3470
f 3504//3472 3516//3484 3515//3483 3503//3471
f 3494//3462 3506//3474 3516//3484 3504//3472
f 3505//3473 3517//3485 3518//3486 3506//3474
f 3507//3475 3519//3487 3517//3485 3505//3473
f 3508//3476 3520//3488 3519//3487 3507//3475
f 3509//3477 3521//3489 3520//3488 3508//3476
f 3510//3478 3522//3490 3521//3489 3509//3477
f 3511//3479 3523//3491 3522//3490 3510//3478
f 3512//3480 3524//3492 3523//3491 3511//3479
f 3513//3481 3525//3493 3524//3492 3512//3480
f 3514//3482 3526//3494 3525//3493 3513//3481
f 3515//3483 3527//3495 3526//3494 3514//3482
f 3516//3484 3528//3496 3527//3495 3515//3483
f 3506//3474 3518//3486 3528//3496 3516//3484
f 3517//3485 3529//3497 3530//3498 3518//3486
f 3519//3487 3531//3499 3529//3497 3517//3485
f 3520//3488 3532//3500 3531//3499 3519//3487
f 3521//3489 3533//3501 3532//3500 3520//3488
f 3522//3490 3534//3502 3533//3501 3521//3489
f 3523//3491 3535//3503 3534//3502 3522//3490
f 3524//3492 3536//3504 3535//3503 3523//3491
f 3525//3493 3537//3505 3536//3504 3524//3492
f 3526//3494 3538//3506 3537//3505 3525//3493
f 3527//3495 3539//3507 3538//3506 3526//3494
f 3528//3496 3540//3508 3539//3507 3527//3495
f 3518//3486 3530//3498 3540//3508 3528//3496
f 3529//3497 3541//3509 3542//3510 3530//3498
f 3531//3499 3543//3511 3541//3509 3529//3497
f 3532//3500 3544//3512 3543//3511 3531//3499
f 3533//3501 3545//3513 3544//3512 3532//3500
f 3534//3502 3546//3514 3545//3513 3533//3501
f 3535//3503 3547//3515 3546//3514 3534//3502
f 3536//3504 3548//3516 3547//3515 3535//3503
f 3537//3505 3549//3517 3548//3516 3536//3504
f 3538//3506 3550//3518 3549//3517 3537//3505
f 3539//3507 3551//3519 3550//3518 3538//3506
f 3540//3508 3552//3520 3551//3519 3539//3507
f 3530//3498 3542//3510 3552//3520 3540//3508
f 3541//3509 3553//3521 3554//3522 3542//3510
f 3543//3511 3555//3523 3553//3521 3541//3509
f 3544//3512 3556//3524 3555//3523 3543//3511
f 3545//3513 3557//3525 3556//3524 3544//3512
f 3546//3514 3558//3526 3557//3525 3545//3513
f 3547//3515 3559//3527 3558//3526 3546//3514
f 3548//3516 3560//3528 3559//3527 3547//3515
f 3549//3517 3561//3529 3560//3528 3548//3516
f 3550//3518 3562//3530 3561//3529 3549//3517
f 3551//3519 3563//3531 3562//3530 3550//3518
f 3552//3520 3564//3532 3563//3531 3551//3519
f 3542//3510 3554//3522 3564//3532 3552//3520
f 3553//3521 3565//3533 3566//3534 3554//3522
f 3555//3523 3567//3535 3565//3533 3553//3521
f 3556//3524 3568//3536 3567//3535 3555//3523
f 3557//3525 3569//3537 3568//3536 3556//3524
f 3558//3526 3570//3538 3569//3537 3557//3525
f 3559//3527 3571//3539 3570//3538 3558//3526
f 3560//3528 3572//3540 3571//3539 3559//3527
f 3561//3529 3573//3541 3572//3540 3560//3528
f 3562//3530 3574//3542 3573//3541 3561//3529
f 3563//3531 3575//3543 3574//3542 3562//3530
f 3564//3532 3576//3544 3575//3543 3563//3531
f 3554//3522 3566//3534 3576//3544 3564//3532
f 3565//3533 3577//3545 3578//3546 3566//3534
f 3567//3535 3579//3547 3577//3545 3565//3533
f 3568//3536 3580//3548 3579//3547 3567//3535
f 3569//3537 3581//3549 3580//3548 3568//3536
f 3570//3538 3582//3550 3581//3549 3569//3537
f 3571//3539 3583//3551 3582//3550 3570//3538
f 3572//3540 3584//3552 3583//3551 3571//3539
f 3573//3541 3585//3553 3584//3552 3572//3540
f 3574//3542 3586//3554 3585//3553 3573//3541
f 3575//3543 3587//3555 3586//3554 3574//3542
f 3576//3544 3588//3556 3587//3555 3575//3543
f 3566//3534 3578//3546 3588//3556 3576//3544
f 3577//3545 3589//3557 3590//3558 3578//3546
f 3579//3547 3591//3559 3589//3557 3577//3545
f 3580//3548 3592//3560 3591//3559 3579//3547
f 3581//3549 3593//3561 3592//3560 3580//3548
f 3582//3550 3594//3562 3593//3561 3581//3549
f 3583//3551 3595//3563 3594//3562 3582//3550
f 3584//3552 3596//3564 3595//3563 3583//3551
f 3585//3553 3597//3565 3596//3564 3584//3552
f 3586//3554 3598//3566 3597//3565 3585//3553
f 3587//3555 3599//3567 3598//3566 3586//3554
f 3588//3556 3600//3568 3599//3567 3587//3555
f 3578//3546 3590//3558 3600//3568 3588//3556
f 3589//3557 3601//3569 3602//3570 3590//3558
f 3591//3559 3603//3571 3601//3569 3589//3557
f 3592//3560 3604//3572 3603//3571 3591//3559
f 3593//3561 3605//3573 3604//3572 3592//3560
f 3594//3562 3606//3574 3605//3573 3593//3561
f 3595//3563 3607//3575 3606//3574 3594//3562
f 3596//3564 3608//3576 3607//3575 3595//3563
f 3597//3565 3609//3577 3608//3576 3596//3564
f 3598//3566 3610//3578 3609//3577 3597//3565
f 3599//3567 3611//3579 3610//3578 3598//3566
f 3600//3568 3612//3580 3611//3579 3599//3567
f 3590//3558 3602//3570 3612//3580 3600//3568
f 3601//3569 3613//3581 3614//3582 3602//3570
f 3603//3571 3615//3583 3613//3581 3601//3569
f 3604//3572 3616//3584 3615//3583 3603//3571
f 3605//3573 3617//3585 3616//3584 3604//3572
f 3606//3574 3618//3586 3617//3585 3605//3573
f 3607//3575 3619//3587 3618//3586 3606//3574
f 3608//3576 3620//3588 3619//3587 3607//3575
f 3609//3577 3621//3589 3620//3588 3608//3576
f 3610//3578 3622//3590 3621//3589 3609//3577
f 3611//3579 3623//3591 3622//3590 3610//3578
f 3612//3580 3624//3592 3623//3591 3611//3579
f 3602//3570 3614//3582 3624//3592 3612//3580
f 3613//3581 3625//3593 3626//3594 3614//3582
f 3615//3583 3627//3595 3625//3593 3613//3581
f 3616//3584 3628//3596 3627//3595 3615//3583
f 3617//3585 3629//3597 3628//3596 3616//3584
f 3618//3586 3630//3598 3629//3597 3617//3585
f 3619//3587 3631//3599 3630//3598 3618//3586
f 3620//3588 3632//3600 3631//3599 3619//3587
f 3621//3589 3633//3601 3632//3600 3620//3588
f 3622//3590 3634//3602 3633//3601 3621//3589
f 3623//3591 3635//3603 3634//3602 3622//3590
f 3624//3592 3636//3604 3635//3603 3623//3591
f 3614//3582 3626//3594 3636//3604 3624//3592
f 3625//3593 3637//3605 3638//3606 3626//3594
f 3627//3595 3639//3607 3637//3605 3625//3593
f 3628//3596 3640//3608 3639//3607 3627//3595
f 3629//3597 3641//3609 3640//3608 3628//3596
f 3630//3598 3642//3610 3641//3609 3629//3597
f 3631//3599 3643//3611 3642//3610 3630//3598
f 3632//3600 3644//3612 3643//3611 3631//3599
f 3633//3601 3645//3613 3644//3612 3632//3600
f 3634//3602 3646//3614 3645//3613 3633//3601
f 3635//3603 3647//3615 3646//3614 3634//3602
f 3636//3604 3648//3616 3647//3615 3635//3603
f 3626//3594 3638//3606 3648//3616 3636//3604
f 3637//3605 3649//3617 3650//3618 3638//3606
f 3639//3607 3651//3619 3649//3617 3637//3605
f 3640//3608 3652//3620 3651//3619 3639//3607
f 3641//3609 3653//3621 3652//3620 3640//3608
f 3642//3610 3654//3622 3653//3621 3641//3609
f 3643//3611 3655//3623 3654//3622 3642//3610
f 3644//3612 3656//3624 3655//3623 3643//3611
f 3645//3613 3657//3625 3656//3624 3644//3612
f 3646//3614 3658//3626 3657//3625 3645//3613
f 3647//3615 3659//3627 3658//3626 3646//3614
f 3648//3616 3660//3628 3659//3627 3647//3615
f 3638//3606 3650//3618 3660//3628 3648//3616
f 3649//3617 3661//3629 3662//3630 3650//3618
f 3651//3619 3663//3631 3661//3629 3649//3617
f 3652//3620 3664//3632 3663//3631 3651//3619
f 3653//3621 3665//3633 3664//3632 3652//3620
f 3654//3622 3666//3634 3665//3633 3653//3621
f 3655//3623 3667//3635 3666//3634 3654//3622
f 3656//3624 3668//3636 3667//3635 3655//3623
f 3657//3625 3669//3637 3668//3636 3656//3624
f 3658//3626 3670//3638 3669//3637 3657//3625
f 3659//3627 3671//3639 3670//3638 3658//3626
f 3660//3628 3672//3640 3671//3639 3659//3627
f 3650//3618 3662//3630 3672//3640 3660//3628
f 3661//3629 3673//3641 3674//3642 3662//3630
f 3663//3631 3675//3643 3673//3641 3661//3629
f 3664//3632 3676//3644 3675//3643 3663//3631
f 3665//3633 3677//3645 3676//3644 3664//3632
f 3666//3634 3678//3646 3677//3645 3665//3633
f 3667//3635 3679//3647 3678//3646 3666//3634
f 3668//3636 3680//3648 3679//3647 3667//3635
f 3669//3637 3681//3649 3680//3648 3668//3636
f 3670//3638 3682//3650 3681//3649 3669//3637
f 3671//3639 3683//3651 3682//3650 3670//3638
f 3672//3640 3684//3652 3683//3651 3671//3639
f 3662//3630 3674//3642 3684//3652 3672//3640
f 3673//3641 3685//3653 3686//3654 3674//3642
f 3675//3643 3687//3655 3685//3653 3673//3641
f 3676//3644 3688//3656 3687//3655 3675//3643
f 3677//3645 3689//3657 3688//3656 3676//3644
f 3678//3646 3690//3658 3689//3657 3677//3645
f 3679//3647 3691//3659 3690//3658 3678//3646
f 3680//3648 3692//3660 3691//3659 3679//3647
f 3681//3649 3693//3661 3692//3660 3680//3648
f 3682//3650 3694//3662 3693//3661 3681//3649
f 3683//3651 3695//3663 3694//3662 3682//3650
f 3684//3652 3696//3664 3695//3663 3683//3651
f 3674//3642 3686//3654 3696//3664 3684//3652
f 3685//3653 3697//3665 3698//3666 3686//3654
f 3687//3655 3699//3667 3697//3665 3685//3653
f 3688//3656 3700//3668 3699//3667 3687//3655
f 3689//3657 3701//3669 3700//3668 3688//3656
f 3690//3658 3702//3670 3701//3669 3689//3657
f 3691//3659 3703//3671 3702//3670 3690//3658
f 3692//3660 3704//3672 3703//3671 3691//3659
f 3693//3661 3705//3673 3704//3672 3692//3660
f 3694//3662 3706//3674 3705//3673 3693//3661
f 3695//3663 3707//3675 3706//3674 3694//3662
f 3696//3664 3708//3676 3707//3675 3695//3663
f 3686//3654 3698//3666 3708//3676 3696//3664
