# Extracted from Open3DModel lower-limb.obj — Fibular_artery.r
# License: CC BY-SA 4.0 — AnatomyTOOL Open3D create
o Fibular_artery.r
v -0.086040 0.369869 -0.046048
v -0.087709 0.367376 -0.045629
v -0.087108 0.366955 -0.045831
v -0.085423 0.369436 -0.046233
v -0.086454 0.370257 -0.045519
v -0.088134 0.367702 -0.045088
v -0.086555 0.370497 -0.044788
v -0.088268 0.367846 -0.044353
v -0.086315 0.370523 -0.044051
v -0.088077 0.367769 -0.043621
v -0.085799 0.370330 -0.043505
v -0.087610 0.367492 -0.043087
v -0.085145 0.369969 -0.043296
v -0.086994 0.367089 -0.042896
v -0.084528 0.369536 -0.043481
v -0.086393 0.366668 -0.043097
v -0.084114 0.369148 -0.044010
v -0.085968 0.366342 -0.043638
v -0.084013 0.368908 -0.044741
v -0.085834 0.366198 -0.044373
v -0.084253 0.368881 -0.045478
v -0.086025 0.366275 -0.045105
v -0.084769 0.369075 -0.046025
v -0.086491 0.366552 -0.045639
v -0.089557 0.364747 -0.045605
v -0.088963 0.364350 -0.045822
v -0.089992 0.365013 -0.045061
v -0.090153 0.365078 -0.044335
v -0.089996 0.364922 -0.043622
v -0.089564 0.364590 -0.043113
v -0.088972 0.364168 -0.042945
v -0.088378 0.363771 -0.043162
v -0.087943 0.363505 -0.043706
v -0.087782 0.363441 -0.044432
v -0.087939 0.363596 -0.045144
v -0.088371 0.363929 -0.045653
v -0.091529 0.361928 -0.045909
v -0.090937 0.361565 -0.046138
v -0.091972 0.362140 -0.045367
v -0.092146 0.362144 -0.044657
v -0.092006 0.361939 -0.043970
v -0.091589 0.361579 -0.043488
v -0.091007 0.361162 -0.043343
v -0.090415 0.360799 -0.043572
v -0.089972 0.360587 -0.044114
v -0.089797 0.360583 -0.044824
v -0.089937 0.360788 -0.045511
v -0.090355 0.361148 -0.045993
v -0.093559 0.358878 -0.046470
v -0.092965 0.358555 -0.046707
v -0.094004 0.359042 -0.045933
v -0.094180 0.359003 -0.045240
v -0.094041 0.358772 -0.044577
v -0.093624 0.358410 -0.044121
v -0.093040 0.358014 -0.043994
v -0.092446 0.357691 -0.044231
v -0.092002 0.357527 -0.044768
v -0.091825 0.357566 -0.045462
v -0.091964 0.357798 -0.046125
v -0.092382 0.358160 -0.046581
v -0.095577 0.355555 -0.047208
v -0.094980 0.355276 -0.047450
v -0.096018 0.355678 -0.046676
v -0.096186 0.355612 -0.045998
v -0.096035 0.355374 -0.045356
v -0.095607 0.355029 -0.044921
v -0.095016 0.354669 -0.044809
v -0.094420 0.354390 -0.045052
v -0.093978 0.354267 -0.045583
v -0.093811 0.354333 -0.046261
v -0.093961 0.354571 -0.046904
v -0.094389 0.354916 -0.047339
v -0.097512 0.351914 -0.048037
v -0.096915 0.351682 -0.048284
v -0.097944 0.352003 -0.047511
v -0.098096 0.351923 -0.046846
v -0.097926 0.351697 -0.046221
v -0.097480 0.351385 -0.045802
v -0.096878 0.351071 -0.045703
v -0.096281 0.350838 -0.045949
v -0.095849 0.350750 -0.046475
v -0.095697 0.350829 -0.047140
v -0.095867 0.351055 -0.047766
v -0.096313 0.351367 -0.048184
v -0.099296 0.347911 -0.048872
v -0.098701 0.347725 -0.049122
v -0.099714 0.347972 -0.048351
v -0.099844 0.347893 -0.047696
v -0.099649 0.347693 -0.047085
v -0.099184 0.347428 -0.046680
v -0.098571 0.347167 -0.046591
v -0.097976 0.346981 -0.046841
v -0.097558 0.346920 -0.047363
v -0.097429 0.346999 -0.048017
v -0.097623 0.347198 -0.048628
v -0.098089 0.347464 -0.049033
v -0.100860 0.343499 -0.049625
v -0.100271 0.343358 -0.049879
v -0.101260 0.343541 -0.049106
v -0.101364 0.343473 -0.048461
v -0.101145 0.343314 -0.047863
v -0.100660 0.343105 -0.047472
v -0.100040 0.342904 -0.047393
v -0.099451 0.342763 -0.047647
v -0.099051 0.342721 -0.048166
v -0.098946 0.342788 -0.048811
v -0.099166 0.342948 -0.049409
v -0.099651 0.343156 -0.049800
v -0.102136 0.338635 -0.050207
v -0.101557 0.338536 -0.050467
v -0.102515 0.338666 -0.049691
v -0.102594 0.338620 -0.049055
v -0.102351 0.338511 -0.048471
v -0.101851 0.338366 -0.048095
v -0.101228 0.338226 -0.048028
v -0.100650 0.338127 -0.048288
v -0.100270 0.338096 -0.048805
v -0.100191 0.338141 -0.049440
v -0.100435 0.338251 -0.050024
v -0.100934 0.338395 -0.050400
v -0.103058 0.333277 -0.050531
v -0.102494 0.333215 -0.050798
v -0.103415 0.333304 -0.050016
v -0.103470 0.333289 -0.049392
v -0.103208 0.333235 -0.048825
v -0.102699 0.333157 -0.048467
v -0.102079 0.333076 -0.048415
v -0.101515 0.333014 -0.048682
v -0.101158 0.332987 -0.049196
v -0.101103 0.333002 -0.049820
v -0.101365 0.333056 -0.050387
v -0.101874 0.333134 -0.050745
v -0.103562 0.327383 -0.050510
v -0.103016 0.327351 -0.050785
v -0.103897 0.327413 -0.049999
v -0.103931 0.327433 -0.049388
v -0.103656 0.327437 -0.048841
v -0.103144 0.327424 -0.048506
v -0.102533 0.327398 -0.048471
v -0.101988 0.327366 -0.048746
v -0.101653 0.327336 -0.049257
v -0.101619 0.327317 -0.049868
v -0.101894 0.327313 -0.050415
v -0.102406 0.327325 -0.050750
v -0.103588 0.320923 -0.050063
v -0.103063 0.320919 -0.050347
v -0.103901 0.320953 -0.049555
v -0.103918 0.321000 -0.048960
v -0.103635 0.321052 -0.048437
v -0.103127 0.321094 -0.048126
v -0.102530 0.321117 -0.048111
v -0.102005 0.321112 -0.048395
v -0.101692 0.321083 -0.048902
v -0.101675 0.321036 -0.049498
v -0.101958 0.320984 -0.050021
v -0.102466 0.320941 -0.050332
v -0.103492 0.319619 -0.049936
v -0.102969 0.319641 -0.050222
v -0.103805 0.319639 -0.049427
v -0.103822 0.319694 -0.048833
v -0.103541 0.319771 -0.048312
v -0.103035 0.319848 -0.048004
v -0.102440 0.319905 -0.047992
v -0.101917 0.319927 -0.048278
v -0.101604 0.319907 -0.048787
v -0.101587 0.319852 -0.049381
v -0.101868 0.319775 -0.049902
v -0.102374 0.319698 -0.050210
v -0.103282 0.317780 -0.049761
v -0.102760 0.317818 -0.050049
v -0.103593 0.317788 -0.049252
v -0.103611 0.317840 -0.048657
v -0.103329 0.317923 -0.048137
v -0.102825 0.318014 -0.047830
v -0.102233 0.318089 -0.047819
v -0.101711 0.318127 -0.048107
v -0.101400 0.318120 -0.048617
v -0.101382 0.318067 -0.049212
v -0.101664 0.317984 -0.049732
v -0.102168 0.317893 -0.050039
v -0.102958 0.315385 -0.049550
v -0.102438 0.315435 -0.049839
v -0.103268 0.315384 -0.049039
v -0.103285 0.315432 -0.048444
v -0.103004 0.315515 -0.047924
v -0.102500 0.315612 -0.047618
v -0.101909 0.315697 -0.047608
v -0.101389 0.315746 -0.047897
v -0.101079 0.315747 -0.048407
v -0.101062 0.315700 -0.049002
v -0.101343 0.315616 -0.049523
v -0.101847 0.315519 -0.049829
v -0.102522 0.312434 -0.049314
v -0.102003 0.312491 -0.049604
v -0.102831 0.312425 -0.048803
v -0.102847 0.312468 -0.048208
v -0.102566 0.312550 -0.047687
v -0.102062 0.312649 -0.047381
v -0.101472 0.312739 -0.047372
v -0.100953 0.312797 -0.047662
v -0.100644 0.312805 -0.048173
v -0.100628 0.312763 -0.048768
v -0.100909 0.312681 -0.049289
v -0.101413 0.312582 -0.049594
v -0.101975 0.308929 -0.049068
v -0.101456 0.308993 -0.049358
v -0.102282 0.308914 -0.048556
v -0.102297 0.308950 -0.047960
v -0.102016 0.309029 -0.047440
v -0.101512 0.309129 -0.047134
v -0.100923 0.309223 -0.047125
v -0.100405 0.309287 -0.047415
v -0.100097 0.309303 -0.047927
v -0.100082 0.309266 -0.048522
v -0.100364 0.309187 -0.049043
v -0.100867 0.309087 -0.049349
v -0.101317 0.304876 -0.048824
v -0.100800 0.304945 -0.049115
v -0.101624 0.304854 -0.048312
v -0.101638 0.304884 -0.047716
v -0.101355 0.304959 -0.047195
v -0.100852 0.305058 -0.046889
v -0.100263 0.305156 -0.046880
v -0.099746 0.305225 -0.047171
v -0.099439 0.305247 -0.047683
v -0.099425 0.305217 -0.048279
v -0.099707 0.305142 -0.048800
v -0.100211 0.305042 -0.049106
v -0.100551 0.300279 -0.048596
v -0.100034 0.300353 -0.048887
v -0.100857 0.300250 -0.048084
v -0.100870 0.300274 -0.047488
v -0.100586 0.300345 -0.046967
v -0.100083 0.300443 -0.046661
v -0.099494 0.300543 -0.046652
v -0.098978 0.300617 -0.046942
v -0.098672 0.300646 -0.047455
v -0.098659 0.300622 -0.048051
v -0.098942 0.300551 -0.048572
v -0.099446 0.300453 -0.048878
v -0.099678 0.295144 -0.048398
v -0.099162 0.295223 -0.048689
v -0.099982 0.295109 -0.047885
v -0.099994 0.295127 -0.047289
v -0.099710 0.295192 -0.046767
v -0.099206 0.295289 -0.046461
v -0.098618 0.295390 -0.046453
v -0.098102 0.295469 -0.046744
v -0.097798 0.295504 -0.047256
v -0.097786 0.295486 -0.047853
v -0.098070 0.295421 -0.048374
v -0.098573 0.295324 -0.048680
v -0.098698 0.289477 -0.048242
v -0.098184 0.289560 -0.048533
v -0.099002 0.289436 -0.047730
v -0.099013 0.289447 -0.047133
v -0.098728 0.289508 -0.046611
v -0.098224 0.289602 -0.046305
v -0.097636 0.289704 -0.046296
v -0.097121 0.289788 -0.046587
v -0.096817 0.289829 -0.047100
v -0.096806 0.289818 -0.047697
v -0.097091 0.289757 -0.048218
v -0.097595 0.289663 -0.048525
v -0.097615 0.283284 -0.048143
v -0.097101 0.283371 -0.048434
v -0.097917 0.283236 -0.047630
v -0.097927 0.283240 -0.047033
v -0.097641 0.283296 -0.046511
v -0.097137 0.283388 -0.046205
v -0.096549 0.283491 -0.046197
v -0.096035 0.283579 -0.046488
v -0.095732 0.283627 -0.047000
v -0.095723 0.283622 -0.047598
v -0.096008 0.283567 -0.048119
v -0.096513 0.283475 -0.048425
v -0.096429 0.276570 -0.048113
v -0.095915 0.276662 -0.048404
v -0.096730 0.276516 -0.047600
v -0.096738 0.276514 -0.047003
v -0.096452 0.276564 -0.046482
v -0.095947 0.276653 -0.046176
v -0.095359 0.276757 -0.046167
v -0.094845 0.276849 -0.046458
v -0.094544 0.276903 -0.046971
v -0.094536 0.276905 -0.047568
v -0.094822 0.276855 -0.048089
v -0.095327 0.276766 -0.048395
v -0.095140 0.269337 -0.048166
v -0.094626 0.269423 -0.048457
v -0.095442 0.269288 -0.047654
v -0.095451 0.269288 -0.047056
v -0.095164 0.269338 -0.046535
v -0.094659 0.269424 -0.046229
v -0.094070 0.269523 -0.046220
v -0.093555 0.269608 -0.046511
v -0.093253 0.269658 -0.047024
v -0.093244 0.269657 -0.047621
v -0.093531 0.269607 -0.048143
v -0.094037 0.269522 -0.048449
v -0.094905 0.267848 -0.048146
v -0.094388 0.267919 -0.048437
v -0.095209 0.267813 -0.047634
v -0.095220 0.267825 -0.047037
v -0.094934 0.267879 -0.046515
v -0.094428 0.267962 -0.046209
v -0.093837 0.268051 -0.046201
v -0.093321 0.268122 -0.046491
v -0.093016 0.268157 -0.047004
v -0.093005 0.268145 -0.047601
v -0.093292 0.268091 -0.048122
v -0.093798 0.268008 -0.048429
v -0.094545 0.265324 -0.048070
v -0.094027 0.265387 -0.048360
v -0.094850 0.265299 -0.047557
v -0.094862 0.265316 -0.046961
v -0.094576 0.265373 -0.046439
v -0.094070 0.265454 -0.046133
v -0.093479 0.265536 -0.046124
v -0.092961 0.265599 -0.046415
v -0.092655 0.265625 -0.046927
v -0.092643 0.265607 -0.047524
v -0.092929 0.265550 -0.048045
v -0.093435 0.265469 -0.048351
v -0.094075 0.261864 -0.047948
v -0.093556 0.261922 -0.048239
v -0.094381 0.261841 -0.047436
v -0.094393 0.261861 -0.046839
v -0.094107 0.261917 -0.046318
v -0.093601 0.261996 -0.046011
v -0.093009 0.262075 -0.046002
v -0.092490 0.262134 -0.046293
v -0.092184 0.262157 -0.046805
v -0.092172 0.262137 -0.047402
v -0.092458 0.262080 -0.047923
v -0.092965 0.262002 -0.048229
v -0.093510 0.257561 -0.047793
v -0.092992 0.257617 -0.048084
v -0.093817 0.257539 -0.047281
v -0.093828 0.257559 -0.046684
v -0.093543 0.257614 -0.046163
v -0.093036 0.257691 -0.045856
v -0.092444 0.257768 -0.045847
v -0.091925 0.257825 -0.046138
v -0.091619 0.257846 -0.046650
v -0.091607 0.257826 -0.047247
v -0.091893 0.257771 -0.047768
v -0.092399 0.257694 -0.048074
v -0.092866 0.252511 -0.047616
v -0.092347 0.252567 -0.047907
v -0.093172 0.252490 -0.047104
v -0.093184 0.252509 -0.046508
v -0.092898 0.252563 -0.045986
v -0.092391 0.252637 -0.045680
v -0.091798 0.252712 -0.045670
v -0.091279 0.252767 -0.045961
v -0.090973 0.252789 -0.046473
v -0.090961 0.252770 -0.047070
v -0.091247 0.252716 -0.047591
v -0.091755 0.252642 -0.047898
v -0.092156 0.246812 -0.047430
v -0.091637 0.246867 -0.047720
v -0.092463 0.246790 -0.046918
v -0.092474 0.246808 -0.046321
v -0.092188 0.246859 -0.045799
v -0.091680 0.246931 -0.045493
v -0.091088 0.247004 -0.045484
v -0.090569 0.247059 -0.045774
v -0.090262 0.247081 -0.046286
v -0.090251 0.247064 -0.046883
v -0.090537 0.247012 -0.047405
v -0.091045 0.246940 -0.047711
v -0.091397 0.240559 -0.047245
v -0.090878 0.240614 -0.047536
v -0.091703 0.240537 -0.046733
v -0.091714 0.240552 -0.046136
v -0.091427 0.240601 -0.045615
v -0.090920 0.240670 -0.045308
v -0.090327 0.240741 -0.045299
v -0.089808 0.240796 -0.045589
v -0.089502 0.240818 -0.046101
v -0.089490 0.240803 -0.046698
v -0.089777 0.240754 -0.047220
v -0.090285 0.240685 -0.047526
v -0.090602 0.233849 -0.047074
v -0.090083 0.233903 -0.047365
v -0.090908 0.233825 -0.046562
v -0.090919 0.233838 -0.045965
v -0.090632 0.233883 -0.045443
v -0.090124 0.233950 -0.045137
v -0.089531 0.234019 -0.045127
v -0.089012 0.234073 -0.045418
v -0.088706 0.234097 -0.045930
v -0.088695 0.234085 -0.046527
v -0.088982 0.234039 -0.047049
v -0.089490 0.233973 -0.047355
v -0.089787 0.226778 -0.046929
v -0.089268 0.226832 -0.047219
v -0.090093 0.226753 -0.046416
v -0.090104 0.226762 -0.045819
v -0.089816 0.226804 -0.045297
v -0.089308 0.226867 -0.044991
v -0.088715 0.226935 -0.044981
v -0.088195 0.226988 -0.045272
v -0.087890 0.227014 -0.045784
v -0.087879 0.227005 -0.046381
v -0.088167 0.226963 -0.046903
v -0.088675 0.226900 -0.047209
v -0.088968 0.219443 -0.046820
v -0.088449 0.219497 -0.047110
v -0.089273 0.219415 -0.046307
v -0.089283 0.219421 -0.045710
v -0.088995 0.219459 -0.045189
v -0.088487 0.219518 -0.044882
v -0.087893 0.219583 -0.044872
v -0.087374 0.219637 -0.045163
v -0.087068 0.219665 -0.045675
v -0.087058 0.219659 -0.046272
v -0.087346 0.219621 -0.046794
v -0.087855 0.219562 -0.047101
v -0.088158 0.211940 -0.046760
v -0.087639 0.211994 -0.047050
v -0.088463 0.211910 -0.046247
v -0.088473 0.211911 -0.045650
v -0.088184 0.211943 -0.045128
v -0.087675 0.211999 -0.044822
v -0.087081 0.212061 -0.044812
v -0.086562 0.212115 -0.045102
v -0.086257 0.212145 -0.045615
v -0.086247 0.212144 -0.046212
v -0.086536 0.212112 -0.046734
v -0.087045 0.212056 -0.047041
v -0.087371 0.204351 -0.046760
v -0.086854 0.204419 -0.047050
v -0.087675 0.204307 -0.046248
v -0.087684 0.204300 -0.045651
v -0.087395 0.204331 -0.045129
v -0.086886 0.204391 -0.044822
v -0.086294 0.204465 -0.044813
v -0.085776 0.204533 -0.045103
v -0.085473 0.204577 -0.045615
v -0.085464 0.204584 -0.046212
v -0.085753 0.204553 -0.046734
v -0.086261 0.204493 -0.047041
v -0.087193 0.203209 -0.046774
v -0.086686 0.203303 -0.047060
v -0.087490 0.203144 -0.046268
v -0.087497 0.203124 -0.045679
v -0.087212 0.203156 -0.045164
v -0.086712 0.203230 -0.044860
v -0.086130 0.203328 -0.044851
v -0.085623 0.203421 -0.045137
v -0.085326 0.203487 -0.045642
v -0.085320 0.203506 -0.046231
v -0.085605 0.203474 -0.046747
v -0.086105 0.203400 -0.047050
v -0.086888 0.201642 -0.046828
v -0.086390 0.201751 -0.047109
v -0.087178 0.201563 -0.046329
v -0.087183 0.201534 -0.045748
v -0.086902 0.201565 -0.045239
v -0.086409 0.201645 -0.044939
v -0.085838 0.201755 -0.044929
v -0.085340 0.201863 -0.045211
v -0.085050 0.201943 -0.045709
v -0.085045 0.201971 -0.046291
v -0.085326 0.201941 -0.046799
v -0.085819 0.201860 -0.047099
v -0.086481 0.199623 -0.046924
v -0.085991 0.199733 -0.047201
v -0.086767 0.199540 -0.046432
v -0.086771 0.199507 -0.045858
v -0.086492 0.199532 -0.045356
v -0.086006 0.199609 -0.045061
v -0.085441 0.199717 -0.045051
v -0.084951 0.199827 -0.045329
v -0.084665 0.199910 -0.045820
v -0.084661 0.199943 -0.046394
v -0.084940 0.199918 -0.046896
v -0.085427 0.199841 -0.047191
v -0.085997 0.197115 -0.047064
v -0.085512 0.197220 -0.047339
v -0.086279 0.197033 -0.046579
v -0.086282 0.196997 -0.046013
v -0.086006 0.197016 -0.045518
v -0.085524 0.197085 -0.045227
v -0.084967 0.197186 -0.045217
v -0.084482 0.197291 -0.045492
v -0.084200 0.197373 -0.045977
v -0.084197 0.197409 -0.046543
v -0.084473 0.197390 -0.047038
v -0.084954 0.197321 -0.047329
v -0.085459 0.194085 -0.047252
v -0.084979 0.194182 -0.047523
v -0.085737 0.194007 -0.046773
v -0.085740 0.193969 -0.046215
v -0.085467 0.193981 -0.045727
v -0.084990 0.194040 -0.045440
v -0.084438 0.194131 -0.045431
v -0.083958 0.194228 -0.045703
v -0.083680 0.194306 -0.046182
v -0.083677 0.194344 -0.046740
v -0.083951 0.194332 -0.047228
v -0.084427 0.194273 -0.047514
v -0.084891 0.190503 -0.047490
v -0.084417 0.190591 -0.047758
v -0.085167 0.190430 -0.047017
v -0.085169 0.190390 -0.046467
v -0.084898 0.190396 -0.045986
v -0.084426 0.190444 -0.045703
v -0.083880 0.190523 -0.045695
v -0.083406 0.190611 -0.045964
v -0.083131 0.190684 -0.046436
v -0.083128 0.190724 -0.046987
v -0.083399 0.190718 -0.047468
v -0.083871 0.190670 -0.047750
v -0.084319 0.186338 -0.047779
v -0.083850 0.186416 -0.048045
v -0.084591 0.186271 -0.047313
v -0.084594 0.186231 -0.046770
v -0.084326 0.186229 -0.046296
v -0.083859 0.186267 -0.046019
v -0.083319 0.186333 -0.046011
v -0.082850 0.186411 -0.046277
v -0.082577 0.186479 -0.046743
v -0.082575 0.186519 -0.047286
v -0.082843 0.186520 -0.047760
v -0.083310 0.186483 -0.048037
v -0.083767 0.181561 -0.048124
v -0.083304 0.181628 -0.048386
v -0.084036 0.181499 -0.047663
v -0.084038 0.181459 -0.047128
v -0.083773 0.181451 -0.046661
v -0.083312 0.181478 -0.046388
v -0.082778 0.181532 -0.046382
v -0.082314 0.181599 -0.046644
v -0.082045 0.181661 -0.047104
v -0.082043 0.181702 -0.047640
v -0.082308 0.181709 -0.048106
v -0.082770 0.181683 -0.048379
v -0.083260 0.176141 -0.048524
v -0.082802 0.176198 -0.048784
v -0.083526 0.176085 -0.048070
v -0.083528 0.176045 -0.047542
v -0.083266 0.176031 -0.047083
v -0.082810 0.176047 -0.046814
v -0.082283 0.176089 -0.046809
v -0.081825 0.176146 -0.047068
v -0.081559 0.176202 -0.047522
v -0.081557 0.176243 -0.048050
v -0.081819 0.176257 -0.048510
v -0.082275 0.176241 -0.048778
v -0.082823 0.170050 -0.048985
v -0.082371 0.170097 -0.049241
v -0.083085 0.169999 -0.048536
v -0.083087 0.169959 -0.048016
v -0.082829 0.169939 -0.047564
v -0.082379 0.169945 -0.047300
v -0.081858 0.169976 -0.047295
v -0.081406 0.170023 -0.047551
v -0.081144 0.170073 -0.048000
v -0.081142 0.170114 -0.048520
v -0.081400 0.170134 -0.048972
v -0.081850 0.170127 -0.049236
v -0.082481 0.163257 -0.049506
v -0.082035 0.163294 -0.049759
v -0.082739 0.163212 -0.049064
v -0.082741 0.163172 -0.048552
v -0.082486 0.163146 -0.048106
v -0.082042 0.163143 -0.047847
v -0.081528 0.163163 -0.047843
v -0.081082 0.163200 -0.048096
v -0.080824 0.163245 -0.048538
v -0.080822 0.163285 -0.049051
v -0.081077 0.163310 -0.049497
v -0.081521 0.163314 -0.049756
v -0.082258 0.155729 -0.050092
v -0.081818 0.155742 -0.050343
v -0.082513 0.155705 -0.049655
v -0.082515 0.155678 -0.049149
v -0.082263 0.155654 -0.048710
v -0.081826 0.155640 -0.048455
v -0.081319 0.155639 -0.048453
v -0.080879 0.155652 -0.048704
v -0.080624 0.155675 -0.049141
v -0.080622 0.155702 -0.049647
v -0.080873 0.155727 -0.050086
v -0.081311 0.155741 -0.050341
v -0.082295 0.154335 -0.050127
v -0.081859 0.154316 -0.050377
v -0.082547 0.154341 -0.049692
v -0.082549 0.154334 -0.049190
v -0.082299 0.154314 -0.048755
v -0.081866 0.154287 -0.048502
v -0.081364 0.154261 -0.048501
v -0.080929 0.154242 -0.048751
v -0.080677 0.154235 -0.049186
v -0.080675 0.154243 -0.049688
v -0.080924 0.154263 -0.050123
v -0.081358 0.154290 -0.050376
v -0.082453 0.152118 -0.050125
v -0.082023 0.152083 -0.050373
v -0.082703 0.152138 -0.049694
v -0.082704 0.152136 -0.049196
v -0.082457 0.152113 -0.048764
v -0.082028 0.152075 -0.048514
v -0.081532 0.152033 -0.048513
v -0.081101 0.151997 -0.048761
v -0.080852 0.151978 -0.049192
v -0.080851 0.151980 -0.049690
v -0.081098 0.152003 -0.050122
v -0.081527 0.152041 -0.050372
v -0.082734 0.149128 -0.050140
v -0.082307 0.149088 -0.050386
v -0.082981 0.149146 -0.049713
v -0.082983 0.149139 -0.049220
v -0.082739 0.149107 -0.048792
v -0.082314 0.149059 -0.048544
v -0.081823 0.149009 -0.048543
v -0.081397 0.148969 -0.048789
v -0.081150 0.148950 -0.049216
v -0.081148 0.148958 -0.049710
v -0.081392 0.148990 -0.050138
v -0.081816 0.149038 -0.050385
v -0.083136 0.145410 -0.050227
v -0.082713 0.145371 -0.050471
v -0.083382 0.145423 -0.049804
v -0.083384 0.145405 -0.049315
v -0.083144 0.145361 -0.048891
v -0.082724 0.145304 -0.048646
v -0.082238 0.145248 -0.048645
v -0.081815 0.145208 -0.048889
v -0.081570 0.145196 -0.049312
v -0.081567 0.145213 -0.049801
v -0.081808 0.145257 -0.050225
v -0.082227 0.145314 -0.050470
v -0.083660 0.141014 -0.050440
v -0.083241 0.140977 -0.050681
v -0.083905 0.141017 -0.050021
v -0.083909 0.140987 -0.049537
v -0.083672 0.140930 -0.049117
v -0.083258 0.140862 -0.048875
v -0.082776 0.140802 -0.048874
v -0.082357 0.140765 -0.049116
v -0.082113 0.140762 -0.049535
v -0.082109 0.140792 -0.050019
v -0.082345 0.140849 -0.050438
v -0.082760 0.140916 -0.050681
v -0.084307 0.135988 -0.050832
v -0.083892 0.135955 -0.051071
v -0.084551 0.135981 -0.050417
v -0.084557 0.135936 -0.049939
v -0.084325 0.135865 -0.049524
v -0.083915 0.135787 -0.049285
v -0.083438 0.135723 -0.049284
v -0.083023 0.135690 -0.049524
v -0.082779 0.135697 -0.049938
v -0.082773 0.135742 -0.050417
v -0.083005 0.135813 -0.050831
v -0.083415 0.135891 -0.051071
v -0.085077 0.130382 -0.051458
v -0.084664 0.130354 -0.051694
v -0.085320 0.130363 -0.051048
v -0.085329 0.130302 -0.050576
v -0.085100 0.130216 -0.050167
v -0.084696 0.130127 -0.049931
v -0.084224 0.130060 -0.049931
v -0.083811 0.130032 -0.050167
v -0.083568 0.130052 -0.050577
v -0.083560 0.130112 -0.051049
v -0.083788 0.130199 -0.051458
v -0.084192 0.130287 -0.051694
v -0.085969 0.124245 -0.052371
v -0.085560 0.124223 -0.052605
v -0.086212 0.124213 -0.051968
v -0.086223 0.124135 -0.051502
v -0.085999 0.124033 -0.051099
v -0.085600 0.123934 -0.050867
v -0.085133 0.123863 -0.050868
v -0.084723 0.123842 -0.051101
v -0.084480 0.123874 -0.051505
v -0.084470 0.123951 -0.051970
v -0.084694 0.124054 -0.052373
v -0.085093 0.124153 -0.052605
v -0.086985 0.117627 -0.053627
v -0.086578 0.117611 -0.053857
v -0.087228 0.117581 -0.053229
v -0.087241 0.117485 -0.052772
v -0.087022 0.117366 -0.052376
v -0.086629 0.117256 -0.052148
v -0.086166 0.117183 -0.052149
v -0.085759 0.117167 -0.052379
v -0.085516 0.117213 -0.052777
v -0.085503 0.117309 -0.053235
v -0.085722 0.117428 -0.053631
v -0.086116 0.117538 -0.053858
v -0.088123 0.110576 -0.055278
v -0.087719 0.110567 -0.055505
v -0.088367 0.110515 -0.054888
v -0.088383 0.110402 -0.054439
v -0.088169 0.110265 -0.054051
v -0.087781 0.110143 -0.053828
v -0.087324 0.110068 -0.053831
v -0.086919 0.110059 -0.054057
v -0.086676 0.110120 -0.054447
v -0.086659 0.110233 -0.054896
v -0.086874 0.110369 -0.055284
v -0.087262 0.110492 -0.055507
v -0.089385 0.103142 -0.057380
v -0.088983 0.103141 -0.057602
v -0.089629 0.103066 -0.056998
v -0.089649 0.102934 -0.056558
v -0.089440 0.102780 -0.056180
v -0.089058 0.102646 -0.055963
v -0.088605 0.102568 -0.055966
v -0.088203 0.102566 -0.056188
v -0.087959 0.102642 -0.056570
v -0.087940 0.102775 -0.057009
v -0.088149 0.102928 -0.057388
v -0.088531 0.103062 -0.057605
v -0.090776 0.095341 -0.059997
v -0.090377 0.095351 -0.060214
v -0.091019 0.095256 -0.059622
v -0.091040 0.095117 -0.059189
v -0.090834 0.094962 -0.058814
v -0.090455 0.094832 -0.058599
v -0.090005 0.094762 -0.058599
v -0.089605 0.094772 -0.058816
v -0.089362 0.094857 -0.059191
v -0.089341 0.094996 -0.059624
v -0.089548 0.095151 -0.059998
v -0.089927 0.095281 -0.060214
v -0.090905 0.094242 -0.060332
v -0.090513 0.094264 -0.060539
v -0.091142 0.094158 -0.059967
v -0.091161 0.094035 -0.059541
v -0.090956 0.093906 -0.059169
v -0.090584 0.093805 -0.058950
v -0.090142 0.093760 -0.058944
v -0.089751 0.093782 -0.059151
v -0.089514 0.093866 -0.059517
v -0.089495 0.093989 -0.059943
v -0.089700 0.094118 -0.060315
v -0.090072 0.094218 -0.060533
v -0.090983 0.092841 -0.060687
v -0.090601 0.092872 -0.060887
v -0.091214 0.092764 -0.060330
v -0.091231 0.092661 -0.059911
v -0.091030 0.092559 -0.059542
v -0.090665 0.092487 -0.059322
v -0.090234 0.092463 -0.059310
v -0.089852 0.092494 -0.059510
v -0.089622 0.092572 -0.059867
v -0.089604 0.092675 -0.060286
v -0.089805 0.092776 -0.060655
v -0.090170 0.092848 -0.060875
v -0.091019 0.091179 -0.061054
v -0.090647 0.091214 -0.061247
v -0.091244 0.091108 -0.060706
v -0.091260 0.091018 -0.060295
v -0.091064 0.090935 -0.059933
v -0.090708 0.090880 -0.059715
v -0.090288 0.090868 -0.059701
v -0.089916 0.090903 -0.059894
v -0.089692 0.090975 -0.060242
v -0.089675 0.091065 -0.060653
v -0.089871 0.091148 -0.061016
v -0.090227 0.091203 -0.061233
v -0.091022 0.089264 -0.061434
v -0.090660 0.089300 -0.061622
v -0.091240 0.089197 -0.061095
v -0.091256 0.089118 -0.060694
v -0.091065 0.089047 -0.060339
v -0.090719 0.089003 -0.060125
v -0.090311 0.088999 -0.060110
v -0.089949 0.089035 -0.060297
v -0.089731 0.089102 -0.060637
v -0.089715 0.089181 -0.061038
v -0.089906 0.089252 -0.061393
v -0.090252 0.089296 -0.061606
v -0.091000 0.087107 -0.061826
v -0.090649 0.087143 -0.062008
v -0.091212 0.087045 -0.061495
v -0.091228 0.086974 -0.061105
v -0.091042 0.086912 -0.060758
v -0.090706 0.086876 -0.060550
v -0.090309 0.086876 -0.060534
v -0.089957 0.086912 -0.060716
v -0.089745 0.086973 -0.061047
v -0.089730 0.087045 -0.061437
v -0.089915 0.087107 -0.061784
v -0.090251 0.087143 -0.061993
v -0.090961 0.084724 -0.062228
v -0.090620 0.084758 -0.062405
v -0.091167 0.084667 -0.061906
v -0.091182 0.084602 -0.061526
v -0.091002 0.084547 -0.061189
v -0.090675 0.084516 -0.060985
v -0.090290 0.084518 -0.060970
v -0.089948 0.084552 -0.061147
v -0.089742 0.084609 -0.061468
v -0.089727 0.084674 -0.061848
v -0.089907 0.084729 -0.062186
v -0.090234 0.084760 -0.062389
v -0.090912 0.082130 -0.062637
v -0.090581 0.082162 -0.062809
v -0.091112 0.082078 -0.062325
v -0.091127 0.082019 -0.061955
v -0.090952 0.081969 -0.061627
v -0.090635 0.081941 -0.061430
v -0.090261 0.081944 -0.061414
v -0.089930 0.081975 -0.061586
v -0.089730 0.082028 -0.061899
v -0.089715 0.082087 -0.062268
v -0.089890 0.082137 -0.062596
v -0.090207 0.082164 -0.062794
v -0.090862 0.079341 -0.063052
v -0.090540 0.079370 -0.063218
v -0.091055 0.079294 -0.062748
v -0.091069 0.079239 -0.062390
v -0.090900 0.079194 -0.062072
v -0.090593 0.079168 -0.061880
v -0.090230 0.079170 -0.061865
v -0.089909 0.079199 -0.062032
v -0.089716 0.079247 -0.062335
v -0.089701 0.079301 -0.062694
v -0.089871 0.079347 -0.063012
v -0.090178 0.079372 -0.063204
v -0.090817 0.076374 -0.063469
v -0.090505 0.076400 -0.063631
v -0.091004 0.076331 -0.063175
v -0.091018 0.076281 -0.062827
v -0.090854 0.076239 -0.062519
v -0.090557 0.076215 -0.062333
v -0.090205 0.076215 -0.062319
v -0.089894 0.076241 -0.062481
v -0.089707 0.076284 -0.062775
v -0.089693 0.076334 -0.063123
v -0.089857 0.076376 -0.063431
v -0.090154 0.076401 -0.063617
v -0.090784 0.073246 -0.063887
v -0.090483 0.073268 -0.064043
v -0.090966 0.073207 -0.063602
v -0.090979 0.073161 -0.063265
v -0.090821 0.073121 -0.062967
v -0.090533 0.073097 -0.062787
v -0.090193 0.073096 -0.062773
v -0.089892 0.073118 -0.062930
v -0.089711 0.073157 -0.063215
v -0.089697 0.073203 -0.063552
v -0.089856 0.073243 -0.063850
v -0.090144 0.073267 -0.064030
v -0.090773 0.069972 -0.064302
v -0.090482 0.069990 -0.064454
v -0.090948 0.069937 -0.064026
v -0.090961 0.069896 -0.063700
v -0.090808 0.069858 -0.063412
v -0.090530 0.069834 -0.063238
v -0.090202 0.069831 -0.063226
v -0.089911 0.069849 -0.063378
v -0.089735 0.069883 -0.063654
v -0.089723 0.069925 -0.063979
v -0.089876 0.069963 -0.064268
v -0.090154 0.069987 -0.064441
v -0.090789 0.066569 -0.064712
v -0.090509 0.066586 -0.064859
v -0.090959 0.066536 -0.064446
v -0.090971 0.066496 -0.064132
v -0.090823 0.066460 -0.063853
v -0.090555 0.066437 -0.063686
v -0.090238 0.066434 -0.063674
v -0.089957 0.066451 -0.063820
v -0.089788 0.066484 -0.064087
v -0.089776 0.066524 -0.064401
v -0.089924 0.066560 -0.064679
v -0.090192 0.066583 -0.064847
v -0.090781 0.065408 -0.064852
v -0.090507 0.065431 -0.064995
v -0.090947 0.065370 -0.064593
v -0.090959 0.065328 -0.064285
v -0.090815 0.065292 -0.064013
v -0.090552 0.065273 -0.063848
v -0.090242 0.065275 -0.063836
v -0.089967 0.065298 -0.063979
v -0.089802 0.065336 -0.064239
v -0.089790 0.065378 -0.064546
v -0.089934 0.065414 -0.064818
v -0.090197 0.065433 -0.064983
v -0.090742 0.064220 -0.065016
v -0.090473 0.064253 -0.065155
v -0.090904 0.064174 -0.064764
v -0.090915 0.064126 -0.064464
v -0.090774 0.064090 -0.064198
v -0.090517 0.064075 -0.064036
v -0.090214 0.064085 -0.064023
v -0.089945 0.064117 -0.064161
v -0.089783 0.064164 -0.064414
v -0.089772 0.064211 -0.064714
v -0.089913 0.064248 -0.064980
v -0.090170 0.064263 -0.065141
v -0.090668 0.063020 -0.065210
v -0.090406 0.063063 -0.065343
v -0.090825 0.062964 -0.064964
v -0.090836 0.062910 -0.064673
v -0.090698 0.062872 -0.064413
v -0.090447 0.062860 -0.064254
v -0.090151 0.062878 -0.064240
v -0.089889 0.062921 -0.064373
v -0.089731 0.062977 -0.064618
v -0.089720 0.063031 -0.064910
v -0.089859 0.063069 -0.065170
v -0.090110 0.063081 -0.065329
v -0.090557 0.061821 -0.065438
v -0.090302 0.061875 -0.065566
v -0.090710 0.061754 -0.065201
v -0.090720 0.061691 -0.064917
v -0.090584 0.061650 -0.064664
v -0.090339 0.061642 -0.064509
v -0.090050 0.061668 -0.064493
v -0.089795 0.061722 -0.064621
v -0.089642 0.061789 -0.064858
v -0.089632 0.061851 -0.065142
v -0.089768 0.061892 -0.065395
v -0.090013 0.061901 -0.065550
v -0.090406 0.060635 -0.065707
v -0.090158 0.060700 -0.065829
v -0.090554 0.060555 -0.065479
v -0.090562 0.060483 -0.065205
v -0.090429 0.060438 -0.064958
v -0.090190 0.060432 -0.064806
v -0.089909 0.060467 -0.064788
v -0.089661 0.060533 -0.064910
v -0.089514 0.060612 -0.065139
v -0.089505 0.060684 -0.065413
v -0.089638 0.060729 -0.065659
v -0.089877 0.060735 -0.065812
v -0.090213 0.059475 -0.066023
v -0.089974 0.059554 -0.066138
v -0.090355 0.059382 -0.065804
v -0.090361 0.059299 -0.065540
v -0.090230 0.059249 -0.065301
v -0.089997 0.059245 -0.065152
v -0.089724 0.059289 -0.065132
v -0.089485 0.059368 -0.065246
v -0.089343 0.059461 -0.065465
v -0.089337 0.059543 -0.065730
v -0.089468 0.059593 -0.065968
v -0.089701 0.059597 -0.066118
v -0.089975 0.058354 -0.066390
v -0.089745 0.058447 -0.066497
v -0.090110 0.058246 -0.066183
v -0.090113 0.058151 -0.065930
v -0.089984 0.058095 -0.065699
v -0.089757 0.058094 -0.065553
v -0.089493 0.058146 -0.065530
v -0.089262 0.058239 -0.065636
v -0.089128 0.058347 -0.065844
v -0.089124 0.058442 -0.066097
v -0.089254 0.058498 -0.066328
v -0.089481 0.058500 -0.066474
v -0.089690 0.057286 -0.066815
v -0.089470 0.057394 -0.066912
v -0.089816 0.057161 -0.066621
v -0.089815 0.057053 -0.066380
v -0.089687 0.056991 -0.066159
v -0.089466 0.056991 -0.066015
v -0.089211 0.057053 -0.065988
v -0.088991 0.057161 -0.066085
v -0.088865 0.057285 -0.066280
v -0.088866 0.057393 -0.066520
v -0.088994 0.057456 -0.066742
v -0.089215 0.057456 -0.066885
v -0.089355 0.056283 -0.067303
v -0.089146 0.056406 -0.067389
v -0.089471 0.056141 -0.067124
v -0.089465 0.056018 -0.066898
v -0.089337 0.055948 -0.066687
v -0.089122 0.055950 -0.066546
v -0.088877 0.056022 -0.066514
v -0.088669 0.056145 -0.066600
v -0.088552 0.056287 -0.066779
v -0.088559 0.056409 -0.067005
v -0.088687 0.056479 -0.067216
v -0.088902 0.056478 -0.067357
v -0.088967 0.055357 -0.067860
v -0.088772 0.055496 -0.067931
v -0.089072 0.055198 -0.067698
v -0.089058 0.055061 -0.067489
v -0.088929 0.054983 -0.067290
v -0.088720 0.054985 -0.067152
v -0.088487 0.055067 -0.067114
v -0.088292 0.055206 -0.067185
v -0.088187 0.055366 -0.067347
v -0.088201 0.055503 -0.067556
v -0.088330 0.055580 -0.067756
v -0.088538 0.055578 -0.067893
v -0.088524 0.054522 -0.068491
v -0.088344 0.054676 -0.068546
v -0.088615 0.054345 -0.068350
v -0.088592 0.054194 -0.068160
v -0.088462 0.054109 -0.067973
v -0.088259 0.054112 -0.067839
v -0.088038 0.054203 -0.067793
v -0.087858 0.054357 -0.067848
v -0.087767 0.054533 -0.067989
v -0.087790 0.054685 -0.068178
v -0.087920 0.054770 -0.068365
v -0.088123 0.054767 -0.068500
v -0.088023 0.053789 -0.069202
v -0.087860 0.053956 -0.069238
v -0.088098 0.053598 -0.069084
v -0.088065 0.053434 -0.068916
v -0.087932 0.053342 -0.068743
v -0.087735 0.053346 -0.068612
v -0.087527 0.053444 -0.068557
v -0.087364 0.053612 -0.068593
v -0.087289 0.053803 -0.068711
v -0.087322 0.053966 -0.068879
v -0.087455 0.054059 -0.069052
v -0.087652 0.054055 -0.069183
vt 0.000000 1.000000
vt 0.011905 1.000000
vt 0.011905 0.916667
vt 0.000000 0.916667
vt 0.000000 0.083333
vt 0.011905 0.083333
vt 0.011905 0.000000
vt 0.000000 0.000000
vt 0.000000 0.166667
vt 0.011905 0.166667
vt 0.000000 0.250000
vt 0.011905 0.250000
vt 0.000000 0.333333
vt 0.011905 0.333333
vt 0.000000 0.416667
vt 0.011905 0.416667
vt 0.000000 0.500000
vt 0.011905 0.500000
vt 0.000000 0.583333
vt 0.011905 0.583333
vt 0.000000 0.666667
vt 0.011905 0.666667
vt 0.000000 0.750000
vt 0.011905 0.750000
vt 0.000000 0.833333
vt 0.011905 0.833333
vt 0.023810 1.000000
vt 0.023810 0.916667
vt 0.023810 0.083333
vt 0.023810 0.000000
vt 0.023810 0.166667
vt 0.023810 0.250000
vt 0.023810 0.333333
vt 0.023810 0.416667
vt 0.023810 0.500000
vt 0.023810 0.583333
vt 0.023810 0.666667
vt 0.023810 0.750000
vt 0.023810 0.833333
vt 0.035714 1.000000
vt 0.035714 0.916667
vt 0.035714 0.083333
vt 0.035714 0.000000
vt 0.035714 0.166667
vt 0.035714 0.250000
vt 0.035714 0.333333
vt 0.035714 0.416667
vt 0.035714 0.500000
vt 0.035714 0.583333
vt 0.035714 0.666667
vt 0.035714 0.750000
vt 0.035714 0.833333
vt 0.047619 1.000000
vt 0.047619 0.916667
vt 0.047619 0.083333
vt 0.047619 0.000000
vt 0.047619 0.166667
vt 0.047619 0.250000
vt 0.047619 0.333333
vt 0.047619 0.416667
vt 0.047619 0.500000
vt 0.047619 0.583333
vt 0.047619 0.666667
vt 0.047619 0.750000
vt 0.047619 0.833333
vt 0.059524 1.000000
vt 0.059524 0.916667
vt 0.059524 0.083333
vt 0.059524 0.000000
vt 0.059524 0.166667
vt 0.059524 0.250000
vt 0.059524 0.333333
vt 0.059524 0.416667
vt 0.059524 0.500000
vt 0.059524 0.583333
vt 0.059524 0.666667
vt 0.059524 0.750000
vt 0.059524 0.833333
vt 0.071429 1.000000
vt 0.071429 0.916667
vt 0.071429 0.083333
vt 0.071429 0.000000
vt 0.071429 0.166667
vt 0.071429 0.250000
vt 0.071429 0.333333
vt 0.071429 0.416667
vt 0.071429 0.500000
vt 0.071429 0.583333
vt 0.071429 0.666667
vt 0.071429 0.750000
vt 0.071429 0.833333
vt 0.083333 1.000000
vt 0.083333 0.916667
vt 0.083333 0.083333
vt 0.083333 0.000000
vt 0.083333 0.166667
vt 0.083333 0.250000
vt 0.083333 0.333333
vt 0.083333 0.416667
vt 0.083333 0.500000
vt 0.083333 0.583333
vt 0.083333 0.666667
vt 0.083333 0.750000
vt 0.083333 0.833333
vt 0.095238 1.000000
vt 0.095238 0.916667
vt 0.095238 0.083333
vt 0.095238 0.000000
vt 0.095238 0.166667
vt 0.095238 0.250000
vt 0.095238 0.333333
vt 0.095238 0.416667
vt 0.095238 0.500000
vt 0.095238 0.583333
vt 0.095238 0.666667
vt 0.095238 0.750000
vt 0.095238 0.833333
vt 0.107143 1.000000
vt 0.107143 0.916667
vt 0.107143 0.083333
vt 0.107143 0.000000
vt 0.107143 0.166667
vt 0.107143 0.250000
vt 0.107143 0.333333
vt 0.107143 0.416667
vt 0.107143 0.500000
vt 0.107143 0.583333
vt 0.107143 0.666667
vt 0.107143 0.750000
vt 0.107143 0.833333
vt 0.119048 1.000000
vt 0.119048 0.916667
vt 0.119048 0.083333
vt 0.119048 0.000000
vt 0.119048 0.166667
vt 0.119048 0.250000
vt 0.119048 0.333333
vt 0.119048 0.416667
vt 0.119048 0.500000
vt 0.119048 0.583333
vt 0.119048 0.666667
vt 0.119048 0.750000
vt 0.119048 0.833333
vt 0.130952 1.000000
vt 0.130952 0.916667
vt 0.130952 0.083333
vt 0.130952 0.000000
vt 0.130952 0.166667
vt 0.130952 0.250000
vt 0.130952 0.333333
vt 0.130952 0.416667
vt 0.130952 0.500000
vt 0.130952 0.583333
vt 0.130952 0.666667
vt 0.130952 0.750000
vt 0.130952 0.833333
vt 0.142857 1.000000
vt 0.142857 0.916667
vt 0.142857 0.083333
vt 0.142857 0.000000
vt 0.142857 0.166667
vt 0.142857 0.250000
vt 0.142857 0.333333
vt 0.142857 0.416667
vt 0.142857 0.500000
vt 0.142857 0.583333
vt 0.142857 0.666667
vt 0.142857 0.750000
vt 0.142857 0.833333
vt 0.154762 1.000000
vt 0.154762 0.916667
vt 0.154762 0.083333
vt 0.154762 0.000000
vt 0.154762 0.166667
vt 0.154762 0.250000
vt 0.154762 0.333333
vt 0.154762 0.416667
vt 0.154762 0.500000
vt 0.154762 0.583333
vt 0.154762 0.666667
vt 0.154762 0.750000
vt 0.154762 0.833333
vt 0.166667 1.000000
vt 0.166667 0.916667
vt 0.166667 0.083333
vt 0.166667 0.000000
vt 0.166667 0.166667
vt 0.166667 0.250000
vt 0.166667 0.333333
vt 0.166667 0.416667
vt 0.166667 0.500000
vt 0.166667 0.583333
vt 0.166667 0.666667
vt 0.166667 0.750000
vt 0.166667 0.833333
vt 0.178571 1.000000
vt 0.178571 0.916667
vt 0.178571 0.083333
vt 0.178571 0.000000
vt 0.178571 0.166667
vt 0.178571 0.250000
vt 0.178571 0.333333
vt 0.178571 0.416667
vt 0.178571 0.500000
vt 0.178571 0.583333
vt 0.178571 0.666667
vt 0.178571 0.750000
vt 0.178571 0.833333
vt 0.190476 1.000000
vt 0.190476 0.916667
vt 0.190476 0.083333
vt 0.190476 0.000000
vt 0.190476 0.166667
vt 0.190476 0.250000
vt 0.190476 0.333333
vt 0.190476 0.416667
vt 0.190476 0.500000
vt 0.190476 0.583333
vt 0.190476 0.666667
vt 0.190476 0.750000
vt 0.190476 0.833333
vt 0.202381 1.000000
vt 0.202381 0.916667
vt 0.202381 0.083333
vt 0.202381 0.000000
vt 0.202381 0.166667
vt 0.202381 0.250000
vt 0.202381 0.333333
vt 0.202381 0.416667
vt 0.202381 0.500000
vt 0.202381 0.583333
vt 0.202381 0.666667
vt 0.202381 0.750000
vt 0.202381 0.833333
vt 0.214286 1.000000
vt 0.214286 0.916667
vt 0.214286 0.083333
vt 0.214286 0.000000
vt 0.214286 0.166667
vt 0.214286 0.250000
vt 0.214286 0.333333
vt 0.214286 0.416667
vt 0.214286 0.500000
vt 0.214286 0.583333
vt 0.214286 0.666667
vt 0.214286 0.750000
vt 0.214286 0.833333
vt 0.226190 1.000000
vt 0.226190 0.916667
vt 0.226190 0.083333
vt 0.226190 0.000000
vt 0.226190 0.166667
vt 0.226190 0.250000
vt 0.226190 0.333333
vt 0.226190 0.416667
vt 0.226190 0.500000
vt 0.226190 0.583333
vt 0.226190 0.666667
vt 0.226190 0.750000
vt 0.226190 0.833333
vt 0.238095 1.000000
vt 0.238095 0.916667
vt 0.238095 0.083333
vt 0.238095 0.000000
vt 0.238095 0.166667
vt 0.238095 0.250000
vt 0.238095 0.333333
vt 0.238095 0.416667
vt 0.238095 0.500000
vt 0.238095 0.583333
vt 0.238095 0.666667
vt 0.238095 0.750000
vt 0.238095 0.833333
vt 0.250000 1.000000
vt 0.250000 0.916667
vt 0.250000 0.083333
vt 0.250000 0.000000
vt 0.250000 0.166667
vt 0.250000 0.250000
vt 0.250000 0.333333
vt 0.250000 0.416667
vt 0.250000 0.500000
vt 0.250000 0.583333
vt 0.250000 0.666667
vt 0.250000 0.750000
vt 0.250000 0.833333
vt 0.261905 1.000000
vt 0.261905 0.916667
vt 0.261905 0.083333
vt 0.261905 0.000000
vt 0.261905 0.166667
vt 0.261905 0.250000
vt 0.261905 0.333333
vt 0.261905 0.416667
vt 0.261905 0.500000
vt 0.261905 0.583333
vt 0.261905 0.666667
vt 0.261905 0.750000
vt 0.261905 0.833333
vt 0.273810 1.000000
vt 0.273810 0.916667
vt 0.273810 0.083333
vt 0.273810 0.000000
vt 0.273810 0.166667
vt 0.273810 0.250000
vt 0.273810 0.333333
vt 0.273810 0.416667
vt 0.273810 0.500000
vt 0.273810 0.583333
vt 0.273810 0.666667
vt 0.273810 0.750000
vt 0.273810 0.833333
vt 0.285714 1.000000
vt 0.285714 0.916667
vt 0.285714 0.083333
vt 0.285714 0.000000
vt 0.285714 0.166667
vt 0.285714 0.250000
vt 0.285714 0.333333
vt 0.285714 0.416667
vt 0.285714 0.500000
vt 0.285714 0.583333
vt 0.285714 0.666667
vt 0.285714 0.750000
vt 0.285714 0.833333
vt 0.297619 1.000000
vt 0.297619 0.916667
vt 0.297619 0.083333
vt 0.297619 0.000000
vt 0.297619 0.166667
vt 0.297619 0.250000
vt 0.297619 0.333333
vt 0.297619 0.416667
vt 0.297619 0.500000
vt 0.297619 0.583333
vt 0.297619 0.666667
vt 0.297619 0.750000
vt 0.297619 0.833333
vt 0.309524 1.000000
vt 0.309524 0.916667
vt 0.309524 0.083333
vt 0.309524 0.000000
vt 0.309524 0.166667
vt 0.309524 0.250000
vt 0.309524 0.333333
vt 0.309524 0.416667
vt 0.309524 0.500000
vt 0.309524 0.583333
vt 0.309524 0.666667
vt 0.309524 0.750000
vt 0.309524 0.833333
vt 0.321429 1.000000
vt 0.321429 0.916667
vt 0.321429 0.083333
vt 0.321429 0.000000
vt 0.321429 0.166667
vt 0.321429 0.250000
vt 0.321429 0.333333
vt 0.321429 0.416667
vt 0.321429 0.500000
vt 0.321429 0.583333
vt 0.321429 0.666667
vt 0.321429 0.750000
vt 0.321429 0.833333
vt 0.333333 1.000000
vt 0.333333 0.916667
vt 0.333333 0.083333
vt 0.333333 0.000000
vt 0.333333 0.166667
vt 0.333333 0.250000
vt 0.333333 0.333333
vt 0.333333 0.416667
vt 0.333333 0.500000
vt 0.333333 0.583333
vt 0.333333 0.666667
vt 0.333333 0.750000
vt 0.333333 0.833333
vt 0.345238 1.000000
vt 0.345238 0.916667
vt 0.345238 0.083333
vt 0.345238 0.000000
vt 0.345238 0.166667
vt 0.345238 0.250000
vt 0.345238 0.333333
vt 0.345238 0.416667
vt 0.345238 0.500000
vt 0.345238 0.583333
vt 0.345238 0.666667
vt 0.345238 0.750000
vt 0.345238 0.833333
vt 0.357143 1.000000
vt 0.357143 0.916667
vt 0.357143 0.083333
vt 0.357143 0.000000
vt 0.357143 0.166667
vt 0.357143 0.250000
vt 0.357143 0.333333
vt 0.357143 0.416667
vt 0.357143 0.500000
vt 0.357143 0.583333
vt 0.357143 0.666667
vt 0.357143 0.750000
vt 0.357143 0.833333
vt 0.369048 1.000000
vt 0.369048 0.916667
vt 0.369048 0.083333
vt 0.369048 0.000000
vt 0.369048 0.166667
vt 0.369048 0.250000
vt 0.369048 0.333333
vt 0.369048 0.416667
vt 0.369048 0.500000
vt 0.369048 0.583333
vt 0.369048 0.666667
vt 0.369048 0.750000
vt 0.369048 0.833333
vt 0.380952 1.000000
vt 0.380952 0.916667
vt 0.380952 0.083333
vt 0.380952 0.000000
vt 0.380952 0.166667
vt 0.380952 0.250000
vt 0.380952 0.333333
vt 0.380952 0.416667
vt 0.380952 0.500000
vt 0.380952 0.583333
vt 0.380952 0.666667
vt 0.380952 0.750000
vt 0.380952 0.833333
vt 0.392857 1.000000
vt 0.392857 0.916667
vt 0.392857 0.083333
vt 0.392857 0.000000
vt 0.392857 0.166667
vt 0.392857 0.250000
vt 0.392857 0.333333
vt 0.392857 0.416667
vt 0.392857 0.500000
vt 0.392857 0.583333
vt 0.392857 0.666667
vt 0.392857 0.750000
vt 0.392857 0.833333
vt 0.404762 1.000000
vt 0.404762 0.916667
vt 0.404762 0.083333
vt 0.404762 0.000000
vt 0.404762 0.166667
vt 0.404762 0.250000
vt 0.404762 0.333333
vt 0.404762 0.416667
vt 0.404762 0.500000
vt 0.404762 0.583333
vt 0.404762 0.666667
vt 0.404762 0.750000
vt 0.404762 0.833333
vt 0.416667 1.000000
vt 0.416667 0.916667
vt 0.416667 0.083333
vt 0.416667 0.000000
vt 0.416667 0.166667
vt 0.416667 0.250000
vt 0.416667 0.333333
vt 0.416667 0.416667
vt 0.416667 0.500000
vt 0.416667 0.583333
vt 0.416667 0.666667
vt 0.416667 0.750000
vt 0.416667 0.833333
vt 0.428571 1.000000
vt 0.428571 0.916667
vt 0.428571 0.083333
vt 0.428571 0.000000
vt 0.428571 0.166667
vt 0.428571 0.250000
vt 0.428571 0.333333
vt 0.428571 0.416667
vt 0.428571 0.500000
vt 0.428571 0.583333
vt 0.428571 0.666667
vt 0.428571 0.750000
vt 0.428571 0.833333
vt 0.440476 1.000000
vt 0.440476 0.916667
vt 0.440476 0.083333
vt 0.440476 0.000000
vt 0.440476 0.166667
vt 0.440476 0.250000
vt 0.440476 0.333333
vt 0.440476 0.416667
vt 0.440476 0.500000
vt 0.440476 0.583333
vt 0.440476 0.666667
vt 0.440476 0.750000
vt 0.440476 0.833333
vt 0.452381 1.000000
vt 0.452381 0.916667
vt 0.452381 0.083333
vt 0.452381 0.000000
vt 0.452381 0.166667
vt 0.452381 0.250000
vt 0.452381 0.333333
vt 0.452381 0.416667
vt 0.452381 0.500000
vt 0.452381 0.583333
vt 0.452381 0.666667
vt 0.452381 0.750000
vt 0.452381 0.833333
vt 0.464286 1.000000
vt 0.464286 0.916667
vt 0.464286 0.083333
vt 0.464286 0.000000
vt 0.464286 0.166667
vt 0.464286 0.250000
vt 0.464286 0.333333
vt 0.464286 0.416667
vt 0.464286 0.500000
vt 0.464286 0.583333
vt 0.464286 0.666667
vt 0.464286 0.750000
vt 0.464286 0.833333
vt 0.476190 1.000000
vt 0.476190 0.916667
vt 0.476190 0.083333
vt 0.476190 0.000000
vt 0.476190 0.166667
vt 0.476190 0.250000
vt 0.476190 0.333333
vt 0.476190 0.416667
vt 0.476190 0.500000
vt 0.476190 0.583333
vt 0.476190 0.666667
vt 0.476190 0.750000
vt 0.476190 0.833333
vt 0.488095 1.000000
vt 0.488095 0.916667
vt 0.488095 0.083333
vt 0.488095 0.000000
vt 0.488095 0.166667
vt 0.488095 0.250000
vt 0.488095 0.333333
vt 0.488095 0.416667
vt 0.488095 0.500000
vt 0.488095 0.583333
vt 0.488095 0.666667
vt 0.488095 0.750000
vt 0.488095 0.833333
vt 0.500000 1.000000
vt 0.500000 0.916667
vt 0.500000 0.083333
vt 0.500000 0.000000
vt 0.500000 0.166667
vt 0.500000 0.250000
vt 0.500000 0.333333
vt 0.500000 0.416667
vt 0.500000 0.500000
vt 0.500000 0.583333
vt 0.500000 0.666667
vt 0.500000 0.750000
vt 0.500000 0.833333
vt 0.511905 1.000000
vt 0.511905 0.916667
vt 0.511905 0.083333
vt 0.511905 0.000000
vt 0.511905 0.166667
vt 0.511905 0.250000
vt 0.511905 0.333333
vt 0.511905 0.416667
vt 0.511905 0.500000
vt 0.511905 0.583333
vt 0.511905 0.666667
vt 0.511905 0.750000
vt 0.511905 0.833333
vt 0.523810 1.000000
vt 0.523810 0.916667
vt 0.523810 0.083333
vt 0.523810 0.000000
vt 0.523810 0.166667
vt 0.523810 0.250000
vt 0.523810 0.333333
vt 0.523810 0.416667
vt 0.523810 0.500000
vt 0.523810 0.583333
vt 0.523810 0.666667
vt 0.523810 0.750000
vt 0.523810 0.833333
vt 0.535714 1.000000
vt 0.535714 0.916667
vt 0.535714 0.083333
vt 0.535714 0.000000
vt 0.535714 0.166667
vt 0.535714 0.250000
vt 0.535714 0.333333
vt 0.535714 0.416667
vt 0.535714 0.500000
vt 0.535714 0.583333
vt 0.535714 0.666667
vt 0.535714 0.750000
vt 0.535714 0.833333
vt 0.547619 1.000000
vt 0.547619 0.916667
vt 0.547619 0.083333
vt 0.547619 0.000000
vt 0.547619 0.166667
vt 0.547619 0.250000
vt 0.547619 0.333333
vt 0.547619 0.416667
vt 0.547619 0.500000
vt 0.547619 0.583333
vt 0.547619 0.666667
vt 0.547619 0.750000
vt 0.547619 0.833333
vt 0.559524 1.000000
vt 0.559524 0.916667
vt 0.559524 0.083333
vt 0.559524 0.000000
vt 0.559524 0.166667
vt 0.559524 0.250000
vt 0.559524 0.333333
vt 0.559524 0.416667
vt 0.559524 0.500000
vt 0.559524 0.583333
vt 0.559524 0.666667
vt 0.559524 0.750000
vt 0.559524 0.833333
vt 0.571429 1.000000
vt 0.571429 0.916667
vt 0.571429 0.083333
vt 0.571429 0.000000
vt 0.571429 0.166667
vt 0.571429 0.250000
vt 0.571429 0.333333
vt 0.571429 0.416667
vt 0.571429 0.500000
vt 0.571429 0.583333
vt 0.571429 0.666667
vt 0.571429 0.750000
vt 0.571429 0.833333
vt 0.583333 1.000000
vt 0.583333 0.916667
vt 0.583333 0.083333
vt 0.583333 0.000000
vt 0.583333 0.166667
vt 0.583333 0.250000
vt 0.583333 0.333333
vt 0.583333 0.416667
vt 0.583333 0.500000
vt 0.583333 0.583333
vt 0.583333 0.666667
vt 0.583333 0.750000
vt 0.583333 0.833333
vt 0.595238 1.000000
vt 0.595238 0.916667
vt 0.595238 0.083333
vt 0.595238 0.000000
vt 0.595238 0.166667
vt 0.595238 0.250000
vt 0.595238 0.333333
vt 0.595238 0.416667
vt 0.595238 0.500000
vt 0.595238 0.583333
vt 0.595238 0.666667
vt 0.595238 0.750000
vt 0.595238 0.833333
vt 0.607143 1.000000
vt 0.607143 0.916667
vt 0.607143 0.083333
vt 0.607143 0.000000
vt 0.607143 0.166667
vt 0.607143 0.250000
vt 0.607143 0.333333
vt 0.607143 0.416667
vt 0.607143 0.500000
vt 0.607143 0.583333
vt 0.607143 0.666667
vt 0.607143 0.750000
vt 0.607143 0.833333
vt 0.619048 1.000000
vt 0.619048 0.916667
vt 0.619048 0.083333
vt 0.619048 0.000000
vt 0.619048 0.166667
vt 0.619048 0.250000
vt 0.619048 0.333333
vt 0.619048 0.416667
vt 0.619048 0.500000
vt 0.619048 0.583333
vt 0.619048 0.666667
vt 0.619048 0.750000
vt 0.619048 0.833333
vt 0.630952 1.000000
vt 0.630952 0.916667
vt 0.630952 0.083333
vt 0.630952 0.000000
vt 0.630952 0.166667
vt 0.630952 0.250000
vt 0.630952 0.333333
vt 0.630952 0.416667
vt 0.630952 0.500000
vt 0.630952 0.583333
vt 0.630952 0.666667
vt 0.630952 0.750000
vt 0.630952 0.833333
vt 0.642857 1.000000
vt 0.642857 0.916667
vt 0.642857 0.083333
vt 0.642857 0.000000
vt 0.642857 0.166667
vt 0.642857 0.250000
vt 0.642857 0.333333
vt 0.642857 0.416667
vt 0.642857 0.500000
vt 0.642857 0.583333
vt 0.642857 0.666667
vt 0.642857 0.750000
vt 0.642857 0.833333
vt 0.654762 1.000000
vt 0.654762 0.916667
vt 0.654762 0.083333
vt 0.654762 0.000000
vt 0.654762 0.166667
vt 0.654762 0.250000
vt 0.654762 0.333333
vt 0.654762 0.416667
vt 0.654762 0.500000
vt 0.654762 0.583333
vt 0.654762 0.666667
vt 0.654762 0.750000
vt 0.654762 0.833333
vt 0.666667 1.000000
vt 0.666667 0.916667
vt 0.666667 0.083333
vt 0.666667 0.000000
vt 0.666667 0.166667
vt 0.666667 0.250000
vt 0.666667 0.333333
vt 0.666667 0.416667
vt 0.666667 0.500000
vt 0.666667 0.583333
vt 0.666667 0.666667
vt 0.666667 0.750000
vt 0.666667 0.833333
vt 0.678571 1.000000
vt 0.678571 0.916667
vt 0.678571 0.083333
vt 0.678571 0.000000
vt 0.678571 0.166667
vt 0.678571 0.250000
vt 0.678571 0.333333
vt 0.678571 0.416667
vt 0.678571 0.500000
vt 0.678571 0.583333
vt 0.678571 0.666667
vt 0.678571 0.750000
vt 0.678571 0.833333
vt 0.690476 1.000000
vt 0.690476 0.916667
vt 0.690476 0.083333
vt 0.690476 0.000000
vt 0.690476 0.166667
vt 0.690476 0.250000
vt 0.690476 0.333333
vt 0.690476 0.416667
vt 0.690476 0.500000
vt 0.690476 0.583333
vt 0.690476 0.666667
vt 0.690476 0.750000
vt 0.690476 0.833333
vt 0.702381 1.000000
vt 0.702381 0.916667
vt 0.702381 0.083333
vt 0.702381 0.000000
vt 0.702381 0.166667
vt 0.702381 0.250000
vt 0.702381 0.333333
vt 0.702381 0.416667
vt 0.702381 0.500000
vt 0.702381 0.583333
vt 0.702381 0.666667
vt 0.702381 0.750000
vt 0.702381 0.833333
vt 0.714286 1.000000
vt 0.714286 0.916667
vt 0.714286 0.083333
vt 0.714286 0.000000
vt 0.714286 0.166667
vt 0.714286 0.250000
vt 0.714286 0.333333
vt 0.714286 0.416667
vt 0.714286 0.500000
vt 0.714286 0.583333
vt 0.714286 0.666667
vt 0.714286 0.750000
vt 0.714286 0.833333
vt 0.726190 1.000000
vt 0.726190 0.916667
vt 0.726190 0.083333
vt 0.726190 0.000000
vt 0.726190 0.166667
vt 0.726190 0.250000
vt 0.726190 0.333333
vt 0.726190 0.416667
vt 0.726190 0.500000
vt 0.726190 0.583333
vt 0.726190 0.666667
vt 0.726190 0.750000
vt 0.726190 0.833333
vt 0.738095 1.000000
vt 0.738095 0.916667
vt 0.738095 0.083333
vt 0.738095 0.000000
vt 0.738095 0.166667
vt 0.738095 0.250000
vt 0.738095 0.333333
vt 0.738095 0.416667
vt 0.738095 0.500000
vt 0.738095 0.583333
vt 0.738095 0.666667
vt 0.738095 0.750000
vt 0.738095 0.833333
vt 0.750000 1.000000
vt 0.750000 0.916667
vt 0.750000 0.083333
vt 0.750000 0.000000
vt 0.750000 0.166667
vt 0.750000 0.250000
vt 0.750000 0.333333
vt 0.750000 0.416667
vt 0.750000 0.500000
vt 0.750000 0.583333
vt 0.750000 0.666667
vt 0.750000 0.750000
vt 0.750000 0.833333
vt 0.761905 1.000000
vt 0.761905 0.916667
vt 0.761905 0.083333
vt 0.761905 0.000000
vt 0.761905 0.166667
vt 0.761905 0.250000
vt 0.761905 0.333333
vt 0.761905 0.416667
vt 0.761905 0.500000
vt 0.761905 0.583333
vt 0.761905 0.666667
vt 0.761905 0.750000
vt 0.761905 0.833333
vt 0.773810 1.000000
vt 0.773810 0.916667
vt 0.773810 0.083333
vt 0.773810 0.000000
vt 0.773810 0.166667
vt 0.773810 0.250000
vt 0.773810 0.333333
vt 0.773810 0.416667
vt 0.773810 0.500000
vt 0.773810 0.583333
vt 0.773810 0.666667
vt 0.773810 0.750000
vt 0.773810 0.833333
vt 0.785714 1.000000
vt 0.785714 0.916667
vt 0.785714 0.083333
vt 0.785714 0.000000
vt 0.785714 0.166667
vt 0.785714 0.250000
vt 0.785714 0.333333
vt 0.785714 0.416667
vt 0.785714 0.500000
vt 0.785714 0.583333
vt 0.785714 0.666667
vt 0.785714 0.750000
vt 0.785714 0.833333
vt 0.797619 1.000000
vt 0.797619 0.916667
vt 0.797619 0.083333
vt 0.797619 0.000000
vt 0.797619 0.166667
vt 0.797619 0.250000
vt 0.797619 0.333333
vt 0.797619 0.416667
vt 0.797619 0.500000
vt 0.797619 0.583333
vt 0.797619 0.666667
vt 0.797619 0.750000
vt 0.797619 0.833333
vt 0.809524 1.000000
vt 0.809524 0.916667
vt 0.809524 0.083333
vt 0.809524 0.000000
vt 0.809524 0.166667
vt 0.809524 0.250000
vt 0.809524 0.333333
vt 0.809524 0.416667
vt 0.809524 0.500000
vt 0.809524 0.583333
vt 0.809524 0.666667
vt 0.809524 0.750000
vt 0.809524 0.833333
vt 0.821429 1.000000
vt 0.821429 0.916667
vt 0.821429 0.083333
vt 0.821429 0.000000
vt 0.821429 0.166667
vt 0.821429 0.250000
vt 0.821429 0.333333
vt 0.821429 0.416667
vt 0.821429 0.500000
vt 0.821429 0.583333
vt 0.821429 0.666667
vt 0.821429 0.750000
vt 0.821429 0.833333
vt 0.833333 1.000000
vt 0.833333 0.916667
vt 0.833333 0.083333
vt 0.833333 0.000000
vt 0.833333 0.166667
vt 0.833333 0.250000
vt 0.833333 0.333333
vt 0.833333 0.416667
vt 0.833333 0.500000
vt 0.833333 0.583333
vt 0.833333 0.666667
vt 0.833333 0.750000
vt 0.833333 0.833333
vt 0.845238 1.000000
vt 0.845238 0.916667
vt 0.845238 0.083333
vt 0.845238 0.000000
vt 0.845238 0.166667
vt 0.845238 0.250000
vt 0.845238 0.333333
vt 0.845238 0.416667
vt 0.845238 0.500000
vt 0.845238 0.583333
vt 0.845238 0.666667
vt 0.845238 0.750000
vt 0.845238 0.833333
vt 0.857143 1.000000
vt 0.857143 0.916667
vt 0.857143 0.083333
vt 0.857143 0.000000
vt 0.857143 0.166667
vt 0.857143 0.250000
vt 0.857143 0.333333
vt 0.857143 0.416667
vt 0.857143 0.500000
vt 0.857143 0.583333
vt 0.857143 0.666667
vt 0.857143 0.750000
vt 0.857143 0.833333
vt 0.869048 1.000000
vt 0.869048 0.916667
vt 0.869048 0.083333
vt 0.869048 0.000000
vt 0.869048 0.166667
vt 0.869048 0.250000
vt 0.869048 0.333333
vt 0.869048 0.416667
vt 0.869048 0.500000
vt 0.869048 0.583333
vt 0.869048 0.666667
vt 0.869048 0.750000
vt 0.869048 0.833333
vt 0.880952 1.000000
vt 0.880952 0.916667
vt 0.880952 0.083333
vt 0.880952 0.000000
vt 0.880952 0.166667
vt 0.880952 0.250000
vt 0.880952 0.333333
vt 0.880952 0.416667
vt 0.880952 0.500000
vt 0.880952 0.583333
vt 0.880952 0.666667
vt 0.880952 0.750000
vt 0.880952 0.833333
vt 0.892857 1.000000
vt 0.892857 0.916667
vt 0.892857 0.083333
vt 0.892857 0.000000
vt 0.892857 0.166667
vt 0.892857 0.250000
vt 0.892857 0.333333
vt 0.892857 0.416667
vt 0.892857 0.500000
vt 0.892857 0.583333
vt 0.892857 0.666667
vt 0.892857 0.750000
vt 0.892857 0.833333
vt 0.904762 1.000000
vt 0.904762 0.916667
vt 0.904762 0.083333
vt 0.904762 0.000000
vt 0.904762 0.166667
vt 0.904762 0.250000
vt 0.904762 0.333333
vt 0.904762 0.416667
vt 0.904762 0.500000
vt 0.904762 0.583333
vt 0.904762 0.666667
vt 0.904762 0.750000
vt 0.904762 0.833333
vt 0.916667 1.000000
vt 0.916667 0.916667
vt 0.916667 0.083333
vt 0.916667 0.000000
vt 0.916667 0.166667
vt 0.916667 0.250000
vt 0.916667 0.333333
vt 0.916667 0.416667
vt 0.916667 0.500000
vt 0.916667 0.583333
vt 0.916667 0.666667
vt 0.916667 0.750000
vt 0.916667 0.833333
vt 0.928571 1.000000
vt 0.928571 0.916667
vt 0.928571 0.083333
vt 0.928571 0.000000
vt 0.928571 0.166667
vt 0.928571 0.250000
vt 0.928571 0.333333
vt 0.928571 0.416667
vt 0.928571 0.500000
vt 0.928571 0.583333
vt 0.928571 0.666667
vt 0.928571 0.750000
vt 0.928571 0.833333
vt 0.940476 1.000000
vt 0.940476 0.916667
vt 0.940476 0.083333
vt 0.940476 0.000000
vt 0.940476 0.166667
vt 0.940476 0.250000
vt 0.940476 0.333333
vt 0.940476 0.416667
vt 0.940476 0.500000
vt 0.940476 0.583333
vt 0.940476 0.666667
vt 0.940476 0.750000
vt 0.940476 0.833333
vt 0.952381 1.000000
vt 0.952381 0.916667
vt 0.952381 0.083333
vt 0.952381 0.000000
vt 0.952381 0.166667
vt 0.952381 0.250000
vt 0.952381 0.333333
vt 0.952381 0.416667
vt 0.952381 0.500000
vt 0.952381 0.583333
vt 0.952381 0.666667
vt 0.952381 0.750000
vt 0.952381 0.833333
vt 0.964286 1.000000
vt 0.964286 0.916667
vt 0.964286 0.083333
vt 0.964286 0.000000
vt 0.964286 0.166667
vt 0.964286 0.250000
vt 0.964286 0.333333
vt 0.964286 0.416667
vt 0.964286 0.500000
vt 0.964286 0.583333
vt 0.964286 0.666667
vt 0.964286 0.750000
vt 0.964286 0.833333
vt 0.976190 1.000000
vt 0.976190 0.916667
vt 0.976190 0.083333
vt 0.976190 0.000000
vt 0.976190 0.166667
vt 0.976190 0.250000
vt 0.976190 0.333333
vt 0.976190 0.416667
vt 0.976190 0.500000
vt 0.976190 0.583333
vt 0.976190 0.666667
vt 0.976190 0.750000
vt 0.976190 0.833333
vt 0.988095 1.000000
vt 0.988095 0.916667
vt 0.988095 0.083333
vt 0.988095 0.000000
vt 0.988095 0.166667
vt 0.988095 0.250000
vt 0.988095 0.333333
vt 0.988095 0.416667
vt 0.988095 0.500000
vt 0.988095 0.583333
vt 0.988095 0.666667
vt 0.988095 0.750000
vt 0.988095 0.833333
vt 1.000000 1.000000
vt 1.000000 0.916667
vt 1.000000 0.083333
vt 1.000000 0.000000
vt 1.000000 0.166667
vt 1.000000 0.250000
vt 1.000000 0.333333
vt 1.000000 0.416667
vt 1.000000 0.500000
vt 1.000000 0.583333
vt 1.000000 0.666667
vt 1.000000 0.750000
vt 1.000000 0.833333
vn 0.4776 -0.1751 0.8610
vn 0.4552 -0.2355 0.8587
vn 0.0419 0.0536 0.9977
vn 0.0638 0.1173 0.9910
vn 0.7620 -0.4174 0.4951
vn 0.7449 -0.4577 0.4854
vn 0.8395 -0.5434 -0.0052
vn 0.8329 -0.5532 -0.0180
vn 0.6910 -0.5202 -0.5020
vn 0.6983 -0.4980 -0.5141
vn 0.3607 -0.3568 -0.8617
vn 0.3802 -0.3092 -0.8717
vn -0.0608 -0.0990 -0.9932
vn -0.0358 -0.0377 -0.9986
vn -0.4642 0.1859 -0.8660
vn -0.4407 0.2454 -0.8635
vn -0.7460 0.4249 -0.5127
vn -0.7291 0.4663 -0.5010
vn -0.8314 0.5552 -0.0221
vn -0.8241 0.5665 -0.0047
vn -0.6934 0.5396 0.4775
vn -0.6979 0.5174 0.4953
vn -0.3657 0.3794 0.8499
vn -0.3811 0.3299 0.8637
vn 0.4167 -0.3334 0.8457
vn 0.0022 -0.0564 0.9984
vn 0.7187 -0.5176 0.4643
vn 0.8275 -0.5600 -0.0408
vn 0.7159 -0.4509 -0.5331
vn 0.4157 -0.2207 -0.8823
vn 0.0075 0.0692 -0.9976
vn -0.4015 0.3426 -0.8493
vn -0.7037 0.5277 -0.4758
vn -0.8180 0.5746 0.0259
vn -0.7119 0.4691 0.5227
vn -0.4117 0.2380 0.8797
vn 0.4021 -0.3947 0.8261
vn -0.0184 -0.1371 0.9904
vn 0.7147 -0.5437 0.4400
vn 0.8361 -0.5450 -0.0628
vn 0.7355 -0.3993 -0.5474
vn 0.4408 -0.1461 -0.8856
vn 0.0305 0.1474 -0.9886
vn -0.3871 0.4039 -0.8289
vn -0.7011 0.5550 -0.4477
vn -0.8270 0.5595 0.0547
vn -0.7294 0.4150 0.5439
vn -0.4332 0.1597 0.8871
vn 0.4093 -0.4240 0.8079
vn -0.0201 -0.1908 0.9814
vn 0.7291 -0.5414 0.4187
vn 0.8549 -0.5125 -0.0812
vn 0.7541 -0.3456 -0.5585
vn 0.4539 -0.0853 -0.8870
vn 0.0338 0.1995 -0.9793
vn -0.3949 0.4333 -0.8101
vn -0.7176 0.5531 -0.4232
vn -0.8468 0.5260 0.0787
vn -0.7466 0.3585 0.5604
vn -0.4436 0.0958 0.8911
vn 0.4336 -0.4250 0.7946
vn -0.0054 -0.2200 0.9755
vn 0.7571 -0.5146 0.4025
vn 0.8797 -0.4657 -0.0958
vn 0.7696 -0.2915 -0.5682
vn 0.4555 -0.0379 -0.8894
vn 0.0203 0.2278 -0.9735
vn -0.4203 0.4347 -0.7965
vn -0.7478 0.5266 -0.4044
vn -0.8728 0.4781 0.0978
vn -0.7611 0.3019 0.5741
vn -0.4430 0.0461 0.8953
vn 0.4702 -0.4005 0.7864
vn 0.0219 -0.2263 0.9738
vn 0.7935 -0.4665 0.3908
vn 0.9069 -0.4072 -0.1079
vn 0.7805 -0.2382 -0.5779
vn 0.4469 -0.0039 -0.8946
vn -0.0063 0.2337 -0.9723
vn -0.4582 0.4106 -0.7883
vn -0.7864 0.4785 -0.3906
vn -0.9011 0.4185 0.1135
vn -0.7711 0.2468 0.5870
vn -0.4326 0.0106 0.9015
vn 0.5138 -0.3528 0.7820
vn 0.0580 -0.2106 0.9758
vn 0.8334 -0.3998 0.3816
vn 0.9330 -0.3395 -0.1194
vn 0.7860 -0.1875 -0.5892
vn 0.4297 0.0164 -0.9028
vn -0.0423 0.2182 -0.9750
vn -0.5035 0.3633 -0.7839
vn -0.8285 0.4116 -0.3797
vn -0.9280 0.3499 0.1279
vn -0.7755 0.1951 0.6005
vn -0.4139 -0.0103 0.9103
vn 0.5594 -0.2845 0.7786
vn 0.0986 -0.1745 0.9797
vn 0.8721 -0.3177 0.3722
vn 0.9550 -0.2655 -0.1325
vn 0.7853 -0.1413 -0.6028
vn 0.4060 0.0226 -0.9136
vn -0.0833 0.1826 -0.9797
vn -0.5510 0.2951 -0.7806
vn -0.8693 0.3292 -0.3688
vn -0.9506 0.2753 0.1432
vn -0.7739 0.1485 0.6156
vn -0.3892 -0.0162 0.9210
vn 0.6022 -0.1996 0.7730
vn 0.1396 -0.1204 0.9829
vn 0.9057 -0.2246 0.3595
vn 0.9706 -0.1889 -0.1490
vn 0.7786 -0.1016 -0.6192
vn 0.3783 0.0147 -0.9256
vn -0.1252 0.1290 -0.9837
vn -0.5959 0.2101 -0.7751
vn -0.9047 0.2356 -0.3551
vn -0.9668 0.1984 0.1613
vn -0.7667 0.1092 0.6327
vn -0.3610 -0.0076 0.9325
vn 0.6387 -0.1035 0.7624
vn 0.1774 -0.0523 0.9827
vn 0.9315 -0.1260 0.3413
vn 0.9788 -0.1140 -0.1703
vn 0.7667 -0.0702 -0.6382
vn 0.3489 -0.0061 -0.9371
vn -0.1645 0.0612 -0.9845
vn -0.6345 0.1135 -0.7646
vn -0.9319 0.1364 -0.3361
vn -0.9753 0.1235 0.1833
vn -0.7545 0.0786 0.6515
vn -0.3320 0.0142 0.9432
vn 0.6669 -0.0027 0.7452
vn 0.2094 0.0247 0.9775
vn 0.9482 -0.0280 0.3164
vn 0.9795 -0.0447 -0.1965
vn 0.7508 -0.0484 -0.6588
vn 0.3202 -0.0379 -0.9466
vn -0.1984 -0.0158 -0.9800
vn -0.6645 0.0119 -0.7472
vn -0.9497 0.0377 -0.3108
vn -0.9763 0.0545 0.2094
vn -0.7390 0.0577 0.6712
vn -0.3045 0.0468 0.9514
vn 0.6832 0.0842 0.7254
vn 0.2298 0.0880 0.9692
vn 0.9553 0.0587 0.2898
vn 0.9747 0.0183 -0.2228
vn 0.7353 -0.0265 -0.6772
vn 0.2990 -0.0639 -0.9521
vn -0.2191 -0.0838 -0.9721
vn -0.6794 -0.0805 -0.7293
vn -0.9560 -0.0547 -0.2882
vn -0.9729 -0.0134 0.2308
vn -0.7266 0.0320 0.6863
vn -0.2858 0.0691 0.9558
vn 0.6847 0.1332 0.7166
vn 0.2322 0.1148 0.9659
vn 0.9540 0.1161 0.2765
vn 0.9691 0.0681 -0.2370
vn 0.7261 0.0020 -0.6876
vn 0.2891 -0.0649 -0.9551
vn -0.2259 -0.1147 -0.9674
vn -0.6809 -0.1338 -0.7200
vn -0.9532 -0.1169 -0.2787
vn -0.9688 -0.0684 0.2381
vn -0.7232 -0.0015 0.6906
vn -0.2832 0.0656 0.9568
vn 0.6820 0.1507 0.7156
vn 0.2304 0.1173 0.9660
vn 0.9509 0.1437 0.2740
vn 0.9656 0.0984 -0.2406
vn 0.7225 0.0268 -0.6909
vn 0.2862 -0.0520 -0.9568
vn -0.2270 -0.1170 -0.9668
vn -0.6797 -0.1507 -0.7178
vn -0.9503 -0.1439 -0.2760
vn -0.9657 -0.0985 0.2403
vn -0.7214 -0.0266 0.6920
vn -0.2834 0.0525 0.9576
vn 0.6810 0.1565 0.7154
vn 0.2302 0.1138 0.9665
vn 0.9491 0.1572 0.2729
vn 0.9632 0.1159 -0.2424
vn 0.7198 0.0436 -0.6928
vn 0.2840 -0.0404 -0.9580
vn -0.2280 -0.1136 -0.9670
vn -0.6792 -0.1564 -0.7171
vn -0.9486 -0.1573 -0.2747
vn -0.9634 -0.1160 0.2415
vn -0.7196 -0.0436 0.6931
vn -0.2825 0.0406 0.9584
vn 0.6807 0.1572 0.7155
vn 0.2308 0.1076 0.9670
vn 0.9480 0.1645 0.2723
vn 0.9614 0.1279 -0.2435
vn 0.7177 0.0570 -0.6940
vn 0.2820 -0.0291 -0.9590
vn -0.2292 -0.1074 -0.9674
vn -0.6793 -0.1570 -0.7169
vn -0.9475 -0.1646 -0.2741
vn -0.9617 -0.1280 0.2423
vn -0.7178 -0.0571 0.6939
vn -0.2812 0.0292 0.9592
vn 0.6810 0.1551 0.7157
vn 0.2319 0.1000 0.9676
vn 0.9474 0.1686 0.2721
vn 0.9600 0.1369 -0.2442
vn 0.7157 0.0686 -0.6950
vn 0.2801 -0.0180 -0.9598
vn -0.2306 -0.0998 -0.9679
vn -0.6797 -0.1550 -0.7170
vn -0.9469 -0.1686 -0.2738
vn -0.9603 -0.1371 0.2429
vn -0.7161 -0.0687 0.6946
vn -0.2796 0.0181 0.9599
vn 0.6815 0.1513 0.7160
vn 0.2331 0.0914 0.9681
vn 0.9471 0.1706 0.2719
vn 0.9588 0.1442 -0.2447
vn 0.7139 0.0792 -0.6957
vn 0.2782 -0.0069 -0.9605
vn -0.2321 -0.0913 -0.9684
vn -0.6803 -0.1512 -0.7171
vn -0.9465 -0.1707 -0.2737
vn -0.9592 -0.1444 0.2433
vn -0.7145 -0.0794 0.6952
vn -0.2779 0.0070 0.9606
vn 0.6823 0.1465 0.7162
vn 0.2346 0.0822 0.9686
vn 0.9469 0.1714 0.2719
vn 0.9578 0.1505 -0.2451
vn 0.7122 0.0892 -0.6962
vn 0.2762 0.0041 -0.9611
vn -0.2337 -0.0821 -0.9688
vn -0.6812 -0.1463 -0.7174
vn -0.9464 -0.1714 -0.2737
vn -0.9581 -0.1506 0.2435
vn -0.7128 -0.0893 0.6956
vn -0.2762 -0.0041 0.9611
vn 0.6833 0.1408 0.7165
vn 0.2362 0.0725 0.9690
vn 0.9470 0.1713 0.2719
vn 0.9568 0.1559 -0.2453
vn 0.7106 0.0988 -0.6967
vn 0.2743 0.0152 -0.9615
vn -0.2354 -0.0724 -0.9692
vn -0.6821 -0.1407 -0.7176
vn -0.9464 -0.1713 -0.2737
vn -0.9572 -0.1560 0.2437
vn -0.7113 -0.0989 0.6959
vn -0.2744 -0.0152 0.9615
vn 0.6843 0.1346 0.7166
vn 0.2379 0.0625 0.9693
vn 0.9560 0.1609 -0.2455
vn 0.7089 0.1081 -0.6969
vn 0.2723 0.0264 -0.9618
vn -0.2371 -0.0623 -0.9695
vn -0.6832 -0.1344 -0.7177
vn -0.9466 -0.1705 -0.2737
vn -0.9564 -0.1610 0.2438
vn -0.7097 -0.1082 0.6962
vn -0.2725 -0.0264 0.9618
vn 0.6855 0.1279 0.7168
vn 0.2397 0.0521 0.9695
vn 0.9473 0.1693 0.2719
vn 0.9552 0.1654 -0.2456
vn 0.7073 0.1172 -0.6971
vn 0.2703 0.0377 -0.9620
vn -0.2390 -0.0520 -0.9696
vn -0.6844 -0.1277 -0.7178
vn -0.9468 -0.1693 -0.2737
vn -0.9556 -0.1655 0.2439
vn -0.7081 -0.1174 0.6963
vn -0.2705 -0.0377 0.9620
vn 0.6867 0.1208 0.7168
vn 0.2415 0.0414 0.9695
vn 0.9476 0.1677 0.2719
vn 0.9544 0.1697 -0.2456
vn 0.7057 0.1262 -0.6972
vn 0.2683 0.0490 -0.9621
vn -0.2409 -0.0413 -0.9697
vn -0.6857 -0.1206 -0.7178
vn -0.9471 -0.1676 -0.2738
vn -0.9548 -0.1698 0.2439
vn -0.7065 -0.1264 0.6963
vn -0.2686 -0.0491 0.9620
vn 0.6851 0.1173 0.7189
vn 0.2390 0.0431 0.9701
vn 0.9481 0.1602 0.2748
vn 0.9566 0.1600 -0.2435
vn 0.7078 0.1169 -0.6967
vn 0.2685 0.0422 -0.9624
vn -0.2428 -0.0437 -0.9691
vn -0.6884 -0.1179 -0.7157
vn -0.9492 -0.1603 -0.2709
vn -0.9560 -0.1599 0.2459
vn -0.7077 -0.1169 0.6968
vn -0.2706 -0.0426 0.9618
vn 0.6852 0.1187 0.7186
vn 0.2372 0.0569 0.9698
vn 0.9500 0.1488 0.2746
vn 0.9599 0.1390 -0.2434
vn 0.7118 0.0918 -0.6963
vn 0.2724 0.0199 -0.9620
vn -0.2402 -0.0573 -0.9690
vn -0.6879 -0.1191 -0.7160
vn -0.9509 -0.1489 -0.2714
vn -0.9594 -0.1389 0.2455
vn -0.7117 -0.0918 0.6965
vn -0.2739 -0.0202 0.9616
vn 0.6860 0.1190 0.7178
vn 0.2369 0.0647 0.9694
vn 0.9514 0.1414 0.2737
vn 0.9616 0.1258 -0.2439
vn 0.7139 0.0765 -0.6961
vn 0.2746 0.0067 -0.9615
vn -0.2382 -0.0649 -0.9691
vn -0.6870 -0.1191 -0.7168
vn -0.9517 -0.1414 -0.2727
vn -0.9615 -0.1258 0.2443
vn -0.7140 -0.0766 0.6959
vn -0.2755 -0.0068 0.9613
vn 0.6865 0.1172 0.7176
vn 0.2370 0.0661 0.9693
vn 0.9521 0.1368 0.2735
vn 0.9624 0.1198 -0.2439
vn 0.7146 0.0706 -0.6959
vn 0.2753 0.0025 -0.9614
vn -0.2377 -0.0662 -0.9691
vn -0.6870 -0.1172 -0.7172
vn -0.9522 -0.1368 -0.2732
vn -0.9624 -0.1198 0.2439
vn -0.7149 -0.0707 0.6957
vn -0.2759 -0.0026 0.9612
vn 0.6870 0.1144 0.7176
vn 0.2373 0.0651 0.9693
vn 0.9526 0.1330 0.2735
vn 0.9628 0.1160 -0.2439
vn 0.7149 0.0678 -0.6959
vn 0.2755 0.0015 -0.9613
vn -0.2378 -0.0652 -0.9691
vn -0.6872 -0.1144 -0.7174
vn -0.9526 -0.1330 -0.2735
vn -0.9629 -0.1160 0.2436
vn -0.7153 -0.0679 0.6955
vn -0.2760 -0.0016 0.9611
vn 0.6875 0.1110 0.7176
vn 0.2376 0.0628 0.9693
vn 0.9531 0.1294 0.2735
vn 0.9632 0.1132 -0.2439
vn 0.7151 0.0666 -0.6959
vn 0.2754 0.0022 -0.9613
vn -0.2380 -0.0628 -0.9692
vn -0.6876 -0.1110 -0.7175
vn -0.9531 -0.1294 -0.2737
vn -0.9633 -0.1132 0.2434
vn -0.7155 -0.0667 0.6954
vn -0.2759 -0.0023 0.9612
vn 0.6881 0.1070 0.7177
vn 0.2381 0.0595 0.9694
vn 0.9536 0.1258 0.2736
vn 0.9634 0.1109 -0.2439
vn 0.7151 0.0663 -0.6959
vn 0.2751 0.0039 -0.9614
vn -0.2384 -0.0595 -0.9693
vn -0.6881 -0.1070 -0.7177
vn -0.9535 -0.1258 -0.2739
vn -0.9636 -0.1109 0.2433
vn -0.7156 -0.0664 0.6954
vn -0.2757 -0.0040 0.9612
vn 0.6887 0.1023 0.7178
vn 0.2386 0.0553 0.9695
vn 0.9541 0.1220 0.2736
vn 0.9637 0.1089 -0.2439
vn 0.7150 0.0666 -0.6960
vn 0.2748 0.0065 -0.9615
vn -0.2389 -0.0553 -0.9695
vn -0.6886 -0.1023 -0.7179
vn -0.9539 -0.1220 -0.2741
vn -0.9639 -0.1089 0.2432
vn -0.7156 -0.0667 0.6954
vn -0.2754 -0.0066 0.9613
vn 0.6893 0.0971 0.7179
vn 0.2392 0.0503 0.9697
vn 0.9546 0.1178 0.2737
vn 0.9639 0.1070 -0.2439
vn 0.7149 0.0675 -0.6960
vn 0.2744 0.0099 -0.9616
vn -0.2395 -0.0503 -0.9696
vn -0.6892 -0.0971 -0.7180
vn -0.9544 -0.1178 -0.2742
vn -0.9641 -0.1070 0.2431
vn -0.7155 -0.0676 0.6953
vn -0.2751 -0.0100 0.9614
vn 0.6900 0.0910 0.7180
vn 0.2399 0.0444 0.9698
vn 0.9551 0.1132 0.2737
vn 0.9641 0.1051 -0.2440
vn 0.7146 0.0688 -0.6961
vn 0.2739 0.0140 -0.9617
vn -0.2402 -0.0444 -0.9697
vn -0.6899 -0.0910 -0.7182
vn -0.9549 -0.1132 -0.2744
vn -0.9643 -0.1051 0.2429
vn -0.7154 -0.0689 0.6953
vn -0.2746 -0.0141 0.9614
vn 0.6908 0.0841 0.7181
vn 0.2406 0.0375 0.9699
vn 0.9557 0.1081 0.2737
vn 0.9643 0.1031 -0.2440
vn 0.7144 0.0705 -0.6962
vn 0.2733 0.0190 -0.9618
vn -0.2409 -0.0375 -0.9698
vn -0.6906 -0.0841 -0.7183
vn -0.9555 -0.1081 -0.2746
vn -0.9646 -0.1032 0.2428
vn -0.7152 -0.0706 0.6953
vn -0.2741 -0.0191 0.9615
vn 0.6918 0.0760 0.7181
vn 0.2415 0.0294 0.9700
vn 0.9564 0.1023 0.2736
vn 0.9645 0.1011 -0.2441
vn 0.7141 0.0728 -0.6963
vn 0.2726 0.0250 -0.9618
vn -0.2418 -0.0294 -0.9699
vn -0.6915 -0.0760 -0.7184
vn -0.9561 -0.1022 -0.2746
vn -0.9648 -0.1011 0.2427
vn -0.7151 -0.0729 0.6952
vn -0.2736 -0.0251 0.9615
vn 0.6930 0.0856 0.7159
vn 0.2454 0.0271 0.9690
vn 0.9544 0.1229 0.2719
vn 0.9612 0.1291 -0.2440
vn 0.7119 0.1026 -0.6948
vn 0.2727 0.0505 -0.9608
vn -0.2400 -0.0135 -0.9707
vn -0.6895 -0.0723 -0.7207
vn -0.9547 -0.1100 -0.2766
vn -0.9631 -0.1164 0.2426
vn -0.7118 -0.0897 0.6966
vn -0.2690 -0.0371 0.9624
vn 0.6898 0.1044 0.7164
vn 0.2458 0.0224 0.9691
vn 0.9484 0.1613 0.2729
vn 0.9536 0.1780 -0.2428
vn 0.7045 0.1502 -0.6936
vn 0.2673 0.0853 -0.9598
vn -0.2424 0.0005 -0.9702
vn -0.6884 -0.0818 -0.7207
vn -0.9507 -0.1393 -0.2770
vn -0.9576 -0.1565 0.2420
vn -0.7065 -0.1285 0.6959
vn -0.2656 -0.0629 0.9620
vn 0.6875 0.1068 0.7183
vn 0.2450 0.0100 0.9695
vn 0.9450 0.1770 0.2749
vn 0.9491 0.2019 -0.2418
vn 0.6989 0.1749 -0.6935
vn 0.2615 0.1034 -0.9597
vn -0.2464 0.0062 -0.9692
vn -0.6889 -0.0905 -0.7192
vn -0.9475 -0.1609 -0.2763
vn -0.9525 -0.1861 0.2410
vn -0.7023 -0.1592 0.6939
vn -0.2638 -0.0874 0.9606
vn 0.6882 0.0985 0.7188
vn 0.2458 -0.0009 0.9693
vn 0.9456 0.1731 0.2754
vn 0.9489 0.2029 -0.2416
vn 0.6975 0.1800 -0.6936
vn 0.2590 0.1105 -0.9595
vn -0.2490 0.0132 -0.9684
vn -0.6906 -0.0860 -0.7181
vn -0.9478 -0.1605 -0.2756
vn -0.9517 -0.1904 0.2409
vn -0.7011 -0.1677 0.6931
vn -0.2628 -0.0983 0.9598
vn 0.6903 0.0855 0.7184
vn 0.2471 -0.0107 0.9689
vn 0.9480 0.1602 0.2750
vn 0.9508 0.1932 -0.2421
vn 0.6982 0.1757 -0.6940
vn 0.2582 0.1125 -0.9595
vn -0.2509 0.0205 -0.9678
vn -0.6929 -0.0755 -0.7171
vn -0.9498 -0.1500 -0.2746
vn -0.9530 -0.1830 0.2414
vn -0.7016 -0.1657 0.6931
vn -0.2624 -0.1027 0.9595
vn 0.6928 0.0703 0.7177
vn 0.2484 -0.0198 0.9684
vn 0.9510 0.1428 0.2741
vn 0.9535 0.1780 -0.2431
vn 0.6997 0.1666 -0.6947
vn 0.2581 0.1116 -0.9596
vn -0.2525 0.0279 -0.9672
vn -0.6954 -0.0620 -0.7159
vn -0.9525 -0.1343 -0.2733
vn -0.9553 -0.1694 0.2423
vn -0.7029 -0.1582 0.6935
vn -0.2625 -0.1035 0.9594
vn 0.6953 0.0541 0.7167
vn 0.2497 -0.0283 0.9679
vn 0.9541 0.1231 0.2729
vn 0.9564 0.1599 -0.2443
vn 0.7016 0.1548 -0.6956
vn 0.2585 0.1091 -0.9598
vn -0.2537 0.0352 -0.9666
vn -0.6978 -0.0471 -0.7148
vn -0.9553 -0.1158 -0.2719
vn -0.9578 -0.1525 0.2435
vn -0.7045 -0.1476 0.6942
vn -0.2627 -0.1022 0.9594
vn 0.6975 0.0375 0.7156
vn 0.2507 -0.0363 0.9674
vn 0.9570 0.1022 0.2715
vn 0.9592 0.1403 -0.2456
vn 0.7034 0.1415 -0.6965
vn 0.2590 0.1056 -0.9601
vn -0.2547 0.0423 -0.9661
vn -0.6999 -0.0315 -0.7136
vn -0.9579 -0.0959 -0.2704
vn -0.9603 -0.1339 0.2449
vn -0.7061 -0.1352 0.6951
vn -0.2631 -0.0996 0.9596
vn 0.6994 0.0210 0.7144
vn 0.2516 -0.0439 0.9668
vn 0.9595 0.0810 0.2699
vn 0.9615 0.1200 -0.2471
vn 0.7051 0.1275 -0.6975
vn 0.2595 0.1015 -0.9604
vn -0.2554 0.0491 -0.9656
vn -0.7016 -0.0156 -0.7124
vn -0.9602 -0.0754 -0.2689
vn -0.9624 -0.1143 0.2464
vn -0.7076 -0.1219 0.6961
vn -0.2634 -0.0962 0.9599
vn 0.7010 0.0046 0.7132
vn 0.2523 -0.0510 0.9663
vn 0.9615 0.0597 0.2684
vn 0.9635 0.0995 -0.2486
vn 0.7065 0.1132 -0.6986
vn 0.2600 0.0971 -0.9607
vn -0.2559 0.0557 -0.9651
vn -0.7030 0.0001 -0.7112
vn -0.9621 -0.0548 -0.2673
vn -0.9642 -0.0944 0.2479
vn -0.7087 -0.1082 0.6971
vn -0.2637 -0.0923 0.9602
vn 0.7021 -0.0113 0.7120
vn 0.2529 -0.0578 0.9658
vn 0.9630 0.0388 0.2668
vn 0.9650 0.0791 -0.2502
vn 0.7076 0.0988 -0.6997
vn 0.2604 0.0925 -0.9611
vn -0.2563 0.0620 -0.9646
vn -0.7041 0.0156 -0.7100
vn -0.9634 -0.0344 -0.2657
vn -0.9655 -0.0746 0.2495
vn -0.7096 -0.0943 0.6982
vn -0.2639 -0.0881 0.9605
vn 0.7029 -0.0268 0.7107
vn 0.2532 -0.0642 0.9653
vn 0.9640 0.0184 0.2651
vn 0.9660 0.0592 -0.2518
vn 0.7084 0.0846 -0.7007
vn 0.2608 0.0878 -0.9614
vn -0.2564 0.0681 -0.9642
vn -0.7047 0.0307 -0.7088
vn -0.9644 -0.0144 -0.2641
vn -0.9664 -0.0550 0.2511
vn -0.7103 -0.0804 0.6993
vn -0.2641 -0.0838 0.9608
vn 0.6996 -0.0356 0.7136
vn 0.2493 -0.0488 0.9672
vn 0.9634 -0.0118 0.2678
vn 0.9677 0.0163 -0.2514
vn 0.7098 0.0411 -0.7032
vn 0.2593 0.0558 -0.9642
vn -0.2603 0.0565 -0.9639
vn -0.7085 0.0430 -0.7044
vn -0.9661 0.0191 -0.2574
vn -0.9664 -0.0089 0.2571
vn -0.7105 -0.0334 0.7030
vn -0.2662 -0.0480 0.9627
vn 0.7011 -0.0430 0.7118
vn 0.2516 -0.0235 0.9675
vn 0.9632 -0.0498 0.2643
vn 0.9660 -0.0420 -0.2551
vn 0.7080 -0.0215 -0.7059
vn 0.2591 0.0061 -0.9658
vn -0.2590 0.0334 -0.9653
vn -0.7065 0.0528 -0.7057
vn -0.9643 0.0593 -0.2580
vn -0.9649 0.0512 0.2577
vn -0.7088 0.0308 0.7047
vn -0.2641 0.0035 0.9645
vn 0.7024 -0.0596 0.7093
vn 0.2541 -0.0227 0.9669
vn 0.9621 -0.0796 0.2609
vn 0.9631 -0.0774 -0.2576
vn 0.7055 -0.0535 -0.7066
vn 0.2589 -0.0144 -0.9658
vn -0.2567 0.0294 -0.9660
vn -0.7032 0.0661 -0.7079
vn -0.9616 0.0860 -0.2608
vn -0.9631 0.0838 0.2559
vn -0.7072 0.0600 0.7045
vn -0.2618 0.0211 0.9649
vn 0.7013 -0.0809 0.7083
vn 0.2535 -0.0391 0.9665
vn 0.9605 -0.1003 0.2596
vn 0.9616 -0.0921 -0.2585
vn 0.7049 -0.0585 -0.7069
vn 0.2598 -0.0087 -0.9656
vn -0.2545 0.0442 -0.9661
vn -0.7005 0.0858 -0.7085
vn -0.9594 0.1052 -0.2617
vn -0.9620 0.0972 0.2553
vn -0.7070 0.0638 0.7043
vn -0.2621 0.0139 0.9649
vn 0.6991 -0.1049 0.7073
vn 0.2514 -0.0629 0.9658
vn 0.9587 -0.1180 0.2586
vn 0.9608 -0.0990 -0.2591
vn 0.7054 -0.0528 -0.7068
vn 0.2617 0.0079 -0.9651
vn -0.2515 0.0671 -0.9655
vn -0.6975 0.1088 -0.7083
vn -0.9574 0.1221 -0.2618
vn -0.9614 0.1033 0.2550
vn -0.7078 0.0573 0.7041
vn -0.2639 -0.0035 0.9646
vn 0.6963 -0.1309 0.7058
vn 0.2482 -0.0914 0.9644
vn 0.9569 -0.1347 0.2574
vn 0.9604 -0.1018 -0.2595
vn 0.7067 -0.0413 -0.7063
vn 0.2645 0.0307 -0.9639
vn -0.2480 0.0949 -0.9641
vn -0.6942 0.1343 -0.7072
vn -0.9553 0.1383 -0.2613
vn -0.9612 0.1057 0.2549
vn -0.7093 0.0453 0.7034
vn -0.2666 -0.0269 0.9634
vn 0.6928 -0.1588 0.7034
vn 0.2442 -0.1234 0.9618
vn 0.9548 -0.1510 0.2559
vn 0.9602 -0.1023 -0.2598
vn 0.7086 -0.0258 -0.7051
vn 0.2680 0.0578 -0.9617
vn -0.2437 0.1265 -0.9616
vn -0.6904 0.1618 -0.7051
vn -0.9531 0.1543 -0.2603
vn -0.9612 0.1060 0.2547
vn -0.7115 0.0296 0.7021
vn -0.2702 -0.0544 0.9613
vn 0.6889 -0.1885 0.6999
vn 0.2395 -0.1584 0.9579
vn 0.9526 -0.1675 0.2538
vn 0.9603 -0.1012 -0.2598
vn 0.7110 -0.0075 -0.7031
vn 0.2722 0.0884 -0.9582
vn -0.2388 0.1611 -0.9576
vn -0.6862 0.1912 -0.7019
vn -0.9508 0.1707 -0.2586
vn -0.9614 0.1049 0.2544
vn -0.7141 0.0112 0.6999
vn -0.2745 -0.0852 0.9578
vn 0.6845 -0.2199 0.6951
vn 0.2341 -0.1959 0.9523
vn 0.9503 -0.1843 0.2511
vn 0.9606 -0.0989 -0.2597
vn 0.7139 0.0131 -0.7001
vn 0.2771 0.1218 -0.9531
vn -0.2333 0.1983 -0.9520
vn -0.6815 0.2224 -0.6972
vn -0.9483 0.1875 -0.2563
vn -0.9618 0.1027 0.2539
vn -0.7173 -0.0094 0.6967
vn -0.2794 -0.1188 0.9528
vn 0.6795 -0.2529 0.6887
vn 0.2280 -0.2358 0.9447
vn 0.9477 -0.2015 0.2476
vn 0.9611 -0.0958 -0.2592
vn 0.7173 0.0357 -0.6958
vn 0.2826 0.1578 -0.9462
vn -0.2271 0.2381 -0.9443
vn -0.6763 0.2553 -0.6910
vn -0.9455 0.2047 -0.2531
vn -0.9623 0.0997 0.2531
vn -0.7208 -0.0320 0.6924
vn -0.2850 -0.1549 0.9459
vn 0.6740 -0.2874 0.6805
vn 0.2212 -0.2779 0.9348
vn 0.9449 -0.2192 0.2433
vn 0.9616 -0.0919 -0.2585
vn 0.7211 0.0600 -0.6902
vn 0.2887 0.1960 -0.9371
vn -0.2202 0.2800 -0.9344
vn -0.6705 0.2897 -0.6829
vn -0.9426 0.2226 -0.2491
vn -0.9629 0.0960 0.2521
vn -0.7249 -0.0562 0.6866
vn -0.2913 -0.1932 0.9369
vn 0.6681 -0.3233 0.6702
vn 0.2139 -0.3220 0.9223
vn 0.9419 -0.2372 0.2379
vn 0.9623 -0.0874 -0.2574
vn 0.7254 0.0858 -0.6829
vn 0.2955 0.2361 -0.9257
vn -0.2128 0.3238 -0.9219
vn -0.6644 0.3256 -0.6727
vn -0.9394 0.2409 -0.2440
vn -0.9637 0.0919 0.2508
vn -0.7294 -0.0818 0.6792
vn -0.2982 -0.2335 0.9255
vn 0.6690 -0.3142 0.6737
vn 0.2158 -0.3250 0.9208
vn 0.9441 -0.2170 0.2482
vn 0.9683 -0.0595 -0.2426
vn 0.7348 0.1167 -0.6682
vn 0.3050 0.2647 -0.9148
vn -0.2067 0.3447 -0.9157
vn -0.6631 0.3347 -0.6695
vn -0.9409 0.2372 -0.2418
vn -0.9645 0.0783 0.2522
vn -0.7278 -0.0989 0.6787
vn -0.2954 -0.2464 0.9231
vn 0.6754 -0.2516 0.6932
vn 0.2217 -0.2774 0.9348
vn 0.9505 -0.1546 0.2694
vn 0.9743 -0.0120 -0.2249
vn 0.7392 0.1387 -0.6590
vn 0.3060 0.2574 -0.9166
vn -0.2106 0.3118 -0.9265
vn -0.6707 0.2864 -0.6842
vn -0.9486 0.1879 -0.2547
vn -0.9687 0.0433 0.2446
vn -0.7271 -0.1079 0.6780
vn -0.2912 -0.2251 0.9298
vn 0.6785 -0.1943 0.7084
vn 0.2229 -0.2312 0.9470
vn 0.9539 -0.1020 0.2824
vn 0.9757 0.0214 -0.2182
vn 0.7371 0.1430 -0.6605
vn 0.3007 0.2302 -0.9255
vn -0.2171 0.2594 -0.9411
vn -0.6767 0.2224 -0.7018
vn -0.9535 0.1293 -0.2722
vn -0.9728 0.0052 0.2315
vn -0.7303 -0.1163 0.6731
vn -0.2925 -0.2028 0.9345
vn 0.6792 -0.1581 0.7167
vn 0.2226 -0.2009 0.9540
vn 0.9548 -0.0700 0.2890
vn 0.9757 0.0401 -0.2153
vn 0.7358 0.1429 -0.6620
vn 0.2984 0.2106 -0.9309
vn -0.2196 0.2251 -0.9493
vn -0.6787 0.1822 -0.7114
vn -0.9550 0.0936 -0.2813
vn -0.9742 -0.0169 0.2249
vn -0.7318 -0.1195 0.6710
vn -0.2936 -0.1868 0.9375
vn 0.6792 -0.1342 0.7216
vn 0.2221 -0.1797 0.9583
vn 0.9549 -0.0500 0.2927
vn 0.9755 0.0504 -0.2141
vn 0.7350 0.1403 -0.6634
vn 0.2972 0.1954 -0.9346
vn -0.2207 0.2010 -0.9544
vn -0.6794 0.1554 -0.7171
vn -0.9554 0.0709 -0.2865
vn -0.9747 -0.0298 0.2214
vn -0.7326 -0.1195 0.6701
vn -0.2945 -0.1743 0.9396
vn 0.6789 -0.1179 0.7247
vn 0.2216 -0.1641 0.9612
vn 0.9548 -0.0376 0.2948
vn 0.9753 0.0553 -0.2137
vn 0.7346 0.1360 -0.6648
vn 0.2966 0.1829 -0.9373
vn -0.2211 0.1832 -0.9579
vn -0.6796 0.1369 -0.7207
vn -0.9555 0.0564 -0.2896
vn -0.9749 -0.0367 0.2195
vn -0.7331 -0.1173 0.6700
vn -0.2951 -0.1639 0.9413
vn 0.6787 -0.1066 0.7266
vn 0.2212 -0.1521 0.9633
vn 0.9548 -0.0303 0.2959
vn 0.9752 0.0566 -0.2139
vn 0.7343 0.1306 -0.6661
vn 0.2963 0.1720 -0.9395
vn -0.2213 0.1696 -0.9604
vn -0.6796 0.1240 -0.7231
vn -0.9554 0.0474 -0.2914
vn -0.9750 -0.0394 0.2186
vn -0.7334 -0.1133 0.6703
vn -0.2956 -0.1546 0.9427
vn 0.6786 -0.0990 0.7278
vn 0.2208 -0.1427 0.9648
vn 0.9547 -0.0266 0.2963
vn 0.9752 0.0550 -0.2144
vn 0.7342 0.1241 -0.6675
vn 0.2962 0.1621 -0.9413
vn -0.2214 0.1588 -0.9622
vn -0.6796 0.1150 -0.7246
vn -0.9554 0.0426 -0.2923
vn -0.9751 -0.0391 0.2184
vn -0.7337 -0.1081 0.6709
vn -0.2960 -0.1460 0.9440
vn 0.6785 -0.0941 0.7286
vn 0.2206 -0.1350 0.9660
vn 0.9547 -0.0259 0.2963
vn 0.9752 0.0513 -0.2152
vn 0.7342 0.1168 -0.6688
vn 0.2961 0.1529 -0.9428
vn -0.2214 0.1501 -0.9636
vn -0.6795 0.1091 -0.7255
vn -0.9553 0.0408 -0.2927
vn -0.9751 -0.0363 0.2186
vn -0.7339 -0.1017 0.6716
vn -0.2963 -0.1378 0.9451
vn 0.6784 -0.0913 0.7290
vn 0.2204 -0.1287 0.9669
vn 0.9548 -0.0274 0.2960
vn 0.9753 0.0457 -0.2162
vn 0.7342 0.1085 -0.6702
vn 0.2960 0.1441 -0.9442
vn -0.2215 0.1430 -0.9646
vn -0.6795 0.1054 -0.7260
vn -0.9553 0.0415 -0.2927
vn -0.9752 -0.0316 0.2192
vn -0.7340 -0.0943 0.6725
vn -0.2965 -0.1298 0.9462
vn 0.6784 -0.0902 0.7292
vn 0.2203 -0.1235 0.9676
vn 0.9548 -0.0309 0.2955
vn 0.9753 0.0385 -0.2173
vn 0.7342 0.0994 -0.6717
vn 0.2960 0.1355 -0.9455
vn -0.2216 0.1371 -0.9655
vn -0.6795 0.1037 -0.7263
vn -0.9553 0.0444 -0.2923
vn -0.9752 -0.0250 0.2200
vn -0.7341 -0.0858 0.6736
vn -0.2966 -0.1218 0.9472
vn 0.6784 -0.0906 0.7291
vn 0.2202 -0.1190 0.9682
vn 0.9549 -0.0362 0.2948
vn 0.9754 0.0297 -0.2186
vn 0.7341 0.0894 -0.6731
vn 0.2959 0.1269 -0.9468
vn -0.2217 0.1321 -0.9661
vn -0.6796 0.1036 -0.7263
vn -0.9552 0.0491 -0.2917
vn -0.9751 -0.0167 0.2210
vn -0.7341 -0.0763 0.6747
vn -0.2967 -0.1138 0.9482
vn 0.6795 -0.0873 0.7285
vn 0.2216 -0.1155 0.9683
vn 0.9552 -0.0334 0.2940
vn 0.9753 0.0317 -0.2188
vn 0.7343 0.0907 -0.6727
vn 0.2969 0.1277 -0.9463
vn -0.2202 0.1329 -0.9664
vn -0.6784 0.1048 -0.7271
vn -0.9549 0.0510 -0.2926
vn -0.9752 -0.0142 0.2208
vn -0.7339 -0.0733 0.6753
vn -0.2957 -0.1103 0.9489
vn 0.6806 -0.0806 0.7282
vn 0.2232 -0.1192 0.9675
vn 0.9554 -0.0176 0.2948
vn 0.9748 0.0530 -0.2166
vn 0.7342 0.1123 -0.6696
vn 0.2977 0.1446 -0.9437
vn -0.2187 0.1411 -0.9655
vn -0.6772 0.1028 -0.7286
vn -0.9545 0.0398 -0.2955
vn -0.9755 -0.0310 0.2179
vn -0.7338 -0.0906 0.6732
vn -0.2948 -0.1229 0.9476
vn 0.6805 -0.0767 0.7287
vn 0.2234 -0.1323 0.9657
vn 0.9547 0.0022 0.2974
vn 0.9736 0.0833 -0.2123
vn 0.7329 0.1449 -0.6647
vn 0.2967 0.1708 -0.9396
vn -0.2191 0.1539 -0.9635
vn -0.6771 0.0986 -0.7293
vn -0.9542 0.0197 -0.2987
vn -0.9751 -0.0617 0.2132
vn -0.7334 -0.1238 0.6684
vn -0.2944 -0.1496 0.9439
vn 0.6805 -0.0756 0.7288
vn 0.2244 -0.1504 0.9628
vn 0.9535 0.0220 0.3006
vn 0.9714 0.1165 -0.2068
vn 0.7304 0.1826 -0.6582
vn 0.2946 0.2028 -0.9338
vn -0.2202 0.1718 -0.9602
vn -0.6770 0.0976 -0.7295
vn -0.9532 -0.0001 -0.3023
vn -0.9736 -0.0951 0.2074
vn -0.7318 -0.1617 0.6620
vn -0.2929 -0.1819 0.9387
vn 0.6807 -0.0772 0.7285
vn 0.2264 -0.1735 0.9585
vn 0.9516 0.0423 0.3044
vn 0.9678 0.1531 -0.1996
vn 0.7262 0.2258 -0.6494
vn 0.2911 0.2411 -0.9258
vn -0.2222 0.1950 -0.9553
vn -0.6771 0.0994 -0.7291
vn -0.9517 -0.0202 -0.3065
vn -0.9709 -0.1317 0.1999
vn -0.7286 -0.2051 0.6535
vn -0.2899 -0.2204 0.9313
vn 0.6813 -0.0815 0.7275
vn 0.2298 -0.2020 0.9520
vn 0.9489 0.0634 0.3092
vn 0.9625 0.1938 -0.1901
vn 0.7197 0.2752 -0.6375
vn 0.2853 0.2861 -0.9147
vn -0.2256 0.2237 -0.9482
vn -0.6776 0.1042 -0.7280
vn -0.9493 -0.0408 -0.3116
vn -0.9665 -0.1723 0.1902
vn -0.7232 -0.2547 0.6420
vn -0.2847 -0.2656 0.9211
vn 0.6825 -0.0884 0.7255
vn 0.2354 -0.2363 0.9427
vn 0.9451 0.0856 0.3153
vn 0.9547 0.2391 -0.1773
vn 0.7101 0.3314 -0.6212
vn 0.2767 0.3385 -0.8994
vn -0.2311 0.2583 -0.9380
vn -0.6787 0.1118 -0.7259
vn -0.9461 -0.0623 -0.3179
vn -0.9598 -0.2173 0.1774
vn -0.7147 -0.3111 0.6264
vn -0.2766 -0.3181 0.9068
vn 0.6846 -0.0979 0.7223
vn 0.2438 -0.2767 0.9295
vn 0.9401 0.1092 0.3230
vn 0.9437 0.2894 -0.1603
vn 0.6963 0.3951 -0.5992
vn 0.2639 0.3987 -0.8783
vn -0.2394 0.2991 -0.9237
vn -0.6807 0.1223 -0.7222
vn -0.9416 -0.0850 -0.3258
vn -0.9502 -0.2673 0.1604
vn -0.7023 -0.3750 0.6051
vn -0.2645 -0.3784 0.8871
vn 0.6880 -0.1102 0.7173
vn 0.2560 -0.3232 0.9111
vn 0.9333 0.1343 0.3331
vn 0.9285 0.3449 -0.1375
vn 0.6770 0.4662 -0.5695
vn 0.2458 0.4667 -0.8496
vn -0.2516 0.3461 -0.9038
vn -0.6841 0.1358 -0.7166
vn -0.9356 -0.1089 -0.3358
vn -0.9365 -0.3224 0.1379
vn -0.6844 -0.4464 0.5764
vn -0.2471 -0.4467 0.8599
vn 0.6929 -0.1250 0.7101
vn 0.2732 -0.3755 0.8857
vn 0.9243 0.1607 0.3461
vn 0.9080 0.4050 -0.1073
vn 0.6505 0.5441 -0.5299
vn 0.2207 0.5419 -0.8110
vn -0.2689 0.3989 -0.8767
vn -0.6893 0.1520 -0.7084
vn -0.9277 -0.1339 -0.3485
vn -0.9177 -0.3822 0.1081
vn -0.6596 -0.5249 0.5379
vn -0.2228 -0.5224 0.8231
vn 0.7000 -0.1419 0.6999
vn 0.2966 -0.4323 0.8516
vn 0.9128 0.1877 0.3627
vn 0.8809 0.4684 -0.0680
vn 0.6153 0.6269 -0.4779
vn 0.1869 0.6224 -0.7601
vn -0.2925 0.4559 -0.8406
vn -0.6968 0.1704 -0.6968
vn -0.9175 -0.1596 -0.3644
vn -0.8926 -0.4455 0.0694
vn -0.6262 -0.6087 0.4872
vn -0.1898 -0.6039 0.7741
vn 0.7095 -0.1603 0.6862
vn 0.3271 -0.4912 0.8073
vn 0.8984 0.2143 0.3835
vn 0.8464 0.5323 -0.0180
vn 0.5701 0.7110 -0.4118
vn 0.1430 0.7046 -0.6951
vn -0.3235 0.5147 -0.7940
vn -0.7071 0.1899 -0.6811
vn -0.9047 -0.1850 -0.3838
vn -0.8602 -0.5096 0.0204
vn -0.5826 -0.6945 0.4223
vn -0.1468 -0.6877 0.7110
vn 0.7149 -0.1696 0.6784
vn 0.3441 -0.5204 0.7816
vn 0.8902 0.2273 0.3949
vn 0.8261 0.5634 0.0097
vn 0.5437 0.7513 -0.3741
vn 0.1182 0.7441 -0.6575
vn -0.3406 0.5436 -0.7671
vn -0.7129 0.1998 -0.6722
vn -0.8974 -0.1975 -0.3945
vn -0.8410 -0.5410 -0.0069
vn -0.5570 -0.7358 0.3851
vn -0.1223 -0.7283 0.6743
f 1/1/1 2/2/2 3/3/3 4/4/4
f 5/5/5 6/6/6 2/7/2 1/8/1
f 7/9/7 8/10/8 6/6/6 5/5/5
f 9/11/9 10/12/10 8/10/8 7/9/7
f 11/13/11 12/14/12 10/12/10 9/11/9
f 13/15/13 14/16/14 12/14/12 11/13/11
f 15/17/15 16/18/16 14/16/14 13/15/13
f 17/19/17 18/20/18 16/18/16 15/17/15
f 19/21/19 20/22/20 18/20/18 17/19/17
f 21/23/21 22/24/22 20/22/20 19/21/19
f 23/25/23 24/26/24 22/24/22 21/23/21
f 4/4/4 3/3/3 24/26/24 23/25/23
f 2/2/2 25/27/25 26/28/26 3/3/3
f 6/6/6 27/29/27 25/30/25 2/7/2
f 8/10/8 28/31/28 27/29/27 6/6/6
f 10/12/10 29/32/29 28/31/28 8/10/8
f 12/14/12 30/33/30 29/32/29 10/12/10
f 14/16/14 31/34/31 30/33/30 12/14/12
f 16/18/16 32/35/32 31/34/31 14/16/14
f 18/20/18 33/36/33 32/35/32 16/18/16
f 20/22/20 34/37/34 33/36/33 18/20/18
f 22/24/22 35/38/35 34/37/34 20/22/20
f 24/26/24 36/39/36 35/38/35 22/24/22
f 3/3/3 26/28/26 36/39/36 24/26/24
f 25/27/25 37/40/37 38/41/38 26/28/26
f 27/29/27 39/42/39 37/43/37 25/30/25
f 28/31/28 40/44/40 39/42/39 27/29/27
f 29/32/29 41/45/41 40/44/40 28/31/28
f 30/33/30 42/46/42 41/45/41 29/32/29
f 31/34/31 43/47/43 42/46/42 30/33/30
f 32/35/32 44/48/44 43/47/43 31/34/31
f 33/36/33 45/49/45 44/48/44 32/35/32
f 34/37/34 46/50/46 45/49/45 33/36/33
f 35/38/35 47/51/47 46/50/46 34/37/34
f 36/39/36 48/52/48 47/51/47 35/38/35
f 26/28/26 38/41/38 48/52/48 36/39/36
f 37/40/37 49/53/49 50/54/50 38/41/38
f 39/42/39 51/55/51 49/56/49 37/43/37
f 40/44/40 52/57/52 51/55/51 39/42/39
f 41/45/41 53/58/53 52/57/52 40/44/40
f 42/46/42 54/59/54 53/58/53 41/45/41
f 43/47/43 55/60/55 54/59/54 42/46/42
f 44/48/44 56/61/56 55/60/55 43/47/43
f 45/49/45 57/62/57 56/61/56 44/48/44
f 46/50/46 58/63/58 57/62/57 45/49/45
f 47/51/47 59/64/59 58/63/58 46/50/46
f 48/52/48 60/65/60 59/64/59 47/51/47
f 38/41/38 50/54/50 60/65/60 48/52/48
f 49/53/49 61/66/61 62/67/62 50/54/50
f 51/55/51 63/68/63 61/69/61 49/56/49
f 52/57/52 64/70/64 63/68/63 51/55/51
f 53/58/53 65/71/65 64/70/64 52/57/52
f 54/59/54 66/72/66 65/71/65 53/58/53
f 55/60/55 67/73/67 66/72/66 54/59/54
f 56/61/56 68/74/68 67/73/67 55/60/55
f 57/62/57 69/75/69 68/74/68 56/61/56
f 58/63/58 70/76/70 69/75/69 57/62/57
f 59/64/59 71/77/71 70/76/70 58/63/58
f 60/65/60 72/78/72 71/77/71 59/64/59
f 50/54/50 62/67/62 72/78/72 60/65/60
f 61/66/61 73/79/73 74/80/74 62/67/62
f 63/68/63 75/81/75 73/82/73 61/69/61
f 64/70/64 76/83/76 75/81/75 63/68/63
f 65/71/65 77/84/77 76/83/76 64/70/64
f 66/72/66 78/85/78 77/84/77 65/71/65
f 67/73/67 79/86/79 78/85/78 66/72/66
f 68/74/68 80/87/80 79/86/79 67/73/67
f 69/75/69 81/88/81 80/87/80 68/74/68
f 70/76/70 82/89/82 81/88/81 69/75/69
f 71/77/71 83/90/83 82/89/82 70/76/70
f 72/78/72 84/91/84 83/90/83 71/77/71
f 62/67/62 74/80/74 84/91/84 72/78/72
f 73/79/73 85/92/85 86/93/86 74/80/74
f 75/81/75 87/94/87 85/95/85 73/82/73
f 76/83/76 88/96/88 87/94/87 75/81/75
f 77/84/77 89/97/89 88/96/88 76/83/76
f 78/85/78 90/98/90 89/97/89 77/84/77
f 79/86/79 91/99/91 90/98/90 78/85/78
f 80/87/80 92/100/92 91/99/91 79/86/79
f 81/88/81 93/101/93 92/100/92 80/87/80
f 82/89/82 94/102/94 93/101/93 81/88/81
f 83/90/83 95/103/95 94/102/94 82/89/82
f 84/91/84 96/104/96 95/103/95 83/90/83
f 74/80/74 86/93/86 96/104/96 84/91/84
f 85/92/85 97/105/97 98/106/98 86/93/86
f 87/94/87 99/107/99 97/108/97 85/95/85
f 88/96/88 100/109/100 99/107/99 87/94/87
f 89/97/89 101/110/101 100/109/100 88/96/88
f 90/98/90 102/111/102 101/110/101 89/97/89
f 91/99/91 103/112/103 102/111/102 90/98/90
f 92/100/92 104/113/104 103/112/103 91/99/91
f 93/101/93 105/114/105 104/113/104 92/100/92
f 94/102/94 106/115/106 105/114/105 93/101/93
f 95/103/95 107/116/107 106/115/106 94/102/94
f 96/104/96 108/117/108 107/116/107 95/103/95
f 86/93/86 98/106/98 108/117/108 96/104/96
f 97/105/97 109/118/109 110/119/110 98/106/98
f 99/107/99 111/120/111 109/121/109 97/108/97
f 100/109/100 112/122/112 111/120/111 99/107/99
f 101/110/101 113/123/113 112/122/112 100/109/100
f 102/111/102 114/124/114 113/123/113 101/110/101
f 103/112/103 115/125/115 114/124/114 102/111/102
f 104/113/104 116/126/116 115/125/115 103/112/103
f 105/114/105 117/127/117 116/126/116 104/113/104
f 106/115/106 118/128/118 117/127/117 105/114/105
f 107/116/107 119/129/119 118/128/118 106/115/106
f 108/117/108 120/130/120 119/129/119 107/116/107
f 98/106/98 110/119/110 120/130/120 108/117/108
f 109/118/109 121/131/121 122/132/122 110/119/110
f 111/120/111 123/133/123 121/134/121 109/121/109
f 112/122/112 124/135/124 123/133/123 111/120/111
f 113/123/113 125/136/125 124/135/124 112/122/112
f 114/124/114 126/137/126 125/136/125 113/123/113
f 115/125/115 127/138/127 126/137/126 114/124/114
f 116/126/116 128/139/128 127/138/127 115/125/115
f 117/127/117 129/140/129 128/139/128 116/126/116
f 118/128/118 130/141/130 129/140/129 117/127/117
f 119/129/119 131/142/131 130/141/130 118/128/118
f 120/130/120 132/143/132 131/142/131 119/129/119
f 110/119/110 122/132/122 132/143/132 120/130/120
f 121/131/121 133/144/133 134/145/134 122/132/122
f 123/133/123 135/146/135 133/147/133 121/134/121
f 124/135/124 136/148/136 135/146/135 123/133/123
f 125/136/125 137/149/137 136/148/136 124/135/124
f 126/137/126 138/150/138 137/149/137 125/136/125
f 127/138/127 139/151/139 138/150/138 126/137/126
f 128/139/128 140/152/140 139/151/139 127/138/127
f 129/140/129 141/153/141 140/152/140 128/139/128
f 130/141/130 142/154/142 141/153/141 129/140/129
f 131/142/131 143/155/143 142/154/142 130/141/130
f 132/143/132 144/156/144 143/155/143 131/142/131
f 122/132/122 134/145/134 144/156/144 132/143/132
f 133/144/133 145/157/145 146/158/146 134/145/134
f 135/146/135 147/159/147 145/160/145 133/147/133
f 136/148/136 148/161/148 147/159/147 135/146/135
f 137/149/137 149/162/149 148/161/148 136/148/136
f 138/150/138 150/163/150 149/162/149 137/149/137
f 139/151/139 151/164/151 150/163/150 138/150/138
f 140/152/140 152/165/152 151/164/151 139/151/139
f 141/153/141 153/166/153 152/165/152 140/152/140
f 142/154/142 154/167/154 153/166/153 141/153/141
f 143/155/143 155/168/155 154/167/154 142/154/142
f 144/156/144 156/169/156 155/168/155 143/155/143
f 134/145/134 146/158/146 156/169/156 144/156/144
f 145/157/145 157/170/157 158/171/158 146/158/146
f 147/159/147 159/172/159 157/173/157 145/160/145
f 148/161/148 160/174/160 159/172/159 147/159/147
f 149/162/149 161/175/161 160/174/160 148/161/148
f 150/163/150 162/176/162 161/175/161 149/162/149
f 151/164/151 163/177/163 162/176/162 150/163/150
f 152/165/152 164/178/164 163/177/163 151/164/151
f 153/166/153 165/179/165 164/178/164 152/165/152
f 154/167/154 166/180/166 165/179/165 153/166/153
f 155/168/155 167/181/167 166/180/166 154/167/154
f 156/169/156 168/182/168 167/181/167 155/168/155
f 146/158/146 158/171/158 168/182/168 156/169/156
f 157/170/157 169/183/169 170/184/170 158/171/158
f 159/172/159 171/185/171 169/186/169 157/173/157
f 160/174/160 172/187/172 171/185/171 159/172/159
f 161/175/161 173/188/173 172/187/172 160/174/160
f 162/176/162 174/189/174 173/188/173 161/175/161
f 163/177/163 175/190/175 174/189/174 162/176/162
f 164/178/164 176/191/176 175/190/175 163/177/163
f 165/179/165 177/192/177 176/191/176 164/178/164
f 166/180/166 178/193/178 177/192/177 165/179/165
f 167/181/167 179/194/179 178/193/178 166/180/166
f 168/182/168 180/195/180 179/194/179 167/181/167
f 158/171/158 170/184/170 180/195/180 168/182/168
f 169/183/169 181/196/181 182/197/182 170/184/170
f 171/185/171 183/198/183 181/199/181 169/186/169
f 172/187/172 184/200/184 183/198/183 171/185/171
f 173/188/173 185/201/185 184/200/184 172/187/172
f 174/189/174 186/202/186 185/201/185 173/188/173
f 175/190/175 187/203/187 186/202/186 174/189/174
f 176/191/176 188/204/188 187/203/187 175/190/175
f 177/192/177 189/205/189 188/204/188 176/191/176
f 178/193/178 190/206/190 189/205/189 177/192/177
f 179/194/179 191/207/191 190/206/190 178/193/178
f 180/195/180 192/208/192 191/207/191 179/194/179
f 170/184/170 182/197/182 192/208/192 180/195/180
f 181/196/181 193/209/193 194/210/194 182/197/182
f 183/198/183 195/211/195 193/212/193 181/199/181
f 184/200/184 196/213/196 195/211/195 183/198/183
f 185/201/185 197/214/197 196/213/196 184/200/184
f 186/202/186 198/215/198 197/214/197 185/201/185
f 187/203/187 199/216/199 198/215/198 186/202/186
f 188/204/188 200/217/200 199/216/199 187/203/187
f 189/205/189 201/218/201 200/217/200 188/204/188
f 190/206/190 202/219/202 201/218/201 189/205/189
f 191/207/191 203/220/203 202/219/202 190/206/190
f 192/208/192 204/221/204 203/220/203 191/207/191
f 182/197/182 194/210/194 204/221/204 192/208/192
f 193/209/193 205/222/205 206/223/206 194/210/194
f 195/211/195 207/224/207 205/225/205 193/212/193
f 196/213/196 208/226/208 207/224/207 195/211/195
f 197/214/197 209/227/209 208/226/208 196/213/196
f 198/215/198 210/228/210 209/227/209 197/214/197
f 199/216/199 211/229/211 210/228/210 198/215/198
f 200/217/200 212/230/212 211/229/211 199/216/199
f 201/218/201 213/231/213 212/230/212 200/217/200
f 202/219/202 214/232/214 213/231/213 201/218/201
f 203/220/203 215/233/215 214/232/214 202/219/202
f 204/221/204 216/234/216 215/233/215 203/220/203
f 194/210/194 206/223/206 216/234/216 204/221/204
f 205/222/205 217/235/217 218/236/218 206/223/206
f 207/224/207 219/237/219 217/238/217 205/225/205
f 208/226/208 220/239/220 219/237/219 207/224/207
f 209/227/209 221/240/221 220/239/220 208/226/208
f 210/228/210 222/241/222 221/240/221 209/227/209
f 211/229/211 223/242/223 222/241/222 210/228/210
f 212/230/212 224/243/224 223/242/223 211/229/211
f 213/231/213 225/244/225 224/243/224 212/230/212
f 214/232/214 226/245/226 225/244/225 213/231/213
f 215/233/215 227/246/227 226/245/226 214/232/214
f 216/234/216 228/247/228 227/246/227 215/233/215
f 206/223/206 218/236/218 228/247/228 216/234/216
f 217/235/217 229/248/229 230/249/230 218/236/218
f 219/237/219 231/250/231 229/251/229 217/238/217
f 220/239/220 232/252/232 231/250/231 219/237/219
f 221/240/221 233/253/233 232/252/232 220/239/220
f 222/241/222 234/254/234 233/253/233 221/240/221
f 223/242/223 235/255/235 234/254/234 222/241/222
f 224/243/224 236/256/236 235/255/235 223/242/223
f 225/244/225 237/257/237 236/256/236 224/243/224
f 226/245/226 238/258/238 237/257/237 225/244/225
f 227/246/227 239/259/239 238/258/238 226/245/226
f 228/247/228 240/260/240 239/259/239 227/246/227
f 218/236/218 230/249/230 240/260/240 228/247/228
f 229/248/229 241/261/241 242/262/242 230/249/230
f 231/250/231 243/263/243 241/264/241 229/251/229
f 232/252/232 244/265/244 243/263/243 231/250/231
f 233/253/233 245/266/245 244/265/244 232/252/232
f 234/254/234 246/267/246 245/266/245 233/253/233
f 235/255/235 247/268/247 246/267/246 234/254/234
f 236/256/236 248/269/248 247/268/247 235/255/235
f 237/257/237 249/270/249 248/269/248 236/256/236
f 238/258/238 250/271/250 249/270/249 237/257/237
f 239/259/239 251/272/251 250/271/250 238/258/238
f 240/260/240 252/273/252 251/272/251 239/259/239
f 230/249/230 242/262/242 252/273/252 240/260/240
f 241/261/241 253/274/253 254/275/254 242/262/242
f 243/263/243 255/276/219 253/277/253 241/264/241
f 244/265/244 256/278/255 255/276/219 243/263/243
f 245/266/245 257/279/256 256/278/255 244/265/244
f 246/267/246 258/280/257 257/279/256 245/266/245
f 247/268/247 259/281/258 258/280/257 246/267/246
f 248/269/248 260/282/259 259/281/258 247/268/247
f 249/270/249 261/283/260 260/282/259 248/269/248
f 250/271/250 262/284/261 261/283/260 249/270/249
f 251/272/251 263/285/262 262/284/261 250/271/250
f 252/273/252 264/286/263 263/285/262 251/272/251
f 242/262/242 254/275/254 264/286/263 252/273/252
f 253/274/253 265/287/264 266/288/265 254/275/254
f 255/276/219 267/289/266 265/290/264 253/277/253
f 256/278/255 268/291/267 267/289/266 255/276/219
f 257/279/256 269/292/268 268/291/267 256/278/255
f 258/280/257 270/293/269 269/292/268 257/279/256
f 259/281/258 271/294/270 270/293/269 258/280/257
f 260/282/259 272/295/271 271/294/270 259/281/258
f 261/283/260 273/296/272 272/295/271 260/282/259
f 262/284/261 274/297/273 273/296/272 261/283/260
f 263/285/262 275/298/274 274/297/273 262/284/261
f 264/286/263 276/299/275 275/298/274 263/285/262
f 254/275/254 266/288/265 276/299/275 264/286/263
f 265/287/264 277/300/276 278/301/277 266/288/265
f 267/289/266 279/302/278 277/303/276 265/290/264
f 268/291/267 280/304/279 279/302/278 267/289/266
f 269/292/268 281/305/280 280/304/279 268/291/267
f 270/293/269 282/306/281 281/305/280 269/292/268
f 271/294/270 283/307/282 282/306/281 270/293/269
f 272/295/271 284/308/283 283/307/282 271/294/270
f 273/296/272 285/309/284 284/308/283 272/295/271
f 274/297/273 286/310/285 285/309/284 273/296/272
f 275/298/274 287/311/286 286/310/285 274/297/273
f 276/299/275 288/312/287 287/311/286 275/298/274
f 266/288/265 278/301/277 288/312/287 276/299/275
f 277/300/276 289/313/288 290/314/289 278/301/277
f 279/302/278 291/315/290 289/316/288 277/303/276
f 280/304/279 292/317/291 291/315/290 279/302/278
f 281/305/280 293/318/292 292/317/291 280/304/279
f 282/306/281 294/319/293 293/318/292 281/305/280
f 283/307/282 295/320/294 294/319/293 282/306/281
f 284/308/283 296/321/295 295/320/294 283/307/282
f 285/309/284 297/322/296 296/321/295 284/308/283
f 286/310/285 298/323/297 297/322/296 285/309/284
f 287/311/286 299/324/298 298/323/297 286/310/285
f 288/312/287 300/325/299 299/324/298 287/311/286
f 278/301/277 290/314/289 300/325/299 288/312/287
f 289/313/288 301/326/300 302/327/301 290/314/289
f 291/315/290 303/328/302 301/329/300 289/316/288
f 292/317/291 304/330/303 303/328/302 291/315/290
f 293/318/292 305/331/304 304/330/303 292/317/291
f 294/319/293 306/332/305 305/331/304 293/318/292
f 295/320/294 307/333/306 306/332/305 294/319/293
f 296/321/295 308/334/307 307/333/306 295/320/294
f 297/322/296 309/335/308 308/334/307 296/321/295
f 298/323/297 310/336/309 309/335/308 297/322/296
f 299/324/298 311/337/310 310/336/309 298/323/297
f 300/325/299 312/338/311 311/337/310 299/324/298
f 290/314/289 302/327/301 312/338/311 300/325/299
f 301/326/300 313/339/312 314/340/313 302/327/301
f 303/328/302 315/341/314 313/342/312 301/329/300
f 304/330/303 316/343/315 315/341/314 303/328/302
f 305/331/304 317/344/316 316/343/315 304/330/303
f 306/332/305 318/345/317 317/344/316 305/331/304
f 307/333/306 319/346/318 318/345/317 306/332/305
f 308/334/307 320/347/319 319/346/318 307/333/306
f 309/335/308 321/348/320 320/347/319 308/334/307
f 310/336/309 322/349/321 321/348/320 309/335/308
f 311/337/310 323/350/322 322/349/321 310/336/309
f 312/338/311 324/351/323 323/350/322 311/337/310
f 302/327/301 314/340/313 324/351/323 312/338/311
f 313/339/312 325/352/324 326/353/325 314/340/313
f 315/341/314 327/354/326 325/355/324 313/342/312
f 316/343/315 328/356/327 327/354/326 315/341/314
f 317/344/316 329/357/328 328/356/327 316/343/315
f 318/345/317 330/358/329 329/357/328 317/344/316
f 319/346/318 331/359/330 330/358/329 318/345/317
f 320/347/319 332/360/331 331/359/330 319/346/318
f 321/348/320 333/361/332 332/360/331 320/347/319
f 322/349/321 334/362/333 333/361/332 321/348/320
f 323/350/322 335/363/334 334/362/333 322/349/321
f 324/351/323 336/364/335 335/363/334 323/350/322
f 314/340/313 326/353/325 336/364/335 324/351/323
f 325/352/324 337/365/336 338/366/337 326/353/325
f 327/354/326 339/367/338 337/368/336 325/355/324
f 328/356/327 340/369/339 339/367/338 327/354/326
f 329/357/328 341/370/340 340/369/339 328/356/327
f 330/358/329 342/371/341 341/370/340 329/357/328
f 331/359/330 343/372/342 342/371/341 330/358/329
f 332/360/331 344/373/343 343/372/342 331/359/330
f 333/361/332 345/374/344 344/373/343 332/360/331
f 334/362/333 346/375/345 345/374/344 333/361/332
f 335/363/334 347/376/346 346/375/345 334/362/333
f 336/364/335 348/377/347 347/376/346 335/363/334
f 326/353/325 338/366/337 348/377/347 336/364/335
f 337/365/336 349/378/348 350/379/349 338/366/337
f 339/367/338 351/380/350 349/381/348 337/368/336
f 340/369/339 352/382/351 351/380/350 339/367/338
f 341/370/340 353/383/352 352/382/351 340/369/339
f 342/371/341 354/384/353 353/383/352 341/370/340
f 343/372/342 355/385/354 354/384/353 342/371/341
f 344/373/343 356/386/355 355/385/354 343/372/342
f 345/374/344 357/387/356 356/386/355 344/373/343
f 346/375/345 358/388/357 357/387/356 345/374/344
f 347/376/346 359/389/358 358/388/357 346/375/345
f 348/377/347 360/390/359 359/389/358 347/376/346
f 338/366/337 350/379/349 360/390/359 348/377/347
f 349/378/348 361/391/360 362/392/361 350/379/349
f 351/380/350 363/393/362 361/394/360 349/381/348
f 352/382/351 364/395/363 363/393/362 351/380/350
f 353/383/352 365/396/364 364/395/363 352/382/351
f 354/384/353 366/397/365 365/396/364 353/383/352
f 355/385/354 367/398/366 366/397/365 354/384/353
f 356/386/355 368/399/367 367/398/366 355/385/354
f 357/387/356 369/400/368 368/399/367 356/386/355
f 358/388/357 370/401/369 369/400/368 357/387/356
f 359/389/358 371/402/370 370/401/369 358/388/357
f 360/390/359 372/403/371 371/402/370 359/389/358
f 350/379/349 362/392/361 372/403/371 360/390/359
f 361/391/360 373/404/372 374/405/373 362/392/361
f 363/393/362 375/406/374 373/407/372 361/394/360
f 364/395/363 376/408/375 375/406/374 363/393/362
f 365/396/364 377/409/376 376/408/375 364/395/363
f 366/397/365 378/410/377 377/409/376 365/396/364
f 367/398/366 379/411/378 378/410/377 366/397/365
f 368/399/367 380/412/379 379/411/378 367/398/366
f 369/400/368 381/413/380 380/412/379 368/399/367
f 370/401/369 382/414/381 381/413/380 369/400/368
f 371/402/370 383/415/382 382/414/381 370/401/369
f 372/403/371 384/416/383 383/415/382 371/402/370
f 362/392/361 374/405/373 384/416/383 372/403/371
f 373/404/372 385/417/384 386/418/385 374/405/373
f 375/406/374 387/419/386 385/420/384 373/407/372
f 376/408/375 388/421/387 387/419/386 375/406/374
f 377/409/376 389/422/388 388/421/387 376/408/375
f 378/410/377 390/423/389 389/422/388 377/409/376
f 379/411/378 391/424/390 390/423/389 378/410/377
f 380/412/379 392/425/391 391/424/390 379/411/378
f 381/413/380 393/426/392 392/425/391 380/412/379
f 382/414/381 394/427/393 393/426/392 381/413/380
f 383/415/382 395/428/394 394/427/393 382/414/381
f 384/416/383 396/429/395 395/428/394 383/415/382
f 374/405/373 386/418/385 396/429/395 384/416/383
f 385/417/384 397/430/396 398/431/397 386/418/385
f 387/419/386 399/432/398 397/433/396 385/420/384
f 388/421/387 400/434/399 399/432/398 387/419/386
f 389/422/388 401/435/400 400/434/399 388/421/387
f 390/423/389 402/436/401 401/435/400 389/422/388
f 391/424/390 403/437/402 402/436/401 390/423/389
f 392/425/391 404/438/403 403/437/402 391/424/390
f 393/426/392 405/439/404 404/438/403 392/425/391
f 394/427/393 406/440/405 405/439/404 393/426/392
f 395/428/394 407/441/406 406/440/405 394/427/393
f 396/429/395 408/442/407 407/441/406 395/428/394
f 386/418/385 398/431/397 408/442/407 396/429/395
f 397/430/396 409/443/408 410/444/409 398/431/397
f 399/432/398 411/445/410 409/446/408 397/433/396
f 400/434/399 412/447/411 411/445/410 399/432/398
f 401/435/400 413/448/412 412/447/411 400/434/399
f 402/436/401 414/449/413 413/448/412 401/435/400
f 403/437/402 415/450/414 414/449/413 402/436/401
f 404/438/403 416/451/415 415/450/414 403/437/402
f 405/439/404 417/452/416 416/451/415 404/438/403
f 406/440/405 418/453/417 417/452/416 405/439/404
f 407/441/406 419/454/418 418/453/417 406/440/405
f 408/442/407 420/455/419 419/454/418 407/441/406
f 398/431/397 410/444/409 420/455/419 408/442/407
f 409/443/408 421/456/420 422/457/421 410/444/409
f 411/445/410 423/458/422 421/459/420 409/446/408
f 412/447/411 424/460/423 423/458/422 411/445/410
f 413/448/412 425/461/424 424/460/423 412/447/411
f 414/449/413 426/462/425 425/461/424 413/448/412
f 415/450/414 427/463/426 426/462/425 414/449/413
f 416/451/415 428/464/427 427/463/426 415/450/414
f 417/452/416 429/465/428 428/464/427 416/451/415
f 418/453/417 430/466/429 429/465/428 417/452/416
f 419/454/418 431/467/430 430/466/429 418/453/417
f 420/455/419 432/468/431 431/467/430 419/454/418
f 410/444/409 422/457/421 432/468/431 420/455/419
f 421/456/420 433/469/432 434/470/433 422/457/421
f 423/458/422 435/471/434 433/472/432 421/459/420
f 424/460/423 436/473/435 435/471/434 423/458/422
f 425/461/424 437/474/436 436/473/435 424/460/423
f 426/462/425 438/475/437 437/474/436 425/461/424
f 427/463/426 439/476/438 438/475/437 426/462/425
f 428/464/427 440/477/439 439/476/438 427/463/426
f 429/465/428 441/478/440 440/477/439 428/464/427
f 430/466/429 442/479/441 441/478/440 429/465/428
f 431/467/430 443/480/442 442/479/441 430/466/429
f 432/468/431 444/481/443 443/480/442 431/467/430
f 422/457/421 434/470/433 444/481/443 432/468/431
f 433/469/432 445/482/444 446/483/445 434/470/433
f 435/471/434 447/484/446 445/485/444 433/472/432
f 436/473/435 448/486/447 447/484/446 435/471/434
f 437/474/436 449/487/448 448/486/447 436/473/435
f 438/475/437 450/488/449 449/487/448 437/474/436
f 439/476/438 451/489/450 450/488/449 438/475/437
f 440/477/439 452/490/451 451/489/450 439/476/438
f 441/478/440 453/491/452 452/490/451 440/477/439
f 442/479/441 454/492/453 453/491/452 441/478/440
f 443/480/442 455/493/454 454/492/453 442/479/441
f 444/481/443 456/494/455 455/493/454 443/480/442
f 434/470/433 446/483/445 456/494/455 444/481/443
f 445/482/444 457/495/456 458/496/457 446/483/445
f 447/484/446 459/497/458 457/498/456 445/485/444
f 448/486/447 460/499/459 459/497/458 447/484/446
f 449/487/448 461/500/460 460/499/459 448/486/447
f 450/488/449 462/501/461 461/500/460 449/487/448
f 451/489/450 463/502/462 462/501/461 450/488/449
f 452/490/451 464/503/463 463/502/462 451/489/450
f 453/491/452 465/504/464 464/503/463 452/490/451
f 454/492/453 466/505/465 465/504/464 453/491/452
f 455/493/454 467/506/466 466/505/465 454/492/453
f 456/494/455 468/507/467 467/506/466 455/493/454
f 446/483/445 458/496/457 468/507/467 456/494/455
f 457/495/456 469/508/468 470/509/469 458/496/457
f 459/497/458 471/510/470 469/511/468 457/498/456
f 460/499/459 472/512/471 471/510/470 459/497/458
f 461/500/460 473/513/472 472/512/471 460/499/459
f 462/501/461 474/514/473 473/513/472 461/500/460
f 463/502/462 475/515/474 474/514/473 462/501/461
f 464/503/463 476/516/475 475/515/474 463/502/462
f 465/504/464 477/517/476 476/516/475 464/503/463
f 466/505/465 478/518/477 477/517/476 465/504/464
f 467/506/466 479/519/478 478/518/477 466/505/465
f 468/507/467 480/520/479 479/519/478 467/506/466
f 458/496/457 470/509/469 480/520/479 468/507/467
f 469/508/468 481/521/480 482/522/481 470/509/469
f 471/510/470 483/523/482 481/524/480 469/511/468
f 472/512/471 484/525/483 483/523/482 471/510/470
f 473/513/472 485/526/484 484/525/483 472/512/471
f 474/514/473 486/527/485 485/526/484 473/513/472
f 475/515/474 487/528/486 486/527/485 474/514/473
f 476/516/475 488/529/487 487/528/486 475/515/474
f 477/517/476 489/530/488 488/529/487 476/516/475
f 478/518/477 490/531/489 489/530/488 477/517/476
f 479/519/478 491/532/490 490/531/489 478/518/477
f 480/520/479 492/533/491 491/532/490 479/519/478
f 470/509/469 482/522/481 492/533/491 480/520/479
f 481/521/480 493/534/492 494/535/493 482/522/481
f 483/523/482 495/536/494 493/537/492 481/524/480
f 484/525/483 496/538/495 495/536/494 483/523/482
f 485/526/484 497/539/496 496/538/495 484/525/483
f 486/527/485 498/540/497 497/539/496 485/526/484
f 487/528/486 499/541/498 498/540/497 486/527/485
f 488/529/487 500/542/499 499/541/498 487/528/486
f 489/530/488 501/543/500 500/542/499 488/529/487
f 490/531/489 502/544/501 501/543/500 489/530/488
f 491/532/490 503/545/502 502/544/501 490/531/489
f 492/533/491 504/546/503 503/545/502 491/532/490
f 482/522/481 494/535/493 504/546/503 492/533/491
f 493/534/492 505/547/504 506/548/505 494/535/493
f 495/536/494 507/549/506 505/550/504 493/537/492
f 496/538/495 508/551/507 507/549/506 495/536/494
f 497/539/496 509/552/508 508/551/507 496/538/495
f 498/540/497 510/553/509 509/552/508 497/539/496
f 499/541/498 511/554/510 510/553/509 498/540/497
f 500/542/499 512/555/511 511/554/510 499/541/498
f 501/543/500 513/556/512 512/555/511 500/542/499
f 502/544/501 514/557/513 513/556/512 501/543/500
f 503/545/502 515/558/514 514/557/513 502/544/501
f 504/546/503 516/559/515 515/558/514 503/545/502
f 494/535/493 506/548/505 516/559/515 504/546/503
f 505/547/504 517/560/516 518/561/517 506/548/505
f 507/549/506 519/562/518 517/563/516 505/550/504
f 508/551/507 520/564/519 519/562/518 507/549/506
f 509/552/508 521/565/520 520/564/519 508/551/507
f 510/553/509 522/566/521 521/565/520 509/552/508
f 511/554/510 523/567/522 522/566/521 510/553/509
f 512/555/511 524/568/523 523/567/522 511/554/510
f 513/556/512 525/569/524 524/568/523 512/555/511
f 514/557/513 526/570/525 525/569/524 513/556/512
f 515/558/514 527/571/526 526/570/525 514/557/513
f 516/559/515 528/572/527 527/571/526 515/558/514
f 506/548/505 518/561/517 528/572/527 516/559/515
f 517/560/516 529/573/528 530/574/529 518/561/517
f 519/562/518 531/575/530 529/576/528 517/563/516
f 520/564/519 532/577/531 531/575/530 519/562/518
f 521/565/520 533/578/532 532/577/531 520/564/519
f 522/566/521 534/579/533 533/578/532 521/565/520
f 523/567/522 535/580/534 534/579/533 522/566/521
f 524/568/523 536/581/535 535/580/534 523/567/522
f 525/569/524 537/582/536 536/581/535 524/568/523
f 526/570/525 538/583/537 537/582/536 525/569/524
f 527/571/526 539/584/538 538/583/537 526/570/525
f 528/572/527 540/585/539 539/584/538 527/571/526
f 518/561/517 530/574/529 540/585/539 528/572/527
f 529/573/528 541/586/540 542/587/541 530/574/529
f 531/575/530 543/588/542 541/589/540 529/576/528
f 532/577/531 544/590/543 543/588/542 531/575/530
f 533/578/532 545/591/544 544/590/543 532/577/531
f 534/579/533 546/592/545 545/591/544 533/578/532
f 535/580/534 547/593/546 546/592/545 534/579/533
f 536/581/535 548/594/547 547/593/546 535/580/534
f 537/582/536 549/595/548 548/594/547 536/581/535
f 538/583/537 550/596/549 549/595/548 537/582/536
f 539/584/538 551/597/550 550/596/549 538/583/537
f 540/585/539 552/598/551 551/597/550 539/584/538
f 530/574/529 542/587/541 552/598/551 540/585/539
f 541/586/540 553/599/552 554/600/553 542/587/541
f 543/588/542 555/601/554 553/602/552 541/589/540
f 544/590/543 556/603/555 555/601/554 543/588/542
f 545/591/544 557/604/556 556/603/555 544/590/543
f 546/592/545 558/605/557 557/604/556 545/591/544
f 547/593/546 559/606/558 558/605/557 546/592/545
f 548/594/547 560/607/559 559/606/558 547/593/546
f 549/595/548 561/608/560 560/607/559 548/594/547
f 550/596/549 562/609/561 561/608/560 549/595/548
f 551/597/550 563/610/562 562/609/561 550/596/549
f 552/598/551 564/611/563 563/610/562 551/597/550
f 542/587/541 554/600/553 564/611/563 552/598/551
f 553/599/552 565/612/564 566/613/565 554/600/553
f 555/601/554 567/614/566 565/615/564 553/602/552
f 556/603/555 568/616/567 567/614/566 555/601/554
f 557/604/556 569/617/568 568/616/567 556/603/555
f 558/605/557 570/618/569 569/617/568 557/604/556
f 559/606/558 571/619/570 570/618/569 558/605/557
f 560/607/559 572/620/571 571/619/570 559/606/558
f 561/608/560 573/621/572 572/620/571 560/607/559
f 562/609/561 574/622/573 573/621/572 561/608/560
f 563/610/562 575/623/574 574/622/573 562/609/561
f 564/611/563 576/624/575 575/623/574 563/610/562
f 554/600/553 566/613/565 576/624/575 564/611/563
f 565/612/564 577/625/576 578/626/577 566/613/565
f 567/614/566 579/627/578 577/628/576 565/615/564
f 568/616/567 580/629/579 579/627/578 567/614/566
f 569/617/568 581/630/580 580/629/579 568/616/567
f 570/618/569 582/631/581 581/630/580 569/617/568
f 571/619/570 583/632/582 582/631/581 570/618/569
f 572/620/571 584/633/583 583/632/582 571/619/570
f 573/621/572 585/634/584 584/633/583 572/620/571
f 574/622/573 586/635/585 585/634/584 573/621/572
f 575/623/574 587/636/586 586/635/585 574/622/573
f 576/624/575 588/637/587 587/636/586 575/623/574
f 566/613/565 578/626/577 588/637/587 576/624/575
f 577/625/576 589/638/588 590/639/589 578/626/577
f 579/627/578 591/640/590 589/641/588 577/628/576
f 580/629/579 592/642/591 591/640/590 579/627/578
f 581/630/580 593/643/592 592/642/591 580/629/579
f 582/631/581 594/644/593 593/643/592 581/630/580
f 583/632/582 595/645/594 594/644/593 582/631/581
f 584/633/583 596/646/595 595/645/594 583/632/582
f 585/634/584 597/647/596 596/646/595 584/633/583
f 586/635/585 598/648/597 597/647/596 585/634/584
f 587/636/586 599/649/598 598/648/597 586/635/585
f 588/637/587 600/650/599 599/649/598 587/636/586
f 578/626/577 590/639/589 600/650/599 588/637/587
f 589/638/588 601/651/600 602/652/601 590/639/589
f 591/640/590 603/653/602 601/654/600 589/641/588
f 592/642/591 604/655/603 603/653/602 591/640/590
f 593/643/592 605/656/604 604/655/603 592/642/591
f 594/644/593 606/657/605 605/656/604 593/643/592
f 595/645/594 607/658/606 606/657/605 594/644/593
f 596/646/595 608/659/607 607/658/606 595/645/594
f 597/647/596 609/660/608 608/659/607 596/646/595
f 598/648/597 610/661/609 609/660/608 597/647/596
f 599/649/598 611/662/610 610/661/609 598/648/597
f 600/650/599 612/663/611 611/662/610 599/649/598
f 590/639/589 602/652/601 612/663/611 600/650/599
f 601/651/600 613/664/612 614/665/613 602/652/601
f 603/653/602 615/666/614 613/667/612 601/654/600
f 604/655/603 616/668/615 615/666/614 603/653/602
f 605/656/604 617/669/616 616/668/615 604/655/603
f 606/657/605 618/670/617 617/669/616 605/656/604
f 607/658/606 619/671/618 618/670/617 606/657/605
f 608/659/607 620/672/619 619/671/618 607/658/606
f 609/660/608 621/673/620 620/672/619 608/659/607
f 610/661/609 622/674/621 621/673/620 609/660/608
f 611/662/610 623/675/622 622/674/621 610/661/609
f 612/663/611 624/676/623 623/675/622 611/662/610
f 602/652/601 614/665/613 624/676/623 612/663/611
f 613/664/612 625/677/624 626/678/625 614/665/613
f 615/666/614 627/679/626 625/680/624 613/667/612
f 616/668/615 628/681/627 627/679/626 615/666/614
f 617/669/616 629/682/628 628/681/627 616/668/615
f 618/670/617 630/683/629 629/682/628 617/669/616
f 619/671/618 631/684/630 630/683/629 618/670/617
f 620/672/619 632/685/631 631/684/630 619/671/618
f 621/673/620 633/686/632 632/685/631 620/672/619
f 622/674/621 634/687/633 633/686/632 621/673/620
f 623/675/622 635/688/634 634/687/633 622/674/621
f 624/676/623 636/689/635 635/688/634 623/675/622
f 614/665/613 626/678/625 636/689/635 624/676/623
f 625/677/624 637/690/636 638/691/637 626/678/625
f 627/679/626 639/692/638 637/693/636 625/680/624
f 628/681/627 640/694/639 639/692/638 627/679/626
f 629/682/628 641/695/640 640/694/639 628/681/627
f 630/683/629 642/696/641 641/695/640 629/682/628
f 631/684/630 643/697/642 642/696/641 630/683/629
f 632/685/631 644/698/643 643/697/642 631/684/630
f 633/686/632 645/699/644 644/698/643 632/685/631
f 634/687/633 646/700/645 645/699/644 633/686/632
f 635/688/634 647/701/646 646/700/645 634/687/633
f 636/689/635 648/702/647 647/701/646 635/688/634
f 626/678/625 638/691/637 648/702/647 636/689/635
f 637/690/636 649/703/648 650/704/649 638/691/637
f 639/692/638 651/705/650 649/706/648 637/693/636
f 640/694/639 652/707/651 651/705/650 639/692/638
f 641/695/640 653/708/652 652/707/651 640/694/639
f 642/696/641 654/709/653 653/708/652 641/695/640
f 643/697/642 655/710/654 654/709/653 642/696/641
f 644/698/643 656/711/655 655/710/654 643/697/642
f 645/699/644 657/712/656 656/711/655 644/698/643
f 646/700/645 658/713/657 657/712/656 645/699/644
f 647/701/646 659/714/658 658/713/657 646/700/645
f 648/702/647 660/715/659 659/714/658 647/701/646
f 638/691/637 650/704/649 660/715/659 648/702/647
f 649/703/648 661/716/660 662/717/661 650/704/649
f 651/705/650 663/718/662 661/719/660 649/706/648
f 652/707/651 664/720/663 663/718/662 651/705/650
f 653/708/652 665/721/664 664/720/663 652/707/651
f 654/709/653 666/722/665 665/721/664 653/708/652
f 655/710/654 667/723/666 666/722/665 654/709/653
f 656/711/655 668/724/667 667/723/666 655/710/654
f 657/712/656 669/725/668 668/724/667 656/711/655
f 658/713/657 670/726/669 669/725/668 657/712/656
f 659/714/658 671/727/670 670/726/669 658/713/657
f 660/715/659 672/728/671 671/727/670 659/714/658
f 650/704/649 662/717/661 672/728/671 660/715/659
f 661/716/660 673/729/672 674/730/673 662/717/661
f 663/718/662 675/731/674 673/732/672 661/719/660
f 664/720/663 676/733/675 675/731/674 663/718/662
f 665/721/664 677/734/676 676/733/675 664/720/663
f 666/722/665 678/735/677 677/734/676 665/721/664
f 667/723/666 679/736/678 678/735/677 666/722/665
f 668/724/667 680/737/679 679/736/678 667/723/666
f 669/725/668 681/738/680 680/737/679 668/724/667
f 670/726/669 682/739/681 681/738/680 669/725/668
f 671/727/670 683/740/682 682/739/681 670/726/669
f 672/728/671 684/741/683 683/740/682 671/727/670
f 662/717/661 674/730/673 684/741/683 672/728/671
f 673/729/672 685/742/684 686/743/685 674/730/673
f 675/731/674 687/744/686 685/745/684 673/732/672
f 676/733/675 688/746/687 687/744/686 675/731/674
f 677/734/676 689/747/688 688/746/687 676/733/675
f 678/735/677 690/748/689 689/747/688 677/734/676
f 679/736/678 691/749/690 690/748/689 678/735/677
f 680/737/679 692/750/691 691/749/690 679/736/678
f 681/738/680 693/751/692 692/750/691 680/737/679
f 682/739/681 694/752/693 693/751/692 681/738/680
f 683/740/682 695/753/694 694/752/693 682/739/681
f 684/741/683 696/754/695 695/753/694 683/740/682
f 674/730/673 686/743/685 696/754/695 684/741/683
f 685/742/684 697/755/696 698/756/697 686/743/685
f 687/744/686 699/757/698 697/758/696 685/745/684
f 688/746/687 700/759/699 699/757/698 687/744/686
f 689/747/688 701/760/700 700/759/699 688/746/687
f 690/748/689 702/761/701 701/760/700 689/747/688
f 691/749/690 703/762/702 702/761/701 690/748/689
f 692/750/691 704/763/703 703/762/702 691/749/690
f 693/751/692 705/764/704 704/763/703 692/750/691
f 694/752/693 706/765/705 705/764/704 693/751/692
f 695/753/694 707/766/706 706/765/705 694/752/693
f 696/754/695 708/767/707 707/766/706 695/753/694
f 686/743/685 698/756/697 708/767/707 696/754/695
f 697/755/696 709/768/708 710/769/709 698/756/697
f 699/757/698 711/770/710 709/771/708 697/758/696
f 700/759/699 712/772/711 711/770/710 699/757/698
f 701/760/700 713/773/712 712/772/711 700/759/699
f 702/761/701 714/774/713 713/773/712 701/760/700
f 703/762/702 715/775/714 714/774/713 702/761/701
f 704/763/703 716/776/715 715/775/714 703/762/702
f 705/764/704 717/777/716 716/776/715 704/763/703
f 706/765/705 718/778/717 717/777/716 705/764/704
f 707/766/706 719/779/718 718/778/717 706/765/705
f 708/767/707 720/780/719 719/779/718 707/766/706
f 698/756/697 710/769/709 720/780/719 708/767/707
f 709/768/708 721/781/720 722/782/721 710/769/709
f 711/770/710 723/783/722 721/784/720 709/771/708
f 712/772/711 724/785/723 723/783/722 711/770/710
f 713/773/712 725/786/724 724/785/723 712/772/711
f 714/774/713 726/787/725 725/786/724 713/773/712
f 715/775/714 727/788/726 726/787/725 714/774/713
f 716/776/715 728/789/727 727/788/726 715/775/714
f 717/777/716 729/790/728 728/789/727 716/776/715
f 718/778/717 730/791/729 729/790/728 717/777/716
f 719/779/718 731/792/730 730/791/729 718/778/717
f 720/780/719 732/793/731 731/792/730 719/779/718
f 710/769/709 722/782/721 732/793/731 720/780/719
f 721/781/720 733/794/732 734/795/733 722/782/721
f 723/783/722 735/796/734 733/797/732 721/784/720
f 724/785/723 736/798/735 735/796/734 723/783/722
f 725/786/724 737/799/736 736/798/735 724/785/723
f 726/787/725 738/800/737 737/799/736 725/786/724
f 727/788/726 739/801/738 738/800/737 726/787/725
f 728/789/727 740/802/739 739/801/738 727/788/726
f 729/790/728 741/803/740 740/802/739 728/789/727
f 730/791/729 742/804/741 741/803/740 729/790/728
f 731/792/730 743/805/742 742/804/741 730/791/729
f 732/793/731 744/806/743 743/805/742 731/792/730
f 722/782/721 734/795/733 744/806/743 732/793/731
f 733/794/732 745/807/744 746/808/745 734/795/733
f 735/796/734 747/809/746 745/810/744 733/797/732
f 736/798/735 748/811/747 747/809/746 735/796/734
f 737/799/736 749/812/748 748/811/747 736/798/735
f 738/800/737 750/813/749 749/812/748 737/799/736
f 739/801/738 751/814/750 750/813/749 738/800/737
f 740/802/739 752/815/751 751/814/750 739/801/738
f 741/803/740 753/816/752 752/815/751 740/802/739
f 742/804/741 754/817/753 753/816/752 741/803/740
f 743/805/742 755/818/754 754/817/753 742/804/741
f 744/806/743 756/819/755 755/818/754 743/805/742
f 734/795/733 746/808/745 756/819/755 744/806/743
f 745/807/744 757/820/756 758/821/757 746/808/745
f 747/809/746 759/822/758 757/823/756 745/810/744
f 748/811/747 760/824/759 759/822/758 747/809/746
f 749/812/748 761/825/760 760/824/759 748/811/747
f 750/813/749 762/826/761 761/825/760 749/812/748
f 751/814/750 763/827/762 762/826/761 750/813/749
f 752/815/751 764/828/763 763/827/762 751/814/750
f 753/816/752 765/829/764 764/828/763 752/815/751
f 754/817/753 766/830/765 765/829/764 753/816/752
f 755/818/754 767/831/766 766/830/765 754/817/753
f 756/819/755 768/832/767 767/831/766 755/818/754
f 746/808/745 758/821/757 768/832/767 756/819/755
f 757/820/756 769/833/768 770/834/769 758/821/757
f 759/822/758 771/835/770 769/836/768 757/823/756
f 760/824/759 772/837/771 771/835/770 759/822/758
f 761/825/760 773/838/772 772/837/771 760/824/759
f 762/826/761 774/839/773 773/838/772 761/825/760
f 763/827/762 775/840/774 774/839/773 762/826/761
f 764/828/763 776/841/775 775/840/774 763/827/762
f 765/829/764 777/842/776 776/841/775 764/828/763
f 766/830/765 778/843/777 777/842/776 765/829/764
f 767/831/766 779/844/778 778/843/777 766/830/765
f 768/832/767 780/845/779 779/844/778 767/831/766
f 758/821/757 770/834/769 780/845/779 768/832/767
f 769/833/768 781/846/780 782/847/781 770/834/769
f 771/835/770 783/848/782 781/849/780 769/836/768
f 772/837/771 784/850/783 783/848/782 771/835/770
f 773/838/772 785/851/784 784/850/783 772/837/771
f 774/839/773 786/852/785 785/851/784 773/838/772
f 775/840/774 787/853/786 786/852/785 774/839/773
f 776/841/775 788/854/787 787/853/786 775/840/774
f 777/842/776 789/855/788 788/854/787 776/841/775
f 778/843/777 790/856/789 789/855/788 777/842/776
f 779/844/778 791/857/790 790/856/789 778/843/777
f 780/845/779 792/858/791 791/857/790 779/844/778
f 770/834/769 782/847/781 792/858/791 780/845/779
f 781/846/780 793/859/792 794/860/793 782/847/781
f 783/848/782 795/861/794 793/862/792 781/849/780
f 784/850/783 796/863/795 795/861/794 783/848/782
f 785/851/784 797/864/796 796/863/795 784/850/783
f 786/852/785 798/865/797 797/864/796 785/851/784
f 787/853/786 799/866/798 798/865/797 786/852/785
f 788/854/787 800/867/799 799/866/798 787/853/786
f 789/855/788 801/868/800 800/867/799 788/854/787
f 790/856/789 802/869/801 801/868/800 789/855/788
f 791/857/790 803/870/802 802/869/801 790/856/789
f 792/858/791 804/871/803 803/870/802 791/857/790
f 782/847/781 794/860/793 804/871/803 792/858/791
f 793/859/792 805/872/804 806/873/805 794/860/793
f 795/861/794 807/874/806 805/875/804 793/862/792
f 796/863/795 808/876/807 807/874/806 795/861/794
f 797/864/796 809/877/808 808/876/807 796/863/795
f 798/865/797 810/878/809 809/877/808 797/864/796
f 799/866/798 811/879/810 810/878/809 798/865/797
f 800/867/799 812/880/811 811/879/810 799/866/798
f 801/868/800 813/881/812 812/880/811 800/867/799
f 802/869/801 814/882/813 813/881/812 801/868/800
f 803/870/802 815/883/814 814/882/813 802/869/801
f 804/871/803 816/884/815 815/883/814 803/870/802
f 794/860/793 806/873/805 816/884/815 804/871/803
f 805/872/804 817/885/816 818/886/817 806/873/805
f 807/874/806 819/887/818 817/888/816 805/875/804
f 808/876/807 820/889/819 819/887/818 807/874/806
f 809/877/808 821/890/820 820/889/819 808/876/807
f 810/878/809 822/891/821 821/890/820 809/877/808
f 811/879/810 823/892/822 822/891/821 810/878/809
f 812/880/811 824/893/823 823/892/822 811/879/810
f 813/881/812 825/894/824 824/893/823 812/880/811
f 814/882/813 826/895/825 825/894/824 813/881/812
f 815/883/814 827/896/826 826/895/825 814/882/813
f 816/884/815 828/897/827 827/896/826 815/883/814
f 806/873/805 818/886/817 828/897/827 816/884/815
f 817/885/816 829/898/828 830/899/829 818/886/817
f 819/887/818 831/900/830 829/901/828 817/888/816
f 820/889/819 832/902/831 831/900/830 819/887/818
f 821/890/820 833/903/832 832/902/831 820/889/819
f 822/891/821 834/904/833 833/903/832 821/890/820
f 823/892/822 835/905/834 834/904/833 822/891/821
f 824/893/823 836/906/835 835/905/834 823/892/822
f 825/894/824 837/907/836 836/906/835 824/893/823
f 826/895/825 838/908/837 837/907/836 825/894/824
f 827/896/826 839/909/838 838/908/837 826/895/825
f 828/897/827 840/910/839 839/909/838 827/896/826
f 818/886/817 830/899/829 840/910/839 828/897/827
f 829/898/828 841/911/840 842/912/841 830/899/829
f 831/900/830 843/913/842 841/914/840 829/901/828
f 832/902/831 844/915/843 843/913/842 831/900/830
f 833/903/832 845/916/844 844/915/843 832/902/831
f 834/904/833 846/917/845 845/916/844 833/903/832
f 835/905/834 847/918/846 846/917/845 834/904/833
f 836/906/835 848/919/847 847/918/846 835/905/834
f 837/907/836 849/920/848 848/919/847 836/906/835
f 838/908/837 850/921/849 849/920/848 837/907/836
f 839/909/838 851/922/850 850/921/849 838/908/837
f 840/910/839 852/923/851 851/922/850 839/909/838
f 830/899/829 842/912/841 852/923/851 840/910/839
f 841/911/840 853/924/852 854/925/853 842/912/841
f 843/913/842 855/926/854 853/927/852 841/914/840
f 844/915/843 856/928/855 855/926/854 843/913/842
f 845/916/844 857/929/856 856/928/855 844/915/843
f 846/917/845 858/930/857 857/929/856 845/916/844
f 847/918/846 859/931/858 858/930/857 846/917/845
f 848/919/847 860/932/859 859/931/858 847/918/846
f 849/920/848 861/933/860 860/932/859 848/919/847
f 850/921/849 862/934/861 861/933/860 849/920/848
f 851/922/850 863/935/862 862/934/861 850/921/849
f 852/923/851 864/936/863 863/935/862 851/922/850
f 842/912/841 854/925/853 864/936/863 852/923/851
f 853/924/852 865/937/864 866/938/865 854/925/853
f 855/926/854 867/939/866 865/940/864 853/927/852
f 856/928/855 868/941/867 867/939/866 855/926/854
f 857/929/856 869/942/868 868/941/867 856/928/855
f 858/930/857 870/943/869 869/942/868 857/929/856
f 859/931/858 871/944/870 870/943/869 858/930/857
f 860/932/859 872/945/871 871/944/870 859/931/858
f 861/933/860 873/946/872 872/945/871 860/932/859
f 862/934/861 874/947/873 873/946/872 861/933/860
f 863/935/862 875/948/874 874/947/873 862/934/861
f 864/936/863 876/949/875 875/948/874 863/935/862
f 854/925/853 866/938/865 876/949/875 864/936/863
f 865/937/864 877/950/876 878/951/877 866/938/865
f 867/939/866 879/952/878 877/953/876 865/940/864
f 868/941/867 880/954/879 879/952/878 867/939/866
f 869/942/868 881/955/880 880/954/879 868/941/867
f 870/943/869 882/956/881 881/955/880 869/942/868
f 871/944/870 883/957/882 882/956/881 870/943/869
f 872/945/871 884/958/883 883/957/882 871/944/870
f 873/946/872 885/959/884 884/958/883 872/945/871
f 874/947/873 886/960/885 885/959/884 873/946/872
f 875/948/874 887/961/886 886/960/885 874/947/873
f 876/949/875 888/962/887 887/961/886 875/948/874
f 866/938/865 878/951/877 888/962/887 876/949/875
f 877/950/876 889/963/888 890/964/889 878/951/877
f 879/952/878 891/965/890 889/966/888 877/953/876
f 880/954/879 892/967/891 891/965/890 879/952/878
f 881/955/880 893/968/892 892/967/891 880/954/879
f 882/956/881 894/969/893 893/968/892 881/955/880
f 883/957/882 895/970/894 894/969/893 882/956/881
f 884/958/883 896/971/895 895/970/894 883/957/882
f 885/959/884 897/972/896 896/971/895 884/958/883
f 886/960/885 898/973/897 897/972/896 885/959/884
f 887/961/886 899/974/898 898/973/897 886/960/885
f 888/962/887 900/975/899 899/974/898 887/961/886
f 878/951/877 890/964/889 900/975/899 888/962/887
f 889/963/888 901/976/900 902/977/901 890/964/889
f 891/965/890 903/978/902 901/979/900 889/966/888
f 892/967/891 904/980/903 903/978/902 891/965/890
f 893/968/892 905/981/904 904/980/903 892/967/891
f 894/969/893 906/982/905 905/981/904 893/968/892
f 895/970/894 907/983/906 906/982/905 894/969/893
f 896/971/895 908/984/907 907/983/906 895/970/894
f 897/972/896 909/985/908 908/984/907 896/971/895
f 898/973/897 910/986/909 909/985/908 897/972/896
f 899/974/898 911/987/910 910/986/909 898/973/897
f 900/975/899 912/988/911 911/987/910 899/974/898
f 890/964/889 902/977/901 912/988/911 900/975/899
f 901/976/900 913/989/912 914/990/913 902/977/901
f 903/978/902 915/991/914 913/992/912 901/979/900
f 904/980/903 916/993/915 915/991/914 903/978/902
f 905/981/904 917/994/916 916/993/915 904/980/903
f 906/982/905 918/995/917 917/994/916 905/981/904
f 907/983/906 919/996/918 918/995/917 906/982/905
f 908/984/907 920/997/919 919/996/918 907/983/906
f 909/985/908 921/998/920 920/997/919 908/984/907
f 910/986/909 922/999/921 921/998/920 909/985/908
f 911/987/910 923/1000/922 922/999/921 910/986/909
f 912/988/911 924/1001/923 923/1000/922 911/987/910
f 902/977/901 914/990/913 924/1001/923 912/988/911
f 913/989/912 925/1002/924 926/1003/925 914/990/913
f 915/991/914 927/1004/926 925/1005/924 913/992/912
f 916/993/915 928/1006/927 927/1004/926 915/991/914
f 917/994/916 929/1007/928 928/1006/927 916/993/915
f 918/995/917 930/1008/929 929/1007/928 917/994/916
f 919/996/918 931/1009/930 930/1008/929 918/995/917
f 920/997/919 932/1010/931 931/1009/930 919/996/918
f 921/998/920 933/1011/932 932/1010/931 920/997/919
f 922/999/921 934/1012/933 933/1011/932 921/998/920
f 923/1000/922 935/1013/934 934/1012/933 922/999/921
f 924/1001/923 936/1014/935 935/1013/934 923/1000/922
f 914/990/913 926/1003/925 936/1014/935 924/1001/923
f 925/1002/924 937/1015/936 938/1016/937 926/1003/925
f 927/1004/926 939/1017/938 937/1018/936 925/1005/924
f 928/1006/927 940/1019/939 939/1017/938 927/1004/926
f 929/1007/928 941/1020/940 940/1019/939 928/1006/927
f 930/1008/929 942/1021/941 941/1020/940 929/1007/928
f 931/1009/930 943/1022/942 942/1021/941 930/1008/929
f 932/1010/931 944/1023/943 943/1022/942 931/1009/930
f 933/1011/932 945/1024/944 944/1023/943 932/1010/931
f 934/1012/933 946/1025/945 945/1024/944 933/1011/932
f 935/1013/934 947/1026/946 946/1025/945 934/1012/933
f 936/1014/935 948/1027/947 947/1026/946 935/1013/934
f 926/1003/925 938/1016/937 948/1027/947 936/1014/935
f 937/1015/936 949/1028/948 950/1029/949 938/1016/937
f 939/1017/938 951/1030/950 949/1031/948 937/1018/936
f 940/1019/939 952/1032/951 951/1030/950 939/1017/938
f 941/1020/940 953/1033/952 952/1032/951 940/1019/939
f 942/1021/941 954/1034/953 953/1033/952 941/1020/940
f 943/1022/942 955/1035/954 954/1034/953 942/1021/941
f 944/1023/943 956/1036/955 955/1035/954 943/1022/942
f 945/1024/944 957/1037/956 956/1036/955 944/1023/943
f 946/1025/945 958/1038/957 957/1037/956 945/1024/944
f 947/1026/946 959/1039/958 958/1038/957 946/1025/945
f 948/1027/947 960/1040/959 959/1039/958 947/1026/946
f 938/1016/937 950/1029/949 960/1040/959 948/1027/947
f 949/1028/948 961/1041/960 962/1042/961 950/1029/949
f 951/1030/950 963/1043/962 961/1044/960 949/1031/948
f 952/1032/951 964/1045/963 963/1043/962 951/1030/950
f 953/1033/952 965/1046/964 964/1045/963 952/1032/951
f 954/1034/953 966/1047/965 965/1046/964 953/1033/952
f 955/1035/954 967/1048/966 966/1047/965 954/1034/953
f 956/1036/955 968/1049/967 967/1048/966 955/1035/954
f 957/1037/956 969/1050/968 968/1049/967 956/1036/955
f 958/1038/957 970/1051/969 969/1050/968 957/1037/956
f 959/1039/958 971/1052/970 970/1051/969 958/1038/957
f 960/1040/959 972/1053/971 971/1052/970 959/1039/958
f 950/1029/949 962/1042/961 972/1053/971 960/1040/959
f 961/1041/960 973/1054/972 974/1055/973 962/1042/961
f 963/1043/962 975/1056/974 973/1057/972 961/1044/960
f 964/1045/963 976/1058/975 975/1056/974 963/1043/962
f 965/1046/964 977/1059/976 976/1058/975 964/1045/963
f 966/1047/965 978/1060/977 977/1059/976 965/1046/964
f 967/1048/966 979/1061/978 978/1060/977 966/1047/965
f 968/1049/967 980/1062/979 979/1061/978 967/1048/966
f 969/1050/968 981/1063/980 980/1062/979 968/1049/967
f 970/1051/969 982/1064/981 981/1063/980 969/1050/968
f 971/1052/970 983/1065/982 982/1064/981 970/1051/969
f 972/1053/971 984/1066/983 983/1065/982 971/1052/970
f 962/1042/961 974/1055/973 984/1066/983 972/1053/971
f 973/1054/972 985/1067/984 986/1068/985 974/1055/973
f 975/1056/974 987/1069/986 985/1070/984 973/1057/972
f 976/1058/975 988/1071/987 987/1069/986 975/1056/974
f 977/1059/976 989/1072/988 988/1071/987 976/1058/975
f 978/1060/977 990/1073/989 989/1072/988 977/1059/976
f 979/1061/978 991/1074/990 990/1073/989 978/1060/977
f 980/1062/979 992/1075/991 991/1074/990 979/1061/978
f 981/1063/980 993/1076/992 992/1075/991 980/1062/979
f 982/1064/981 994/1077/993 993/1076/992 981/1063/980
f 983/1065/982 995/1078/994 994/1077/993 982/1064/981
f 984/1066/983 996/1079/995 995/1078/994 983/1065/982
f 974/1055/973 986/1068/985 996/1079/995 984/1066/983
f 985/1067/984 997/1080/996 998/1081/997 986/1068/985
f 987/1069/986 999/1082/998 997/1083/996 985/1070/984
f 988/1071/987 1000/1084/999 999/1082/998 987/1069/986
f 989/1072/988 1001/1085/1000 1000/1084/999 988/1071/987
f 990/1073/989 1002/1086/1001 1001/1085/1000 989/1072/988
f 991/1074/990 1003/1087/1002 1002/1086/1001 990/1073/989
f 992/1075/991 1004/1088/1003 1003/1087/1002 991/1074/990
f 993/1076/992 1005/1089/1004 1004/1088/1003 992/1075/991
f 994/1077/993 1006/1090/1005 1005/1089/1004 993/1076/992
f 995/1078/994 1007/1091/1006 1006/1090/1005 994/1077/993
f 996/1079/995 1008/1092/1007 1007/1091/1006 995/1078/994
f 986/1068/985 998/1081/997 1008/1092/1007 996/1079/995
f 997/1080/996 1009/1093/1008 1010/1094/1009 998/1081/997
f 999/1082/998 1011/1095/1010 1009/1096/1008 997/1083/996
f 1000/1084/999 1012/1097/1011 1011/1095/1010 999/1082/998
f 1001/1085/1000 1013/1098/1012 1012/1097/1011 1000/1084/999
f 1002/1086/1001 1014/1099/1013 1013/1098/1012 1001/1085/1000
f 1003/1087/1002 1015/1100/1014 1014/1099/1013 1002/1086/1001
f 1004/1088/1003 1016/1101/1015 1015/1100/1014 1003/1087/1002
f 1005/1089/1004 1017/1102/1016 1016/1101/1015 1004/1088/1003
f 1006/1090/1005 1018/1103/1017 1017/1102/1016 1005/1089/1004
f 1007/1091/1006 1019/1104/1018 1018/1103/1017 1006/1090/1005
f 1008/1092/1007 1020/1105/1019 1019/1104/1018 1007/1091/1006
f 998/1081/997 1010/1094/1009 1020/1105/1019 1008/1092/1007
