# Extracted from Open3DModel lower-limb.obj — Inferior_extensor_retinaculum.r
# License: CC BY-SA 4.0 — AnatomyTOOL Open3D create
o Inferior_extensor_retinaculum.r
v -0.107100 0.068003 -0.043852
v -0.106658 0.068066 -0.043840
v -0.106575 0.067202 -0.044430
v -0.107037 0.067223 -0.044420
v -0.106854 0.066563 -0.043381
v -0.106925 0.067422 -0.042793
v -0.106475 0.067359 -0.042879
v -0.106284 0.057686 -0.025017
v -0.106482 0.056067 -0.026716
v -0.106114 0.056652 -0.027756
v -0.105833 0.057419 -0.027051
v -0.106640 0.060185 -0.022907
v -0.106832 0.059614 -0.022304
v -0.106815 0.057336 -0.024278
v -0.106743 0.055552 -0.025938
v -0.106253 0.058641 -0.025370
v -0.106428 0.060793 -0.023567
v -0.105606 0.057455 -0.026493
v -0.103462 0.054958 -0.051568
v -0.102981 0.054187 -0.050834
v -0.103335 0.054573 -0.050325
v -0.103685 0.055278 -0.051562
v -0.103632 0.056073 -0.051976
v -0.103431 0.055782 -0.051483
v -0.106315 0.066351 -0.043437
v -0.102932 0.054854 -0.050449
v -0.104483 0.063554 -0.034396
v -0.104661 0.062879 -0.036335
v -0.105027 0.064108 -0.036907
v -0.104850 0.064811 -0.034889
v -0.104321 0.062101 -0.034893
v -0.104435 0.062019 -0.035596
v -0.104290 0.062922 -0.033404
v -0.103888 0.061997 -0.034445
v -0.104597 0.065364 -0.031745
v -0.104618 0.064639 -0.031258
v -0.104591 0.066236 -0.032191
v -0.103404 0.061172 -0.035459
v -0.103763 0.061234 -0.035854
v -0.103627 0.060347 -0.035020
v -0.104167 0.061370 -0.034398
v -0.104368 0.061414 -0.034559
v -0.102056 0.037422 -0.028053
v -0.101397 0.036292 -0.028497
v -0.101232 0.036718 -0.030045
v -0.101726 0.037751 -0.029895
v -0.101891 0.036029 -0.025980
v -0.101529 0.035585 -0.026578
v -0.102844 0.039317 -0.028743
v -0.103405 0.039548 -0.027507
v -0.102666 0.037806 -0.026705
v -0.102261 0.036659 -0.026360
v -0.102396 0.039232 -0.030026
v -0.103404 0.056807 -0.030460
v -0.104181 0.057714 -0.030240
v -0.104073 0.059110 -0.031802
v -0.103342 0.058188 -0.032285
v -0.102060 0.057372 -0.033194
v -0.101673 0.056307 -0.031855
v -0.104564 0.056270 -0.027857
v -0.104804 0.056814 -0.028326
v -0.101650 0.035226 -0.026234
v -0.101825 0.035647 -0.026066
v -0.102248 0.036072 -0.026950
v -0.101712 0.035056 -0.027132
v -0.061642 0.041760 0.030262
v -0.062299 0.041562 0.031255
v -0.063161 0.040586 0.031621
v -0.062379 0.040976 0.030628
v -0.066584 0.088630 -0.005580
v -0.063469 0.089590 -0.009888
v -0.062738 0.088464 -0.009837
v -0.064679 0.087184 -0.006213
v -0.070709 0.089400 -0.003167
v -0.071134 0.091030 -0.004594
v -0.067349 0.090721 -0.006879
v -0.067537 0.085483 -0.001703
v -0.071209 0.086725 -0.000078
v -0.064046 0.090740 -0.010204
v -0.065606 0.084562 -0.002714
v -0.064689 0.078021 0.003430
v -0.068145 0.080177 0.004690
v -0.067833 0.082372 0.001867
v -0.065391 0.081381 0.000387
v -0.065653 0.076868 0.006013
v -0.068698 0.079013 0.006584
v -0.063603 0.080753 -0.001203
v -0.062492 0.077351 0.000856
v -0.061715 0.073500 0.004092
v -0.062721 0.073390 0.005993
v -0.060503 0.073168 0.002086
v -0.105285 0.064151 -0.038712
v -0.104720 0.062561 -0.037381
v -0.104700 0.062072 -0.038291
v -0.105203 0.063292 -0.039800
v -0.105915 0.065730 -0.038751
v -0.105485 0.065386 -0.037122
v -0.064055 0.040646 0.031392
v -0.064063 0.040784 0.030995
v -0.064183 0.040482 0.030875
v -0.063900 0.040481 0.031279
v -0.063964 0.040825 0.031677
v -0.063918 0.041044 0.031221
v -0.063750 0.040631 0.031567
v -0.062910 0.042619 0.030093
v -0.063434 0.041848 0.030395
v -0.063775 0.041356 0.031455
v -0.063176 0.042327 0.031289
v -0.054281 0.091614 -0.021261
v -0.055614 0.091905 -0.019686
v -0.055517 0.091067 -0.019410
v -0.053812 0.090812 -0.021521
v -0.053920 0.092102 -0.021869
v -0.055688 0.092826 -0.020000
v -0.053155 0.091082 -0.022430
v -0.054971 0.092185 -0.021722
v -0.054599 0.092721 -0.022305
v -0.053706 0.091352 -0.022922
v -0.054471 0.091147 -0.021945
v -0.056196 0.092456 -0.020321
v -0.056243 0.093362 -0.020596
v -0.056082 0.091511 -0.020052
v -0.066663 0.089385 -0.005210
v -0.067377 0.091559 -0.006682
v -0.071446 0.091796 -0.004258
v -0.070955 0.090015 -0.002671
v -0.063402 0.090409 -0.009621
v -0.063949 0.091590 -0.010036
v -0.071053 0.087373 0.000119
v -0.067520 0.086105 -0.001306
v -0.065648 0.085216 -0.002241
v -0.064790 0.087990 -0.005779
v -0.062749 0.089388 -0.009531
v -0.103026 0.037762 -0.027384
v -0.101959 0.036363 -0.028636
v -0.101480 0.035328 -0.028726
v -0.102513 0.037492 -0.028594
v -0.102782 0.055102 -0.042670
v -0.102680 0.054399 -0.040784
v -0.101545 0.050041 -0.042666
v -0.101321 0.050051 -0.043778
v -0.103800 0.058501 -0.039852
v -0.103559 0.057554 -0.038210
v -0.102520 0.054342 -0.044898
v -0.103347 0.056470 -0.044826
v -0.103705 0.057566 -0.043631
v -0.104296 0.059730 -0.041281
v -0.101003 0.049757 -0.045175
v -0.105398 0.063042 -0.037826
v -0.105714 0.064584 -0.037320
v -0.106058 0.064811 -0.039452
v -0.105880 0.063581 -0.040441
v -0.105168 0.064115 -0.034361
v -0.105361 0.064987 -0.034690
v -0.105124 0.060800 -0.040742
v -0.104580 0.059479 -0.039150
v -0.104905 0.061668 -0.036235
v -0.105069 0.063056 -0.033479
v -0.105649 0.061838 -0.042487
v -0.063590 0.040383 0.028795
v -0.063339 0.040306 0.029828
v -0.063927 0.040300 0.030639
v -0.064337 0.040421 0.029613
v -0.062665 0.041044 0.025732
v -0.061811 0.041351 0.026134
v -0.063658 0.041169 0.025406
v -0.101422 0.047158 -0.041111
v -0.100980 0.046420 -0.042306
v -0.101868 0.049670 -0.040878
v -0.102358 0.048576 -0.038331
v -0.101721 0.045690 -0.039040
v -0.101188 0.043949 -0.039630
v -0.102653 0.052043 -0.041518
v -0.102021 0.051038 -0.044179
v -0.101493 0.047289 -0.042950
v -0.102131 0.048452 -0.041184
v -0.103304 0.055094 -0.043962
v -0.103024 0.054231 -0.045824
v -0.102251 0.046778 -0.039712
v -0.102948 0.049950 -0.038663
v -0.103613 0.053571 -0.037315
v -0.103473 0.055227 -0.039673
v -0.103893 0.056903 -0.041753
v -0.105654 0.057237 -0.029060
v -0.105778 0.058038 -0.028414
v -0.105074 0.057631 -0.028807
v -0.104888 0.058789 -0.029920
v -0.105297 0.058986 -0.029841
v -0.099977 0.046598 -0.046000
v -0.100958 0.050029 -0.046073
v -0.100220 0.045114 -0.044207
v -0.099404 0.045541 -0.046925
v -0.100848 0.049949 -0.046983
v -0.099716 0.043298 -0.045010
v -0.102512 0.054079 -0.048390
v -0.104053 0.057392 -0.047856
v -0.103724 0.056882 -0.047102
v -0.102410 0.053934 -0.047278
v -0.103432 0.055845 -0.049781
v -0.104576 0.058203 -0.048916
v -0.100733 0.049759 -0.048192
v -0.100939 0.049636 -0.048616
v -0.102106 0.053145 -0.049258
v -0.099485 0.041980 -0.045738
v -0.098973 0.045551 -0.048104
v -0.104156 0.056159 -0.051954
v -0.104650 0.057007 -0.051159
v -0.104355 0.057340 -0.051566
v -0.103940 0.055701 -0.051057
v -0.104393 0.056592 -0.049836
v -0.103575 0.056790 -0.045984
v -0.104324 0.058891 -0.044750
v -0.102397 0.053988 -0.046235
v -0.064656 0.078688 0.003770
v -0.065455 0.082025 0.000902
v -0.067762 0.082968 0.002209
v -0.068049 0.080790 0.004931
v -0.068604 0.079537 0.006842
v -0.065583 0.077502 0.006257
v -0.062262 0.077882 0.001246
v -0.063497 0.081307 -0.000674
v -0.101556 0.045028 -0.041154
v -0.100939 0.046689 -0.044565
v -0.101046 0.044007 -0.042410
v -0.101352 0.042126 -0.039199
v -0.101925 0.043446 -0.038313
v -0.102601 0.045203 -0.037374
v -0.103413 0.048259 -0.036368
v -0.102374 0.042300 -0.035574
v -0.103051 0.044126 -0.035058
v -0.103866 0.047313 -0.034622
v -0.104539 0.051280 -0.033782
v -0.104061 0.052220 -0.035275
v -0.103575 0.043555 -0.033173
v -0.104323 0.046801 -0.033175
v -0.105009 0.050550 -0.032569
v -0.105560 0.053383 -0.031309
v -0.105111 0.054283 -0.032409
v -0.104833 0.046483 -0.031821
v -0.105488 0.049968 -0.031356
v -0.105982 0.052664 -0.030357
v -0.106411 0.054950 -0.028950
v -0.106016 0.055698 -0.029845
v -0.105909 0.049519 -0.030336
v -0.106357 0.052133 -0.029468
v -0.106749 0.054334 -0.028174
v -0.106981 0.056320 -0.026713
v -0.106695 0.056991 -0.027459
v -0.106781 0.051631 -0.028551
v -0.107065 0.053765 -0.027405
v -0.107239 0.055710 -0.026022
v -0.107278 0.057701 -0.024451
v -0.107067 0.058303 -0.025093
v -0.107387 0.053223 -0.026653
v -0.107484 0.055104 -0.025371
v -0.107497 0.057060 -0.023843
v -0.107496 0.059267 -0.021835
v -0.107280 0.059894 -0.022507
v -0.106994 0.055077 -0.025236
v -0.107035 0.056955 -0.023623
v -0.107036 0.059033 -0.021731
v -0.107058 0.061362 -0.019438
v -0.107537 0.061614 -0.019385
v -0.106845 0.062035 -0.019970
v -0.106831 0.064692 -0.017048
v -0.107090 0.064020 -0.016467
v -0.106621 0.062664 -0.020588
v -0.106579 0.065353 -0.017627
v -0.106435 0.068070 -0.014327
v -0.106690 0.067371 -0.013772
v -0.106378 0.063291 -0.021218
v -0.106300 0.066017 -0.018220
v -0.106139 0.068777 -0.014899
v -0.105803 0.071482 -0.011463
v -0.106077 0.070715 -0.010871
v -0.105971 0.066752 -0.018885
v -0.105775 0.069594 -0.015561
v -0.105432 0.072390 -0.012176
v -0.104645 0.075080 -0.008751
v -0.105022 0.074087 -0.007954
v -0.105369 0.070464 -0.016296
v -0.104980 0.073374 -0.012981
v -0.104150 0.076150 -0.009667
v -0.102536 0.078729 -0.006496
v -0.103056 0.077587 -0.005411
v -0.104518 0.074271 -0.013839
v -0.103590 0.077191 -0.010752
v -0.101946 0.079881 -0.007826
v -0.099510 0.082386 -0.005249
v -0.100038 0.081051 -0.003654
v -0.103060 0.078070 -0.011911
v -0.101435 0.080834 -0.009174
v -0.099120 0.083347 -0.006681
v -0.095924 0.085459 -0.004525
v -0.096272 0.084207 -0.002904
v -0.101005 0.081589 -0.010364
v -0.098764 0.084139 -0.007970
v -0.095785 0.086304 -0.005889
v -0.092238 0.087888 -0.004359
v -0.092302 0.086928 -0.002972
v -0.098458 0.084732 -0.008996
v -0.095616 0.086940 -0.006994
v -0.092177 0.088611 -0.005517
v -0.088392 0.089877 -0.004555
v -0.088367 0.089097 -0.003329
v -0.095427 0.087429 -0.007936
v -0.092092 0.089160 -0.006486
v -0.088393 0.090455 -0.005535
v -0.084473 0.091440 -0.005070
v -0.084373 0.090808 -0.004074
v -0.091991 0.089711 -0.007483
v -0.088381 0.091053 -0.006560
v -0.084577 0.092096 -0.006105
v -0.080672 0.093056 -0.006050
v -0.080449 0.092334 -0.005000
v -0.088465 0.091730 -0.007198
v -0.084734 0.092835 -0.006701
v -0.080908 0.093873 -0.006624
v -0.076960 0.094589 -0.007102
v -0.076662 0.093860 -0.006392
v -0.084706 0.092538 -0.005886
v -0.080793 0.093531 -0.005784
v -0.076805 0.094483 -0.006246
v -0.072703 0.095026 -0.007405
v -0.072996 0.095135 -0.008222
v -0.080585 0.092839 -0.004777
v -0.076477 0.093665 -0.005195
v -0.072293 0.094098 -0.006444
v -0.068333 0.094067 -0.008508
v -0.068762 0.095108 -0.009327
v -0.076168 0.092823 -0.004157
v -0.071888 0.093091 -0.005465
v -0.067906 0.092985 -0.007684
v -0.064427 0.092797 -0.010618
v -0.064793 0.093849 -0.011233
v -0.061591 0.093661 -0.014245
v -0.061885 0.094661 -0.014710
v -0.065155 0.094907 -0.011858
v -0.061338 0.092706 -0.013833
v -0.058290 0.092865 -0.017010
v -0.058463 0.093698 -0.017224
v -0.061050 0.091766 -0.013491
v -0.058123 0.092039 -0.016774
v -0.060690 0.090846 -0.013255
v -0.057919 0.091165 -0.016544
v -0.060297 0.089921 -0.013065
v -0.057700 0.090296 -0.016321
v -0.055416 0.090209 -0.019111
v -0.053645 0.089912 -0.021332
v -0.057432 0.089391 -0.016124
v -0.055285 0.089417 -0.018867
v -0.053494 0.089075 -0.021127
v -0.052416 0.089001 -0.022530
v -0.052727 0.090029 -0.022563
v -0.055083 0.088560 -0.018675
v -0.053350 0.088272 -0.020925
v -0.052206 0.088064 -0.022392
v -0.051472 0.088074 -0.023382
v -0.051774 0.089163 -0.023412
v -0.053257 0.087449 -0.020719
v -0.052083 0.087176 -0.022220
v -0.051333 0.087178 -0.023276
v -0.053574 0.086975 -0.020876
v -0.052377 0.086597 -0.022372
v -0.051804 0.086525 -0.023243
v -0.053790 0.087598 -0.021169
v -0.052592 0.087188 -0.022631
v -0.051793 0.087102 -0.023668
v -0.053910 0.088377 -0.021413
v -0.052737 0.088008 -0.022808
v -0.051967 0.087983 -0.023785
v -0.051229 0.088115 -0.024168
v -0.051071 0.087386 -0.023990
v -0.052973 0.088976 -0.022936
v -0.052274 0.089097 -0.023834
v -0.051600 0.089293 -0.024129
v -0.052701 0.090331 -0.023763
v -0.052086 0.090555 -0.023968
v -0.052227 0.090357 -0.023300
v -0.052676 0.091959 -0.023656
v -0.052799 0.091583 -0.023029
v -0.053761 0.093573 -0.022665
v -0.053810 0.092921 -0.022255
v -0.055868 0.094449 -0.020444
v -0.055772 0.093715 -0.020226
v -0.058719 0.094615 -0.017548
v -0.056293 0.094160 -0.020785
v -0.059073 0.094422 -0.017936
v -0.062272 0.094574 -0.015147
v -0.058851 0.093500 -0.017749
v -0.062049 0.093691 -0.014759
v -0.065288 0.094066 -0.011916
v -0.065582 0.095047 -0.012444
v -0.068812 0.094320 -0.009413
v -0.069159 0.095266 -0.010043
v -0.072639 0.094301 -0.007533
v -0.068395 0.093321 -0.008644
v -0.072219 0.093409 -0.006662
v -0.076322 0.093086 -0.005434
v -0.071754 0.092390 -0.005724
v -0.075960 0.092246 -0.004422
v -0.080228 0.091618 -0.003977
v -0.075512 0.091149 -0.003168
v -0.079939 0.090681 -0.002683
v -0.084245 0.089968 -0.002801
v -0.079701 0.089527 -0.001201
v -0.084122 0.088905 -0.001332
v -0.088337 0.088063 -0.001868
v -0.084149 0.087212 0.000754
v -0.088425 0.086509 0.000067
v -0.092492 0.085440 -0.001087
v -0.088783 0.084584 0.002263
v -0.092913 0.083792 0.000789
v -0.096852 0.082702 -0.001255
v -0.093415 0.082416 0.002299
v -0.097351 0.081390 0.000150
v -0.100552 0.079764 -0.002378
v -0.097747 0.080295 0.001272
v -0.100936 0.078636 -0.001358
v -0.103434 0.076510 -0.004507
v -0.101194 0.077720 -0.000577
v -0.103678 0.075617 -0.003796
v -0.105269 0.073255 -0.007311
v -0.103864 0.074792 -0.003177
v -0.105454 0.072461 -0.006729
v -0.106303 0.069974 -0.010312
v -0.105645 0.071593 -0.006107
v -0.106532 0.069178 -0.009709
v -0.106944 0.066639 -0.013198
v -0.107068 0.069145 -0.009619
v -0.107450 0.066632 -0.013158
v -0.107576 0.064061 -0.016495
v -0.107245 0.067306 -0.013672
v -0.107350 0.064727 -0.017043
v -0.107318 0.062215 -0.020039
v -0.107101 0.065397 -0.017607
v -0.107089 0.062865 -0.020649
v -0.107073 0.060492 -0.023122
v -0.106850 0.063492 -0.021243
v -0.106854 0.061108 -0.023759
v -0.106832 0.058975 -0.025781
v -0.106602 0.061805 -0.024455
v -0.106552 0.059741 -0.026539
v -0.106361 0.057768 -0.028298
v -0.106231 0.060610 -0.027379
v -0.105998 0.058672 -0.029239
v -0.105604 0.056621 -0.030907
v -0.105656 0.059684 -0.030257
v -0.105207 0.057707 -0.032108
v -0.104650 0.055363 -0.033787
v -0.104879 0.058933 -0.033408
v -0.104262 0.056643 -0.035464
v -0.104731 0.060296 -0.034818
v -0.104202 0.058080 -0.037322
v -0.105156 0.061933 -0.032436
v -0.105361 0.060778 -0.031329
v -0.105589 0.062514 -0.029180
v -0.105352 0.063504 -0.030071
v -0.105901 0.061541 -0.028265
v -0.105973 0.063455 -0.026053
v -0.105651 0.064328 -0.026856
v -0.106299 0.062612 -0.025247
v -0.106254 0.064913 -0.022671
v -0.105919 0.065687 -0.023431
v -0.106575 0.064165 -0.021911
v -0.106503 0.066784 -0.018817
v -0.106151 0.067553 -0.019512
v -0.106822 0.066063 -0.018181
v -0.106710 0.068702 -0.014769
v -0.106370 0.069483 -0.015391
v -0.106995 0.068006 -0.014217
v -0.106655 0.070581 -0.010663
v -0.106405 0.071322 -0.011224
v -0.106879 0.069838 -0.010113
v -0.106011 0.072267 -0.006416
v -0.105833 0.073063 -0.006986
v -0.106166 0.071544 -0.005912
v -0.104481 0.073917 -0.002091
v -0.104379 0.074588 -0.002712
v -0.104098 0.073839 -0.002580
v -0.101593 0.076029 0.000824
v -0.102028 0.076011 0.001236
v -0.101392 0.076902 0.000092
v -0.098277 0.078627 0.002853
v -0.098512 0.077792 0.003634
v -0.098046 0.079402 0.002133
v -0.094258 0.080437 0.004433
v -0.094560 0.079721 0.005192
v -0.093877 0.081333 0.003469
v -0.089705 0.081877 0.005290
v -0.090106 0.080951 0.006357
v -0.089246 0.083012 0.004020
v -0.084878 0.083158 0.005114
v -0.085293 0.081906 0.006473
v -0.084447 0.084957 0.003229
v -0.080069 0.085050 0.003773
v -0.080422 0.083009 0.005770
v -0.079758 0.087648 0.001050
v -0.075368 0.087593 0.000961
v -0.075709 0.084926 0.004031
v -0.075253 0.089783 -0.001642
v -0.071462 0.083903 0.003279
v -0.071777 0.081952 0.005582
v -0.075918 0.082836 0.006065
v -0.072218 0.080618 0.007203
v -0.076277 0.081392 0.007451
v -0.080760 0.081669 0.007084
v -0.076673 0.080264 0.008558
v -0.081086 0.080578 0.008197
v -0.085661 0.080901 0.007610
v -0.081355 0.079707 0.009135
v -0.085968 0.080099 0.008559
v -0.090444 0.080220 0.007224
v -0.086265 0.079336 0.009499
v -0.090814 0.079495 0.008092
v -0.094901 0.078936 0.006025
v -0.091153 0.079238 0.008816
v -0.095243 0.078954 0.006588
v -0.098893 0.077802 0.004122
v -0.095011 0.079600 0.005967
v -0.098726 0.078486 0.003523
v -0.101876 0.076718 0.000654
v -0.098510 0.079244 0.002832
v -0.101692 0.077519 0.000006
v -0.104213 0.075398 -0.003335
v -0.101471 0.078366 -0.000687
v -0.104015 0.076236 -0.003981
v -0.105621 0.073861 -0.007582
v -0.103709 0.077218 -0.004779
v -0.105312 0.074766 -0.008292
v -0.106079 0.072156 -0.011870
v -0.104881 0.075796 -0.009129
v -0.105646 0.073133 -0.012647
v -0.105969 0.070357 -0.016109
v -0.105195 0.074062 -0.013457
v -0.105572 0.071182 -0.016849
v -0.105788 0.068333 -0.020227
v -0.105179 0.071967 -0.017612
v -0.105427 0.069104 -0.020939
v -0.105584 0.066469 -0.024162
v -0.105072 0.069867 -0.021650
v -0.105261 0.067265 -0.024839
v -0.105356 0.065202 -0.027614
v -0.104976 0.068020 -0.025429
v -0.105128 0.065993 -0.028225
v -0.105191 0.064403 -0.030836
v -0.104955 0.066706 -0.028738
v -0.105123 0.065209 -0.031426
v -0.104794 0.067429 -0.029237
v -0.105082 0.065995 -0.031895
v -0.104644 0.068099 -0.029733
v -0.104901 0.066689 -0.032328
v -0.105205 0.065706 -0.035006
v -0.104178 0.067903 -0.029625
v -0.103804 0.069897 -0.026978
v -0.104024 0.069235 -0.026455
v -0.104342 0.067144 -0.029158
v -0.104277 0.070026 -0.027010
v -0.103929 0.072443 -0.024103
v -0.103446 0.072384 -0.024120
v -0.104505 0.069368 -0.026472
v -0.104202 0.071820 -0.023502
v -0.103820 0.074599 -0.020532
v -0.103508 0.075199 -0.021214
v -0.104739 0.068696 -0.025946
v -0.104470 0.071205 -0.022915
v -0.104111 0.074028 -0.019888
v -0.103535 0.076969 -0.016987
v -0.103193 0.077504 -0.017688
v -0.104747 0.070580 -0.022323
v -0.104415 0.073436 -0.019224
v -0.103868 0.076396 -0.016249
v -0.102865 0.079312 -0.013382
v -0.102501 0.079865 -0.014197
v -0.104777 0.072742 -0.018443
v -0.104263 0.075713 -0.015370
v -0.103294 0.078638 -0.012391
v -0.101702 0.081379 -0.009541
v -0.101296 0.082080 -0.010669
v -0.104727 0.074925 -0.014378
v -0.103799 0.077821 -0.011249
v -0.102183 0.080492 -0.008220
v -0.099802 0.082925 -0.005506
v -0.099407 0.083878 -0.006968
v -0.104361 0.076834 -0.010099
v -0.102747 0.079417 -0.006873
v -0.100267 0.081766 -0.004010
v -0.096938 0.083549 -0.001574
v -0.096460 0.084991 -0.003259
v -0.103276 0.078299 -0.005729
v -0.100725 0.080531 -0.002639
v -0.097459 0.082181 -0.000090
v -0.093517 0.083211 0.002058
v -0.093018 0.084645 0.000479
v -0.101156 0.079385 -0.001563
v -0.097894 0.081038 0.001106
v -0.093985 0.082049 0.003324
v -0.089802 0.082562 0.005201
v -0.089342 0.083783 0.003840
v -0.098250 0.080043 0.002080
v -0.094403 0.081053 0.004404
v -0.090216 0.081544 0.006370
v -0.085750 0.081463 0.007704
v -0.085395 0.082551 0.006483
v -0.094717 0.080299 0.005218
v -0.090537 0.080776 0.007282
v -0.086027 0.080631 0.008689
v -0.081433 0.080193 0.009345
v -0.081210 0.081087 0.008380
v -0.090895 0.080032 0.008183
v -0.086301 0.079817 0.009692
v -0.081617 0.079323 0.010319
v -0.077270 0.078897 0.010702
v -0.077062 0.079805 0.009744
v -0.086494 0.078965 0.010308
v -0.081744 0.078455 0.010904
v -0.077421 0.077984 0.011281
v -0.073589 0.077422 0.011576
v -0.073364 0.078276 0.010873
v -0.081588 0.078873 0.010070
v -0.077246 0.078467 0.010428
v -0.073433 0.077816 0.010636
v -0.070181 0.076617 0.010566
v -0.070311 0.076360 0.011617
v -0.076984 0.079353 0.009491
v -0.073124 0.078679 0.009600
v -0.069796 0.077344 0.009412
v -0.066881 0.075351 0.009230
v -0.067397 0.074773 0.010483
v -0.072723 0.079534 0.008557
v -0.069325 0.078085 0.008200
v -0.066316 0.075987 0.007850
v -0.063617 0.073016 0.007844
v -0.064339 0.072641 0.009339
v -0.062205 0.069437 0.009960
v -0.063000 0.069391 0.011337
v -0.064996 0.072309 0.010661
v -0.061367 0.069487 0.008451
v -0.059629 0.065799 0.009718
v -0.060523 0.066064 0.011203
v -0.060466 0.069442 0.006776
v -0.058793 0.065412 0.008109
v -0.057651 0.061434 0.009855
v -0.058475 0.062105 0.011455
v -0.059550 0.069194 0.005094
v -0.058008 0.064952 0.006513
v -0.056955 0.060757 0.008333
v -0.056549 0.056552 0.010490
v -0.057009 0.057396 0.011818
v -0.057273 0.064462 0.004967
v -0.056362 0.060094 0.006865
v -0.056207 0.055745 0.009175
v -0.056771 0.051432 0.011753
v -0.056743 0.052237 0.013111
v -0.055859 0.059487 0.005545
v -0.055931 0.055025 0.007931
v -0.056896 0.050668 0.010553
v -0.058532 0.046614 0.013676
v -0.057959 0.047606 0.014853
v -0.055769 0.054381 0.006787
v -0.057081 0.050056 0.009563
v -0.059139 0.045787 0.012833
v -0.060191 0.043131 0.017462
v -0.059645 0.044166 0.017996
v -0.056533 0.050212 0.009989
v -0.058406 0.045955 0.012907
v -0.059623 0.043133 0.017596
v -0.060907 0.041903 0.021909
v -0.061681 0.042089 0.021620
v -0.057778 0.046835 0.014032
v -0.058938 0.044207 0.018231
v -0.060073 0.042686 0.022355
v -0.058315 0.045430 0.018925
v -0.059442 0.043635 0.022827
v -0.061172 0.041794 0.026546
v -0.062967 0.040466 0.030103
v -0.059027 0.044565 0.023432
v -0.060637 0.042303 0.027013
v -0.062672 0.040692 0.030396
v -0.063401 0.040398 0.031323
v -0.063603 0.040301 0.031014
v -0.060240 0.042893 0.027503
v -0.058814 0.045412 0.024016
v -0.058749 0.046240 0.024672
v -0.060016 0.043531 0.027986
v -0.058906 0.047098 0.025635
v -0.060033 0.044225 0.028541
v -0.059413 0.047843 0.026442
v -0.060554 0.044833 0.028920
v -0.062627 0.041842 0.031433
v -0.063476 0.040873 0.031803
v -0.061099 0.045175 0.028981
v -0.062971 0.042112 0.031410
v -0.063743 0.041143 0.031804
v -0.061307 0.044840 0.028375
v -0.059995 0.047938 0.026328
v -0.059734 0.047266 0.025430
v -0.059604 0.046358 0.024453
v -0.061353 0.044185 0.027796
v -0.059698 0.045543 0.023816
v -0.061577 0.043526 0.027275
v -0.060034 0.044672 0.023116
v -0.061963 0.042937 0.026744
v -0.063666 0.041495 0.030168
v -0.062441 0.042479 0.026271
v -0.063917 0.041178 0.029891
v -0.063191 0.041904 0.025741
v -0.064275 0.040807 0.029732
v -0.060513 0.043873 0.022541
v -0.061148 0.042944 0.022056
v -0.059043 0.045295 0.018609
v -0.058447 0.046717 0.019532
v -0.057460 0.049022 0.016173
v -0.058197 0.048006 0.020513
v -0.057357 0.050889 0.017428
v -0.056996 0.053727 0.014520
v -0.057728 0.052083 0.018702
v -0.057631 0.055314 0.015892
v -0.057826 0.058509 0.013523
v -0.058328 0.056190 0.017358
v -0.058658 0.059316 0.015000
v -0.059372 0.062653 0.012927
v -0.059513 0.060012 0.016345
v -0.060282 0.063167 0.014327
v -0.061404 0.066299 0.012578
v -0.060284 0.063563 0.015095
v -0.061570 0.066687 0.013560
v -0.063136 0.069647 0.012371
v -0.060792 0.066492 0.012441
v -0.062450 0.069692 0.011267
v -0.064526 0.072707 0.010656
v -0.065101 0.072390 0.011709
v -0.067060 0.075247 0.010566
v -0.067490 0.074700 0.011567
v -0.069982 0.077090 0.010745
v -0.066598 0.075827 0.009381
v -0.069622 0.077792 0.009644
v -0.073080 0.079116 0.009871
v -0.069189 0.078544 0.008451
v -0.072720 0.079990 0.008837
v -0.076813 0.080747 0.008790
v -0.072191 0.081123 0.007457
v -0.076477 0.081981 0.007601
v -0.080912 0.082270 0.007180
v -0.076156 0.083434 0.006240
v -0.080592 0.083679 0.005806
v -0.085008 0.083863 0.005074
v -0.080207 0.085684 0.003861
v -0.084570 0.085681 0.003159
v -0.088866 0.085377 0.002070
v -0.084234 0.087932 0.000691
v -0.088545 0.087284 -0.000120
v -0.092628 0.086339 -0.001467
v -0.088460 0.088633 -0.001821
v -0.092501 0.087530 -0.003037
v -0.096271 0.086006 -0.004761
v -0.092456 0.088429 -0.004376
v -0.096087 0.086818 -0.006048
v -0.099064 0.084629 -0.008213
v -0.095900 0.087419 -0.007102
v -0.098781 0.085192 -0.009179
v -0.100949 0.082628 -0.011568
v -0.098516 0.085673 -0.010033
v -0.100618 0.083119 -0.012380
v -0.102147 0.080379 -0.014957
v -0.100275 0.083619 -0.013200
v -0.101784 0.080906 -0.015734
v -0.102835 0.078082 -0.018444
v -0.101257 0.080997 -0.016110
v -0.102305 0.078055 -0.018600
v -0.103004 0.075172 -0.021285
v -0.102583 0.077552 -0.017959
v -0.103255 0.074617 -0.020674
v -0.103682 0.071779 -0.023552
v -0.103549 0.074046 -0.020036
v -0.103948 0.071161 -0.022972
v -0.104252 0.068565 -0.025948
v -0.104221 0.070535 -0.022391
v -0.104486 0.067889 -0.025457
v -0.104664 0.065698 -0.028315
v -0.104492 0.066453 -0.028726
v -0.104739 0.063895 -0.030605
v -0.104897 0.064894 -0.027686
v -0.104914 0.063105 -0.029777
v -0.104557 0.061505 -0.031241
v -0.104384 0.062288 -0.032326
v -0.103908 0.060241 -0.032242
v -0.103844 0.061169 -0.033415
v -0.103130 0.059301 -0.033138
v -0.103250 0.060246 -0.034353
v -0.101866 0.058397 -0.034300
v -0.102089 0.059216 -0.035576
v -0.102415 0.060051 -0.036795
v -0.100412 0.057830 -0.037279
v -0.100893 0.058411 -0.038543
v -0.101351 0.058207 -0.038653
v -0.102824 0.059981 -0.037064
v -0.100929 0.057642 -0.037469
v -0.102559 0.059168 -0.035976
v -0.100489 0.056998 -0.036124
v -0.102280 0.058308 -0.034639
v -0.103431 0.059319 -0.033753
v -0.104119 0.060429 -0.033215
v -0.104519 0.060806 -0.033106
v -0.104613 0.060017 -0.031437
v -0.104819 0.059750 -0.031613
v -0.104418 0.060188 -0.033460
v -0.104639 0.058610 -0.032312
v -0.104254 0.059342 -0.034028
v -0.104129 0.060190 -0.035629
v -0.104258 0.060815 -0.035062
v -0.104320 0.061108 -0.037022
v -0.104391 0.061607 -0.036314
v -0.103946 0.059243 -0.036539
v -0.104195 0.060238 -0.038036
v -0.104605 0.061249 -0.039486
v -0.104843 0.060917 -0.042701
v -0.105122 0.062400 -0.041079
v -0.105360 0.061954 -0.044036
v -0.105681 0.063687 -0.042741
v -0.105862 0.064965 -0.041829
v -0.106047 0.066132 -0.041235
v -0.106112 0.064796 -0.044179
v -0.105800 0.062823 -0.045234
v -0.106213 0.063635 -0.046427
v -0.106456 0.065669 -0.045372
v -0.106828 0.063916 -0.046869
v -0.106987 0.065816 -0.045533
v -0.106564 0.063375 -0.045832
v -0.106733 0.065166 -0.044369
v -0.106127 0.062650 -0.044304
v -0.106347 0.064352 -0.042668
v -0.106482 0.065550 -0.041689
v -0.106582 0.066437 -0.040915
v -0.106308 0.061228 -0.048012
v -0.105802 0.060515 -0.046674
v -0.105247 0.059723 -0.045153
v -0.105288 0.058500 -0.049136
v -0.104848 0.057923 -0.047765
v -0.104217 0.056994 -0.046020
v -0.104593 0.058542 -0.043481
v -0.103929 0.055947 -0.048056
v -0.103614 0.055134 -0.049488
v -0.102785 0.053544 -0.047203
v -0.102594 0.053033 -0.048275
v -0.101442 0.050062 -0.046882
v -0.101653 0.050437 -0.045699
v -0.100425 0.046115 -0.045900
v -0.101267 0.049728 -0.047896
v -0.099879 0.045660 -0.047196
v -0.100251 0.042297 -0.044699
v -0.100625 0.043119 -0.043512
v -0.100532 0.039999 -0.040700
v -0.100906 0.041032 -0.039972
v -0.100843 0.038689 -0.037199
v -0.101263 0.039750 -0.036731
v -0.101773 0.040918 -0.036184
v -0.101709 0.038847 -0.033943
v -0.102183 0.039949 -0.033655
v -0.102835 0.041413 -0.033313
v -0.102553 0.039335 -0.031611
v -0.103261 0.041005 -0.031644
v -0.104072 0.043322 -0.031783
v -0.103645 0.040901 -0.030370
v -0.104478 0.043241 -0.030737
v -0.105281 0.046270 -0.030798
v -0.104923 0.043229 -0.029746
v -0.105751 0.046095 -0.029859
v -0.106358 0.049124 -0.029415
v -0.106202 0.045941 -0.028953
v -0.106786 0.048782 -0.028621
v -0.107200 0.051159 -0.027783
v -0.106232 0.048893 -0.028655
v -0.106652 0.051350 -0.027712
v -0.106869 0.053297 -0.026566
v -0.106128 0.051840 -0.028738
v -0.106516 0.053839 -0.027432
v -0.105713 0.052335 -0.029716
v -0.106180 0.054423 -0.028248
v -0.105253 0.052879 -0.030774
v -0.105792 0.055058 -0.029150
v -0.104756 0.053690 -0.031942
v -0.105317 0.055791 -0.030309
v -0.104244 0.054539 -0.033336
v -0.104789 0.056513 -0.031777
v -0.105130 0.057916 -0.030616
v -0.104315 0.057298 -0.033349
v -0.103785 0.055424 -0.034946
v -0.103543 0.056491 -0.036547
v -0.103998 0.058220 -0.034947
v -0.103055 0.052384 -0.037008
v -0.102750 0.053567 -0.039040
v -0.103570 0.051293 -0.035018
v -0.102965 0.047316 -0.035716
v -0.104114 0.050565 -0.033421
v -0.103506 0.046711 -0.033864
v -0.102873 0.043630 -0.033632
v -0.102278 0.044343 -0.035972
v -0.102216 0.041533 -0.033628
v -0.101687 0.042502 -0.036262
v -0.101627 0.040071 -0.033826
v -0.101150 0.041084 -0.036672
v -0.100742 0.042636 -0.040170
v -0.100395 0.041575 -0.040639
v -0.100601 0.045728 -0.043253
v -0.100703 0.039920 -0.037029
v -0.100327 0.038819 -0.037328
v -0.100060 0.040388 -0.041058
v -0.101167 0.038937 -0.034040
v -0.100751 0.037887 -0.034243
v -0.100367 0.036852 -0.034453
v -0.099972 0.037681 -0.037527
v -0.101494 0.038247 -0.031746
v -0.101043 0.037245 -0.031918
v -0.100634 0.036242 -0.032120
v -0.101093 0.036174 -0.032190
v -0.100851 0.036760 -0.034497
v -0.100801 0.035715 -0.030241
v -0.101303 0.035675 -0.030337
v -0.101765 0.036716 -0.030119
v -0.101566 0.037210 -0.031959
v -0.100952 0.035363 -0.028709
v -0.101179 0.035222 -0.027340
v -0.102023 0.038185 -0.031750
v -0.101277 0.037820 -0.034209
v -0.102246 0.037705 -0.029980
v -0.102894 0.039091 -0.030057
v -0.103280 0.039100 -0.028885
v -0.104069 0.040979 -0.029344
v -0.103759 0.039300 -0.027786
v -0.104543 0.041101 -0.028313
v -0.105404 0.043343 -0.028814
v -0.104107 0.041318 -0.028183
v -0.104827 0.043300 -0.028734
v -0.105611 0.046053 -0.029057
v -0.103568 0.041145 -0.029329
v -0.104330 0.043333 -0.029847
v -0.105077 0.046165 -0.030063
v -0.105659 0.049242 -0.029659
v -0.103888 0.043365 -0.030888
v -0.104593 0.046279 -0.031058
v -0.105211 0.049582 -0.030661
v -0.104058 0.046449 -0.032321
v -0.104715 0.050015 -0.031906
v -0.103419 0.043408 -0.032074
v -0.103099 0.041025 -0.030435
v -0.102696 0.041108 -0.031756
v -0.102030 0.039458 -0.031668
v -0.100444 0.037612 -0.037667
v -0.100212 0.039072 -0.041479
v -0.099745 0.039225 -0.041429
v -0.099987 0.041654 -0.045747
v -0.099386 0.045374 -0.048303
v -0.102422 0.052620 -0.049026
v -0.105596 0.058892 -0.050223
v -0.105996 0.061590 -0.048473
v -0.105075 0.058997 -0.049987
v -0.104015 0.056877 -0.050902
v -0.105620 0.061020 -0.047617
v -0.105178 0.060345 -0.046617
v -0.104777 0.059693 -0.045764
v -0.100042 0.056338 -0.034766
v -0.097780 0.055243 -0.038005
v -0.097233 0.055037 -0.036643
v -0.096675 0.054708 -0.035295
v -0.099522 0.055594 -0.033517
v -0.096054 0.054372 -0.034010
v -0.098851 0.054939 -0.032333
v -0.101084 0.055422 -0.030692
v -0.102798 0.056332 -0.029345
v -0.098715 0.055410 -0.032314
v -0.101017 0.055941 -0.030722
v -0.102984 0.056592 -0.029527
v -0.104571 0.057559 -0.028681
v -0.104429 0.056765 -0.027857
v -0.101424 0.056742 -0.031750
v -0.103114 0.057436 -0.030579
v -0.104362 0.058432 -0.029758
v -0.105111 0.059770 -0.028882
v -0.105467 0.058918 -0.027864
v -0.103068 0.058361 -0.031836
v -0.104063 0.059309 -0.030984
v -0.104796 0.060631 -0.030040
v -0.105172 0.062244 -0.028763
v -0.105521 0.061364 -0.027677
v -0.105533 0.063164 -0.025996
v -0.105866 0.062295 -0.025130
v -0.105866 0.060487 -0.026747
v -0.105191 0.064031 -0.026897
v -0.105091 0.066259 -0.024307
v -0.105433 0.065445 -0.023566
v -0.104768 0.067089 -0.024948
v -0.104535 0.069838 -0.021743
v -0.104890 0.069071 -0.021034
v -0.104585 0.072039 -0.017817
v -0.104979 0.071262 -0.017035
v -0.105253 0.068293 -0.020319
v -0.104184 0.072810 -0.018658
v -0.103619 0.075837 -0.015761
v -0.104056 0.075080 -0.014794
v -0.103847 0.073462 -0.019386
v -0.103258 0.076457 -0.016549
v -0.102209 0.079391 -0.013837
v -0.102595 0.078803 -0.012978
v -0.102922 0.077012 -0.017259
v -0.101853 0.079917 -0.014608
v -0.100308 0.082669 -0.012125
v -0.100639 0.082173 -0.011311
v -0.101482 0.080459 -0.015401
v -0.099953 0.083194 -0.012971
v -0.097915 0.085716 -0.010752
v -0.098193 0.085215 -0.009859
v -0.099794 0.083744 -0.013697
v -0.097818 0.086254 -0.011492
v -0.095208 0.088498 -0.009651
v -0.095235 0.087931 -0.008893
v -0.098237 0.086151 -0.010903
v -0.095529 0.088393 -0.008952
v -0.092226 0.090192 -0.007437
v -0.092020 0.090328 -0.008211
v -0.095718 0.087907 -0.008018
v -0.092319 0.089663 -0.006461
v -0.088554 0.090948 -0.005418
v -0.088549 0.091511 -0.006405
v -0.092397 0.089119 -0.005501
v -0.088544 0.090370 -0.004441
v -0.084503 0.091293 -0.003896
v -0.084607 0.091926 -0.004889
v -0.088506 0.089621 -0.003243
v -0.084360 0.090469 -0.002640
v -0.080095 0.091188 -0.002449
v -0.080373 0.092122 -0.003758
v -0.084216 0.089401 -0.001146
v -0.079821 0.089974 -0.000879
v -0.075335 0.090249 -0.001223
v -0.075792 0.091733 -0.002865
v -0.079832 0.088345 0.001072
v -0.075364 0.088268 0.001083
v -0.075806 0.085539 0.004201
v -0.071536 0.084547 0.003541
v -0.071749 0.082492 0.005850
v -0.105613 0.067526 -0.019602
v -0.105774 0.064701 -0.022727
v -0.106096 0.063974 -0.021922
v -0.106171 0.061483 -0.024319
v -0.106174 0.059602 -0.025949
v -0.105647 0.058049 -0.026972
v -0.101644 0.057595 -0.032978
v -0.099275 0.056029 -0.033417
v -0.099689 0.056673 -0.034633
v -0.100036 0.057252 -0.035963
v -0.096966 0.055453 -0.036629
v -0.097452 0.055637 -0.038010
v -0.098000 0.055738 -0.039347
v -0.094251 0.053684 -0.039437
v -0.094800 0.052999 -0.040806
v -0.095496 0.052220 -0.041855
v -0.098675 0.055757 -0.040616
v -0.095656 0.051758 -0.041554
v -0.099004 0.055388 -0.040499
v -0.095036 0.052609 -0.040556
v -0.098383 0.055360 -0.039335
v -0.094462 0.053234 -0.039273
v -0.090977 0.050945 -0.040233
v -0.090730 0.051827 -0.039258
v -0.090481 0.052471 -0.038283
v -0.094019 0.053591 -0.037982
v -0.090285 0.052867 -0.037236
v -0.093582 0.053717 -0.036645
v -0.089987 0.053106 -0.036110
v -0.093040 0.053687 -0.035315
v -0.089942 0.053528 -0.036375
v -0.092974 0.054158 -0.035411
v -0.095914 0.054836 -0.034020
v -0.093457 0.054197 -0.036786
v -0.096473 0.055168 -0.035298
v -0.093860 0.054037 -0.038120
v -0.090219 0.053287 -0.037565
v -0.090393 0.052873 -0.038592
v -0.090643 0.052246 -0.039543
v -0.086915 0.052041 -0.038243
v -0.087039 0.051488 -0.038941
v -0.087055 0.050971 -0.039431
v -0.090835 0.051335 -0.040534
v -0.086878 0.050276 -0.039927
v -0.090832 0.050344 -0.041285
v -0.086985 0.049977 -0.039600
v -0.090964 0.049977 -0.040989
v -0.087150 0.050572 -0.039125
v -0.084692 0.050208 -0.038754
v -0.084801 0.050517 -0.038369
v -0.084829 0.050919 -0.037974
v -0.087143 0.051174 -0.038564
v -0.084784 0.051288 -0.037554
v -0.087044 0.051700 -0.037896
v -0.084828 0.051607 -0.037153
v -0.086959 0.052115 -0.037224
v -0.084928 0.051873 -0.036860
v -0.086940 0.052460 -0.036607
v -0.084506 0.051948 -0.036966
v -0.086696 0.052767 -0.036877
v -0.084244 0.051761 -0.037340
v -0.086844 0.052464 -0.037586
v -0.084166 0.051453 -0.037791
v -0.084561 0.050367 -0.038969
v -0.084477 0.050755 -0.038715
v -0.084317 0.051082 -0.038327
v -0.066115 0.076518 0.008033
v -0.063166 0.073416 0.007921
v -0.062281 0.073769 0.006124
v -0.063893 0.073041 0.009395
v -0.061689 0.069741 0.009964
v -0.060824 0.069785 0.008439
v -0.059042 0.065951 0.009587
v -0.058194 0.065535 0.007974
v -0.059910 0.069702 0.006764
v -0.059933 0.066254 0.011098
v -0.058689 0.062683 0.012694
v -0.057825 0.062088 0.011195
v -0.059522 0.063182 0.014016
v -0.058684 0.059852 0.015955
v -0.057900 0.059131 0.014653
v -0.059437 0.060416 0.017003
v -0.058888 0.057300 0.019172
v -0.058181 0.056593 0.018149
v -0.059053 0.056956 0.018657
v -0.058914 0.053863 0.021161
v -0.058699 0.054088 0.021490
v -0.058309 0.053014 0.019991
v -0.058729 0.050029 0.022654
v -0.059180 0.050850 0.023713
v -0.058309 0.049059 0.021465
v -0.058885 0.050938 0.023890
v -0.058412 0.050171 0.022920
v -0.058137 0.053320 0.020494
v -0.058051 0.049293 0.021769
v -0.057604 0.052368 0.019267
v -0.057511 0.055723 0.016874
v -0.057154 0.051129 0.017839
v -0.056864 0.054591 0.015419
v -0.057103 0.058254 0.013154
v -0.056388 0.053055 0.013903
v -0.056431 0.057275 0.011603
v -0.057030 0.061411 0.009628
v -0.055940 0.056344 0.010142
v -0.056330 0.060717 0.008090
v -0.057411 0.065048 0.006389
v -0.055758 0.060040 0.006619
v -0.056688 0.064553 0.004868
v -0.058121 0.069029 0.003442
v -0.059012 0.069420 0.005136
v -0.060033 0.073464 0.002310
v -0.061322 0.073918 0.004298
v -0.057301 0.068649 0.001863
v -0.059000 0.073103 0.000488
v -0.060883 0.077244 -0.000641
v -0.058402 0.072697 -0.001149
v -0.060037 0.076905 -0.002169
v -0.061323 0.080175 -0.003230
v -0.062137 0.080663 -0.002110
v -0.061749 0.082784 -0.004927
v -0.062534 0.083402 -0.004219
v -0.063855 0.084250 -0.003292
v -0.062172 0.085566 -0.006828
v -0.063295 0.086650 -0.006319
v -0.061044 0.087011 -0.009783
v -0.061880 0.088148 -0.009599
v -0.059800 0.088932 -0.012964
v -0.059230 0.087882 -0.012944
v -0.057085 0.088435 -0.015989
v -0.060346 0.085945 -0.009923
v -0.058721 0.086854 -0.012950
v -0.056778 0.087445 -0.015911
v -0.054911 0.087672 -0.018526
v -0.059243 0.086793 -0.013248
v -0.057208 0.087288 -0.016231
v -0.055272 0.087311 -0.018774
v -0.057581 0.088209 -0.016367
v -0.055541 0.088094 -0.018995
v -0.057926 0.089160 -0.016507
v -0.055757 0.088970 -0.019197
v -0.058184 0.090056 -0.016710
v -0.055892 0.089745 -0.019435
v -0.054051 0.089174 -0.021622
v -0.055996 0.090611 -0.019738
v -0.054239 0.090125 -0.021817
v -0.053305 0.090106 -0.022975
v -0.053235 0.091735 -0.023578
v -0.054303 0.093264 -0.022780
v -0.058398 0.090950 -0.016954
v -0.058580 0.091790 -0.017192
v -0.061226 0.090867 -0.013689
v -0.061550 0.091782 -0.013958
v -0.061809 0.092734 -0.014348
v -0.058713 0.092660 -0.017486
v -0.064574 0.091942 -0.010691
v -0.064952 0.093032 -0.011293
v -0.067947 0.092176 -0.007823
v -0.060849 0.089927 -0.013477
v -0.060397 0.088973 -0.013336
v -0.059826 0.087905 -0.013293
v -0.061832 0.087252 -0.010010
v -0.060967 0.086029 -0.010173
v -0.062152 0.084795 -0.007274
v -0.063248 0.085903 -0.006796
v -0.063884 0.083659 -0.003811
v -0.062599 0.082846 -0.004775
v -0.062315 0.080239 -0.002732
v -0.061390 0.084681 -0.007209
v -0.061187 0.076850 -0.001119
v -0.059472 0.072821 0.000272
v -0.057889 0.068488 0.001893
v -0.058667 0.068825 0.003410
v -0.057222 0.068212 0.000651
v -0.056090 0.063621 0.002301
v -0.056627 0.064010 0.003550
v -0.056044 0.064079 0.003435
v -0.055252 0.059372 0.005225
v -0.055466 0.059005 0.004474
v -0.055381 0.054741 0.007548
v -0.055633 0.055502 0.008815
v -0.056307 0.051015 0.011192
v -0.056253 0.051907 0.012438
v -0.057262 0.047939 0.015177
v -0.056996 0.049444 0.016468
v -0.057906 0.046853 0.019704
v -0.057829 0.048183 0.020615
v -0.083475 0.050212 -0.038446
v -0.083556 0.050439 -0.038162
v -0.083576 0.051242 -0.037267
v -0.083650 0.051437 -0.037052
v -0.083577 0.050735 -0.037872
v -0.083543 0.051006 -0.037562
v -0.083338 0.051493 -0.037130
v -0.083146 0.051355 -0.037405
v -0.083089 0.051128 -0.037737
v -0.083200 0.050855 -0.038132
v -0.083318 0.050615 -0.038417
v -0.083379 0.050328 -0.038604
vn -0.635400 0.755300 -0.160600
vn 0.508800 0.845900 -0.160000
vn 0.675000 0.467600 -0.570700
vn -0.734700 0.351500 -0.580200
vn -0.981600 -0.160800 0.103100
vn -0.652900 0.577900 0.489700
vn 0.752300 0.617600 0.229400
vn 0.916100 -0.258500 0.306400
vn 0.934600 -0.233500 0.268300
vn 0.955300 -0.185300 0.230300
vn 0.446200 -0.889300 0.100300
vn 0.964900 -0.149500 0.216100
vn 0.957700 -0.181300 0.223500
vn 0.939100 -0.216800 0.266700
vn 0.943700 -0.187300 0.272500
vn 0.965800 -0.036600 0.256800
vn 0.978000 -0.122500 0.168800
vn 0.856200 -0.148900 0.494800
vn 0.184900 -0.625300 -0.758200
vn 0.043300 -0.694800 -0.717900
vn -0.872800 -0.486600 -0.038300
vn -0.398100 -0.640300 -0.657000
vn 0.220400 0.038100 -0.974700
vn 0.898300 0.237800 -0.369400
vn 0.975800 0.189500 -0.108800
vn 0.937200 0.245300 -0.248000
vn 0.971500 0.199100 -0.128700
vn 0.970500 0.202900 -0.130600
vn 0.950200 0.271500 -0.153000
vn 0.951000 0.256000 -0.173400
vn 0.890400 0.215300 -0.401000
vn 0.986600 0.124000 -0.106200
vn 0.980100 0.194800 0.039300
vn 0.896200 0.441400 -0.045100
vn 0.999300 0.006000 -0.035800
vn 0.998200 -0.021500 0.056000
vn 0.942700 0.250600 -0.220400
vn 0.727100 0.677400 -0.111700
vn -0.500400 0.427400 -0.753000
vn -0.859900 -0.449500 -0.241800
vn -0.667400 -0.619100 -0.413800
vn 0.967100 -0.174000 -0.185800
vn 0.860100 0.443300 0.252300
vn 0.891900 0.402200 0.206800
vn 0.903300 0.379300 0.200300
vn 0.883600 0.408900 0.228100
vn 0.072600 0.134300 0.988300
vn 0.938500 0.040600 0.342900
vn 0.852500 0.440800 0.280800
vn 0.177300 0.381400 0.907200
vn -0.010900 0.329700 0.944000
vn -0.302700 0.199100 0.932100
vn 0.872800 0.412500 0.260900
vn -0.581500 -0.738400 -0.341700
vn -0.760300 -0.468000 -0.450400
vn -0.818900 -0.431600 -0.378500
vn -0.739100 -0.546900 -0.393100
vn -0.641200 -0.683600 -0.348800
vn -0.546600 -0.769800 -0.329700
vn -0.253700 -0.963200 0.088400
vn -0.717000 -0.605000 -0.346300
vn 0.041900 -0.743100 0.667900
vn -0.088200 -0.393100 0.915200
vn -0.916500 -0.394900 0.063800
vn -0.300300 -0.949300 0.092700
vn 0.841400 -0.425700 0.332900
vn 0.716700 -0.198500 0.668500
vn 0.402400 -0.618300 0.675100
vn 0.724400 -0.644400 0.244800
vn -0.555400 -0.575700 -0.600100
vn -0.659000 -0.498600 -0.563100
vn -0.689200 -0.479300 -0.543400
vn -0.642200 -0.526500 -0.557100
vn -0.386000 -0.663000 -0.641400
vn -0.342900 -0.676600 -0.651600
vn -0.518000 -0.593900 -0.615600
vn -0.533700 -0.604500 -0.591300
vn -0.389900 -0.677100 -0.624100
vn -0.634400 -0.511400 -0.579700
vn -0.615200 -0.556100 -0.558800
vn -0.654100 -0.575200 -0.491200
vn -0.522400 -0.642200 -0.560900
vn -0.533600 -0.625200 -0.569600
vn -0.622100 -0.576600 -0.529700
vn -0.618800 -0.604900 -0.501200
vn -0.488700 -0.661000 -0.569400
vn -0.703200 -0.520600 -0.484200
vn -0.743200 -0.508800 -0.434500
vn -0.752100 -0.510300 -0.417000
vn -0.718200 -0.538600 -0.440600
vn -0.790200 -0.477400 -0.384400
vn 0.946500 0.304400 -0.107200
vn 0.966000 0.233800 -0.110100
vn 0.962200 0.250900 -0.106200
vn 0.962300 0.244700 -0.118400
vn -0.175400 0.921200 0.347300
vn -0.042500 0.998200 -0.041600
vn -0.885200 -0.227100 0.406100
vn -0.931900 0.324700 0.161500
vn -0.916700 -0.297100 0.267300
vn -0.494400 -0.751000 0.437600
vn -0.745200 -0.143400 0.651200
vn -0.889100 0.449900 0.083900
vn -0.228800 -0.699300 0.677200
vn -0.853600 0.482400 -0.196600
vn -0.834600 0.544900 -0.080700
vn -0.789900 0.528400 0.311200
vn -0.747900 0.622700 0.230000
vn 0.757000 0.249600 0.603900
vn 0.743900 0.279600 0.606900
vn 0.749000 0.293000 0.594200
vn 0.759000 0.253700 0.599600
vn 0.749500 0.220400 0.624300
vn 0.737900 0.254700 0.625000
vn 0.752800 0.226100 0.618100
vn -0.749800 -0.221000 -0.623700
vn -0.740800 -0.192900 -0.643400
vn -0.743500 -0.205200 -0.636400
vn -0.753100 -0.235000 -0.614500
vn -0.739800 -0.255300 -0.622600
vn -0.730700 -0.228900 -0.643200
vn -0.747000 -0.276200 -0.604800
vn 0.538300 0.586700 0.605000
vn 0.501600 0.605600 0.617700
vn 0.315300 0.690700 0.650800
vn 0.363400 0.672100 0.645200
vn 0.643200 0.508200 0.572800
vn 0.618000 0.522100 0.587700
vn 0.379300 0.675600 0.632200
vn 0.521200 0.609200 0.597700
vn 0.601900 0.564000 0.565400
vn 0.628200 0.535100 0.564800
vn 0.675700 0.485500 0.554800
vn -0.925400 -0.349000 0.147800
vn -0.885000 -0.411600 -0.217700
vn -0.464800 -0.857000 -0.222300
vn -0.864400 -0.438400 -0.246100
vn 0.955900 0.292800 0.023700
vn 0.972500 0.212400 0.095600
vn 0.966600 0.191300 0.170400
vn 0.962500 0.230200 0.143500
vn 0.960000 0.278500 -0.029000
vn 0.977400 0.203700 0.056100
vn 0.942200 0.334600 0.016400
vn 0.928800 0.367700 -0.045000
vn 0.935400 0.348000 -0.062500
vn 0.945700 0.314800 -0.081100
vn 0.952300 0.256800 0.164700
vn -0.965900 -0.233200 0.112400
vn -0.986900 -0.049400 0.153600
vn -0.975000 -0.151800 0.162300
vn -0.960800 -0.248900 0.122400
vn -0.989700 -0.120600 0.076500
vn -0.995500 0.041500 0.085000
vn -0.950700 -0.293600 0.099600
vn -0.965300 -0.257100 0.044800
vn -0.983400 -0.178500 0.033300
vn -0.998000 -0.059500 -0.021100
vn -0.947900 -0.294700 0.120600
vn 0.063300 -0.985900 -0.155000
vn 0.199800 -0.979200 -0.036200
vn -0.370800 -0.920400 0.124400
vn -0.784400 -0.617200 -0.061400
vn 0.159500 -0.974300 -0.159100
vn 0.541400 -0.840400 -0.024400
vn -0.852300 -0.369100 -0.370600
vn 0.955800 0.166300 0.242600
vn 0.953400 0.184800 0.238400
vn 0.966300 0.147200 0.211300
vn 0.958600 0.127700 0.254500
vn 0.948000 0.186000 0.258400
vn 0.942900 0.220700 0.249700
vn -0.970100 -0.200600 -0.136300
vn -0.957500 -0.259900 -0.125400
vn -0.956800 -0.183800 -0.225300
vn -0.962000 -0.163000 -0.219200
vn -0.947300 -0.320300 0.000600
vn -0.932300 -0.361600 -0.001600
vn -0.953900 -0.164500 -0.251200
vn -0.964300 -0.125100 -0.233500
vn -0.973300 -0.100700 -0.206400
vn -0.977400 -0.193800 -0.084000
vn -0.955800 -0.293000 0.024200
vn 0.960100 -0.088700 0.265100
vn 0.447400 -0.835700 -0.318500
vn -0.697000 -0.520100 -0.493700
vn -0.549700 -0.620400 -0.559400
vn 0.655600 -0.702900 -0.276000
vn 0.941300 0.241700 0.235700
vn 0.943900 0.309300 0.115500
vn 0.948500 0.190400 0.253100
vn 0.947700 0.195100 0.252600
vn 0.935100 0.342500 0.091400
vn 0.960400 0.135700 0.243400
vn 0.911900 0.408000 -0.044800
vn 0.903800 0.417100 -0.095800
vn 0.910900 0.404400 -0.082100
vn 0.922100 0.386300 -0.024000
vn 0.891300 0.451500 -0.040500
vn 0.899600 0.425800 -0.096700
vn 0.923300 0.342500 -0.173700
vn 0.002100 -0.116700 -0.993200
vn 0.898600 0.114300 -0.423700
vn 0.869600 -0.382500 -0.312100
vn 0.925700 0.036600 -0.376400
vn -0.775500 -0.246300 -0.581400
vn -0.909400 -0.331500 -0.251100
vn 0.057200 0.552600 -0.831500
vn -0.859100 -0.503900 -0.090000
vn -0.889600 -0.453900 0.050900
vn 0.919600 0.386300 -0.071100
vn 0.927400 0.361500 -0.095800
vn 0.931400 0.364000 -0.002600
vn 0.640600 0.578200 0.505300
vn 0.606400 0.582700 0.541000
vn 0.520600 0.626600 0.580000
vn 0.508900 0.641000 0.574600
vn 0.475300 0.658200 0.583800
vn 0.606400 0.608000 0.512500
vn 0.733700 0.512800 0.445800
vn 0.688200 0.531200 0.494200
vn -0.949900 -0.192000 -0.246800
vn -0.952900 -0.205400 -0.223300
vn -0.951100 -0.193700 -0.240600
vn -0.942500 -0.244000 -0.228600
vn -0.939100 -0.233800 -0.251800
vn -0.942700 -0.192400 -0.272700
vn -0.950100 -0.121200 -0.287400
vn -0.920400 -0.272700 -0.280100
vn -0.925300 -0.225500 -0.304800
vn -0.933800 -0.140300 -0.329000
vn -0.937100 -0.052000 -0.345200
vn -0.955300 -0.060800 -0.289300
vn -0.906300 -0.251800 -0.339500
vn -0.917100 -0.157400 -0.366200
vn -0.923000 -0.058000 -0.380400
vn -0.928500 0.014800 -0.371000
vn -0.940400 -0.001100 -0.340100
vn -0.902600 -0.168300 -0.396200
vn -0.914500 -0.066400 -0.399000
vn -0.924600 0.015000 -0.380700
vn -0.937900 0.073000 -0.339100
vn -0.940200 0.059900 -0.335200
vn -0.901600 -0.063300 -0.428000
vn -0.920800 0.019100 -0.389600
vn -0.940200 0.079900 -0.331000
vn -0.958700 0.120900 -0.257400
vn -0.955300 0.113900 -0.272800
vn -0.910100 0.042800 -0.412200
vn -0.939100 0.099700 -0.328900
vn -0.960200 0.131700 -0.246400
vn -0.969700 0.150600 -0.192400
vn -0.969100 0.146800 -0.198300
vn -0.850500 -0.337900 0.403100
vn -0.877200 -0.316000 0.361500
vn -0.904700 -0.283200 0.318400
vn -0.903700 -0.301200 0.304300
vn -0.971700 0.161000 -0.173000
vn 0.487000 -0.516600 0.704200
vn 0.424700 -0.589200 0.687300
vn 0.431500 -0.619700 0.655600
vn 0.485400 -0.635000 0.600900
vn -0.872000 -0.366600 0.324500
vn 0.968100 -0.180500 0.173900
vn 0.963500 -0.214000 0.160600
vn 0.559700 -0.643600 0.522100
vn 0.966500 -0.189100 0.173400
vn 0.959600 -0.226600 0.167000
vn 0.958000 -0.254900 0.131200
vn 0.963500 -0.242000 0.114300
vn 0.962300 -0.205700 0.177800
vn 0.953200 -0.245300 0.176800
vn 0.949900 -0.273700 0.151100
vn 0.950000 -0.302400 0.077500
vn 0.959300 -0.278500 0.046800
vn 0.949100 -0.258300 0.180400
vn 0.944000 -0.286400 0.163600
vn 0.940100 -0.324700 0.103500
vn 0.916700 -0.399300 -0.017300
vn 0.930400 -0.362400 -0.054800
vn 0.940000 -0.295700 0.170300
vn 0.930900 -0.344600 0.121400
vn 0.901800 -0.432000 0.013700
vn 0.835200 -0.532300 -0.138100
vn 0.848300 -0.498500 -0.178400
vn 0.924100 -0.358700 0.131400
vn 0.891700 -0.451200 0.036000
vn 0.829900 -0.548500 -0.102300
vn 0.720300 -0.639500 -0.268900
vn 0.717500 -0.626400 -0.304500
vn 0.887800 -0.457500 0.051000
vn 0.829800 -0.553500 -0.070700
vn 0.731300 -0.642600 -0.228500
vn 0.579700 -0.711200 -0.397700
vn 0.562600 -0.704600 -0.432500
vn 0.829600 -0.556500 -0.044700
vn 0.740200 -0.645400 -0.188500
vn 0.601400 -0.719100 -0.348200
vn 0.446700 -0.762200 -0.468400
vn 0.431900 -0.743700 -0.510300
vn 0.744000 -0.650500 -0.152400
vn 0.612800 -0.731500 -0.298900
vn 0.459400 -0.781500 -0.422100
vn 0.319500 -0.805400 -0.499200
vn 0.308700 -0.786800 -0.534500
vn 0.622300 -0.735100 -0.269200
vn 0.472000 -0.790300 -0.390700
vn 0.332300 -0.813100 -0.477900
vn 0.227400 -0.811400 -0.538500
vn 0.210500 -0.808000 -0.550300
vn 0.494600 -0.722300 -0.483300
vn 0.346000 -0.729300 -0.590300
vn 0.228500 -0.711200 -0.664900
vn 0.123800 -0.706800 -0.696400
vn 0.133100 -0.796000 -0.590500
vn -0.007900 0.543700 -0.839200
vn -0.106200 0.590100 -0.800300
vn -0.185800 0.593300 -0.783300
vn -0.258900 0.508900 -0.821000
vn -0.025200 -0.723700 -0.689700
vn -0.258000 0.864000 0.432400
vn -0.182900 0.867800 0.462100
vn -0.067400 0.896500 0.437800
vn 0.100000 0.901400 0.421300
vn -0.345800 0.509800 -0.787800
vn -0.146900 0.795900 0.587400
vn 0.009600 0.777900 0.628400
vn 0.225900 0.734000 0.640500
vn 0.423200 0.655100 0.625900
vn 0.271200 0.867800 0.416400
vn 0.043200 0.769700 0.637000
vn 0.267900 0.714700 0.646100
vn 0.460300 0.633500 0.621900
vn 0.587700 0.542500 0.600300
vn 0.558500 0.559000 0.612900
vn 0.618400 0.461700 0.635900
vn 0.350000 0.879400 0.322800
vn 0.370900 0.847900 0.378900
vn 0.646100 0.439800 0.623800
vn 0.691300 0.333600 0.640900
vn 0.667300 0.364700 0.649300
vn 0.668200 0.430300 0.606900
vn 0.701700 0.341600 0.625200
vn 0.686700 0.420700 0.592900
vn 0.711400 0.345900 0.611800
vn 0.701700 0.414800 0.579300
vn 0.719400 0.351200 0.599300
vn 0.752400 0.303500 0.584600
vn 0.765200 0.270600 0.584100
vn 0.727700 0.353600 0.587800
vn 0.756300 0.311100 0.575500
vn 0.770700 0.279700 0.572600
vn 0.767600 0.253700 0.588600
vn 0.759200 0.243300 0.603700
vn 0.768500 0.284000 0.573400
vn 0.779500 0.257400 0.571000
vn 0.780900 0.235000 0.578800
vn 0.861000 0.239400 0.448700
vn 0.855600 0.272400 0.440200
vn 0.755500 -0.196800 0.624800
vn 0.776800 -0.172800 0.605600
vn 0.912400 -0.333700 0.237000
vn -0.156400 -0.986200 0.055000
vn -0.066700 -0.994700 0.078800
vn 0.080400 -0.982200 -0.169600
vn -0.760200 -0.376200 -0.529700
vn -0.763200 -0.363600 -0.534100
vn -0.311300 -0.589300 -0.745500
vn -0.770900 -0.288800 -0.567800
vn -0.767600 -0.261500 -0.585100
vn -0.587100 -0.220400 -0.778900
vn 0.644300 0.077100 -0.760900
vn 0.735700 -0.281400 -0.616100
vn -0.757700 -0.253200 -0.601500
vn -0.577800 -0.164100 -0.799500
vn 0.619900 0.243200 -0.746000
vn -0.544500 -0.104700 -0.832200
vn 0.625000 0.349400 -0.698000
vn 0.843400 0.280400 0.458400
vn 0.622700 0.536200 -0.569800
vn 0.821000 0.275200 0.500300
vn 0.509700 0.824500 -0.245900
vn 0.776400 0.269200 0.569800
vn 0.354700 0.926800 0.123800
vn 0.725300 0.288100 0.625300
vn 0.310600 0.911100 0.270800
vn -0.592200 0.434500 -0.678600
vn -0.611200 0.450700 -0.650600
vn -0.566600 0.474300 -0.673800
vn -0.683100 -0.319300 -0.656800
vn -0.627800 -0.433600 -0.646400
vn -0.556200 -0.537900 -0.633500
vn -0.483600 0.559000 -0.673500
vn -0.414500 -0.631300 -0.655500
vn -0.416400 0.557500 -0.718200
vn -0.222900 -0.702000 -0.676300
vn -0.436400 -0.644400 -0.627900
vn -0.243500 -0.724000 -0.645400
vn -0.029200 -0.773300 -0.633400
vn -0.287400 -0.704100 -0.649300
vn -0.067600 -0.763800 -0.641900
vn 0.108300 -0.793000 -0.599500
vn -0.116000 -0.749100 -0.652200
vn 0.079300 -0.783600 -0.616200
vn 0.193700 -0.794700 -0.575300
vn 0.055200 -0.772800 -0.632200
vn 0.178900 -0.775300 -0.605800
vn 0.298000 -0.764700 -0.571400
vn 0.166700 -0.752000 -0.637700
vn 0.287500 -0.747400 -0.598900
vn 0.417300 -0.732100 -0.538400
vn 0.275900 -0.744100 -0.608500
vn 0.407900 -0.733400 -0.543800
vn 0.557500 -0.698400 -0.448900
vn 0.406000 -0.738700 -0.538000
vn 0.562800 -0.687400 -0.459000
vn 0.727400 -0.598900 -0.335100
vn 0.578100 -0.668200 -0.468300
vn 0.742700 -0.562900 -0.362600
vn 0.862700 -0.456200 -0.218400
vn 0.757100 -0.530100 -0.381700
vn 0.872900 -0.419700 -0.248800
vn 0.940000 -0.329000 -0.090100
vn 0.877900 -0.399600 -0.263800
vn 0.943800 -0.311200 -0.111500
vn 0.964200 -0.264200 0.022600
vn 0.690700 -0.691800 0.210700
vn 0.668400 -0.662800 0.337700
vn 0.622400 -0.647700 0.439300
vn -0.739500 -0.489100 0.462500
vn -0.782400 -0.470000 0.408600
vn -0.832500 -0.421100 0.359900
vn -0.967000 0.231700 -0.106000
vn -0.966600 0.205600 -0.153300
vn -0.969300 0.178000 -0.169900
vn -0.959700 0.226100 -0.166900
vn -0.965500 0.192500 -0.175300
vn -0.970300 0.166500 -0.175600
vn -0.961500 0.208300 -0.179300
vn -0.968000 0.175500 -0.179700
vn -0.966800 0.147400 -0.208900
vn -0.965300 0.185600 -0.183500
vn -0.964800 0.148200 -0.217400
vn -0.954900 0.103000 -0.278300
vn -0.965800 0.145300 -0.214500
vn -0.960400 0.085900 -0.265100
vn -0.949600 0.035000 -0.311600
vn -0.969400 0.065600 -0.236700
vn -0.961900 0.004700 -0.273500
vn -0.957200 -0.029400 -0.287800
vn -0.977900 -0.040300 -0.205200
vn -0.976700 -0.081800 -0.198500
vn -0.989900 -0.106700 -0.093000
vn -0.982800 -0.171600 -0.068300
vn -0.993000 -0.003400 -0.117900
vn -0.981300 0.036100 -0.189100
vn -0.978900 0.125700 -0.161400
vn -0.987700 0.107400 -0.114000
vn -0.970500 0.139400 -0.196800
vn -0.964000 0.199800 -0.175600
vn -0.967900 0.198100 -0.154500
vn -0.963500 0.194800 -0.183800
vn -0.955700 0.234200 -0.178300
vn -0.954500 0.242500 -0.173300
vn -0.958300 0.222100 -0.179800
vn -0.949300 0.257500 -0.180200
vn -0.946900 0.266400 -0.180300
vn -0.953200 0.245100 -0.176800
vn -0.951500 0.270400 -0.147100
vn -0.945400 0.283500 -0.160500
vn -0.959200 0.252500 -0.127600
vn -0.961000 0.273800 -0.037900
vn -0.953500 0.293900 -0.066000
vn -0.965800 0.258700 -0.014600
vn -0.944400 0.305900 0.120900
vn -0.942100 0.319200 0.103000
vn -0.679800 -0.492300 0.543600
vn -0.608800 -0.461800 0.645100
vn -0.881500 0.390600 0.265200
vn 0.667300 -0.739500 0.088200
vn 0.595500 -0.802500 -0.036300
vn -0.533000 -0.409600 0.740400
vn 0.768300 -0.509800 -0.387100
vn 0.614700 -0.631100 -0.473200
vn 0.472900 -0.870800 -0.134200
vn 0.597600 -0.645500 -0.475600
vn 0.426200 -0.733200 -0.529900
vn 0.441200 -0.729900 -0.522100
vn 0.413200 -0.738200 -0.533100
vn 0.258400 -0.764300 -0.590800
vn 0.256900 -0.772900 -0.580200
vn 0.263900 -0.753300 -0.602400
vn 0.131300 -0.737000 -0.663000
vn 0.113300 -0.749300 -0.652400
vn 0.150900 -0.734900 -0.661100
vn 0.053900 -0.723100 -0.688600
vn 0.047900 -0.710300 -0.702300
vn 0.051100 -0.753400 -0.655600
vn -0.156500 -0.740200 -0.654000
vn -0.133600 -0.718800 -0.682300
vn -0.152100 -0.743400 -0.651300
vn -0.385200 -0.679000 -0.624900
vn -0.353100 -0.680700 -0.641900
vn -0.109400 -0.700900 -0.704800
vn -0.302800 -0.693300 -0.653900
vn -0.083300 -0.704800 -0.704500
vn 0.034200 -0.717900 -0.695300
vn -0.064600 -0.716300 -0.694800
vn 0.020000 -0.731100 -0.682000
vn 0.098800 -0.762400 -0.639500
vn 0.006900 -0.743900 -0.668200
vn 0.087600 -0.774000 -0.627100
vn 0.258500 -0.780100 -0.569700
vn 0.048500 -0.858200 -0.511000
vn 0.189500 -0.894700 -0.404500
vn 0.330400 -0.909200 -0.253400
vn -0.336900 -0.474000 0.813500
vn -0.421200 -0.360300 0.832300
vn -0.472100 -0.354600 0.807100
vn -0.459100 0.698500 0.548900
vn -0.626900 0.611800 0.482400
vn -0.773100 0.499700 0.390800
vn -0.608800 0.635100 0.475400
vn -0.764700 0.515500 0.386800
vn -0.876700 0.405200 0.259100
vn -0.751500 0.543600 0.373900
vn -0.868600 0.435700 0.236200
vn -0.935100 0.346800 0.072900
vn -0.855700 0.477300 0.200100
vn -0.923200 0.382600 0.035700
vn -0.944000 0.316500 -0.093700
vn -0.909100 0.416500 0.002900
vn -0.934700 0.336600 -0.114100
vn -0.941100 0.293200 -0.168200
vn -0.927000 0.353000 -0.126500
vn -0.938400 0.300100 -0.171100
vn -0.945600 0.272400 -0.178000
vn -0.936900 0.305200 -0.170400
vn -0.945400 0.275900 -0.173400
vn -0.955400 0.246200 -0.163100
vn -0.946700 0.276400 -0.165400
vn -0.958100 0.245800 -0.147200
vn -0.973600 0.192200 -0.123100
vn -0.961900 0.242200 -0.126800
vn -0.979400 0.182900 -0.085300
vn -0.995400 0.077800 -0.055700
vn -0.982900 0.178100 -0.047600
vn -0.998800 0.047800 0.009900
vn -0.978300 0.204500 -0.032700
vn -0.991300 0.129500 0.022100
vn -0.424000 0.774600 -0.469300
vn -0.248600 0.869400 -0.427100
vn -0.095900 0.958000 -0.270300
vn 0.904900 0.293200 -0.308500
vn 0.864000 0.339100 -0.372100
vn 0.966200 -0.242300 0.087900
vn 0.984600 -0.173500 0.020800
vn -0.511000 0.702100 -0.495900
vn -0.566300 0.645300 -0.512700
vn 0.824200 0.361800 -0.435700
vn -0.964300 0.248500 -0.091600
vn -0.950500 0.279000 -0.136500
vn -0.935800 0.318700 -0.150500
vn -0.607900 0.614000 -0.503400
vn -0.964400 0.241700 -0.107100
vn -0.950700 0.274600 -0.144000
vn -0.937600 0.311500 -0.154400
vn -0.915400 0.380500 -0.131300
vn -0.911600 0.389700 -0.131200
vn -0.949100 0.274600 -0.154400
vn -0.938500 0.306800 -0.158400
vn -0.920000 0.370300 -0.128300
vn -0.884900 0.461800 -0.061400
vn -0.879500 0.470400 -0.072000
vn -0.937300 0.306800 -0.165300
vn -0.920700 0.367300 -0.131900
vn -0.887100 0.458500 -0.053700
vn -0.830300 0.553600 0.064200
vn -0.830400 0.555600 0.041400
vn -0.922000 0.363600 -0.132700
vn -0.889100 0.455800 -0.042600
vn -0.828900 0.552000 0.090800
vn -0.723900 0.640600 0.255900
vn -0.735300 0.642100 0.216900
vn -0.896400 0.442700 -0.023700
vn -0.832200 0.540200 0.124900
vn -0.718400 0.631100 0.292400
vn -0.558500 0.700500 0.444200
vn -0.568500 0.706400 0.421700
vn -0.841800 0.514700 0.162500
vn -0.721100 0.612600 0.323700
vn -0.558900 0.694100 0.453700
vn -0.407200 0.738100 0.538000
vn -0.411400 0.732200 0.542800
vn -0.735300 0.580500 0.349800
vn -0.570800 0.678000 0.463100
vn -0.411000 0.739200 0.533500
vn -0.263300 0.760700 0.593300
vn -0.270600 0.750600 0.602800
vn -0.589700 0.655500 0.471800
vn -0.421600 0.735700 0.530200
vn -0.259800 0.770200 0.582500
vn -0.104700 0.760200 0.641100
vn -0.120900 0.745800 0.655100
vn -0.435200 0.731700 0.524700
vn -0.258400 0.779000 0.571300
vn -0.091600 0.773200 0.627500
vn -0.009400 0.743700 0.668500
vn -0.024600 0.729200 0.683800
vn -0.283400 0.721900 0.631300
vn -0.108300 0.694500 0.711300
vn -0.016800 0.660500 0.750700
vn 0.031800 0.654300 0.755600
vn 0.052800 0.727200 0.684400
vn -0.221000 -0.576300 0.786800
vn -0.147800 -0.648700 0.746600
vn -0.137700 -0.646700 0.750200
vn -0.149400 -0.539800 0.828400
vn 0.166200 0.678400 0.715700
vn -0.021700 -0.825500 -0.564000
vn -0.066600 -0.813900 -0.577200
vn -0.208500 -0.820600 -0.532000
vn -0.414500 -0.798000 -0.437500
vn -0.165000 -0.393400 0.904500
vn -0.055500 -0.728200 -0.683100
vn -0.214700 -0.722600 -0.657000
vn -0.409800 -0.694500 -0.591400
vn -0.562200 -0.639000 -0.525000
vn -0.596600 -0.726400 -0.341300
vn -0.253100 -0.707900 -0.659400
vn -0.445800 -0.676700 -0.586000
vn -0.588900 -0.621400 -0.516700
vn -0.688200 -0.560400 -0.460700
vn -0.664600 -0.579000 -0.472300
vn -0.726400 -0.537500 -0.428400
vn -0.803600 -0.548300 -0.231500
vn -0.725400 -0.631900 -0.273000
vn -0.754200 -0.513900 -0.408700
vn -0.811900 -0.458200 -0.361700
vn -0.777500 -0.491500 -0.392300
vn -0.787500 -0.484700 -0.380600
vn -0.847400 -0.419400 -0.325600
vn -0.900400 -0.328700 -0.284900
vn -0.865200 -0.380400 -0.326700
vn -0.817600 -0.452800 -0.355700
vn -0.871800 -0.382700 -0.305900
vn -0.924500 -0.278800 -0.260000
vn -0.972800 -0.126000 -0.194200
vn -0.947000 -0.212800 -0.240600
vn -0.888400 -0.349900 -0.297300
vn -0.939800 -0.232400 -0.250500
vn -0.983300 -0.048100 -0.175600
vn -0.981700 0.180100 -0.062000
vn -0.992100 0.068800 -0.104700
vn -0.950800 -0.188500 -0.245800
vn -0.985700 0.025200 -0.166500
vn -0.961000 0.273700 -0.040400
vn -0.898500 0.436900 0.042900
vn -0.930100 0.367200 0.004600
vn -0.137400 -0.465000 -0.874600
vn -0.460200 -0.373300 -0.805500
vn -0.691300 -0.426500 -0.583200
vn -0.760600 -0.479900 -0.437300
vn -0.854800 0.517300 -0.041600
vn 0.848300 -0.453500 -0.273300
vn 0.636200 -0.672100 -0.378900
vn 0.489200 -0.840700 -0.232100
vn 0.337100 -0.931500 -0.136700
vn -0.806700 -0.385700 -0.447700
vn 0.910200 -0.412200 -0.039800
vn 0.851000 -0.524900 -0.016300
vn 0.737000 -0.675500 0.024100
vn 0.916000 -0.399400 0.036600
vn 0.843300 -0.535100 0.050200
vn 0.688000 -0.725300 0.023900
vn 0.465400 -0.884300 0.036700
vn 0.911500 -0.402200 0.086400
vn 0.782400 -0.618800 0.070000
vn 0.599900 -0.793400 0.103500
vn 0.187400 -0.901400 0.390300
vn 0.052900 -0.972200 0.228200
vn 0.857400 -0.497600 0.131100
vn 0.955500 -0.261600 0.136400
vn 0.972100 -0.123900 0.199400
vn 0.914200 -0.310500 0.260600
vn 0.938200 0.048200 0.342800
vn 0.865600 -0.015200 0.500500
vn 0.532800 0.466800 0.705800
vn 0.552400 0.358900 0.752300
vn 0.418400 0.198400 0.886300
vn 0.087100 -0.261600 0.961200
vn -0.337600 0.717300 0.609400
vn -0.137100 0.535800 0.833100
vn -0.429900 0.223200 0.874900
vn -0.895500 0.425300 -0.131300
vn -0.723500 0.586700 0.363800
vn -0.945400 0.137700 -0.295300
vn -0.933900 0.227100 -0.276200
vn -0.885300 0.391800 -0.250500
vn -0.902300 0.379600 -0.204200
vn -0.839800 0.506900 -0.194200
vn -0.843200 0.519400 -0.138800
vn -0.766300 0.632900 -0.110200
vn -0.805600 0.591500 -0.032000
vn -0.699600 0.711300 -0.068200
vn -0.760600 0.647900 0.041200
vn -0.761200 0.637200 -0.120800
vn -0.929500 0.364400 0.056800
vn -0.785400 0.607000 -0.121000
vn -0.775200 0.610500 -0.162500
vn -0.877500 0.476400 -0.055900
vn -0.926200 0.361900 -0.106000
vn -0.971100 0.228400 -0.068500
vn -0.961900 0.197200 -0.189400
vn -0.984400 0.026000 -0.173800
vn -0.976600 -0.095200 -0.192800
vn -0.959200 -0.118100 -0.257000
vn -0.937800 -0.223200 -0.265800
vn -0.908100 -0.297700 -0.294300
vn -0.907300 -0.290400 -0.304200
vn -0.872800 -0.360300 -0.329300
vn -0.828900 -0.427000 -0.361400
vn -0.962400 -0.254200 -0.095400
vn -0.919500 -0.364600 -0.146800
vn -0.861800 -0.467100 -0.197800
vn -0.273200 0.404300 0.872900
vn -0.327900 0.258100 0.908800
vn -0.308600 0.098200 0.946100
vn 0.757800 0.508100 0.409300
vn 0.705600 0.548300 0.448800
vn 0.638400 0.588500 0.496100
vn -0.252300 -0.073300 0.964900
vn 0.526600 0.643800 0.555200
vn -0.191000 -0.233100 0.953500
vn 0.360200 0.683600 0.634800
vn 0.557400 0.640100 0.528800
vn 0.403300 0.695900 0.594200
vn 0.209800 0.722400 0.658900
vn 0.435600 0.676600 0.593700
vn 0.242800 0.705600 0.665700
vn 0.058700 0.713400 0.698200
vn 0.289700 0.688900 0.664400
vn 0.072100 0.700600 0.709900
vn -0.041500 0.714400 0.698500
vn 0.092400 0.696900 0.711200
vn -0.057300 0.708400 0.703500
vn -0.140200 0.735300 0.663100
vn -0.063500 0.722800 0.688100
vn -0.159500 0.735200 0.658800
vn -0.281300 0.743100 0.607200
vn -0.174100 0.753100 0.634400
vn -0.292100 0.749200 0.594500
vn -0.421900 0.734600 0.531400
vn -0.300800 0.768000 0.565400
vn -0.436400 0.747900 0.500200
vn -0.590500 0.711800 0.380300
vn -0.451000 0.764500 0.460500
vn -0.606300 0.720100 0.337400
vn -0.743000 0.644400 0.180600
vn -0.616400 0.729800 0.295600
vn -0.746200 0.648600 0.149700
vn -0.828600 0.559400 0.021600
vn -0.749200 0.649700 0.129100
vn -0.827800 0.560900 0.008600
vn -0.876000 0.476100 -0.077700
vn -0.722900 0.663600 -0.192300
vn -0.713400 0.622900 -0.321000
vn -0.658100 0.609800 -0.441600
vn 0.570800 0.398000 -0.718200
vn 0.711500 0.355300 -0.606200
vn 0.780100 0.358800 -0.512600
vn 0.921400 -0.373300 0.107800
vn 0.941000 -0.309800 0.136500
vn 0.954300 -0.270500 0.126700
vn 0.937000 -0.313900 0.153300
vn 0.950900 -0.274800 0.142100
vn 0.964800 -0.240400 0.106300
vn 0.949600 -0.274100 0.152300
vn 0.962200 -0.241400 0.125900
vn 0.978300 -0.183300 0.096700
vn 0.982700 -0.175100 0.059700
vn 0.989600 -0.059200 0.131000
vn 0.973000 -0.190700 0.130100
vn 0.982800 -0.066500 0.172000
vn 0.957100 0.130200 0.259000
vn 0.970700 0.128900 0.202800
vn 0.892200 0.328500 0.310100
vn 0.924400 0.300600 0.234800
vn 0.793600 0.515400 0.323300
vn 0.848400 0.463500 0.255900
vn 0.695000 0.662800 0.278700
vn 0.757400 0.615200 0.218900
vn 0.574200 0.784700 -0.233500
vn 0.681400 0.730200 0.050300
vn 0.354100 0.784200 -0.509600
vn -0.714800 -0.071100 -0.695700
vn -0.598400 0.220800 -0.770200
vn -0.703100 -0.709500 -0.047400
vn -0.783100 -0.586000 -0.208200
vn -0.630100 -0.765900 -0.128100
vn -0.716700 -0.644200 -0.266900
vn -0.810800 -0.503600 -0.298400
vn -0.793800 -0.507800 -0.334700
vn 0.428900 -0.826700 -0.364200
vn -0.226000 -0.829900 -0.510100
vn 0.947800 -0.318000 0.023700
vn 0.988400 0.017000 0.151000
vn 0.967800 0.013100 0.251400
vn 0.981700 0.068300 0.177800
vn 0.988100 0.143300 0.055900
vn 0.989900 0.125300 0.066600
vn 0.974300 0.217800 -0.056700
vn 0.979400 0.195700 -0.049100
vn 0.984600 0.168600 0.046600
vn 0.968900 0.242100 -0.051900
vn 0.956100 0.276600 -0.096800
vn 0.942100 0.317600 -0.107200
vn 0.955300 0.272400 -0.114800
vn 0.945100 0.301200 -0.127100
vn 0.961900 0.244000 -0.123600
vn 0.968800 0.219000 -0.115700
vn 0.880900 0.469900 0.057200
vn 0.968600 0.209100 -0.134400
vn 0.950500 0.274000 -0.146300
vn 0.860500 0.372500 -0.347600
vn 0.763300 0.404100 -0.504000
vn -0.488700 0.417100 -0.766300
vn -0.643100 0.381400 -0.664000
vn -0.971100 -0.220900 0.090600
vn -0.974600 -0.186300 0.123900
vn -0.950900 -0.276700 0.138400
vn -0.966700 -0.224000 0.123700
vn -0.974600 -0.184000 0.127900
vn -0.498000 0.691000 0.523900
vn -0.977700 -0.135500 -0.160700
vn -0.926500 -0.349600 0.139200
vn -0.927300 -0.354300 0.120800
vn -0.911500 -0.407400 0.056500
vn -0.906100 -0.410700 0.101800
vn -0.918200 -0.387900 0.080800
vn -0.934300 -0.345600 0.086700
vn -0.903400 -0.424300 0.061500
vn -0.894600 -0.445900 0.027600
vn -0.922400 -0.386200 -0.000500
vn -0.913600 -0.406000 -0.020800
vn -0.938800 -0.329300 -0.101200
vn -0.948700 -0.295400 -0.112900
vn -0.948400 -0.218500 -0.229800
vn -0.880100 -0.374000 -0.292600
vn -0.934600 -0.218300 -0.280800
vn -0.962100 -0.146100 -0.230100
vn -0.955800 -0.176900 -0.234600
vn -0.960500 -0.216600 -0.174600
vn -0.951500 -0.232500 -0.201600
vn -0.942500 -0.269100 -0.198000
vn -0.933500 -0.279400 -0.224800
vn -0.924300 -0.285800 -0.252800
vn -0.914100 -0.326300 -0.240800
vn -0.904500 -0.330400 -0.269700
vn -0.899500 -0.313400 -0.304600
vn -0.887700 -0.378500 -0.262000
vn -0.884400 -0.353600 -0.304700
vn -0.891500 -0.277000 -0.358600
vn -0.868100 -0.385600 -0.312700
vn -0.874500 -0.302600 -0.379000
vn -0.885300 -0.176300 -0.430400
vn -0.857100 -0.327100 -0.397900
vn -0.869700 -0.186900 -0.456800
vn -0.884600 -0.053100 -0.463400
vn -0.834400 -0.213800 0.508000
vn -0.841700 -0.277000 0.463500
vn -0.850300 -0.316300 0.420600
vn 0.563700 -0.095300 0.820500
vn 0.555000 -0.284400 0.781700
vn 0.544500 -0.411300 0.731000
vn 0.914200 -0.032400 0.403900
vn 0.940400 -0.094300 0.326900
vn 0.923500 -0.012700 0.383400
vn 0.940400 -0.075300 0.331500
vn 0.925600 -0.010700 0.378400
vn 0.937900 -0.064100 0.340800
vn 0.934300 -0.001700 0.356400
vn 0.941900 -0.039700 0.333500
vn 0.949300 0.022300 0.313600
vn 0.951400 -0.003900 0.307800
vn 0.957600 -0.031600 0.286300
vn 0.965500 0.037600 0.257600
vn 0.966800 0.060600 0.248400
vn 0.979900 0.121900 0.158200
vn 0.981500 0.092500 0.167800
vn 0.965900 0.084900 0.244500
vn 0.975300 0.138300 0.172000
vn 0.949500 0.064000 0.307000
vn 0.943800 0.140200 0.299300
vn 0.931800 0.062700 0.357600
vn 0.925300 0.159400 0.344000
vn 0.912400 0.250000 0.324100
vn 0.932900 0.219700 0.285300
vn 0.904300 0.307200 0.296600
vn 0.926600 0.264900 0.266800
vn 0.907300 0.325800 0.265800
vn 0.929100 0.278600 0.243400
vn 0.944100 0.229900 0.236200
vn 0.952300 0.217900 0.213600
vn 0.952800 0.196400 0.231700
vn 0.937700 0.271600 0.216900
vn 0.945800 0.261800 0.192100
vn 0.963600 0.197700 0.179900
vn 0.916400 0.322000 0.237800
vn 0.926900 0.309100 0.212800
vn 0.863700 -0.503600 -0.021600
vn 0.862100 -0.501400 -0.073200
vn 0.899800 0.371800 0.228300
vn 0.914500 0.349900 0.202900
vn 0.868600 -0.494200 -0.036300
vn -0.474000 -0.835800 -0.277200
vn -0.481200 -0.830000 -0.282000
vn 0.858000 -0.512400 -0.035900
vn -0.483500 -0.834500 -0.264300
vn -0.898300 -0.387800 -0.206700
vn -0.908200 -0.363300 -0.207800
vn 0.857700 -0.513700 0.022200
vn 0.888700 -0.430500 0.158000
vn -0.897500 -0.375700 -0.230800
vn -0.922600 -0.320000 -0.215300
vn -0.881200 -0.412300 -0.231400
vn -0.869900 -0.415600 -0.265600
vn -0.851500 -0.442000 -0.282300
vn -0.850200 -0.408700 -0.332000
vn -0.915000 -0.290600 0.279900
vn -0.885700 -0.224500 0.406300
vn -0.851300 -0.206600 0.482200
vn 0.336400 0.373000 0.864700
vn 0.444500 0.290200 0.847500
vn 0.547500 0.112100 0.829300
vn 0.852000 0.406800 0.329600
vn 0.861500 0.322800 0.391800
vn 0.874200 0.187000 0.448200
vn 0.889400 0.057200 0.453600
vn 0.880300 0.297800 0.369300
vn 0.893900 0.178600 0.411300
vn 0.909100 0.070900 0.410500
vn 0.909200 0.170600 0.379900
vn 0.918800 0.068300 0.388800
vn 0.896400 0.274600 0.348000
vn 0.871600 0.381600 0.307700
vn 0.888000 0.348300 0.300200
vn 0.890500 0.374100 0.259000
vn -0.460300 -0.826300 -0.324600
vn -0.443100 -0.792200 -0.419700
vn 0.870300 -0.459900 -0.176200
vn -0.395400 -0.663600 -0.635000
vn -0.139100 -0.344300 -0.928500
vn -0.773200 -0.494200 -0.397500
vn -0.797600 0.134800 -0.587900
vn 0.165700 0.623300 -0.764200
vn 0.627800 0.631200 -0.455500
vn 0.846500 0.519100 -0.117800
vn 0.904800 0.382200 -0.187800
vn 0.922900 0.358600 -0.140000
vn 0.923100 0.365300 -0.120400
vn -0.555300 -0.804000 -0.212800
vn -0.504700 -0.853500 0.129500
vn -0.435700 -0.900100 0.001600
vn -0.358500 -0.930000 -0.081400
vn -0.463300 -0.849700 -0.251500
vn 0.100800 -0.798000 0.594200
vn 0.092300 -0.865500 0.492400
vn 0.088600 -0.841100 0.533600
vn 0.495400 -0.588000 0.639400
vn 0.577600 0.454400 0.678200
vn 0.608100 0.469700 0.640000
vn 0.625300 0.582100 0.519800
vn 0.762500 0.463000 0.452000
vn 0.805100 -0.081900 0.587500
vn 0.553200 0.740600 0.381400
vn 0.652900 0.608400 0.451200
vn 0.807000 0.384400 0.448300
vn 0.922100 0.120400 0.367600
vn 0.908500 0.170900 0.381300
vn 0.726000 0.559600 0.399700
vn 0.850400 0.355300 0.388000
vn 0.940900 0.126700 0.314000
vn 0.973800 -0.075200 0.214800
vn 0.964000 -0.088300 0.251000
vn 0.963400 -0.198900 0.179500
vn 0.964000 -0.192100 0.184000
vn 0.961800 -0.077600 0.262600
vn 0.967200 -0.196800 0.160700
vn 0.955800 -0.245100 0.162300
vn 0.955100 -0.241000 0.172600
vn 0.958700 -0.244200 0.145600
vn 0.947200 -0.275800 0.163500
vn 0.945700 -0.275600 0.172100
vn 0.937100 -0.305400 0.169000
vn 0.937600 -0.302200 0.171900
vn 0.945700 -0.272600 0.177300
vn 0.937800 -0.306400 0.163500
vn 0.920300 -0.368600 0.131300
vn 0.921500 -0.364800 0.133400
vn 0.938000 -0.308600 0.158000
vn 0.917300 -0.376100 0.131000
vn 0.880900 -0.468000 0.069700
vn 0.885200 -0.461200 0.061000
vn 0.913500 -0.385100 0.131300
vn 0.877500 -0.473700 0.075200
vn 0.828100 -0.560400 -0.013200
vn 0.827900 -0.560400 -0.024300
vn 0.897100 -0.440800 0.031600
vn 0.856200 -0.510800 -0.077700
vn 0.776600 -0.594300 -0.209100
vn 0.748000 -0.650100 -0.133500
vn 0.433300 0.426000 -0.794200
vn 0.317900 0.425900 -0.847100
vn 0.200700 0.436700 -0.877000
vn 0.648700 -0.675000 -0.351500
vn -0.679600 0.731100 -0.061300
vn -0.587700 0.804800 0.083100
vn -0.464500 0.856600 0.224600
vn 0.094800 0.478600 -0.872900
vn -0.625100 0.733200 0.267700
vn -0.474800 0.789100 0.389800
vn -0.334800 0.813500 0.475500
vn -0.344100 0.873300 0.344900
vn -0.463100 0.780900 0.419300
vn -0.322700 0.804700 0.498300
vn -0.218000 0.806500 0.549500
vn -0.234700 0.811200 0.535600
vn -0.311500 0.788500 0.530300
vn -0.201500 0.794800 0.572400
vn -0.096500 0.783600 0.613700
vn -0.124400 0.793100 0.596300
vn -0.186400 0.776300 0.602200
vn -0.069200 0.771000 0.633100
vn 0.133700 0.742900 0.655900
vn 0.085000 0.756100 0.648900
vn -0.061100 0.752600 0.655600
vn 0.143300 0.737700 0.659700
vn 0.119700 0.716500 0.687300
vn 0.365600 0.678900 0.636800
vn 0.337400 0.677600 0.653500
vn 0.946700 -0.266900 0.180100
vn 0.956300 -0.232600 0.177400
vn 0.958700 -0.220700 0.179300
vn 0.971400 -0.162700 0.173100
vn 0.971400 -0.016400 0.236900
vn 0.891300 0.261900 0.370100
vn 0.628300 0.700500 0.338400
vn 0.466100 0.846500 0.257300
vn 0.543700 0.813300 0.207400
vn 0.614000 0.777400 0.136200
vn 0.430600 0.902500 -0.002900
vn 0.498600 0.858200 -0.121600
vn 0.557600 0.787300 -0.263300
vn 0.365300 0.834700 -0.412000
vn 0.395200 0.719600 -0.570900
vn -0.003400 0.134200 -0.991000
vn 0.099200 0.556700 -0.824800
vn -0.530400 -0.812700 -0.241500
vn -0.755800 -0.448400 -0.477200
vn -0.396000 -0.713700 0.577700
vn -0.568400 -0.777300 0.269600
vn -0.366900 -0.829900 0.420300
vn -0.291700 -0.653900 0.698100
vn -0.277500 -0.755000 0.594100
vn -0.247900 -0.857700 0.450400
vn -0.318700 -0.913100 0.254200
vn -0.207800 -0.930400 0.302100
vn -0.263200 -0.957800 0.115300
vn 0.082000 -0.437600 0.895400
vn 0.100100 -0.653900 0.749900
vn 0.302100 0.876100 0.375700
vn 0.393400 0.746200 0.537000
vn 0.500500 0.581300 0.641600
vn 0.266600 0.956600 -0.117700
vn 0.359800 0.929500 0.081000
vn 0.317300 0.914000 -0.252900
vn 0.218500 0.928000 -0.301900
vn 0.251100 0.853200 -0.457200
vn 0.279300 0.758400 -0.589000
vn 0.250300 0.794300 -0.553500
vn 0.255800 0.713800 -0.651900
vn 0.268200 0.627000 -0.731400
vn 0.296200 0.651100 -0.698800
vn 0.353200 -0.125400 -0.927100
vn 0.213000 -0.093400 -0.972600
vn 0.009200 -0.997800 0.065800
vn -0.171100 -0.983200 -0.063600
vn -0.246400 -0.665700 0.704300
vn 0.015900 -0.996600 0.080800
vn -0.192800 -0.715900 0.671100
vn -0.203100 -0.711300 0.672900
vn -0.248600 -0.711500 0.657200
vn -0.196900 -0.764300 0.614100
vn -0.232200 -0.795000 0.560400
vn -0.187300 -0.787300 0.587500
vn -0.204300 -0.856300 0.474300
vn 0.028400 -0.247500 0.968500
vn 0.044500 -0.279800 0.959000
vn 0.369700 0.809200 0.456700
vn 0.307500 0.902800 0.300500
vn 0.295500 0.869700 -0.395500
vn 0.245200 0.873700 -0.420100
vn 0.263300 0.784700 -0.561100
vn 0.327800 -0.186100 -0.926200
vn 0.266800 0.601300 -0.753100
vn 0.257000 0.716900 -0.648000
vn 0.581100 0.624700 0.521700
vn 0.686700 0.559900 0.463600
vn 0.715600 0.538600 0.444800
vn 0.663200 0.575800 0.478200
vn 0.730200 0.528300 0.433200
vn 0.759600 0.504000 0.411200
vn 0.821100 0.443600 0.359200
vn 0.853500 0.406000 0.326800
vn 0.792900 0.474900 0.381800
vn 0.787100 0.478800 0.388800
vn 0.843100 0.409600 0.348600
vn 0.876200 0.363400 0.316500
vn 0.809400 0.450100 0.377200
vn 0.854500 0.385800 0.347900
vn 0.891000 0.331000 0.310700
vn -0.205900 0.507600 0.836600
vn -0.089300 0.570900 0.816200
vn 0.895200 0.300000 0.329500
vn -0.991000 -0.128200 -0.039000
vn -0.998100 0.047000 0.040000
vn 0.093500 0.597000 0.796800
vn -0.933000 -0.195700 -0.301900
vn -0.947800 -0.053500 -0.314300
vn -0.935100 0.305700 0.179400
vn -0.961700 0.042900 -0.270600
vn 0.358600 0.567300 0.741300
vn 0.946500 0.117600 0.300400
vn 0.928000 0.197300 0.316000
vn 0.973200 0.015300 0.229500
vn 0.956800 0.116500 0.266600
vn 0.930400 0.229800 0.285400
vn 0.976700 0.017300 0.214100
vn 0.959900 0.144100 0.240500
vn 0.924300 0.265200 0.274500
vn 0.985100 0.018700 0.170900
vn 0.955000 0.185500 0.231300
vn 0.906100 0.314100 0.283500
vn 0.976300 0.100800 0.191300
vn 0.929800 0.263100 0.257600
vn 0.877000 0.370400 0.306100
vn 0.946000 0.213800 0.243800
vn 0.893900 0.336800 0.295700
vn 0.843000 0.414600 0.342800
vn 0.821900 0.443300 0.357600
vn 0.790500 0.473500 0.388600
vn 0.747200 0.510000 0.426100
vn 0.919200 0.348800 0.182600
vn 0.857300 0.425800 0.289500
vn 0.804000 0.464500 0.371300
vn 0.463300 -0.124100 -0.877500
vn 0.600200 -0.040900 -0.798800
vn 0.756400 -0.158100 -0.634700
vn 0.766800 0.471500 0.435600
vn 0.877800 -0.341600 -0.335900
vn 0.737500 0.472100 0.482900
vn 0.667400 0.525300 0.527800
vn 0.728500 0.464500 0.503500
vn 0.681800 0.500600 0.533400
vn 0.734900 0.433500 0.521500
vn 0.707200 0.460500 0.536500
vn 0.715600 0.406400 0.568100
vn 0.736900 0.381300 0.558200
vn 0.747000 0.325100 0.579900
vn 0.816700 -0.537200 0.210900
vn 0.775200 -0.510900 0.371500
vn 0.758800 -0.430400 0.488800
vn 0.758400 -0.295300 0.581000
vn -0.365100 -0.832800 -0.416100
vn -0.301400 -0.899000 -0.317700
vn -0.228500 -0.964400 -0.133300
vn -0.732900 -0.374600 -0.567900
vn -0.749600 -0.367000 -0.550800
vn -0.731300 -0.357900 -0.580600
vn -0.757900 -0.317400 -0.570000
vn -0.724100 -0.351900 -0.593200
vn -0.754800 -0.306200 -0.580100
vn -0.765900 -0.277400 -0.580000
vn -0.751400 -0.291500 -0.591900
vn -0.760700 -0.257800 -0.595800
vn -0.750500 -0.231600 -0.619000
vn -0.485700 0.053500 -0.872500
vn -0.503800 0.320400 -0.802200
vn -0.716500 -0.344800 -0.606400
vn -0.706200 -0.340800 -0.620600
vn -0.687400 -0.422900 -0.590400
vn -0.667900 -0.433300 -0.605200
vn -0.647100 -0.438400 -0.623700
vn -0.695500 -0.332700 -0.636900
vn -0.604100 -0.530900 -0.594300
vn -0.576000 -0.546300 -0.608100
vn -0.474400 -0.621500 -0.623500
vn -0.702500 -0.418200 -0.575800
vn -0.715700 -0.414000 -0.562500
vn -0.726700 -0.409400 -0.551600
vn -0.718100 -0.456600 -0.525200
vn -0.421400 -0.769700 -0.479500
vn -0.458900 -0.688800 -0.561200
vn -0.692800 -0.493600 -0.525700
vn -0.680300 -0.513900 -0.522600
vn -0.512500 -0.595600 -0.618500
vn -0.609800 -0.518200 -0.599700
vn 0.875200 -0.483200 -0.024400
vn -0.701500 -0.477500 -0.529000
vn -0.772200 -0.450000 -0.448500
vn -0.840700 -0.399700 -0.365200
vn -0.838900 -0.424100 -0.341100
vn 0.307100 -0.252000 -0.917700
vn 0.193000 -0.334700 -0.922300
vn -0.898600 -0.321500 -0.298700
vn 0.966600 0.241900 0.085200
vn 0.997800 0.066600 -0.000100
vn 0.082200 -0.424200 -0.901800
vn 0.977700 -0.183600 -0.101600
vn 0.985700 0.018700 0.167200
vn 0.973900 -0.221900 0.047500
vn 0.989200 -0.107700 0.099200
vn 0.955600 -0.292800 0.032900
vn 0.982700 -0.133000 0.128600
vn 0.964000 -0.241900 0.109900
vn 0.979400 -0.094800 0.178400
vn 0.415500 -0.888800 0.193600
vn 0.303600 -0.719700 0.624400
vn 0.115000 -0.759100 0.640700
vn 0.123200 -0.386200 0.914200
vn 0.198800 -0.756200 0.623400
vn 0.153300 -0.777100 0.610500
vn 0.715600 0.328400 0.616500
vn 0.943700 0.237300 0.230500
vn 0.996400 0.075300 -0.039800
vn 0.972800 0.087100 -0.214400
vn 0.922200 0.167700 -0.348600
vn 0.763400 -0.304900 -0.569500
f 1//1 2//2 3//3 4//4
f 1//1 4//4 5//5 6//6
f 1//1 6//6 7//7 2//2
f 8//8 9//9 10//10 11//11
f 8//8 12//12 13//13 14//14
f 8//8 14//14 15//15 9//9
f 8//8 16//16 17//17 12//12
f 8//8 11//11 18//18 16//16
f 19//19 20//20 21//21 22//22
f 19//19 22//22 23//23 24//24
f 2//2 7//7 25//25 3//3
f 19//19 24//24 26//26 20//20
f 27//27 28//28 29//29 30//30
f 27//27 31//31 32//32 28//28
f 27//27 33//33 34//34 31//31
f 27//27 35//35 36//36 33//33
f 27//27 30//30 37//37 35//35
f 31//31 34//34 38//38 39//39
f 31//31 39//39 40//40 41//41
f 31//31 41//41 42//42 32//32
f 43//43 44//44 45//45 46//46
f 43//43 47//47 48//48 44//44
f 43//43 49//49 50//50 51//51
f 43//43 51//51 52//52 47//47
f 43//43 46//46 53//53 49//49
f 54//54 55//55 56//56 57//57
f 54//54 57//57 58//58 59//59
f 54//54 60//60 61//61 55//55
f 62//62 48//48 47//47 63//63
f 62//62 63//63 64//64 65//65
f 66//66 67//67 68//68 69//69
f 70//70 71//71 72//72 73//73
f 70//70 74//74 75//75 76//76
f 70//70 77//77 78//78 74//74
f 70//70 76//76 79//79 71//71
f 70//70 73//73 80//80 77//77
f 81//81 82//82 83//83 84//84
f 81//81 85//85 86//86 82//82
f 81//81 84//84 87//87 88//88
f 81//81 89//89 90//90 85//85
f 81//81 88//88 91//91 89//89
f 92//92 93//93 94//94 95//95
f 92//92 29//29 28//28 93//93
f 92//92 96//96 97//97 29//29
f 98//98 99//99 100//100 101//101
f 98//98 102//102 103//103 99//99
f 98//98 101//101 104//104 102//102
f 105//105 106//106 107//107 108//108
f 109//109 110//110 111//111 112//112
f 109//109 113//113 114//114 110//110
f 109//109 112//112 115//115 113//113
f 116//116 117//117 118//118 119//119
f 116//116 120//120 121//121 117//117
f 116//116 119//119 122//122 120//120
f 123//123 124//124 125//125 126//126
f 123//123 127//127 128//128 124//124
f 123//123 126//126 129//129 130//130
f 123//123 130//130 131//131 132//132
f 123//123 132//132 133//133 127//127
f 64//64 52//52 51//51 134//134
f 64//64 135//135 136//136 65//65
f 64//64 134//134 137//137 135//135
f 138//138 139//139 140//140 141//141
f 138//138 142//142 143//143 139//139
f 138//138 144//144 145//145 146//146
f 138//138 146//146 147//147 142//142
f 138//138 141//141 148//148 144//144
f 149//149 150//150 151//151 152//152
f 149//149 153//153 154//154 150//150
f 149//149 155//155 156//156 157//157
f 149//149 157//157 158//158 153//153
f 149//149 152//152 159//159 155//155
f 160//160 161//161 162//162 163//163
f 160//160 164//164 165//165 161//161
f 160//160 163//163 166//166 164//164
f 167//167 168//168 140//140 169//169
f 167//167 169//169 170//170 171//171
f 167//167 171//171 172//172 168//168
f 173//173 174//174 175//175 176//176
f 173//173 177//177 178//178 174//174
f 173//173 176//176 179//179 180//180
f 173//173 180//180 181//181 182//182
f 173//173 182//182 183//183 177//177
f 11//11 10//10 184//184 185//185
f 11//11 185//185 186//186 61//61
f 186//186 187//187 55//55 61//61
f 186//186 185//185 188//188 187//187
f 189//189 190//190 148//148 191//191
f 192//192 193//193 190//190 189//189
f 189//189 191//191 194//194 192//192
f 195//195 196//196 197//197 198//198
f 195//195 199//199 200//200 196//196
f 195//195 198//198 193//193 201//201
f 195//195 201//201 202//202 203//203
f 195//195 203//203 26//26 199//199
f 192//192 194//194 204//204 205//205
f 192//192 205//205 201//201 193//193
f 206//206 207//207 208//208 23//23
f 206//206 209//209 210//210 207//207
f 206//206 23//23 22//22 209//209
f 145//145 211//211 212//212 146//146
f 145//145 144//144 213//213 211//211
f 214//214 215//215 216//216 217//217
f 214//214 217//217 218//218 219//219
f 214//214 220//220 221//221 215//215
f 176//176 175//175 222//222 179//179
f 222//222 175//175 223//223 224//224
f 222//222 224//224 225//225 226//226
f 222//222 226//226 227//227 179//179
f 227//227 228//228 180//180 179//179
f 227//227 226//226 229//229 230//230
f 227//227 230//230 231//231 228//228
f 231//231 232//232 233//233 228//228
f 231//231 230//230 234//234 235//235
f 231//231 235//235 236//236 232//232
f 236//236 237//237 238//238 232//232
f 236//236 235//235 239//239 240//240
f 236//236 240//240 241//241 237//237
f 241//241 242//242 243//243 237//237
f 241//241 240//240 244//244 245//245
f 241//241 245//245 246//246 242//242
f 246//246 247//247 248//248 242//242
f 246//246 245//245 249//249 250//250
f 246//246 250//250 251//251 247//247
f 251//251 252//252 253//253 247//247
f 251//251 250//250 254//254 255//255
f 251//251 255//255 256//256 252//252
f 256//256 257//257 258//258 252//252
f 256//256 255//255 259//259 260//260
f 256//256 260//260 261//261 257//257
f 261//261 262//262 263//263 257//257
f 261//261 260//260 14//14 13//13
f 261//261 13//13 264//264 262//262
f 264//264 265//265 266//266 262//262
f 264//264 13//13 12//12 267//267
f 264//264 267//267 268//268 265//265
f 268//268 269//269 270//270 265//265
f 268//268 267//267 271//271 272//272
f 268//268 272//272 273//273 269//269
f 273//273 274//274 275//275 269//269
f 273//273 272//272 276//276 277//277
f 273//273 277//277 278//278 274//274
f 278//278 279//279 280//280 274//274
f 278//278 277//277 281//281 282//282
f 278//278 282//282 283//283 279//279
f 283//283 284//284 285//285 279//279
f 283//283 282//282 286//286 287//287
f 283//283 287//287 288//288 284//284
f 288//288 289//289 290//290 284//284
f 288//288 287//287 291//291 292//292
f 288//288 292//292 293//293 289//289
f 293//293 294//294 295//295 289//289
f 293//293 292//292 296//296 297//297
f 293//293 297//297 298//298 294//294
f 298//298 299//299 300//300 294//294
f 298//298 297//297 301//301 302//302
f 298//298 302//302 303//303 299//299
f 303//303 304//304 305//305 299//299
f 303//303 302//302 306//306 307//307
f 303//303 307//307 308//308 304//304
f 308//308 309//309 310//310 304//304
f 308//308 307//307 311//311 312//312
f 308//308 312//312 313//313 309//309
f 313//313 314//314 315//315 309//309
f 313//313 312//312 316//316 317//317
f 313//313 317//317 318//318 314//314
f 318//318 319//319 320//320 314//314
f 318//318 317//317 321//321 322//322
f 318//318 322//322 323//323 319//319
f 323//323 324//324 325//325 319//319
f 323//323 322//322 326//326 327//327
f 323//323 327//327 328//328 324//324
f 328//328 329//329 330//330 324//324
f 328//328 327//327 331//331 332//332
f 328//328 332//332 333//333 329//329
f 333//333 334//334 335//335 329//329
f 333//333 332//332 125//125 124//124
f 333//333 124//124 128//128 334//334
f 335//335 336//336 337//337 338//338
f 335//335 338//338 330//330 329//329
f 335//335 334//334 339//339 336//336
f 339//339 340//340 341//341 336//336
f 339//339 334//334 128//128 342//342
f 339//339 342//342 343//343 340//340
f 343//343 110//110 114//114 340//340
f 343//343 342//342 344//344 345//345
f 343//343 345//345 111//111 110//110
f 345//345 344//344 346//346 347//347
f 345//345 347//347 348//348 111//111
f 348//348 349//349 112//112 111//111
f 348//348 347//347 350//350 351//351
f 348//348 351//351 352//352 349//349
f 352//352 353//353 354//354 349//349
f 352//352 351//351 355//355 356//356
f 352//352 356//356 357//357 353//353
f 357//357 358//358 359//359 353//353
f 357//357 356//356 360//360 361//361
f 357//357 361//361 362//362 358//358
f 361//361 360//360 363//363 364//364
f 361//361 364//364 365//365 362//362
f 364//364 363//363 366//366 367//367
f 364//364 367//367 368//368 365//365
f 367//367 366//366 369//369 370//370
f 367//367 370//370 371//371 368//368
f 371//371 372//372 373//373 368//368
f 371//371 370//370 374//374 375//375
f 371//371 375//375 376//376 372//372
f 376//376 359//359 358//358 372//372
f 376//376 375//375 377//377 378//378
f 376//376 378//378 379//379 359//359
f 379//379 354//354 353//353 359//359
f 379//379 378//378 380//380 381//381
f 379//379 381//381 115//115 354//354
f 381//381 380//380 382//382 383//383
f 381//381 383//383 113//113 115//115
f 383//383 382//382 384//384 385//385
f 383//383 385//385 114//114 113//113
f 385//385 384//384 386//386 341//341
f 385//385 341//341 340//340 114//114
f 386//386 384//384 387//387 388//388
f 386//386 388//388 389//389 337//337
f 386//386 337//337 336//336 341//341
f 389//389 388//388 390//390 391//391
f 389//389 391//391 392//392 393//393
f 389//389 393//393 338//338 337//337
f 393//393 392//392 394//394 395//395
f 393//393 395//395 330//330 338//338
f 395//395 394//394 396//396 325//325
f 395//395 325//325 324//324 330//330
f 396//396 394//394 397//397 398//398
f 396//396 398//398 399//399 320//320
f 396//396 320//320 319//319 325//325
f 399//399 398//398 400//400 401//401
f 399//399 401//401 402//402 315//315
f 399//399 315//315 314//314 320//320
f 402//402 401//401 403//403 404//404
f 402//402 404//404 405//405 310//310
f 402//402 310//310 309//309 315//315
f 405//405 404//404 406//406 407//407
f 405//405 407//407 408//408 305//305
f 405//405 305//305 304//304 310//310
f 408//408 407//407 409//409 410//410
f 408//408 410//410 411//411 300//300
f 408//408 300//300 299//299 305//305
f 411//411 410//410 412//412 413//413
f 411//411 413//413 414//414 295//295
f 411//411 295//295 294//294 300//300
f 414//414 413//413 415//415 416//416
f 414//414 416//416 417//417 290//290
f 414//414 290//290 289//289 295//295
f 417//417 416//416 418//418 419//419
f 417//417 419//419 420//420 285//285
f 417//417 285//285 284//284 290//290
f 420//420 419//419 421//421 422//422
f 420//420 422//422 423//423 280//280
f 420//420 280//280 279//279 285//285
f 423//423 422//422 424//424 425//425
f 423//423 425//425 426//426 275//275
f 423//423 275//275 274//274 280//280
f 426//426 425//425 427//427 428//428
f 426//426 428//428 429//429 270//270
f 426//426 270//270 269//269 275//275
f 429//429 428//428 430//430 431//431
f 429//429 431//431 432//432 266//266
f 429//429 266//266 265//265 270//270
f 432//432 431//431 433//433 434//434
f 432//432 434//434 435//435 263//263
f 432//432 263//263 262//262 266//266
f 435//435 434//434 436//436 437//437
f 435//435 437//437 438//438 258//258
f 435//435 258//258 257//257 263//263
f 438//438 437//437 439//439 440//440
f 438//438 440//440 441//441 253//253
f 438//438 253//253 252//252 258//258
f 441//441 440//440 442//442 443//443
f 441//441 443//443 444//444 248//248
f 441//441 248//248 247//247 253//253
f 444//444 443//443 445//445 446//446
f 444//444 446//446 447//447 243//243
f 444//444 243//243 242//242 248//248
f 447//447 446//446 448//448 449//449
f 447//447 449//449 450//450 238//238
f 447//447 238//238 237//237 243//243
f 450//450 449//449 451//451 452//452
f 450//450 452//452 181//181 233//233
f 450//450 233//233 232//232 238//238
f 452//452 451//451 453//453 454//454
f 452//452 454//454 182//182 181//181
f 454//454 453//453 157//157 156//156
f 454//454 156//156 183//183 182//182
f 453//453 455//455 158//158 157//157
f 453//453 451//451 456//456 455//455
f 456//456 457//457 458//458 455//455
f 456//456 451//451 449//449 448//448
f 456//456 448//448 459//459 457//457
f 459//459 460//460 461//461 457//457
f 459//459 448//448 446//446 445//445
f 459//459 445//445 462//462 460//460
f 462//462 463//463 464//464 460//460
f 462//462 445//445 443//443 442//442
f 462//462 442//442 465//465 463//463
f 465//465 466//466 467//467 463//463
f 465//465 442//442 440//440 439//439
f 465//465 439//439 468//468 466//466
f 468//468 469//469 470//470 466//466
f 468//468 439//439 437//437 436//436
f 468//468 436//436 471//471 469//469
f 471//471 472//472 473//473 469//469
f 471//471 436//436 434//434 433//433
f 471//471 433//433 474//474 472//472
f 474//474 475//475 476//476 472//472
f 474//474 433//433 431//431 430//430
f 474//474 430//430 477//477 475//475
f 477//477 478//478 479//479 475//475
f 477//477 430//430 428//428 427//427
f 477//477 427//427 480//480 478//478
f 480//480 481//481 482//482 478//478
f 480//480 427//427 425//425 424//424
f 480//480 424//424 483//483 481//481
f 483//483 484//484 485//485 481//481
f 483//483 424//424 422//422 421//421
f 483//483 421//421 486//486 484//484
f 486//486 487//487 488//488 484//484
f 486//486 421//421 419//419 418//418
f 486//486 418//418 489//489 487//487
f 489//489 490//490 491//491 487//487
f 489//489 418//418 416//416 415//415
f 489//489 415//415 492//492 490//490
f 492//492 493//493 494//494 490//490
f 492//492 415//415 413//413 412//412
f 492//492 412//412 495//495 493//493
f 495//495 496//496 497//497 493//493
f 495//495 412//412 410//410 409//409
f 495//495 409//409 498//498 496//496
f 498//498 499//499 500//500 496//496
f 498//498 409//409 407//407 406//406
f 498//498 406//406 501//501 499//499
f 501//501 74//74 78//78 499//499
f 501//501 406//406 404//404 403//403
f 501//501 403//403 75//75 74//74
f 500//500 502//502 503//503 504//504
f 500//500 504//504 497//497 496//496
f 500//500 499//499 78//78 502//502
f 504//504 503//503 505//505 506//506
f 504//504 506//506 507//507 497//497
f 507//507 506//506 508//508 509//509
f 507//507 509//509 510//510 494//494
f 507//507 494//494 493//493 497//497
f 510//510 509//509 511//511 512//512
f 510//510 512//512 513//513 491//491
f 510//510 491//491 490//490 494//494
f 513//513 512//512 514//514 515//515
f 513//513 515//515 516//516 488//488
f 513//513 488//488 487//487 491//491
f 516//516 515//515 517//517 518//518
f 516//516 518//518 519//519 485//485
f 516//516 485//485 484//484 488//488
f 519//519 518//518 520//520 521//521
f 519//519 521//521 522//522 482//482
f 519//519 482//482 481//481 485//485
f 522//522 521//521 523//523 524//524
f 522//522 524//524 525//525 479//479
f 522//522 479//479 478//478 482//482
f 525//525 524//524 526//526 527//527
f 525//525 527//527 528//528 476//476
f 525//525 476//476 475//475 479//479
f 528//528 527//527 529//529 530//530
f 528//528 530//530 531//531 473//473
f 528//528 473//473 472//472 476//476
f 531//531 530//530 532//532 533//533
f 531//531 533//533 534//534 470//470
f 531//531 470//470 469//469 473//473
f 534//534 533//533 535//535 536//536
f 534//534 536//536 537//537 467//467
f 534//534 467//467 466//466 470//470
f 537//537 536//536 538//538 539//539
f 537//537 539//539 540//540 464//464
f 537//537 464//464 463//463 467//467
f 540//540 539//539 541//541 542//542
f 540//540 542//542 543//543 461//461
f 540//540 461//461 460//460 464//464
f 543//543 542//542 544//544 545//545
f 543//543 545//545 546//546 458//458
f 543//543 458//458 457//457 461//461
f 546//546 545//545 547//547 548//548
f 546//546 548//548 153//153 158//158
f 546//546 158//158 455//455 458//458
f 548//548 547//547 549//549 550//550
f 548//548 550//550 154//154 153//153
f 550//550 549//549 551//551 552//552
f 550//550 552//552 553//553 154//154
f 553//553 552//552 37//37 30//30
f 553//553 30//30 29//29 97//97
f 553//553 97//97 150//150 154//154
f 552//552 551//551 554//554 37//37
f 554//554 555//555 556//556 557//557
f 554//554 557//557 35//35 37//37
f 554//554 551//551 558//558 555//555
f 558//558 559//559 560//560 555//555
f 558//558 551//551 549//549 561//561
f 558//558 561//561 562//562 559//559
f 562//562 563//563 564//564 559//559
f 562//562 561//561 565//565 566//566
f 562//562 566//566 567//567 563//563
f 567//567 568//568 569//569 563//563
f 567//567 566//566 570//570 571//571
f 567//567 571//571 572//572 568//568
f 572//572 573//573 574//574 568//568
f 572//572 571//571 575//575 576//576
f 572//572 576//576 577//577 573//573
f 577//577 578//578 579//579 573//573
f 577//577 576//576 580//580 581//581
f 577//577 581//581 582//582 578//578
f 582//582 583//583 584//584 578//578
f 582//582 581//581 585//585 586//586
f 582//582 586//586 587//587 583//583
f 587//587 588//588 589//589 583//583
f 587//587 586//586 590//590 591//591
f 587//587 591//591 592//592 588//588
f 592//592 593//593 594//594 588//588
f 592//592 591//591 595//595 596//596
f 592//592 596//596 597//597 593//593
f 597//597 598//598 599//599 593//593
f 597//597 596//596 600//600 601//601
f 597//597 601//601 602//602 598//598
f 602//602 603//603 604//604 598//598
f 602//602 601//601 605//605 606//606
f 602//602 606//606 607//607 603//603
f 607//607 608//608 609//609 603//603
f 607//607 606//606 610//610 611//611
f 607//607 611//611 612//612 608//608
f 612//612 613//613 614//614 608//608
f 612//612 611//611 615//615 616//616
f 612//612 616//616 617//617 613//613
f 617//617 618//618 619//619 613//613
f 617//617 616//616 620//620 621//621
f 617//617 621//621 622//622 618//618
f 622//622 623//623 624//624 618//618
f 622//622 621//621 625//625 626//626
f 622//622 626//626 627//627 623//623
f 627//627 628//628 629//629 623//623
f 627//627 626//626 630//630 631//631
f 627//627 631//631 632//632 628//628
f 632//632 633//633 634//634 628//628
f 632//632 631//631 86//86 85//85
f 632//632 85//85 90//90 633//633
f 634//634 635//635 636//636 637//637
f 634//634 637//637 629//629 628//628
f 634//634 633//633 638//638 635//635
f 638//638 639//639 640//640 635//635
f 638//638 633//633 90//90 641//641
f 638//638 641//641 642//642 639//639
f 642//642 643//643 644//644 639//639
f 642//642 641//641 645//645 646//646
f 642//642 646//646 647//647 643//643
f 647//647 648//648 649//649 643//643
f 647//647 646//646 650//650 651//651
f 647//647 651//651 652//652 648//648
f 652//652 653//653 654//654 648//648
f 652//652 651//651 655//655 656//656
f 652//652 656//656 657//657 653//653
f 657//657 658//658 659//659 653//653
f 657//657 656//656 660//660 661//661
f 657//657 661//661 662//662 658//658
f 662//662 663//663 664//664 658//658
f 662//662 661//661 665//665 666//666
f 662//662 666//666 667//667 663//663
f 667//667 668//668 669//669 663//663
f 667//667 666//666 670//670 671//671
f 667//667 671//671 672//672 668//668
f 672//672 165//165 164//164 668//668
f 672//672 671//671 673//673 674//674
f 672//672 674//674 675//675 165//165
f 675//675 676//676 161//161 165//165
f 675//675 674//674 677//677 678//678
f 675//675 678//678 679//679 676//676
f 679//679 680//680 681//681 676//676
f 679//679 678//678 682//682 69//69
f 679//679 69//69 68//68 680//680
f 682//682 678//678 677//677 683//683
f 682//682 683//683 684//684 685//685
f 682//682 685//685 66//66 69//69
f 685//685 684//684 686//686 687//687
f 685//685 687//687 67//67 66//66
f 687//687 686//686 688//688 689//689
f 687//687 689//689 690//690 67//67
f 690//690 691//691 68//68 67//67
f 690//690 689//689 692//692 693//693
f 690//690 693//693 694//694 691//691
f 694//694 102//102 104//104 691//691
f 694//694 693//693 108//108 107//107
f 694//694 107//107 103//103 102//102
f 693//693 692//692 695//695 108//108
f 695//695 692//692 696//696 697//697
f 695//695 697//697 698//698 699//699
f 695//695 699//699 105//105 108//108
f 699//699 698//698 700//700 701//701
f 699//699 701//701 106//106 105//105
f 701//701 700//700 702//702 703//703
f 701//701 703//703 704//704 106//106
f 704//704 103//103 107//107 106//106
f 704//704 703//703 705//705 706//706
f 704//704 706//706 99//99 103//103
f 706//706 705//705 707//707 708//708
f 706//706 708//708 100//100 99//99
f 708//708 707//707 166//166 163//163
f 708//708 163//163 162//162 100//100
f 707//707 705//705 709//709 710//710
f 707//707 710//710 669//669 166//166
f 710//710 709//709 711//711 664//664
f 710//710 664//664 663//663 669//669
f 711//711 709//709 702//702 712//712
f 711//711 712//712 713//713 659//659
f 711//711 659//659 658//658 664//664
f 713//713 712//712 714//714 715//715
f 713//713 715//715 716//716 654//654
f 713//713 654//654 653//653 659//659
f 716//716 715//715 717//717 718//718
f 716//716 718//718 719//719 649//649
f 716//716 649//649 648//648 654//654
f 719//719 718//718 720//720 721//721
f 719//719 721//721 722//722 644//644
f 719//719 644//644 643//643 649//649
f 722//722 721//721 723//723 724//724
f 722//722 724//724 725//725 640//640
f 722//722 640//640 639//639 644//644
f 725//725 724//724 726//726 727//727
f 725//725 727//727 728//728 636//636
f 725//725 636//636 635//635 640//640
f 728//728 727//727 729//729 730//730
f 728//728 730//730 731//731 732//732
f 728//728 732//732 637//637 636//636
f 732//732 731//731 733//733 734//734
f 732//732 734//734 629//629 637//637
f 734//734 733//733 735//735 624//624
f 734//734 624//624 623//623 629//629
f 735//735 733//733 736//736 737//737
f 735//735 737//737 738//738 619//619
f 735//735 619//619 618//618 624//624
f 738//738 737//737 739//739 740//740
f 738//738 740//740 741//741 614//614
f 738//738 614//614 613//613 619//619
f 741//741 740//740 742//742 743//743
f 741//741 743//743 744//744 609//609
f 741//741 609//609 608//608 614//614
f 744//744 743//743 745//745 746//746
f 744//744 746//746 747//747 604//604
f 744//744 604//604 603//603 609//609
f 747//747 746//746 748//748 749//749
f 747//747 749//749 750//750 599//599
f 747//747 599//599 598//598 604//604
f 750//750 749//749 751//751 752//752
f 750//750 752//752 753//753 594//594
f 750//750 594//594 593//593 599//599
f 753//753 752//752 754//754 755//755
f 753//753 755//755 756//756 589//589
f 753//753 589//589 588//588 594//594
f 756//756 755//755 757//757 758//758
f 756//756 758//758 759//759 584//584
f 756//756 584//584 583//583 589//589
f 759//759 758//758 760//760 761//761
f 759//759 761//761 762//762 579//579
f 759//759 579//579 578//578 584//584
f 762//762 761//761 763//763 764//764
f 762//762 764//764 765//765 574//574
f 762//762 574//574 573//573 579//579
f 765//765 764//764 766//766 767//767
f 765//765 767//767 768//768 569//569
f 765//765 569//569 568//568 574//574
f 768//768 767//767 769//769 770//770
f 768//768 770//770 771//771 564//564
f 768//768 564//564 563//563 569//569
f 771//771 770//770 772//772 773//773
f 771//771 773//773 774//774 560//560
f 771//771 560//560 559//559 564//564
f 774//774 773//773 775//775 776//776
f 774//774 776//776 777//777 556//556
f 774//774 556//556 555//555 560//560
f 777//777 776//776 778//778 779//779
f 777//777 779//779 780//780 781//781
f 777//777 781//781 557//557 556//556
f 781//781 780//780 782//782 36//36
f 781//781 36//36 35//35 557//557
f 782//782 780//780 783//783 784//784
f 782//782 784//784 785//785 786//786
f 782//782 786//786 33//33 36//36
f 786//786 785//785 787//787 788//788
f 786//786 788//788 34//34 33//33
f 788//788 787//787 789//789 790//790
f 788//788 790//790 38//38 34//34
f 790//790 789//789 791//791 792//792
f 790//790 792//792 793//793 38//38
f 793//793 792//792 794//794 795//795
f 793//793 795//795 796//796 797//797
f 793//793 797//797 39//39 38//38
f 797//797 796//796 798//798 799//799
f 797//797 799//799 40//40 39//39
f 799//799 798//798 800//800 801//801
f 799//799 801//801 802//802 40//40
f 802//802 803//803 41//41 40//40
f 802//802 801//801 58//58 57//57
f 802//802 57//57 56//56 803//803
f 803//803 804//804 42//42 41//41
f 803//803 56//56 805//805 804//804
f 805//805 56//56 55//55 187//187
f 805//805 187//187 188//188 806//806
f 805//805 806//806 807//807 804//804
f 807//807 806//806 808//808 809//809
f 807//807 809//809 810//810 811//811
f 807//807 811//811 42//42 804//804
f 811//811 810//810 812//812 813//813
f 811//811 813//813 32//32 42//42
f 813//813 812//812 94//94 93//93
f 813//813 93//93 28//28 32//32
f 812//812 810//810 814//814 815//815
f 812//812 815//815 816//816 94//94
f 816//816 815//815 142//142 147//147
f 816//816 147//147 817//817 818//818
f 816//816 818//818 95//95 94//94
f 818//818 817//817 819//819 820//820
f 818//818 820//820 821//821 95//95
f 821//821 822//822 92//92 95//95
f 821//821 820//820 823//823 25//25
f 821//821 25//25 7//7 822//822
f 823//823 820//820 819//819 824//824
f 823//823 824//824 825//825 826//826
f 823//823 826//826 3//3 25//25
f 826//826 825//825 827//827 828//828
f 826//826 828//828 4//4 3//3
f 828//828 827//827 829//829 830//830
f 828//828 830//830 5//5 4//4
f 830//830 829//829 831//831 832//832
f 830//830 832//832 833//833 5//5
f 833//833 834//834 6//6 5//5
f 833//833 832//832 152//152 151//151
f 833//833 151//151 96//96 834//834
f 834//834 822//822 7//7 6//6
f 834//834 96//96 92//92 822//822
f 832//832 831//831 159//159 152//152
f 831//831 829//829 835//835 836//836
f 831//831 836//836 837//837 159//159
f 837//837 836//836 838//838 839//839
f 837//837 839//839 840//840 841//841
f 837//837 841//841 155//155 159//159
f 841//841 840//840 177//177 183//183
f 841//841 183//183 156//156 155//155
f 840//840 839//839 210//210 842//842
f 840//840 842//842 178//178 177//177
f 842//842 210//210 209//209 843//843
f 842//842 843//843 844//844 178//178
f 844//844 843//843 21//21 845//845
f 844//844 845//845 846//846 847//847
f 844//844 847//847 174//174 178//178
f 847//847 846//846 848//848 223//223
f 847//847 223//223 175//175 174//174
f 848//848 846//846 849//849 850//850
f 848//848 850//850 851//851 852//852
f 848//848 852//852 224//224 223//223
f 852//852 851//851 853//853 854//854
f 852//852 854//854 225//225 224//224
f 854//854 853//853 855//855 856//856
f 854//854 856//856 857//857 225//225
f 857//857 229//229 226//226 225//225
f 857//857 856//856 858//858 859//859
f 857//857 859//859 860//860 229//229
f 860//860 234//234 230//230 229//229
f 860//860 859//859 861//861 862//862
f 860//860 862//862 863//863 234//234
f 863//863 239//239 235//235 234//234
f 863//863 862//862 864//864 865//865
f 863//863 865//865 866//866 239//239
f 866//866 244//244 240//240 239//239
f 866//866 865//865 867//867 868//868
f 866//866 868//868 869//869 244//244
f 869//869 249//249 245//245 244//244
f 869//869 868//868 870//870 871//871
f 869//869 871//871 872//872 249//249
f 872//872 254//254 250//250 249//249
f 872//872 871//871 873//873 874//874
f 872//872 874//874 875//875 254//254
f 875//875 259//259 255//255 254//254
f 875//875 874//874 876//876 877//877
f 875//875 877//877 15//15 259//259
f 877//877 876//876 878//878 879//879
f 877//877 879//879 9//9 15//15
f 879//879 878//878 880//880 881//881
f 879//879 881//881 10//10 9//9
f 881//881 880//880 882//882 883//883
f 881//881 883//883 184//184 10//10
f 883//883 882//882 884//884 885//885
f 883//883 885//885 886//886 184//184
f 886//886 188//188 185//185 184//184
f 886//886 885//885 887//887 808//808
f 886//886 808//808 806//806 188//188
f 887//887 885//885 884//884 888//888
f 887//887 888//888 889//889 890//890
f 887//887 890//890 809//809 808//808
f 890//890 889//889 143//143 814//814
f 890//890 814//814 810//810 809//809
f 889//889 888//888 891//891 892//892
f 889//889 892//892 139//139 143//143
f 892//892 891//891 170//170 169//169
f 892//892 169//169 140//140 139//139
f 891//891 888//888 884//884 893//893
f 891//891 893//893 894//894 170//170
f 894//894 893//893 895//895 896//896
f 894//894 896//896 897//897 898//898
f 894//894 898//898 171//171 170//170
f 898//898 897//897 899//899 900//900
f 898//898 900//900 172//172 171//171
f 900//900 899//899 901//901 902//902
f 900//900 902//902 903//903 172//172
f 903//903 904//904 191//191 905//905
f 903//903 905//905 168//168 172//172
f 903//903 902//902 906//906 904//904
f 906//906 907//907 908//908 904//904
f 906//906 902//902 901//901 909//909
f 906//906 909//909 910//910 907//907
f 910//910 911//911 912//912 907//907
f 910//910 909//909 913//913 914//914
f 910//910 914//914 915//915 911//911
f 915//915 916//916 917//917 911//911
f 915//915 914//914 45//45 918//918
f 915//915 918//918 919//919 916//916
f 919//919 920//920 921//921 916//916
f 919//919 918//918 922//922 136//136
f 919//919 136//136 135//135 920//920
f 922//922 918//918 45//45 44//44
f 922//922 44//44 48//48 923//923
f 922//922 923//923 65//65 136//136
f 921//921 924//924 858//858 925//925
f 921//921 925//925 917//917 916//916
f 921//921 920//920 926//926 924//924
f 926//926 927//927 861//861 924//924
f 926//926 920//920 135//135 137//137
f 926//926 137//137 928//928 927//927
f 928//928 929//929 864//864 927//927
f 928//928 137//137 134//134 930//930
f 928//928 930//930 931//931 929//929
f 931//931 932//932 867//867 929//929
f 931//931 930//930 50//50 933//933
f 931//931 933//933 934//934 932//932
f 934//934 935//935 870//870 932//932
f 934//934 933//933 936//936 937//937
f 934//934 937//937 938//938 935//935
f 938//938 939//939 873//873 935//935
f 938//938 937//937 940//940 941//941
f 938//938 941//941 942//942 939//939
f 942//942 878//878 876//876 939//939
f 942//942 941//941 943//943 944//944
f 942//942 944//944 880//880 878//878
f 944//944 943//943 896//896 895//895
f 944//944 895//895 882//882 880//880
f 943//943 941//941 940//940 945//945
f 943//943 945//945 897//897 896//896
f 945//945 940//940 946//946 947//947
f 945//945 947//947 899//899 897//897
f 947//947 946//946 53//53 948//948
f 947//947 948//948 901//901 899//899
f 948//948 53//53 46//46 913//913
f 948//948 913//913 909//909 901//901
f 946//946 940//940 937//937 936//936
f 946//946 936//936 49//49 53//53
f 939//939 876//876 874//874 873//873
f 936//936 933//933 50//50 49//49
f 935//935 873//873 871//871 870//870
f 932//932 870//870 868//868 867//867
f 930//930 134//134 51//51 50//50
f 929//929 867//867 865//865 864//864
f 927//927 864//864 862//862 861//861
f 925//925 858//858 856//856 855//855
f 925//925 855//855 949//949 917//917
f 949//949 855//855 853//853 950//950
f 949//949 950//950 951//951 912//912
f 949//949 912//912 911//911 917//917
f 951//951 950//950 952//952 204//204
f 951//951 204//204 194//194 908//908
f 951//951 908//908 907//907 912//912
f 952//952 851//851 850//850 953//953
f 952//952 953//953 205//205 204//204
f 952//952 950//950 853//853 851//851
f 953//953 850//850 849//849 202//202
f 953//953 202//202 201//201 205//205
f 924//924 861//861 859//859 858//858
f 914//914 913//913 46//46 45//45
f 908//908 194//194 191//191 904//904
f 905//905 191//191 148//148 141//141
f 905//905 141//141 140//140 168//168
f 895//895 893//893 884//884 882//882
f 849//849 846//846 845//845 954//954
f 849//849 954//954 203//203 202//202
f 954//954 845//845 21//21 20//20
f 954//954 20//20 26//26 203//203
f 843//843 209//209 22//22 21//21
f 839//839 838//838 207//207 210//210
f 838//838 836//836 835//835 955//955
f 838//838 955//955 208//208 207//207
f 955//955 835//835 956//956 957//957
f 955//955 957//957 958//958 208//208
f 958//958 957//957 200//200 199//199
f 958//958 199//199 26//26 24//24
f 958//958 24//24 23//23 208//208
f 957//957 956//956 959//959 200//200
f 959//959 825//825 824//824 960//960
f 959//959 960//960 196//196 200//200
f 959//959 956//956 827//827 825//825
f 960//960 824//824 819//819 961//961
f 960//960 961//961 197//197 196//196
f 961//961 819//819 817//817 212//212
f 961//961 212//212 211//211 197//197
f 956//956 835//835 829//829 827//827
f 817//817 147//147 146//146 212//212
f 815//815 814//814 143//143 142//142
f 801//801 800//800 962//962 58//58
f 962//962 800//800 963//963 964//964
f 962//962 964//964 965//965 966//966
f 962//962 966//966 59//59 58//58
f 966//966 965//965 967//967 968//968
f 966//966 968//968 969//969 59//59
f 969//969 970//970 54//54 59//59
f 969//969 968//968 971//971 972//972
f 969//969 972//972 973//973 970//970
f 973//973 974//974 975//975 970//970
f 973//973 972//972 976//976 977//977
f 973//973 977//977 978//978 974//974
f 978//978 979//979 980//980 974//974
f 978//978 977//977 981//981 982//982
f 978//978 982//982 983//983 979//979
f 983//983 984//984 985//985 979//979
f 983//983 982//982 787//787 785//785
f 983//983 785//785 784//784 984//984
f 985//985 986//986 987//987 988//988
f 985//985 988//988 980//980 979//979
f 985//985 984//984 989//989 986//986
f 989//989 990//990 991//991 986//986
f 989//989 984//984 784//784 783//783
f 989//989 783//783 992//992 990//990
f 992//992 993//993 994//994 990//990
f 992//992 783//783 780//780 779//779
f 992//992 779//779 778//778 993//993
f 994//994 995//995 996//996 997//997
f 994//994 997//997 991//991 990//990
f 994//994 993//993 998//998 995//995
f 998//998 999//999 1000//1000 995//995
f 998//998 993//993 778//778 1001//1001
f 998//998 1001//1001 1002//1002 999//999
f 1002//1002 1003//1003 1004//1004 999//999
f 1002//1002 1001//1001 775//775 1005//1005
f 1002//1002 1005//1005 1006//1006 1003//1003
f 1006//1006 1007//1007 1008//1008 1003//1003
f 1006//1006 1005//1005 772//772 1009//1009
f 1006//1006 1009//1009 1010//1010 1007//1007
f 1010//1010 1011//1011 1012//1012 1007//1007
f 1010//1010 1009//1009 769//769 1013//1013
f 1010//1010 1013//1013 1014//1014 1011//1011
f 1014//1014 1015//1015 1016//1016 1011//1011
f 1014//1014 1013//1013 766//766 1017//1017
f 1014//1014 1017//1017 1018//1018 1015//1015
f 1018//1018 1019//1019 1020//1020 1015//1015
f 1018//1018 1017//1017 763//763 1021//1021
f 1018//1018 1021//1021 1022//1022 1019//1019
f 1022//1022 1023//1023 1024//1024 1019//1019
f 1022//1022 1021//1021 760//760 1025//1025
f 1022//1022 1025//1025 1026//1026 1023//1023
f 1026//1026 1027//1027 1028//1028 1023//1023
f 1026//1026 1025//1025 757//757 1029//1029
f 1026//1026 1029//1029 1030//1030 1027//1027
f 1030//1030 1031//1031 1032//1032 1027//1027
f 1030//1030 1029//1029 754//754 1033//1033
f 1030//1030 1033//1033 1034//1034 1031//1031
f 1034//1034 1035//1035 1036//1036 1031//1031
f 1034//1034 1033//1033 751//751 1037//1037
f 1034//1034 1037//1037 1038//1038 1035//1035
f 1038//1038 129//129 126//126 1035//1035
f 1038//1038 1037//1037 748//748 1039//1039
f 1038//1038 1039//1039 1040//1040 129//129
f 1040//1040 216//216 130//130 129//129
f 1040//1040 1039//1039 745//745 1041//1041
f 1040//1040 1041//1041 217//217 216//216
f 1041//1041 745//745 743//743 742//742
f 1041//1041 742//742 218//218 217//217
f 1039//1039 748//748 746//746 745//745
f 1037//1037 751//751 749//749 748//748
f 1036//1036 125//125 332//332 331//331
f 1036//1036 331//331 1032//1032 1031//1031
f 1036//1036 1035//1035 126//126 125//125
f 1033//1033 754//754 752//752 751//751
f 1032//1032 331//331 327//327 326//326
f 1032//1032 326//326 1028//1028 1027//1027
f 1029//1029 757//757 755//755 754//754
f 1028//1028 326//326 322//322 321//321
f 1028//1028 321//321 1024//1024 1023//1023
f 1025//1025 760//760 758//758 757//757
f 1024//1024 321//321 317//317 316//316
f 1024//1024 316//316 1020//1020 1019//1019
f 1021//1021 763//763 761//761 760//760
f 1020//1020 316//316 312//312 311//311
f 1020//1020 311//311 1016//1016 1015//1015
f 1017//1017 766//766 764//764 763//763
f 1016//1016 311//311 307//307 306//306
f 1016//1016 306//306 1012//1012 1011//1011
f 1013//1013 769//769 767//767 766//766
f 1012//1012 306//306 302//302 301//301
f 1012//1012 301//301 1008//1008 1007//1007
f 1009//1009 772//772 770//770 769//769
f 1008//1008 301//301 297//297 296//296
f 1008//1008 296//296 1004//1004 1003//1003
f 1005//1005 775//775 773//773 772//772
f 1004//1004 296//296 292//292 291//291
f 1004//1004 291//291 1000//1000 999//999
f 1001//1001 778//778 776//776 775//775
f 1000//1000 291//291 287//287 286//286
f 1000//1000 286//286 996//996 995//995
f 997//997 996//996 281//281 1042//1042
f 997//997 1042//1042 1043//1043 991//991
f 1043//1043 1042//1042 276//276 1044//1044
f 1043//1043 1044//1044 1045//1045 987//987
f 1043//1043 987//987 986//986 991//991
f 1045//1045 1044//1044 271//271 17//17
f 1045//1045 17//17 16//16 1046//1046
f 1045//1045 1046//1046 988//988 987//987
f 1046//1046 16//16 18//18 1047//1047
f 1046//1046 1047//1047 980//980 988//988
f 1047//1047 18//18 975//975
f 1047//1047 975//975 974//974 980//980
f 1044//1044 276//276 272//272 271//271
f 1042//1042 281//281 277//277 276//276
f 996//996 286//286 282//282 281//281
f 982//982 981//981 789//789 787//787
f 981//981 977//977 976//976 1048//1048
f 981//981 1048//1048 791//791 789//789
f 1048//1048 976//976 1049//1049 1050//1050
f 1048//1048 1050//1050 1051//1051 791//791
f 1051//1051 1050//1050 1052//1052 1053//1053
f 1051//1051 1053//1053 1054//1054 794//794
f 1051//1051 794//794 792//792 791//791
f 1054//1054 1053//1053 1055//1055 1056//1056
f 1054//1054 1056//1056 1057//1057 1058//1058
f 1054//1054 1058//1058 795//795 794//794
f 1058//1058 1057//1057 1059//1059 1060//1060
f 1058//1058 1060//1060 796//796 795//795
f 1060//1060 1059//1059 1061//1061 1062//1062
f 1060//1060 1062//1062 798//798 796//796
f 1062//1062 1061//1061 1063//1063 963//963
f 1062//1062 963//963 800//800 798//798
f 1063//1063 1061//1061 1064//1064 1065//1065
f 1063//1063 1065//1065 1066//1066 1067//1067
f 1063//1063 1067//1067 964//964 963//963
f 1067//1067 1066//1066 1068//1068 1069//1069
f 1067//1067 1069//1069 965//965 964//964
f 1069//1069 1068//1068 1070//1070 1071//1071
f 1069//1069 1071//1071 967//967 965//965
f 1071//1071 1070//1070 1072//1072 1073//1073
f 1071//1071 1073//1073 1074//1074 967//967
f 1074//1074 971//971 968//968 967//967
f 1074//1074 1073//1073 1075//1075 1076//1076
f 1074//1074 1076//1076 1049//1049 971//971
f 1076//1076 1075//1075 1077//1077 1052//1052
f 1076//1076 1052//1052 1050//1050 1049//1049
f 1077//1077 1075//1075 1078//1078 1079//1079
f 1077//1077 1079//1079 1080//1080 1055//1055
f 1077//1077 1055//1055 1053//1053 1052//1052
f 1080//1080 1079//1079 1081//1081 1082//1082
f 1080//1080 1082//1082 1083//1083 1084//1084
f 1080//1080 1084//1084 1056//1056 1055//1055
f 1084//1084 1083//1083 1085//1085 1086//1086
f 1084//1084 1086//1086 1057//1057 1056//1056
f 1086//1086 1085//1085 1087//1087 1088//1088
f 1086//1086 1088//1088 1059//1059 1057//1057
f 1088//1088 1087//1087 1089//1089 1064//1064
f 1088//1088 1064//1064 1061//1061 1059//1059
f 1089//1089 1087//1087 1090//1090 1091//1091
f 1089//1089 1091//1091 1092//1092 1093//1093
f 1089//1089 1093//1093 1065//1065 1064//1064
f 1093//1093 1092//1092 1094//1094 1095//1095
f 1093//1093 1095//1095 1066//1066 1065//1065
f 1095//1095 1094//1094 1096//1096 1097//1097
f 1095//1095 1097//1097 1068//1068 1066//1066
f 1097//1097 1096//1096 1098//1098 1099//1099
f 1097//1097 1099//1099 1070//1070 1068//1068
f 1099//1099 1098//1098 1100//1100 1101//1101
f 1099//1099 1101//1101 1072//1072 1070//1070
f 1101//1101 1100//1100 1102//1102 1103//1103
f 1101//1101 1103//1103 1078//1078 1072//1072
f 1103//1103 1102//1102 1104//1104 1081//1081
f 1103//1103 1081//1081 1079//1079 1078//1078
f 1087//1087 1085//1085 1105//1105 1090//1090
f 1085//1085 1083//1083 1106//1106 1105//1105
f 1083//1083 1082//1082 1107//1107 1106//1106
f 1082//1082 1081//1081 1104//1104 1107//1107
f 1078//1078 1075//1075 1073//1073 1072//1072
f 1049//1049 976//976 972//972 971//971
f 975//975 60//60 54//54 970//970
f 742//742 740//740 739//739 218//218
f 739//739 1108//1108 219//219 218//218
f 739//739 737//737 736//736 1108//1108
f 1108//1108 1109//1109 1110//1110 219//219
f 1108//1108 736//736 1111//1111 1109//1109
f 1111//1111 1112//1112 1113//1113 1109//1109
f 1111//1111 736//736 733//733 731//731
f 1111//1111 731//731 730//730 1112//1112
f 1113//1113 1114//1114 1115//1115 1116//1116
f 1113//1113 1116//1116 1110//1110 1109//1109
f 1113//1113 1112//1112 1117//1117 1114//1114
f 1117//1117 1118//1118 1119//1119 1114//1114
f 1117//1117 1112//1112 730//730 729//729
f 1117//1117 729//729 1120//1120 1118//1118
f 1120//1120 1121//1121 1122//1122 1118//1118
f 1120//1120 729//729 727//727 726//726
f 1120//1120 726//726 1123//1123 1121//1121
f 1123//1123 1124//1124 1125//1125 1121//1121
f 1123//1123 726//726 724//724 723//723
f 1123//1123 723//723 1126//1126 1124//1124
f 1126//1126 1127//1127 1128//1128 1124//1124
f 1126//1126 723//723 721//721 720//720
f 1126//1126 720//720 1129//1129 1127//1127
f 1129//1129 1130//1130 1131//1131 1127//1127
f 1129//1129 720//720 718//718 717//717
f 1129//1129 717//717 1132//1132 1130//1130
f 1132//1132 698//698 697//697 1130//1130
f 1132//1132 717//717 715//715 714//714
f 1132//1132 714//714 700//700 698//698
f 1131//1131 696//696 688//688 1133//1133
f 1131//1131 1133//1133 1128//1128 1127//1127
f 1131//1131 1130//1130 697//697 696//696
f 1133//1133 688//688 686//686 1134//1134
f 1133//1133 1134//1134 1135//1135 1128//1128
f 1135//1135 1134//1134 1136//1136 1137//1137
f 1135//1135 1137//1137 1138//1138 1125//1125
f 1135//1135 1125//1125 1124//1124 1128//1128
f 1138//1138 1137//1137 1139//1139 1140//1140
f 1138//1138 1140//1140 1141//1141 1122//1122
f 1138//1138 1122//1122 1121//1121 1125//1125
f 1141//1141 1140//1140 1142//1142 1143//1143
f 1141//1141 1143//1143 1144//1144 1119//1119
f 1141//1141 1119//1119 1118//1118 1122//1122
f 1144//1144 1143//1143 1145//1145 1146//1146
f 1144//1144 1146//1146 1147//1147 1115//1115
f 1144//1144 1115//1115 1114//1114 1119//1119
f 1147//1147 1146//1146 1148//1148 1149//1149
f 1147//1147 1149//1149 1150//1150 1151//1151
f 1147//1147 1151//1151 1116//1116 1115//1115
f 1151//1151 1150//1150 1152//1152 1153//1153
f 1151//1151 1153//1153 1110//1110 1116//1116
f 1153//1153 1152//1152 220//220 214//214
f 1153//1153 214//214 219//219 1110//1110
f 1152//1152 1150//1150 1154//1154 1155//1155
f 1152//1152 1155//1155 1156//1156 220//220
f 1156//1156 1155//1155 1157//1157 1158//1158
f 1156//1156 1158//1158 1159//1159 1160//1160
f 1156//1156 1160//1160 221//221 220//220
f 1160//1160 1159//1159 1161//1161 1162//1162
f 1160//1160 1162//1162 1163//1163 221//221
f 1163//1163 1162//1162 1164//1164 1165//1165
f 1163//1163 1165//1165 132//132 131//131
f 1163//1163 131//131 215//215 221//221
f 1165//1165 1164//1164 1166//1166 1167//1167
f 1165//1165 1167//1167 133//133 132//132
f 1167//1167 1168//1168 346//346 133//133
f 1167//1167 1166//1166 1169//1169 1168//1168
f 1169//1169 1170//1170 350//350 1168//1168
f 1169//1169 1166//1166 1171//1171 1172//1172
f 1169//1169 1172//1172 1173//1173 1170//1170
f 1173//1173 1174//1174 355//355 1170//1170
f 1173//1173 1172//1172 1175//1175 1176//1176
f 1173//1173 1176//1176 1177//1177 1174//1174
f 1177//1177 363//363 360//360 1174//1174
f 1177//1177 1176//1176 1178//1178 1179//1179
f 1177//1177 1179//1179 366//366 363//363
f 1179//1179 1178//1178 1180//1180 1181//1181
f 1179//1179 1181//1181 369//369 366//366
f 1181//1181 1180//1180 1182//1182 1183//1183
f 1181//1181 1183//1183 1184//1184 369//369
f 1184//1184 374//374 370//370 369//369
f 1184//1184 1183//1183 1185//1185 1186//1186
f 1184//1184 1186//1186 1187//1187 374//374
f 1187//1187 377//377 375//375 374//374
f 1187//1187 1186//1186 119//119 118//118
f 1187//1187 118//118 1188//1188 377//377
f 1188//1188 380//380 378//378 377//377
f 1188//1188 118//118 117//117 1189//1189
f 1188//1188 1189//1189 382//382 380//380
f 1189//1189 117//117 121//121 387//387
f 1189//1189 387//387 384//384 382//382
f 1186//1186 1185//1185 122//122 119//119
f 1185//1185 1183//1183 1182//1182 1190//1190
f 1185//1185 1190//1190 1191//1191 122//122
f 1191//1191 1190//1190 1192//1192 1193//1193
f 1191//1191 1193//1193 1194//1194 1195//1195
f 1191//1191 1195//1195 120//120 122//122
f 1195//1195 1194//1194 391//391 390//390
f 1195//1195 390//390 121//121 120//120
f 1194//1194 1193//1193 1196//1196 1197//1197
f 1194//1194 1197//1197 392//392 391//391
f 1197//1197 1196//1196 1198//1198 397//397
f 1197//1197 397//397 394//394 392//392
f 1198//1198 1196//1196 79//79 76//76
f 1198//1198 76//76 75//75 400//400
f 1198//1198 400//400 398//398 397//397
f 1196//1196 1193//1193 1192//1192 79//79
f 1192//1192 1190//1190 1182//1182 1199//1199
f 1192//1192 1199//1199 71//71 79//79
f 1199//1199 1182//1182 1180//1180 1200//1200
f 1199//1199 1200//1200 72//72 71//71
f 1200//1200 1180//1180 1178//1178 1201//1201
f 1200//1200 1201//1201 1202//1202 72//72
f 1202//1202 1201//1201 1175//1175 1203//1203
f 1202//1202 1203//1203 1204//1204 1205//1205
f 1202//1202 1205//1205 73//73 72//72
f 1205//1205 1206//1206 80//80 73//73
f 1205//1205 1204//1204 1207//1207 1206//1206
f 1207//1207 1208//1208 87//87 1206//1206
f 1207//1207 1204//1204 1209//1209 1161//1161
f 1207//1207 1161//1161 1159//1159 1208//1208
f 1209//1209 1204//1204 1203//1203 1171//1171
f 1209//1209 1171//1171 1166//1166 1164//1164
f 1209//1209 1164//1164 1162//1162 1161//1161
f 1208//1208 1210//1210 88//88 87//87
f 1208//1208 1159//1159 1158//1158 1210//1210
f 1210//1210 1211//1211 91//91 88//88
f 1210//1210 1158//1158 1157//1157 1211//1211
f 1211//1211 1212//1212 1213//1213 91//91
f 1211//1211 1157//1157 1214//1214 1212//1212
f 1214//1214 1215//1215 1216//1216 1212//1212
f 1214//1214 1157//1157 1155//1155 1154//1154
f 1214//1214 1154//1154 1217//1217 1215//1215
f 1217//1217 1218//1218 1219//1219 1215//1215
f 1217//1217 1154//1154 1150//1150 1149//1149
f 1217//1217 1149//1149 1148//1148 1218//1218
f 1219//1219 660//660 656//656 655//655
f 1219//1219 655//655 1216//1216 1215//1215
f 1219//1219 1218//1218 1220//1220 660//660
f 1220//1220 665//665 661//661 660//660
f 1220//1220 1218//1218 1148//1148 1221//1221
f 1220//1220 1221//1221 1222//1222 665//665
f 1222//1222 670//670 666//666 665//665
f 1222//1222 1221//1221 1145//1145 1223//1223
f 1222//1222 1223//1223 1224//1224 670//670
f 1224//1224 673//673 671//671 670//670
f 1224//1224 1223//1223 1142//1142 1225//1225
f 1224//1224 1225//1225 1226//1226 673//673
f 1226//1226 677//677 674//674 673//673
f 1226//1226 1225//1225 1139//1139 1227//1227
f 1226//1226 1227//1227 683//683 677//677
f 1227//1227 1139//1139 1137//1137 1136//1136
f 1227//1227 1136//1136 684//684 683//683
f 1225//1225 1142//1142 1140//1140 1139//1139
f 1223//1223 1145//1145 1143//1143 1142//1142
f 1221//1221 1148//1148 1146//1146 1145//1145
f 1216//1216 655//655 651//651 650//650
f 1216//1216 650//650 1213//1213 1212//1212
f 1213//1213 650//650 646//646 645//645
f 1213//1213 645//645 89//89 91//91
f 1206//1206 87//87 84//84 80//80
f 1203//1203 1175//1175 1172//1172 1171//1171
f 1201//1201 1178//1178 1176//1176 1175//1175
f 1174//1174 360//360 356//356 355//355
f 1170//1170 355//355 351//351 350//350
f 1168//1168 350//350 347//347 346//346
f 1136//1136 1134//1134 686//686 684//684
f 714//714 712//712 702//702 700//700
f 709//709 705//705 703//703 702//702
f 696//696 692//692 689//689 688//688
f 691//691 104//104 680//680 68//68
f 681//681 101//101 100//100 162//162
f 681//681 162//162 161//161 676//676
f 681//681 680//680 104//104 101//101
f 669//669 668//668 164//164 166//166
f 645//645 641//641 90//90 89//89
f 631//631 630//630 505//505 86//86
f 630//630 626//626 625//625 508//508
f 630//630 508//508 506//506 505//505
f 625//625 621//621 620//620 511//511
f 625//625 511//511 509//509 508//508
f 620//620 616//616 615//615 514//514
f 620//620 514//514 512//512 511//511
f 615//615 611//611 610//610 517//517
f 615//615 517//517 515//515 514//514
f 610//610 606//606 605//605 520//520
f 610//610 520//520 518//518 517//517
f 605//605 601//601 600//600 523//523
f 605//605 523//523 521//521 520//520
f 600//600 596//596 595//595 526//526
f 600//600 526//526 524//524 523//523
f 595//595 591//591 590//590 529//529
f 595//595 529//529 527//527 526//526
f 590//590 586//586 585//585 532//532
f 590//590 532//532 530//530 529//529
f 585//585 581//581 580//580 535//535
f 585//585 535//535 533//533 532//532
f 580//580 576//576 575//575 538//538
f 580//580 538//538 536//536 535//535
f 575//575 571//571 570//570 541//541
f 575//575 541//541 539//539 538//538
f 570//570 566//566 565//565 544//544
f 570//570 544//544 542//542 541//541
f 565//565 561//561 549//549 547//547
f 565//565 547//547 545//545 544//544
f 505//505 503//503 82//82 86//86
f 503//503 502//502 83//83 82//82
f 502//502 78//78 77//77 83//83
f 403//403 401//401 400//400 75//75
f 390//390 388//388 387//387 121//121
f 372//372 358//358 362//362 373//373
f 354//354 115//115 112//112 349//349
f 346//346 344//344 127//127 133//133
f 344//344 342//342 128//128 127//127
f 271//271 267//267 12//12 17//17
f 260//260 259//259 15//15 14//14
f 233//233 181//181 180//180 228//228
f 216//216 215//215 131//131 130//130
f 213//213 144//144 148//148 190//190
f 213//213 190//190 193//193 198//198
f 213//213 198//198 197//197 211//211
f 151//151 150//150 97//97 96//96
f 84//84 83//83 77//77 80//80
f 61//61 60//60 18//18 11//11
f 365//365 368//368 373//373 362//362
f 62//62 65//65 923//923 48//48
f 64//64 63//63 47//47 52//52
f 1091//1091 1090//1090 1228//1228 1229//1229
f 1098//1098 1096//1096 1230//1230 1231//1231
f 1094//1094 1092//1092 1232//1232 1233//1233
f 1102//1102 1100//1100 1234//1234 1235//1235
f 1107//1107 1104//1104 1236//1236 1237//1237
f 1096//1096 1094//1094 1233//1233 1230//1230
f 1100//1100 1098//1098 1231//1231 1234//1234
f 1106//1106 1107//1107 1237//1237 1238//1238
f 1104//1104 1102//1102 1235//1235 1236//1236
f 1092//1092 1091//1091 1229//1229 1232//1232
f 1105//1105 1106//1106 1238//1238 1239//1239
f 1090//1090 1105//1105 1239//1239 1228//1228
f 1239//1239 1238//1238 1229//1229 1228//1228
f 1238//1238 1237//1237 1232//1232 1229//1229
f 1237//1237 1236//1236 1233//1233 1232//1232
f 1236//1236 1235//1235 1230//1230 1233//1233
f 1235//1235 1234//1234 1231//1231 1230//1230
f 975//975 18//18 60//60
