# Extracted from Open3DModel lower-limb.obj — Interosseus_talocalcaneal_ligament.r
# License: CC BY-SA 4.0 — AnatomyTOOL Open3D create
o Interosseus_talocalcaneal_ligament.r
v -0.072313 0.057327 -0.037167
v -0.072270 0.056649 -0.037288
v -0.071838 0.056778 -0.037511
v -0.071839 0.057368 -0.037420
v -0.072219 0.056081 -0.037437
v -0.071800 0.056214 -0.037642
v -0.071421 0.056334 -0.037832
v -0.071445 0.056904 -0.037719
v -0.071435 0.057490 -0.037646
v -0.072187 0.055495 -0.037612
v -0.071772 0.055636 -0.037796
v -0.072168 0.054890 -0.037803
v -0.071761 0.055036 -0.037964
v -0.071352 0.055158 -0.038140
v -0.071390 0.055755 -0.037975
v -0.070991 0.055851 -0.038176
v -0.071042 0.056447 -0.038030
v -0.070912 0.055253 -0.038347
v -0.070428 0.055331 -0.038592
v -0.070554 0.055940 -0.038406
v -0.070640 0.056553 -0.038249
v -0.071058 0.057029 -0.037932
v -0.071034 0.057620 -0.037873
v -0.070666 0.057153 -0.038149
v -0.070630 0.057749 -0.038100
v -0.072153 0.054281 -0.037995
v -0.071747 0.054430 -0.038138
v -0.072133 0.053682 -0.038174
v -0.071732 0.053836 -0.038298
v -0.071301 0.053972 -0.038443
v -0.071319 0.054557 -0.038303
v -0.072105 0.053126 -0.038329
v -0.071720 0.053287 -0.038433
v -0.072090 0.052731 -0.038462
v -0.071722 0.052896 -0.038551
v -0.071329 0.053047 -0.038651
v -0.071307 0.053432 -0.038552
v -0.070833 0.053561 -0.038708
v -0.070809 0.054089 -0.038630
v -0.070883 0.053184 -0.038782
v -0.070396 0.053295 -0.038947
v -0.070323 0.053661 -0.038900
v -0.070283 0.054174 -0.038854
v -0.070838 0.054661 -0.038509
v -0.070321 0.054738 -0.038753
v -0.069784 0.054808 -0.039016
v -0.069914 0.055409 -0.038860
v -0.069743 0.054241 -0.039101
v -0.069227 0.054312 -0.039349
v -0.069287 0.054880 -0.039274
v -0.069426 0.055491 -0.039119
v -0.069803 0.053734 -0.039117
v -0.069897 0.053378 -0.039139
v -0.069396 0.053453 -0.039343
v -0.069285 0.053807 -0.039345
v -0.068819 0.053886 -0.039559
v -0.068781 0.054389 -0.039570
v -0.068925 0.053534 -0.039543
v -0.068545 0.053615 -0.039724
v -0.068451 0.053966 -0.039738
v -0.068433 0.054472 -0.039744
v -0.068857 0.054962 -0.039495
v -0.068986 0.055582 -0.039344
v -0.068511 0.055051 -0.039670
v -0.068630 0.055680 -0.039519
v -0.070243 0.057274 -0.038376
v -0.070201 0.057880 -0.038331
v -0.070201 0.056659 -0.038488
v -0.069734 0.056769 -0.038731
v -0.069790 0.057397 -0.038606
v -0.069750 0.058010 -0.038562
v -0.070074 0.056032 -0.038666
v -0.069591 0.056128 -0.038922
v -0.069137 0.056232 -0.039147
v -0.069277 0.056884 -0.038953
v -0.068764 0.056339 -0.039324
v -0.068883 0.056998 -0.039135
v -0.069339 0.057520 -0.038823
v -0.069290 0.058138 -0.038785
v -0.068933 0.057636 -0.039011
v -0.068873 0.058253 -0.038978
v -0.071766 0.058001 -0.037374
v -0.072090 0.057925 -0.037230
v -0.071365 0.058123 -0.037603
v -0.071259 0.058787 -0.037579
v -0.071667 0.058666 -0.037341
v -0.071986 0.058582 -0.037196
v -0.070952 0.058252 -0.037844
v -0.070536 0.058381 -0.038082
v -0.070411 0.059041 -0.038078
v -0.070835 0.058913 -0.037831
v -0.070713 0.059580 -0.037825
v -0.071148 0.059456 -0.037564
v -0.070279 0.059705 -0.038079
v -0.070144 0.060369 -0.038080
v -0.070591 0.060248 -0.037820
v -0.071039 0.060128 -0.037552
v -0.071568 0.059339 -0.037315
v -0.071895 0.059257 -0.037162
v -0.071470 0.060013 -0.037294
v -0.071806 0.059933 -0.037134
v -0.070098 0.058511 -0.038321
v -0.069641 0.058641 -0.038558
v -0.069514 0.059296 -0.038561
v -0.069969 0.059169 -0.038323
v -0.069183 0.058767 -0.038782
v -0.068767 0.058882 -0.038976
v -0.068652 0.059531 -0.038978
v -0.069061 0.059419 -0.038784
v -0.068940 0.060073 -0.038786
v -0.069388 0.059953 -0.038563
v -0.068536 0.060180 -0.038983
v -0.068404 0.060828 -0.038992
v -0.068809 0.060725 -0.038789
v -0.069253 0.060609 -0.038564
v -0.069839 0.059830 -0.038326
v -0.069699 0.060490 -0.038328
v -0.069551 0.061149 -0.038325
v -0.070009 0.061033 -0.038075
v -0.069095 0.061264 -0.038565
v -0.068932 0.061919 -0.038566
v -0.069401 0.061807 -0.038314
v -0.069873 0.061696 -0.038059
v -0.068646 0.061376 -0.038799
v -0.068236 0.061476 -0.039013
v -0.068048 0.062124 -0.039040
v -0.068471 0.062028 -0.038813
v -0.068304 0.062654 -0.038832
v -0.068778 0.062548 -0.038571
v -0.067870 0.062746 -0.039072
v -0.067756 0.063212 -0.039126
v -0.068199 0.063122 -0.038877
v -0.068683 0.063018 -0.038606
v -0.069259 0.062439 -0.038306
v -0.069743 0.062332 -0.038038
v -0.069173 0.062912 -0.038330
v -0.069666 0.062807 -0.038053
v -0.071374 0.060689 -0.037274
v -0.071719 0.060612 -0.037109
v -0.070930 0.060801 -0.037537
v -0.070821 0.061474 -0.037516
v -0.071277 0.061366 -0.037250
v -0.071631 0.061291 -0.037081
v -0.070469 0.060917 -0.037811
v -0.070347 0.061586 -0.037793
v -0.070231 0.062225 -0.037768
v -0.070718 0.062117 -0.037491
v -0.070161 0.062701 -0.037775
v -0.070658 0.062597 -0.037495
v -0.071184 0.062010 -0.037225
v -0.071536 0.061929 -0.037060
v -0.071126 0.062479 -0.037233
v -0.071426 0.062328 -0.037093
v -0.076559 0.056233 -0.035213
v -0.076149 0.056307 -0.035333
v -0.076430 0.056895 -0.035047
v -0.076864 0.056825 -0.034919
v -0.075618 0.056415 -0.035543
v -0.075868 0.057003 -0.035266
v -0.076135 0.057624 -0.035007
v -0.076744 0.057525 -0.034764
v -0.077210 0.057461 -0.034622
v -0.075066 0.056535 -0.035777
v -0.075285 0.057125 -0.035512
v -0.074511 0.056661 -0.036023
v -0.074701 0.057252 -0.035774
v -0.074893 0.057866 -0.035555
v -0.075508 0.057737 -0.035276
v -0.075752 0.058379 -0.035062
v -0.076436 0.058276 -0.034758
v -0.075084 0.058496 -0.035374
v -0.075302 0.059140 -0.035191
v -0.076029 0.059035 -0.034840
v -0.076770 0.058941 -0.034499
v -0.077094 0.058185 -0.034486
v -0.077592 0.058123 -0.034324
v -0.077476 0.058853 -0.034195
v -0.078003 0.058790 -0.034012
v -0.073956 0.056794 -0.036283
v -0.074117 0.057386 -0.036056
v -0.073403 0.056931 -0.036562
v -0.073531 0.057526 -0.036360
v -0.073663 0.058147 -0.036183
v -0.074277 0.058003 -0.035857
v -0.072854 0.057078 -0.036856
v -0.072969 0.057669 -0.036677
v -0.072565 0.057794 -0.036953
v -0.072670 0.058398 -0.036803
v -0.073080 0.058288 -0.036518
v -0.073191 0.058917 -0.036375
v -0.073799 0.058775 -0.036029
v -0.072762 0.059026 -0.036669
v -0.072860 0.059658 -0.036544
v -0.073308 0.059548 -0.036243
v -0.073940 0.059407 -0.035888
v -0.074440 0.058632 -0.035691
v -0.074607 0.059265 -0.035539
v -0.074792 0.059904 -0.035385
v -0.075544 0.059791 -0.034999
v -0.074089 0.060041 -0.035752
v -0.074244 0.060675 -0.035617
v -0.074995 0.060545 -0.035221
v -0.075802 0.060440 -0.034801
v -0.073430 0.060181 -0.036116
v -0.072961 0.060293 -0.036427
v -0.073063 0.060930 -0.036314
v -0.073555 0.060817 -0.035994
v -0.073681 0.061424 -0.035881
v -0.074397 0.061284 -0.035492
v -0.073184 0.061524 -0.036199
v -0.073358 0.061865 -0.036091
v -0.073798 0.061863 -0.035823
v -0.074527 0.061740 -0.035429
v -0.075199 0.061157 -0.035065
v -0.076054 0.061055 -0.034612
v -0.075362 0.061613 -0.034982
v -0.076248 0.061511 -0.034506
v -0.077872 0.059517 -0.033894
v -0.078422 0.059449 -0.033689
v -0.077124 0.059607 -0.034232
v -0.077480 0.060262 -0.033960
v -0.078260 0.060166 -0.033588
v -0.078825 0.060088 -0.033362
v -0.076330 0.059696 -0.034610
v -0.076641 0.060351 -0.034375
v -0.076935 0.060966 -0.034153
v -0.077807 0.060873 -0.033705
v -0.077154 0.061419 -0.034025
v -0.078040 0.061320 -0.033557
v -0.078597 0.060765 -0.033311
v -0.079141 0.060672 -0.033090
v -0.078816 0.061193 -0.033166
v -0.079223 0.061035 -0.033003
v -0.076288 0.055646 -0.035514
v -0.075907 0.055712 -0.035630
v -0.076064 0.055031 -0.035836
v -0.075708 0.055094 -0.035946
v -0.075242 0.055195 -0.036138
v -0.075411 0.055815 -0.035832
v -0.075866 0.054393 -0.036183
v -0.075532 0.054457 -0.036286
v -0.075682 0.053742 -0.036541
v -0.075367 0.053809 -0.036635
v -0.074952 0.053917 -0.036799
v -0.075093 0.054561 -0.036465
v -0.074624 0.054686 -0.036653
v -0.074748 0.055316 -0.036343
v -0.074506 0.054050 -0.036969
v -0.074046 0.054202 -0.037133
v -0.074142 0.054830 -0.036838
v -0.074244 0.055453 -0.036550
v -0.074890 0.055933 -0.036053
v -0.074362 0.056063 -0.036280
v -0.075502 0.053088 -0.036886
v -0.075204 0.053160 -0.036970
v -0.075317 0.052445 -0.037196
v -0.075034 0.052523 -0.037271
v -0.074661 0.052647 -0.037407
v -0.074811 0.053275 -0.037120
v -0.075114 0.051872 -0.037452
v -0.074849 0.051944 -0.037520
v -0.074945 0.051560 -0.037616
v -0.074709 0.051554 -0.037704
v -0.074370 0.051672 -0.037826
v -0.074496 0.052072 -0.037645
v -0.074113 0.052229 -0.037771
v -0.074257 0.052797 -0.037544
v -0.074005 0.051831 -0.037945
v -0.073629 0.052004 -0.038054
v -0.073718 0.052401 -0.037887
v -0.073840 0.052965 -0.037672
v -0.074388 0.053416 -0.037272
v -0.073949 0.053577 -0.037416
v -0.073499 0.053753 -0.037554
v -0.073575 0.054371 -0.037293
v -0.073413 0.053147 -0.037792
v -0.072979 0.053336 -0.037912
v -0.073042 0.053940 -0.037692
v -0.073096 0.054551 -0.037455
v -0.073315 0.052586 -0.037995
v -0.073246 0.052187 -0.038155
v -0.072858 0.052376 -0.038255
v -0.072907 0.052775 -0.038101
v -0.072500 0.052955 -0.038216
v -0.072547 0.053515 -0.038044
v -0.072468 0.052558 -0.038360
v -0.072586 0.054117 -0.037843
v -0.072619 0.054729 -0.037627
v -0.073828 0.056204 -0.036518
v -0.073731 0.055603 -0.036763
v -0.073212 0.055764 -0.036984
v -0.073292 0.056353 -0.036769
v -0.073650 0.054990 -0.037025
v -0.073150 0.055161 -0.037215
v -0.072653 0.055336 -0.037412
v -0.072698 0.055927 -0.037214
v -0.072762 0.056503 -0.037032
v -0.068607 0.057738 -0.039160
v -0.068535 0.058352 -0.039132
v -0.068582 0.057102 -0.039273
v -0.068336 0.057199 -0.039385
v -0.068331 0.057830 -0.039285
v -0.068248 0.058440 -0.039262
v -0.068489 0.056439 -0.039454
v -0.068373 0.055774 -0.039648
v -0.068173 0.055865 -0.039750
v -0.068270 0.056535 -0.039557
v -0.068070 0.056635 -0.039646
v -0.068107 0.057297 -0.039486
v -0.067995 0.055962 -0.039837
v -0.067833 0.056066 -0.039909
v -0.067883 0.056740 -0.039724
v -0.067887 0.057397 -0.039579
v -0.068069 0.057922 -0.039402
v -0.067977 0.058526 -0.039382
v -0.067815 0.058014 -0.039512
v -0.067717 0.058612 -0.039497
v -0.068262 0.055137 -0.039803
v -0.068186 0.054551 -0.039886
v -0.067996 0.054627 -0.040009
v -0.068071 0.055222 -0.039913
v -0.068189 0.054039 -0.039890
v -0.068274 0.053685 -0.039880
v -0.068066 0.053751 -0.040024
v -0.067990 0.054108 -0.040026
v -0.067816 0.054182 -0.040148
v -0.067829 0.054709 -0.040117
v -0.067883 0.053820 -0.040156
v -0.067719 0.053894 -0.040275
v -0.067663 0.054262 -0.040256
v -0.067682 0.054799 -0.040209
v -0.067904 0.055312 -0.040008
v -0.067756 0.055411 -0.040086
v -0.067625 0.055516 -0.040149
v -0.067685 0.056176 -0.039970
v -0.067556 0.054894 -0.040286
v -0.067446 0.054996 -0.040350
v -0.067507 0.055626 -0.040202
v -0.067546 0.056290 -0.040023
v -0.067532 0.054347 -0.040349
v -0.067578 0.053972 -0.040380
v -0.067455 0.054055 -0.040474
v -0.067419 0.054438 -0.040430
v -0.067323 0.054532 -0.040502
v -0.067352 0.055098 -0.040408
v -0.067351 0.054152 -0.040557
v -0.067292 0.054279 -0.040620
v -0.067269 0.054609 -0.040586
v -0.067297 0.055176 -0.040484
v -0.067403 0.055736 -0.040252
v -0.067418 0.056402 -0.040076
v -0.067339 0.055819 -0.040323
v -0.067336 0.056486 -0.040152
v -0.067573 0.058107 -0.039617
v -0.067469 0.058699 -0.039609
v -0.067675 0.057497 -0.039668
v -0.067468 0.057597 -0.039756
v -0.067343 0.058200 -0.039720
v -0.067232 0.058786 -0.039718
v -0.067706 0.056848 -0.039794
v -0.067537 0.056959 -0.039860
v -0.067378 0.057064 -0.039929
v -0.067272 0.057693 -0.039847
v -0.067273 0.057143 -0.040016
v -0.067140 0.057767 -0.039948
v -0.067132 0.058286 -0.039822
v -0.067013 0.058870 -0.039826
v -0.066995 0.058353 -0.039931
v -0.066870 0.058935 -0.039939
v -0.067500 0.062815 -0.039275
v -0.067378 0.063277 -0.039337
v -0.067690 0.062197 -0.039233
v -0.067369 0.062257 -0.039405
v -0.067169 0.062869 -0.039457
v -0.067039 0.063327 -0.039527
v -0.067889 0.061554 -0.039194
v -0.068067 0.060912 -0.039162
v -0.067769 0.060983 -0.039314
v -0.067580 0.061620 -0.039356
v -0.067276 0.061683 -0.039516
v -0.067055 0.062314 -0.039575
v -0.067479 0.061051 -0.039463
v -0.067190 0.061118 -0.039612
v -0.066971 0.061744 -0.039677
v -0.066738 0.062370 -0.039746
v -0.066843 0.062921 -0.039637
v -0.066705 0.063375 -0.039713
v -0.066516 0.062972 -0.039817
v -0.066371 0.063422 -0.039900
v -0.068202 0.060268 -0.039144
v -0.068318 0.059623 -0.039135
v -0.068031 0.059704 -0.039269
v -0.067912 0.060344 -0.039287
v -0.068429 0.058978 -0.039131
v -0.068141 0.059064 -0.039261
v -0.067868 0.059147 -0.039384
v -0.067756 0.059782 -0.039400
v -0.067606 0.059230 -0.039505
v -0.067489 0.059861 -0.039529
v -0.067632 0.060418 -0.039426
v -0.067356 0.060491 -0.039564
v -0.067083 0.060562 -0.039703
v -0.066899 0.061184 -0.039764
v -0.067227 0.059938 -0.039658
v -0.066970 0.060015 -0.039786
v -0.066811 0.060633 -0.039843
v -0.066605 0.061249 -0.039917
v -0.067353 0.059313 -0.039624
v -0.067107 0.059396 -0.039741
v -0.066878 0.059475 -0.039859
v -0.066729 0.060088 -0.039915
v -0.066725 0.059536 -0.039979
v -0.066567 0.060145 -0.040043
v -0.066552 0.060701 -0.039984
v -0.066322 0.061311 -0.040071
v -0.066376 0.060754 -0.040121
v -0.066129 0.061360 -0.040218
v -0.066187 0.063022 -0.039999
v -0.066035 0.063468 -0.040088
v -0.066420 0.062425 -0.039918
v -0.066099 0.062479 -0.040092
v -0.065857 0.063071 -0.040181
v -0.065698 0.063514 -0.040277
v -0.066664 0.061805 -0.039839
v -0.066355 0.061864 -0.040004
v -0.066059 0.061921 -0.040167
v -0.065794 0.062531 -0.040265
v -0.065858 0.061966 -0.040321
v -0.065585 0.062573 -0.040425
v -0.065546 0.063115 -0.040361
v -0.065391 0.063540 -0.040455
v -0.065342 0.063143 -0.040519
v -0.065247 0.063483 -0.040565
v -0.072718 0.057440 -0.038024
v -0.072251 0.057477 -0.038306
v -0.072238 0.056874 -0.038395
v -0.072669 0.056750 -0.038154
v -0.071843 0.057595 -0.038542
v -0.071843 0.056993 -0.038615
v -0.071807 0.056406 -0.038729
v -0.072190 0.056294 -0.038525
v -0.072610 0.056168 -0.038301
v -0.071437 0.057720 -0.038773
v -0.071450 0.057112 -0.038834
v -0.071021 0.057845 -0.039000
v -0.071042 0.057227 -0.039059
v -0.070974 0.056602 -0.039182
v -0.071409 0.056507 -0.038945
v -0.071309 0.055889 -0.039107
v -0.071746 0.055806 -0.038878
v -0.070817 0.055968 -0.039369
v -0.070628 0.055340 -0.039566
v -0.071169 0.055274 -0.039290
v -0.071671 0.055193 -0.039042
v -0.072151 0.055700 -0.038674
v -0.072568 0.055565 -0.038469
v -0.072116 0.055084 -0.038834
v -0.072537 0.054946 -0.038645
v -0.072076 0.054469 -0.038991
v -0.072508 0.054328 -0.038815
v -0.071597 0.054586 -0.039194
v -0.071552 0.054001 -0.039304
v -0.072039 0.053872 -0.039120
v -0.072470 0.053724 -0.038963
v -0.071050 0.054676 -0.039441
v -0.070481 0.054736 -0.039715
v -0.070424 0.054169 -0.039784
v -0.070996 0.054103 -0.039529
v -0.071007 0.053580 -0.039536
v -0.071539 0.053461 -0.039346
v -0.070454 0.053661 -0.039759
v -0.070498 0.053301 -0.039601
v -0.071021 0.053203 -0.039414
v -0.071515 0.053074 -0.039259
v -0.072002 0.053322 -0.039193
v -0.072414 0.053165 -0.039060
v -0.071941 0.052927 -0.039137
v -0.072328 0.052764 -0.039028
v -0.070094 0.055407 -0.039845
v -0.069930 0.054793 -0.039992
v -0.069608 0.055479 -0.040100
v -0.069443 0.054855 -0.040245
v -0.069355 0.054283 -0.040300
v -0.069862 0.054224 -0.040049
v -0.069175 0.055564 -0.040309
v -0.069019 0.054930 -0.040454
v -0.068830 0.055660 -0.040461
v -0.068681 0.055018 -0.040607
v -0.068577 0.054433 -0.040666
v -0.068918 0.054352 -0.040509
v -0.068926 0.053853 -0.040441
v -0.069384 0.053784 -0.040232
v -0.068568 0.053931 -0.040607
v -0.068625 0.053587 -0.040395
v -0.068994 0.053511 -0.040225
v -0.069464 0.053438 -0.040021
v -0.069907 0.053721 -0.039996
v -0.069979 0.053370 -0.039808
v -0.070576 0.057970 -0.039228
v -0.070592 0.057340 -0.039292
v -0.070107 0.058094 -0.039452
v -0.070114 0.057456 -0.039522
v -0.069994 0.056803 -0.039685
v -0.070489 0.056701 -0.039439
v -0.069632 0.058215 -0.039663
v -0.069639 0.057571 -0.039735
v -0.069206 0.058326 -0.039840
v -0.069222 0.057682 -0.039910
v -0.069133 0.057018 -0.040063
v -0.069525 0.056910 -0.039898
v -0.069353 0.056233 -0.040108
v -0.069803 0.056137 -0.039897
v -0.068989 0.056336 -0.040264
v -0.070301 0.056050 -0.039644
v -0.072465 0.058032 -0.037967
v -0.072185 0.058122 -0.038249
v -0.072342 0.058691 -0.037866
v -0.072086 0.058796 -0.038192
v -0.071679 0.058914 -0.038457
v -0.071781 0.058240 -0.038496
v -0.072246 0.059371 -0.037816
v -0.071984 0.059476 -0.038142
v -0.072152 0.060051 -0.037771
v -0.071879 0.060156 -0.038093
v -0.071450 0.060270 -0.038373
v -0.071566 0.059592 -0.038418
v -0.071126 0.059712 -0.038677
v -0.071250 0.059036 -0.038709
v -0.070998 0.060386 -0.038639
v -0.070545 0.060501 -0.038889
v -0.070686 0.059831 -0.038923
v -0.070816 0.059158 -0.038950
v -0.071363 0.058364 -0.038737
v -0.070936 0.058489 -0.038973
v -0.070484 0.058614 -0.039206
v -0.070362 0.059281 -0.039185
v -0.069894 0.059402 -0.039409
v -0.070013 0.058738 -0.039431
v -0.070233 0.059950 -0.039158
v -0.070092 0.060616 -0.039125
v -0.069635 0.060729 -0.039346
v -0.069771 0.060068 -0.039380
v -0.069314 0.060181 -0.039585
v -0.069432 0.059519 -0.039614
v -0.069181 0.060838 -0.039553
v -0.068768 0.060936 -0.039738
v -0.068902 0.060282 -0.039762
v -0.069018 0.059625 -0.039788
v -0.069544 0.058859 -0.039637
v -0.069122 0.058969 -0.039813
v -0.070400 0.061167 -0.038846
v -0.069935 0.061277 -0.039084
v -0.070250 0.061829 -0.038790
v -0.069772 0.061934 -0.039034
v -0.069296 0.062039 -0.039273
v -0.069470 0.061385 -0.039310
v -0.070104 0.062461 -0.038725
v -0.069614 0.062563 -0.038983
v -0.069986 0.062926 -0.038662
v -0.069487 0.063027 -0.038930
v -0.068991 0.063128 -0.039197
v -0.069126 0.062665 -0.039238
v -0.068646 0.062766 -0.039488
v -0.068827 0.062142 -0.039506
v -0.068502 0.063227 -0.039460
v -0.068054 0.063312 -0.039702
v -0.068207 0.062853 -0.039719
v -0.068398 0.062233 -0.039720
v -0.069013 0.061492 -0.039527
v -0.068595 0.061585 -0.039725
v -0.072055 0.060731 -0.037724
v -0.071771 0.060834 -0.038038
v -0.071958 0.061410 -0.037673
v -0.071662 0.061509 -0.037976
v -0.071209 0.061616 -0.038261
v -0.071331 0.060945 -0.038322
v -0.071850 0.062047 -0.037627
v -0.071551 0.062150 -0.037908
v -0.071723 0.062443 -0.037632
v -0.071453 0.062607 -0.037839
v -0.070987 0.062725 -0.038115
v -0.071089 0.062256 -0.038190
v -0.070597 0.062359 -0.038463
v -0.070731 0.061724 -0.038533
v -0.070486 0.062826 -0.038390
v -0.070866 0.061056 -0.038591
v -0.076856 0.056324 -0.035741
v -0.077158 0.056924 -0.035443
v -0.076777 0.057017 -0.035682
v -0.076498 0.056418 -0.035973
v -0.077502 0.057567 -0.035140
v -0.077088 0.057656 -0.035390
v -0.076497 0.057762 -0.035676
v -0.076234 0.057131 -0.035946
v -0.075985 0.056532 -0.036229
v -0.077879 0.058234 -0.034829
v -0.077434 0.058322 -0.035098
v -0.078284 0.058904 -0.034502
v -0.077811 0.058993 -0.034791
v -0.077123 0.059091 -0.035139
v -0.076794 0.058422 -0.035414
v -0.076123 0.058529 -0.035751
v -0.075884 0.057878 -0.035980
v -0.076395 0.059190 -0.035512
v -0.075678 0.059298 -0.035896
v -0.075468 0.058648 -0.036098
v -0.075281 0.058009 -0.036294
v -0.075664 0.057255 -0.036226
v -0.075445 0.056653 -0.036498
v -0.075093 0.057384 -0.036525
v -0.074902 0.056780 -0.036779
v -0.074519 0.057518 -0.036843
v -0.074356 0.056913 -0.037074
v -0.074678 0.058148 -0.036633
v -0.074073 0.058291 -0.036992
v -0.073941 0.057658 -0.037181
v -0.073808 0.057049 -0.037385
v -0.074835 0.058786 -0.036449
v -0.074995 0.059425 -0.036276
v -0.074337 0.059568 -0.036654
v -0.074204 0.058929 -0.036819
v -0.073599 0.059069 -0.037186
v -0.073493 0.058430 -0.037349
v -0.073708 0.059707 -0.037027
v -0.073228 0.059807 -0.037293
v -0.073138 0.059168 -0.037448
v -0.073050 0.058530 -0.037607
v -0.073381 0.057798 -0.037521
v -0.073261 0.057194 -0.037706
v -0.072953 0.057916 -0.037786
v -0.075912 0.059951 -0.035683
v -0.075169 0.060067 -0.036098
v -0.076159 0.060598 -0.035463
v -0.075361 0.060705 -0.035909
v -0.074617 0.060836 -0.036326
v -0.074475 0.060204 -0.036490
v -0.076396 0.061208 -0.035244
v -0.075548 0.061312 -0.035722
v -0.076551 0.061651 -0.035068
v -0.075674 0.061757 -0.035568
v -0.074847 0.061886 -0.036034
v -0.074754 0.061440 -0.036168
v -0.074038 0.061579 -0.036564
v -0.073929 0.060977 -0.036715
v -0.074119 0.062009 -0.036438
v -0.073666 0.062007 -0.036690
v -0.073511 0.061671 -0.036840
v -0.073405 0.061080 -0.036990
v -0.073819 0.060343 -0.036870
v -0.073317 0.060444 -0.037140
v -0.078696 0.059562 -0.034164
v -0.078199 0.059657 -0.034472
v -0.079092 0.060199 -0.033821
v -0.078580 0.060302 -0.034146
v -0.077817 0.060408 -0.034560
v -0.077469 0.059756 -0.034853
v -0.079400 0.060779 -0.033532
v -0.078905 0.060895 -0.033844
v -0.079464 0.061137 -0.033416
v -0.079084 0.061308 -0.033629
v -0.078323 0.061445 -0.034057
v -0.078130 0.061013 -0.034278
v -0.077268 0.061113 -0.034757
v -0.076988 0.060503 -0.035007
v -0.077447 0.061553 -0.034558
v -0.076687 0.059851 -0.035264
v -0.076257 0.055812 -0.036276
v -0.076588 0.055727 -0.036047
v -0.075778 0.055918 -0.036522
v -0.075608 0.055283 -0.036831
v -0.076059 0.055179 -0.036596
v -0.076366 0.055101 -0.036372
v -0.075268 0.056037 -0.036777
v -0.074749 0.056167 -0.037038
v -0.074628 0.055541 -0.037307
v -0.075124 0.055404 -0.037069
v -0.074996 0.054759 -0.037375
v -0.075456 0.054633 -0.037157
v -0.074520 0.054904 -0.037589
v -0.074417 0.054262 -0.037872
v -0.074871 0.054109 -0.037682
v -0.075310 0.053975 -0.037484
v -0.075881 0.054527 -0.036937
v -0.076167 0.054451 -0.036720
v -0.075712 0.053866 -0.037280
v -0.075980 0.053789 -0.037072
v -0.075542 0.053206 -0.037604
v -0.075793 0.053127 -0.037407
v -0.075161 0.053323 -0.037791
v -0.075001 0.052687 -0.038058
v -0.075363 0.052562 -0.037887
v -0.075599 0.052478 -0.037702
v -0.074744 0.053465 -0.037968
v -0.074309 0.053627 -0.038135
v -0.074187 0.053009 -0.038366
v -0.074602 0.052839 -0.038217
v -0.074436 0.052267 -0.038404
v -0.074816 0.052108 -0.038260
v -0.074042 0.052441 -0.038538
v -0.073882 0.052037 -0.038569
v -0.074258 0.051862 -0.038449
v -0.074622 0.051702 -0.038318
v -0.075161 0.051979 -0.038104
v -0.075380 0.051901 -0.037929
v -0.074956 0.051583 -0.038172
v -0.075177 0.051587 -0.038036
v -0.073947 0.054432 -0.038057
v -0.073860 0.053805 -0.038297
v -0.073469 0.054614 -0.038244
v -0.073402 0.053992 -0.038460
v -0.073325 0.053382 -0.038653
v -0.073760 0.053194 -0.038508
v -0.072990 0.054789 -0.038444
v -0.072945 0.054167 -0.038638
v -0.072890 0.053559 -0.038808
v -0.072815 0.052996 -0.038926
v -0.073227 0.052817 -0.038791
v -0.072711 0.052593 -0.038911
v -0.073105 0.052411 -0.038792
v -0.073637 0.052628 -0.038664
v -0.073497 0.052222 -0.038681
v -0.074222 0.056309 -0.037308
v -0.073690 0.056457 -0.037589
v -0.073603 0.055853 -0.037799
v -0.074119 0.055692 -0.037549
v -0.073162 0.056606 -0.037879
v -0.073090 0.056017 -0.038054
v -0.073036 0.055411 -0.038243
v -0.073533 0.055237 -0.038020
v -0.074031 0.055065 -0.037803
v -0.068857 0.058424 -0.039981
v -0.068887 0.057783 -0.040047
v -0.068561 0.058514 -0.040098
v -0.068606 0.057879 -0.040158
v -0.068578 0.057223 -0.040284
v -0.068828 0.057122 -0.040186
v -0.068287 0.058602 -0.040204
v -0.068349 0.057973 -0.040258
v -0.068028 0.058689 -0.040303
v -0.068104 0.058067 -0.040350
v -0.068137 0.057427 -0.040446
v -0.068352 0.057324 -0.040369
v -0.068304 0.056649 -0.040531
v -0.068497 0.056543 -0.040459
v -0.068122 0.056758 -0.040595
v -0.068070 0.056078 -0.040769
v -0.068222 0.055966 -0.040712
v -0.068388 0.055860 -0.040645
v -0.068715 0.056439 -0.040374
v -0.068579 0.055759 -0.040565
v -0.068443 0.055111 -0.040714
v -0.068267 0.055206 -0.040798
v -0.068169 0.054605 -0.040877
v -0.068342 0.054518 -0.040781
v -0.068119 0.055307 -0.040870
v -0.067986 0.055414 -0.040931
v -0.067898 0.054795 -0.041038
v -0.068025 0.054697 -0.040963
v -0.067995 0.054168 -0.040946
v -0.068146 0.054086 -0.040843
v -0.067861 0.054257 -0.041039
v -0.067878 0.053885 -0.040888
v -0.068025 0.053806 -0.040779
v -0.068187 0.053731 -0.040660
v -0.068323 0.054008 -0.040734
v -0.068372 0.053660 -0.040534
v -0.067926 0.056193 -0.040818
v -0.067865 0.055527 -0.040982
v -0.067791 0.056311 -0.040859
v -0.067754 0.055643 -0.041023
v -0.067687 0.055010 -0.041152
v -0.067786 0.054900 -0.041100
v -0.067666 0.056420 -0.040883
v -0.067652 0.055754 -0.041051
v -0.067555 0.056503 -0.040842
v -0.067558 0.055834 -0.041013
v -0.067516 0.055193 -0.041167
v -0.067601 0.055117 -0.041194
v -0.067558 0.054553 -0.041253
v -0.067642 0.054451 -0.041190
v -0.067477 0.054629 -0.041243
v -0.067472 0.054290 -0.041201
v -0.067536 0.054163 -0.041163
v -0.067631 0.054060 -0.041077
v -0.067744 0.054351 -0.041121
v -0.067746 0.053970 -0.040987
v -0.067779 0.058776 -0.040398
v -0.067869 0.058162 -0.040436
v -0.067543 0.058862 -0.040488
v -0.067646 0.058255 -0.040517
v -0.067735 0.057633 -0.040584
v -0.067931 0.057530 -0.040519
v -0.067324 0.058939 -0.040558
v -0.067440 0.058340 -0.040576
v -0.067136 0.058993 -0.040556
v -0.067259 0.058402 -0.040569
v -0.067393 0.057801 -0.040608
v -0.067553 0.057726 -0.040630
v -0.067631 0.057085 -0.040734
v -0.067784 0.056982 -0.040703
v -0.067499 0.057166 -0.040699
v -0.067949 0.056870 -0.040652
v -0.067673 0.063374 -0.039909
v -0.067833 0.062917 -0.039916
v -0.067331 0.063421 -0.040093
v -0.067498 0.062968 -0.040091
v -0.067709 0.062357 -0.040066
v -0.068034 0.062302 -0.039903
v -0.066993 0.063464 -0.040272
v -0.067169 0.063015 -0.040264
v -0.066655 0.063508 -0.040451
v -0.066837 0.063062 -0.040437
v -0.067069 0.062462 -0.040390
v -0.067390 0.062410 -0.040228
v -0.067617 0.061779 -0.040192
v -0.067926 0.061720 -0.040043
v -0.067307 0.061836 -0.040342
v -0.067527 0.061210 -0.040303
v -0.067821 0.061146 -0.040167
v -0.068117 0.061081 -0.040032
v -0.068241 0.061659 -0.039893
v -0.068422 0.061014 -0.039894
v -0.068559 0.060366 -0.039908
v -0.068259 0.060439 -0.040036
v -0.068375 0.059794 -0.040050
v -0.068673 0.059714 -0.039929
v -0.067973 0.060510 -0.040161
v -0.067692 0.060579 -0.040284
v -0.067822 0.059946 -0.040278
v -0.068094 0.059870 -0.040165
v -0.068196 0.059232 -0.040179
v -0.068474 0.059150 -0.040070
v -0.067930 0.059314 -0.040283
v -0.068773 0.059064 -0.039953
v -0.067232 0.061273 -0.040440
v -0.067414 0.060649 -0.040407
v -0.066936 0.061335 -0.040580
v -0.067139 0.060717 -0.040531
v -0.067296 0.060096 -0.040501
v -0.067555 0.060022 -0.040390
v -0.066646 0.061394 -0.040712
v -0.066874 0.060781 -0.040645
v -0.066407 0.061432 -0.040767
v -0.066653 0.060823 -0.040684
v -0.066842 0.060211 -0.040620
v -0.067050 0.060165 -0.040598
v -0.067196 0.059548 -0.040566
v -0.067427 0.059475 -0.040484
v -0.066998 0.059598 -0.040574
v -0.067674 0.059395 -0.040386
v -0.066314 0.063550 -0.040630
v -0.066505 0.063109 -0.040610
v -0.065973 0.063593 -0.040809
v -0.066171 0.063155 -0.040783
v -0.066422 0.062565 -0.040718
v -0.066746 0.062513 -0.040553
v -0.065660 0.063616 -0.040975
v -0.065850 0.063195 -0.040945
v -0.065495 0.063554 -0.041047
v -0.065605 0.063213 -0.041027
v -0.065855 0.062644 -0.040949
v -0.066108 0.062613 -0.040873
v -0.066379 0.062004 -0.040791
v -0.066683 0.061950 -0.040646
v -0.066132 0.062038 -0.040858
v -0.066996 0.061894 -0.040493
v -0.076064 0.054377 -0.036238
v -0.075873 0.053723 -0.036600
v -0.076268 0.055015 -0.035885
v -0.076379 0.055031 -0.036027
v -0.076172 0.054388 -0.036379
v -0.075978 0.053732 -0.036739
v -0.076498 0.055630 -0.035555
v -0.076775 0.056214 -0.035246
v -0.076889 0.056234 -0.035387
v -0.076611 0.055648 -0.035697
v -0.076666 0.055672 -0.035840
v -0.076436 0.055052 -0.036170
v -0.076944 0.056261 -0.035531
v -0.076229 0.054407 -0.036521
v -0.076035 0.053748 -0.036880
v -0.075269 0.051834 -0.037516
v -0.074996 0.051469 -0.037696
v -0.075492 0.052419 -0.037261
v -0.075588 0.052424 -0.037392
v -0.075358 0.051834 -0.037643
v -0.075068 0.051456 -0.037821
v -0.075685 0.053066 -0.036950
v -0.075786 0.053073 -0.037085
v -0.075843 0.053088 -0.037222
v -0.075644 0.052438 -0.037527
v -0.075416 0.051852 -0.037773
v -0.075134 0.051485 -0.037942
v -0.075473 0.061817 -0.035027
v -0.076369 0.061714 -0.034541
v -0.074627 0.061944 -0.035484
v -0.074748 0.062028 -0.035694
v -0.075591 0.061899 -0.035226
v -0.076485 0.061794 -0.034727
v -0.073870 0.062062 -0.035883
v -0.073312 0.061993 -0.036220
v -0.073405 0.062075 -0.036463
v -0.073991 0.062149 -0.036114
v -0.074091 0.062171 -0.036312
v -0.074841 0.062050 -0.035892
v -0.073532 0.062103 -0.036660
v -0.075680 0.061921 -0.035420
v -0.076569 0.061814 -0.034913
v -0.078962 0.061379 -0.033176
v -0.079413 0.061114 -0.032990
v -0.078175 0.061518 -0.033574
v -0.078280 0.061589 -0.033727
v -0.079062 0.061440 -0.033308
v -0.079519 0.061156 -0.033098
v -0.077283 0.061620 -0.034049
v -0.077394 0.061696 -0.034220
v -0.077473 0.061714 -0.034397
v -0.078354 0.061604 -0.033892
v -0.079127 0.061454 -0.033464
v -0.079566 0.061178 -0.033251
v -0.070925 0.053034 -0.038893
v -0.070444 0.053149 -0.039050
v -0.071365 0.052896 -0.038769
v -0.071408 0.052881 -0.038903
v -0.070959 0.053018 -0.039030
v -0.070470 0.053131 -0.039191
v -0.071752 0.052742 -0.038675
v -0.072115 0.052577 -0.038590
v -0.072169 0.052563 -0.038719
v -0.071802 0.052728 -0.038806
v -0.071857 0.052762 -0.038938
v -0.071454 0.052912 -0.039039
v -0.072230 0.052597 -0.038847
v -0.070990 0.053048 -0.039172
v -0.070489 0.053157 -0.039338
v -0.068989 0.053390 -0.039622
v -0.068608 0.053470 -0.039801
v -0.069459 0.053309 -0.039428
v -0.069479 0.053287 -0.039572
v -0.069010 0.053366 -0.039768
v -0.068631 0.053444 -0.039946
v -0.069952 0.053234 -0.039233
v -0.069974 0.053213 -0.039376
v -0.069988 0.053235 -0.039526
v -0.069488 0.053306 -0.039726
v -0.069018 0.053383 -0.039923
v -0.068642 0.053461 -0.040100
v -0.078683 0.059433 -0.033678
v -0.078258 0.058777 -0.034010
v -0.079090 0.060068 -0.033343
v -0.079196 0.060091 -0.033454
v -0.078791 0.059457 -0.033792
v -0.078367 0.058801 -0.034130
v -0.079403 0.060659 -0.033069
v -0.079511 0.060686 -0.033179
v -0.079552 0.060716 -0.033316
v -0.079239 0.060124 -0.033592
v -0.078836 0.059490 -0.033934
v -0.078415 0.058834 -0.034274
v -0.077086 0.056808 -0.034943
v -0.077444 0.057447 -0.034640
v -0.077557 0.057471 -0.034774
v -0.077201 0.056830 -0.035083
v -0.077837 0.058111 -0.034332
v -0.077949 0.058135 -0.034459
v -0.077999 0.058166 -0.034604
v -0.077610 0.057501 -0.034919
v -0.077255 0.056859 -0.035228
v -0.069180 0.063118 -0.038413
v -0.069677 0.063014 -0.038133
v -0.068685 0.063223 -0.038692
v -0.068785 0.063294 -0.038903
v -0.069283 0.063191 -0.038627
v -0.069782 0.063089 -0.038350
v -0.068197 0.063325 -0.038967
v -0.067750 0.063412 -0.039219
v -0.067846 0.063482 -0.039429
v -0.068295 0.063395 -0.039176
v -0.068397 0.063403 -0.039361
v -0.068888 0.063303 -0.039092
v -0.067946 0.063489 -0.039610
v -0.069387 0.063202 -0.038819
v -0.069888 0.063101 -0.038546
v -0.071160 0.062682 -0.037305
v -0.071533 0.062424 -0.037131
v -0.070677 0.062807 -0.037570
v -0.070787 0.062884 -0.037788
v -0.071264 0.062752 -0.037497
v -0.071623 0.062465 -0.037250
v -0.070176 0.062910 -0.037851
v -0.070285 0.062987 -0.038071
v -0.070392 0.063001 -0.038270
v -0.070895 0.062899 -0.037988
v -0.071368 0.062769 -0.037697
v -0.071711 0.062491 -0.037447
v -0.073996 0.051676 -0.038085
v -0.073628 0.051849 -0.038192
v -0.074353 0.051517 -0.037969
v -0.074409 0.051502 -0.038096
v -0.074052 0.051662 -0.038212
v -0.073684 0.051835 -0.038319
v -0.074692 0.051401 -0.037842
v -0.074749 0.051386 -0.037968
v -0.074821 0.051419 -0.038080
v -0.074485 0.051535 -0.038216
v -0.074127 0.051695 -0.038335
v -0.073757 0.051869 -0.038442
v -0.072488 0.052403 -0.038492
v -0.072871 0.052221 -0.038389
v -0.072927 0.052207 -0.038517
v -0.072543 0.052390 -0.038620
v -0.073252 0.052032 -0.038292
v -0.073308 0.052019 -0.038419
v -0.073379 0.052053 -0.038542
v -0.072994 0.052242 -0.038640
v -0.072607 0.052424 -0.038745
v -0.072295 0.057941 -0.037302
v -0.072352 0.057613 -0.037235
v -0.072192 0.058567 -0.037250
v -0.072297 0.058586 -0.037387
v -0.072392 0.057966 -0.037436
v -0.072537 0.057693 -0.037624
v -0.072100 0.059242 -0.037207
v -0.072010 0.059920 -0.037171
v -0.072117 0.059942 -0.037304
v -0.072206 0.059263 -0.037342
v -0.072261 0.059290 -0.037482
v -0.072351 0.058612 -0.037527
v -0.072171 0.059970 -0.037443
v -0.072453 0.057985 -0.037584
v -0.072682 0.057708 -0.037944
v -0.071922 0.060599 -0.037137
v -0.071835 0.061279 -0.037103
v -0.071939 0.061301 -0.037230
v -0.072028 0.060622 -0.037267
v -0.071733 0.061930 -0.037080
v -0.071833 0.061956 -0.037201
v -0.071889 0.061981 -0.037343
v -0.071992 0.061329 -0.037368
v -0.072082 0.060650 -0.037406
v -0.072625 0.059083 -0.036861
v -0.072715 0.059716 -0.036740
v -0.072540 0.058454 -0.036993
v -0.072661 0.058513 -0.037346
v -0.072743 0.059147 -0.037202
v -0.072826 0.059783 -0.037065
v -0.072468 0.057879 -0.037170
v -0.072588 0.057937 -0.037508
v -0.072727 0.057963 -0.037771
v -0.072806 0.058550 -0.037605
v -0.072887 0.059188 -0.037451
v -0.072969 0.059826 -0.037303
v -0.073024 0.061595 -0.036406
v -0.072900 0.060990 -0.036517
v -0.072996 0.061059 -0.036806
v -0.073117 0.061668 -0.036681
v -0.072806 0.060352 -0.036627
v -0.072910 0.060421 -0.036933
v -0.073051 0.060465 -0.037156
v -0.073132 0.061103 -0.037012
v -0.073244 0.061706 -0.036866
v -0.066341 0.060782 -0.040250
v -0.066089 0.061386 -0.040350
v -0.066537 0.060175 -0.040169
v -0.066601 0.060196 -0.040333
v -0.066406 0.060803 -0.040411
v -0.066154 0.061408 -0.040508
v -0.066697 0.059567 -0.040103
v -0.066843 0.058968 -0.040060
v -0.066906 0.058989 -0.040245
v -0.066760 0.059589 -0.040275
v -0.066848 0.059604 -0.040442
v -0.066691 0.060213 -0.040497
v -0.066990 0.059003 -0.040417
v -0.066499 0.060822 -0.040571
v -0.066248 0.061428 -0.040664
v -0.065292 0.063174 -0.040656
v -0.065209 0.063586 -0.040692
v -0.065539 0.062596 -0.040564
v -0.065602 0.062618 -0.040717
v -0.065355 0.063202 -0.040817
v -0.065278 0.063636 -0.040873
v -0.065815 0.061991 -0.040457
v -0.065878 0.062012 -0.040612
v -0.065973 0.062032 -0.040765
v -0.065695 0.062638 -0.040867
v -0.065448 0.063218 -0.040960
v -0.065373 0.063639 -0.041016
v -0.067344 0.055852 -0.040480
v -0.067332 0.056522 -0.040297
v -0.067305 0.055205 -0.040654
v -0.067355 0.055213 -0.040842
v -0.067397 0.055861 -0.040676
v -0.067385 0.056533 -0.040498
v -0.067275 0.054625 -0.040757
v -0.067306 0.054217 -0.040713
v -0.067352 0.054204 -0.040898
v -0.067321 0.054628 -0.040935
v -0.067384 0.054635 -0.041090
v -0.067421 0.055217 -0.041005
v -0.067409 0.054223 -0.041053
v -0.067463 0.055864 -0.040846
v -0.067454 0.056538 -0.040674
v -0.066969 0.058386 -0.040051
v -0.067118 0.057803 -0.040074
v -0.067180 0.057821 -0.040279
v -0.067032 0.058408 -0.040252
v -0.067260 0.057180 -0.040152
v -0.067315 0.057194 -0.040356
v -0.067387 0.057202 -0.040533
v -0.067259 0.057832 -0.040455
v -0.067112 0.058421 -0.040427
v -0.067947 0.053674 -0.040234
v -0.067782 0.053747 -0.040356
v -0.068131 0.053606 -0.040101
v -0.068164 0.053582 -0.040240
v -0.067986 0.053651 -0.040370
v -0.067825 0.053724 -0.040489
v -0.068337 0.053540 -0.039958
v -0.068365 0.053515 -0.040100
v -0.068383 0.053532 -0.040251
v -0.068189 0.053600 -0.040387
v -0.068018 0.053670 -0.040514
v -0.067862 0.053745 -0.040632
v -0.067397 0.054006 -0.040650
v -0.067510 0.053904 -0.040563
v -0.067555 0.053884 -0.040695
v -0.067441 0.053988 -0.040782
v -0.067638 0.053823 -0.040465
v -0.067682 0.053802 -0.040597
v -0.067722 0.053825 -0.040739
v -0.067597 0.053908 -0.040839
v -0.067491 0.054012 -0.040948
v -0.066014 0.063660 -0.040199
v -0.066353 0.063615 -0.040008
v -0.065675 0.063705 -0.040393
v -0.065756 0.063765 -0.040581
v -0.066098 0.063722 -0.040393
v -0.066440 0.063679 -0.040207
v -0.065367 0.063727 -0.040587
v -0.065445 0.063786 -0.040774
v -0.065537 0.063784 -0.040924
v -0.065849 0.063765 -0.040740
v -0.066193 0.063723 -0.040557
v -0.066536 0.063681 -0.040376
v -0.067369 0.063476 -0.039434
v -0.067026 0.063524 -0.039627
v -0.067119 0.063592 -0.039835
v -0.067464 0.063544 -0.039644
v -0.066690 0.063570 -0.039817
v -0.066780 0.063636 -0.040021
v -0.066878 0.063639 -0.040194
v -0.067218 0.063596 -0.040011
v -0.067563 0.063550 -0.039822
vn 0.504200 -0.059500 0.861600
vn 0.492500 -0.161600 0.855200
vn 0.489900 -0.146200 0.859500
vn 0.487100 -0.116600 0.865500
vn 0.475400 -0.207500 0.854900
vn 0.481200 -0.185800 0.856700
vn 0.489100 -0.167100 0.856100
vn 0.501900 -0.133100 0.854600
vn 0.513000 -0.115700 0.850600
vn 0.455800 -0.242300 0.856500
vn 0.462300 -0.219400 0.859200
vn 0.432400 -0.259600 0.863500
vn 0.436300 -0.237100 0.868000
vn 0.445900 -0.211700 0.869700
vn 0.471000 -0.197000 0.859800
vn 0.481000 -0.176200 0.858800
vn 0.497200 -0.150000 0.854500
vn 0.458500 -0.185100 0.869200
vn 0.469100 -0.159100 0.868700
vn 0.487600 -0.158000 0.858600
vn 0.498500 -0.138400 0.855800
vn 0.507300 -0.119800 0.853400
vn 0.514900 -0.107200 0.850500
vn 0.502200 -0.112800 0.857400
vn 0.504700 -0.101000 0.857400
vn 0.405000 -0.256900 0.877500
vn 0.405100 -0.235400 0.883500
vn 0.375900 -0.241400 0.894700
vn 0.371200 -0.221700 0.901700
vn 0.379200 -0.193600 0.904800
vn 0.414500 -0.208000 0.885900
vn 0.361200 -0.257900 0.896100
vn 0.349900 -0.242200 0.904900
vn 0.411700 -0.458700 0.787400
vn 0.391600 -0.452600 0.801100
vn 0.379500 -0.442200 0.812700
vn 0.353500 -0.217800 0.909700
vn 0.369700 -0.186700 0.910200
vn 0.396800 -0.158900 0.904000
vn 0.378700 -0.427700 0.820800
vn 0.385100 -0.409700 0.827000
vn 0.390600 -0.152500 0.907800
vn 0.416100 -0.122600 0.901000
vn 0.430100 -0.175900 0.885500
vn 0.444500 -0.143100 0.884300
vn 0.458200 -0.113900 0.881500
vn 0.476200 -0.138800 0.868300
vn 0.432400 -0.087800 0.897400
vn 0.443300 -0.056900 0.894600
vn 0.465200 -0.094200 0.880200
vn 0.475300 -0.131700 0.869900
vn 0.407400 -0.117800 0.905600
vn 0.395300 -0.391300 0.831000
vn 0.411700 -0.369700 0.832900
vn 0.420600 -0.083000 0.903400
vn 0.437900 -0.058100 0.897100
vn 0.449500 -0.036800 0.892500
vn 0.442200 -0.350200 0.825700
vn 0.498200 -0.343800 0.796000
vn 0.482300 -0.054300 0.874300
vn 0.478000 -0.030300 0.877800
vn 0.464100 -0.086700 0.881600
vn 0.468400 -0.135800 0.873000
vn 0.479100 -0.085400 0.873600
vn 0.475200 -0.140100 0.868700
vn 0.486400 -0.111500 0.866600
vn 0.485800 -0.095500 0.868800
vn 0.489300 -0.136200 0.861400
vn 0.472600 -0.141700 0.869800
vn 0.467000 -0.112500 0.877100
vn 0.464900 -0.090100 0.880800
vn 0.486700 -0.147900 0.861000
vn 0.476100 -0.150000 0.866500
vn 0.464300 -0.158400 0.871400
vn 0.457600 -0.148400 0.876700
vn 0.465800 -0.164300 0.869500
vn 0.454100 -0.152500 0.877800
vn 0.450500 -0.113400 0.885600
vn 0.446200 -0.085800 0.890800
vn 0.442900 -0.114100 0.889300
vn 0.436200 -0.083500 0.896000
vn 0.478800 -0.111300 0.870800
vn 0.111400 -0.014400 0.993700
vn 0.522300 -0.114400 0.845000
vn 0.528200 -0.110500 0.841900
vn 0.479800 -0.109400 0.870600
vn 0.095400 -0.068800 0.993100
vn 0.522200 -0.108200 0.845900
vn 0.509400 -0.101400 0.854600
vn 0.513100 -0.101100 0.852400
vn 0.526900 -0.106400 0.843300
vn 0.528000 -0.103400 0.842900
vn 0.530600 -0.104500 0.841200
vn 0.514300 -0.101100 0.851600
vn 0.512300 -0.106500 0.852200
vn 0.526000 -0.104900 0.844000
vn 0.530000 -0.102900 0.841700
vn 0.485000 -0.101100 0.868600
vn 0.122000 -0.063900 0.990500
vn 0.487300 -0.096700 0.867800
vn 0.143900 -0.059800 0.987800
vn 0.489400 -0.094100 0.867000
vn 0.467100 -0.087000 0.879900
vn 0.470000 -0.087600 0.878300
vn 0.492600 -0.094500 0.865100
vn 0.447700 -0.080700 0.890500
vn 0.436900 -0.075800 0.896300
vn 0.442400 -0.074300 0.893700
vn 0.452100 -0.080800 0.888300
vn 0.458600 -0.084800 0.884600
vn 0.473500 -0.091500 0.876000
vn 0.451900 -0.077300 0.888700
vn 0.465200 -0.087700 0.880800
vn 0.468300 -0.096700 0.878200
vn 0.478100 -0.103700 0.872100
vn 0.494600 -0.097100 0.863700
vn 0.494500 -0.106700 0.862600
vn 0.493100 -0.119400 0.861700
vn 0.507000 -0.117200 0.853900
vn 0.484100 -0.116100 0.867300
vn 0.491300 -0.116900 0.863100
vn 0.494600 -0.123700 0.860300
vn 0.502200 -0.125600 0.855600
vn 0.479800 -0.108100 0.870700
vn 0.478200 -0.099500 0.872600
vn 0.487500 -0.100700 0.867300
vn 0.489400 -0.108500 0.865300
vn 0.492000 -0.065500 0.868100
vn 0.493700 -0.074300 0.866400
vn 0.489900 -0.057300 0.869900
vn 0.452600 0.185100 0.872300
vn 0.452600 0.175700 0.874300
vn 0.454500 0.165900 0.875200
vn 0.495500 -0.083100 0.864700
vn 0.498200 -0.090100 0.862400
vn 0.456900 0.157200 0.875500
vn 0.459300 0.149600 0.875600
vn 0.486700 -0.098900 0.868000
vn 0.162400 -0.062400 0.984800
vn 0.526800 -0.107500 0.843200
vn 0.520600 -0.114100 0.846100
vn 0.483000 -0.103200 0.869500
vn 0.172000 -0.062000 0.983100
vn 0.521200 -0.112500 0.846000
vn 0.514000 -0.121400 0.849100
vn 0.504300 -0.091500 0.858600
vn 0.509200 -0.086000 0.856300
vn 0.461900 0.144600 0.875100
vn 0.456400 0.151200 0.876800
vn 0.475000 -0.075800 0.876700
vn 0.152700 0.000300 0.988300
vn 0.372900 0.189300 0.908300
vn 0.173300 0.160200 0.971800
vn 0.117100 -0.403900 0.907300
vn 0.360700 -0.280000 0.889700
vn 0.354000 -0.248900 0.901500
vn 0.127700 -0.375600 0.917900
vn 0.412500 -0.256300 0.874200
vn 0.405800 -0.219500 0.887200
vn 0.404100 -0.178100 0.897200
vn 0.354100 -0.213800 0.910500
vn 0.141800 -0.345000 0.927800
vn 0.431000 -0.249100 0.867300
vn 0.427500 -0.208400 0.879700
vn 0.448300 -0.237400 0.861800
vn 0.449300 -0.195400 0.871800
vn 0.447500 -0.146300 0.882200
vn 0.425700 -0.161200 0.890400
vn 0.429100 -0.128500 0.894100
vn 0.408800 -0.149900 0.900200
vn 0.447800 -0.111600 0.887100
vn 0.452100 -0.097100 0.886700
vn 0.436100 -0.115200 0.892500
vn 0.418100 -0.138800 0.897700
vn 0.362200 -0.191100 0.912300
vn 0.163500 -0.328200 0.930300
vn 0.376400 -0.183000 0.908200
vn 0.189800 -0.323600 0.927000
vn 0.467900 -0.219200 0.856200
vn 0.473200 -0.178400 0.862700
vn 0.489500 -0.194800 0.850000
vn 0.498600 -0.158500 0.852200
vn 0.499600 -0.120700 0.857800
vn 0.472700 -0.132700 0.871200
vn 0.518400 -0.155000 0.841000
vn 0.541200 -0.127800 0.831100
vn 0.724200 -0.009000 0.689500
vn 0.727200 -0.050400 0.684600
vn 0.548200 -0.104000 0.829900
vn 0.542800 -0.084500 0.835600
vn 0.494700 -0.094200 0.863900
vn 0.705000 -0.039200 0.708200
vn 0.693800 -0.028800 0.719600
vn 0.535100 -0.071200 0.841800
vn 0.488500 -0.079500 0.868900
vn 0.469200 -0.100200 0.877400
vn 0.467600 -0.085200 0.879800
vn 0.468800 -0.078100 0.879800
vn 0.457700 -0.089900 0.884500
vn 0.484200 -0.072000 0.872000
vn 0.481800 -0.065300 0.873800
vn 0.471600 -0.071900 0.878900
vn 0.463700 -0.084300 0.882000
vn 0.527800 -0.063300 0.847000
vn 0.683400 -0.023000 0.729600
vn 0.676900 -0.011500 0.736000
vn 0.521200 -0.056500 0.851600
vn 0.510300 -0.019000 0.859800
vn 0.476900 -0.025400 0.878600
vn 0.676800 0.071000 0.732700
vn 0.600200 0.250900 0.759500
vn 0.476400 0.239900 0.845900
vn 0.436600 0.209000 0.875000
vn 0.471900 -0.031400 0.881100
vn 0.468000 -0.043900 0.882700
vn 0.441100 0.203200 0.874200
vn 0.445400 0.190700 0.874800
vn 0.394300 -0.180400 0.901100
vn 0.217400 -0.321900 0.921500
vn 0.430600 -0.133900 0.892600
vn 0.445200 -0.130100 0.885900
vn 0.412800 -0.176400 0.893600
vn 0.236600 -0.311600 0.920300
vn 0.444500 -0.108600 0.889200
vn 0.454400 -0.103700 0.884700
vn 0.463000 -0.063400 0.884100
vn 0.457000 -0.088500 0.885100
vn 0.445500 0.172300 0.878600
vn 0.435800 0.152900 0.887000
vn 0.423900 -0.130300 0.896300
vn 0.223900 -0.237800 0.945200
vn 0.377300 0.126900 0.917400
vn 0.217800 0.011400 0.975900
vn 0.106600 -0.424400 0.899200
vn 0.369600 -0.309300 0.876200
vn 0.092100 -0.445900 0.890300
vn 0.376400 -0.338100 0.862500
vn 0.423500 -0.319000 0.847900
vn 0.419300 -0.289100 0.860600
vn 0.079600 -0.461100 0.883800
vn 0.379900 -0.356300 0.853600
vn 0.066700 -0.460000 0.885400
vn 0.379400 -0.354700 0.854500
vn 0.421400 -0.335800 0.842400
vn 0.424300 -0.337300 0.840400
vn 0.424700 -0.333400 0.841700
vn 0.429900 -0.314100 0.846400
vn 0.416300 -0.333400 0.845900
vn 0.409500 -0.327600 0.851500
vn 0.423500 -0.325200 0.845500
vn 0.434700 -0.304400 0.847600
vn 0.432000 -0.283500 0.856100
vn 0.443100 -0.272700 0.854000
vn 0.052100 -0.439800 0.896600
vn 0.374500 -0.331000 0.866200
vn 0.036500 -0.411300 0.910800
vn 0.364900 -0.292000 0.884100
vn 0.404800 -0.273000 0.872700
vn 0.414800 -0.312300 0.854700
vn 0.032300 -0.426100 0.904100
vn 0.361400 -0.278200 0.889900
vn 0.097200 -0.518900 0.849300
vn 0.352700 -0.482200 0.801900
vn 0.440000 -0.432400 0.787100
vn 0.401700 -0.260200 0.878000
vn 0.388200 -0.266700 0.882100
vn 0.391400 -0.276300 0.877700
vn 0.437800 -0.436400 0.786100
vn 0.428500 -0.446000 0.785800
vn 0.372900 -0.273600 0.886600
vn 0.376500 -0.278500 0.883600
vn 0.404800 -0.312500 0.859400
vn 0.393200 -0.310200 0.865600
vn 0.387800 -0.302800 0.870600
vn 0.407600 -0.315900 0.856800
vn 0.368900 -0.276000 0.887500
vn 0.373700 -0.267900 0.888000
vn 0.393700 -0.290400 0.872200
vn 0.413900 -0.299200 0.859800
vn 0.364700 -0.276300 0.889200
vn 0.423600 -0.452600 0.784700
vn 0.423800 -0.455300 0.783000
vn 0.367600 -0.273400 0.888900
vn 0.371500 -0.266700 0.889300
vn 0.380900 -0.255600 0.888600
vn 0.423800 -0.457700 0.781600
vn 0.404100 -0.274500 0.872600
vn 0.426000 -0.279900 0.860400
vn 0.457300 -0.254200 0.852200
vn 0.443100 -0.287200 0.849200
vn 0.454200 -0.263100 0.851200
vn 0.473600 -0.228300 0.850700
vn 0.426400 -0.310200 0.849700
vn 0.433900 -0.289300 0.853200
vn 0.445900 -0.265600 0.854800
vn 0.466200 -0.234600 0.853000
vn 0.491200 -0.192400 0.849500
vn 0.443400 -0.115600 0.888800
vn 0.433300 -0.083400 0.897400
vn 0.459600 -0.155600 0.874400
vn 0.460000 -0.160200 0.873300
vn 0.441400 -0.118100 0.889500
vn 0.430100 -0.083700 0.898900
vn 0.477800 -0.168300 0.862200
vn 0.495900 -0.143500 0.856400
vn 0.505900 -0.153100 0.848900
vn 0.481800 -0.175900 0.858500
vn 0.475500 -0.185900 0.859900
vn 0.453500 -0.165200 0.875800
vn 0.501900 -0.167800 0.848500
vn 0.497400 -0.182200 0.848200
vn 0.470500 -0.194000 0.860800
vn 0.449900 -0.168100 0.877100
vn 0.436100 -0.119900 0.891900
vn 0.428100 -0.082500 0.900000
vn 0.435300 -0.120000 0.892300
vn 0.430600 -0.079300 0.899100
vn 0.512100 -0.088000 0.854400
vn 0.525900 -0.033300 0.849900
vn 0.553200 -0.043600 0.831900
vn 0.530600 -0.098900 0.841800
vn 0.545700 -0.063600 0.835500
vn 0.569100 -0.349900 0.744100
vn 0.616800 -0.357900 0.701100
vn 0.582900 -0.073700 0.809200
vn 0.594400 -0.083300 0.799800
vn 0.557800 -0.059300 0.827900
vn 0.639800 -0.361400 0.678200
vn 0.662600 -0.361400 0.656000
vn 0.604400 -0.094000 0.791100
vn 0.560300 -0.076700 0.824700
vn 0.530400 -0.116200 0.839700
vn 0.528200 -0.134200 0.838400
vn 0.527900 -0.151500 0.835700
vn 0.495800 -0.194600 0.846400
vn 0.564400 -0.094800 0.820000
vn 0.587000 -0.109400 0.802200
vn 0.546900 -0.163800 0.821000
vn 0.513100 -0.202100 0.834200
vn 0.616100 -0.105300 0.780600
vn 0.688300 -0.357500 0.631300
vn 0.729700 -0.349000 0.588000
vn 0.643200 -0.115600 0.756900
vn 0.766800 -0.104400 0.633400
vn 0.731200 -0.093200 0.675800
vn 0.848100 -0.304600 0.433500
vn 0.963200 -0.167200 0.210400
vn 0.970500 -0.040700 0.237500
vn 0.962700 -0.002700 0.270700
vn 0.691000 -0.144200 0.708400
vn 0.649700 -0.189600 0.736200
vn 0.950000 -0.052400 0.307700
vn 0.927200 -0.128600 0.351900
vn 0.439900 -0.118700 0.890200
vn 0.435800 -0.075300 0.896900
vn 0.452200 -0.169200 0.875700
vn 0.469100 -0.170400 0.866600
vn 0.458000 -0.119000 0.880900
vn 0.453400 -0.074000 0.888200
vn 0.470100 -0.199300 0.859800
vn 0.486800 -0.201800 0.849900
vn 0.610300 -0.203000 0.765700
vn 0.583200 -0.185800 0.790800
vn 0.894900 -0.198100 0.399900
vn 0.870700 -0.227800 0.435900
vn 0.569400 -0.139500 0.810200
vn 0.559400 -0.094700 0.823400
vn 0.861700 -0.201000 0.465900
vn 0.854600 -0.171600 0.490200
vn 0.488000 -0.050700 0.871400
vn 0.454500 0.192300 0.869800
vn 0.485700 -0.094300 0.869000
vn 0.484900 -0.089100 0.870000
vn 0.487200 -0.045500 0.872100
vn 0.455700 0.198700 0.867700
vn 0.477500 -0.092700 0.873700
vn 0.465800 -0.079800 0.881300
vn 0.467400 -0.073900 0.881000
vn 0.477500 -0.087600 0.874200
vn 0.478100 -0.083500 0.874300
vn 0.484900 -0.084600 0.870500
vn 0.469200 -0.069600 0.880400
vn 0.470900 -0.066200 0.879700
vn 0.478700 -0.079800 0.874300
vn 0.485100 -0.080200 0.870800
vn 0.487100 -0.040700 0.872400
vn 0.455100 0.206400 0.866200
vn 0.487100 -0.036100 0.872600
vn 0.454200 0.214600 0.864700
vn 0.451700 -0.069500 0.889400
vn 0.439100 -0.067900 0.895900
vn 0.440400 -0.060900 0.895700
vn 0.454400 -0.062400 0.888600
vn 0.432100 -0.072100 0.898900
vn 0.430400 -0.068300 0.900100
vn 0.432400 -0.063100 0.899500
vn 0.444000 -0.053700 0.894400
vn 0.436800 -0.057100 0.897800
vn 0.448300 -0.047100 0.892700
vn 0.457600 -0.056400 0.887400
vn 0.460800 -0.051400 0.886000
vn 0.463700 -0.047500 0.884700
vn 0.472200 -0.063500 0.879200
vn 0.452600 -0.041200 0.890800
vn 0.466200 -0.039000 0.883800
vn 0.474900 -0.048000 0.878700
vn 0.481300 -0.065100 0.874200
vn 0.441900 -0.051200 0.895600
vn 0.457400 -0.048300 0.887900
vn 0.557500 -0.070800 0.827200
vn 0.559000 -0.065100 0.826600
vn 0.851300 -0.168300 0.496900
vn 0.844400 -0.182200 0.503700
vn 0.559300 -0.080800 0.825000
vn 0.558900 -0.102700 0.822900
vn 0.829900 -0.223700 0.511100
vn 0.815400 -0.263400 0.515400
vn 0.487200 -0.031600 0.872700
vn 0.453400 0.222800 0.863000
vn 0.485300 -0.075900 0.871000
vn 0.493100 -0.075600 0.866700
vn 0.494500 -0.030900 0.868600
vn 0.464600 0.233900 0.854100
vn 0.479100 -0.076200 0.874400
vn 0.487300 -0.076400 0.869900
vn 0.560500 -0.112800 0.820500
vn 0.562900 -0.110400 0.819100
vn 0.807600 -0.273500 0.522500
vn 0.805200 -0.264900 0.530600
vn 0.560800 -0.063800 0.825500
vn 0.571500 0.233300 0.786700
vn 0.820000 -0.203200 0.535100
vn 0.840000 0.039700 0.541200
vn -0.545800 0.204000 -0.812700
vn -0.545600 0.145600 -0.825300
vn -0.510900 0.131300 -0.849600
vn -0.515600 0.146600 -0.844200
vn -0.519800 0.109300 -0.847300
vn -0.509400 0.119900 -0.852100
vn -0.498400 0.149300 -0.854000
vn -0.499700 0.164900 -0.850300
vn -0.499900 0.182900 -0.846500
vn -0.508900 0.102700 -0.854700
vn -0.504900 0.111400 -0.856000
vn -0.489200 0.100600 -0.866300
vn -0.490400 0.109500 -0.864600
vn -0.489000 0.128500 -0.862700
vn -0.496700 0.135600 -0.857200
vn -0.480600 0.149700 -0.864100
vn -0.479800 0.169000 -0.861000
vn -0.480600 0.134800 -0.866500
vn -0.465900 0.119900 -0.876700
vn -0.458800 0.143800 -0.876800
vn -0.454000 0.170500 -0.874500
vn -0.480900 0.189500 -0.856100
vn -0.481800 0.210200 -0.850700
vn -0.454300 0.195600 -0.869100
vn -0.458000 0.217600 -0.861900
vn -0.421800 0.181100 -0.888400
vn -0.428900 0.203900 -0.880000
vn -0.422700 0.152000 -0.893400
vn -0.383200 0.100300 -0.918200
vn -0.381000 0.133700 -0.914900
vn -0.390700 0.157600 -0.906900
vn -0.432800 0.118600 -0.893700
vn -0.445900 0.087200 -0.890800
vn -0.417900 0.022500 -0.908200
vn -0.399200 0.061200 -0.914800
vn -0.331300 -0.135100 -0.933800
vn -0.305900 -0.082500 -0.948500
vn -0.358900 -0.186600 -0.914500
vn -0.179000 -0.652500 -0.736300
vn -0.133900 -0.603500 -0.786000
vn -0.090100 -0.544500 -0.833900
vn -0.298500 -0.036600 -0.953700
vn -0.309200 -0.004500 -0.951000
vn -0.065200 -0.486200 -0.871400
vn -0.070800 -0.443400 -0.893500
vn -0.469500 0.107000 -0.876400
vn -0.457600 0.063300 -0.886900
vn -0.459900 0.110000 -0.881100
vn -0.453000 0.052800 -0.890000
vn -0.429600 -0.039000 -0.902200
vn -0.431800 -0.012300 -0.901900
vn -0.439200 0.121900 -0.890100
vn -0.433500 0.054800 -0.899500
vn -0.428900 0.131300 -0.893800
vn -0.427800 0.061000 -0.901800
vn -0.417500 -0.048000 -0.907400
vn -0.414600 -0.050500 -0.908600
vn -0.352200 -0.296400 -0.887800
vn -0.366400 -0.272900 -0.889500
vn -0.358600 -0.294200 -0.885900
vn -0.140300 -0.744400 -0.652800
vn -0.158400 -0.739200 -0.654500
vn -0.182900 -0.720000 -0.669500
vn -0.370600 -0.233700 -0.898900
vn -0.195400 -0.690900 -0.696000
vn -0.463900 0.099300 -0.880300
vn -0.468000 0.113600 -0.876400
vn -0.438200 0.098600 -0.893500
vn -0.444000 0.120200 -0.887900
vn -0.450900 0.143800 -0.880900
vn -0.473000 0.132300 -0.871100
vn -0.415500 0.099000 -0.904200
vn -0.422800 0.126300 -0.897400
vn -0.401800 0.100300 -0.910200
vn -0.410300 0.130100 -0.902600
vn -0.419300 0.161600 -0.893400
vn -0.430500 0.155100 -0.889200
vn -0.436700 0.156100 -0.886000
vn -0.456900 0.141900 -0.878100
vn -0.425600 0.165100 -0.889700
vn -0.473700 0.131700 -0.870800
vn -0.850000 0.306800 -0.428300
vn -0.628700 0.172300 -0.758300
vn -0.936400 0.176300 -0.303600
vn -0.682800 0.161300 -0.712600
vn -0.547000 0.136600 -0.825900
vn -0.535000 0.124000 -0.835700
vn -0.936800 0.154100 -0.314300
vn -0.689200 0.153500 -0.708100
vn -0.929800 0.155000 -0.333900
vn -0.679100 0.157500 -0.717000
vn -0.548400 0.153200 -0.822000
vn -0.550700 0.143900 -0.822200
vn -0.520000 0.141000 -0.842500
vn -0.518500 0.129200 -0.845300
vn -0.518100 0.153900 -0.841400
vn -0.496400 0.154800 -0.854200
vn -0.497400 0.138500 -0.856400
vn -0.495300 0.124400 -0.859800
vn -0.513900 0.114600 -0.850100
vn -0.491600 0.109600 -0.863900
vn -0.464800 0.104700 -0.879200
vn -0.467800 0.119000 -0.875800
vn -0.439800 0.113500 -0.890900
vn -0.437300 0.100300 -0.893700
vn -0.470600 0.134200 -0.872100
vn -0.472100 0.153500 -0.868100
vn -0.450400 0.148600 -0.880300
vn -0.444100 0.128500 -0.886700
vn -0.425000 0.121600 -0.897000
vn -0.417600 0.107900 -0.902200
vn -0.436700 0.139600 -0.888700
vn -0.431000 0.128100 -0.893200
vn -0.414900 0.113500 -0.902800
vn -0.404300 0.102500 -0.908900
vn -0.413700 0.097000 -0.905200
vn -0.399600 0.094700 -0.911800
vn -0.492200 0.172400 -0.853200
vn -0.472700 0.172400 -0.864200
vn -0.488900 0.189400 -0.851600
vn -0.477100 0.185100 -0.859100
vn -0.470900 0.174500 -0.864800
vn -0.459100 0.166100 -0.872700
vn -0.491900 0.218500 -0.842800
vn -0.487000 0.209500 -0.847900
vn -0.491000 0.459700 -0.740000
vn -0.490700 0.451400 -0.745300
vn -0.491700 0.441300 -0.750600
vn -0.484800 0.197400 -0.852100
vn -0.483700 0.184100 -0.855700
vn -0.468000 0.161000 -0.869000
vn -0.492100 0.430200 -0.756800
vn -0.487800 0.418300 -0.766200
vn -0.481600 0.171100 -0.859500
vn -0.466000 0.147400 -0.872400
vn -0.452000 0.154400 -0.878600
vn -0.449200 0.141300 -0.882200
vn -0.919800 0.159500 -0.358600
vn -0.664200 0.165600 -0.729000
vn -0.907500 0.173100 -0.382700
vn -0.646600 0.178200 -0.741700
vn -0.534800 0.181400 -0.825300
vn -0.542800 0.165500 -0.823400
vn -0.894600 0.241300 -0.376100
vn -0.628700 0.212900 -0.747900
vn -0.820100 0.435500 -0.371200
vn -0.634200 0.502400 -0.587700
vn -0.519600 0.477500 -0.708500
vn -0.527800 0.217700 -0.821000
vn -0.502300 0.220900 -0.836000
vn -0.506400 0.186900 -0.841800
vn -0.494700 0.466200 -0.733500
vn -0.513100 0.169000 -0.841500
vn -0.758500 -0.032100 -0.650800
vn -0.737100 -0.056300 -0.673400
vn -0.506200 0.157700 -0.847900
vn -0.521100 0.185000 -0.833200
vn -0.718100 -0.072200 -0.692100
vn -0.496000 0.132200 -0.858200
vn -0.459400 0.160300 -0.873700
vn -0.465200 0.193400 -0.863800
vn -0.474100 0.224700 -0.851300
vn -0.703800 -0.077300 -0.706100
vn -0.493800 0.117600 -0.861600
vn -0.696200 -0.073200 -0.714100
vn -0.498500 0.115700 -0.859100
vn -0.465100 0.133200 -0.875200
vn -0.459500 0.138600 -0.877300
vn -0.472100 0.127700 -0.872200
vn -0.473200 0.153300 -0.867500
vn -0.474400 0.120300 -0.872000
vn -0.490400 0.109200 -0.864600
vn -0.491600 0.117100 -0.862900
vn -0.494700 0.142900 -0.857200
vn -0.477400 0.190700 -0.857700
vn -0.481300 0.224300 -0.847400
vn -0.497100 0.180100 -0.848800
vn -0.495100 0.213300 -0.842200
vn -0.516500 0.165600 -0.840200
vn -0.509800 0.195600 -0.837700
vn -0.516200 0.134000 -0.845900
vn -0.532900 0.128100 -0.836400
vn -0.531900 0.150700 -0.833300
vn -0.523000 0.174200 -0.834300
vn -0.511000 0.112400 -0.852200
vn -0.505500 0.105500 -0.856400
vn -0.518900 0.109100 -0.847900
vn -0.527300 0.114000 -0.842000
vn -0.522400 0.124700 -0.843500
vn -0.532400 0.132700 -0.836000
vn -0.512800 0.121900 -0.849800
vn -0.285700 0.181900 -0.940900
vn -0.280400 0.187900 -0.941300
vn -0.282300 0.204400 -0.937300
vn -0.539800 0.143900 -0.829400
vn -0.533800 0.151500 -0.831900
vn -0.351300 0.244100 -0.903900
vn -0.490700 0.107800 -0.864600
vn -0.501300 0.104300 -0.859000
vn -0.492800 0.113400 -0.862700
vn -0.499200 0.108700 -0.859600
vn -0.503900 0.111900 -0.856500
vn -0.510500 0.108600 -0.853000
vn -0.497100 0.141500 -0.856100
vn -0.500500 0.133500 -0.855400
vn -0.488500 0.387600 -0.781800
vn -0.494900 0.379000 -0.782000
vn -0.497900 0.379600 -0.779700
vn -0.501400 0.133500 -0.854800
vn -0.490400 0.141500 -0.859900
vn -0.494500 0.123900 -0.860300
vn -0.463400 0.409700 -0.785800
vn -0.341000 0.412400 -0.844800
vn -0.286900 0.238500 -0.927800
vn -0.294500 0.179100 -0.938700
vn -0.503100 0.121900 -0.855600
vn -0.290400 0.178200 -0.940200
vn -0.693500 -0.059300 -0.718000
vn -0.507300 0.119600 -0.853500
vn -0.695200 -0.034700 -0.718000
vn -0.518100 0.130200 -0.845300
vn -0.484900 0.141000 -0.863100
vn -0.473800 0.133600 -0.870400
vn -0.711700 0.036400 -0.701600
vn -0.526100 0.165900 -0.834100
vn -0.695400 0.286300 -0.659100
vn -0.541500 0.405200 -0.736600
vn -0.493500 0.411500 -0.766200
vn -0.496900 0.174700 -0.850000
vn -0.494100 0.157200 -0.855100
vn -0.485600 0.125800 -0.865100
vn -0.486600 0.400300 -0.776500
vn -0.479000 0.119500 -0.869600
vn -0.538000 0.217300 -0.814400
vn -0.783800 0.008200 -0.620900
vn -0.481900 0.256700 -0.837800
vn -0.485700 0.284900 -0.826400
vn -0.552600 0.246100 -0.796300
vn -0.808200 0.044000 -0.587300
vn -0.481400 0.256900 -0.838000
vn -0.488200 0.246200 -0.837300
vn -0.477500 0.275700 -0.834200
vn -0.477600 0.285500 -0.830900
vn -0.469800 0.299700 -0.830300
vn -0.485100 0.298300 -0.822000
vn -0.463300 0.291400 -0.836900
vn -0.445900 0.287300 -0.847800
vn -0.458000 0.293400 -0.839100
vn -0.480000 0.290600 -0.827800
vn -0.562300 0.258500 -0.785500
vn -0.824300 0.058600 -0.563200
vn -0.567300 0.248700 -0.785100
vn -0.833800 0.050500 -0.549800
vn -0.567000 0.215800 -0.795000
vn -0.836700 0.020300 -0.547200
vn -0.469900 0.261000 -0.843200
vn -0.451700 0.203700 -0.868600
vn -0.559100 0.152600 -0.814900
vn -0.830900 -0.046600 -0.554500
vn -0.442000 0.266100 -0.856600
vn -0.425300 0.262900 -0.866000
vn -0.398000 0.210600 -0.892900
vn -0.418600 0.211100 -0.883300
vn -0.362200 0.069900 -0.929500
vn -0.403300 0.061400 -0.913000
vn -0.335300 0.068200 -0.939700
vn -0.129600 -0.328400 -0.935600
vn -0.171200 -0.317900 -0.932500
vn -0.233500 -0.326400 -0.916000
vn -0.517200 0.012800 -0.855800
vn -0.796000 -0.207400 -0.568700
vn -0.386100 -0.405700 -0.828400
vn -0.661300 -0.437500 -0.609400
vn -0.439400 0.275000 -0.855200
vn -0.416400 0.254500 -0.872800
vn -0.444100 0.257500 -0.858200
vn -0.421600 0.240400 -0.874300
vn -0.391400 0.192400 -0.899900
vn -0.387300 0.204700 -0.898900
vn -0.455200 0.237700 -0.858000
vn -0.431000 0.222700 -0.874400
vn -0.397600 0.175700 -0.900600
vn -0.321500 0.019200 -0.946700
vn -0.319600 0.042400 -0.946600
vn -0.088200 -0.411000 -0.907400
vn -0.092600 -0.375600 -0.922200
vn -0.319400 0.059900 -0.945700
vn -0.101000 -0.346200 -0.932700
vn -0.497200 0.227300 -0.837300
vn -0.507000 0.201600 -0.838000
vn -0.486600 0.233600 -0.841800
vn -0.480600 0.258100 -0.838100
vn -0.515300 0.171600 -0.839600
vn -0.494500 0.206400 -0.844300
vn -0.475500 0.231700 -0.848700
vn -0.465200 0.254600 -0.847800
vn -0.461100 0.275800 -0.843400
vn -0.395400 0.102000 -0.912800
vn -0.405700 0.132400 -0.904400
vn -0.390500 0.103700 -0.914700
vn -0.402100 0.134400 -0.905700
vn -0.416500 0.166800 -0.893700
vn -0.417200 0.164400 -0.893800
vn -0.387300 0.104000 -0.916100
vn -0.396500 0.136300 -0.907900
vn -0.387100 0.102300 -0.916300
vn -0.393100 0.136600 -0.909300
vn -0.406400 0.173000 -0.897200
vn -0.411600 0.170300 -0.895300
vn -0.431300 0.181800 -0.883700
vn -0.432400 0.174200 -0.884700
vn -0.426000 0.189800 -0.884600
vn -0.453500 0.172100 -0.874500
vn -0.457600 0.157300 -0.875200
vn -0.452800 0.144700 -0.879800
vn -0.427500 0.169400 -0.888000
vn -0.438200 0.137000 -0.888400
vn -0.448700 0.067700 -0.891100
vn -0.475400 0.077900 -0.876300
vn -0.490300 -0.021300 -0.871300
vn -0.452200 -0.037100 -0.891200
vn -0.487300 0.094400 -0.868100
vn -0.485900 0.114800 -0.866500
vn -0.510900 0.021100 -0.859400
vn -0.508500 -0.001500 -0.861100
vn -0.464200 -0.209900 -0.860500
vn -0.447000 -0.236100 -0.862800
vn -0.462800 -0.185800 -0.866800
vn -0.148000 -0.662300 -0.734500
vn -0.172600 -0.683300 -0.709500
vn -0.174900 -0.705400 -0.686900
vn -0.402900 -0.268100 -0.875100
vn -0.151600 -0.730900 -0.665400
vn -0.446400 0.186300 -0.875200
vn -0.481500 0.135700 -0.865900
vn -0.413400 0.203400 -0.887500
vn -0.467700 0.159200 -0.869400
vn -0.520100 0.070300 -0.851200
vn -0.510000 0.045300 -0.859000
vn -0.108600 0.231800 -0.966700
vn -0.151300 0.221300 -0.963400
vn 0.548400 0.168200 -0.819100
vn 0.543600 0.219400 -0.810200
vn 0.531700 0.195800 -0.824000
vn -0.202700 0.141200 -0.969000
vn -0.229100 -0.069000 -0.971000
vn -0.483400 -0.126400 -0.866300
vn 0.531400 0.039200 -0.846200
vn 0.542900 -0.234900 -0.806300
vn 0.153600 -0.503900 -0.850000
vn -0.081600 -0.607800 -0.789900
vn -0.459400 -0.158700 -0.873900
vn -0.118600 -0.637100 -0.761600
vn -0.385800 0.098700 -0.917300
vn -0.389100 0.134900 -0.911300
vn -0.357100 0.088400 -0.929900
vn -0.353400 0.127000 -0.926800
vn -0.358800 0.171900 -0.917400
vn -0.400100 0.174200 -0.899700
vn -0.167400 0.042500 -0.985000
vn -0.142400 0.082800 -0.986300
vn 0.367700 -0.085500 -0.926000
vn 0.406700 -0.053300 -0.912000
vn 0.462000 -0.004000 -0.886900
vn -0.117400 0.139100 -0.983300
vn -0.099000 0.197200 -0.975400
vn -0.376500 0.203500 -0.903800
vn 0.521500 0.083800 -0.849100
vn -0.418600 0.196500 -0.886700
vn -0.479500 0.406200 -0.777900
vn -0.478000 0.160000 -0.863700
vn -0.472900 0.397000 -0.786600
vn -0.475100 0.151300 -0.866800
vn -0.463000 0.125400 -0.877500
vn -0.464100 0.135400 -0.875400
vn -0.469500 0.392500 -0.790900
vn -0.473300 0.144700 -0.868900
vn -0.467000 0.390200 -0.793500
vn -0.471600 0.139400 -0.870700
vn -0.461700 0.108800 -0.880300
vn -0.462400 0.116800 -0.878900
vn -0.448900 0.111300 -0.886600
vn -0.448200 0.120000 -0.885800
vn -0.449400 0.103300 -0.887400
vn -0.435200 0.092600 -0.895600
vn -0.433300 0.099900 -0.895700
vn -0.431500 0.107900 -0.895600
vn -0.448200 0.129700 -0.884500
vn -0.430400 0.117100 -0.895000
vn -0.412400 0.104600 -0.905000
vn -0.414000 0.095800 -0.905200
vn -0.397800 0.090200 -0.913000
vn -0.398200 0.096800 -0.912200
vn -0.416400 0.087700 -0.905000
vn -0.419200 0.080100 -0.904400
vn -0.403100 0.075800 -0.912000
vn -0.400100 0.083100 -0.912700
vn -0.388800 0.087400 -0.917200
vn -0.388400 0.091000 -0.917000
vn -0.391000 0.082500 -0.916700
vn -0.392000 0.093100 -0.915200
vn -0.436900 0.086000 -0.895400
vn -0.421800 0.072800 -0.903700
vn -0.431400 0.076300 -0.898900
vn -0.413300 0.061800 -0.908500
vn -0.391200 0.055000 -0.918700
vn -0.405400 0.068200 -0.911600
vn -0.322200 0.017300 -0.946500
vn -0.286100 0.005300 -0.958200
vn 0.153200 -0.202100 -0.967300
vn 0.206600 -0.184900 -0.960800
vn 0.271400 -0.158600 -0.949300
vn -0.240600 -0.000200 -0.970600
vn -0.197400 0.011900 -0.980200
vn -0.370200 0.063900 -0.926700
vn 0.328500 -0.128400 -0.935700
vn -0.391800 0.076400 -0.916900
vn -0.465500 0.388300 -0.795300
vn -0.470300 0.135200 -0.872100
vn -0.462900 0.381600 -0.800100
vn -0.465100 0.128900 -0.875800
vn -0.456200 0.092900 -0.885000
vn -0.461500 0.101700 -0.881300
vn -0.364700 0.344300 -0.865100
vn -0.391800 0.083100 -0.916300
vn 0.009800 0.103500 -0.994600
vn 0.046400 -0.115800 -0.992200
vn 0.074900 -0.175700 -0.981600
vn -0.369500 0.041800 -0.928300
vn -0.348400 0.028200 -0.936900
vn -0.445400 0.086000 -0.891200
vn 0.111600 -0.197400 -0.973900
vn -0.450100 0.095900 -0.887800
vn -0.469500 -0.532100 0.704600
vn -0.484700 -0.520700 0.702800
vn -0.451200 -0.540400 0.710200
vn -0.784800 -0.483600 0.387600
vn -0.791000 -0.463500 0.399500
vn -0.794200 -0.451000 0.407300
vn -0.425100 -0.556900 0.713500
vn -0.404500 -0.569200 0.715800
vn -0.756200 -0.556300 0.344600
vn -0.770000 -0.522400 0.366400
vn -0.932700 -0.352000 -0.077800
vn -0.951000 -0.306300 -0.041600
vn -0.912100 -0.394200 -0.112400
vn -0.958500 -0.284600 -0.016600
vn -0.960300 -0.279100 -0.000200
vn -0.482900 -0.568800 0.665800
vn -0.206700 -0.808000 0.551700
vn -0.507500 -0.495300 0.705100
vn -0.790000 -0.456800 0.409100
vn -0.731900 -0.574300 0.366600
vn -0.448700 -0.874600 0.183700
vn -0.499000 -0.503000 0.705700
vn -0.796300 -0.442400 0.412500
vn -0.957800 -0.287400 0.008100
vn -0.944600 -0.328300 0.006800
vn -0.878400 -0.477800 -0.009100
vn -0.589200 -0.782500 -0.201200
vn 0.252200 0.723500 0.642600
vn 0.269000 0.716600 0.643500
vn 0.233000 0.729800 0.642700
vn -0.014700 0.968600 0.248200
vn 0.004500 0.969700 0.244100
vn 0.022700 0.970900 0.238400
vn 0.304600 0.757600 0.577300
vn 0.647300 0.671000 0.361600
vn 0.507100 0.860200 -0.054000
vn 0.090800 0.977400 0.190800
vn -0.207000 0.926400 -0.314400
vn -0.309800 0.903000 -0.297700
vn 0.155300 0.822700 -0.546800
vn -0.297800 0.903800 -0.307400
vn -0.282600 0.906800 -0.312800
vn 0.096500 0.663000 0.742300
vn -0.309800 0.270500 0.911500
vn 0.246800 0.696200 0.674100
vn -0.012200 0.966300 0.257300
vn -0.198100 0.916400 0.347800
vn -0.727000 0.432800 0.533000
vn 0.271700 0.707400 0.652400
vn 0.021400 0.970500 0.240000
vn -0.284400 0.906800 -0.311200
vn -0.310400 0.903300 -0.296200
vn -0.451900 0.866700 -0.211200
vn -0.884100 0.461400 -0.073200
vn 0.355100 -0.845100 0.399700
vn 0.323200 -0.846000 0.424100
vn 0.394300 -0.840700 0.371100
vn 0.288300 -0.946000 -0.148100
vn 0.229900 -0.968300 -0.097500
vn 0.176700 -0.982800 -0.053600
vn 0.434900 -0.834000 0.339600
vn 0.460300 -0.829700 0.315800
vn 0.356800 -0.906600 -0.225300
vn 0.337700 -0.920700 -0.195800
vn 0.205000 -0.832800 -0.514100
vn 0.161900 -0.874300 -0.457600
vn 0.212500 -0.804800 -0.554200
vn 0.104500 -0.911800 -0.397100
vn 0.049800 -0.938300 -0.342100
vn 0.350200 -0.823700 0.445900
vn 0.405300 -0.808700 0.426300
vn 0.316000 -0.837000 0.446600
vn 0.154100 -0.988000 -0.004400
vn 0.186200 -0.982500 0.004700
vn 0.231500 -0.972800 0.002700
vn 0.306600 -0.844400 0.439400
vn 0.146900 -0.988900 -0.022300
vn 0.022200 -0.953500 -0.300500
vn 0.032700 -0.961000 -0.274500
vn 0.062500 -0.963800 -0.259400
vn 0.099000 -0.961300 -0.257100
vn -0.308600 -0.585000 0.750100
vn -0.329900 -0.578100 0.746300
vn -0.308300 -0.559100 0.769700
vn -0.747500 -0.586600 0.311800
vn -0.727600 -0.620200 0.293100
vn -0.730100 -0.614700 0.298400
vn -0.389000 -0.365800 0.845500
vn -0.842900 -0.330200 0.424800
vn -0.967600 -0.199000 -0.155100
vn -0.888700 -0.391600 -0.238500
vn -0.871900 -0.428300 -0.237400
vn -0.871900 -0.438400 -0.218300
vn -0.389700 -0.564600 0.727600
vn -0.375300 -0.559300 0.739100
vn -0.746800 -0.581200 0.323200
vn -0.751100 -0.570000 0.333200
vn -0.354000 -0.566300 0.744300
vn -0.738500 -0.598700 0.310100
vn -0.879000 -0.435500 -0.193900
vn -0.889400 -0.426200 -0.165200
vn -0.899600 -0.414100 -0.138500
vn 0.216700 0.723600 0.655300
vn 0.220100 0.720400 0.657800
vn 0.213800 0.727600 0.651900
vn -0.074600 0.971300 0.225800
vn -0.072300 0.970700 0.229100
vn -0.068900 0.970300 0.232100
vn 0.214800 0.732800 0.645700
vn 0.224000 0.738700 0.635800
vn -0.056100 0.976300 0.208900
vn -0.071000 0.972900 0.220000
vn -0.331900 0.899500 -0.284000
vn -0.332300 0.902500 -0.274100
vn -0.321500 0.897700 -0.301300
vn -0.328500 0.905800 -0.267700
vn -0.325100 0.908600 -0.262100
vn 0.048100 0.705200 0.707300
vn -0.299200 0.495400 0.815500
vn 0.205700 0.717100 0.665900
vn -0.085400 0.964800 0.248800
vn -0.250600 0.908900 0.333300
vn -0.606100 0.625000 0.492000
vn 0.223200 0.717500 0.659900
vn -0.065800 0.969700 0.235100
vn -0.323500 0.910900 -0.256000
vn -0.344100 0.910500 -0.229300
vn -0.475400 0.875100 -0.090400
vn -0.775900 0.615200 0.139300
vn 0.474300 -0.819000 0.323100
vn 0.479500 -0.818900 0.315400
vn 0.444600 -0.830300 0.336000
vn 0.288600 -0.931500 -0.221200
vn 0.341500 -0.907700 -0.243700
vn 0.360400 -0.898200 -0.251800
vn 0.235200 -0.890100 0.390300
vn 0.032700 -0.995200 -0.092100
vn -0.152300 -0.856800 -0.492600
vn 0.069200 -0.773100 -0.630500
vn 0.138100 -0.752900 -0.643500
vn 0.174900 -0.750500 -0.637300
vn 0.470100 -0.825700 0.311700
vn 0.478100 -0.821000 0.312000
vn 0.368300 -0.895900 -0.248500
vn 0.359100 -0.902500 -0.237900
vn 0.482300 -0.819100 0.310700
vn 0.371600 -0.892700 -0.255100
vn 0.199200 -0.754000 -0.625900
vn 0.204500 -0.769100 -0.605500
vn 0.203200 -0.788400 -0.580600
vn -0.602700 0.128100 0.787600
vn 0.326600 0.416200 0.848600
vn -0.552900 0.026500 0.832800
vn -0.860900 0.089200 0.500800
vn -0.864000 0.143700 0.482600
vn -0.037400 0.987300 0.154300
vn -0.526800 0.023100 0.849700
vn -0.506700 0.025000 0.861800
vn -0.855900 0.085100 0.510000
vn -0.858800 0.083800 0.505400
vn -0.974900 0.119600 0.187800
vn -0.970400 0.131600 0.202400
vn -0.976100 0.120700 0.180700
vn -0.944300 0.225500 0.239600
vn -0.448000 0.635600 -0.628700
vn -0.488300 0.022100 0.872400
vn -0.474500 0.030100 0.879700
vn -0.850500 0.098400 0.516700
vn -0.854200 0.084400 0.513000
vn -0.469000 0.147600 0.870800
vn -0.815000 0.238700 0.528000
vn -0.948900 0.254100 0.186900
vn -0.977400 0.136800 0.161400
vn -0.977800 0.122100 0.170200
vn 0.980500 0.104000 0.166600
vn 0.978000 0.108200 0.178100
vn 0.984500 0.102300 0.142600
vn 0.904200 0.212000 -0.370900
vn 0.903600 0.202700 -0.377300
vn 0.902000 0.201700 -0.381600
vn 0.968400 0.228600 0.099800
vn 0.884300 0.305400 -0.353100
vn 0.473200 0.398500 -0.785700
vn 0.496800 0.281000 -0.821100
vn 0.482900 0.260700 -0.836000
vn 0.467100 0.256100 -0.846300
vn 0.925100 0.317900 0.207800
vn 0.971000 0.133200 0.198500
vn 0.894700 0.228600 -0.383700
vn 0.832800 0.457700 -0.311300
vn 0.975700 0.109800 0.189600
vn 0.900300 0.201000 -0.386200
vn 0.451000 0.252800 -0.856000
vn 0.436900 0.270200 -0.858000
vn 0.416200 0.459800 -0.784500
vn 0.927100 -0.359500 -0.106000
vn 0.906000 -0.411200 -0.100300
vn 0.951000 -0.290600 -0.105500
vn 0.851500 -0.296500 -0.432500
vn 0.817600 -0.365400 -0.444900
vn 0.788500 -0.418600 -0.450600
vn 0.962900 -0.250800 -0.099500
vn 0.970200 -0.225200 -0.089900
vn 0.895800 -0.213900 -0.389700
vn 0.875300 -0.251500 -0.413100
vn 0.762400 -0.228300 -0.605500
vn 0.728100 -0.274400 -0.628200
vn 0.789000 -0.185100 -0.585900
vn 0.683400 -0.337300 -0.647400
vn 0.642300 -0.383600 -0.663600
vn 0.947500 -0.305900 -0.093100
vn 0.961900 0.267400 0.057000
vn 0.907200 -0.412700 -0.081900
vn 0.782200 -0.421900 -0.458400
vn 0.827500 -0.310300 -0.467900
vn 0.850100 0.357400 -0.386800
vn 0.901000 -0.424300 -0.090600
vn 0.778600 -0.433100 -0.454000
vn 0.616500 -0.392800 -0.682300
vn 0.600900 -0.377500 -0.704600
vn 0.618500 -0.283000 -0.733000
vn 0.509100 0.335900 -0.792500
vn 0.988800 0.058400 -0.137300
vn 0.991900 -0.032000 -0.123200
vn 0.985600 0.088500 -0.144200
vn 0.942900 0.121700 -0.310000
vn 0.945800 0.102300 -0.308300
vn 0.950000 0.016300 -0.311900
vn 0.987800 -0.002700 -0.156000
vn 0.956400 -0.276400 -0.094900
vn 0.906100 -0.300400 -0.297900
vn 0.949800 0.003600 -0.312700
vn 0.899200 0.021000 -0.437100
vn 0.884400 0.145100 -0.443700
vn 0.836300 -0.322400 -0.443400
vn 0.887300 0.133600 -0.441500
vn 0.890600 0.054100 -0.451500
vn 0.970800 -0.223100 -0.087900
vn 0.970100 -0.222300 -0.097500
vn 0.917900 -0.186400 -0.350300
vn 0.907100 -0.202400 -0.369100
vn 0.983300 -0.145700 -0.109100
vn 0.939900 -0.096200 -0.327600
vn 0.874300 -0.050900 -0.482800
vn 0.837000 -0.141100 -0.528600
vn 0.808800 -0.165700 -0.564200
vn 0.541200 -0.782600 0.307700
vn 0.576100 -0.769800 0.274800
vn 0.511000 -0.789200 0.340600
vn 0.310200 -0.949700 -0.042600
vn 0.341200 -0.937200 -0.072500
vn 0.380500 -0.919000 -0.103400
vn 0.467200 -0.795900 0.385000
vn 0.276900 -0.960800 -0.014600
vn 0.128200 -0.953800 -0.271700
vn 0.148300 -0.943000 -0.297800
vn 0.176400 -0.929200 -0.324800
vn 0.215900 -0.910600 -0.352500
vn 0.814400 -0.576800 0.064400
vn 0.677600 -0.710900 0.188600
vn 0.509600 -0.843100 -0.171600
vn 0.713100 -0.660800 -0.234000
vn 0.617000 -0.749400 0.240400
vn 0.427300 -0.894100 -0.133900
vn 0.263000 -0.886500 -0.380700
vn 0.344800 -0.844900 -0.409000
vn 0.555600 -0.694900 -0.456500
vn 0.240100 0.760500 0.603300
vn 0.241300 0.756200 0.608200
vn 0.265600 0.768900 0.581600
vn -0.000000 0.987100 0.159900
vn -0.027200 0.984200 0.174900
vn -0.026600 0.983600 0.178100
vn 0.512400 0.757000 0.405400
vn 0.330200 0.943400 -0.029900
vn 0.001300 0.852100 -0.523300
vn -0.280800 0.888800 -0.362200
vn -0.293700 0.889700 -0.349500
vn -0.293200 0.891200 -0.346200
vn 0.237300 0.743100 0.625700
vn 0.243700 0.746900 0.618700
vn -0.027400 0.982000 0.186900
vn -0.037100 0.980000 0.195700
vn 0.243100 0.751500 0.613300
vn -0.026300 0.982900 0.182200
vn -0.294600 0.892400 -0.341800
vn -0.297400 0.893800 -0.335600
vn -0.306300 0.895800 -0.321900
f 1//1 2//2 3//3 4//4
f 2//2 5//5 6//6 3//3
f 3//3 6//6 7//7 8//8
f 4//4 3//3 8//8 9//9
f 5//5 10//10 11//11 6//6
f 10//10 12//12 13//13 11//11
f 11//11 13//13 14//14 15//15
f 6//6 11//11 15//15 7//7
f 7//7 15//15 16//16 17//17
f 15//15 14//14 18//18 16//16
f 16//16 18//18 19//19 20//20
f 17//17 16//16 20//20 21//21
f 9//9 8//8 22//22 23//23
f 8//8 7//7 17//17 22//22
f 22//22 17//17 21//21 24//24
f 23//23 22//22 24//24 25//25
f 12//12 26//26 27//27 13//13
f 26//26 28//28 29//29 27//27
f 27//27 29//29 30//30 31//31
f 13//13 27//27 31//31 14//14
f 28//28 32//32 33//33 29//29
f 32//32 34//34 35//35 33//33
f 33//33 35//35 36//36 37//37
f 29//29 33//33 37//37 30//30
f 30//30 37//37 38//38 39//39
f 37//37 36//36 40//40 38//38
f 38//38 40//40 41//41 42//42
f 39//39 38//38 42//42 43//43
f 14//14 31//31 44//44 18//18
f 31//31 30//30 39//39 44//44
f 44//44 39//39 43//43 45//45
f 18//18 44//44 45//45 19//19
f 19//19 45//45 46//46 47//47
f 45//45 43//43 48//48 46//46
f 46//46 48//48 49//49 50//50
f 47//47 46//46 50//50 51//51
f 43//43 42//42 52//52 48//48
f 42//42 41//41 53//53 52//52
f 52//52 53//53 54//54 55//55
f 48//48 52//52 55//55 49//49
f 49//49 55//55 56//56 57//57
f 55//55 54//54 58//58 56//56
f 56//56 58//58 59//59 60//60
f 57//57 56//56 60//60 61//61
f 51//51 50//50 62//62 63//63
f 50//50 49//49 57//57 62//62
f 62//62 57//57 61//61 64//64
f 63//63 62//62 64//64 65//65
f 25//25 24//24 66//66 67//67
f 24//24 21//21 68//68 66//66
f 66//66 68//68 69//69 70//70
f 67//67 66//66 70//70 71//71
f 21//21 20//20 72//72 68//68
f 20//20 19//19 47//47 72//72
f 72//72 47//47 51//51 73//73
f 68//68 72//72 73//73 69//69
f 69//69 73//73 74//74 75//75
f 73//73 51//51 63//63 74//74
f 74//74 63//63 65//65 76//76
f 75//75 74//74 76//76 77//77
f 71//71 70//70 78//78 79//79
f 70//70 69//69 75//75 78//78
f 78//78 75//75 77//77 80//80
f 79//79 78//78 80//80 81//81
f 1//1 4//4 82//82 83//83
f 4//4 9//9 84//84 82//82
f 82//82 84//84 85//85 86//86
f 83//83 82//82 86//86 87//87
f 9//9 23//23 88//88 84//84
f 23//23 25//25 89//89 88//88
f 88//88 89//89 90//90 91//91
f 84//84 88//88 91//91 85//85
f 85//85 91//91 92//92 93//93
f 91//91 90//90 94//94 92//92
f 92//92 94//94 95//95 96//96
f 93//93 92//92 96//96 97//97
f 87//87 86//86 98//98 99//99
f 86//86 85//85 93//93 98//98
f 98//98 93//93 97//97 100//100
f 99//99 98//98 100//100 101//101
f 25//25 67//67 102//102 89//89
f 67//67 71//71 103//103 102//102
f 102//102 103//103 104//104 105//105
f 89//89 102//102 105//105 90//90
f 71//71 79//79 106//106 103//103
f 79//79 81//81 107//107 106//106
f 106//106 107//107 108//108 109//109
f 103//103 106//106 109//109 104//104
f 104//104 109//109 110//110 111//111
f 109//109 108//108 112//112 110//110
f 110//110 112//112 113//113 114//114
f 111//111 110//110 114//114 115//115
f 90//90 105//105 116//116 94//94
f 105//105 104//104 111//111 116//116
f 116//116 111//111 115//115 117//117
f 94//94 116//116 117//117 95//95
f 95//95 117//117 118//118 119//119
f 117//117 115//115 120//120 118//118
f 118//118 120//120 121//121 122//122
f 119//119 118//118 122//122 123//123
f 115//115 114//114 124//124 120//120
f 114//114 113//113 125//125 124//124
f 124//124 125//125 126//126 127//127
f 120//120 124//124 127//127 121//121
f 121//121 127//127 128//128 129//129
f 127//127 126//126 130//130 128//128
f 128//128 130//130 131//131 132//132
f 129//129 128//128 132//132 133//133
f 123//123 122//122 134//134 135//135
f 122//122 121//121 129//129 134//134
f 134//134 129//129 133//133 136//136
f 135//135 134//134 136//136 137//137
f 101//101 100//100 138//138 139//139
f 100//100 97//97 140//140 138//138
f 138//138 140//140 141//141 142//142
f 139//139 138//138 142//142 143//143
f 97//97 96//96 144//144 140//140
f 96//96 95//95 119//119 144//144
f 144//144 119//119 123//123 145//145
f 140//140 144//144 145//145 141//141
f 141//141 145//145 146//146 147//147
f 145//145 123//123 135//135 146//146
f 146//146 135//135 137//137 148//148
f 147//147 146//146 148//148 149//149
f 143//143 142//142 150//150 151//151
f 142//142 141//141 147//147 150//150
f 150//150 147//147 149//149 152//152
f 151//151 150//150 152//152 153//153
f 154//154 155//155 156//156 157//157
f 155//155 158//158 159//159 156//156
f 156//156 159//159 160//160 161//161
f 157//157 156//156 161//161 162//162
f 158//158 163//163 164//164 159//159
f 163//163 165//165 166//166 164//164
f 164//164 166//166 167//167 168//168
f 159//159 164//164 168//168 160//160
f 160//160 168//168 169//169 170//170
f 168//168 167//167 171//171 169//169
f 169//169 171//171 172//172 173//173
f 170//170 169//169 173//173 174//174
f 162//162 161//161 175//175 176//176
f 161//161 160//160 170//170 175//175
f 175//175 170//170 174//174 177//177
f 176//176 175//175 177//177 178//178
f 165//165 179//179 180//180 166//166
f 179//179 181//181 182//182 180//180
f 180//180 182//182 183//183 184//184
f 166//166 180//180 184//184 167//167
f 181//181 185//185 186//186 182//182
f 185//185 1//1 187//187 186//186
f 186//186 187//187 188//188 189//189
f 182//182 186//186 189//189 183//183
f 183//183 189//189 190//190 191//191
f 189//189 188//188 192//192 190//190
f 190//190 192//192 193//193 194//194
f 191//191 190//190 194//194 195//195
f 167//167 184//184 196//196 171//171
f 184//184 183//183 191//191 196//196
f 196//196 191//191 195//195 197//197
f 171//171 196//196 197//197 172//172
f 172//172 197//197 198//198 199//199
f 197//197 195//195 200//200 198//198
f 198//198 200//200 201//201 202//202
f 199//199 198//198 202//202 203//203
f 195//195 194//194 204//204 200//200
f 194//194 193//193 205//205 204//204
f 204//204 205//205 206//206 207//207
f 200//200 204//204 207//207 201//201
f 201//201 207//207 208//208 209//209
f 207//207 206//206 210//210 208//208
f 208//208 210//210 211//211 212//212
f 209//209 208//208 212//212 213//213
f 203//203 202//202 214//214 215//215
f 202//202 201//201 209//209 214//214
f 214//214 209//209 213//213 216//216
f 215//215 214//214 216//216 217//217
f 178//178 177//177 218//218 219//219
f 177//177 174//174 220//220 218//218
f 218//218 220//220 221//221 222//222
f 219//219 218//218 222//222 223//223
f 174//174 173//173 224//224 220//220
f 173//173 172//172 199//199 224//224
f 224//224 199//199 203//203 225//225
f 220//220 224//224 225//225 221//221
f 221//221 225//225 226//226 227//227
f 225//225 203//203 215//215 226//226
f 226//226 215//215 217//217 228//228
f 227//227 226//226 228//228 229//229
f 223//223 222//222 230//230 231//231
f 222//222 221//221 227//227 230//230
f 230//230 227//227 229//229 232//232
f 231//231 230//230 232//232 233//233
f 154//154 234//234 235//235 155//155
f 234//234 236//236 237//237 235//235
f 235//235 237//237 238//238 239//239
f 155//155 235//235 239//239 158//158
f 236//236 240//240 241//241 237//237
f 240//240 242//242 243//243 241//241
f 241//241 243//243 244//244 245//245
f 237//237 241//241 245//245 238//238
f 238//238 245//245 246//246 247//247
f 245//245 244//244 248//248 246//246
f 246//246 248//248 249//249 250//250
f 247//247 246//246 250//250 251//251
f 158//158 239//239 252//252 163//163
f 239//239 238//238 247//247 252//252
f 252//252 247//247 251//251 253//253
f 163//163 252//252 253//253 165//165
f 242//242 254//254 255//255 243//243
f 254//254 256//256 257//257 255//255
f 255//255 257//257 258//258 259//259
f 243//243 255//255 259//259 244//244
f 256//256 260//260 261//261 257//257
f 260//260 262//262 263//263 261//261
f 261//261 263//263 264//264 265//265
f 257//257 261//261 265//265 258//258
f 258//258 265//265 266//266 267//267
f 265//265 264//264 268//268 266//266
f 266//266 268//268 269//269 270//270
f 267//267 266//266 270//270 271//271
f 244//244 259//259 272//272 248//248
f 259//259 258//258 267//267 272//272
f 272//272 267//267 271//271 273//273
f 248//248 272//272 273//273 249//249
f 249//249 273//273 274//274 275//275
f 273//273 271//271 276//276 274//274
f 274//274 276//276 277//277 278//278
f 275//275 274//274 278//278 279//279
f 271//271 270//270 280//280 276//276
f 270//270 269//269 281//281 280//280
f 280//280 281//281 282//282 283//283
f 276//276 280//280 283//283 277//277
f 277//277 283//283 284//284 285//285
f 283//283 282//282 286//286 284//284
f 284//284 286//286 34//34 32//32
f 285//285 284//284 32//32 28//28
f 279//279 278//278 287//287 288//288
f 278//278 277//277 285//285 287//287
f 287//287 285//285 28//28 26//26
f 288//288 287//287 26//26 12//12
f 165//165 253//253 289//289 179//179
f 253//253 251//251 290//290 289//289
f 289//289 290//290 291//291 292//292
f 179//179 289//289 292//292 181//181
f 251//251 250//250 293//293 290//290
f 250//250 249//249 275//275 293//293
f 293//293 275//275 279//279 294//294
f 290//290 293//293 294//294 291//291
f 291//291 294//294 295//295 296//296
f 294//294 279//279 288//288 295//295
f 295//295 288//288 12//12 10//10
f 296//296 295//295 10//10 5//5
f 181//181 292//292 297//297 185//185
f 292//292 291//291 296//296 297//297
f 297//297 296//296 5//5 2//2
f 185//185 297//297 2//2 1//1
f 81//81 80//80 298//298 299//299
f 80//80 77//77 300//300 298//298
f 298//298 300//300 301//301 302//302
f 299//299 298//298 302//302 303//303
f 77//77 76//76 304//304 300//300
f 76//76 65//65 305//305 304//304
f 304//304 305//305 306//306 307//307
f 300//300 304//304 307//307 301//301
f 301//301 307//307 308//308 309//309
f 307//307 306//306 310//310 308//308
f 308//308 310//310 311//311 312//312
f 309//309 308//308 312//312 313//313
f 303//303 302//302 314//314 315//315
f 302//302 301//301 309//309 314//314
f 314//314 309//309 313//313 316//316
f 315//315 314//314 316//316 317//317
f 65//65 64//64 318//318 305//305
f 64//64 61//61 319//319 318//318
f 318//318 319//319 320//320 321//321
f 305//305 318//318 321//321 306//306
f 61//61 60//60 322//322 319//319
f 60//60 59//59 323//323 322//322
f 322//322 323//323 324//324 325//325
f 319//319 322//322 325//325 320//320
f 320//320 325//325 326//326 327//327
f 325//325 324//324 328//328 326//326
f 326//326 328//328 329//329 330//330
f 327//327 326//326 330//330 331//331
f 306//306 321//321 332//332 310//310
f 321//321 320//320 327//327 332//332
f 332//332 327//327 331//331 333//333
f 310//310 332//332 333//333 311//311
f 311//311 333//333 334//334 335//335
f 333//333 331//331 336//336 334//334
f 334//334 336//336 337//337 338//338
f 335//335 334//334 338//338 339//339
f 331//331 330//330 340//340 336//336
f 330//330 329//329 341//341 340//340
f 340//340 341//341 342//342 343//343
f 336//336 340//340 343//343 337//337
f 337//337 343//343 344//344 345//345
f 343//343 342//342 346//346 344//344
f 344//344 346//346 347//347 348//348
f 345//345 344//344 348//348 349//349
f 339//339 338//338 350//350 351//351
f 338//338 337//337 345//345 350//350
f 350//350 345//345 349//349 352//352
f 351//351 350//350 352//352 353//353
f 317//317 316//316 354//354 355//355
f 316//316 313//313 356//356 354//354
f 354//354 356//356 357//357 358//358
f 355//355 354//354 358//358 359//359
f 313//313 312//312 360//360 356//356
f 312//312 311//311 335//335 360//360
f 360//360 335//335 339//339 361//361
f 356//356 360//360 361//361 357//357
f 357//357 361//361 362//362 363//363
f 361//361 339//339 351//351 362//362
f 362//362 351//351 353//353 364//364
f 363//363 362//362 364//364 365//365
f 359//359 358//358 366//366 367//367
f 358//358 357//357 363//363 366//366
f 366//366 363//363 365//365 368//368
f 367//367 366//366 368//368 369//369
f 131//131 130//130 370//370 371//371
f 130//130 126//126 372//372 370//370
f 370//370 372//372 373//373 374//374
f 371//371 370//370 374//374 375//375
f 126//126 125//125 376//376 372//372
f 125//125 113//113 377//377 376//376
f 376//376 377//377 378//378 379//379
f 372//372 376//376 379//379 373//373
f 373//373 379//379 380//380 381//381
f 379//379 378//378 382//382 380//380
f 380//380 382//382 383//383 384//384
f 381//381 380//380 384//384 385//385
f 375//375 374//374 386//386 387//387
f 374//374 373//373 381//381 386//386
f 386//386 381//381 385//385 388//388
f 387//387 386//386 388//388 389//389
f 113//113 112//112 390//390 377//377
f 112//112 108//108 391//391 390//390
f 390//390 391//391 392//392 393//393
f 377//377 390//390 393//393 378//378
f 108//108 107//107 394//394 391//391
f 107//107 81//81 299//299 394//394
f 394//394 299//299 303//303 395//395
f 391//391 394//394 395//395 392//392
f 392//392 395//395 396//396 397//397
f 395//395 303//303 315//315 396//396
f 396//396 315//315 317//317 398//398
f 397//397 396//396 398//398 399//399
f 378//378 393//393 400//400 382//382
f 393//393 392//392 397//397 400//400
f 400//400 397//397 399//399 401//401
f 382//382 400//400 401//401 383//383
f 383//383 401//401 402//402 403//403
f 401//401 399//399 404//404 402//402
f 402//402 404//404 405//405 406//406
f 403//403 402//402 406//406 407//407
f 399//399 398//398 408//408 404//404
f 398//398 317//317 355//355 408//408
f 408//408 355//355 359//359 409//409
f 404//404 408//408 409//409 405//405
f 405//405 409//409 410//410 411//411
f 409//409 359//359 367//367 410//410
f 410//410 367//367 369//369 412//412
f 411//411 410//410 412//412 413//413
f 407//407 406//406 414//414 415//415
f 406//406 405//405 411//411 414//414
f 414//414 411//411 413//413 416//416
f 415//415 414//414 416//416 417//417
f 389//389 388//388 418//418 419//419
f 388//388 385//385 420//420 418//418
f 418//418 420//420 421//421 422//422
f 419//419 418//418 422//422 423//423
f 385//385 384//384 424//424 420//420
f 384//384 383//383 403//403 424//424
f 424//424 403//403 407//407 425//425
f 420//420 424//424 425//425 421//421
f 421//421 425//425 426//426 427//427
f 425//425 407//407 415//415 426//426
f 426//426 415//415 417//417 428//428
f 427//427 426//426 428//428 429//429
f 423//423 422//422 430//430 431//431
f 422//422 421//421 427//427 430//430
f 430//430 427//427 429//429 432//432
f 431//431 430//430 432//432 433//433
f 434//434 435//435 436//436 437//437
f 435//435 438//438 439//439 436//436
f 436//436 439//439 440//440 441//441
f 437//437 436//436 441//441 442//442
f 438//438 443//443 444//444 439//439
f 443//443 445//445 446//446 444//444
f 444//444 446//446 447//447 448//448
f 439//439 444//444 448//448 440//440
f 440//440 448//448 449//449 450//450
f 448//448 447//447 451//451 449//449
f 449//449 451//451 452//452 453//453
f 450//450 449//449 453//453 454//454
f 442//442 441//441 455//455 456//456
f 441//441 440//440 450//450 455//455
f 455//455 450//450 454//454 457//457
f 456//456 455//455 457//457 458//458
f 458//458 457//457 459//459 460//460
f 457//457 454//454 461//461 459//459
f 459//459 461//461 462//462 463//463
f 460//460 459//459 463//463 464//464
f 454//454 453//453 465//465 461//461
f 453//453 452//452 466//466 465//465
f 465//465 466//466 467//467 468//468
f 461//461 465//465 468//468 462//462
f 462//462 468//468 469//469 470//470
f 468//468 467//467 471//471 469//469
f 469//469 471//471 472//472 473//473
f 470//470 469//469 473//473 474//474
f 464//464 463//463 475//475 476//476
f 463//463 462//462 470//470 475//475
f 475//475 470//470 474//474 477//477
f 476//476 475//475 477//477 478//478
f 452//452 479//479 480//480 466//466
f 479//479 481//481 482//482 480//480
f 480//480 482//482 483//483 484//484
f 466//466 480//480 484//484 467//467
f 481//481 485//485 486//486 482//482
f 485//485 487//487 488//488 486//486
f 486//486 488//488 489//489 490//490
f 482//482 486//486 490//490 483//483
f 483//483 490//490 491//491 492//492
f 490//490 489//489 493//493 491//491
f 491//491 493//493 494//494 495//495
f 492//492 491//491 495//495 496//496
f 467//467 484//484 497//497 471//471
f 484//484 483//483 492//492 497//497
f 497//497 492//492 496//496 498//498
f 471//471 497//497 498//498 472//472
f 445//445 499//499 500//500 446//446
f 499//499 501//501 502//502 500//500
f 500//500 502//502 503//503 504//504
f 446//446 500//500 504//504 447//447
f 501//501 505//505 506//506 502//502
f 505//505 507//507 508//508 506//506
f 506//506 508//508 509//509 510//510
f 502//502 506//506 510//510 503//503
f 503//503 510//510 511//511 512//512
f 510//510 509//509 513//513 511//511
f 511//511 513//513 487//487 485//485
f 512//512 511//511 485//485 481//481
f 447//447 504//504 514//514 451//451
f 504//504 503//503 512//512 514//514
f 514//514 512//512 481//481 479//479
f 451//451 514//514 479//479 452//452
f 434//434 515//515 516//516 435//435
f 515//515 517//517 518//518 516//516
f 516//516 518//518 519//519 520//520
f 435//435 516//516 520//520 438//438
f 517//517 521//521 522//522 518//518
f 521//521 523//523 524//524 522//522
f 522//522 524//524 525//525 526//526
f 518//518 522//522 526//526 519//519
f 519//519 526//526 527//527 528//528
f 526//526 525//525 529//529 527//527
f 527//527 529//529 530//530 531//531
f 528//528 527//527 531//531 532//532
f 438//438 520//520 533//533 443//443
f 520//520 519//519 528//528 533//533
f 533//533 528//528 532//532 534//534
f 443//443 533//533 534//534 445//445
f 445//445 534//534 535//535 499//499
f 534//534 532//532 536//536 535//535
f 535//535 536//536 537//537 538//538
f 499//499 535//535 538//538 501//501
f 532//532 531//531 539//539 536//536
f 531//531 530//530 540//540 539//539
f 539//539 540//540 541//541 542//542
f 536//536 539//539 542//542 537//537
f 537//537 542//542 543//543 544//544
f 542//542 541//541 545//545 543//543
f 543//543 545//545 546//546 547//547
f 544//544 543//543 547//547 548//548
f 501//501 538//538 549//549 505//505
f 538//538 537//537 544//544 549//549
f 549//549 544//544 548//548 550//550
f 505//505 549//549 550//550 507//507
f 530//530 551//551 552//552 540//540
f 551//551 553//553 554//554 552//552
f 552//552 554//554 555//555 556//556
f 540//540 552//552 556//556 541//541
f 553//553 557//557 558//558 554//554
f 557//557 559//559 560//560 558//558
f 558//558 560//560 561//561 562//562
f 554//554 558//558 562//562 555//555
f 555//555 562//562 563//563 564//564
f 562//562 561//561 565//565 563//563
f 563//563 565//565 566//566 567//567
f 564//564 563//563 567//567 568//568
f 541//541 556//556 569//569 545//545
f 556//556 555//555 564//564 569//569
f 569//569 564//564 568//568 570//570
f 545//545 569//569 570//570 546//546
f 523//523 571//571 572//572 524//524
f 571//571 573//573 574//574 572//572
f 572//572 574//574 575//575 576//576
f 524//524 572//572 576//576 525//525
f 573//573 577//577 578//578 574//574
f 577//577 579//579 580//580 578//578
f 578//578 580//580 581//581 582//582
f 574//574 578//578 582//582 575//575
f 575//575 582//582 583//583 584//584
f 582//582 581//581 585//585 583//583
f 583//583 585//585 559//559 557//557
f 584//584 583//583 557//557 553//553
f 525//525 576//576 586//586 529//529
f 576//576 575//575 584//584 586//586
f 586//586 584//584 553//553 551//551
f 529//529 586//586 551//551 530//530
f 587//587 588//588 589//589 590//590
f 588//588 591//591 592//592 589//589
f 589//589 592//592 593//593 594//594
f 590//590 589//589 594//594 595//595
f 591//591 596//596 597//597 592//592
f 596//596 598//598 599//599 597//597
f 597//597 599//599 600//600 601//601
f 592//592 597//597 601//601 593//593
f 593//593 601//601 602//602 603//603
f 601//601 600//600 604//604 602//602
f 602//602 604//604 605//605 606//606
f 603//603 602//602 606//606 607//607
f 595//595 594//594 608//608 609//609
f 594//594 593//593 603//603 608//608
f 608//608 603//603 607//607 610//610
f 609//609 608//608 610//610 611//611
f 611//611 610//610 612//612 613//613
f 610//610 607//607 614//614 612//612
f 612//612 614//614 615//615 616//616
f 613//613 612//612 616//616 617//617
f 607//607 606//606 618//618 614//614
f 606//606 605//605 619//619 618//618
f 618//618 619//619 620//620 621//621
f 614//614 618//618 621//621 615//615
f 615//615 621//621 622//622 623//623
f 621//621 620//620 624//624 622//622
f 622//622 624//624 625//625 626//626
f 623//623 622//622 626//626 627//627
f 617//617 616//616 628//628 629//629
f 616//616 615//615 623//623 628//628
f 628//628 623//623 627//627 630//630
f 629//629 628//628 630//630 434//434
f 605//605 631//631 632//632 619//619
f 631//631 633//633 634//634 632//632
f 632//632 634//634 635//635 636//636
f 619//619 632//632 636//636 620//620
f 633//633 637//637 638//638 634//634
f 637//637 639//639 640//640 638//638
f 638//638 640//640 641//641 642//642
f 634//634 638//638 642//642 635//635
f 635//635 642//642 643//643 644//644
f 642//642 641//641 645//645 643//643
f 643//643 645//645 646//646 647//647
f 644//644 643//643 647//647 648//648
f 620//620 636//636 649//649 624//624
f 636//636 635//635 644//644 649//649
f 649//649 644//644 648//648 650//650
f 624//624 649//649 650//650 625//625
f 598//598 651//651 652//652 599//599
f 651//651 653//653 654//654 652//652
f 652//652 654//654 655//655 656//656
f 599//599 652//652 656//656 600//600
f 653//653 657//657 658//658 654//654
f 657//657 659//659 660//660 658//658
f 658//658 660//660 661//661 662//662
f 654//654 658//658 662//662 655//655
f 655//655 662//662 663//663 664//664
f 662//662 661//661 665//665 663//663
f 663//663 665//665 639//639 637//637
f 664//664 663//663 637//637 633//633
f 600//600 656//656 666//666 604//604
f 656//656 655//655 664//664 666//666
f 666//666 664//664 633//633 631//631
f 604//604 666//666 631//631 605//605
f 587//587 590//590 667//667 668//668
f 590//590 595//595 669//669 667//667
f 667//667 669//669 670//670 671//671
f 668//668 667//667 671//671 672//672
f 595//595 609//609 673//673 669//669
f 609//609 611//611 674//674 673//673
f 673//673 674//674 675//675 676//676
f 669//669 673//673 676//676 670//670
f 670//670 676//676 677//677 678//678
f 676//676 675//675 679//679 677//677
f 677//677 679//679 680//680 681//681
f 678//678 677//677 681//681 682//682
f 672//672 671//671 683//683 684//684
f 671//671 670//670 678//678 683//683
f 683//683 678//678 682//682 685//685
f 684//684 683//683 685//685 686//686
f 686//686 685//685 687//687 688//688
f 685//685 682//682 689//689 687//687
f 687//687 689//689 690//690 691//691
f 688//688 687//687 691//691 692//692
f 682//682 681//681 693//693 689//689
f 681//681 680//680 694//694 693//693
f 693//693 694//694 695//695 696//696
f 689//689 693//693 696//696 690//690
f 690//690 696//696 697//697 698//698
f 696//696 695//695 699//699 697//697
f 697//697 699//699 700//700 701//701
f 698//698 697//697 701//701 702//702
f 692//692 691//691 703//703 704//704
f 691//691 690//690 698//698 703//703
f 703//703 698//698 702//702 705//705
f 704//704 703//703 705//705 706//706
f 680//680 707//707 708//708 694//694
f 707//707 709//709 710//710 708//708
f 708//708 710//710 711//711 712//712
f 694//694 708//708 712//712 695//695
f 709//709 713//713 714//714 710//710
f 713//713 458//458 460//460 714//714
f 714//714 460//460 464//464 715//715
f 710//710 714//714 715//715 711//711
f 711//711 715//715 716//716 717//717
f 715//715 464//464 476//476 716//716
f 716//716 476//476 478//478 718//718
f 717//717 716//716 718//718 719//719
f 695//695 712//712 720//720 699//699
f 712//712 711//711 717//717 720//720
f 720//720 717//717 719//719 721//721
f 699//699 720//720 721//721 700//700
f 611//611 613//613 722//722 674//674
f 613//613 617//617 723//723 722//722
f 722//722 723//723 724//724 725//725
f 674//674 722//722 725//725 675//675
f 617//617 629//629 726//726 723//723
f 629//629 434//434 437//437 726//726
f 726//726 437//437 442//442 727//727
f 723//723 726//726 727//727 724//724
f 724//724 727//727 728//728 729//729
f 727//727 442//442 456//456 728//728
f 728//728 456//456 458//458 713//713
f 729//729 728//728 713//713 709//709
f 675//675 725//725 730//730 679//679
f 725//725 724//724 729//729 730//730
f 730//730 729//729 709//709 707//707
f 679//679 730//730 707//707 680//680
f 507//507 731//731 732//732 508//508
f 731//731 733//733 734//734 732//732
f 732//732 734//734 735//735 736//736
f 508//508 732//732 736//736 509//509
f 733//733 737//737 738//738 734//734
f 737//737 739//739 740//740 738//738
f 738//738 740//740 741//741 742//742
f 734//734 738//738 742//742 735//735
f 735//735 742//742 743//743 744//744
f 742//742 741//741 745//745 743//743
f 743//743 745//745 746//746 747//747
f 744//744 743//743 747//747 748//748
f 509//509 736//736 749//749 513//513
f 736//736 735//735 744//744 749//749
f 749//749 744//744 748//748 750//750
f 513//513 749//749 750//750 487//487
f 487//487 750//750 751//751 488//488
f 750//750 748//748 752//752 751//751
f 751//751 752//752 753//753 754//754
f 488//488 751//751 754//754 489//489
f 748//748 747//747 755//755 752//752
f 747//747 746//746 756//756 755//755
f 755//755 756//756 757//757 758//758
f 752//752 755//755 758//758 753//753
f 753//753 758//758 759//759 760//760
f 758//758 757//757 761//761 759//759
f 759//759 761//761 762//762 763//763
f 760//760 759//759 763//763 764//764
f 489//489 754//754 765//765 493//493
f 754//754 753//753 760//760 765//765
f 765//765 760//760 764//764 766//766
f 493//493 765//765 766//766 494//494
f 746//746 767//767 768//768 756//756
f 767//767 769//769 770//770 768//768
f 768//768 770//770 771//771 772//772
f 756//756 768//768 772//772 757//757
f 769//769 773//773 774//774 770//770
f 773//773 775//775 776//776 774//774
f 774//774 776//776 777//777 778//778
f 770//770 774//774 778//778 771//771
f 771//771 778//778 779//779 780//780
f 778//778 777//777 781//781 779//779
f 779//779 781//781 782//782 783//783
f 780//780 779//779 783//783 784//784
f 757//757 772//772 785//785 761//761
f 772//772 771//771 780//780 785//785
f 785//785 780//780 784//784 786//786
f 761//761 785//785 786//786 762//762
f 739//739 787//787 788//788 740//740
f 787//787 789//789 790//790 788//788
f 788//788 790//790 791//791 792//792
f 740//740 788//788 792//792 741//741
f 789//789 793//793 794//794 790//790
f 793//793 795//795 796//796 794//794
f 794//794 796//796 797//797 798//798
f 790//790 794//794 798//798 791//791
f 791//791 798//798 799//799 800//800
f 798//798 797//797 801//801 799//799
f 799//799 801//801 775//775 773//773
f 800//800 799//799 773//773 769//769
f 741//741 792//792 802//802 745//745
f 792//792 791//791 800//800 802//802
f 802//802 800//800 769//769 767//767
f 745//745 802//802 767//767 746//746
f 566//566 803//803 804//804 567//567
f 803//803 805//805 806//806 804//804
f 804//804 806//806 807//807 808//808
f 567//567 804//804 808//808 568//568
f 805//805 809//809 810//810 806//806
f 809//809 811//811 812//812 810//810
f 810//810 812//812 813//813 814//814
f 806//806 810//810 814//814 807//807
f 807//807 814//814 815//815 816//816
f 814//814 813//813 817//817 815//815
f 815//815 817//817 818//818 819//819
f 816//816 815//815 819//819 820//820
f 568//568 808//808 821//821 570//570
f 808//808 807//807 816//816 821//821
f 821//821 816//816 820//820 822//822
f 570//570 821//821 822//822 546//546
f 546//546 822//822 823//823 547//547
f 822//822 820//820 824//824 823//823
f 823//823 824//824 825//825 826//826
f 547//547 823//823 826//826 548//548
f 820//820 819//819 827//827 824//824
f 819//819 818//818 828//828 827//827
f 827//827 828//828 829//829 830//830
f 824//824 827//827 830//830 825//825
f 825//825 830//830 831//831 832//832
f 830//830 829//829 833//833 831//831
f 831//831 833//833 739//739 737//737
f 832//832 831//831 737//737 733//733
f 548//548 826//826 834//834 550//550
f 826//826 825//825 832//832 834//834
f 834//834 832//832 733//733 731//731
f 550//550 834//834 731//731 507//507
f 818//818 835//835 836//836 828//828
f 835//835 837//837 838//838 836//836
f 836//836 838//838 839//839 840//840
f 828//828 836//836 840//840 829//829
f 837//837 841//841 842//842 838//838
f 841//841 843//843 844//844 842//842
f 842//842 844//844 845//845 846//846
f 838//838 842//842 846//846 839//839
f 839//839 846//846 847//847 848//848
f 846//846 845//845 849//849 847//847
f 847//847 849//849 795//795 793//793
f 848//848 847//847 793//793 789//789
f 829//829 840//840 850//850 833//833
f 840//840 839//839 848//848 850//850
f 850//850 848//848 789//789 787//787
f 833//833 850//850 787//787 739//739
f 811//811 851//851 852//852 812//812
f 851//851 853//853 854//854 852//852
f 852//852 854//854 855//855 856//856
f 812//812 852//852 856//856 813//813
f 853//853 857//857 858//858 854//854
f 857//857 859//859 860//860 858//858
f 858//858 860//860 861//861 862//862
f 854//854 858//858 862//862 855//855
f 855//855 862//862 863//863 864//864
f 862//862 861//861 865//865 863//863
f 863//863 865//865 843//843 841//841
f 864//864 863//863 841//841 837//837
f 813//813 856//856 866//866 817//817
f 856//856 855//855 864//864 866//866
f 866//866 864//864 837//837 835//835
f 817//817 866//866 835//835 818//818
f 242//242 240//240 867//867 868//868
f 240//240 236//236 869//869 867//867
f 867//867 869//869 870//870 871//871
f 868//868 867//867 871//871 872//872
f 236//236 234//234 873//873 869//869
f 234//234 154//154 874//874 873//873
f 873//873 874//874 875//875 876//876
f 869//869 873//873 876//876 870//870
f 870//870 876//876 877//877 878//878
f 876//876 875//875 879//879 877//877
f 877//877 879//879 587//587 668//668
f 878//878 877//877 668//668 672//672
f 872//872 871//871 880//880 881//881
f 871//871 870//870 878//878 880//880
f 880//880 878//878 672//672 684//684
f 881//881 880//880 684//684 686//686
f 262//262 260//260 882//882 883//883
f 260//260 256//256 884//884 882//882
f 882//882 884//884 885//885 886//886
f 883//883 882//882 886//886 887//887
f 256//256 254//254 888//888 884//884
f 254//254 242//242 868//868 888//888
f 888//888 868//868 872//872 889//889
f 884//884 888//888 889//889 885//885
f 885//885 889//889 890//890 891//891
f 889//889 872//872 881//881 890//890
f 890//890 881//881 686//686 688//688
f 891//891 890//890 688//688 692//692
f 887//887 886//886 892//892 893//893
f 886//886 885//885 891//891 892//892
f 892//892 891//891 692//692 704//704
f 893//893 892//892 704//704 706//706
f 217//217 216//216 894//894 895//895
f 216//216 213//213 896//896 894//894
f 894//894 896//896 897//897 898//898
f 895//895 894//894 898//898 899//899
f 213//213 212//212 900//900 896//896
f 212//212 211//211 901//901 900//900
f 900//900 901//901 902//902 903//903
f 896//896 900//900 903//903 897//897
f 897//897 903//903 904//904 905//905
f 903//903 902//902 906//906 904//904
f 904//904 906//906 646//646 645//645
f 905//905 904//904 645//645 641//641
f 899//899 898//898 907//907 908//908
f 898//898 897//897 905//905 907//907
f 907//907 905//905 641//641 640//640
f 908//908 907//907 640//640 639//639
f 233//233 232//232 909//909 910//910
f 232//232 229//229 911//911 909//909
f 909//909 911//911 912//912 913//913
f 910//910 909//909 913//913 914//914
f 229//229 228//228 915//915 911//911
f 228//228 217//217 895//895 915//915
f 915//915 895//895 899//899 916//916
f 911//911 915//915 916//916 912//912
f 912//912 916//916 917//917 918//918
f 916//916 899//899 908//908 917//917
f 917//917 908//908 639//639 665//665
f 918//918 917//917 665//665 661//661
f 914//914 913//913 919//919 920//920
f 913//913 912//912 918//918 919//919
f 919//919 918//918 661//661 660//660
f 920//920 919//919 660//660 659//659
f 41//41 40//40 921//921 922//922
f 40//40 36//36 923//923 921//921
f 921//921 923//923 924//924 925//925
f 922//922 921//921 925//925 926//926
f 36//36 35//35 927//927 923//923
f 35//35 34//34 928//928 927//927
f 927//927 928//928 929//929 930//930
f 923//923 927//927 930//930 924//924
f 924//924 930//930 931//931 932//932
f 930//930 929//929 933//933 931//931
f 931//931 933//933 478//478 477//477
f 932//932 931//931 477//477 474//474
f 926//926 925//925 934//934 935//935
f 925//925 924//924 932//932 934//934
f 934//934 932//932 474//474 473//473
f 935//935 934//934 473//473 472//472
f 59//59 58//58 936//936 937//937
f 58//58 54//54 938//938 936//936
f 936//936 938//938 939//939 940//940
f 937//937 936//936 940//940 941//941
f 54//54 53//53 942//942 938//938
f 53//53 41//41 922//922 942//942
f 942//942 922//922 926//926 943//943
f 938//938 942//942 943//943 939//939
f 939//939 943//943 944//944 945//945
f 943//943 926//926 935//935 944//944
f 944//944 935//935 472//472 498//498
f 945//945 944//944 498//498 496//496
f 941//941 940//940 946//946 947//947
f 940//940 939//939 945//945 946//946
f 946//946 945//945 496//496 495//495
f 947//947 946//946 495//495 494//494
f 178//178 219//219 948//948 949//949
f 219//219 223//223 950//950 948//948
f 948//948 950//950 951//951 952//952
f 949//949 948//948 952//952 953//953
f 223//223 231//231 954//954 950//950
f 231//231 233//233 910//910 954//954
f 954//954 910//910 914//914 955//955
f 950//950 954//954 955//955 951//951
f 951//951 955//955 956//956 957//957
f 955//955 914//914 920//920 956//956
f 956//956 920//920 659//659 657//657
f 957//957 956//956 657//657 653//653
f 953//953 952//952 958//958 959//959
f 952//952 951//951 957//957 958//958
f 958//958 957//957 653//653 651//651
f 959//959 958//958 651//651 598//598
f 154//154 157//157 960//960 874//874
f 157//157 162//162 961//961 960//960
f 960//960 961//961 962//962 963//963
f 874//874 960//960 963//963 875//875
f 162//162 176//176 964//964 961//961
f 176//176 178//178 949//949 964//964
f 964//964 949//949 953//953 965//965
f 961//961 964//964 965//965 962//962
f 962//962 965//965 966//966 967//967
f 965//965 953//953 959//959 966//966
f 966//966 959//959 598//598 596//596
f 967//967 966//966 596//596 591//591
f 875//875 963//963 968//968 879//879
f 963//963 962//962 967//967 968//968
f 968//968 967//967 591//591 588//588
f 879//879 968//968 588//588 587//587
f 137//137 136//136 969//969 970//970
f 136//136 133//133 971//971 969//969
f 969//969 971//971 972//972 973//973
f 970//970 969//969 973//973 974//974
f 133//133 132//132 975//975 971//971
f 132//132 131//131 976//976 975//975
f 975//975 976//976 977//977 978//978
f 971//971 975//975 978//978 972//972
f 972//972 978//978 979//979 980//980
f 978//978 977//977 981//981 979//979
f 979//979 981//981 566//566 565//565
f 980//980 979//979 565//565 561//561
f 974//974 973//973 982//982 983//983
f 973//973 972//972 980//980 982//982
f 982//982 980//980 561//561 560//560
f 983//983 982//982 560//560 559//559
f 153//153 152//152 984//984 985//985
f 152//152 149//149 986//986 984//984
f 984//984 986//986 987//987 988//988
f 985//985 984//984 988//988 989//989
f 149//149 148//148 990//990 986//986
f 148//148 137//137 970//970 990//990
f 990//990 970//970 974//974 991//991
f 986//986 990//990 991//991 987//987
f 987//987 991//991 992//992 993//993
f 991//991 974//974 983//983 992//992
f 992//992 983//983 559//559 585//585
f 993//993 992//992 585//585 581//581
f 989//989 988//988 994//994 995//995
f 988//988 987//987 993//993 994//994
f 994//994 993//993 581//581 580//580
f 995//995 994//994 580//580 579//579
f 269//269 268//268 996//996 997//997
f 268//268 264//264 998//998 996//996
f 996//996 998//998 999//999 1000//1000
f 997//997 996//996 1000//1000 1001//1001
f 264//264 263//263 1002//1002 998//998
f 263//263 262//262 883//883 1002//1002
f 1002//1002 883//883 887//887 1003//1003
f 998//998 1002//1002 1003//1003 999//999
f 999//999 1003//1003 1004//1004 1005//1005
f 1003//1003 887//887 893//893 1004//1004
f 1004//1004 893//893 706//706 705//705
f 1005//1005 1004//1004 705//705 702//702
f 1001//1001 1000//1000 1006//1006 1007//1007
f 1000//1000 999//999 1005//1005 1006//1006
f 1006//1006 1005//1005 702//702 701//701
f 1007//1007 1006//1006 701//701 700//700
f 34//34 286//286 1008//1008 928//928
f 286//286 282//282 1009//1009 1008//1008
f 1008//1008 1009//1009 1010//1010 1011//1011
f 928//928 1008//1008 1011//1011 929//929
f 282//282 281//281 1012//1012 1009//1009
f 281//281 269//269 997//997 1012//1012
f 1012//1012 997//997 1001//1001 1013//1013
f 1009//1009 1012//1012 1013//1013 1010//1010
f 1010//1010 1013//1013 1014//1014 1015//1015
f 1013//1013 1001//1001 1007//1007 1014//1014
f 1014//1014 1007//1007 700//700 721//721
f 1015//1015 1014//1014 721//721 719//719
f 929//929 1011//1011 1016//1016 933//933
f 1011//1011 1010//1010 1015//1015 1016//1016
f 1016//1016 1015//1015 719//719 718//718
f 933//933 1016//1016 718//718 478//478
f 1//1 83//83 1017//1017 1018//1018
f 83//83 87//87 1019//1019 1017//1017
f 1017//1017 1019//1019 1020//1020 1021//1021
f 1018//1018 1017//1017 1021//1021 1022//1022
f 87//87 99//99 1023//1023 1019//1019
f 99//99 101//101 1024//1024 1023//1023
f 1023//1023 1024//1024 1025//1025 1026//1026
f 1019//1019 1023//1023 1026//1026 1020//1020
f 1020//1020 1026//1026 1027//1027 1028//1028
f 1026//1026 1025//1025 1029//1029 1027//1027
f 1027//1027 1029//1029 523//523 521//521
f 1028//1028 1027//1027 521//521 517//517
f 1022//1022 1021//1021 1030//1030 1031//1031
f 1021//1021 1020//1020 1028//1028 1030//1030
f 1030//1030 1028//1028 517//517 515//515
f 1031//1031 1030//1030 515//515 434//434
f 101//101 139//139 1032//1032 1024//1024
f 139//139 143//143 1033//1033 1032//1032
f 1032//1032 1033//1033 1034//1034 1035//1035
f 1024//1024 1032//1032 1035//1035 1025//1025
f 143//143 151//151 1036//1036 1033//1033
f 151//151 153//153 985//985 1036//1036
f 1036//1036 985//985 989//989 1037//1037
f 1033//1033 1036//1036 1037//1037 1034//1034
f 1034//1034 1037//1037 1038//1038 1039//1039
f 1037//1037 989//989 995//995 1038//1038
f 1038//1038 995//995 579//579 577//577
f 1039//1039 1038//1038 577//577 573//573
f 1025//1025 1035//1035 1040//1040 1029//1029
f 1035//1035 1034//1034 1039//1039 1040//1040
f 1040//1040 1039//1039 573//573 571//571
f 1029//1029 1040//1040 571//571 523//523
f 193//193 192//192 1041//1041 1042//1042
f 192//192 188//188 1043//1043 1041//1041
f 1041//1041 1043//1043 1044//1044 1045//1045
f 1042//1042 1041//1041 1045//1045 1046//1046
f 188//188 187//187 1047//1047 1043//1043
f 187//187 1//1 1018//1018 1047//1047
f 1047//1047 1018//1018 1022//1022 1048//1048
f 1043//1043 1047//1047 1048//1048 1044//1044
f 1044//1044 1048//1048 1049//1049 1050//1050
f 1048//1048 1022//1022 1031//1031 1049//1049
f 1049//1049 1031//1031 434//434 630//630
f 1050//1050 1049//1049 630//630 627//627
f 1046//1046 1045//1045 1051//1051 1052//1052
f 1045//1045 1044//1044 1050//1050 1051//1051
f 1051//1051 1050//1050 627//627 626//626
f 1052//1052 1051//1051 626//626 625//625
f 211//211 210//210 1053//1053 901//901
f 210//210 206//206 1054//1054 1053//1053
f 1053//1053 1054//1054 1055//1055 1056//1056
f 901//901 1053//1053 1056//1056 902//902
f 206//206 205//205 1057//1057 1054//1054
f 205//205 193//193 1042//1042 1057//1057
f 1057//1057 1042//1042 1046//1046 1058//1058
f 1054//1054 1057//1057 1058//1058 1055//1055
f 1055//1055 1058//1058 1059//1059 1060//1060
f 1058//1058 1046//1046 1052//1052 1059//1059
f 1059//1059 1052//1052 625//625 650//650
f 1060//1060 1059//1059 650//650 648//648
f 902//902 1056//1056 1061//1061 906//906
f 1056//1056 1055//1055 1060//1060 1061//1061
f 1061//1061 1060//1060 648//648 647//647
f 906//906 1061//1061 647//647 646//646
f 417//417 416//416 1062//1062 1063//1063
f 416//416 413//413 1064//1064 1062//1062
f 1062//1062 1064//1064 1065//1065 1066//1066
f 1063//1063 1062//1062 1066//1066 1067//1067
f 413//413 412//412 1068//1068 1064//1064
f 412//412 369//369 1069//1069 1068//1068
f 1068//1068 1069//1069 1070//1070 1071//1071
f 1064//1064 1068//1068 1071//1071 1065//1065
f 1065//1065 1071//1071 1072//1072 1073//1073
f 1071//1071 1070//1070 1074//1074 1072//1072
f 1072//1072 1074//1074 795//795 849//849
f 1073//1073 1072//1072 849//849 845//845
f 1067//1067 1066//1066 1075//1075 1076//1076
f 1066//1066 1065//1065 1073//1073 1075//1075
f 1075//1075 1073//1073 845//845 844//844
f 1076//1076 1075//1075 844//844 843//843
f 433//433 432//432 1077//1077 1078//1078
f 432//432 429//429 1079//1079 1077//1077
f 1077//1077 1079//1079 1080//1080 1081//1081
f 1078//1078 1077//1077 1081//1081 1082//1082
f 429//429 428//428 1083//1083 1079//1079
f 428//428 417//417 1063//1063 1083//1083
f 1083//1083 1063//1063 1067//1067 1084//1084
f 1079//1079 1083//1083 1084//1084 1080//1080
f 1080//1080 1084//1084 1085//1085 1086//1086
f 1084//1084 1067//1067 1076//1076 1085//1085
f 1085//1085 1076//1076 843//843 865//865
f 1086//1086 1085//1085 865//865 861//861
f 1082//1082 1081//1081 1087//1087 1088//1088
f 1081//1081 1080//1080 1086//1086 1087//1087
f 1087//1087 1086//1086 861//861 860//860
f 1088//1088 1087//1087 860//860 859//859
f 353//353 352//352 1089//1089 1090//1090
f 352//352 349//349 1091//1091 1089//1089
f 1089//1089 1091//1091 1092//1092 1093//1093
f 1090//1090 1089//1089 1093//1093 1094//1094
f 349//349 348//348 1095//1095 1091//1091
f 348//348 347//347 1096//1096 1095//1095
f 1095//1095 1096//1096 1097//1097 1098//1098
f 1091//1091 1095//1095 1098//1098 1092//1092
f 1092//1092 1098//1098 1099//1099 1100//1100
f 1098//1098 1097//1097 1101//1101 1099//1099
f 1099//1099 1101//1101 782//782 781//781
f 1100//1100 1099//1099 781//781 777//777
f 1094//1094 1093//1093 1102//1102 1103//1103
f 1093//1093 1092//1092 1100//1100 1102//1102
f 1102//1102 1100//1100 777//777 776//776
f 1103//1103 1102//1102 776//776 775//775
f 369//369 368//368 1104//1104 1069//1069
f 368//368 365//365 1105//1105 1104//1104
f 1104//1104 1105//1105 1106//1106 1107//1107
f 1069//1069 1104//1104 1107//1107 1070//1070
f 365//365 364//364 1108//1108 1105//1105
f 364//364 353//353 1090//1090 1108//1108
f 1108//1108 1090//1090 1094//1094 1109//1109
f 1105//1105 1108//1108 1109//1109 1106//1106
f 1106//1106 1109//1109 1110//1110 1111//1111
f 1109//1109 1094//1094 1103//1103 1110//1110
f 1110//1110 1103//1103 775//775 801//801
f 1111//1111 1110//1110 801//801 797//797
f 1070//1070 1107//1107 1112//1112 1074//1074
f 1107//1107 1106//1106 1111//1111 1112//1112
f 1112//1112 1111//1111 797//797 796//796
f 1074//1074 1112//1112 796//796 795//795
f 329//329 328//328 1113//1113 1114//1114
f 328//328 324//324 1115//1115 1113//1113
f 1113//1113 1115//1115 1116//1116 1117//1117
f 1114//1114 1113//1113 1117//1117 1118//1118
f 324//324 323//323 1119//1119 1115//1115
f 323//323 59//59 937//937 1119//1119
f 1119//1119 937//937 941//941 1120//1120
f 1115//1115 1119//1119 1120//1120 1116//1116
f 1116//1116 1120//1120 1121//1121 1122//1122
f 1120//1120 941//941 947//947 1121//1121
f 1121//1121 947//947 494//494 766//766
f 1122//1122 1121//1121 766//766 764//764
f 1118//1118 1117//1117 1123//1123 1124//1124
f 1117//1117 1116//1116 1122//1122 1123//1123
f 1123//1123 1122//1122 764//764 763//763
f 1124//1124 1123//1123 763//763 762//762
f 347//347 346//346 1125//1125 1096//1096
f 346//346 342//342 1126//1126 1125//1125
f 1125//1125 1126//1126 1127//1127 1128//1128
f 1096//1096 1125//1125 1128//1128 1097//1097
f 342//342 341//341 1129//1129 1126//1126
f 341//341 329//329 1114//1114 1129//1129
f 1129//1129 1114//1114 1118//1118 1130//1130
f 1126//1126 1129//1129 1130//1130 1127//1127
f 1127//1127 1130//1130 1131//1131 1132//1132
f 1130//1130 1118//1118 1124//1124 1131//1131
f 1131//1131 1124//1124 762//762 786//786
f 1132//1132 1131//1131 786//786 784//784
f 1097//1097 1128//1128 1133//1133 1101//1101
f 1128//1128 1127//1127 1132//1132 1133//1133
f 1133//1133 1132//1132 784//784 783//783
f 1101//1101 1133//1133 783//783 782//782
f 389//389 419//419 1134//1134 1135//1135
f 419//419 423//423 1136//1136 1134//1134
f 1134//1134 1136//1136 1137//1137 1138//1138
f 1135//1135 1134//1134 1138//1138 1139//1139
f 423//423 431//431 1140//1140 1136//1136
f 431//431 433//433 1078//1078 1140//1140
f 1140//1140 1078//1078 1082//1082 1141//1141
f 1136//1136 1140//1140 1141//1141 1137//1137
f 1137//1137 1141//1141 1142//1142 1143//1143
f 1141//1141 1082//1082 1088//1088 1142//1142
f 1142//1142 1088//1088 859//859 857//857
f 1143//1143 1142//1142 857//857 853//853
f 1139//1139 1138//1138 1144//1144 1145//1145
f 1138//1138 1137//1137 1143//1143 1144//1144
f 1144//1144 1143//1143 853//853 851//851
f 1145//1145 1144//1144 851//851 811//811
f 131//131 371//371 1146//1146 976//976
f 371//371 375//375 1147//1147 1146//1146
f 1146//1146 1147//1147 1148//1148 1149//1149
f 976//976 1146//1146 1149//1149 977//977
f 375//375 387//387 1150//1150 1147//1147
f 387//387 389//389 1135//1135 1150//1150
f 1150//1150 1135//1135 1139//1139 1151//1151
f 1147//1147 1150//1150 1151//1151 1148//1148
f 1148//1148 1151//1151 1152//1152 1153//1153
f 1151//1151 1139//1139 1145//1145 1152//1152
f 1152//1152 1145//1145 811//811 809//809
f 1153//1153 1152//1152 809//809 805//805
f 977//977 1149//1149 1154//1154 981//981
f 1149//1149 1148//1148 1153//1153 1154//1154
f 1154//1154 1153//1153 805//805 803//803
f 981//981 1154//1154 803//803 566//566
