# Extracted from Open3DModel lower-limb.obj — Lateral_calcaneal_nerves.r
# License: CC BY-SA 4.0 — AnatomyTOOL Open3D create
o Lateral_calcaneal_nerves.r
v -0.077282 0.050271 -0.092007
v -0.077212 0.050280 -0.092027
v -0.077248 0.050273 -0.092010
v -0.077307 0.050274 -0.092021
v -0.077185 0.050291 -0.092055
v -0.077314 0.050283 -0.092047
v -0.077173 0.050302 -0.092086
v -0.077303 0.050294 -0.092078
v -0.077180 0.050310 -0.092112
v -0.077275 0.050305 -0.092106
v -0.077205 0.050314 -0.092125
v -0.077239 0.050312 -0.092123
v -0.088410 0.095622 -0.075136
v -0.089009 0.095566 -0.074989
v -0.088717 0.095569 -0.075001
v -0.089209 0.095615 -0.075106
v -0.088171 0.095712 -0.075361
v -0.089262 0.095702 -0.075319
v -0.088064 0.095814 -0.075613
v -0.089155 0.095804 -0.075572
v -0.088117 0.095901 -0.075826
v -0.088916 0.095893 -0.075796
v -0.088317 0.095949 -0.075943
v -0.088609 0.095947 -0.075932
v -0.056300 0.032299 -0.081853
v -0.056359 0.032297 -0.081819
v -0.056334 0.032293 -0.081839
v -0.056265 0.032313 -0.081857
v -0.056368 0.032309 -0.081798
v -0.056240 0.032332 -0.081849
v -0.056359 0.032327 -0.081781
v -0.056230 0.032350 -0.081832
v -0.056333 0.032346 -0.081774
v -0.056239 0.032362 -0.081811
v -0.056298 0.032360 -0.081778
v -0.056264 0.032366 -0.081791
v -0.087508 0.106879 -0.076771
v -0.088138 0.106769 -0.076860
v -0.087853 0.106800 -0.076756
v -0.088287 0.106793 -0.077054
v -0.087196 0.106984 -0.076901
v -0.088259 0.106866 -0.077287
v -0.087000 0.107086 -0.077111
v -0.088063 0.106969 -0.077497
v -0.086973 0.107159 -0.077344
v -0.087751 0.107073 -0.077627
v -0.087122 0.107183 -0.077538
v -0.087406 0.107152 -0.077642
v -0.089407 0.050502 -0.073417
v -0.089653 0.050410 -0.073404
v -0.089535 0.050431 -0.073376
v -0.089728 0.050445 -0.073494
v -0.089303 0.050604 -0.073515
v -0.089742 0.050527 -0.073622
v -0.089250 0.050710 -0.073646
v -0.089689 0.050633 -0.073752
v -0.089264 0.050792 -0.073774
v -0.089585 0.050736 -0.073851
v -0.089339 0.050827 -0.073864
v -0.089457 0.050806 -0.073892
v -0.097755 0.068585 -0.068227
v -0.097485 0.068629 -0.068026
v -0.097578 0.068582 -0.068176
v -0.097499 0.068714 -0.067815
v -0.097967 0.068638 -0.068164
v -0.097617 0.068813 -0.067601
v -0.098158 0.068725 -0.068003
v -0.097808 0.068900 -0.067440
v -0.098276 0.068824 -0.067789
v -0.098021 0.068953 -0.067377
v -0.098291 0.068909 -0.067578
v -0.098197 0.068956 -0.067427
v -0.097617 0.068813 -0.067601
v -0.097848 0.066040 -0.066630
v -0.097730 0.065970 -0.066849
v -0.097499 0.068714 -0.067815
v -0.097808 0.068900 -0.067440
v -0.098038 0.066095 -0.066462
v -0.098021 0.068953 -0.067377
v -0.098248 0.066122 -0.066392
v -0.098197 0.068956 -0.067427
v -0.098422 0.066112 -0.066437
v -0.098291 0.068909 -0.067578
v -0.098514 0.066069 -0.066587
v -0.098276 0.068824 -0.067789
v -0.098498 0.066004 -0.066799
v -0.098158 0.068725 -0.068003
v -0.098379 0.065935 -0.067019
v -0.097967 0.068638 -0.068164
v -0.098189 0.065879 -0.067186
v -0.097755 0.068585 -0.068227
v -0.097979 0.065852 -0.067257
v -0.097578 0.068582 -0.068176
v -0.097805 0.065862 -0.067211
v -0.097485 0.068629 -0.068026
v -0.097714 0.065905 -0.067062
v -0.097784 0.063688 -0.066029
v -0.097669 0.063654 -0.066252
v -0.097969 0.063705 -0.065855
v -0.098174 0.063700 -0.065779
v -0.098344 0.063676 -0.065820
v -0.098434 0.063638 -0.065967
v -0.098419 0.063597 -0.066182
v -0.098303 0.063563 -0.066406
v -0.098118 0.063546 -0.066579
v -0.097913 0.063551 -0.066655
v -0.097743 0.063575 -0.066614
v -0.097654 0.063613 -0.066467
v -0.097472 0.061710 -0.065752
v -0.097365 0.061719 -0.065977
v -0.097646 0.061682 -0.065576
v -0.097841 0.061641 -0.065497
v -0.098005 0.061600 -0.065535
v -0.098093 0.061568 -0.065680
v -0.098083 0.061555 -0.065894
v -0.097976 0.061564 -0.066119
v -0.097802 0.061593 -0.066295
v -0.097607 0.061633 -0.066374
v -0.097443 0.061675 -0.066336
v -0.097355 0.061706 -0.066191
v -0.096958 0.060059 -0.065754
v -0.096867 0.060113 -0.065974
v -0.097113 0.059982 -0.065582
v -0.097292 0.059904 -0.065505
v -0.097447 0.059846 -0.065542
v -0.097536 0.059822 -0.065685
v -0.097534 0.059839 -0.065894
v -0.097444 0.059893 -0.066114
v -0.097288 0.059969 -0.066286
v -0.097109 0.060048 -0.066364
v -0.096955 0.060106 -0.066326
v -0.096866 0.060130 -0.066183
v -0.096288 0.058684 -0.065990
v -0.096219 0.058779 -0.066199
v -0.096419 0.058565 -0.065830
v -0.096577 0.058454 -0.065760
v -0.096721 0.058381 -0.065800
v -0.096811 0.058365 -0.065938
v -0.096824 0.058410 -0.066139
v -0.096755 0.058505 -0.066347
v -0.096624 0.058624 -0.066508
v -0.096465 0.058735 -0.066577
v -0.096322 0.058808 -0.066538
v -0.096232 0.058824 -0.066399
v -0.095506 0.057538 -0.066418
v -0.095461 0.057664 -0.066609
v -0.095612 0.057387 -0.066273
v -0.095749 0.057252 -0.066215
v -0.095882 0.057169 -0.066258
v -0.095975 0.057160 -0.066391
v -0.096002 0.057228 -0.066579
v -0.095957 0.057354 -0.066771
v -0.095852 0.057505 -0.066915
v -0.095714 0.057640 -0.066974
v -0.095582 0.057723 -0.066931
v -0.095489 0.057732 -0.066797
v -0.094660 0.056575 -0.066992
v -0.094635 0.056720 -0.067167
v -0.094743 0.056404 -0.066864
v -0.094863 0.056255 -0.066817
v -0.094988 0.056168 -0.066863
v -0.095083 0.056165 -0.066991
v -0.095124 0.056247 -0.067165
v -0.095099 0.056393 -0.067339
v -0.095015 0.056563 -0.067467
v -0.094895 0.056712 -0.067515
v -0.094771 0.056800 -0.067468
v -0.094675 0.056803 -0.067341
v -0.093793 0.055748 -0.067670
v -0.093782 0.055904 -0.067830
v -0.093862 0.055568 -0.067555
v -0.093970 0.055414 -0.067516
v -0.094089 0.055325 -0.067564
v -0.094187 0.055327 -0.067685
v -0.094237 0.055418 -0.067847
v -0.094227 0.055575 -0.068007
v -0.094158 0.055754 -0.068121
v -0.094049 0.055908 -0.068160
v -0.093930 0.055997 -0.068113
v -0.093833 0.055995 -0.067992
v -0.092953 0.055010 -0.068407
v -0.092950 0.055170 -0.068557
v -0.093015 0.054829 -0.068300
v -0.093118 0.054676 -0.068265
v -0.093235 0.054591 -0.068311
v -0.093335 0.054597 -0.068425
v -0.093391 0.054692 -0.068578
v -0.093388 0.054851 -0.068727
v -0.093326 0.055032 -0.068834
v -0.093223 0.055186 -0.068869
v -0.093106 0.055271 -0.068824
v -0.093006 0.055265 -0.068709
v -0.092187 0.054316 -0.069159
v -0.092184 0.054472 -0.069305
v -0.092249 0.054141 -0.069053
v -0.092353 0.053994 -0.069016
v -0.092472 0.053915 -0.069056
v -0.092574 0.053925 -0.069164
v -0.092631 0.054021 -0.069310
v -0.092628 0.054177 -0.069456
v -0.092566 0.054352 -0.069561
v -0.092462 0.054499 -0.069599
v -0.092342 0.054578 -0.069559
v -0.092241 0.054568 -0.069451
v -0.091540 0.053615 -0.069883
v -0.091531 0.053761 -0.070031
v -0.091610 0.053454 -0.069769
v -0.091722 0.053322 -0.069721
v -0.091847 0.053254 -0.069752
v -0.091950 0.053269 -0.069853
v -0.092004 0.053361 -0.069997
v -0.091995 0.053507 -0.070145
v -0.091925 0.053668 -0.070259
v -0.091813 0.053800 -0.070307
v -0.091689 0.053868 -0.070276
v -0.091585 0.053854 -0.070175
v -0.091065 0.052866 -0.070527
v -0.091053 0.053003 -0.070676
v -0.091140 0.052718 -0.070408
v -0.091257 0.052599 -0.070353
v -0.091385 0.052542 -0.070375
v -0.091489 0.052562 -0.070468
v -0.091542 0.052653 -0.070608
v -0.091530 0.052790 -0.070758
v -0.091455 0.052938 -0.070876
v -0.091338 0.053057 -0.070932
v -0.091211 0.053114 -0.070910
v -0.091106 0.053094 -0.070816
v -0.090671 0.052147 -0.071168
v -0.090666 0.052294 -0.071305
v -0.090738 0.051991 -0.071061
v -0.090849 0.051868 -0.071011
v -0.090975 0.051811 -0.071033
v -0.091081 0.051835 -0.071120
v -0.091140 0.051934 -0.071249
v -0.091135 0.052081 -0.071386
v -0.091068 0.052238 -0.071493
v -0.090957 0.052361 -0.071543
v -0.090832 0.052418 -0.071521
v -0.090725 0.052394 -0.071434
v -0.090253 0.051577 -0.071891
v -0.090261 0.051739 -0.072005
v -0.090305 0.051405 -0.071806
v -0.090405 0.051271 -0.071773
v -0.090526 0.051210 -0.071800
v -0.090634 0.051237 -0.071881
v -0.090702 0.051347 -0.071993
v -0.090710 0.051510 -0.072106
v -0.090657 0.051681 -0.072191
v -0.090557 0.051815 -0.072224
v -0.090437 0.051877 -0.072197
v -0.090328 0.051849 -0.072117
v -0.089813 0.051130 -0.072690
v -0.089833 0.051301 -0.072783
v -0.089854 0.050949 -0.072626
v -0.089944 0.050808 -0.072608
v -0.090060 0.050744 -0.072640
v -0.090170 0.050774 -0.072714
v -0.090245 0.050891 -0.072810
v -0.090265 0.051062 -0.072902
v -0.090224 0.051242 -0.072966
v -0.090134 0.051384 -0.072985
v -0.090019 0.051448 -0.072953
v -0.089908 0.051417 -0.072879
v -0.089360 0.050788 -0.073556
v -0.089389 0.050964 -0.073630
v -0.089391 0.050603 -0.073510
v -0.089473 0.050459 -0.073504
v -0.089584 0.050393 -0.073539
v -0.089696 0.050425 -0.073607
v -0.089777 0.050544 -0.073689
v -0.089806 0.050720 -0.073763
v -0.089776 0.050905 -0.073810
v -0.089694 0.051050 -0.073816
v -0.089582 0.051115 -0.073780
v -0.089471 0.051083 -0.073712
v -0.088900 0.050533 -0.074478
v -0.088936 0.050710 -0.074537
v -0.088923 0.050346 -0.074445
v -0.088999 0.050201 -0.074448
v -0.089107 0.050136 -0.074486
v -0.089219 0.050168 -0.074549
v -0.089305 0.050288 -0.074619
v -0.089341 0.050465 -0.074679
v -0.089318 0.050652 -0.074711
v -0.089243 0.050797 -0.074708
v -0.089134 0.050862 -0.074670
v -0.089022 0.050830 -0.074608
v -0.088439 0.050346 -0.075444
v -0.088481 0.050523 -0.075493
v -0.088457 0.050160 -0.075422
v -0.088528 0.050016 -0.075431
v -0.088634 0.049950 -0.075470
v -0.088747 0.049982 -0.075528
v -0.088835 0.050102 -0.075589
v -0.088877 0.050279 -0.075638
v -0.088859 0.050465 -0.075661
v -0.088788 0.050609 -0.075651
v -0.088682 0.050675 -0.075612
v -0.088570 0.050643 -0.075554
v -0.087986 0.050209 -0.076446
v -0.088030 0.050384 -0.076486
v -0.087999 0.050025 -0.076429
v -0.088067 0.049881 -0.076442
v -0.088172 0.049817 -0.076481
v -0.088284 0.049848 -0.076535
v -0.088375 0.049967 -0.076590
v -0.088419 0.050142 -0.076630
v -0.088406 0.050326 -0.076647
v -0.088338 0.050470 -0.076634
v -0.088233 0.050534 -0.076595
v -0.088121 0.050503 -0.076541
v -0.087545 0.050103 -0.077471
v -0.087592 0.050276 -0.077507
v -0.087557 0.049921 -0.077458
v -0.087623 0.049779 -0.077472
v -0.087726 0.049715 -0.077509
v -0.087838 0.049746 -0.077560
v -0.087930 0.049864 -0.077609
v -0.087976 0.050037 -0.077646
v -0.087965 0.050218 -0.077658
v -0.087899 0.050360 -0.077644
v -0.087796 0.050424 -0.077607
v -0.087683 0.050393 -0.077557
v -0.087126 0.050010 -0.078510
v -0.087172 0.050180 -0.078544
v -0.087136 0.049831 -0.078498
v -0.087201 0.049691 -0.078510
v -0.087304 0.049628 -0.078545
v -0.087415 0.049658 -0.078592
v -0.087507 0.049774 -0.078638
v -0.087554 0.049944 -0.078673
v -0.087543 0.050123 -0.078685
v -0.087478 0.050263 -0.078672
v -0.087376 0.050326 -0.078638
v -0.087264 0.050296 -0.078591
v -0.086733 0.049911 -0.079552
v -0.086779 0.050078 -0.079587
v -0.086744 0.049735 -0.079537
v -0.086809 0.049597 -0.079546
v -0.086911 0.049535 -0.079577
v -0.087022 0.049564 -0.079621
v -0.087113 0.049678 -0.079666
v -0.087159 0.049846 -0.079701
v -0.087148 0.050022 -0.079716
v -0.087083 0.050159 -0.079707
v -0.086982 0.050222 -0.079676
v -0.086870 0.050192 -0.079633
v -0.086375 0.049787 -0.080588
v -0.086420 0.049951 -0.080626
v -0.086387 0.049614 -0.080567
v -0.086453 0.049479 -0.080570
v -0.086555 0.049418 -0.080595
v -0.086665 0.049447 -0.080636
v -0.086755 0.049559 -0.080681
v -0.086799 0.049723 -0.080720
v -0.086787 0.049896 -0.080740
v -0.086721 0.050031 -0.080737
v -0.086620 0.050092 -0.080712
v -0.086509 0.050063 -0.080671
v -0.086059 0.049621 -0.081601
v -0.086102 0.049782 -0.081643
v -0.086073 0.049451 -0.081576
v -0.086139 0.049319 -0.081573
v -0.086240 0.049259 -0.081594
v -0.086349 0.049287 -0.081633
v -0.086437 0.049397 -0.081680
v -0.086480 0.049558 -0.081722
v -0.086467 0.049727 -0.081748
v -0.086401 0.049860 -0.081750
v -0.086300 0.049920 -0.081729
v -0.086190 0.049891 -0.081690
v -0.085023 0.048990 -0.084954
v -0.085062 0.049148 -0.084995
v -0.085039 0.048825 -0.084930
v -0.085105 0.048697 -0.084929
v -0.085204 0.048640 -0.084952
v -0.085309 0.048670 -0.084992
v -0.085393 0.048778 -0.085038
v -0.085432 0.048935 -0.085079
v -0.085416 0.049100 -0.085103
v -0.085350 0.049228 -0.085104
v -0.085251 0.049285 -0.085082
v -0.085146 0.049255 -0.085042
v -0.084122 0.048550 -0.087547
v -0.084158 0.048704 -0.087585
v -0.084139 0.048389 -0.087528
v -0.084204 0.048264 -0.087533
v -0.084299 0.048210 -0.087561
v -0.084399 0.048240 -0.087604
v -0.084478 0.048346 -0.087650
v -0.084514 0.048500 -0.087688
v -0.084497 0.048661 -0.087707
v -0.084432 0.048786 -0.087702
v -0.084337 0.048840 -0.087674
v -0.084237 0.048810 -0.087632
v -0.083336 0.048265 -0.089479
v -0.083369 0.048416 -0.089513
v -0.083353 0.048108 -0.089466
v -0.083415 0.047987 -0.089478
v -0.083505 0.047935 -0.089513
v -0.083600 0.047965 -0.089560
v -0.083673 0.048069 -0.089608
v -0.083706 0.048220 -0.089643
v -0.083689 0.048377 -0.089655
v -0.083627 0.048498 -0.089643
v -0.083537 0.048550 -0.089608
v -0.083442 0.048520 -0.089561
v -0.082647 0.048102 -0.090841
v -0.082677 0.048249 -0.090874
v -0.082663 0.047949 -0.090836
v -0.082720 0.047832 -0.090858
v -0.082803 0.047781 -0.090903
v -0.082890 0.047811 -0.090957
v -0.082957 0.047914 -0.091008
v -0.082987 0.048061 -0.091040
v -0.082971 0.048214 -0.091046
v -0.082914 0.048331 -0.091023
v -0.082831 0.048382 -0.090979
v -0.082744 0.048352 -0.090924
v -0.082041 0.048027 -0.091729
v -0.082067 0.048170 -0.091760
v -0.082054 0.047878 -0.091732
v -0.082102 0.047764 -0.091767
v -0.082173 0.047716 -0.091825
v -0.082248 0.047746 -0.091891
v -0.082306 0.047846 -0.091947
v -0.082331 0.047989 -0.091977
v -0.082318 0.048138 -0.091975
v -0.082270 0.048252 -0.091940
v -0.082199 0.048300 -0.091882
v -0.082125 0.048270 -0.091816
v -0.081504 0.048005 -0.092242
v -0.081523 0.048145 -0.092274
v -0.081512 0.047861 -0.092252
v -0.081546 0.047751 -0.092299
v -0.081598 0.047705 -0.092373
v -0.081652 0.047735 -0.092452
v -0.081695 0.047833 -0.092516
v -0.081714 0.047972 -0.092547
v -0.081706 0.048117 -0.092538
v -0.081671 0.048226 -0.092490
v -0.081620 0.048272 -0.092417
v -0.081566 0.048243 -0.092338
v -0.081011 0.048003 -0.092489
v -0.081020 0.048138 -0.092522
v -0.081017 0.047863 -0.092502
v -0.081036 0.047758 -0.092557
v -0.081063 0.047714 -0.092640
v -0.081090 0.047744 -0.092728
v -0.081111 0.047840 -0.092799
v -0.081120 0.047976 -0.092832
v -0.081114 0.048116 -0.092819
v -0.081096 0.048221 -0.092763
v -0.081069 0.048265 -0.092680
v -0.081041 0.048234 -0.092592
v -0.080522 0.047988 -0.092572
v -0.080515 0.048119 -0.092604
v -0.080532 0.047853 -0.092586
v -0.080544 0.047752 -0.092642
v -0.080553 0.047711 -0.092727
v -0.080558 0.047741 -0.092816
v -0.080557 0.047834 -0.092886
v -0.080551 0.047965 -0.092919
v -0.080541 0.048100 -0.092905
v -0.080529 0.048201 -0.092848
v -0.080520 0.048243 -0.092764
v -0.080515 0.048213 -0.092675
v -0.079998 0.047926 -0.092577
v -0.079976 0.048051 -0.092607
v -0.080022 0.047798 -0.092592
v -0.080040 0.047701 -0.092648
v -0.080048 0.047663 -0.092731
v -0.080043 0.047692 -0.092817
v -0.080027 0.047782 -0.092884
v -0.080005 0.047907 -0.092914
v -0.079982 0.048035 -0.092899
v -0.079964 0.048132 -0.092842
v -0.079956 0.048170 -0.092760
v -0.079960 0.048141 -0.092674
v -0.079424 0.047778 -0.092594
v -0.079387 0.047896 -0.092622
v -0.079465 0.047659 -0.092610
v -0.079500 0.047572 -0.092665
v -0.079520 0.047539 -0.092745
v -0.079518 0.047569 -0.092827
v -0.079496 0.047655 -0.092891
v -0.079459 0.047773 -0.092918
v -0.079418 0.047892 -0.092902
v -0.079383 0.047979 -0.092847
v -0.079364 0.048012 -0.092768
v -0.079365 0.047981 -0.092686
v -0.078793 0.047508 -0.092723
v -0.078747 0.047617 -0.092750
v -0.078852 0.047401 -0.092737
v -0.078906 0.047327 -0.092787
v -0.078942 0.047304 -0.092860
v -0.078949 0.047338 -0.092937
v -0.078926 0.047422 -0.092997
v -0.078880 0.047531 -0.093024
v -0.078821 0.047637 -0.093011
v -0.078767 0.047712 -0.092960
v -0.078731 0.047735 -0.092887
v -0.078724 0.047700 -0.092810
v -0.078112 0.047093 -0.093054
v -0.078060 0.047195 -0.093080
v -0.078178 0.046996 -0.093065
v -0.078241 0.046932 -0.093110
v -0.078284 0.046916 -0.093178
v -0.078296 0.046954 -0.093249
v -0.078273 0.047035 -0.093306
v -0.078222 0.047137 -0.093332
v -0.078156 0.047234 -0.093321
v -0.078093 0.047298 -0.093275
v -0.078049 0.047314 -0.093208
v -0.078038 0.047276 -0.093136
v -0.077385 0.046597 -0.093449
v -0.077332 0.046690 -0.093461
v -0.077447 0.046512 -0.093473
v -0.077501 0.046458 -0.093525
v -0.077534 0.046450 -0.093592
v -0.077536 0.046489 -0.093655
v -0.077507 0.046566 -0.093699
v -0.077454 0.046659 -0.093711
v -0.077392 0.046744 -0.093687
v -0.077337 0.046798 -0.093635
v -0.077305 0.046806 -0.093568
v -0.077303 0.046767 -0.093505
v -0.076612 0.046128 -0.093710
v -0.076564 0.046213 -0.093708
v -0.076663 0.046051 -0.093745
v -0.076703 0.046004 -0.093802
v -0.076721 0.045999 -0.093868
v -0.076712 0.046037 -0.093923
v -0.076679 0.046109 -0.093954
v -0.076631 0.046194 -0.093952
v -0.076580 0.046270 -0.093918
v -0.076541 0.046317 -0.093860
v -0.076523 0.046322 -0.093794
v -0.076531 0.046284 -0.093739
v -0.075791 0.045676 -0.093851
v -0.075751 0.045754 -0.093838
v -0.075829 0.045609 -0.093893
v -0.075855 0.045569 -0.093953
v -0.075860 0.045568 -0.094014
v -0.075845 0.045605 -0.094060
v -0.075813 0.045671 -0.094079
v -0.075772 0.045748 -0.094065
v -0.075734 0.045816 -0.094023
v -0.075709 0.045856 -0.093964
v -0.075703 0.045857 -0.093903
v -0.075718 0.045820 -0.093857
v -0.074929 0.045244 -0.093883
v -0.074897 0.045312 -0.093861
v -0.074955 0.045185 -0.093929
v -0.074968 0.045153 -0.093986
v -0.074965 0.045156 -0.094041
v -0.074946 0.045192 -0.094077
v -0.074917 0.045252 -0.094085
v -0.074885 0.045320 -0.094064
v -0.074860 0.045378 -0.094018
v -0.074847 0.045411 -0.093960
v -0.074850 0.045408 -0.093906
v -0.074868 0.045372 -0.093869
v -0.074035 0.044828 -0.093815
v -0.074012 0.044887 -0.093788
v -0.074050 0.044780 -0.093861
v -0.074053 0.044755 -0.093915
v -0.074044 0.044761 -0.093961
v -0.074025 0.044795 -0.093988
v -0.074001 0.044849 -0.093988
v -0.073978 0.044908 -0.093961
v -0.073963 0.044956 -0.093915
v -0.073960 0.044981 -0.093861
v -0.073969 0.044975 -0.093815
v -0.073988 0.044941 -0.093788
v -0.073117 0.044429 -0.093658
v -0.073103 0.044479 -0.093629
v -0.073123 0.044391 -0.093702
v -0.073120 0.044374 -0.093750
v -0.073108 0.044382 -0.093788
v -0.073090 0.044414 -0.093806
v -0.073072 0.044461 -0.093800
v -0.073057 0.044510 -0.093771
v -0.073051 0.044548 -0.093727
v -0.073055 0.044565 -0.093680
v -0.073067 0.044557 -0.093642
v -0.073085 0.044525 -0.093623
v -0.072186 0.044047 -0.093424
v -0.072179 0.044087 -0.093395
v -0.072186 0.044019 -0.093463
v -0.072178 0.044008 -0.093503
v -0.072165 0.044018 -0.093533
v -0.072150 0.044046 -0.093545
v -0.072137 0.044085 -0.093535
v -0.072130 0.044124 -0.093506
v -0.072130 0.044153 -0.093467
v -0.072138 0.044164 -0.093427
v -0.072151 0.044154 -0.093397
v -0.072166 0.044126 -0.093386
v -0.071250 0.043681 -0.093123
v -0.071248 0.043710 -0.093097
v -0.071245 0.043661 -0.093157
v -0.071236 0.043655 -0.093189
v -0.071224 0.043666 -0.093210
v -0.071212 0.043690 -0.093216
v -0.071204 0.043720 -0.093205
v -0.071202 0.043750 -0.093179
v -0.071206 0.043770 -0.093146
v -0.071216 0.043775 -0.093114
v -0.071228 0.043765 -0.093092
v -0.071240 0.043741 -0.093086
v -0.070318 0.043328 -0.092768
v -0.070319 0.043349 -0.092747
v -0.070312 0.043316 -0.092794
v -0.070302 0.043314 -0.092817
v -0.070292 0.043324 -0.092832
v -0.070284 0.043343 -0.092834
v -0.070280 0.043365 -0.092823
v -0.070281 0.043385 -0.092802
v -0.070288 0.043398 -0.092776
v -0.070297 0.043399 -0.092753
v -0.070307 0.043390 -0.092738
v -0.070315 0.043371 -0.092736
v -0.069399 0.042989 -0.092370
v -0.069401 0.043001 -0.092354
v -0.069393 0.042983 -0.092387
v -0.069385 0.042984 -0.092402
v -0.069378 0.042991 -0.092411
v -0.069374 0.043004 -0.092411
v -0.069372 0.043018 -0.092402
v -0.069375 0.043030 -0.092387
v -0.069381 0.043037 -0.092369
v -0.069388 0.043036 -0.092354
v -0.069395 0.043028 -0.092345
v -0.069400 0.043015 -0.092346
v -0.068501 0.042662 -0.091940
v -0.068503 0.042667 -0.091932
v -0.068497 0.042660 -0.091949
v -0.068493 0.042661 -0.091956
v -0.068490 0.042665 -0.091960
v -0.068488 0.042672 -0.091959
v -0.068488 0.042678 -0.091954
v -0.068490 0.042684 -0.091946
v -0.068494 0.042686 -0.091937
v -0.068498 0.042685 -0.091930
v -0.068501 0.042680 -0.091926
v -0.068503 0.042674 -0.091927
v -0.067634 0.042345 -0.091491
v -0.067634 0.042345 -0.091491
v -0.067634 0.042345 -0.091491
v -0.067634 0.042345 -0.091491
v -0.067634 0.042345 -0.091491
v -0.067634 0.042345 -0.091491
v -0.067634 0.042345 -0.091491
v -0.067634 0.042345 -0.091491
v -0.067634 0.042345 -0.091491
v -0.067634 0.042345 -0.091491
v -0.067634 0.042345 -0.091491
v -0.067634 0.042345 -0.091491
v -0.089689 0.050633 -0.073752
v -0.089561 0.050201 -0.073990
v -0.089616 0.050115 -0.073848
v -0.089742 0.050527 -0.073622
v -0.089585 0.050736 -0.073851
v -0.089455 0.050285 -0.074100
v -0.089457 0.050806 -0.073892
v -0.089326 0.050344 -0.074149
v -0.089339 0.050827 -0.073864
v -0.089208 0.050363 -0.074124
v -0.089264 0.050792 -0.073774
v -0.089134 0.050338 -0.074031
v -0.089250 0.050710 -0.073646
v -0.089124 0.050273 -0.073896
v -0.089303 0.050604 -0.073515
v -0.089179 0.050188 -0.073754
v -0.089407 0.050502 -0.073417
v -0.089285 0.050104 -0.073643
v -0.089535 0.050431 -0.073376
v -0.089414 0.050045 -0.073594
v -0.089653 0.050410 -0.073404
v -0.089532 0.050025 -0.073620
v -0.089728 0.050445 -0.073494
v -0.089605 0.050051 -0.073712
v -0.089418 0.049626 -0.074234
v -0.089473 0.049554 -0.074087
v -0.089312 0.049698 -0.074351
v -0.089183 0.049750 -0.074405
v -0.089066 0.049769 -0.074383
v -0.088993 0.049749 -0.074290
v -0.088982 0.049696 -0.074151
v -0.089038 0.049624 -0.074004
v -0.089144 0.049552 -0.073887
v -0.089272 0.049500 -0.073833
v -0.089389 0.049482 -0.073855
v -0.089462 0.049502 -0.073948
v -0.089264 0.048937 -0.074482
v -0.089318 0.048874 -0.074332
v -0.089160 0.049000 -0.074602
v -0.089033 0.049047 -0.074660
v -0.088917 0.049065 -0.074640
v -0.088843 0.049049 -0.074548
v -0.088831 0.049003 -0.074408
v -0.088885 0.048941 -0.074258
v -0.088989 0.048877 -0.074139
v -0.089117 0.048830 -0.074081
v -0.089233 0.048812 -0.074101
v -0.089306 0.048828 -0.074193
v -0.089106 0.048159 -0.074729
v -0.089157 0.048102 -0.074578
v -0.089004 0.048216 -0.074851
v -0.088878 0.048259 -0.074912
v -0.088763 0.048276 -0.074894
v -0.088689 0.048263 -0.074804
v -0.088676 0.048223 -0.074664
v -0.088727 0.048166 -0.074513
v -0.088830 0.048109 -0.074391
v -0.088955 0.048066 -0.074330
v -0.089070 0.048048 -0.074347
v -0.089144 0.048062 -0.074438
v -0.088948 0.047319 -0.074969
v -0.088997 0.047268 -0.074817
v -0.088849 0.047372 -0.075093
v -0.088725 0.047412 -0.075156
v -0.088611 0.047428 -0.075142
v -0.088536 0.047417 -0.075053
v -0.088521 0.047380 -0.074914
v -0.088570 0.047329 -0.074762
v -0.088670 0.047276 -0.074638
v -0.088794 0.047237 -0.074575
v -0.088908 0.047220 -0.074590
v -0.088983 0.047231 -0.074678
v -0.088797 0.046446 -0.075199
v -0.088844 0.046399 -0.075047
v -0.088700 0.046494 -0.075324
v -0.088579 0.046531 -0.075390
v -0.088465 0.046547 -0.075377
v -0.088390 0.046537 -0.075290
v -0.088373 0.046504 -0.075152
v -0.088420 0.046457 -0.075000
v -0.088517 0.046408 -0.074875
v -0.088638 0.046371 -0.074809
v -0.088752 0.046356 -0.074822
v -0.088827 0.046366 -0.074909
v -0.088658 0.045566 -0.075413
v -0.088702 0.045523 -0.075260
v -0.088564 0.045610 -0.075540
v -0.088445 0.045644 -0.075607
v -0.088332 0.045659 -0.075597
v -0.088256 0.045650 -0.075512
v -0.088237 0.045620 -0.075375
v -0.088281 0.045577 -0.075223
v -0.088375 0.045532 -0.075096
v -0.088495 0.045498 -0.075029
v -0.088608 0.045484 -0.075039
v -0.088684 0.045493 -0.075123
v -0.088537 0.044707 -0.075606
v -0.088578 0.044668 -0.075453
v -0.088446 0.044748 -0.075734
v -0.088328 0.044778 -0.075803
v -0.088216 0.044791 -0.075796
v -0.088140 0.044783 -0.075713
v -0.088119 0.044756 -0.075577
v -0.088160 0.044717 -0.075425
v -0.088252 0.044677 -0.075297
v -0.088369 0.044646 -0.075227
v -0.088481 0.044633 -0.075235
v -0.088558 0.044641 -0.075318
v -0.088439 0.043898 -0.075773
v -0.088478 0.043863 -0.075620
v -0.088351 0.043934 -0.075902
v -0.088235 0.043960 -0.075973
v -0.088124 0.043971 -0.075968
v -0.088047 0.043963 -0.075888
v -0.088025 0.043938 -0.075753
v -0.088063 0.043904 -0.075601
v -0.088152 0.043868 -0.075472
v -0.088267 0.043841 -0.075400
v -0.088378 0.043831 -0.075406
v -0.088455 0.043839 -0.075486
v -0.088370 0.043166 -0.075909
v -0.088406 0.043136 -0.075757
v -0.088285 0.043196 -0.076039
v -0.088171 0.043217 -0.076113
v -0.088061 0.043225 -0.076110
v -0.087983 0.043217 -0.076032
v -0.087959 0.043195 -0.075899
v -0.087995 0.043165 -0.075747
v -0.088081 0.043135 -0.075617
v -0.088194 0.043114 -0.075543
v -0.088304 0.043106 -0.075546
v -0.088382 0.043114 -0.075624
v -0.088336 0.042541 -0.076009
v -0.088369 0.042518 -0.075857
v -0.088253 0.042562 -0.076140
v -0.088142 0.042575 -0.076217
v -0.088033 0.042578 -0.076217
v -0.087955 0.042568 -0.076141
v -0.087929 0.042549 -0.076010
v -0.087962 0.042526 -0.075858
v -0.088045 0.042505 -0.075726
v -0.088156 0.042491 -0.075650
v -0.088265 0.042489 -0.075649
v -0.088343 0.042499 -0.075725
v -0.088342 0.042047 -0.076068
v -0.088372 0.042029 -0.075916
v -0.088262 0.042061 -0.076201
v -0.088154 0.042067 -0.076279
v -0.088046 0.042063 -0.076282
v -0.087967 0.042052 -0.076209
v -0.087939 0.042035 -0.076079
v -0.087969 0.042017 -0.075927
v -0.088049 0.042004 -0.075795
v -0.088157 0.041998 -0.075716
v -0.088265 0.042001 -0.075713
v -0.088344 0.042012 -0.075787
v -0.088400 0.041041 -0.076180
v -0.088426 0.041021 -0.076027
v -0.088324 0.041056 -0.076316
v -0.088217 0.041062 -0.076398
v -0.088109 0.041059 -0.076405
v -0.088028 0.041046 -0.076334
v -0.087995 0.041027 -0.076204
v -0.088021 0.041008 -0.076051
v -0.088097 0.040993 -0.075915
v -0.088204 0.040986 -0.075833
v -0.088312 0.040990 -0.075827
v -0.088393 0.041003 -0.075898
v -0.088433 0.040033 -0.076327
v -0.088454 0.040007 -0.076173
v -0.088361 0.040054 -0.076465
v -0.088256 0.040066 -0.076550
v -0.088147 0.040066 -0.076560
v -0.088063 0.040053 -0.076491
v -0.088026 0.040031 -0.076362
v -0.088047 0.040005 -0.076208
v -0.088120 0.039984 -0.076070
v -0.088225 0.039971 -0.075985
v -0.088334 0.039972 -0.075976
v -0.088418 0.039985 -0.076045
v -0.088444 0.039028 -0.076506
v -0.088460 0.038997 -0.076352
v -0.088375 0.039056 -0.076646
v -0.088272 0.039074 -0.076734
v -0.088162 0.039076 -0.076746
v -0.088076 0.039063 -0.076679
v -0.088035 0.039038 -0.076552
v -0.088052 0.039007 -0.076397
v -0.088121 0.038979 -0.076257
v -0.088224 0.038961 -0.076169
v -0.088333 0.038958 -0.076157
v -0.088420 0.038971 -0.076224
v -0.088435 0.038027 -0.076716
v -0.088446 0.037991 -0.076561
v -0.088370 0.038061 -0.076858
v -0.088269 0.038084 -0.076948
v -0.088159 0.038090 -0.076963
v -0.088070 0.038077 -0.076899
v -0.088025 0.038049 -0.076772
v -0.088037 0.038013 -0.076617
v -0.088102 0.037979 -0.076475
v -0.088202 0.037956 -0.076385
v -0.088312 0.037950 -0.076370
v -0.088401 0.037963 -0.076435
v -0.088408 0.037032 -0.076955
v -0.088415 0.036991 -0.076800
v -0.088347 0.037071 -0.077098
v -0.088249 0.037099 -0.077191
v -0.088139 0.037108 -0.077209
v -0.088047 0.037095 -0.077147
v -0.087998 0.037064 -0.077021
v -0.088005 0.037024 -0.076866
v -0.088066 0.036984 -0.076723
v -0.088164 0.036956 -0.076630
v -0.088274 0.036948 -0.076612
v -0.088366 0.036960 -0.076674
v -0.088367 0.036043 -0.077221
v -0.088369 0.035998 -0.077066
v -0.088311 0.036088 -0.077366
v -0.088215 0.036120 -0.077462
v -0.088105 0.036132 -0.077482
v -0.088011 0.036119 -0.077422
v -0.087957 0.036086 -0.077298
v -0.087959 0.036041 -0.077143
v -0.088015 0.035996 -0.076999
v -0.088111 0.035963 -0.076903
v -0.088221 0.035952 -0.076883
v -0.088315 0.035965 -0.076942
v -0.088314 0.035061 -0.077514
v -0.088311 0.035012 -0.077359
v -0.088263 0.035110 -0.077660
v -0.088169 0.035147 -0.077758
v -0.088060 0.035161 -0.077781
v -0.087963 0.035149 -0.077724
v -0.087905 0.035114 -0.077601
v -0.087902 0.035065 -0.077446
v -0.087953 0.035015 -0.077301
v -0.088047 0.034978 -0.077203
v -0.088156 0.034964 -0.077179
v -0.088253 0.034976 -0.077236
v -0.088252 0.034087 -0.077831
v -0.088244 0.034034 -0.077676
v -0.088205 0.034141 -0.077978
v -0.088115 0.034181 -0.078078
v -0.088006 0.034198 -0.078104
v -0.087907 0.034186 -0.078050
v -0.087844 0.034149 -0.077929
v -0.087836 0.034096 -0.077774
v -0.087883 0.034042 -0.077627
v -0.087973 0.034001 -0.077527
v -0.088082 0.033985 -0.077501
v -0.088181 0.033996 -0.077555
v -0.088184 0.033121 -0.078170
v -0.088170 0.033065 -0.078016
v -0.088142 0.033179 -0.078318
v -0.088055 0.033224 -0.078421
v -0.087946 0.033243 -0.078450
v -0.087844 0.033231 -0.078398
v -0.087777 0.033193 -0.078279
v -0.087763 0.033136 -0.078125
v -0.087806 0.033078 -0.077977
v -0.087893 0.033033 -0.077875
v -0.088002 0.033014 -0.077846
v -0.088104 0.033026 -0.077897
v -0.088112 0.032166 -0.078531
v -0.088093 0.032106 -0.078378
v -0.088075 0.032228 -0.078680
v -0.087990 0.032276 -0.078784
v -0.087882 0.032297 -0.078817
v -0.087778 0.032286 -0.078768
v -0.087707 0.032245 -0.078651
v -0.087688 0.032186 -0.078498
v -0.087725 0.032124 -0.078349
v -0.087810 0.032076 -0.078244
v -0.087918 0.032054 -0.078212
v -0.088022 0.032066 -0.078261
v -0.088039 0.031221 -0.078911
v -0.088014 0.031158 -0.078759
v -0.088007 0.031286 -0.079061
v -0.087926 0.031338 -0.079168
v -0.087818 0.031361 -0.079203
v -0.087712 0.031350 -0.079157
v -0.087636 0.031308 -0.079043
v -0.087612 0.031245 -0.078890
v -0.087644 0.031180 -0.078740
v -0.087725 0.031128 -0.078634
v -0.087833 0.031105 -0.078599
v -0.087939 0.031116 -0.078644
v -0.087967 0.030281 -0.079313
v -0.087937 0.030218 -0.079160
v -0.087940 0.030349 -0.079463
v -0.087862 0.030405 -0.079572
v -0.087755 0.030433 -0.079609
v -0.087647 0.030426 -0.079564
v -0.087568 0.030385 -0.079451
v -0.087538 0.030322 -0.079298
v -0.087565 0.030254 -0.079148
v -0.087643 0.030198 -0.079040
v -0.087750 0.030170 -0.079003
v -0.087857 0.030177 -0.079047
v -0.087839 0.029506 -0.079665
v -0.087822 0.029448 -0.079520
v -0.087803 0.029571 -0.079802
v -0.087724 0.029627 -0.079896
v -0.087623 0.029657 -0.079922
v -0.087526 0.029655 -0.079871
v -0.087461 0.029620 -0.079759
v -0.087443 0.029562 -0.079614
v -0.087479 0.029496 -0.079477
v -0.087558 0.029441 -0.079383
v -0.087660 0.029410 -0.079358
v -0.087756 0.029413 -0.079408
v -0.087600 0.028602 -0.080053
v -0.087594 0.028549 -0.079917
v -0.087558 0.028664 -0.080177
v -0.087479 0.028719 -0.080257
v -0.087384 0.028752 -0.080272
v -0.087299 0.028753 -0.080217
v -0.087247 0.028724 -0.080107
v -0.087241 0.028671 -0.079972
v -0.087284 0.028608 -0.079847
v -0.087363 0.028553 -0.079767
v -0.087457 0.028521 -0.079752
v -0.087542 0.028519 -0.079808
v -0.087261 0.027600 -0.080459
v -0.087265 0.027550 -0.080335
v -0.087214 0.027659 -0.080570
v -0.087137 0.027712 -0.080638
v -0.087049 0.027745 -0.080643
v -0.086976 0.027748 -0.080586
v -0.086936 0.027722 -0.080481
v -0.086940 0.027672 -0.080356
v -0.086987 0.027613 -0.080245
v -0.087064 0.027560 -0.080178
v -0.087152 0.027527 -0.080172
v -0.087225 0.027524 -0.080229
v -0.086833 0.026524 -0.080871
v -0.086845 0.026478 -0.080757
v -0.086783 0.026581 -0.080968
v -0.086708 0.026631 -0.081024
v -0.086628 0.026663 -0.081022
v -0.086566 0.026668 -0.080964
v -0.086536 0.026644 -0.080865
v -0.086548 0.026597 -0.080751
v -0.086599 0.026541 -0.080654
v -0.086673 0.026491 -0.080598
v -0.086753 0.026459 -0.080600
v -0.086816 0.026454 -0.080658
v -0.086325 0.025403 -0.081271
v -0.086343 0.025360 -0.081169
v -0.086273 0.025456 -0.081356
v -0.086202 0.025504 -0.081400
v -0.086130 0.025534 -0.081393
v -0.086078 0.025539 -0.081335
v -0.086058 0.025517 -0.081243
v -0.086077 0.025474 -0.081141
v -0.086129 0.025421 -0.081057
v -0.086200 0.025373 -0.081012
v -0.086271 0.025343 -0.081020
v -0.086323 0.025338 -0.081077
v -0.085746 0.024263 -0.081646
v -0.085769 0.024223 -0.081556
v -0.085695 0.024312 -0.081718
v -0.085629 0.024357 -0.081752
v -0.085566 0.024385 -0.081740
v -0.085523 0.024390 -0.081684
v -0.085512 0.024370 -0.081601
v -0.085535 0.024330 -0.081511
v -0.085586 0.024282 -0.081439
v -0.085652 0.024236 -0.081405
v -0.085715 0.024208 -0.081417
v -0.085758 0.024203 -0.081472
v -0.085108 0.023130 -0.081980
v -0.085134 0.023094 -0.081902
v -0.085058 0.023175 -0.082039
v -0.084998 0.023217 -0.082065
v -0.084944 0.023244 -0.082049
v -0.084910 0.023249 -0.081997
v -0.084906 0.023231 -0.081922
v -0.084932 0.023195 -0.081844
v -0.084982 0.023149 -0.081784
v -0.085042 0.023108 -0.081759
v -0.085096 0.023080 -0.081775
v -0.085130 0.023075 -0.081827
v -0.084419 0.022033 -0.082257
v -0.084447 0.022000 -0.082192
v -0.084372 0.022074 -0.082305
v -0.084319 0.022113 -0.082323
v -0.084274 0.022138 -0.082305
v -0.084249 0.022143 -0.082257
v -0.084250 0.022127 -0.082191
v -0.084278 0.022094 -0.082125
v -0.084325 0.022053 -0.082077
v -0.084378 0.022014 -0.082059
v -0.084423 0.021989 -0.082077
v -0.084448 0.021984 -0.082126
v -0.083690 0.020999 -0.082463
v -0.083718 0.020969 -0.082409
v -0.083648 0.021036 -0.082501
v -0.083603 0.021072 -0.082511
v -0.083566 0.021095 -0.082493
v -0.083549 0.021101 -0.082449
v -0.083555 0.021087 -0.082393
v -0.083583 0.021057 -0.082339
v -0.083625 0.021020 -0.082301
v -0.083670 0.020985 -0.082291
v -0.083706 0.020961 -0.082309
v -0.083724 0.020956 -0.082353
v -0.082931 0.020056 -0.082582
v -0.082957 0.020030 -0.082539
v -0.082894 0.020089 -0.082610
v -0.082858 0.020121 -0.082615
v -0.082831 0.020142 -0.082597
v -0.082820 0.020148 -0.082559
v -0.082829 0.020136 -0.082513
v -0.082856 0.020111 -0.082470
v -0.082892 0.020077 -0.082442
v -0.082928 0.020046 -0.082436
v -0.082956 0.020024 -0.082455
v -0.082966 0.020018 -0.082492
v -0.082151 0.019231 -0.082598
v -0.082174 0.019209 -0.082565
v -0.082122 0.019260 -0.082618
v -0.082095 0.019288 -0.082619
v -0.082077 0.019307 -0.082603
v -0.082072 0.019313 -0.082572
v -0.082083 0.019304 -0.082535
v -0.082106 0.019282 -0.082503
v -0.082135 0.019253 -0.082483
v -0.082162 0.019225 -0.082481
v -0.082180 0.019205 -0.082498
v -0.082185 0.019200 -0.082529
v -0.081363 0.018554 -0.082496
v -0.081382 0.018536 -0.082473
v -0.081341 0.018577 -0.082509
v -0.081323 0.018600 -0.082508
v -0.081312 0.018616 -0.082495
v -0.081312 0.018622 -0.082471
v -0.081323 0.018615 -0.082445
v -0.081342 0.018597 -0.082422
v -0.081363 0.018574 -0.082409
v -0.081382 0.018551 -0.082410
v -0.081392 0.018534 -0.082423
v -0.081392 0.018529 -0.082447
v -0.081175 0.018415 -0.082444
v -0.081193 0.018399 -0.082423
v -0.081155 0.018436 -0.082456
v -0.081139 0.018458 -0.082456
v -0.081131 0.018475 -0.082443
v -0.081133 0.018481 -0.082423
v -0.081145 0.018476 -0.082399
v -0.081163 0.018460 -0.082378
v -0.081182 0.018439 -0.082366
v -0.081198 0.018417 -0.082366
v -0.081206 0.018401 -0.082378
v -0.081205 0.018394 -0.082399
v -0.080993 0.018286 -0.082373
v -0.081010 0.018272 -0.082354
v -0.080974 0.018305 -0.082384
v -0.080960 0.018325 -0.082384
v -0.080954 0.018341 -0.082373
v -0.080957 0.018347 -0.082354
v -0.080968 0.018343 -0.082333
v -0.080986 0.018330 -0.082315
v -0.081004 0.018311 -0.082304
v -0.081018 0.018291 -0.082304
v -0.081025 0.018275 -0.082315
v -0.081022 0.018268 -0.082333
v -0.080820 0.018167 -0.082289
v -0.080836 0.018156 -0.082273
v -0.080803 0.018185 -0.082299
v -0.080791 0.018203 -0.082299
v -0.080786 0.018217 -0.082290
v -0.080789 0.018224 -0.082273
v -0.080801 0.018221 -0.082255
v -0.080817 0.018210 -0.082238
v -0.080834 0.018193 -0.082229
v -0.080846 0.018174 -0.082229
v -0.080852 0.018160 -0.082238
v -0.080848 0.018153 -0.082254
v -0.080663 0.018063 -0.082199
v -0.080678 0.018053 -0.082185
v -0.080647 0.018078 -0.082208
v -0.080636 0.018094 -0.082208
v -0.080632 0.018107 -0.082200
v -0.080636 0.018114 -0.082186
v -0.080647 0.018112 -0.082170
v -0.080662 0.018102 -0.082155
v -0.080677 0.018087 -0.082147
v -0.080688 0.018071 -0.082147
v -0.080693 0.018057 -0.082155
v -0.080689 0.018051 -0.082169
v -0.080525 0.017974 -0.082109
v -0.080539 0.017966 -0.082097
v -0.080512 0.017987 -0.082117
v -0.080502 0.018001 -0.082117
v -0.080499 0.018013 -0.082110
v -0.080503 0.018019 -0.082098
v -0.080513 0.018018 -0.082084
v -0.080527 0.018010 -0.082072
v -0.080540 0.017996 -0.082065
v -0.080550 0.017982 -0.082065
v -0.080553 0.017970 -0.082072
v -0.080549 0.017964 -0.082084
v -0.080413 0.017903 -0.082026
v -0.080425 0.017896 -0.082016
v -0.080401 0.017914 -0.082032
v -0.080393 0.017926 -0.082032
v -0.080391 0.017936 -0.082026
v -0.080395 0.017942 -0.082017
v -0.080404 0.017941 -0.082005
v -0.080416 0.017934 -0.081995
v -0.080428 0.017923 -0.081989
v -0.080436 0.017911 -0.081989
v -0.080439 0.017901 -0.081995
v -0.080435 0.017895 -0.082004
v -0.080331 0.017852 -0.081955
v -0.080342 0.017847 -0.081947
v -0.080321 0.017861 -0.081959
v -0.080314 0.017871 -0.081959
v -0.080312 0.017880 -0.081955
v -0.080316 0.017885 -0.081947
v -0.080325 0.017885 -0.081939
v -0.080336 0.017880 -0.081931
v -0.080346 0.017871 -0.081926
v -0.080353 0.017860 -0.081926
v -0.080355 0.017852 -0.081930
v -0.080351 0.017847 -0.081938
v -0.080284 0.017823 -0.081901
v -0.080294 0.017820 -0.081897
v -0.080275 0.017829 -0.081903
v -0.080269 0.017837 -0.081902
v -0.080269 0.017845 -0.081900
v -0.080273 0.017850 -0.081896
v -0.080282 0.017851 -0.081891
v -0.080292 0.017848 -0.081887
v -0.080301 0.017842 -0.081885
v -0.080307 0.017834 -0.081885
v -0.080308 0.017826 -0.081888
v -0.080303 0.017821 -0.081892
v -0.080282 0.017820 -0.081866
v -0.080289 0.017819 -0.081871
v -0.080276 0.017825 -0.081862
v -0.080272 0.017831 -0.081860
v -0.080271 0.017837 -0.081861
v -0.080273 0.017841 -0.081865
v -0.080279 0.017842 -0.081870
v -0.080285 0.017840 -0.081875
v -0.080291 0.017836 -0.081879
v -0.080296 0.017830 -0.081880
v -0.080296 0.017824 -0.081879
v -0.080294 0.017820 -0.081876
v -0.080329 0.017848 -0.081873
v -0.080330 0.017845 -0.081878
v -0.080328 0.017853 -0.081870
v -0.080326 0.017857 -0.081869
v -0.080324 0.017860 -0.081870
v -0.080322 0.017861 -0.081873
v -0.080322 0.017860 -0.081878
v -0.080322 0.017857 -0.081883
v -0.080323 0.017853 -0.081886
v -0.080325 0.017848 -0.081887
v -0.080327 0.017845 -0.081886
v -0.080329 0.017844 -0.081883
v -0.080421 0.017903 -0.081922
v -0.080421 0.017901 -0.081924
v -0.080421 0.017905 -0.081920
v -0.080420 0.017907 -0.081919
v -0.080419 0.017909 -0.081920
v -0.080418 0.017909 -0.081921
v -0.080417 0.017908 -0.081924
v -0.080417 0.017907 -0.081926
v -0.080417 0.017904 -0.081927
v -0.080418 0.017902 -0.081928
v -0.080419 0.017901 -0.081928
v -0.080420 0.017900 -0.081926
v -0.080569 0.017989 -0.082014
v -0.080569 0.017989 -0.082014
v -0.080569 0.017989 -0.082014
v -0.080569 0.017989 -0.082014
v -0.080569 0.017989 -0.082014
v -0.080569 0.017989 -0.082014
v -0.080569 0.017989 -0.082014
v -0.080569 0.017989 -0.082014
v -0.080569 0.017989 -0.082014
v -0.080569 0.017989 -0.082014
v -0.080569 0.017989 -0.082014
v -0.080569 0.017989 -0.082014
v -0.087508 0.106879 -0.076771
v -0.086853 0.104309 -0.077516
v -0.086552 0.104432 -0.077650
v -0.087196 0.106984 -0.076901
v -0.087853 0.106800 -0.076756
v -0.087188 0.104209 -0.077496
v -0.088138 0.106769 -0.076860
v -0.087469 0.104157 -0.077594
v -0.088287 0.106793 -0.077054
v -0.087621 0.104169 -0.077786
v -0.088259 0.106866 -0.077287
v -0.087601 0.104241 -0.078018
v -0.088063 0.106969 -0.077497
v -0.087417 0.104353 -0.078229
v -0.087751 0.107073 -0.077627
v -0.087117 0.104476 -0.078363
v -0.087406 0.107152 -0.077642
v -0.086781 0.104577 -0.078383
v -0.087122 0.107183 -0.077538
v -0.086500 0.104628 -0.078285
v -0.086973 0.107159 -0.077344
v -0.086349 0.104616 -0.078094
v -0.087000 0.107086 -0.077111
v -0.086368 0.104545 -0.077861
v -0.086067 0.101869 -0.078215
v -0.085779 0.102008 -0.078353
v -0.086392 0.101749 -0.078189
v -0.086669 0.101680 -0.078282
v -0.086821 0.101680 -0.078470
v -0.086810 0.101749 -0.078701
v -0.086637 0.101869 -0.078915
v -0.086349 0.102007 -0.079053
v -0.086024 0.102127 -0.079079
v -0.085747 0.102196 -0.078986
v -0.085594 0.102197 -0.078798
v -0.085606 0.102128 -0.078567
v -0.085177 0.099541 -0.078874
v -0.084901 0.099691 -0.079017
v -0.085492 0.099405 -0.078841
v -0.085763 0.099320 -0.078928
v -0.085918 0.099309 -0.079112
v -0.085913 0.099375 -0.079343
v -0.085752 0.099500 -0.079559
v -0.085476 0.099650 -0.079702
v -0.085161 0.099786 -0.079735
v -0.084889 0.099871 -0.079648
v -0.084735 0.099882 -0.079464
v -0.084739 0.099816 -0.079233
v -0.084208 0.097307 -0.079498
v -0.083945 0.097466 -0.079647
v -0.084515 0.097159 -0.079458
v -0.084781 0.097062 -0.079538
v -0.084936 0.097042 -0.079717
v -0.084939 0.097103 -0.079947
v -0.084788 0.097230 -0.080166
v -0.084524 0.097389 -0.080315
v -0.084218 0.097537 -0.080355
v -0.083952 0.097634 -0.080275
v -0.083796 0.097654 -0.080096
v -0.083794 0.097593 -0.079866
v -0.083189 0.095150 -0.080092
v -0.082935 0.095313 -0.080248
v -0.083486 0.094994 -0.080044
v -0.083749 0.094888 -0.080117
v -0.083906 0.094860 -0.080291
v -0.083915 0.094917 -0.080519
v -0.083774 0.095044 -0.080741
v -0.083521 0.095207 -0.080897
v -0.083223 0.095363 -0.080946
v -0.082961 0.095469 -0.080873
v -0.082804 0.095497 -0.080699
v -0.082795 0.095440 -0.080470
v -0.082143 0.093052 -0.080663
v -0.081899 0.093216 -0.080826
v -0.082434 0.092892 -0.080605
v -0.082693 0.092780 -0.080669
v -0.082852 0.092746 -0.080838
v -0.082868 0.092798 -0.081065
v -0.082736 0.092924 -0.081291
v -0.082492 0.093088 -0.081454
v -0.082201 0.093248 -0.081511
v -0.081942 0.093360 -0.081447
v -0.081783 0.093394 -0.081279
v -0.081768 0.093341 -0.081051
v -0.081099 0.090995 -0.081214
v -0.080863 0.091158 -0.081385
v -0.081384 0.090836 -0.081147
v -0.081642 0.090722 -0.081202
v -0.081803 0.090684 -0.081364
v -0.081825 0.090732 -0.081590
v -0.081701 0.090853 -0.081819
v -0.081465 0.091016 -0.081990
v -0.081180 0.091175 -0.082057
v -0.080922 0.091289 -0.082002
v -0.080761 0.091327 -0.081840
v -0.080739 0.091279 -0.081614
v -0.080081 0.088963 -0.081752
v -0.079852 0.089120 -0.081932
v -0.080362 0.088808 -0.081675
v -0.080620 0.088695 -0.081719
v -0.080785 0.088655 -0.081874
v -0.080813 0.088699 -0.082098
v -0.080697 0.088816 -0.082331
v -0.080468 0.088972 -0.082510
v -0.080186 0.089128 -0.082588
v -0.079929 0.089241 -0.082543
v -0.079764 0.089280 -0.082388
v -0.079736 0.089236 -0.082164
v -0.079117 0.086938 -0.082283
v -0.078893 0.087087 -0.082470
v -0.079396 0.086790 -0.082194
v -0.079654 0.086683 -0.082227
v -0.079824 0.086644 -0.082375
v -0.079858 0.086685 -0.082596
v -0.079749 0.086794 -0.082832
v -0.079525 0.086943 -0.083020
v -0.079247 0.087090 -0.083109
v -0.078988 0.087198 -0.083075
v -0.078819 0.087237 -0.082928
v -0.078784 0.087196 -0.082706
v -0.078233 0.084902 -0.082810
v -0.078014 0.085039 -0.083006
v -0.078510 0.084766 -0.082709
v -0.078771 0.084667 -0.082731
v -0.078945 0.084632 -0.082870
v -0.078987 0.084671 -0.083089
v -0.078884 0.084772 -0.083328
v -0.078665 0.084910 -0.083525
v -0.078388 0.085046 -0.083626
v -0.078127 0.085145 -0.083604
v -0.077953 0.085179 -0.083465
v -0.077911 0.085141 -0.083246
v -0.077456 0.082838 -0.083340
v -0.077241 0.082961 -0.083546
v -0.077732 0.082717 -0.083227
v -0.077995 0.082631 -0.083236
v -0.078175 0.082603 -0.083366
v -0.078224 0.082641 -0.083581
v -0.078128 0.082734 -0.083824
v -0.077913 0.082857 -0.084030
v -0.077637 0.082978 -0.084143
v -0.077374 0.083064 -0.084133
v -0.077194 0.083092 -0.084004
v -0.077145 0.083054 -0.083788
v -0.076813 0.080729 -0.083878
v -0.076606 0.080848 -0.084090
v -0.077084 0.080614 -0.083755
v -0.077347 0.080536 -0.083753
v -0.077532 0.080515 -0.083874
v -0.077589 0.080556 -0.084084
v -0.077502 0.080648 -0.084328
v -0.077296 0.080767 -0.084540
v -0.077025 0.080881 -0.084663
v -0.076761 0.080959 -0.084665
v -0.076576 0.080981 -0.084544
v -0.076520 0.080940 -0.084334
v -0.076146 0.078352 -0.084609
v -0.075953 0.078473 -0.084797
v -0.076398 0.078239 -0.084503
v -0.076641 0.078164 -0.084508
v -0.076811 0.078148 -0.084623
v -0.076861 0.078195 -0.084816
v -0.076779 0.078292 -0.085037
v -0.076587 0.078413 -0.085225
v -0.076335 0.078526 -0.085331
v -0.076091 0.078601 -0.085326
v -0.075922 0.078617 -0.085211
v -0.075871 0.078570 -0.085018
v -0.075235 0.075563 -0.085601
v -0.075056 0.075684 -0.085767
v -0.075466 0.075451 -0.085512
v -0.075688 0.075377 -0.085524
v -0.075841 0.075362 -0.085634
v -0.075885 0.075408 -0.085812
v -0.075807 0.075505 -0.086011
v -0.075628 0.075626 -0.086177
v -0.075396 0.075738 -0.086265
v -0.075174 0.075812 -0.086253
v -0.075021 0.075827 -0.086144
v -0.074978 0.075780 -0.085966
v -0.074095 0.072395 -0.086727
v -0.073928 0.072507 -0.086874
v -0.074307 0.072290 -0.086652
v -0.074509 0.072219 -0.086669
v -0.074645 0.072203 -0.086774
v -0.074680 0.072244 -0.086938
v -0.074604 0.072332 -0.087118
v -0.074438 0.072444 -0.087265
v -0.074225 0.072549 -0.087340
v -0.074024 0.072620 -0.087322
v -0.073887 0.072637 -0.087218
v -0.073853 0.072596 -0.087053
v -0.072743 0.068880 -0.087859
v -0.072588 0.068980 -0.087989
v -0.072937 0.068785 -0.087797
v -0.073118 0.068718 -0.087818
v -0.073238 0.068699 -0.087917
v -0.073264 0.068732 -0.088068
v -0.073190 0.068808 -0.088230
v -0.073035 0.068907 -0.088359
v -0.072841 0.069003 -0.088422
v -0.072660 0.069069 -0.088401
v -0.072540 0.069089 -0.088302
v -0.072514 0.069056 -0.088151
v -0.071197 0.065052 -0.088871
v -0.071053 0.065137 -0.088985
v -0.071372 0.064968 -0.088819
v -0.071533 0.064906 -0.088842
v -0.071635 0.064883 -0.088935
v -0.071653 0.064906 -0.089072
v -0.071580 0.064968 -0.089217
v -0.071437 0.065053 -0.089331
v -0.071261 0.065137 -0.089383
v -0.071100 0.065199 -0.089360
v -0.070998 0.065222 -0.089267
v -0.070980 0.065199 -0.089130
v -0.069471 0.060945 -0.089633
v -0.069340 0.061015 -0.089732
v -0.069628 0.060872 -0.089591
v -0.069768 0.060815 -0.089615
v -0.069855 0.060789 -0.089701
v -0.069863 0.060801 -0.089824
v -0.069793 0.060848 -0.089952
v -0.069661 0.060918 -0.090050
v -0.069504 0.060991 -0.090092
v -0.069364 0.061049 -0.090068
v -0.069278 0.061074 -0.089983
v -0.069269 0.061062 -0.089860
v -0.067584 0.056594 -0.090019
v -0.067465 0.056648 -0.090102
v -0.067722 0.056531 -0.089985
v -0.067842 0.056479 -0.090010
v -0.067912 0.056450 -0.090086
v -0.067913 0.056452 -0.090194
v -0.067845 0.056485 -0.090304
v -0.067727 0.056539 -0.090387
v -0.067589 0.056602 -0.090421
v -0.067469 0.056654 -0.090396
v -0.067399 0.056683 -0.090320
v -0.067398 0.056681 -0.090212
v -0.065551 0.052031 -0.089899
v -0.065447 0.052072 -0.089967
v -0.065670 0.051980 -0.089874
v -0.065770 0.051932 -0.089897
v -0.065824 0.051901 -0.089963
v -0.065819 0.051894 -0.090054
v -0.065756 0.051914 -0.090145
v -0.065651 0.051955 -0.090213
v -0.065533 0.052006 -0.090239
v -0.065433 0.052054 -0.090215
v -0.065378 0.052085 -0.090149
v -0.065383 0.052092 -0.090059
v -0.063390 0.047292 -0.089145
v -0.063300 0.047321 -0.089198
v -0.063488 0.047251 -0.089127
v -0.063568 0.047209 -0.089147
v -0.063609 0.047177 -0.089202
v -0.063600 0.047164 -0.089275
v -0.063542 0.047173 -0.089348
v -0.063453 0.047202 -0.089400
v -0.063355 0.047243 -0.089419
v -0.063274 0.047285 -0.089398
v -0.063234 0.047317 -0.089344
v -0.063243 0.047330 -0.089270
v -0.061116 0.042410 -0.087627
v -0.061043 0.042430 -0.087665
v -0.061193 0.042379 -0.087615
v -0.061254 0.042343 -0.087632
v -0.061283 0.042313 -0.087673
v -0.061271 0.042297 -0.087728
v -0.061222 0.042298 -0.087782
v -0.061149 0.042317 -0.087820
v -0.061072 0.042349 -0.087833
v -0.061011 0.042385 -0.087816
v -0.060982 0.042415 -0.087774
v -0.060994 0.042431 -0.087719
v -0.058746 0.037421 -0.085215
v -0.058692 0.037433 -0.085240
v -0.058803 0.037398 -0.085207
v -0.058845 0.037371 -0.085220
v -0.058863 0.037345 -0.085249
v -0.058852 0.037329 -0.085286
v -0.058814 0.037326 -0.085322
v -0.058759 0.037338 -0.085347
v -0.058703 0.037360 -0.085354
v -0.058660 0.037388 -0.085342
v -0.058642 0.037414 -0.085313
v -0.058654 0.037430 -0.085276
v -0.056298 0.032360 -0.081778
v -0.056264 0.032366 -0.081791
v -0.056333 0.032346 -0.081774
v -0.056359 0.032327 -0.081781
v -0.056368 0.032309 -0.081798
v -0.056359 0.032297 -0.081819
v -0.056334 0.032293 -0.081839
v -0.056300 0.032299 -0.081853
v -0.056265 0.032313 -0.081857
v -0.056240 0.032332 -0.081849
v -0.056230 0.032350 -0.081832
v -0.056239 0.032362 -0.081811
v -0.088410 0.095622 -0.075136
v -0.088303 0.093997 -0.075843
v -0.088086 0.094115 -0.076066
v -0.088171 0.095712 -0.075361
v -0.088717 0.095569 -0.075001
v -0.088591 0.093907 -0.075705
v -0.089009 0.095566 -0.074989
v -0.088874 0.093869 -0.075688
v -0.089209 0.095615 -0.075106
v -0.089076 0.093894 -0.075797
v -0.089262 0.095702 -0.075319
v -0.089143 0.093975 -0.076003
v -0.089155 0.095804 -0.075572
v -0.089057 0.094089 -0.076250
v -0.088916 0.095893 -0.075796
v -0.088840 0.094207 -0.076473
v -0.088609 0.095947 -0.075932
v -0.088552 0.094297 -0.076612
v -0.088317 0.095949 -0.075943
v -0.088269 0.094334 -0.076628
v -0.088117 0.095901 -0.075826
v -0.088067 0.094310 -0.076519
v -0.088064 0.095814 -0.075613
v -0.088000 0.094229 -0.076313
v -0.088025 0.092358 -0.076581
v -0.087833 0.092493 -0.076805
v -0.088293 0.092242 -0.076438
v -0.088564 0.092178 -0.076413
v -0.088765 0.092183 -0.076514
v -0.088844 0.092254 -0.076713
v -0.088779 0.092373 -0.076957
v -0.088586 0.092508 -0.077181
v -0.088319 0.092623 -0.077325
v -0.088047 0.092687 -0.077349
v -0.087846 0.092683 -0.077248
v -0.087767 0.092612 -0.077049
v -0.087616 0.090682 -0.077343
v -0.087447 0.090824 -0.077570
v -0.087863 0.090552 -0.077191
v -0.088121 0.090471 -0.077156
v -0.088322 0.090459 -0.077247
v -0.088411 0.090519 -0.077439
v -0.088365 0.090636 -0.077682
v -0.088195 0.090778 -0.077909
v -0.087949 0.090908 -0.078060
v -0.087690 0.090989 -0.078096
v -0.087490 0.091001 -0.078005
v -0.087401 0.090941 -0.077812
v -0.087117 0.088947 -0.078118
v -0.086969 0.089087 -0.078350
v -0.087344 0.088813 -0.077956
v -0.087590 0.088722 -0.077908
v -0.087789 0.088698 -0.077987
v -0.087887 0.088748 -0.078172
v -0.087858 0.088858 -0.078413
v -0.087711 0.088998 -0.078646
v -0.087483 0.089132 -0.078808
v -0.087237 0.089223 -0.078856
v -0.087039 0.089247 -0.078776
v -0.086941 0.089197 -0.078592
v -0.086567 0.087131 -0.078897
v -0.086439 0.087264 -0.079136
v -0.086776 0.087000 -0.078723
v -0.087011 0.086907 -0.078661
v -0.087208 0.086876 -0.078727
v -0.087314 0.086915 -0.078903
v -0.087302 0.087015 -0.079143
v -0.087173 0.087148 -0.079382
v -0.086964 0.087279 -0.079556
v -0.086730 0.087372 -0.079618
v -0.086533 0.087403 -0.079552
v -0.086426 0.087364 -0.079376
v -0.086007 0.085213 -0.079670
v -0.085897 0.085334 -0.079915
v -0.086200 0.085091 -0.079484
v -0.086424 0.085002 -0.079406
v -0.086619 0.084968 -0.079458
v -0.086733 0.084999 -0.079625
v -0.086735 0.085087 -0.079862
v -0.086626 0.085208 -0.080107
v -0.086433 0.085330 -0.080293
v -0.086209 0.085420 -0.080371
v -0.086014 0.085453 -0.080320
v -0.085900 0.085422 -0.080153
v -0.085479 0.083172 -0.080428
v -0.085387 0.083278 -0.080678
v -0.085655 0.083064 -0.080229
v -0.085869 0.082983 -0.080136
v -0.086062 0.082950 -0.080172
v -0.086184 0.082976 -0.080328
v -0.086200 0.083051 -0.080562
v -0.086108 0.083157 -0.080812
v -0.085931 0.083266 -0.081011
v -0.085718 0.083347 -0.081104
v -0.085525 0.083379 -0.081068
v -0.085403 0.083354 -0.080912
v -0.085023 0.080987 -0.081158
v -0.084948 0.081077 -0.081412
v -0.085184 0.080896 -0.080949
v -0.085387 0.080827 -0.080840
v -0.085578 0.080800 -0.080861
v -0.085706 0.080821 -0.081005
v -0.085736 0.080886 -0.081234
v -0.085661 0.080975 -0.081488
v -0.085501 0.081067 -0.081697
v -0.085298 0.081135 -0.081806
v -0.085107 0.081163 -0.081786
v -0.084979 0.081141 -0.081641
v -0.084683 0.078638 -0.081852
v -0.084625 0.078712 -0.082107
v -0.084827 0.078565 -0.081634
v -0.085018 0.078512 -0.081510
v -0.085206 0.078493 -0.081515
v -0.085339 0.078513 -0.081646
v -0.085384 0.078567 -0.081870
v -0.085326 0.078641 -0.082125
v -0.085182 0.078714 -0.082343
v -0.084991 0.078767 -0.082466
v -0.084803 0.078786 -0.082462
v -0.084669 0.078766 -0.082330
v -0.084499 0.076105 -0.082498
v -0.084459 0.076164 -0.082752
v -0.084625 0.076050 -0.082272
v -0.084803 0.076013 -0.082136
v -0.084986 0.076005 -0.082126
v -0.085125 0.076027 -0.082244
v -0.085182 0.076073 -0.082459
v -0.085142 0.076132 -0.082713
v -0.085016 0.076187 -0.082939
v -0.084838 0.076223 -0.083075
v -0.084655 0.076232 -0.083085
v -0.084517 0.076210 -0.082967
v -0.084514 0.073369 -0.083085
v -0.084492 0.073414 -0.083336
v -0.084621 0.073330 -0.082855
v -0.084784 0.073310 -0.082708
v -0.084961 0.073314 -0.082684
v -0.085103 0.073339 -0.082789
v -0.085172 0.073381 -0.082994
v -0.085151 0.073427 -0.083245
v -0.085044 0.073465 -0.083475
v -0.084880 0.073485 -0.083622
v -0.084704 0.073481 -0.083646
v -0.084562 0.073456 -0.083542
v -0.084767 0.070423 -0.083601
v -0.084762 0.070464 -0.083846
v -0.084855 0.070391 -0.083371
v -0.085004 0.070376 -0.083217
v -0.085173 0.070382 -0.083181
v -0.085317 0.070409 -0.083273
v -0.085398 0.070447 -0.083468
v -0.085393 0.070489 -0.083713
v -0.085305 0.070521 -0.083943
v -0.085157 0.070536 -0.084097
v -0.084987 0.070530 -0.084132
v -0.084843 0.070503 -0.084041
v -0.084966 0.067710 -0.084050
v -0.084947 0.067755 -0.084276
v -0.085063 0.067667 -0.083844
v -0.085211 0.067639 -0.083713
v -0.085370 0.067633 -0.083693
v -0.085499 0.067651 -0.083788
v -0.085562 0.067687 -0.083974
v -0.085542 0.067733 -0.084200
v -0.085445 0.067775 -0.084406
v -0.085297 0.067803 -0.084536
v -0.085138 0.067809 -0.084557
v -0.085010 0.067792 -0.084461
v -0.084803 0.065581 -0.084526
v -0.084773 0.065641 -0.084729
v -0.084902 0.065514 -0.084349
v -0.085044 0.065459 -0.084244
v -0.085190 0.065431 -0.084241
v -0.085301 0.065437 -0.084339
v -0.085348 0.065475 -0.084514
v -0.085318 0.065535 -0.084717
v -0.085218 0.065602 -0.084894
v -0.085077 0.065656 -0.084999
v -0.084931 0.065685 -0.085002
v -0.084819 0.065679 -0.084904
v -0.084343 0.063902 -0.085038
v -0.084309 0.063980 -0.085215
v -0.084436 0.063811 -0.084891
v -0.084564 0.063731 -0.084814
v -0.084692 0.063683 -0.084827
v -0.084785 0.063681 -0.084927
v -0.084819 0.063725 -0.085087
v -0.084785 0.063803 -0.085264
v -0.084691 0.063894 -0.085411
v -0.084563 0.063974 -0.085488
v -0.084436 0.064022 -0.085475
v -0.084343 0.064024 -0.085375
v -0.083646 0.062553 -0.085592
v -0.083614 0.062645 -0.085743
v -0.083728 0.062444 -0.085476
v -0.083837 0.062348 -0.085424
v -0.083944 0.062290 -0.085451
v -0.084020 0.062286 -0.085549
v -0.084046 0.062336 -0.085693
v -0.084013 0.062429 -0.085843
v -0.083932 0.062538 -0.085960
v -0.083823 0.062634 -0.086011
v -0.083716 0.062692 -0.085984
v -0.083639 0.062696 -0.085886
v -0.082772 0.061419 -0.086196
v -0.082743 0.061518 -0.086321
v -0.082841 0.061304 -0.086106
v -0.082933 0.061203 -0.086074
v -0.083022 0.061145 -0.086110
v -0.083085 0.061144 -0.086204
v -0.083104 0.061200 -0.086330
v -0.083075 0.061299 -0.086455
v -0.083006 0.061414 -0.086545
v -0.082914 0.061515 -0.086576
v -0.082825 0.061573 -0.086540
v -0.082762 0.061574 -0.086447
v -0.081782 0.060391 -0.086853
v -0.081753 0.060488 -0.086956
v -0.081844 0.060280 -0.086783
v -0.081925 0.060187 -0.086766
v -0.082001 0.060135 -0.086805
v -0.082054 0.060139 -0.086891
v -0.082068 0.060198 -0.087000
v -0.082039 0.060295 -0.087103
v -0.081977 0.060405 -0.087173
v -0.081896 0.060499 -0.087190
v -0.081820 0.060551 -0.087151
v -0.081767 0.060547 -0.087065
v -0.080744 0.059360 -0.087565
v -0.080713 0.059449 -0.087651
v -0.080805 0.059263 -0.087510
v -0.080879 0.059183 -0.087500
v -0.080948 0.059143 -0.087539
v -0.080992 0.059152 -0.087615
v -0.080999 0.059208 -0.087709
v -0.080968 0.059297 -0.087794
v -0.080907 0.059394 -0.087850
v -0.080832 0.059474 -0.087859
v -0.080764 0.059514 -0.087821
v -0.080720 0.059505 -0.087744
v -0.079727 0.058217 -0.088334
v -0.079691 0.058291 -0.088406
v -0.079789 0.058138 -0.088288
v -0.079861 0.058077 -0.088282
v -0.079923 0.058049 -0.088317
v -0.079959 0.058062 -0.088383
v -0.079959 0.058113 -0.088463
v -0.079923 0.058187 -0.088535
v -0.079861 0.058265 -0.088581
v -0.079789 0.058327 -0.088587
v -0.079727 0.058355 -0.088552
v -0.079691 0.058342 -0.088486
v -0.078800 0.056849 -0.089162
v -0.078760 0.056906 -0.089223
v -0.078862 0.056792 -0.089123
v -0.078929 0.056751 -0.089118
v -0.078984 0.056735 -0.089147
v -0.079012 0.056750 -0.089203
v -0.079006 0.056791 -0.089270
v -0.078966 0.056848 -0.089332
v -0.078904 0.056905 -0.089370
v -0.078837 0.056947 -0.089376
v -0.078781 0.056963 -0.089347
v -0.078753 0.056948 -0.089291
v -0.078029 0.055146 -0.090050
v -0.077989 0.055185 -0.090101
v -0.078086 0.055110 -0.090018
v -0.078146 0.055086 -0.090013
v -0.078193 0.055081 -0.090037
v -0.078213 0.055096 -0.090083
v -0.078201 0.055126 -0.090139
v -0.078162 0.055165 -0.090190
v -0.078104 0.055201 -0.090222
v -0.078044 0.055225 -0.090227
v -0.077998 0.055230 -0.090203
v -0.077978 0.055216 -0.090157
v -0.077478 0.052995 -0.091004
v -0.077443 0.053018 -0.091044
v -0.077527 0.052976 -0.090979
v -0.077575 0.052966 -0.090975
v -0.077611 0.052967 -0.090993
v -0.077624 0.052979 -0.091030
v -0.077611 0.052999 -0.091073
v -0.077576 0.053021 -0.091113
v -0.077527 0.053040 -0.091138
v -0.077479 0.053051 -0.091142
v -0.077443 0.053050 -0.091123
v -0.077430 0.053038 -0.091087
v -0.077212 0.050280 -0.092027
v -0.077185 0.050291 -0.092055
v -0.077248 0.050273 -0.092010
v -0.077282 0.050271 -0.092007
v -0.077307 0.050274 -0.092021
v -0.077314 0.050283 -0.092047
v -0.077303 0.050294 -0.092078
v -0.077275 0.050305 -0.092106
v -0.077239 0.050312 -0.092123
v -0.077205 0.050314 -0.092125
v -0.077180 0.050310 -0.092112
v -0.077173 0.050302 -0.092086
vn 0.037400 -0.946100 -0.321800
vn 0.037300 -0.945700 -0.322900
vn 0.039000 -0.947700 -0.316900
vn 0.036800 -0.945200 -0.324500
vn 0.036500 -0.944300 -0.326900
vn 0.036900 -0.944900 -0.325200
vn 0.037000 -0.944500 -0.326400
vn 0.037400 -0.945000 -0.324800
vn 0.037500 -0.945600 -0.323300
vn 0.036900 -0.944600 -0.326000
vn 0.037600 -0.947800 -0.316700
vn 0.035600 -0.945600 -0.323500
vn 0.005400 0.926500 0.376200
vn 0.005400 0.926700 0.375800
vn 0.006100 0.925700 0.378300
vn 0.005400 0.926400 0.376500
vn 0.005500 0.926400 0.376500
vn 0.005400 0.926500 0.376300
vn 0.005400 0.926600 0.376000
vn 0.005500 0.926500 0.376300
vn 0.358800 -0.728200 0.583900
vn 0.356800 -0.734700 0.577000
vn 0.355700 -0.733800 0.578800
vn 0.358000 -0.732500 0.579000
vn 0.357900 -0.732200 0.579500
vn 0.358500 -0.731000 0.580600
vn 0.358600 -0.730100 0.581600
vn 0.358400 -0.730700 0.581000
vn 0.358400 -0.730700 0.581100
vn 0.357500 -0.732400 0.579400
vn 0.357300 -0.733300 0.578500
vn 0.354900 -0.737600 0.574500
vn -0.202400 0.941000 0.271400
vn -0.202400 0.940700 0.272100
vn -0.202400 0.940900 0.271500
vn -0.202300 0.941000 0.271200
vn -0.202300 0.941000 0.271400
vn -0.202300 0.941100 0.271100
vn -0.202400 0.940900 0.271400
vn -0.202300 0.941100 0.270900
vn -0.202600 0.940900 0.271500
vn -0.202600 0.940500 0.272900
vn -0.270100 0.797900 0.538900
vn -0.270000 0.798200 0.538500
vn -0.270000 0.798100 0.538700
vn -0.270000 0.797700 0.539300
vn -0.269900 0.797400 0.539700
vn -0.270000 0.797500 0.539500
vn -0.270100 0.797600 0.539300
vn -0.270100 0.797700 0.539200
vn -0.270200 0.797700 0.539100
vn -0.270600 0.798500 0.537700
vn 0.119800 0.924500 -0.361900
vn 0.119700 0.924500 -0.361900
vn 0.118900 0.925000 -0.360900
vn 0.120000 0.924400 -0.362100
vn 0.119700 0.924500 -0.362000
vn 0.119600 0.924500 -0.361900
vn 0.119800 0.924500 -0.362000
vn 0.119900 0.924400 -0.362100
vn 0.120300 0.924300 -0.362300
vn 0.120100 0.924400 -0.362100
vn 0.119600 0.924500 -0.361800
vn 0.118900 0.925000 -0.361000
vn 0.792400 0.141700 0.593300
vn 0.791800 0.156800 0.590300
vn 0.960500 0.055900 0.272500
vn 0.959300 0.018500 0.281800
vn 0.513400 0.244700 0.822500
vn 0.511500 0.235200 0.826500
vn 0.034700 0.325900 0.944800
vn 0.031400 0.286400 0.957600
vn -0.603600 0.304400 0.736900
vn -0.607500 0.241100 0.756900
vn -0.969000 0.145800 0.199600
vn -0.972000 0.087200 0.218100
vn -0.962800 -0.019000 -0.269700
vn -0.964500 -0.056900 -0.257900
vn -0.799900 -0.142200 -0.583000
vn -0.800700 -0.157900 -0.577900
vn -0.525900 -0.246000 -0.814200
vn -0.526300 -0.237500 -0.816500
vn -0.052100 -0.330300 -0.942400
vn -0.052000 -0.292200 -0.954900
vn 0.597900 -0.311900 -0.738400
vn 0.601200 -0.249700 -0.759100
vn 0.970600 -0.148700 -0.189400
vn 0.974400 -0.090400 -0.205600
vn 0.789000 0.188800 0.584700
vn 0.957000 0.138900 0.254700
vn 0.509700 0.211400 0.834000
vn 0.031500 0.194100 0.980500
vn -0.603300 0.095400 0.791800
vn -0.966800 -0.046300 0.251400
vn -0.961200 -0.142200 -0.236400
vn -0.799300 -0.192700 -0.569200
vn -0.527200 -0.217300 -0.821500
vn -0.055700 -0.204300 -0.977300
vn 0.597300 -0.106300 -0.795000
vn 0.970900 0.041500 -0.235900
vn 0.781800 0.223500 0.582100
vn 0.940500 0.236400 0.244200
vn 0.512900 0.178000 0.839800
vn 0.048000 0.078200 0.995800
vn -0.574500 -0.082700 0.814300
vn -0.939400 -0.207400 0.272800
vn -0.944000 -0.243400 -0.222800
vn -0.792500 -0.231900 -0.564100
vn -0.531800 -0.189400 -0.825400
vn -0.074100 -0.094300 -0.992800
vn 0.569700 0.069800 -0.818900
vn 0.945900 0.200600 -0.254900
vn 0.770600 0.256400 0.583400
vn 0.908100 0.338600 0.246300
vn 0.524600 0.136700 0.840300
vn 0.087700 -0.051700 0.994800
vn -0.512900 -0.277400 0.812400
vn -0.883900 -0.381000 0.271300
vn -0.909600 -0.349900 -0.224200
vn -0.779600 -0.270000 -0.565100
vn -0.541800 -0.154200 -0.826200
vn -0.112000 0.030000 -0.993300
vn 0.510700 0.263900 -0.818300
vn 0.893200 0.372000 -0.252600
vn 0.758200 0.282200 0.587800
vn 0.864100 0.429800 0.261900
vn 0.546100 0.093200 0.832500
vn 0.149100 -0.176600 0.972900
vn -0.423300 -0.460200 0.780400
vn -0.805800 -0.540400 0.242400
vn -0.862400 -0.444400 -0.242500
vn -0.763400 -0.299400 -0.572400
vn -0.558400 -0.114600 -0.821600
vn -0.167600 0.152300 -0.974000
vn 0.424500 0.447700 -0.787000
vn 0.817500 0.530000 -0.225500
vn 0.749100 0.297100 0.592000
vn 0.819400 0.497200 0.285100
vn 0.574300 0.053700 0.816900
vn 0.220800 -0.278900 0.934600
vn -0.324100 -0.605500 0.726800
vn -0.722800 -0.663000 0.194900
vn -0.814700 -0.512600 -0.271100
vn -0.750000 -0.314800 -0.581800
vn -0.580600 -0.074900 -0.810800
vn -0.231300 0.256300 -0.938500
vn 0.329200 0.595100 -0.733200
vn 0.735900 0.652200 -0.181900
vn 0.747400 0.300900 0.592400
vn 0.785800 0.537300 0.306400
vn 0.605200 0.020900 0.795800
vn 0.288400 -0.352500 0.890300
vn -0.236500 -0.705100 0.668500
vn -0.654300 -0.742100 0.145500
vn -0.779100 -0.551300 -0.298400
vn -0.744900 -0.316300 -0.587500
vn -0.606100 -0.038600 -0.794500
vn -0.291200 0.334700 -0.896200
vn 0.245500 0.696700 -0.674000
vn 0.667900 0.731500 -0.137200
vn 0.755500 0.294500 0.585200
vn 0.770500 0.553100 0.316900
vn 0.636000 -0.006400 0.771700
vn 0.342900 -0.401100 0.849400
vn -0.174100 -0.764500 0.620600
vn -0.612300 -0.783100 0.109000
vn -0.763000 -0.564700 -0.314400
vn -0.750900 -0.306300 -0.585100
vn -0.632800 -0.006300 -0.774300
vn -0.338900 0.389400 -0.856400
vn 0.186900 0.757900 -0.625000
vn 0.625600 0.773000 -0.105200
vn 0.774900 0.278400 0.567400
vn 0.777000 0.547900 0.309900
vn 0.666000 -0.030700 0.745300
vn 0.381000 -0.431000 0.817900
vn -0.142400 -0.792100 0.593600
vn -0.601800 -0.792900 0.095600
vn -0.769700 -0.556800 -0.312300
vn -0.769100 -0.286200 -0.571500
vn -0.659700 0.023600 -0.751200
vn -0.370600 0.425800 -0.825400
vn 0.159300 0.786600 -0.596600
vn 0.614300 0.783200 -0.095900
vn 0.807100 0.249800 0.534900
vn 0.807500 0.519800 0.278700
vn 0.695900 -0.055600 0.715900
vn 0.402400 -0.446000 0.799500
vn -0.143100 -0.790100 0.596000
vn -0.625300 -0.772000 0.114100
vn -0.800800 -0.526100 -0.286200
vn -0.800300 -0.253300 -0.543500
vn -0.686200 0.054500 -0.725400
vn -0.384200 0.447100 -0.807700
vn 0.165500 0.784700 -0.597400
vn 0.636700 0.762000 -0.118300
vn 0.852500 0.200100 0.482900
vn 0.862400 0.458000 0.215400
vn 0.726200 -0.085700 0.682100
vn 0.407900 -0.443800 0.797900
vn -0.176200 -0.749300 0.638300
vn -0.684400 -0.707700 0.175300
vn -0.857400 -0.461000 -0.228700
vn -0.844600 -0.198800 -0.497100
vn -0.711400 0.090900 -0.696900
vn -0.378600 0.451200 -0.808100
vn 0.205900 0.743100 -0.636700
vn 0.692900 0.697500 -0.182600
vn 0.888100 0.141600 0.437300
vn 0.905700 0.391700 0.162100
vn 0.747900 -0.129400 0.651000
vn 0.404500 -0.458800 0.791100
vn -0.206100 -0.716200 0.666700
vn -0.725700 -0.647000 0.234000
vn -0.901200 -0.400400 -0.165900
vn -0.884400 -0.147800 -0.442700
vn -0.742200 0.124900 -0.658500
vn -0.391300 0.455500 -0.799700
vn 0.226000 0.708200 -0.668900
vn 0.736000 0.635000 -0.234800
vn 0.897900 0.117600 0.424300
vn 0.905100 0.389600 0.170200
vn 0.765700 -0.172900 0.619500
vn 0.427000 -0.518400 0.740900
vn -0.179100 -0.770000 0.612400
vn -0.704600 -0.678000 0.209600
vn -0.898800 -0.407500 -0.161500
vn -0.898500 -0.135500 -0.417600
vn -0.772800 0.153800 -0.615700
vn -0.439900 0.501000 -0.745300
vn 0.182100 0.762700 -0.620500
vn 0.719500 0.664100 -0.203100
vn 0.897500 0.123200 0.423500
vn 0.879700 0.427300 0.208700
vn 0.790200 -0.199900 0.579300
vn 0.478800 -0.581800 0.657500
vn -0.111900 -0.856200 0.504400
vn -0.652000 -0.747900 0.124800
vn -0.872600 -0.444000 -0.203600
vn -0.896400 -0.140100 -0.420500
vn -0.795000 0.181900 -0.578700
vn -0.489100 0.566200 -0.663500
vn 0.115300 0.851200 -0.512000
vn 0.666500 0.735700 -0.120600
vn 0.898000 0.127300 0.421100
vn 0.857600 0.452800 0.243700
vn 0.813400 -0.217400 0.539500
vn 0.526900 -0.623900 0.577200
vn -0.051200 -0.914300 0.401700
vn -0.605900 -0.794300 0.044800
vn -0.850300 -0.467300 -0.242200
vn -0.895800 -0.141900 -0.421100
vn -0.816000 0.202000 -0.541600
vn -0.534000 0.610900 -0.584500
vn 0.055700 0.910700 -0.409400
vn 0.619800 0.783600 -0.043400
vn 0.899700 0.130500 0.416500
vn 0.840300 0.469200 0.271500
vn 0.834000 -0.227300 0.502700
vn 0.567900 -0.649000 0.506200
vn -0.000700 -0.949700 0.313000
vn -0.568700 -0.822300 -0.022400
vn -0.833300 -0.480900 -0.272700
vn -0.896900 -0.142200 -0.418700
vn -0.834900 0.215100 -0.506600
vn -0.572000 0.639000 -0.514300
vn 0.006200 0.947200 -0.320600
vn 0.581400 0.813400 0.021300
vn 0.902700 0.133300 0.409200
vn 0.828200 0.479200 0.290500
vn 0.851600 -0.232200 0.470000
vn 0.601000 -0.662400 0.447200
vn 0.038900 -0.969500 0.242000
vn -0.541000 -0.837700 -0.074000
vn -0.821800 -0.488300 -0.293600
vn -0.899700 -0.142200 -0.412800
vn -0.851300 0.223100 -0.474900
vn -0.602800 0.655200 -0.455200
vn -0.032800 0.967800 -0.249400
vn 0.552200 0.830700 0.071000
vn 0.906800 0.135700 0.399000
vn 0.821100 0.485300 0.300400
vn 0.866500 -0.233500 0.441200
vn 0.627000 -0.668400 0.400200
vn 0.068000 -0.979700 0.188800
vn -0.522300 -0.845700 -0.109700
vn -0.815500 -0.492000 -0.304800
vn -0.903900 -0.142100 -0.403500
vn -0.865400 0.227200 -0.446600
vn -0.626800 0.664000 -0.407800
vn -0.061400 0.978700 -0.195900
vn 0.531800 0.840300 0.105300
vn 0.912200 0.138100 0.385900
vn 0.818400 0.489400 0.301300
vn 0.879200 -0.232700 0.415800
vn 0.646600 -0.670200 0.364200
vn 0.088000 -0.984400 0.152600
vn -0.511100 -0.849600 -0.129900
vn -0.813700 -0.493900 -0.306500
vn -0.909400 -0.142200 -0.390900
vn -0.877500 0.229100 -0.421400
vn -0.644600 0.668200 -0.371400
vn -0.080700 0.983900 -0.159500
vn 0.519300 0.845500 0.124500
vn 0.918700 0.140300 0.369200
vn 0.819700 0.492100 0.293000
vn 0.890000 -0.231100 0.393000
vn 0.660900 -0.669800 0.338400
vn 0.100500 -0.986100 0.132500
vn -0.506600 -0.851500 -0.135300
vn -0.815900 -0.495000 -0.298800
vn -0.916200 -0.142400 -0.374500
vn -0.887900 0.229700 -0.398700
vn -0.657300 0.669900 -0.345200
vn -0.092300 0.986000 -0.139200
vn 0.513600 0.848200 0.129100
vn 0.926500 0.142300 0.348300
vn 0.824900 0.493800 0.275200
vn 0.899500 -0.229100 0.372000
vn 0.670700 -0.668200 0.321800
vn 0.106400 -0.986000 0.128200
vn -0.508100 -0.852100 -0.125900
vn -0.821900 -0.495100 -0.281600
vn -0.924300 -0.142600 -0.354000
vn -0.896900 0.229900 -0.377800
vn -0.665600 0.670200 -0.328300
vn -0.097300 0.986100 -0.134700
vn 0.514100 0.849400 0.119000
vn 0.935600 0.143700 0.322500
vn 0.833500 0.494300 0.247000
vn 0.908000 -0.227000 0.352200
vn 0.676800 -0.665700 0.314300
vn 0.106200 -0.984500 0.139600
vn -0.515400 -0.851000 -0.101200
vn -0.831400 -0.494200 -0.253900
vn -0.933700 -0.142300 -0.328600
vn -0.904900 0.229900 -0.358100
vn -0.669900 0.669700 -0.320500
vn -0.096000 0.984600 -0.146000
vn 0.520200 0.848900 0.093700
vn 0.946000 0.143600 0.290600
vn 0.845200 0.492700 0.207000
vn 0.915700 -0.225200 0.332900
vn 0.679600 -0.662100 0.315800
vn 0.100200 -0.980800 0.167600
vn -0.528100 -0.847100 -0.059800
vn -0.844200 -0.491300 -0.214500
vn -0.944400 -0.140400 -0.297200
vn -0.912000 0.230500 -0.339200
vn -0.670500 0.668400 -0.322000
vn -0.088900 0.980700 -0.174000
vn 0.531300 0.845600 0.051600
vn 0.952600 0.137600 0.271400
vn 0.855200 0.486300 0.179500
vn 0.917400 -0.230100 0.324600
vn 0.673400 -0.664600 0.323900
vn 0.085600 -0.977200 0.194500
vn -0.541900 -0.840100 -0.025300
vn -0.854600 -0.485400 -0.184800
vn -0.951400 -0.136300 -0.276300
vn -0.915100 0.231900 -0.329900
vn -0.669100 0.666000 -0.329900
vn -0.082000 0.976200 -0.201000
vn 0.542600 0.839800 0.019000
vn 0.949000 0.126100 0.288800
vn 0.856600 0.477100 0.196300
vn 0.908500 -0.242600 0.340200
vn 0.657400 -0.675700 0.333600
vn 0.067600 -0.978900 0.192900
vn -0.550400 -0.834100 -0.035800
vn -0.855700 -0.477600 -0.199300
vn -0.947800 -0.128400 -0.292000
vn -0.908000 0.238500 -0.344500
vn -0.660600 0.669400 -0.339900
vn -0.074300 0.976800 -0.200900
vn 0.548800 0.835400 0.030800
vn 0.935300 0.115900 0.334200
vn 0.847900 0.469600 0.246000
vn 0.891600 -0.254300 0.374800
vn 0.639200 -0.686700 0.346000
vn 0.054500 -0.983800 0.170900
vn -0.550800 -0.830600 -0.081700
vn -0.846600 -0.469900 -0.250000
vn -0.933500 -0.118600 -0.338400
vn -0.890600 0.248900 -0.380500
vn -0.643500 0.678300 -0.354700
vn -0.064400 0.981100 -0.182200
vn 0.548200 0.833000 0.074700
vn 0.910100 0.107700 0.400100
vn 0.827500 0.464100 0.315900
vn 0.864900 -0.264200 0.426900
vn 0.615300 -0.697100 0.368000
vn 0.043200 -0.988700 0.143800
vn -0.541900 -0.827900 -0.144300
vn -0.825600 -0.463700 -0.321500
vn -0.907300 -0.110700 -0.405700
vn -0.863100 0.257100 -0.434700
vn -0.620900 0.685300 -0.380600
vn -0.057800 0.985200 -0.161100
vn 0.537700 0.832400 0.133900
vn 0.861100 0.101400 0.498200
vn 0.783400 0.460800 0.417100
vn 0.817400 -0.272700 0.507400
vn 0.578900 -0.706800 0.406600
vn 0.035000 -0.993200 0.110900
vn -0.514900 -0.825300 -0.231700
vn -0.780300 -0.458500 -0.425300
vn -0.856100 -0.104700 -0.506200
vn -0.813600 0.262900 -0.518600
vn -0.585600 0.689700 -0.425900
vn -0.055800 0.988700 -0.139000
vn 0.508600 0.833700 0.215300
vn 0.762000 0.095600 0.640500
vn 0.690800 0.458300 0.559200
vn 0.725100 -0.281000 0.628700
vn 0.514200 -0.716600 0.471200
vn 0.031400 -0.996800 0.073500
vn -0.451900 -0.820700 -0.349700
vn -0.685100 -0.452300 -0.571100
vn -0.752500 -0.098500 -0.651200
vn -0.716500 0.268100 -0.644000
vn -0.519200 0.692200 -0.501300
vn -0.057600 0.990900 -0.121300
vn 0.443800 0.835900 0.322900
vn 0.574500 0.086900 0.813900
vn 0.516900 0.453400 0.726100
vn 0.550800 -0.292200 0.781800
vn 0.394800 -0.728000 0.560500
vn 0.031000 -0.998700 0.041500
vn -0.331600 -0.811800 -0.480600
vn -0.507600 -0.441300 -0.740000
vn -0.559700 -0.087200 -0.824100
vn -0.534300 0.278300 -0.798200
vn -0.389900 0.697600 -0.601100
vn -0.050300 0.992100 -0.115000
vn 0.326800 0.836300 0.440300
vn 0.311100 0.076100 0.947300
vn 0.283200 0.443800 0.850200
vn 0.297500 -0.302800 0.905400
vn 0.213500 -0.735900 0.642500
vn 0.016300 -0.999300 0.033900
vn -0.178700 -0.801800 -0.570200
vn -0.270300 -0.426700 -0.863100
vn -0.294100 -0.071400 -0.953100
vn -0.275200 0.294100 -0.915300
vn -0.191900 0.709800 -0.677700
vn -0.007800 0.993900 -0.110300
vn 0.187900 0.829500 0.525900
vn 0.093800 0.069700 0.993100
vn 0.110400 0.433300 0.894500
vn 0.068100 -0.303700 0.950300
vn 0.022100 -0.731200 0.681800
vn -0.046200 -0.997800 0.048300
vn -0.089400 -0.798400 -0.595400
vn -0.091800 -0.417400 -0.904100
vn -0.074800 -0.060500 -0.995400
vn -0.044000 0.305700 -0.951100
vn 0.008400 0.721200 -0.692700
vn 0.076500 0.993100 -0.088400
vn 0.113400 0.816800 0.565700
vn 0.030900 0.060000 0.997700
vn 0.094200 0.415500 0.904700
vn -0.033200 -0.303600 0.952200
vn -0.107400 -0.718200 0.687500
vn -0.160400 -0.985300 0.059700
vn -0.134900 -0.789900 -0.598200
vn -0.071200 -0.405900 -0.911100
vn -0.007700 -0.049500 -0.998700
vn 0.060500 0.314600 -0.947300
vn 0.140200 0.725500 -0.673800
vn 0.192700 0.979700 -0.054400
vn 0.161900 0.792800 0.587600
vn 0.118800 0.018000 0.992800
vn 0.224400 0.362000 0.904800
vn -0.000000 -0.328200 0.944600
vn -0.153300 -0.713600 0.683600
vn -0.296100 -0.952800 0.066500
vn -0.298300 -0.745600 -0.595900
vn -0.203600 -0.359400 -0.910700
vn -0.094800 -0.009200 -0.995500
vn 0.030700 0.342700 -0.938900
vn 0.191700 0.730200 -0.655800
vn 0.327700 0.944300 -0.029800
vn 0.319300 0.734700 0.598500
vn 0.282700 -0.072400 0.956500
vn 0.421700 0.259100 0.868900
vn 0.107900 -0.393500 0.913000
vn -0.141500 -0.732000 0.666400
vn -0.419700 -0.904200 0.079000
vn -0.505100 -0.653900 -0.563300
vn -0.408800 -0.260800 -0.874600
vn -0.263700 0.078200 -0.961400
vn -0.078100 0.405800 -0.910600
vn 0.185100 0.746200 -0.639500
vn 0.454000 0.890300 -0.034200
vn 0.518300 0.635900 0.571900
vn 0.361200 -0.169200 0.917000
vn 0.522600 0.157200 0.838000
vn 0.152300 -0.473300 0.867600
vn -0.155900 -0.772100 0.616100
vn -0.502600 -0.863600 0.040700
vn -0.615900 -0.557500 -0.556700
vn -0.512000 -0.161200 -0.843700
vn -0.344400 0.162800 -0.924600
vn -0.125800 0.463100 -0.877300
vn 0.189000 0.758000 -0.624300
vn 0.528300 0.847800 -0.046300
vn 0.628500 0.549300 0.550600
vn 0.262900 -0.230400 0.936900
vn 0.439300 0.099500 0.892800
vn 0.052400 -0.529800 0.846500
vn -0.238700 -0.807100 0.540000
vn -0.525100 -0.847700 -0.075300
vn -0.566500 -0.508100 -0.648700
vn -0.426800 -0.107000 -0.898000
vn -0.244700 0.212600 -0.946000
vn -0.025900 0.500600 -0.865300
vn 0.265300 0.772600 -0.576800
vn 0.548800 0.835400 0.030100
vn 0.584600 0.508300 0.632300
vn 0.087500 -0.271800 0.958400
vn 0.265800 0.059300 0.962200
vn -0.100100 -0.567000 0.817600
vn -0.326200 -0.830300 0.451900
vn -0.493200 -0.845100 -0.206000
vn -0.431600 -0.481100 -0.763100
vn -0.252600 -0.068700 -0.965100
vn -0.068600 0.253400 -0.964900
vn 0.128100 0.538400 -0.832900
vn 0.358600 0.798400 -0.483800
vn 0.525300 0.834000 0.169000
vn 0.452400 0.478800 0.752400
vn -0.070400 -0.324600 0.943200
vn 0.097700 0.007300 0.995200
vn -0.225200 -0.612700 0.757500
vn -0.380200 -0.857700 0.346200
vn -0.432700 -0.839200 -0.329400
vn -0.285400 -0.444300 -0.849200
vn -0.083700 -0.018100 -0.996300
vn 0.090100 0.306300 -0.947700
vn 0.254900 0.586500 -0.768800
vn 0.417200 0.829600 -0.371100
vn 0.470100 0.829000 0.303000
vn 0.307500 0.439400 0.844000
vn -0.202800 -0.387900 0.899100
vn -0.054800 -0.057700 0.996800
vn -0.319100 -0.665700 0.674500
vn -0.402100 -0.886000 0.230900
vn -0.351800 -0.825400 -0.441500
vn -0.139000 -0.394200 -0.908400
vn 0.069500 0.045900 -0.996500
vn 0.223200 0.370700 -0.901500
vn 0.349500 0.642200 -0.682200
vn 0.441600 0.862100 -0.248600
vn 0.391400 0.816000 0.425500
vn 0.161600 0.387200 0.907700
vn -0.306900 -0.459600 0.833400
vn -0.185600 -0.133900 0.973500
vn -0.381700 -0.722500 0.576400
vn -0.396100 -0.911300 0.112400
vn -0.258200 -0.800700 -0.540500
vn -0.000500 -0.330200 -0.943900
vn 0.201100 0.121800 -0.972000
vn 0.327600 0.443600 -0.834200
vn 0.412200 0.702000 -0.580800
vn 0.436300 0.891300 -0.123500
vn 0.297700 0.791900 0.533200
vn 0.023000 0.321500 0.946600
vn -0.382800 -0.535700 0.752600
vn -0.292700 -0.218800 0.930800
vn -0.415700 -0.779000 0.469400
vn -0.367300 -0.930100 -0.005300
vn -0.158100 -0.763500 -0.626200
vn 0.125500 -0.253300 -0.959200
vn 0.309200 0.206900 -0.928200
vn 0.403800 0.521200 -0.751800
vn 0.445800 0.761500 -0.470600
vn 0.407000 0.913400 -0.000400
vn 0.196600 0.755300 0.625200
vn -0.103200 0.243100 0.964500
vn -0.432900 -0.612100 0.661800
vn -0.376400 -0.309000 0.873400
vn -0.425200 -0.831400 0.357800
vn -0.320700 -0.939500 -0.120200
vn -0.056300 -0.713400 -0.698500
vn 0.236400 -0.166200 -0.957300
vn 0.393900 0.297500 -0.869600
vn 0.454000 0.599300 -0.659300
vn 0.454400 0.816500 -0.356200
vn 0.359200 0.925700 0.118500
vn 0.093200 0.705200 0.702800
vn -0.214100 0.154500 0.964500
vn -0.460100 -0.685600 0.564100
vn -0.438200 -0.401100 0.804400
vn -0.414200 -0.876800 0.244300
vn -0.261200 -0.937600 -0.229300
vn 0.043400 -0.650800 -0.758000
vn 0.331400 -0.070900 -0.940800
vn 0.456700 0.390200 -0.799500
vn 0.481400 0.674500 -0.559800
vn 0.442400 0.863900 -0.240700
vn 0.298200 0.926100 0.231100
vn -0.008200 0.642300 0.766400
vn -0.308700 0.058200 0.949400
vn -0.467900 -0.754000 0.461100
vn -0.479900 -0.491900 0.726500
vn -0.387200 -0.912500 0.131900
vn -0.194300 -0.924000 -0.329300
vn 0.138100 -0.577500 -0.804700
vn 0.410300 0.029900 -0.911400
vn 0.499400 0.481400 -0.720300
vn 0.489000 0.744100 -0.455200
vn 0.413700 0.901800 -0.124900
vn 0.228800 0.913800 0.335700
vn -0.104100 0.568700 0.815900
vn -0.386900 -0.042900 0.921100
vn -0.459700 -0.813700 0.355900
vn -0.503900 -0.577500 0.642300
vn -0.348200 -0.937100 0.022300
vn -0.123500 -0.898900 -0.420400
vn 0.225100 -0.496100 -0.838600
vn 0.473100 0.130700 -0.871200
vn 0.524600 0.566500 -0.635500
vn 0.480900 0.804200 -0.349400
vn 0.372700 0.927900 -0.011900
vn 0.153800 0.888000 0.433300
vn -0.192700 0.485500 0.852700
vn -0.448500 -0.143800 0.882100
vn -0.443700 -0.856300 0.264200
vn -0.514900 -0.644000 0.565800
vn -0.307500 -0.948900 -0.070700
vn -0.058400 -0.867400 -0.494100
vn 0.296500 -0.420700 -0.857400
vn 0.518900 0.215200 -0.827300
vn 0.537500 0.631500 -0.558900
vn 0.466000 0.846000 -0.259000
vn 0.331400 0.940000 0.080500
vn 0.086100 0.855900 0.509900
vn -0.266600 0.406100 0.874100
vn -0.492500 -0.227600 0.840000
vn -0.435900 -0.871100 0.226500
vn -0.518000 -0.668700 0.533300
vn -0.289500 -0.951000 -0.108500
vn -0.031000 -0.852400 -0.522000
vn 0.326200 -0.388400 -0.861800
vn 0.537100 0.250200 -0.805600
vn 0.541500 0.656600 -0.524900
vn 0.458200 0.861200 -0.219800
vn 0.312600 0.942400 0.118800
vn 0.055800 0.839200 0.540900
vn -0.297900 0.370600 0.879700
vn -0.509600 -0.261000 0.819900
vn -0.843100 0.045000 -0.535900
vn -0.846700 0.028200 -0.531300
vn -0.960900 -0.156600 -0.228400
vn -0.957000 -0.156700 -0.244100
vn -0.610600 0.240200 -0.754600
vn -0.614100 0.208500 -0.761200
vn -0.173100 0.440800 -0.880800
vn -0.175300 0.397100 -0.900900
vn 0.463900 0.529800 -0.710000
vn 0.468300 0.487400 -0.737000
vn 0.896900 0.381900 -0.222900
vn 0.902700 0.356700 -0.240400
vn 0.963400 0.154900 0.218600
vn 0.965800 0.150900 0.211000
vn 0.853600 -0.042900 0.519200
vn 0.853800 -0.029600 0.519700
vn 0.624000 -0.234500 0.745400
vn 0.623000 -0.206100 0.754600
vn 0.186000 -0.439600 0.878700
vn 0.184400 -0.397400 0.898900
vn -0.470000 -0.538900 0.699000
vn -0.470500 -0.496500 0.729500
vn -0.901800 -0.386900 0.192600
vn -0.904500 -0.365300 0.220200
vn -0.852400 0.004200 -0.522900
vn -0.966900 -0.152800 -0.204400
vn -0.618600 0.159900 -0.769200
vn -0.177000 0.327300 -0.928200
vn 0.472700 0.416900 -0.776400
vn 0.908900 0.316200 -0.272000
vn 0.970200 0.145600 0.193400
vn 0.856900 -0.007300 0.515500
vn 0.624200 -0.159900 0.764800
vn 0.183100 -0.329000 0.926400
vn -0.472900 -0.425500 0.771500
vn -0.909100 -0.325900 0.259300
vn -0.859500 -0.010200 -0.511000
vn -0.971700 -0.149200 -0.183100
vn -0.627200 0.129500 -0.768100
vn -0.185500 0.282700 -0.941100
vn 0.468700 0.371200 -0.801600
vn 0.909800 0.289800 -0.297000
vn 0.974200 0.141900 0.175300
vn 0.862800 0.006600 0.505600
vn 0.631100 -0.130300 0.764700
vn 0.190100 -0.284900 0.939500
vn -0.468000 -0.379300 0.798200
vn -0.909600 -0.299400 0.288200
vn -0.867300 -0.019400 -0.497300
vn -0.975900 -0.145400 -0.162900
vn -0.637500 0.108600 -0.762800
vn -0.197000 0.251100 -0.947700
vn 0.460700 0.338100 -0.820700
vn 0.908400 0.270000 -0.319300
vn 0.977900 0.138100 0.156800
vn 0.869900 0.015600 0.493100
vn 0.640700 -0.109700 0.759900
vn 0.200900 -0.253300 0.946300
vn -0.459700 -0.345500 0.818100
vn -0.907900 -0.279200 0.312600
vn -0.875500 -0.025200 -0.482600
vn -0.979600 -0.140800 -0.143100
vn -0.648900 0.093400 -0.755200
vn -0.210000 0.226800 -0.951000
vn 0.450600 0.311400 -0.836600
vn 0.905600 0.253000 -0.340300
vn 0.981400 0.133600 0.138100
vn 0.877600 0.021300 0.479000
vn 0.651600 -0.094700 0.752600
vn 0.213700 -0.229100 0.949700
vn -0.449200 -0.318600 0.834700
vn -0.905100 -0.262200 0.334900
vn -0.883800 -0.028000 -0.467100
vn -0.983200 -0.134900 -0.123300
vn -0.660700 0.082200 -0.746100
vn -0.223900 0.207100 -0.952400
vn 0.439600 0.288200 -0.850700
vn 0.902200 0.236900 -0.360600
vn 0.984700 0.127600 0.118900
vn 0.885600 0.024000 0.463800
vn 0.663200 -0.083600 0.743700
vn 0.227500 -0.209500 0.951000
vn -0.437600 -0.295400 0.849200
vn -0.901400 -0.246100 0.356100
vn -0.892100 -0.027900 -0.450900
vn -0.986500 -0.126900 -0.103300
vn -0.672800 0.074200 -0.736000
vn -0.238200 0.190400 -0.952400
vn 0.427800 0.266300 -0.863700
vn 0.898200 0.219800 -0.380800
vn 0.987900 0.119300 0.099200
vn 0.893900 0.023800 0.447700
vn 0.675300 -0.075800 0.733600
vn 0.242200 -0.192700 0.950900
vn -0.425400 -0.273600 0.862700
vn -0.897400 -0.229300 0.376900
vn -0.900500 -0.024400 -0.434100
vn -0.989900 -0.115400 -0.082800
vn -0.685200 0.069300 -0.725100
vn -0.252900 0.175300 -0.951500
vn 0.415800 0.243600 -0.876200
vn 0.893900 0.199800 -0.401200
vn 0.991100 0.107400 0.078700
vn 0.902300 0.019900 0.430700
vn 0.687900 -0.071100 0.722400
vn 0.257600 -0.177800 0.949700
vn -0.412500 -0.251300 0.875600
vn -0.893200 -0.209900 0.397700
vn -0.909100 -0.015900 -0.416300
vn -0.993200 -0.098400 -0.061500
vn -0.697600 0.068100 -0.713300
vn -0.267700 0.161100 -0.949900
vn 0.403500 0.217900 -0.888700
vn 0.889600 0.174200 -0.422300
vn 0.994300 0.089600 0.057200
vn 0.910900 0.011000 0.412500
vn 0.700800 -0.070000 0.710000
vn 0.273500 -0.164000 0.947800
vn -0.399200 -0.226300 0.888500
vn -0.888800 -0.185300 0.419100
vn -0.917700 0.000800 -0.397300
vn -0.996700 -0.071500 -0.039000
vn -0.709900 0.072000 -0.700600
vn -0.282100 0.147100 -0.948100
vn 0.391600 0.185100 -0.901300
vn 0.885000 0.137800 -0.444700
vn 0.997500 0.061300 0.033900
vn 0.919700 -0.006400 0.392500
vn 0.714100 -0.074200 0.696100
vn 0.290200 -0.150400 0.945100
vn -0.385200 -0.195000 0.902000
vn -0.884400 -0.150700 0.441700
vn -0.925600 0.033400 -0.376900
vn -0.999600 -0.024400 -0.014500
vn -0.721500 0.085300 -0.687100
vn -0.295400 0.131400 -0.946300
vn 0.379900 0.136800 -0.914900
vn 0.879500 0.079000 -0.469300
vn 0.999900 0.012100 0.007800
vn 0.928200 -0.040300 0.369800
vn 0.728000 -0.088200 0.679900
vn 0.308700 -0.135700 0.941400
vn -0.369200 -0.149100 0.917300
vn -0.879300 -0.094700 0.466800
vn -0.933900 0.073200 -0.350000
vn -0.999500 0.027900 0.015500
vn -0.737400 0.107800 -0.666800
vn -0.318200 0.127200 -0.939400
vn 0.358700 0.099800 -0.928100
vn 0.869300 0.026600 -0.493600
vn 0.999200 -0.035600 -0.017900
vn 0.934800 -0.076000 0.347100
vn 0.740500 -0.106200 0.663600
vn 0.325900 -0.125800 0.937000
vn -0.350900 -0.105000 0.930500
vn -0.868600 -0.036300 0.494100
vn -0.943800 0.083600 -0.319700
vn -0.998300 0.034700 0.046500
vn -0.758000 0.121100 -0.641000
vn -0.349900 0.143000 -0.925800
vn 0.328500 0.113800 -0.937600
vn 0.855900 0.032500 -0.516100
vn 0.998400 -0.036800 -0.042700
vn 0.942500 -0.081500 0.324200
vn 0.754800 -0.114400 0.645900
vn 0.344100 -0.134500 0.929300
vn -0.331000 -0.109700 0.937200
vn -0.854400 -0.034500 0.518400
vn -0.953700 0.067800 -0.293000
vn -0.997300 0.005300 0.072700
vn -0.777300 0.121200 -0.617400
vn -0.377400 0.163800 -0.911400
vn 0.300800 0.153900 -0.941200
vn 0.840800 0.073400 -0.536300
vn 0.997600 -0.007600 -0.069100
vn 0.952500 -0.065900 0.297300
vn 0.774300 -0.114600 0.622400
vn 0.371900 -0.155600 0.915100
vn -0.303300 -0.149900 0.941000
vn -0.839400 -0.075500 0.538200
vn -0.962500 0.052000 -0.266300
vn -0.994900 -0.023000 0.098100
vn -0.796000 0.120000 -0.593300
vn -0.405000 0.182100 -0.896000
vn 0.272000 0.190900 -0.943200
vn 0.824300 0.111900 -0.555000
vn 0.995300 0.020600 -0.094900
vn 0.961400 -0.050200 0.270500
vn 0.793200 -0.113600 0.598300
vn 0.399900 -0.174100 0.899900
vn -0.274400 -0.186900 0.943300
vn -0.822800 -0.114000 0.556800
vn -0.970200 0.036200 -0.239700
vn -0.991100 -0.050000 0.123000
vn -0.814000 0.117800 -0.568800
vn -0.432700 0.198200 -0.879500
vn 0.242400 0.224700 -0.943800
vn 0.806300 0.148000 -0.572700
vn 0.991600 0.047600 -0.120100
vn 0.969200 -0.034500 0.243700
vn 0.811400 -0.111500 0.573700
vn 0.427800 -0.190400 0.883600
vn -0.244600 -0.220800 0.944100
vn -0.804800 -0.150200 0.574300
vn -0.976800 0.020800 -0.213200
vn -0.986100 -0.075700 0.147600
vn -0.831300 0.114800 -0.543800
vn -0.460200 0.212200 -0.862100
vn 0.212000 0.255700 -0.943200
vn 0.787000 0.181700 -0.589500
vn 0.986700 0.073300 -0.144900
vn 0.976000 -0.019200 0.216800
vn 0.828900 -0.108700 0.548700
vn 0.455700 -0.204500 0.866300
vn -0.214000 -0.251800 0.943800
vn -0.785500 -0.183900 0.590900
vn -0.982400 0.005900 -0.186500
vn -0.980000 -0.100000 0.171800
vn -0.847900 0.111300 -0.518300
vn -0.487600 0.224500 -0.843700
vn 0.181100 0.284000 -0.941600
vn 0.766800 0.213000 -0.605500
vn 0.980700 0.097500 -0.169400
vn 0.981800 -0.004300 0.190000
vn 0.845700 -0.105200 0.523200
vn 0.483400 -0.216900 0.848100
vn -0.182800 -0.280200 0.942400
vn -0.765200 -0.215200 0.606800
vn -0.987200 -0.008400 -0.159500
vn -0.972900 -0.122700 0.195900
vn -0.863800 0.107500 -0.492300
vn -0.514600 0.235200 -0.824500
vn 0.149900 0.309700 -0.938900
vn 0.745800 0.242000 -0.620700
vn 0.973700 0.120200 -0.193700
vn 0.986600 0.009900 0.162900
vn 0.861700 -0.101500 0.497200
vn 0.510800 -0.227700 0.829000
vn -0.151300 -0.306000 0.939900
vn -0.744000 -0.244200 0.622000
vn -0.991000 -0.021900 -0.132300
vn -0.964900 -0.143900 0.219900
vn -0.878900 0.103500 -0.465700
vn -0.541200 0.244700 -0.804500
vn 0.118500 0.333200 -0.935400
vn 0.723800 0.268700 -0.635500
vn 0.965600 0.141500 -0.218000
vn 0.990500 0.023500 0.135600
vn 0.876900 -0.097500 0.470600
vn 0.537800 -0.237200 0.809000
vn -0.119400 -0.329400 0.936600
vn -0.722000 -0.270900 0.636600
vn -0.993900 -0.034600 -0.104800
vn -0.955900 -0.163600 0.243900
vn -0.893200 0.099600 -0.438400
vn -0.567500 0.253100 -0.783500
vn 0.086900 0.354600 -0.931000
vn 0.701300 0.293200 -0.649800
vn 0.956800 0.161100 -0.242200
vn 0.993500 0.036100 0.108000
vn 0.891400 -0.093600 0.443400
vn 0.564500 -0.245600 0.788000
vn -0.087400 -0.350900 0.932300
vn -0.699400 -0.295500 0.650800
vn -0.996000 -0.046300 -0.076800
vn -0.946100 -0.181700 0.267900
vn -0.906800 0.095900 -0.410400
vn -0.593300 0.260800 -0.761600
vn 0.055300 0.374200 -0.925700
vn 0.678200 0.315800 -0.663600
vn 0.947100 0.179100 -0.266400
vn 0.995700 0.047800 0.080000
vn 0.905200 -0.090000 0.415400
vn 0.590600 -0.253300 0.766200
vn -0.055400 -0.370600 0.927100
vn -0.676200 -0.318100 0.664500
vn -0.997200 -0.057000 -0.048200
vn -0.935600 -0.198200 0.292100
vn -0.919700 0.092600 -0.381600
vn -0.618500 0.267900 -0.738700
vn 0.023700 0.392300 -0.919500
vn 0.654600 0.336400 -0.677000
vn 0.936600 0.195500 -0.290700
vn 0.997000 0.058400 0.051300
vn 0.918200 -0.086700 0.386500
vn 0.616100 -0.260400 0.743300
vn -0.023300 -0.388600 0.921100
vn -0.652400 -0.338800 0.678000
vn -0.993900 -0.094400 -0.057300
vn -0.930200 -0.233900 0.282700
vn -0.919200 0.055900 -0.389700
vn -0.624900 0.240000 -0.742900
vn 0.006300 0.388500 -0.921400
vn 0.641000 0.357700 -0.679100
vn 0.930600 0.222700 -0.290400
vn 0.995500 0.079900 0.051000
vn 0.920400 -0.076000 0.383600
vn 0.621300 -0.265600 0.737200
vn -0.017300 -0.411500 0.911200
vn -0.645700 -0.371300 0.667200
vn -0.979600 -0.152700 -0.130600
vn -0.934200 -0.286100 0.213000
vn -0.888900 -0.002500 -0.458100
vn -0.580500 0.194300 -0.790700
vn 0.052500 0.378200 -0.924300
vn 0.668700 0.385600 -0.635700
vn 0.936600 0.267000 -0.227000
vn 0.985200 0.124800 0.117400
vn 0.895500 -0.039600 0.443300
vn 0.580400 -0.248300 0.775500
vn -0.065800 -0.424600 0.903000
vn -0.674100 -0.409900 0.614500
vn -0.955500 -0.195700 -0.220600
vn -0.936300 -0.327800 0.126400
vn -0.841500 -0.040100 -0.538700
vn -0.511800 0.171800 -0.841800
vn 0.123700 0.383800 -0.915100
vn 0.708200 0.417300 -0.569500
vn 0.940500 0.310600 -0.137700
vn 0.962500 0.171800 0.210000
vn 0.850000 0.004900 0.526700
vn 0.516000 -0.217100 0.828600
vn -0.129000 -0.424000 0.896400
vn -0.708700 -0.439400 0.552000
vn -0.927000 -0.222200 -0.302300
vn -0.933500 -0.355800 0.045100
vn -0.790800 -0.061100 -0.609100
vn -0.442300 0.162500 -0.882000
vn 0.191300 0.393400 -0.899200
vn 0.742200 0.441400 -0.504200
vn 0.938900 0.339700 -0.054700
vn 0.934700 0.200800 0.293300
vn 0.800300 0.030200 0.598800
vn 0.448600 -0.202400 0.870500
vn -0.192500 -0.429500 0.882300
vn -0.739900 -0.462100 0.488900
vn -0.893700 -0.240500 -0.378800
vn -0.925600 -0.377000 -0.033800
vn -0.736500 -0.073800 -0.672400
vn -0.371900 0.159800 -0.914400
vn 0.255900 0.404800 -0.877900
vn 0.771000 0.462000 -0.438400
vn 0.932000 0.361600 0.025100
vn 0.902000 0.220700 0.371000
vn 0.746600 0.045700 0.663700
vn 0.379400 -0.196300 0.904200
vn -0.254700 -0.438400 0.862000
vn -0.766800 -0.481700 0.424300
vn -0.854800 -0.255500 -0.451700
vn -0.911700 -0.395500 -0.111500
vn -0.678000 -0.082900 -0.730400
vn -0.299800 0.160200 -0.940400
vn 0.317700 0.417500 -0.851300
vn 0.794100 0.481200 -0.371300
vn 0.919000 0.380500 0.103300
vn 0.863700 0.236700 0.444900
vn 0.688700 0.056700 0.722800
vn 0.308200 -0.194400 0.931200
vn -0.314600 -0.449500 0.836000
vn -0.788400 -0.500500 0.357700
vn -0.809100 -0.270500 -0.521700
vn -0.890300 -0.414600 -0.188300
vn -0.614300 -0.091600 -0.783800
vn -0.225800 0.161500 -0.960700
vn 0.376600 0.431200 -0.819900
vn 0.810800 0.501300 -0.302100
vn 0.898700 0.399600 0.180600
vn 0.818800 0.252300 0.515600
vn 0.625500 0.066500 0.777400
vn 0.234800 -0.194500 0.952400
vn -0.372200 -0.462700 0.804600
vn -0.803600 -0.520500 0.288600
vn -0.755000 -0.288200 -0.589000
vn -0.859800 -0.436900 -0.264300
vn -0.544000 -0.102400 -0.832800
vn -0.149300 0.162000 -0.975400
vn 0.431600 0.446300 -0.783900
vn 0.819500 0.524300 -0.231300
vn 0.869500 0.421800 0.257000
vn 0.765700 0.270200 0.583700
vn 0.555800 0.077600 0.827700
vn 0.158900 -0.194700 0.967900
vn -0.426300 -0.478100 0.767900
vn -0.810600 -0.543800 0.217200
vn -0.690000 -0.311600 -0.653300
vn -0.817400 -0.465400 -0.339500
vn -0.465400 -0.117500 -0.877300
vn -0.069600 0.160700 -0.984600
vn 0.481900 0.463600 -0.743500
vn 0.817900 0.552800 -0.159200
vn 0.828900 0.449900 0.332400
vn 0.701900 0.293400 0.649100
vn 0.477900 0.092700 0.873500
vn 0.079500 -0.194000 0.977800
vn -0.475400 -0.496500 0.726300
vn -0.807000 -0.572700 0.144200
vn -0.610500 -0.343800 -0.713500
vn -0.759000 -0.503500 -0.412700
vn -0.375800 -0.139700 -0.916100
vn 0.014300 0.156300 -0.987600
vn 0.526100 0.484400 -0.699000
vn 0.802900 0.589800 -0.086000
vn 0.772800 0.487600 0.406300
vn 0.623900 0.325300 0.710600
vn 0.389200 0.114200 0.914000
vn -0.004200 -0.191500 0.981500
vn -0.518300 -0.519500 0.679400
vn -0.788900 -0.610500 0.069900
vn -0.510800 -0.388500 -0.766900
vn -0.678300 -0.555500 -0.480900
vn -0.270700 -0.171100 -0.947300
vn 0.104000 0.148200 -0.983500
vn 0.561900 0.510900 -0.650600
vn 0.768800 0.639400 -0.012900
vn 0.695200 0.539000 0.475500
vn 0.526400 0.369500 0.765800
vn 0.285200 0.144400 0.947500
vn -0.093500 -0.186700 0.978000
vn -0.551600 -0.549600 0.627400
vn -0.750400 -0.660900 -0.004200
vn -0.381700 -0.448600 -0.808100
vn -0.565100 -0.625000 -0.538600
vn -0.143400 -0.213700 -0.966300
vn 0.201600 0.136400 -0.969900
vn 0.584800 0.545900 -0.600000
vn 0.706000 0.706000 0.055000
vn 0.585800 0.608500 0.535200
vn 0.399700 0.429000 0.810000
vn 0.159100 0.185000 0.969800
vn -0.190100 -0.180300 0.965100
vn -0.569700 -0.589900 0.572200
vn -0.681600 -0.728100 -0.072600
vn -0.241000 -0.513200 -0.823700
vn -0.437100 -0.696500 -0.569100
vn -0.008100 -0.262400 -0.964900
vn 0.302300 0.118500 -0.945800
vn 0.601500 0.575500 -0.554100
vn 0.630200 0.769800 0.101000
vn 0.463900 0.680200 0.567600
vn 0.263300 0.495000 0.828000
vn 0.028700 0.236200 0.971300
vn -0.282800 -0.160500 0.945700
vn -0.575200 -0.620100 0.533500
vn -0.597900 -0.793400 -0.114000
vn -0.140800 -0.567600 -0.811200
vn -0.349900 -0.747500 -0.564600
vn 0.092100 -0.311700 -0.945700
vn 0.382800 0.087000 -0.919700
vn 0.623600 0.577800 -0.526500
vn 0.583700 0.804000 0.113300
vn 0.381300 0.731300 0.565500
vn 0.167200 0.551600 0.817200
vn -0.065900 0.291700 0.954200
vn -0.354200 -0.118500 0.927600
vn -0.588600 -0.615300 0.524400
vn -0.547000 -0.829000 -0.116200
vn -0.081800 -0.610700 -0.787600
vn -0.303200 -0.781500 -0.545200
vn 0.156300 -0.357000 -0.920900
vn 0.439600 0.048700 -0.896900
vn 0.647700 0.562200 -0.514200
vn 0.564200 0.818500 0.108300
vn 0.334800 0.765000 0.550100
vn 0.108200 0.594600 0.796700
vn -0.129100 0.338200 0.932200
vn -0.409100 -0.077600 0.909200
vn -0.610700 -0.597000 0.520200
vn -0.526800 -0.843400 -0.105100
vn -0.032800 -0.645300 -0.763300
vn -0.265400 -0.808700 -0.524900
vn 0.209900 -0.393500 -0.895000
vn 0.487100 0.016700 -0.873200
vn 0.668600 0.547900 -0.502700
vn 0.549300 0.829200 0.103300
vn 0.297100 0.791200 0.534500
vn 0.060400 0.628700 0.775300
vn -0.181400 0.374600 0.909300
vn -0.454900 -0.045500 0.889400
vn -0.629500 -0.583000 0.513700
vn -0.510600 -0.854600 -0.094800
vn 0.010400 -0.673700 -0.739000
vn -0.232400 -0.831300 -0.504800
vn 0.256400 -0.424800 -0.868200
vn 0.529100 -0.011100 -0.848500
vn 0.688600 0.534800 -0.489700
vn 0.538200 0.837000 0.099200
vn 0.266300 0.812500 0.518600
vn 0.020000 0.656800 0.753800
vn -0.226000 0.404400 0.886200
vn -0.493800 -0.018300 0.869400
vn -0.645800 -0.571600 0.506200
vn -0.496800 -0.863700 -0.085100
vn 0.050300 -0.699300 -0.713000
vn -0.201500 -0.851000 -0.485000
vn 0.300100 -0.454000 -0.838900
vn 0.570000 -0.037900 -0.820800
vn 0.710200 0.519800 -0.474800
vn 0.532000 0.841500 0.094400
vn 0.240000 0.830200 0.503100
vn -0.016500 0.680300 0.732700
vn -0.266000 0.430900 0.862300
vn -0.529100 0.006500 0.848500
vn -0.661400 -0.560300 0.498600
vn -0.484300 -0.871600 -0.076100
vn 0.093000 -0.726200 -0.681100
vn -0.169400 -0.871000 -0.461100
vn 0.348400 -0.484600 -0.802400
vn 0.616100 -0.069000 -0.784700
vn 0.738000 0.500400 -0.452700
vn 0.531100 0.842200 0.093000
vn 0.216800 0.845500 0.487900
vn -0.052500 0.702500 0.709700
vn -0.306100 0.457800 0.834700
vn -0.566300 0.030900 0.823600
vn -0.678000 -0.549100 0.488600
vn -0.471600 -0.879300 -0.065800
vn 0.155600 -0.763600 -0.626600
vn -0.125500 -0.899000 -0.419600
vn 0.421600 -0.528600 -0.736800
vn 0.687600 -0.117400 -0.716600
vn 0.786000 0.466500 -0.405700
vn 0.535800 0.838000 0.103600
vn 0.189600 0.861600 0.470800
vn -0.096500 0.728500 0.678200
vn -0.356700 0.488700 0.796200
vn -0.612000 0.062000 0.788400
vn -0.698800 -0.534100 0.475800
vn -0.454600 -0.889400 -0.047100
vn 0.345900 -0.866100 -0.360900
vn -0.000100 -0.970500 -0.241200
vn 0.633800 -0.658900 -0.405200
vn 0.888200 -0.276100 -0.367200
vn 0.934600 0.316700 -0.161800
vn 0.575000 0.801200 0.165500
vn 0.088300 0.901400 0.423800
vn -0.234500 0.726500 0.646000
vn -0.402800 0.423900 0.811200
vn -0.562500 0.069600 0.823800
vn -0.681200 -0.445700 0.580800
vn -0.443000 -0.892500 0.084700
vn 0.064100 -0.888700 0.454000
vn -0.176900 -0.948000 0.264500
vn 0.335300 -0.698700 0.632000
vn 0.611900 -0.269400 0.743600
vn 0.697900 0.333600 0.633700
vn 0.492700 0.801000 0.340100
vn 0.241900 0.968500 0.059000
vn 0.051900 0.996100 -0.071000
vn -0.125100 0.987600 -0.095100
vn -0.973200 -0.052200 -0.224100
vn -0.680500 -0.732700 -0.001200
vn -0.428300 -0.898800 0.093000
vn -0.523800 -0.520100 0.674700
vn -0.569200 -0.732200 0.374000
vn -0.433000 -0.260300 0.863000
vn -0.261500 0.122700 0.957400
vn 0.044300 0.623300 0.780800
vn 0.353900 0.909300 0.218700
vn 0.481000 0.811000 -0.333000
vn 0.490000 0.560200 -0.667900
vn 0.426800 0.267200 -0.864000
vn 0.249100 -0.116400 -0.961400
vn -0.140500 -0.619800 -0.772100
vn -0.492300 -0.855200 -0.162500
vn -0.633000 -0.523600 0.570200
vn -0.599200 -0.755900 0.263700
vn -0.583000 -0.224900 0.780700
vn -0.402600 0.217900 0.889100
vn -0.015900 0.726000 0.687500
vn 0.370300 0.912000 0.176500
vn 0.553700 0.785100 -0.277600
vn 0.593500 0.546400 -0.590900
vn 0.541100 0.254400 -0.801500
vn 0.349700 -0.188000 -0.917800
vn -0.064400 -0.708200 -0.703100
vn -0.436000 -0.881400 -0.181800
vn -0.648000 -0.518800 0.557700
vn -0.600700 -0.759400 0.249700
vn -0.604800 -0.215100 0.766800
vn -0.426000 0.232300 0.874400
vn -0.030400 0.735400 0.677000
vn 0.368700 0.911300 0.183200
vn 0.569700 0.774600 -0.274600
vn 0.618400 0.524400 -0.585300
vn 0.573300 0.234900 -0.784900
vn 0.386500 -0.208800 -0.898300
vn -0.034100 -0.726400 -0.686500
vn -0.421300 -0.888700 -0.180800
vn 0.276500 -0.201700 0.939600
vn 0.289500 -0.186500 0.938800
vn 0.607900 -0.057000 0.791900
vn 0.600000 -0.081900 0.795800
vn -0.086500 -0.293900 0.951900
vn -0.069700 -0.290500 0.954300
vn -0.545100 -0.353500 0.760200
vn -0.526800 -0.366500 0.766900
vn -0.932100 -0.295100 0.210000
vn -0.919900 -0.324800 0.219700
vn -0.895400 -0.103800 -0.433000
vn -0.894400 -0.136200 -0.426000
vn -0.603200 0.073300 -0.794200
vn -0.610400 0.048500 -0.790600
vn -0.282100 0.197200 -0.938900
vn -0.294500 0.181900 -0.938200
vn 0.078400 0.293200 -0.952800
vn 0.062100 0.289600 -0.955100
vn 0.536600 0.354000 -0.766000
vn 0.518600 0.366700 -0.772400
vn 0.931700 0.292200 -0.215700
vn 0.919500 0.321800 -0.225600
vn 0.895600 0.094700 0.434600
vn 0.895300 0.127200 0.427000
vn 0.313500 -0.155900 0.936700
vn 0.621200 -0.008900 0.783600
vn -0.038400 -0.281800 0.958700
vn -0.492300 -0.388500 0.778900
vn -0.894900 -0.378400 0.236600
vn -0.889700 -0.196800 -0.412000
vn -0.622400 0.000400 -0.782700
vn -0.317300 0.151300 -0.936200
vn 0.031700 0.280700 -0.959300
vn 0.484800 0.388200 -0.783700
vn 0.894600 0.375300 -0.242500
vn 0.891400 0.188100 0.412300
vn 0.336100 -0.125100 0.933500
vn 0.633000 0.036000 0.773300
vn -0.008000 -0.269200 0.963000
vn -0.458200 -0.402800 0.792300
vn -0.869400 -0.422400 0.256200
vn -0.883800 -0.250100 -0.395400
vn -0.632900 -0.044200 -0.772900
vn -0.338700 0.120700 -0.933100
vn 0.002500 0.268200 -0.963400
vn 0.451800 0.402300 -0.796200
vn 0.869500 0.419000 -0.261600
vn 0.886300 0.241600 0.395000
vn 0.358000 -0.095300 0.928900
vn 0.644600 0.076000 0.760700
vn 0.021300 -0.253800 0.967000
vn -0.425500 -0.409700 0.806900
vn -0.845200 -0.456000 0.278600
vn -0.878600 -0.294700 -0.375900
vn -0.643400 -0.083800 -0.760900
vn -0.359400 0.091200 -0.928700
vn -0.025500 0.253100 -0.967100
vn 0.420400 0.409300 -0.809800
vn 0.845700 0.452400 -0.283300
vn 0.881800 0.286400 0.374800
vn 0.380100 -0.067800 0.922500
vn 0.657300 0.109900 0.745600
vn 0.049800 -0.236600 0.970300
vn -0.394600 -0.409800 0.822400
vn -0.823700 -0.478900 0.303600
vn -0.875600 -0.329500 -0.353300
vn -0.655000 -0.117200 -0.746500
vn -0.380400 0.064300 -0.922600
vn -0.052600 0.236300 -0.970200
vn 0.391000 0.409500 -0.824200
vn 0.824600 0.475000 -0.307400
vn 0.879300 0.321400 0.351500
vn 0.403200 -0.043900 0.914000
vn 0.672200 0.136500 0.727700
vn 0.078100 -0.218600 0.972700
vn -0.365800 -0.403600 0.838600
vn -0.805800 -0.490800 0.331400
vn -0.876200 -0.353600 -0.327400
vn -0.669100 -0.143400 -0.729200
vn -0.402400 0.040900 -0.914600
vn -0.079300 0.219000 -0.972500
vn 0.363900 0.403800 -0.839300
vn 0.807200 0.486700 -0.334000
vn 0.880200 0.345700 0.325100
vn 0.428300 -0.024800 0.903300
vn 0.690500 0.154600 0.706600
vn 0.106600 -0.201200 0.973700
vn -0.338800 -0.392000 0.855300
vn -0.792000 -0.491900 0.361700
vn -0.881400 -0.366400 -0.298100
vn -0.686700 -0.161000 -0.708900
vn -0.426400 0.022400 -0.904300
vn -0.106300 0.202200 -0.973500
vn 0.338900 0.392900 -0.854900
vn 0.794100 0.487600 -0.362800
vn 0.885600 0.358500 0.295400
vn 0.455900 -0.011900 0.889900
vn 0.712600 0.162900 0.682400
vn 0.136000 -0.185300 0.973200
vn -0.313300 -0.375900 0.872100
vn -0.782400 -0.482000 0.394300
vn -0.891600 -0.366900 -0.265500
vn -0.708200 -0.169100 -0.685400
vn -0.453000 0.010000 -0.891500
vn -0.134100 0.187200 -0.973100
vn 0.315700 0.377500 -0.870500
vn 0.785300 0.477700 -0.393900
vn 0.895700 0.358900 0.262400
vn 0.486500 -0.006400 0.873700
vn 0.738800 0.160200 0.654700
vn 0.166800 -0.172500 0.970800
vn -0.288800 -0.356300 0.888600
vn -0.776500 -0.461300 0.429200
vn -0.906600 -0.354200 -0.229200
vn -0.734100 -0.166100 -0.658500
vn -0.482600 0.005000 -0.875800
vn -0.163200 0.175100 -0.970900
vn 0.293500 0.358600 -0.886200
vn 0.780400 0.456800 -0.427000
vn 0.910600 0.346100 0.225800
vn 0.519800 -0.010100 0.854200
vn 0.768500 0.145200 0.623200
vn 0.199300 -0.164300 0.966100
vn -0.264300 -0.334100 0.904700
vn -0.773200 -0.429900 0.466300
vn -0.925700 -0.327600 -0.189200
vn -0.763600 -0.150900 -0.627800
vn -0.515100 0.009000 -0.857100
vn -0.194100 0.167400 -0.966600
vn 0.271700 0.337000 -0.901400
vn 0.778100 0.425200 -0.462300
vn 0.929300 0.319300 0.185700
vn 0.555400 -0.024200 0.831300
vn 0.800500 0.116700 0.587900
vn 0.233600 -0.161900 0.958800
vn -0.239000 -0.310700 0.920000
vn -0.770600 -0.388100 0.505500
vn -0.947000 -0.286400 -0.145300
vn -0.795700 -0.122400 -0.593300
vn -0.549900 0.023300 -0.834900
vn -0.226700 0.165300 -0.959800
vn 0.249100 0.313900 -0.916200
vn 0.776800 0.383300 -0.499700
vn 0.950000 0.278000 0.142000
vn 0.580100 -0.058600 0.812400
vn 0.821700 0.079800 0.564300
vn 0.258500 -0.190700 0.947000
vn -0.218600 -0.325900 0.919800
vn -0.761500 -0.380100 0.525000
vn -0.958300 -0.262500 -0.113100
vn -0.819500 -0.095600 -0.565100
vn -0.577800 0.045500 -0.814900
vn -0.254700 0.178000 -0.950500
vn 0.227000 0.311000 -0.922900
vn 0.772900 0.360600 -0.522100
vn 0.963200 0.242600 0.116100
vn 0.580600 -0.092300 0.809000
vn 0.820600 0.060900 0.568300
vn 0.260300 -0.235800 0.936300
vn -0.216200 -0.376400 0.900900
vn -0.757700 -0.417200 0.501900
vn -0.954000 -0.271400 -0.127100
vn -0.818100 -0.083000 -0.569000
vn -0.578900 0.070300 -0.812300
vn -0.258300 0.210500 -0.942800
vn 0.221000 0.346900 -0.911500
vn 0.769000 0.386900 -0.508900
vn 0.961200 0.244700 0.127500
vn 0.564000 -0.098200 0.819900
vn 0.805900 0.067700 0.588100
vn 0.244000 -0.252900 0.936200
vn -0.229300 -0.404100 0.885500
vn -0.761500 -0.446600 0.469800
vn -0.944100 -0.287900 -0.160600
vn -0.801300 -0.084800 -0.592300
vn -0.560200 0.080800 -0.824400
vn -0.240400 0.232300 -0.942500
vn 0.233000 0.379400 -0.895400
vn 0.768200 0.422000 -0.481400
vn 0.951100 0.267600 0.154100
vn 0.538900 -0.083500 0.838200
vn 0.785700 0.085000 0.612700
vn 0.217400 -0.242600 0.945500
vn -0.252700 -0.401500 0.880300
vn -0.771300 -0.454300 0.445800
vn -0.934100 -0.301400 -0.191500
vn -0.779600 -0.098900 -0.618400
vn -0.533800 0.068900 -0.842800
vn -0.213000 0.224800 -0.950800
vn 0.255400 0.379400 -0.889300
vn 0.775000 0.432900 -0.460400
vn 0.941200 0.285200 0.181100
vn 0.506400 -0.052600 0.860700
vn 0.760200 0.112400 0.639900
vn 0.182200 -0.212300 0.960100
vn -0.284300 -0.378500 0.880900
vn -0.785100 -0.449300 0.426400
vn -0.922600 -0.316100 -0.221200
vn -0.752900 -0.124200 -0.646300
vn -0.500200 0.039800 -0.865000
vn -0.177300 0.196300 -0.964400
vn 0.285900 0.357900 -0.888900
vn 0.786700 0.429600 -0.443200
vn 0.930200 0.302400 0.208200
vn 0.466400 -0.006500 0.884600
vn 0.729000 0.150500 0.667700
vn 0.138800 -0.164600 0.976500
vn -0.322900 -0.339100 0.883600
vn -0.801800 -0.435900 0.408700
vn -0.908700 -0.334200 -0.250000
vn -0.720700 -0.161000 -0.674300
vn -0.459500 -0.005000 -0.888200
vn -0.133800 0.149800 -0.979600
vn 0.323400 0.319300 -0.890800
vn 0.802000 0.416900 -0.427800
vn 0.917200 0.321900 0.234900
vn 0.418700 0.054700 0.906500
vn 0.691700 0.200400 0.693800
vn 0.087400 -0.100600 0.991100
vn -0.368200 -0.285300 0.884900
vn -0.820700 -0.416600 0.391100
vn -0.891700 -0.357600 -0.277300
vn -0.682200 -0.209900 -0.700400
vn -0.411200 -0.065400 -0.909200
vn -0.082300 0.086600 -0.992800
vn 0.367600 0.265800 -0.891200
vn 0.819900 0.397300 -0.412100
vn 0.901400 0.346000 0.260500
vn 0.363200 0.131000 0.922500
vn 0.647900 0.262500 0.715100
vn 0.027900 -0.020800 0.999400
vn -0.419800 -0.218500 0.880900
vn -0.840900 -0.393300 0.371700
vn -0.871000 -0.387700 -0.301900
vn -0.637200 -0.271500 -0.721300
vn -0.355200 -0.141000 -0.924100
vn -0.023100 0.007600 -0.999700
vn 0.418100 0.198900 -0.886400
vn 0.839900 0.372800 -0.394600
vn 0.882100 0.375800 0.284000
vn 0.300200 0.221100 0.927900
vn 0.597400 0.336400 0.728000
vn -0.038600 0.072800 0.996600
vn -0.476900 -0.141000 0.867600
vn -0.861800 -0.367800 0.349200
vn -0.846100 -0.424800 -0.321900
vn -0.585800 -0.345100 -0.733300
vn -0.291900 -0.230300 -0.928300
vn 0.043100 -0.085200 -0.995400
vn 0.473900 0.121200 -0.872200
vn 0.861000 0.345300 -0.373400
vn 0.859000 0.412200 0.303600
vn 0.231200 0.321500 0.918300
vn 0.541200 0.419800 0.728600
vn -0.110700 0.176100 0.978100
vn -0.537400 -0.056600 0.841400
vn -0.882400 -0.342300 0.322900
vn -0.817400 -0.468400 -0.335300
vn -0.529100 -0.428200 -0.732600
vn -0.223000 -0.330000 -0.917300
vn 0.114600 -0.187700 -0.975500
vn 0.533600 0.036800 -0.844900
vn 0.882400 0.317200 -0.347500
vn 0.832200 0.454700 0.317300
vn 0.159000 0.426600 0.890300
vn 0.481200 0.508300 0.714200
vn -0.185400 0.283100 0.941000
vn -0.598700 0.029000 0.800500
vn -0.901400 -0.318900 0.293100
vn -0.785700 -0.516800 -0.340100
vn -0.469000 -0.516300 -0.716600
vn -0.151100 -0.434200 -0.888000
vn 0.188600 -0.293600 -0.937100
vn 0.594500 -0.048700 -0.802600
vn 0.902700 0.291400 -0.316600
vn 0.802200 0.501900 0.323400
vn 0.087300 0.529500 0.843800
vn 0.420600 0.596300 0.683800
vn -0.258600 0.386200 0.885400
vn -0.658000 0.109800 0.745000
vn -0.917800 -0.299800 0.260500
vn -0.752600 -0.566900 -0.335100
vn -0.408500 -0.603700 -0.684600
vn -0.079800 -0.535900 -0.840500
vn 0.261100 -0.395500 -0.880600
vn 0.653200 -0.129000 -0.746100
vn 0.920700 0.270600 -0.281400
vn 0.770000 0.551300 0.321200
vn 0.052100 0.578100 0.814300
vn 0.389600 0.638400 0.663800
vn -0.293600 0.434900 0.851300
vn -0.685500 0.148000 0.712800
vn -0.925000 -0.291100 0.244000
vn -0.735800 -0.591600 -0.329600
vn -0.378000 -0.645500 -0.663700
vn -0.044700 -0.583900 -0.810600
vn 0.295700 -0.443500 -0.846100
vn 0.680400 -0.167100 -0.713500
vn 0.928700 0.261900 -0.262600
vn 0.752600 0.576300 0.318500
vn 0.599400 -0.285300 0.747900
vn 0.625700 -0.251800 0.738400
vn 0.867100 -0.124400 0.482300
vn 0.851400 -0.172900 0.495300
vn 0.261300 -0.359800 0.895700
vn 0.295900 -0.345800 0.890500
vn -0.241500 -0.385900 0.890400
vn -0.202100 -0.401000 0.893500
vn -0.801600 -0.274800 0.531000
vn -0.774300 -0.322300 0.544600
vn -0.997100 -0.043400 -0.062700
vn -0.993800 -0.100000 -0.048800
vn -0.855500 0.147800 -0.496300
vn -0.868500 0.100500 -0.485300
vn -0.607900 0.272200 -0.745900
vn -0.631500 0.239100 -0.737600
vn -0.275400 0.357600 -0.892400
vn -0.307200 0.343100 -0.887600
vn 0.222800 0.385900 -0.895300
vn 0.185700 0.399800 -0.897600
vn 0.795600 0.262800 -0.545900
vn 0.768300 0.310400 -0.559700
vn 0.998200 0.015600 0.057100
vn 0.996400 0.074000 0.040500
vn 0.670300 -0.185700 0.718400
vn 0.889700 -0.034900 0.455200
vn 0.356900 -0.312100 0.880400
vn -0.132400 -0.417100 0.899200
vn -0.721400 -0.396900 0.567400
vn -0.980000 -0.198100 -0.020600
vn -0.887600 0.013200 -0.460500
vn -0.672500 0.174100 -0.719300
vn -0.364200 0.309300 -0.878500
vn 0.120600 0.414500 -0.902000
vn 0.717200 0.384500 -0.581200
vn 0.984600 0.174400 0.010100
vn 0.709800 -0.123400 0.693500
vn 0.906700 0.039400 0.420000
vn 0.413700 -0.270400 0.869300
vn -0.064800 -0.411300 0.909200
vn -0.667300 -0.440300 0.600800
vn -0.962700 -0.269800 0.019100
vn -0.902300 -0.058700 -0.427100
vn -0.709200 0.113300 -0.695800
vn -0.417300 0.268200 -0.868300
vn 0.057700 0.408400 -0.911000
vn 0.665000 0.427500 -0.612300
vn 0.968300 0.247900 -0.030700
vn 0.746500 -0.069300 0.661700
vn 0.921900 0.095900 0.375500
vn 0.467200 -0.226200 0.854700
vn -0.000500 -0.389400 0.921100
vn -0.615300 -0.456500 0.642700
vn -0.946300 -0.315600 0.070000
vn -0.916400 -0.113400 -0.383900
vn -0.744100 0.060700 -0.665300
vn -0.467700 0.225000 -0.854800
vn -0.001900 0.387100 -0.922100
vn 0.615300 0.443600 -0.651600
vn 0.951900 0.295100 -0.082000
vn 0.782600 -0.026500 0.622000
vn 0.937400 0.133500 0.321600
vn 0.518900 -0.184100 0.834800
vn 0.061000 -0.357100 0.932100
vn -0.566400 -0.450000 0.690500
vn -0.932300 -0.337100 0.130900
vn -0.931700 -0.149500 -0.330900
vn -0.778900 0.019200 -0.626800
vn -0.517000 0.183900 -0.836000
vn -0.059100 0.355600 -0.932800
vn 0.568700 0.437200 -0.696700
vn 0.937500 0.317600 -0.142500
vn 0.818900 0.002500 0.574000
vn 0.953900 0.151600 0.259100
vn 0.570200 -0.148000 0.808100
vn 0.121100 -0.319300 0.939900
vn -0.519400 -0.425000 0.741300
vn -0.920400 -0.336000 0.199900
vn -0.948700 -0.166600 -0.268900
vn -0.814600 -0.009000 -0.579900
vn -0.566200 0.148600 -0.810700
vn -0.115400 0.318700 -0.940800
vn 0.524200 0.412500 -0.745000
vn 0.924800 0.317100 -0.210300
vn 0.855200 0.016000 0.518100
vn 0.970400 0.149900 0.189200
vn 0.621400 -0.121100 0.774100
vn 0.181100 -0.280300 0.942700
vn -0.472600 -0.385700 0.792400
vn -0.908900 -0.314100 0.274400
vn -0.966200 -0.164200 -0.198900
vn -0.850900 -0.022000 -0.524900
vn -0.616000 0.122200 -0.778200
vn -0.172100 0.280400 -0.944300
vn 0.479800 0.373600 -0.793900
vn 0.912400 0.295600 -0.283300
vn 0.890300 0.012800 0.455100
vn 0.985100 0.129000 0.113600
vn 0.672200 -0.106100 0.732700
vn 0.241800 -0.244300 0.939000
vn -0.423600 -0.336200 0.841200
vn -0.895000 -0.273800 0.352100
vn -0.982100 -0.142800 -0.122900
vn -0.886400 -0.018500 -0.462600
vn -0.666000 0.107200 -0.738200
vn -0.230000 0.244600 -0.941900
vn 0.433200 0.324500 -0.840800
vn 0.897600 0.255700 -0.359100
vn 0.922200 -0.007300 0.386600
vn 0.995300 0.090300 0.034300
vn 0.721500 -0.104800 0.684400
vn 0.303500 -0.215000 0.928300
vn -0.370300 -0.281100 0.885400
vn -0.875800 -0.218300 0.430500
vn -0.993700 -0.103700 -0.042800
vn -0.919000 0.001600 -0.394300
vn -0.714900 0.105600 -0.691200
vn -0.289700 0.214900 -0.932700
vn 0.382300 0.269600 -0.883800
vn 0.877600 0.200800 -0.435200
vn 0.948400 -0.043100 0.314200
vn 0.998300 0.036800 -0.046200
vn 0.767300 -0.117900 0.630300
vn 0.365400 -0.195100 0.910200
vn -0.311600 -0.225200 0.923100
vn -0.848600 -0.152000 0.506700
vn -0.998000 -0.049600 0.038900
vn -0.946100 0.037400 -0.321800
vn -0.760900 0.118000 -0.638000
vn -0.350600 0.194200 -0.916200
vn 0.325600 0.213700 -0.921100
vn 0.849900 0.135300 -0.509200
vn 0.966400 -0.091900 0.239900
vn 0.991700 -0.027400 -0.126000
vn 0.807500 -0.144600 0.571900
vn 0.426200 -0.186600 0.885200
vn -0.247400 -0.173000 0.953300
vn -0.811600 -0.080100 0.578600
vn -0.992600 0.015500 0.120100
vn -0.965100 0.086300 -0.247100
vn -0.801800 0.144000 -0.580000
vn -0.411300 0.184600 -0.892600
vn 0.262700 0.161400 -0.951300
vn 0.812700 0.064400 -0.579100
vn 0.972300 -0.112400 0.204900
vn 0.985100 -0.051500 -0.164000
vn 0.823400 -0.159300 0.544600
vn 0.448800 -0.188600 0.873500
vn -0.221600 -0.155200 0.962700
vn -0.790100 -0.052600 0.610800
vn -0.986000 0.039300 0.161800
vn -0.973300 0.101100 -0.206300
vn -0.825100 0.147000 -0.545600
vn -0.452700 0.173700 -0.874600
vn 0.216300 0.138600 -0.966500
vn 0.787900 0.037800 -0.614700
vn 0.966000 -0.049800 0.253900
vn 0.993200 0.027000 -0.113600
vn 0.801600 -0.122500 0.585100
vn 0.407500 -0.191900 0.892800
vn -0.268000 -0.207400 0.940800
vn -0.813700 -0.133000 0.565800
vn -0.992400 -0.042000 0.115300
vn -0.968200 0.029900 -0.248200
vn -0.811100 0.094800 -0.577100
vn -0.433800 0.158900 -0.886900
vn 0.238400 0.181300 -0.954100
vn 0.809400 0.116400 -0.575600
vn 0.935200 0.067900 0.347400
vn 0.984200 0.176700 -0.009800
vn 0.753600 -0.054100 0.655200
vn 0.346700 -0.203900 0.915600
vn -0.319200 -0.319300 0.892300
vn -0.831400 -0.294500 0.471200
vn -0.980600 -0.195500 0.013000
vn -0.935600 -0.093100 -0.340700
vn -0.762000 0.018300 -0.647300
vn -0.374100 0.159200 -0.913600
vn 0.291200 0.284100 -0.913500
vn 0.831800 0.274300 -0.482600
vn 0.876300 0.179100 0.447300
vn 0.937700 0.330300 0.108100
vn 0.691300 -0.001700 0.722600
vn 0.294700 -0.240500 0.924800
vn -0.336200 -0.457600 0.823100
vn -0.806300 -0.472100 0.356400
vn -0.930100 -0.352100 -0.104500
vn -0.872600 -0.208500 -0.441800
vn -0.694400 -0.040600 -0.718400
vn -0.314400 0.186500 -0.930800
vn 0.318900 0.416300 -0.851500
vn 0.813900 0.449800 -0.367700
vn 0.801600 0.253000 0.541700
vn 0.865000 0.447700 0.226700
vn 0.626600 0.018600 0.779100
vn 0.258600 -0.295500 0.919700
vn -0.321000 -0.589900 0.740900
vn -0.748000 -0.621600 0.232600
vn -0.853500 -0.470000 -0.225100
vn -0.792500 -0.282900 -0.540400
vn -0.620600 -0.061000 -0.781800
vn -0.262600 0.241700 -0.934200
vn 0.321000 0.550000 -0.771000
vn 0.762700 0.599500 -0.242600
vn 0.737600 0.273900 0.617100
vn 0.799800 0.503100 0.327400
vn 0.574200 0.002900 0.818700
vn 0.234600 -0.356100 0.904500
vn -0.300100 -0.687600 0.661200
vn -0.693200 -0.710600 0.120100
vn -0.785400 -0.523800 -0.329900
vn -0.723700 -0.300100 -0.621500
vn -0.559200 -0.038400 -0.828200
vn -0.221800 0.312400 -0.923700
vn 0.316500 0.654400 -0.686800
vn 0.712600 0.689600 -0.129100
vn 0.702500 0.247600 0.667200
vn 0.770100 0.498200 0.398500
vn 0.539500 -0.040400 0.841000
vn 0.210000 -0.412100 0.886600
vn -0.304300 -0.741500 0.597900
vn -0.676700 -0.735500 0.034600
vn -0.754300 -0.515900 -0.406000
vn -0.685600 -0.267900 -0.676900
vn -0.518300 0.014600 -0.855000
vn -0.184600 0.381400 -0.905800
vn 0.331800 0.714500 -0.616000
vn 0.697800 0.715000 -0.044100
vn 0.695800 0.186900 0.693500
vn 0.780900 0.445100 0.438300
vn 0.516700 -0.099600 0.850300
vn 0.172500 -0.456600 0.872800
vn -0.349700 -0.752300 0.558300
vn -0.709900 -0.704100 -0.018000
vn -0.765300 -0.459500 -0.450700
vn -0.677500 -0.201500 -0.707400
vn -0.491800 0.082400 -0.866800
vn -0.138400 0.436300 -0.889100
vn 0.382800 0.727900 -0.568900
vn 0.729700 0.683700 0.006400
vn 0.703900 0.102100 0.703000
vn 0.818900 0.353000 0.452600
vn 0.494200 -0.164900 0.853600
vn 0.115000 -0.482700 0.868200
vn -0.434000 -0.718200 0.543800
vn -0.781900 -0.622100 -0.039500
vn -0.804200 -0.364600 -0.469300
vn -0.685100 -0.112600 -0.719700
vn -0.466900 0.153000 -0.871000
vn -0.075500 0.467400 -0.880800
vn 0.467800 0.692900 -0.548700
vn 0.798200 0.601800 0.025300
vn 0.708900 0.003600 0.705300
vn 0.861200 0.231200 0.452700
vn 0.461200 -0.226300 0.857900
vn 0.038700 -0.482900 0.874800
vn -0.540200 -0.637200 0.549700
vn -0.867900 -0.495300 -0.039200
vn -0.848000 -0.241100 -0.472000
vn -0.690400 -0.012300 -0.723400
vn -0.433200 0.216100 -0.875000
vn 0.001900 0.467400 -0.884000
vn 0.569400 0.609900 -0.551200
vn 0.879300 0.475700 0.022900
vn 0.697300 -0.094500 0.710500
vn 0.886700 0.096000 0.452300
vn 0.413700 -0.273700 0.868300
vn -0.047200 -0.453800 0.889800
vn -0.643900 -0.517200 0.563900
vn -0.940100 -0.339300 -0.032300
vn -0.875400 -0.105500 -0.471800
vn -0.680200 0.085500 -0.728000
vn -0.387700 0.262500 -0.883600
vn 0.083400 0.435900 -0.896100
vn 0.665100 0.489300 -0.564100
vn 0.946800 0.321300 0.015100
vn 0.665900 -0.177400 0.724600
vn 0.886500 -0.031500 0.461700
vn 0.354800 -0.300400 0.885400
vn -0.130800 -0.400600 0.906900
vn -0.726800 -0.377700 0.573700
vn -0.983300 -0.178900 -0.032700
vn -0.877200 0.021900 -0.479600
vn -0.651600 0.167600 -0.739800
vn -0.333300 0.287700 -0.897800
vn 0.159100 0.381000 -0.910800
vn 0.739600 0.351800 -0.573800
vn 0.986500 0.163100 0.016300
vn 0.644800 -0.213300 0.734000
vn 0.878100 -0.091100 0.469800
vn 0.322700 -0.308000 0.895000
vn -0.171400 -0.368600 0.913600
vn -0.760300 -0.304800 0.573600
vn -0.994300 -0.100400 -0.036900
vn -0.870300 0.081100 -0.485700
vn -0.632800 0.203100 -0.747200
vn -0.304800 0.294800 -0.905700
vn 0.192800 0.348800 -0.917100
vn 0.767700 0.281300 -0.575700
vn 0.996100 0.085700 0.021500
f 1//1 2//2 3//3
f 4//4 2//2 1//1
f 4//4 5//5 2//2
f 6//6 5//5 4//4
f 6//6 7//7 5//5
f 8//8 7//7 6//6
f 8//8 9//9 7//7
f 10//10 9//9 8//8
f 10//10 11//11 9//9
f 12//12 11//11 10//10
f 13//13 14//14 15//15
f 13//13 16//13 14//14
f 17//16 16//13 13//13
f 17//16 18//17 16//13
f 19//18 18//17 17//16
f 19//18 20//17 18//17
f 21//19 20//17 19//18
f 21//19 22//20 20//17
f 23//20 22//20 21//19
f 23//20 24//15 22//20
f 25//21 26//22 27//23
f 28//24 26//22 25//21
f 28//24 29//25 26//22
f 30//26 29//25 28//24
f 30//26 31//27 29//25
f 32//28 31//27 30//26
f 32//28 33//29 31//27
f 34//30 33//29 32//28
f 34//30 35//31 33//29
f 36//32 35//31 34//30
f 37//33 38//33 39//34
f 37//33 40//35 38//33
f 41//36 40//35 37//33
f 41//36 42//37 40//35
f 43//37 42//37 41//36
f 43//37 44//38 42//37
f 45//39 44//38 43//37
f 45//39 46//40 44//38
f 47//41 46//40 45//39
f 47//41 48//42 46//40
f 49//43 50//44 51//45
f 49//43 52//46 50//44
f 53//47 52//46 49//43
f 53//47 54//47 52//46
f 55//48 54//47 53//47
f 55//48 56//49 54//47
f 57//50 56//49 55//48
f 57//50 58//43 56//49
f 59//51 58//43 57//50
f 59//51 60//52 58//43
f 61//53 62//54 63//55
f 61//53 64//56 62//54
f 65//57 64//56 61//53
f 65//57 66//58 64//56
f 67//59 66//58 65//57
f 67//59 68//60 66//58
f 69//61 68//60 67//59
f 69//61 70//62 68//60
f 71//63 70//62 69//61
f 71//63 72//64 70//62
f 73//65 74//66 75//67 76//68
f 77//69 78//70 74//66 73//65
f 79//71 80//72 78//70 77//69
f 81//73 82//74 80//72 79//71
f 83//75 84//76 82//74 81//73
f 85//77 86//78 84//76 83//75
f 87//79 88//80 86//78 85//77
f 89//81 90//82 88//80 87//79
f 91//83 92//84 90//82 89//81
f 93//85 94//86 92//84 91//83
f 95//87 96//88 94//86 93//85
f 76//68 75//67 96//88 95//87
f 74//66 97//89 98//90 75//67
f 78//70 99//91 97//89 74//66
f 80//72 100//92 99//91 78//70
f 82//74 101//93 100//92 80//72
f 84//76 102//94 101//93 82//74
f 86//78 103//95 102//94 84//76
f 88//80 104//96 103//95 86//78
f 90//82 105//97 104//96 88//80
f 92//84 106//98 105//97 90//82
f 94//86 107//99 106//98 92//84
f 96//88 108//100 107//99 94//86
f 75//67 98//90 108//100 96//88
f 97//89 109//101 110//102 98//90
f 99//91 111//103 109//101 97//89
f 100//92 112//104 111//103 99//91
f 101//93 113//105 112//104 100//92
f 102//94 114//106 113//105 101//93
f 103//95 115//107 114//106 102//94
f 104//96 116//108 115//107 103//95
f 105//97 117//109 116//108 104//96
f 106//98 118//110 117//109 105//97
f 107//99 119//111 118//110 106//98
f 108//100 120//112 119//111 107//99
f 98//90 110//102 120//112 108//100
f 109//101 121//113 122//114 110//102
f 111//103 123//115 121//113 109//101
f 112//104 124//116 123//115 111//103
f 113//105 125//117 124//116 112//104
f 114//106 126//118 125//117 113//105
f 115//107 127//119 126//118 114//106
f 116//108 128//120 127//119 115//107
f 117//109 129//121 128//120 116//108
f 118//110 130//122 129//121 117//109
f 119//111 131//123 130//122 118//110
f 120//112 132//124 131//123 119//111
f 110//102 122//114 132//124 120//112
f 121//113 133//125 134//126 122//114
f 123//115 135//127 133//125 121//113
f 124//116 136//128 135//127 123//115
f 125//117 137//129 136//128 124//116
f 126//118 138//130 137//129 125//117
f 127//119 139//131 138//130 126//118
f 128//120 140//132 139//131 127//119
f 129//121 141//133 140//132 128//120
f 130//122 142//134 141//133 129//121
f 131//123 143//135 142//134 130//122
f 132//124 144//136 143//135 131//123
f 122//114 134//126 144//136 132//124
f 133//125 145//137 146//138 134//126
f 135//127 147//139 145//137 133//125
f 136//128 148//140 147//139 135//127
f 137//129 149//141 148//140 136//128
f 138//130 150//142 149//141 137//129
f 139//131 151//143 150//142 138//130
f 140//132 152//144 151//143 139//131
f 141//133 153//145 152//144 140//132
f 142//134 154//146 153//145 141//133
f 143//135 155//147 154//146 142//134
f 144//136 156//148 155//147 143//135
f 134//126 146//138 156//148 144//136
f 145//137 157//149 158//150 146//138
f 147//139 159//151 157//149 145//137
f 148//140 160//152 159//151 147//139
f 149//141 161//153 160//152 148//140
f 150//142 162//154 161//153 149//141
f 151//143 163//155 162//154 150//142
f 152//144 164//156 163//155 151//143
f 153//145 165//157 164//156 152//144
f 154//146 166//158 165//157 153//145
f 155//147 167//159 166//158 154//146
f 156//148 168//160 167//159 155//147
f 146//138 158//150 168//160 156//148
f 157//149 169//161 170//162 158//150
f 159//151 171//163 169//161 157//149
f 160//152 172//164 171//163 159//151
f 161//153 173//165 172//164 160//152
f 162//154 174//166 173//165 161//153
f 163//155 175//167 174//166 162//154
f 164//156 176//168 175//167 163//155
f 165//157 177//169 176//168 164//156
f 166//158 178//170 177//169 165//157
f 167//159 179//171 178//170 166//158
f 168//160 180//172 179//171 167//159
f 158//150 170//162 180//172 168//160
f 169//161 181//173 182//174 170//162
f 171//163 183//175 181//173 169//161
f 172//164 184//176 183//175 171//163
f 173//165 185//177 184//176 172//164
f 174//166 186//178 185//177 173//165
f 175//167 187//179 186//178 174//166
f 176//168 188//180 187//179 175//167
f 177//169 189//181 188//180 176//168
f 178//170 190//182 189//181 177//169
f 179//171 191//183 190//182 178//170
f 180//172 192//184 191//183 179//171
f 170//162 182//174 192//184 180//172
f 181//173 193//185 194//186 182//174
f 183//175 195//187 193//185 181//173
f 184//176 196//188 195//187 183//175
f 185//177 197//189 196//188 184//176
f 186//178 198//190 197//189 185//177
f 187//179 199//191 198//190 186//178
f 188//180 200//192 199//191 187//179
f 189//181 201//193 200//192 188//180
f 190//182 202//194 201//193 189//181
f 191//183 203//195 202//194 190//182
f 192//184 204//196 203//195 191//183
f 182//174 194//186 204//196 192//184
f 193//185 205//197 206//198 194//186
f 195//187 207//199 205//197 193//185
f 196//188 208//200 207//199 195//187
f 197//189 209//201 208//200 196//188
f 198//190 210//202 209//201 197//189
f 199//191 211//203 210//202 198//190
f 200//192 212//204 211//203 199//191
f 201//193 213//205 212//204 200//192
f 202//194 214//206 213//205 201//193
f 203//195 215//207 214//206 202//194
f 204//196 216//208 215//207 203//195
f 194//186 206//198 216//208 204//196
f 205//197 217//209 218//210 206//198
f 207//199 219//211 217//209 205//197
f 208//200 220//212 219//211 207//199
f 209//201 221//213 220//212 208//200
f 210//202 222//214 221//213 209//201
f 211//203 223//215 222//214 210//202
f 212//204 224//216 223//215 211//203
f 213//205 225//217 224//216 212//204
f 214//206 226//218 225//217 213//205
f 215//207 227//219 226//218 214//206
f 216//208 228//220 227//219 215//207
f 206//198 218//210 228//220 216//208
f 217//209 229//221 230//222 218//210
f 219//211 231//223 229//221 217//209
f 220//212 232//224 231//223 219//211
f 221//213 233//225 232//224 220//212
f 222//214 234//226 233//225 221//213
f 223//215 235//227 234//226 222//214
f 224//216 236//228 235//227 223//215
f 225//217 237//229 236//228 224//216
f 226//218 238//230 237//229 225//217
f 227//219 239//231 238//230 226//218
f 228//220 240//232 239//231 227//219
f 218//210 230//222 240//232 228//220
f 229//221 241//233 242//234 230//222
f 231//223 243//235 241//233 229//221
f 232//224 244//236 243//235 231//223
f 233//225 245//237 244//236 232//224
f 234//226 246//238 245//237 233//225
f 235//227 247//239 246//238 234//226
f 236//228 248//240 247//239 235//227
f 237//229 249//241 248//240 236//228
f 238//230 250//242 249//241 237//229
f 239//231 251//243 250//242 238//230
f 240//232 252//244 251//243 239//231
f 230//222 242//234 252//244 240//232
f 241//233 253//245 254//246 242//234
f 243//235 255//247 253//245 241//233
f 244//236 256//248 255//247 243//235
f 245//237 257//249 256//248 244//236
f 246//238 258//250 257//249 245//237
f 247//239 259//251 258//250 246//238
f 248//240 260//252 259//251 247//239
f 249//241 261//253 260//252 248//240
f 250//242 262//254 261//253 249//241
f 251//243 263//255 262//254 250//242
f 252//244 264//256 263//255 251//243
f 242//234 254//246 264//256 252//244
f 253//245 265//257 266//258 254//246
f 255//247 267//259 265//257 253//245
f 256//248 268//260 267//259 255//247
f 257//249 269//261 268//260 256//248
f 258//250 270//262 269//261 257//249
f 259//251 271//263 270//262 258//250
f 260//252 272//264 271//263 259//251
f 261//253 273//265 272//264 260//252
f 262//254 274//266 273//265 261//253
f 263//255 275//267 274//266 262//254
f 264//256 276//268 275//267 263//255
f 254//246 266//258 276//268 264//256
f 265//257 277//269 278//270 266//258
f 267//259 279//271 277//269 265//257
f 268//260 280//272 279//271 267//259
f 269//261 281//273 280//272 268//260
f 270//262 282//274 281//273 269//261
f 271//263 283//275 282//274 270//262
f 272//264 284//276 283//275 271//263
f 273//265 285//277 284//276 272//264
f 274//266 286//278 285//277 273//265
f 275//267 287//279 286//278 274//266
f 276//268 288//280 287//279 275//267
f 266//258 278//270 288//280 276//268
f 277//269 289//281 290//282 278//270
f 279//271 291//283 289//281 277//269
f 280//272 292//284 291//283 279//271
f 281//273 293//285 292//284 280//272
f 282//274 294//286 293//285 281//273
f 283//275 295//287 294//286 282//274
f 284//276 296//288 295//287 283//275
f 285//277 297//289 296//288 284//276
f 286//278 298//290 297//289 285//277
f 287//279 299//291 298//290 286//278
f 288//280 300//292 299//291 287//279
f 278//270 290//282 300//292 288//280
f 289//281 301//293 302//294 290//282
f 291//283 303//295 301//293 289//281
f 292//284 304//296 303//295 291//283
f 293//285 305//297 304//296 292//284
f 294//286 306//298 305//297 293//285
f 295//287 307//299 306//298 294//286
f 296//288 308//300 307//299 295//287
f 297//289 309//301 308//300 296//288
f 298//290 310//302 309//301 297//289
f 299//291 311//303 310//302 298//290
f 300//292 312//304 311//303 299//291
f 290//282 302//294 312//304 300//292
f 301//293 313//305 314//306 302//294
f 303//295 315//307 313//305 301//293
f 304//296 316//308 315//307 303//295
f 305//297 317//309 316//308 304//296
f 306//298 318//310 317//309 305//297
f 307//299 319//311 318//310 306//298
f 308//300 320//312 319//311 307//299
f 309//301 321//313 320//312 308//300
f 310//302 322//314 321//313 309//301
f 311//303 323//315 322//314 310//302
f 312//304 324//316 323//315 311//303
f 302//294 314//306 324//316 312//304
f 313//305 325//317 326//318 314//306
f 315//307 327//319 325//317 313//305
f 316//308 328//320 327//319 315//307
f 317//309 329//321 328//320 316//308
f 318//310 330//322 329//321 317//309
f 319//311 331//323 330//322 318//310
f 320//312 332//324 331//323 319//311
f 321//313 333//325 332//324 320//312
f 322//314 334//326 333//325 321//313
f 323//315 335//327 334//326 322//314
f 324//316 336//328 335//327 323//315
f 314//306 326//318 336//328 324//316
f 325//317 337//329 338//330 326//318
f 327//319 339//331 337//329 325//317
f 328//320 340//332 339//331 327//319
f 329//321 341//333 340//332 328//320
f 330//322 342//334 341//333 329//321
f 331//323 343//335 342//334 330//322
f 332//324 344//336 343//335 331//323
f 333//325 345//337 344//336 332//324
f 334//326 346//338 345//337 333//325
f 335//327 347//339 346//338 334//326
f 336//328 348//340 347//339 335//327
f 326//318 338//330 348//340 336//328
f 337//329 349//341 350//342 338//330
f 339//331 351//343 349//341 337//329
f 340//332 352//344 351//343 339//331
f 341//333 353//345 352//344 340//332
f 342//334 354//346 353//345 341//333
f 343//335 355//347 354//346 342//334
f 344//336 356//348 355//347 343//335
f 345//337 357//349 356//348 344//336
f 346//338 358//350 357//349 345//337
f 347//339 359//351 358//350 346//338
f 348//340 360//352 359//351 347//339
f 338//330 350//342 360//352 348//340
f 349//341 361//353 362//354 350//342
f 351//343 363//355 361//353 349//341
f 352//344 364//356 363//355 351//343
f 353//345 365//357 364//356 352//344
f 354//346 366//358 365//357 353//345
f 355//347 367//359 366//358 354//346
f 356//348 368//360 367//359 355//347
f 357//349 369//361 368//360 356//348
f 358//350 370//362 369//361 357//349
f 359//351 371//363 370//362 358//350
f 360//352 372//364 371//363 359//351
f 350//342 362//354 372//364 360//352
f 361//353 373//365 374//366 362//354
f 363//355 375//367 373//365 361//353
f 364//356 376//368 375//367 363//355
f 365//357 377//369 376//368 364//356
f 366//358 378//370 377//369 365//357
f 367//359 379//371 378//370 366//358
f 368//360 380//372 379//371 367//359
f 369//361 381//373 380//372 368//360
f 370//362 382//374 381//373 369//361
f 371//363 383//375 382//374 370//362
f 372//364 384//376 383//375 371//363
f 362//354 374//366 384//376 372//364
f 373//365 385//377 386//378 374//366
f 375//367 387//379 385//377 373//365
f 376//368 388//380 387//379 375//367
f 377//369 389//381 388//380 376//368
f 378//370 390//382 389//381 377//369
f 379//371 391//383 390//382 378//370
f 380//372 392//384 391//383 379//371
f 381//373 393//385 392//384 380//372
f 382//374 394//386 393//385 381//373
f 383//375 395//387 394//386 382//374
f 384//376 396//388 395//387 383//375
f 374//366 386//378 396//388 384//376
f 385//377 397//389 398//390 386//378
f 387//379 399//391 397//389 385//377
f 388//380 400//392 399//391 387//379
f 389//381 401//393 400//392 388//380
f 390//382 402//394 401//393 389//381
f 391//383 403//395 402//394 390//382
f 392//384 404//396 403//395 391//383
f 393//385 405//397 404//396 392//384
f 394//386 406//398 405//397 393//385
f 395//387 407//399 406//398 394//386
f 396//388 408//400 407//399 395//387
f 386//378 398//390 408//400 396//388
f 397//389 409//401 410//402 398//390
f 399//391 411//403 409//401 397//389
f 400//392 412//404 411//403 399//391
f 401//393 413//405 412//404 400//392
f 402//394 414//406 413//405 401//393
f 403//395 415//407 414//406 402//394
f 404//396 416//408 415//407 403//395
f 405//397 417//409 416//408 404//396
f 406//398 418//410 417//409 405//397
f 407//399 419//411 418//410 406//398
f 408//400 420//412 419//411 407//399
f 398//390 410//402 420//412 408//400
f 409//401 421//413 422//414 410//402
f 411//403 423//415 421//413 409//401
f 412//404 424//416 423//415 411//403
f 413//405 425//417 424//416 412//404
f 414//406 426//418 425//417 413//405
f 415//407 427//419 426//418 414//406
f 416//408 428//420 427//419 415//407
f 417//409 429//421 428//420 416//408
f 418//410 430//422 429//421 417//409
f 419//411 431//423 430//422 418//410
f 420//412 432//424 431//423 419//411
f 410//402 422//414 432//424 420//412
f 421//413 433//425 434//426 422//414
f 423//415 435//427 433//425 421//413
f 424//416 436//428 435//427 423//415
f 425//417 437//429 436//428 424//416
f 426//418 438//430 437//429 425//417
f 427//419 439//431 438//430 426//418
f 428//420 440//432 439//431 427//419
f 429//421 441//433 440//432 428//420
f 430//422 442//434 441//433 429//421
f 431//423 443//435 442//434 430//422
f 432//424 444//436 443//435 431//423
f 422//414 434//426 444//436 432//424
f 433//425 445//437 446//438 434//426
f 435//427 447//439 445//437 433//425
f 436//428 448//440 447//439 435//427
f 437//429 449//441 448//440 436//428
f 438//430 450//442 449//441 437//429
f 439//431 451//443 450//442 438//430
f 440//432 452//444 451//443 439//431
f 441//433 453//445 452//444 440//432
f 442//434 454//446 453//445 441//433
f 443//435 455//447 454//446 442//434
f 444//436 456//448 455//447 443//435
f 434//426 446//438 456//448 444//436
f 445//437 457//449 458//450 446//438
f 447//439 459//451 457//449 445//437
f 448//440 460//452 459//451 447//439
f 449//441 461//453 460//452 448//440
f 450//442 462//454 461//453 449//441
f 451//443 463//455 462//454 450//442
f 452//444 464//456 463//455 451//443
f 453//445 465//457 464//456 452//444
f 454//446 466//458 465//457 453//445
f 455//447 467//459 466//458 454//446
f 456//448 468//460 467//459 455//447
f 446//438 458//450 468//460 456//448
f 457//449 469//461 470//462 458//450
f 459//451 471//463 469//461 457//449
f 460//452 472//464 471//463 459//451
f 461//453 473//465 472//464 460//452
f 462//454 474//466 473//465 461//453
f 463//455 475//467 474//466 462//454
f 464//456 476//468 475//467 463//455
f 465//457 477//469 476//468 464//456
f 466//458 478//470 477//469 465//457
f 467//459 479//471 478//470 466//458
f 468//460 480//472 479//471 467//459
f 458//450 470//462 480//472 468//460
f 469//461 481//473 482//474 470//462
f 471//463 483//475 481//473 469//461
f 472//464 484//476 483//475 471//463
f 473//465 485//477 484//476 472//464
f 474//466 486//478 485//477 473//465
f 475//467 487//479 486//478 474//466
f 476//468 488//480 487//479 475//467
f 477//469 489//481 488//480 476//468
f 478//470 490//482 489//481 477//469
f 479//471 491//483 490//482 478//470
f 480//472 492//484 491//483 479//471
f 470//462 482//474 492//484 480//472
f 481//473 493//485 494//486 482//474
f 483//475 495//487 493//485 481//473
f 484//476 496//488 495//487 483//475
f 485//477 497//489 496//488 484//476
f 486//478 498//490 497//489 485//477
f 487//479 499//491 498//490 486//478
f 488//480 500//492 499//491 487//479
f 489//481 501//493 500//492 488//480
f 490//482 502//494 501//493 489//481
f 491//483 503//495 502//494 490//482
f 492//484 504//496 503//495 491//483
f 482//474 494//486 504//496 492//484
f 493//485 505//497 506//498 494//486
f 495//487 507//499 505//497 493//485
f 496//488 508//500 507//499 495//487
f 497//489 509//501 508//500 496//488
f 498//490 510//502 509//501 497//489
f 499//491 511//503 510//502 498//490
f 500//492 512//504 511//503 499//491
f 501//493 513//505 512//504 500//492
f 502//494 514//506 513//505 501//493
f 503//495 515//507 514//506 502//494
f 504//496 516//508 515//507 503//495
f 494//486 506//498 516//508 504//496
f 505//497 517//509 518//510 506//498
f 507//499 519//511 517//509 505//497
f 508//500 520//512 519//511 507//499
f 509//501 521//513 520//512 508//500
f 510//502 522//514 521//513 509//501
f 511//503 523//515 522//514 510//502
f 512//504 524//516 523//515 511//503
f 513//505 525//517 524//516 512//504
f 514//506 526//518 525//517 513//505
f 515//507 527//519 526//518 514//506
f 516//508 528//520 527//519 515//507
f 506//498 518//510 528//520 516//508
f 517//509 529//521 530//522 518//510
f 519//511 531//523 529//521 517//509
f 520//512 532//524 531//523 519//511
f 521//513 533//525 532//524 520//512
f 522//514 534//526 533//525 521//513
f 523//515 535//527 534//526 522//514
f 524//516 536//528 535//527 523//515
f 525//517 537//529 536//528 524//516
f 526//518 538//530 537//529 525//517
f 527//519 539//531 538//530 526//518
f 528//520 540//532 539//531 527//519
f 518//510 530//522 540//532 528//520
f 529//521 541//533 542//534 530//522
f 531//523 543//535 541//533 529//521
f 532//524 544//536 543//535 531//523
f 533//525 545//537 544//536 532//524
f 534//526 546//538 545//537 533//525
f 535//527 547//539 546//538 534//526
f 536//528 548//540 547//539 535//527
f 537//529 549//541 548//540 536//528
f 538//530 550//542 549//541 537//529
f 539//531 551//543 550//542 538//530
f 540//532 552//544 551//543 539//531
f 530//522 542//534 552//544 540//532
f 541//533 553//545 554//546 542//534
f 543//535 555//547 553//545 541//533
f 544//536 556//548 555//547 543//535
f 545//537 557//549 556//548 544//536
f 546//538 558//550 557//549 545//537
f 547//539 559//551 558//550 546//538
f 548//540 560//552 559//551 547//539
f 549//541 561//553 560//552 548//540
f 550//542 562//554 561//553 549//541
f 551//543 563//555 562//554 550//542
f 552//544 564//556 563//555 551//543
f 542//534 554//546 564//556 552//544
f 553//545 565//557 566//558 554//546
f 555//547 567//559 565//557 553//545
f 556//548 568//560 567//559 555//547
f 557//549 569//561 568//560 556//548
f 558//550 570//562 569//561 557//549
f 559//551 571//563 570//562 558//550
f 560//552 572//564 571//563 559//551
f 561//553 573//565 572//564 560//552
f 562//554 574//566 573//565 561//553
f 563//555 575//567 574//566 562//554
f 564//556 576//568 575//567 563//555
f 554//546 566//558 576//568 564//556
f 565//557 577//569 578//570 566//558
f 567//559 579//571 577//569 565//557
f 568//560 580//572 579//571 567//559
f 569//561 581//573 580//572 568//560
f 570//562 582//574 581//573 569//561
f 571//563 583//575 582//574 570//562
f 572//564 584//576 583//575 571//563
f 573//565 585//577 584//576 572//564
f 574//566 586//578 585//577 573//565
f 575//567 587//579 586//578 574//566
f 576//568 588//580 587//579 575//567
f 566//558 578//570 588//580 576//568
f 577//569 589//581 590//582 578//570
f 579//571 591//583 589//581 577//569
f 580//572 592//584 591//583 579//571
f 581//573 593//585 592//584 580//572
f 582//574 594//586 593//585 581//573
f 583//575 595//587 594//586 582//574
f 584//576 596//588 595//587 583//575
f 585//577 597//589 596//588 584//576
f 586//578 598//590 597//589 585//577
f 587//579 599//591 598//590 586//578
f 588//580 600//592 599//591 587//579
f 578//570 590//582 600//592 588//580
f 589//581 601//593 602//594 590//582
f 591//583 603//595 601//593 589//581
f 592//584 604//596 603//595 591//583
f 593//585 605//597 604//596 592//584
f 594//586 606//598 605//597 593//585
f 595//587 607//599 606//598 594//586
f 596//588 608//600 607//599 595//587
f 597//589 609//601 608//600 596//588
f 598//590 610//602 609//601 597//589
f 599//591 611//603 610//602 598//590
f 600//592 612//604 611//603 599//591
f 590//582 602//594 612//604 600//592
f 601//593 613//605 614//606 602//594
f 603//595 615//607 613//605 601//593
f 604//596 616//608 615//607 603//595
f 605//597 617//609 616//608 604//596
f 606//598 618//610 617//609 605//597
f 607//599 619//611 618//610 606//598
f 608//600 620//612 619//611 607//599
f 609//601 621//613 620//612 608//600
f 610//602 622//614 621//613 609//601
f 611//603 623//615 622//614 610//602
f 612//604 624//616 623//615 611//603
f 602//594 614//606 624//616 612//604
f 613//605 625//617 626//618 614//606
f 615//607 627//619 625//617 613//605
f 616//608 628//620 627//619 615//607
f 617//609 629//621 628//620 616//608
f 618//610 630//622 629//621 617//609
f 619//611 631//623 630//622 618//610
f 620//612 632//624 631//623 619//611
f 621//613 633//625 632//624 620//612
f 622//614 634//626 633//625 621//613
f 623//615 635//627 634//626 622//614
f 624//616 636//628 635//627 623//615
f 614//606 626//618 636//628 624//616
f 625//617 637//629 638//630 626//618
f 627//619 639//631 637//629 625//617
f 628//620 640//632 639//631 627//619
f 629//621 641//633 640//632 628//620
f 630//622 642//634 641//633 629//621
f 631//623 643//635 642//634 630//622
f 632//624 644//636 643//635 631//623
f 633//625 645//637 644//636 632//624
f 634//626 646//638 645//637 633//625
f 635//627 647//639 646//638 634//626
f 636//628 648//640 647//639 635//627
f 626//618 638//630 648//640 636//628
f 637//629 649//641 650//642 638//630
f 639//631 651//643 649//641 637//629
f 640//632 652//644 651//643 639//631
f 641//633 653//645 652//644 640//632
f 642//634 654//646 653//645 641//633
f 643//635 655//647 654//646 642//634
f 644//636 656//648 655//647 643//635
f 645//637 657//649 656//648 644//636
f 646//638 658//650 657//649 645//637
f 647//639 659//651 658//650 646//638
f 648//640 660//652 659//651 647//639
f 638//630 650//642 660//652 648//640
f 661//653 662//654 663//655 664//656
f 665//657 666//658 662//654 661//653
f 667//659 668//660 666//658 665//657
f 669//661 670//662 668//660 667//659
f 671//663 672//664 670//662 669//661
f 673//665 674//666 672//664 671//663
f 675//667 676//668 674//666 673//665
f 677//669 678//670 676//668 675//667
f 679//671 680//672 678//670 677//669
f 681//673 682//674 680//672 679//671
f 683//675 684//676 682//674 681//673
f 664//656 663//655 684//676 683//675
f 662//654 685//677 686//678 663//655
f 666//658 687//679 685//677 662//654
f 668//660 688//680 687//679 666//658
f 670//662 689//681 688//680 668//660
f 672//664 690//682 689//681 670//662
f 674//666 691//683 690//682 672//664
f 676//668 692//684 691//683 674//666
f 678//670 693//685 692//684 676//668
f 680//672 694//686 693//685 678//670
f 682//674 695//687 694//686 680//672
f 684//676 696//688 695//687 682//674
f 663//655 686//678 696//688 684//676
f 685//677 697//689 698//690 686//678
f 687//679 699//691 697//689 685//677
f 688//680 700//692 699//691 687//679
f 689//681 701//693 700//692 688//680
f 690//682 702//694 701//693 689//681
f 691//683 703//695 702//694 690//682
f 692//684 704//696 703//695 691//683
f 693//685 705//697 704//696 692//684
f 694//686 706//698 705//697 693//685
f 695//687 707//699 706//698 694//686
f 696//688 708//700 707//699 695//687
f 686//678 698//690 708//700 696//688
f 697//689 709//701 710//702 698//690
f 699//691 711//703 709//701 697//689
f 700//692 712//704 711//703 699//691
f 701//693 713//705 712//704 700//692
f 702//694 714//706 713//705 701//693
f 703//695 715//707 714//706 702//694
f 704//696 716//708 715//707 703//695
f 705//697 717//709 716//708 704//696
f 706//698 718//710 717//709 705//697
f 707//699 719//711 718//710 706//698
f 708//700 720//712 719//711 707//699
f 698//690 710//702 720//712 708//700
f 709//701 721//713 722//714 710//702
f 711//703 723//715 721//713 709//701
f 712//704 724//716 723//715 711//703
f 713//705 725//717 724//716 712//704
f 714//706 726//718 725//717 713//705
f 715//707 727//719 726//718 714//706
f 716//708 728//720 727//719 715//707
f 717//709 729//721 728//720 716//708
f 718//710 730//722 729//721 717//709
f 719//711 731//723 730//722 718//710
f 720//712 732//724 731//723 719//711
f 710//702 722//714 732//724 720//712
f 721//713 733//725 734//726 722//714
f 723//715 735//727 733//725 721//713
f 724//716 736//728 735//727 723//715
f 725//717 737//729 736//728 724//716
f 726//718 738//730 737//729 725//717
f 727//719 739//731 738//730 726//718
f 728//720 740//732 739//731 727//719
f 729//721 741//733 740//732 728//720
f 730//722 742//734 741//733 729//721
f 731//723 743//735 742//734 730//722
f 732//724 744//736 743//735 731//723
f 722//714 734//726 744//736 732//724
f 733//725 745//737 746//738 734//726
f 735//727 747//739 745//737 733//725
f 736//728 748//740 747//739 735//727
f 737//729 749//741 748//740 736//728
f 738//730 750//742 749//741 737//729
f 739//731 751//743 750//742 738//730
f 740//732 752//744 751//743 739//731
f 741//733 753//745 752//744 740//732
f 742//734 754//746 753//745 741//733
f 743//735 755//747 754//746 742//734
f 744//736 756//748 755//747 743//735
f 734//726 746//738 756//748 744//736
f 745//737 757//749 758//750 746//738
f 747//739 759//751 757//749 745//737
f 748//740 760//752 759//751 747//739
f 749//741 761//753 760//752 748//740
f 750//742 762//754 761//753 749//741
f 751//743 763//755 762//754 750//742
f 752//744 764//756 763//755 751//743
f 753//745 765//757 764//756 752//744
f 754//746 766//758 765//757 753//745
f 755//747 767//759 766//758 754//746
f 756//748 768//760 767//759 755//747
f 746//738 758//750 768//760 756//748
f 757//749 769//761 770//762 758//750
f 759//751 771//763 769//761 757//749
f 760//752 772//764 771//763 759//751
f 761//753 773//765 772//764 760//752
f 762//754 774//766 773//765 761//753
f 763//755 775//767 774//766 762//754
f 764//756 776//768 775//767 763//755
f 765//757 777//769 776//768 764//756
f 766//758 778//770 777//769 765//757
f 767//759 779//771 778//770 766//758
f 768//760 780//772 779//771 767//759
f 758//750 770//762 780//772 768//760
f 769//761 781//773 782//774 770//762
f 771//763 783//775 781//773 769//761
f 772//764 784//776 783//775 771//763
f 773//765 785//777 784//776 772//764
f 774//766 786//778 785//777 773//765
f 775//767 787//779 786//778 774//766
f 776//768 788//780 787//779 775//767
f 777//769 789//781 788//780 776//768
f 778//770 790//782 789//781 777//769
f 779//771 791//783 790//782 778//770
f 780//772 792//784 791//783 779//771
f 770//762 782//774 792//784 780//772
f 781//773 793//785 794//786 782//774
f 783//775 795//787 793//785 781//773
f 784//776 796//788 795//787 783//775
f 785//777 797//789 796//788 784//776
f 786//778 798//790 797//789 785//777
f 787//779 799//791 798//790 786//778
f 788//780 800//792 799//791 787//779
f 789//781 801//793 800//792 788//780
f 790//782 802//794 801//793 789//781
f 791//783 803//795 802//794 790//782
f 792//784 804//796 803//795 791//783
f 782//774 794//786 804//796 792//784
f 793//785 805//797 806//798 794//786
f 795//787 807//799 805//797 793//785
f 796//788 808//800 807//799 795//787
f 797//789 809//801 808//800 796//788
f 798//790 810//802 809//801 797//789
f 799//791 811//803 810//802 798//790
f 800//792 812//804 811//803 799//791
f 801//793 813//805 812//804 800//792
f 802//794 814//806 813//805 801//793
f 803//795 815//807 814//806 802//794
f 804//796 816//808 815//807 803//795
f 794//786 806//798 816//808 804//796
f 805//797 817//809 818//810 806//798
f 807//799 819//811 817//809 805//797
f 808//800 820//812 819//811 807//799
f 809//801 821//813 820//812 808//800
f 810//802 822//814 821//813 809//801
f 811//803 823//815 822//814 810//802
f 812//804 824//816 823//815 811//803
f 813//805 825//817 824//816 812//804
f 814//806 826//818 825//817 813//805
f 815//807 827//819 826//818 814//806
f 816//808 828//820 827//819 815//807
f 806//798 818//810 828//820 816//808
f 817//809 829//821 830//822 818//810
f 819//811 831//823 829//821 817//809
f 820//812 832//824 831//823 819//811
f 821//813 833//825 832//824 820//812
f 822//814 834//826 833//825 821//813
f 823//815 835//827 834//826 822//814
f 824//816 836//828 835//827 823//815
f 825//817 837//829 836//828 824//816
f 826//818 838//830 837//829 825//817
f 827//819 839//831 838//830 826//818
f 828//820 840//832 839//831 827//819
f 818//810 830//822 840//832 828//820
f 829//821 841//833 842//834 830//822
f 831//823 843//835 841//833 829//821
f 832//824 844//836 843//835 831//823
f 833//825 845//837 844//836 832//824
f 834//826 846//838 845//837 833//825
f 835//827 847//839 846//838 834//826
f 836//828 848//840 847//839 835//827
f 837//829 849//841 848//840 836//828
f 838//830 850//842 849//841 837//829
f 839//831 851//843 850//842 838//830
f 840//832 852//844 851//843 839//831
f 830//822 842//834 852//844 840//832
f 841//833 853//845 854//846 842//834
f 843//835 855//847 853//845 841//833
f 844//836 856//848 855//847 843//835
f 845//837 857//849 856//848 844//836
f 846//838 858//850 857//849 845//837
f 847//839 859//851 858//850 846//838
f 848//840 860//852 859//851 847//839
f 849//841 861//853 860//852 848//840
f 850//842 862//854 861//853 849//841
f 851//843 863//855 862//854 850//842
f 852//844 864//856 863//855 851//843
f 842//834 854//846 864//856 852//844
f 853//845 865//857 866//858 854//846
f 855//847 867//859 865//857 853//845
f 856//848 868//860 867//859 855//847
f 857//849 869//861 868//860 856//848
f 858//850 870//862 869//861 857//849
f 859//851 871//863 870//862 858//850
f 860//852 872//864 871//863 859//851
f 861//853 873//865 872//864 860//852
f 862//854 874//866 873//865 861//853
f 863//855 875//867 874//866 862//854
f 864//856 876//868 875//867 863//855
f 854//846 866//858 876//868 864//856
f 865//857 877//869 878//870 866//858
f 867//859 879//871 877//869 865//857
f 868//860 880//872 879//871 867//859
f 869//861 881//873 880//872 868//860
f 870//862 882//874 881//873 869//861
f 871//863 883//875 882//874 870//862
f 872//864 884//876 883//875 871//863
f 873//865 885//877 884//876 872//864
f 874//866 886//878 885//877 873//865
f 875//867 887//879 886//878 874//866
f 876//868 888//880 887//879 875//867
f 866//858 878//870 888//880 876//868
f 877//869 889//881 890//882 878//870
f 879//871 891//883 889//881 877//869
f 880//872 892//884 891//883 879//871
f 881//873 893//885 892//884 880//872
f 882//874 894//886 893//885 881//873
f 883//875 895//887 894//886 882//874
f 884//876 896//888 895//887 883//875
f 885//877 897//889 896//888 884//876
f 886//878 898//890 897//889 885//877
f 887//879 899//891 898//890 886//878
f 888//880 900//892 899//891 887//879
f 878//870 890//882 900//892 888//880
f 889//881 901//893 902//894 890//882
f 891//883 903//895 901//893 889//881
f 892//884 904//896 903//895 891//883
f 893//885 905//897 904//896 892//884
f 894//886 906//898 905//897 893//885
f 895//887 907//899 906//898 894//886
f 896//888 908//900 907//899 895//887
f 897//889 909//901 908//900 896//888
f 898//890 910//902 909//901 897//889
f 899//891 911//903 910//902 898//890
f 900//892 912//904 911//903 899//891
f 890//882 902//894 912//904 900//892
f 901//893 913//905 914//906 902//894
f 903//895 915//907 913//905 901//893
f 904//896 916//908 915//907 903//895
f 905//897 917//909 916//908 904//896
f 906//898 918//910 917//909 905//897
f 907//899 919//911 918//910 906//898
f 908//900 920//912 919//911 907//899
f 909//901 921//913 920//912 908//900
f 910//902 922//914 921//913 909//901
f 911//903 923//915 922//914 910//902
f 912//904 924//916 923//915 911//903
f 902//894 914//906 924//916 912//904
f 913//905 925//917 926//918 914//906
f 915//907 927//919 925//917 913//905
f 916//908 928//920 927//919 915//907
f 917//909 929//921 928//920 916//908
f 918//910 930//922 929//921 917//909
f 919//911 931//923 930//922 918//910
f 920//912 932//924 931//923 919//911
f 921//913 933//925 932//924 920//912
f 922//914 934//926 933//925 921//913
f 923//915 935//927 934//926 922//914
f 924//916 936//928 935//927 923//915
f 914//906 926//918 936//928 924//916
f 925//917 937//929 938//930 926//918
f 927//919 939//931 937//929 925//917
f 928//920 940//932 939//931 927//919
f 929//921 941//933 940//932 928//920
f 930//922 942//934 941//933 929//921
f 931//923 943//935 942//934 930//922
f 932//924 944//936 943//935 931//923
f 933//925 945//937 944//936 932//924
f 934//926 946//938 945//937 933//925
f 935//927 947//939 946//938 934//926
f 936//928 948//940 947//939 935//927
f 926//918 938//930 948//940 936//928
f 937//929 949//941 950//942 938//930
f 939//931 951//943 949//941 937//929
f 940//932 952//944 951//943 939//931
f 941//933 953//945 952//944 940//932
f 942//934 954//946 953//945 941//933
f 943//935 955//947 954//946 942//934
f 944//936 956//948 955//947 943//935
f 945//937 957//949 956//948 944//936
f 946//938 958//950 957//949 945//937
f 947//939 959//951 958//950 946//938
f 948//940 960//952 959//951 947//939
f 938//930 950//942 960//952 948//940
f 949//941 961//953 962//954 950//942
f 951//943 963//955 961//953 949//941
f 952//944 964//956 963//955 951//943
f 953//945 965//957 964//956 952//944
f 954//946 966//958 965//957 953//945
f 955//947 967//959 966//958 954//946
f 956//948 968//960 967//959 955//947
f 957//949 969//961 968//960 956//948
f 958//950 970//962 969//961 957//949
f 959//951 971//963 970//962 958//950
f 960//952 972//964 971//963 959//951
f 950//942 962//954 972//964 960//952
f 961//953 973//965 974//966 962//954
f 963//955 975//967 973//965 961//953
f 964//956 976//968 975//967 963//955
f 965//957 977//969 976//968 964//956
f 966//958 978//970 977//969 965//957
f 967//959 979//971 978//970 966//958
f 968//960 980//972 979//971 967//959
f 969//961 981//973 980//972 968//960
f 970//962 982//974 981//973 969//961
f 971//963 983//975 982//974 970//962
f 972//964 984//976 983//975 971//963
f 962//954 974//966 984//976 972//964
f 973//965 985//977 986//978 974//966
f 975//967 987//979 985//977 973//965
f 976//968 988//980 987//979 975//967
f 977//969 989//981 988//980 976//968
f 978//970 990//982 989//981 977//969
f 979//971 991//983 990//982 978//970
f 980//972 992//984 991//983 979//971
f 981//973 993//985 992//984 980//972
f 982//974 994//986 993//985 981//973
f 983//975 995//987 994//986 982//974
f 984//976 996//988 995//987 983//975
f 974//966 986//978 996//988 984//976
f 985//977 997//989 998//990 986//978
f 987//979 999//991 997//989 985//977
f 988//980 1000//992 999//991 987//979
f 989//981 1001//993 1000//992 988//980
f 990//982 1002//994 1001//993 989//981
f 991//983 1003//995 1002//994 990//982
f 992//984 1004//996 1003//995 991//983
f 993//985 1005//997 1004//996 992//984
f 994//986 1006//998 1005//997 993//985
f 995//987 1007//999 1006//998 994//986
f 996//988 1008//1000 1007//999 995//987
f 986//978 998//990 1008//1000 996//988
f 997//989 1009//1001 1010//1002 998//990
f 999//991 1011//1003 1009//1001 997//989
f 1000//992 1012//1004 1011//1003 999//991
f 1001//993 1013//1005 1012//1004 1000//992
f 1002//994 1014//1006 1013//1005 1001//993
f 1003//995 1015//1007 1014//1006 1002//994
f 1004//996 1016//1008 1015//1007 1003//995
f 1005//997 1017//1009 1016//1008 1004//996
f 1006//998 1018//1010 1017//1009 1005//997
f 1007//999 1019//1011 1018//1010 1006//998
f 1008//1000 1020//1012 1019//1011 1007//999
f 998//990 1010//1002 1020//1012 1008//1000
f 1009//1001 1021//1013 1022//1014 1010//1002
f 1011//1003 1023//1015 1021//1013 1009//1001
f 1012//1004 1024//1016 1023//1015 1011//1003
f 1013//1005 1025//1017 1024//1016 1012//1004
f 1014//1006 1026//1018 1025//1017 1013//1005
f 1015//1007 1027//1019 1026//1018 1014//1006
f 1016//1008 1028//1020 1027//1019 1015//1007
f 1017//1009 1029//1021 1028//1020 1016//1008
f 1018//1010 1030//1022 1029//1021 1017//1009
f 1019//1011 1031//1023 1030//1022 1018//1010
f 1020//1012 1032//1024 1031//1023 1019//1011
f 1010//1002 1022//1014 1032//1024 1020//1012
f 1021//1013 1033//1025 1034//1026 1022//1014
f 1023//1015 1035//1027 1033//1025 1021//1013
f 1024//1016 1036//1028 1035//1027 1023//1015
f 1025//1017 1037//1029 1036//1028 1024//1016
f 1026//1018 1038//1030 1037//1029 1025//1017
f 1027//1019 1039//1031 1038//1030 1026//1018
f 1028//1020 1040//1032 1039//1031 1027//1019
f 1029//1021 1041//1033 1040//1032 1028//1020
f 1030//1022 1042//1034 1041//1033 1029//1021
f 1031//1023 1043//1035 1042//1034 1030//1022
f 1032//1024 1044//1036 1043//1035 1031//1023
f 1022//1014 1034//1026 1044//1036 1032//1024
f 1033//1025 1045//1037 1046//1038 1034//1026
f 1035//1027 1047//1039 1045//1037 1033//1025
f 1036//1028 1048//1040 1047//1039 1035//1027
f 1037//1029 1049//1041 1048//1040 1036//1028
f 1038//1030 1050//1042 1049//1041 1037//1029
f 1039//1031 1051//1043 1050//1042 1038//1030
f 1040//1032 1052//1044 1051//1043 1039//1031
f 1041//1033 1053//1045 1052//1044 1040//1032
f 1042//1034 1054//1046 1053//1045 1041//1033
f 1043//1035 1055//1047 1054//1046 1042//1034
f 1044//1036 1056//1048 1055//1047 1043//1035
f 1034//1026 1046//1038 1056//1048 1044//1036
f 1045//1037 1057//1049 1058//1050 1046//1038
f 1047//1039 1059//1051 1057//1049 1045//1037
f 1048//1040 1060//1052 1059//1051 1047//1039
f 1049//1041 1061//1053 1060//1052 1048//1040
f 1050//1042 1062//1054 1061//1053 1049//1041
f 1051//1043 1063//1055 1062//1054 1050//1042
f 1052//1044 1064//1056 1063//1055 1051//1043
f 1053//1045 1065//1057 1064//1056 1052//1044
f 1054//1046 1066//1058 1065//1057 1053//1045
f 1055//1047 1067//1059 1066//1058 1054//1046
f 1056//1048 1068//1060 1067//1059 1055//1047
f 1046//1038 1058//1050 1068//1060 1056//1048
f 1057//1049 1069//1061 1070//1062 1058//1050
f 1059//1051 1071//1063 1069//1061 1057//1049
f 1060//1052 1072//1064 1071//1063 1059//1051
f 1061//1053 1073//1065 1072//1064 1060//1052
f 1062//1054 1074//1066 1073//1065 1061//1053
f 1063//1055 1075//1067 1074//1066 1062//1054
f 1064//1056 1076//1068 1075//1067 1063//1055
f 1065//1057 1077//1069 1076//1068 1064//1056
f 1066//1058 1078//1070 1077//1069 1065//1057
f 1067//1059 1079//1071 1078//1070 1066//1058
f 1068//1060 1080//1072 1079//1071 1067//1059
f 1058//1050 1070//1062 1080//1072 1068//1060
f 1069//1061 1081//1073 1082//1074 1070//1062
f 1071//1063 1083//1075 1081//1073 1069//1061
f 1072//1064 1084//1076 1083//1075 1071//1063
f 1073//1065 1085//1077 1084//1076 1072//1064
f 1074//1066 1086//1078 1085//1077 1073//1065
f 1075//1067 1087//1079 1086//1078 1074//1066
f 1076//1068 1088//1080 1087//1079 1075//1067
f 1077//1069 1089//1081 1088//1080 1076//1068
f 1078//1070 1090//1082 1089//1081 1077//1069
f 1079//1071 1091//1083 1090//1082 1078//1070
f 1080//1072 1092//1084 1091//1083 1079//1071
f 1070//1062 1082//1074 1092//1084 1080//1072
f 1081//1073 1093//1085 1094//1086 1082//1074
f 1083//1075 1095//1087 1093//1085 1081//1073
f 1084//1076 1096//1088 1095//1087 1083//1075
f 1085//1077 1097//1089 1096//1088 1084//1076
f 1086//1078 1098//1090 1097//1089 1085//1077
f 1087//1079 1099//1091 1098//1090 1086//1078
f 1088//1080 1100//1092 1099//1091 1087//1079
f 1089//1081 1101//1093 1100//1092 1088//1080
f 1090//1082 1102//1094 1101//1093 1089//1081
f 1091//1083 1103//1095 1102//1094 1090//1082
f 1092//1084 1104//1096 1103//1095 1091//1083
f 1082//1074 1094//1086 1104//1096 1092//1084
f 1093//1085 1105//1097 1106//1098 1094//1086
f 1095//1087 1107//1099 1105//1097 1093//1085
f 1096//1088 1108//1100 1107//1099 1095//1087
f 1097//1089 1109//1101 1108//1100 1096//1088
f 1098//1090 1110//1102 1109//1101 1097//1089
f 1099//1091 1111//1103 1110//1102 1098//1090
f 1100//1092 1112//1104 1111//1103 1099//1091
f 1101//1093 1113//1105 1112//1104 1100//1092
f 1102//1094 1114//1106 1113//1105 1101//1093
f 1103//1095 1115//1107 1114//1106 1102//1094
f 1104//1096 1116//1108 1115//1107 1103//1095
f 1094//1086 1106//1098 1116//1108 1104//1096
f 1105//1097 1117//1109 1118//1110 1106//1098
f 1107//1099 1119//1111 1117//1109 1105//1097
f 1108//1100 1120//1112 1119//1111 1107//1099
f 1109//1101 1121//1113 1120//1112 1108//1100
f 1110//1102 1122//1114 1121//1113 1109//1101
f 1111//1103 1123//1115 1122//1114 1110//1102
f 1112//1104 1124//1116 1123//1115 1111//1103
f 1113//1105 1125//1117 1124//1116 1112//1104
f 1114//1106 1126//1118 1125//1117 1113//1105
f 1115//1107 1127//1119 1126//1118 1114//1106
f 1116//1108 1128//1120 1127//1119 1115//1107
f 1106//1098 1118//1110 1128//1120 1116//1108
f 1117//1109 1129//1121 1130//1122 1118//1110
f 1119//1111 1131//1123 1129//1121 1117//1109
f 1120//1112 1132//1124 1131//1123 1119//1111
f 1121//1113 1133//1125 1132//1124 1120//1112
f 1122//1114 1134//1126 1133//1125 1121//1113
f 1123//1115 1135//1127 1134//1126 1122//1114
f 1124//1116 1136//1128 1135//1127 1123//1115
f 1125//1117 1137//1129 1136//1128 1124//1116
f 1126//1118 1138//1130 1137//1129 1125//1117
f 1127//1119 1139//1131 1138//1130 1126//1118
f 1128//1120 1140//1132 1139//1131 1127//1119
f 1118//1110 1130//1122 1140//1132 1128//1120
f 1129//1121 1141//1133 1142//1134 1130//1122
f 1131//1123 1143//1135 1141//1133 1129//1121
f 1132//1124 1144//1136 1143//1135 1131//1123
f 1133//1125 1145//1137 1144//1136 1132//1124
f 1134//1126 1146//1138 1145//1137 1133//1125
f 1135//1127 1147//1139 1146//1138 1134//1126
f 1136//1128 1148//1140 1147//1139 1135//1127
f 1137//1129 1149//1141 1148//1140 1136//1128
f 1138//1130 1150//1142 1149//1141 1137//1129
f 1139//1131 1151//1143 1150//1142 1138//1130
f 1140//1132 1152//1144 1151//1143 1139//1131
f 1130//1122 1142//1134 1152//1144 1140//1132
f 1141//1133 1153//1145 1154//1146 1142//1134
f 1143//1135 1155//1147 1153//1145 1141//1133
f 1144//1136 1156//1148 1155//1147 1143//1135
f 1145//1137 1157//1149 1156//1148 1144//1136
f 1146//1138 1158//1150 1157//1149 1145//1137
f 1147//1139 1159//1151 1158//1150 1146//1138
f 1148//1140 1160//1152 1159//1151 1147//1139
f 1149//1141 1161//1153 1160//1152 1148//1140
f 1150//1142 1162//1154 1161//1153 1149//1141
f 1151//1143 1163//1155 1162//1154 1150//1142
f 1152//1144 1164//1156 1163//1155 1151//1143
f 1142//1134 1154//1146 1164//1156 1152//1144
f 1153//1145 1165//1157 1166//1158 1154//1146
f 1155//1147 1167//1159 1165//1157 1153//1145
f 1156//1148 1168//1160 1167//1159 1155//1147
f 1157//1149 1169//1161 1168//1160 1156//1148
f 1158//1150 1170//1162 1169//1161 1157//1149
f 1159//1151 1171//1163 1170//1162 1158//1150
f 1160//1152 1172//1164 1171//1163 1159//1151
f 1161//1153 1173//1165 1172//1164 1160//1152
f 1162//1154 1174//1166 1173//1165 1161//1153
f 1163//1155 1175//1167 1174//1166 1162//1154
f 1164//1156 1176//1168 1175//1167 1163//1155
f 1154//1146 1166//1158 1176//1168 1164//1156
f 1165//1157 1177//1169 1178//1170 1166//1158
f 1167//1159 1179//1171 1177//1169 1165//1157
f 1168//1160 1180//1172 1179//1171 1167//1159
f 1169//1161 1181//1173 1180//1172 1168//1160
f 1170//1162 1182//1174 1181//1173 1169//1161
f 1171//1163 1183//1175 1182//1174 1170//1162
f 1172//1164 1184//1176 1183//1175 1171//1163
f 1173//1165 1185//1177 1184//1176 1172//1164
f 1174//1166 1186//1178 1185//1177 1173//1165
f 1175//1167 1187//1179 1186//1178 1174//1166
f 1176//1168 1188//1180 1187//1179 1175//1167
f 1166//1158 1178//1170 1188//1180 1176//1168
f 1177//1169 1189//1181 1190//1182 1178//1170
f 1179//1171 1191//1183 1189//1181 1177//1169
f 1180//1172 1192//1184 1191//1183 1179//1171
f 1181//1173 1193//1185 1192//1184 1180//1172
f 1182//1174 1194//1186 1193//1185 1181//1173
f 1183//1175 1195//1187 1194//1186 1182//1174
f 1184//1176 1196//1188 1195//1187 1183//1175
f 1185//1177 1197//1189 1196//1188 1184//1176
f 1186//1178 1198//1190 1197//1189 1185//1177
f 1187//1179 1199//1191 1198//1190 1186//1178
f 1188//1180 1200//1192 1199//1191 1187//1179
f 1178//1170 1190//1182 1200//1192 1188//1180
f 1189//1181 1201//1193 1202//1194 1190//1182
f 1191//1183 1203//1195 1201//1193 1189//1181
f 1192//1184 1204//1196 1203//1195 1191//1183
f 1193//1185 1205//1197 1204//1196 1192//1184
f 1194//1186 1206//1198 1205//1197 1193//1185
f 1195//1187 1207//1199 1206//1198 1194//1186
f 1196//1188 1208//1200 1207//1199 1195//1187
f 1197//1189 1209//1201 1208//1200 1196//1188
f 1198//1190 1210//1202 1209//1201 1197//1189
f 1199//1191 1211//1203 1210//1202 1198//1190
f 1200//1192 1212//1204 1211//1203 1199//1191
f 1190//1182 1202//1194 1212//1204 1200//1192
f 1201//1193 1213//1205 1214//1206 1202//1194
f 1203//1195 1215//1207 1213//1205 1201//1193
f 1204//1196 1216//1208 1215//1207 1203//1195
f 1205//1197 1217//1209 1216//1208 1204//1196
f 1206//1198 1218//1210 1217//1209 1205//1197
f 1207//1199 1219//1211 1218//1210 1206//1198
f 1208//1200 1220//1212 1219//1211 1207//1199
f 1209//1201 1221//1213 1220//1212 1208//1200
f 1210//1202 1222//1214 1221//1213 1209//1201
f 1211//1203 1223//1215 1222//1214 1210//1202
f 1212//1204 1224//1216 1223//1215 1211//1203
f 1202//1194 1214//1206 1224//1216 1212//1204
f 1213//1205 1225//1217 1226//1218 1214//1206
f 1215//1207 1227//1219 1225//1217 1213//1205
f 1216//1208 1228//1220 1227//1219 1215//1207
f 1217//1209 1229//1221 1228//1220 1216//1208
f 1218//1210 1230//1222 1229//1221 1217//1209
f 1219//1211 1231//1223 1230//1222 1218//1210
f 1220//1212 1232//1224 1231//1223 1219//1211
f 1221//1213 1233//1225 1232//1224 1220//1212
f 1222//1214 1234//1226 1233//1225 1221//1213
f 1223//1215 1235//1227 1234//1226 1222//1214
f 1224//1216 1236//1228 1235//1227 1223//1215
f 1214//1206 1226//1218 1236//1228 1224//1216
f 1225//1217 1237//1229 1238//1230 1226//1218
f 1227//1219 1239//1231 1237//1229 1225//1217
f 1228//1220 1240//1232 1239//1231 1227//1219
f 1229//1221 1241//1233 1240//1232 1228//1220
f 1230//1222 1242//1234 1241//1233 1229//1221
f 1231//1223 1243//1235 1242//1234 1230//1222
f 1232//1224 1244//1236 1243//1235 1231//1223
f 1233//1225 1245//1237 1244//1236 1232//1224
f 1234//1226 1246//1238 1245//1237 1233//1225
f 1235//1227 1247//1239 1246//1238 1234//1226
f 1236//1228 1248//1240 1247//1239 1235//1227
f 1226//1218 1238//1230 1248//1240 1236//1228
f 1249//1241 1250//1242 1251//1243 1252//1244
f 1253//1245 1254//1246 1250//1242 1249//1241
f 1255//1247 1256//1248 1254//1246 1253//1245
f 1257//1249 1258//1250 1256//1248 1255//1247
f 1259//1251 1260//1252 1258//1250 1257//1249
f 1261//1253 1262//1254 1260//1252 1259//1251
f 1263//1255 1264//1256 1262//1254 1261//1253
f 1265//1257 1266//1258 1264//1256 1263//1255
f 1267//1259 1268//1260 1266//1258 1265//1257
f 1269//1261 1270//1262 1268//1260 1267//1259
f 1271//1263 1272//1264 1270//1262 1269//1261
f 1252//1244 1251//1243 1272//1264 1271//1263
f 1250//1242 1273//1265 1274//1266 1251//1243
f 1254//1246 1275//1267 1273//1265 1250//1242
f 1256//1248 1276//1268 1275//1267 1254//1246
f 1258//1250 1277//1269 1276//1268 1256//1248
f 1260//1252 1278//1270 1277//1269 1258//1250
f 1262//1254 1279//1271 1278//1270 1260//1252
f 1264//1256 1280//1272 1279//1271 1262//1254
f 1266//1258 1281//1273 1280//1272 1264//1256
f 1268//1260 1282//1274 1281//1273 1266//1258
f 1270//1262 1283//1275 1282//1274 1268//1260
f 1272//1264 1284//1276 1283//1275 1270//1262
f 1251//1243 1274//1266 1284//1276 1272//1264
f 1273//1265 1285//1277 1286//1278 1274//1266
f 1275//1267 1287//1279 1285//1277 1273//1265
f 1276//1268 1288//1280 1287//1279 1275//1267
f 1277//1269 1289//1281 1288//1280 1276//1268
f 1278//1270 1290//1282 1289//1281 1277//1269
f 1279//1271 1291//1283 1290//1282 1278//1270
f 1280//1272 1292//1284 1291//1283 1279//1271
f 1281//1273 1293//1285 1292//1284 1280//1272
f 1282//1274 1294//1286 1293//1285 1281//1273
f 1283//1275 1295//1287 1294//1286 1282//1274
f 1284//1276 1296//1288 1295//1287 1283//1275
f 1274//1266 1286//1278 1296//1288 1284//1276
f 1285//1277 1297//1289 1298//1290 1286//1278
f 1287//1279 1299//1291 1297//1289 1285//1277
f 1288//1280 1300//1292 1299//1291 1287//1279
f 1289//1281 1301//1293 1300//1292 1288//1280
f 1290//1282 1302//1294 1301//1293 1289//1281
f 1291//1283 1303//1295 1302//1294 1290//1282
f 1292//1284 1304//1296 1303//1295 1291//1283
f 1293//1285 1305//1297 1304//1296 1292//1284
f 1294//1286 1306//1298 1305//1297 1293//1285
f 1295//1287 1307//1299 1306//1298 1294//1286
f 1296//1288 1308//1300 1307//1299 1295//1287
f 1286//1278 1298//1290 1308//1300 1296//1288
f 1297//1289 1309//1301 1310//1302 1298//1290
f 1299//1291 1311//1303 1309//1301 1297//1289
f 1300//1292 1312//1304 1311//1303 1299//1291
f 1301//1293 1313//1305 1312//1304 1300//1292
f 1302//1294 1314//1306 1313//1305 1301//1293
f 1303//1295 1315//1307 1314//1306 1302//1294
f 1304//1296 1316//1308 1315//1307 1303//1295
f 1305//1297 1317//1309 1316//1308 1304//1296
f 1306//1298 1318//1310 1317//1309 1305//1297
f 1307//1299 1319//1311 1318//1310 1306//1298
f 1308//1300 1320//1312 1319//1311 1307//1299
f 1298//1290 1310//1302 1320//1312 1308//1300
f 1309//1301 1321//1313 1322//1314 1310//1302
f 1311//1303 1323//1315 1321//1313 1309//1301
f 1312//1304 1324//1316 1323//1315 1311//1303
f 1313//1305 1325//1317 1324//1316 1312//1304
f 1314//1306 1326//1318 1325//1317 1313//1305
f 1315//1307 1327//1319 1326//1318 1314//1306
f 1316//1308 1328//1320 1327//1319 1315//1307
f 1317//1309 1329//1321 1328//1320 1316//1308
f 1318//1310 1330//1322 1329//1321 1317//1309
f 1319//1311 1331//1323 1330//1322 1318//1310
f 1320//1312 1332//1324 1331//1323 1319//1311
f 1310//1302 1322//1314 1332//1324 1320//1312
f 1321//1313 1333//1325 1334//1326 1322//1314
f 1323//1315 1335//1327 1333//1325 1321//1313
f 1324//1316 1336//1328 1335//1327 1323//1315
f 1325//1317 1337//1329 1336//1328 1324//1316
f 1326//1318 1338//1330 1337//1329 1325//1317
f 1327//1319 1339//1331 1338//1330 1326//1318
f 1328//1320 1340//1332 1339//1331 1327//1319
f 1329//1321 1341//1333 1340//1332 1328//1320
f 1330//1322 1342//1334 1341//1333 1329//1321
f 1331//1323 1343//1335 1342//1334 1330//1322
f 1332//1324 1344//1336 1343//1335 1331//1323
f 1322//1314 1334//1326 1344//1336 1332//1324
f 1333//1325 1345//1337 1346//1338 1334//1326
f 1335//1327 1347//1339 1345//1337 1333//1325
f 1336//1328 1348//1340 1347//1339 1335//1327
f 1337//1329 1349//1341 1348//1340 1336//1328
f 1338//1330 1350//1342 1349//1341 1337//1329
f 1339//1331 1351//1343 1350//1342 1338//1330
f 1340//1332 1352//1344 1351//1343 1339//1331
f 1341//1333 1353//1345 1352//1344 1340//1332
f 1342//1334 1354//1346 1353//1345 1341//1333
f 1343//1335 1355//1347 1354//1346 1342//1334
f 1344//1336 1356//1348 1355//1347 1343//1335
f 1334//1326 1346//1338 1356//1348 1344//1336
f 1345//1337 1357//1349 1358//1350 1346//1338
f 1347//1339 1359//1351 1357//1349 1345//1337
f 1348//1340 1360//1352 1359//1351 1347//1339
f 1349//1341 1361//1353 1360//1352 1348//1340
f 1350//1342 1362//1354 1361//1353 1349//1341
f 1351//1343 1363//1355 1362//1354 1350//1342
f 1352//1344 1364//1356 1363//1355 1351//1343
f 1353//1345 1365//1357 1364//1356 1352//1344
f 1354//1346 1366//1358 1365//1357 1353//1345
f 1355//1347 1367//1359 1366//1358 1354//1346
f 1356//1348 1368//1360 1367//1359 1355//1347
f 1346//1338 1358//1350 1368//1360 1356//1348
f 1357//1349 1369//1361 1370//1362 1358//1350
f 1359//1351 1371//1363 1369//1361 1357//1349
f 1360//1352 1372//1364 1371//1363 1359//1351
f 1361//1353 1373//1365 1372//1364 1360//1352
f 1362//1354 1374//1366 1373//1365 1361//1353
f 1363//1355 1375//1367 1374//1366 1362//1354
f 1364//1356 1376//1368 1375//1367 1363//1355
f 1365//1357 1377//1369 1376//1368 1364//1356
f 1366//1358 1378//1370 1377//1369 1365//1357
f 1367//1359 1379//1371 1378//1370 1366//1358
f 1368//1360 1380//1372 1379//1371 1367//1359
f 1358//1350 1370//1362 1380//1372 1368//1360
f 1369//1361 1381//1373 1382//1374 1370//1362
f 1371//1363 1383//1375 1381//1373 1369//1361
f 1372//1364 1384//1376 1383//1375 1371//1363
f 1373//1365 1385//1377 1384//1376 1372//1364
f 1374//1366 1386//1378 1385//1377 1373//1365
f 1375//1367 1387//1379 1386//1378 1374//1366
f 1376//1368 1388//1380 1387//1379 1375//1367
f 1377//1369 1389//1381 1388//1380 1376//1368
f 1378//1370 1390//1382 1389//1381 1377//1369
f 1379//1371 1391//1383 1390//1382 1378//1370
f 1380//1372 1392//1384 1391//1383 1379//1371
f 1370//1362 1382//1374 1392//1384 1380//1372
f 1381//1373 1393//1385 1394//1386 1382//1374
f 1383//1375 1395//1387 1393//1385 1381//1373
f 1384//1376 1396//1388 1395//1387 1383//1375
f 1385//1377 1397//1389 1396//1388 1384//1376
f 1386//1378 1398//1390 1397//1389 1385//1377
f 1387//1379 1399//1391 1398//1390 1386//1378
f 1388//1380 1400//1392 1399//1391 1387//1379
f 1389//1381 1401//1393 1400//1392 1388//1380
f 1390//1382 1402//1394 1401//1393 1389//1381
f 1391//1383 1403//1395 1402//1394 1390//1382
f 1392//1384 1404//1396 1403//1395 1391//1383
f 1382//1374 1394//1386 1404//1396 1392//1384
f 1393//1385 1405//1397 1406//1398 1394//1386
f 1395//1387 1407//1399 1405//1397 1393//1385
f 1396//1388 1408//1400 1407//1399 1395//1387
f 1397//1389 1409//1401 1408//1400 1396//1388
f 1398//1390 1410//1402 1409//1401 1397//1389
f 1399//1391 1411//1403 1410//1402 1398//1390
f 1400//1392 1412//1404 1411//1403 1399//1391
f 1401//1393 1413//1405 1412//1404 1400//1392
f 1402//1394 1414//1406 1413//1405 1401//1393
f 1403//1395 1415//1407 1414//1406 1402//1394
f 1404//1396 1416//1408 1415//1407 1403//1395
f 1394//1386 1406//1398 1416//1408 1404//1396
f 1405//1397 1417//1409 1418//1410 1406//1398
f 1407//1399 1419//1411 1417//1409 1405//1397
f 1408//1400 1420//1412 1419//1411 1407//1399
f 1409//1401 1421//1413 1420//1412 1408//1400
f 1410//1402 1422//1414 1421//1413 1409//1401
f 1411//1403 1423//1415 1422//1414 1410//1402
f 1412//1404 1424//1416 1423//1415 1411//1403
f 1413//1405 1425//1417 1424//1416 1412//1404
f 1414//1406 1426//1418 1425//1417 1413//1405
f 1415//1407 1427//1419 1426//1418 1414//1406
f 1416//1408 1428//1420 1427//1419 1415//1407
f 1406//1398 1418//1410 1428//1420 1416//1408
f 1417//1409 1429//1421 1430//1422 1418//1410
f 1419//1411 1431//1423 1429//1421 1417//1409
f 1420//1412 1432//1424 1431//1423 1419//1411
f 1421//1413 1433//1425 1432//1424 1420//1412
f 1422//1414 1434//1426 1433//1425 1421//1413
f 1423//1415 1435//1427 1434//1426 1422//1414
f 1424//1416 1436//1428 1435//1427 1423//1415
f 1425//1417 1437//1429 1436//1428 1424//1416
f 1426//1418 1438//1430 1437//1429 1425//1417
f 1427//1419 1439//1431 1438//1430 1426//1418
f 1428//1420 1440//1432 1439//1431 1427//1419
f 1418//1410 1430//1422 1440//1432 1428//1420
f 1429//1421 1441//1433 1442//1434 1430//1422
f 1431//1423 1443//1435 1441//1433 1429//1421
f 1432//1424 1444//1436 1443//1435 1431//1423
f 1433//1425 1445//1437 1444//1436 1432//1424
f 1434//1426 1446//1438 1445//1437 1433//1425
f 1435//1427 1447//1439 1446//1438 1434//1426
f 1436//1428 1448//1440 1447//1439 1435//1427
f 1437//1429 1449//1441 1448//1440 1436//1428
f 1438//1430 1450//1442 1449//1441 1437//1429
f 1439//1431 1451//1443 1450//1442 1438//1430
f 1440//1432 1452//1444 1451//1443 1439//1431
f 1430//1422 1442//1434 1452//1444 1440//1432
f 1441//1433 1453//1445 1454//1446 1442//1434
f 1443//1435 1455//1447 1453//1445 1441//1433
f 1444//1436 1456//1448 1455//1447 1443//1435
f 1445//1437 1457//1449 1456//1448 1444//1436
f 1446//1438 1458//1450 1457//1449 1445//1437
f 1447//1439 1459//1451 1458//1450 1446//1438
f 1448//1440 1460//1452 1459//1451 1447//1439
f 1449//1441 1461//1453 1460//1452 1448//1440
f 1450//1442 1462//1454 1461//1453 1449//1441
f 1451//1443 1463//1455 1462//1454 1450//1442
f 1452//1444 1464//1456 1463//1455 1451//1443
f 1442//1434 1454//1446 1464//1456 1452//1444
f 1453//1445 1465//1457 1466//1458 1454//1446
f 1455//1447 1467//1459 1465//1457 1453//1445
f 1456//1448 1468//1460 1467//1459 1455//1447
f 1457//1449 1469//1461 1468//1460 1456//1448
f 1458//1450 1470//1462 1469//1461 1457//1449
f 1459//1451 1471//1463 1470//1462 1458//1450
f 1460//1452 1472//1464 1471//1463 1459//1451
f 1461//1453 1473//1465 1472//1464 1460//1452
f 1462//1454 1474//1466 1473//1465 1461//1453
f 1463//1455 1475//1467 1474//1466 1462//1454
f 1464//1456 1476//1468 1475//1467 1463//1455
f 1454//1446 1466//1458 1476//1468 1464//1456
f 1465//1457 1477//1469 1478//1470 1466//1458
f 1467//1459 1479//1471 1477//1469 1465//1457
f 1468//1460 1480//1472 1479//1471 1467//1459
f 1469//1461 1481//1473 1480//1472 1468//1460
f 1470//1462 1482//1474 1481//1473 1469//1461
f 1471//1463 1483//1475 1482//1474 1470//1462
f 1472//1464 1484//1476 1483//1475 1471//1463
f 1473//1465 1485//1477 1484//1476 1472//1464
f 1474//1466 1486//1478 1485//1477 1473//1465
f 1475//1467 1487//1479 1486//1478 1474//1466
f 1476//1468 1488//1480 1487//1479 1475//1467
f 1466//1458 1478//1470 1488//1480 1476//1468
f 1477//1469 1489//1481 1490//1482 1478//1470
f 1479//1471 1491//1483 1489//1481 1477//1469
f 1480//1472 1492//1484 1491//1483 1479//1471
f 1481//1473 1493//1485 1492//1484 1480//1472
f 1482//1474 1494//1486 1493//1485 1481//1473
f 1483//1475 1495//1487 1494//1486 1482//1474
f 1484//1476 1496//1488 1495//1487 1483//1475
f 1485//1477 1497//1489 1496//1488 1484//1476
f 1486//1478 1498//1490 1497//1489 1485//1477
f 1487//1479 1499//1491 1498//1490 1486//1478
f 1488//1480 1500//1492 1499//1491 1487//1479
f 1478//1470 1490//1482 1500//1492 1488//1480
f 1489//1481 1501//1493 1502//1494 1490//1482
f 1491//1483 1503//1495 1501//1493 1489//1481
f 1492//1484 1504//1496 1503//1495 1491//1483
f 1493//1485 1505//1497 1504//1496 1492//1484
f 1494//1486 1506//1498 1505//1497 1493//1485
f 1495//1487 1507//1499 1506//1498 1494//1486
f 1496//1488 1508//1500 1507//1499 1495//1487
f 1497//1489 1509//1501 1508//1500 1496//1488
f 1498//1490 1510//1502 1509//1501 1497//1489
f 1499//1491 1511//1503 1510//1502 1498//1490
f 1500//1492 1512//1504 1511//1503 1499//1491
f 1490//1482 1502//1494 1512//1504 1500//1492
f 1501//1493 1513//1505 1514//1506 1502//1494
f 1503//1495 1515//1507 1513//1505 1501//1493
f 1504//1496 1516//1508 1515//1507 1503//1495
f 1505//1497 1517//1509 1516//1508 1504//1496
f 1506//1498 1518//1510 1517//1509 1505//1497
f 1507//1499 1519//1511 1518//1510 1506//1498
f 1508//1500 1520//1512 1519//1511 1507//1499
f 1509//1501 1521//1513 1520//1512 1508//1500
f 1510//1502 1522//1514 1521//1513 1509//1501
f 1511//1503 1523//1515 1522//1514 1510//1502
f 1512//1504 1524//1516 1523//1515 1511//1503
f 1502//1494 1514//1506 1524//1516 1512//1504
f 1513//1505 1525//1517 1526//1518 1514//1506
f 1515//1507 1527//1519 1525//1517 1513//1505
f 1516//1508 1528//1520 1527//1519 1515//1507
f 1517//1509 1529//1521 1528//1520 1516//1508
f 1518//1510 1530//1522 1529//1521 1517//1509
f 1519//1511 1531//1523 1530//1522 1518//1510
f 1520//1512 1532//1524 1531//1523 1519//1511
f 1521//1513 1533//1525 1532//1524 1520//1512
f 1522//1514 1534//1526 1533//1525 1521//1513
f 1523//1515 1535//1527 1534//1526 1522//1514
f 1524//1516 1536//1528 1535//1527 1523//1515
f 1514//1506 1526//1518 1536//1528 1524//1516
f 1525//1517 1537//1529 1538//1530 1526//1518
f 1527//1519 1539//1531 1537//1529 1525//1517
f 1528//1520 1540//1532 1539//1531 1527//1519
f 1529//1521 1541//1533 1540//1532 1528//1520
f 1530//1522 1542//1534 1541//1533 1529//1521
f 1531//1523 1543//1535 1542//1534 1530//1522
f 1532//1524 1544//1536 1543//1535 1531//1523
f 1533//1525 1545//1537 1544//1536 1532//1524
f 1534//1526 1546//1538 1545//1537 1533//1525
f 1535//1527 1547//1539 1546//1538 1534//1526
f 1536//1528 1548//1540 1547//1539 1535//1527
f 1526//1518 1538//1530 1548//1540 1536//1528
f 1549//1541 1550//1542 1551//1543 1552//1544
f 1553//1545 1554//1546 1550//1542 1549//1541
f 1555//1547 1556//1548 1554//1546 1553//1545
f 1557//1549 1558//1550 1556//1548 1555//1547
f 1559//1551 1560//1552 1558//1550 1557//1549
f 1561//1553 1562//1554 1560//1552 1559//1551
f 1563//1555 1564//1556 1562//1554 1561//1553
f 1565//1557 1566//1558 1564//1556 1563//1555
f 1567//1559 1568//1560 1566//1558 1565//1557
f 1569//1561 1570//1562 1568//1560 1567//1559
f 1571//1563 1572//1564 1570//1562 1569//1561
f 1552//1544 1551//1543 1572//1564 1571//1563
f 1550//1542 1573//1565 1574//1566 1551//1543
f 1554//1546 1575//1567 1573//1565 1550//1542
f 1556//1548 1576//1568 1575//1567 1554//1546
f 1558//1550 1577//1569 1576//1568 1556//1548
f 1560//1552 1578//1570 1577//1569 1558//1550
f 1562//1554 1579//1571 1578//1570 1560//1552
f 1564//1556 1580//1572 1579//1571 1562//1554
f 1566//1558 1581//1573 1580//1572 1564//1556
f 1568//1560 1582//1574 1581//1573 1566//1558
f 1570//1562 1583//1575 1582//1574 1568//1560
f 1572//1564 1584//1576 1583//1575 1570//1562
f 1551//1543 1574//1566 1584//1576 1572//1564
f 1573//1565 1585//1577 1586//1578 1574//1566
f 1575//1567 1587//1579 1585//1577 1573//1565
f 1576//1568 1588//1580 1587//1579 1575//1567
f 1577//1569 1589//1581 1588//1580 1576//1568
f 1578//1570 1590//1582 1589//1581 1577//1569
f 1579//1571 1591//1583 1590//1582 1578//1570
f 1580//1572 1592//1584 1591//1583 1579//1571
f 1581//1573 1593//1585 1592//1584 1580//1572
f 1582//1574 1594//1586 1593//1585 1581//1573
f 1583//1575 1595//1587 1594//1586 1582//1574
f 1584//1576 1596//1588 1595//1587 1583//1575
f 1574//1566 1586//1578 1596//1588 1584//1576
f 1585//1577 1597//1589 1598//1590 1586//1578
f 1587//1579 1599//1591 1597//1589 1585//1577
f 1588//1580 1600//1592 1599//1591 1587//1579
f 1589//1581 1601//1593 1600//1592 1588//1580
f 1590//1582 1602//1594 1601//1593 1589//1581
f 1591//1583 1603//1595 1602//1594 1590//1582
f 1592//1584 1604//1596 1603//1595 1591//1583
f 1593//1585 1605//1597 1604//1596 1592//1584
f 1594//1586 1606//1598 1605//1597 1593//1585
f 1595//1587 1607//1599 1606//1598 1594//1586
f 1596//1588 1608//1600 1607//1599 1595//1587
f 1586//1578 1598//1590 1608//1600 1596//1588
f 1597//1589 1609//1601 1610//1602 1598//1590
f 1599//1591 1611//1603 1609//1601 1597//1589
f 1600//1592 1612//1604 1611//1603 1599//1591
f 1601//1593 1613//1605 1612//1604 1600//1592
f 1602//1594 1614//1606 1613//1605 1601//1593
f 1603//1595 1615//1607 1614//1606 1602//1594
f 1604//1596 1616//1608 1615//1607 1603//1595
f 1605//1597 1617//1609 1616//1608 1604//1596
f 1606//1598 1618//1610 1617//1609 1605//1597
f 1607//1599 1619//1611 1618//1610 1606//1598
f 1608//1600 1620//1612 1619//1611 1607//1599
f 1598//1590 1610//1602 1620//1612 1608//1600
f 1609//1601 1621//1613 1622//1614 1610//1602
f 1611//1603 1623//1615 1621//1613 1609//1601
f 1612//1604 1624//1616 1623//1615 1611//1603
f 1613//1605 1625//1617 1624//1616 1612//1604
f 1614//1606 1626//1618 1625//1617 1613//1605
f 1615//1607 1627//1619 1626//1618 1614//1606
f 1616//1608 1628//1620 1627//1619 1615//1607
f 1617//1609 1629//1621 1628//1620 1616//1608
f 1618//1610 1630//1622 1629//1621 1617//1609
f 1619//1611 1631//1623 1630//1622 1618//1610
f 1620//1612 1632//1624 1631//1623 1619//1611
f 1610//1602 1622//1614 1632//1624 1620//1612
f 1621//1613 1633//1625 1634//1626 1622//1614
f 1623//1615 1635//1627 1633//1625 1621//1613
f 1624//1616 1636//1628 1635//1627 1623//1615
f 1625//1617 1637//1629 1636//1628 1624//1616
f 1626//1618 1638//1630 1637//1629 1625//1617
f 1627//1619 1639//1631 1638//1630 1626//1618
f 1628//1620 1640//1632 1639//1631 1627//1619
f 1629//1621 1641//1633 1640//1632 1628//1620
f 1630//1622 1642//1634 1641//1633 1629//1621
f 1631//1623 1643//1635 1642//1634 1630//1622
f 1632//1624 1644//1636 1643//1635 1631//1623
f 1622//1614 1634//1626 1644//1636 1632//1624
f 1633//1625 1645//1637 1646//1638 1634//1626
f 1635//1627 1647//1639 1645//1637 1633//1625
f 1636//1628 1648//1640 1647//1639 1635//1627
f 1637//1629 1649//1641 1648//1640 1636//1628
f 1638//1630 1650//1642 1649//1641 1637//1629
f 1639//1631 1651//1643 1650//1642 1638//1630
f 1640//1632 1652//1644 1651//1643 1639//1631
f 1641//1633 1653//1645 1652//1644 1640//1632
f 1642//1634 1654//1646 1653//1645 1641//1633
f 1643//1635 1655//1647 1654//1646 1642//1634
f 1644//1636 1656//1648 1655//1647 1643//1635
f 1634//1626 1646//1638 1656//1648 1644//1636
f 1645//1637 1657//1649 1658//1650 1646//1638
f 1647//1639 1659//1651 1657//1649 1645//1637
f 1648//1640 1660//1652 1659//1651 1647//1639
f 1649//1641 1661//1653 1660//1652 1648//1640
f 1650//1642 1662//1654 1661//1653 1649//1641
f 1651//1643 1663//1655 1662//1654 1650//1642
f 1652//1644 1664//1656 1663//1655 1651//1643
f 1653//1645 1665//1657 1664//1656 1652//1644
f 1654//1646 1666//1658 1665//1657 1653//1645
f 1655//1647 1667//1659 1666//1658 1654//1646
f 1656//1648 1668//1660 1667//1659 1655//1647
f 1646//1638 1658//1650 1668//1660 1656//1648
f 1657//1649 1669//1661 1670//1662 1658//1650
f 1659//1651 1671//1663 1669//1661 1657//1649
f 1660//1652 1672//1664 1671//1663 1659//1651
f 1661//1653 1673//1665 1672//1664 1660//1652
f 1662//1654 1674//1666 1673//1665 1661//1653
f 1663//1655 1675//1667 1674//1666 1662//1654
f 1664//1656 1676//1668 1675//1667 1663//1655
f 1665//1657 1677//1669 1676//1668 1664//1656
f 1666//1658 1678//1670 1677//1669 1665//1657
f 1667//1659 1679//1671 1678//1670 1666//1658
f 1668//1660 1680//1672 1679//1671 1667//1659
f 1658//1650 1670//1662 1680//1672 1668//1660
f 1669//1661 1681//1673 1682//1674 1670//1662
f 1671//1663 1683//1675 1681//1673 1669//1661
f 1672//1664 1684//1676 1683//1675 1671//1663
f 1673//1665 1685//1677 1684//1676 1672//1664
f 1674//1666 1686//1678 1685//1677 1673//1665
f 1675//1667 1687//1679 1686//1678 1674//1666
f 1676//1668 1688//1680 1687//1679 1675//1667
f 1677//1669 1689//1681 1688//1680 1676//1668
f 1678//1670 1690//1682 1689//1681 1677//1669
f 1679//1671 1691//1683 1690//1682 1678//1670
f 1680//1672 1692//1684 1691//1683 1679//1671
f 1670//1662 1682//1674 1692//1684 1680//1672
f 1681//1673 1693//1685 1694//1686 1682//1674
f 1683//1675 1695//1687 1693//1685 1681//1673
f 1684//1676 1696//1688 1695//1687 1683//1675
f 1685//1677 1697//1689 1696//1688 1684//1676
f 1686//1678 1698//1690 1697//1689 1685//1677
f 1687//1679 1699//1691 1698//1690 1686//1678
f 1688//1680 1700//1692 1699//1691 1687//1679
f 1689//1681 1701//1693 1700//1692 1688//1680
f 1690//1682 1702//1694 1701//1693 1689//1681
f 1691//1683 1703//1695 1702//1694 1690//1682
f 1692//1684 1704//1696 1703//1695 1691//1683
f 1682//1674 1694//1686 1704//1696 1692//1684
f 1693//1685 1705//1697 1706//1698 1694//1686
f 1695//1687 1707//1699 1705//1697 1693//1685
f 1696//1688 1708//1700 1707//1699 1695//1687
f 1697//1689 1709//1701 1708//1700 1696//1688
f 1698//1690 1710//1702 1709//1701 1697//1689
f 1699//1691 1711//1703 1710//1702 1698//1690
f 1700//1692 1712//1704 1711//1703 1699//1691
f 1701//1693 1713//1705 1712//1704 1700//1692
f 1702//1694 1714//1706 1713//1705 1701//1693
f 1703//1695 1715//1707 1714//1706 1702//1694
f 1704//1696 1716//1708 1715//1707 1703//1695
f 1694//1686 1706//1698 1716//1708 1704//1696
f 1705//1697 1717//1709 1718//1710 1706//1698
f 1707//1699 1719//1711 1717//1709 1705//1697
f 1708//1700 1720//1712 1719//1711 1707//1699
f 1709//1701 1721//1713 1720//1712 1708//1700
f 1710//1702 1722//1714 1721//1713 1709//1701
f 1711//1703 1723//1715 1722//1714 1710//1702
f 1712//1704 1724//1716 1723//1715 1711//1703
f 1713//1705 1725//1717 1724//1716 1712//1704
f 1714//1706 1726//1718 1725//1717 1713//1705
f 1715//1707 1727//1719 1726//1718 1714//1706
f 1716//1708 1728//1720 1727//1719 1715//1707
f 1706//1698 1718//1710 1728//1720 1716//1708
f 1717//1709 1729//1721 1730//1722 1718//1710
f 1719//1711 1731//1723 1729//1721 1717//1709
f 1720//1712 1732//1724 1731//1723 1719//1711
f 1721//1713 1733//1725 1732//1724 1720//1712
f 1722//1714 1734//1726 1733//1725 1721//1713
f 1723//1715 1735//1727 1734//1726 1722//1714
f 1724//1716 1736//1728 1735//1727 1723//1715
f 1725//1717 1737//1729 1736//1728 1724//1716
f 1726//1718 1738//1730 1737//1729 1725//1717
f 1727//1719 1739//1731 1738//1730 1726//1718
f 1728//1720 1740//1732 1739//1731 1727//1719
f 1718//1710 1730//1722 1740//1732 1728//1720
f 1729//1721 1741//1733 1742//1734 1730//1722
f 1731//1723 1743//1735 1741//1733 1729//1721
f 1732//1724 1744//1736 1743//1735 1731//1723
f 1733//1725 1745//1737 1744//1736 1732//1724
f 1734//1726 1746//1738 1745//1737 1733//1725
f 1735//1727 1747//1739 1746//1738 1734//1726
f 1736//1728 1748//1740 1747//1739 1735//1727
f 1737//1729 1749//1741 1748//1740 1736//1728
f 1738//1730 1750//1742 1749//1741 1737//1729
f 1739//1731 1751//1743 1750//1742 1738//1730
f 1740//1732 1752//1744 1751//1743 1739//1731
f 1730//1722 1742//1734 1752//1744 1740//1732
f 1741//1733 1753//1745 1754//1746 1742//1734
f 1743//1735 1755//1747 1753//1745 1741//1733
f 1744//1736 1756//1748 1755//1747 1743//1735
f 1745//1737 1757//1749 1756//1748 1744//1736
f 1746//1738 1758//1750 1757//1749 1745//1737
f 1747//1739 1759//1751 1758//1750 1746//1738
f 1748//1740 1760//1752 1759//1751 1747//1739
f 1749//1741 1761//1753 1760//1752 1748//1740
f 1750//1742 1762//1754 1761//1753 1749//1741
f 1751//1743 1763//1755 1762//1754 1750//1742
f 1752//1744 1764//1756 1763//1755 1751//1743
f 1742//1734 1754//1746 1764//1756 1752//1744
f 1753//1745 1765//1757 1766//1758 1754//1746
f 1755//1747 1767//1759 1765//1757 1753//1745
f 1756//1748 1768//1760 1767//1759 1755//1747
f 1757//1749 1769//1761 1768//1760 1756//1748
f 1758//1750 1770//1762 1769//1761 1757//1749
f 1759//1751 1771//1763 1770//1762 1758//1750
f 1760//1752 1772//1764 1771//1763 1759//1751
f 1761//1753 1773//1765 1772//1764 1760//1752
f 1762//1754 1774//1766 1773//1765 1761//1753
f 1763//1755 1775//1767 1774//1766 1762//1754
f 1764//1756 1776//1768 1775//1767 1763//1755
f 1754//1746 1766//1758 1776//1768 1764//1756
f 1765//1757 1777//1769 1778//1770 1766//1758
f 1767//1759 1779//1771 1777//1769 1765//1757
f 1768//1760 1780//1772 1779//1771 1767//1759
f 1769//1761 1781//1773 1780//1772 1768//1760
f 1770//1762 1782//1774 1781//1773 1769//1761
f 1771//1763 1783//1775 1782//1774 1770//1762
f 1772//1764 1784//1776 1783//1775 1771//1763
f 1773//1765 1785//1777 1784//1776 1772//1764
f 1774//1766 1786//1778 1785//1777 1773//1765
f 1775//1767 1787//1779 1786//1778 1774//1766
f 1776//1768 1788//1780 1787//1779 1775//1767
f 1766//1758 1778//1770 1788//1780 1776//1768
f 1777//1769 1789//1781 1790//1782 1778//1770
f 1779//1771 1791//1783 1789//1781 1777//1769
f 1780//1772 1792//1784 1791//1783 1779//1771
f 1781//1773 1793//1785 1792//1784 1780//1772
f 1782//1774 1794//1786 1793//1785 1781//1773
f 1783//1775 1795//1787 1794//1786 1782//1774
f 1784//1776 1796//1788 1795//1787 1783//1775
f 1785//1777 1797//1789 1796//1788 1784//1776
f 1786//1778 1798//1790 1797//1789 1785//1777
f 1787//1779 1799//1791 1798//1790 1786//1778
f 1788//1780 1800//1792 1799//1791 1787//1779
f 1778//1770 1790//1782 1800//1792 1788//1780
f 1789//1781 1801//1793 1802//1794 1790//1782
f 1791//1783 1803//1795 1801//1793 1789//1781
f 1792//1784 1804//1796 1803//1795 1791//1783
f 1793//1785 1805//1797 1804//1796 1792//1784
f 1794//1786 1806//1798 1805//1797 1793//1785
f 1795//1787 1807//1799 1806//1798 1794//1786
f 1796//1788 1808//1800 1807//1799 1795//1787
f 1797//1789 1809//1801 1808//1800 1796//1788
f 1798//1790 1810//1802 1809//1801 1797//1789
f 1799//1791 1811//1803 1810//1802 1798//1790
f 1800//1792 1812//1804 1811//1803 1799//1791
f 1790//1782 1802//1794 1812//1804 1800//1792
f 1801//1793 1813//1805 1814//1806 1802//1794
f 1803//1795 1815//1807 1813//1805 1801//1793
f 1804//1796 1816//1808 1815//1807 1803//1795
f 1805//1797 1817//1809 1816//1808 1804//1796
f 1806//1798 1818//1810 1817//1809 1805//1797
f 1807//1799 1819//1811 1818//1810 1806//1798
f 1808//1800 1820//1812 1819//1811 1807//1799
f 1809//1801 1821//1813 1820//1812 1808//1800
f 1810//1802 1822//1814 1821//1813 1809//1801
f 1811//1803 1823//1815 1822//1814 1810//1802
f 1812//1804 1824//1816 1823//1815 1811//1803
f 1802//1794 1814//1806 1824//1816 1812//1804
f 1813//1805 1825//1817 1826//1818 1814//1806
f 1815//1807 1827//1819 1825//1817 1813//1805
f 1816//1808 1828//1820 1827//1819 1815//1807
f 1817//1809 1829//1821 1828//1820 1816//1808
f 1818//1810 1830//1822 1829//1821 1817//1809
f 1819//1811 1831//1823 1830//1822 1818//1810
f 1820//1812 1832//1824 1831//1823 1819//1811
f 1821//1813 1833//1825 1832//1824 1820//1812
f 1822//1814 1834//1826 1833//1825 1821//1813
f 1823//1815 1835//1827 1834//1826 1822//1814
f 1824//1816 1836//1828 1835//1827 1823//1815
f 1814//1806 1826//1818 1836//1828 1824//1816
f 1825//1817 1837//1829 1838//1830 1826//1818
f 1827//1819 1839//1831 1837//1829 1825//1817
f 1828//1820 1840//1832 1839//1831 1827//1819
f 1829//1821 1841//1833 1840//1832 1828//1820
f 1830//1822 1842//1834 1841//1833 1829//1821
f 1831//1823 1843//1835 1842//1834 1830//1822
f 1832//1824 1844//1836 1843//1835 1831//1823
f 1833//1825 1845//1837 1844//1836 1832//1824
f 1834//1826 1846//1838 1845//1837 1833//1825
f 1835//1827 1847//1839 1846//1838 1834//1826
f 1836//1828 1848//1840 1847//1839 1835//1827
f 1826//1818 1838//1830 1848//1840 1836//1828
