# Extracted from Open3DModel lower-limb.obj — Lateral_dorsal_cutaneous_nerve.r
# License: CC BY-SA 4.0 — AnatomyTOOL Open3D create
o Lateral_dorsal_cutaneous_nerve.r
v -0.112925 0.034598 0.055189
v -0.113340 0.034571 0.055180
v -0.113146 0.034544 0.055168
v -0.112737 0.034718 0.055236
v -0.113456 0.034671 0.055220
v -0.112632 0.034873 0.055296
v -0.113462 0.034819 0.055279
v -0.112638 0.035020 0.055355
v -0.113357 0.034973 0.055339
v -0.112754 0.035120 0.055395
v -0.113169 0.035093 0.055386
v -0.112948 0.035147 0.055407
v -0.114104 0.051184 0.010836
v -0.113727 0.051270 0.010979
v -0.113916 0.051168 0.010875
v -0.114241 0.051314 0.010874
v -0.113588 0.051463 0.011122
v -0.114290 0.051524 0.010978
v -0.113536 0.051695 0.011264
v -0.114238 0.051756 0.011121
v -0.113585 0.051905 0.011368
v -0.114099 0.051949 0.011263
v -0.113722 0.052035 0.011406
v -0.113910 0.052051 0.011368
v -0.124639 0.029874 0.046014
v -0.124956 0.029840 0.045881
v -0.124766 0.029812 0.045936
v -0.124609 0.030012 0.046092
v -0.125158 0.029954 0.045862
v -0.124684 0.030189 0.046151
v -0.125318 0.030121 0.045884
v -0.124844 0.030356 0.046174
v -0.125393 0.030297 0.045943
v -0.125046 0.030469 0.046154
v -0.125363 0.030435 0.046021
v -0.125236 0.030498 0.046099
v -0.104391 0.107874 -0.032609
v -0.104845 0.107780 -0.032609
v -0.104612 0.107797 -0.032519
v -0.105028 0.107827 -0.032856
v -0.104241 0.107991 -0.032855
v -0.105112 0.107926 -0.033193
v -0.104202 0.108115 -0.033192
v -0.105074 0.108050 -0.033530
v -0.104286 0.108214 -0.033529
v -0.104924 0.108166 -0.033777
v -0.104469 0.108261 -0.033776
v -0.104703 0.108244 -0.033867
v -0.105112 0.107926 -0.033193
v -0.104986 0.107180 -0.033382
v -0.104888 0.107112 -0.033034
v -0.105028 0.107827 -0.032856
v -0.105074 0.108050 -0.033530
v -0.104959 0.107268 -0.033738
v -0.104924 0.108166 -0.033777
v -0.104815 0.107355 -0.034006
v -0.104703 0.108244 -0.033867
v -0.104592 0.107416 -0.034115
v -0.104469 0.108261 -0.033776
v -0.104350 0.107434 -0.034035
v -0.104286 0.108214 -0.033529
v -0.104154 0.107406 -0.033788
v -0.104202 0.108115 -0.033192
v -0.104056 0.107338 -0.033440
v -0.104241 0.107991 -0.032855
v -0.104083 0.107249 -0.033085
v -0.104391 0.107874 -0.032609
v -0.104227 0.107163 -0.032817
v -0.104612 0.107797 -0.032519
v -0.104450 0.107102 -0.032708
v -0.104845 0.107780 -0.032609
v -0.104692 0.107083 -0.032788
v -0.104881 0.106346 -0.033516
v -0.104767 0.106305 -0.033163
v -0.104868 0.106404 -0.033885
v -0.104732 0.106463 -0.034171
v -0.104509 0.106509 -0.034297
v -0.104259 0.106528 -0.034229
v -0.104049 0.106515 -0.033985
v -0.103935 0.106474 -0.033632
v -0.103947 0.106416 -0.033262
v -0.104083 0.106356 -0.032977
v -0.104306 0.106311 -0.032851
v -0.104557 0.106292 -0.032919
v -0.104793 0.105433 -0.033596
v -0.104661 0.105414 -0.033240
v -0.104797 0.105464 -0.033975
v -0.104671 0.105501 -0.034275
v -0.104450 0.105533 -0.034416
v -0.104192 0.105551 -0.034361
v -0.103967 0.105551 -0.034123
v -0.103835 0.105533 -0.033767
v -0.103831 0.105501 -0.033388
v -0.103957 0.105464 -0.033088
v -0.104178 0.105433 -0.032947
v -0.104436 0.105414 -0.033002
v -0.104719 0.104451 -0.033622
v -0.104568 0.104452 -0.033267
v -0.104741 0.104459 -0.034008
v -0.104627 0.104475 -0.034321
v -0.104409 0.104495 -0.034476
v -0.104144 0.104512 -0.034433
v -0.103904 0.104523 -0.034202
v -0.103753 0.104524 -0.033847
v -0.103731 0.104515 -0.033461
v -0.103845 0.104499 -0.033148
v -0.104063 0.104480 -0.032993
v -0.104328 0.104463 -0.033036
v -0.104656 0.103409 -0.033595
v -0.104485 0.103428 -0.033241
v -0.104697 0.103397 -0.033986
v -0.104596 0.103395 -0.034309
v -0.104382 0.103403 -0.034478
v -0.104111 0.103419 -0.034448
v -0.103856 0.103439 -0.034226
v -0.103685 0.103457 -0.033873
v -0.103645 0.103469 -0.033482
v -0.103745 0.103472 -0.033159
v -0.103959 0.103464 -0.032990
v -0.104230 0.103448 -0.033020
v -0.104600 0.102319 -0.033515
v -0.104409 0.102353 -0.033165
v -0.104661 0.102288 -0.033908
v -0.104575 0.102269 -0.034240
v -0.104365 0.102266 -0.034423
v -0.104089 0.102280 -0.034406
v -0.103819 0.102308 -0.034195
v -0.103628 0.102342 -0.033846
v -0.103567 0.102373 -0.033452
v -0.103653 0.102392 -0.033120
v -0.103863 0.102395 -0.032938
v -0.104139 0.102381 -0.032954
v -0.104548 0.101189 -0.033382
v -0.104337 0.101238 -0.033039
v -0.104629 0.101141 -0.033776
v -0.104558 0.101105 -0.034117
v -0.104355 0.101092 -0.034312
v -0.104073 0.101105 -0.034309
v -0.103789 0.101140 -0.034109
v -0.103578 0.101188 -0.033766
v -0.103497 0.101236 -0.033372
v -0.103567 0.101272 -0.033031
v -0.103771 0.101285 -0.032837
v -0.104052 0.101273 -0.032839
v -0.104496 0.100031 -0.033198
v -0.104265 0.100092 -0.032863
v -0.104598 0.099965 -0.033592
v -0.104543 0.099914 -0.033939
v -0.104347 0.099890 -0.034145
v -0.104061 0.099901 -0.034157
v -0.103762 0.099942 -0.033970
v -0.103531 0.100004 -0.033635
v -0.103429 0.100069 -0.033241
v -0.103483 0.100121 -0.032894
v -0.103680 0.100144 -0.032687
v -0.103966 0.100134 -0.032676
v -0.104441 0.098853 -0.032963
v -0.104189 0.098927 -0.032638
v -0.104564 0.098771 -0.033355
v -0.104526 0.098704 -0.033706
v -0.104337 0.098670 -0.033925
v -0.104048 0.098678 -0.033951
v -0.103735 0.098725 -0.033778
v -0.103484 0.098800 -0.033453
v -0.103360 0.098882 -0.033061
v -0.103398 0.098949 -0.032709
v -0.103587 0.098983 -0.032491
v -0.103877 0.098975 -0.032465
v -0.104379 0.097665 -0.032679
v -0.104107 0.097753 -0.032364
v -0.104524 0.097567 -0.033066
v -0.104504 0.097484 -0.033421
v -0.104323 0.097439 -0.033650
v -0.104031 0.097444 -0.033692
v -0.103705 0.097498 -0.033534
v -0.103433 0.097585 -0.033220
v -0.103288 0.097684 -0.032833
v -0.103309 0.097767 -0.032477
v -0.103489 0.097812 -0.032248
v -0.103782 0.097807 -0.032207
v -0.104307 0.096479 -0.032345
v -0.104015 0.096580 -0.032044
v -0.104474 0.096363 -0.032726
v -0.104471 0.096264 -0.033083
v -0.104300 0.096208 -0.033323
v -0.104005 0.096210 -0.033379
v -0.103667 0.096269 -0.033238
v -0.103376 0.096370 -0.032937
v -0.103209 0.096485 -0.032557
v -0.103212 0.096584 -0.032199
v -0.103383 0.096641 -0.031960
v -0.103677 0.096639 -0.031903
v -0.104221 0.095306 -0.031965
v -0.103910 0.095416 -0.031678
v -0.104410 0.095177 -0.032338
v -0.104426 0.095062 -0.032696
v -0.104264 0.094994 -0.032945
v -0.103969 0.094989 -0.033016
v -0.103618 0.095050 -0.032891
v -0.103307 0.095159 -0.032604
v -0.103118 0.095289 -0.032231
v -0.103103 0.095403 -0.031873
v -0.103264 0.095472 -0.031625
v -0.103560 0.095477 -0.031553
v -0.104160 0.094242 -0.031615
v -0.103853 0.094354 -0.031329
v -0.104345 0.094106 -0.031984
v -0.104358 0.093982 -0.032337
v -0.104195 0.093905 -0.032579
v -0.103901 0.093894 -0.032646
v -0.103554 0.093952 -0.032520
v -0.103247 0.094064 -0.032234
v -0.103062 0.094200 -0.031865
v -0.103049 0.094324 -0.031512
v -0.103211 0.094401 -0.031269
v -0.103506 0.094412 -0.031202
v -0.104131 0.093176 -0.031233
v -0.103828 0.093288 -0.030948
v -0.104313 0.093035 -0.031599
v -0.104323 0.092903 -0.031946
v -0.104160 0.092815 -0.032182
v -0.103867 0.092794 -0.032243
v -0.103522 0.092847 -0.032114
v -0.103219 0.092959 -0.031828
v -0.103038 0.093100 -0.031463
v -0.103028 0.093232 -0.031115
v -0.103191 0.093320 -0.030879
v -0.103484 0.093341 -0.030818
v -0.104136 0.092093 -0.030807
v -0.103836 0.092206 -0.030522
v -0.104314 0.091945 -0.031168
v -0.104322 0.091802 -0.031508
v -0.104158 0.091703 -0.031737
v -0.103867 0.091674 -0.031792
v -0.103526 0.091722 -0.031660
v -0.103226 0.091836 -0.031375
v -0.103048 0.091984 -0.031014
v -0.103040 0.092126 -0.030673
v -0.103204 0.092226 -0.030445
v -0.103495 0.092255 -0.030389
v -0.104174 0.090979 -0.030321
v -0.103878 0.091095 -0.030038
v -0.104349 0.090823 -0.030677
v -0.104356 0.090669 -0.031010
v -0.104192 0.090559 -0.031230
v -0.103903 0.090521 -0.031280
v -0.103565 0.090567 -0.031145
v -0.103269 0.090683 -0.030862
v -0.103094 0.090839 -0.030506
v -0.103088 0.090993 -0.030173
v -0.103251 0.091103 -0.029953
v -0.103540 0.091141 -0.029903
v -0.104248 0.089821 -0.029763
v -0.103956 0.089942 -0.029483
v -0.104420 0.089657 -0.030113
v -0.104425 0.089492 -0.030438
v -0.104263 0.089370 -0.030650
v -0.103975 0.089326 -0.030694
v -0.103641 0.089369 -0.030557
v -0.103348 0.089489 -0.030276
v -0.103176 0.089654 -0.029927
v -0.103171 0.089819 -0.029602
v -0.103334 0.089940 -0.029389
v -0.103621 0.089985 -0.029346
v -0.104359 0.088607 -0.029120
v -0.104070 0.088732 -0.028842
v -0.104528 0.088433 -0.029463
v -0.104532 0.088257 -0.029779
v -0.104370 0.088126 -0.029984
v -0.104085 0.088075 -0.030022
v -0.103754 0.088118 -0.029884
v -0.103465 0.088243 -0.029606
v -0.103295 0.088416 -0.029263
v -0.103291 0.088592 -0.028947
v -0.103453 0.088723 -0.028742
v -0.103738 0.088774 -0.028704
v -0.104507 0.087323 -0.028378
v -0.104221 0.087453 -0.028104
v -0.104674 0.087141 -0.028714
v -0.104677 0.086955 -0.029022
v -0.104516 0.086816 -0.029218
v -0.104234 0.086760 -0.029251
v -0.103905 0.086802 -0.029112
v -0.103619 0.086932 -0.028837
v -0.103452 0.087114 -0.028501
v -0.103449 0.087300 -0.028194
v -0.103610 0.087439 -0.027997
v -0.103893 0.087495 -0.027964
v -0.104694 0.085958 -0.027524
v -0.104411 0.086092 -0.027254
v -0.104859 0.085767 -0.027853
v -0.104862 0.085573 -0.028152
v -0.104702 0.085426 -0.028341
v -0.104421 0.085366 -0.028369
v -0.104096 0.085410 -0.028229
v -0.103813 0.085544 -0.027958
v -0.103648 0.085734 -0.027629
v -0.103646 0.085929 -0.027330
v -0.103806 0.086076 -0.027142
v -0.104086 0.086136 -0.027113
v -0.104922 0.084498 -0.026545
v -0.104642 0.084638 -0.026278
v -0.105085 0.084301 -0.026867
v -0.105087 0.084099 -0.027158
v -0.104927 0.083946 -0.027340
v -0.104649 0.083884 -0.027364
v -0.104327 0.083928 -0.027223
v -0.104047 0.084068 -0.026956
v -0.103884 0.084265 -0.026634
v -0.103882 0.084467 -0.026343
v -0.104042 0.084620 -0.026162
v -0.104320 0.084682 -0.026138
v -0.105190 0.082933 -0.025428
v -0.104913 0.083077 -0.025165
v -0.105351 0.082729 -0.025743
v -0.105353 0.082521 -0.026026
v -0.105194 0.082363 -0.026202
v -0.104918 0.082299 -0.026222
v -0.104599 0.082345 -0.026081
v -0.104322 0.082489 -0.025818
v -0.104161 0.082693 -0.025503
v -0.104160 0.082902 -0.025220
v -0.104318 0.083059 -0.025045
v -0.104594 0.083123 -0.025024
v -0.105501 0.081250 -0.024159
v -0.105227 0.081399 -0.023900
v -0.105660 0.081041 -0.024468
v -0.105661 0.080827 -0.024744
v -0.105503 0.080666 -0.024913
v -0.105229 0.080600 -0.024930
v -0.104913 0.080648 -0.024790
v -0.104639 0.080797 -0.024531
v -0.104480 0.081006 -0.024222
v -0.104479 0.081220 -0.023946
v -0.104637 0.081381 -0.023777
v -0.104911 0.081447 -0.023760
v -0.105855 0.079441 -0.022729
v -0.105584 0.079594 -0.022475
v -0.106012 0.079225 -0.023031
v -0.106012 0.079004 -0.023298
v -0.105856 0.078838 -0.023460
v -0.105584 0.078771 -0.023473
v -0.105271 0.078820 -0.023333
v -0.104999 0.078974 -0.023079
v -0.104842 0.079190 -0.022777
v -0.104842 0.079411 -0.022510
v -0.104999 0.079577 -0.022348
v -0.105270 0.079644 -0.022335
v -0.106231 0.077664 -0.021175
v -0.105944 0.077810 -0.020938
v -0.106410 0.077449 -0.021461
v -0.106432 0.077222 -0.021719
v -0.106292 0.077043 -0.021879
v -0.106027 0.076962 -0.021900
v -0.105709 0.076998 -0.021775
v -0.105422 0.077144 -0.021538
v -0.105243 0.077359 -0.021252
v -0.105220 0.077586 -0.020995
v -0.105360 0.077764 -0.020834
v -0.105625 0.077846 -0.020813
v -0.106676 0.075866 -0.019438
v -0.106375 0.076002 -0.019219
v -0.106876 0.075654 -0.019707
v -0.106920 0.075421 -0.019954
v -0.106797 0.075231 -0.020112
v -0.106540 0.075135 -0.020139
v -0.106218 0.075157 -0.020027
v -0.105917 0.075293 -0.019808
v -0.105717 0.075505 -0.019539
v -0.105673 0.075738 -0.019292
v -0.105795 0.075928 -0.019134
v -0.106052 0.076025 -0.019107
v -0.107186 0.074028 -0.017506
v -0.106872 0.074152 -0.017303
v -0.107405 0.073821 -0.017760
v -0.107471 0.073587 -0.017996
v -0.107365 0.073388 -0.018152
v -0.107117 0.073278 -0.018185
v -0.106792 0.073286 -0.018087
v -0.106478 0.073410 -0.017884
v -0.106259 0.073617 -0.017631
v -0.106193 0.073851 -0.017394
v -0.106299 0.074050 -0.017239
v -0.106547 0.074160 -0.017205
v -0.107756 0.072134 -0.015371
v -0.107431 0.072245 -0.015184
v -0.107993 0.071935 -0.015610
v -0.108078 0.071702 -0.015837
v -0.107990 0.071497 -0.015992
v -0.107751 0.071374 -0.016032
v -0.107425 0.071367 -0.015947
v -0.107100 0.071478 -0.015760
v -0.106863 0.071677 -0.015521
v -0.106777 0.071910 -0.015294
v -0.106865 0.072115 -0.015139
v -0.107105 0.072238 -0.015099
v -0.108379 0.070169 -0.013025
v -0.108045 0.070265 -0.012853
v -0.108633 0.069981 -0.013250
v -0.108738 0.069751 -0.013469
v -0.108666 0.069541 -0.013623
v -0.108436 0.069408 -0.013670
v -0.108111 0.069386 -0.013598
v -0.107776 0.069482 -0.013427
v -0.107522 0.069670 -0.013201
v -0.107417 0.069900 -0.012982
v -0.107489 0.070110 -0.012829
v -0.107719 0.070244 -0.012781
v -0.109051 0.068118 -0.010460
v -0.108709 0.068199 -0.010304
v -0.109320 0.067942 -0.010673
v -0.109443 0.067717 -0.010884
v -0.109388 0.067505 -0.011037
v -0.109168 0.067361 -0.011091
v -0.108844 0.067325 -0.011032
v -0.108501 0.067406 -0.010876
v -0.108232 0.067582 -0.010664
v -0.108109 0.067807 -0.010453
v -0.108165 0.068019 -0.010299
v -0.108384 0.068163 -0.010245
v -0.109767 0.065966 -0.007670
v -0.109417 0.066031 -0.007528
v -0.110049 0.065802 -0.007869
v -0.110190 0.065585 -0.008072
v -0.110150 0.065371 -0.008225
v -0.109941 0.065219 -0.008287
v -0.109619 0.065169 -0.008241
v -0.109270 0.065234 -0.008100
v -0.108987 0.065397 -0.007901
v -0.108847 0.065614 -0.007697
v -0.108887 0.065828 -0.007544
v -0.109095 0.065981 -0.007482
v -0.110519 0.063697 -0.004645
v -0.110165 0.063746 -0.004518
v -0.110814 0.063548 -0.004831
v -0.110971 0.063338 -0.005027
v -0.110947 0.063125 -0.005180
v -0.110749 0.062965 -0.005250
v -0.110431 0.062900 -0.005217
v -0.110076 0.062950 -0.005090
v -0.109781 0.063099 -0.004904
v -0.109625 0.063308 -0.004708
v -0.109649 0.063522 -0.004555
v -0.109846 0.063682 -0.004485
v -0.111304 0.061296 -0.001378
v -0.110946 0.061329 -0.001267
v -0.111610 0.061161 -0.001551
v -0.111782 0.060961 -0.001740
v -0.111774 0.060749 -0.001893
v -0.111587 0.060582 -0.001970
v -0.111273 0.060505 -0.001950
v -0.110915 0.060538 -0.001839
v -0.110609 0.060672 -0.001666
v -0.110437 0.060872 -0.001477
v -0.110445 0.061084 -0.001324
v -0.110631 0.061251 -0.001247
v -0.112115 0.058748 0.002138
v -0.111754 0.058764 0.002234
v -0.112431 0.058628 0.001978
v -0.112617 0.058438 0.001797
v -0.112624 0.058229 0.001643
v -0.112450 0.058056 0.001559
v -0.112141 0.057965 0.001566
v -0.111780 0.057982 0.001662
v -0.111464 0.058102 0.001822
v -0.111278 0.058292 0.002003
v -0.111271 0.058501 0.002156
v -0.111445 0.058674 0.002241
v -0.112947 0.056036 0.005911
v -0.112585 0.056037 0.005992
v -0.113271 0.055932 0.005764
v -0.113471 0.055753 0.005591
v -0.113492 0.055547 0.005438
v -0.113330 0.055369 0.005346
v -0.113028 0.055267 0.005340
v -0.112666 0.055268 0.005421
v -0.112342 0.055372 0.005568
v -0.112142 0.055551 0.005741
v -0.112121 0.055757 0.005894
v -0.112283 0.055935 0.005986
v -0.113794 0.053146 0.009951
v -0.113433 0.053130 0.010018
v -0.114125 0.053059 0.009816
v -0.114337 0.052892 0.009649
v -0.114373 0.052691 0.009496
v -0.114223 0.052509 0.009396
v -0.113928 0.052395 0.009378
v -0.113567 0.052379 0.009445
v -0.113236 0.052466 0.009580
v -0.113024 0.052633 0.009746
v -0.112988 0.052834 0.009900
v -0.113138 0.053016 0.009999
v -0.113961 0.052472 0.010869
v -0.113605 0.052437 0.010922
v -0.114295 0.052406 0.010747
v -0.114517 0.052258 0.010587
v -0.114567 0.052066 0.010433
v -0.114433 0.051882 0.010326
v -0.114151 0.051755 0.010296
v -0.113795 0.051720 0.010349
v -0.113462 0.051786 0.010471
v -0.113240 0.051935 0.010631
v -0.113189 0.052127 0.010785
v -0.113323 0.052311 0.010891
v -0.114151 0.051738 0.011840
v -0.113802 0.051683 0.011879
v -0.114485 0.051694 0.011728
v -0.114715 0.051563 0.011576
v -0.114780 0.051381 0.011423
v -0.114662 0.051196 0.011310
v -0.114393 0.051057 0.011268
v -0.114045 0.051003 0.011308
v -0.113710 0.051047 0.011419
v -0.113480 0.051178 0.011572
v -0.113415 0.051360 0.011725
v -0.113533 0.051545 0.011838
v -0.114366 0.050949 0.012866
v -0.114026 0.050876 0.012893
v -0.114699 0.050926 0.012767
v -0.114937 0.050813 0.012623
v -0.115015 0.050640 0.012472
v -0.114913 0.050454 0.012355
v -0.114658 0.050304 0.012304
v -0.114318 0.050231 0.012331
v -0.113985 0.050254 0.012430
v -0.113747 0.050368 0.012574
v -0.113669 0.050540 0.012725
v -0.113771 0.050727 0.012841
v -0.114608 0.050112 0.013954
v -0.114279 0.050022 0.013970
v -0.114939 0.050109 0.013868
v -0.115183 0.050013 0.013733
v -0.115274 0.049849 0.013587
v -0.115188 0.049662 0.013467
v -0.114948 0.049502 0.013407
v -0.114619 0.049411 0.013422
v -0.114288 0.049415 0.013509
v -0.114044 0.049511 0.013644
v -0.113953 0.049674 0.013790
v -0.114039 0.049861 0.013909
v -0.114881 0.049232 0.015112
v -0.114563 0.049124 0.015116
v -0.115208 0.049248 0.015037
v -0.115456 0.049168 0.014913
v -0.115559 0.049014 0.014771
v -0.115490 0.048827 0.014651
v -0.115266 0.048657 0.014583
v -0.114948 0.048549 0.014588
v -0.114621 0.048533 0.014662
v -0.114373 0.048612 0.014787
v -0.114270 0.048766 0.014928
v -0.114339 0.048954 0.015049
v -0.115187 0.048313 0.016344
v -0.114882 0.048189 0.016338
v -0.115508 0.048348 0.016282
v -0.115759 0.048285 0.016167
v -0.115874 0.048141 0.016032
v -0.115820 0.047953 0.015911
v -0.115613 0.047774 0.015838
v -0.115309 0.047650 0.015832
v -0.114987 0.047615 0.015895
v -0.114736 0.047678 0.016009
v -0.114622 0.047823 0.016145
v -0.114675 0.048010 0.016265
v -0.115529 0.047362 0.017659
v -0.115238 0.047223 0.017644
v -0.115843 0.047415 0.017607
v -0.116096 0.047368 0.017503
v -0.116220 0.047234 0.017373
v -0.116183 0.047047 0.017254
v -0.115993 0.046860 0.017176
v -0.115703 0.046720 0.017161
v -0.115389 0.046667 0.017213
v -0.115135 0.046714 0.017317
v -0.115011 0.046849 0.017447
v -0.115048 0.047035 0.017566
v -0.115909 0.046384 0.019061
v -0.115633 0.046230 0.019038
v -0.116214 0.046455 0.019019
v -0.116468 0.046424 0.018925
v -0.116601 0.046299 0.018802
v -0.116580 0.046115 0.018685
v -0.116408 0.045920 0.018604
v -0.116132 0.045766 0.018581
v -0.115827 0.045695 0.018623
v -0.115574 0.045726 0.018717
v -0.115440 0.045850 0.018839
v -0.115462 0.046035 0.018957
v -0.116330 0.045384 0.020556
v -0.116071 0.045216 0.020527
v -0.116625 0.045472 0.020524
v -0.116878 0.045457 0.020439
v -0.117020 0.045343 0.020324
v -0.117013 0.045161 0.020209
v -0.116860 0.044959 0.020126
v -0.116601 0.044792 0.020097
v -0.116305 0.044704 0.020129
v -0.116053 0.044719 0.020214
v -0.115911 0.044832 0.020329
v -0.115918 0.045015 0.020444
v -0.116795 0.044368 0.022153
v -0.116553 0.044188 0.022118
v -0.117079 0.044472 0.022129
v -0.117329 0.044473 0.022053
v -0.117478 0.044370 0.021944
v -0.117486 0.044191 0.021833
v -0.117351 0.043983 0.021749
v -0.117109 0.043804 0.021714
v -0.116825 0.043700 0.021738
v -0.116575 0.043699 0.021814
v -0.116427 0.043802 0.021922
v -0.116418 0.043981 0.022033
v -0.117307 0.043341 0.023855
v -0.117083 0.043150 0.023816
v -0.117578 0.043461 0.023838
v -0.117824 0.043477 0.023770
v -0.117979 0.043385 0.023669
v -0.118001 0.043210 0.023562
v -0.117885 0.042999 0.023478
v -0.117661 0.042807 0.023438
v -0.117390 0.042688 0.023455
v -0.117144 0.042672 0.023523
v -0.116989 0.042763 0.023624
v -0.116967 0.042939 0.023731
v -0.117869 0.042308 0.025673
v -0.117663 0.042108 0.025628
v -0.118126 0.042441 0.025664
v -0.118367 0.042472 0.025604
v -0.118527 0.042392 0.025509
v -0.118561 0.042223 0.025404
v -0.118463 0.042011 0.025317
v -0.118257 0.041811 0.025272
v -0.117999 0.041678 0.025281
v -0.117758 0.041647 0.025341
v -0.117599 0.041726 0.025436
v -0.117564 0.041895 0.025541
v -0.118249 0.041657 0.026834
v -0.118046 0.041461 0.026789
v -0.118503 0.041788 0.026825
v -0.118739 0.041819 0.026765
v -0.118895 0.041741 0.026671
v -0.118929 0.041576 0.026566
v -0.118832 0.041367 0.026480
v -0.118629 0.041171 0.026435
v -0.118376 0.041040 0.026444
v -0.118139 0.041009 0.026504
v -0.117983 0.041087 0.026599
v -0.117949 0.041252 0.026703
v -0.118747 0.040789 0.028337
v -0.118547 0.040597 0.028291
v -0.118997 0.040918 0.028329
v -0.119229 0.040948 0.028270
v -0.119382 0.040872 0.028175
v -0.119415 0.040711 0.028071
v -0.119319 0.040506 0.027985
v -0.119119 0.040314 0.027939
v -0.118870 0.040185 0.027947
v -0.118637 0.040155 0.028006
v -0.118484 0.040231 0.028101
v -0.118451 0.040393 0.028205
v -0.119338 0.039750 0.030107
v -0.119142 0.039562 0.030062
v -0.119583 0.039876 0.030100
v -0.119812 0.039906 0.030041
v -0.119962 0.039832 0.029948
v -0.119994 0.039674 0.029845
v -0.119899 0.039474 0.029759
v -0.119703 0.039285 0.029714
v -0.119457 0.039159 0.029721
v -0.119229 0.039129 0.029780
v -0.119079 0.039203 0.029873
v -0.119047 0.039361 0.029976
v -0.119998 0.038587 0.032074
v -0.119805 0.038402 0.032029
v -0.120239 0.038711 0.032066
v -0.120463 0.038740 0.032009
v -0.120611 0.038668 0.031917
v -0.120642 0.038512 0.031815
v -0.120549 0.038316 0.031730
v -0.120355 0.038131 0.031685
v -0.120114 0.038007 0.031693
v -0.119890 0.037977 0.031750
v -0.119742 0.038050 0.031842
v -0.119711 0.038205 0.031944
v -0.120702 0.037345 0.034164
v -0.120513 0.037164 0.034120
v -0.120939 0.037467 0.034156
v -0.121159 0.037496 0.034100
v -0.121304 0.037425 0.034009
v -0.121335 0.037273 0.033909
v -0.121243 0.037080 0.033825
v -0.121053 0.036898 0.033782
v -0.120816 0.036776 0.033789
v -0.120596 0.036747 0.033846
v -0.120451 0.036818 0.033936
v -0.120421 0.036971 0.034037
v -0.121427 0.036072 0.036305
v -0.121241 0.035893 0.036263
v -0.121659 0.036192 0.036298
v -0.121875 0.036220 0.036242
v -0.122018 0.036150 0.036153
v -0.122048 0.036001 0.036054
v -0.121958 0.035811 0.035973
v -0.121771 0.035633 0.035930
v -0.121539 0.035513 0.035937
v -0.121323 0.035484 0.035993
v -0.121181 0.035554 0.036082
v -0.121151 0.035704 0.036181
v -0.122148 0.034812 0.038426
v -0.121965 0.034637 0.038385
v -0.122376 0.034930 0.038418
v -0.122588 0.034959 0.038363
v -0.122727 0.034890 0.038276
v -0.122757 0.034743 0.038179
v -0.122669 0.034557 0.038099
v -0.122486 0.034382 0.038058
v -0.122258 0.034264 0.038065
v -0.122046 0.034235 0.038120
v -0.121907 0.034304 0.038208
v -0.121877 0.034451 0.038305
v -0.122841 0.033614 0.040453
v -0.122662 0.033441 0.040413
v -0.123064 0.033730 0.040445
v -0.123272 0.033758 0.040391
v -0.123409 0.033691 0.040305
v -0.123438 0.033546 0.040210
v -0.123352 0.033363 0.040133
v -0.123173 0.033191 0.040093
v -0.122949 0.033075 0.040101
v -0.122741 0.033047 0.040155
v -0.122605 0.033114 0.040241
v -0.122575 0.033258 0.040336
v -0.123481 0.032522 0.042315
v -0.123306 0.032352 0.042277
v -0.123700 0.032636 0.042306
v -0.123904 0.032664 0.042252
v -0.124038 0.032598 0.042168
v -0.124067 0.032457 0.042076
v -0.123982 0.032276 0.042000
v -0.123807 0.032107 0.041962
v -0.123589 0.031992 0.041971
v -0.123385 0.031964 0.042025
v -0.123250 0.032030 0.042109
v -0.123222 0.032172 0.042201
v -0.124045 0.031584 0.043938
v -0.123874 0.031416 0.043902
v -0.124259 0.031697 0.043927
v -0.124459 0.031725 0.043874
v -0.124590 0.031660 0.043791
v -0.124619 0.031520 0.043702
v -0.124537 0.031343 0.043630
v -0.124366 0.031175 0.043595
v -0.124152 0.031062 0.043605
v -0.123952 0.031034 0.043658
v -0.123820 0.031099 0.043741
v -0.123792 0.031239 0.043830
v -0.124508 0.030846 0.045249
v -0.124341 0.030680 0.045217
v -0.124716 0.030958 0.045235
v -0.124911 0.030986 0.045181
v -0.125041 0.030923 0.045101
v -0.125069 0.030784 0.045016
v -0.124990 0.030609 0.044949
v -0.124824 0.030442 0.044918
v -0.124615 0.030330 0.044931
v -0.124420 0.030302 0.044985
v -0.124291 0.030365 0.045065
v -0.124262 0.030504 0.045150
v -0.124844 0.030356 0.046174
v -0.124684 0.030189 0.046151
v -0.125046 0.030469 0.046154
v -0.125236 0.030498 0.046099
v -0.125363 0.030435 0.046021
v -0.125393 0.030297 0.045943
v -0.125318 0.030121 0.045884
v -0.125158 0.029954 0.045862
v -0.124956 0.029840 0.045881
v -0.124766 0.029812 0.045936
v -0.124639 0.029874 0.046014
v -0.124609 0.030012 0.046092
v -0.113588 0.051463 0.011122
v -0.114131 0.050296 0.013339
v -0.114287 0.050106 0.013212
v -0.113727 0.051270 0.010979
v -0.113536 0.051695 0.011264
v -0.114060 0.050529 0.013468
v -0.113585 0.051905 0.011368
v -0.114093 0.050744 0.013564
v -0.113722 0.052035 0.011406
v -0.114220 0.050882 0.013603
v -0.113910 0.052051 0.011368
v -0.114407 0.050908 0.013572
v -0.114099 0.051949 0.011263
v -0.114605 0.050813 0.013482
v -0.114238 0.051756 0.011121
v -0.114761 0.050623 0.013355
v -0.114290 0.051524 0.010978
v -0.114832 0.050390 0.013226
v -0.114241 0.051314 0.010874
v -0.114800 0.050175 0.013129
v -0.114104 0.051184 0.010836
v -0.114673 0.050037 0.013091
v -0.113916 0.051168 0.010875
v -0.114485 0.050012 0.013121
v -0.114648 0.049210 0.015698
v -0.114818 0.049026 0.015586
v -0.114558 0.049442 0.015815
v -0.114575 0.049660 0.015904
v -0.114691 0.049805 0.015944
v -0.114878 0.049839 0.015921
v -0.115083 0.049753 0.015844
v -0.115254 0.049570 0.015732
v -0.115343 0.049338 0.015615
v -0.115327 0.049120 0.015525
v -0.115210 0.048975 0.015486
v -0.115024 0.048940 0.015508
v -0.115118 0.048189 0.018181
v -0.115301 0.048013 0.018083
v -0.115012 0.048417 0.018287
v -0.115012 0.048637 0.018371
v -0.115119 0.048788 0.018412
v -0.115303 0.048831 0.018398
v -0.115515 0.048755 0.018333
v -0.115699 0.048579 0.018234
v -0.115805 0.048351 0.018129
v -0.115804 0.048132 0.018044
v -0.115698 0.047980 0.018003
v -0.115514 0.047937 0.018018
v -0.115524 0.047217 0.020772
v -0.115719 0.047050 0.020686
v -0.115402 0.047440 0.020867
v -0.115387 0.047659 0.020947
v -0.115484 0.047816 0.020990
v -0.115665 0.047867 0.020984
v -0.115882 0.047801 0.020932
v -0.116078 0.047634 0.020846
v -0.116199 0.047411 0.020751
v -0.116214 0.047192 0.020671
v -0.116118 0.047036 0.020628
v -0.115937 0.046984 0.020633
v -0.115847 0.046278 0.023452
v -0.116054 0.046121 0.023379
v -0.115711 0.046494 0.023538
v -0.115682 0.046712 0.023614
v -0.115768 0.046872 0.023660
v -0.115945 0.046932 0.023663
v -0.116167 0.046876 0.023623
v -0.116373 0.046719 0.023550
v -0.116509 0.046503 0.023465
v -0.116539 0.046285 0.023389
v -0.116453 0.046125 0.023343
v -0.116275 0.046065 0.023339
v -0.116070 0.045355 0.026205
v -0.116287 0.045208 0.026145
v -0.115921 0.045564 0.026281
v -0.115878 0.045778 0.026354
v -0.115953 0.045942 0.026403
v -0.116126 0.046010 0.026416
v -0.116350 0.045964 0.026389
v -0.116567 0.045817 0.026330
v -0.116716 0.045608 0.026253
v -0.116759 0.045393 0.026181
v -0.116684 0.045230 0.026132
v -0.116511 0.045162 0.026119
v -0.116175 0.044431 0.029014
v -0.116400 0.044295 0.028968
v -0.116013 0.044632 0.029080
v -0.115957 0.044843 0.029149
v -0.116021 0.045009 0.029203
v -0.116188 0.045084 0.029226
v -0.116415 0.045048 0.029213
v -0.116639 0.044912 0.029167
v -0.116801 0.044711 0.029100
v -0.116858 0.044500 0.029031
v -0.116794 0.044335 0.028978
v -0.116626 0.044260 0.028955
v -0.116144 0.043491 0.031862
v -0.116375 0.043365 0.031830
v -0.115970 0.043683 0.031918
v -0.115901 0.043890 0.031983
v -0.115954 0.044057 0.032040
v -0.116115 0.044138 0.032074
v -0.116342 0.044113 0.032076
v -0.116573 0.043988 0.032045
v -0.116747 0.043796 0.031989
v -0.116816 0.043588 0.031923
v -0.116763 0.043422 0.031866
v -0.116602 0.043340 0.031832
v -0.115958 0.042518 0.034731
v -0.116195 0.042403 0.034716
v -0.115774 0.042701 0.034776
v -0.115692 0.042903 0.034837
v -0.115734 0.043070 0.034899
v -0.115888 0.043157 0.034944
v -0.116113 0.043142 0.034962
v -0.116350 0.043027 0.034946
v -0.116534 0.042844 0.034902
v -0.116616 0.042642 0.034840
v -0.116574 0.042474 0.034779
v -0.116420 0.042387 0.034733
v -0.115600 0.041495 0.037606
v -0.115840 0.041391 0.037608
v -0.115407 0.041669 0.037638
v -0.115313 0.041866 0.037695
v -0.115343 0.042033 0.037760
v -0.115489 0.042125 0.037818
v -0.115711 0.042118 0.037852
v -0.115951 0.042014 0.037853
v -0.116144 0.041840 0.037821
v -0.116238 0.041643 0.037765
v -0.116208 0.041476 0.037699
v -0.116063 0.041383 0.037642
v -0.115051 0.040407 0.040470
v -0.115293 0.040312 0.040490
v -0.114851 0.040572 0.040488
v -0.114746 0.040763 0.040538
v -0.114764 0.040929 0.040608
v -0.114900 0.041026 0.040678
v -0.115118 0.041026 0.040729
v -0.115359 0.040932 0.040749
v -0.115559 0.040766 0.040731
v -0.115665 0.040575 0.040681
v -0.115647 0.040409 0.040611
v -0.115511 0.040313 0.040541
v -0.114292 0.039234 0.043313
v -0.114535 0.039150 0.043346
v -0.114085 0.039388 0.043320
v -0.113969 0.039573 0.043364
v -0.113975 0.039738 0.043435
v -0.114102 0.039840 0.043512
v -0.114315 0.039851 0.043575
v -0.114558 0.039767 0.043608
v -0.114765 0.039613 0.043601
v -0.114881 0.039428 0.043557
v -0.114874 0.039263 0.043486
v -0.114748 0.039161 0.043409
v -0.114122 0.038979 0.043927
v -0.114363 0.038898 0.043956
v -0.113916 0.039130 0.043938
v -0.113800 0.039313 0.043984
v -0.113806 0.039476 0.044053
v -0.113932 0.039578 0.044127
v -0.114144 0.039590 0.044186
v -0.114386 0.039509 0.044214
v -0.114592 0.039358 0.044204
v -0.114707 0.039175 0.044158
v -0.114701 0.039012 0.044089
v -0.114575 0.038910 0.044015
v -0.113953 0.038681 0.044665
v -0.114194 0.038604 0.044686
v -0.113748 0.038829 0.044681
v -0.113633 0.039008 0.044729
v -0.113639 0.039171 0.044796
v -0.113765 0.039274 0.044865
v -0.113977 0.039289 0.044916
v -0.114218 0.039212 0.044936
v -0.114423 0.039064 0.044920
v -0.114538 0.038885 0.044872
v -0.114531 0.038722 0.044805
v -0.114405 0.038619 0.044737
v -0.113790 0.038349 0.045505
v -0.114030 0.038275 0.045520
v -0.113586 0.038493 0.045525
v -0.113472 0.038670 0.045575
v -0.113479 0.038832 0.045640
v -0.113604 0.038935 0.045704
v -0.113815 0.038952 0.045749
v -0.114054 0.038878 0.045764
v -0.114258 0.038733 0.045743
v -0.114372 0.038557 0.045694
v -0.114366 0.038395 0.045629
v -0.114240 0.038292 0.045565
v -0.113635 0.037986 0.046433
v -0.113873 0.037915 0.046442
v -0.113432 0.038128 0.046456
v -0.113319 0.038302 0.046507
v -0.113326 0.038462 0.046571
v -0.113450 0.038565 0.046631
v -0.113660 0.038584 0.046671
v -0.113897 0.038513 0.046681
v -0.114100 0.038371 0.046657
v -0.114213 0.038197 0.046607
v -0.114207 0.038037 0.046543
v -0.114082 0.037933 0.046483
v -0.113489 0.037598 0.047432
v -0.113725 0.037529 0.047438
v -0.113288 0.037737 0.047459
v -0.113176 0.037909 0.047511
v -0.113183 0.038068 0.047574
v -0.113307 0.038171 0.047631
v -0.113514 0.038190 0.047667
v -0.113750 0.038122 0.047673
v -0.113951 0.037983 0.047646
v -0.114063 0.037811 0.047594
v -0.114057 0.037652 0.047531
v -0.113933 0.037549 0.047474
v -0.113356 0.037190 0.048490
v -0.113590 0.037123 0.048492
v -0.113156 0.037326 0.048519
v -0.113045 0.037496 0.048572
v -0.113052 0.037653 0.048634
v -0.113174 0.037756 0.048688
v -0.113380 0.037777 0.048721
v -0.113614 0.037710 0.048723
v -0.113814 0.037573 0.048693
v -0.113925 0.037404 0.048641
v -0.113918 0.037247 0.048579
v -0.113796 0.037144 0.048524
v -0.113236 0.036766 0.049589
v -0.113468 0.036702 0.049588
v -0.113039 0.036900 0.049621
v -0.112928 0.037067 0.049675
v -0.112935 0.037223 0.049736
v -0.113056 0.037326 0.049788
v -0.113261 0.037347 0.049817
v -0.113492 0.037283 0.049816
v -0.113690 0.037149 0.049784
v -0.113800 0.036982 0.049730
v -0.113794 0.036826 0.049669
v -0.113672 0.036723 0.049617
v -0.113133 0.036333 0.050716
v -0.113362 0.036270 0.050711
v -0.112937 0.036464 0.050751
v -0.112828 0.036629 0.050805
v -0.112834 0.036783 0.050866
v -0.112955 0.036885 0.050915
v -0.113157 0.036908 0.050941
v -0.113387 0.036845 0.050936
v -0.113582 0.036714 0.050902
v -0.113692 0.036549 0.050847
v -0.113685 0.036395 0.050787
v -0.113565 0.036293 0.050737
v -0.113048 0.035894 0.051855
v -0.113275 0.035833 0.051846
v -0.112854 0.036023 0.051892
v -0.112745 0.036185 0.051948
v -0.112752 0.036337 0.052007
v -0.112871 0.036439 0.052055
v -0.113072 0.036463 0.052077
v -0.113299 0.036402 0.052069
v -0.113493 0.036273 0.052032
v -0.113601 0.036111 0.051976
v -0.113595 0.035959 0.051916
v -0.113475 0.035857 0.051869
v -0.112983 0.035455 0.052990
v -0.113208 0.035396 0.052978
v -0.112791 0.035581 0.053030
v -0.112684 0.035741 0.053087
v -0.112690 0.035892 0.053146
v -0.112809 0.035993 0.053191
v -0.113007 0.036018 0.053211
v -0.113232 0.035959 0.053199
v -0.113424 0.035833 0.053159
v -0.113531 0.035673 0.053101
v -0.113525 0.035522 0.053042
v -0.113407 0.035421 0.052997
v -0.112942 0.035021 0.054106
v -0.113165 0.034965 0.054090
v -0.112752 0.035145 0.054149
v -0.112645 0.035302 0.054208
v -0.112652 0.035451 0.054267
v -0.112769 0.035552 0.054310
v -0.112965 0.035578 0.054325
v -0.113188 0.035521 0.054309
v -0.113378 0.035398 0.054266
v -0.113484 0.035241 0.054207
v -0.113478 0.035092 0.054149
v -0.113361 0.034991 0.054106
v -0.112925 0.034598 0.055189
v -0.113146 0.034544 0.055168
v -0.112737 0.034718 0.055236
v -0.112632 0.034873 0.055296
v -0.112638 0.035020 0.055355
v -0.112754 0.035120 0.055395
v -0.112948 0.035147 0.055407
v -0.113169 0.035093 0.055386
v -0.113357 0.034973 0.055339
v -0.113462 0.034819 0.055279
v -0.113456 0.034671 0.055220
v -0.113340 0.034571 0.055180
vn 0.004200 -0.368800 0.929500
vn 0.004100 -0.368200 0.929800
vn 0.004100 -0.366800 0.930300
vn 0.004100 -0.368300 0.929700
vn 0.004000 -0.368200 0.929700
vn 0.004100 -0.368400 0.929700
vn 0.004100 -0.368400 0.929600
vn 0.215100 0.474700 -0.853400
vn 0.215300 0.474200 -0.853700
vn 0.215000 0.474800 -0.853400
vn 0.215000 0.474900 -0.853400
vn 0.215100 0.474800 -0.853400
vn -0.314000 -0.417100 0.852900
vn -0.314000 -0.417000 0.852900
vn -0.314100 -0.416700 0.853000
vn -0.314000 -0.416800 0.853000
vn -0.314000 -0.416700 0.853100
vn -0.314100 -0.416700 0.853100
vn -0.314100 -0.416800 0.853000
vn -0.193500 0.927300 0.320400
vn -0.193400 0.927000 0.321400
vn -0.193400 0.927300 0.320600
vn -0.193300 0.927400 0.320200
vn -0.193300 0.927300 0.320400
vn -0.193200 0.927400 0.320300
vn -0.193200 0.927400 0.320400
vn -0.193300 0.927300 0.320600
vn -0.193300 0.927400 0.320400
vn -0.193200 0.927400 0.320200
vn -0.193200 0.927200 0.320800
vn -0.984700 -0.172300 0.026100
vn -0.985900 -0.156400 0.059900
vn -0.881000 -0.234400 0.410900
vn -0.888400 -0.265800 0.374200
vn -0.943400 -0.051700 -0.327500
vn -0.952600 -0.054100 -0.299400
vn -0.679600 0.112900 -0.724900
vn -0.700100 0.086100 -0.708800
vn -0.065200 0.278600 -0.958200
vn -0.094700 0.231300 -0.968300
vn 0.568600 0.320400 -0.757600
vn 0.549800 0.274900 -0.788800
vn 0.883900 0.268500 -0.382900
vn 0.877500 0.236000 -0.417600
vn 0.980300 0.194900 -0.031300
vn 0.982000 0.177300 -0.064400
vn 0.940100 0.098000 0.326600
vn 0.949600 0.098000 0.297900
vn 0.684300 -0.056900 0.727000
vn 0.704400 -0.032600 0.709000
vn 0.071300 -0.246900 0.966400
vn 0.101800 -0.199900 0.974500
vn -0.573400 -0.318000 0.755000
vn -0.552600 -0.272600 0.787600
vn -0.985300 -0.123300 0.118000
vn -0.866000 -0.172900 0.469300
vn -0.966700 -0.054000 -0.250000
vn -0.731100 0.042800 -0.680900
vn -0.135000 0.148300 -0.979700
vn 0.519300 0.189400 -0.833300
vn 0.862900 0.173500 -0.474600
vn 0.982200 0.142100 -0.122500
vn 0.964500 0.094500 0.246500
vn 0.735000 0.006400 0.678100
vn 0.141300 -0.119300 0.982800
vn -0.521400 -0.187900 0.832300
vn -0.980700 -0.093100 0.172100
vn -0.845700 -0.119500 0.520100
vn -0.978400 -0.051500 -0.200200
vn -0.762200 0.008700 -0.647300
vn -0.178900 0.079500 -0.980600
vn 0.483100 0.117100 -0.867700
vn 0.843000 0.119300 -0.524500
vn 0.978100 0.110400 -0.176700
vn 0.976700 0.089200 0.195300
vn 0.765600 0.037000 0.642300
vn 0.184500 -0.052800 0.981400
vn -0.484900 -0.116100 0.866800
vn -0.972500 -0.065400 0.223400
vn -0.821500 -0.072500 0.565600
vn -0.987500 -0.047100 -0.150300
vn -0.792400 -0.018400 -0.609800
vn -0.224800 0.021800 -0.974200
vn 0.443100 0.054800 -0.894800
vn 0.819000 0.071700 -0.569300
vn 0.970200 0.081400 -0.228200
vn 0.986100 0.082600 0.144300
vn 0.795300 0.061300 0.603100
vn 0.229500 0.003200 0.973300
vn -0.444700 -0.054400 0.894000
vn -0.961300 -0.039600 0.272600
vn -0.794100 -0.030200 0.607000
vn -0.994100 -0.041400 -0.100300
vn -0.821200 -0.040300 -0.569300
vn -0.271300 -0.027700 -0.962100
vn 0.400400 0.000100 -0.916400
vn 0.791700 0.029000 -0.610200
vn 0.959200 0.054600 -0.277500
vn 0.992800 0.075100 0.093300
vn 0.823700 0.080900 0.561200
vn 0.275500 0.051200 0.959900
vn -0.402000 -0.000100 0.915600
vn -0.947300 -0.015100 0.320000
vn -0.764100 0.008600 0.645100
vn -0.998100 -0.034700 -0.050400
vn -0.848200 -0.058400 -0.526400
vn -0.318000 -0.071200 -0.945400
vn 0.355700 -0.049100 -0.933300
vn 0.761700 -0.010100 -0.647800
vn 0.945200 0.029200 -0.325000
vn 0.996900 0.067000 0.042500
vn 0.850300 0.097200 0.517200
vn 0.321600 0.093500 0.942300
vn -0.357400 0.048800 0.932700
vn -0.930700 0.008600 0.365600
vn -0.731800 0.045000 0.680100
vn -0.999600 -0.027100 -0.000500
vn -0.873300 -0.073500 -0.481600
vn -0.364300 -0.110300 -0.924700
vn 0.309600 -0.094400 -0.946200
vn 0.729400 -0.046900 -0.682500
vn 0.928600 0.004800 -0.370900
vn 0.998300 0.058200 -0.008300
vn 0.875000 0.110900 0.471200
vn 0.367300 0.131700 0.920700
vn -0.311400 0.093700 0.945700
vn -0.911700 0.032100 0.409500
vn -0.697500 0.080000 0.712100
vn -0.998600 -0.018600 0.049100
vn -0.896200 -0.086400 -0.435100
vn -0.409800 -0.146300 -0.900400
vn 0.262500 -0.137200 -0.955100
vn 0.695000 -0.082100 -0.714300
vn 0.909500 -0.019200 -0.415200
vn 0.997100 0.048800 -0.058900
vn 0.897600 0.122700 0.423400
vn 0.412400 0.166900 0.895600
vn -0.264400 0.136100 0.954700
vn -0.890400 0.055600 0.451700
vn -0.661400 0.114300 0.741300
vn -0.995100 -0.009200 0.098400
vn -0.916900 -0.097700 -0.386900
vn -0.454200 -0.180300 -0.872500
vn 0.214700 -0.178400 -0.960300
vn 0.658700 -0.116800 -0.743300
vn 0.888000 -0.043200 -0.457800
vn 0.993300 0.038600 -0.109200
vn 0.917900 0.133000 0.373900
vn 0.456400 0.200200 0.866900
vn -0.216800 0.177100 0.960000
vn -0.866900 0.079700 0.492000
vn -0.623700 0.148800 0.767400
vn -0.989100 0.001100 0.147200
vn -0.935300 -0.107700 -0.337200
vn -0.497300 -0.213100 -0.841000
vn 0.166400 -0.219200 -0.961400
vn 0.620900 -0.151500 -0.769100
vn 0.864300 -0.067700 -0.498500
vn 0.986900 0.027700 -0.159200
vn 0.935700 0.142300 0.322800
vn 0.499200 0.232600 0.834700
vn -0.168700 0.217600 0.961400
vn -0.841400 0.104800 0.530200
vn -0.584700 0.183900 0.790100
vn -0.980600 0.012700 0.195400
vn -0.951100 -0.116600 -0.286100
vn -0.538900 -0.245500 -0.805800
vn 0.118000 -0.260200 -0.958300
vn 0.581600 -0.187000 -0.791700
vn 0.838400 -0.093200 -0.537100
vn 0.977900 0.015700 -0.208600
vn 0.951000 0.150600 0.270100
vn 0.540500 0.264600 0.798600
vn -0.120500 0.258400 0.958500
vn -0.820600 0.128300 0.557000
vn -0.553400 0.218800 0.803600
vn -0.972400 0.020500 0.232500
vn -0.961400 -0.128300 -0.243300
vn -0.570100 -0.276500 -0.773700
vn 0.081900 -0.298000 -0.951100
vn 0.552600 -0.222700 -0.803100
vn 0.819200 -0.125900 -0.559500
vn 0.971000 -0.011200 -0.238800
vn 0.962200 0.139100 0.234100
vn 0.574700 0.280800 0.768700
vn -0.080400 0.294300 0.952300
vn -0.817400 0.155800 0.554600
vn -0.548800 0.252100 0.797100
vn -0.971400 0.036700 0.234600
vn -0.962800 -0.128400 -0.237900
vn -0.570700 -0.295500 -0.766200
vn 0.080600 -0.327600 -0.941400
vn 0.550000 -0.256600 -0.794700
vn 0.817400 -0.162100 -0.552800
vn 0.971200 -0.046100 -0.233700
vn 0.964800 0.116100 0.235900
vn 0.578700 0.284600 0.764300
vn -0.075300 0.322000 0.943800
vn -0.821900 0.192000 0.536300
vn -0.554800 0.288500 0.780400
vn -0.973800 0.067600 0.217200
vn -0.961700 -0.111200 -0.250400
vn -0.565700 -0.303000 -0.766900
vn 0.086900 -0.356500 -0.930200
vn 0.555500 -0.293000 -0.778200
vn 0.821400 -0.198300 -0.534800
vn 0.973200 -0.077000 -0.216800
vn 0.963800 0.098600 0.247700
vn 0.574100 0.291900 0.765000
vn -0.081900 0.350800 0.932900
vn -0.825200 0.229900 0.516000
vn -0.559600 0.328100 0.761100
vn -0.975100 0.098500 0.198700
vn -0.960100 -0.096300 -0.262500
vn -0.561000 -0.314900 -0.765600
vn 0.092200 -0.389600 -0.916400
vn 0.559800 -0.332400 -0.759000
vn 0.824200 -0.236000 -0.514700
vn 0.974100 -0.107800 -0.198700
vn 0.962100 0.083600 0.259500
vn 0.569400 0.303700 0.763900
vn -0.087800 0.384100 0.919100
vn -0.827200 0.267300 0.494300
vn -0.563100 0.368400 0.739700
vn -0.975400 0.127800 0.179700
vn -0.958100 -0.084100 -0.273800
vn -0.556900 -0.329900 -0.762200
vn 0.096400 -0.424900 -0.900100
vn 0.562900 -0.372500 -0.737800
vn 0.825900 -0.273200 -0.493200
vn 0.974100 -0.136700 -0.179800
vn 0.960000 0.071700 0.270800
vn 0.564900 0.319000 0.761000
vn -0.092500 0.419700 0.903000
vn -0.828100 0.302500 0.471900
vn -0.565400 0.407500 0.717100
vn -0.974900 0.154100 0.160800
vn -0.955900 -0.075000 -0.284000
vn -0.553500 -0.347200 -0.757000
vn 0.099400 -0.460500 -0.882100
vn 0.564800 -0.411400 -0.715300
vn 0.826600 -0.308000 -0.471000
vn 0.973500 -0.162700 -0.160900
vn 0.957500 0.063000 0.281400
vn 0.560900 0.336700 0.756300
vn -0.096200 0.455600 0.885000
vn -0.828300 0.334200 0.449600
vn -0.566900 0.443900 0.694000
vn -0.973900 0.176900 0.142400
vn -0.953600 -0.068900 -0.293000
vn -0.550800 -0.365500 -0.750400
vn 0.101600 -0.494800 -0.863000
vn 0.566000 -0.447500 -0.692400
vn 0.826700 -0.339400 -0.448800
vn 0.972400 -0.185000 -0.142500
vn 0.955000 0.057600 0.291000
vn 0.557400 0.355700 0.750200
vn -0.099100 0.490300 0.865900
vn -0.828100 0.361900 0.428100
vn -0.567700 0.476600 0.671200
vn -0.972600 0.195900 0.125200
vn -0.951400 -0.065600 -0.300800
vn -0.548400 -0.384100 -0.742800
vn 0.103200 -0.526700 -0.843700
vn 0.566600 -0.479900 -0.669800
vn 0.826400 -0.366800 -0.427300
vn 0.971100 -0.203400 -0.125100
vn 0.952600 0.055100 0.299300
vn 0.554200 0.375000 0.743100
vn -0.101400 0.522700 0.846500
vn -0.827700 0.385400 0.407800
vn -0.568400 0.505200 0.649400
vn -0.971300 0.211000 0.109300
vn -0.949400 -0.064600 -0.307400
vn -0.546400 -0.402200 -0.734600
vn 0.104600 -0.555700 -0.824800
vn 0.567200 -0.508200 -0.648100
vn 0.826000 -0.389900 -0.407000
vn 0.969800 -0.217900 -0.109100
vn 0.950300 0.055000 0.306300
vn 0.551300 0.394000 0.735500
vn -0.103300 0.552000 0.827400
vn -0.827500 0.404800 0.389100
vn -0.569000 0.529700 0.629000
vn -0.970200 0.222700 0.095000
vn -0.947600 -0.065600 -0.312800
vn -0.544500 -0.419500 -0.726400
vn 0.106000 -0.581300 -0.806700
vn 0.567800 -0.532400 -0.627800
vn 0.825900 -0.408900 -0.388300
vn 0.968800 -0.229000 -0.094600
vn 0.948300 0.056800 0.312200
vn 0.548500 0.412100 0.727500
vn -0.105200 0.578000 0.809200
vn -0.827500 0.420400 0.372200
vn -0.569900 0.550200 0.610300
vn -0.969400 0.231300 0.082300
vn -0.945900 -0.068100 -0.317200
vn -0.542500 -0.435600 -0.718200
vn 0.107600 -0.603800 -0.789900
vn 0.568600 -0.552800 -0.609200
vn 0.825900 -0.424100 -0.371400
vn 0.968100 -0.237000 -0.081700
vn 0.946500 0.060100 0.317100
vn 0.545800 0.429100 0.719700
vn -0.107200 0.600900 0.792100
vn -0.827800 0.432800 0.357000
vn -0.571100 0.567300 0.593200
vn -0.968800 0.237300 0.071000
vn -0.944400 -0.071700 -0.320800
vn -0.540600 -0.450600 -0.710500
vn 0.109500 -0.623300 -0.774300
vn 0.569900 -0.569700 -0.592200
vn 0.826400 -0.436200 -0.356200
vn 0.967600 -0.242400 -0.070300
vn 0.944900 0.064600 0.321000
vn 0.543200 0.444800 0.712100
vn -0.109400 0.620600 0.776400
vn -0.819100 0.456200 0.347900
vn -0.559500 0.591200 0.580900
vn -0.964300 0.256500 0.066100
vn -0.945800 -0.064600 -0.318300
vn -0.548500 -0.463000 -0.696300
vn 0.096400 -0.648800 -0.754800
vn 0.557200 -0.597300 -0.576900
vn 0.817100 -0.459800 -0.347700
vn 0.963400 -0.258600 -0.069900
vn 0.948000 0.060000 0.312400
vn 0.554000 0.455800 0.696700
vn -0.096200 0.641800 0.760800
vn -0.788300 0.504700 0.351900
vn -0.516700 0.634400 0.574800
vn -0.949400 0.303700 0.079800
vn -0.955600 -0.030900 -0.292900
vn -0.587700 -0.461800 -0.664300
vn 0.045900 -0.680600 -0.731200
vn 0.513400 -0.643700 -0.567500
vn 0.785900 -0.508400 -0.352000
vn 0.949000 -0.303000 -0.087500
vn 0.959000 0.028600 0.281900
vn 0.595400 0.453000 0.663500
vn -0.045500 0.669900 0.741100
vn -0.744900 0.560500 0.361900
vn -0.458300 0.682200 0.569700
vn -0.927300 0.359800 0.103500
vn -0.966500 0.014000 -0.256300
vn -0.637900 -0.449200 -0.625500
vn -0.019900 -0.706100 -0.707900
vn 0.455200 -0.690200 -0.562400
vn 0.742700 -0.563600 -0.361600
vn 0.926800 -0.359000 -0.110300
vn 0.969000 -0.015900 0.246700
vn 0.643700 0.441300 0.625300
vn 0.019700 0.696400 0.717300
vn -0.699600 0.609100 0.373600
vn -0.399300 0.720600 0.566900
vn -0.902200 0.411900 0.128100
vn -0.973600 0.059900 -0.220100
vn -0.684800 -0.429600 -0.588600
vn -0.084400 -0.721600 -0.687100
vn 0.396400 -0.727700 -0.559700
vn 0.697700 -0.611700 -0.372900
vn 0.901700 -0.411000 -0.134000
vn 0.975400 -0.061300 0.211700
vn 0.689000 0.422500 0.588900
vn 0.083800 0.713000 0.696200
vn -0.653000 0.651000 0.387000
vn -0.340000 0.750700 0.566400
vn -0.874500 0.459900 0.153800
vn -0.977200 0.105900 -0.183800
vn -0.728200 -0.404300 -0.553400
vn -0.147400 -0.728700 -0.668800
vn 0.337300 -0.757100 -0.559500
vn 0.651200 -0.653300 -0.386200
vn 0.874100 -0.458900 -0.159100
vn 0.978400 -0.106900 0.176700
vn 0.731200 0.398100 0.553900
vn 0.146500 0.720900 0.677400
vn -0.605000 0.687100 0.402400
vn -0.280900 0.773700 0.567900
vn -0.844500 0.504100 0.180900
vn -0.977400 0.151700 -0.147300
vn -0.768400 -0.374400 -0.519100
vn -0.208600 -0.728500 -0.652600
vn 0.278300 -0.779400 -0.561400
vn 0.603300 -0.689100 -0.401500
vn 0.844100 -0.503000 -0.185500
vn 0.978200 -0.152200 0.141100
vn 0.770300 0.369200 0.519900
vn 0.207400 0.721500 0.660600
vn -0.555800 0.717700 0.419400
vn -0.221900 0.790300 0.571200
vn -0.812100 0.544600 0.209300
vn -0.974200 0.196800 -0.110100
vn -0.805100 -0.341000 -0.485300
vn -0.267900 -0.722200 -0.637700
vn 0.219400 -0.795400 -0.565000
vn 0.554300 -0.719500 -0.418500
vn 0.811800 -0.543600 -0.213400
vn 0.974800 -0.196800 0.104800
vn 0.806300 0.336600 0.486400
vn 0.266500 0.715900 0.645300
vn -0.505600 0.743500 0.437700
vn -0.163000 0.801300 0.575600
vn -0.777600 0.581700 0.238800
vn -0.967900 0.240900 -0.072300
vn -0.838500 -0.304900 -0.451700
vn -0.325500 -0.710700 -0.623700
vn 0.160700 -0.805900 -0.569800
vn 0.504100 -0.745100 -0.436700
vn 0.777200 -0.580600 -0.242500
vn 0.968300 -0.240600 0.067700
vn 0.839000 0.301300 0.453000
vn 0.323700 0.705200 0.630800
vn -0.454300 0.764900 0.456700
vn -0.104300 0.807400 0.580700
vn -0.740900 0.615300 0.269100
vn -0.958300 0.283600 -0.033800
vn -0.868500 -0.266700 -0.417700
vn -0.381300 -0.694800 -0.609900
vn 0.102100 -0.811600 -0.575200
vn 0.453000 -0.766300 -0.455700
vn 0.740600 -0.614300 -0.272400
vn 0.958600 -0.283100 0.029800
vn 0.868700 0.263900 0.419300
vn 0.379300 0.689800 0.616600
vn -0.402000 0.782100 0.476100
vn -0.045900 0.809100 0.585900
vn -0.702200 0.645800 0.299900
vn -0.945700 0.325100 0.005300
vn -0.895400 -0.227000 -0.383100
vn -0.435200 -0.675000 -0.595800
vn 0.043700 -0.812900 -0.580700
vn 0.400800 -0.783400 -0.475000
vn 0.701900 -0.644700 -0.302900
vn 0.945900 -0.324400 -0.008900
vn 0.895200 0.224700 0.384800
vn 0.433100 0.670700 0.602200
vn -0.348800 0.795600 0.495300
vn 0.012200 0.806800 0.590700
vn -0.661400 0.673100 0.330900
vn -0.929900 0.365000 0.045100
vn -0.919000 -0.186100 -0.347700
vn -0.487200 -0.652000 -0.581000
vn -0.014300 -0.810300 -0.585800
vn 0.347700 -0.796700 -0.494300
vn 0.661000 -0.672100 -0.333700
vn 0.930100 -0.364200 -0.048200
vn 0.918600 0.184400 0.349500
vn 0.485000 0.648200 0.587000
vn -0.294700 0.805500 0.514000
vn 0.070000 0.801000 0.594600
vn -0.618600 0.697400 0.361800
vn -0.911100 0.403200 0.085200
vn -0.939300 -0.144400 -0.311300
vn -0.537300 -0.626200 -0.565000
vn -0.072000 -0.804200 -0.590000
vn 0.293600 -0.806500 -0.513100
vn 0.618100 -0.696500 -0.364400
vn 0.911200 -0.402400 -0.088100
vn 0.938800 0.143200 0.313200
vn 0.535100 0.622800 0.570800
vn -0.240100 0.808100 0.537900
vn 0.125800 0.784200 0.607600
vn -0.573300 0.718500 0.393900
vn -0.889100 0.440500 0.124400
vn -0.956000 -0.103600 -0.274300
vn -0.585300 -0.599800 -0.545600
vn -0.129700 -0.795900 -0.591400
vn 0.238900 -0.812700 -0.531500
vn 0.574300 -0.716400 -0.396200
vn 0.890200 -0.437700 -0.125900
vn 0.953400 0.098200 0.285400
vn 0.580100 0.586400 0.565400
vn -0.179800 0.804700 0.565900
vn 0.186100 0.758100 0.625100
vn -0.520700 0.737800 0.429500
vn -0.859000 0.484100 0.166500
vn -0.970200 -0.048100 -0.237400
vn -0.636000 -0.560200 -0.530800
vn -0.191600 -0.778200 -0.598100
vn 0.178300 -0.812800 -0.554500
vn 0.522700 -0.735100 -0.431700
vn 0.861000 -0.480400 -0.167300
vn 0.966000 0.037800 0.255900
vn 0.628300 0.536800 0.563100
vn -0.117600 0.800800 0.587200
vn 0.247100 0.733700 0.633000
vn -0.466000 0.755100 0.461200
vn -0.825900 0.525600 0.203900
vn -0.978100 0.009400 -0.207800
vn -0.681300 -0.512600 -0.522600
vn -0.252100 -0.752600 -0.608200
vn 0.116100 -0.808600 -0.576700
vn 0.467600 -0.752900 -0.463100
vn 0.827300 -0.523000 -0.204900
vn 0.974300 -0.020500 0.224100
vn 0.674600 0.490100 0.552000
vn -0.053800 0.797200 0.601300
vn 0.308100 0.709600 0.633700
vn -0.408300 0.772400 0.486500
vn -0.788600 0.567000 0.237900
vn -0.982000 0.066700 -0.176500
vn -0.724600 -0.465400 -0.508300
vn -0.312700 -0.727300 -0.610900
vn 0.052300 -0.804500 -0.591600
vn 0.409700 -0.770600 -0.488200
vn 0.789500 -0.565300 -0.239000
vn 0.978500 -0.078200 0.191000
vn 0.718700 0.443900 0.535200
vn 0.011200 0.792900 0.609200
vn 0.368600 0.684900 0.628500
vn -0.347900 0.789100 0.506200
vn -0.747200 0.608000 0.268300
vn -0.981700 0.124000 -0.144600
vn -0.765500 -0.417800 -0.489400
vn -0.372900 -0.701500 -0.607300
vn -0.012600 -0.799800 -0.600100
vn 0.349200 -0.787700 -0.507600
vn 0.747700 -0.606900 -0.269400
vn 0.978200 -0.135600 0.157500
vn 0.760100 0.397300 0.514100
vn 0.077000 0.787300 0.611700
vn 0.428100 0.658900 0.618500
vn -0.285100 0.804700 0.520700
vn -0.701900 0.648400 0.294900
vn -0.976900 0.181400 -0.112900
vn -0.803300 -0.369400 -0.467100
vn -0.432000 -0.674500 -0.598700
vn -0.078200 -0.793900 -0.603000
vn 0.286300 -0.803600 -0.521800
vn 0.702000 -0.647800 -0.296000
vn 0.973300 -0.193000 0.124500
vn 0.798500 0.349800 0.490000
vn 0.143100 0.779900 0.609400
vn 0.486200 0.631100 0.604400
vn -0.220300 0.818600 0.530400
vn -0.652600 0.687800 0.317800
vn -0.967500 0.239200 -0.082200
vn -0.837800 -0.319600 -0.442600
vn -0.489700 -0.645700 -0.585900
vn -0.144100 -0.786100 -0.601100
vn 0.221400 -0.817800 -0.531200
vn 0.652400 -0.687600 -0.318700
vn 0.963600 -0.250600 0.092700
vn 0.833300 0.300900 0.463700
vn 0.209000 0.769900 0.603000
vn 0.542400 0.600900 0.587200
vn -0.153900 0.830300 0.535600
vn -0.599700 0.725900 0.336800
vn -0.953300 0.297200 -0.052900
vn -0.868700 -0.268100 -0.416500
vn -0.545500 -0.614600 -0.569800
vn -0.209900 -0.775700 -0.595100
vn 0.154900 -0.829700 -0.536300
vn 0.599400 -0.725800 -0.337600
vn 0.949200 -0.308300 0.062600
vn 0.864400 0.250300 0.436100
vn 0.274300 0.756900 0.593200
vn 0.596200 0.567800 0.567500
vn -0.086100 0.839200 0.537000
vn -0.543500 0.762000 0.352200
vn -0.934400 0.355300 -0.025500
vn -0.895600 -0.214700 -0.389600
vn -0.599100 -0.580700 -0.551200
vn -0.275100 -0.762400 -0.585700
vn 0.087100 -0.838800 -0.537500
vn 0.543100 -0.762000 -0.352700
vn 0.930000 -0.365900 0.034500
vn 0.891400 0.197700 0.407900
vn 0.338700 0.740400 0.580600
vn 0.647300 0.531700 0.546100
vn -0.017400 0.844800 0.534800
vn -0.484100 0.795700 0.364000
vn -0.910700 0.413200 -0.000300
vn -0.918200 -0.159200 -0.362700
vn -0.650100 -0.543800 -0.530800
vn -0.339300 -0.745700 -0.573400
vn 0.018500 -0.844600 -0.535100
vn 0.483700 -0.795900 -0.364100
vn 0.906000 -0.423100 0.008900
vn 0.913900 0.143200 0.379800
vn 0.401700 0.720200 0.565600
vn 0.695400 0.492200 0.523600
vn 0.051700 0.846700 0.529600
vn -0.422000 0.826600 0.372300
vn -0.882100 0.470400 0.022400
vn -0.936300 -0.101900 -0.336100
vn -0.698100 -0.503500 -0.509100
vn -0.402100 -0.725300 -0.558900
vn -0.050300 -0.846700 -0.529700
vn 0.421500 -0.826800 -0.372300
vn 0.877300 -0.479800 -0.014300
vn 0.931900 0.086900 0.352200
vn 0.463000 0.695900 0.549000
vn 0.740100 0.449400 0.500400
vn 0.120900 0.844400 0.521800
vn -0.357400 0.854200 0.377500
vn -0.849000 0.526700 0.042400
vn -0.949600 -0.042900 -0.310500
vn -0.742600 -0.460100 -0.486700
vn -0.463200 -0.700800 -0.542500
vn -0.119200 -0.844800 -0.521700
vn 0.357000 -0.854500 -0.377300
vn 0.843800 -0.535600 -0.034800
vn 0.945100 0.028700 0.325600
vn 0.505700 0.672300 0.540600
vn 0.770200 0.414300 0.484900
vn 0.170500 0.835800 0.521900
vn -0.308100 0.868800 0.387700
vn -0.819800 0.569400 0.061200
vn -0.956100 0.007300 -0.292800
vn -0.773500 -0.420900 -0.473900
vn -0.507500 -0.676600 -0.533600
vn -0.171000 -0.838300 -0.517700
vn 0.307200 -0.871600 -0.382100
vn 0.816500 -0.575100 -0.050300
vn 0.951900 -0.015100 0.306200
vn 0.516200 0.660000 0.545800
vn 0.777400 0.400500 0.484900
vn 0.182500 0.827100 0.531600
vn -0.296100 0.867600 0.399500
vn -0.811800 0.579800 0.069700
vn -0.956300 0.025100 -0.291400
vn -0.780500 -0.403700 -0.477400
vn -0.518900 -0.663400 -0.539100
vn -0.185000 -0.831100 -0.524400
vn 0.294200 -0.872500 -0.390200
vn 0.809900 -0.583700 -0.058000
vn 0.953100 -0.028000 0.301500
vn 0.514000 0.655800 0.552900
vn 0.775900 0.397300 0.490000
vn 0.179900 0.822600 0.539400
vn -0.298600 0.863600 0.406200
vn -0.812900 0.578000 0.072000
vn -0.955200 0.026400 -0.294800
vn -0.778200 -0.400100 -0.484100
vn -0.516000 -0.658800 -0.547500
vn -0.181900 -0.825900 -0.533700
vn 0.296800 -0.867600 -0.398900
vn 0.811000 -0.581600 -0.063000
vn 0.952700 -0.029300 0.302500
vn 0.512800 0.653600 0.556700
vn 0.775000 0.395500 0.492900
vn 0.178600 0.820200 0.543500
vn -0.299700 0.861600 0.409700
vn -0.813400 0.577100 0.072900
vn -0.954500 0.027200 -0.296800
vn -0.776900 -0.398100 -0.487800
vn -0.514500 -0.656200 -0.552100
vn -0.180300 -0.823100 -0.538500
vn 0.298100 -0.865100 -0.403300
vn 0.811600 -0.580600 -0.065400
vn 0.952400 -0.030100 0.303300
vn 0.512100 0.652300 0.558800
vn 0.774500 0.394300 0.494600
vn 0.177900 0.818900 0.545700
vn -0.300300 0.860600 0.411300
vn -0.813600 0.576800 0.073000
vn -0.954100 0.027800 -0.298300
vn -0.776100 -0.396900 -0.490000
vn -0.513500 -0.654700 -0.554600
vn -0.179400 -0.821600 -0.541200
vn 0.298800 -0.863900 -0.405600
vn 0.811800 -0.580200 -0.066300
vn 0.952200 -0.030800 0.304100
vn 0.511700 0.651500 0.560100
vn 0.774100 0.393600 0.495800
vn 0.177600 0.818200 0.546800
vn -0.300700 0.860200 0.411800
vn -0.813700 0.576800 0.072500
vn -0.953700 0.028400 -0.299400
vn -0.775700 -0.396100 -0.491400
vn -0.513000 -0.653900 -0.556000
vn -0.179000 -0.820900 -0.542400
vn 0.299100 -0.863400 -0.406300
vn 0.811800 -0.580200 -0.066200
vn 0.951900 -0.031400 0.304900
vn 0.511700 0.651200 0.560500
vn 0.773900 0.393100 0.496600
vn 0.177700 0.818100 0.546900
vn -0.300700 0.860400 0.411300
vn -0.813500 0.577200 0.071500
vn -0.953400 0.029000 -0.300400
vn -0.775300 -0.395700 -0.492200
vn -0.512800 -0.653700 -0.556500
vn -0.178900 -0.820800 -0.542500
vn 0.298900 -0.863600 -0.406000
vn 0.811400 -0.580800 -0.065400
vn 0.951600 -0.032100 0.305700
vn 0.511800 0.651200 0.560300
vn 0.773800 0.392800 0.497000
vn 0.178100 0.818500 0.546200
vn -0.300200 0.861200 0.410000
vn -0.813000 0.578000 0.069900
vn -0.953000 0.029300 -0.301500
vn -0.775200 -0.395600 -0.492600
vn -0.512800 -0.653900 -0.556200
vn -0.179100 -0.821300 -0.541600
vn 0.298400 -0.864500 -0.404500
vn 0.810700 -0.582000 -0.063900
vn 0.951200 -0.033000 0.306800
vn 0.512100 0.651800 0.559400
vn 0.773800 0.392600 0.497100
vn 0.178700 0.819600 0.544400
vn -0.299300 0.862700 0.407600
vn -0.812200 0.579400 0.067600
vn -0.952600 0.029900 -0.302700
vn -0.775200 -0.395800 -0.492400
vn -0.513200 -0.654600 -0.555100
vn -0.179800 -0.822500 -0.539600
vn 0.297500 -0.866100 -0.401700
vn 0.809700 -0.583700 -0.061200
vn 0.950700 -0.034100 0.308200
vn 0.512800 0.652900 0.557500
vn 0.774000 0.392500 0.496800
vn 0.179800 0.821500 0.541100
vn -0.297800 0.865200 0.403400
vn -0.811000 0.581500 0.063700
vn -0.952100 0.030600 -0.304300
vn -0.775300 -0.396400 -0.491700
vn -0.514000 -0.656100 -0.552600
vn -0.181200 -0.824800 -0.535700
vn 0.295700 -0.869000 -0.396700
vn 0.808000 -0.586500 -0.056700
vn 0.950000 -0.035500 0.310300
vn 0.514300 0.654900 0.553700
vn 0.774600 0.392700 0.495900
vn 0.182000 0.825000 0.535100
vn -0.295100 0.869600 0.395800
vn -0.809000 0.585000 0.057000
vn -0.951300 0.031400 -0.306700
vn -0.775800 -0.397700 -0.489900
vn -0.515500 -0.658900 -0.547800
vn -0.183500 -0.828900 -0.528500
vn 0.292500 -0.874100 -0.387800
vn 0.805000 -0.591200 -0.048900
vn 0.948800 -0.037800 0.313600
vn 0.517600 0.659100 0.545600
vn 0.775700 0.393200 0.493600
vn 0.186900 0.831900 0.522500
vn -0.289600 0.878300 0.380400
vn -0.805100 0.591600 0.043800
vn -0.949800 0.032500 -0.311100
vn -0.776900 -0.400700 -0.485700
vn -0.518500 -0.664900 -0.537700
vn -0.188200 -0.837200 -0.513400
vn 0.286200 -0.884100 -0.369300
vn 0.798800 -0.600700 -0.033400
vn 0.946600 -0.042800 0.319700
vn 0.520600 0.661400 0.540000
vn 0.777000 0.392900 0.491900
vn 0.191300 0.836100 0.514100
vn -0.285000 0.884200 0.370100
vn -0.803000 0.595000 0.034000
vn -0.948500 0.031100 -0.315100
vn -0.776700 -0.404000 -0.483200
vn -0.519800 -0.669500 -0.530700
vn -0.191000 -0.842900 -0.502900
vn 0.281500 -0.890800 -0.356700
vn 0.793800 -0.607700 -0.023400
vn 0.945100 -0.047200 0.323300
vn 0.898500 -0.438800 -0.010600
vn 0.885300 -0.464400 -0.022700
vn 0.669000 -0.718300 -0.191000
vn 0.693600 -0.695200 -0.188500
vn 0.978100 -0.121100 0.169100
vn 0.978000 -0.146100 0.148800
vn 0.870400 0.322300 0.372100
vn 0.888200 0.303100 0.345200
vn 0.381600 0.780000 0.495900
vn 0.417100 0.776900 0.471600
vn -0.283300 0.876100 0.390200
vn -0.247700 0.891200 0.379900
vn -0.699900 0.687800 0.192300
vn -0.675000 0.711500 0.195200
vn -0.901400 0.432800 0.008600
vn -0.888200 0.459000 0.021200
vn -0.977400 0.116200 -0.176700
vn -0.977500 0.141900 -0.155800
vn -0.865500 -0.327200 -0.379300
vn -0.884100 -0.307300 -0.352000
vn -0.380400 -0.782000 -0.493800
vn -0.416400 -0.778600 -0.469500
vn 0.275500 -0.881300 -0.384000
vn 0.240400 -0.896000 -0.373500
vn 0.857500 -0.512300 -0.047400
vn 0.620000 -0.759500 -0.196900
vn 0.975000 -0.194100 0.108600
vn 0.918400 0.265700 0.293300
vn 0.479500 0.768100 0.424500
vn -0.181200 0.915300 0.359700
vn -0.625700 0.753600 0.201500
vn -0.860200 0.507800 0.046600
vn -0.974900 0.190800 -0.114700
vn -0.915500 -0.268800 -0.299300
vn -0.479900 -0.769000 -0.422400
vn 0.174000 -0.919300 -0.353000
vn 0.827000 -0.557100 -0.075300
vn 0.570100 -0.795100 -0.206900
vn 0.968000 -0.241800 0.066800
vn 0.943800 0.224800 0.242200
vn 0.537700 0.752000 0.381100
vn -0.116200 0.931700 0.344200
vn -0.575500 0.789900 0.211900
vn -0.829600 0.553300 0.074900
vn -0.968300 0.239200 -0.072300
vn -0.942000 -0.226600 -0.247700
vn -0.539400 -0.752000 -0.378900
vn 0.109200 -0.935000 -0.337400
vn 0.793800 -0.598800 -0.106600
vn 0.519000 -0.825700 -0.220900
vn 0.957200 -0.288600 0.022700
vn 0.964700 0.181700 0.190700
vn 0.592200 0.730600 0.340000
vn -0.052700 0.941600 0.332500
vn -0.524100 0.821100 0.226200
vn -0.796300 0.595500 0.106600
vn -0.957700 0.286600 -0.027700
vn -0.963600 -0.182400 -0.195600
vn -0.595000 -0.729400 -0.337600
vn 0.045400 -0.944400 -0.325600
vn 0.757600 -0.637200 -0.141500
vn 0.466600 -0.851700 -0.238500
vn 0.942300 -0.333800 -0.024700
vn 0.981000 0.137200 0.137200
vn 0.643100 0.704700 0.299600
vn 0.009700 0.946100 0.323700
vn -0.471500 0.847500 0.243900
vn -0.760000 0.634200 0.141800
vn -0.943000 0.332300 0.020000
vn -0.980400 -0.137100 -0.141800
vn -0.646800 -0.702500 -0.296900
vn -0.017300 -0.948400 -0.316600
vn 0.718100 -0.672200 -0.180200
vn 0.412600 -0.873300 -0.259200
vn 0.923100 -0.377100 -0.075700
vn 0.992400 0.092500 0.080900
vn 0.690400 0.675700 0.258400
vn 0.071200 0.945900 0.316600
vn -0.417500 0.869200 0.264800
vn -0.720700 0.669300 0.180600
vn -0.923900 0.375900 0.071300
vn -0.992200 -0.091500 -0.085000
vn -0.694900 -0.672200 -0.255300
vn -0.079200 -0.947700 -0.309200
vn 0.675100 -0.703400 -0.222300
vn 0.356500 -0.890500 -0.282500
vn 0.899100 -0.417800 -0.130900
vn 0.998600 0.048400 0.020700
vn 0.733700 0.644500 0.215300
vn 0.131900 0.941500 0.310200
vn -0.361600 0.886700 0.288200
vn -0.677800 0.700600 0.222900
vn -0.900100 0.416800 0.126700
vn -0.998600 -0.046500 -0.024400
vn -0.739000 -0.639700 -0.211600
vn -0.140500 -0.942800 -0.302400
vn 0.628200 -0.730500 -0.267700
vn 0.298300 -0.903600 -0.307500
vn 0.869700 -0.455400 -0.190200
vn 0.999000 0.005700 -0.044200
vn 0.772800 0.611800 0.168800
vn 0.191900 0.933400 0.303200
vn -0.303500 0.899800 0.313300
vn -0.631000 0.727900 0.268300
vn -0.871100 0.454500 0.186200
vn -0.999200 -0.003100 0.040800
vn -0.778600 -0.605600 -0.164300
vn -0.201200 -0.934100 -0.295000
vn 0.576800 -0.753500 -0.315600
vn 0.237600 -0.912400 -0.333200
vn 0.834500 -0.489200 -0.253700
vn 0.992800 -0.034900 -0.114300
vn 0.807200 0.578400 0.117900
vn 0.251100 0.922100 0.294600
vn -0.243100 0.908700 0.339200
vn -0.579800 0.750800 0.316400
vn -0.836100 0.488400 0.249800
vn -0.993100 0.038100 0.111200
vn -0.813300 -0.570800 -0.112500
vn -0.261000 -0.922100 -0.285600
vn 0.520200 -0.772000 -0.365300
vn 0.174400 -0.917100 -0.358500
vn 0.792500 -0.518700 -0.320700
vn 0.979200 -0.072600 -0.189500
vn 0.836300 0.544800 0.061600
vn 0.309300 0.907900 0.283000
vn -0.180300 0.913400 0.364900
vn -0.523700 0.769200 0.366300
vn -0.794500 0.518000 0.317000
vn -0.979500 0.076200 0.186700
vn -0.842300 -0.536100 -0.055300
vn -0.319500 -0.907300 -0.273200
vn 0.458200 -0.785800 -0.415400
vn 0.108500 -0.917800 -0.382000
vn 0.743100 -0.543700 -0.390200
vn 0.957000 -0.106700 -0.269600
vn 0.858800 0.512400 -0.000500
vn 0.365800 0.891500 0.267300
vn -0.114900 0.914100 0.388800
vn -0.462100 0.782900 0.416600
vn -0.745400 0.542900 0.386700
vn -0.957300 0.110500 0.267000
vn -0.864400 -0.502700 0.007700
vn -0.376200 -0.890400 -0.256400
vn 0.413000 -0.796300 -0.441900
vn 0.062300 -0.917300 -0.393300
vn 0.705900 -0.564400 -0.427900
vn 0.939000 -0.138100 -0.315000
vn 0.877600 0.477700 -0.040300
vn 0.414100 0.874200 0.253700
vn -0.060800 0.914100 0.400900
vn -0.411800 0.794300 0.446700
vn -0.704800 0.563300 0.431100
vn -0.937500 0.137600 0.319500
vn -0.876500 -0.478900 0.048900
vn -0.413000 -0.877400 -0.244100
vn 0.403700 -0.806500 -0.432000
vn 0.051400 -0.920000 -0.388600
vn 0.700600 -0.581100 -0.414100
vn 0.940400 -0.160400 -0.300000
vn 0.889500 0.455800 -0.031000
vn 0.432600 0.865000 0.254200
vn -0.043700 0.917200 0.396100
vn -0.398200 0.805000 0.439800
vn -0.696500 0.579500 0.423100
vn -0.937600 0.156100 0.310800
vn -0.883900 -0.466000 0.040500
vn -0.422800 -0.872100 -0.246400
vn 0.407900 -0.814900 -0.411700
vn 0.052700 -0.923700 -0.379500
vn 0.706900 -0.593000 -0.385600
vn 0.947900 -0.173900 -0.266800
vn 0.895000 0.446000 -0.004500
vn 0.433000 0.862600 0.261400
vn -0.046900 0.921200 0.386400
vn -0.403900 0.813400 0.418700
vn -0.704000 0.591400 0.393400
vn -0.945900 0.170400 0.276100
vn -0.891000 -0.453700 0.013300
vn -0.426000 -0.868300 -0.254100
vn 0.410500 -0.820800 -0.397100
vn 0.053300 -0.926100 -0.373400
vn 0.710800 -0.601600 -0.364500
vn 0.952700 -0.183800 -0.241800
vn 0.898700 0.438400 0.015800
vn 0.433500 0.860500 0.267600
vn -0.048900 0.923800 0.379800
vn -0.407400 0.819300 0.403400
vn -0.708500 0.599900 0.371500
vn -0.951100 0.180800 0.250300
vn -0.895600 -0.444800 -0.007500
vn -0.428100 -0.865400 -0.260500
vn 0.412100 -0.825300 -0.386000
vn 0.053700 -0.927800 -0.369200
vn 0.713500 -0.608200 -0.348000
vn 0.956100 -0.191600 -0.221900
vn 0.901200 0.432100 0.032500
vn 0.434100 0.858400 0.273200
vn -0.050100 0.925600 0.375300
vn -0.409700 0.823800 0.391900
vn -0.711500 0.606700 0.354600
vn -0.954700 0.189000 0.229800
vn -0.898700 -0.437800 -0.024700
vn -0.429500 -0.862800 -0.266500
vn 0.413300 -0.828900 -0.377000
vn 0.053900 -0.928900 -0.366400
vn 0.715400 -0.613600 -0.334300
vn 0.958500 -0.198200 -0.204900
vn 0.903200 0.426600 0.047200
vn 0.434500 0.856500 0.278700
vn -0.050900 0.926800 0.372100
vn -0.411200 0.827400 0.382600
vn -0.713500 0.612300 0.340500
vn -0.957300 0.196000 0.212400
vn -0.901200 -0.431700 -0.039700
vn -0.430600 -0.860500 -0.272300
vn 0.414300 -0.831800 -0.369500
vn 0.054100 -0.929700 -0.364400
vn 0.716800 -0.618300 -0.322300
vn 0.960400 -0.204200 -0.189600
vn 0.904800 0.421500 0.060700
vn 0.435100 0.854300 0.284200
vn -0.051400 0.927700 0.369800
vn -0.412300 0.830400 0.374700
vn -0.715200 0.617100 0.328200
vn -0.959400 0.202100 0.196800
vn -0.903100 -0.426100 -0.053400
vn -0.431600 -0.858200 -0.278000
vn 0.414900 -0.834400 -0.362900
vn 0.054100 -0.930200 -0.363100
vn 0.718000 -0.622600 -0.311300
vn 0.961900 -0.209700 -0.175200
vn 0.906200 0.416400 0.073900
vn 0.435700 0.852000 0.290100
vn -0.051600 0.928200 0.368500
vn -0.413000 0.833100 0.368000
vn -0.716500 0.621400 0.317000
vn -0.961100 0.207600 0.182200
vn -0.904600 -0.420900 -0.066800
vn -0.432300 -0.855800 -0.284000
vn 0.415300 -0.836800 -0.356800
vn 0.054000 -0.930500 -0.362400
vn 0.719100 -0.626500 -0.300700
vn 0.963200 -0.215000 -0.161000
vn 0.907300 0.411300 0.087200
vn 0.436200 0.849600 0.296600
vn -0.051600 0.928500 0.367700
vn -0.413500 0.835500 0.362000
vn -0.717600 0.625400 0.306400
vn -0.962500 0.213100 0.167900
vn -0.906000 -0.415700 -0.080200
vn -0.433000 -0.853300 -0.290500
vn 0.415800 -0.838900 -0.351100
vn 0.053900 -0.930500 -0.362300
vn 0.719900 -0.630500 -0.290200
vn 0.964300 -0.220500 -0.146500
vn 0.908300 0.405900 0.101400
vn 0.436700 0.846700 0.303800
vn -0.051500 0.928600 0.367600
vn -0.414000 0.837700 0.356300
vn -0.718400 0.629500 0.296000
vn -0.963600 0.218800 0.153500
vn -0.907200 -0.410100 -0.094200
vn -0.433700 -0.850400 -0.297700
vn 0.416300 -0.841000 -0.345500
vn 0.054000 -0.930400 -0.362600
vn 0.720500 -0.634700 -0.279400
vn 0.965200 -0.226400 -0.131100
vn 0.909100 0.400000 0.116700
vn 0.437300 0.843500 0.312000
vn -0.051400 0.928400 0.368000
vn -0.414400 0.839800 0.350800
vn -0.719000 0.633700 0.285300
vn -0.964500 0.224900 0.138300
vn -0.908100 -0.404200 -0.109500
vn -0.434200 -0.847300 -0.305900
vn 0.416600 -0.843200 -0.339700
vn 0.054200 -0.930000 -0.363600
vn 0.720900 -0.639300 -0.267700
vn 0.965700 -0.233100 -0.114200
vn 0.909700 0.393100 0.133900
vn 0.437600 0.839600 0.321700
vn -0.051400 0.927900 0.369200
vn -0.414500 0.842100 0.345200
vn -0.719400 0.638400 0.273800
vn -0.965200 0.231600 0.121600
vn -0.908800 -0.397700 -0.126600
vn -0.434500 -0.843600 -0.315400
vn 0.416800 -0.844300 -0.336700
vn 0.054400 -0.929700 -0.364200
vn 0.721000 -0.641700 -0.261600
vn 0.965900 -0.236700 -0.105200
vn 0.909900 0.389400 0.143100
vn 0.437600 0.837600 0.327000
vn -0.051500 0.927600 0.369900
vn -0.414400 0.843200 0.342400
vn -0.719300 0.641000 0.267900
vn -0.965300 0.235400 0.112900
vn -0.909000 -0.394100 -0.135600
vn -0.434300 -0.841800 -0.320600
f 1//1 2//2 3//3
f 4//4 2//2 1//1
f 4//4 5//5 2//2
f 6//6 5//5 4//4
f 6//6 7//4 5//5
f 8//7 7//4 6//6
f 8//7 9//6 7//4
f 10//6 9//6 8//7
f 10//6 11//6 9//6
f 12//6 11//6 10//6
f 13//8 14//8 15//9
f 16//10 14//8 13//8
f 16//10 17//11 14//8
f 18//12 17//11 16//10
f 18//12 19//12 17//11
f 20//12 19//12 18//12
f 20//12 21//8 19//12
f 22//10 21//8 20//12
f 22//10 23//10 21//8
f 24//10 23//10 22//10
f 25//13 26//14 27//14
f 28//15 26//14 25//13
f 28//15 29//16 26//14
f 30//17 29//16 28//15
f 30//17 31//18 29//16
f 32//16 31//18 30//17
f 32//16 33//18 31//18
f 34//18 33//18 32//16
f 34//18 35//16 33//18
f 36//19 35//16 34//18
f 37//20 38//20 39//21
f 37//20 40//22 38//20
f 41//23 40//22 37//20
f 41//23 42//24 40//22
f 43//25 42//24 41//23
f 43//25 44//26 42//24
f 45//27 44//26 43//25
f 45//27 46//28 44//26
f 47//29 46//28 45//27
f 47//29 48//30 46//28
f 49//31 50//32 51//33 52//34
f 53//35 54//36 50//32 49//31
f 55//37 56//38 54//36 53//35
f 57//39 58//40 56//38 55//37
f 59//41 60//42 58//40 57//39
f 61//43 62//44 60//42 59//41
f 63//45 64//46 62//44 61//43
f 65//47 66//48 64//46 63//45
f 67//49 68//50 66//48 65//47
f 69//51 70//52 68//50 67//49
f 71//53 72//54 70//52 69//51
f 52//34 51//33 72//54 71//53
f 50//32 73//55 74//56 51//33
f 54//36 75//57 73//55 50//32
f 56//38 76//58 75//57 54//36
f 58//40 77//59 76//58 56//38
f 60//42 78//60 77//59 58//40
f 62//44 79//61 78//60 60//42
f 64//46 80//62 79//61 62//44
f 66//48 81//63 80//62 64//46
f 68//50 82//64 81//63 66//48
f 70//52 83//65 82//64 68//50
f 72//54 84//66 83//65 70//52
f 51//33 74//56 84//66 72//54
f 73//55 85//67 86//68 74//56
f 75//57 87//69 85//67 73//55
f 76//58 88//70 87//69 75//57
f 77//59 89//71 88//70 76//58
f 78//60 90//72 89//71 77//59
f 79//61 91//73 90//72 78//60
f 80//62 92//74 91//73 79//61
f 81//63 93//75 92//74 80//62
f 82//64 94//76 93//75 81//63
f 83//65 95//77 94//76 82//64
f 84//66 96//78 95//77 83//65
f 74//56 86//68 96//78 84//66
f 85//67 97//79 98//80 86//68
f 87//69 99//81 97//79 85//67
f 88//70 100//82 99//81 87//69
f 89//71 101//83 100//82 88//70
f 90//72 102//84 101//83 89//71
f 91//73 103//85 102//84 90//72
f 92//74 104//86 103//85 91//73
f 93//75 105//87 104//86 92//74
f 94//76 106//88 105//87 93//75
f 95//77 107//89 106//88 94//76
f 96//78 108//90 107//89 95//77
f 86//68 98//80 108//90 96//78
f 97//79 109//91 110//92 98//80
f 99//81 111//93 109//91 97//79
f 100//82 112//94 111//93 99//81
f 101//83 113//95 112//94 100//82
f 102//84 114//96 113//95 101//83
f 103//85 115//97 114//96 102//84
f 104//86 116//98 115//97 103//85
f 105//87 117//99 116//98 104//86
f 106//88 118//100 117//99 105//87
f 107//89 119//101 118//100 106//88
f 108//90 120//102 119//101 107//89
f 98//80 110//92 120//102 108//90
f 109//91 121//103 122//104 110//92
f 111//93 123//105 121//103 109//91
f 112//94 124//106 123//105 111//93
f 113//95 125//107 124//106 112//94
f 114//96 126//108 125//107 113//95
f 115//97 127//109 126//108 114//96
f 116//98 128//110 127//109 115//97
f 117//99 129//111 128//110 116//98
f 118//100 130//112 129//111 117//99
f 119//101 131//113 130//112 118//100
f 120//102 132//114 131//113 119//101
f 110//92 122//104 132//114 120//102
f 121//103 133//115 134//116 122//104
f 123//105 135//117 133//115 121//103
f 124//106 136//118 135//117 123//105
f 125//107 137//119 136//118 124//106
f 126//108 138//120 137//119 125//107
f 127//109 139//121 138//120 126//108
f 128//110 140//122 139//121 127//109
f 129//111 141//123 140//122 128//110
f 130//112 142//124 141//123 129//111
f 131//113 143//125 142//124 130//112
f 132//114 144//126 143//125 131//113
f 122//104 134//116 144//126 132//114
f 133//115 145//127 146//128 134//116
f 135//117 147//129 145//127 133//115
f 136//118 148//130 147//129 135//117
f 137//119 149//131 148//130 136//118
f 138//120 150//132 149//131 137//119
f 139//121 151//133 150//132 138//120
f 140//122 152//134 151//133 139//121
f 141//123 153//135 152//134 140//122
f 142//124 154//136 153//135 141//123
f 143//125 155//137 154//136 142//124
f 144//126 156//138 155//137 143//125
f 134//116 146//128 156//138 144//126
f 145//127 157//139 158//140 146//128
f 147//129 159//141 157//139 145//127
f 148//130 160//142 159//141 147//129
f 149//131 161//143 160//142 148//130
f 150//132 162//144 161//143 149//131
f 151//133 163//145 162//144 150//132
f 152//134 164//146 163//145 151//133
f 153//135 165//147 164//146 152//134
f 154//136 166//148 165//147 153//135
f 155//137 167//149 166//148 154//136
f 156//138 168//150 167//149 155//137
f 146//128 158//140 168//150 156//138
f 157//139 169//151 170//152 158//140
f 159//141 171//153 169//151 157//139
f 160//142 172//154 171//153 159//141
f 161//143 173//155 172//154 160//142
f 162//144 174//156 173//155 161//143
f 163//145 175//157 174//156 162//144
f 164//146 176//158 175//157 163//145
f 165//147 177//159 176//158 164//146
f 166//148 178//160 177//159 165//147
f 167//149 179//161 178//160 166//148
f 168//150 180//162 179//161 167//149
f 158//140 170//152 180//162 168//150
f 169//151 181//163 182//164 170//152
f 171//153 183//165 181//163 169//151
f 172//154 184//166 183//165 171//153
f 173//155 185//167 184//166 172//154
f 174//156 186//168 185//167 173//155
f 175//157 187//169 186//168 174//156
f 176//158 188//170 187//169 175//157
f 177//159 189//171 188//170 176//158
f 178//160 190//172 189//171 177//159
f 179//161 191//173 190//172 178//160
f 180//162 192//174 191//173 179//161
f 170//152 182//164 192//174 180//162
f 181//163 193//175 194//176 182//164
f 183//165 195//177 193//175 181//163
f 184//166 196//178 195//177 183//165
f 185//167 197//179 196//178 184//166
f 186//168 198//180 197//179 185//167
f 187//169 199//181 198//180 186//168
f 188//170 200//182 199//181 187//169
f 189//171 201//183 200//182 188//170
f 190//172 202//184 201//183 189//171
f 191//173 203//185 202//184 190//172
f 192//174 204//186 203//185 191//173
f 182//164 194//176 204//186 192//174
f 193//175 205//187 206//188 194//176
f 195//177 207//189 205//187 193//175
f 196//178 208//190 207//189 195//177
f 197//179 209//191 208//190 196//178
f 198//180 210//192 209//191 197//179
f 199//181 211//193 210//192 198//180
f 200//182 212//194 211//193 199//181
f 201//183 213//195 212//194 200//182
f 202//184 214//196 213//195 201//183
f 203//185 215//197 214//196 202//184
f 204//186 216//198 215//197 203//185
f 194//176 206//188 216//198 204//186
f 205//187 217//199 218//200 206//188
f 207//189 219//201 217//199 205//187
f 208//190 220//202 219//201 207//189
f 209//191 221//203 220//202 208//190
f 210//192 222//204 221//203 209//191
f 211//193 223//205 222//204 210//192
f 212//194 224//206 223//205 211//193
f 213//195 225//207 224//206 212//194
f 214//196 226//208 225//207 213//195
f 215//197 227//209 226//208 214//196
f 216//198 228//210 227//209 215//197
f 206//188 218//200 228//210 216//198
f 217//199 229//211 230//212 218//200
f 219//201 231//213 229//211 217//199
f 220//202 232//214 231//213 219//201
f 221//203 233//215 232//214 220//202
f 222//204 234//216 233//215 221//203
f 223//205 235//217 234//216 222//204
f 224//206 236//218 235//217 223//205
f 225//207 237//219 236//218 224//206
f 226//208 238//220 237//219 225//207
f 227//209 239//221 238//220 226//208
f 228//210 240//222 239//221 227//209
f 218//200 230//212 240//222 228//210
f 229//211 241//223 242//224 230//212
f 231//213 243//225 241//223 229//211
f 232//214 244//226 243//225 231//213
f 233//215 245//227 244//226 232//214
f 234//216 246//228 245//227 233//215
f 235//217 247//229 246//228 234//216
f 236//218 248//230 247//229 235//217
f 237//219 249//231 248//230 236//218
f 238//220 250//232 249//231 237//219
f 239//221 251//233 250//232 238//220
f 240//222 252//234 251//233 239//221
f 230//212 242//224 252//234 240//222
f 241//223 253//235 254//236 242//224
f 243//225 255//237 253//235 241//223
f 244//226 256//238 255//237 243//225
f 245//227 257//239 256//238 244//226
f 246//228 258//240 257//239 245//227
f 247//229 259//241 258//240 246//228
f 248//230 260//242 259//241 247//229
f 249//231 261//243 260//242 248//230
f 250//232 262//244 261//243 249//231
f 251//233 263//245 262//244 250//232
f 252//234 264//246 263//245 251//233
f 242//224 254//236 264//246 252//234
f 253//235 265//247 266//248 254//236
f 255//237 267//249 265//247 253//235
f 256//238 268//250 267//249 255//237
f 257//239 269//251 268//250 256//238
f 258//240 270//252 269//251 257//239
f 259//241 271//253 270//252 258//240
f 260//242 272//254 271//253 259//241
f 261//243 273//255 272//254 260//242
f 262//244 274//256 273//255 261//243
f 263//245 275//257 274//256 262//244
f 264//246 276//258 275//257 263//245
f 254//236 266//248 276//258 264//246
f 265//247 277//259 278//260 266//248
f 267//249 279//261 277//259 265//247
f 268//250 280//262 279//261 267//249
f 269//251 281//263 280//262 268//250
f 270//252 282//264 281//263 269//251
f 271//253 283//265 282//264 270//252
f 272//254 284//266 283//265 271//253
f 273//255 285//267 284//266 272//254
f 274//256 286//268 285//267 273//255
f 275//257 287//269 286//268 274//256
f 276//258 288//270 287//269 275//257
f 266//248 278//260 288//270 276//258
f 277//259 289//271 290//272 278//260
f 279//261 291//273 289//271 277//259
f 280//262 292//274 291//273 279//261
f 281//263 293//275 292//274 280//262
f 282//264 294//276 293//275 281//263
f 283//265 295//277 294//276 282//264
f 284//266 296//278 295//277 283//265
f 285//267 297//279 296//278 284//266
f 286//268 298//280 297//279 285//267
f 287//269 299//281 298//280 286//268
f 288//270 300//282 299//281 287//269
f 278//260 290//272 300//282 288//270
f 289//271 301//283 302//284 290//272
f 291//273 303//285 301//283 289//271
f 292//274 304//286 303//285 291//273
f 293//275 305//287 304//286 292//274
f 294//276 306//288 305//287 293//275
f 295//277 307//289 306//288 294//276
f 296//278 308//290 307//289 295//277
f 297//279 309//291 308//290 296//278
f 298//280 310//292 309//291 297//279
f 299//281 311//293 310//292 298//280
f 300//282 312//294 311//293 299//281
f 290//272 302//284 312//294 300//282
f 301//283 313//295 314//296 302//284
f 303//285 315//297 313//295 301//283
f 304//286 316//298 315//297 303//285
f 305//287 317//299 316//298 304//286
f 306//288 318//300 317//299 305//287
f 307//289 319//301 318//300 306//288
f 308//290 320//302 319//301 307//289
f 309//291 321//303 320//302 308//290
f 310//292 322//304 321//303 309//291
f 311//293 323//305 322//304 310//292
f 312//294 324//306 323//305 311//293
f 302//284 314//296 324//306 312//294
f 313//295 325//307 326//308 314//296
f 315//297 327//309 325//307 313//295
f 316//298 328//310 327//309 315//297
f 317//299 329//311 328//310 316//298
f 318//300 330//312 329//311 317//299
f 319//301 331//313 330//312 318//300
f 320//302 332//314 331//313 319//301
f 321//303 333//315 332//314 320//302
f 322//304 334//316 333//315 321//303
f 323//305 335//317 334//316 322//304
f 324//306 336//318 335//317 323//305
f 314//296 326//308 336//318 324//306
f 325//307 337//319 338//320 326//308
f 327//309 339//321 337//319 325//307
f 328//310 340//322 339//321 327//309
f 329//311 341//323 340//322 328//310
f 330//312 342//324 341//323 329//311
f 331//313 343//325 342//324 330//312
f 332//314 344//326 343//325 331//313
f 333//315 345//327 344//326 332//314
f 334//316 346//328 345//327 333//315
f 335//317 347//329 346//328 334//316
f 336//318 348//330 347//329 335//317
f 326//308 338//320 348//330 336//318
f 337//319 349//331 350//332 338//320
f 339//321 351//333 349//331 337//319
f 340//322 352//334 351//333 339//321
f 341//323 353//335 352//334 340//322
f 342//324 354//336 353//335 341//323
f 343//325 355//337 354//336 342//324
f 344//326 356//338 355//337 343//325
f 345//327 357//339 356//338 344//326
f 346//328 358//340 357//339 345//327
f 347//329 359//341 358//340 346//328
f 348//330 360//342 359//341 347//329
f 338//320 350//332 360//342 348//330
f 349//331 361//343 362//344 350//332
f 351//333 363//345 361//343 349//331
f 352//334 364//346 363//345 351//333
f 353//335 365//347 364//346 352//334
f 354//336 366//348 365//347 353//335
f 355//337 367//349 366//348 354//336
f 356//338 368//350 367//349 355//337
f 357//339 369//351 368//350 356//338
f 358//340 370//352 369//351 357//339
f 359//341 371//353 370//352 358//340
f 360//342 372//354 371//353 359//341
f 350//332 362//344 372//354 360//342
f 361//343 373//355 374//356 362//344
f 363//345 375//357 373//355 361//343
f 364//346 376//358 375//357 363//345
f 365//347 377//359 376//358 364//346
f 366//348 378//360 377//359 365//347
f 367//349 379//361 378//360 366//348
f 368//350 380//362 379//361 367//349
f 369//351 381//363 380//362 368//350
f 370//352 382//364 381//363 369//351
f 371//353 383//365 382//364 370//352
f 372//354 384//366 383//365 371//353
f 362//344 374//356 384//366 372//354
f 373//355 385//367 386//368 374//356
f 375//357 387//369 385//367 373//355
f 376//358 388//370 387//369 375//357
f 377//359 389//371 388//370 376//358
f 378//360 390//372 389//371 377//359
f 379//361 391//373 390//372 378//360
f 380//362 392//374 391//373 379//361
f 381//363 393//375 392//374 380//362
f 382//364 394//376 393//375 381//363
f 383//365 395//377 394//376 382//364
f 384//366 396//378 395//377 383//365
f 374//356 386//368 396//378 384//366
f 385//367 397//379 398//380 386//368
f 387//369 399//381 397//379 385//367
f 388//370 400//382 399//381 387//369
f 389//371 401//383 400//382 388//370
f 390//372 402//384 401//383 389//371
f 391//373 403//385 402//384 390//372
f 392//374 404//386 403//385 391//373
f 393//375 405//387 404//386 392//374
f 394//376 406//388 405//387 393//375
f 395//377 407//389 406//388 394//376
f 396//378 408//390 407//389 395//377
f 386//368 398//380 408//390 396//378
f 397//379 409//391 410//392 398//380
f 399//381 411//393 409//391 397//379
f 400//382 412//394 411//393 399//381
f 401//383 413//395 412//394 400//382
f 402//384 414//396 413//395 401//383
f 403//385 415//397 414//396 402//384
f 404//386 416//398 415//397 403//385
f 405//387 417//399 416//398 404//386
f 406//388 418//400 417//399 405//387
f 407//389 419//401 418//400 406//388
f 408//390 420//402 419//401 407//389
f 398//380 410//392 420//402 408//390
f 409//391 421//403 422//404 410//392
f 411//393 423//405 421//403 409//391
f 412//394 424//406 423//405 411//393
f 413//395 425//407 424//406 412//394
f 414//396 426//408 425//407 413//395
f 415//397 427//409 426//408 414//396
f 416//398 428//410 427//409 415//397
f 417//399 429//411 428//410 416//398
f 418//400 430//412 429//411 417//399
f 419//401 431//413 430//412 418//400
f 420//402 432//414 431//413 419//401
f 410//392 422//404 432//414 420//402
f 421//403 433//415 434//416 422//404
f 423//405 435//417 433//415 421//403
f 424//406 436//418 435//417 423//405
f 425//407 437//419 436//418 424//406
f 426//408 438//420 437//419 425//407
f 427//409 439//421 438//420 426//408
f 428//410 440//422 439//421 427//409
f 429//411 441//423 440//422 428//410
f 430//412 442//424 441//423 429//411
f 431//413 443//425 442//424 430//412
f 432//414 444//426 443//425 431//413
f 422//404 434//416 444//426 432//414
f 433//415 445//427 446//428 434//416
f 435//417 447//429 445//427 433//415
f 436//418 448//430 447//429 435//417
f 437//419 449//431 448//430 436//418
f 438//420 450//432 449//431 437//419
f 439//421 451//433 450//432 438//420
f 440//422 452//434 451//433 439//421
f 441//423 453//435 452//434 440//422
f 442//424 454//436 453//435 441//423
f 443//425 455//437 454//436 442//424
f 444//426 456//438 455//437 443//425
f 434//416 446//428 456//438 444//426
f 445//427 457//439 458//440 446//428
f 447//429 459//441 457//439 445//427
f 448//430 460//442 459//441 447//429
f 449//431 461//443 460//442 448//430
f 450//432 462//444 461//443 449//431
f 451//433 463//445 462//444 450//432
f 452//434 464//446 463//445 451//433
f 453//435 465//447 464//446 452//434
f 454//436 466//448 465//447 453//435
f 455//437 467//449 466//448 454//436
f 456//438 468//450 467//449 455//437
f 446//428 458//440 468//450 456//438
f 457//439 469//451 470//452 458//440
f 459//441 471//453 469//451 457//439
f 460//442 472//454 471//453 459//441
f 461//443 473//455 472//454 460//442
f 462//444 474//456 473//455 461//443
f 463//445 475//457 474//456 462//444
f 464//446 476//458 475//457 463//445
f 465//447 477//459 476//458 464//446
f 466//448 478//460 477//459 465//447
f 467//449 479//461 478//460 466//448
f 468//450 480//462 479//461 467//449
f 458//440 470//452 480//462 468//450
f 469//451 481//463 482//464 470//452
f 471//453 483//465 481//463 469//451
f 472//454 484//466 483//465 471//453
f 473//455 485//467 484//466 472//454
f 474//456 486//468 485//467 473//455
f 475//457 487//469 486//468 474//456
f 476//458 488//470 487//469 475//457
f 477//459 489//471 488//470 476//458
f 478//460 490//472 489//471 477//459
f 479//461 491//473 490//472 478//460
f 480//462 492//474 491//473 479//461
f 470//452 482//464 492//474 480//462
f 481//463 493//475 494//476 482//464
f 483//465 495//477 493//475 481//463
f 484//466 496//478 495//477 483//465
f 485//467 497//479 496//478 484//466
f 486//468 498//480 497//479 485//467
f 487//469 499//481 498//480 486//468
f 488//470 500//482 499//481 487//469
f 489//471 501//483 500//482 488//470
f 490//472 502//484 501//483 489//471
f 491//473 503//485 502//484 490//472
f 492//474 504//486 503//485 491//473
f 482//464 494//476 504//486 492//474
f 493//475 505//487 506//488 494//476
f 495//477 507//489 505//487 493//475
f 496//478 508//490 507//489 495//477
f 497//479 509//491 508//490 496//478
f 498//480 510//492 509//491 497//479
f 499//481 511//493 510//492 498//480
f 500//482 512//494 511//493 499//481
f 501//483 513//495 512//494 500//482
f 502//484 514//496 513//495 501//483
f 503//485 515//497 514//496 502//484
f 504//486 516//498 515//497 503//485
f 494//476 506//488 516//498 504//486
f 505//487 517//499 518//500 506//488
f 507//489 519//501 517//499 505//487
f 508//490 520//502 519//501 507//489
f 509//491 521//503 520//502 508//490
f 510//492 522//504 521//503 509//491
f 511//493 523//505 522//504 510//492
f 512//494 524//506 523//505 511//493
f 513//495 525//507 524//506 512//494
f 514//496 526//508 525//507 513//495
f 515//497 527//509 526//508 514//496
f 516//498 528//510 527//509 515//497
f 506//488 518//500 528//510 516//498
f 517//499 529//511 530//512 518//500
f 519//501 531//513 529//511 517//499
f 520//502 532//514 531//513 519//501
f 521//503 533//515 532//514 520//502
f 522//504 534//516 533//515 521//503
f 523//505 535//517 534//516 522//504
f 524//506 536//518 535//517 523//505
f 525//507 537//519 536//518 524//506
f 526//508 538//520 537//519 525//507
f 527//509 539//521 538//520 526//508
f 528//510 540//522 539//521 527//509
f 518//500 530//512 540//522 528//510
f 529//511 541//523 542//524 530//512
f 531//513 543//525 541//523 529//511
f 532//514 544//526 543//525 531//513
f 533//515 545//527 544//526 532//514
f 534//516 546//528 545//527 533//515
f 535//517 547//529 546//528 534//516
f 536//518 548//530 547//529 535//517
f 537//519 549//531 548//530 536//518
f 538//520 550//532 549//531 537//519
f 539//521 551//533 550//532 538//520
f 540//522 552//534 551//533 539//521
f 530//512 542//524 552//534 540//522
f 541//523 553//535 554//536 542//524
f 543//525 555//537 553//535 541//523
f 544//526 556//538 555//537 543//525
f 545//527 557//539 556//538 544//526
f 546//528 558//540 557//539 545//527
f 547//529 559//541 558//540 546//528
f 548//530 560//542 559//541 547//529
f 549//531 561//543 560//542 548//530
f 550//532 562//544 561//543 549//531
f 551//533 563//545 562//544 550//532
f 552//534 564//546 563//545 551//533
f 542//524 554//536 564//546 552//534
f 553//535 565//547 566//548 554//536
f 555//537 567//549 565//547 553//535
f 556//538 568//550 567//549 555//537
f 557//539 569//551 568//550 556//538
f 558//540 570//552 569//551 557//539
f 559//541 571//553 570//552 558//540
f 560//542 572//554 571//553 559//541
f 561//543 573//555 572//554 560//542
f 562//544 574//556 573//555 561//543
f 563//545 575//557 574//556 562//544
f 564//546 576//558 575//557 563//545
f 554//536 566//548 576//558 564//546
f 565//547 577//559 578//560 566//548
f 567//549 579//561 577//559 565//547
f 568//550 580//562 579//561 567//549
f 569//551 581//563 580//562 568//550
f 570//552 582//564 581//563 569//551
f 571//553 583//565 582//564 570//552
f 572//554 584//566 583//565 571//553
f 573//555 585//567 584//566 572//554
f 574//556 586//568 585//567 573//555
f 575//557 587//569 586//568 574//556
f 576//558 588//570 587//569 575//557
f 566//548 578//560 588//570 576//558
f 577//559 589//571 590//572 578//560
f 579//561 591//573 589//571 577//559
f 580//562 592//574 591//573 579//561
f 581//563 593//575 592//574 580//562
f 582//564 594//576 593//575 581//563
f 583//565 595//577 594//576 582//564
f 584//566 596//578 595//577 583//565
f 585//567 597//579 596//578 584//566
f 586//568 598//580 597//579 585//567
f 587//569 599//581 598//580 586//568
f 588//570 600//582 599//581 587//569
f 578//560 590//572 600//582 588//570
f 589//571 601//583 602//584 590//572
f 591//573 603//585 601//583 589//571
f 592//574 604//586 603//585 591//573
f 593//575 605//587 604//586 592//574
f 594//576 606//588 605//587 593//575
f 595//577 607//589 606//588 594//576
f 596//578 608//590 607//589 595//577
f 597//579 609//591 608//590 596//578
f 598//580 610//592 609//591 597//579
f 599//581 611//593 610//592 598//580
f 600//582 612//594 611//593 599//581
f 590//572 602//584 612//594 600//582
f 601//583 613//595 614//596 602//584
f 603//585 615//597 613//595 601//583
f 604//586 616//598 615//597 603//585
f 605//587 617//599 616//598 604//586
f 606//588 618//600 617//599 605//587
f 607//589 619//601 618//600 606//588
f 608//590 620//602 619//601 607//589
f 609//591 621//603 620//602 608//590
f 610//592 622//604 621//603 609//591
f 611//593 623//605 622//604 610//592
f 612//594 624//606 623//605 611//593
f 602//584 614//596 624//606 612//594
f 613//595 625//607 626//608 614//596
f 615//597 627//609 625//607 613//595
f 616//598 628//610 627//609 615//597
f 617//599 629//611 628//610 616//598
f 618//600 630//612 629//611 617//599
f 619//601 631//613 630//612 618//600
f 620//602 632//614 631//613 619//601
f 621//603 633//615 632//614 620//602
f 622//604 634//616 633//615 621//603
f 623//605 635//617 634//616 622//604
f 624//606 636//618 635//617 623//605
f 614//596 626//608 636//618 624//606
f 625//607 637//619 638//620 626//608
f 627//609 639//621 637//619 625//607
f 628//610 640//622 639//621 627//609
f 629//611 641//623 640//622 628//610
f 630//612 642//624 641//623 629//611
f 631//613 643//625 642//624 630//612
f 632//614 644//626 643//625 631//613
f 633//615 645//627 644//626 632//614
f 634//616 646//628 645//627 633//615
f 635//617 647//629 646//628 634//616
f 636//618 648//630 647//629 635//617
f 626//608 638//620 648//630 636//618
f 637//619 649//631 650//632 638//620
f 639//621 651//633 649//631 637//619
f 640//622 652//634 651//633 639//621
f 641//623 653//635 652//634 640//622
f 642//624 654//636 653//635 641//623
f 643//625 655//637 654//636 642//624
f 644//626 656//638 655//637 643//625
f 645//627 657//639 656//638 644//626
f 646//628 658//640 657//639 645//627
f 647//629 659//641 658//640 646//628
f 648//630 660//642 659//641 647//629
f 638//620 650//632 660//642 648//630
f 649//631 661//643 662//644 650//632
f 651//633 663//645 661//643 649//631
f 652//634 664//646 663//645 651//633
f 653//635 665//647 664//646 652//634
f 654//636 666//648 665//647 653//635
f 655//637 667//649 666//648 654//636
f 656//638 668//650 667//649 655//637
f 657//639 669//651 668//650 656//638
f 658//640 670//652 669//651 657//639
f 659//641 671//653 670//652 658//640
f 660//642 672//654 671//653 659//641
f 650//632 662//644 672//654 660//642
f 661//643 673//655 674//656 662//644
f 663//645 675//657 673//655 661//643
f 664//646 676//658 675//657 663//645
f 665//647 677//659 676//658 664//646
f 666//648 678//660 677//659 665//647
f 667//649 679//661 678//660 666//648
f 668//650 680//662 679//661 667//649
f 669//651 681//663 680//662 668//650
f 670//652 682//664 681//663 669//651
f 671//653 683//665 682//664 670//652
f 672//654 684//666 683//665 671//653
f 662//644 674//656 684//666 672//654
f 673//655 685//667 686//668 674//656
f 675//657 687//669 685//667 673//655
f 676//658 688//670 687//669 675//657
f 677//659 689//671 688//670 676//658
f 678//660 690//672 689//671 677//659
f 679//661 691//673 690//672 678//660
f 680//662 692//674 691//673 679//661
f 681//663 693//675 692//674 680//662
f 682//664 694//676 693//675 681//663
f 683//665 695//677 694//676 682//664
f 684//666 696//678 695//677 683//665
f 674//656 686//668 696//678 684//666
f 685//667 697//679 698//680 686//668
f 687//669 699//681 697//679 685//667
f 688//670 700//682 699//681 687//669
f 689//671 701//683 700//682 688//670
f 690//672 702//684 701//683 689//671
f 691//673 703//685 702//684 690//672
f 692//674 704//686 703//685 691//673
f 693//675 705//687 704//686 692//674
f 694//676 706//688 705//687 693//675
f 695//677 707//689 706//688 694//676
f 696//678 708//690 707//689 695//677
f 686//668 698//680 708//690 696//678
f 697//679 709//691 710//692 698//680
f 699//681 711//693 709//691 697//679
f 700//682 712//694 711//693 699//681
f 701//683 713//695 712//694 700//682
f 702//684 714//696 713//695 701//683
f 703//685 715//697 714//696 702//684
f 704//686 716//698 715//697 703//685
f 705//687 717//699 716//698 704//686
f 706//688 718//700 717//699 705//687
f 707//689 719//701 718//700 706//688
f 708//690 720//702 719//701 707//689
f 698//680 710//692 720//702 708//690
f 709//691 721//703 722//704 710//692
f 711//693 723//705 721//703 709//691
f 712//694 724//706 723//705 711//693
f 713//695 725//707 724//706 712//694
f 714//696 726//708 725//707 713//695
f 715//697 727//709 726//708 714//696
f 716//698 728//710 727//709 715//697
f 717//699 729//711 728//710 716//698
f 718//700 730//712 729//711 717//699
f 719//701 731//713 730//712 718//700
f 720//702 732//714 731//713 719//701
f 710//692 722//704 732//714 720//702
f 721//703 733//715 734//716 722//704
f 723//705 735//717 733//715 721//703
f 724//706 736//718 735//717 723//705
f 725//707 737//719 736//718 724//706
f 726//708 738//720 737//719 725//707
f 727//709 739//721 738//720 726//708
f 728//710 740//722 739//721 727//709
f 729//711 741//723 740//722 728//710
f 730//712 742//724 741//723 729//711
f 731//713 743//725 742//724 730//712
f 732//714 744//726 743//725 731//713
f 722//704 734//716 744//726 732//714
f 733//715 745//727 746//728 734//716
f 735//717 747//729 745//727 733//715
f 736//718 748//730 747//729 735//717
f 737//719 749//731 748//730 736//718
f 738//720 750//732 749//731 737//719
f 739//721 751//733 750//732 738//720
f 740//722 752//734 751//733 739//721
f 741//723 753//735 752//734 740//722
f 742//724 754//736 753//735 741//723
f 743//725 755//737 754//736 742//724
f 744//726 756//738 755//737 743//725
f 734//716 746//728 756//738 744//726
f 745//727 757//739 758//740 746//728
f 747//729 759//741 757//739 745//727
f 748//730 760//742 759//741 747//729
f 749//731 761//743 760//742 748//730
f 750//732 762//744 761//743 749//731
f 751//733 763//745 762//744 750//732
f 752//734 764//746 763//745 751//733
f 753//735 765//747 764//746 752//734
f 754//736 766//748 765//747 753//735
f 755//737 767//749 766//748 754//736
f 756//738 768//750 767//749 755//737
f 746//728 758//740 768//750 756//738
f 757//739 769//751 770//752 758//740
f 759//741 771//753 769//751 757//739
f 760//742 772//754 771//753 759//741
f 761//743 773//755 772//754 760//742
f 762//744 774//756 773//755 761//743
f 763//745 775//757 774//756 762//744
f 764//746 776//758 775//757 763//745
f 765//747 777//759 776//758 764//746
f 766//748 778//760 777//759 765//747
f 767//749 779//761 778//760 766//748
f 768//750 780//762 779//761 767//749
f 758//740 770//752 780//762 768//750
f 781//763 782//764 783//765 784//766
f 785//767 786//768 782//764 781//763
f 787//769 788//770 786//768 785//767
f 789//771 790//772 788//770 787//769
f 791//773 792//774 790//772 789//771
f 793//775 794//776 792//774 791//773
f 795//777 796//778 794//776 793//775
f 797//779 798//780 796//778 795//777
f 799//781 800//782 798//780 797//779
f 801//783 802//784 800//782 799//781
f 803//785 804//786 802//784 801//783
f 784//766 783//765 804//786 803//785
f 782//764 805//787 806//788 783//765
f 786//768 807//789 805//787 782//764
f 788//770 808//790 807//789 786//768
f 790//772 809//791 808//790 788//770
f 792//774 810//792 809//791 790//772
f 794//776 811//793 810//792 792//774
f 796//778 812//794 811//793 794//776
f 798//780 813//795 812//794 796//778
f 800//782 814//796 813//795 798//780
f 802//784 815//797 814//796 800//782
f 804//786 816//798 815//797 802//784
f 783//765 806//788 816//798 804//786
f 805//787 817//799 818//800 806//788
f 807//789 819//801 817//799 805//787
f 808//790 820//802 819//801 807//789
f 809//791 821//803 820//802 808//790
f 810//792 822//804 821//803 809//791
f 811//793 823//805 822//804 810//792
f 812//794 824//806 823//805 811//793
f 813//795 825//807 824//806 812//794
f 814//796 826//808 825//807 813//795
f 815//797 827//809 826//808 814//796
f 816//798 828//810 827//809 815//797
f 806//788 818//800 828//810 816//798
f 817//799 829//811 830//812 818//800
f 819//801 831//813 829//811 817//799
f 820//802 832//814 831//813 819//801
f 821//803 833//815 832//814 820//802
f 822//804 834//816 833//815 821//803
f 823//805 835//817 834//816 822//804
f 824//806 836//818 835//817 823//805
f 825//807 837//819 836//818 824//806
f 826//808 838//820 837//819 825//807
f 827//809 839//821 838//820 826//808
f 828//810 840//822 839//821 827//809
f 818//800 830//812 840//822 828//810
f 829//811 841//823 842//824 830//812
f 831//813 843//825 841//823 829//811
f 832//814 844//826 843//825 831//813
f 833//815 845//827 844//826 832//814
f 834//816 846//828 845//827 833//815
f 835//817 847//829 846//828 834//816
f 836//818 848//830 847//829 835//817
f 837//819 849//831 848//830 836//818
f 838//820 850//832 849//831 837//819
f 839//821 851//833 850//832 838//820
f 840//822 852//834 851//833 839//821
f 830//812 842//824 852//834 840//822
f 841//823 853//835 854//836 842//824
f 843//825 855//837 853//835 841//823
f 844//826 856//838 855//837 843//825
f 845//827 857//839 856//838 844//826
f 846//828 858//840 857//839 845//827
f 847//829 859//841 858//840 846//828
f 848//830 860//842 859//841 847//829
f 849//831 861//843 860//842 848//830
f 850//832 862//844 861//843 849//831
f 851//833 863//845 862//844 850//832
f 852//834 864//846 863//845 851//833
f 842//824 854//836 864//846 852//834
f 853//835 865//847 866//848 854//836
f 855//837 867//849 865//847 853//835
f 856//838 868//850 867//849 855//837
f 857//839 869//851 868//850 856//838
f 858//840 870//852 869//851 857//839
f 859//841 871//853 870//852 858//840
f 860//842 872//854 871//853 859//841
f 861//843 873//855 872//854 860//842
f 862//844 874//856 873//855 861//843
f 863//845 875//857 874//856 862//844
f 864//846 876//858 875//857 863//845
f 854//836 866//848 876//858 864//846
f 865//847 877//859 878//860 866//848
f 867//849 879//861 877//859 865//847
f 868//850 880//862 879//861 867//849
f 869//851 881//863 880//862 868//850
f 870//852 882//864 881//863 869//851
f 871//853 883//865 882//864 870//852
f 872//854 884//866 883//865 871//853
f 873//855 885//867 884//866 872//854
f 874//856 886//868 885//867 873//855
f 875//857 887//869 886//868 874//856
f 876//858 888//870 887//869 875//857
f 866//848 878//860 888//870 876//858
f 877//859 889//871 890//872 878//860
f 879//861 891//873 889//871 877//859
f 880//862 892//874 891//873 879//861
f 881//863 893//875 892//874 880//862
f 882//864 894//876 893//875 881//863
f 883//865 895//877 894//876 882//864
f 884//866 896//878 895//877 883//865
f 885//867 897//879 896//878 884//866
f 886//868 898//880 897//879 885//867
f 887//869 899//881 898//880 886//868
f 888//870 900//882 899//881 887//869
f 878//860 890//872 900//882 888//870
f 889//871 901//883 902//884 890//872
f 891//873 903//885 901//883 889//871
f 892//874 904//886 903//885 891//873
f 893//875 905//887 904//886 892//874
f 894//876 906//888 905//887 893//875
f 895//877 907//889 906//888 894//876
f 896//878 908//890 907//889 895//877
f 897//879 909//891 908//890 896//878
f 898//880 910//892 909//891 897//879
f 899//881 911//893 910//892 898//880
f 900//882 912//894 911//893 899//881
f 890//872 902//884 912//894 900//882
f 901//883 913//895 914//896 902//884
f 903//885 915//897 913//895 901//883
f 904//886 916//898 915//897 903//885
f 905//887 917//899 916//898 904//886
f 906//888 918//900 917//899 905//887
f 907//889 919//901 918//900 906//888
f 908//890 920//902 919//901 907//889
f 909//891 921//903 920//902 908//890
f 910//892 922//904 921//903 909//891
f 911//893 923//905 922//904 910//892
f 912//894 924//906 923//905 911//893
f 902//884 914//896 924//906 912//894
f 913//895 925//907 926//908 914//896
f 915//897 927//909 925//907 913//895
f 916//898 928//910 927//909 915//897
f 917//899 929//911 928//910 916//898
f 918//900 930//912 929//911 917//899
f 919//901 931//913 930//912 918//900
f 920//902 932//914 931//913 919//901
f 921//903 933//915 932//914 920//902
f 922//904 934//916 933//915 921//903
f 923//905 935//917 934//916 922//904
f 924//906 936//918 935//917 923//905
f 914//896 926//908 936//918 924//906
f 925//907 937//919 938//920 926//908
f 927//909 939//921 937//919 925//907
f 928//910 940//922 939//921 927//909
f 929//911 941//923 940//922 928//910
f 930//912 942//924 941//923 929//911
f 931//913 943//925 942//924 930//912
f 932//914 944//926 943//925 931//913
f 933//915 945//927 944//926 932//914
f 934//916 946//928 945//927 933//915
f 935//917 947//929 946//928 934//916
f 936//918 948//930 947//929 935//917
f 926//908 938//920 948//930 936//918
f 937//919 949//931 950//932 938//920
f 939//921 951//933 949//931 937//919
f 940//922 952//934 951//933 939//921
f 941//923 953//935 952//934 940//922
f 942//924 954//936 953//935 941//923
f 943//925 955//937 954//936 942//924
f 944//926 956//938 955//937 943//925
f 945//927 957//939 956//938 944//926
f 946//928 958//940 957//939 945//927
f 947//929 959//941 958//940 946//928
f 948//930 960//942 959//941 947//929
f 938//920 950//932 960//942 948//930
f 949//931 961//943 962//944 950//932
f 951//933 963//945 961//943 949//931
f 952//934 964//946 963//945 951//933
f 953//935 965//947 964//946 952//934
f 954//936 966//948 965//947 953//935
f 955//937 967//949 966//948 954//936
f 956//938 968//950 967//949 955//937
f 957//939 969//951 968//950 956//938
f 958//940 970//952 969//951 957//939
f 959//941 971//953 970//952 958//940
f 960//942 972//954 971//953 959//941
f 950//932 962//944 972//954 960//942
f 961//943 973//955 974//956 962//944
f 963//945 975//957 973//955 961//943
f 964//946 976//958 975//957 963//945
f 965//947 977//959 976//958 964//946
f 966//948 978//960 977//959 965//947
f 967//949 979//961 978//960 966//948
f 968//950 980//962 979//961 967//949
f 969//951 981//963 980//962 968//950
f 970//952 982//964 981//963 969//951
f 971//953 983//965 982//964 970//952
f 972//954 984//966 983//965 971//953
f 962//944 974//956 984//966 972//954
f 973//955 985//967 986//968 974//956
f 975//957 987//969 985//967 973//955
f 976//958 988//970 987//969 975//957
f 977//959 989//971 988//970 976//958
f 978//960 990//972 989//971 977//959
f 979//961 991//973 990//972 978//960
f 980//962 992//974 991//973 979//961
f 981//963 993//975 992//974 980//962
f 982//964 994//976 993//975 981//963
f 983//965 995//977 994//976 982//964
f 984//966 996//978 995//977 983//965
f 974//956 986//968 996//978 984//966
f 985//967 997//979 998//980 986//968
f 987//969 999//981 997//979 985//967
f 988//970 1000//982 999//981 987//969
f 989//971 1001//983 1000//982 988//970
f 990//972 1002//984 1001//983 989//971
f 991//973 1003//985 1002//984 990//972
f 992//974 1004//986 1003//985 991//973
f 993//975 1005//987 1004//986 992//974
f 994//976 1006//988 1005//987 993//975
f 995//977 1007//989 1006//988 994//976
f 996//978 1008//990 1007//989 995//977
f 986//968 998//980 1008//990 996//978
f 997//979 1009//991 1010//992 998//980
f 999//981 1011//993 1009//991 997//979
f 1000//982 1012//994 1011//993 999//981
f 1001//983 1013//995 1012//994 1000//982
f 1002//984 1014//996 1013//995 1001//983
f 1003//985 1015//997 1014//996 1002//984
f 1004//986 1016//998 1015//997 1003//985
f 1005//987 1017//999 1016//998 1004//986
f 1006//988 1018//1000 1017//999 1005//987
f 1007//989 1019//1001 1018//1000 1006//988
f 1008//990 1020//1002 1019//1001 1007//989
f 998//980 1010//992 1020//1002 1008//990
f 1009//991 1021//1003 1022//1004 1010//992
f 1011//993 1023//1005 1021//1003 1009//991
f 1012//994 1024//1006 1023//1005 1011//993
f 1013//995 1025//1007 1024//1006 1012//994
f 1014//996 1026//1008 1025//1007 1013//995
f 1015//997 1027//1009 1026//1008 1014//996
f 1016//998 1028//1010 1027//1009 1015//997
f 1017//999 1029//1011 1028//1010 1016//998
f 1018//1000 1030//1012 1029//1011 1017//999
f 1019//1001 1031//1013 1030//1012 1018//1000
f 1020//1002 1032//1014 1031//1013 1019//1001
f 1010//992 1022//1004 1032//1014 1020//1002
f 1021//1003 1033//1015 1034//1016 1022//1004
f 1023//1005 1035//1017 1033//1015 1021//1003
f 1024//1006 1036//1018 1035//1017 1023//1005
f 1025//1007 1037//1019 1036//1018 1024//1006
f 1026//1008 1038//1020 1037//1019 1025//1007
f 1027//1009 1039//1021 1038//1020 1026//1008
f 1028//1010 1040//1022 1039//1021 1027//1009
f 1029//1011 1041//1023 1040//1022 1028//1010
f 1030//1012 1042//1024 1041//1023 1029//1011
f 1031//1013 1043//1025 1042//1024 1030//1012
f 1032//1014 1044//1026 1043//1025 1031//1013
f 1022//1004 1034//1016 1044//1026 1032//1014
f 1033//1015 1045//1027 1046//1028 1034//1016
f 1035//1017 1047//1029 1045//1027 1033//1015
f 1036//1018 1048//1030 1047//1029 1035//1017
f 1037//1019 1049//1031 1048//1030 1036//1018
f 1038//1020 1050//1032 1049//1031 1037//1019
f 1039//1021 1051//1033 1050//1032 1038//1020
f 1040//1022 1052//1034 1051//1033 1039//1021
f 1041//1023 1053//1035 1052//1034 1040//1022
f 1042//1024 1054//1036 1053//1035 1041//1023
f 1043//1025 1055//1037 1054//1036 1042//1024
f 1044//1026 1056//1038 1055//1037 1043//1025
f 1034//1016 1046//1028 1056//1038 1044//1026
f 1045//1027 1057//1039 1058//1040 1046//1028
f 1047//1029 1059//1041 1057//1039 1045//1027
f 1048//1030 1060//1042 1059//1041 1047//1029
f 1049//1031 1061//1043 1060//1042 1048//1030
f 1050//1032 1062//1044 1061//1043 1049//1031
f 1051//1033 1063//1045 1062//1044 1050//1032
f 1052//1034 1064//1046 1063//1045 1051//1033
f 1053//1035 1065//1047 1064//1046 1052//1034
f 1054//1036 1066//1048 1065//1047 1053//1035
f 1055//1037 1067//1049 1066//1048 1054//1036
f 1056//1038 1068//1050 1067//1049 1055//1037
f 1046//1028 1058//1040 1068//1050 1056//1038
f 1057//1039 1069//1051 1070//1052 1058//1040
f 1059//1041 1071//1053 1069//1051 1057//1039
f 1060//1042 1072//1054 1071//1053 1059//1041
f 1061//1043 1073//1055 1072//1054 1060//1042
f 1062//1044 1074//1056 1073//1055 1061//1043
f 1063//1045 1075//1057 1074//1056 1062//1044
f 1064//1046 1076//1058 1075//1057 1063//1045
f 1065//1047 1077//1059 1076//1058 1064//1046
f 1066//1048 1078//1060 1077//1059 1065//1047
f 1067//1049 1079//1061 1078//1060 1066//1048
f 1068//1050 1080//1062 1079//1061 1067//1049
f 1058//1040 1070//1052 1080//1062 1068//1050
