# Extracted from Open3DModel lower-limb.obj — Medial_tarsal_arteries.r
# License: CC BY-SA 4.0 — AnatomyTOOL Open3D create
o Medial_tarsal_arteries.r
v -0.069025 0.041813 -0.031657
v -0.067571 0.041509 -0.031040
v -0.067593 0.041406 -0.031021
v -0.069060 0.041714 -0.031644
v -0.068975 0.041886 -0.031717
v -0.067536 0.041585 -0.031107
v -0.068925 0.041912 -0.031807
v -0.067496 0.041614 -0.031201
v -0.068888 0.041886 -0.031902
v -0.067462 0.041588 -0.031299
v -0.068873 0.041813 -0.031978
v -0.067443 0.041514 -0.031374
v -0.068885 0.041714 -0.032014
v -0.067445 0.041412 -0.031406
v -0.068920 0.041615 -0.032001
v -0.067466 0.041309 -0.031386
v -0.068969 0.041542 -0.031941
v -0.067501 0.041233 -0.031320
v -0.069020 0.041516 -0.031851
v -0.067541 0.041204 -0.031225
v -0.069057 0.041542 -0.031756
v -0.067575 0.041230 -0.031127
v -0.069072 0.041615 -0.031680
v -0.067594 0.041304 -0.031052
v -0.066098 0.041422 -0.030536
v -0.066104 0.041318 -0.030511
v -0.066076 0.041500 -0.030607
v -0.066045 0.041530 -0.030706
v -0.066014 0.041504 -0.030806
v -0.065990 0.041429 -0.030880
v -0.065981 0.041325 -0.030908
v -0.065987 0.041221 -0.030883
v -0.066009 0.041144 -0.030811
v -0.066040 0.041114 -0.030713
v -0.066071 0.041140 -0.030613
v -0.066095 0.041214 -0.030539
v -0.064623 0.041534 -0.030116
v -0.064616 0.041430 -0.030087
v -0.064613 0.041611 -0.030191
v -0.064590 0.041641 -0.030293
v -0.064560 0.041615 -0.030394
v -0.064530 0.041540 -0.030466
v -0.064509 0.041436 -0.030491
v -0.064503 0.041332 -0.030462
v -0.064512 0.041255 -0.030387
v -0.064535 0.041226 -0.030285
v -0.064566 0.041252 -0.030184
v -0.064595 0.041327 -0.030112
v -0.063166 0.041827 -0.029752
v -0.063148 0.041724 -0.029719
v -0.063167 0.041902 -0.029830
v -0.063149 0.041931 -0.029934
v -0.063118 0.041905 -0.030035
v -0.063081 0.041831 -0.030107
v -0.063049 0.041729 -0.030129
v -0.063031 0.041626 -0.030097
v -0.063030 0.041551 -0.030018
v -0.063048 0.041522 -0.029915
v -0.063079 0.041548 -0.029813
v -0.063116 0.041622 -0.029742
v -0.061747 0.042281 -0.029416
v -0.061717 0.042182 -0.029381
v -0.061755 0.042355 -0.029497
v -0.061740 0.042383 -0.029602
v -0.061706 0.042357 -0.029703
v -0.061662 0.042285 -0.029774
v -0.061620 0.042186 -0.029794
v -0.061590 0.042086 -0.029759
v -0.061582 0.042012 -0.029678
v -0.061597 0.041985 -0.029572
v -0.061631 0.042010 -0.029471
v -0.061675 0.042082 -0.029401
v -0.060382 0.042880 -0.029080
v -0.060344 0.042784 -0.029043
v -0.060396 0.042952 -0.029163
v -0.060382 0.042980 -0.029269
v -0.060344 0.042956 -0.029370
v -0.060291 0.042886 -0.029439
v -0.060239 0.042791 -0.029457
v -0.060201 0.042694 -0.029419
v -0.060187 0.042622 -0.029336
v -0.060201 0.042595 -0.029230
v -0.060239 0.042619 -0.029129
v -0.060292 0.042688 -0.029061
v -0.059092 0.043605 -0.028717
v -0.059046 0.043512 -0.028677
v -0.059110 0.043675 -0.028802
v -0.059094 0.043704 -0.028908
v -0.059050 0.043683 -0.029008
v -0.058988 0.043618 -0.029075
v -0.058926 0.043527 -0.029090
v -0.058881 0.043434 -0.029050
v -0.058863 0.043363 -0.028966
v -0.058879 0.043335 -0.028859
v -0.058923 0.043356 -0.028759
v -0.058984 0.043421 -0.028693
v -0.057895 0.044438 -0.028299
v -0.057843 0.044348 -0.028257
v -0.057914 0.044507 -0.028385
v -0.057895 0.044538 -0.028491
v -0.057843 0.044522 -0.028589
v -0.057772 0.044463 -0.028653
v -0.057701 0.044377 -0.028665
v -0.057649 0.044287 -0.028623
v -0.057630 0.044218 -0.028537
v -0.057649 0.044187 -0.028431
v -0.057701 0.044203 -0.028333
v -0.057772 0.044262 -0.028270
v -0.056808 0.045360 -0.027799
v -0.056751 0.045273 -0.027755
v -0.056827 0.045430 -0.027885
v -0.056804 0.045465 -0.027990
v -0.056743 0.045456 -0.028085
v -0.056663 0.045404 -0.028145
v -0.056584 0.045325 -0.028154
v -0.056527 0.045238 -0.028109
v -0.056507 0.045168 -0.028023
v -0.056531 0.045133 -0.027918
v -0.056591 0.045142 -0.027823
v -0.056672 0.045194 -0.027763
v -0.055851 0.046354 -0.027190
v -0.055790 0.046270 -0.027143
v -0.055869 0.046426 -0.027276
v -0.055839 0.046468 -0.027377
v -0.055770 0.046467 -0.027467
v -0.055679 0.046425 -0.027522
v -0.055592 0.046352 -0.027526
v -0.055532 0.046268 -0.027479
v -0.055514 0.046196 -0.027393
v -0.055544 0.046155 -0.027292
v -0.055613 0.046155 -0.027202
v -0.055703 0.046197 -0.027147
v -0.055040 0.047403 -0.026445
v -0.054977 0.047321 -0.026395
v -0.055056 0.047478 -0.026529
v -0.055020 0.047528 -0.026625
v -0.054941 0.047539 -0.026708
v -0.054842 0.047507 -0.026755
v -0.054748 0.047442 -0.026753
v -0.054685 0.047360 -0.026704
v -0.054670 0.047284 -0.026620
v -0.054706 0.047235 -0.026523
v -0.054784 0.047224 -0.026441
v -0.054883 0.047256 -0.026394
v -0.054390 0.048495 -0.025530
v -0.054325 0.048416 -0.025478
v -0.054404 0.048574 -0.025613
v -0.054364 0.048630 -0.025704
v -0.054280 0.048650 -0.025780
v -0.054174 0.048627 -0.025820
v -0.054076 0.048568 -0.025813
v -0.054011 0.048489 -0.025761
v -0.053996 0.048411 -0.025678
v -0.054037 0.048354 -0.025586
v -0.054121 0.048334 -0.025510
v -0.054226 0.048357 -0.025471
v -0.053642 0.050075 -0.024153
v -0.053574 0.049997 -0.024096
v -0.053658 0.050154 -0.024239
v -0.053616 0.050213 -0.024332
v -0.053528 0.050237 -0.024407
v -0.053417 0.050218 -0.024443
v -0.053314 0.050163 -0.024432
v -0.053245 0.050085 -0.024375
v -0.053229 0.050007 -0.024289
v -0.053271 0.049947 -0.024196
v -0.053359 0.049924 -0.024121
v -0.053470 0.049942 -0.024085
v -0.053030 0.051591 -0.022934
v -0.052957 0.051517 -0.022872
v -0.053047 0.051669 -0.023026
v -0.053004 0.051728 -0.023122
v -0.052914 0.051753 -0.023198
v -0.052799 0.051738 -0.023233
v -0.052691 0.051686 -0.023217
v -0.052619 0.051611 -0.023155
v -0.052601 0.051534 -0.023064
v -0.052644 0.051475 -0.022967
v -0.052734 0.051449 -0.022892
v -0.052849 0.051465 -0.022857
v -0.052553 0.053038 -0.021845
v -0.052477 0.052966 -0.021778
v -0.052572 0.053114 -0.021941
v -0.052528 0.053174 -0.022040
v -0.052435 0.053203 -0.022116
v -0.052316 0.053192 -0.022148
v -0.052203 0.053144 -0.022128
v -0.052127 0.053072 -0.022061
v -0.052108 0.052996 -0.021965
v -0.052152 0.052936 -0.021866
v -0.052246 0.052908 -0.021790
v -0.052365 0.052919 -0.021758
v -0.052211 0.054414 -0.020850
v -0.052132 0.054346 -0.020778
v -0.052231 0.054490 -0.020950
v -0.052186 0.054553 -0.021050
v -0.052089 0.054586 -0.021125
v -0.051966 0.054581 -0.021153
v -0.051849 0.054538 -0.021128
v -0.051770 0.054470 -0.021056
v -0.051750 0.054394 -0.020956
v -0.051795 0.054331 -0.020855
v -0.051892 0.054298 -0.020781
v -0.052015 0.054303 -0.020752
v -0.052002 0.055719 -0.019915
v -0.051920 0.055653 -0.019838
v -0.052022 0.055796 -0.020018
v -0.051976 0.055863 -0.020118
v -0.051875 0.055903 -0.020190
v -0.051748 0.055906 -0.020214
v -0.051627 0.055869 -0.020183
v -0.051546 0.055804 -0.020106
v -0.051525 0.055727 -0.020003
v -0.051572 0.055660 -0.019902
v -0.051672 0.055619 -0.019830
v -0.051800 0.055617 -0.019807
v -0.051923 0.056953 -0.019005
v -0.051839 0.056889 -0.018924
v -0.051943 0.057032 -0.019109
v -0.051896 0.057107 -0.019208
v -0.051792 0.057156 -0.019275
v -0.051661 0.057167 -0.019293
v -0.051537 0.057137 -0.019256
v -0.051454 0.057074 -0.019174
v -0.051433 0.056994 -0.019070
v -0.051481 0.056920 -0.018971
v -0.051584 0.056870 -0.018904
v -0.051715 0.056859 -0.018887
v -0.051972 0.058116 -0.018086
v -0.051886 0.058054 -0.018001
v -0.051993 0.058201 -0.018190
v -0.051944 0.058284 -0.018285
v -0.051839 0.058345 -0.018346
v -0.051706 0.058366 -0.018356
v -0.051579 0.058342 -0.018313
v -0.051494 0.058279 -0.018228
v -0.051473 0.058195 -0.018124
v -0.051521 0.058111 -0.018028
v -0.051626 0.058051 -0.017968
v -0.051760 0.058030 -0.017958
v -0.052147 0.059211 -0.017121
v -0.052060 0.059147 -0.017034
v -0.052169 0.059302 -0.017223
v -0.052121 0.059397 -0.017313
v -0.052015 0.059469 -0.017365
v -0.051880 0.059501 -0.017367
v -0.051752 0.059482 -0.017318
v -0.051665 0.059419 -0.017230
v -0.051643 0.059327 -0.017128
v -0.051691 0.059233 -0.017039
v -0.051796 0.059160 -0.016987
v -0.051931 0.059129 -0.016985
v -0.052446 0.060239 -0.016076
v -0.052357 0.060173 -0.015988
v -0.052471 0.060338 -0.016174
v -0.052425 0.060444 -0.016256
v -0.052320 0.060529 -0.016299
v -0.052184 0.060569 -0.016292
v -0.052055 0.060555 -0.016237
v -0.051966 0.060489 -0.016148
v -0.051941 0.060390 -0.016051
v -0.051987 0.060284 -0.015969
v -0.052092 0.060199 -0.015926
v -0.052228 0.060158 -0.015933
v -0.052870 0.061201 -0.014915
v -0.052778 0.061132 -0.014827
v -0.052898 0.061308 -0.015007
v -0.052855 0.061426 -0.015079
v -0.052752 0.061522 -0.015111
v -0.052616 0.061570 -0.015096
v -0.052485 0.061559 -0.015036
v -0.052393 0.061490 -0.014948
v -0.052366 0.061382 -0.014856
v -0.052409 0.061264 -0.014784
v -0.052512 0.061168 -0.014752
v -0.052647 0.061120 -0.014767
v -0.053418 0.062098 -0.013600
v -0.053322 0.062025 -0.013514
v -0.053450 0.062214 -0.013685
v -0.053410 0.062342 -0.013747
v -0.053309 0.062447 -0.013769
v -0.053174 0.062502 -0.013746
v -0.053042 0.062492 -0.013682
v -0.052946 0.062419 -0.013596
v -0.052914 0.062303 -0.013511
v -0.052954 0.062175 -0.013449
v -0.053055 0.062070 -0.013427
v -0.053190 0.062015 -0.013450
v -0.054091 0.062935 -0.012089
v -0.053992 0.062858 -0.012005
v -0.054126 0.063056 -0.012170
v -0.054089 0.063191 -0.012226
v -0.053989 0.063302 -0.012242
v -0.053853 0.063360 -0.012214
v -0.053718 0.063350 -0.012149
v -0.053619 0.063273 -0.012065
v -0.053584 0.063152 -0.011984
v -0.053621 0.063017 -0.011928
v -0.053721 0.062906 -0.011912
v -0.053857 0.062848 -0.011940
v -0.054629 0.063576 -0.010844
v -0.054528 0.063498 -0.010761
v -0.054666 0.063701 -0.010925
v -0.054628 0.063838 -0.010982
v -0.054526 0.063950 -0.011000
v -0.054386 0.064008 -0.010974
v -0.054248 0.063996 -0.010910
v -0.054147 0.063917 -0.010827
v -0.054110 0.063793 -0.010745
v -0.054148 0.063656 -0.010688
v -0.054250 0.063544 -0.010671
v -0.054389 0.063486 -0.010697
v -0.055070 0.064178 -0.009737
v -0.054967 0.064098 -0.009653
v -0.055107 0.064304 -0.009820
v -0.055067 0.064442 -0.009881
v -0.054962 0.064555 -0.009902
v -0.054820 0.064613 -0.009878
v -0.054678 0.064599 -0.009815
v -0.054574 0.064519 -0.009731
v -0.054538 0.064393 -0.009648
v -0.054577 0.064255 -0.009587
v -0.054682 0.064142 -0.009566
v -0.054825 0.064084 -0.009590
v -0.055465 0.064737 -0.008717
v -0.055360 0.064655 -0.008631
v -0.055503 0.064865 -0.008800
v -0.055463 0.065006 -0.008861
v -0.055357 0.065122 -0.008881
v -0.055212 0.065181 -0.008855
v -0.055068 0.065167 -0.008792
v -0.054963 0.065085 -0.008706
v -0.054925 0.064956 -0.008622
v -0.054964 0.064815 -0.008562
v -0.055071 0.064700 -0.008542
v -0.055216 0.064641 -0.008567
v -0.055869 0.065254 -0.007723
v -0.055762 0.065170 -0.007636
v -0.055908 0.065386 -0.007806
v -0.055870 0.065532 -0.007862
v -0.055764 0.065652 -0.007876
v -0.055619 0.065715 -0.007845
v -0.055474 0.065703 -0.007777
v -0.055367 0.065619 -0.007691
v -0.055328 0.065487 -0.007608
v -0.055366 0.065341 -0.007552
v -0.055472 0.065221 -0.007537
v -0.055617 0.065158 -0.007568
v -0.056337 0.065733 -0.006694
v -0.056229 0.065649 -0.006605
v -0.056379 0.065870 -0.006774
v -0.056344 0.066022 -0.006822
v -0.056241 0.066149 -0.006827
v -0.056097 0.066216 -0.006787
v -0.055952 0.066206 -0.006713
v -0.055844 0.066122 -0.006624
v -0.055802 0.065986 -0.006544
v -0.055837 0.065834 -0.006495
v -0.055940 0.065707 -0.006490
v -0.056083 0.065639 -0.006531
v -0.056926 0.066181 -0.005564
v -0.056816 0.066095 -0.005473
v -0.056971 0.066321 -0.005640
v -0.056940 0.066479 -0.005680
v -0.056841 0.066613 -0.005674
v -0.056701 0.066686 -0.005623
v -0.056557 0.066678 -0.005541
v -0.056448 0.066593 -0.005449
v -0.056402 0.066452 -0.005373
v -0.056433 0.066294 -0.005333
v -0.056532 0.066161 -0.005339
v -0.056672 0.066088 -0.005391
v -0.057693 0.066600 -0.004269
v -0.057583 0.066514 -0.004175
v -0.057742 0.066744 -0.004341
v -0.057716 0.066908 -0.004373
v -0.057622 0.067047 -0.004356
v -0.057486 0.067124 -0.004293
v -0.057343 0.067119 -0.004203
v -0.057233 0.067033 -0.004109
v -0.057184 0.066888 -0.004037
v -0.057210 0.066725 -0.004005
v -0.057304 0.066586 -0.004023
v -0.057440 0.066508 -0.004085
v -0.058696 0.066994 -0.002744
v -0.058585 0.066906 -0.002648
v -0.058748 0.067141 -0.002814
v -0.058727 0.067309 -0.002838
v -0.058638 0.067453 -0.002811
v -0.058505 0.067534 -0.002739
v -0.058364 0.067530 -0.002642
v -0.058252 0.067443 -0.002546
v -0.058200 0.067295 -0.002476
v -0.058222 0.067127 -0.002451
v -0.058311 0.066983 -0.002479
v -0.058444 0.066903 -0.002550
v -0.059992 0.067364 -0.000928
v -0.059879 0.067276 -0.000829
v -0.060047 0.067515 -0.000996
v -0.060029 0.067687 -0.001015
v -0.059944 0.067834 -0.000980
v -0.059814 0.067918 -0.000900
v -0.059674 0.067915 -0.000797
v -0.059562 0.067826 -0.000698
v -0.059507 0.067676 -0.000630
v -0.059524 0.067504 -0.000611
v -0.059609 0.067356 -0.000646
v -0.059739 0.067273 -0.000726
v -0.061636 0.067713 0.001240
v -0.061522 0.067624 0.001341
v -0.061693 0.067866 0.001173
v -0.061679 0.068042 0.001158
v -0.061597 0.068192 0.001200
v -0.061469 0.068278 0.001286
v -0.061330 0.068276 0.001395
v -0.061216 0.068186 0.001496
v -0.061159 0.068033 0.001562
v -0.061173 0.067858 0.001577
v -0.061255 0.067707 0.001535
v -0.061383 0.067621 0.001449
v -0.063684 0.068043 0.003820
v -0.063569 0.067952 0.003923
v -0.063743 0.068198 0.003754
v -0.063732 0.068377 0.003743
v -0.063652 0.068530 0.003789
v -0.063525 0.068618 0.003881
v -0.063386 0.068616 0.003993
v -0.063271 0.068525 0.004097
v -0.063211 0.068369 0.004163
v -0.063223 0.068191 0.004174
v -0.063303 0.068037 0.004127
v -0.063429 0.067950 0.004036
v -0.066187 0.068354 0.006869
v -0.066076 0.068263 0.006980
v -0.066245 0.068512 0.006799
v -0.066233 0.068693 0.006788
v -0.066156 0.068849 0.006839
v -0.066033 0.068938 0.006938
v -0.065897 0.068937 0.007060
v -0.065786 0.068845 0.007170
v -0.065728 0.068688 0.007240
v -0.065740 0.068507 0.007252
v -0.065818 0.068351 0.007201
v -0.065941 0.068261 0.007101
v -0.066834 0.068438 0.007526
v -0.066740 0.068347 0.007657
v -0.066879 0.068596 0.007441
v -0.066862 0.068780 0.007425
v -0.066788 0.068940 0.007481
v -0.066676 0.069034 0.007596
v -0.066556 0.069035 0.007737
v -0.066461 0.068945 0.007868
v -0.066416 0.068786 0.007953
v -0.066434 0.068602 0.007970
v -0.066508 0.068442 0.007913
v -0.066620 0.068349 0.007799
v -0.067496 0.068560 0.007974
v -0.067433 0.068475 0.008130
v -0.067516 0.068717 0.007869
v -0.067487 0.068902 0.007845
v -0.067418 0.069066 0.007907
v -0.067326 0.069166 0.008039
v -0.067237 0.069174 0.008206
v -0.067174 0.069088 0.008362
v -0.067154 0.068932 0.008466
v -0.067183 0.068747 0.008491
v -0.067252 0.068582 0.008428
v -0.067344 0.068483 0.008296
v -0.068191 0.068728 0.008234
v -0.068168 0.068651 0.008409
v -0.068179 0.068879 0.008115
v -0.068135 0.069064 0.008085
v -0.068071 0.069234 0.008151
v -0.068005 0.069342 0.008296
v -0.067954 0.069360 0.008481
v -0.067932 0.069283 0.008656
v -0.067944 0.069132 0.008774
v -0.067988 0.068947 0.008805
v -0.068051 0.068778 0.008739
v -0.068117 0.068669 0.008594
v -0.068940 0.068949 0.008322
v -0.068958 0.068883 0.008506
v -0.068895 0.069093 0.008196
v -0.068835 0.069277 0.008164
v -0.068777 0.069452 0.008232
v -0.068735 0.069570 0.008383
v -0.068721 0.069600 0.008576
v -0.068739 0.069534 0.008760
v -0.068784 0.069390 0.008885
v -0.068844 0.069206 0.008918
v -0.068902 0.069031 0.008850
v -0.068944 0.068913 0.008699
v -0.069761 0.069232 0.008248
v -0.069812 0.069176 0.008433
v -0.069689 0.069370 0.008122
v -0.069615 0.069553 0.008090
v -0.069560 0.069732 0.008159
v -0.069537 0.069859 0.008311
v -0.069554 0.069900 0.008506
v -0.069605 0.069845 0.008691
v -0.069677 0.069707 0.008817
v -0.069750 0.069524 0.008849
v -0.069806 0.069345 0.008780
v -0.069828 0.069218 0.008628
v -0.070669 0.069585 0.008022
v -0.070744 0.069538 0.008205
v -0.070577 0.069718 0.007898
v -0.070492 0.069900 0.007867
v -0.070437 0.070083 0.007937
v -0.070427 0.070218 0.008089
v -0.070465 0.070268 0.008283
v -0.070540 0.070221 0.008466
v -0.070632 0.070088 0.008590
v -0.070717 0.069906 0.008620
v -0.070772 0.069723 0.008550
v -0.070782 0.069588 0.008398
v -0.071675 0.070015 0.007654
v -0.071766 0.069973 0.007835
v -0.071568 0.070144 0.007533
v -0.071474 0.070327 0.007504
v -0.071419 0.070513 0.007575
v -0.071417 0.070654 0.007727
v -0.071469 0.070711 0.007919
v -0.071560 0.070669 0.008100
v -0.071667 0.070539 0.008221
v -0.071761 0.070357 0.008250
v -0.071816 0.070170 0.008179
v -0.071818 0.070030 0.008027
v -0.072789 0.070527 0.007156
v -0.072892 0.070489 0.007337
v -0.072672 0.070655 0.007037
v -0.072572 0.070838 0.007010
v -0.072515 0.071028 0.007082
v -0.072517 0.071173 0.007235
v -0.072578 0.071234 0.007427
v -0.072681 0.071196 0.007607
v -0.072798 0.071068 0.007727
v -0.072898 0.070885 0.007754
v -0.072955 0.070695 0.007682
v -0.072952 0.070550 0.007529
v -0.074025 0.071127 0.006543
v -0.074134 0.071091 0.006723
v -0.073900 0.071255 0.006424
v -0.073794 0.071440 0.006398
v -0.073736 0.071632 0.006472
v -0.073740 0.071780 0.006627
v -0.073805 0.071845 0.006820
v -0.073915 0.071809 0.007001
v -0.074040 0.071681 0.007120
v -0.074145 0.071497 0.007146
v -0.074204 0.071304 0.007071
v -0.074200 0.071156 0.006917
v -0.075393 0.071823 0.005826
v -0.075507 0.071787 0.006008
v -0.075263 0.071951 0.005707
v -0.075153 0.072137 0.005682
v -0.075092 0.072332 0.005758
v -0.075096 0.072483 0.005916
v -0.075164 0.072549 0.006112
v -0.075278 0.072514 0.006294
v -0.075408 0.072386 0.006413
v -0.075518 0.072200 0.006438
v -0.075579 0.072005 0.006362
v -0.075575 0.071854 0.006204
v -0.076906 0.072620 0.005020
v -0.077023 0.072584 0.005205
v -0.076773 0.072749 0.004899
v -0.076659 0.072937 0.004875
v -0.076595 0.073134 0.004954
v -0.076597 0.073287 0.005114
v -0.076667 0.073354 0.005314
v -0.076783 0.073319 0.005499
v -0.076917 0.073189 0.005619
v -0.077031 0.073001 0.005644
v -0.077095 0.072804 0.005565
v -0.077092 0.072651 0.005404
v -0.078578 0.073523 0.004138
v -0.078696 0.073487 0.004326
v -0.078442 0.073655 0.004015
v -0.078324 0.073845 0.003992
v -0.078257 0.074044 0.004073
v -0.078258 0.074198 0.004237
v -0.078326 0.074266 0.004440
v -0.078444 0.074229 0.004629
v -0.078580 0.074098 0.004751
v -0.078698 0.073907 0.004775
v -0.078765 0.073708 0.004694
v -0.078764 0.073554 0.004530
v -0.067040 0.031499 0.014508
v -0.066573 0.031845 0.013995
v -0.066500 0.031714 0.013968
v -0.066967 0.031362 0.014484
v -0.067155 0.031600 0.014473
v -0.066682 0.031945 0.013958
v -0.067283 0.031636 0.014390
v -0.066798 0.031987 0.013868
v -0.067390 0.031600 0.014280
v -0.066889 0.031960 0.013749
v -0.067445 0.031499 0.014173
v -0.066931 0.031871 0.013633
v -0.067435 0.031362 0.014098
v -0.066913 0.031744 0.013550
v -0.067363 0.031224 0.014074
v -0.066840 0.031614 0.013524
v -0.067247 0.031124 0.014108
v -0.066731 0.031514 0.013560
v -0.067119 0.031087 0.014191
v -0.066615 0.031472 0.013650
v -0.067013 0.031124 0.014301
v -0.066524 0.031499 0.013769
v -0.066958 0.031224 0.014408
v -0.066482 0.031587 0.013886
v -0.066130 0.032179 0.013625
v -0.066055 0.032055 0.013596
v -0.066232 0.032279 0.013587
v -0.066334 0.032327 0.013492
v -0.066408 0.032311 0.013365
v -0.066435 0.032236 0.013241
v -0.066407 0.032121 0.013153
v -0.066332 0.031997 0.013124
v -0.066230 0.031898 0.013163
v -0.066128 0.031850 0.013258
v -0.066054 0.031865 0.013384
v -0.066027 0.031940 0.013508
v -0.065710 0.032503 0.013379
v -0.065633 0.032387 0.013348
v -0.065805 0.032602 0.013339
v -0.065893 0.032657 0.013241
v -0.065950 0.032654 0.013110
v -0.065960 0.032593 0.012981
v -0.065921 0.032491 0.012889
v -0.065844 0.032375 0.012859
v -0.065749 0.032276 0.012898
v -0.065661 0.032221 0.012996
v -0.065604 0.032224 0.013127
v -0.065594 0.032285 0.013256
v -0.065312 0.032819 0.013233
v -0.065232 0.032711 0.013202
v -0.065401 0.032917 0.013195
v -0.065475 0.032979 0.013096
v -0.065514 0.032989 0.012964
v -0.065508 0.032943 0.012834
v -0.065459 0.032854 0.012741
v -0.065379 0.032746 0.012709
v -0.065290 0.032647 0.012748
v -0.065216 0.032585 0.012847
v -0.065177 0.032576 0.012979
v -0.065183 0.032622 0.013109
v -0.064935 0.033130 0.013171
v -0.064852 0.033030 0.013140
v -0.065018 0.033227 0.013133
v -0.065080 0.033295 0.013037
v -0.065104 0.033315 0.012907
v -0.065084 0.033283 0.012780
v -0.065024 0.033206 0.012688
v -0.064942 0.033106 0.012657
v -0.064858 0.033010 0.012695
v -0.064796 0.032942 0.012791
v -0.064772 0.032922 0.012921
v -0.064792 0.032954 0.013049
v -0.064576 0.033439 0.013175
v -0.064491 0.033347 0.013145
v -0.064655 0.033534 0.013138
v -0.064708 0.033605 0.013045
v -0.064720 0.033634 0.012921
v -0.064689 0.033613 0.012798
v -0.064622 0.033548 0.012710
v -0.064537 0.033456 0.012680
v -0.064457 0.033362 0.012717
v -0.064404 0.033290 0.012810
v -0.064392 0.033261 0.012934
v -0.064424 0.033282 0.013057
v -0.064236 0.033748 0.013228
v -0.064150 0.033663 0.013200
v -0.064313 0.033838 0.013193
v -0.064359 0.033911 0.013104
v -0.064364 0.033946 0.012985
v -0.064325 0.033934 0.012868
v -0.064252 0.033878 0.012785
v -0.064166 0.033793 0.012757
v -0.064089 0.033703 0.012792
v -0.064043 0.033630 0.012881
v -0.064038 0.033596 0.013000
v -0.064078 0.033608 0.013116
v -0.063917 0.034057 0.013313
v -0.063831 0.033979 0.013288
v -0.063992 0.034142 0.013279
v -0.064036 0.034214 0.013194
v -0.064036 0.034251 0.013081
v -0.063993 0.034245 0.012971
v -0.063918 0.034197 0.012892
v -0.063831 0.034119 0.012866
v -0.063756 0.034033 0.012900
v -0.063712 0.033962 0.012985
v -0.063712 0.033925 0.013098
v -0.063756 0.033931 0.013209
v -0.063621 0.034367 0.013414
v -0.063535 0.034296 0.013390
v -0.063696 0.034446 0.013380
v -0.063739 0.034513 0.013298
v -0.063738 0.034550 0.013190
v -0.063694 0.034547 0.013085
v -0.063619 0.034504 0.013010
v -0.063532 0.034433 0.012987
v -0.063457 0.034354 0.013021
v -0.063415 0.034287 0.013102
v -0.063415 0.034250 0.013211
v -0.063459 0.034253 0.013316
v -0.063350 0.034678 0.013511
v -0.063264 0.034614 0.013489
v -0.063426 0.034750 0.013477
v -0.063470 0.034810 0.013397
v -0.063472 0.034843 0.013293
v -0.063430 0.034839 0.013191
v -0.063356 0.034800 0.013121
v -0.063270 0.034736 0.013099
v -0.063195 0.034664 0.013133
v -0.063150 0.034604 0.013213
v -0.063149 0.034571 0.013317
v -0.063191 0.034575 0.013419
v -0.063106 0.034994 0.013584
v -0.063021 0.034936 0.013565
v -0.063183 0.035056 0.013550
v -0.063232 0.035106 0.013472
v -0.063239 0.035130 0.013370
v -0.063202 0.035122 0.013272
v -0.063132 0.035084 0.013205
v -0.063047 0.035026 0.013185
v -0.062969 0.034964 0.013219
v -0.062921 0.034915 0.013297
v -0.062914 0.034890 0.013399
v -0.062950 0.034898 0.013497
v -0.062891 0.035314 0.013613
v -0.062807 0.035262 0.013594
v -0.062970 0.035364 0.013579
v -0.063025 0.035400 0.013503
v -0.063039 0.035411 0.013405
v -0.063010 0.035396 0.013311
v -0.062944 0.035357 0.013246
v -0.062861 0.035305 0.013228
v -0.062781 0.035254 0.013261
v -0.062727 0.035219 0.013337
v -0.062713 0.035207 0.013435
v -0.062742 0.035223 0.013529
v -0.062693 0.035654 0.013591
v -0.062609 0.035605 0.013572
v -0.062777 0.035696 0.013558
v -0.062838 0.035720 0.013483
v -0.062859 0.035720 0.013386
v -0.062835 0.035695 0.013293
v -0.062773 0.035652 0.013228
v -0.062688 0.035603 0.013210
v -0.062604 0.035561 0.013243
v -0.062544 0.035536 0.013318
v -0.062522 0.035537 0.013415
v -0.062546 0.035562 0.013508
v -0.062495 0.036028 0.013519
v -0.062410 0.035981 0.013501
v -0.062581 0.036065 0.013487
v -0.062646 0.036081 0.013414
v -0.062671 0.036072 0.013319
v -0.062651 0.036041 0.013228
v -0.062591 0.035995 0.013164
v -0.062506 0.035948 0.013146
v -0.062420 0.035911 0.013177
v -0.062355 0.035895 0.013250
v -0.062330 0.035904 0.013345
v -0.062350 0.035935 0.013437
v -0.062295 0.036434 0.013408
v -0.062210 0.036387 0.013390
v -0.062382 0.036467 0.013378
v -0.062449 0.036478 0.013306
v -0.062477 0.036464 0.013213
v -0.062459 0.036428 0.013123
v -0.062400 0.036381 0.013060
v -0.062315 0.036335 0.013042
v -0.062228 0.036302 0.013072
v -0.062161 0.036291 0.013144
v -0.062133 0.036305 0.013237
v -0.062151 0.036340 0.013327
v -0.062091 0.036867 0.013268
v -0.062006 0.036822 0.013250
v -0.062179 0.036898 0.013239
v -0.062247 0.036906 0.013169
v -0.062276 0.036889 0.013077
v -0.062259 0.036852 0.012988
v -0.062201 0.036804 0.012926
v -0.062116 0.036759 0.012907
v -0.062028 0.036728 0.012937
v -0.061960 0.036720 0.013007
v -0.061931 0.036737 0.013099
v -0.061948 0.036774 0.013188
v -0.061882 0.037327 0.013108
v -0.061797 0.037282 0.013089
v -0.061970 0.037356 0.013079
v -0.062038 0.037363 0.013010
v -0.062068 0.037344 0.012919
v -0.062052 0.037306 0.012831
v -0.061993 0.037258 0.012770
v -0.061909 0.037214 0.012751
v -0.061821 0.037184 0.012780
v -0.061753 0.037178 0.012849
v -0.061723 0.037196 0.012940
v -0.061739 0.037234 0.013028
v -0.061667 0.037808 0.012937
v -0.061583 0.037764 0.012918
v -0.061754 0.037837 0.012908
v -0.061822 0.037843 0.012839
v -0.061852 0.037825 0.012749
v -0.061836 0.037787 0.012661
v -0.061778 0.037739 0.012600
v -0.061694 0.037695 0.012581
v -0.061606 0.037666 0.012610
v -0.061538 0.037660 0.012679
v -0.061508 0.037679 0.012769
v -0.061525 0.037716 0.012856
v -0.061445 0.038307 0.012762
v -0.061361 0.038263 0.012744
v -0.061532 0.038336 0.012734
v -0.061599 0.038343 0.012665
v -0.061628 0.038326 0.012575
v -0.061612 0.038289 0.012488
v -0.061554 0.038243 0.012426
v -0.061470 0.038199 0.012408
v -0.061383 0.038170 0.012436
v -0.061316 0.038163 0.012505
v -0.061287 0.038180 0.012595
v -0.061303 0.038217 0.012682
v -0.061216 0.038820 0.012595
v -0.061132 0.038777 0.012576
v -0.061302 0.038850 0.012566
v -0.061368 0.038859 0.012497
v -0.061396 0.038844 0.012407
v -0.061378 0.038809 0.012319
v -0.061320 0.038764 0.012258
v -0.061237 0.038721 0.012239
v -0.061151 0.038691 0.012268
v -0.061085 0.038682 0.012337
v -0.061057 0.038697 0.012427
v -0.061074 0.038732 0.012515
v -0.060978 0.039344 0.012442
v -0.060895 0.039301 0.012423
v -0.061063 0.039375 0.012413
v -0.061128 0.039386 0.012343
v -0.061154 0.039374 0.012253
v -0.061136 0.039342 0.012165
v -0.061077 0.039299 0.012104
v -0.060994 0.039256 0.012085
v -0.060909 0.039225 0.012114
v -0.060845 0.039214 0.012183
v -0.060818 0.039226 0.012274
v -0.060837 0.039258 0.012362
v -0.060733 0.039873 0.012313
v -0.060650 0.039830 0.012294
v -0.060816 0.039906 0.012283
v -0.060878 0.039921 0.012214
v -0.060903 0.039913 0.012122
v -0.060883 0.039885 0.012034
v -0.060824 0.039844 0.011973
v -0.060741 0.039801 0.011954
v -0.060658 0.039768 0.011984
v -0.060595 0.039753 0.012054
v -0.060571 0.039761 0.012145
v -0.060591 0.039789 0.012233
v -0.060478 0.040403 0.012216
v -0.060396 0.040361 0.012198
v -0.060560 0.040439 0.012186
v -0.060619 0.040459 0.012116
v -0.060641 0.040456 0.012025
v -0.060619 0.040433 0.011936
v -0.060559 0.040395 0.011875
v -0.060477 0.040352 0.011856
v -0.060395 0.040316 0.011886
v -0.060336 0.040297 0.011956
v -0.060314 0.040299 0.012048
v -0.060336 0.040323 0.012136
v -0.060208 0.040944 0.012160
v -0.060127 0.040901 0.012141
v -0.060289 0.040979 0.012130
v -0.060349 0.040999 0.012060
v -0.060370 0.040996 0.011969
v -0.060348 0.040973 0.011881
v -0.060289 0.040935 0.011820
v -0.060207 0.040893 0.011802
v -0.060126 0.040857 0.011831
v -0.060067 0.040837 0.011901
v -0.060045 0.040840 0.011992
v -0.060067 0.040863 0.012080
v -0.059957 0.041463 0.012074
v -0.059872 0.041418 0.012055
v -0.060045 0.041495 0.012044
v -0.060112 0.041505 0.011973
v -0.060140 0.041491 0.011880
v -0.060122 0.041457 0.011790
v -0.060062 0.041411 0.011726
v -0.059977 0.041366 0.011707
v -0.059889 0.041335 0.011737
v -0.059822 0.041324 0.011808
v -0.059794 0.041338 0.011901
v -0.059812 0.041372 0.011992
v -0.059734 0.041981 0.011878
v -0.059644 0.041934 0.011858
v -0.059829 0.042006 0.011850
v -0.059905 0.042004 0.011780
v -0.059941 0.041975 0.011688
v -0.059927 0.041926 0.011599
v -0.059867 0.041872 0.011535
v -0.059778 0.041825 0.011515
v -0.059682 0.041800 0.011543
v -0.059606 0.041802 0.011613
v -0.059570 0.041831 0.011705
v -0.059584 0.041880 0.011795
v -0.059539 0.042490 0.011604
v -0.059445 0.042442 0.011582
v -0.059641 0.042510 0.011577
v -0.059724 0.042499 0.011509
v -0.059765 0.042459 0.011419
v -0.059754 0.042400 0.011329
v -0.059693 0.042338 0.011265
v -0.059599 0.042291 0.011243
v -0.059497 0.042270 0.011270
v -0.059414 0.042282 0.011338
v -0.059373 0.042322 0.011428
v -0.059384 0.042381 0.011518
v -0.059367 0.042996 0.011278
v -0.059268 0.042949 0.011254
v -0.059475 0.043014 0.011253
v -0.059563 0.042996 0.011186
v -0.059608 0.042949 0.011095
v -0.059598 0.042883 0.011004
v -0.059535 0.042818 0.010938
v -0.059436 0.042770 0.010915
v -0.059328 0.042752 0.010940
v -0.059240 0.042770 0.011007
v -0.059195 0.042818 0.011098
v -0.059205 0.042883 0.011188
v -0.059212 0.043508 0.010927
v -0.059109 0.043460 0.010901
v -0.059325 0.043524 0.010903
v -0.059418 0.043503 0.010835
v -0.059466 0.043451 0.010742
v -0.059455 0.043383 0.010648
v -0.059389 0.043316 0.010578
v -0.059286 0.043268 0.010552
v -0.059172 0.043252 0.010576
v -0.059080 0.043273 0.010644
v -0.059032 0.043324 0.010738
v -0.059043 0.043393 0.010832
v -0.059069 0.044032 0.010577
v -0.058961 0.043985 0.010548
v -0.059187 0.044047 0.010553
v -0.059284 0.044025 0.010482
v -0.059333 0.043974 0.010383
v -0.059321 0.043905 0.010284
v -0.059251 0.043839 0.010209
v -0.059143 0.043792 0.010180
v -0.059025 0.043777 0.010205
v -0.058929 0.043798 0.010276
v -0.058880 0.043850 0.010374
v -0.058892 0.043918 0.010474
v -0.058933 0.044573 0.010252
v -0.058820 0.044527 0.010220
v -0.059056 0.044588 0.010227
v -0.059155 0.044570 0.010151
v -0.059204 0.044522 0.010045
v -0.059190 0.044458 0.009937
v -0.059117 0.044395 0.009857
v -0.059003 0.044349 0.009825
v -0.058881 0.044333 0.009850
v -0.058782 0.044352 0.009926
v -0.058733 0.044400 0.010032
v -0.058747 0.044464 0.010140
v -0.058800 0.045136 0.009976
v -0.058681 0.045093 0.009941
v -0.058927 0.045154 0.009949
v -0.059028 0.045142 0.009867
v -0.059076 0.045103 0.009752
v -0.059059 0.045048 0.009634
v -0.058980 0.044991 0.009546
v -0.058862 0.044949 0.009511
v -0.058735 0.044931 0.009538
v -0.058634 0.044943 0.009620
v -0.058586 0.044981 0.009735
v -0.058603 0.045036 0.009853
v -0.058664 0.045727 0.009771
v -0.058540 0.045688 0.009733
v -0.058794 0.045748 0.009742
v -0.058897 0.045747 0.009653
v -0.058943 0.045723 0.009528
v -0.058921 0.045683 0.009400
v -0.058837 0.045637 0.009305
v -0.058713 0.045598 0.009266
v -0.058582 0.045576 0.009295
v -0.058480 0.045578 0.009384
v -0.058434 0.045602 0.009509
v -0.058456 0.045642 0.009637
v -0.058521 0.046352 0.009658
v -0.058391 0.046318 0.009617
v -0.058655 0.046380 0.009627
v -0.058757 0.046394 0.009532
v -0.058800 0.046390 0.009399
v -0.058772 0.046370 0.009263
v -0.058682 0.046338 0.009161
v -0.058552 0.046304 0.009120
v -0.058418 0.046276 0.009151
v -0.058316 0.046263 0.009246
v -0.058273 0.046267 0.009379
v -0.058300 0.046287 0.009515
v -0.058365 0.047023 0.009658
v -0.058229 0.046994 0.009616
v -0.058502 0.047058 0.009626
v -0.058603 0.047089 0.009528
v -0.058642 0.047110 0.009390
v -0.058608 0.047113 0.009249
v -0.058510 0.047098 0.009143
v -0.058375 0.047070 0.009101
v -0.058238 0.047035 0.009133
v -0.058137 0.047003 0.009231
v -0.058098 0.046983 0.009370
v -0.058132 0.046980 0.009510
v -0.058188 0.047763 0.009798
v -0.058047 0.047736 0.009754
v -0.058327 0.047806 0.009765
v -0.058428 0.047854 0.009666
v -0.058464 0.047893 0.009526
v -0.058424 0.047914 0.009384
v -0.058321 0.047911 0.009276
v -0.058180 0.047884 0.009233
v -0.058041 0.047841 0.009265
v -0.057940 0.047793 0.009364
v -0.057904 0.047753 0.009504
v -0.057944 0.047732 0.009647
v -0.057980 0.048504 0.009989
v -0.057843 0.048472 0.009945
v -0.058115 0.048554 0.009959
v -0.058213 0.048608 0.009863
v -0.058246 0.048653 0.009727
v -0.058207 0.048675 0.009587
v -0.058105 0.048670 0.009480
v -0.057968 0.048638 0.009436
v -0.057833 0.048588 0.009466
v -0.057736 0.048533 0.009562
v -0.057702 0.048489 0.009699
v -0.057742 0.048466 0.009839
v -0.057750 0.049166 0.010138
v -0.057618 0.049126 0.010093
v -0.057881 0.049220 0.010110
v -0.057977 0.049274 0.010016
v -0.058011 0.049313 0.009881
v -0.057975 0.049327 0.009741
v -0.057878 0.049312 0.009634
v -0.057747 0.049273 0.009589
v -0.057615 0.049219 0.009618
v -0.057520 0.049165 0.009712
v -0.057485 0.049126 0.009847
v -0.057521 0.049112 0.009987
v -0.057513 0.049774 0.010230
v -0.057386 0.049729 0.010184
v -0.057642 0.049827 0.010202
v -0.057739 0.049874 0.010108
v -0.057777 0.049902 0.009974
v -0.057746 0.049903 0.009835
v -0.057655 0.049878 0.009728
v -0.057528 0.049833 0.009683
v -0.057398 0.049780 0.009711
v -0.057302 0.049733 0.009804
v -0.057264 0.049705 0.009939
v -0.057295 0.049703 0.010078
v -0.057285 0.050361 0.010247
v -0.057161 0.050314 0.010203
v -0.057415 0.050407 0.010220
v -0.057514 0.050440 0.010127
v -0.057558 0.050451 0.009994
v -0.057534 0.050437 0.009857
v -0.057448 0.050401 0.009752
v -0.057324 0.050354 0.009707
v -0.057194 0.050308 0.009735
v -0.057094 0.050275 0.009828
v -0.057051 0.050264 0.009960
v -0.057075 0.050279 0.010098
v -0.057083 0.050957 0.010176
v -0.056961 0.050912 0.010132
v -0.057214 0.050990 0.010150
v -0.057319 0.051004 0.010061
v -0.057368 0.050995 0.009933
v -0.057350 0.050964 0.009800
v -0.057268 0.050921 0.009697
v -0.057146 0.050876 0.009653
v -0.057015 0.050842 0.009679
v -0.056910 0.050829 0.009768
v -0.056861 0.050838 0.009896
v -0.056879 0.050869 0.010029
v -0.056925 0.051589 0.010003
v -0.056804 0.051550 0.009958
v -0.057058 0.051608 0.009981
v -0.057165 0.051602 0.009899
v -0.057219 0.051572 0.009778
v -0.057204 0.051528 0.009651
v -0.057126 0.051479 0.009552
v -0.057004 0.051440 0.009508
v -0.056871 0.051421 0.009529
v -0.056764 0.051428 0.009612
v -0.056710 0.051457 0.009732
v -0.056725 0.051502 0.009859
v -0.056826 0.052288 0.009720
v -0.056706 0.052256 0.009673
v -0.056958 0.052292 0.009704
v -0.057066 0.052269 0.009630
v -0.057121 0.052223 0.009517
v -0.057109 0.052168 0.009397
v -0.057032 0.052118 0.009301
v -0.056911 0.052087 0.009254
v -0.056779 0.052082 0.009270
v -0.056671 0.052105 0.009344
v -0.056616 0.052151 0.009457
v -0.056629 0.052206 0.009577
v -0.056798 0.053085 0.009316
v -0.056679 0.053061 0.009268
v -0.056928 0.053079 0.009306
v -0.057035 0.053042 0.009240
v -0.057089 0.052986 0.009136
v -0.057077 0.052925 0.009021
v -0.057002 0.052875 0.008926
v -0.056883 0.052851 0.008878
v -0.056753 0.052857 0.008888
v -0.056646 0.052894 0.008954
v -0.056592 0.052950 0.009058
v -0.056604 0.053011 0.009173
v -0.056854 0.054019 0.008782
v -0.056737 0.054000 0.008731
v -0.056981 0.054004 0.008777
v -0.057085 0.053959 0.008717
v -0.057138 0.053896 0.008619
v -0.057126 0.053832 0.008508
v -0.057052 0.053784 0.008415
v -0.056936 0.053765 0.008364
v -0.056809 0.053781 0.008369
v -0.056704 0.053826 0.008429
v -0.056651 0.053889 0.008527
v -0.056663 0.053953 0.008638
v -0.057005 0.055126 0.008103
v -0.056892 0.055112 0.008050
v -0.057129 0.055104 0.008102
v -0.057231 0.055053 0.008047
v -0.057282 0.054987 0.007953
v -0.057270 0.054922 0.007846
v -0.057198 0.054877 0.007753
v -0.057084 0.054863 0.007701
v -0.056960 0.054884 0.007702
v -0.056859 0.054935 0.007756
v -0.056807 0.055002 0.007850
v -0.056819 0.055067 0.007958
v -0.057267 0.056441 0.007266
v -0.057156 0.056432 0.007212
v -0.057388 0.056416 0.007268
v -0.057486 0.056362 0.007217
v -0.057537 0.056293 0.007127
v -0.057524 0.056229 0.007022
v -0.057454 0.056186 0.006930
v -0.057343 0.056176 0.006876
v -0.057222 0.056202 0.006875
v -0.057123 0.056256 0.006925
v -0.057073 0.056325 0.007015
v -0.057085 0.056389 0.007120
v -0.057652 0.058001 0.006260
v -0.057544 0.057994 0.006205
v -0.057770 0.057972 0.006264
v -0.057866 0.057917 0.006215
v -0.057915 0.057849 0.006128
v -0.057903 0.057787 0.006024
v -0.057834 0.057747 0.005933
v -0.057726 0.057741 0.005878
v -0.057608 0.057769 0.005874
v -0.057512 0.057824 0.005922
v -0.057463 0.057892 0.006010
v -0.057475 0.057954 0.006114
v -0.058090 0.059600 0.005272
v -0.057983 0.059597 0.005215
v -0.058206 0.059570 0.005277
v -0.058302 0.059515 0.005229
v -0.058351 0.059449 0.005140
v -0.058340 0.059391 0.005035
v -0.058273 0.059356 0.004941
v -0.058167 0.059353 0.004884
v -0.058050 0.059383 0.004879
v -0.057954 0.059439 0.004928
v -0.057905 0.059504 0.005016
v -0.057916 0.059562 0.005121
v -0.058446 0.060806 0.004612
v -0.058342 0.060809 0.004552
v -0.058561 0.060773 0.004618
v -0.058657 0.060720 0.004570
v -0.058707 0.060659 0.004479
v -0.058699 0.060608 0.004371
v -0.058634 0.060581 0.004274
v -0.058530 0.060584 0.004215
v -0.058415 0.060616 0.004208
v -0.058319 0.060670 0.004257
v -0.058269 0.060731 0.004347
v -0.058277 0.060782 0.004455
v -0.058739 0.061694 0.004215
v -0.058639 0.061706 0.004152
v -0.058852 0.061656 0.004224
v -0.058948 0.061604 0.004175
v -0.059000 0.061551 0.004082
v -0.058995 0.061510 0.003970
v -0.058934 0.061494 0.003869
v -0.058834 0.061506 0.003806
v -0.058721 0.061543 0.003797
v -0.058626 0.061596 0.003846
v -0.058573 0.061649 0.003939
v -0.058578 0.061689 0.004051
v -0.058986 0.062336 0.004017
v -0.058892 0.062361 0.003950
v -0.059096 0.062292 0.004027
v -0.059191 0.062241 0.003978
v -0.059246 0.062197 0.003883
v -0.059247 0.062171 0.003768
v -0.059193 0.062170 0.003662
v -0.059098 0.062195 0.003595
v -0.058988 0.062239 0.003585
v -0.058893 0.062290 0.003634
v -0.058838 0.062335 0.003729
v -0.058837 0.062361 0.003844
v -0.059207 0.062815 0.003948
v -0.059120 0.062854 0.003880
v -0.059312 0.062763 0.003960
v -0.059407 0.062713 0.003912
v -0.059466 0.062676 0.003816
v -0.059473 0.062665 0.003699
v -0.059426 0.062680 0.003592
v -0.059339 0.062719 0.003523
v -0.059233 0.062771 0.003512
v -0.059139 0.062822 0.003560
v -0.059080 0.062858 0.003656
v -0.059073 0.062870 0.003773
v -0.059426 0.063217 0.003948
v -0.059344 0.063265 0.003879
v -0.059528 0.063159 0.003960
v -0.059621 0.063107 0.003911
v -0.059681 0.063074 0.003816
v -0.059691 0.063069 0.003700
v -0.059650 0.063093 0.003593
v -0.059567 0.063141 0.003524
v -0.059466 0.063199 0.003513
v -0.059373 0.063251 0.003561
v -0.059313 0.063284 0.003656
v -0.059303 0.063289 0.003773
v -0.059668 0.063623 0.003953
v -0.059585 0.063669 0.003885
v -0.059768 0.063565 0.003965
v -0.059859 0.063509 0.003917
v -0.059915 0.063471 0.003823
v -0.059923 0.063462 0.003707
v -0.059880 0.063482 0.003601
v -0.059797 0.063528 0.003533
v -0.059697 0.063586 0.003521
v -0.059606 0.063642 0.003569
v -0.059549 0.063679 0.003663
v -0.059542 0.063689 0.003779
v -0.059946 0.064101 0.003899
v -0.059858 0.064136 0.003833
v -0.060048 0.064046 0.003910
v -0.060136 0.063988 0.003863
v -0.060187 0.063941 0.003771
v -0.060187 0.063918 0.003657
v -0.060137 0.063925 0.003553
v -0.060049 0.063961 0.003487
v -0.059947 0.064015 0.003475
v -0.059859 0.064074 0.003523
v -0.059808 0.064121 0.003615
v -0.059808 0.064144 0.003729
v -0.060272 0.064712 0.003720
v -0.060178 0.064736 0.003657
v -0.060375 0.064664 0.003730
v -0.060462 0.064603 0.003684
v -0.060508 0.064547 0.003594
v -0.060501 0.064510 0.003485
v -0.060442 0.064503 0.003386
v -0.060349 0.064527 0.003323
v -0.060245 0.064576 0.003314
v -0.060159 0.064636 0.003360
v -0.060113 0.064692 0.003449
v -0.060120 0.064729 0.003558
v -0.060659 0.065526 0.003356
v -0.060561 0.065541 0.003297
v -0.060764 0.065482 0.003363
v -0.060850 0.065421 0.003318
v -0.060892 0.065358 0.003232
v -0.060880 0.065311 0.003128
v -0.060817 0.065293 0.003034
v -0.060719 0.065308 0.002976
v -0.060614 0.065352 0.002968
v -0.060529 0.065413 0.003013
v -0.060486 0.065475 0.003100
v -0.060498 0.065522 0.003203
v -0.061127 0.066616 0.002743
v -0.061027 0.066624 0.002689
v -0.061233 0.066576 0.002749
v -0.061318 0.066514 0.002704
v -0.061358 0.066448 0.002621
v -0.061343 0.066394 0.002522
v -0.061277 0.066368 0.002433
v -0.061177 0.066377 0.002378
v -0.061071 0.066417 0.002372
v -0.060986 0.066479 0.002417
v -0.060946 0.066545 0.002500
v -0.060961 0.066598 0.002600
v -0.061695 0.068060 0.001820
v -0.061594 0.068063 0.001769
v -0.061801 0.068022 0.001824
v -0.061885 0.067960 0.001780
v -0.061924 0.067892 0.001699
v -0.061908 0.067834 0.001603
v -0.061840 0.067803 0.001518
v -0.061739 0.067807 0.001466
v -0.061633 0.067844 0.001462
v -0.061549 0.067906 0.001507
v -0.061510 0.067975 0.001588
v -0.061526 0.068032 0.001683
v -0.058206 0.049103 0.009896
v -0.058219 0.049500 0.010068
v -0.058172 0.049458 0.010162
v -0.058159 0.049066 0.009990
v -0.058198 0.049130 0.009788
v -0.058209 0.049553 0.009969
v -0.058137 0.049139 0.009696
v -0.058145 0.049604 0.009891
v -0.058039 0.049130 0.009644
v -0.058044 0.049639 0.009856
v -0.057931 0.049103 0.009645
v -0.057932 0.049648 0.009872
v -0.057841 0.049066 0.009701
v -0.057841 0.049629 0.009935
v -0.057795 0.049030 0.009795
v -0.057794 0.049587 0.010028
v -0.057803 0.049003 0.009902
v -0.057803 0.049534 0.010127
v -0.057864 0.048993 0.009995
v -0.057867 0.049483 0.010205
v -0.057962 0.049003 0.010047
v -0.057969 0.049449 0.010241
v -0.058070 0.049030 0.010046
v -0.058080 0.049440 0.010225
v -0.058405 0.050067 0.010430
v -0.058356 0.050021 0.010523
v -0.058399 0.050135 0.010338
v -0.058339 0.050206 0.010272
v -0.058242 0.050262 0.010248
v -0.058134 0.050287 0.010274
v -0.058043 0.050275 0.010342
v -0.057994 0.050229 0.010435
v -0.058000 0.050162 0.010527
v -0.058060 0.050090 0.010594
v -0.058157 0.050035 0.010617
v -0.058265 0.050009 0.010591
v -0.058748 0.050753 0.010972
v -0.058697 0.050703 0.011063
v -0.058745 0.050829 0.010885
v -0.058689 0.050911 0.010825
v -0.058595 0.050976 0.010808
v -0.058488 0.051008 0.010839
v -0.058397 0.050998 0.010910
v -0.058346 0.050948 0.011001
v -0.058349 0.050872 0.011089
v -0.058405 0.050790 0.011149
v -0.058499 0.050725 0.011165
v -0.058605 0.050693 0.011134
v -0.059215 0.051515 0.011677
v -0.059161 0.051461 0.011766
v -0.059215 0.051597 0.011593
v -0.059162 0.051686 0.011538
v -0.059070 0.051758 0.011525
v -0.058964 0.051793 0.011560
v -0.058871 0.051782 0.011631
v -0.058818 0.051729 0.011720
v -0.058817 0.051646 0.011804
v -0.058870 0.051557 0.011859
v -0.058962 0.051486 0.011872
v -0.059069 0.051451 0.011837
v -0.059773 0.052321 0.012530
v -0.059716 0.052263 0.012617
v -0.059777 0.052409 0.012450
v -0.059726 0.052503 0.012398
v -0.059635 0.052579 0.012389
v -0.059527 0.052615 0.012425
v -0.059433 0.052603 0.012496
v -0.059376 0.052545 0.012583
v -0.059373 0.052458 0.012663
v -0.059423 0.052363 0.012714
v -0.059515 0.052288 0.012723
v -0.059622 0.052251 0.012688
v -0.060389 0.053140 0.013519
v -0.060329 0.053078 0.013603
v -0.060395 0.053233 0.013443
v -0.060347 0.053332 0.013395
v -0.060256 0.053411 0.013388
v -0.060147 0.053448 0.013424
v -0.060050 0.053433 0.013493
v -0.059990 0.053371 0.013577
v -0.059983 0.053278 0.013653
v -0.060032 0.053179 0.013701
v -0.060123 0.053100 0.013708
v -0.060231 0.053063 0.013672
v -0.061029 0.053942 0.014632
v -0.060965 0.053875 0.014711
v -0.061039 0.054040 0.014560
v -0.060992 0.054144 0.014516
v -0.060901 0.054225 0.014512
v -0.060791 0.054262 0.014547
v -0.060690 0.054244 0.014613
v -0.060626 0.054178 0.014693
v -0.060616 0.054079 0.014764
v -0.060663 0.053976 0.014808
v -0.060754 0.053894 0.014813
v -0.060864 0.053858 0.014777
v -0.061661 0.054698 0.015856
v -0.061593 0.054626 0.015929
v -0.061675 0.054802 0.015791
v -0.061630 0.054910 0.015751
v -0.061539 0.054993 0.015748
v -0.061426 0.055029 0.015782
v -0.061321 0.055008 0.015843
v -0.061253 0.054936 0.015917
v -0.061239 0.054832 0.015982
v -0.061284 0.054724 0.016022
v -0.061375 0.054641 0.016025
v -0.061488 0.054605 0.015991
v -0.062252 0.055379 0.017181
v -0.062179 0.055302 0.017246
v -0.062269 0.055489 0.017123
v -0.062226 0.055601 0.017089
v -0.062135 0.055685 0.017087
v -0.062019 0.055720 0.017117
v -0.061910 0.055695 0.017173
v -0.061836 0.055618 0.017238
v -0.061819 0.055508 0.017295
v -0.061862 0.055396 0.017330
v -0.061954 0.055311 0.017332
v -0.062069 0.055277 0.017301
v -0.062768 0.055956 0.018594
v -0.062690 0.055873 0.018648
v -0.062790 0.056071 0.018546
v -0.062749 0.056187 0.018518
v -0.062657 0.056273 0.018517
v -0.062537 0.056306 0.018543
v -0.062424 0.056277 0.018590
v -0.062345 0.056194 0.018644
v -0.062324 0.056079 0.018691
v -0.062365 0.055963 0.018719
v -0.062457 0.055877 0.018720
v -0.062576 0.055844 0.018694
v -0.063178 0.056399 0.020084
v -0.063095 0.056310 0.020123
v -0.063203 0.056519 0.020049
v -0.063164 0.056639 0.020029
v -0.063071 0.056727 0.020029
v -0.062949 0.056758 0.020049
v -0.062830 0.056725 0.020083
v -0.062747 0.056636 0.020122
v -0.062721 0.056516 0.020157
v -0.062760 0.056396 0.020177
v -0.062854 0.056308 0.020177
v -0.062976 0.056277 0.020157
v -0.063447 0.056678 0.021638
v -0.063360 0.056586 0.021662
v -0.063475 0.056803 0.021617
v -0.063437 0.056926 0.021605
v -0.063343 0.057015 0.021605
v -0.063218 0.057045 0.021618
v -0.063095 0.057009 0.021638
v -0.063008 0.056916 0.021662
v -0.062980 0.056792 0.021683
v -0.063018 0.056669 0.021695
v -0.063113 0.056580 0.021695
v -0.063238 0.056550 0.021682
v -0.063515 0.056748 0.022390
v -0.063427 0.056654 0.022402
v -0.063545 0.056874 0.022380
v -0.063507 0.056997 0.022375
v -0.063413 0.057086 0.022375
v -0.063287 0.057116 0.022381
v -0.063164 0.057079 0.022391
v -0.063075 0.056985 0.022403
v -0.063046 0.056859 0.022413
v -0.063084 0.056736 0.022418
v -0.063178 0.056647 0.022418
v -0.063304 0.056617 0.022412
v -0.063542 0.056774 0.023123
v -0.063453 0.056680 0.023125
v -0.063571 0.056900 0.023122
v -0.063534 0.057024 0.023122
v -0.063440 0.057112 0.023122
v -0.063314 0.057142 0.023123
v -0.063190 0.057104 0.023124
v -0.063102 0.057010 0.023126
v -0.063072 0.056885 0.023127
v -0.063110 0.056761 0.023127
v -0.063204 0.056672 0.023127
v -0.063329 0.056643 0.023126
v -0.063528 0.056757 0.023846
v -0.063440 0.056663 0.023837
v -0.063557 0.056883 0.023854
v -0.063520 0.057006 0.023859
v -0.063426 0.057094 0.023859
v -0.063300 0.057124 0.023855
v -0.063177 0.057087 0.023847
v -0.063088 0.056993 0.023838
v -0.063059 0.056868 0.023830
v -0.063096 0.056744 0.023825
v -0.063191 0.056656 0.023825
v -0.063316 0.056626 0.023829
v -0.063476 0.056697 0.024565
v -0.063388 0.056604 0.024545
v -0.063504 0.056821 0.024581
v -0.063467 0.056944 0.024592
v -0.063372 0.057033 0.024593
v -0.063247 0.057063 0.024584
v -0.063125 0.057026 0.024568
v -0.063037 0.056933 0.024549
v -0.063008 0.056809 0.024532
v -0.063046 0.056686 0.024521
v -0.063140 0.056597 0.024521
v -0.063265 0.056567 0.024529
v -0.063387 0.056593 0.025287
v -0.063300 0.056502 0.025259
v -0.063414 0.056717 0.025312
v -0.063376 0.056839 0.025328
v -0.063282 0.056927 0.025329
v -0.063157 0.056958 0.025316
v -0.063035 0.056923 0.025292
v -0.062949 0.056831 0.025264
v -0.062921 0.056708 0.025239
v -0.062960 0.056585 0.025224
v -0.063054 0.056497 0.025222
v -0.063178 0.056467 0.025235
v -0.063262 0.056448 0.026021
v -0.063177 0.056358 0.025985
v -0.063289 0.056570 0.026054
v -0.063250 0.056691 0.026073
v -0.063155 0.056779 0.026075
v -0.063031 0.056810 0.026059
v -0.062911 0.056776 0.026028
v -0.062826 0.056686 0.025992
v -0.062800 0.056564 0.025960
v -0.062839 0.056443 0.025940
v -0.062933 0.056355 0.025938
v -0.063057 0.056324 0.025955
v -0.063104 0.056260 0.026774
v -0.063021 0.056171 0.026731
v -0.063129 0.056380 0.026813
v -0.063090 0.056500 0.026836
v -0.062995 0.056588 0.026839
v -0.062872 0.056620 0.026820
v -0.062753 0.056587 0.026784
v -0.062669 0.056499 0.026741
v -0.062644 0.056379 0.026702
v -0.062684 0.056259 0.026679
v -0.062778 0.056171 0.026676
v -0.062901 0.056139 0.026695
v -0.062914 0.056030 0.027554
v -0.062832 0.055943 0.027505
v -0.062938 0.056148 0.027597
v -0.062898 0.056268 0.027624
v -0.062803 0.056355 0.027627
v -0.062681 0.056388 0.027606
v -0.062562 0.056356 0.027566
v -0.062480 0.056270 0.027518
v -0.062456 0.056151 0.027474
v -0.062497 0.056032 0.027447
v -0.062591 0.055944 0.027444
v -0.062714 0.055912 0.027465
v -0.062694 0.055758 0.028367
v -0.062613 0.055673 0.028315
v -0.062717 0.055875 0.028415
v -0.062675 0.055993 0.028445
v -0.062581 0.056081 0.028449
v -0.062459 0.056114 0.028426
v -0.062341 0.056083 0.028382
v -0.062261 0.055998 0.028330
v -0.062238 0.055881 0.028282
v -0.062279 0.055763 0.028253
v -0.062374 0.055676 0.028249
v -0.062496 0.055643 0.028271
v -0.062445 0.055444 0.029223
v -0.062365 0.055361 0.029167
v -0.062467 0.055561 0.029273
v -0.062425 0.055678 0.029305
v -0.062330 0.055765 0.029310
v -0.062208 0.055798 0.029286
v -0.062092 0.055769 0.029241
v -0.062012 0.055685 0.029185
v -0.061990 0.055569 0.029134
v -0.062032 0.055452 0.029102
v -0.062127 0.055365 0.029098
v -0.062248 0.055331 0.029121
v -0.062168 0.055090 0.030128
v -0.062089 0.055007 0.030070
v -0.062190 0.055205 0.030181
v -0.062147 0.055321 0.030214
v -0.062052 0.055408 0.030220
v -0.061931 0.055441 0.030196
v -0.061815 0.055413 0.030148
v -0.061735 0.055330 0.030090
v -0.061714 0.055215 0.030037
v -0.061757 0.055098 0.030004
v -0.061852 0.055012 0.029998
v -0.061973 0.054978 0.030023
v -0.061868 0.054696 0.031084
v -0.061789 0.054613 0.031027
v -0.061889 0.054811 0.031138
v -0.061846 0.054926 0.031174
v -0.061750 0.055011 0.031183
v -0.061627 0.055044 0.031162
v -0.061511 0.055014 0.031117
v -0.061431 0.054931 0.031060
v -0.061410 0.054816 0.031006
v -0.061454 0.054701 0.030970
v -0.061549 0.054616 0.030961
v -0.061672 0.054583 0.030982
v -0.061658 0.054334 0.031934
v -0.061577 0.054249 0.031882
v -0.061679 0.054449 0.031988
v -0.061635 0.054562 0.032029
v -0.061537 0.054643 0.032047
v -0.061412 0.054671 0.032036
v -0.061293 0.054638 0.032000
v -0.061213 0.054552 0.031948
v -0.061192 0.054437 0.031895
v -0.061236 0.054324 0.031854
v -0.061334 0.054243 0.031836
v -0.061459 0.054215 0.031846
v -0.061561 0.053965 0.032768
v -0.061480 0.053877 0.032723
v -0.061582 0.054080 0.032821
v -0.061537 0.054190 0.032868
v -0.061438 0.054267 0.032897
v -0.061312 0.054288 0.032900
v -0.061192 0.054250 0.032875
v -0.061111 0.054161 0.032830
v -0.061090 0.054047 0.032777
v -0.061135 0.053936 0.032730
v -0.061234 0.053860 0.032701
v -0.061360 0.053838 0.032698
v -0.061560 0.053583 0.033591
v -0.061479 0.053492 0.033551
v -0.061581 0.053697 0.033644
v -0.061536 0.053805 0.033698
v -0.061437 0.053876 0.033737
v -0.061311 0.053893 0.033751
v -0.061191 0.053850 0.033736
v -0.061110 0.053759 0.033697
v -0.061089 0.053645 0.033643
v -0.061134 0.053537 0.033589
v -0.061233 0.053466 0.033550
v -0.061359 0.053449 0.033536
v -0.061640 0.053184 0.034403
v -0.061559 0.053091 0.034367
v -0.061661 0.053297 0.034458
v -0.061617 0.053402 0.034517
v -0.061518 0.053469 0.034565
v -0.061393 0.053481 0.034589
v -0.061274 0.053434 0.034581
v -0.061193 0.053342 0.034546
v -0.061172 0.053228 0.034491
v -0.061217 0.053123 0.034431
v -0.061315 0.053056 0.034384
v -0.061440 0.053044 0.034360
v -0.061785 0.052764 0.035204
v -0.061704 0.052670 0.035171
v -0.061806 0.052876 0.035261
v -0.061762 0.052978 0.035326
v -0.061666 0.053041 0.035381
v -0.061542 0.053049 0.035411
v -0.061424 0.053000 0.035410
v -0.061343 0.052906 0.035376
v -0.061322 0.052793 0.035319
v -0.061365 0.052692 0.035255
v -0.061462 0.052629 0.035200
v -0.061586 0.052621 0.035169
v -0.061979 0.052320 0.035993
v -0.061898 0.052226 0.035960
v -0.062001 0.052431 0.036052
v -0.061958 0.052530 0.036121
v -0.061863 0.052590 0.036182
v -0.061740 0.052595 0.036218
v -0.061623 0.052544 0.036220
v -0.061543 0.052450 0.036187
v -0.061521 0.052338 0.036127
v -0.061563 0.052240 0.036058
v -0.061659 0.052180 0.035997
v -0.061781 0.052175 0.035961
v -0.062207 0.051848 0.036767
v -0.062126 0.051755 0.036733
v -0.062229 0.051958 0.036830
v -0.062188 0.052054 0.036903
v -0.062095 0.052111 0.036969
v -0.061973 0.052114 0.037008
v -0.061856 0.052062 0.037011
v -0.061776 0.051969 0.036977
v -0.061753 0.051859 0.036915
v -0.061794 0.051763 0.036841
v -0.061888 0.051706 0.036776
v -0.062009 0.051703 0.036736
v -0.062452 0.051346 0.037527
v -0.062371 0.051255 0.037490
v -0.062476 0.051453 0.037593
v -0.062437 0.051546 0.037670
v -0.062344 0.051601 0.037739
v -0.062223 0.051603 0.037780
v -0.062106 0.051551 0.037782
v -0.062025 0.051460 0.037746
v -0.062001 0.051353 0.037680
v -0.062040 0.051260 0.037602
v -0.062133 0.051205 0.037534
v -0.062254 0.051203 0.037493
v -0.062700 0.050810 0.038269
v -0.062617 0.050721 0.038229
v -0.062725 0.050913 0.038339
v -0.062686 0.051004 0.038421
v -0.062594 0.051057 0.038491
v -0.062474 0.051059 0.038532
v -0.062356 0.051009 0.038533
v -0.062274 0.050920 0.038492
v -0.062248 0.050816 0.038422
v -0.062287 0.050726 0.038341
v -0.062379 0.050672 0.038270
v -0.062500 0.050671 0.038229
v -0.062932 0.050235 0.038994
v -0.062848 0.050150 0.038949
v -0.062959 0.050335 0.039069
v -0.062922 0.050423 0.039153
v -0.062830 0.050475 0.039225
v -0.062709 0.050478 0.039264
v -0.062590 0.050431 0.039261
v -0.062506 0.050346 0.039216
v -0.062479 0.050247 0.039141
v -0.062517 0.050159 0.039056
v -0.062608 0.050106 0.038985
v -0.062730 0.050103 0.038945
v -0.063134 0.049619 0.039699
v -0.063048 0.049540 0.039648
v -0.063162 0.049714 0.039779
v -0.063126 0.049799 0.039867
v -0.063034 0.049852 0.039939
v -0.062912 0.049858 0.039975
v -0.062792 0.049815 0.039966
v -0.062706 0.049735 0.039915
v -0.062678 0.049640 0.039835
v -0.062715 0.049555 0.039748
v -0.062806 0.049503 0.039676
v -0.062928 0.049497 0.039640
v -0.063288 0.048957 0.040385
v -0.063201 0.048882 0.040330
v -0.063317 0.049050 0.040468
v -0.063280 0.049135 0.040556
v -0.063188 0.049189 0.040625
v -0.063065 0.049199 0.040657
v -0.062944 0.049160 0.040644
v -0.062858 0.049085 0.040589
v -0.062829 0.048992 0.040506
v -0.062865 0.048907 0.040418
v -0.062957 0.048853 0.040349
v -0.063080 0.048844 0.040316
v -0.063480 0.047728 0.041704
v -0.063399 0.047657 0.041653
v -0.063507 0.047819 0.041778
v -0.063472 0.047903 0.041855
v -0.063385 0.047959 0.041914
v -0.063269 0.047971 0.041941
v -0.063155 0.047937 0.041926
v -0.063075 0.047865 0.041876
v -0.063048 0.047775 0.041802
v -0.063083 0.047691 0.041725
v -0.063170 0.047635 0.041665
v -0.063286 0.047623 0.041639
v -0.063608 0.046739 0.042981
v -0.063534 0.046668 0.042938
v -0.063632 0.046829 0.043042
v -0.063599 0.046914 0.043105
v -0.063517 0.046971 0.043154
v -0.063408 0.046986 0.043175
v -0.063303 0.046953 0.043162
v -0.063228 0.046883 0.043120
v -0.063204 0.046793 0.043059
v -0.063238 0.046708 0.042995
v -0.063320 0.046650 0.042947
v -0.063428 0.046636 0.042926
v -0.063703 0.045941 0.044254
v -0.063634 0.045872 0.044221
v -0.063724 0.046030 0.044303
v -0.063693 0.046114 0.044353
v -0.063616 0.046171 0.044392
v -0.063516 0.046186 0.044409
v -0.063418 0.046155 0.044399
v -0.063349 0.046086 0.044366
v -0.063328 0.045997 0.044317
v -0.063360 0.045913 0.044267
v -0.063436 0.045856 0.044228
v -0.063537 0.045841 0.044211
v -0.063795 0.045288 0.045565
v -0.063732 0.045221 0.045540
v -0.063814 0.045374 0.045602
v -0.063784 0.045454 0.045641
v -0.063713 0.045509 0.045673
v -0.063621 0.045524 0.045687
v -0.063531 0.045493 0.045682
v -0.063468 0.045426 0.045657
v -0.063449 0.045341 0.045620
v -0.063479 0.045260 0.045580
v -0.063550 0.045205 0.045549
v -0.063643 0.045191 0.045534
v -0.063915 0.044730 0.046954
v -0.063859 0.044666 0.046936
v -0.063932 0.044810 0.046982
v -0.063904 0.044886 0.047014
v -0.063839 0.044937 0.047040
v -0.063755 0.044949 0.047055
v -0.063673 0.044920 0.047053
v -0.063616 0.044857 0.047035
v -0.063599 0.044777 0.047007
v -0.063627 0.044701 0.046976
v -0.063692 0.044650 0.046949
v -0.063777 0.044637 0.046935
v -0.064094 0.044216 0.048464
v -0.064043 0.044157 0.048453
v -0.064109 0.044290 0.048487
v -0.064084 0.044359 0.048513
v -0.064025 0.044405 0.048537
v -0.063948 0.044416 0.048552
v -0.063875 0.044388 0.048554
v -0.063824 0.044330 0.048542
v -0.063809 0.044256 0.048520
v -0.063834 0.044186 0.048493
v -0.063893 0.044140 0.048469
v -0.063970 0.044129 0.048455
v -0.064363 0.043697 0.050140
v -0.064318 0.043644 0.050132
v -0.064376 0.043764 0.050158
v -0.064353 0.043826 0.050182
v -0.064301 0.043867 0.050205
v -0.064232 0.043876 0.050221
v -0.064167 0.043851 0.050225
v -0.064122 0.043797 0.050217
v -0.064109 0.043730 0.050199
v -0.064132 0.043668 0.050175
v -0.064184 0.043627 0.050153
v -0.064252 0.043618 0.050137
v -0.064752 0.043125 0.052024
v -0.064713 0.043077 0.052019
v -0.064764 0.043184 0.052040
v -0.064744 0.043239 0.052062
v -0.064698 0.043275 0.052084
v -0.064638 0.043282 0.052101
v -0.064580 0.043259 0.052107
v -0.064541 0.043211 0.052101
v -0.064529 0.043152 0.052085
v -0.064549 0.043097 0.052064
v -0.064595 0.043061 0.052041
v -0.064655 0.043054 0.052025
v -0.065293 0.042451 0.054160
v -0.065259 0.042409 0.054156
v -0.065303 0.042502 0.054174
v -0.065286 0.042549 0.054194
v -0.065247 0.042580 0.054216
v -0.065195 0.042585 0.054232
v -0.065146 0.042564 0.054239
v -0.065111 0.042523 0.054235
v -0.065101 0.042471 0.054221
v -0.065118 0.042424 0.054200
v -0.065158 0.042393 0.054179
v -0.065209 0.042388 0.054163
v -0.066016 0.041625 0.056589
v -0.065987 0.041590 0.056585
v -0.066025 0.041669 0.056601
v -0.066011 0.041708 0.056620
v -0.065978 0.041734 0.056640
v -0.065935 0.041738 0.056655
v -0.065893 0.041719 0.056662
v -0.065864 0.041684 0.056659
v -0.065855 0.041640 0.056646
v -0.065869 0.041601 0.056628
v -0.065902 0.041575 0.056608
v -0.065945 0.041571 0.056592
v -0.066953 0.040600 0.059353
v -0.066929 0.040570 0.059350
v -0.066961 0.040635 0.059364
v -0.066949 0.040668 0.059381
v -0.066923 0.040688 0.059399
v -0.066887 0.040691 0.059413
v -0.066853 0.040676 0.059419
v -0.066829 0.040646 0.059416
v -0.066822 0.040611 0.059405
v -0.066833 0.040579 0.059388
v -0.066860 0.040558 0.059371
v -0.066895 0.040555 0.059357
v -0.068134 0.039326 0.062495
v -0.068115 0.039303 0.062493
v -0.068140 0.039354 0.062504
v -0.068132 0.039379 0.062518
v -0.068111 0.039394 0.062533
v -0.068084 0.039396 0.062545
v -0.068057 0.039384 0.062550
v -0.068038 0.039361 0.062548
v -0.068032 0.039334 0.062539
v -0.068040 0.039309 0.062525
v -0.068061 0.039293 0.062510
v -0.068088 0.039291 0.062498
v -0.077089 0.066994 0.024577
v -0.075042 0.066515 0.023853
v -0.075069 0.066327 0.023917
v -0.077107 0.066799 0.024639
v -0.077109 0.067138 0.024430
v -0.075058 0.066654 0.023709
v -0.077162 0.067190 0.024238
v -0.075112 0.066705 0.023522
v -0.077234 0.067138 0.024052
v -0.075190 0.066656 0.023344
v -0.077306 0.066994 0.023922
v -0.075272 0.066519 0.023221
v -0.077358 0.066799 0.023883
v -0.075334 0.066331 0.023187
v -0.077377 0.066603 0.023945
v -0.075361 0.066143 0.023251
v -0.077357 0.066460 0.024092
v -0.075345 0.066004 0.023396
v -0.077303 0.066408 0.024284
v -0.075290 0.065953 0.023582
v -0.077231 0.066460 0.024470
v -0.075212 0.066002 0.023760
v -0.077159 0.066603 0.024600
v -0.075131 0.066139 0.023883
v -0.073202 0.065956 0.023142
v -0.073237 0.065775 0.023208
v -0.073212 0.066089 0.023000
v -0.073266 0.066140 0.022819
v -0.073349 0.066094 0.022648
v -0.073439 0.065964 0.022533
v -0.073512 0.065785 0.022504
v -0.073547 0.065604 0.022570
v -0.073536 0.065470 0.022712
v -0.073482 0.065420 0.022893
v -0.073399 0.065466 0.023064
v -0.073310 0.065596 0.023180
v -0.071552 0.065319 0.022460
v -0.071597 0.065147 0.022528
v -0.071556 0.065446 0.022319
v -0.071609 0.065496 0.022143
v -0.071695 0.065453 0.021979
v -0.071793 0.065331 0.021871
v -0.071875 0.065161 0.021848
v -0.071920 0.064989 0.021916
v -0.071916 0.064862 0.022057
v -0.071864 0.064812 0.022233
v -0.071777 0.064855 0.022397
v -0.071680 0.064977 0.022505
v -0.070078 0.064608 0.021822
v -0.070134 0.064446 0.021893
v -0.070075 0.064728 0.021681
v -0.070124 0.064775 0.021509
v -0.070212 0.064736 0.021352
v -0.070317 0.064621 0.021251
v -0.070409 0.064462 0.021234
v -0.070464 0.064300 0.021305
v -0.070468 0.064180 0.021445
v -0.070419 0.064133 0.021617
v -0.070330 0.064172 0.021775
v -0.070226 0.064287 0.021876
v -0.068765 0.063825 0.021244
v -0.068831 0.063676 0.021318
v -0.068753 0.063937 0.021103
v -0.068796 0.063980 0.020935
v -0.068885 0.063944 0.020783
v -0.068995 0.063837 0.020688
v -0.069097 0.063690 0.020677
v -0.069163 0.063540 0.020751
v -0.069175 0.063429 0.020892
v -0.069131 0.063386 0.021060
v -0.069043 0.063422 0.021212
v -0.068933 0.063528 0.021306
v -0.067598 0.062975 0.020741
v -0.067674 0.062839 0.020818
v -0.067575 0.063076 0.020600
v -0.067612 0.063114 0.020434
v -0.067699 0.063079 0.020287
v -0.067813 0.062981 0.020199
v -0.067923 0.062846 0.020192
v -0.067999 0.062710 0.020270
v -0.068022 0.062610 0.020410
v -0.067985 0.062572 0.020576
v -0.067898 0.062606 0.020723
v -0.067784 0.062704 0.020812
v -0.066560 0.062061 0.020329
v -0.066647 0.061940 0.020409
v -0.066527 0.062149 0.020188
v -0.066555 0.062180 0.020024
v -0.066639 0.062145 0.019882
v -0.066755 0.062055 0.019798
v -0.066872 0.061933 0.019796
v -0.066959 0.061813 0.019876
v -0.066993 0.061725 0.020016
v -0.066964 0.061694 0.020180
v -0.066880 0.061729 0.020323
v -0.066764 0.061819 0.020406
v -0.065637 0.061087 0.020023
v -0.065733 0.060982 0.020104
v -0.065592 0.061159 0.019883
v -0.065612 0.061180 0.019722
v -0.065690 0.061144 0.019582
v -0.065807 0.061061 0.019503
v -0.065929 0.060953 0.019503
v -0.066026 0.060849 0.019585
v -0.066070 0.060776 0.019724
v -0.066051 0.060755 0.019886
v -0.065972 0.060791 0.020025
v -0.065856 0.060874 0.020105
v -0.064812 0.060055 0.019837
v -0.064917 0.059968 0.019918
v -0.064757 0.060110 0.019699
v -0.064767 0.060120 0.019541
v -0.064839 0.060080 0.019406
v -0.064953 0.060002 0.019329
v -0.065080 0.059907 0.019331
v -0.065185 0.059820 0.019412
v -0.065240 0.059765 0.019550
v -0.065230 0.059756 0.019708
v -0.065158 0.059795 0.019843
v -0.065043 0.059873 0.019920
v -0.064069 0.058969 0.019786
v -0.064180 0.058900 0.019865
v -0.064005 0.059007 0.019652
v -0.064005 0.059003 0.019499
v -0.064070 0.058957 0.019368
v -0.064181 0.058883 0.019294
v -0.064310 0.058800 0.019297
v -0.064421 0.058730 0.019375
v -0.064485 0.058693 0.019509
v -0.064484 0.058697 0.019662
v -0.064420 0.058742 0.019793
v -0.064309 0.058816 0.019868
v -0.063391 0.057832 0.019884
v -0.063507 0.057778 0.019959
v -0.063320 0.057852 0.019757
v -0.063311 0.057833 0.019611
v -0.063368 0.057781 0.019485
v -0.063475 0.057708 0.019413
v -0.063604 0.057635 0.019415
v -0.063719 0.057581 0.019490
v -0.063791 0.057561 0.019617
v -0.063799 0.057580 0.019764
v -0.063742 0.057633 0.019890
v -0.063635 0.057705 0.019961
v -0.062762 0.056643 0.020147
v -0.062880 0.056604 0.020216
v -0.062685 0.056647 0.020027
v -0.062669 0.056615 0.019889
v -0.062719 0.056555 0.019770
v -0.062821 0.056482 0.019702
v -0.062948 0.056418 0.019702
v -0.063066 0.056378 0.019772
v -0.063143 0.056374 0.019891
v -0.063159 0.056407 0.020029
v -0.063109 0.056467 0.020148
v -0.063007 0.056539 0.020216
vn 0.259000 -0.472000 -0.842700
vn 0.259600 -0.472600 -0.842200
vn 0.360200 0.025400 -0.932500
vn 0.394500 0.021000 -0.918700
vn 0.053000 -0.840800 -0.538800
vn 0.088900 -0.846500 -0.524800
vn -0.167800 -0.982000 -0.087200
vn -0.106600 -0.992300 -0.063100
vn -0.342800 -0.855200 0.388700
vn -0.273300 -0.866700 0.417400
vn -0.423900 -0.494800 0.758600
vn -0.364700 -0.503300 0.783400
vn -0.389000 0.000400 0.921200
vn -0.356000 -0.003800 0.934500
vn -0.248400 0.493900 0.833300
vn -0.251000 0.494100 0.832400
vn -0.041800 0.851800 0.522200
vn -0.079400 0.857200 0.508800
vn 0.174700 0.981700 0.075400
vn 0.112600 0.992200 0.052600
vn 0.344600 0.854500 -0.388700
vn 0.274900 0.866700 -0.416200
vn 0.425000 0.504800 -0.751400
vn 0.365300 0.514200 -0.776000
vn 0.267200 -0.474000 -0.839000
vn 0.298900 0.028800 -0.953900
vn 0.163800 -0.851800 -0.497500
vn 0.015600 -0.999700 -0.019200
vn -0.137000 -0.874400 0.465600
vn -0.251700 -0.509800 0.822600
vn -0.297300 -0.007800 0.954700
vn -0.262400 0.493800 0.829000
vn -0.157400 0.861300 0.483100
vn -0.011100 0.999900 0.011200
vn 0.138100 0.875700 -0.462700
vn 0.251400 0.521600 -0.815300
vn 0.288100 -0.473600 -0.832300
vn 0.255200 0.025100 -0.966600
vn 0.243600 -0.846800 -0.472900
vn 0.133000 -0.991000 0.016600
vn -0.013800 -0.864700 0.502200
vn -0.156500 -0.502600 0.850200
vn -0.256000 -0.005400 0.966700
vn -0.286000 0.491000 0.822900
vn -0.239500 0.854500 0.460900
vn -0.129700 0.991300 -0.021500
vn 0.014300 0.867300 -0.497600
vn 0.155000 0.514900 -0.843100
vn 0.321900 -0.468100 -0.823000
vn 0.231700 0.019800 -0.972600
vn 0.325700 -0.831400 -0.450300
vn 0.241200 -0.969400 0.045900
vn 0.091200 -0.843200 0.529900
vn -0.083200 -0.487800 0.869000
vn -0.234300 -0.001800 0.972200
vn -0.321700 0.482700 0.814600
vn -0.323100 0.837200 0.441300
vn -0.238900 0.969900 -0.047600
vn -0.091600 0.847000 -0.523600
vn 0.080300 0.500400 -0.862100
vn 0.367700 -0.454700 -0.811200
vn 0.228200 0.018000 -0.973500
vn 0.408500 -0.805800 -0.428700
vn 0.338500 -0.938300 0.071100
vn 0.176600 -0.815300 0.551500
vn -0.032600 -0.471500 0.881300
vn -0.232100 -0.001800 0.972700
vn -0.368500 0.466600 0.804000
vn -0.406600 0.809900 0.422700
vn -0.337000 0.938900 -0.069500
vn -0.178200 0.820300 -0.543500
vn 0.028300 0.484200 -0.874500
vn 0.424600 -0.431100 -0.796200
vn 0.243400 0.024100 -0.969600
vn 0.491300 -0.770400 -0.406300
vn 0.424700 -0.900400 0.094600
vn 0.242900 -0.785500 0.569200
vn -0.003800 -0.458500 0.888700
vn -0.248300 -0.009500 0.968600
vn -0.425700 0.440500 0.790400
vn -0.489700 0.772900 0.403400
vn -0.424200 0.901100 -0.089700
vn -0.246200 0.791400 -0.559500
vn -0.002300 0.471300 -0.882000
vn 0.491100 -0.395000 -0.776400
vn 0.275600 0.041700 -0.960400
vn 0.573800 -0.725000 -0.381000
vn 0.500500 -0.857600 0.118200
vn 0.291700 -0.757200 0.584400
vn 0.005200 -0.452900 0.891600
vn -0.281400 -0.028500 0.959200
vn -0.492100 0.402200 0.772000
vn -0.572300 0.726000 0.381300
vn -0.501200 0.858300 -0.109900
vn -0.297200 0.763800 -0.572900
vn -0.013200 0.465800 -0.884800
vn 0.565800 -0.344300 -0.749200
vn 0.322700 0.074000 -0.943600
vn 0.655300 -0.669200 -0.350400
vn 0.566500 -0.811500 0.143600
vn 0.324600 -0.733300 0.597400
vn -0.003500 -0.458200 0.888800
vn -0.329100 -0.062000 0.942300
vn -0.566400 0.349600 0.746300
vn -0.653900 0.668700 0.353900
vn -0.568900 0.811700 -0.132000
vn -0.332700 0.740300 -0.584200
vn -0.006700 0.471100 -0.882100
vn 0.646100 -0.277400 -0.711100
vn 0.381600 0.123600 -0.916000
vn 0.734600 -0.602700 -0.311700
vn 0.622900 -0.763100 0.172100
vn 0.343200 -0.716300 0.607600
vn -0.027100 -0.477400 0.878200
vn -0.388400 -0.112700 0.914600
vn -0.646100 0.280900 0.709700
vn -0.733500 0.600500 0.318400
vn -0.627600 0.762500 -0.157300
vn -0.354700 0.723000 -0.592900
vn 0.014500 0.489900 -0.871700
vn 0.727700 -0.194000 -0.657900
vn 0.447700 0.191700 -0.873400
vn 0.808800 -0.526400 -0.262100
vn 0.669300 -0.714300 0.204300
vn 0.349600 -0.708100 0.613400
vn -0.061800 -0.512500 0.856500
vn -0.454800 -0.181900 0.871800
vn -0.727100 0.195800 0.658100
vn -0.808400 0.522200 0.271800
vn -0.676800 0.712000 -0.186900
vn -0.364900 0.713800 -0.597800
vn 0.046600 0.524200 -0.850300
vn 0.804600 -0.096000 -0.586000
vn 0.514100 0.277400 -0.811600
vn 0.874200 -0.442700 -0.199600
vn 0.705200 -0.667200 0.239900
vn 0.347200 -0.710200 0.612400
vn -0.101300 -0.563600 0.819800
vn -0.521100 -0.268600 0.810100
vn -0.803100 0.096400 0.588000
vn -0.874500 0.436300 0.211800
vn -0.715800 0.662400 -0.220900
vn -0.366200 0.713900 -0.596900
vn 0.084100 0.574000 -0.814500
vn 0.854200 -0.011600 -0.519800
vn 0.557900 0.346900 -0.753900
vn 0.919000 -0.366900 -0.144100
vn 0.734700 -0.622100 0.270600
vn 0.352600 -0.708300 0.611500
vn -0.122500 -0.603800 0.787600
vn -0.563300 -0.338600 0.753700
vn -0.853700 0.016100 0.520500
vn -0.918200 0.366700 0.150000
vn -0.739400 0.620900 -0.260400
vn -0.363200 0.710900 -0.602300
vn 0.111600 0.611200 -0.783500
vn 0.871600 0.027900 -0.489500
vn 0.568400 0.367500 -0.736100
vn 0.941200 -0.319300 -0.110400
vn 0.757300 -0.580400 0.299500
vn 0.368800 -0.684200 0.629100
vn -0.118800 -0.602700 0.789100
vn -0.573200 -0.358600 0.736800
vn -0.872800 -0.018400 0.487600
vn -0.938800 0.326600 0.109300
vn -0.754800 0.584800 -0.297300
vn -0.369900 0.688000 -0.624300
vn 0.114000 0.608800 -0.785100
vn 0.879200 0.047000 -0.474200
vn 0.567200 0.366500 -0.737500
vn 0.955000 -0.285200 -0.082100
vn 0.773000 -0.540000 0.332900
vn 0.382400 -0.648200 0.658400
vn -0.110700 -0.580900 0.806400
vn -0.572800 -0.357100 0.737900
vn -0.880500 -0.037600 0.472600
vn -0.952900 0.291900 0.082300
vn -0.771800 0.544100 -0.329000
vn -0.385400 0.652400 -0.652500
vn 0.104300 0.587700 -0.802300
vn 0.889100 0.076600 -0.451400
vn 0.569900 0.375500 -0.730900
vn 0.968900 -0.242800 -0.048900
vn 0.786800 -0.496000 0.367400
vn 0.392400 -0.614300 0.684600
vn -0.106800 -0.566200 0.817300
vn -0.576000 -0.365800 0.731000
vn -0.890300 -0.067600 0.450400
vn -0.967200 0.248800 0.050900
vn -0.787200 0.499700 -0.361400
vn -0.397700 0.618700 -0.677600
vn 0.098600 0.573600 -0.813200
vn 0.899700 0.118600 -0.420000
vn 0.575200 0.397700 -0.714900
vn 0.981300 -0.192100 -0.010600
vn 0.797300 -0.450100 0.402100
vn 0.398300 -0.585400 0.706200
vn -0.106700 -0.562200 0.820100
vn -0.581700 -0.388000 0.714900
vn -0.900700 -0.110200 0.420200
vn -0.980200 0.197200 0.014900
vn -0.799700 0.453100 -0.393900
vn -0.406200 0.589700 -0.698000
vn 0.096700 0.569800 -0.816100
vn 0.908900 0.173600 -0.379200
vn 0.581200 0.435200 -0.687600
vn 0.990400 -0.134500 0.032800
vn 0.803500 -0.405200 0.436200
vn 0.400200 -0.565100 0.721500
vn -0.109200 -0.572100 0.812900
vn -0.587900 -0.425800 0.687800
vn -0.909500 -0.166100 0.381100
vn -0.990100 0.138200 -0.025800
vn -0.808300 0.406900 -0.425600
vn -0.411000 0.568700 -0.712500
vn 0.097400 0.579500 -0.809100
vn 0.913600 0.240000 -0.328300
vn 0.584900 0.488300 -0.647600
vn 0.994100 -0.072700 0.081000
vn 0.804900 -0.364500 0.468200
vn 0.399400 -0.556300 0.728700
vn -0.111500 -0.597900 0.793800
vn -0.591300 -0.479600 0.648400
vn -0.913700 -0.233800 0.332300
vn -0.994700 0.074500 -0.071000
vn -0.812300 0.364300 -0.455500
vn -0.413000 0.558700 -0.719200
vn 0.098400 0.604700 -0.790400
vn 0.911000 0.313900 -0.267600
vn 0.582700 0.554500 -0.594200
vn 0.991100 -0.011100 0.132400
vn 0.802500 -0.331600 0.496100
vn 0.398600 -0.560900 0.725600
vn -0.110200 -0.638900 0.761300
vn -0.588300 -0.546600 0.595800
vn -0.910600 -0.309400 0.274000
vn -0.992700 0.010400 -0.119800
vn -0.812100 0.328900 -0.482000
vn -0.414200 0.561500 -0.716300
vn 0.096500 0.644800 -0.758200
vn 0.899500 0.389000 -0.199000
vn 0.571800 0.627900 -0.528000
vn 0.981800 0.045300 0.184500
vn 0.798000 -0.308900 0.517500
vn 0.400600 -0.578000 0.710900
vn -0.102000 -0.691600 0.715100
vn -0.576400 -0.621200 0.530900
vn -0.898600 -0.386500 0.207600
vn -0.984200 -0.048800 -0.170100
vn -0.809200 0.303500 -0.503100
vn -0.417200 0.576800 -0.702300
vn 0.088600 0.696300 -0.712200
vn 0.879700 0.458300 -0.126400
vn 0.551600 0.700900 -0.452200
vn 0.967900 0.092200 0.233800
vn 0.794100 -0.296900 0.530400
vn 0.408100 -0.604300 0.684400
vn -0.085100 -0.749300 0.656700
vn -0.554800 -0.695600 0.456400
vn -0.878400 -0.457900 0.136700
vn -0.970800 -0.098400 -0.219000
vn -0.805700 0.289100 -0.516900
vn -0.424300 0.601400 -0.676900
vn 0.073000 0.753100 -0.653900
vn 0.854600 0.516400 -0.054800
vn 0.523800 0.766400 -0.371900
vn 0.952400 0.127400 0.277100
vn 0.792800 -0.294100 0.533900
vn 0.421600 -0.634700 0.647600
vn -0.060400 -0.805200 0.589900
vn -0.525800 -0.762400 0.377200
vn -0.852900 -0.517900 0.065800
vn -0.955300 -0.135500 -0.262900
vn -0.803900 0.284800 -0.522100
vn -0.436500 0.630900 -0.641400
vn 0.050100 0.808100 -0.586900
vn 0.827900 0.560800 0.011100
vn 0.492300 0.819700 -0.292600
vn 0.938100 0.151100 0.311800
vn 0.795300 -0.297400 0.528300
vn 0.440400 -0.664500 0.603700
vn -0.030500 -0.853900 0.519500
vn -0.493100 -0.817000 0.298800
vn -0.825900 -0.563800 -0.000200
vn -0.940700 -0.160300 -0.299100
vn -0.805200 0.287700 -0.518500
vn -0.453200 0.660500 -0.598600
vn 0.022400 0.856200 -0.516200
vn 0.811300 0.582900 0.044700
vn 0.472200 0.846900 -0.244700
vn 0.932300 0.163200 0.322600
vn 0.803400 -0.299400 0.514700
vn 0.459500 -0.681300 0.569800
vn -0.007100 -0.880700 0.473500
vn -0.472100 -0.844900 0.251600
vn -0.811700 -0.583000 -0.036900
vn -0.934700 -0.164300 -0.315200
vn -0.807300 0.299300 -0.508600
vn -0.463100 0.683300 -0.564500
vn 0.005500 0.883800 -0.467900
vn 0.815100 0.578500 0.032300
vn 0.474100 0.844400 -0.249600
vn 0.938600 0.158800 0.306400
vn 0.811400 -0.303100 0.499700
vn 0.466800 -0.684100 0.560500
vn -0.003800 -0.881700 0.471800
vn -0.474400 -0.842000 0.256900
vn -0.817700 -0.575000 -0.026600
vn -0.941000 -0.152600 -0.302000
vn -0.811200 0.310900 -0.495200
vn -0.464200 0.690800 -0.554400
vn 0.006100 0.885700 -0.464300
vn 0.823000 0.567900 0.013400
vn 0.480200 0.835600 -0.266600
vn 0.945200 0.148700 0.290600
vn 0.814200 -0.309900 0.491000
vn 0.464800 -0.685100 0.560900
vn -0.009600 -0.876500 0.481400
vn -0.481900 -0.832400 0.273700
vn -0.825400 -0.564500 -0.006600
vn -0.947800 -0.144700 -0.284200
vn -0.816200 0.314400 -0.484700
vn -0.466100 0.689600 -0.554300
vn 0.008500 0.880300 -0.474400
vn 0.820500 0.571300 0.020500
vn 0.476200 0.840300 -0.259000
vn 0.943700 0.149100 0.295400
vn 0.812900 -0.312300 0.491600
vn 0.463900 -0.689000 0.556800
vn -0.009100 -0.880600 0.473800
vn -0.479700 -0.836300 0.265300
vn -0.822600 -0.568500 -0.013000
vn -0.946400 -0.148400 -0.287000
vn -0.817700 0.312300 -0.483600
vn -0.470200 0.690200 -0.550000
vn 0.003500 0.883800 -0.467900
vn 0.805900 0.589300 0.056500
vn 0.460800 0.858700 -0.224400
vn 0.932600 0.161200 0.322900
vn 0.807300 -0.309200 0.502700
vn 0.465100 -0.695200 0.548100
vn -0.000900 -0.894100 0.447900
vn -0.466200 -0.854400 0.229600
vn -0.807800 -0.587400 -0.048600
vn -0.935500 -0.163800 -0.313100
vn -0.814600 0.304400 -0.493700
vn -0.476000 0.692800 -0.541700
vn -0.009000 0.896300 -0.443400
vn 0.779300 0.616100 0.114900
vn 0.434500 0.884800 -0.168700
vn 0.912100 0.180800 0.367900
vn 0.797800 -0.302000 0.521900
vn 0.469000 -0.701900 0.536100
vn 0.015700 -0.912900 0.408000
vn -0.441200 -0.880600 0.172700
vn -0.781200 -0.615000 -0.107200
vn -0.915000 -0.185900 -0.358000
vn -0.806400 0.293700 -0.513300
vn -0.482400 0.696600 -0.531100
vn -0.028100 0.913800 -0.405300
vn 0.743800 0.642900 0.182700
vn 0.400600 0.910300 -0.104100
vn 0.884600 0.201500 0.420500
vn 0.785500 -0.293200 0.544900
vn 0.475200 -0.707300 0.523300
vn 0.038600 -0.931100 0.362800
vn -0.407600 -0.906900 0.107200
vn -0.745900 -0.642500 -0.175800
vn -0.887400 -0.207600 -0.411600
vn -0.793900 0.283500 -0.537900
vn -0.488600 0.700600 -0.520000
vn -0.051300 0.930900 -0.361500
vn 0.705500 0.664100 0.247500
vn 0.364600 0.930200 -0.042600
vn 0.854700 0.218400 0.471000
vn 0.772400 -0.285300 0.567500
vn 0.482300 -0.710800 0.512000
vn 0.063900 -0.945100 0.320500
vn -0.371000 -0.927500 0.045000
vn -0.707600 -0.664100 -0.241600
vn -0.857200 -0.224300 -0.463600
vn -0.779600 0.276000 -0.562200
vn -0.493900 0.704100 -0.510100
vn -0.075100 0.944400 -0.320200
vn 0.669600 0.678500 0.302000
vn 0.331200 0.943500 0.009100
vn 0.826500 0.230300 0.513600
vn 0.759900 -0.279300 0.587000
vn 0.489000 -0.712600 0.503100
vn 0.087600 -0.954400 0.285500
vn -0.336700 -0.941600 -0.007200
vn -0.671600 -0.678700 -0.297200
vn -0.828700 -0.235300 -0.507900
vn -0.765700 0.271400 -0.583100
vn -0.498300 0.706800 -0.502100
vn -0.096800 0.953500 -0.285500
vn 0.639200 0.687500 0.344600
vn 0.303000 0.951700 0.049400
vn 0.802400 0.238000 0.547200
vn 0.749100 -0.275100 0.602700
vn 0.494400 -0.713400 0.496600
vn 0.107600 -0.960000 0.258400
vn -0.307600 -0.950300 -0.047900
vn -0.641000 -0.687700 -0.340800
vn -0.804300 -0.242000 -0.542700
vn -0.753600 0.268800 -0.599800
vn -0.501700 0.708700 -0.496100
vn -0.114900 0.959100 -0.258500
vn 0.614700 0.692900 0.376800
vn 0.280500 0.956500 0.079700
vn 0.783000 0.242800 0.572700
vn 0.740200 -0.272300 0.614700
vn 0.498600 -0.713600 0.492100
vn 0.123700 -0.963300 0.238300
vn -0.284200 -0.955600 -0.078500
vn -0.616300 -0.693100 -0.373800
vn -0.784600 -0.245800 -0.569200
vn -0.743800 0.267500 -0.612500
vn -0.504200 0.709900 -0.491700
vn -0.129300 0.962500 -0.238300
vn 0.595600 0.696100 0.400800
vn 0.262900 0.959400 0.102200
vn 0.767700 0.245700 0.591800
vn 0.733200 -0.270400 0.623900
vn 0.501900 -0.713500 0.489000
vn 0.136100 -0.965100 0.223600
vn -0.266000 -0.958700 -0.101100
vn -0.597100 -0.696200 -0.398400
vn -0.769100 -0.248000 -0.589100
vn -0.736000 0.266800 -0.622200
vn -0.506200 0.710700 -0.488600
vn -0.140600 0.964500 -0.223500
vn 0.566000 0.704100 0.428700
vn 0.246100 0.962800 0.111800
vn 0.732900 0.254400 0.630900
vn 0.700300 -0.264600 0.663000
vn 0.476900 -0.711500 0.516100
vn 0.123800 -0.965100 0.230800
vn -0.262300 -0.958100 -0.115400
vn -0.577400 -0.694700 -0.429000
vn -0.738800 -0.247500 -0.626900
vn -0.705300 0.264200 -0.657900
vn -0.486500 0.706300 -0.514300
vn -0.139100 0.962400 -0.233300
vn 0.508800 0.719000 0.473400
vn 0.239900 0.965200 0.104100
vn 0.639900 0.275100 0.717500
vn 0.593500 -0.246700 0.766100
vn 0.380700 -0.700100 0.604100
vn 0.062300 -0.958600 0.277900
vn -0.272000 -0.954800 -0.120200
vn -0.532200 -0.695900 -0.482200
vn -0.652000 -0.255500 -0.713800
vn -0.603100 0.250200 -0.757400
vn -0.399100 0.690900 -0.602800
vn -0.091900 0.952900 -0.289000
vn 0.428500 0.737000 0.522600
vn 0.252700 0.963400 0.090000
vn 0.487000 0.307700 0.817400
vn 0.408900 -0.209100 0.888300
vn 0.214600 -0.667600 0.712900
vn -0.040200 -0.938800 0.342100
vn -0.283900 -0.951600 -0.117600
vn -0.451300 -0.709800 -0.540800
vn -0.500900 -0.283300 -0.817800
vn -0.422200 0.215300 -0.880500
vn -0.236400 0.658300 -0.714600
vn 0.009500 0.932300 -0.361600
vn 0.339100 0.759900 0.554600
vn 0.276000 0.957900 0.079300
vn 0.307800 0.353400 0.883400
vn 0.188800 -0.152900 0.970000
vn 0.015100 -0.616600 0.787100
vn -0.164300 -0.907000 0.387700
vn -0.299900 -0.947200 -0.113500
vn -0.356500 -0.733200 -0.579100
vn -0.321300 -0.327700 -0.888500
vn -0.204900 0.161500 -0.965400
vn -0.037700 0.609200 -0.792100
vn 0.137800 0.900600 -0.412100
vn 0.258600 0.782800 0.566000
vn 0.304000 0.949600 0.077100
vn 0.140100 0.402800 0.904500
vn -0.019800 -0.089300 0.995800
vn -0.176200 -0.556600 0.811900
vn -0.285700 -0.868500 0.405000
vn -0.319200 -0.941400 -0.109400
vn -0.269500 -0.760700 -0.590500
vn -0.151300 -0.380000 -0.912500
vn 0.003800 0.099000 -0.995100
vn 0.155900 0.552400 -0.818900
vn 0.265800 0.863500 -0.428600
vn 0.199100 0.801600 0.563700
vn 0.330000 0.940400 0.081900
vn 0.011500 0.445800 0.895100
vn -0.181900 -0.032400 0.982800
vn -0.327200 -0.501400 0.800900
vn -0.384600 -0.831900 0.400100
vn -0.339500 -0.934400 -0.107800
vn -0.205700 -0.785000 -0.584300
vn -0.020200 -0.427600 -0.903700
vn 0.168200 0.041600 -0.984900
vn 0.310700 0.500100 -0.808300
vn 0.370200 0.828900 -0.419400
vn 0.161400 0.814500 0.557200
vn 0.351400 0.931900 0.090000
vn -0.074600 0.477800 0.875300
vn -0.292500 0.011200 0.956200
vn -0.432500 -0.458200 0.776500
vn -0.456300 -0.802000 0.385600
vn -0.358300 -0.927200 -0.109000
vn -0.166200 -0.802500 -0.573000
vn 0.067700 -0.464000 -0.883300
vn 0.281600 -0.003000 -0.959500
vn 0.419500 0.459000 -0.783100
vn 0.445400 0.801000 -0.400000
vn 0.140500 0.822100 0.551800
vn 0.368600 0.924300 0.098600
vn -0.127400 0.499000 0.857200
vn -0.362600 0.041300 0.931000
vn -0.501100 -0.427300 0.752500
vn -0.505300 -0.779600 0.370000
vn -0.374600 -0.920400 -0.112100
vn -0.145000 -0.813200 -0.563600
vn 0.121400 -0.488600 -0.864000
vn 0.353800 -0.034200 -0.934700
vn 0.490900 0.429600 -0.758000
vn 0.496500 0.780200 -0.380400
vn 0.131200 0.825200 0.549400
vn 0.382700 0.917700 0.106700
vn -0.157000 0.511700 0.844700
vn -0.404400 0.060600 0.912600
vn -0.544000 -0.406600 0.734000
vn -0.538100 -0.763500 0.357100
vn -0.388500 -0.914100 -0.116200
vn -0.135900 -0.818600 -0.558000
vn 0.151500 -0.503700 -0.850500
vn 0.397000 -0.054300 -0.916200
vn 0.535600 0.409800 -0.738400
vn 0.530400 0.765400 -0.364300
vn 0.129700 0.825100 0.549900
vn 0.394500 0.911800 0.114000
vn -0.171000 0.517700 0.838300
vn -0.427000 0.071600 0.901400
vn -0.569300 -0.393500 0.721800
vn -0.559500 -0.752400 0.347600
vn -0.400300 -0.908400 -0.120400
vn -0.134700 -0.820000 -0.556200
vn 0.165700 -0.511500 -0.843100
vn 0.420700 -0.066000 -0.904800
vn 0.562200 0.397500 -0.725200
vn 0.552600 0.755200 -0.352500
vn 0.133500 0.822600 0.552800
vn 0.404700 0.906500 0.120400
vn -0.174300 0.518800 0.836900
vn -0.436500 0.076300 0.896500
vn -0.582500 -0.386400 0.715100
vn -0.573000 -0.745100 0.341400
vn -0.410600 -0.903300 -0.124500
vn -0.138800 -0.818600 -0.557400
vn 0.169200 -0.513900 -0.841000
vn 0.430900 -0.071300 -0.899600
vn 0.576300 0.390700 -0.717800
vn 0.566700 0.748400 -0.344500
vn 0.140900 0.818200 0.557500
vn 0.413700 0.901700 0.126000
vn -0.170300 0.516200 0.839400
vn -0.436700 0.076400 0.896300
vn -0.587100 -0.383600 0.712900
vn -0.580900 -0.740600 0.337800
vn -0.419600 -0.898600 -0.128400
vn -0.146400 -0.815000 -0.560600
vn 0.165300 -0.512300 -0.842700
vn 0.431800 -0.071800 -0.899100
vn 0.581700 0.388100 -0.714800
vn 0.575000 0.744400 -0.339500
vn 0.145400 0.815500 0.560200
vn 0.417900 0.899300 0.128700
vn -0.166700 0.514000 0.841400
vn -0.435000 0.075400 0.897300
vn -0.587600 -0.383200 0.712700
vn -0.583600 -0.738900 0.336700
vn -0.423900 -0.896300 -0.130200
vn -0.151000 -0.812800 -0.562600
vn 0.161800 -0.510700 -0.844400
vn 0.430300 -0.071100 -0.899900
vn 0.582600 0.387800 -0.714300
vn 0.578000 0.742900 -0.337700
vn -0.503500 -0.431100 -0.748800
vn -0.461400 -0.399500 -0.792100
vn -0.712200 0.050300 -0.700200
vn -0.748000 0.021800 -0.663400
vn -0.123900 -0.768000 -0.628400
vn -0.086500 -0.741500 -0.665300
vn 0.287200 -0.897300 -0.335300
vn 0.309000 -0.882100 -0.355600
vn 0.617600 -0.784900 0.049800
vn 0.617000 -0.785300 0.050800
vn 0.779000 -0.464000 0.421700
vn 0.756400 -0.480800 0.443500
vn 0.731200 -0.023300 0.681800
vn 0.693000 -0.052100 0.719100
vn 0.489700 0.420600 0.763800
vn 0.445600 0.387800 0.806900
vn 0.118100 0.752900 0.647500
vn 0.079300 0.724300 0.684900
vn -0.287900 0.886600 0.362000
vn -0.310900 0.869400 0.384100
vn -0.621300 0.783300 -0.019600
vn -0.622300 0.782600 -0.018200
vn -0.790700 0.467000 -0.395800
vn -0.770300 0.483500 -0.415700
vn -0.365800 -0.326900 -0.871400
vn -0.630800 0.112800 -0.767700
vn -0.002900 -0.678900 -0.734200
vn 0.357000 -0.846400 -0.395100
vn 0.615900 -0.786200 0.050900
vn 0.706100 -0.518200 0.482500
vn 0.606700 -0.116700 0.786300
vn 0.345900 0.312400 0.884700
vn -0.008000 0.657800 0.753200
vn -0.363100 0.829200 0.425000
vn -0.626200 0.779500 -0.015700
vn -0.725400 0.518200 -0.453000
vn -0.255000 -0.240900 -0.936400
vn -0.537700 0.185300 -0.822500
vn 0.094700 -0.603500 -0.791700
vn 0.414400 -0.802400 -0.429600
vn 0.617100 -0.785400 0.048400
vn 0.650600 -0.561000 0.511900
vn 0.509000 -0.191900 0.839100
vn 0.231400 0.224000 0.946700
vn -0.109600 0.578900 0.808000
vn -0.425700 0.780300 0.458100
vn -0.633500 0.773600 -0.013500
vn -0.675700 0.556900 -0.483000
vn -0.138800 -0.148000 -0.979200
vn -0.441500 0.261900 -0.858200
vn 0.198600 -0.520200 -0.830600
vn 0.477400 -0.752100 -0.454400
vn 0.622000 -0.781800 0.043700
vn 0.596000 -0.604900 0.528000
vn 0.409200 -0.271700 0.871100
vn 0.112200 0.129100 0.985300
vn -0.217400 0.493200 0.842300
vn -0.494000 0.725900 0.478600
vn -0.644300 0.764700 -0.012800
vn -0.626200 0.596000 -0.502800
vn -0.029400 -0.057500 -0.997900
vn -0.352800 0.334200 -0.874000
vn 0.298500 -0.436900 -0.848600
vn 0.540600 -0.699300 -0.467700
vn 0.631600 -0.774300 0.038400
vn 0.549500 -0.644500 0.531700
vn 0.318500 -0.347400 0.882000
vn 0.000800 0.037200 0.999300
vn -0.320500 0.408700 0.854500
vn -0.561600 0.670500 0.484900
vn -0.658400 0.752500 -0.014600
vn -0.582900 0.630600 -0.512500
vn 0.062300 0.021700 -0.997800
vn -0.281000 0.394800 -0.874700
vn 0.385100 -0.361000 -0.849400
vn 0.598800 -0.648200 -0.470300
vn 0.646200 -0.762400 0.034400
vn 0.516300 -0.674700 0.527400
vn 0.246100 -0.411200 0.877700
vn -0.092100 -0.043000 0.994800
vn -0.409400 0.332900 0.849400
vn -0.622800 0.618300 0.479400
vn -0.675300 0.737300 -0.019300
vn -0.550900 0.656400 -0.515400
vn 0.130000 0.083400 -0.988000
vn -0.231400 0.438100 -0.868600
vn 0.452800 -0.297900 -0.840300
vn 0.648800 -0.601800 -0.465700
vn 0.665300 -0.745900 0.033300
vn 0.499300 -0.692400 0.520800
vn 0.196900 -0.457800 0.867000
vn -0.160700 -0.105700 0.981300
vn -0.479100 0.270500 0.835000
vn -0.674600 0.571900 0.466700
vn -0.695000 0.718500 -0.027100
vn -0.533300 0.670300 -0.516000
vn 0.171600 0.123700 -0.977400
vn -0.206100 0.460600 -0.863300
vn 0.499800 -0.250900 -0.829000
vn 0.689200 -0.561700 -0.457700
vn 0.688600 -0.724300 0.035600
vn 0.499000 -0.695300 0.517300
vn 0.172400 -0.483700 0.858100
vn -0.203200 -0.147200 0.968000
vn -0.528000 0.224200 0.819100
vn -0.716200 0.532300 0.451400
vn -0.717700 0.695300 -0.037800
vn -0.531500 0.669500 -0.519000
vn 0.186300 0.138900 -0.972600
vn -0.206000 0.458300 -0.864600
vn 0.525500 -0.222400 -0.821200
vn 0.719900 -0.528500 -0.449900
vn 0.716400 -0.696400 0.041600
vn 0.515900 -0.680500 0.520300
vn 0.173100 -0.485400 0.857000
vn -0.219400 -0.164400 0.961700
vn -0.556300 0.195900 0.807600
vn -0.748100 0.499500 0.436900
vn -0.744400 0.665700 -0.051300
vn -0.546300 0.650700 -0.527400
vn 0.172600 0.122900 -0.977300
vn -0.232700 0.424200 -0.875200
vn 0.529100 -0.216300 -0.820500
vn 0.740900 -0.503300 -0.444800
vn 0.749500 -0.660100 0.050300
vn 0.551500 -0.643200 0.531100
vn 0.200400 -0.456800 0.866700
vn -0.208100 -0.151700 0.966300
vn -0.563600 0.189100 0.804100
vn -0.771100 0.473600 0.425500
vn -0.776500 0.626600 -0.067100
vn -0.579500 0.608200 -0.542400
vn 0.128200 0.064800 -0.989600
vn -0.288800 0.346900 -0.892300
vn 0.508800 -0.240200 -0.826700
vn 0.751700 -0.488000 -0.443700
vn 0.789300 -0.611100 0.059400
vn 0.608700 -0.574400 0.547300
vn 0.257800 -0.386200 0.885600
vn -0.167000 -0.098000 0.981100
vn -0.548900 0.210800 0.808900
vn -0.785400 0.456000 0.418500
vn -0.815400 0.573000 -0.082700
vn -0.633400 0.532600 -0.561400
vn 0.065600 -0.030400 -0.997400
vn -0.361400 0.234000 -0.902600
vn 0.474500 -0.290500 -0.831000
vn 0.757800 -0.478100 -0.444000
vn 0.837900 -0.542000 0.064400
vn 0.688700 -0.462300 0.558600
vn 0.347400 -0.258500 0.901400
vn -0.091900 0.013400 0.995700
vn -0.506300 0.277300 0.816500
vn -0.782900 0.461300 0.417400
vn -0.850800 0.517700 -0.090500
vn -0.695900 0.434100 -0.572000
vn 0.008700 -0.132100 -0.991200
vn -0.426800 0.121400 -0.896200
vn 0.442400 -0.351900 -0.824900
vn 0.759900 -0.479600 -0.438800
vn 0.875000 -0.479600 0.066700
vn 0.753600 -0.350300 0.556200
vn 0.426500 -0.125900 0.895700
vn -0.017700 0.132200 0.991100
vn -0.456600 0.353200 0.816600
vn -0.770700 0.477500 0.421900
vn -0.877100 0.473000 -0.083900
vn -0.750500 0.342500 -0.565200
vn -0.031600 -0.210600 -0.977100
vn -0.472300 0.036800 -0.880700
vn 0.417800 -0.402900 -0.814300
vn 0.756700 -0.488900 -0.434100
vn 0.893500 -0.444500 0.063800
vn 0.789500 -0.280500 0.545800
vn 0.471300 -0.040900 0.881000
vn 0.024900 0.209300 0.977500
vn -0.428000 0.401900 0.809500
vn -0.764700 0.485300 0.423800
vn -0.895900 0.438100 -0.074200
vn -0.788300 0.273800 -0.551000
vn -0.055100 -0.260200 -0.964000
vn -0.499400 -0.017400 -0.866200
vn 0.404000 -0.434500 -0.805000
vn 0.755600 -0.493500 -0.430700
vn 0.905200 -0.420700 0.060000
vn 0.811200 -0.235100 0.535400
vn 0.498100 0.013600 0.867000
vn 0.050200 0.258100 0.964800
vn -0.411000 0.432400 0.802600
vn -0.761400 0.489600 0.424900
vn -0.907400 0.415200 -0.065700
vn -0.811200 0.229600 -0.537800
vn -0.068000 -0.289100 -0.954900
vn -0.514700 -0.049400 -0.855900
vn 0.397000 -0.452100 -0.798800
vn 0.755900 -0.494800 -0.428600
vn 0.912400 -0.405300 0.057000
vn 0.823700 -0.207400 0.527800
vn 0.513200 0.046000 0.857000
vn 0.064400 0.286500 0.955900
vn -0.401700 0.449400 0.797900
vn -0.759800 0.491100 0.426100
vn -0.914200 0.400800 -0.059400
vn -0.824400 0.203000 -0.528400
vn -0.073400 -0.302200 -0.950400
vn -0.522000 -0.064800 -0.850500
vn 0.394800 -0.459200 -0.795800
vn 0.757200 -0.493600 -0.427800
vn 0.916500 -0.396200 0.055200
vn 0.829800 -0.192900 0.523700
vn 0.520200 0.061700 0.851800
vn 0.070900 0.299400 0.951500
vn -0.397600 0.456200 0.796100
vn -0.759500 0.490300 0.427600
vn -0.918100 0.392600 -0.055200
vn -0.831100 0.189500 -0.522900
vn -0.073100 -0.302600 -0.950300
vn -0.523000 -0.066800 -0.849700
vn 0.396300 -0.457700 -0.795900
vn 0.759200 -0.490500 -0.427900
vn 0.918300 -0.392100 0.054900
vn 0.831100 -0.189100 0.523000
vn 0.521100 0.064000 0.851100
vn 0.071400 0.299600 0.951400
vn -0.397500 0.454500 0.797100
vn -0.760200 0.487400 0.429600
vn -0.919600 0.389300 -0.052900
vn -0.832900 0.186500 -0.521100
vn -0.068000 -0.292100 -0.954000
vn -0.518900 -0.057200 -0.852900
vn 0.401000 -0.448800 -0.798600
vn 0.761900 -0.485500 -0.428700
vn 0.918100 -0.392300 0.056000
vn 0.828200 -0.194600 0.525500
vn 0.516700 0.054700 0.854400
vn 0.067000 0.288800 0.955000
vn -0.400800 0.445400 0.800600
vn -0.761800 0.482500 0.432200
vn -0.919300 0.390100 -0.052100
vn -0.830500 0.192500 -0.522600
vn -0.058200 -0.271100 -0.960800
vn -0.509900 -0.036700 -0.859400
vn 0.408900 -0.432900 -0.803400
vn 0.765500 -0.478600 -0.430100
vn 0.916200 -0.396400 0.058300
vn 0.821600 -0.208600 0.530600
vn 0.507400 0.034300 0.861000
vn 0.057900 0.267600 0.961800
vn -0.407400 0.429200 0.806100
vn -0.764400 0.475800 0.435200
vn -0.917300 0.394700 -0.052600
vn -0.824400 0.207100 -0.526700
vn -0.043600 -0.239700 -0.969900
vn -0.495800 -0.005300 -0.868400
vn 0.420000 -0.409800 -0.809700
vn 0.769900 -0.469900 -0.431800
vn 0.912600 -0.404300 0.061500
vn 0.810900 -0.231100 0.537600
vn 0.493000 0.003100 0.870000
vn 0.043900 0.235900 0.970800
vn -0.417300 0.405700 0.813200
vn -0.767900 0.466900 0.438500
vn -0.913600 0.402900 -0.054000
vn -0.814400 0.230100 -0.532800
vn -0.023500 -0.197400 -0.980000
vn -0.476100 0.037600 -0.878600
vn 0.435000 -0.379300 -0.816700
vn 0.775400 -0.459200 -0.433400
vn 0.906900 -0.416200 0.065300
vn 0.795800 -0.262500 0.545700
vn 0.472900 -0.039700 0.880200
vn 0.024400 0.193200 0.980800
vn -0.431100 0.374500 0.820900
vn -0.772600 0.455800 0.442000
vn -0.908100 0.414900 -0.055900
vn -0.800100 0.261900 -0.539700
vn 0.002900 -0.143300 -0.989700
vn -0.449900 0.092700 -0.888300
vn 0.454400 -0.340700 -0.823100
vn 0.782200 -0.446300 -0.434800
vn 0.899100 -0.432200 0.069100
vn 0.775700 -0.303400 0.553400
vn 0.446300 -0.094500 0.889900
vn -0.001400 0.138800 0.990300
vn -0.449300 0.335100 0.828200
vn -0.778600 0.442200 0.445300
vn -0.900600 0.430800 -0.057600
vn -0.780800 0.303100 -0.546300
vn 0.003100 -0.135300 -0.990800
vn -0.443600 0.098700 -0.890800
vn 0.450300 -0.332000 -0.828900
vn 0.779700 -0.439200 -0.446300
vn 0.902100 -0.427700 0.056900
vn 0.782600 -0.299500 0.545800
vn 0.452200 -0.088500 0.887500
vn 0.000100 0.148400 0.988900
vn -0.451000 0.346900 0.822400
vn -0.778900 0.453100 0.433600
vn -0.895900 0.438700 -0.070900
vn -0.772400 0.308600 -0.555100
vn -0.049200 -0.239500 -0.969700
vn -0.492800 -0.007300 -0.870100
vn 0.409500 -0.405800 -0.817100
vn 0.763900 -0.462300 -0.450200
vn 0.919000 -0.392600 0.037800
vn 0.828400 -0.212300 0.518400
vn 0.511500 0.031200 0.858700
vn 0.053900 0.270700 0.961100
vn -0.415400 0.438700 0.796800
vn -0.766600 0.489700 0.415400
vn -0.907700 0.412700 -0.075500
vn -0.806500 0.230700 -0.544400
vn -0.109000 -0.376300 -0.920100
vn -0.554900 -0.146000 -0.819000
vn 0.367800 -0.504700 -0.781000
vn 0.750400 -0.496500 -0.436300
vn 0.935800 -0.351600 0.025100
vn 0.870600 -0.107100 0.480200
vn 0.569300 0.171100 0.804100
vn 0.113400 0.406300 0.906700
vn -0.371300 0.533600 0.759900
vn -0.751900 0.519500 0.405900
vn -0.927400 0.369800 -0.057000
vn -0.854200 0.126400 -0.504300
vn -0.142900 -0.464500 -0.873900
vn -0.592500 -0.238100 -0.769600
vn 0.346400 -0.565000 -0.748800
vn 0.745900 -0.512000 -0.426000
vn 0.948000 -0.318200 0.010100
vn 0.896000 -0.034500 0.442600
vn 0.602400 0.262400 0.753900
vn 0.146400 0.491300 0.858600
vn -0.347500 0.590200 0.728600
vn -0.745300 0.533000 0.400500
vn -0.940900 0.336700 -0.035900
vn -0.884400 0.054600 -0.463600
vn -0.158400 -0.510300 -0.845300
vn -0.611900 -0.289900 -0.735900
vn 0.338900 -0.591800 -0.731400
vn 0.747300 -0.512000 -0.423700
vn 0.956600 -0.291400 -0.003800
vn 0.909600 0.011100 0.415400
vn 0.618200 0.313800 0.720700
vn 0.161300 0.534800 0.829400
vn -0.337500 0.614800 0.712800
vn -0.744000 0.532900 0.403000
vn -0.950000 0.311700 -0.016200
vn -0.901400 0.010700 -0.432800
vn -0.161500 -0.520900 -0.838200
vn -0.619100 -0.308500 -0.722200
vn 0.340700 -0.590600 -0.731500
vn 0.752600 -0.498700 -0.430100
vn 0.962900 -0.269500 -0.015100
vn 0.915100 0.035000 0.401700
vn 0.622500 0.332800 0.708300
vn 0.164300 0.544200 0.822700
vn -0.336600 0.612800 0.714900
vn -0.746500 0.520700 0.414200
vn -0.956200 0.292600 0.000800
vn -0.909700 -0.010800 -0.415100
vn -0.155600 -0.499700 -0.852100
vn -0.617500 -0.297700 -0.728000
vn 0.349500 -0.563800 -0.748300
vn 0.760900 -0.472700 -0.444500
vn 0.967600 -0.251300 -0.023200
vn 0.914900 0.040000 0.401600
vn 0.618500 0.323100 0.716300
vn 0.158500 0.522600 0.837700
vn -0.342600 0.586100 0.734300
vn -0.751900 0.496600 0.433600
vn -0.960600 0.277700 0.015000
vn -0.911900 -0.013000 -0.410200
vn -0.141900 -0.446100 -0.883600
vn -0.608700 -0.257600 -0.750400
vn 0.364400 -0.510500 -0.778800
vn 0.772200 -0.433300 -0.464700
vn 0.971300 -0.236300 -0.027800
vn 0.910100 0.026400 0.413600
vn 0.607400 0.284300 0.741700
vn 0.145200 0.469400 0.871000
vn -0.354400 0.533400 0.768100
vn -0.760000 0.459200 0.459900
vn -0.963700 0.265700 0.026900
vn -0.909200 0.003400 -0.416400
vn -0.120600 -0.357600 -0.926100
vn -0.592900 -0.185800 -0.783600
vn 0.385500 -0.428400 -0.817200
vn 0.786500 -0.379200 -0.487500
vn 0.974000 -0.224500 -0.028700
vn 0.900700 -0.007400 0.434300
vn 0.589500 0.213900 0.778900
vn 0.124400 0.381400 0.916000
vn -0.372400 0.451800 0.810700
vn -0.771300 0.406300 0.490000
vn -0.966000 0.255800 0.036600
vn -0.902000 0.039200 -0.430000
vn -0.091500 -0.232500 -0.968300
vn -0.569800 -0.081400 -0.817700
vn 0.412900 -0.316400 -0.854100
vn 0.803700 -0.310200 -0.507800
vn 0.975800 -0.216900 -0.026700
vn 0.886800 -0.063000 0.457800
vn 0.564600 0.110000 0.818000
vn 0.095900 0.256800 0.961700
vn -0.397000 0.339700 0.852700
vn -0.786100 0.336700 0.518400
vn -0.967800 0.247700 0.044200
vn -0.890300 0.094800 -0.445500
vn -0.055300 -0.076200 -0.995600
vn -0.540000 0.051200 -0.840100
vn 0.445500 -0.179300 -0.877200
vn 0.823200 -0.229600 -0.519300
vn 0.976500 -0.214200 -0.023300
vn 0.868800 -0.138600 0.475300
vn 0.533400 -0.023600 0.845500
vn 0.060300 0.100300 0.993100
vn -0.427700 0.201300 0.881200
vn -0.804400 0.252900 0.537600
vn -0.969300 0.241000 0.049400
vn -0.874300 0.167500 -0.455600
vn -0.014600 0.096300 -0.995200
vn -0.505600 0.199100 -0.839500
vn 0.481100 -0.030200 -0.876200
vn 0.843500 -0.144900 -0.517200
vn 0.976100 -0.216300 -0.020600
vn 0.848500 -0.226400 0.478400
vn 0.498800 -0.173700 0.849100
vn 0.020300 -0.072700 0.997100
vn -0.462900 0.050100 0.885000
vn -0.825300 0.163000 0.540700
vn -0.970300 0.236400 0.051700
vn -0.855100 0.250100 -0.454100
vn 0.017300 0.212800 -0.976900
vn -0.472400 0.306900 -0.826200
vn 0.501700 0.061800 -0.862800
vn 0.849900 -0.104800 -0.516400
vn 0.969800 -0.242000 -0.032300
vn 0.831100 -0.313300 0.459400
vn 0.472600 -0.300600 0.828400
vn -0.010400 -0.207800 0.978100
vn -0.490900 -0.059400 0.869200
vn -0.842000 0.105900 0.529000
vn -0.968600 0.244300 0.045900
vn -0.833900 0.318300 -0.451000
vn 0.023600 0.228200 -0.973300
vn -0.457300 0.341500 -0.821100
vn 0.496600 0.052800 -0.866300
vn 0.836900 -0.137800 -0.529800
vn 0.954600 -0.293300 -0.052900
vn 0.818200 -0.372400 0.438000
vn 0.463000 -0.354000 0.812600
vn -0.017400 -0.242300 0.970000
vn -0.494900 -0.066600 0.866400
vn -0.840000 0.126000 0.527800
vn -0.958000 0.283100 0.045700
vn -0.817200 0.361900 -0.448500
vn 0.006100 0.182800 -0.983100
vn -0.463200 0.325000 -0.824600
vn 0.472500 -0.009300 -0.881300
vn 0.813200 -0.200500 -0.546400
vn 0.937900 -0.340500 -0.066300
vn 0.812200 -0.391900 0.432200
vn 0.467600 -0.340100 0.815900
vn -0.004600 -0.198100 0.980200
vn -0.477000 -0.003800 0.878900
vn -0.820700 0.190000 0.538800
vn -0.942400 0.330200 0.053100
vn -0.810700 0.379200 -0.446000
vn -0.028300 0.100400 -0.994500
vn -0.487300 0.263400 -0.832500
vn 0.437500 -0.090800 -0.894600
vn 0.787800 -0.260200 -0.558300
vn 0.928900 -0.363100 -0.072600
vn 0.820800 -0.371100 0.434300
vn 0.489600 -0.280600 0.825600
vn 0.023700 -0.115400 0.993000
vn -0.449500 0.079600 0.889700
vn -0.800500 0.250700 0.544500
vn -0.934800 0.351300 0.053300
vn -0.819100 0.355400 -0.450200
vn -0.076100 -0.017600 -0.996900
vn -0.529900 0.153800 -0.834000
vn 0.397600 -0.186400 -0.898400
vn 0.767200 -0.308700 -0.562200
vn 0.933300 -0.351400 -0.074200
vn 0.847600 -0.301700 0.436600
vn 0.529700 -0.171300 0.830700
vn 0.065400 0.004500 0.997900
vn -0.417000 0.176900 0.891500
vn -0.784700 0.298200 0.543400
vn -0.940300 0.336600 0.051200
vn -0.845900 0.283300 -0.451800
vn -0.124100 -0.155900 -0.979900
vn -0.578900 0.009300 -0.815300
vn 0.363600 -0.282600 -0.887600
vn 0.757000 -0.337100 -0.559800
vn 0.949500 -0.303600 -0.079500
vn 0.884800 -0.189300 0.425700
vn 0.576700 -0.024400 0.816600
vn 0.109100 0.145500 0.983300
vn -0.387600 0.273000 0.880500
vn -0.777000 0.323700 0.540000
vn -0.956600 0.285600 0.057600
vn -0.883100 0.170500 -0.437100
vn -0.157800 -0.288800 -0.944300
vn -0.617200 -0.141700 -0.774000
vn 0.344100 -0.362200 -0.866300
vn 0.756900 -0.341400 -0.557300
vn 0.968400 -0.230300 -0.096000
vn 0.917100 -0.057400 0.394500
vn 0.613700 0.130100 0.778700
vn 0.141600 0.280100 0.949500
vn -0.367900 0.351200 0.861000
vn -0.775400 0.325400 0.541100
vn -0.974100 0.211500 0.079400
vn -0.915300 0.040900 -0.400700
vn -0.172500 -0.394900 -0.902400
vn -0.636500 -0.272100 -0.721700
vn 0.338300 -0.415200 -0.844500
vn 0.761200 -0.326200 -0.560500
vn 0.980900 -0.150100 -0.123400
vn 0.934600 0.066300 0.349500
vn 0.632500 0.263500 0.728300
vn 0.157900 0.387000 0.908500
vn -0.358200 0.403600 0.841900
vn -0.775600 0.310200 0.549800
vn -0.984600 0.133400 0.113200
vn -0.933000 -0.079200 -0.351100
vn -0.174200 -0.468400 -0.866200
vn -0.640400 -0.370300 -0.672800
vn 0.339600 -0.443600 -0.829400
vn 0.764500 -0.301000 -0.570000
vn 0.984800 -0.077700 -0.155400
vn 0.938400 0.166100 0.303000
vn 0.636700 0.363700 0.679900
vn 0.162400 0.461200 0.872300
vn -0.354500 0.432500 0.829000
vn -0.774300 0.286900 0.564000
vn -0.986500 0.064400 0.150300
vn -0.937100 -0.175700 -0.301600
vn -0.170300 -0.514800 -0.840200
vn -0.636500 -0.438800 -0.634300
vn 0.342500 -0.454600 -0.822200
vn 0.764900 -0.273300 -0.583300
vn 0.982400 -0.018700 -0.185900
vn 0.934400 0.240500 0.262900
vn 0.633300 0.433600 0.641000
vn 0.161400 0.508300 0.845900
vn -0.352900 0.445100 0.823000
vn -0.771200 0.261900 0.580300
vn -0.982900 0.008600 0.184000
vn -0.933400 -0.247500 -0.259900
vn -0.165500 -0.542200 -0.823800
vn -0.630100 -0.484900 -0.606500
vn 0.344400 -0.455500 -0.820900
vn 0.762900 -0.247100 -0.597400
vn 0.976900 0.027500 -0.212100
vn 0.927300 0.294300 0.231300
vn 0.627400 0.480700 0.612500
vn 0.158800 0.536700 0.828700
vn -0.351500 0.447600 0.822300
vn -0.766700 0.238200 0.596200
vn -0.976600 -0.035100 0.212100
vn -0.926600 -0.299400 -0.227700
vn -0.161500 -0.557500 -0.814300
vn -0.623900 -0.515500 -0.587400
vn 0.344800 -0.451000 -0.823300
vn 0.759400 -0.223800 -0.610900
vn 0.970300 0.063300 -0.233500
vn 0.919900 0.332900 0.207400
vn 0.621700 0.512100 0.592700
vn 0.156600 0.552700 0.818500
vn -0.349700 0.444400 0.824800
vn -0.761500 0.216800 0.610800
vn -0.969700 -0.068900 0.234500
vn -0.919300 -0.336700 -0.203700
vn -0.160900 -0.556600 -0.815000
vn -0.621100 -0.527800 -0.579300
vn 0.343100 -0.436300 -0.831800
vn 0.755200 -0.198800 -0.624600
vn 0.964100 0.091800 -0.249000
vn 0.913700 0.357300 0.193600
vn 0.618100 0.526200 0.584000
vn 0.157300 0.553600 0.817800
vn -0.345000 0.432700 0.832900
vn -0.754800 0.196100 0.626000
vn -0.963100 -0.093200 0.252400
vn -0.914500 -0.358100 -0.188600
vn -0.168300 -0.531200 -0.830300
vn -0.625100 -0.518000 -0.583900
vn 0.334500 -0.401200 -0.852700
vn 0.747000 -0.162900 -0.644500
vn 0.957600 0.119000 -0.262400
vn 0.910200 0.368200 0.189800
vn 0.619100 0.518000 0.590300
vn 0.163500 0.529200 0.832600
vn -0.334900 0.399400 0.853400
vn -0.744200 0.163500 0.647600
vn -0.955900 -0.116400 0.269600
vn -0.912900 -0.365800 -0.181000
vn -0.184400 -0.482600 -0.856200
vn -0.633800 -0.494100 -0.595200
vn 0.316000 -0.340700 -0.885500
vn 0.730800 -0.106300 -0.674300
vn 0.947100 0.156300 -0.280400
vn 0.907400 0.375800 0.188200
vn 0.624800 0.493500 0.605100
vn 0.176800 0.479300 0.859700
vn -0.317000 0.337800 0.886200
vn -0.726700 0.106900 0.678600
vn -0.944400 -0.152800 0.291100
vn -0.911300 -0.372900 -0.174700
vn -0.211100 -0.410300 -0.887200
vn -0.647200 -0.460800 -0.607300
vn 0.284100 -0.248100 -0.926100
vn 0.702100 -0.018400 -0.711800
vn 0.928100 0.215700 -0.303600
vn 0.902000 0.390000 0.185300
vn 0.634300 0.458400 0.622500
vn 0.199600 0.404400 0.892500
vn -0.286200 0.243500 0.926700
vn -0.696300 0.018500 0.717500
vn -0.923700 -0.212000 0.319200
vn -0.906900 -0.387600 -0.165000
vn -0.251700 -0.313100 -0.915800
vn -0.665000 -0.420700 -0.617100
vn 0.232700 -0.119800 -0.965100
vn 0.654200 0.106300 -0.748900
vn 0.895200 0.302100 -0.327500
vn 0.892000 0.414400 0.180800
vn 0.649600 0.414300 0.637400
vn 0.236800 0.303900 0.922800
vn -0.236500 0.113600 0.965000
vn -0.647200 -0.106700 0.754800
vn -0.888700 -0.299800 0.346700
vn -0.896600 -0.415100 -0.154400
vn -0.295700 -0.216400 -0.930400
vn -0.679100 -0.387300 -0.623500
vn 0.170300 0.013800 -0.985300
vn 0.591100 0.239900 -0.770100
vn 0.849800 0.399300 -0.344200
vn 0.876600 0.448900 0.173500
vn 0.667700 0.377400 0.641700
vn 0.282700 0.205500 0.937000
vn -0.175200 -0.020500 0.984300
vn -0.586100 -0.241500 0.773400
vn -0.843200 -0.399900 0.359200
vn -0.878200 -0.453800 -0.151000
vn -0.312400 -0.172400 -0.934200
vn -0.675500 -0.381800 -0.630800
vn 0.135000 0.082800 -0.987400
vn 0.547000 0.315300 -0.775500
vn 0.812700 0.462500 -0.354500
vn 0.859700 0.484300 0.162600
vn 0.675100 0.374900 0.635400
vn 0.309700 0.164400 0.936500
vn -0.137300 -0.090100 0.986400
vn -0.546700 -0.320900 0.773400
vn -0.810100 -0.467000 0.354600
vn -0.857400 -0.489400 -0.159100
vn -0.281800 -0.212500 -0.935600
vn -0.649200 -0.414500 -0.637800
vn 0.159600 0.044500 -0.986200
vn 0.559300 0.289400 -0.776800
vn 0.812300 0.457700 -0.361500
vn 0.850300 0.504000 0.151700
vn 0.660400 0.414000 0.626500
vn 0.291200 0.210700 0.933200
vn -0.157500 -0.051000 0.986200
vn -0.562800 -0.299100 0.770500
vn -0.814100 -0.466100 0.346500
vn -0.844700 -0.507700 -0.169300
vn -0.222000 -0.311100 -0.924100
vn -0.613700 -0.471000 -0.633600
vn 0.227200 -0.070600 -0.971300
vn 0.617000 0.187800 -0.764200
vn 0.846000 0.397100 -0.355900
vn 0.852300 0.501600 0.148400
vn 0.630700 0.471800 0.616100
vn 0.236900 0.313200 0.919700
vn -0.223200 0.067500 0.972400
vn -0.621900 -0.197400 0.757800
vn -0.848800 -0.407900 0.336500
vn -0.844200 -0.507200 -0.173400
vn -0.167200 -0.414900 -0.894400
vn -0.586400 -0.524200 -0.617500
vn 0.294800 -0.197100 -0.935000
vn 0.679500 0.071800 -0.730200
vn 0.886300 0.322000 -0.332800
vn 0.859300 0.487600 0.154500
vn 0.602200 0.523200 0.603000
vn 0.180900 0.417100 0.890700
vn -0.291000 0.196300 0.936400
vn -0.683400 -0.078800 0.725800
vn -0.888100 -0.332200 0.317600
vn -0.851200 -0.494800 -0.174700
vn -0.131600 -0.493200 -0.859900
vn -0.571000 -0.561000 -0.599400
vn 0.341600 -0.295300 -0.892200
vn 0.724500 -0.020000 -0.689000
vn 0.916600 0.260800 -0.303100
vn 0.865700 0.472800 0.164400
vn 0.582900 0.558800 0.589800
vn 0.142000 0.494200 0.857700
vn -0.338400 0.295000 0.893500
vn -0.727000 0.015200 0.686500
vn -0.917400 -0.268800 0.293400
vn -0.859400 -0.479500 -0.177800
vn -0.111000 -0.544600 -0.831300
vn -0.563200 -0.583300 -0.585400
vn 0.369900 -0.361500 -0.855800
vn 0.752500 -0.082900 -0.653300
vn 0.935800 0.217900 -0.277000
vn 0.870200 0.460900 0.173800
vn 0.571500 0.581100 0.579400
vn 0.118400 0.544900 0.830100
vn -0.367400 0.361300 0.857000
vn -0.754000 0.079600 0.652100
vn -0.936200 -0.223600 0.271100
vn -0.865700 -0.466200 -0.182200
vn -0.103800 -0.564600 -0.818800
vn -0.560800 -0.591500 -0.579300
vn 0.380200 -0.387600 -0.839800
vn 0.762900 -0.107800 -0.637400
vn 0.943100 0.200700 -0.265300
vn 0.871900 0.456000 0.178400
vn 0.567100 0.589500 0.575200
vn 0.109300 0.564600 0.818100
vn -0.378200 0.387300 0.840800
vn -0.763800 0.105300 0.636800
vn -0.943200 -0.205100 0.261200
vn -0.868500 -0.460200 -0.184200
vn 0.986600 0.089700 -0.136400
vn 0.975000 0.207700 -0.078600
vn 0.755600 0.403500 -0.516000
vn 0.766500 0.276400 -0.579800
vn 0.929000 -0.124000 0.348700
vn 0.923800 -0.045400 0.380100
vn 0.605300 -0.298600 0.737800
vn 0.618200 -0.281800 0.733800
vn 0.117700 -0.380400 0.917300
vn 0.148300 -0.435300 0.888000
vn -0.384400 -0.355100 0.852200
vn -0.355000 -0.469800 0.808200
vn -0.776700 -0.241900 0.581600
vn -0.762400 -0.382100 0.522200
vn -0.981700 -0.072500 0.175900
vn -0.974900 -0.196600 0.104500
vn -0.952700 0.117900 -0.280000
vn -0.938800 0.041000 -0.342100
vn -0.676000 0.287200 -0.678600
vn -0.656300 0.272300 -0.703600
vn -0.204000 0.387600 -0.898900
vn -0.193500 0.436600 -0.878600
vn 0.329900 0.384900 -0.862000
vn 0.326000 0.486500 -0.810600
vn 0.929700 0.368000 0.017700
vn 0.707500 0.578700 -0.405700
vn 0.898100 0.058000 0.435900
vn 0.623300 -0.265500 0.735500
vn 0.182300 -0.515100 0.837500
vn -0.304800 -0.625800 0.717900
vn -0.710400 -0.571200 0.411100
vn -0.930300 -0.366700 -0.002800
vn -0.906700 -0.064500 -0.416900
vn -0.642200 0.257600 -0.722000
vn -0.203600 0.513400 -0.833600
vn 0.291700 0.631900 -0.718100
vn 0.896900 0.436600 0.070600
vn 0.668600 0.661400 -0.339800
vn 0.882000 0.094800 0.461600
vn 0.629900 -0.271000 0.727900
vn 0.210100 -0.562600 0.799600
vn -0.264600 -0.703700 0.659400
vn -0.669100 -0.658000 0.345500
vn -0.897100 -0.437800 -0.059500
vn -0.887700 -0.100300 -0.449300
vn -0.641400 0.265600 -0.719800
vn -0.221900 0.561900 -0.796900
vn 0.258400 0.707400 -0.657900
vn 0.876600 0.470400 0.101600
vn 0.640300 0.709200 -0.294900
vn 0.876100 0.105900 0.470300
vn 0.640700 -0.285600 0.712600
vn 0.234800 -0.599800 0.764900
vn -0.233100 -0.753800 0.614400
vn -0.639400 -0.707400 0.301300
vn -0.876500 -0.472600 -0.091800
vn -0.880600 -0.110900 -0.460700
vn -0.648900 0.281900 -0.706700
vn -0.242100 0.600000 -0.762500
vn 0.230400 0.756800 -0.611700
vn 0.864700 0.487700 0.120200
vn 0.618900 0.741100 -0.260300
vn 0.877600 0.104200 0.468000
vn 0.655600 -0.305900 0.690300
vn 0.259300 -0.633500 0.728900
vn -0.205800 -0.792300 0.574300
vn -0.616700 -0.740400 0.267500
vn -0.864100 -0.490900 -0.110700
vn -0.881400 -0.109300 -0.459600
vn -0.662100 0.302900 -0.685500
vn -0.264000 0.634400 -0.726500
vn 0.205400 0.795100 -0.570700
vn 0.858700 0.495600 0.130600
vn 0.601700 0.764700 -0.230700
vn 0.884700 0.094600 0.456500
vn 0.674400 -0.330500 0.660200
vn 0.285000 -0.666800 0.688600
vn -0.180100 -0.825700 0.534600
vn -0.598000 -0.765100 0.238700
vn -0.857500 -0.500100 -0.121000
vn -0.888100 -0.100200 -0.448700
vn -0.679900 0.327800 -0.656000
vn -0.288000 0.668200 -0.686000
vn 0.181700 0.828300 -0.530100
vn 0.856900 0.497600 0.134600
vn 0.587100 0.783700 -0.203100
vn 0.896500 0.079300 0.435800
vn 0.697200 -0.358800 0.620600
vn 0.312800 -0.701000 0.640900
vn -0.154600 -0.856900 0.491700
vn -0.581800 -0.785200 0.212000
vn -0.854900 -0.503600 -0.124500
vn -0.899600 -0.085900 -0.428100
vn -0.702100 0.356200 -0.616600
vn -0.314500 0.702800 -0.638100
vn 0.158100 0.859300 -0.486400
vn 0.858600 0.495100 0.132700
vn 0.574200 0.799700 -0.175400
vn 0.912500 0.059400 0.404700
vn 0.723600 -0.390800 0.568900
vn 0.343200 -0.736700 0.582700
vn -0.128400 -0.887500 0.442600
vn -0.566900 -0.802700 0.185100
vn -0.855500 -0.503300 -0.122000
vn -0.915300 -0.067500 -0.397000
vn -0.728200 0.387900 -0.565000
vn -0.343600 0.738900 -0.579600
vn 0.133900 0.889600 -0.436600
vn 0.863100 0.489400 0.124300
vn 0.562700 0.813700 -0.145900
vn 0.932000 0.035900 0.360800
vn 0.753400 -0.425600 0.501400
vn 0.375900 -0.773900 0.509700
vn -0.101300 -0.917800 0.383900
vn -0.552800 -0.818500 0.156400
vn -0.858500 -0.500200 -0.113200
vn -0.934500 -0.046000 -0.353000
vn -0.757800 0.422100 -0.497500
vn -0.375100 0.776400 -0.506500
vn 0.109300 0.919600 -0.377400
vn 0.869800 0.481300 0.108400
vn 0.552700 0.825600 -0.113300
vn 0.953600 0.010400 0.300800
vn 0.784900 -0.461500 0.413400
vn 0.409700 -0.811100 0.417400
vn -0.073900 -0.947200 0.312000
vn -0.539500 -0.832800 0.124000
vn -0.863100 -0.495500 -0.097400
vn -0.955800 -0.023100 -0.293100
vn -0.789400 0.457400 -0.409500
vn -0.407500 0.814000 -0.413900
vn 0.084900 0.948500 -0.305000
vn 0.877500 0.472200 0.083600
vn 0.544800 0.835000 -0.076400
vn 0.975200 -0.014200 0.221000
vn 0.815300 -0.495100 0.300200
vn 0.441600 -0.845200 0.300900
vn -0.048600 -0.973600 0.223000
vn -0.527600 -0.845100 0.086400
vn -0.868400 -0.490400 -0.073400
vn -0.976900 -0.001500 -0.213800
vn -0.819800 0.490100 -0.296100
vn -0.438000 0.848500 -0.297000
vn 0.063100 0.974300 -0.216100
vn 0.882100 0.468100 0.052300
vn 0.537500 0.842200 -0.043700
vn 0.990500 -0.028900 0.134300
vn 0.836800 -0.516800 0.180700
vn 0.462900 -0.868000 0.179700
vn -0.033500 -0.990700 0.131500
vn -0.522400 -0.851300 0.048600
vn -0.873900 -0.483800 -0.047400
vn -0.991300 0.015800 -0.130700
vn -0.839800 0.512800 -0.178500
vn -0.459000 0.870500 -0.177500
vn 0.046300 0.990700 -0.128000
vn 0.883400 0.468000 0.025800
vn 0.532700 0.846000 -0.020600
vn 0.997300 -0.033800 0.065100
vn 0.846300 -0.525500 0.087100
vn 0.471500 -0.877700 0.085900
vn -0.028500 -0.997700 0.061900
vn -0.522200 -0.852600 0.021300
vn -0.877500 -0.478900 -0.025100
vn -0.997600 0.024800 -0.064800
vn -0.848000 0.522700 -0.087200
vn -0.468500 0.879300 -0.086000
vn 0.037700 0.997400 -0.061600
vn 0.884200 0.467100 0.004700
vn 0.532200 0.846600 -0.000500
vn 0.999300 -0.035900 0.008600
vn 0.849000 -0.528200 0.010100
vn 0.474200 -0.880400 0.008900
vn -0.026600 -0.999600 0.005300
vn -0.521300 -0.853400 0.000200
vn -0.878100 -0.478500 -0.005000
vn -0.999600 0.026400 -0.009000
vn -0.850900 0.525200 -0.010600
vn -0.471200 0.882000 -0.009400
vn 0.035900 0.999300 -0.005700
vn 0.883800 0.467600 -0.015300
vn 0.532600 0.846100 0.021100
vn 0.998300 -0.034500 -0.047600
vn 0.847600 -0.526400 -0.067300
vn 0.472600 -0.878600 -0.069200
vn -0.027800 -0.998200 -0.052800
vn -0.521800 -0.852800 -0.022400
vn -0.877800 -0.478900 0.014000
vn -0.998600 0.025000 0.046700
vn -0.849500 0.523300 0.066800
vn -0.469900 0.880000 0.068700
vn 0.036900 0.998000 0.051900
vn 0.882400 0.469400 -0.033200
vn 0.533800 0.844500 0.043400
vn 0.994500 -0.029900 -0.100700
vn 0.842200 -0.520200 -0.141400
vn 0.467000 -0.872300 -0.144700
vn -0.032200 -0.993400 -0.109600
vn -0.523800 -0.850600 -0.045500
vn -0.876700 -0.480000 0.031000
vn -0.994800 0.020800 0.099300
vn -0.844300 0.517100 0.140900
vn -0.464700 0.873700 0.144200
vn 0.040500 0.993300 0.108400
vn 0.880300 0.472000 -0.048200
vn 0.535900 0.841700 0.065100
vn 0.988700 -0.022800 -0.148400
vn 0.834000 -0.510600 -0.209000
vn 0.458300 -0.862600 -0.214200
vn -0.039100 -0.985900 -0.162700
vn -0.527000 -0.847100 -0.067800
vn -0.875300 -0.481500 0.045400
vn -0.989100 0.014500 0.146700
vn -0.836000 0.507600 0.208500
vn -0.456400 0.863700 0.213800
vn 0.046500 0.985800 0.161200
vn 0.878000 0.474900 -0.059900
vn 0.538700 0.838100 0.085600
vn 0.981800 -0.014300 -0.189200
vn 0.824200 -0.498900 -0.267900
vn 0.447900 -0.850600 -0.275500
vn -0.047600 -0.976600 -0.209900
vn -0.531100 -0.842700 -0.088500
vn -0.873700 -0.483100 0.056900
vn -0.982300 0.007000 0.187200
vn -0.826100 0.496100 0.267300
vn -0.446400 0.851500 0.275000
vn 0.053800 0.976600 0.208400
vn 0.875800 0.477800 -0.068400
vn 0.541900 0.834000 0.104200
vn 0.974900 -0.005500 -0.222400
vn 0.814100 -0.486600 -0.316900
vn 0.436900 -0.837900 -0.327200
vn -0.056700 -0.966500 -0.250500
vn -0.535700 -0.837600 -0.107000
vn -0.872300 -0.484500 0.065300
vn -0.975400 -0.000700 0.220400
vn -0.815800 0.484100 0.316300
vn -0.435900 0.838500 0.326800
vn 0.061600 0.966500 0.249100
vn 0.874100 0.480100 -0.073800
vn 0.545200 0.829600 0.120700
vn 0.968700 0.002600 -0.248200
vn 0.804700 -0.474900 -0.356300
vn 0.426500 -0.825600 -0.369400
vn -0.065400 -0.956500 -0.284200
vn -0.540300 -0.832400 -0.123200
vn -0.871400 -0.485500 0.071000
vn -0.969100 -0.007700 0.246400
vn -0.806200 0.472700 0.355700
vn -0.425900 0.826100 0.369100
vn 0.069200 0.956600 0.282900
vn 0.873000 0.481700 -0.076600
vn 0.548300 0.825300 0.134900
vn 0.963500 0.009600 -0.267400
vn 0.796700 -0.464700 -0.386600
vn 0.417400 -0.814700 -0.402600
vn -0.073200 -0.947500 -0.311400
vn -0.544600 -0.827400 -0.137000
vn -0.870900 -0.485900 0.074200
vn -0.964000 -0.013600 0.265700
vn -0.798000 0.462800 0.386000
vn -0.417200 0.814900 0.402300
vn 0.076000 0.947600 0.310300
vn 0.872400 0.482600 -0.077300
vn 0.551200 0.821300 0.146900
vn 0.959700 0.014900 -0.280700
vn 0.790300 -0.456400 -0.408900
vn 0.409900 -0.805600 -0.427800
vn -0.079900 -0.939700 -0.332600
vn -0.548600 -0.822800 -0.148600
vn -0.870900 -0.485700 0.075400
vn -0.960000 -0.018000 0.279300
vn -0.791500 0.454800 0.408300
vn -0.410000 0.805700 0.427600
vn 0.081700 0.939800 0.331800
vn 0.872400 0.482800 -0.076400
vn 0.553800 0.817800 0.156900
vn 0.957100 0.018700 -0.289100
vn 0.785700 -0.450100 -0.424300
vn 0.404300 -0.798400 -0.446200
vn -0.085200 -0.933300 -0.348800
vn -0.552100 -0.818700 -0.158200
vn -0.871400 -0.484900 0.074800
vn -0.957400 -0.021000 0.287900
vn -0.786700 0.448900 0.423800
vn -0.404600 0.798400 0.445900
vn 0.086300 0.933400 0.348200
vn 0.879400 0.473600 -0.048200
vn 0.557300 0.809900 0.182900
vn 0.963800 0.009200 -0.266400
vn 0.787800 -0.457500 -0.412500
vn 0.399700 -0.800100 -0.447300
vn -0.094800 -0.927300 -0.362100
vn -0.562900 -0.806600 -0.180500
vn -0.880500 -0.471600 0.048600
vn -0.964200 -0.011600 0.264800
vn -0.792000 0.451800 0.410700
vn -0.408400 0.795600 0.447400
vn 0.085500 0.927300 0.364300
vn 0.896400 0.442300 0.029900
vn 0.566800 0.788200 0.239800
vn 0.981800 -0.024900 -0.188500
vn 0.799200 -0.484700 -0.355300
vn 0.400600 -0.811600 -0.425200
vn -0.103800 -0.918900 -0.380700
vn -0.578400 -0.781100 -0.235100
vn -0.898900 -0.437300 -0.027900
vn -0.982200 0.021300 0.186400
vn -0.806800 0.474700 0.351800
vn -0.417300 0.803600 0.424400
vn 0.085100 0.919400 0.383900
vn 0.908400 0.398200 0.127400
vn 0.576200 0.756500 0.309300
vn 0.993600 -0.069000 -0.089500
vn 0.808300 -0.516800 -0.281900
vn 0.404900 -0.823500 -0.397400
vn -0.105700 -0.907800 -0.405800
vn -0.586100 -0.750100 -0.306100
vn -0.910300 -0.394500 -0.125800
vn -0.994000 0.064900 0.087500
vn -0.815600 0.507600 0.277900
vn -0.420300 0.816900 0.395000
vn 0.088900 0.909100 0.407000
vn 0.909300 0.356900 0.214200
vn 0.577600 0.725500 0.374300
vn 0.994000 -0.108900 -0.004300
vn 0.809000 -0.544500 -0.221400
vn 0.406000 -0.832000 -0.378200
vn -0.104500 -0.895300 -0.433000
vn -0.585500 -0.720100 -0.372400
vn -0.910400 -0.354500 -0.213300
vn -0.994500 0.104500 0.002000
vn -0.815600 0.536400 0.217000
vn -0.419400 0.826800 0.374800
vn 0.090400 0.896900 0.432800
vn 0.902800 0.319800 0.287600
vn 0.573200 0.695800 0.432700
vn 0.987600 -0.142900 0.064400
vn 0.805100 -0.566400 -0.175900
vn 0.406200 -0.836300 -0.368300
vn -0.100400 -0.881400 -0.461600
vn -0.578900 -0.691800 -0.431700
vn -0.903200 -0.318900 -0.287400
vn -0.988100 0.138300 -0.067000
vn -0.811000 0.559400 0.171300
vn -0.417300 0.832400 0.364500
vn 0.089300 0.883100 0.460500
vn 0.892800 0.288000 0.346500
vn 0.565400 0.668300 0.483400
vn 0.978600 -0.170100 0.115900
vn 0.800300 -0.581700 -0.145800
vn 0.407300 -0.836000 -0.367700
vn -0.093700 -0.866200 -0.490800
vn -0.568800 -0.665700 -0.483000
vn -0.892400 -0.288500 -0.347000
vn -0.979000 0.165400 -0.118800
vn -0.805300 0.575800 0.141200
vn -0.416100 0.833300 0.364000
vn 0.085800 0.867700 0.489600
vn 0.882200 0.261800 0.391400
vn 0.556100 0.643100 0.526500
vn 0.970200 -0.189900 0.150600
vn 0.797000 -0.589800 -0.130300
vn 0.410400 -0.830800 -0.375900
vn -0.085100 -0.849500 -0.520600
vn -0.557300 -0.642000 -0.526600
vn -0.881100 -0.263700 -0.392500
vn -0.970600 0.185000 -0.153900
vn -0.801200 0.584900 0.126000
vn -0.417000 0.829000 0.372600
vn 0.080000 0.850700 0.519500
vn 0.873300 0.241600 0.423000
vn 0.546700 0.620300 0.562400
vn 0.964600 -0.201700 0.169700
vn 0.796900 -0.590200 -0.128700
vn 0.416400 -0.820200 -0.392300
vn -0.074800 -0.831200 -0.551000
vn -0.545800 -0.620700 -0.562800
vn -0.871500 -0.244900 -0.424800
vn -0.965000 0.196700 -0.173400
vn -0.800500 0.586300 0.124700
vn -0.420800 0.819100 0.389800
vn 0.072600 0.831800 0.550300
vn 0.867400 0.227900 0.442400
vn 0.538400 0.600000 0.591700
vn 0.963100 -0.204900 0.174400
vn 0.800900 -0.582200 -0.139900
vn 0.425200 -0.803600 -0.416500
vn -0.063500 -0.810700 -0.581900
vn -0.535400 -0.601900 -0.592500
vn -0.864800 -0.232400 -0.445000
vn -0.963500 0.199800 -0.178400
vn -0.803800 0.579100 0.136400
vn -0.427600 0.803100 0.414900
vn 0.064000 0.810800 0.581700
vn 0.865000 0.221100 0.450400
vn 0.531800 0.582300 0.614900
vn 0.966000 -0.198700 0.165500
vn 0.808900 -0.564800 -0.163200
vn 0.436700 -0.780100 -0.448100
vn -0.051700 -0.787800 -0.613800
vn -0.526600 -0.585700 -0.616100
vn -0.861600 -0.226800 -0.454000
vn -0.966300 0.193500 -0.170000
vn -0.811200 0.562400 0.160200
vn -0.437200 0.780100 0.447500
vn 0.054900 0.787400 0.614000
vn 0.866100 0.222100 0.447800
vn 0.527200 0.567500 0.632400
vn 0.972700 -0.181800 0.143900
vn 0.820300 -0.536700 -0.197800
vn 0.450000 -0.748700 -0.486800
vn -0.039900 -0.761800 -0.646600
vn -0.519900 -0.572100 -0.634400
vn -0.861800 -0.228900 -0.452700
vn -0.973000 0.176500 -0.148900
vn -0.821900 0.535000 0.195400
vn -0.448600 0.749300 0.487200
vn 0.045800 0.761000 0.647200
vn 0.869800 0.232000 0.435400
vn 0.524900 0.555900 0.644600
vn 0.982000 -0.152900 0.110600
vn 0.833300 -0.496500 -0.243100
vn 0.463700 -0.708400 -0.532200
vn -0.029200 -0.732300 -0.680300
vn -0.515200 -0.561300 -0.647600
vn -0.864600 -0.239700 -0.441600
vn -0.982200 0.147400 -0.116100
vn -0.834400 0.495400 0.241400
vn -0.460400 0.709400 0.533600
vn 0.037900 0.731200 0.681100
vn 0.873900 0.261800 0.409700
vn 0.524400 0.567800 0.634500
vn 0.990800 -0.113000 0.075100
vn 0.844000 -0.457100 -0.280500
vn 0.472200 -0.678700 -0.562500
vn -0.026500 -0.718200 -0.695300
vn -0.518700 -0.564100 -0.642400
vn -0.871800 -0.256900 -0.417100
vn -0.989500 0.120600 -0.079900
vn -0.839900 0.466200 0.277800
vn -0.464400 0.686700 0.559300
vn 0.035000 0.723500 0.689500
vn 0.877900 0.306400 0.367900
vn 0.528400 0.614600 0.585700
vn 0.995300 -0.082300 0.050100
vn 0.847300 -0.448700 -0.284100
vn 0.470900 -0.693900 -0.544800
vn -0.034000 -0.750000 -0.660500
vn -0.529900 -0.600700 -0.598600
vn -0.881100 -0.286800 -0.376100
vn -0.992900 0.105400 -0.054400
vn -0.837700 0.469600 0.278800
vn -0.459600 0.709100 0.534800
vn 0.039700 0.761800 0.646700
vn 0.882900 0.345500 0.318000
vn 0.535500 0.670700 0.513200
vn 0.996800 -0.071000 0.035400
vn 0.844400 -0.468500 -0.259900
vn 0.463600 -0.739400 -0.488300
vn -0.043900 -0.808400 -0.586900
vn -0.539400 -0.655900 -0.528000
vn -0.887400 -0.323900 -0.328100
vn -0.994500 0.096100 -0.042400
vn -0.834600 0.490300 0.251300
vn -0.453200 0.754300 0.475000
vn 0.047400 0.820000 0.570500
vn 0.886600 0.373100 0.273300
vn 0.541200 0.716900 0.439500
vn 0.997100 -0.069800 0.031200
vn 0.840400 -0.494200 -0.222500
vn 0.456000 -0.785000 -0.419400
vn -0.052800 -0.861400 -0.505100
vn -0.546900 -0.702100 -0.456000
vn -0.891500 -0.351400 -0.285800
vn -0.994700 0.094100 -0.041800
vn -0.831500 0.514200 0.210100
vn -0.448000 0.798100 0.403000
vn 0.053500 0.871900 0.486700
vn 0.889400 0.386700 0.243700
vn 0.546200 0.747800 0.377600
vn 0.996100 -0.077700 0.041700
vn 0.835200 -0.521500 -0.174700
vn 0.448000 -0.823900 -0.347000
vn -0.060800 -0.901800 -0.427800
vn -0.552400 -0.733900 -0.395100
vn -0.893600 -0.367100 -0.258500
vn -0.993600 0.098400 -0.055400
vn -0.828200 0.537400 0.159200
vn -0.443200 0.834000 0.328700
vn 0.059000 0.910900 0.408400
vn 0.891000 0.388100 0.235400
vn 0.550400 0.763300 0.338300
vn 0.993600 -0.091200 0.066700
vn 0.828700 -0.546000 -0.122900
vn 0.439800 -0.852600 -0.282100
vn -0.067800 -0.927600 -0.367400
vn -0.556000 -0.751100 -0.356000
vn -0.893500 -0.372100 -0.251400
vn -0.990900 0.106500 -0.082400
vn -0.824000 0.556700 0.105800
vn -0.438100 0.859500 0.263200
vn 0.064200 0.935200 0.348200
vn 0.890400 0.381600 0.248100
vn 0.553000 0.767200 0.325000
vn 0.989100 -0.106500 0.102000
vn 0.821300 -0.565600 -0.074100
vn 0.432200 -0.871300 -0.232600
vn -0.072800 -0.941000 -0.330600
vn -0.557000 -0.756800 -0.342000
vn -0.890900 -0.369600 -0.264000
vn -0.986200 0.116300 -0.118100
vn -0.818600 0.571600 0.056800
vn -0.432900 0.875600 0.214200
vn 0.068700 0.947500 0.312400
vn 0.886600 0.371000 0.276300
vn 0.552500 0.763600 0.334200
vn 0.982400 -0.121400 0.141800
vn 0.813700 -0.580400 -0.033100
vn 0.426200 -0.882000 -0.201100
vn -0.074900 -0.945500 -0.316900
vn -0.554600 -0.755000 -0.349700
vn -0.885300 -0.362600 -0.291200
vn -0.979400 0.126700 -0.157200
vn -0.812400 0.582900 0.016500
vn -0.428400 0.884700 0.183800
vn 0.071000 0.951200 0.300200
vn 0.879600 0.358300 0.313000
vn 0.548300 0.755400 0.358800
vn 0.974200 -0.135000 0.181000
vn 0.806600 -0.591100 -0.001700
vn 0.422700 -0.887100 -0.185500
vn -0.073400 -0.944200 -0.321100
vn -0.548800 -0.748400 -0.372500
vn -0.876900 -0.352800 -0.326400
vn -0.971100 0.137200 -0.195300
vn -0.806200 0.591400 -0.013800
vn -0.425500 0.888900 0.169700
vn 0.070200 0.949400 0.306200
vn 0.869900 0.344900 0.352500
vn 0.540600 0.744500 0.391900
vn 0.965100 -0.147200 0.216500
vn 0.800800 -0.598600 0.020800
vn 0.422000 -0.888200 -0.181900
vn -0.068600 -0.939000 -0.337000
vn -0.539800 -0.738700 -0.403600
vn -0.866500 -0.341300 -0.364200
vn -0.962100 0.147500 -0.229500
vn -0.800800 0.597900 -0.034900
vn -0.424800 0.889600 0.167700
vn 0.066200 0.943700 0.324100
vn 0.858800 0.331300 0.390800
vn 0.530400 0.731900 0.427900
vn 0.956000 -0.158000 0.247200
vn 0.796300 -0.603800 0.035800
vn 0.423700 -0.886400 -0.186200
vn -0.061200 -0.931200 -0.359400
vn -0.528800 -0.727100 -0.437800
vn -0.854900 -0.329100 -0.401000
vn -0.953100 0.157200 -0.258700
vn -0.796600 0.602600 -0.048500
vn -0.426200 0.887800 0.173700
vn 0.059600 0.935500 0.348200
vn 0.847100 0.318000 0.425900
vn 0.518700 0.718500 0.463300
vn 0.947400 -0.167600 0.272700
vn 0.793400 -0.607100 0.045100
vn 0.427300 -0.882800 -0.195200
vn -0.052100 -0.921800 -0.384200
vn -0.516700 -0.714500 -0.471700
vn -0.843100 -0.316600 -0.434600
vn -0.944600 0.166300 -0.282800
vn -0.793600 0.605800 -0.056400
vn -0.429400 0.884100 0.184300
vn 0.051100 0.925700 0.374700
vn 0.841000 0.311400 0.442300
vn 0.512700 0.711600 0.480500
vn 0.943200 -0.171900 0.284200
vn 0.792300 -0.608200 0.048700
vn 0.429600 -0.880500 -0.200500
vn -0.047100 -0.916700 -0.396800
vn -0.510300 -0.708000 -0.488200
vn -0.837100 -0.310400 -0.450500
vn -0.940600 0.170700 -0.293600
vn -0.792400 0.607200 -0.059200
vn -0.431200 0.881900 0.190400
vn 0.046600 0.920400 0.388200
vn -0.390300 -0.487300 -0.781200
vn -0.414700 -0.481300 -0.772300
vn -0.346700 0.002600 -0.938000
vn -0.334000 -0.000500 -0.942600
vn -0.343900 -0.843700 -0.412200
vn -0.373600 -0.836300 -0.401300
vn -0.207500 -0.976000 0.066400
vn -0.234600 -0.969100 0.076500
vn -0.016900 -0.848800 0.528500
vn -0.034300 -0.844200 0.534900
vn 0.177600 -0.494400 0.850900
vn 0.174400 -0.493700 0.852000
vn 0.323700 -0.006100 0.946200
vn 0.335700 -0.009600 0.941900
vn 0.381600 0.484900 0.786900
vn 0.405700 0.478400 0.778800
vn 0.335400 0.845600 0.415400
vn 0.364900 0.838200 0.405300
vn 0.197300 0.978000 -0.068000
vn 0.224200 0.971500 -0.077500
vn 0.005000 0.846600 -0.532300
vn 0.021900 0.842400 -0.538400
vn -0.189600 0.487800 -0.852100
vn -0.187200 0.487100 -0.853000
vn -0.462100 -0.467200 -0.753700
vn -0.369100 0.009100 -0.929300
vn -0.433500 -0.818200 -0.377800
vn -0.291200 -0.951600 0.098600
vn -0.072700 -0.832200 0.549700
vn 0.164300 -0.490500 0.855800
vn 0.356700 -0.016300 0.934100
vn 0.452300 0.464000 0.761700
vn 0.424600 0.820200 0.383500
vn 0.280500 0.954800 -0.098200
vn 0.059500 0.831400 -0.552500
vn -0.178400 0.484500 -0.856400
vn -0.506400 -0.450600 -0.735200
vn -0.385000 0.014900 -0.922800
vn -0.494300 -0.794700 -0.352200
vn -0.352600 -0.927500 0.124400
vn -0.118700 -0.813900 0.568700
vn 0.145900 -0.483300 0.863200
vn 0.371000 -0.022000 0.928400
vn 0.495600 0.447000 0.744700
vn 0.485200 0.796900 0.359900
vn 0.342000 0.931700 -0.122300
vn 0.104900 0.814500 -0.570500
vn -0.161400 0.478200 -0.863300
vn -0.545900 -0.432000 -0.718000
vn -0.392700 0.018400 -0.919500
vn -0.554900 -0.765600 -0.325500
vn -0.418400 -0.895300 0.153200
vn -0.172400 -0.787400 0.591900
vn 0.118300 -0.469700 0.874900
vn 0.377000 -0.025100 0.925900
vn 0.533900 0.428300 0.729100
vn 0.545600 0.768000 0.335400
vn 0.408000 0.900700 -0.149300
vn 0.158400 0.789700 -0.592700
vn -0.135000 0.465900 -0.874500
vn -0.578900 -0.412700 -0.703300
vn -0.390800 0.017200 -0.920300
vn -0.613700 -0.730600 -0.299200
vn -0.487500 -0.853600 0.183900
vn -0.233700 -0.750000 0.618800
vn 0.080800 -0.446800 0.891000
vn 0.373400 -0.023100 0.927400
vn 0.565500 0.409300 0.716000
vn 0.604200 0.733500 0.311400
vn 0.477700 0.860300 -0.178000
vn 0.219900 0.754300 -0.618600
vn -0.098500 0.444900 -0.890200
vn -0.603800 -0.395000 -0.692400
vn -0.378300 0.008200 -0.925600
vn -0.669000 -0.690500 -0.275000
vn -0.558400 -0.801300 0.214700
vn -0.301800 -0.699500 0.647800
vn 0.033400 -0.411600 0.910700
vn 0.359200 -0.012700 0.933200
vn 0.588800 0.392200 0.706800
vn 0.659100 0.694000 0.289600
vn 0.549500 0.809600 -0.206700
vn 0.288800 0.706100 -0.646600
vn -0.051500 0.411900 -0.909800
vn -0.619200 -0.381700 -0.686200
vn -0.354800 -0.012000 -0.934900
vn -0.718700 -0.646800 -0.255000
vn -0.629000 -0.738500 0.242900
vn -0.374900 -0.634000 0.676400
vn -0.023200 -0.361000 0.932300
vn 0.334200 0.009500 0.942500
vn 0.602400 0.380100 0.701800
vn 0.708400 0.651400 0.271900
vn 0.621100 0.748300 -0.232800
vn 0.363200 0.642900 -0.674300
vn 0.005100 0.363800 -0.931500
vn -0.624300 -0.376300 -0.684500
vn -0.320700 -0.046700 -0.946000
vn -0.761000 -0.602300 -0.240900
vn -0.696800 -0.666400 0.265300
vn -0.450400 -0.553100 0.700800
vn -0.086800 -0.292900 0.952200
vn 0.299200 0.046700 0.953000
vn 0.605900 0.376700 0.700800
vn 0.749900 0.608500 0.259600
vn 0.690000 0.678000 -0.253300
vn 0.440600 0.564400 -0.698000
vn 0.069600 0.298400 -0.951900
vn -0.619300 -0.382200 -0.685900
vn -0.278000 -0.098100 -0.955600
vn -0.794300 -0.560900 -0.233500
vn -0.759000 -0.588300 0.279000
vn -0.525000 -0.459000 0.716800
vn -0.154300 -0.207500 0.966000
vn 0.256400 0.100700 0.961300
vn 0.599500 0.385000 0.701800
vn 0.782300 0.569100 0.253300
vn 0.753200 0.601800 -0.265600
vn 0.517400 0.472400 -0.713500
vn 0.138900 0.215400 -0.966600
vn -0.605300 -0.401400 -0.687300
vn -0.229600 -0.165600 -0.959100
vn -0.817800 -0.526500 -0.232300
vn -0.812900 -0.509400 0.282300
vn -0.594800 -0.356200 0.720600
vn -0.221800 -0.107900 0.969100
vn 0.209000 0.170800 0.962900
vn 0.584800 0.406900 0.701800
vn 0.805000 0.537100 0.251900
vn 0.807900 0.524700 -0.268200
vn 0.589700 0.371200 -0.717200
vn 0.208900 0.117900 -0.970800
vn -0.584600 -0.434200 -0.685300
vn -0.179200 -0.246100 -0.952500
vn -0.831800 -0.502800 -0.235200
vn -0.857100 -0.435400 0.275200
vn -0.657000 -0.251600 0.710700
vn -0.285400 -0.000200 0.958400
vn 0.160500 0.253200 0.954000
vn 0.564300 0.442000 0.697300
vn 0.818500 0.515600 0.253200
vn 0.852600 0.452400 -0.261500
vn 0.654000 0.267800 -0.707500
vn 0.275400 0.011500 -0.961300
vn -0.572500 -0.453600 -0.683000
vn -0.153400 -0.288500 -0.945100
vn -0.836400 -0.494000 -0.237400
vn -0.876100 -0.400200 0.269000
vn -0.684600 -0.199400 0.701100
vn -0.315100 0.054800 0.947500
vn 0.136400 0.296500 0.945200
vn 0.552900 0.462600 0.693000
vn 0.823200 0.507800 0.254000
vn 0.871700 0.417900 -0.255900
vn 0.682800 0.216100 -0.697900
vn 0.306900 -0.042900 -0.950800
f 1//1 2//2 3//3 4//4
f 5//5 6//6 2//2 1//1
f 7//7 8//8 6//6 5//5
f 9//9 10//10 8//8 7//7
f 11//11 12//12 10//10 9//9
f 13//13 14//14 12//12 11//11
f 15//15 16//16 14//14 13//13
f 17//17 18//18 16//16 15//15
f 19//19 20//20 18//18 17//17
f 21//21 22//22 20//20 19//19
f 23//23 24//24 22//22 21//21
f 4//4 3//3 24//24 23//23
f 2//2 25//25 26//26 3//3
f 6//6 27//27 25//25 2//2
f 8//8 28//28 27//27 6//6
f 10//10 29//29 28//28 8//8
f 12//12 30//30 29//29 10//10
f 14//14 31//31 30//30 12//12
f 16//16 32//32 31//31 14//14
f 18//18 33//33 32//32 16//16
f 20//20 34//34 33//33 18//18
f 22//22 35//35 34//34 20//20
f 24//24 36//36 35//35 22//22
f 3//3 26//26 36//36 24//24
f 25//25 37//37 38//38 26//26
f 27//27 39//39 37//37 25//25
f 28//28 40//40 39//39 27//27
f 29//29 41//41 40//40 28//28
f 30//30 42//42 41//41 29//29
f 31//31 43//43 42//42 30//30
f 32//32 44//44 43//43 31//31
f 33//33 45//45 44//44 32//32
f 34//34 46//46 45//45 33//33
f 35//35 47//47 46//46 34//34
f 36//36 48//48 47//47 35//35
f 26//26 38//38 48//48 36//36
f 37//37 49//49 50//50 38//38
f 39//39 51//51 49//49 37//37
f 40//40 52//52 51//51 39//39
f 41//41 53//53 52//52 40//40
f 42//42 54//54 53//53 41//41
f 43//43 55//55 54//54 42//42
f 44//44 56//56 55//55 43//43
f 45//45 57//57 56//56 44//44
f 46//46 58//58 57//57 45//45
f 47//47 59//59 58//58 46//46
f 48//48 60//60 59//59 47//47
f 38//38 50//50 60//60 48//48
f 49//49 61//61 62//62 50//50
f 51//51 63//63 61//61 49//49
f 52//52 64//64 63//63 51//51
f 53//53 65//65 64//64 52//52
f 54//54 66//66 65//65 53//53
f 55//55 67//67 66//66 54//54
f 56//56 68//68 67//67 55//55
f 57//57 69//69 68//68 56//56
f 58//58 70//70 69//69 57//57
f 59//59 71//71 70//70 58//58
f 60//60 72//72 71//71 59//59
f 50//50 62//62 72//72 60//60
f 61//61 73//73 74//74 62//62
f 63//63 75//75 73//73 61//61
f 64//64 76//76 75//75 63//63
f 65//65 77//77 76//76 64//64
f 66//66 78//78 77//77 65//65
f 67//67 79//79 78//78 66//66
f 68//68 80//80 79//79 67//67
f 69//69 81//81 80//80 68//68
f 70//70 82//82 81//81 69//69
f 71//71 83//83 82//82 70//70
f 72//72 84//84 83//83 71//71
f 62//62 74//74 84//84 72//72
f 73//73 85//85 86//86 74//74
f 75//75 87//87 85//85 73//73
f 76//76 88//88 87//87 75//75
f 77//77 89//89 88//88 76//76
f 78//78 90//90 89//89 77//77
f 79//79 91//91 90//90 78//78
f 80//80 92//92 91//91 79//79
f 81//81 93//93 92//92 80//80
f 82//82 94//94 93//93 81//81
f 83//83 95//95 94//94 82//82
f 84//84 96//96 95//95 83//83
f 74//74 86//86 96//96 84//84
f 85//85 97//97 98//98 86//86
f 87//87 99//99 97//97 85//85
f 88//88 100//100 99//99 87//87
f 89//89 101//101 100//100 88//88
f 90//90 102//102 101//101 89//89
f 91//91 103//103 102//102 90//90
f 92//92 104//104 103//103 91//91
f 93//93 105//105 104//104 92//92
f 94//94 106//106 105//105 93//93
f 95//95 107//107 106//106 94//94
f 96//96 108//108 107//107 95//95
f 86//86 98//98 108//108 96//96
f 97//97 109//109 110//110 98//98
f 99//99 111//111 109//109 97//97
f 100//100 112//112 111//111 99//99
f 101//101 113//113 112//112 100//100
f 102//102 114//114 113//113 101//101
f 103//103 115//115 114//114 102//102
f 104//104 116//116 115//115 103//103
f 105//105 117//117 116//116 104//104
f 106//106 118//118 117//117 105//105
f 107//107 119//119 118//118 106//106
f 108//108 120//120 119//119 107//107
f 98//98 110//110 120//120 108//108
f 109//109 121//121 122//122 110//110
f 111//111 123//123 121//121 109//109
f 112//112 124//124 123//123 111//111
f 113//113 125//125 124//124 112//112
f 114//114 126//126 125//125 113//113
f 115//115 127//127 126//126 114//114
f 116//116 128//128 127//127 115//115
f 117//117 129//129 128//128 116//116
f 118//118 130//130 129//129 117//117
f 119//119 131//131 130//130 118//118
f 120//120 132//132 131//131 119//119
f 110//110 122//122 132//132 120//120
f 121//121 133//133 134//134 122//122
f 123//123 135//135 133//133 121//121
f 124//124 136//136 135//135 123//123
f 125//125 137//137 136//136 124//124
f 126//126 138//138 137//137 125//125
f 127//127 139//139 138//138 126//126
f 128//128 140//140 139//139 127//127
f 129//129 141//141 140//140 128//128
f 130//130 142//142 141//141 129//129
f 131//131 143//143 142//142 130//130
f 132//132 144//144 143//143 131//131
f 122//122 134//134 144//144 132//132
f 133//133 145//145 146//146 134//134
f 135//135 147//147 145//145 133//133
f 136//136 148//148 147//147 135//135
f 137//137 149//149 148//148 136//136
f 138//138 150//150 149//149 137//137
f 139//139 151//151 150//150 138//138
f 140//140 152//152 151//151 139//139
f 141//141 153//153 152//152 140//140
f 142//142 154//154 153//153 141//141
f 143//143 155//155 154//154 142//142
f 144//144 156//156 155//155 143//143
f 134//134 146//146 156//156 144//144
f 145//145 157//157 158//158 146//146
f 147//147 159//159 157//157 145//145
f 148//148 160//160 159//159 147//147
f 149//149 161//161 160//160 148//148
f 150//150 162//162 161//161 149//149
f 151//151 163//163 162//162 150//150
f 152//152 164//164 163//163 151//151
f 153//153 165//165 164//164 152//152
f 154//154 166//166 165//165 153//153
f 155//155 167//167 166//166 154//154
f 156//156 168//168 167//167 155//155
f 146//146 158//158 168//168 156//156
f 157//157 169//169 170//170 158//158
f 159//159 171//171 169//169 157//157
f 160//160 172//172 171//171 159//159
f 161//161 173//173 172//172 160//160
f 162//162 174//174 173//173 161//161
f 163//163 175//175 174//174 162//162
f 164//164 176//176 175//175 163//163
f 165//165 177//177 176//176 164//164
f 166//166 178//178 177//177 165//165
f 167//167 179//179 178//178 166//166
f 168//168 180//180 179//179 167//167
f 158//158 170//170 180//180 168//168
f 169//169 181//181 182//182 170//170
f 171//171 183//183 181//181 169//169
f 172//172 184//184 183//183 171//171
f 173//173 185//185 184//184 172//172
f 174//174 186//186 185//185 173//173
f 175//175 187//187 186//186 174//174
f 176//176 188//188 187//187 175//175
f 177//177 189//189 188//188 176//176
f 178//178 190//190 189//189 177//177
f 179//179 191//191 190//190 178//178
f 180//180 192//192 191//191 179//179
f 170//170 182//182 192//192 180//180
f 181//181 193//193 194//194 182//182
f 183//183 195//195 193//193 181//181
f 184//184 196//196 195//195 183//183
f 185//185 197//197 196//196 184//184
f 186//186 198//198 197//197 185//185
f 187//187 199//199 198//198 186//186
f 188//188 200//200 199//199 187//187
f 189//189 201//201 200//200 188//188
f 190//190 202//202 201//201 189//189
f 191//191 203//203 202//202 190//190
f 192//192 204//204 203//203 191//191
f 182//182 194//194 204//204 192//192
f 193//193 205//205 206//206 194//194
f 195//195 207//207 205//205 193//193
f 196//196 208//208 207//207 195//195
f 197//197 209//209 208//208 196//196
f 198//198 210//210 209//209 197//197
f 199//199 211//211 210//210 198//198
f 200//200 212//212 211//211 199//199
f 201//201 213//213 212//212 200//200
f 202//202 214//214 213//213 201//201
f 203//203 215//215 214//214 202//202
f 204//204 216//216 215//215 203//203
f 194//194 206//206 216//216 204//204
f 205//205 217//217 218//218 206//206
f 207//207 219//219 217//217 205//205
f 208//208 220//220 219//219 207//207
f 209//209 221//221 220//220 208//208
f 210//210 222//222 221//221 209//209
f 211//211 223//223 222//222 210//210
f 212//212 224//224 223//223 211//211
f 213//213 225//225 224//224 212//212
f 214//214 226//226 225//225 213//213
f 215//215 227//227 226//226 214//214
f 216//216 228//228 227//227 215//215
f 206//206 218//218 228//228 216//216
f 217//217 229//229 230//230 218//218
f 219//219 231//231 229//229 217//217
f 220//220 232//232 231//231 219//219
f 221//221 233//233 232//232 220//220
f 222//222 234//234 233//233 221//221
f 223//223 235//235 234//234 222//222
f 224//224 236//236 235//235 223//223
f 225//225 237//237 236//236 224//224
f 226//226 238//238 237//237 225//225
f 227//227 239//239 238//238 226//226
f 228//228 240//240 239//239 227//227
f 218//218 230//230 240//240 228//228
f 229//229 241//241 242//242 230//230
f 231//231 243//243 241//241 229//229
f 232//232 244//244 243//243 231//231
f 233//233 245//245 244//244 232//232
f 234//234 246//246 245//245 233//233
f 235//235 247//247 246//246 234//234
f 236//236 248//248 247//247 235//235
f 237//237 249//249 248//248 236//236
f 238//238 250//250 249//249 237//237
f 239//239 251//251 250//250 238//238
f 240//240 252//252 251//251 239//239
f 230//230 242//242 252//252 240//240
f 241//241 253//253 254//254 242//242
f 243//243 255//255 253//253 241//241
f 244//244 256//256 255//255 243//243
f 245//245 257//257 256//256 244//244
f 246//246 258//258 257//257 245//245
f 247//247 259//259 258//258 246//246
f 248//248 260//260 259//259 247//247
f 249//249 261//261 260//260 248//248
f 250//250 262//262 261//261 249//249
f 251//251 263//263 262//262 250//250
f 252//252 264//264 263//263 251//251
f 242//242 254//254 264//264 252//252
f 253//253 265//265 266//266 254//254
f 255//255 267//267 265//265 253//253
f 256//256 268//268 267//267 255//255
f 257//257 269//269 268//268 256//256
f 258//258 270//270 269//269 257//257
f 259//259 271//271 270//270 258//258
f 260//260 272//272 271//271 259//259
f 261//261 273//273 272//272 260//260
f 262//262 274//274 273//273 261//261
f 263//263 275//275 274//274 262//262
f 264//264 276//276 275//275 263//263
f 254//254 266//266 276//276 264//264
f 265//265 277//277 278//278 266//266
f 267//267 279//279 277//277 265//265
f 268//268 280//280 279//279 267//267
f 269//269 281//281 280//280 268//268
f 270//270 282//282 281//281 269//269
f 271//271 283//283 282//282 270//270
f 272//272 284//284 283//283 271//271
f 273//273 285//285 284//284 272//272
f 274//274 286//286 285//285 273//273
f 275//275 287//287 286//286 274//274
f 276//276 288//288 287//287 275//275
f 266//266 278//278 288//288 276//276
f 277//277 289//289 290//290 278//278
f 279//279 291//291 289//289 277//277
f 280//280 292//292 291//291 279//279
f 281//281 293//293 292//292 280//280
f 282//282 294//294 293//293 281//281
f 283//283 295//295 294//294 282//282
f 284//284 296//296 295//295 283//283
f 285//285 297//297 296//296 284//284
f 286//286 298//298 297//297 285//285
f 287//287 299//299 298//298 286//286
f 288//288 300//300 299//299 287//287
f 278//278 290//290 300//300 288//288
f 289//289 301//301 302//302 290//290
f 291//291 303//303 301//301 289//289
f 292//292 304//304 303//303 291//291
f 293//293 305//305 304//304 292//292
f 294//294 306//306 305//305 293//293
f 295//295 307//307 306//306 294//294
f 296//296 308//308 307//307 295//295
f 297//297 309//309 308//308 296//296
f 298//298 310//310 309//309 297//297
f 299//299 311//311 310//310 298//298
f 300//300 312//312 311//311 299//299
f 290//290 302//302 312//312 300//300
f 301//301 313//313 314//314 302//302
f 303//303 315//315 313//313 301//301
f 304//304 316//316 315//315 303//303
f 305//305 317//317 316//316 304//304
f 306//306 318//318 317//317 305//305
f 307//307 319//319 318//318 306//306
f 308//308 320//320 319//319 307//307
f 309//309 321//321 320//320 308//308
f 310//310 322//322 321//321 309//309
f 311//311 323//323 322//322 310//310
f 312//312 324//324 323//323 311//311
f 302//302 314//314 324//324 312//312
f 313//313 325//325 326//326 314//314
f 315//315 327//327 325//325 313//313
f 316//316 328//328 327//327 315//315
f 317//317 329//329 328//328 316//316
f 318//318 330//330 329//329 317//317
f 319//319 331//331 330//330 318//318
f 320//320 332//332 331//331 319//319
f 321//321 333//333 332//332 320//320
f 322//322 334//334 333//333 321//321
f 323//323 335//335 334//334 322//322
f 324//324 336//336 335//335 323//323
f 314//314 326//326 336//336 324//324
f 325//325 337//337 338//338 326//326
f 327//327 339//339 337//337 325//325
f 328//328 340//340 339//339 327//327
f 329//329 341//341 340//340 328//328
f 330//330 342//342 341//341 329//329
f 331//331 343//343 342//342 330//330
f 332//332 344//344 343//343 331//331
f 333//333 345//345 344//344 332//332
f 334//334 346//346 345//345 333//333
f 335//335 347//347 346//346 334//334
f 336//336 348//348 347//347 335//335
f 326//326 338//338 348//348 336//336
f 337//337 349//349 350//350 338//338
f 339//339 351//351 349//349 337//337
f 340//340 352//352 351//351 339//339
f 341//341 353//353 352//352 340//340
f 342//342 354//354 353//353 341//341
f 343//343 355//355 354//354 342//342
f 344//344 356//356 355//355 343//343
f 345//345 357//357 356//356 344//344
f 346//346 358//358 357//357 345//345
f 347//347 359//359 358//358 346//346
f 348//348 360//360 359//359 347//347
f 338//338 350//350 360//360 348//348
f 349//349 361//361 362//362 350//350
f 351//351 363//363 361//361 349//349
f 352//352 364//364 363//363 351//351
f 353//353 365//365 364//364 352//352
f 354//354 366//366 365//365 353//353
f 355//355 367//367 366//366 354//354
f 356//356 368//368 367//367 355//355
f 357//357 369//369 368//368 356//356
f 358//358 370//370 369//369 357//357
f 359//359 371//371 370//370 358//358
f 360//360 372//372 371//371 359//359
f 350//350 362//362 372//372 360//360
f 361//361 373//373 374//374 362//362
f 363//363 375//375 373//373 361//361
f 364//364 376//376 375//375 363//363
f 365//365 377//377 376//376 364//364
f 366//366 378//378 377//377 365//365
f 367//367 379//379 378//378 366//366
f 368//368 380//380 379//379 367//367
f 369//369 381//381 380//380 368//368
f 370//370 382//382 381//381 369//369
f 371//371 383//383 382//382 370//370
f 372//372 384//384 383//383 371//371
f 362//362 374//374 384//384 372//372
f 373//373 385//385 386//386 374//374
f 375//375 387//387 385//385 373//373
f 376//376 388//388 387//387 375//375
f 377//377 389//389 388//388 376//376
f 378//378 390//390 389//389 377//377
f 379//379 391//391 390//390 378//378
f 380//380 392//392 391//391 379//379
f 381//381 393//393 392//392 380//380
f 382//382 394//394 393//393 381//381
f 383//383 395//395 394//394 382//382
f 384//384 396//396 395//395 383//383
f 374//374 386//386 396//396 384//384
f 385//385 397//397 398//398 386//386
f 387//387 399//399 397//397 385//385
f 388//388 400//400 399//399 387//387
f 389//389 401//401 400//400 388//388
f 390//390 402//402 401//401 389//389
f 391//391 403//403 402//402 390//390
f 392//392 404//404 403//403 391//391
f 393//393 405//405 404//404 392//392
f 394//394 406//406 405//405 393//393
f 395//395 407//407 406//406 394//394
f 396//396 408//408 407//407 395//395
f 386//386 398//398 408//408 396//396
f 397//397 409//409 410//410 398//398
f 399//399 411//411 409//409 397//397
f 400//400 412//412 411//411 399//399
f 401//401 413//413 412//412 400//400
f 402//402 414//414 413//413 401//401
f 403//403 415//415 414//414 402//402
f 404//404 416//416 415//415 403//403
f 405//405 417//417 416//416 404//404
f 406//406 418//418 417//417 405//405
f 407//407 419//419 418//418 406//406
f 408//408 420//420 419//419 407//407
f 398//398 410//410 420//420 408//408
f 409//409 421//421 422//422 410//410
f 411//411 423//423 421//421 409//409
f 412//412 424//424 423//423 411//411
f 413//413 425//425 424//424 412//412
f 414//414 426//426 425//425 413//413
f 415//415 427//427 426//426 414//414
f 416//416 428//428 427//427 415//415
f 417//417 429//429 428//428 416//416
f 418//418 430//430 429//429 417//417
f 419//419 431//431 430//430 418//418
f 420//420 432//432 431//431 419//419
f 410//410 422//422 432//432 420//420
f 421//421 433//433 434//434 422//422
f 423//423 435//435 433//433 421//421
f 424//424 436//436 435//435 423//423
f 425//425 437//437 436//436 424//424
f 426//426 438//438 437//437 425//425
f 427//427 439//439 438//438 426//426
f 428//428 440//440 439//439 427//427
f 429//429 441//441 440//440 428//428
f 430//430 442//442 441//441 429//429
f 431//431 443//443 442//442 430//430
f 432//432 444//444 443//443 431//431
f 422//422 434//434 444//444 432//432
f 433//433 445//445 446//446 434//434
f 435//435 447//447 445//445 433//433
f 436//436 448//448 447//447 435//435
f 437//437 449//449 448//448 436//436
f 438//438 450//450 449//449 437//437
f 439//439 451//451 450//450 438//438
f 440//440 452//452 451//451 439//439
f 441//441 453//453 452//452 440//440
f 442//442 454//454 453//453 441//441
f 443//443 455//455 454//454 442//442
f 444//444 456//456 455//455 443//443
f 434//434 446//446 456//456 444//444
f 445//445 457//457 458//458 446//446
f 447//447 459//459 457//457 445//445
f 448//448 460//460 459//459 447//447
f 449//449 461//461 460//460 448//448
f 450//450 462//462 461//461 449//449
f 451//451 463//463 462//462 450//450
f 452//452 464//464 463//463 451//451
f 453//453 465//465 464//464 452//452
f 454//454 466//466 465//465 453//453
f 455//455 467//467 466//466 454//454
f 456//456 468//468 467//467 455//455
f 446//446 458//458 468//468 456//456
f 457//457 469//469 470//470 458//458
f 459//459 471//471 469//469 457//457
f 460//460 472//472 471//471 459//459
f 461//461 473//473 472//472 460//460
f 462//462 474//474 473//473 461//461
f 463//463 475//475 474//474 462//462
f 464//464 476//476 475//475 463//463
f 465//465 477//477 476//476 464//464
f 466//466 478//478 477//477 465//465
f 467//467 479//479 478//478 466//466
f 468//468 480//480 479//479 467//467
f 458//458 470//470 480//480 468//468
f 469//469 481//481 482//482 470//470
f 471//471 483//483 481//481 469//469
f 472//472 484//484 483//483 471//471
f 473//473 485//485 484//484 472//472
f 474//474 486//486 485//485 473//473
f 475//475 487//487 486//486 474//474
f 476//476 488//488 487//487 475//475
f 477//477 489//489 488//488 476//476
f 478//478 490//490 489//489 477//477
f 479//479 491//491 490//490 478//478
f 480//480 492//492 491//491 479//479
f 470//470 482//482 492//492 480//480
f 481//481 493//493 494//494 482//482
f 483//483 495//495 493//493 481//481
f 484//484 496//496 495//495 483//483
f 485//485 497//497 496//496 484//484
f 486//486 498//498 497//497 485//485
f 487//487 499//499 498//498 486//486
f 488//488 500//500 499//499 487//487
f 489//489 501//501 500//500 488//488
f 490//490 502//502 501//501 489//489
f 491//491 503//503 502//502 490//490
f 492//492 504//504 503//503 491//491
f 482//482 494//494 504//504 492//492
f 493//493 505//505 506//506 494//494
f 495//495 507//507 505//505 493//493
f 496//496 508//508 507//507 495//495
f 497//497 509//509 508//508 496//496
f 498//498 510//510 509//509 497//497
f 499//499 511//511 510//510 498//498
f 500//500 512//512 511//511 499//499
f 501//501 513//513 512//512 500//500
f 502//502 514//514 513//513 501//501
f 503//503 515//515 514//514 502//502
f 504//504 516//516 515//515 503//503
f 494//494 506//506 516//516 504//504
f 505//505 517//517 518//518 506//506
f 507//507 519//519 517//517 505//505
f 508//508 520//520 519//519 507//507
f 509//509 521//521 520//520 508//508
f 510//510 522//522 521//521 509//509
f 511//511 523//523 522//522 510//510
f 512//512 524//524 523//523 511//511
f 513//513 525//525 524//524 512//512
f 514//514 526//526 525//525 513//513
f 515//515 527//527 526//526 514//514
f 516//516 528//528 527//527 515//515
f 506//506 518//518 528//528 516//516
f 517//517 529//529 530//530 518//518
f 519//519 531//531 529//529 517//517
f 520//520 532//532 531//531 519//519
f 521//521 533//533 532//532 520//520
f 522//522 534//534 533//533 521//521
f 523//523 535//535 534//534 522//522
f 524//524 536//536 535//535 523//523
f 525//525 537//537 536//536 524//524
f 526//526 538//538 537//537 525//525
f 527//527 539//539 538//538 526//526
f 528//528 540//540 539//539 527//527
f 518//518 530//530 540//540 528//528
f 529//529 541//541 542//542 530//530
f 531//531 543//543 541//541 529//529
f 532//532 544//544 543//543 531//531
f 533//533 545//545 544//544 532//532
f 534//534 546//546 545//545 533//533
f 535//535 547//547 546//546 534//534
f 536//536 548//548 547//547 535//535
f 537//537 549//549 548//548 536//536
f 538//538 550//550 549//549 537//537
f 539//539 551//551 550//550 538//538
f 540//540 552//552 551//551 539//539
f 530//530 542//542 552//552 540//540
f 541//541 553//553 554//554 542//542
f 543//543 555//555 553//553 541//541
f 544//544 556//556 555//555 543//543
f 545//545 557//557 556//556 544//544
f 546//546 558//558 557//557 545//545
f 547//547 559//559 558//558 546//546
f 548//548 560//560 559//559 547//547
f 549//549 561//561 560//560 548//548
f 550//550 562//562 561//561 549//549
f 551//551 563//563 562//562 550//550
f 552//552 564//564 563//563 551//551
f 542//542 554//554 564//564 552//552
f 553//553 565//565 566//566 554//554
f 555//555 567//567 565//565 553//553
f 556//556 568//568 567//567 555//555
f 557//557 569//569 568//568 556//556
f 558//558 570//570 569//569 557//557
f 559//559 571//571 570//570 558//558
f 560//560 572//572 571//571 559//559
f 561//561 573//573 572//572 560//560
f 562//562 574//574 573//573 561//561
f 563//563 575//575 574//574 562//562
f 564//564 576//576 575//575 563//563
f 554//554 566//566 576//576 564//564
f 565//565 577//577 578//578 566//566
f 567//567 579//579 577//577 565//565
f 568//568 580//580 579//579 567//567
f 569//569 581//581 580//580 568//568
f 570//570 582//582 581//581 569//569
f 571//571 583//583 582//582 570//570
f 572//572 584//584 583//583 571//571
f 573//573 585//585 584//584 572//572
f 574//574 586//586 585//585 573//573
f 575//575 587//587 586//586 574//574
f 576//576 588//588 587//587 575//575
f 566//566 578//578 588//588 576//576
f 589//589 590//590 591//591 592//592
f 593//593 594//594 590//590 589//589
f 595//595 596//596 594//594 593//593
f 597//597 598//598 596//596 595//595
f 599//599 600//600 598//598 597//597
f 601//601 602//602 600//600 599//599
f 603//603 604//604 602//602 601//601
f 605//605 606//606 604//604 603//603
f 607//607 608//608 606//606 605//605
f 609//609 610//610 608//608 607//607
f 611//611 612//612 610//610 609//609
f 592//592 591//591 612//612 611//611
f 590//590 613//613 614//614 591//591
f 594//594 615//615 613//613 590//590
f 596//596 616//616 615//615 594//594
f 598//598 617//617 616//616 596//596
f 600//600 618//618 617//617 598//598
f 602//602 619//619 618//618 600//600
f 604//604 620//620 619//619 602//602
f 606//606 621//621 620//620 604//604
f 608//608 622//622 621//621 606//606
f 610//610 623//623 622//622 608//608
f 612//612 624//624 623//623 610//610
f 591//591 614//614 624//624 612//612
f 613//613 625//625 626//626 614//614
f 615//615 627//627 625//625 613//613
f 616//616 628//628 627//627 615//615
f 617//617 629//629 628//628 616//616
f 618//618 630//630 629//629 617//617
f 619//619 631//631 630//630 618//618
f 620//620 632//632 631//631 619//619
f 621//621 633//633 632//632 620//620
f 622//622 634//634 633//633 621//621
f 623//623 635//635 634//634 622//622
f 624//624 636//636 635//635 623//623
f 614//614 626//626 636//636 624//624
f 625//625 637//637 638//638 626//626
f 627//627 639//639 637//637 625//625
f 628//628 640//640 639//639 627//627
f 629//629 641//641 640//640 628//628
f 630//630 642//642 641//641 629//629
f 631//631 643//643 642//642 630//630
f 632//632 644//644 643//643 631//631
f 633//633 645//645 644//644 632//632
f 634//634 646//646 645//645 633//633
f 635//635 647//647 646//646 634//634
f 636//636 648//648 647//647 635//635
f 626//626 638//638 648//648 636//636
f 637//637 649//649 650//650 638//638
f 639//639 651//651 649//649 637//637
f 640//640 652//652 651//651 639//639
f 641//641 653//653 652//652 640//640
f 642//642 654//654 653//653 641//641
f 643//643 655//655 654//654 642//642
f 644//644 656//656 655//655 643//643
f 645//645 657//657 656//656 644//644
f 646//646 658//658 657//657 645//645
f 647//647 659//659 658//658 646//646
f 648//648 660//660 659//659 647//647
f 638//638 650//650 660//660 648//648
f 649//649 661//661 662//662 650//650
f 651//651 663//663 661//661 649//649
f 652//652 664//664 663//663 651//651
f 653//653 665//665 664//664 652//652
f 654//654 666//666 665//665 653//653
f 655//655 667//667 666//666 654//654
f 656//656 668//668 667//667 655//655
f 657//657 669//669 668//668 656//656
f 658//658 670//670 669//669 657//657
f 659//659 671//671 670//670 658//658
f 660//660 672//672 671//671 659//659
f 650//650 662//662 672//672 660//660
f 661//661 673//673 674//674 662//662
f 663//663 675//675 673//673 661//661
f 664//664 676//676 675//675 663//663
f 665//665 677//677 676//676 664//664
f 666//666 678//678 677//677 665//665
f 667//667 679//679 678//678 666//666
f 668//668 680//680 679//679 667//667
f 669//669 681//681 680//680 668//668
f 670//670 682//682 681//681 669//669
f 671//671 683//683 682//682 670//670
f 672//672 684//684 683//683 671//671
f 662//662 674//674 684//684 672//672
f 673//673 685//685 686//686 674//674
f 675//675 687//687 685//685 673//673
f 676//676 688//688 687//687 675//675
f 677//677 689//689 688//688 676//676
f 678//678 690//690 689//689 677//677
f 679//679 691//691 690//690 678//678
f 680//680 692//692 691//691 679//679
f 681//681 693//693 692//692 680//680
f 682//682 694//694 693//693 681//681
f 683//683 695//695 694//694 682//682
f 684//684 696//696 695//695 683//683
f 674//674 686//686 696//696 684//684
f 685//685 697//697 698//698 686//686
f 687//687 699//699 697//697 685//685
f 688//688 700//700 699//699 687//687
f 689//689 701//701 700//700 688//688
f 690//690 702//702 701//701 689//689
f 691//691 703//703 702//702 690//690
f 692//692 704//704 703//703 691//691
f 693//693 705//705 704//704 692//692
f 694//694 706//706 705//705 693//693
f 695//695 707//707 706//706 694//694
f 696//696 708//708 707//707 695//695
f 686//686 698//698 708//708 696//696
f 697//697 709//709 710//710 698//698
f 699//699 711//711 709//709 697//697
f 700//700 712//712 711//711 699//699
f 701//701 713//713 712//712 700//700
f 702//702 714//714 713//713 701//701
f 703//703 715//715 714//714 702//702
f 704//704 716//716 715//715 703//703
f 705//705 717//717 716//716 704//704
f 706//706 718//718 717//717 705//705
f 707//707 719//719 718//718 706//706
f 708//708 720//720 719//719 707//707
f 698//698 710//710 720//720 708//708
f 709//709 721//721 722//722 710//710
f 711//711 723//723 721//721 709//709
f 712//712 724//724 723//723 711//711
f 713//713 725//725 724//724 712//712
f 714//714 726//726 725//725 713//713
f 715//715 727//727 726//726 714//714
f 716//716 728//728 727//727 715//715
f 717//717 729//729 728//728 716//716
f 718//718 730//730 729//729 717//717
f 719//719 731//731 730//730 718//718
f 720//720 732//732 731//731 719//719
f 710//710 722//722 732//732 720//720
f 721//721 733//733 734//734 722//722
f 723//723 735//735 733//733 721//721
f 724//724 736//736 735//735 723//723
f 725//725 737//737 736//736 724//724
f 726//726 738//738 737//737 725//725
f 727//727 739//739 738//738 726//726
f 728//728 740//740 739//739 727//727
f 729//729 741//741 740//740 728//728
f 730//730 742//742 741//741 729//729
f 731//731 743//743 742//742 730//730
f 732//732 744//744 743//743 731//731
f 722//722 734//734 744//744 732//732
f 733//733 745//745 746//746 734//734
f 735//735 747//747 745//745 733//733
f 736//736 748//748 747//747 735//735
f 737//737 749//749 748//748 736//736
f 738//738 750//750 749//749 737//737
f 739//739 751//751 750//750 738//738
f 740//740 752//752 751//751 739//739
f 741//741 753//753 752//752 740//740
f 742//742 754//754 753//753 741//741
f 743//743 755//755 754//754 742//742
f 744//744 756//756 755//755 743//743
f 734//734 746//746 756//756 744//744
f 745//745 757//757 758//758 746//746
f 747//747 759//759 757//757 745//745
f 748//748 760//760 759//759 747//747
f 749//749 761//761 760//760 748//748
f 750//750 762//762 761//761 749//749
f 751//751 763//763 762//762 750//750
f 752//752 764//764 763//763 751//751
f 753//753 765//765 764//764 752//752
f 754//754 766//766 765//765 753//753
f 755//755 767//767 766//766 754//754
f 756//756 768//768 767//767 755//755
f 746//746 758//758 768//768 756//756
f 757//757 769//769 770//770 758//758
f 759//759 771//771 769//769 757//757
f 760//760 772//772 771//771 759//759
f 761//761 773//773 772//772 760//760
f 762//762 774//774 773//773 761//761
f 763//763 775//775 774//774 762//762
f 764//764 776//776 775//775 763//763
f 765//765 777//777 776//776 764//764
f 766//766 778//778 777//777 765//765
f 767//767 779//779 778//778 766//766
f 768//768 780//780 779//779 767//767
f 758//758 770//770 780//780 768//768
f 769//769 781//781 782//782 770//770
f 771//771 783//783 781//781 769//769
f 772//772 784//784 783//783 771//771
f 773//773 785//785 784//784 772//772
f 774//774 786//786 785//785 773//773
f 775//775 787//787 786//786 774//774
f 776//776 788//788 787//787 775//775
f 777//777 789//789 788//788 776//776
f 778//778 790//790 789//789 777//777
f 779//779 791//791 790//790 778//778
f 780//780 792//792 791//791 779//779
f 770//770 782//782 792//792 780//780
f 781//781 793//793 794//794 782//782
f 783//783 795//795 793//793 781//781
f 784//784 796//796 795//795 783//783
f 785//785 797//797 796//796 784//784
f 786//786 798//798 797//797 785//785
f 787//787 799//799 798//798 786//786
f 788//788 800//800 799//799 787//787
f 789//789 801//801 800//800 788//788
f 790//790 802//802 801//801 789//789
f 791//791 803//803 802//802 790//790
f 792//792 804//804 803//803 791//791
f 782//782 794//794 804//804 792//792
f 793//793 805//805 806//806 794//794
f 795//795 807//807 805//805 793//793
f 796//796 808//808 807//807 795//795
f 797//797 809//809 808//808 796//796
f 798//798 810//810 809//809 797//797
f 799//799 811//811 810//810 798//798
f 800//800 812//812 811//811 799//799
f 801//801 813//813 812//812 800//800
f 802//802 814//814 813//813 801//801
f 803//803 815//815 814//814 802//802
f 804//804 816//816 815//815 803//803
f 794//794 806//806 816//816 804//804
f 805//805 817//817 818//818 806//806
f 807//807 819//819 817//817 805//805
f 808//808 820//820 819//819 807//807
f 809//809 821//821 820//820 808//808
f 810//810 822//822 821//821 809//809
f 811//811 823//823 822//822 810//810
f 812//812 824//824 823//823 811//811
f 813//813 825//825 824//824 812//812
f 814//814 826//826 825//825 813//813
f 815//815 827//827 826//826 814//814
f 816//816 828//828 827//827 815//815
f 806//806 818//818 828//828 816//816
f 817//817 829//829 830//830 818//818
f 819//819 831//831 829//829 817//817
f 820//820 832//832 831//831 819//819
f 821//821 833//833 832//832 820//820
f 822//822 834//834 833//833 821//821
f 823//823 835//835 834//834 822//822
f 824//824 836//836 835//835 823//823
f 825//825 837//837 836//836 824//824
f 826//826 838//838 837//837 825//825
f 827//827 839//839 838//838 826//826
f 828//828 840//840 839//839 827//827
f 818//818 830//830 840//840 828//828
f 829//829 841//841 842//842 830//830
f 831//831 843//843 841//841 829//829
f 832//832 844//844 843//843 831//831
f 833//833 845//845 844//844 832//832
f 834//834 846//846 845//845 833//833
f 835//835 847//847 846//846 834//834
f 836//836 848//848 847//847 835//835
f 837//837 849//849 848//848 836//836
f 838//838 850//850 849//849 837//837
f 839//839 851//851 850//850 838//838
f 840//840 852//852 851//851 839//839
f 830//830 842//842 852//852 840//840
f 841//841 853//853 854//854 842//842
f 843//843 855//855 853//853 841//841
f 844//844 856//856 855//855 843//843
f 845//845 857//857 856//856 844//844
f 846//846 858//858 857//857 845//845
f 847//847 859//859 858//858 846//846
f 848//848 860//860 859//859 847//847
f 849//849 861//861 860//860 848//848
f 850//850 862//862 861//861 849//849
f 851//851 863//863 862//862 850//850
f 852//852 864//864 863//863 851//851
f 842//842 854//854 864//864 852//852
f 853//853 865//865 866//866 854//854
f 855//855 867//867 865//865 853//853
f 856//856 868//868 867//867 855//855
f 857//857 869//869 868//868 856//856
f 858//858 870//870 869//869 857//857
f 859//859 871//871 870//870 858//858
f 860//860 872//872 871//871 859//859
f 861//861 873//873 872//872 860//860
f 862//862 874//874 873//873 861//861
f 863//863 875//875 874//874 862//862
f 864//864 876//876 875//875 863//863
f 854//854 866//866 876//876 864//864
f 865//865 877//877 878//878 866//866
f 867//867 879//879 877//877 865//865
f 868//868 880//880 879//879 867//867
f 869//869 881//881 880//880 868//868
f 870//870 882//882 881//881 869//869
f 871//871 883//883 882//882 870//870
f 872//872 884//884 883//883 871//871
f 873//873 885//885 884//884 872//872
f 874//874 886//886 885//885 873//873
f 875//875 887//887 886//886 874//874
f 876//876 888//888 887//887 875//875
f 866//866 878//878 888//888 876//876
f 877//877 889//889 890//890 878//878
f 879//879 891//891 889//889 877//877
f 880//880 892//892 891//891 879//879
f 881//881 893//893 892//892 880//880
f 882//882 894//894 893//893 881//881
f 883//883 895//895 894//894 882//882
f 884//884 896//896 895//895 883//883
f 885//885 897//897 896//896 884//884
f 886//886 898//898 897//897 885//885
f 887//887 899//899 898//898 886//886
f 888//888 900//900 899//899 887//887
f 878//878 890//890 900//900 888//888
f 889//889 901//901 902//902 890//890
f 891//891 903//903 901//901 889//889
f 892//892 904//904 903//903 891//891
f 893//893 905//905 904//904 892//892
f 894//894 906//906 905//905 893//893
f 895//895 907//907 906//906 894//894
f 896//896 908//908 907//907 895//895
f 897//897 909//909 908//908 896//896
f 898//898 910//910 909//909 897//897
f 899//899 911//911 910//910 898//898
f 900//900 912//912 911//911 899//899
f 890//890 902//902 912//912 900//900
f 901//901 913//913 914//914 902//902
f 903//903 915//915 913//913 901//901
f 904//904 916//916 915//915 903//903
f 905//905 917//917 916//916 904//904
f 906//906 918//918 917//917 905//905
f 907//907 919//919 918//918 906//906
f 908//908 920//920 919//919 907//907
f 909//909 921//921 920//920 908//908
f 910//910 922//922 921//921 909//909
f 911//911 923//923 922//922 910//910
f 912//912 924//924 923//923 911//911
f 902//902 914//914 924//924 912//912
f 913//913 925//925 926//926 914//914
f 915//915 927//927 925//925 913//913
f 916//916 928//928 927//927 915//915
f 917//917 929//929 928//928 916//916
f 918//918 930//930 929//929 917//917
f 919//919 931//931 930//930 918//918
f 920//920 932//932 931//931 919//919
f 921//921 933//933 932//932 920//920
f 922//922 934//934 933//933 921//921
f 923//923 935//935 934//934 922//922
f 924//924 936//936 935//935 923//923
f 914//914 926//926 936//936 924//924
f 925//925 937//937 938//938 926//926
f 927//927 939//939 937//937 925//925
f 928//928 940//940 939//939 927//927
f 929//929 941//941 940//940 928//928
f 930//930 942//942 941//941 929//929
f 931//931 943//943 942//942 930//930
f 932//932 944//944 943//943 931//931
f 933//933 945//945 944//944 932//932
f 934//934 946//946 945//945 933//933
f 935//935 947//947 946//946 934//934
f 936//936 948//948 947//947 935//935
f 926//926 938//938 948//948 936//936
f 937//937 949//949 950//950 938//938
f 939//939 951//951 949//949 937//937
f 940//940 952//952 951//951 939//939
f 941//941 953//953 952//952 940//940
f 942//942 954//954 953//953 941//941
f 943//943 955//955 954//954 942//942
f 944//944 956//956 955//955 943//943
f 945//945 957//957 956//956 944//944
f 946//946 958//958 957//957 945//945
f 947//947 959//959 958//958 946//946
f 948//948 960//960 959//959 947//947
f 938//938 950//950 960//960 948//948
f 949//949 961//961 962//962 950//950
f 951//951 963//963 961//961 949//949
f 952//952 964//964 963//963 951//951
f 953//953 965//965 964//964 952//952
f 954//954 966//966 965//965 953//953
f 955//955 967//967 966//966 954//954
f 956//956 968//968 967//967 955//955
f 957//957 969//969 968//968 956//956
f 958//958 970//970 969//969 957//957
f 959//959 971//971 970//970 958//958
f 960//960 972//972 971//971 959//959
f 950//950 962//962 972//972 960//960
f 961//961 973//973 974//974 962//962
f 963//963 975//975 973//973 961//961
f 964//964 976//976 975//975 963//963
f 965//965 977//977 976//976 964//964
f 966//966 978//978 977//977 965//965
f 967//967 979//979 978//978 966//966
f 968//968 980//980 979//979 967//967
f 969//969 981//981 980//980 968//968
f 970//970 982//982 981//981 969//969
f 971//971 983//983 982//982 970//970
f 972//972 984//984 983//983 971//971
f 962//962 974//974 984//984 972//972
f 973//973 985//985 986//986 974//974
f 975//975 987//987 985//985 973//973
f 976//976 988//988 987//987 975//975
f 977//977 989//989 988//988 976//976
f 978//978 990//990 989//989 977//977
f 979//979 991//991 990//990 978//978
f 980//980 992//992 991//991 979//979
f 981//981 993//993 992//992 980//980
f 982//982 994//994 993//993 981//981
f 983//983 995//995 994//994 982//982
f 984//984 996//996 995//995 983//983
f 974//974 986//986 996//996 984//984
f 985//985 997//997 998//998 986//986
f 987//987 999//999 997//997 985//985
f 988//988 1000//1000 999//999 987//987
f 989//989 1001//1001 1000//1000 988//988
f 990//990 1002//1002 1001//1001 989//989
f 991//991 1003//1003 1002//1002 990//990
f 992//992 1004//1004 1003//1003 991//991
f 993//993 1005//1005 1004//1004 992//992
f 994//994 1006//1006 1005//1005 993//993
f 995//995 1007//1007 1006//1006 994//994
f 996//996 1008//1008 1007//1007 995//995
f 986//986 998//998 1008//1008 996//996
f 997//997 1009//1009 1010//1010 998//998
f 999//999 1011//1011 1009//1009 997//997
f 1000//1000 1012//1012 1011//1011 999//999
f 1001//1001 1013//1013 1012//1012 1000//1000
f 1002//1002 1014//1014 1013//1013 1001//1001
f 1003//1003 1015//1015 1014//1014 1002//1002
f 1004//1004 1016//1016 1015//1015 1003//1003
f 1005//1005 1017//1017 1016//1016 1004//1004
f 1006//1006 1018//1018 1017//1017 1005//1005
f 1007//1007 1019//1019 1018//1018 1006//1006
f 1008//1008 1020//1020 1019//1019 1007//1007
f 998//998 1010//1010 1020//1020 1008//1008
f 1009//1009 1021//1021 1022//1022 1010//1010
f 1011//1011 1023//1023 1021//1021 1009//1009
f 1012//1012 1024//1024 1023//1023 1011//1011
f 1013//1013 1025//1025 1024//1024 1012//1012
f 1014//1014 1026//1026 1025//1025 1013//1013
f 1015//1015 1027//1027 1026//1026 1014//1014
f 1016//1016 1028//1028 1027//1027 1015//1015
f 1017//1017 1029//1029 1028//1028 1016//1016
f 1018//1018 1030//1030 1029//1029 1017//1017
f 1019//1019 1031//1031 1030//1030 1018//1018
f 1020//1020 1032//1032 1031//1031 1019//1019
f 1010//1010 1022//1022 1032//1032 1020//1020
f 1021//1021 1033//1033 1034//1034 1022//1022
f 1023//1023 1035//1035 1033//1033 1021//1021
f 1024//1024 1036//1036 1035//1035 1023//1023
f 1025//1025 1037//1037 1036//1036 1024//1024
f 1026//1026 1038//1038 1037//1037 1025//1025
f 1027//1027 1039//1039 1038//1038 1026//1026
f 1028//1028 1040//1040 1039//1039 1027//1027
f 1029//1029 1041//1041 1040//1040 1028//1028
f 1030//1030 1042//1042 1041//1041 1029//1029
f 1031//1031 1043//1043 1042//1042 1030//1030
f 1032//1032 1044//1044 1043//1043 1031//1031
f 1022//1022 1034//1034 1044//1044 1032//1032
f 1033//1033 1045//1045 1046//1046 1034//1034
f 1035//1035 1047//1047 1045//1045 1033//1033
f 1036//1036 1048//1048 1047//1047 1035//1035
f 1037//1037 1049//1049 1048//1048 1036//1036
f 1038//1038 1050//1050 1049//1049 1037//1037
f 1039//1039 1051//1051 1050//1050 1038//1038
f 1040//1040 1052//1052 1051//1051 1039//1039
f 1041//1041 1053//1053 1052//1052 1040//1040
f 1042//1042 1054//1054 1053//1053 1041//1041
f 1043//1043 1055//1055 1054//1054 1042//1042
f 1044//1044 1056//1056 1055//1055 1043//1043
f 1034//1034 1046//1046 1056//1056 1044//1044
f 1045//1045 1057//1057 1058//1058 1046//1046
f 1047//1047 1059//1059 1057//1057 1045//1045
f 1048//1048 1060//1060 1059//1059 1047//1047
f 1049//1049 1061//1061 1060//1060 1048//1048
f 1050//1050 1062//1062 1061//1061 1049//1049
f 1051//1051 1063//1063 1062//1062 1050//1050
f 1052//1052 1064//1064 1063//1063 1051//1051
f 1053//1053 1065//1065 1064//1064 1052//1052
f 1054//1054 1066//1066 1065//1065 1053//1053
f 1055//1055 1067//1067 1066//1066 1054//1054
f 1056//1056 1068//1068 1067//1067 1055//1055
f 1046//1046 1058//1058 1068//1068 1056//1056
f 1057//1057 1069//1069 1070//1070 1058//1058
f 1059//1059 1071//1071 1069//1069 1057//1057
f 1060//1060 1072//1072 1071//1071 1059//1059
f 1061//1061 1073//1073 1072//1072 1060//1060
f 1062//1062 1074//1074 1073//1073 1061//1061
f 1063//1063 1075//1075 1074//1074 1062//1062
f 1064//1064 1076//1076 1075//1075 1063//1063
f 1065//1065 1077//1077 1076//1076 1064//1064
f 1066//1066 1078//1078 1077//1077 1065//1065
f 1067//1067 1079//1079 1078//1078 1066//1066
f 1068//1068 1080//1080 1079//1079 1067//1067
f 1058//1058 1070//1070 1080//1080 1068//1068
f 1069//1069 1081//1081 1082//1082 1070//1070
f 1071//1071 1083//1083 1081//1081 1069//1069
f 1072//1072 1084//1084 1083//1083 1071//1071
f 1073//1073 1085//1085 1084//1084 1072//1072
f 1074//1074 1086//1086 1085//1085 1073//1073
f 1075//1075 1087//1087 1086//1086 1074//1074
f 1076//1076 1088//1088 1087//1087 1075//1075
f 1077//1077 1089//1089 1088//1088 1076//1076
f 1078//1078 1090//1090 1089//1089 1077//1077
f 1079//1079 1091//1091 1090//1090 1078//1078
f 1080//1080 1092//1092 1091//1091 1079//1079
f 1070//1070 1082//1082 1092//1092 1080//1080
f 1081//1081 1093//1093 1094//1094 1082//1082
f 1083//1083 1095//1095 1093//1093 1081//1081
f 1084//1084 1096//1096 1095//1095 1083//1083
f 1085//1085 1097//1097 1096//1096 1084//1084
f 1086//1086 1098//1098 1097//1097 1085//1085
f 1087//1087 1099//1099 1098//1098 1086//1086
f 1088//1088 1100//1100 1099//1099 1087//1087
f 1089//1089 1101//1101 1100//1100 1088//1088
f 1090//1090 1102//1102 1101//1101 1089//1089
f 1091//1091 1103//1103 1102//1102 1090//1090
f 1092//1092 1104//1104 1103//1103 1091//1091
f 1082//1082 1094//1094 1104//1104 1092//1092
f 1093//1093 1105//1105 1106//1106 1094//1094
f 1095//1095 1107//1107 1105//1105 1093//1093
f 1096//1096 1108//1108 1107//1107 1095//1095
f 1097//1097 1109//1109 1108//1108 1096//1096
f 1098//1098 1110//1110 1109//1109 1097//1097
f 1099//1099 1111//1111 1110//1110 1098//1098
f 1100//1100 1112//1112 1111//1111 1099//1099
f 1101//1101 1113//1113 1112//1112 1100//1100
f 1102//1102 1114//1114 1113//1113 1101//1101
f 1103//1103 1115//1115 1114//1114 1102//1102
f 1104//1104 1116//1116 1115//1115 1103//1103
f 1094//1094 1106//1106 1116//1116 1104//1104
f 1105//1105 1117//1117 1118//1118 1106//1106
f 1107//1107 1119//1119 1117//1117 1105//1105
f 1108//1108 1120//1120 1119//1119 1107//1107
f 1109//1109 1121//1121 1120//1120 1108//1108
f 1110//1110 1122//1122 1121//1121 1109//1109
f 1111//1111 1123//1123 1122//1122 1110//1110
f 1112//1112 1124//1124 1123//1123 1111//1111
f 1113//1113 1125//1125 1124//1124 1112//1112
f 1114//1114 1126//1126 1125//1125 1113//1113
f 1115//1115 1127//1127 1126//1126 1114//1114
f 1116//1116 1128//1128 1127//1127 1115//1115
f 1106//1106 1118//1118 1128//1128 1116//1116
f 1117//1117 1129//1129 1130//1130 1118//1118
f 1119//1119 1131//1131 1129//1129 1117//1117
f 1120//1120 1132//1132 1131//1131 1119//1119
f 1121//1121 1133//1133 1132//1132 1120//1120
f 1122//1122 1134//1134 1133//1133 1121//1121
f 1123//1123 1135//1135 1134//1134 1122//1122
f 1124//1124 1136//1136 1135//1135 1123//1123
f 1125//1125 1137//1137 1136//1136 1124//1124
f 1126//1126 1138//1138 1137//1137 1125//1125
f 1127//1127 1139//1139 1138//1138 1126//1126
f 1128//1128 1140//1140 1139//1139 1127//1127
f 1118//1118 1130//1130 1140//1140 1128//1128
f 1129//1129 1141//1141 1142//1142 1130//1130
f 1131//1131 1143//1143 1141//1141 1129//1129
f 1132//1132 1144//1144 1143//1143 1131//1131
f 1133//1133 1145//1145 1144//1144 1132//1132
f 1134//1134 1146//1146 1145//1145 1133//1133
f 1135//1135 1147//1147 1146//1146 1134//1134
f 1136//1136 1148//1148 1147//1147 1135//1135
f 1137//1137 1149//1149 1148//1148 1136//1136
f 1138//1138 1150//1150 1149//1149 1137//1137
f 1139//1139 1151//1151 1150//1150 1138//1138
f 1140//1140 1152//1152 1151//1151 1139//1139
f 1130//1130 1142//1142 1152//1152 1140//1140
f 1141//1141 1153//1153 1154//1154 1142//1142
f 1143//1143 1155//1155 1153//1153 1141//1141
f 1144//1144 1156//1156 1155//1155 1143//1143
f 1145//1145 1157//1157 1156//1156 1144//1144
f 1146//1146 1158//1158 1157//1157 1145//1145
f 1147//1147 1159//1159 1158//1158 1146//1146
f 1148//1148 1160//1160 1159//1159 1147//1147
f 1149//1149 1161//1161 1160//1160 1148//1148
f 1150//1150 1162//1162 1161//1161 1149//1149
f 1151//1151 1163//1163 1162//1162 1150//1150
f 1152//1152 1164//1164 1163//1163 1151//1151
f 1142//1142 1154//1154 1164//1164 1152//1152
f 1153//1153 1165//1165 1166//1166 1154//1154
f 1155//1155 1167//1167 1165//1165 1153//1153
f 1156//1156 1168//1168 1167//1167 1155//1155
f 1157//1157 1169//1169 1168//1168 1156//1156
f 1158//1158 1170//1170 1169//1169 1157//1157
f 1159//1159 1171//1171 1170//1170 1158//1158
f 1160//1160 1172//1172 1171//1171 1159//1159
f 1161//1161 1173//1173 1172//1172 1160//1160
f 1162//1162 1174//1174 1173//1173 1161//1161
f 1163//1163 1175//1175 1174//1174 1162//1162
f 1164//1164 1176//1176 1175//1175 1163//1163
f 1154//1154 1166//1166 1176//1176 1164//1164
f 1165//1165 1177//1177 1178//1178 1166//1166
f 1167//1167 1179//1179 1177//1177 1165//1165
f 1168//1168 1180//1180 1179//1179 1167//1167
f 1169//1169 1181//1181 1180//1180 1168//1168
f 1170//1170 1182//1182 1181//1181 1169//1169
f 1171//1171 1183//1183 1182//1182 1170//1170
f 1172//1172 1184//1184 1183//1183 1171//1171
f 1173//1173 1185//1185 1184//1184 1172//1172
f 1174//1174 1186//1186 1185//1185 1173//1173
f 1175//1175 1187//1187 1186//1186 1174//1174
f 1176//1176 1188//1188 1187//1187 1175//1175
f 1166//1166 1178//1178 1188//1188 1176//1176
f 1177//1177 1189//1189 1190//1190 1178//1178
f 1179//1179 1191//1191 1189//1189 1177//1177
f 1180//1180 1192//1192 1191//1191 1179//1179
f 1181//1181 1193//1193 1192//1192 1180//1180
f 1182//1182 1194//1194 1193//1193 1181//1181
f 1183//1183 1195//1195 1194//1194 1182//1182
f 1184//1184 1196//1196 1195//1195 1183//1183
f 1185//1185 1197//1197 1196//1196 1184//1184
f 1186//1186 1198//1198 1197//1197 1185//1185
f 1187//1187 1199//1199 1198//1198 1186//1186
f 1188//1188 1200//1200 1199//1199 1187//1187
f 1178//1178 1190//1190 1200//1200 1188//1188
f 1189//1189 1201//1201 1202//1202 1190//1190
f 1191//1191 1203//1203 1201//1201 1189//1189
f 1192//1192 1204//1204 1203//1203 1191//1191
f 1193//1193 1205//1205 1204//1204 1192//1192
f 1194//1194 1206//1206 1205//1205 1193//1193
f 1195//1195 1207//1207 1206//1206 1194//1194
f 1196//1196 1208//1208 1207//1207 1195//1195
f 1197//1197 1209//1209 1208//1208 1196//1196
f 1198//1198 1210//1210 1209//1209 1197//1197
f 1199//1199 1211//1211 1210//1210 1198//1198
f 1200//1200 1212//1212 1211//1211 1199//1199
f 1190//1190 1202//1202 1212//1212 1200//1200
f 1201//1201 1213//1213 1214//1214 1202//1202
f 1203//1203 1215//1215 1213//1213 1201//1201
f 1204//1204 1216//1216 1215//1215 1203//1203
f 1205//1205 1217//1217 1216//1216 1204//1204
f 1206//1206 1218//1218 1217//1217 1205//1205
f 1207//1207 1219//1219 1218//1218 1206//1206
f 1208//1208 1220//1220 1219//1219 1207//1207
f 1209//1209 1221//1221 1220//1220 1208//1208
f 1210//1210 1222//1222 1221//1221 1209//1209
f 1211//1211 1223//1223 1222//1222 1210//1210
f 1212//1212 1224//1224 1223//1223 1211//1211
f 1202//1202 1214//1214 1224//1224 1212//1212
f 1213//1213 1225//1225 1226//1226 1214//1214
f 1215//1215 1227//1227 1225//1225 1213//1213
f 1216//1216 1228//1228 1227//1227 1215//1215
f 1217//1217 1229//1229 1228//1228 1216//1216
f 1218//1218 1230//1230 1229//1229 1217//1217
f 1219//1219 1231//1231 1230//1230 1218//1218
f 1220//1220 1232//1232 1231//1231 1219//1219
f 1221//1221 1233//1233 1232//1232 1220//1220
f 1222//1222 1234//1234 1233//1233 1221//1221
f 1223//1223 1235//1235 1234//1234 1222//1222
f 1224//1224 1236//1236 1235//1235 1223//1223
f 1214//1214 1226//1226 1236//1236 1224//1224
f 1225//1225 1237//1237 1238//1238 1226//1226
f 1227//1227 1239//1239 1237//1237 1225//1225
f 1228//1228 1240//1240 1239//1239 1227//1227
f 1229//1229 1241//1241 1240//1240 1228//1228
f 1230//1230 1242//1242 1241//1241 1229//1229
f 1231//1231 1243//1243 1242//1242 1230//1230
f 1232//1232 1244//1244 1243//1243 1231//1231
f 1233//1233 1245//1245 1244//1244 1232//1232
f 1234//1234 1246//1246 1245//1245 1233//1233
f 1235//1235 1247//1247 1246//1246 1234//1234
f 1236//1236 1248//1248 1247//1247 1235//1235
f 1226//1226 1238//1238 1248//1248 1236//1236
f 1237//1237 1249//1249 1250//1250 1238//1238
f 1239//1239 1251//1251 1249//1249 1237//1237
f 1240//1240 1252//1252 1251//1251 1239//1239
f 1241//1241 1253//1253 1252//1252 1240//1240
f 1242//1242 1254//1254 1253//1253 1241//1241
f 1243//1243 1255//1255 1254//1254 1242//1242
f 1244//1244 1256//1256 1255//1255 1243//1243
f 1245//1245 1257//1257 1256//1256 1244//1244
f 1246//1246 1258//1258 1257//1257 1245//1245
f 1247//1247 1259//1259 1258//1258 1246//1246
f 1248//1248 1260//1260 1259//1259 1247//1247
f 1238//1238 1250//1250 1260//1260 1248//1248
f 1249//1249 1261//1261 1262//1262 1250//1250
f 1251//1251 1263//1263 1261//1261 1249//1249
f 1252//1252 1264//1264 1263//1263 1251//1251
f 1253//1253 1265//1265 1264//1264 1252//1252
f 1254//1254 1266//1266 1265//1265 1253//1253
f 1255//1255 1267//1267 1266//1266 1254//1254
f 1256//1256 1268//1268 1267//1267 1255//1255
f 1257//1257 1269//1269 1268//1268 1256//1256
f 1258//1258 1270//1270 1269//1269 1257//1257
f 1259//1259 1271//1271 1270//1270 1258//1258
f 1260//1260 1272//1272 1271//1271 1259//1259
f 1250//1250 1262//1262 1272//1272 1260//1260
f 1261//1261 1273//1273 1274//1274 1262//1262
f 1263//1263 1275//1275 1273//1273 1261//1261
f 1264//1264 1276//1276 1275//1275 1263//1263
f 1265//1265 1277//1277 1276//1276 1264//1264
f 1266//1266 1278//1278 1277//1277 1265//1265
f 1267//1267 1279//1279 1278//1278 1266//1266
f 1268//1268 1280//1280 1279//1279 1267//1267
f 1269//1269 1281//1281 1280//1280 1268//1268
f 1270//1270 1282//1282 1281//1281 1269//1269
f 1271//1271 1283//1283 1282//1282 1270//1270
f 1272//1272 1284//1284 1283//1283 1271//1271
f 1262//1262 1274//1274 1284//1284 1272//1272
f 1273//1273 1285//1285 1286//1286 1274//1274
f 1275//1275 1287//1287 1285//1285 1273//1273
f 1276//1276 1288//1288 1287//1287 1275//1275
f 1277//1277 1289//1289 1288//1288 1276//1276
f 1278//1278 1290//1290 1289//1289 1277//1277
f 1279//1279 1291//1291 1290//1290 1278//1278
f 1280//1280 1292//1292 1291//1291 1279//1279
f 1281//1281 1293//1293 1292//1292 1280//1280
f 1282//1282 1294//1294 1293//1293 1281//1281
f 1283//1283 1295//1295 1294//1294 1282//1282
f 1284//1284 1296//1296 1295//1295 1283//1283
f 1274//1274 1286//1286 1296//1296 1284//1284
f 1285//1285 1297//1297 1298//1298 1286//1286
f 1287//1287 1299//1299 1297//1297 1285//1285
f 1288//1288 1300//1300 1299//1299 1287//1287
f 1289//1289 1301//1301 1300//1300 1288//1288
f 1290//1290 1302//1302 1301//1301 1289//1289
f 1291//1291 1303//1303 1302//1302 1290//1290
f 1292//1292 1304//1304 1303//1303 1291//1291
f 1293//1293 1305//1305 1304//1304 1292//1292
f 1294//1294 1306//1306 1305//1305 1293//1293
f 1295//1295 1307//1307 1306//1306 1294//1294
f 1296//1296 1308//1308 1307//1307 1295//1295
f 1286//1286 1298//1298 1308//1308 1296//1296
f 1297//1297 1309//1309 1310//1310 1298//1298
f 1299//1299 1311//1311 1309//1309 1297//1297
f 1300//1300 1312//1312 1311//1311 1299//1299
f 1301//1301 1313//1313 1312//1312 1300//1300
f 1302//1302 1314//1314 1313//1313 1301//1301
f 1303//1303 1315//1315 1314//1314 1302//1302
f 1304//1304 1316//1316 1315//1315 1303//1303
f 1305//1305 1317//1317 1316//1316 1304//1304
f 1306//1306 1318//1318 1317//1317 1305//1305
f 1307//1307 1319//1319 1318//1318 1306//1306
f 1308//1308 1320//1320 1319//1319 1307//1307
f 1298//1298 1310//1310 1320//1320 1308//1308
f 1321//1321 1322//1322 1323//1323 1324//1324
f 1325//1325 1326//1326 1322//1322 1321//1321
f 1327//1327 1328//1328 1326//1326 1325//1325
f 1329//1329 1330//1330 1328//1328 1327//1327
f 1331//1331 1332//1332 1330//1330 1329//1329
f 1333//1333 1334//1334 1332//1332 1331//1331
f 1335//1335 1336//1336 1334//1334 1333//1333
f 1337//1337 1338//1338 1336//1336 1335//1335
f 1339//1339 1340//1340 1338//1338 1337//1337
f 1341//1341 1342//1342 1340//1340 1339//1339
f 1343//1343 1344//1344 1342//1342 1341//1341
f 1324//1324 1323//1323 1344//1344 1343//1343
f 1322//1322 1345//1345 1346//1346 1323//1323
f 1326//1326 1347//1347 1345//1345 1322//1322
f 1328//1328 1348//1348 1347//1347 1326//1326
f 1330//1330 1349//1349 1348//1348 1328//1328
f 1332//1332 1350//1350 1349//1349 1330//1330
f 1334//1334 1351//1351 1350//1350 1332//1332
f 1336//1336 1352//1352 1351//1351 1334//1334
f 1338//1338 1353//1353 1352//1352 1336//1336
f 1340//1340 1354//1354 1353//1353 1338//1338
f 1342//1342 1355//1355 1354//1354 1340//1340
f 1344//1344 1356//1356 1355//1355 1342//1342
f 1323//1323 1346//1346 1356//1356 1344//1344
f 1345//1345 1357//1357 1358//1358 1346//1346
f 1347//1347 1359//1359 1357//1357 1345//1345
f 1348//1348 1360//1360 1359//1359 1347//1347
f 1349//1349 1361//1361 1360//1360 1348//1348
f 1350//1350 1362//1362 1361//1361 1349//1349
f 1351//1351 1363//1363 1362//1362 1350//1350
f 1352//1352 1364//1364 1363//1363 1351//1351
f 1353//1353 1365//1365 1364//1364 1352//1352
f 1354//1354 1366//1366 1365//1365 1353//1353
f 1355//1355 1367//1367 1366//1366 1354//1354
f 1356//1356 1368//1368 1367//1367 1355//1355
f 1346//1346 1358//1358 1368//1368 1356//1356
f 1357//1357 1369//1369 1370//1370 1358//1358
f 1359//1359 1371//1371 1369//1369 1357//1357
f 1360//1360 1372//1372 1371//1371 1359//1359
f 1361//1361 1373//1373 1372//1372 1360//1360
f 1362//1362 1374//1374 1373//1373 1361//1361
f 1363//1363 1375//1375 1374//1374 1362//1362
f 1364//1364 1376//1376 1375//1375 1363//1363
f 1365//1365 1377//1377 1376//1376 1364//1364
f 1366//1366 1378//1378 1377//1377 1365//1365
f 1367//1367 1379//1379 1378//1378 1366//1366
f 1368//1368 1380//1380 1379//1379 1367//1367
f 1358//1358 1370//1370 1380//1380 1368//1368
f 1369//1369 1381//1381 1382//1382 1370//1370
f 1371//1371 1383//1383 1381//1381 1369//1369
f 1372//1372 1384//1384 1383//1383 1371//1371
f 1373//1373 1385//1385 1384//1384 1372//1372
f 1374//1374 1386//1386 1385//1385 1373//1373
f 1375//1375 1387//1387 1386//1386 1374//1374
f 1376//1376 1388//1388 1387//1387 1375//1375
f 1377//1377 1389//1389 1388//1388 1376//1376
f 1378//1378 1390//1390 1389//1389 1377//1377
f 1379//1379 1391//1391 1390//1390 1378//1378
f 1380//1380 1392//1392 1391//1391 1379//1379
f 1370//1370 1382//1382 1392//1392 1380//1380
f 1381//1381 1393//1393 1394//1394 1382//1382
f 1383//1383 1395//1395 1393//1393 1381//1381
f 1384//1384 1396//1396 1395//1395 1383//1383
f 1385//1385 1397//1397 1396//1396 1384//1384
f 1386//1386 1398//1398 1397//1397 1385//1385
f 1387//1387 1399//1399 1398//1398 1386//1386
f 1388//1388 1400//1400 1399//1399 1387//1387
f 1389//1389 1401//1401 1400//1400 1388//1388
f 1390//1390 1402//1402 1401//1401 1389//1389
f 1391//1391 1403//1403 1402//1402 1390//1390
f 1392//1392 1404//1404 1403//1403 1391//1391
f 1382//1382 1394//1394 1404//1404 1392//1392
f 1393//1393 1405//1405 1406//1406 1394//1394
f 1395//1395 1407//1407 1405//1405 1393//1393
f 1396//1396 1408//1408 1407//1407 1395//1395
f 1397//1397 1409//1409 1408//1408 1396//1396
f 1398//1398 1410//1410 1409//1409 1397//1397
f 1399//1399 1411//1411 1410//1410 1398//1398
f 1400//1400 1412//1412 1411//1411 1399//1399
f 1401//1401 1413//1413 1412//1412 1400//1400
f 1402//1402 1414//1414 1413//1413 1401//1401
f 1403//1403 1415//1415 1414//1414 1402//1402
f 1404//1404 1416//1416 1415//1415 1403//1403
f 1394//1394 1406//1406 1416//1416 1404//1404
f 1405//1405 1417//1417 1418//1418 1406//1406
f 1407//1407 1419//1419 1417//1417 1405//1405
f 1408//1408 1420//1420 1419//1419 1407//1407
f 1409//1409 1421//1421 1420//1420 1408//1408
f 1410//1410 1422//1422 1421//1421 1409//1409
f 1411//1411 1423//1423 1422//1422 1410//1410
f 1412//1412 1424//1424 1423//1423 1411//1411
f 1413//1413 1425//1425 1424//1424 1412//1412
f 1414//1414 1426//1426 1425//1425 1413//1413
f 1415//1415 1427//1427 1426//1426 1414//1414
f 1416//1416 1428//1428 1427//1427 1415//1415
f 1406//1406 1418//1418 1428//1428 1416//1416
f 1417//1417 1429//1429 1430//1430 1418//1418
f 1419//1419 1431//1431 1429//1429 1417//1417
f 1420//1420 1432//1432 1431//1431 1419//1419
f 1421//1421 1433//1433 1432//1432 1420//1420
f 1422//1422 1434//1434 1433//1433 1421//1421
f 1423//1423 1435//1435 1434//1434 1422//1422
f 1424//1424 1436//1436 1435//1435 1423//1423
f 1425//1425 1437//1437 1436//1436 1424//1424
f 1426//1426 1438//1438 1437//1437 1425//1425
f 1427//1427 1439//1439 1438//1438 1426//1426
f 1428//1428 1440//1440 1439//1439 1427//1427
f 1418//1418 1430//1430 1440//1440 1428//1428
f 1429//1429 1441//1441 1442//1442 1430//1430
f 1431//1431 1443//1443 1441//1441 1429//1429
f 1432//1432 1444//1444 1443//1443 1431//1431
f 1433//1433 1445//1445 1444//1444 1432//1432
f 1434//1434 1446//1446 1445//1445 1433//1433
f 1435//1435 1447//1447 1446//1446 1434//1434
f 1436//1436 1448//1448 1447//1447 1435//1435
f 1437//1437 1449//1449 1448//1448 1436//1436
f 1438//1438 1450//1450 1449//1449 1437//1437
f 1439//1439 1451//1451 1450//1450 1438//1438
f 1440//1440 1452//1452 1451//1451 1439//1439
f 1430//1430 1442//1442 1452//1452 1440//1440
f 1441//1441 1453//1453 1454//1454 1442//1442
f 1443//1443 1455//1455 1453//1453 1441//1441
f 1444//1444 1456//1456 1455//1455 1443//1443
f 1445//1445 1457//1457 1456//1456 1444//1444
f 1446//1446 1458//1458 1457//1457 1445//1445
f 1447//1447 1459//1459 1458//1458 1446//1446
f 1448//1448 1460//1460 1459//1459 1447//1447
f 1449//1449 1461//1461 1460//1460 1448//1448
f 1450//1450 1462//1462 1461//1461 1449//1449
f 1451//1451 1463//1463 1462//1462 1450//1450
f 1452//1452 1464//1464 1463//1463 1451//1451
f 1442//1442 1454//1454 1464//1464 1452//1452
f 1453//1453 1465//1465 1466//1466 1454//1454
f 1455//1455 1467//1467 1465//1465 1453//1453
f 1456//1456 1468//1468 1467//1467 1455//1455
f 1457//1457 1469//1469 1468//1468 1456//1456
f 1458//1458 1470//1470 1469//1469 1457//1457
f 1459//1459 1471//1471 1470//1470 1458//1458
f 1460//1460 1472//1472 1471//1471 1459//1459
f 1461//1461 1473//1473 1472//1472 1460//1460
f 1462//1462 1474//1474 1473//1473 1461//1461
f 1463//1463 1475//1475 1474//1474 1462//1462
f 1464//1464 1476//1476 1475//1475 1463//1463
f 1454//1454 1466//1466 1476//1476 1464//1464
f 1465//1465 1477//1477 1478//1478 1466//1466
f 1467//1467 1479//1479 1477//1477 1465//1465
f 1468//1468 1480//1480 1479//1479 1467//1467
f 1469//1469 1481//1481 1480//1480 1468//1468
f 1470//1470 1482//1482 1481//1481 1469//1469
f 1471//1471 1483//1483 1482//1482 1470//1470
f 1472//1472 1484//1484 1483//1483 1471//1471
f 1473//1473 1485//1485 1484//1484 1472//1472
f 1474//1474 1486//1486 1485//1485 1473//1473
f 1475//1475 1487//1487 1486//1486 1474//1474
f 1476//1476 1488//1488 1487//1487 1475//1475
f 1466//1466 1478//1478 1488//1488 1476//1476
f 1477//1477 1489//1489 1490//1490 1478//1478
f 1479//1479 1491//1491 1489//1489 1477//1477
f 1480//1480 1492//1492 1491//1491 1479//1479
f 1481//1481 1493//1493 1492//1492 1480//1480
f 1482//1482 1494//1494 1493//1493 1481//1481
f 1483//1483 1495//1495 1494//1494 1482//1482
f 1484//1484 1496//1496 1495//1495 1483//1483
f 1485//1485 1497//1497 1496//1496 1484//1484
f 1486//1486 1498//1498 1497//1497 1485//1485
f 1487//1487 1499//1499 1498//1498 1486//1486
f 1488//1488 1500//1500 1499//1499 1487//1487
f 1478//1478 1490//1490 1500//1500 1488//1488
f 1489//1489 1501//1501 1502//1502 1490//1490
f 1491//1491 1503//1503 1501//1501 1489//1489
f 1492//1492 1504//1504 1503//1503 1491//1491
f 1493//1493 1505//1505 1504//1504 1492//1492
f 1494//1494 1506//1506 1505//1505 1493//1493
f 1495//1495 1507//1507 1506//1506 1494//1494
f 1496//1496 1508//1508 1507//1507 1495//1495
f 1497//1497 1509//1509 1508//1508 1496//1496
f 1498//1498 1510//1510 1509//1509 1497//1497
f 1499//1499 1511//1511 1510//1510 1498//1498
f 1500//1500 1512//1512 1511//1511 1499//1499
f 1490//1490 1502//1502 1512//1512 1500//1500
f 1501//1501 1513//1513 1514//1514 1502//1502
f 1503//1503 1515//1515 1513//1513 1501//1501
f 1504//1504 1516//1516 1515//1515 1503//1503
f 1505//1505 1517//1517 1516//1516 1504//1504
f 1506//1506 1518//1518 1517//1517 1505//1505
f 1507//1507 1519//1519 1518//1518 1506//1506
f 1508//1508 1520//1520 1519//1519 1507//1507
f 1509//1509 1521//1521 1520//1520 1508//1508
f 1510//1510 1522//1522 1521//1521 1509//1509
f 1511//1511 1523//1523 1522//1522 1510//1510
f 1512//1512 1524//1524 1523//1523 1511//1511
f 1502//1502 1514//1514 1524//1524 1512//1512
f 1513//1513 1525//1525 1526//1526 1514//1514
f 1515//1515 1527//1527 1525//1525 1513//1513
f 1516//1516 1528//1528 1527//1527 1515//1515
f 1517//1517 1529//1529 1528//1528 1516//1516
f 1518//1518 1530//1530 1529//1529 1517//1517
f 1519//1519 1531//1531 1530//1530 1518//1518
f 1520//1520 1532//1532 1531//1531 1519//1519
f 1521//1521 1533//1533 1532//1532 1520//1520
f 1522//1522 1534//1534 1533//1533 1521//1521
f 1523//1523 1535//1535 1534//1534 1522//1522
f 1524//1524 1536//1536 1535//1535 1523//1523
f 1514//1514 1526//1526 1536//1536 1524//1524
f 1525//1525 1537//1537 1538//1538 1526//1526
f 1527//1527 1539//1539 1537//1537 1525//1525
f 1528//1528 1540//1540 1539//1539 1527//1527
f 1529//1529 1541//1541 1540//1540 1528//1528
f 1530//1530 1542//1542 1541//1541 1529//1529
f 1531//1531 1543//1543 1542//1542 1530//1530
f 1532//1532 1544//1544 1543//1543 1531//1531
f 1533//1533 1545//1545 1544//1544 1532//1532
f 1534//1534 1546//1546 1545//1545 1533//1533
f 1535//1535 1547//1547 1546//1546 1534//1534
f 1536//1536 1548//1548 1547//1547 1535//1535
f 1526//1526 1538//1538 1548//1548 1536//1536
f 1537//1537 1549//1549 1550//1550 1538//1538
f 1539//1539 1551//1551 1549//1549 1537//1537
f 1540//1540 1552//1552 1551//1551 1539//1539
f 1541//1541 1553//1553 1552//1552 1540//1540
f 1542//1542 1554//1554 1553//1553 1541//1541
f 1543//1543 1555//1555 1554//1554 1542//1542
f 1544//1544 1556//1556 1555//1555 1543//1543
f 1545//1545 1557//1557 1556//1556 1544//1544
f 1546//1546 1558//1558 1557//1557 1545//1545
f 1547//1547 1559//1559 1558//1558 1546//1546
f 1548//1548 1560//1560 1559//1559 1547//1547
f 1538//1538 1550//1550 1560//1560 1548//1548
f 1549//1549 1561//1561 1562//1562 1550//1550
f 1551//1551 1563//1563 1561//1561 1549//1549
f 1552//1552 1564//1564 1563//1563 1551//1551
f 1553//1553 1565//1565 1564//1564 1552//1552
f 1554//1554 1566//1566 1565//1565 1553//1553
f 1555//1555 1567//1567 1566//1566 1554//1554
f 1556//1556 1568//1568 1567//1567 1555//1555
f 1557//1557 1569//1569 1568//1568 1556//1556
f 1558//1558 1570//1570 1569//1569 1557//1557
f 1559//1559 1571//1571 1570//1570 1558//1558
f 1560//1560 1572//1572 1571//1571 1559//1559
f 1550//1550 1562//1562 1572//1572 1560//1560
f 1561//1561 1573//1573 1574//1574 1562//1562
f 1563//1563 1575//1575 1573//1573 1561//1561
f 1564//1564 1576//1576 1575//1575 1563//1563
f 1565//1565 1577//1577 1576//1576 1564//1564
f 1566//1566 1578//1578 1577//1577 1565//1565
f 1567//1567 1579//1579 1578//1578 1566//1566
f 1568//1568 1580//1580 1579//1579 1567//1567
f 1569//1569 1581//1581 1580//1580 1568//1568
f 1570//1570 1582//1582 1581//1581 1569//1569
f 1571//1571 1583//1583 1582//1582 1570//1570
f 1572//1572 1584//1584 1583//1583 1571//1571
f 1562//1562 1574//1574 1584//1584 1572//1572
f 1573//1573 1585//1585 1586//1586 1574//1574
f 1575//1575 1587//1587 1585//1585 1573//1573
f 1576//1576 1588//1588 1587//1587 1575//1575
f 1577//1577 1589//1589 1588//1588 1576//1576
f 1578//1578 1590//1590 1589//1589 1577//1577
f 1579//1579 1591//1591 1590//1590 1578//1578
f 1580//1580 1592//1592 1591//1591 1579//1579
f 1581//1581 1593//1593 1592//1592 1580//1580
f 1582//1582 1594//1594 1593//1593 1581//1581
f 1583//1583 1595//1595 1594//1594 1582//1582
f 1584//1584 1596//1596 1595//1595 1583//1583
f 1574//1574 1586//1586 1596//1596 1584//1584
f 1585//1585 1597//1597 1598//1598 1586//1586
f 1587//1587 1599//1599 1597//1597 1585//1585
f 1588//1588 1600//1600 1599//1599 1587//1587
f 1589//1589 1601//1601 1600//1600 1588//1588
f 1590//1590 1602//1602 1601//1601 1589//1589
f 1591//1591 1603//1603 1602//1602 1590//1590
f 1592//1592 1604//1604 1603//1603 1591//1591
f 1593//1593 1605//1605 1604//1604 1592//1592
f 1594//1594 1606//1606 1605//1605 1593//1593
f 1595//1595 1607//1607 1606//1606 1594//1594
f 1596//1596 1608//1608 1607//1607 1595//1595
f 1586//1586 1598//1598 1608//1608 1596//1596
f 1597//1597 1609//1609 1610//1610 1598//1598
f 1599//1599 1611//1611 1609//1609 1597//1597
f 1600//1600 1612//1612 1611//1611 1599//1599
f 1601//1601 1613//1613 1612//1612 1600//1600
f 1602//1602 1614//1614 1613//1613 1601//1601
f 1603//1603 1615//1615 1614//1614 1602//1602
f 1604//1604 1616//1616 1615//1615 1603//1603
f 1605//1605 1617//1617 1616//1616 1604//1604
f 1606//1606 1618//1618 1617//1617 1605//1605
f 1607//1607 1619//1619 1618//1618 1606//1606
f 1608//1608 1620//1620 1619//1619 1607//1607
f 1598//1598 1610//1610 1620//1620 1608//1608
f 1609//1609 1621//1621 1622//1622 1610//1610
f 1611//1611 1623//1623 1621//1621 1609//1609
f 1612//1612 1624//1624 1623//1623 1611//1611
f 1613//1613 1625//1625 1624//1624 1612//1612
f 1614//1614 1626//1626 1625//1625 1613//1613
f 1615//1615 1627//1627 1626//1626 1614//1614
f 1616//1616 1628//1628 1627//1627 1615//1615
f 1617//1617 1629//1629 1628//1628 1616//1616
f 1618//1618 1630//1630 1629//1629 1617//1617
f 1619//1619 1631//1631 1630//1630 1618//1618
f 1620//1620 1632//1632 1631//1631 1619//1619
f 1610//1610 1622//1622 1632//1632 1620//1620
f 1621//1621 1633//1633 1634//1634 1622//1622
f 1623//1623 1635//1635 1633//1633 1621//1621
f 1624//1624 1636//1636 1635//1635 1623//1623
f 1625//1625 1637//1637 1636//1636 1624//1624
f 1626//1626 1638//1638 1637//1637 1625//1625
f 1627//1627 1639//1639 1638//1638 1626//1626
f 1628//1628 1640//1640 1639//1639 1627//1627
f 1629//1629 1641//1641 1640//1640 1628//1628
f 1630//1630 1642//1642 1641//1641 1629//1629
f 1631//1631 1643//1643 1642//1642 1630//1630
f 1632//1632 1644//1644 1643//1643 1631//1631
f 1622//1622 1634//1634 1644//1644 1632//1632
f 1633//1633 1645//1645 1646//1646 1634//1634
f 1635//1635 1647//1647 1645//1645 1633//1633
f 1636//1636 1648//1648 1647//1647 1635//1635
f 1637//1637 1649//1649 1648//1648 1636//1636
f 1638//1638 1650//1650 1649//1649 1637//1637
f 1639//1639 1651//1651 1650//1650 1638//1638
f 1640//1640 1652//1652 1651//1651 1639//1639
f 1641//1641 1653//1653 1652//1652 1640//1640
f 1642//1642 1654//1654 1653//1653 1641//1641
f 1643//1643 1655//1655 1654//1654 1642//1642
f 1644//1644 1656//1656 1655//1655 1643//1643
f 1634//1634 1646//1646 1656//1656 1644//1644
f 1645//1645 1657//1657 1658//1658 1646//1646
f 1647//1647 1659//1659 1657//1657 1645//1645
f 1648//1648 1660//1660 1659//1659 1647//1647
f 1649//1649 1661//1661 1660//1660 1648//1648
f 1650//1650 1662//1662 1661//1661 1649//1649
f 1651//1651 1663//1663 1662//1662 1650//1650
f 1652//1652 1664//1664 1663//1663 1651//1651
f 1653//1653 1665//1665 1664//1664 1652//1652
f 1654//1654 1666//1666 1665//1665 1653//1653
f 1655//1655 1667//1667 1666//1666 1654//1654
f 1656//1656 1668//1668 1667//1667 1655//1655
f 1646//1646 1658//1658 1668//1668 1656//1656
f 1657//1657 1669//1669 1670//1670 1658//1658
f 1659//1659 1671//1671 1669//1669 1657//1657
f 1660//1660 1672//1672 1671//1671 1659//1659
f 1661//1661 1673//1673 1672//1672 1660//1660
f 1662//1662 1674//1674 1673//1673 1661//1661
f 1663//1663 1675//1675 1674//1674 1662//1662
f 1664//1664 1676//1676 1675//1675 1663//1663
f 1665//1665 1677//1677 1676//1676 1664//1664
f 1666//1666 1678//1678 1677//1677 1665//1665
f 1667//1667 1679//1679 1678//1678 1666//1666
f 1668//1668 1680//1680 1679//1679 1667//1667
f 1658//1658 1670//1670 1680//1680 1668//1668
f 1669//1669 1681//1681 1682//1682 1670//1670
f 1671//1671 1683//1683 1681//1681 1669//1669
f 1672//1672 1684//1684 1683//1683 1671//1671
f 1673//1673 1685//1685 1684//1684 1672//1672
f 1674//1674 1686//1686 1685//1685 1673//1673
f 1675//1675 1687//1687 1686//1686 1674//1674
f 1676//1676 1688//1688 1687//1687 1675//1675
f 1677//1677 1689//1689 1688//1688 1676//1676
f 1678//1678 1690//1690 1689//1689 1677//1677
f 1679//1679 1691//1691 1690//1690 1678//1678
f 1680//1680 1692//1692 1691//1691 1679//1679
f 1670//1670 1682//1682 1692//1692 1680//1680
f 1681//1681 1693//1693 1694//1694 1682//1682
f 1683//1683 1695//1695 1693//1693 1681//1681
f 1684//1684 1696//1696 1695//1695 1683//1683
f 1685//1685 1697//1697 1696//1696 1684//1684
f 1686//1686 1698//1698 1697//1697 1685//1685
f 1687//1687 1699//1699 1698//1698 1686//1686
f 1688//1688 1700//1700 1699//1699 1687//1687
f 1689//1689 1701//1701 1700//1700 1688//1688
f 1690//1690 1702//1702 1701//1701 1689//1689
f 1691//1691 1703//1703 1702//1702 1690//1690
f 1692//1692 1704//1704 1703//1703 1691//1691
f 1682//1682 1694//1694 1704//1704 1692//1692
f 1693//1693 1705//1705 1706//1706 1694//1694
f 1695//1695 1707//1707 1705//1705 1693//1693
f 1696//1696 1708//1708 1707//1707 1695//1695
f 1697//1697 1709//1709 1708//1708 1696//1696
f 1698//1698 1710//1710 1709//1709 1697//1697
f 1699//1699 1711//1711 1710//1710 1698//1698
f 1700//1700 1712//1712 1711//1711 1699//1699
f 1701//1701 1713//1713 1712//1712 1700//1700
f 1702//1702 1714//1714 1713//1713 1701//1701
f 1703//1703 1715//1715 1714//1714 1702//1702
f 1704//1704 1716//1716 1715//1715 1703//1703
f 1694//1694 1706//1706 1716//1716 1704//1704
f 1705//1705 1717//1717 1718//1718 1706//1706
f 1707//1707 1719//1719 1717//1717 1705//1705
f 1708//1708 1720//1720 1719//1719 1707//1707
f 1709//1709 1721//1721 1720//1720 1708//1708
f 1710//1710 1722//1722 1721//1721 1709//1709
f 1711//1711 1723//1723 1722//1722 1710//1710
f 1712//1712 1724//1724 1723//1723 1711//1711
f 1713//1713 1725//1725 1724//1724 1712//1712
f 1714//1714 1726//1726 1725//1725 1713//1713
f 1715//1715 1727//1727 1726//1726 1714//1714
f 1716//1716 1728//1728 1727//1727 1715//1715
f 1706//1706 1718//1718 1728//1728 1716//1716
f 1717//1717 1729//1729 1730//1730 1718//1718
f 1719//1719 1731//1731 1729//1729 1717//1717
f 1720//1720 1732//1732 1731//1731 1719//1719
f 1721//1721 1733//1733 1732//1732 1720//1720
f 1722//1722 1734//1734 1733//1733 1721//1721
f 1723//1723 1735//1735 1734//1734 1722//1722
f 1724//1724 1736//1736 1735//1735 1723//1723
f 1725//1725 1737//1737 1736//1736 1724//1724
f 1726//1726 1738//1738 1737//1737 1725//1725
f 1727//1727 1739//1739 1738//1738 1726//1726
f 1728//1728 1740//1740 1739//1739 1727//1727
f 1718//1718 1730//1730 1740//1740 1728//1728
f 1729//1729 1741//1741 1742//1742 1730//1730
f 1731//1731 1743//1743 1741//1741 1729//1729
f 1732//1732 1744//1744 1743//1743 1731//1731
f 1733//1733 1745//1745 1744//1744 1732//1732
f 1734//1734 1746//1746 1745//1745 1733//1733
f 1735//1735 1747//1747 1746//1746 1734//1734
f 1736//1736 1748//1748 1747//1747 1735//1735
f 1737//1737 1749//1749 1748//1748 1736//1736
f 1738//1738 1750//1750 1749//1749 1737//1737
f 1739//1739 1751//1751 1750//1750 1738//1738
f 1740//1740 1752//1752 1751//1751 1739//1739
f 1730//1730 1742//1742 1752//1752 1740//1740
f 1741//1741 1753//1753 1754//1754 1742//1742
f 1743//1743 1755//1755 1753//1753 1741//1741
f 1744//1744 1756//1756 1755//1755 1743//1743
f 1745//1745 1757//1757 1756//1756 1744//1744
f 1746//1746 1758//1758 1757//1757 1745//1745
f 1747//1747 1759//1759 1758//1758 1746//1746
f 1748//1748 1760//1760 1759//1759 1747//1747
f 1749//1749 1761//1761 1760//1760 1748//1748
f 1750//1750 1762//1762 1761//1761 1749//1749
f 1751//1751 1763//1763 1762//1762 1750//1750
f 1752//1752 1764//1764 1763//1763 1751//1751
f 1742//1742 1754//1754 1764//1764 1752//1752
f 1753//1753 1765//1765 1766//1766 1754//1754
f 1755//1755 1767//1767 1765//1765 1753//1753
f 1756//1756 1768//1768 1767//1767 1755//1755
f 1757//1757 1769//1769 1768//1768 1756//1756
f 1758//1758 1770//1770 1769//1769 1757//1757
f 1759//1759 1771//1771 1770//1770 1758//1758
f 1760//1760 1772//1772 1771//1771 1759//1759
f 1761//1761 1773//1773 1772//1772 1760//1760
f 1762//1762 1774//1774 1773//1773 1761//1761
f 1763//1763 1775//1775 1774//1774 1762//1762
f 1764//1764 1776//1776 1775//1775 1763//1763
f 1754//1754 1766//1766 1776//1776 1764//1764
f 1765//1765 1777//1777 1778//1778 1766//1766
f 1767//1767 1779//1779 1777//1777 1765//1765
f 1768//1768 1780//1780 1779//1779 1767//1767
f 1769//1769 1781//1781 1780//1780 1768//1768
f 1770//1770 1782//1782 1781//1781 1769//1769
f 1771//1771 1783//1783 1782//1782 1770//1770
f 1772//1772 1784//1784 1783//1783 1771//1771
f 1773//1773 1785//1785 1784//1784 1772//1772
f 1774//1774 1786//1786 1785//1785 1773//1773
f 1775//1775 1787//1787 1786//1786 1774//1774
f 1776//1776 1788//1788 1787//1787 1775//1775
f 1766//1766 1778//1778 1788//1788 1776//1776
f 1777//1777 1789//1789 1790//1790 1778//1778
f 1779//1779 1791//1791 1789//1789 1777//1777
f 1780//1780 1792//1792 1791//1791 1779//1779
f 1781//1781 1793//1793 1792//1792 1780//1780
f 1782//1782 1794//1794 1793//1793 1781//1781
f 1783//1783 1795//1795 1794//1794 1782//1782
f 1784//1784 1796//1796 1795//1795 1783//1783
f 1785//1785 1797//1797 1796//1796 1784//1784
f 1786//1786 1798//1798 1797//1797 1785//1785
f 1787//1787 1799//1799 1798//1798 1786//1786
f 1788//1788 1800//1800 1799//1799 1787//1787
f 1778//1778 1790//1790 1800//1800 1788//1788
f 1789//1789 1801//1801 1802//1802 1790//1790
f 1791//1791 1803//1803 1801//1801 1789//1789
f 1792//1792 1804//1804 1803//1803 1791//1791
f 1793//1793 1805//1805 1804//1804 1792//1792
f 1794//1794 1806//1806 1805//1805 1793//1793
f 1795//1795 1807//1807 1806//1806 1794//1794
f 1796//1796 1808//1808 1807//1807 1795//1795
f 1797//1797 1809//1809 1808//1808 1796//1796
f 1798//1798 1810//1810 1809//1809 1797//1797
f 1799//1799 1811//1811 1810//1810 1798//1798
f 1800//1800 1812//1812 1811//1811 1799//1799
f 1790//1790 1802//1802 1812//1812 1800//1800
f 1801//1801 1813//1813 1814//1814 1802//1802
f 1803//1803 1815//1815 1813//1813 1801//1801
f 1804//1804 1816//1816 1815//1815 1803//1803
f 1805//1805 1817//1817 1816//1816 1804//1804
f 1806//1806 1818//1818 1817//1817 1805//1805
f 1807//1807 1819//1819 1818//1818 1806//1806
f 1808//1808 1820//1820 1819//1819 1807//1807
f 1809//1809 1821//1821 1820//1820 1808//1808
f 1810//1810 1822//1822 1821//1821 1809//1809
f 1811//1811 1823//1823 1822//1822 1810//1810
f 1812//1812 1824//1824 1823//1823 1811//1811
f 1802//1802 1814//1814 1824//1824 1812//1812
f 1813//1813 1825//1825 1826//1826 1814//1814
f 1815//1815 1827//1827 1825//1825 1813//1813
f 1816//1816 1828//1828 1827//1827 1815//1815
f 1817//1817 1829//1829 1828//1828 1816//1816
f 1818//1818 1830//1830 1829//1829 1817//1817
f 1819//1819 1831//1831 1830//1830 1818//1818
f 1820//1820 1832//1832 1831//1831 1819//1819
f 1821//1821 1833//1833 1832//1832 1820//1820
f 1822//1822 1834//1834 1833//1833 1821//1821
f 1823//1823 1835//1835 1834//1834 1822//1822
f 1824//1824 1836//1836 1835//1835 1823//1823
f 1814//1814 1826//1826 1836//1836 1824//1824
f 1825//1825 1837//1837 1838//1838 1826//1826
f 1827//1827 1839//1839 1837//1837 1825//1825
f 1828//1828 1840//1840 1839//1839 1827//1827
f 1829//1829 1841//1841 1840//1840 1828//1828
f 1830//1830 1842//1842 1841//1841 1829//1829
f 1831//1831 1843//1843 1842//1842 1830//1830
f 1832//1832 1844//1844 1843//1843 1831//1831
f 1833//1833 1845//1845 1844//1844 1832//1832
f 1834//1834 1846//1846 1845//1845 1833//1833
f 1835//1835 1847//1847 1846//1846 1834//1834
f 1836//1836 1848//1848 1847//1847 1835//1835
f 1826//1826 1838//1838 1848//1848 1836//1836
f 1837//1837 1849//1849 1850//1850 1838//1838
f 1839//1839 1851//1851 1849//1849 1837//1837
f 1840//1840 1852//1852 1851//1851 1839//1839
f 1841//1841 1853//1853 1852//1852 1840//1840
f 1842//1842 1854//1854 1853//1853 1841//1841
f 1843//1843 1855//1855 1854//1854 1842//1842
f 1844//1844 1856//1856 1855//1855 1843//1843
f 1845//1845 1857//1857 1856//1856 1844//1844
f 1846//1846 1858//1858 1857//1857 1845//1845
f 1847//1847 1859//1859 1858//1858 1846//1846
f 1848//1848 1860//1860 1859//1859 1847//1847
f 1838//1838 1850//1850 1860//1860 1848//1848
f 1849//1849 1861//1861 1862//1862 1850//1850
f 1851//1851 1863//1863 1861//1861 1849//1849
f 1852//1852 1864//1864 1863//1863 1851//1851
f 1853//1853 1865//1865 1864//1864 1852//1852
f 1854//1854 1866//1866 1865//1865 1853//1853
f 1855//1855 1867//1867 1866//1866 1854//1854
f 1856//1856 1868//1868 1867//1867 1855//1855
f 1857//1857 1869//1869 1868//1868 1856//1856
f 1858//1858 1870//1870 1869//1869 1857//1857
f 1859//1859 1871//1871 1870//1870 1858//1858
f 1860//1860 1872//1872 1871//1871 1859//1859
f 1850//1850 1862//1862 1872//1872 1860//1860
f 1861//1861 1873//1873 1874//1874 1862//1862
f 1863//1863 1875//1875 1873//1873 1861//1861
f 1864//1864 1876//1876 1875//1875 1863//1863
f 1865//1865 1877//1877 1876//1876 1864//1864
f 1866//1866 1878//1878 1877//1877 1865//1865
f 1867//1867 1879//1879 1878//1878 1866//1866
f 1868//1868 1880//1880 1879//1879 1867//1867
f 1869//1869 1881//1881 1880//1880 1868//1868
f 1870//1870 1882//1882 1881//1881 1869//1869
f 1871//1871 1883//1883 1882//1882 1870//1870
f 1872//1872 1884//1884 1883//1883 1871//1871
f 1862//1862 1874//1874 1884//1884 1872//1872
f 1873//1873 1885//1885 1886//1886 1874//1874
f 1875//1875 1887//1887 1885//1885 1873//1873
f 1876//1876 1888//1888 1887//1887 1875//1875
f 1877//1877 1889//1889 1888//1888 1876//1876
f 1878//1878 1890//1890 1889//1889 1877//1877
f 1879//1879 1891//1891 1890//1890 1878//1878
f 1880//1880 1892//1892 1891//1891 1879//1879
f 1881//1881 1893//1893 1892//1892 1880//1880
f 1882//1882 1894//1894 1893//1893 1881//1881
f 1883//1883 1895//1895 1894//1894 1882//1882
f 1884//1884 1896//1896 1895//1895 1883//1883
f 1874//1874 1886//1886 1896//1896 1884//1884
f 1885//1885 1897//1897 1898//1898 1886//1886
f 1887//1887 1899//1899 1897//1897 1885//1885
f 1888//1888 1900//1900 1899//1899 1887//1887
f 1889//1889 1901//1901 1900//1900 1888//1888
f 1890//1890 1902//1902 1901//1901 1889//1889
f 1891//1891 1903//1903 1902//1902 1890//1890
f 1892//1892 1904//1904 1903//1903 1891//1891
f 1893//1893 1905//1905 1904//1904 1892//1892
f 1894//1894 1906//1906 1905//1905 1893//1893
f 1895//1895 1907//1907 1906//1906 1894//1894
f 1896//1896 1908//1908 1907//1907 1895//1895
f 1886//1886 1898//1898 1908//1908 1896//1896
f 1909//1909 1910//1910 1911//1911 1912//1912
f 1913//1913 1914//1914 1910//1910 1909//1909
f 1915//1915 1916//1916 1914//1914 1913//1913
f 1917//1917 1918//1918 1916//1916 1915//1915
f 1919//1919 1920//1920 1918//1918 1917//1917
f 1921//1921 1922//1922 1920//1920 1919//1919
f 1923//1923 1924//1924 1922//1922 1921//1921
f 1925//1925 1926//1926 1924//1924 1923//1923
f 1927//1927 1928//1928 1926//1926 1925//1925
f 1929//1929 1930//1930 1928//1928 1927//1927
f 1931//1931 1932//1932 1930//1930 1929//1929
f 1912//1912 1911//1911 1932//1932 1931//1931
f 1910//1910 1933//1933 1934//1934 1911//1911
f 1914//1914 1935//1935 1933//1933 1910//1910
f 1916//1916 1936//1936 1935//1935 1914//1914
f 1918//1918 1937//1937 1936//1936 1916//1916
f 1920//1920 1938//1938 1937//1937 1918//1918
f 1922//1922 1939//1939 1938//1938 1920//1920
f 1924//1924 1940//1940 1939//1939 1922//1922
f 1926//1926 1941//1941 1940//1940 1924//1924
f 1928//1928 1942//1942 1941//1941 1926//1926
f 1930//1930 1943//1943 1942//1942 1928//1928
f 1932//1932 1944//1944 1943//1943 1930//1930
f 1911//1911 1934//1934 1944//1944 1932//1932
f 1933//1933 1945//1945 1946//1946 1934//1934
f 1935//1935 1947//1947 1945//1945 1933//1933
f 1936//1936 1948//1948 1947//1947 1935//1935
f 1937//1937 1949//1949 1948//1948 1936//1936
f 1938//1938 1950//1950 1949//1949 1937//1937
f 1939//1939 1951//1951 1950//1950 1938//1938
f 1940//1940 1952//1952 1951//1951 1939//1939
f 1941//1941 1953//1953 1952//1952 1940//1940
f 1942//1942 1954//1954 1953//1953 1941//1941
f 1943//1943 1955//1955 1954//1954 1942//1942
f 1944//1944 1956//1956 1955//1955 1943//1943
f 1934//1934 1946//1946 1956//1956 1944//1944
f 1945//1945 1957//1957 1958//1958 1946//1946
f 1947//1947 1959//1959 1957//1957 1945//1945
f 1948//1948 1960//1960 1959//1959 1947//1947
f 1949//1949 1961//1961 1960//1960 1948//1948
f 1950//1950 1962//1962 1961//1961 1949//1949
f 1951//1951 1963//1963 1962//1962 1950//1950
f 1952//1952 1964//1964 1963//1963 1951//1951
f 1953//1953 1965//1965 1964//1964 1952//1952
f 1954//1954 1966//1966 1965//1965 1953//1953
f 1955//1955 1967//1967 1966//1966 1954//1954
f 1956//1956 1968//1968 1967//1967 1955//1955
f 1946//1946 1958//1958 1968//1968 1956//1956
f 1957//1957 1969//1969 1970//1970 1958//1958
f 1959//1959 1971//1971 1969//1969 1957//1957
f 1960//1960 1972//1972 1971//1971 1959//1959
f 1961//1961 1973//1973 1972//1972 1960//1960
f 1962//1962 1974//1974 1973//1973 1961//1961
f 1963//1963 1975//1975 1974//1974 1962//1962
f 1964//1964 1976//1976 1975//1975 1963//1963
f 1965//1965 1977//1977 1976//1976 1964//1964
f 1966//1966 1978//1978 1977//1977 1965//1965
f 1967//1967 1979//1979 1978//1978 1966//1966
f 1968//1968 1980//1980 1979//1979 1967//1967
f 1958//1958 1970//1970 1980//1980 1968//1968
f 1969//1969 1981//1981 1982//1982 1970//1970
f 1971//1971 1983//1983 1981//1981 1969//1969
f 1972//1972 1984//1984 1983//1983 1971//1971
f 1973//1973 1985//1985 1984//1984 1972//1972
f 1974//1974 1986//1986 1985//1985 1973//1973
f 1975//1975 1987//1987 1986//1986 1974//1974
f 1976//1976 1988//1988 1987//1987 1975//1975
f 1977//1977 1989//1989 1988//1988 1976//1976
f 1978//1978 1990//1990 1989//1989 1977//1977
f 1979//1979 1991//1991 1990//1990 1978//1978
f 1980//1980 1992//1992 1991//1991 1979//1979
f 1970//1970 1982//1982 1992//1992 1980//1980
f 1981//1981 1993//1993 1994//1994 1982//1982
f 1983//1983 1995//1995 1993//1993 1981//1981
f 1984//1984 1996//1996 1995//1995 1983//1983
f 1985//1985 1997//1997 1996//1996 1984//1984
f 1986//1986 1998//1998 1997//1997 1985//1985
f 1987//1987 1999//1999 1998//1998 1986//1986
f 1988//1988 2000//2000 1999//1999 1987//1987
f 1989//1989 2001//2001 2000//2000 1988//1988
f 1990//1990 2002//2002 2001//2001 1989//1989
f 1991//1991 2003//2003 2002//2002 1990//1990
f 1992//1992 2004//2004 2003//2003 1991//1991
f 1982//1982 1994//1994 2004//2004 1992//1992
f 1993//1993 2005//2005 2006//2006 1994//1994
f 1995//1995 2007//2007 2005//2005 1993//1993
f 1996//1996 2008//2008 2007//2007 1995//1995
f 1997//1997 2009//2009 2008//2008 1996//1996
f 1998//1998 2010//2010 2009//2009 1997//1997
f 1999//1999 2011//2011 2010//2010 1998//1998
f 2000//2000 2012//2012 2011//2011 1999//1999
f 2001//2001 2013//2013 2012//2012 2000//2000
f 2002//2002 2014//2014 2013//2013 2001//2001
f 2003//2003 2015//2015 2014//2014 2002//2002
f 2004//2004 2016//2016 2015//2015 2003//2003
f 1994//1994 2006//2006 2016//2016 2004//2004
f 2005//2005 2017//2017 2018//2018 2006//2006
f 2007//2007 2019//2019 2017//2017 2005//2005
f 2008//2008 2020//2020 2019//2019 2007//2007
f 2009//2009 2021//2021 2020//2020 2008//2008
f 2010//2010 2022//2022 2021//2021 2009//2009
f 2011//2011 2023//2023 2022//2022 2010//2010
f 2012//2012 2024//2024 2023//2023 2011//2011
f 2013//2013 2025//2025 2024//2024 2012//2012
f 2014//2014 2026//2026 2025//2025 2013//2013
f 2015//2015 2027//2027 2026//2026 2014//2014
f 2016//2016 2028//2028 2027//2027 2015//2015
f 2006//2006 2018//2018 2028//2028 2016//2016
f 2017//2017 2029//2029 2030//2030 2018//2018
f 2019//2019 2031//2031 2029//2029 2017//2017
f 2020//2020 2032//2032 2031//2031 2019//2019
f 2021//2021 2033//2033 2032//2032 2020//2020
f 2022//2022 2034//2034 2033//2033 2021//2021
f 2023//2023 2035//2035 2034//2034 2022//2022
f 2024//2024 2036//2036 2035//2035 2023//2023
f 2025//2025 2037//2037 2036//2036 2024//2024
f 2026//2026 2038//2038 2037//2037 2025//2025
f 2027//2027 2039//2039 2038//2038 2026//2026
f 2028//2028 2040//2040 2039//2039 2027//2027
f 2018//2018 2030//2030 2040//2040 2028//2028
f 2029//2029 2041//2041 2042//2042 2030//2030
f 2031//2031 2043//2043 2041//2041 2029//2029
f 2032//2032 2044//2044 2043//2043 2031//2031
f 2033//2033 2045//2045 2044//2044 2032//2032
f 2034//2034 2046//2046 2045//2045 2033//2033
f 2035//2035 2047//2047 2046//2046 2034//2034
f 2036//2036 2048//2048 2047//2047 2035//2035
f 2037//2037 2049//2049 2048//2048 2036//2036
f 2038//2038 2050//2050 2049//2049 2037//2037
f 2039//2039 2051//2051 2050//2050 2038//2038
f 2040//2040 2052//2052 2051//2051 2039//2039
f 2030//2030 2042//2042 2052//2052 2040//2040
f 2041//2041 2053//2053 2054//2054 2042//2042
f 2043//2043 2055//2055 2053//2053 2041//2041
f 2044//2044 2056//2056 2055//2055 2043//2043
f 2045//2045 2057//2057 2056//2056 2044//2044
f 2046//2046 2058//2058 2057//2057 2045//2045
f 2047//2047 2059//2059 2058//2058 2046//2046
f 2048//2048 2060//2060 2059//2059 2047//2047
f 2049//2049 2061//2061 2060//2060 2048//2048
f 2050//2050 2062//2062 2061//2061 2049//2049
f 2051//2051 2063//2063 2062//2062 2050//2050
f 2052//2052 2064//2064 2063//2063 2051//2051
f 2042//2042 2054//2054 2064//2064 2052//2052
