# Extracted from Open3DModel lower-limb.obj — Plantar_tarsometatarsal_ligaments.r
# License: CC BY-SA 4.0 — AnatomyTOOL Open3D create
o Plantar_tarsometatarsal_ligaments.r
v -0.107129 0.031925 -0.010558
v -0.106973 0.031992 -0.010101
v -0.106837 0.031787 -0.010228
v -0.107197 0.031916 -0.010513
v -0.099498 0.032065 0.004122
v -0.099656 0.032118 0.004158
v -0.099775 0.031929 0.004198
v -0.099610 0.031798 0.004174
v -0.099666 0.031779 0.003892
v -0.099600 0.032038 0.003865
v -0.099757 0.032169 0.003925
v -0.107242 0.031453 -0.010423
v -0.107399 0.031638 -0.010255
v -0.099964 0.032044 0.003990
v -0.101446 0.029365 0.002349
v -0.101133 0.029943 0.002429
v -0.100998 0.029901 0.002968
v -0.101472 0.029128 0.002715
v -0.101951 0.028639 0.002046
v -0.101739 0.029104 0.001822
v -0.101470 0.029838 0.001586
v -0.107628 0.026482 -0.006788
v -0.107433 0.026515 -0.006281
v -0.107849 0.026166 -0.005969
v -0.107904 0.026213 -0.006806
v -0.107446 0.027026 -0.007356
v -0.107136 0.027148 -0.006913
v -0.107681 0.026884 -0.007653
v -0.102437 0.029528 0.001955
v -0.102130 0.030043 0.002041
v -0.102686 0.029709 0.000891
v -0.102920 0.029107 0.001133
v -0.103234 0.028711 0.001373
v -0.102535 0.029249 0.002413
v -0.102015 0.029933 0.002718
v -0.107964 0.026833 -0.005693
v -0.107696 0.026968 -0.005183
v -0.107343 0.027263 -0.005579
v -0.107783 0.027029 -0.006150
v -0.108309 0.026610 -0.005727
v -0.108044 0.026761 -0.004905
v -0.108135 0.026814 -0.006509
v -0.107500 0.027642 -0.006770
v -0.107815 0.027472 -0.007186
v -0.108097 0.027294 -0.007520
v -0.108415 0.026620 -0.006702
v -0.108600 0.026427 -0.005717
v -0.108326 0.026595 -0.004701
v -0.108678 0.026431 -0.006870
v -0.108938 0.026219 -0.005713
v -0.108592 0.026413 -0.004492
v -0.107820 0.026769 -0.003444
v -0.107583 0.026932 -0.003687
v -0.109238 0.026021 -0.005720
v -0.108792 0.026199 -0.004304
v -0.107997 0.026532 -0.003222
v -0.107172 0.026789 -0.002233
v -0.107006 0.027044 -0.002439
v -0.108707 0.025902 -0.004268
v -0.107881 0.026271 -0.003215
v -0.107045 0.026574 -0.002267
v -0.106257 0.026801 -0.001264
v -0.106393 0.027010 -0.001216
v -0.107595 0.026315 -0.003444
v -0.106773 0.026647 -0.002493
v -0.105980 0.026891 -0.001489
v -0.105199 0.027093 -0.000400
v -0.105477 0.027011 -0.000183
v -0.106503 0.026771 -0.002732
v -0.105715 0.027018 -0.001716
v -0.104933 0.027225 -0.000625
v -0.104144 0.027424 0.000514
v -0.104406 0.027298 0.000748
v -0.105444 0.027165 -0.001955
v -0.104663 0.027376 -0.000860
v -0.103886 0.027578 0.000272
v -0.103110 0.027831 0.001424
v -0.103341 0.027672 0.001672
v -0.104360 0.027557 -0.001105
v -0.103589 0.027762 0.000031
v -0.102870 0.028023 0.001198
v -0.102180 0.028358 0.002289
v -0.102354 0.028184 0.002536
v -0.103235 0.028023 -0.000204
v -0.102560 0.028312 0.000988
v -0.102916 0.028541 -0.000448
v -0.102294 0.028788 0.000777
v -0.102638 0.029375 -0.000699
v -0.102035 0.029575 0.000500
v -0.102395 0.030078 -0.000888
v -0.101808 0.030194 0.000333
v -0.101242 0.030348 0.001493
v -0.100874 0.030455 0.002411
v -0.101637 0.030587 0.000236
v -0.101064 0.030696 0.001421
v -0.100681 0.030822 0.002349
v -0.100476 0.030890 0.002897
v -0.100694 0.030487 0.002946
v -0.100907 0.030973 0.001346
v -0.100530 0.031096 0.002290
v -0.100316 0.031183 0.002843
v -0.100167 0.031229 0.003261
v -0.100349 0.030916 0.003293
v -0.100380 0.031366 0.002232
v -0.100176 0.031441 0.002793
v -0.100017 0.031491 0.003217
v -0.099895 0.031512 0.003588
v -0.100061 0.031237 0.003621
v -0.100054 0.031710 0.002753
v -0.099902 0.031747 0.003169
v -0.099779 0.031770 0.003545
v -0.099810 0.031509 0.003926
v -0.099859 0.032028 0.003146
v -0.099731 0.032042 0.003515
v -0.100047 0.032190 0.003212
v -0.099897 0.032195 0.003577
v -0.100299 0.032077 0.003309
v -0.100136 0.032089 0.003680
v -0.100520 0.031898 0.003394
v -0.100365 0.031900 0.003765
v -0.100199 0.031842 0.004076
v -0.100591 0.031648 0.003822
v -0.100438 0.031585 0.004120
v -0.100204 0.031422 0.004313
v -0.099984 0.031684 0.004267
v -0.099992 0.031249 0.004259
v -0.099793 0.031528 0.004235
v -0.099990 0.031221 0.003946
v -0.100210 0.030944 0.004276
v -0.100199 0.030901 0.003959
v -0.100264 0.030910 0.003633
v -0.100454 0.030483 0.003975
v -0.100516 0.030478 0.003640
v -0.100593 0.030486 0.003307
v -0.100889 0.029812 0.003636
v -0.100932 0.029862 0.003302
v -0.101562 0.028845 0.003375
v -0.101511 0.028951 0.003062
v -0.100877 0.029779 0.003973
v -0.101644 0.028765 0.003722
v -0.102543 0.028032 0.002815
v -0.101770 0.028752 0.004058
v -0.102778 0.027948 0.003103
v -0.103586 0.027534 0.001924
v -0.103027 0.028076 0.003303
v -0.103869 0.027606 0.002136
v -0.104684 0.027264 0.000971
v -0.104039 0.027862 0.002196
v -0.104863 0.027511 0.001041
v -0.105643 0.027233 -0.000118
v -0.104716 0.027769 0.000868
v -0.105488 0.027498 -0.000290
v -0.106228 0.027261 -0.001404
v -0.105251 0.027673 -0.000508
v -0.106001 0.027441 -0.001626
v -0.106774 0.027217 -0.002677
v -0.105756 0.027599 -0.001862
v -0.106523 0.027371 -0.002928
v -0.107329 0.027082 -0.003942
v -0.106212 0.027561 -0.003216
v -0.107008 0.027281 -0.004260
v -0.105819 0.027870 -0.003545
v -0.106629 0.027593 -0.004647
v -0.105351 0.028542 -0.003941
v -0.106212 0.028234 -0.005140
v -0.107007 0.027882 -0.006147
v -0.105807 0.029154 -0.005602
v -0.106647 0.028880 -0.006769
v -0.107178 0.028686 -0.007452
v -0.106182 0.029743 -0.007046
v -0.106769 0.029730 -0.007937
v -0.107121 0.029672 -0.008387
v -0.107512 0.028550 -0.007882
v -0.107361 0.029591 -0.008635
v -0.107739 0.028443 -0.008164
v -0.107590 0.029496 -0.008881
v -0.107955 0.028324 -0.008428
v -0.108308 0.027140 -0.007770
v -0.108138 0.028213 -0.008703
v -0.108505 0.026967 -0.008030
v -0.108947 0.026208 -0.007050
v -0.108606 0.026774 -0.008278
v -0.109027 0.025917 -0.007204
v -0.109220 0.025679 -0.005754
v -0.108738 0.025788 -0.007172
v -0.108863 0.025610 -0.005784
v -0.108404 0.025898 -0.004448
v -0.108513 0.025760 -0.005822
v -0.108097 0.026039 -0.004667
v -0.107315 0.026446 -0.003695
v -0.107799 0.026199 -0.004882
v -0.107046 0.026591 -0.003944
v -0.106233 0.026914 -0.002978
v -0.106726 0.026778 -0.004245
v -0.105921 0.027093 -0.003256
v -0.105136 0.027345 -0.002206
v -0.105508 0.027402 -0.003611
v -0.104752 0.027624 -0.002500
v -0.103999 0.027823 -0.001369
v -0.104304 0.028236 -0.002844
v -0.103623 0.028382 -0.001652
v -0.103873 0.029206 -0.003163
v -0.103247 0.029292 -0.001921
v -0.103610 0.029849 -0.003415
v -0.102983 0.029998 -0.002122
v -0.103456 0.030205 -0.003565
v -0.102804 0.030415 -0.002263
v -0.102217 0.030518 -0.000999
v -0.102661 0.030725 -0.002376
v -0.102060 0.030844 -0.001088
v -0.101475 0.030889 0.000156
v -0.101906 0.031133 -0.001174
v -0.101308 0.031167 0.000075
v -0.100749 0.031244 0.001267
v -0.101152 0.031449 -0.000001
v -0.100615 0.031530 0.001195
v -0.100255 0.031644 0.002180
v -0.100587 0.031841 0.001165
v -0.100211 0.031945 0.002149
v -0.100003 0.032002 0.002730
v -0.100410 0.032127 0.002211
v -0.100198 0.032166 0.002792
v -0.100682 0.032024 0.002320
v -0.100467 0.032060 0.002887
v -0.100904 0.031824 0.002413
v -0.100693 0.031872 0.002967
v -0.101085 0.031582 0.002490
v -0.100882 0.031638 0.003039
v -0.100728 0.031661 0.003466
v -0.101061 0.031364 0.003105
v -0.100934 0.031364 0.003518
v -0.100820 0.031336 0.003862
v -0.101176 0.030986 0.003549
v -0.101083 0.030935 0.003898
v -0.100960 0.030874 0.004195
v -0.100673 0.031280 0.004157
v -0.100716 0.030711 0.004370
v -0.100433 0.031120 0.004340
v -0.100485 0.030538 0.004292
v -0.101175 0.029998 0.004410
v -0.100940 0.029814 0.004298
v -0.102002 0.028937 0.004235
v -0.101399 0.030193 0.004246
v -0.102180 0.029218 0.004134
v -0.103192 0.028350 0.003331
v -0.102170 0.029406 0.003804
v -0.103077 0.028610 0.003128
v -0.103906 0.028118 0.002022
v -0.102886 0.028822 0.002868
v -0.103693 0.028320 0.001800
v -0.104481 0.027948 0.000648
v -0.103477 0.028496 0.001587
v -0.104241 0.028114 0.000422
v -0.105009 0.027837 -0.000730
v -0.103947 0.028321 0.000193
v -0.104720 0.028031 -0.000964
v -0.105458 0.027782 -0.002118
v -0.104343 0.028351 -0.001234
v -0.105062 0.028094 -0.002409
v -0.103964 0.028990 -0.001512
v -0.104603 0.028765 -0.002729
v -0.103633 0.029885 -0.001779
v -0.104225 0.029682 -0.003038
v -0.104950 0.029436 -0.004305
v -0.104001 0.030228 -0.003261
v -0.104724 0.029954 -0.004521
v -0.105501 0.029748 -0.005808
v -0.104580 0.030260 -0.004659
v -0.105302 0.030085 -0.005906
v -0.105914 0.030164 -0.007127
v -0.105127 0.030360 -0.005994
v -0.105733 0.030434 -0.007172
v -0.106286 0.030642 -0.008139
v -0.106487 0.030315 -0.008100
v -0.106696 0.030813 -0.008732
v -0.106881 0.030366 -0.008632
v -0.107016 0.030894 -0.009104
v -0.107157 0.030343 -0.008930
v -0.107275 0.030891 -0.009375
v -0.107384 0.030305 -0.009168
v -0.107484 0.030845 -0.009636
v -0.107591 0.030244 -0.009435
v -0.107792 0.029397 -0.009146
v -0.107739 0.030159 -0.009743
v -0.107927 0.029290 -0.009448
v -0.108246 0.028076 -0.009013
v -0.107748 0.029189 -0.009571
v -0.108035 0.027955 -0.009123
v -0.108374 0.026599 -0.008362
v -0.107784 0.027977 -0.008899
v -0.108097 0.026650 -0.008157
v -0.108426 0.025881 -0.007054
v -0.107883 0.026772 -0.007906
v -0.108142 0.026042 -0.006921
v -0.108180 0.025946 -0.005879
v -0.107458 0.026404 -0.005156
v -0.107002 0.026763 -0.005642
v -0.106279 0.027125 -0.004691
v -0.106625 0.027404 -0.006278
v -0.105838 0.027790 -0.005240
v -0.105028 0.028066 -0.004033
v -0.105436 0.028745 -0.005766
v -0.104597 0.029006 -0.004435
v -0.105147 0.029345 -0.005997
v -0.104342 0.029599 -0.004689
v -0.104938 0.029720 -0.006107
v -0.104198 0.029917 -0.004827
v -0.104761 0.030020 -0.006197
v -0.104059 0.030204 -0.004950
v -0.103324 0.030495 -0.003689
v -0.103916 0.030478 -0.005074
v -0.103190 0.030781 -0.003814
v -0.102522 0.031020 -0.002482
v -0.103061 0.031069 -0.003937
v -0.102389 0.031317 -0.002585
v -0.101758 0.031429 -0.001256
v -0.102305 0.031629 -0.002665
v -0.101667 0.031737 -0.001309
v -0.101091 0.031757 -0.000034
v -0.101860 0.031948 -0.001230
v -0.101293 0.031941 0.000052
v -0.100790 0.032032 0.001242
v -0.101557 0.031859 0.000174
v -0.101059 0.031951 0.001371
v -0.101762 0.031631 0.000276
v -0.101256 0.031728 0.001485
v -0.101936 0.031375 0.000368
v -0.101419 0.031477 0.001588
v -0.102095 0.031108 0.000453
v -0.101565 0.031217 0.001684
v -0.101245 0.031317 0.002562
v -0.101714 0.030932 0.001781
v -0.101414 0.031019 0.002637
v -0.101267 0.031020 0.003162
v -0.101644 0.030587 0.002717
v -0.101558 0.030505 0.003217
v -0.101515 0.030413 0.003583
v -0.102036 0.029736 0.003157
v -0.102104 0.029555 0.003483
v -0.101483 0.030314 0.003921
v -0.102701 0.029019 0.002640
v -0.101888 0.030577 0.001896
v -0.102256 0.030804 0.000539
v -0.102451 0.030364 0.000667
v -0.102836 0.030648 -0.000722
v -0.103053 0.030086 -0.000557
v -0.103312 0.029274 -0.000307
v -0.103598 0.028652 -0.000051
v -0.103405 0.030471 -0.001976
v -0.102670 0.031009 -0.000818
v -0.103241 0.030836 -0.002113
v -0.103855 0.030558 -0.003411
v -0.103098 0.031129 -0.002225
v -0.103718 0.030843 -0.003542
v -0.104437 0.030537 -0.004790
v -0.103570 0.031118 -0.003678
v -0.104284 0.030806 -0.004923
v -0.104939 0.030627 -0.006091
v -0.104112 0.031057 -0.005071
v -0.104740 0.030869 -0.006197
v -0.105306 0.030971 -0.007280
v -0.105534 0.030713 -0.007215
v -0.105844 0.031222 -0.008213
v -0.106071 0.030938 -0.008171
v -0.106295 0.031461 -0.008848
v -0.106506 0.031147 -0.008774
v -0.106645 0.031620 -0.009268
v -0.106847 0.031296 -0.009184
v -0.106942 0.031708 -0.009616
v -0.107135 0.031348 -0.009505
v -0.107193 0.031715 -0.009929
v -0.107371 0.031324 -0.009785
v -0.107553 0.031229 -0.010112
v -0.107645 0.030764 -0.009948
v -0.107387 0.031090 -0.010284
v -0.107474 0.030658 -0.010114
v -0.107570 0.030067 -0.009882
v -0.107191 0.030661 -0.009888
v -0.107293 0.030069 -0.009669
v -0.107481 0.029201 -0.009360
v -0.107043 0.030075 -0.009422
v -0.107241 0.029243 -0.009111
v -0.107572 0.028031 -0.008634
v -0.106999 0.029284 -0.008860
v -0.107362 0.028103 -0.008371
v -0.106752 0.029317 -0.008588
v -0.107149 0.028157 -0.008083
v -0.106827 0.028249 -0.007649
v -0.106412 0.029309 -0.008118
v -0.105896 0.029285 -0.007304
v -0.106304 0.028458 -0.007004
v -0.106504 0.030039 -0.008848
v -0.106134 0.029922 -0.008319
v -0.105597 0.029768 -0.007392
v -0.105943 0.030300 -0.008403
v -0.105389 0.030074 -0.007418
v -0.105747 0.030617 -0.008455
v -0.105195 0.030371 -0.007456
v -0.104592 0.030292 -0.006282
v -0.105004 0.030662 -0.007497
v -0.104429 0.030571 -0.006366
v -0.103775 0.030750 -0.005205
v -0.104307 0.030858 -0.006431
v -0.103684 0.031038 -0.005321
v -0.102968 0.031373 -0.004048
v -0.103870 0.031211 -0.005251
v -0.103163 0.031550 -0.003984
v -0.102490 0.031822 -0.002605
v -0.103401 0.031379 -0.003823
v -0.102756 0.031673 -0.002460
v -0.102138 0.031822 -0.001101
v -0.102940 0.031413 -0.002339
v -0.102341 0.031571 -0.000998
v -0.102516 0.031298 -0.000904
v -0.104478 0.031010 -0.006337
v -0.104862 0.030978 -0.007505
v -0.105032 0.031151 -0.007382
v -0.105407 0.031270 -0.008462
v -0.105570 0.031442 -0.008299
v -0.105888 0.031551 -0.009131
v -0.106036 0.031713 -0.008963
v -0.106258 0.031714 -0.009568
v -0.106401 0.031882 -0.009402
v -0.106566 0.031789 -0.009902
v -0.106704 0.031981 -0.009759
v -0.106394 0.031365 -0.009528
v -0.106701 0.031447 -0.009857
v -0.106986 0.031460 -0.010155
v -0.106825 0.031095 -0.009777
v -0.107102 0.031099 -0.010050
v -0.106935 0.030655 -0.009642
v -0.106668 0.030621 -0.009369
v -0.106796 0.030074 -0.009171
v -0.106530 0.031034 -0.009469
v -0.106188 0.030862 -0.009062
v -0.106353 0.030504 -0.009005
v -0.106032 0.031204 -0.009114
v -0.105565 0.030935 -0.008479
v -0.093743 0.037374 0.008075
v -0.093769 0.037259 0.008455
v -0.093950 0.036993 0.008374
v -0.093991 0.037148 0.008042
v -0.093907 0.037503 0.008115
v -0.093939 0.037447 0.008464
v -0.094142 0.037312 0.008017
v -0.094239 0.037307 0.008366
v -0.099270 0.033307 0.010548
v -0.098688 0.033622 0.010891
v -0.098816 0.033817 0.010836
v -0.099212 0.033488 0.010362
v -0.099270 0.033241 0.009740
v -0.099228 0.033054 0.009785
v -0.095536 0.036037 0.011450
v -0.095446 0.036142 0.011705
v -0.095102 0.036288 0.011329
v -0.095344 0.036119 0.011140
v -0.095601 0.035902 0.010974
v -0.095790 0.035848 0.011410
v -0.095836 0.035887 0.011776
v -0.098302 0.033483 0.009879
v -0.098035 0.033603 0.010013
v -0.098204 0.033598 0.010359
v -0.098547 0.033408 0.010055
v -0.098314 0.033424 0.009545
v -0.097927 0.033583 0.009529
v -0.098657 0.033262 0.009637
v -0.098853 0.033740 0.010029
v -0.099069 0.033619 0.010161
v -0.098685 0.033919 0.010565
v -0.098492 0.033964 0.010238
v -0.098354 0.033958 0.009841
v -0.098807 0.033697 0.009689
v -0.099081 0.033474 0.009692
v -0.098846 0.033327 0.010278
v -0.098423 0.033578 0.010630
v -0.098962 0.033112 0.009730
v -0.095183 0.035696 0.011385
v -0.095013 0.035771 0.011119
v -0.094847 0.035980 0.011325
v -0.095152 0.035816 0.011642
v -0.095524 0.035548 0.011738
v -0.095427 0.035491 0.011377
v -0.095269 0.035506 0.010960
v -0.095820 0.035140 0.011292
v -0.095642 0.035147 0.010844
v -0.095404 0.035242 0.010207
v -0.095033 0.035636 0.010419
v -0.094764 0.035916 0.010615
v -0.094724 0.035948 0.009548
v -0.094458 0.036239 0.009728
v -0.094228 0.036474 0.009883
v -0.094558 0.036137 0.010786
v -0.094043 0.036721 0.010030
v -0.094399 0.036371 0.010946
v -0.094732 0.036205 0.011509
v -0.094545 0.036549 0.010942
v -0.094863 0.036377 0.011505
v -0.095304 0.036231 0.011937
v -0.095130 0.036009 0.011933
v -0.095821 0.035885 0.012087
v -0.095651 0.035668 0.012070
v -0.096324 0.035466 0.011948
v -0.096149 0.035260 0.011957
v -0.095964 0.035162 0.011641
v -0.096914 0.034633 0.011728
v -0.096713 0.034516 0.011416
v -0.096559 0.034486 0.011068
v -0.097751 0.033874 0.011008
v -0.097578 0.033864 0.010685
v -0.097389 0.033867 0.010282
v -0.096380 0.034476 0.010634
v -0.097174 0.033889 0.009661
v -0.096142 0.034516 0.009949
v -0.097033 0.033919 0.008809
v -0.095929 0.034612 0.009004
v -0.095135 0.035464 0.009309
v -0.095840 0.034658 0.008484
v -0.095006 0.035594 0.008734
v -0.094590 0.036136 0.008943
v -0.094918 0.035670 0.008338
v -0.094512 0.036231 0.008531
v -0.094240 0.036582 0.008660
v -0.094318 0.036461 0.009088
v -0.093999 0.036862 0.008770
v -0.094077 0.036720 0.009213
v -0.093809 0.037149 0.008881
v -0.093887 0.036994 0.009340
v -0.093994 0.037355 0.008900
v -0.094072 0.037195 0.009371
v -0.094216 0.036910 0.010051
v -0.094403 0.037071 0.009261
v -0.094532 0.036808 0.009915
v -0.094818 0.036455 0.010780
v -0.094806 0.036630 0.009748
v -0.095076 0.036296 0.010604
v -0.095075 0.036384 0.009540
v -0.095339 0.036073 0.010399
v -0.095494 0.035917 0.009241
v -0.095752 0.035665 0.010112
v -0.095999 0.035536 0.010770
v -0.096458 0.034937 0.009793
v -0.096686 0.034901 0.010557
v -0.096847 0.034898 0.010998
v -0.096170 0.035513 0.011247
v -0.096990 0.034917 0.011362
v -0.096278 0.035519 0.011628
v -0.097080 0.034874 0.011692
v -0.098004 0.034262 0.010929
v -0.098105 0.034216 0.011248
v -0.097972 0.033978 0.011300
v -0.097841 0.034259 0.010568
v -0.097685 0.034244 0.010159
v -0.097486 0.034276 0.009465
v -0.098251 0.033934 0.009245
v -0.098174 0.033879 0.008505
v -0.098663 0.033563 0.008435
v -0.098720 0.033645 0.009105
v -0.097347 0.034302 0.008639
v -0.097281 0.034307 0.008134
v -0.098137 0.033835 0.008021
v -0.096289 0.035037 0.008882
v -0.096200 0.035089 0.008370
v -0.096138 0.035118 0.007967
v -0.097228 0.034313 0.007761
v -0.095386 0.036036 0.008661
v -0.095324 0.036064 0.008263
v -0.095242 0.036068 0.007916
v -0.096069 0.035130 0.007633
v -0.094960 0.036578 0.008907
v -0.094901 0.036638 0.008461
v -0.094843 0.036646 0.008108
v -0.094702 0.036616 0.007784
v -0.095080 0.036016 0.007612
v -0.094604 0.036995 0.008637
v -0.094536 0.037036 0.008247
v -0.094431 0.037010 0.007906
v -0.094242 0.036837 0.007934
v -0.094496 0.036448 0.007819
v -0.094457 0.036313 0.008158
v -0.094854 0.035738 0.007993
v -0.094866 0.035843 0.007655
v -0.094182 0.036680 0.008275
v -0.095733 0.034734 0.007736
v -0.095747 0.034836 0.007403
v -0.095925 0.035044 0.007355
v -0.096936 0.034005 0.007251
v -0.097071 0.034211 0.007160
v -0.097175 0.034307 0.007440
v -0.097923 0.033635 0.007089
v -0.098030 0.033747 0.007357
v -0.098093 0.033795 0.007675
v -0.098470 0.033424 0.007304
v -0.098560 0.033465 0.007619
v -0.098622 0.033502 0.007966
v -0.098918 0.033177 0.007556
v -0.098981 0.033219 0.007952
v -0.098985 0.033298 0.008417
v -0.099239 0.032918 0.007965
v -0.099227 0.032984 0.008441
v -0.099222 0.033112 0.009097
v -0.098997 0.033400 0.009066
v -0.099263 0.032685 0.008463
v -0.099219 0.032854 0.009131
v -0.098980 0.032749 0.008405
v -0.098946 0.032931 0.009071
v -0.098690 0.032953 0.008327
v -0.098665 0.033101 0.008980
v -0.098361 0.033177 0.008265
v -0.098349 0.033293 0.008879
v -0.097922 0.033439 0.008236
v -0.097919 0.033511 0.008798
v -0.096979 0.033913 0.008288
v -0.097884 0.033411 0.007841
v -0.096935 0.033915 0.007907
v -0.095779 0.034699 0.008072
v -0.096913 0.033929 0.007579
v -0.097835 0.033413 0.007531
v -0.097818 0.033459 0.007199
v -0.098292 0.033115 0.007510
v -0.098258 0.033149 0.007165
v -0.098362 0.033336 0.007036
v -0.098617 0.032896 0.007126
v -0.098715 0.033094 0.006984
v -0.098818 0.033151 0.007232
v -0.098980 0.032934 0.007000
v -0.099129 0.032887 0.007174
v -0.099220 0.032886 0.007533
v -0.099184 0.032622 0.007217
v -0.099308 0.032582 0.007519
v -0.099315 0.032590 0.007968
v -0.098990 0.032643 0.007507
v -0.098998 0.032659 0.007928
v -0.098653 0.032859 0.007501
v -0.098681 0.032886 0.007879
v -0.098339 0.033122 0.007842
v -0.098945 0.032694 0.007122
v -0.094314 0.037222 0.008781
v -0.094670 0.036872 0.009111
v -0.087468 0.043453 0.014995
v -0.087573 0.043382 0.015220
v -0.087621 0.043054 0.015116
v -0.087575 0.043161 0.014841
v -0.087765 0.043278 0.014741
v -0.087660 0.043598 0.014825
v -0.087768 0.043487 0.015127
v -0.089059 0.040146 0.012802
v -0.089369 0.040033 0.012974
v -0.089533 0.040187 0.012846
v -0.089185 0.040284 0.012598
v -0.089082 0.040469 0.012923
v -0.088933 0.040286 0.013011
v -0.089171 0.040114 0.013225
v -0.087916 0.043258 0.014980
v -0.089424 0.040408 0.013085
v -0.091672 0.039830 0.015271
v -0.091507 0.039775 0.015208
v -0.091374 0.039918 0.015606
v -0.091496 0.040107 0.015594
v -0.091256 0.040182 0.015470
v -0.091461 0.039969 0.015158
v -0.091537 0.039867 0.015013
v -0.089664 0.041528 0.016651
v -0.089333 0.041431 0.016122
v -0.088968 0.042054 0.016377
v -0.089536 0.042004 0.016969
v -0.089957 0.041852 0.017287
v -0.089969 0.041201 0.016791
v -0.089644 0.040802 0.015964
v -0.091185 0.039987 0.014971
v -0.091346 0.039783 0.014853
v -0.091231 0.039684 0.015021
v -0.089756 0.042750 0.017928
v -0.089837 0.042952 0.018088
v -0.090095 0.042665 0.018159
v -0.089912 0.042527 0.017884
v -0.089519 0.042850 0.017764
v -0.089539 0.043173 0.017842
v -0.089622 0.042542 0.017601
v -0.090415 0.040060 0.015632
v -0.090898 0.040074 0.015936
v -0.091015 0.039825 0.015387
v -0.090680 0.039752 0.015059
v -0.089983 0.039885 0.014710
v -0.089649 0.040163 0.014917
v -0.089987 0.040359 0.015801
v -0.090237 0.039714 0.014449
v -0.090356 0.042712 0.017865
v -0.090199 0.042841 0.017654
v -0.090356 0.042420 0.017466
v -0.090509 0.042320 0.017786
v -0.090526 0.042267 0.018056
v -0.090316 0.042774 0.018148
v -0.090043 0.043076 0.017943
v -0.089745 0.043169 0.017623
v -0.089927 0.042904 0.017376
v -0.089571 0.042926 0.017026
v -0.089771 0.042571 0.016838
v -0.090115 0.042518 0.017177
v -0.089379 0.043193 0.017219
v -0.088903 0.043192 0.016601
v -0.089103 0.042905 0.016456
v -0.089161 0.043255 0.017431
v -0.088652 0.043320 0.016765
v -0.088305 0.043375 0.016120
v -0.088502 0.043182 0.015977
v -0.089124 0.042970 0.017429
v -0.088558 0.043064 0.016781
v -0.088145 0.043157 0.016183
v -0.087903 0.043223 0.015805
v -0.088083 0.043411 0.015732
v -0.088619 0.042742 0.016687
v -0.088193 0.042797 0.016094
v -0.087941 0.042874 0.015707
v -0.088306 0.042484 0.015976
v -0.088040 0.042549 0.015576
v -0.087865 0.042619 0.015270
v -0.087756 0.042961 0.015402
v -0.087726 0.043303 0.015501
v -0.087918 0.043447 0.015421
v -0.088086 0.043232 0.015271
v -0.088272 0.043203 0.015581
v -0.088225 0.042936 0.015120
v -0.088410 0.042919 0.015436
v -0.088654 0.042905 0.015832
v -0.088578 0.042555 0.015267
v -0.088831 0.042555 0.015655
v -0.089294 0.042575 0.016290
v -0.089103 0.042057 0.015418
v -0.089546 0.042068 0.016026
v -0.089978 0.042031 0.016539
v -0.089993 0.041098 0.015622
v -0.090291 0.041100 0.016106
v -0.090562 0.041044 0.016453
v -0.090292 0.041933 0.016918
v -0.090805 0.040961 0.016704
v -0.090502 0.041829 0.017231
v -0.090961 0.040848 0.016896
v -0.090654 0.041704 0.017539
v -0.090790 0.040689 0.016972
v -0.090683 0.041601 0.017752
v -0.090456 0.040726 0.016868
v -0.090446 0.041595 0.017713
v -0.090329 0.042215 0.018051
v -0.090254 0.041701 0.017551
v -0.090086 0.042222 0.017787
v -0.089753 0.042279 0.017479
v -0.089366 0.042376 0.017174
v -0.089221 0.042665 0.017311
v -0.088752 0.042439 0.016563
v -0.088512 0.042069 0.015776
v -0.088830 0.041468 0.015467
v -0.088511 0.041561 0.015090
v -0.088223 0.042132 0.015383
v -0.088286 0.041659 0.014826
v -0.088030 0.042209 0.015100
v -0.088137 0.041746 0.014589
v -0.087896 0.042296 0.014834
v -0.087739 0.042692 0.014986
v -0.087845 0.042404 0.014555
v -0.087697 0.042797 0.014697
v -0.088028 0.042536 0.014468
v -0.087871 0.042918 0.014609
v -0.088233 0.042565 0.014691
v -0.088058 0.042943 0.014840
v -0.088388 0.042564 0.014959
v -0.088475 0.042059 0.014470
v -0.088645 0.042057 0.014742
v -0.088836 0.042054 0.015030
v -0.089040 0.041305 0.014304
v -0.089263 0.041237 0.014587
v -0.089583 0.041141 0.014993
v -0.089613 0.040664 0.014180
v -0.089975 0.040540 0.014631
v -0.090420 0.040474 0.015231
v -0.090237 0.040252 0.014389
v -0.090661 0.040194 0.014899
v -0.090975 0.040191 0.015236
v -0.090726 0.040464 0.015625
v -0.090997 0.040445 0.015873
v -0.091265 0.040369 0.016044
v -0.091251 0.040165 0.016123
v -0.090881 0.039970 0.014638
v -0.090457 0.040016 0.014179
v -0.090637 0.039777 0.014019
v -0.091082 0.039722 0.014488
v -0.090491 0.039626 0.014167
v -0.090926 0.039623 0.014702
v -0.090038 0.039720 0.013635
v -0.089776 0.039802 0.013888
v -0.090193 0.039889 0.013531
v -0.089867 0.040030 0.013153
v -0.089705 0.039855 0.013240
v -0.090049 0.040136 0.013712
v -0.089732 0.040271 0.013355
v -0.089847 0.040375 0.013924
v -0.089552 0.040510 0.013596
v -0.089277 0.040634 0.013358
v -0.088982 0.040690 0.013192
v -0.089346 0.040790 0.013883
v -0.089111 0.040897 0.013657
v -0.088852 0.040955 0.013463
v -0.088669 0.040746 0.013550
v -0.088811 0.040489 0.013270
v -0.088836 0.041355 0.014052
v -0.088606 0.041358 0.013844
v -0.088448 0.041164 0.013925
v -0.088531 0.040981 0.014157
v -0.088795 0.040524 0.013800
v -0.088270 0.042025 0.014251
v -0.088090 0.041872 0.014323
v -0.089007 0.040370 0.014031
v -0.089232 0.040104 0.013748
v -0.088984 0.040262 0.013498
v -0.088710 0.040869 0.014399
v -0.088914 0.040777 0.014693
v -0.089277 0.040222 0.014356
v -0.089544 0.039956 0.014109
v -0.089214 0.040711 0.015173
v -0.089457 0.039936 0.013501
v -0.090228 0.040876 0.016851
v -0.086190 0.044392 0.016555
v -0.085802 0.044449 0.016714
v -0.085669 0.044568 0.016367
v -0.085993 0.044451 0.016193
v -0.086037 0.044176 0.016500
v -0.085742 0.044199 0.016709
v -0.085916 0.044190 0.016178
v -0.081756 0.048647 0.014705
v -0.081841 0.048467 0.014791
v -0.081686 0.048439 0.014762
v -0.081794 0.048392 0.014675
v -0.082124 0.048508 0.014450
v -0.082174 0.048367 0.014638
v -0.082068 0.048264 0.014471
v -0.085550 0.044192 0.016367
v -0.081604 0.048291 0.014899
v -0.081766 0.048129 0.014787
v -0.081812 0.048274 0.014960
v -0.082658 0.045358 0.016711
v -0.082372 0.045813 0.016190
v -0.081996 0.045980 0.016463
v -0.082542 0.045364 0.017090
v -0.083248 0.045031 0.016517
v -0.083020 0.045456 0.015836
v -0.083395 0.044894 0.016926
v -0.083197 0.045746 0.016186
v -0.083014 0.046132 0.015825
v -0.083833 0.045686 0.015481
v -0.083848 0.045330 0.016126
v -0.082899 0.045752 0.016610
v -0.082477 0.046321 0.016178
v -0.083829 0.045210 0.016649
v -0.084595 0.045032 0.015931
v -0.084666 0.044902 0.016424
v -0.084743 0.044838 0.016847
v -0.083816 0.045173 0.017056
v -0.082714 0.045716 0.017030
v -0.083795 0.045119 0.017404
v -0.082599 0.045668 0.017380
v -0.081760 0.046411 0.016715
v -0.082089 0.046391 0.016477
v -0.081622 0.047284 0.015872
v -0.081972 0.047185 0.015718
v -0.082369 0.047038 0.015519
v -0.082963 0.046775 0.015205
v -0.082046 0.047628 0.015292
v -0.082444 0.047486 0.015087
v -0.083009 0.047278 0.014761
v -0.083740 0.046932 0.014360
v -0.083758 0.046400 0.014766
v -0.082505 0.047745 0.014846
v -0.083047 0.047562 0.014525
v -0.083778 0.047236 0.014112
v -0.084285 0.046942 0.013837
v -0.084274 0.046627 0.014074
v -0.083069 0.047830 0.014315
v -0.083814 0.047494 0.013895
v -0.084312 0.047202 0.013618
v -0.084641 0.046982 0.013410
v -0.084627 0.046723 0.013636
v -0.083826 0.047738 0.013674
v -0.084320 0.047439 0.013382
v -0.084639 0.047219 0.013174
v -0.084880 0.047010 0.012991
v -0.084905 0.046783 0.013201
v -0.084235 0.047509 0.013161
v -0.084540 0.047291 0.012956
v -0.084706 0.047148 0.012802
v -0.084132 0.047240 0.013223
v -0.084457 0.047038 0.013033
v -0.084715 0.046867 0.012862
v -0.084105 0.046949 0.013374
v -0.084450 0.046762 0.013185
v -0.084748 0.046609 0.013029
v -0.084466 0.046464 0.013380
v -0.084775 0.046321 0.013240
v -0.085051 0.046313 0.013210
v -0.085034 0.046565 0.012971
v -0.085023 0.046743 0.012815
v -0.084896 0.046527 0.013432
v -0.085062 0.046046 0.013527
v -0.084875 0.046237 0.013710
v -0.084614 0.046417 0.013886
v -0.084896 0.045825 0.014099
v -0.084630 0.045977 0.014268
v -0.084285 0.046145 0.014467
v -0.084803 0.045284 0.015037
v -0.084432 0.045423 0.015226
v -0.085017 0.044914 0.015722
v -0.085367 0.044813 0.015523
v -0.085537 0.044673 0.015980
v -0.085157 0.044774 0.016201
v -0.085102 0.045164 0.014864
v -0.085339 0.045016 0.014680
v -0.085657 0.044673 0.015339
v -0.085095 0.045650 0.013925
v -0.084897 0.045553 0.013895
v -0.085188 0.044867 0.014662
v -0.084820 0.045996 0.013505
v -0.084483 0.046112 0.013650
v -0.084556 0.045621 0.014052
v -0.084233 0.045706 0.014221
v -0.084542 0.044933 0.015017
v -0.084859 0.044891 0.014839
v -0.084148 0.046260 0.013810
v -0.083664 0.046484 0.014072
v -0.083733 0.045871 0.014506
v -0.084119 0.046647 0.013550
v -0.083635 0.046894 0.013816
v -0.082889 0.047256 0.014251
v -0.082874 0.046851 0.014532
v -0.083611 0.047228 0.013642
v -0.082926 0.047581 0.014035
v -0.082387 0.047821 0.014373
v -0.082350 0.047502 0.014581
v -0.083645 0.047531 0.013492
v -0.082954 0.047888 0.013890
v -0.082419 0.048127 0.014229
v -0.082035 0.047964 0.014609
v -0.083044 0.048171 0.013862
v -0.082492 0.048396 0.014209
v -0.083090 0.048078 0.014092
v -0.082548 0.048266 0.014417
v -0.082543 0.048004 0.014629
v -0.082168 0.048120 0.014837
v -0.082122 0.047879 0.015047
v -0.081770 0.048043 0.015165
v -0.081691 0.047766 0.015424
v -0.081407 0.047803 0.015445
v -0.081502 0.048112 0.015160
v -0.081589 0.047581 0.015271
v -0.081676 0.047888 0.014990
v -0.081906 0.047359 0.015090
v -0.081980 0.047683 0.014808
v -0.082292 0.047141 0.014874
v -0.081843 0.046842 0.015580
v -0.082249 0.046603 0.015364
v -0.082887 0.046251 0.015006
v -0.083983 0.045054 0.015334
v -0.084210 0.044651 0.016095
v -0.084832 0.044511 0.015752
v -0.084368 0.044499 0.016569
v -0.084983 0.044346 0.016248
v -0.085380 0.044298 0.015981
v -0.085193 0.044475 0.015534
v -0.085763 0.044294 0.015774
v -0.085547 0.044476 0.015333
v -0.085865 0.044530 0.015791
v -0.085136 0.044258 0.016644
v -0.084518 0.044423 0.016964
v -0.084713 0.044474 0.017298
v -0.085319 0.044265 0.016989
v -0.084797 0.044717 0.017197
v -0.085387 0.044545 0.016969
v -0.085273 0.044685 0.016609
v -0.083685 0.044952 0.017559
v -0.082497 0.045619 0.017621
v -0.083520 0.044857 0.017280
v -0.082465 0.045434 0.017418
v -0.081674 0.046158 0.016707
v -0.081505 0.046360 0.016867
v -0.081528 0.047055 0.015760
v -0.081329 0.047276 0.015922
v -0.083742 0.047821 0.013443
v -0.064058 0.039619 0.024925
v -0.063677 0.040470 0.026420
v -0.064258 0.040223 0.026834
v -0.064951 0.039393 0.025799
v -0.062825 0.040683 0.024611
v -0.062791 0.041223 0.025996
v -0.063713 0.039449 0.023561
v -0.062729 0.040544 0.023597
v -0.065203 0.038526 0.024106
v -0.064786 0.038490 0.023197
v -0.065824 0.038562 0.024945
v -0.061751 0.045411 0.022916
v -0.061848 0.045200 0.022688
v -0.062006 0.045135 0.022908
v -0.061825 0.045390 0.023116
v -0.061610 0.045494 0.022939
v -0.061625 0.045232 0.022556
v -0.061658 0.045502 0.023205
v -0.062569 0.042353 0.028122
v -0.062700 0.041826 0.027290
v -0.062329 0.042371 0.027090
v -0.062358 0.042772 0.028203
v -0.062482 0.042841 0.028787
v -0.062756 0.042278 0.028509
v -0.063230 0.041352 0.027633
v -0.061324 0.045309 0.023004
v -0.061243 0.045037 0.022816
v -0.061380 0.045162 0.022615
v -0.061429 0.045449 0.022979
v -0.061460 0.045462 0.023245
v -0.061326 0.045264 0.023221
v -0.061227 0.044903 0.023075
v -0.062682 0.044141 0.030102
v -0.062691 0.044204 0.029916
v -0.062881 0.044042 0.029897
v -0.062833 0.043986 0.030108
v -0.062538 0.044125 0.030075
v -0.062539 0.044295 0.029934
v -0.062659 0.043880 0.030121
v -0.062388 0.044304 0.029949
v -0.062406 0.044106 0.029980
v -0.062272 0.044339 0.029777
v -0.062462 0.044383 0.029712
v -0.062262 0.044084 0.029797
v -0.079013 0.038712 0.021596
v -0.078981 0.038564 0.021614
v -0.078911 0.038604 0.021809
v -0.078796 0.038694 0.021695
v -0.078897 0.038818 0.021389
v -0.078920 0.038638 0.021324
v -0.078648 0.038787 0.021454
v -0.078860 0.038337 0.022074
v -0.078850 0.038253 0.021857
v -0.078683 0.037992 0.021930
v -0.078689 0.038125 0.022137
v -0.078803 0.038443 0.021996
v -0.078949 0.038432 0.021836
v -0.078568 0.038266 0.022156
v -0.076265 0.038195 0.019868
v -0.076400 0.038395 0.019615
v -0.076831 0.038496 0.020104
v -0.076501 0.038205 0.020243
v -0.075790 0.037889 0.019773
v -0.075725 0.037997 0.019352
v -0.075960 0.037799 0.020307
v -0.076675 0.037463 0.019571
v -0.076809 0.037723 0.019334
v -0.076138 0.037288 0.019063
v -0.076213 0.037125 0.019473
v -0.076408 0.036965 0.020049
v -0.076918 0.037446 0.019967
v -0.077244 0.037825 0.019838
v -0.077232 0.037377 0.020546
v -0.077547 0.037751 0.020406
v -0.077792 0.038062 0.020294
v -0.077452 0.038121 0.019692
v -0.076884 0.037933 0.019083
v -0.076088 0.037407 0.018751
v -0.077617 0.038381 0.019546
v -0.076964 0.038150 0.018817
v -0.076040 0.037544 0.018415
v -0.074933 0.036756 0.018433
v -0.075056 0.036668 0.018746
v -0.077049 0.038372 0.018540
v -0.075987 0.037671 0.018111
v -0.074804 0.036867 0.018131
v -0.073482 0.036175 0.018466
v -0.073650 0.036034 0.018730
v -0.075902 0.037852 0.017868
v -0.074655 0.037046 0.017921
v -0.073316 0.036396 0.018315
v -0.072012 0.036040 0.018848
v -0.072130 0.035779 0.018977
v -0.074520 0.037307 0.018087
v -0.073249 0.036649 0.018495
v -0.072015 0.036274 0.019030
v -0.070841 0.036181 0.019557
v -0.070760 0.036010 0.019341
v -0.073309 0.036730 0.018829
v -0.072121 0.036292 0.019362
v -0.070949 0.036188 0.019880
v -0.069775 0.036499 0.020337
v -0.069663 0.036486 0.020003
v -0.072232 0.036252 0.019687
v -0.071056 0.036170 0.020209
v -0.069881 0.036497 0.020669
v -0.068694 0.037033 0.021050
v -0.068589 0.037026 0.020708
v -0.071171 0.036160 0.020554
v -0.069994 0.036504 0.021013
v -0.068806 0.037051 0.021402
v -0.067629 0.037751 0.021711
v -0.067515 0.037731 0.021342
v -0.070127 0.036535 0.021381
v -0.068935 0.037087 0.021779
v -0.067763 0.037789 0.022107
v -0.066636 0.038611 0.022346
v -0.066502 0.038588 0.021928
v -0.069103 0.037148 0.022214
v -0.067951 0.037853 0.022598
v -0.066856 0.038664 0.022942
v -0.065875 0.039617 0.023232
v -0.065648 0.039570 0.022536
v -0.068228 0.037933 0.023170
v -0.067218 0.038742 0.023676
v -0.066284 0.039656 0.024155
v -0.065397 0.040645 0.024584
v -0.065003 0.040629 0.023479
v -0.067619 0.038782 0.024300
v -0.066740 0.039654 0.024908
v -0.065858 0.040567 0.025511
v -0.064970 0.041499 0.026087
v -0.064502 0.041686 0.024969
v -0.067000 0.039645 0.025318
v -0.066127 0.040513 0.025986
v -0.065246 0.041381 0.026639
v -0.064388 0.042272 0.027249
v -0.064156 0.042440 0.026602
v -0.066316 0.040467 0.026305
v -0.065426 0.041295 0.026984
v -0.064562 0.042150 0.027618
v -0.063920 0.042854 0.028077
v -0.063802 0.042955 0.027610
v -0.065589 0.041203 0.027294
v -0.064719 0.042040 0.027934
v -0.064032 0.042755 0.028413
v -0.063582 0.043265 0.028703
v -0.063502 0.043338 0.028327
v -0.064864 0.041922 0.028244
v -0.064137 0.042656 0.028735
v -0.063654 0.043194 0.029029
v -0.063312 0.043591 0.029204
v -0.063257 0.043641 0.028859
v -0.064222 0.042550 0.029043
v -0.063709 0.043128 0.029337
v -0.063357 0.043539 0.029501
v -0.063097 0.043844 0.029595
v -0.063058 0.043885 0.029288
v -0.063739 0.043042 0.029639
v -0.063373 0.043479 0.029797
v -0.063104 0.043801 0.029871
v -0.062877 0.044087 0.029638
v -0.063339 0.043393 0.030044
v -0.063049 0.043740 0.030113
v -0.063125 0.043234 0.030052
v -0.062855 0.043594 0.030130
v -0.062897 0.043114 0.029908
v -0.062652 0.043484 0.030000
v -0.062476 0.043802 0.030024
v -0.062505 0.043445 0.029800
v -0.062325 0.043767 0.029830
v -0.062373 0.043452 0.029534
v -0.062220 0.043763 0.029551
v -0.062136 0.044069 0.029524
v -0.062120 0.043758 0.029195
v -0.062035 0.044054 0.029167
v -0.062062 0.044368 0.029139
v -0.062148 0.044372 0.029500
v -0.062305 0.044503 0.029093
v -0.062382 0.044461 0.029443
v -0.062575 0.044371 0.029037
v -0.062644 0.044330 0.029381
v -0.062693 0.044274 0.029672
v -0.062840 0.044126 0.029339
v -0.062792 0.044161 0.028987
v -0.063012 0.043921 0.028937
v -0.062751 0.044185 0.028546
v -0.062971 0.043949 0.028497
v -0.063204 0.043685 0.028445
v -0.062942 0.043969 0.027880
v -0.063171 0.043705 0.027841
v -0.063427 0.043402 0.027774
v -0.063130 0.043739 0.026944
v -0.063364 0.043443 0.026910
v -0.063666 0.043056 0.026828
v -0.063201 0.043580 0.025589
v -0.063423 0.043239 0.025489
v -0.063782 0.042677 0.025309
v -0.063133 0.043493 0.024136
v -0.063499 0.042819 0.023939
v -0.064177 0.041712 0.023717
v -0.063399 0.042791 0.023224
v -0.064038 0.041688 0.022998
v -0.064792 0.040589 0.022752
v -0.063917 0.041645 0.022542
v -0.064650 0.040552 0.022314
v -0.065509 0.039542 0.022106
v -0.064485 0.040500 0.021923
v -0.065371 0.039503 0.021732
v -0.066383 0.038568 0.021558
v -0.065203 0.039428 0.021383
v -0.066256 0.038535 0.021198
v -0.067407 0.037715 0.020988
v -0.066099 0.038444 0.020878
v -0.067277 0.037654 0.020651
v -0.068473 0.036992 0.020373
v -0.067109 0.037447 0.020479
v -0.068333 0.036823 0.020164
v -0.069535 0.036309 0.019782
v -0.068253 0.036555 0.020305
v -0.069503 0.036043 0.019927
v -0.070795 0.035723 0.019468
v -0.069550 0.035880 0.020200
v -0.070888 0.035539 0.019734
v -0.072274 0.035612 0.019229
v -0.071000 0.035437 0.020031
v -0.072418 0.035502 0.019518
v -0.073808 0.035941 0.019027
v -0.072556 0.035414 0.019822
v -0.073967 0.035866 0.019339
v -0.075187 0.036588 0.019075
v -0.074149 0.035798 0.019679
v -0.075352 0.036502 0.019470
v -0.074411 0.035708 0.020179
v -0.075605 0.036371 0.020085
v -0.074598 0.035556 0.020891
v -0.075852 0.036174 0.020906
v -0.076737 0.036872 0.020718
v -0.075966 0.036057 0.021420
v -0.076942 0.036789 0.021187
v -0.077463 0.037308 0.021010
v -0.077073 0.036723 0.021529
v -0.077636 0.037269 0.021353
v -0.077987 0.037654 0.021208
v -0.077792 0.037691 0.020862
v -0.078240 0.037959 0.021105
v -0.078041 0.038001 0.020750
v -0.078460 0.038234 0.021030
v -0.078259 0.038282 0.020663
v -0.078004 0.038342 0.020203
v -0.078457 0.038548 0.020608
v -0.078194 0.038611 0.020123
v -0.077779 0.038661 0.019399
v -0.078341 0.038898 0.020067
v -0.077900 0.038935 0.019295
v -0.077121 0.038587 0.018293
v -0.077779 0.039146 0.019350
v -0.076897 0.038906 0.018345
v -0.075752 0.038073 0.018017
v -0.076716 0.038870 0.018699
v -0.075676 0.038165 0.018327
v -0.074520 0.037408 0.018437
v -0.075666 0.038143 0.018677
v -0.074585 0.037402 0.018778
v -0.073409 0.036700 0.019163
v -0.074673 0.037363 0.019108
v -0.073520 0.036637 0.019490
v -0.072344 0.036201 0.020026
v -0.073639 0.036566 0.019821
v -0.072473 0.036158 0.020401
v -0.071306 0.036172 0.020942
v -0.072674 0.036161 0.020854
v -0.071500 0.036214 0.021401
v -0.070302 0.036586 0.021818
v -0.071754 0.036283 0.021878
v -0.070518 0.036655 0.022288
v -0.069328 0.037220 0.022700
v -0.070721 0.036723 0.022700
v -0.069579 0.037286 0.023153
v -0.068549 0.037993 0.023687
v -0.069779 0.037332 0.023485
v -0.068791 0.038025 0.024050
v -0.067875 0.038800 0.024669
v -0.068982 0.038047 0.024337
v -0.068078 0.038808 0.024963
v -0.067200 0.039632 0.025626
v -0.068272 0.038805 0.025252
v -0.067389 0.039600 0.025927
v -0.066488 0.040395 0.026614
v -0.067550 0.039525 0.026228
v -0.066640 0.040296 0.026916
v -0.065740 0.041093 0.027598
v -0.066751 0.040140 0.027217
v -0.065865 0.040946 0.027901
v -0.064979 0.041785 0.028544
v -0.065874 0.040710 0.028150
v -0.065022 0.041592 0.028826
v -0.064268 0.042413 0.029344
v -0.064881 0.041352 0.028955
v -0.064183 0.042235 0.029545
v -0.063709 0.042931 0.029877
v -0.063937 0.042093 0.029480
v -0.063463 0.042767 0.029864
v -0.063677 0.042001 0.029347
v -0.063208 0.042656 0.029727
v -0.063427 0.041973 0.029164
v -0.062993 0.042619 0.029525
v -0.062725 0.043073 0.029703
v -0.062812 0.042654 0.029284
v -0.062571 0.043094 0.029459
v -0.062640 0.042738 0.029056
v -0.062434 0.043138 0.029175
v -0.062254 0.043468 0.029208
v -0.062304 0.043152 0.028795
v -0.062154 0.043441 0.028760
v -0.062035 0.043712 0.028725
v -0.062068 0.043332 0.028078
v -0.061955 0.043643 0.028050
v -0.061898 0.043963 0.028026
v -0.061965 0.044019 0.028705
v -0.061943 0.044285 0.028002
v -0.062012 0.044327 0.028683
v -0.062152 0.044518 0.027979
v -0.062240 0.044510 0.028647
v -0.062459 0.044434 0.027953
v -0.062519 0.044399 0.028597
v -0.062712 0.044214 0.027919
v -0.062396 0.044488 0.026999
v -0.062668 0.044272 0.026986
v -0.062903 0.044016 0.026967
v -0.062564 0.044413 0.025835
v -0.062789 0.044162 0.025761
v -0.062991 0.043883 0.025679
v -0.062590 0.044435 0.024672
v -0.062768 0.044166 0.024525
v -0.062933 0.043877 0.024349
v -0.062583 0.044419 0.023823
v -0.062751 0.044088 0.023618
v -0.063009 0.043552 0.023404
v -0.062632 0.044158 0.023156
v -0.062906 0.043544 0.022952
v -0.063303 0.042734 0.022752
v -0.062752 0.043539 0.022577
v -0.063148 0.042662 0.022343
v -0.063752 0.041583 0.022127
v -0.062936 0.042578 0.022006
v -0.063527 0.041482 0.021784
v -0.064282 0.040408 0.021576
v -0.063255 0.041336 0.021532
v -0.064035 0.040254 0.021310
v -0.064990 0.039281 0.021100
v -0.063746 0.040027 0.021200
v -0.064742 0.039040 0.020984
v -0.065879 0.038195 0.020735
v -0.064535 0.038770 0.021115
v -0.065723 0.037924 0.020896
v -0.066987 0.037175 0.020621
v -0.065666 0.037747 0.021206
v -0.066965 0.037002 0.020921
v -0.068265 0.036391 0.020590
v -0.067007 0.036920 0.021264
v -0.068328 0.036311 0.020913
v -0.069633 0.035790 0.020509
v -0.068417 0.036279 0.021248
v -0.069733 0.035744 0.020831
v -0.071117 0.035367 0.020344
v -0.069847 0.035733 0.021164
v -0.071241 0.035325 0.020679
v -0.072698 0.035335 0.020149
v -0.071371 0.035315 0.021064
v -0.072870 0.035263 0.020567
v -0.071508 0.035351 0.021513
v -0.073036 0.035218 0.021057
v -0.071652 0.035443 0.022003
v -0.073135 0.035231 0.021638
v -0.074572 0.035439 0.021502
v -0.073194 0.035303 0.022088
v -0.074582 0.035416 0.021931
v -0.076045 0.035986 0.021783
v -0.074627 0.035434 0.022295
v -0.076109 0.035950 0.022084
v -0.077186 0.036673 0.021848
v -0.076174 0.035935 0.022399
v -0.077280 0.036637 0.022157
v -0.077963 0.037233 0.021954
v -0.077804 0.037244 0.021657
v -0.078330 0.037641 0.021798
v -0.078159 0.037633 0.021512
v -0.078561 0.037936 0.021676
v -0.078408 0.037934 0.021406
v -0.078754 0.038182 0.021610
v -0.078612 0.038192 0.021336
v -0.078898 0.038403 0.021598
v -0.078787 0.038423 0.021310
v -0.078652 0.038492 0.020986
v -0.078800 0.038741 0.020981
v -0.078618 0.038829 0.020581
v -0.078766 0.038954 0.021051
v -0.078530 0.039032 0.020661
v -0.078239 0.039112 0.020145
v -0.078263 0.038962 0.020783
v -0.077966 0.039031 0.020287
v -0.077509 0.039090 0.019549
v -0.077696 0.038872 0.020415
v -0.077279 0.038929 0.019738
v -0.076587 0.038725 0.019017
v -0.077066 0.038727 0.019918
v -0.076484 0.038563 0.019320
v -0.075687 0.038077 0.019018
v -0.074776 0.037317 0.019436
v -0.074910 0.037264 0.019826
v -0.073815 0.036522 0.020247
v -0.075126 0.037211 0.020404
v -0.074070 0.036555 0.020804
v -0.072984 0.036215 0.021357
v -0.074394 0.036624 0.021412
v -0.073231 0.036282 0.021856
v -0.071956 0.036354 0.022274
v -0.073337 0.036337 0.022213
v -0.072083 0.036414 0.022585
v -0.070872 0.036777 0.023008
v -0.072183 0.036470 0.022872
v -0.071008 0.036823 0.023292
v -0.069949 0.037368 0.023774
v -0.071142 0.036860 0.023574
v -0.070111 0.037394 0.024056
v -0.069167 0.038059 0.024621
v -0.070265 0.037399 0.024337
v -0.069339 0.038046 0.024907
v -0.068448 0.038770 0.025544
v -0.069475 0.037972 0.025189
v -0.068576 0.038657 0.025839
v -0.067662 0.039382 0.026528
v -0.068498 0.038416 0.025968
v -0.067600 0.039131 0.026700
v -0.066723 0.039890 0.027427
v -0.067358 0.038909 0.026596
v -0.066494 0.039642 0.027381
v -0.065677 0.040455 0.028170
v -0.066223 0.039495 0.027183
v -0.065407 0.040280 0.028026
v -0.064620 0.041189 0.028853
v -0.065140 0.040197 0.027787
v -0.064350 0.041096 0.028671
v -0.064883 0.040170 0.027501
v -0.064097 0.041074 0.028436
v -0.064608 0.040169 0.027187
v -0.063845 0.041100 0.028178
v -0.063195 0.042015 0.028942
v -0.063572 0.041179 0.027910
v -0.062967 0.042120 0.028701
v -0.065696 0.039392 0.026603
v -0.065407 0.039368 0.026273
v -0.066584 0.038660 0.025789
v -0.066291 0.038606 0.025457
v -0.067527 0.037959 0.025033
v -0.067239 0.037888 0.024711
v -0.066792 0.037794 0.024177
v -0.068234 0.037230 0.024003
v -0.067870 0.037121 0.023496
v -0.067521 0.036995 0.022846
v -0.066296 0.037682 0.023428
v -0.067321 0.036925 0.022367
v -0.065991 0.037619 0.022786
v -0.067186 0.036893 0.021983
v -0.065839 0.037601 0.022343
v -0.064616 0.038488 0.022636
v -0.063526 0.039453 0.022843
v -0.065744 0.037613 0.021943
v -0.064516 0.038500 0.022209
v -0.063428 0.039477 0.022407
v -0.062523 0.040624 0.022558
v -0.062609 0.040581 0.022967
v -0.064455 0.038524 0.021806
v -0.063356 0.039507 0.021997
v -0.062457 0.040664 0.022170
v -0.061770 0.041930 0.022314
v -0.061825 0.041898 0.022693
v -0.063358 0.039588 0.021621
v -0.062476 0.040747 0.021799
v -0.061822 0.042008 0.021960
v -0.061429 0.043142 0.022129
v -0.061384 0.043045 0.022481
v -0.062645 0.040918 0.021516
v -0.062028 0.042147 0.021686
v -0.061646 0.043266 0.021862
v -0.061476 0.044106 0.022106
v -0.061276 0.043977 0.022345
v -0.062351 0.042319 0.021599
v -0.061986 0.043396 0.021783
v -0.061790 0.044202 0.022027
v -0.061690 0.044767 0.022280
v -0.061410 0.044693 0.022351
v -0.062323 0.043492 0.021932
v -0.062117 0.044232 0.022178
v -0.061978 0.044770 0.022412
v -0.062350 0.044211 0.022459
v -0.062174 0.044734 0.022670
v -0.062514 0.044189 0.022788
v -0.062318 0.044678 0.022993
v -0.062152 0.045041 0.023200
v -0.061956 0.045287 0.023390
v -0.062443 0.044584 0.023357
v -0.062278 0.044901 0.023548
v -0.062090 0.045143 0.023730
v -0.061848 0.045304 0.023875
v -0.061732 0.045433 0.023524
v -0.062423 0.044699 0.023995
v -0.062228 0.044947 0.024158
v -0.061965 0.045121 0.024299
v -0.061668 0.045042 0.024346
v -0.061587 0.045243 0.023926
v -0.062388 0.044676 0.024813
v -0.062121 0.044857 0.024938
v -0.061823 0.044785 0.024971
v -0.061655 0.044476 0.024895
v -0.061516 0.044734 0.024268
v -0.062292 0.044616 0.025899
v -0.061979 0.044576 0.025917
v -0.061799 0.044270 0.025876
v -0.061731 0.043917 0.025815
v -0.061586 0.044121 0.024790
v -0.062083 0.044505 0.027002
v -0.061886 0.044233 0.026998
v -0.061833 0.043892 0.026993
v -0.061870 0.043542 0.026987
v -0.061754 0.043533 0.025738
v -0.061969 0.043179 0.026986
v -0.061837 0.043105 0.025663
v -0.061683 0.043258 0.024555
v -0.061613 0.043720 0.024677
v -0.061548 0.043466 0.023853
v -0.061483 0.043956 0.024012
v -0.061463 0.044368 0.024151
v -0.061368 0.044149 0.023555
v -0.061358 0.044578 0.023722
v -0.061422 0.044951 0.023855
v -0.061275 0.044752 0.023379
v -0.061355 0.045123 0.023510
v -0.061522 0.045388 0.023563
v -0.061273 0.044296 0.023200
v -0.061206 0.044430 0.022880
v -0.061324 0.043727 0.023009
v -0.061244 0.043846 0.022669
v -0.061227 0.044570 0.022577
v -0.061461 0.042968 0.022838
v -0.061427 0.043610 0.023378
v -0.061557 0.042906 0.023216
v -0.061906 0.041864 0.023078
v -0.061674 0.042820 0.023714
v -0.062003 0.041822 0.023606
v -0.061807 0.042681 0.024424
v -0.062117 0.041797 0.024380
v -0.061979 0.042628 0.025640
v -0.062238 0.042041 0.025719
v -0.062109 0.042814 0.027004
v -0.062204 0.043042 0.028120
v -0.062573 0.043533 0.022228
v -0.062673 0.042468 0.021740
v -0.062942 0.041139 0.021424
v -0.063485 0.039769 0.021318
v -0.064449 0.038594 0.021426
v -0.065684 0.037655 0.021571
v -0.067082 0.036889 0.021619
v -0.068522 0.036282 0.021589
v -0.068641 0.036313 0.021945
v -0.069966 0.035755 0.021522
v -0.068792 0.036381 0.022369
v -0.070100 0.035814 0.021934
v -0.069036 0.036496 0.022919
v -0.070283 0.035916 0.022426
v -0.069298 0.036601 0.023365
v -0.070476 0.036017 0.022836
v -0.071778 0.035547 0.022404
v -0.070645 0.036110 0.023158
v -0.071906 0.035658 0.022752
v -0.073268 0.035405 0.022467
v -0.072037 0.035775 0.023068
v -0.073358 0.035531 0.022806
v -0.074718 0.035513 0.022635
v -0.073449 0.035677 0.023105
v -0.074798 0.035650 0.022936
v -0.076218 0.036001 0.022717
v -0.074850 0.035868 0.023186
v -0.076196 0.036204 0.022964
v -0.077300 0.036800 0.022708
v -0.077345 0.036649 0.022465
v -0.078090 0.037386 0.022520
v -0.078086 0.037251 0.022243
v -0.078491 0.037825 0.022298
v -0.078471 0.037684 0.022057
v -0.077908 0.037626 0.022575
v -0.078328 0.038011 0.022344
v -0.077711 0.037777 0.022395
v -0.078136 0.038120 0.022184
v -0.078410 0.038347 0.022031
v -0.077949 0.038191 0.021987
v -0.078240 0.038413 0.021843
v -0.078530 0.038586 0.021753
v -0.078683 0.038507 0.021898
v -0.078076 0.038473 0.021621
v -0.078367 0.038658 0.021522
v -0.077896 0.038533 0.021343
v -0.078192 0.038730 0.021237
v -0.078483 0.038885 0.021149
v -0.077973 0.038803 0.020886
v -0.077683 0.038600 0.020991
v -0.077426 0.038674 0.020535
v -0.077376 0.038362 0.021114
v -0.077135 0.038440 0.020653
v -0.076759 0.038140 0.020794
v -0.076995 0.038068 0.021251
v -0.076456 0.037684 0.021401
v -0.076232 0.037744 0.020914
v -0.077573 0.038298 0.021458
v -0.077173 0.038004 0.021594
v -0.076606 0.037611 0.021754
v -0.075732 0.037059 0.021945
v -0.075624 0.037131 0.021571
v -0.077350 0.037941 0.021894
v -0.076738 0.037522 0.022073
v -0.075816 0.036977 0.022278
v -0.074686 0.036538 0.022526
v -0.074628 0.036586 0.022205
v -0.076863 0.037416 0.022364
v -0.075897 0.036891 0.022592
v -0.074753 0.036487 0.022842
v -0.073557 0.036399 0.023134
v -0.073480 0.036375 0.022827
v -0.075993 0.036752 0.022869
v -0.074818 0.036420 0.023157
v -0.073624 0.036377 0.023440
v -0.072458 0.036527 0.023744
v -0.072380 0.036549 0.023462
v -0.074864 0.036172 0.023314
v -0.073613 0.036132 0.023534
v -0.072415 0.036305 0.023797
v -0.071302 0.036662 0.024162
v -0.071373 0.036859 0.024128
v -0.073537 0.035864 0.023361
v -0.072292 0.036077 0.023604
v -0.071134 0.036462 0.023969
v -0.070099 0.036992 0.024463
v -0.070308 0.037170 0.024654
v -0.072165 0.035912 0.023356
v -0.070972 0.036322 0.023726
v -0.069903 0.036870 0.024229
v -0.068936 0.037477 0.024860
v -0.069159 0.037592 0.025092
v -0.070810 0.036209 0.023454
v -0.069708 0.036772 0.023965
v -0.068715 0.037386 0.024600
v -0.067775 0.038031 0.025314
v -0.068017 0.038113 0.025581
v -0.069510 0.036685 0.023684
v -0.068491 0.037307 0.024325
v -0.067100 0.038791 0.026365
v -0.068260 0.038228 0.025817
v -0.066843 0.038718 0.026085
v -0.065960 0.039432 0.026907
v -0.069385 0.037760 0.025269
v -0.070389 0.037357 0.024608
v -0.071269 0.036882 0.023857
v -0.072284 0.036518 0.023166
v -0.073403 0.036353 0.022512
v -0.074569 0.036603 0.021862
v -0.075424 0.037181 0.021069
v -0.076110 0.036510 0.023041
v -0.076999 0.037271 0.022619
v -0.077155 0.037056 0.022765
v -0.077533 0.037872 0.022164
v -0.077758 0.038239 0.021744
vn -0.154400 0.875600 -0.457700
vn -0.042200 0.996100 -0.077500
vn 0.742300 0.084100 -0.664800
vn 0.097600 0.076600 -0.992300
vn 0.890600 0.327100 0.316100
vn 0.121500 0.752600 0.647100
vn -0.086700 0.387000 0.918000
vn 0.788600 -0.260700 0.557000
vn 0.893100 -0.393400 -0.218300
vn 0.906500 0.313200 -0.283300
vn 0.070100 0.986100 0.150500
vn -0.037200 -0.265500 -0.963400
vn -0.896400 0.409000 -0.171100
vn -0.424600 0.753800 0.501600
vn 0.856800 -0.447400 -0.256400
vn 0.858700 -0.437700 -0.266700
vn 0.858700 -0.459700 -0.226400
vn 0.831000 -0.520900 -0.195000
vn 0.765600 -0.610400 -0.203200
vn 0.839200 -0.463300 -0.284800
vn 0.851200 -0.419700 -0.315200
vn 0.700900 -0.664800 -0.258300
vn 0.668200 -0.721800 -0.180300
vn 0.575900 -0.815600 -0.056900
vn 0.646900 -0.736600 -0.197500
vn 0.748000 -0.545500 -0.378100
vn 0.745000 -0.565000 -0.354600
vn 0.736900 -0.555500 -0.385100
vn -0.821500 0.529100 0.212700
vn -0.847800 0.468900 0.247700
vn -0.850200 0.435900 0.295200
vn -0.790200 0.573400 0.216400
vn -0.672200 0.729800 0.124600
vn -0.772300 0.617100 0.150800
vn -0.833900 0.515800 0.196300
vn -0.556300 0.827600 0.075200
vn -0.530400 0.844100 0.078300
vn -0.637100 0.741700 0.210000
vn -0.651100 0.730700 0.205300
vn -0.544700 0.837200 0.048300
vn -0.497000 0.867000 0.035700
vn -0.648200 0.736200 0.194600
vn -0.736800 0.574600 0.356400
vn -0.742900 0.567400 0.355200
vn -0.747500 0.569100 0.342600
vn -0.640100 0.750800 0.163100
vn -0.546100 0.837200 0.030800
vn -0.511800 0.858200 0.040300
vn -0.657600 0.743900 0.119200
vn -0.584200 0.811000 0.033100
vn -0.584000 0.804800 0.105700
vn -0.565700 0.800900 0.196300
vn -0.474600 0.875000 0.095300
vn -0.919200 0.384800 0.083500
vn -0.871500 0.302700 0.385800
vn -0.791800 0.264000 0.550800
vn -0.786100 0.169900 0.594300
vn -0.560300 0.790700 0.246800
vn -0.515500 -0.728000 0.452000
vn -0.303500 -0.800500 0.516800
vn -0.222400 -0.879500 0.420700
vn -0.201200 -0.918700 0.339900
vn -0.814800 0.085100 0.573400
vn 0.331300 -0.940800 0.071400
vn 0.334900 -0.942300 -0.003600
vn 0.329300 -0.943100 -0.045900
vn 0.314800 -0.948100 -0.043400
vn -0.203000 -0.923800 0.324600
vn 0.402800 -0.913200 -0.061600
vn 0.388600 -0.916800 -0.091800
vn 0.388500 -0.915400 -0.105800
vn 0.406700 -0.907600 -0.104100
vn 0.273800 -0.961700 0.010200
vn 0.415300 -0.903000 -0.110200
vn 0.417400 -0.900000 -0.125400
vn 0.446500 -0.885900 -0.125500
vn 0.508700 -0.853300 -0.114400
vn 0.448500 -0.890900 -0.071200
vn 0.461800 -0.873000 -0.156700
vn 0.498400 -0.854000 -0.149100
vn 0.570300 -0.809300 -0.140700
vn 0.668300 -0.733300 -0.125300
vn 0.606700 -0.791600 -0.073100
vn 0.644200 -0.725200 -0.243200
vn 0.703400 -0.675800 -0.220300
vn 0.787300 -0.509600 -0.347000
vn 0.817700 -0.483000 -0.313300
vn 0.833800 -0.405800 -0.374200
vn 0.845000 -0.404400 -0.349800
vn 0.830900 -0.421000 -0.363800
vn 0.831700 -0.428300 -0.353200
vn 0.835300 -0.451200 -0.314100
vn 0.844300 -0.464100 -0.267800
vn 0.805500 -0.480200 -0.347300
vn 0.811900 -0.498400 -0.304000
vn 0.827500 -0.498500 -0.258400
vn 0.834600 -0.494500 -0.242800
vn 0.848300 -0.469700 -0.244400
vn 0.796000 -0.529500 -0.293400
vn 0.821400 -0.513400 -0.248400
vn 0.829300 -0.504200 -0.240700
vn 0.827400 -0.509900 -0.235500
vn 0.836300 -0.498500 -0.228300
vn 0.841100 -0.478300 -0.252600
vn 0.845900 -0.469800 -0.252400
vn 0.843800 -0.473300 -0.252900
vn 0.842100 -0.484200 -0.237500
vn 0.824800 -0.522600 -0.215900
vn 0.905600 -0.307300 -0.292400
vn 0.905600 -0.308000 -0.291400
vn 0.900900 -0.327200 -0.285200
vn 0.845300 -0.519700 -0.124100
vn 0.879700 0.347900 -0.324300
vn 0.887900 0.337400 -0.312700
vn 0.124700 0.989300 -0.076100
vn 0.139100 0.990200 -0.014500
vn -0.470300 0.867400 0.162600
vn -0.450600 0.854100 0.259900
vn -0.634700 0.736200 0.235000
vn -0.592400 0.728800 0.343500
vn -0.463500 0.633900 0.619100
vn -0.684400 0.624400 0.376500
vn -0.530800 0.536100 0.656400
vn -0.101400 0.206100 0.973300
vn -0.076900 0.297200 0.951700
vn 0.649500 -0.384200 0.656100
vn 0.686200 -0.334800 0.645800
vn 0.833200 -0.547900 -0.074500
vn 0.637500 -0.387700 0.665900
vn 0.841700 -0.538900 -0.035200
vn 0.835900 -0.511400 -0.199200
vn 0.854100 -0.519900 0.014600
vn 0.852400 -0.493800 -0.172200
vn 0.850600 -0.477600 -0.219900
vn 0.844300 -0.524900 -0.107500
vn 0.854300 -0.487100 -0.181400
vn 0.749700 -0.660100 -0.047900
vn 0.790000 -0.600300 -0.124500
vn 0.820700 -0.565200 0.083400
vn 0.680600 -0.724400 0.109900
vn 0.525200 -0.850600 0.024000
vn 0.404800 -0.721600 0.561600
vn 0.226500 -0.915600 0.332100
vn 0.222100 -0.966700 0.126800
vn -0.314100 -0.656000 0.686300
vn -0.316400 -0.810800 0.492400
vn -0.249400 -0.888700 0.384700
vn -0.816600 0.032200 0.576300
vn -0.825800 0.017800 0.563700
vn -0.830600 0.029100 0.556100
vn -0.636300 0.734500 0.236000
vn -0.610500 0.754600 0.240700
vn -0.583800 0.771800 0.252100
vn -0.490000 0.861400 0.133900
vn -0.470800 0.870000 0.146200
vn -0.458200 0.878500 0.135500
vn -0.450100 0.884600 0.122200
vn -0.439900 0.891100 0.111900
vn -0.459200 0.884800 0.078800
vn -0.481200 0.864500 0.145000
vn -0.499200 0.858700 0.115900
vn -0.606700 0.754100 0.251500
vn -0.613500 0.754500 0.233100
vn -0.732300 0.580000 0.356900
vn -0.718700 0.595300 0.359300
vn -0.725100 0.588800 0.357100
vn -0.752300 0.522500 0.401300
vn -0.741500 0.521200 0.422500
vn -0.746400 0.501900 0.436900
vn -0.730300 0.524300 0.437900
vn -0.722600 0.491100 0.486500
vn -0.720300 0.458500 0.520600
vn -0.755000 0.479700 0.447200
vn -0.730200 0.431800 0.529500
vn -0.766100 0.460100 0.448800
vn -0.772000 0.402600 0.491900
vn -0.798600 0.436500 0.414400
vn -0.771900 0.559400 0.301900
vn -0.878700 0.383100 0.284800
vn -0.874900 0.461500 0.146900
vn -0.871700 0.489400 -0.023800
vn -0.873300 -0.111200 -0.474300
vn -0.838400 -0.408700 -0.360600
vn -0.772300 -0.632600 0.058700
vn -0.003900 -0.930900 -0.365400
vn 0.076400 -0.997100 0.003400
vn 0.239900 -0.962000 0.130600
vn 0.433700 -0.901000 -0.009700
vn 0.452500 -0.891300 0.028300
vn 0.433700 -0.900900 -0.017200
vn 0.494500 -0.869200 -0.000100
vn 0.458400 -0.887700 -0.043800
vn 0.427300 -0.900200 -0.083700
vn 0.499400 -0.861800 -0.089400
vn 0.471000 -0.873200 -0.124900
vn 0.460300 -0.875800 -0.145400
vn 0.592500 -0.770700 -0.234400
vn 0.590900 -0.767300 -0.249100
vn 0.602000 -0.754800 -0.260700
vn 0.737200 -0.575200 -0.354500
vn 0.754700 -0.545200 -0.365000
vn 0.798500 -0.471000 -0.375000
vn 0.816200 -0.433700 -0.381700
vn 0.804400 -0.476600 -0.354800
vn 0.821900 -0.443100 -0.357900
vn 0.799100 -0.497300 -0.337900
vn 0.812300 -0.476700 -0.336000
vn 0.812300 -0.467100 -0.349200
vn 0.803700 -0.498600 -0.324800
vn 0.791900 -0.507100 -0.340100
vn 0.779400 -0.526200 -0.340000
vn 0.787700 -0.510400 -0.344800
vn 0.779700 -0.523500 -0.343400
vn 0.810600 -0.506100 -0.294500
vn 0.850200 -0.368900 -0.375500
vn 0.886600 -0.320900 -0.333300
vn 0.906100 -0.303300 -0.294900
vn 0.863300 0.335200 -0.377400
vn 0.872100 0.341100 -0.350900
vn 0.875800 0.347600 -0.334700
vn 0.154700 0.978300 -0.138000
vn 0.135100 0.985000 -0.107200
vn -0.483300 0.867600 0.116900
vn -0.475900 0.869600 0.131400
vn -0.691400 0.694500 0.199300
vn -0.660400 0.722700 0.204200
vn -0.776000 0.589400 0.224700
vn -0.755700 0.612800 0.231200
vn -0.730300 0.628700 0.267200
vn -0.801200 0.549500 0.237100
vn -0.783000 0.558900 0.272900
vn -0.739400 0.558600 0.375800
vn -0.812600 0.522400 0.258400
vn -0.774100 0.526500 0.351500
vn -0.595600 0.446600 0.667700
vn -0.570400 0.478400 0.667700
vn -0.081500 0.114600 0.990100
vn -0.102500 0.154600 0.982600
vn 0.639100 -0.379800 0.668800
vn -0.055900 -0.016900 0.998300
vn 0.595300 -0.470600 0.651200
vn -0.161400 -0.344200 0.924900
vn -0.602300 0.407600 0.686300
vn -0.649900 0.272900 0.709300
vn -0.761900 0.100900 0.639800
vn -0.760400 0.599300 0.250100
vn -0.720300 0.654700 0.229100
vn -0.676800 0.699800 0.228400
vn -0.677700 0.727000 0.110400
vn -0.590100 0.799700 0.110500
vn -0.524500 0.843000 0.119500
vn -0.601600 0.793300 0.093700
vn -0.521700 0.846700 0.103900
vn -0.477100 0.870700 0.119000
vn -0.583700 0.800800 0.134400
vn -0.524500 0.838900 0.145300
vn -0.493100 0.857400 0.147300
vn -0.669500 0.702100 0.242700
vn -0.630700 0.736500 0.244300
vn -0.801700 0.499800 0.327900
vn -0.768300 0.545000 0.335900
vn -0.840500 0.428100 0.332100
vn -0.815900 0.462700 0.346700
vn -0.778200 0.499400 0.380700
vn -0.812800 0.484000 0.324100
vn -0.778100 0.512500 0.363000
vn -0.750300 0.532200 0.392200
vn -0.768800 0.539000 0.344200
vn -0.740100 0.554700 0.380300
vn -0.716900 0.534700 0.447400
vn -0.723800 0.582600 0.369900
vn -0.696700 0.556300 0.452900
vn -0.673000 0.497200 0.547600
vn -0.701100 0.480700 0.526700
vn -0.655200 0.433100 0.619100
vn -0.689200 0.430400 0.582900
vn -0.662300 0.391200 0.639100
vn -0.694200 0.395700 0.601200
vn -0.718300 0.363400 0.593300
vn -0.743500 0.365100 0.560300
vn -0.824000 0.322800 0.465700
vn -0.841000 0.321800 0.435000
vn -0.858600 0.357500 0.367400
vn -0.966700 0.096200 -0.237300
vn -0.939500 0.113300 -0.323200
vn -0.911900 0.059700 -0.406100
vn -0.003100 -0.335500 -0.942000
vn 0.023700 -0.419700 -0.907400
vn 0.022200 -0.671100 -0.741100
vn 0.669500 -0.442700 -0.596400
vn 0.609200 -0.632200 -0.478800
vn 0.478900 -0.848300 -0.226100
vn 0.719600 -0.571200 -0.394900
vn 0.601200 -0.775800 -0.191400
vn 0.517600 -0.855400 -0.019500
vn 0.539400 -0.840700 -0.047700
vn 0.640400 -0.747400 -0.177000
vn 0.611300 -0.763900 -0.207000
vn 0.731600 -0.589600 -0.342300
vn 0.724000 -0.600000 -0.340300
vn 0.724500 -0.595000 -0.348000
vn 0.760200 -0.517400 -0.392800
vn 0.776800 -0.502700 -0.379400
vn 0.759200 -0.520700 -0.390500
vn 0.781500 -0.504000 -0.367800
vn 0.753900 -0.534700 -0.381900
vn 0.777500 -0.519500 -0.354500
vn 0.746500 -0.549300 -0.375500
vn 0.771600 -0.537100 -0.340900
vn 0.794500 -0.512100 -0.326400
vn 0.771500 -0.542700 -0.332200
vn 0.797200 -0.512000 -0.320000
vn 0.804900 -0.496400 -0.325100
vn 0.829000 -0.442300 -0.342100
vn 0.840200 -0.414000 -0.350300
vn 0.836300 -0.400300 -0.374700
vn 0.864100 0.233500 -0.445800
vn 0.873300 0.254600 -0.415300
vn 0.868200 0.296900 -0.397600
vn 0.156100 0.980300 -0.121100
vn 0.182400 0.975800 -0.120700
vn 0.171800 0.973500 -0.150900
vn -0.494300 0.852000 0.172200
vn -0.489100 0.863100 0.126200
vn -0.710400 0.650000 0.269800
vn -0.711100 0.666000 0.225200
vn -0.765200 0.572200 0.294900
vn -0.776500 0.577600 0.251800
vn -0.794900 0.523800 0.306300
vn -0.803700 0.533300 0.264200
vn -0.810700 0.537200 0.232600
vn -0.822200 0.500500 0.271000
vn -0.828900 0.507500 0.235200
vn -0.825400 0.513900 0.233900
vn -0.842600 0.487600 0.228600
vn -0.836900 0.504700 0.212000
vn -0.822500 0.527800 0.211800
vn -0.806900 0.568400 0.160800
vn -0.774800 0.615900 0.142300
vn -0.787800 0.538400 0.299100
vn -0.710200 0.695000 0.112300
vn -0.841100 0.468200 0.270600
vn -0.820200 0.479700 0.311700
vn -0.844400 0.435400 0.312100
vn -0.830500 0.457200 0.318200
vn -0.848100 0.414700 0.329700
vn -0.832100 0.454000 0.318600
vn -0.729100 0.643100 0.234000
vn -0.832900 0.460100 0.307600
vn -0.807700 0.502600 0.308300
vn -0.819000 0.495500 0.289300
vn -0.802500 0.512200 0.305900
vn -0.799600 0.534600 0.273500
vn -0.789400 0.542600 0.287200
vn -0.755600 0.569800 0.323100
vn -0.761200 0.595600 0.256700
vn -0.730200 0.618600 0.290100
vn -0.689700 0.633400 0.350900
vn -0.612400 0.769500 0.181300
vn -0.556700 0.783400 0.276300
vn -0.519000 0.743300 0.422000
vn -0.654700 0.606900 0.450700
vn -0.508000 0.668800 0.542900
vn -0.625900 0.546900 0.556000
vn -0.489000 0.620700 0.612900
vn -0.600400 0.490800 0.631500
vn -0.499800 0.611200 0.613700
vn -0.607500 0.465000 0.644000
vn -0.564900 0.618200 0.546600
vn -0.667600 0.452400 0.591200
vn -0.683600 0.620000 0.385200
vn -0.781200 0.420200 0.461600
vn -0.958000 0.215100 -0.189500
vn -0.977300 0.107000 -0.182900
vn -0.124600 -0.306600 -0.943600
vn -0.101800 -0.335700 -0.936400
vn -0.055500 -0.332200 -0.941600
vn 0.613300 -0.375700 -0.694700
vn 0.620200 -0.375600 -0.688700
vn 0.647500 -0.392900 -0.653000
vn 0.661000 -0.383400 -0.645100
vn 0.699000 -0.405500 -0.589000
vn 0.744200 -0.435900 -0.506200
vn 0.697000 -0.429800 -0.574000
vn 0.746100 -0.452600 -0.488400
vn 0.703100 -0.457200 -0.544600
vn 0.746400 -0.473000 -0.468200
vn 0.743700 -0.494700 -0.449600
vn 0.717600 -0.488700 -0.496200
vn 0.735400 -0.515100 -0.440300
vn 0.747100 -0.512200 -0.423700
vn 0.669300 -0.435200 -0.602200
vn 0.698700 -0.476400 -0.533800
vn 0.727000 -0.518900 -0.449600
vn 0.681300 -0.474200 -0.557700
vn 0.718100 -0.527300 -0.454100
vn 0.673900 -0.463600 -0.575200
vn 0.714500 -0.524900 -0.462600
vn 0.743900 -0.553100 -0.375100
vn 0.751900 -0.449600 -0.482200
vn 0.777100 -0.486900 -0.398800
vn 0.802800 -0.478200 -0.356100
vn 0.865800 0.180400 -0.466800
vn 0.836000 0.191000 -0.514500
vn 0.843400 0.216600 -0.491800
vn 0.009500 0.975900 -0.217800
vn 0.018800 0.972100 -0.233900
vn 0.084600 0.979200 -0.184200
vn -0.635900 0.756300 0.153600
vn -0.605800 0.779500 0.159100
vn -0.536800 0.821800 0.191000
vn -0.760500 0.599600 0.249100
vn -0.726800 0.628500 0.277200
vn -0.778000 0.553500 0.297400
vn 0.080500 0.994200 -0.071700
vn 0.879600 0.208500 -0.427700
vn 0.149300 0.981300 0.121100
vn 0.853900 0.242200 -0.460600
vn 0.164200 0.959100 0.230700
vn 0.806400 0.276600 -0.522700
vn 0.155400 0.954800 0.253400
vn 0.765300 0.276000 -0.581600
vn 0.116500 0.972000 0.203900
vn 0.746000 0.242600 -0.620200
vn 0.050700 0.994800 0.088400
vn 0.639000 -0.353900 -0.683000
vn 0.654200 -0.376300 -0.656100
vn 0.638500 -0.380700 -0.668800
vn 0.640300 -0.378100 -0.668700
vn 0.623700 -0.399900 -0.671600
vn 0.644100 -0.372000 -0.668400
vn 0.637400 -0.384300 -0.667900
vn 0.656500 -0.404600 -0.636600
vn 0.628000 -0.378600 -0.679900
vn 0.636100 -0.403700 -0.657500
vn 0.645400 -0.418900 -0.638700
vn 0.657600 -0.354200 -0.665000
vn 0.707700 -0.389400 -0.589500
vn 0.839100 0.162400 -0.519200
vn 0.997800 0.052800 0.041300
vn 0.803800 -0.565500 -0.184600
vn 0.586900 -0.248600 -0.770500
vn 0.150800 0.900200 -0.408500
vn 0.151400 0.972700 0.175700
vn -0.271500 0.635500 -0.722800
vn -0.567800 0.822800 -0.025900
vn -0.582000 -0.545500 0.603100
vn -0.246700 -0.552100 0.796400
vn -0.690300 0.548500 0.471800
vn -0.891200 0.428900 0.147600
vn -0.954900 0.282500 -0.091500
vn -0.582300 -0.779000 0.232600
vn -0.556100 0.818800 -0.142400
vn -0.505100 0.861000 -0.059400
vn -0.455800 0.889800 -0.022900
vn -0.569100 0.817900 -0.084000
vn -0.620100 0.775800 -0.116500
vn -0.591300 0.789800 -0.163000
vn -0.596000 0.801200 -0.053300
vn 0.388900 -0.909000 0.150100
vn 0.350300 -0.927500 0.130500
vn 0.335800 -0.926600 0.168900
vn 0.402900 -0.895900 0.187000
vn 0.436200 -0.887500 0.148700
vn 0.386700 -0.916500 0.102000
vn 0.477800 -0.856200 0.196500
vn -0.517600 0.838800 -0.168700
vn -0.661400 0.740100 -0.121800
vn -0.505600 0.861300 -0.050200
vn -0.409700 0.900600 -0.145400
vn -0.407700 0.903700 -0.130900
vn -0.543800 0.822100 -0.168500
vn -0.711100 0.679800 -0.179200
vn 0.314400 -0.904800 0.287100
vn 0.275700 -0.914700 0.295300
vn 0.370300 -0.891800 0.259900
vn 0.633400 -0.736300 0.238100
vn 0.663400 -0.728000 0.173100
vn 0.698700 -0.671400 0.247000
vn 0.638500 -0.690300 0.340300
vn 0.572300 -0.723900 0.385200
vn 0.617800 -0.745100 0.251300
vn 0.655700 -0.735900 0.168800
vn 0.601800 -0.752900 0.266500
vn 0.641400 -0.743100 0.191000
vn 0.694500 -0.713100 0.095900
vn 0.706100 -0.704400 0.073300
vn 0.703800 -0.707100 0.067800
vn 0.752400 -0.658800 -0.000100
vn 0.739300 -0.672800 -0.027600
vn 0.771700 -0.636000 -0.008600
vn 0.739400 -0.663700 0.113400
vn 0.957300 -0.012200 0.288800
vn 0.908600 -0.060100 0.413400
vn 0.817800 -0.070100 0.571200
vn 0.197700 0.888100 0.414900
vn 0.181300 0.876500 0.445900
vn -0.038900 0.772400 0.633900
vn 0.605200 -0.169200 0.777900
vn -0.382300 0.530500 0.756600
vn 0.308400 -0.381500 0.871400
vn -0.567700 0.450000 0.689300
vn 0.163700 -0.479900 0.861900
vn 0.533500 -0.742900 0.404200
vn 0.053700 -0.503700 0.862200
vn 0.443400 -0.799800 0.404600
vn 0.517300 -0.816700 0.255600
vn 0.308500 -0.885500 0.347300
vn 0.378900 -0.903300 0.201100
vn 0.405400 -0.902400 0.146200
vn 0.551500 -0.813100 0.186300
vn 0.442200 -0.893100 0.082700
vn 0.596200 -0.796800 0.098200
vn 0.472500 -0.879400 0.058200
vn 0.629400 -0.775700 0.046300
vn 0.739700 -0.672100 0.034400
vn 0.645900 -0.762600 0.036600
vn 0.762900 -0.645900 0.028900
vn 0.779900 -0.625900 -0.005000
vn 0.775700 -0.630500 0.027400
vn 0.797800 -0.602900 0.002700
vn 0.782800 -0.620800 -0.042300
vn 0.761300 -0.646600 -0.048300
vn 0.807400 -0.587100 -0.058400
vn 0.790600 -0.610200 -0.050800
vn 0.986700 0.065200 0.148700
vn 0.976900 0.035000 0.210900
vn 0.186300 0.942200 0.278600
vn 0.185600 0.909200 0.372700
vn 0.195300 0.885600 0.421300
vn -0.528300 0.826300 0.195500
vn -0.508300 0.837600 0.200200
vn -0.481000 0.870400 0.105200
vn -0.657700 0.744800 0.112800
vn -0.612000 0.790200 0.032100
vn -0.728200 0.683800 0.045500
vn -0.675700 0.736900 -0.017800
vn -0.743300 0.668900 -0.009100
vn -0.696300 0.715000 -0.062500
vn -0.641500 0.752100 -0.151000
vn -0.619000 0.781300 -0.080100
vn -0.573300 0.803100 -0.162600
vn -0.540000 0.814800 -0.211000
vn -0.607700 0.769800 -0.195400
vn -0.557400 0.820700 -0.125200
vn -0.620800 0.778200 -0.094800
vn -0.589700 0.486600 0.644600
vn -0.464700 0.881000 -0.088800
vn -0.606300 0.508900 0.611100
vn -0.099400 -0.556900 0.824600
vn -0.414100 0.893400 -0.173900
vn -0.427700 0.893900 -0.134300
vn -0.467400 0.880800 -0.075500
vn -0.444300 0.889700 -0.104500
vn -0.481400 0.870100 -0.105900
vn -0.576000 0.805700 -0.138100
vn -0.564600 0.812800 -0.143600
vn -0.501700 0.863100 -0.058500
vn -0.525900 0.847600 -0.070300
vn -0.509200 0.851500 -0.125100
vn -0.652300 0.757100 -0.036300
vn -0.666600 0.743900 -0.047900
vn -0.661600 0.744100 -0.092700
vn -0.541700 0.833800 -0.106200
vn -0.763700 0.644800 -0.031900
vn -0.760400 0.641200 -0.103100
vn -0.707700 0.639700 -0.300000
vn -0.603300 0.736400 -0.306200
vn -0.759500 0.650100 0.023900
vn -0.770500 0.634200 -0.063700
vn -0.744300 0.622500 -0.241900
vn -0.287400 0.459200 -0.840500
vn -0.218400 0.413400 -0.884000
vn -0.701400 0.712500 0.017000
vn -0.695900 0.701900 -0.151700
vn -0.294200 0.534100 -0.792600
vn 0.612200 -0.207700 -0.763000
vn 0.642200 -0.214600 -0.735900
vn 0.828800 -0.540700 -0.144300
vn 0.800400 -0.589900 -0.106800
vn 0.645200 -0.297300 -0.703800
vn 0.811000 -0.552100 -0.193700
vn 0.671600 -0.732000 -0.114700
vn 0.552500 -0.459300 -0.695500
vn -0.151700 0.378300 -0.913200
vn 0.457900 -0.599200 -0.656700
vn -0.135000 0.341500 -0.930100
vn -0.514300 0.801600 -0.305000
vn -0.114900 0.290000 -0.950100
vn -0.503600 0.795200 -0.337700
vn -0.525000 0.833400 -0.172700
vn -0.524400 0.778500 -0.344800
vn -0.568200 0.794700 -0.213400
vn -0.577100 0.800800 -0.160500
vn -0.636300 0.746600 -0.194100
vn -0.684700 0.715800 -0.137200
vn -0.708000 0.695500 -0.122200
vn -0.895000 0.442600 -0.056200
vn -0.925400 0.377200 -0.035800
vn -0.948400 0.307900 -0.075400
vn -0.712200 0.686000 -0.149100
vn -0.636700 -0.743300 0.205200
vn -0.571500 -0.791600 0.216500
vn 0.427100 -0.886800 0.176700
vn 0.423300 -0.877600 0.225000
vn 0.576500 -0.803700 0.147100
vn 0.540900 -0.822000 0.178200
vn 0.539100 -0.831300 0.135200
vn 0.498300 -0.854900 0.144200
vn 0.477000 -0.872600 0.105100
vn 0.438200 -0.893300 0.100600
vn 0.493500 -0.867800 0.058200
vn 0.499600 -0.862500 0.079800
vn 0.512700 -0.858000 0.031900
vn 0.656200 -0.754300 0.020600
vn 0.534500 -0.839600 -0.097100
vn 0.523400 -0.851700 -0.024000
vn 0.477000 -0.669000 -0.570000
vn 0.564100 -0.825300 0.027500
vn 0.528900 -0.684200 -0.502000
vn -0.090500 0.278800 -0.956100
vn 0.492600 -0.707500 -0.506800
vn -0.135200 0.250700 -0.958600
vn -0.563600 0.767500 -0.305500
vn -0.357200 0.173700 -0.917700
vn -0.762800 0.352100 -0.542400
vn -0.859600 0.481000 -0.172300
vn -0.559700 -0.661900 -0.498700
vn -0.727500 -0.666000 -0.165000
vn -0.698400 -0.710100 0.089600
vn 0.379000 -0.925400 -0.005300
vn 0.400800 -0.910800 0.099100
vn 0.561900 -0.826800 0.024900
vn 0.575800 -0.810600 0.107200
vn 0.553300 -0.825600 0.110500
vn 0.118800 -0.781100 -0.613000
vn -0.540400 0.833500 0.115400
vn -0.686500 0.719900 0.102500
vn 0.911400 0.410000 -0.034800
vn 0.818400 0.374400 0.435800
vn 0.924300 -0.311700 0.220400
vn 0.893700 -0.107700 -0.435600
vn -0.153900 0.445400 -0.882000
vn 0.026400 0.854100 -0.519500
vn -0.267100 0.960300 0.081100
vn 0.618800 -0.603400 -0.503000
vn 0.139600 -0.911000 -0.388100
vn -0.578800 0.029800 -0.815000
vn 0.041200 0.139100 -0.989400
vn 0.248500 0.717000 -0.651300
vn 0.895200 -0.314600 -0.315700
vn 0.557100 -0.830300 0.017500
vn -0.748200 0.546300 -0.376600
vn -0.518900 0.761600 -0.388200
vn -0.995000 -0.007500 0.099400
vn -0.606700 -0.788100 0.104400
vn -0.360200 -0.780700 0.510700
vn -0.922100 0.359400 0.143800
vn -0.408100 0.850800 -0.331000
vn -0.546800 0.705700 -0.450600
vn -0.771600 -0.013100 -0.636000
vn 0.675000 -0.506300 0.536700
vn 0.683200 -0.531000 0.501400
vn 0.639600 -0.579500 0.505100
vn 0.628300 -0.551100 0.549200
vn 0.666300 -0.497200 0.555700
vn 0.690300 -0.492600 0.530000
vn 0.678400 -0.564800 0.469900
vn -0.394100 0.799800 -0.452800
vn -0.753900 -0.181400 -0.631500
vn -0.203900 -0.975800 0.079300
vn 0.625000 -0.400600 0.670000
vn 0.337900 0.293100 0.894400
vn 0.268300 -0.126900 0.954900
vn 0.606100 -0.505100 0.614400
vn 0.668100 -0.309600 0.676700
vn 0.385800 0.651300 0.653400
vn 0.608500 -0.535500 0.585600
vn 0.329800 -0.857200 0.395600
vn 0.081300 -0.878800 0.470300
vn 0.079800 -0.926500 0.367700
vn 0.211300 -0.932000 0.294500
vn 0.418400 -0.862000 0.286300
vn 0.558800 -0.753800 0.345700
vn 0.534900 -0.729000 0.427100
vn 0.295400 -0.937400 0.184200
vn -0.857900 0.498200 -0.125500
vn -0.721100 0.615200 -0.318500
vn -0.815200 0.426400 -0.392100
vn -0.928900 0.341200 -0.144200
vn -0.706200 -0.013500 0.707900
vn -0.594600 0.440500 0.672700
vn -0.427100 0.858600 0.283500
vn -0.357600 0.928000 -0.104800
vn -0.595700 0.660000 -0.457800
vn -0.569900 0.658200 -0.492000
vn -0.631400 0.567300 -0.528700
vn -0.696700 0.510700 -0.503800
vn -0.385600 0.880500 -0.275700
vn -0.490900 0.806400 -0.329900
vn -0.614600 0.629000 -0.476000
vn 0.398200 0.796100 0.455700
vn 0.306800 0.904500 0.296400
vn 0.102300 0.982800 0.153800
vn -0.605700 0.716600 -0.345900
vn 0.725200 -0.169700 0.667300
vn 0.797200 0.004500 0.603700
vn 0.819500 0.169300 0.547500
vn 0.809500 0.264200 0.524300
vn -0.028900 0.993300 0.111900
vn 0.723100 -0.418900 0.549300
vn 0.791800 -0.359700 0.493700
vn 0.833700 -0.326400 0.445400
vn 0.726900 -0.510600 0.459300
vn 0.784500 -0.470500 0.404000
vn 0.838200 -0.436000 0.327800
vn 0.871900 -0.310400 0.378800
vn 0.798200 0.346700 0.492700
vn -0.135400 0.987900 0.075500
vn -0.699300 0.626000 -0.345100
vn -0.669900 0.659300 -0.341400
vn -0.740000 0.529900 -0.414300
vn -0.724000 0.551400 -0.414500
vn -0.678500 0.588000 -0.440400
vn -0.708000 0.552700 -0.439600
vn -0.672300 0.575900 -0.465100
vn -0.634600 0.586900 -0.502800
vn -0.678300 0.571000 -0.462500
vn -0.672400 0.550000 -0.495300
vn -0.690900 0.511300 -0.511100
vn -0.661800 0.606500 -0.440700
vn -0.655200 0.601600 -0.457000
vn -0.655400 0.621000 -0.429800
vn -0.743300 0.468400 -0.477700
vn -0.778900 0.568800 -0.264100
vn -0.821600 0.432300 -0.371600
vn -0.963300 0.010700 0.268300
vn -0.968600 0.245000 -0.041700
vn -0.180500 -0.728900 0.660400
vn -0.588900 -0.361400 0.722900
vn 0.367100 -0.742400 0.560400
vn 0.376100 -0.559900 0.738200
vn 0.299700 -0.418000 0.857600
vn 0.659000 -0.488200 0.572200
vn 0.645000 -0.501300 0.576800
vn 0.617200 -0.547800 0.564800
vn 0.607000 -0.565000 0.558800
vn 0.642400 -0.491600 0.587900
vn 0.657300 -0.547800 0.517500
vn 0.685000 -0.571800 0.451400
vn 0.696700 -0.558300 0.450500
vn 0.720500 -0.566900 0.399400
vn 0.737100 -0.543000 0.402300
vn 0.765000 -0.551000 0.333400
vn 0.800300 -0.501400 0.329000
vn 0.862500 -0.486600 0.138700
vn 0.888100 -0.436400 0.144200
vn 0.910000 -0.385500 0.152500
vn 0.851600 -0.159600 -0.499300
vn 0.862000 -0.124500 -0.491400
vn -0.058100 0.401700 -0.913900
vn -0.077400 0.396800 -0.914600
vn -0.671400 0.527200 -0.520800
vn -0.709700 0.505300 -0.490900
vn -0.727100 0.533800 -0.431600
vn -0.632100 0.579100 -0.514900
vn -0.697300 0.573800 -0.429500
vn -0.688600 0.576700 -0.439600
vn -0.667500 0.635600 -0.387800
vn -0.676000 0.624100 -0.391900
vn -0.672300 0.615300 -0.411600
vn -0.638600 0.703800 -0.311000
vn -0.605600 0.720500 -0.337700
vn -0.547400 0.751600 -0.368100
vn -0.543400 0.780500 -0.309000
vn -0.457000 0.819800 -0.345100
vn -0.377300 0.851200 -0.364700
vn -0.488500 0.783800 -0.383500
vn -0.472300 0.807100 -0.354200
vn -0.823000 0.566500 -0.040500
vn -0.667300 -0.514600 0.538500
vn -0.489000 0.768300 -0.413000
vn -0.559600 0.743800 -0.365600
vn -0.740600 -0.119300 -0.661200
vn -0.756200 -0.202400 -0.622300
vn -0.070200 -0.983800 -0.164700
vn -0.109600 -0.994000 -0.004800
vn -0.051000 -0.952700 -0.299700
vn 0.378600 -0.922300 0.077600
vn -0.747100 -0.070900 -0.661000
vn -0.698700 -0.032300 -0.714700
vn 0.018700 -0.910800 -0.412500
vn -0.623200 0.712500 -0.322400
vn -0.633000 0.706200 -0.317200
vn -0.603300 0.749000 -0.274000
vn -0.611600 0.740200 -0.279400
vn -0.515800 0.764700 -0.386200
vn 0.170500 0.706200 -0.687200
vn -0.635300 0.704900 -0.315400
vn -0.552900 0.730000 -0.401900
vn 0.113700 0.671100 -0.732600
vn 0.910100 -0.134700 -0.391900
vn 0.916200 -0.179200 -0.358500
vn -0.588600 0.662000 -0.464100
vn 0.069300 0.570500 -0.818400
vn 0.889100 -0.149700 -0.432500
vn 0.832300 -0.538000 0.133500
vn 0.788900 -0.603600 0.115400
vn -0.018900 0.462800 -0.886200
vn 0.854600 -0.159100 -0.494400
vn 0.684500 -0.692100 0.229100
vn 0.590200 -0.797000 0.128000
vn 0.703300 -0.707100 0.073000
vn 0.737100 -0.604200 0.302700
vn 0.706600 -0.611900 0.355400
vn 0.626800 -0.728900 0.275300
vn 0.511200 -0.838400 0.189000
vn 0.681200 -0.606300 0.410300
vn 0.459700 -0.888100 0.002100
vn 0.594100 -0.603100 0.532200
vn -0.910100 0.270300 0.314000
vn -0.539500 0.497700 0.679200
vn -0.347100 0.929100 0.127900
vn -0.864700 0.452900 -0.217200
vn -0.599100 -0.775600 0.198700
vn -0.260500 -0.774700 0.576200
vn -0.469600 -0.825700 -0.312400
vn 0.431800 0.891800 -0.135200
vn -0.086100 0.731000 0.676900
vn 0.909200 0.414400 0.040500
vn 0.746700 -0.052100 -0.663100
vn 0.068800 0.897300 -0.436100
vn -0.512000 0.632300 0.581500
vn 0.600900 -0.108800 -0.791900
vn 0.126100 -0.989500 -0.070600
vn 0.886900 0.461500 0.018800
vn 0.691500 -0.278600 -0.666500
vn -0.217500 0.655300 0.723400
vn 0.561100 -0.794400 -0.232600
vn 0.608800 -0.686800 -0.397000
vn 0.646000 -0.689000 -0.328500
vn 0.560400 -0.824100 -0.083300
vn 0.493100 -0.840900 -0.222900
vn 0.560300 -0.719200 -0.411000
vn 0.445200 -0.894400 -0.043500
vn -0.536700 0.756800 0.373200
vn -0.566300 0.655000 0.500200
vn -0.535100 0.698000 0.475900
vn -0.474500 0.822400 0.314000
vn -0.515400 0.795500 0.318600
vn -0.551000 0.673000 0.493400
vn -0.428100 0.885700 0.179800
vn -0.406300 0.872600 0.271000
vn -0.349600 0.926200 0.141000
vn -0.357300 0.919300 0.164800
vn -0.406800 0.896200 0.176900
vn -0.463800 0.834300 0.298200
vn -0.410000 0.745000 0.526200
vn -0.381200 0.812400 0.441300
vn -0.331900 0.762200 0.555800
vn -0.495300 0.714500 0.494100
vn -0.300000 0.660100 0.688700
vn -0.497100 0.596600 0.630000
vn -0.549600 0.570300 0.610500
vn -0.575500 0.555900 0.599900
vn -0.499900 0.538100 0.678600
vn -0.547200 0.513600 0.660900
vn -0.575000 0.494900 0.651500
vn -0.596900 0.483800 0.640000
vn -0.582700 0.562100 0.587000
vn -0.547800 0.491700 0.676800
vn -0.573300 0.476600 0.666400
vn -0.599600 0.464700 0.651600
vn -0.632800 0.458800 0.623700
vn -0.619500 0.484000 0.618000
vn -0.573800 0.498400 0.649900
vn -0.607800 0.493100 0.622500
vn -0.650900 0.487200 0.582200
vn -0.706700 0.472400 0.526800
vn -0.686000 0.449900 0.571800
vn -0.597300 0.710100 0.372800
vn -0.644000 0.698900 0.311100
vn -0.693500 0.674300 0.253900
vn -0.824300 0.556000 -0.107000
vn -0.839100 0.382300 0.387000
vn -0.059200 0.713900 -0.697800
vn -0.039400 0.686200 -0.726400
vn -0.083200 0.527800 -0.845300
vn 0.566900 -0.175100 -0.804900
vn 0.618900 -0.227600 -0.751700
vn 0.292700 -0.206200 -0.933700
vn 0.597500 -0.380900 -0.705700
vn 0.599500 -0.428900 -0.675700
vn 0.423100 -0.550300 -0.719900
vn 0.557400 -0.503400 -0.660200
vn 0.313700 -0.621400 -0.717900
vn -0.827000 -0.362800 -0.429400
vn -0.757600 -0.361300 -0.543600
vn -0.682500 -0.125100 -0.720100
vn -0.812500 0.387800 0.435200
vn -0.927400 -0.227700 -0.296700
vn -0.764000 0.446600 0.465700
vn -0.661200 0.483900 0.573200
vn -0.701700 0.567900 0.430200
vn -0.613500 0.593500 0.521000
vn -0.586300 0.582000 0.563500
vn -0.514400 0.760800 0.395600
vn -0.505500 0.742600 0.439300
vn -0.395400 0.885700 0.243200
vn -0.460600 0.869500 0.178600
vn -0.388100 0.914700 0.112600
vn -0.332100 0.932400 0.142700
vn -0.589800 0.745800 0.309700
vn -0.937900 0.113600 -0.327700
vn -0.902200 0.285400 -0.323200
vn -0.951300 -0.075800 -0.298900
vn 0.029500 -0.710200 -0.703400
vn -0.126500 -0.771400 -0.623700
vn 0.167400 -0.668700 -0.724500
vn 0.512800 -0.564800 -0.646500
vn 0.447600 -0.672200 -0.589800
vn 0.503200 -0.638900 -0.581900
vn 0.406400 -0.798800 -0.443500
vn 0.345700 -0.816200 -0.462900
vn 0.559500 -0.519400 -0.645900
vn 0.587500 -0.488900 -0.644800
vn 0.555000 -0.603400 -0.572600
vn 0.585400 -0.457900 -0.669000
vn 0.596600 -0.432300 -0.676200
vn 0.603100 -0.418700 -0.679000
vn 0.604400 -0.474200 -0.640200
vn 0.594600 -0.357700 -0.720100
vn 0.598800 -0.345300 -0.722700
vn 0.609200 -0.333400 -0.719600
vn 0.610700 -0.410100 -0.677400
vn 0.547600 -0.143700 -0.824300
vn 0.556100 -0.117800 -0.822700
vn 0.575200 -0.104900 -0.811300
vn 0.630400 -0.315700 -0.709200
vn -0.004700 0.818300 -0.574800
vn 0.036200 0.869700 -0.492300
vn -0.555100 0.701000 0.447800
vn -0.527300 0.676300 0.514400
vn -0.547500 0.504900 0.667300
vn -0.506200 0.521300 0.687000
vn -0.505100 0.515400 0.692300
vn -0.297200 0.625500 0.721400
vn -0.303100 0.614200 0.728600
vn 0.847900 0.447300 0.284500
vn 0.812000 0.540400 0.220600
vn 0.742300 -0.365700 -0.561400
vn 0.729600 -0.317700 -0.605600
vn 0.638000 -0.453400 -0.622300
vn 0.633200 -0.391500 -0.667700
vn 0.614100 -0.469500 -0.634400
vn 0.645600 -0.544600 -0.535300
vn 0.619200 -0.559300 -0.551200
vn 0.599000 -0.572900 -0.559500
vn 0.479500 -0.769400 -0.422000
vn 0.402500 -0.880800 -0.249500
vn 0.320800 -0.901800 -0.289800
vn 0.356300 -0.928500 -0.104700
vn 0.277800 -0.946100 -0.166500
vn 0.196400 -0.954000 -0.226700
vn 0.249600 -0.910200 -0.330400
vn -0.429400 -0.793400 -0.431500
vn -0.303800 -0.789500 -0.533300
vn -0.891400 0.371300 -0.260000
vn 0.206400 -0.978300 0.014800
vn 0.294800 -0.946000 0.134600
vn -0.114000 -0.508200 0.853700
vn -0.220100 -0.685800 0.693700
vn -0.441400 0.616800 0.651700
vn -0.513000 0.519700 0.683200
vn -0.343500 0.923600 0.170300
vn -0.035600 -0.222500 0.974300
vn 0.258300 0.060000 0.964200
vn 0.385900 -0.879300 0.279100
vn 0.580500 -0.765800 0.276700
vn 0.770300 -0.628400 -0.108200
vn 0.766600 0.231500 0.599000
vn 0.750800 -0.472700 -0.461300
vn 0.874600 0.335500 0.349900
vn -0.043700 0.759200 -0.649400
vn 0.594900 -0.755200 0.275100
vn 0.620300 -0.733300 0.278300
vn 0.513300 -0.791400 0.332100
vn 0.463000 -0.816100 0.345800
vn 0.768700 -0.609300 0.194600
vn 0.771900 -0.600100 0.209800
vn 0.660900 -0.722000 0.205000
vn 0.791200 -0.590400 0.159600
vn 0.492200 -0.813100 0.310900
vn 0.560100 -0.796800 0.226800
vn 0.407400 -0.833500 0.373100
vn -0.544900 0.775100 -0.319900
vn -0.574100 0.639900 -0.510800
vn -0.756400 0.593600 -0.274600
vn -0.632300 0.767600 -0.104800
vn -0.066200 0.946400 -0.316200
vn -0.026400 0.680300 -0.732400
vn -0.180600 0.982000 0.055100
vn 0.807500 -0.540500 0.236200
vn 0.786100 -0.577400 0.220500
vn 0.872400 -0.457600 0.171700
vn 0.856800 -0.469500 0.213100
vn 0.822500 -0.503000 0.265400
vn 0.760100 -0.582200 0.288800
vn 0.673000 -0.681900 0.286600
vn 0.890400 0.450200 -0.067900
vn 0.941400 0.267300 -0.205600
vn 0.611900 0.519800 -0.596100
vn 0.568900 0.796500 -0.204700
vn 0.539300 0.823000 0.178300
vn 0.908000 0.380200 0.176300
vn 0.989700 0.104400 0.098300
vn -0.278800 0.562000 0.778800
vn -0.518200 0.791800 0.323200
vn -0.703300 0.676300 0.219200
vn -0.415500 0.445400 0.793100
vn 0.209300 0.340000 0.916900
vn -0.130000 0.835200 0.534400
vn 0.247300 -0.052300 0.967500
vn 0.440500 0.589600 0.677000
vn 0.624500 0.086800 0.776200
vn 0.623200 0.612300 0.486500
vn -0.171500 0.957000 0.234200
vn 0.862200 -0.039100 0.505000
vn -0.774300 0.604600 0.186800
vn -0.999800 -0.017700 0.012900
vn -0.571600 0.545900 0.612600
vn -0.047000 0.832500 0.552000
vn -0.638400 0.766200 0.073500
vn -0.919200 -0.177500 -0.351500
vn 0.153500 0.896600 0.415500
vn -0.724000 -0.025600 0.689300
vn -0.888300 -0.456100 0.054500
vn -0.820400 -0.571800 0.004500
vn -0.712200 -0.146300 0.686600
vn -0.421200 0.497900 0.758100
vn -0.954000 -0.018500 0.299400
vn -0.071200 0.543100 0.836600
vn 0.554300 0.772300 0.310500
vn 0.551700 0.780100 0.295100
vn 0.520500 0.785900 0.333700
vn 0.535600 0.777900 0.328700
vn 0.548500 0.782200 0.295600
vn 0.554600 0.784500 0.277600
vn 0.534800 0.788900 0.302600
vn -0.604800 -0.689700 -0.398200
vn -0.617700 -0.681300 -0.392700
vn -0.574400 -0.720800 -0.387800
vn -0.568300 -0.723000 -0.392700
vn -0.564700 -0.731400 -0.382300
vn -0.605200 -0.687300 -0.401700
vn -0.625400 -0.664700 -0.408600
vn -0.600200 -0.690900 -0.402900
vn -0.621100 -0.662700 -0.418400
vn -0.636600 -0.642500 -0.426600
vn -0.640000 -0.652700 -0.405500
vn -0.627200 -0.678300 -0.382600
vn -0.575200 -0.721600 -0.385300
vn -0.659000 -0.636400 -0.401000
vn -0.637300 -0.671800 -0.377600
vn -0.567800 -0.718700 -0.401400
vn -0.432400 -0.782500 -0.447900
vn -0.464100 -0.791100 -0.398400
vn -0.652000 -0.627800 -0.425100
vn -0.525900 -0.670700 -0.523100
vn -0.330200 -0.707600 -0.624700
vn -0.080300 -0.730800 -0.677800
vn -0.223400 -0.854000 -0.469900
vn -0.219000 -0.133400 -0.966600
vn 0.068500 -0.160100 -0.984700
vn 0.279300 -0.126600 -0.951800
vn 0.371000 0.003800 -0.928600
vn 0.137400 -0.715000 -0.685500
vn 0.476000 0.636500 -0.606900
vn 0.481000 0.711900 -0.511600
vn 0.329600 0.851300 -0.408200
vn 0.057400 0.927000 -0.370600
vn 0.336800 0.150500 -0.929500
vn 0.402700 0.915000 0.023700
vn 0.185600 0.980900 0.058600
vn -0.086000 0.996200 -0.014400
vn -0.295200 0.948500 -0.114500
vn -0.167400 0.897000 -0.409100
vn 0.141800 0.977200 0.158200
vn -0.112900 0.993500 0.016600
vn -0.308900 0.945700 -0.101000
vn -0.418900 0.893900 -0.159800
vn -0.403700 0.895300 -0.188300
vn -0.121400 0.992400 -0.021800
vn -0.302100 0.942300 -0.144100
vn -0.409700 0.890700 -0.197000
vn -0.503700 0.834900 -0.222000
vn -0.507900 0.836900 -0.203800
vn -0.289800 0.936400 -0.197800
vn -0.394600 0.885700 -0.244500
vn -0.487000 0.833600 -0.260600
vn -0.588000 0.765100 -0.262500
vn -0.596000 0.764200 -0.246500
vn -0.380400 0.879900 -0.284700
vn -0.464500 0.831400 -0.305000
vn -0.559900 0.770300 -0.305200
vn -0.652400 0.701900 -0.285800
vn -0.674100 0.689300 -0.265400
vn -0.442000 0.829600 -0.341200
vn -0.520800 0.780600 -0.345500
vn -0.605200 0.730600 -0.316300
vn -0.672400 0.695800 -0.252500
vn -0.719500 0.650600 -0.243000
vn -0.491800 0.793800 -0.357700
vn -0.560400 0.762400 -0.323500
vn -0.621300 0.742300 -0.251000
vn -0.685100 0.708000 -0.171300
vn -0.740400 0.647700 -0.179800
vn -0.537900 0.783700 -0.310700
vn -0.590200 0.771900 -0.236200
vn -0.648200 0.745100 -0.156700
vn -0.710600 0.697200 -0.094900
vn -0.746800 0.656500 -0.106300
vn -0.588200 0.784900 -0.195000
vn -0.636800 0.760000 -0.129800
vn -0.689400 0.719200 -0.086900
vn -0.732200 0.679100 -0.052500
vn -0.750400 0.658900 -0.053700
vn -0.647200 0.758000 -0.081300
vn -0.685300 0.725800 -0.060500
vn -0.723300 0.689300 -0.040300
vn -0.746400 0.664900 -0.028300
vn -0.751000 0.659500 -0.031500
vn -0.701700 0.712400 0.002200
vn -0.729500 0.683900 -0.001200
vn -0.750100 0.661200 -0.007700
vn -0.755100 0.655500 -0.013200
vn -0.750500 0.660300 -0.026200
vn -0.760100 0.641800 0.101700
vn -0.768100 0.637500 0.060100
vn -0.767600 0.639500 0.043600
vn -0.754600 0.654700 0.043400
vn -0.746800 0.664800 -0.016400
vn -0.798700 0.543300 0.258600
vn -0.780100 0.590800 0.205800
vn -0.752200 0.625900 0.205900
vn -0.723900 0.686900 0.064700
vn -0.560800 0.224600 0.796900
vn -0.491600 0.339700 0.801800
vn 0.064900 -0.326300 0.943000
vn 0.138100 -0.192100 0.971600
vn 0.429900 -0.518800 0.738900
vn 0.510000 -0.422500 0.749300
vn 0.611500 -0.220100 0.760000
vn 0.719400 -0.490500 0.491800
vn 0.813400 -0.295300 0.501200
vn 0.815800 -0.474900 0.330000
vn 0.889600 -0.321700 0.324200
vn 0.940800 -0.068200 0.331900
vn 0.919300 -0.316500 0.234000
vn 0.976500 -0.063900 0.205700
vn 0.820900 0.550000 0.153500
vn 0.743900 0.589600 0.314600
vn 0.040600 0.998000 0.048900
vn -0.065400 0.987400 0.144300
vn -0.562200 0.826800 -0.019800
vn -0.587600 0.808800 0.022600
vn -0.595400 0.794300 0.120900
vn -0.725200 0.688300 -0.016500
vn -0.713300 0.700100 -0.033300
vn -0.741500 0.670400 -0.028100
vn -0.702200 0.711600 -0.021600
vn -0.739700 0.672600 -0.020500
vn -0.751800 0.659000 -0.023500
vn -0.744500 0.667600 -0.007300
vn -0.761100 0.648400 -0.015900
vn -0.763200 0.645500 -0.029000
vn -0.782100 0.623000 -0.015600
vn -0.786800 0.616200 -0.034300
vn -0.779800 0.622900 -0.062100
vn -0.823100 0.565900 -0.048200
vn -0.823100 0.562400 -0.078800
vn -0.798400 0.589900 -0.120700
vn -0.858900 0.502700 -0.097800
vn -0.838500 0.528600 -0.132500
vn -0.785700 0.590500 -0.184400
vn -0.843400 0.503700 -0.187200
vn -0.798300 0.558700 -0.225000
vn -0.737400 0.624600 -0.257100
vn -0.773600 0.545100 -0.323200
vn -0.720000 0.615300 -0.321000
vn -0.665600 0.688500 -0.287900
vn -0.663200 0.604800 -0.440900
vn -0.625100 0.690000 -0.364900
vn -0.580300 0.768000 -0.271000
vn -0.526600 0.667500 -0.526500
vn -0.518300 0.762800 -0.386600
vn -0.479700 0.835500 -0.268000
vn -0.304300 0.620400 -0.722900
vn -0.312900 0.731500 -0.605800
vn -0.270700 0.828300 -0.490500
vn 0.139200 0.135400 -0.981000
vn 0.167100 0.206900 -0.964000
vn 0.243400 0.217400 -0.945200
vn 0.450600 -0.591200 -0.668900
vn 0.422000 -0.634000 -0.648000
vn 0.310700 -0.679500 -0.664700
vn 0.383600 -0.873700 -0.299300
vn 0.222400 -0.904300 -0.364300
vn 0.002200 -0.898800 -0.438400
vn 0.176800 -0.962500 -0.205900
vn -0.053900 -0.946400 -0.318300
vn -0.277700 -0.880600 -0.384000
vn -0.073900 -0.963100 -0.258700
vn -0.300300 -0.887600 -0.349300
vn -0.476500 -0.791100 -0.383500
vn -0.315300 -0.890900 -0.326900
vn -0.482900 -0.789800 -0.378300
vn -0.328400 -0.896900 -0.296200
vn -0.487200 -0.797500 -0.355800
vn -0.317000 -0.922800 -0.219100
vn -0.478700 -0.823700 -0.303900
vn -0.560900 -0.741400 -0.368500
vn -0.456200 -0.853600 -0.251400
vn -0.554000 -0.755100 -0.350600
vn -0.596800 -0.699800 -0.392600
vn -0.549300 -0.770700 -0.322900
vn -0.594800 -0.710000 -0.377100
vn -0.615600 -0.676200 -0.404600
vn -0.616600 -0.668700 -0.415500
vn -0.637500 -0.646100 -0.419700
vn -0.633300 -0.643100 -0.430600
vn -0.667900 -0.608900 -0.428000
vn -0.657500 -0.612100 -0.439400
vn -0.656700 -0.617700 -0.432600
vn -0.714900 -0.532600 -0.453000
vn -0.710700 -0.541000 -0.449700
vn -0.707800 -0.572100 -0.414300
vn -0.873300 0.029900 -0.486200
vn -0.824700 0.046800 -0.563600
vn -0.597500 -0.033000 -0.801200
vn -0.302100 0.907300 -0.292400
vn 0.011000 0.799300 -0.600900
vn 0.336800 0.648500 -0.682700
vn 0.435500 0.899900 -0.024000
vn 0.542200 0.831500 -0.120900
vn 0.521300 0.850300 -0.071700
vn 0.559500 0.817100 0.139100
vn 0.499000 0.848400 0.176400
vn 0.354800 0.910000 0.214500
vn 0.492600 0.829900 0.262100
vn 0.341300 0.902400 0.263000
vn 0.120100 0.980800 0.153800
vn 0.345000 0.906900 0.242000
vn 0.113300 0.989500 0.089700
vn -0.121400 0.988600 -0.089200
vn 0.124000 0.992300 0.005100
vn -0.112000 0.981500 -0.155500
vn -0.276900 0.929700 -0.243000
vn -0.099300 0.975900 -0.194500
vn -0.264200 0.924800 -0.273800
vn -0.367900 0.874900 -0.314800
vn -0.256900 0.923100 -0.286100
vn -0.360400 0.872700 -0.329300
vn -0.428300 0.831000 -0.354800
vn -0.361000 0.873800 -0.325700
vn -0.426200 0.834200 -0.349900
vn -0.481500 0.803800 -0.349400
vn -0.434700 0.837700 -0.330600
vn -0.487100 0.811300 -0.323400
vn -0.539500 0.796300 -0.273600
vn -0.517300 0.816500 -0.256300
vn -0.569500 0.800000 -0.188900
vn -0.611100 0.782600 -0.118800
vn -0.635000 0.772100 -0.026100
vn -0.662000 0.749400 0.009700
vn -0.681100 0.732200 0.007400
vn -0.757100 0.565300 0.327600
vn -0.758800 0.603600 0.244600
vn -0.753900 0.635600 0.166100
vn -0.706000 0.114200 0.698900
vn -0.767000 0.302700 0.565800
vn -0.798700 0.451100 0.398200
vn -0.374600 -0.330900 0.866100
vn -0.482000 -0.129800 0.866500
vn -0.571700 0.083900 0.816100
vn 0.058100 -0.557100 0.828400
vn 0.038100 -0.442400 0.896000
vn 0.300800 -0.665600 0.683000
vn 0.348100 -0.588800 0.729400
vn 0.492800 -0.696300 0.521800
vn 0.575200 -0.618400 0.535600
vn 0.653400 -0.557200 0.512400
vn 0.704400 -0.589900 0.394700
vn 0.764300 -0.531900 0.364600
vn 0.771800 -0.548200 0.322100
vn 0.819400 -0.495300 0.288600
vn 0.861800 -0.437800 0.256300
vn 0.859000 -0.456600 0.231600
vn 0.894000 -0.401000 0.200100
vn 0.942200 -0.289900 0.167900
vn 0.921100 -0.358400 0.152000
vn 0.962400 -0.243400 0.120300
vn 0.996200 -0.007700 0.086700
vn 0.991000 -0.036200 0.128800
vn 0.901100 0.429400 0.059700
vn 0.866600 0.492100 0.083000
vn 0.295500 0.954900 0.028300
vn 0.152300 0.988100 0.022700
vn -0.457500 0.889200 0.000100
vn -0.523400 0.851900 -0.017700
vn -0.692900 0.721000 -0.003200
vn -0.369300 0.928500 0.038700
vn -0.685900 0.727500 0.015900
vn -0.758500 0.651700 0.000700
vn -0.686200 0.726100 0.043200
vn -0.780500 0.625200 0.004700
vn -0.812300 0.582800 -0.022600
vn -0.807200 0.590200 0.012000
vn -0.842200 0.538100 -0.032100
vn -0.856100 0.512500 -0.066200
vn -0.861200 0.504000 -0.065800
vn -0.869600 0.480300 -0.114400
vn -0.864700 0.477700 -0.154900
vn -0.864400 0.460400 -0.202300
vn -0.844500 0.465000 -0.265600
vn -0.813200 0.495600 -0.305100
vn -0.807600 0.442200 -0.390200
vn -0.753800 0.476100 -0.452800
vn -0.705500 0.528500 -0.472300
vn -0.649100 0.429200 -0.628100
vn -0.576300 0.484300 -0.658300
vn -0.541200 0.564000 -0.623700
vn -0.337800 0.369400 -0.865700
vn -0.292900 0.422600 -0.857700
vn -0.284200 0.508900 -0.812600
vn 0.114300 0.098800 -0.988500
vn 0.137400 0.072800 -0.987800
vn 0.144000 0.078600 -0.986500
vn 0.497700 -0.431900 -0.752200
vn 0.474900 -0.508400 -0.718300
vn 0.458600 -0.553200 -0.695500
vn 0.553100 -0.766400 -0.326600
vn 0.495900 -0.811500 -0.309100
vn 0.449100 -0.845300 -0.289300
vn 0.465600 -0.882000 -0.072800
vn 0.411600 -0.908700 -0.069800
vn 0.343300 -0.933200 -0.106100
vn 0.380700 -0.922800 0.059800
vn 0.318500 -0.947900 0.010600
vn 0.159200 -0.980600 -0.114200
vn 0.300900 -0.948400 0.100200
vn 0.152000 -0.987800 -0.033500
vn -0.082100 -0.975100 -0.205900
vn 0.152000 -0.987100 0.051000
vn -0.080700 -0.986400 -0.143100
vn 0.156500 -0.977200 0.143100
vn -0.066000 -0.996200 -0.056100
vn 0.161100 -0.959600 0.230800
vn -0.028600 -0.997200 0.068600
vn -0.266000 -0.958300 -0.104400
vn 0.005500 -0.983300 0.181800
vn -0.221700 -0.975100 -0.005800
vn -0.434500 -0.878300 -0.199700
vn -0.184400 -0.977800 0.099200
vn -0.418200 -0.899100 -0.129200
vn -0.547400 -0.789300 -0.278200
vn -0.411600 -0.911000 0.024200
vn -0.559300 -0.813700 -0.158500
vn -0.624300 -0.735800 -0.262600
vn -0.598100 -0.721100 -0.349800
vn -0.669600 -0.677600 -0.304100
vn -0.626400 -0.680700 -0.379800
vn -0.708700 -0.638200 -0.300700
vn -0.653100 -0.648500 -0.391100
vn -0.761500 -0.585900 -0.277100
vn -0.692400 -0.603600 -0.395200
vn -0.871100 -0.443800 -0.210300
vn -0.763900 -0.518300 -0.384400
vn -0.730800 -0.526000 -0.435100
vn -0.908700 -0.078800 -0.410000
vn -0.885700 -0.006300 -0.464200
vn -0.546300 0.837600 -0.002900
vn -0.427000 0.901700 -0.067600
vn -0.377500 0.918500 -0.117400
vn 0.246100 0.918500 0.309400
vn 0.259500 0.931200 0.256100
vn 0.299500 0.942400 0.149000
vn 0.405600 0.848300 0.340400
vn 0.449300 0.849100 0.277700
vn 0.527900 0.829100 0.184200
vn 0.500200 0.805000 0.319100
vn 0.547400 0.795700 0.259300
vn 0.556900 0.796300 0.236200
vn 0.497800 0.819500 0.283800
vn 0.504000 0.821300 0.267300
vn 0.362800 0.915000 0.176300
vn 0.493900 0.834700 0.243500
vn 0.367800 0.921700 0.122900
vn 0.143900 0.988600 -0.043500
vn 0.345300 0.930200 0.124400
vn 0.136300 0.988800 -0.060200
vn -0.095700 0.972900 -0.210700
vn 0.099000 0.993600 -0.055200
vn -0.106800 0.973000 -0.204900
vn -0.258000 0.924000 -0.282300
vn -0.127500 0.974200 -0.186200
vn -0.266100 0.926900 -0.264800
vn -0.369900 0.876400 -0.308400
vn -0.283000 0.932000 -0.226500
vn -0.391800 0.880600 -0.266700
vn -0.461400 0.841500 -0.280900
vn -0.444700 0.881900 -0.156700
vn -0.528700 0.835800 -0.148000
vn -0.591000 0.801000 -0.096000
vn -0.712800 0.536500 0.451700
vn -0.740900 0.528300 0.414700
vn -0.748900 0.538500 0.386300
vn -0.446500 -0.301800 0.842400
vn -0.532900 -0.185200 0.825700
vn -0.619600 -0.051500 0.783200
vn -0.041700 -0.712700 0.700300
vn -0.138000 -0.628500 0.765500
vn -0.259100 -0.502800 0.824700
vn 0.161200 -0.807400 0.567500
vn 0.113400 -0.750600 0.650900
vn 0.081300 -0.662800 0.744300
vn 0.308800 -0.813500 0.492700
vn 0.302400 -0.747800 0.591000
vn 0.400700 -0.820800 0.407000
vn 0.443800 -0.769200 0.459800
vn 0.453200 -0.812000 0.367800
vn 0.529200 -0.758600 0.380100
vn 0.618500 -0.676600 0.399500
vn 0.593000 -0.732300 0.334700
vn 0.690100 -0.640900 0.336200
vn 0.352800 -0.845900 0.400000
vn 0.393800 -0.837200 0.379600
vn 0.309700 -0.852800 0.420500
vn 0.344100 -0.846800 0.405500
vn 0.274500 -0.857700 0.434700
vn 0.300200 -0.859100 0.414600
vn 0.342700 -0.860000 0.378200
vn 0.278800 -0.870600 0.405400
vn 0.304800 -0.879800 0.364600
vn 0.337300 -0.890700 0.304800
vn 0.401300 -0.860000 0.315200
vn 0.369300 -0.899100 0.234900
vn 0.454800 -0.859000 0.235000
vn 0.400000 -0.902900 0.157500
vn 0.492900 -0.856800 0.151500
vn 0.597300 -0.788300 0.148000
vn 0.700200 -0.700100 0.140100
vn 0.520100 -0.852000 0.060500
vn 0.615300 -0.784500 0.077200
vn 0.717400 -0.690300 0.093900
vn 0.823700 -0.556900 0.106600
vn 0.813400 -0.566400 0.132500
vn 0.629800 -0.775000 -0.052900
vn 0.735400 -0.676600 -0.037500
vn 0.840500 -0.540400 -0.039900
vn 0.917400 -0.395400 -0.046300
vn 0.902100 -0.411700 0.129200
vn 0.719000 -0.591900 -0.364400
vn 0.798200 -0.449400 -0.401000
vn 0.848800 -0.305000 -0.431900
vn 0.891300 -0.145200 -0.429600
vn 0.968800 -0.246700 -0.025200
vn 0.534500 -0.203500 -0.820300
vn 0.534400 -0.101500 -0.839100
vn 0.552000 0.035600 -0.833100
vn 0.577600 0.189500 -0.794000
vn 0.922200 0.002600 -0.386700
vn 0.018600 0.152200 -0.988200
vn -0.006400 0.235100 -0.971900
vn -0.009500 0.356400 -0.934300
vn -0.026800 0.472200 -0.881100
vn 0.601000 0.312900 -0.735400
vn -0.494600 0.360400 -0.790900
vn -0.535600 0.424400 -0.730100
vn -0.567300 0.499700 -0.654600
vn -0.769500 0.429900 -0.472300
vn -0.780100 0.483400 -0.397300
vn -0.840900 0.440600 -0.314300
vn -0.844400 0.479500 -0.239000
vn -0.802700 0.579200 -0.142200
vn -0.675900 0.737000 -0.003800
vn -0.864000 0.485400 -0.133900
vn -0.824100 0.563900 -0.054200
vn -0.699900 0.711400 0.064500
vn -0.254600 0.920700 0.295700
vn -0.223900 0.950200 0.216800
vn -0.825500 0.564400 -0.003500
vn -0.708900 0.697900 0.101600
vn -0.249400 0.912700 0.323800
vn 0.576600 0.692000 0.434400
vn 0.545700 0.721600 0.426000
vn -0.698700 0.710200 0.086400
vn -0.250400 0.934800 0.251900
vn 0.579300 0.737600 0.346900
vn 0.933400 0.258100 0.249100
vn 0.926900 0.218200 0.305400
vn -0.289000 0.948900 0.126400
vn 0.535400 0.823100 0.189500
vn 0.935100 0.321800 0.148500
vn 0.992800 0.025700 0.116700
vn 0.985600 0.004900 0.169000
vn 0.429800 0.900400 0.066700
vn 0.925100 0.373600 0.068200
vn 0.996800 0.017000 0.077700
vn 0.976700 -0.191300 0.097500
vn 0.982400 -0.155900 0.103300
vn 0.944600 -0.304900 0.121300
vn 0.961700 -0.251200 0.110100
vn 0.969500 -0.214500 0.118700
vn 0.981700 -0.143100 0.125900
vn 0.967100 -0.200300 0.156600
vn 0.976100 -0.141200 0.165100
vn 0.977300 -0.016000 0.211300
vn 0.971200 -0.133800 0.197200
vn 0.972900 -0.009600 0.230800
vn 0.919500 0.240000 0.311400
vn 0.977400 0.031200 0.209300
vn 0.914000 0.293500 0.280200
vn 0.526300 0.773900 0.352300
vn 0.976800 -0.107200 0.185500
vn 0.998200 -0.038700 0.046100
vn 0.966300 -0.181700 0.182400
vn 0.991600 -0.129300 0.010700
vn 0.942000 0.111100 -0.316700
vn 0.947300 -0.276600 0.161700
vn 0.961600 -0.195400 0.192800
vn 0.944200 -0.277000 0.178300
vn 0.899400 -0.411400 0.147900
vn 0.949800 -0.276300 0.146600
vn 0.900400 -0.413900 0.133900
vn 0.947900 -0.293700 0.123200
vn 0.892400 -0.429100 0.139800
vn 0.933900 -0.333300 0.129100
vn 0.881900 -0.444000 0.158400
vn 0.914200 -0.377900 0.146200
vn 0.890600 -0.417900 0.179300
vn -0.727900 0.411200 -0.548700
vn -0.422600 0.336400 -0.841600
vn 0.072500 0.125200 -0.989500
vn 0.524400 -0.318200 -0.789800
vn 0.625500 -0.702300 -0.339900
vn 0.542600 -0.836800 -0.072900
vn 0.432000 -0.899700 0.062100
vn 0.355400 -0.922300 0.151700
vn 0.333900 -0.915700 0.223500
vn 0.287100 -0.941400 0.177200
vn 0.313000 -0.904800 0.288700
vn 0.273200 -0.928800 0.250600
vn 0.291700 -0.891700 0.346100
vn 0.258000 -0.913900 0.313300
vn 0.272200 -0.880100 0.388900
vn 0.241600 -0.900600 0.361400
vn 0.159400 -0.939200 0.304200
vn 0.224600 -0.888300 0.400500
vn 0.149100 -0.919600 0.363500
vn 0.023600 -0.960500 0.277400
vn 0.129500 -0.895900 0.425100
vn 0.023500 -0.924500 0.380400
vn -0.171000 -0.954900 0.242600
vn -0.000700 -0.856900 0.515400
vn -0.175500 -0.863400 0.473000
vn -0.414000 -0.833700 0.365500
vn -0.194900 -0.605400 0.771700
vn -0.354400 -0.492800 0.794700
vn -0.466300 -0.417300 0.780000
vn -0.590400 -0.777300 0.217500
vn -0.594300 -0.338300 0.729600
vn -0.701100 -0.708300 0.082200
vn -0.719700 -0.217500 0.659300
vn -0.786300 -0.617900 0.005300
vn -0.091300 0.338000 0.936700
vn -0.132800 0.449800 0.883200
vn 0.257900 0.681500 0.684900
vn 0.256100 0.721800 0.643000
vn 0.220100 0.751900 0.621400
vn 0.356300 0.774400 0.522900
vn 0.322800 0.789200 0.522400
vn 0.248000 0.808100 0.534300
vn 0.059500 0.752100 0.656400
vn 0.381700 0.803400 0.457000
vn 0.323800 0.832000 0.450400
vn 0.412800 0.806400 0.423400
vn 0.358800 0.837100 0.413000
vn 0.209500 0.907800 0.363400
vn 0.384400 0.842200 0.378000
vn 0.439100 0.806200 0.396500
vn 0.464900 0.805800 0.366800
vn 0.463300 0.794000 0.393600
vn 0.490500 0.789800 0.368300
vn 0.505300 0.788000 0.351700
vn 0.473400 0.796400 0.376200
vn 0.477800 0.810000 0.340000
vn 0.510100 0.799800 0.316300
vn 0.437400 0.795300 0.419700
vn 0.445500 0.798600 0.404600
vn 0.446100 0.815100 0.369700
vn 0.397100 0.871900 0.286700
vn 0.434700 0.860400 0.265900
vn 0.415800 0.792600 0.446000
vn 0.411200 0.814400 0.409500
vn 0.353900 0.878900 0.319800
vn 0.209400 0.964000 0.164000
vn 0.257300 0.955900 0.141600
vn 0.351800 0.790600 0.501200
vn 0.289700 0.869800 0.399400
vn 0.150100 0.965000 0.215100
vn -0.029200 0.999000 0.033800
vn 0.018800 0.999400 -0.029100
vn 0.130200 0.724500 0.676800
vn 0.001900 0.789200 0.614200
vn -0.160300 0.788400 0.593900
vn -0.326500 0.727200 0.603800
vn -0.184600 0.980400 -0.068200
vn -0.173100 0.042100 0.984000
vn -0.177400 -0.130400 0.975500
vn -0.186300 -0.281700 0.941200
vn -0.209700 -0.374100 0.903400
vn -0.496500 0.646800 0.578900
vn -0.062400 -0.692500 0.718700
vn 0.014400 -0.742100 0.670100
vn 0.066900 -0.762800 0.643100
vn 0.084900 -0.773200 0.628500
vn -0.267100 -0.404700 0.874600
vn 0.091600 -0.851300 0.516600
vn 0.156900 -0.841400 0.517200
vn 0.185500 -0.835500 0.517200
vn 0.184800 -0.837800 0.513700
vn 0.065400 -0.776900 0.626200
vn 0.201000 -0.872500 0.445300
vn 0.231000 -0.858600 0.457700
vn 0.235400 -0.855700 0.460800
vn 0.248400 -0.855300 0.454700
vn 0.186200 -0.839700 0.510200
vn 0.254400 -0.870300 0.421700
vn 0.258900 -0.863400 0.433000
vn 0.186300 -0.833400 0.520300
vn 0.024000 -0.760200 0.649300
vn 0.274800 -0.854000 0.441700
vn 0.298800 -0.845300 0.443000
vn -0.352900 -0.382800 0.853800
vn -0.635700 0.576700 0.513100
vn -0.325900 0.937200 -0.124200
vn -0.147300 0.975600 -0.162800
vn 0.056700 0.997600 -0.040500
vn 0.305100 0.943300 0.131200
vn 0.465700 0.848400 0.251500
vn -0.150800 0.172900 0.973300
vn 0.217000 0.665700 0.714000
vn -0.095600 0.240900 0.965800
vn 0.365900 0.767500 0.526400
vn 0.408300 0.791400 0.454900
f 1//1 2//2 3//3 4//4
f 5//5 6//6 7//7 8//8
f 5//5 8//8 9//9 10//10
f 5//5 10//10 11//11 6//6
f 4//4 12//12 13//13 1//1
f 6//6 11//11 14//14 7//7
f 15//15 16//16 17//17 18//18
f 15//15 18//18 19//19 20//20
f 15//15 20//20 21//21 16//16
f 22//22 23//23 24//24 25//25
f 22//22 26//26 27//27 23//23
f 22//22 25//25 28//28 26//26
f 29//29 30//30 31//31 32//32
f 29//29 32//32 33//33 34//34
f 29//29 34//34 35//35 30//30
f 36//36 37//37 38//38 39//39
f 36//36 40//40 41//41 37//37
f 36//36 39//39 42//42 40//40
f 42//42 39//39 43//43 44//44
f 42//42 44//44 45//45 46//46
f 42//42 46//46 47//47 40//40
f 47//47 48//48 41//41 40//40
f 47//47 46//46 49//49 50//50
f 47//47 50//50 51//51 48//48
f 51//51 52//52 53//53 48//48
f 51//51 50//50 54//54 55//55
f 51//51 55//55 56//56 52//52
f 56//56 57//57 58//58 52//52
f 56//56 55//55 59//59 60//60
f 56//56 60//60 61//61 57//57
f 61//61 62//62 63//63 57//57
f 61//61 60//60 64//64 65//65
f 61//61 65//65 66//66 62//62
f 66//66 67//67 68//68 62//62
f 66//66 65//65 69//69 70//70
f 66//66 70//70 71//71 67//67
f 71//71 72//72 73//73 67//67
f 71//71 70//70 74//74 75//75
f 71//71 75//75 76//76 72//72
f 76//76 77//77 78//78 72//72
f 76//76 75//75 79//79 80//80
f 76//76 80//80 81//81 77//77
f 81//81 82//82 83//83 77//77
f 81//81 80//80 84//84 85//85
f 81//81 85//85 19//19 82//82
f 85//85 84//84 86//86 87//87
f 85//85 87//87 20//20 19//19
f 87//87 86//86 88//88 89//89
f 87//87 89//89 21//21 20//20
f 89//89 88//88 90//90 91//91
f 89//89 91//91 92//92 21//21
f 92//92 93//93 16//16 21//21
f 92//92 91//91 94//94 95//95
f 92//92 95//95 96//96 93//93
f 96//96 97//97 98//98 93//93
f 96//96 95//95 99//99 100//100
f 96//96 100//100 101//101 97//97
f 101//101 102//102 103//103 97//97
f 101//101 100//100 104//104 105//105
f 101//101 105//105 106//106 102//102
f 106//106 107//107 108//108 102//102
f 106//106 105//105 109//109 110//110
f 106//106 110//110 111//111 107//107
f 111//111 9//9 112//112 107//107
f 111//111 110//110 113//113 114//114
f 111//111 114//114 10//10 9//9
f 114//114 113//113 115//115 116//116
f 114//114 116//116 11//11 10//10
f 116//116 115//115 117//117 118//118
f 116//116 118//118 14//14 11//11
f 118//118 117//117 119//119 120//120
f 118//118 120//120 121//121 14//14
f 121//121 120//120 122//122 123//123
f 121//121 123//123 124//124 125//125
f 121//121 125//125 7//7 14//14
f 125//125 124//124 126//126 127//127
f 125//125 127//127 8//8 7//7
f 127//127 126//126 128//128 112//112
f 127//127 112//112 9//9 8//8
f 128//128 126//126 129//129 130//130
f 128//128 130//130 131//131 108//108
f 128//128 108//108 107//107 112//112
f 131//131 130//130 132//132 133//133
f 131//131 133//133 134//134 103//103
f 131//131 103//103 102//102 108//108
f 134//134 133//133 135//135 136//136
f 134//134 136//136 17//17 98//98
f 134//134 98//98 97//97 103//103
f 136//136 135//135 137//137 138//138
f 136//136 138//138 18//18 17//17
f 138//138 137//137 83//83 82//82
f 138//138 82//82 19//19 18//18
f 137//137 135//135 139//139 140//140
f 137//137 140//140 141//141 83//83
f 141//141 140//140 142//142 143//143
f 141//141 143//143 144//144 78//78
f 141//141 78//78 77//77 83//83
f 144//144 143//143 145//145 146//146
f 144//144 146//146 147//147 73//73
f 144//144 73//73 72//72 78//78
f 147//147 146//146 148//148 149//149
f 147//147 149//149 150//150 68//68
f 147//147 68//68 67//67 73//73
f 150//150 149//149 151//151 152//152
f 150//150 152//152 153//153 63//63
f 150//150 63//63 62//62 68//68
f 153//153 152//152 154//154 155//155
f 153//153 155//155 156//156 58//58
f 153//153 58//58 57//57 63//63
f 156//156 155//155 157//157 158//158
f 156//156 158//158 159//159 53//53
f 156//156 53//53 52//52 58//58
f 159//159 158//158 160//160 161//161
f 159//159 161//161 37//37 41//41
f 159//159 41//41 48//48 53//53
f 161//161 160//160 162//162 163//163
f 161//161 163//163 38//38 37//37
f 163//163 162//162 164//164 165//165
f 163//163 165//165 166//166 38//38
f 166//166 165//165 167//167 168//168
f 166//166 168//168 169//169 43//43
f 166//166 43//43 39//39 38//38
f 169//169 168//168 170//170 171//171
f 169//169 171//171 172//172 173//173
f 169//169 173//173 44//44 43//43
f 173//173 172//172 174//174 175//175
f 173//173 175//175 45//45 44//44
f 175//175 174//174 176//176 177//177
f 175//175 177//177 178//178 45//45
f 178//178 177//177 179//179 180//180
f 178//178 180//180 181//181 49//49
f 178//178 49//49 46//46 45//45
f 181//181 180//180 182//182 183//183
f 181//181 183//183 184//184 54//54
f 181//181 54//54 50//50 49//49
f 184//184 59//59 55//55 54//54
f 184//184 183//183 185//185 186//186
f 184//184 186//186 187//187 59//59
f 187//187 64//64 60//60 59//59
f 187//187 186//186 188//188 189//189
f 187//187 189//189 190//190 64//64
f 190//190 69//69 65//65 64//64
f 190//190 189//189 191//191 192//192
f 190//190 192//192 193//193 69//69
f 193//193 74//74 70//70 69//69
f 193//193 192//192 194//194 195//195
f 193//193 195//195 196//196 74//74
f 196//196 79//79 75//75 74//74
f 196//196 195//195 197//197 198//198
f 196//196 198//198 199//199 79//79
f 199//199 84//84 80//80 79//79
f 199//199 198//198 200//200 201//201
f 199//199 201//201 86//86 84//84
f 201//201 200//200 202//202 203//203
f 201//201 203//203 88//88 86//86
f 203//203 202//202 204//204 205//205
f 203//203 205//205 90//90 88//88
f 205//205 204//204 206//206 207//207
f 205//205 207//207 208//208 90//90
f 208//208 94//94 91//91 90//90
f 208//208 207//207 209//209 210//210
f 208//208 210//210 211//211 94//94
f 211//211 99//99 95//95 94//94
f 211//211 210//210 212//212 213//213
f 211//211 213//213 214//214 99//99
f 214//214 104//104 100//100 99//99
f 214//214 213//213 215//215 216//216
f 214//214 216//216 217//217 104//104
f 217//217 109//109 105//105 104//104
f 217//217 216//216 218//218 219//219
f 217//217 219//219 220//220 109//109
f 220//220 113//113 110//110 109//109
f 220//220 219//219 221//221 222//222
f 220//220 222//222 115//115 113//113
f 222//222 221//221 223//223 224//224
f 222//222 224//224 117//117 115//115
f 224//224 223//223 225//225 226//226
f 224//224 226//226 119//119 117//117
f 226//226 225//225 227//227 228//228
f 226//226 228//228 229//229 119//119
f 229//229 122//122 120//120 119//119
f 229//229 228//228 230//230 231//231
f 229//229 231//231 232//232 122//122
f 232//232 231//231 233//233 234//234
f 232//232 234//234 235//235 236//236
f 232//232 236//236 123//123 122//122
f 236//236 235//235 237//237 238//238
f 236//236 238//238 124//124 123//123
f 238//238 237//237 239//239 129//129
f 238//238 129//129 126//126 124//124
f 239//239 237//237 240//240 241//241
f 239//239 241//241 139//139 132//132
f 239//239 132//132 130//130 129//129
f 241//241 240//240 242//242 142//142
f 241//241 142//142 140//140 139//139
f 242//242 240//240 243//243 244//244
f 242//242 244//244 245//245 145//145
f 242//242 145//145 143//143 142//142
f 245//245 244//244 246//246 247//247
f 245//245 247//247 248//248 148//148
f 245//245 148//148 146//146 145//145
f 248//248 247//247 249//249 250//250
f 248//248 250//250 251//251 151//151
f 248//248 151//151 149//149 148//148
f 251//251 250//250 252//252 253//253
f 251//251 253//253 254//254 154//154
f 251//251 154//154 152//152 151//151
f 254//254 253//253 255//255 256//256
f 254//254 256//256 257//257 157//157
f 254//254 157//157 155//155 154//154
f 257//257 256//256 258//258 259//259
f 257//257 259//259 162//162 160//160
f 257//257 160//160 158//158 157//157
f 259//259 258//258 260//260 261//261
f 259//259 261//261 164//164 162//162
f 261//261 260//260 262//262 263//263
f 261//261 263//263 264//264 164//164
f 264//264 263//263 265//265 266//266
f 264//264 266//266 267//267 167//167
f 264//264 167//167 165//165 164//164
f 267//267 266//266 268//268 269//269
f 267//267 269//269 270//270 170//170
f 267//267 170//170 168//168 167//167
f 270//270 269//269 271//271 272//272
f 270//270 272//272 273//273 274//274
f 270//270 274//274 171//171 170//170
f 274//274 273//273 275//275 276//276
f 274//274 276//276 172//172 171//171
f 276//276 275//275 277//277 278//278
f 276//276 278//278 174//174 172//172
f 278//278 277//277 279//279 280//280
f 278//278 280//280 176//176 174//174
f 280//280 279//279 281//281 282//282
f 280//280 282//282 283//283 176//176
f 283//283 282//282 284//284 285//285
f 283//283 285//285 286//286 179//179
f 283//283 179//179 177//177 176//176
f 286//286 285//285 287//287 288//288
f 286//286 288//288 289//289 182//182
f 286//286 182//182 180//180 179//179
f 289//289 288//288 290//290 291//291
f 289//289 291//291 292//292 185//185
f 289//289 185//185 183//183 182//182
f 292//292 291//291 293//293 294//294
f 292//292 294//294 295//295 188//188
f 292//292 188//188 186//186 185//185
f 295//295 191//191 189//189 188//188
f 295//295 294//294 25//25 24//24
f 295//295 24//24 296//296 191//191
f 296//296 194//194 192//192 191//191
f 296//296 24//24 23//23 297//297
f 296//296 297//297 298//298 194//194
f 298//298 197//197 195//195 194//194
f 298//298 297//297 299//299 300//300
f 298//298 300//300 301//301 197//197
f 301//301 200//200 198//198 197//197
f 301//301 300//300 302//302 303//303
f 301//301 303//303 202//202 200//200
f 303//303 302//302 304//304 305//305
f 303//303 305//305 204//204 202//202
f 305//305 304//304 306//306 307//307
f 305//305 307//307 206//206 204//204
f 307//307 306//306 308//308 309//309
f 307//307 309//309 310//310 206//206
f 310//310 209//209 207//207 206//206
f 310//310 309//309 311//311 312//312
f 310//310 312//312 313//313 209//209
f 313//313 212//212 210//210 209//209
f 313//313 312//312 314//314 315//315
f 313//313 315//315 316//316 212//212
f 316//316 215//215 213//213 212//212
f 316//316 315//315 317//317 318//318
f 316//316 318//318 319//319 215//215
f 319//319 218//218 216//216 215//215
f 319//319 318//318 320//320 321//321
f 319//319 321//321 322//322 218//218
f 322//322 221//221 219//219 218//218
f 322//322 321//321 323//323 324//324
f 322//322 324//324 223//223 221//221
f 324//324 323//323 325//325 326//326
f 324//324 326//326 225//225 223//223
f 326//326 325//325 327//327 328//328
f 326//326 328//328 227//227 225//225
f 328//328 327//327 329//329 330//330
f 328//328 330//330 331//331 227//227
f 331//331 230//230 228//228 227//227
f 331//331 330//330 332//332 333//333
f 331//331 333//333 334//334 230//230
f 334//334 233//233 231//231 230//230
f 334//334 333//333 335//335 336//336
f 334//334 336//336 337//337 233//233
f 337//337 336//336 338//338 339//339
f 337//337 339//339 246//246 340//340
f 337//337 340//340 234//234 233//233
f 340//340 246//246 244//244 243//243
f 340//340 243//243 235//235 234//234
f 339//339 338//338 341//341 249//249
f 339//339 249//249 247//247 246//246
f 341//341 338//338 35//35 34//34
f 341//341 34//34 33//33 252//252
f 341//341 252//252 250//250 249//249
f 338//338 336//336 335//335 35//35
f 335//335 333//333 332//332 342//342
f 335//335 342//342 30//30 35//35
f 342//342 332//332 343//343 344//344
f 342//342 344//344 31//31 30//30
f 344//344 343//343 345//345 346//346
f 344//344 346//346 347//347 31//31
f 347//347 346//346 262//262 260//260
f 347//347 260//260 258//258 348//348
f 347//347 348//348 32//32 31//31
f 348//348 258//258 256//256 255//255
f 348//348 255//255 33//33 32//32
f 346//346 345//345 349//349 262//262
f 349//349 345//345 350//350 351//351
f 349//349 351//351 352//352 265//265
f 349//349 265//265 263//263 262//262
f 352//352 351//351 353//353 354//354
f 352//352 354//354 355//355 268//268
f 352//352 268//268 266//266 265//265
f 355//355 354//354 356//356 357//357
f 355//355 357//357 358//358 271//271
f 355//355 271//271 269//269 268//268
f 358//358 357//357 359//359 360//360
f 358//358 360//360 361//361 362//362
f 358//358 362//362 272//272 271//271
f 362//362 361//361 363//363 364//364
f 362//362 364//364 273//273 272//272
f 364//364 363//363 365//365 366//366
f 364//364 366//366 275//275 273//273
f 366//366 365//365 367//367 368//368
f 366//366 368//368 277//277 275//275
f 368//368 367//367 369//369 370//370
f 368//368 370//370 279//279 277//277
f 370//370 369//369 371//371 372//372
f 370//370 372//372 281//281 279//279
f 372//372 371//371 13//13 373//373
f 372//372 373//373 374//374 281//281
f 374//374 373//373 375//375 376//376
f 374//374 376//376 377//377 284//284
f 374//374 284//284 282//282 281//281
f 377//377 376//376 378//378 379//379
f 377//377 379//379 380//380 287//287
f 377//377 287//287 285//285 284//284
f 380//380 379//379 381//381 382//382
f 380//380 382//382 383//383 290//290
f 380//380 290//290 288//288 287//287
f 383//383 382//382 384//384 385//385
f 383//383 385//385 28//28 293//293
f 383//383 293//293 291//291 290//290
f 385//385 384//384 386//386 387//387
f 385//385 387//387 26//26 28//28
f 387//387 388//388 27//27 26//26
f 387//387 386//386 389//389 388//388
f 389//389 390//390 391//391 388//388
f 389//389 386//386 392//392 393//393
f 389//389 393//393 394//394 390//390
f 394//394 306//306 304//304 390//390
f 394//394 393//393 395//395 396//396
f 394//394 396//396 308//308 306//306
f 396//396 395//395 397//397 398//398
f 396//396 398//398 399//399 308//308
f 399//399 311//311 309//309 308//308
f 399//399 398//398 400//400 401//401
f 399//399 401//401 402//402 311//311
f 402//402 314//314 312//312 311//311
f 402//402 401//401 403//403 404//404
f 402//402 404//404 405//405 314//314
f 405//405 317//317 315//315 314//314
f 405//405 404//404 406//406 407//407
f 405//405 407//407 408//408 317//317
f 408//408 320//320 318//318 317//317
f 408//408 407//407 409//409 410//410
f 408//408 410//410 411//411 320//320
f 411//411 323//323 321//321 320//320
f 411//411 410//410 412//412 413//413
f 411//411 413//413 325//325 323//323
f 413//413 412//412 353//353 414//414
f 413//413 414//414 327//327 325//325
f 414//414 353//353 351//351 350//350
f 414//414 350//350 329//329 327//327
f 412//412 410//410 409//409 356//356
f 412//412 356//356 354//354 353//353
f 409//409 407//407 406//406 359//359
f 409//409 359//359 357//357 356//356
f 406//406 404//404 403//403 415//415
f 406//406 415//415 360//360 359//359
f 415//415 403//403 416//416 417//417
f 415//415 417//417 361//361 360//360
f 417//417 416//416 418//418 419//419
f 417//417 419//419 363//363 361//361
f 419//419 418//418 420//420 421//421
f 419//419 421//421 365//365 363//363
f 421//421 420//420 422//422 423//423
f 421//421 423//423 367//367 365//365
f 423//423 422//422 424//424 425//425
f 423//423 425//425 369//369 367//367
f 425//425 424//424 3//3 2//2
f 425//425 2//2 371//371 369//369
f 424//424 422//422 426//426 427//427
f 424//424 427//427 428//428 3//3
f 428//428 427//427 429//429 430//430
f 428//428 430//430 375//375 12//12
f 428//428 12//12 4//4 3//3
f 430//430 429//429 431//431 378//378
f 430//430 378//378 376//376 375//375
f 431//431 432//432 433//433 381//381
f 431//431 381//381 379//379 378//378
f 431//431 429//429 434//434 432//432
f 434//434 435//435 436//436 432//432
f 434//434 429//429 427//427 426//426
f 434//434 426//426 437//437 435//435
f 437//437 438//438 397//397 435//435
f 437//437 426//426 422//422 420//420
f 437//437 420//420 418//418 438//438
f 438//438 400//400 398//398 397//397
f 438//438 418//418 416//416 400//400
f 436//436 395//395 393//393 392//392
f 436//436 392//392 433//433 432//432
f 436//436 435//435 397//397 395//395
f 433//433 392//392 386//386 384//384
f 433//433 384//384 382//382 381//381
f 416//416 403//403 401//401 400//400
f 391//391 302//302 300//300 299//299
f 391//391 299//299 27//27 388//388
f 391//391 390//390 304//304 302//302
f 375//375 373//373 13//13 12//12
f 371//371 2//2 1//1 13//13
f 350//350 345//345 343//343 329//329
f 343//343 332//332 330//330 329//329
f 299//299 297//297 23//23 27//27
f 294//294 293//293 28//28 25//25
f 255//255 253//253 252//252 33//33
f 243//243 240//240 237//237 235//235
f 139//139 135//135 133//133 132//132
f 98//98 17//17 16//16 93//93
f 439//439 440//440 441//441 442//442
f 439//439 443//443 444//444 440//440
f 439//439 442//442 445//445 443//443
f 443//443 445//445 446//446 444//444
f 447//447 448//448 449//449 450//450
f 447//447 450//450 451//451 452//452
f 453//453 454//454 455//455 456//456
f 453//453 456//456 457//457 458//458
f 453//453 458//458 459//459 454//454
f 460//460 461//461 462//462 463//463
f 460//460 464//464 465//465 461//461
f 460//460 463//463 466//466 464//464
f 467//467 468//468 469//469 470//470
f 467//467 470//470 471//471 472//472
f 467//467 472//472 473//473 468//468
f 447//447 474//474 475//475 448//448
f 447//447 452//452 476//476 474//474
f 477//477 478//478 479//479 480//480
f 477//477 480//480 481//481 482//482
f 477//477 482//482 483//483 478//478
f 483//483 482//482 484//484 485//485
f 483//483 485//485 486//486 487//487
f 483//483 487//487 488//488 478//478
f 488//488 487//487 489//489 490//490
f 488//488 490//490 491//491 492//492
f 488//488 492//492 479//479 478//478
f 492//492 491//491 493//493 494//494
f 492//492 494//494 495//495 479//479
f 495//495 494//494 496//496 497//497
f 495//495 497//497 498//498 499//499
f 495//495 499//499 480//480 479//479
f 499//499 498//498 500//500 501//501
f 499//499 501//501 481//481 480//480
f 501//501 500//500 502//502 503//503
f 501//501 503//503 504//504 481//481
f 504//504 503//503 505//505 506//506
f 504//504 506//506 507//507 484//484
f 504//504 484//484 482//482 481//481
f 507//507 506//506 508//508 509//509
f 507//507 509//509 510//510 511//511
f 507//507 511//511 485//485 484//484
f 511//511 510//510 512//512 513//513
f 511//511 513//513 486//486 485//485
f 513//513 512//512 514//514 515//515
f 513//513 515//515 516//516 486//486
f 516//516 515//515 517//517 518//518
f 516//516 518//518 519//519 489//489
f 516//516 489//489 487//487 486//486
f 519//519 518//518 520//520 521//521
f 519//519 521//521 522//522 523//523
f 519//519 523//523 490//490 489//489
f 523//523 522//522 524//524 525//525
f 523//523 525//525 491//491 490//490
f 525//525 524//524 526//526 527//527
f 525//525 527//527 493//493 491//491
f 527//527 526//526 528//528 529//529
f 527//527 529//529 530//530 493//493
f 530//530 529//529 531//531 532//532
f 530//530 532//532 533//533 496//496
f 530//530 496//496 494//494 493//493
f 533//533 532//532 534//534 535//535
f 533//533 535//535 456//456 455//455
f 533//533 455//455 497//497 496//496
f 535//535 534//534 536//536 537//537
f 535//535 537//537 457//457 456//456
f 537//537 536//536 538//538 539//539
f 537//537 539//539 540//540 457//457
f 540//540 539//539 541//541 542//542
f 540//540 542//542 543//543 544//544
f 540//540 544//544 458//458 457//457
f 544//544 543//543 545//545 546//546
f 544//544 546//546 459//459 458//458
f 546//546 545//545 547//547 502//502
f 546//546 502//502 500//500 459//459
f 547//547 545//545 548//548 549//549
f 547//547 549//549 550//550 505//505
f 547//547 505//505 503//503 502//502
f 550//550 549//549 449//449 448//448
f 550//550 448//448 475//475 508//508
f 550//550 508//508 506//506 505//505
f 549//549 548//548 469//469 449//449
f 548//548 551//551 470//470 469//469
f 548//548 545//545 543//543 551//551
f 551//551 552//552 471//471 470//470
f 551//551 543//543 542//542 552//552
f 552//552 553//553 554//554 471//471
f 552//552 542//542 541//541 553//553
f 554//554 555//555 556//556 557//557
f 554//554 557//557 472//472 471//471
f 554//554 553//553 558//558 555//555
f 558//558 559//559 560//560 555//555
f 558//558 553//553 541//541 561//561
f 558//558 561//561 562//562 559//559
f 562//562 563//563 564//564 559//559
f 562//562 561//561 538//538 565//565
f 562//562 565//565 566//566 563//563
f 566//566 567//567 568//568 563//563
f 566//566 565//565 569//569 570//570
f 566//566 570//570 571//571 567//567
f 571//571 572//572 573//573 567//567
f 571//571 570//570 574//574 575//575
f 571//571 575//575 576//576 572//572
f 576//576 577//577 578//578 572//572
f 576//576 575//575 446//446 445//445
f 576//576 445//445 442//442 577//577
f 578//578 579//579 580//580 581//581
f 578//578 581//581 573//573 572//572
f 578//578 577//577 582//582 579//579
f 582//582 522//522 521//521 579//579
f 582//582 577//577 442//442 441//441
f 582//582 441//441 524//524 522//522
f 581//581 580//580 583//583 584//584
f 581//581 584//584 585//585 573//573
f 585//585 584//584 586//586 587//587
f 585//585 587//587 588//588 568//568
f 585//585 568//568 567//567 573//573
f 588//588 587//587 589//589 590//590
f 588//588 590//590 591//591 564//564
f 588//588 564//564 563//563 568//568
f 591//591 590//590 592//592 593//593
f 591//591 593//593 594//594 560//560
f 591//591 560//560 559//559 564//564
f 594//594 593//593 595//595 596//596
f 594//594 596//596 597//597 556//556
f 594//594 556//556 555//555 560//560
f 597//597 596//596 598//598 599//599
f 597//597 599//599 600//600 601//601
f 597//597 601//601 557//557 556//556
f 601//601 600//600 451//451 473//473
f 601//601 473//473 472//472 557//557
f 600//600 599//599 602//602 603//603
f 600//600 603//603 452//452 451//451
f 603//603 602//602 604//604 605//605
f 603//603 605//605 476//476 452//452
f 605//605 604//604 606//606 607//607
f 605//605 607//607 466//466 476//476
f 607//607 606//606 608//608 609//609
f 607//607 609//609 464//464 466//466
f 609//609 608//608 610//610 611//611
f 609//609 611//611 465//465 464//464
f 611//611 610//610 612//612 514//514
f 611//611 514//514 512//512 465//465
f 612//612 610//610 613//613 614//614
f 612//612 614//614 615//615 517//517
f 612//612 517//517 515//515 514//514
f 615//615 614//614 616//616 583//583
f 615//615 583//583 580//580 520//520
f 615//615 520//520 518//518 517//517
f 616//616 614//614 613//613 617//617
f 616//616 617//617 618//618 586//586
f 616//616 586//586 584//584 583//583
f 618//618 617//617 619//619 620//620
f 618//618 620//620 621//621 589//589
f 618//618 589//589 587//587 586//586
f 621//621 620//620 622//622 623//623
f 621//621 623//623 624//624 592//592
f 621//621 592//592 590//590 589//589
f 624//624 623//623 625//625 626//626
f 624//624 626//626 627//627 595//595
f 624//624 595//595 593//593 592//592
f 627//627 598//598 596//596 595//595
f 627//627 626//626 628//628 629//629
f 627//627 629//629 630//630 598//598
f 630//630 602//602 599//599 598//598
f 630//630 629//629 631//631 632//632
f 630//630 632//632 604//604 602//602
f 632//632 631//631 633//633 634//634
f 632//632 634//634 606//606 604//604
f 634//634 633//633 619//619 635//635
f 634//634 635//635 608//608 606//606
f 635//635 619//619 617//617 613//613
f 635//635 613//613 610//610 608//608
f 633//633 631//631 636//636 622//622
f 633//633 622//622 620//620 619//619
f 631//631 629//629 628//628 636//636
f 623//623 622//622 636//636 625//625
f 580//580 579//579 521//521 520//520
f 575//575 574//574 637//637 446//446
f 637//637 574//574 638//638 531//531
f 637//637 531//531 529//529 528//528
f 637//637 528//528 444//444 446//446
f 638//638 574//574 570//570 569//569
f 638//638 569//569 536//536 534//534
f 638//638 534//534 532//532 531//531
f 569//569 565//565 538//538 536//536
f 561//561 541//541 539//539 538//538
f 528//528 526//526 440//440 444//444
f 526//526 524//524 441//441 440//440
f 512//512 510//510 461//461 465//465
f 510//510 509//509 462//462 461//461
f 509//509 508//508 475//475 462//462
f 500//500 498//498 454//454 459//459
f 498//498 497//497 455//455 454//454
f 476//476 466//466 463//463 474//474
f 475//475 474//474 463//463 462//462
f 473//473 451//451 450//450 468//468
f 469//469 468//468 450//450 449//449
f 628//628 626//626 625//625 636//636
f 639//639 640//640 641//641 642//642
f 639//639 642//642 643//643 644//644
f 639//639 644//644 645//645 640//640
f 646//646 647//647 648//648 649//649
f 646//646 649//649 650//650 651//651
f 646//646 651//651 652//652 647//647
f 644//644 643//643 653//653 645//645
f 649//649 648//648 654//654 650//650
f 655//655 656//656 657//657 658//658
f 655//655 658//658 659//659 660//660
f 655//655 660//660 661//661 656//656
f 662//662 663//663 664//664 665//665
f 662//662 665//665 666//666 667//667
f 662//662 667//667 668//668 663//663
f 661//661 660//660 669//669 670//670
f 661//661 670//670 671//671 656//656
f 672//672 673//673 674//674 675//675
f 672//672 676//676 677//677 673//673
f 672//672 675//675 678//678 676//676
f 679//679 680//680 681//681 682//682
f 679//679 683//683 684//684 685//685
f 679//679 682//682 686//686 683//683
f 687//687 688//688 689//689 690//690
f 687//687 690//690 691//691 692//692
f 687//687 692//692 693//693 688//688
f 693//693 694//694 695//695 688//688
f 693//693 692//692 674//674 673//673
f 693//693 673//673 677//677 694//694
f 695//695 696//696 697//697 698//698
f 695//695 698//698 689//689 688//688
f 695//695 694//694 699//699 696//696
f 699//699 700//700 701//701 696//696
f 699//699 694//694 677//677 702//702
f 699//699 702//702 703//703 700//700
f 703//703 704//704 705//705 700//700
f 703//703 702//702 706//706 707//707
f 703//703 707//707 708//708 704//704
f 708//708 709//709 710//710 704//704
f 708//708 707//707 711//711 712//712
f 708//708 712//712 713//713 709//709
f 713//713 712//712 714//714 715//715
f 713//713 715//715 716//716 717//717
f 713//713 717//717 718//718 709//709
f 718//718 640//640 645//645 719//719
f 718//718 719//719 710//710 709//709
f 718//718 717//717 641//641 640//640
f 719//719 645//645 653//653 720//720
f 719//719 720//720 721//721 710//710
f 721//721 720//720 722//722 723//723
f 721//721 723//723 724//724 705//705
f 721//721 705//705 704//704 710//710
f 724//724 723//723 725//725 726//726
f 724//724 726//726 727//727 701//701
f 724//724 701//701 700//700 705//705
f 727//727 726//726 728//728 729//729
f 727//727 729//729 730//730 697//697
f 727//727 697//697 696//696 701//701
f 730//730 729//729 731//731 732//732
f 730//730 732//732 733//733 734//734
f 730//730 734//734 698//698 697//697
f 734//734 733//733 735//735 736//736
f 734//734 736//736 689//689 698//698
f 736//736 735//735 737//737 738//738
f 736//736 738//738 690//690 689//689
f 738//738 737//737 739//739 740//740
f 738//738 740//740 691//691 690//690
f 740//740 739//739 741//741 742//742
f 740//740 742//742 743//743 691//691
f 743//743 742//742 744//744 745//745
f 743//743 745//745 675//675 674//674
f 743//743 674//674 692//692 691//691
f 745//745 744//744 666//666 746//746
f 745//745 746//746 678//678 675//675
f 746//746 747//747 748//748 678//678
f 746//746 666//666 665//665 747//747
f 748//748 711//711 707//707 706//706
f 748//748 706//706 676//676 678//678
f 748//748 747//747 749//749 711//711
f 749//749 714//714 712//712 711//711
f 749//749 747//747 665//665 664//664
f 749//749 664//664 750//750 714//714
f 750//750 664//664 663//663 751//751
f 750//750 751//751 752//752 753//753
f 750//750 753//753 715//715 714//714
f 753//753 752//752 754//754 755//755
f 753//753 755//755 716//716 715//715
f 755//755 754//754 756//756 757//757
f 755//755 757//757 758//758 716//716
f 758//758 757//757 759//759 760//760
f 758//758 760//760 642//642 641//641
f 758//758 641//641 717//717 716//716
f 760//760 759//759 761//761 762//762
f 760//760 762//762 643//643 642//642
f 762//762 761//761 763//763 764//764
f 762//762 764//764 653//653 643//643
f 764//764 763//763 765//765 722//722
f 764//764 722//722 720//720 653//653
f 765//765 763//763 766//766 767//767
f 765//765 767//767 768//768 725//725
f 765//765 725//725 723//723 722//722
f 768//768 767//767 769//769 770//770
f 768//768 770//770 771//771 728//728
f 768//768 728//728 726//726 725//725
f 771//771 770//770 772//772 773//773
f 771//771 773//773 774//774 731//731
f 771//771 731//731 729//729 728//728
f 774//774 773//773 775//775 776//776
f 774//774 776//776 777//777 778//778
f 774//774 778//778 732//732 731//731
f 778//778 777//777 659//659 779//779
f 778//778 779//779 733//733 732//732
f 779//779 659//659 658//658 780//780
f 779//779 780//780 735//735 733//733
f 780//780 658//658 657//657 781//781
f 780//780 781//781 737//737 735//735
f 781//781 657//657 681//681 680//680
f 781//781 680//680 739//739 737//737
f 777//777 776//776 782//782 669//669
f 777//777 669//669 660//660 659//659
f 782//782 783//783 784//784 785//785
f 782//782 785//785 670//670 669//669
f 782//782 776//776 775//775 783//783
f 785//785 784//784 786//786 787//787
f 785//785 787//787 671//671 670//670
f 787//787 786//786 686//686 682//682
f 787//787 682//682 681//681 671//671
f 786//786 788//788 789//789 686//686
f 786//786 784//784 790//790 788//788
f 790//790 791//791 792//792 788//788
f 790//790 784//784 783//783 793//793
f 790//790 793//793 794//794 791//791
f 794//794 654//654 648//648 791//791
f 794//794 793//793 795//795 796//796
f 794//794 796//796 797//797 654//654
f 797//797 798//798 650//650 654//654
f 797//797 796//796 799//799 800//800
f 797//797 800//800 801//801 798//798
f 801//801 802//802 803//803 798//798
f 801//801 800//800 804//804 805//805
f 801//801 805//805 806//806 802//802
f 806//806 807//807 808//808 802//802
f 806//806 805//805 809//809 810//810
f 806//806 810//810 756//756 807//807
f 810//810 809//809 761//761 759//759
f 810//810 759//759 757//757 756//756
f 809//809 805//805 804//804 766//766
f 809//809 766//766 763//763 761//761
f 808//808 811//811 812//812 813//813
f 808//808 813//813 803//803 802//802
f 808//808 807//807 814//814 811//811
f 814//814 815//815 816//816 811//811
f 814//814 807//807 756//756 754//754
f 814//814 754//754 752//752 815//815
f 816//816 684//684 683//683 817//817
f 816//816 817//817 812//812 811//811
f 816//816 815//815 818//818 684//684
f 818//818 668//668 685//685 684//684
f 818//818 815//815 752//752 751//751
f 818//818 751//751 663//663 668//668
f 817//817 683//683 686//686 789//789
f 817//817 789//789 819//819 812//812
f 819//819 652//652 813//813 812//812
f 819//819 789//789 788//788 792//792
f 819//819 792//792 647//647 652//652
f 813//813 652//652 651//651 803//803
f 804//804 800//800 799//799 769//769
f 804//804 769//769 767//767 766//766
f 803//803 651//651 650//650 798//798
f 799//799 796//796 795//795 772//772
f 799//799 772//772 770//770 769//769
f 795//795 793//793 783//783 775//775
f 795//795 775//775 773//773 772//772
f 792//792 791//791 648//648 647//647
f 744//744 742//742 741//741 820//820
f 744//744 820//820 667//667 666//666
f 820//820 741//741 679//679 685//685
f 820//820 685//685 668//668 667//667
f 741//741 739//739 680//680 679//679
f 706//706 702//702 677//677 676//676
f 681//681 657//657 656//656 671//671
f 821//821 822//822 823//823 824//824
f 821//821 825//825 826//826 822//822
f 821//821 824//824 827//827 825//825
f 828//828 829//829 830//830 831//831
f 828//828 832//832 833//833 829//829
f 828//828 831//831 834//834 832//832
f 825//825 827//827 835//835 826//826
f 830//830 836//836 837//837 831//831
f 830//830 829//829 838//838 836//836
f 839//839 840//840 841//841 842//842
f 839//839 843//843 844//844 840//840
f 839//839 842//842 845//845 843//843
f 846//846 847//847 848//848 849//849
f 846//846 850//850 851//851 847//847
f 846//846 849//849 852//852 850//850
f 852//852 849//849 853//853 854//854
f 852//852 854//854 855//855 856//856
f 852//852 856//856 857//857 850//850
f 857//857 856//856 858//858 859//859
f 857//857 859//859 860//860 861//861
f 857//857 861//861 851//851 850//850
f 861//861 860//860 862//862 863//863
f 861//861 863//863 864//864 851//851
f 864//864 865//865 847//847 851//851
f 864//864 863//863 866//866 867//867
f 864//864 867//867 868//868 865//865
f 868//868 869//869 870//870 865//865
f 868//868 867//867 871//871 872//872
f 868//868 872//872 873//873 869//869
f 873//873 874//874 875//875 869//869
f 873//873 872//872 876//876 877//877
f 873//873 877//877 878//878 874//874
f 878//878 879//879 880//880 874//874
f 878//878 877//877 881//881 882//882
f 878//878 882//882 883//883 879//879
f 883//883 884//884 885//885 879//879
f 883//883 882//882 886//886 887//887
f 883//883 887//887 888//888 884//884
f 887//887 886//886 889//889 890//890
f 887//887 890//890 891//891 888//888
f 890//890 889//889 892//892 893//893
f 890//890 893//893 894//894 891//891
f 894//894 893//893 895//895 896//896
f 894//894 896//896 897//897 898//898
f 894//894 898//898 899//899 891//891
f 898//898 897//897 900//900 885//885
f 898//898 885//885 884//884 899//899
f 900//900 897//897 901//901 902//902
f 900//900 902//902 903//903 880//880
f 900//900 880//880 879//879 885//885
f 903//903 902//902 904//904 905//905
f 903//903 905//905 906//906 875//875
f 903//903 875//875 874//874 880//880
f 906//906 905//905 907//907 908//908
f 906//906 908//908 848//848 870//870
f 906//906 870//870 869//869 875//875
f 908//908 907//907 909//909 853//853
f 908//908 853//853 849//849 848//848
f 909//909 910//910 911//911 912//912
f 909//909 912//912 854//854 853//853
f 909//909 907//907 913//913 910//910
f 913//913 914//914 915//915 910//910
f 913//913 907//907 905//905 904//904
f 913//913 904//904 916//916 914//914
f 916//916 917//917 918//918 914//914
f 916//916 904//904 902//902 901//901
f 916//916 901//901 919//919 917//917
f 919//919 920//920 921//921 917//917
f 919//919 901//901 897//897 896//896
f 919//919 896//896 895//895 920//920
f 921//921 922//922 923//923 924//924
f 921//921 924//924 918//918 917//917
f 921//921 920//920 925//925 922//922
f 925//925 926//926 927//927 922//922
f 925//925 920//920 895//895 928//928
f 925//925 928//928 929//929 926//926
f 929//929 930//930 931//931 926//926
f 929//929 928//928 892//892 932//932
f 929//929 932//932 933//933 930//930
f 933//933 934//934 935//935 930//930
f 933//933 932//932 936//936 937//937
f 933//933 937//937 938//938 934//934
f 938//938 834//834 939//939 934//934
f 938//938 937//937 940//940 941//941
f 938//938 941//941 832//832 834//834
f 941//941 940//940 942//942 943//943
f 941//941 943//943 833//833 832//832
f 943//943 942//942 876//876 944//944
f 943//943 944//944 945//945 833//833
f 945//945 944//944 871//871 946//946
f 945//945 946//946 947//947 838//838
f 945//945 838//838 829//829 833//833
f 947//947 946//946 866//866 948//948
f 947//947 948//948 949//949 950//950
f 947//947 950//950 836//836 838//838
f 950//950 949//949 951//951 952//952
f 950//950 952//952 837//837 836//836
f 952//952 951//951 953//953 954//954
f 952//952 954//954 939//939 837//837
f 954//954 953//953 955//955 935//935
f 954//954 935//935 934//934 939//939
f 955//955 953//953 956//956 957//957
f 955//955 957//957 958//958 931//931
f 955//955 931//931 930//930 935//935
f 958//958 957//957 840//840 844//844
f 958//958 844//844 959//959 927//927
f 958//958 927//927 926//926 931//931
f 959//959 844//844 843//843 960//960
f 959//959 960//960 961//961 923//923
f 959//959 923//923 922//922 927//927
f 961//961 960//960 962//962 963//963
f 961//961 963//963 964//964 965//965
f 961//961 965//965 924//924 923//923
f 965//965 964//964 966//966 967//967
f 965//965 967//967 918//918 924//924
f 967//967 966//966 968//968 915//915
f 967//967 915//915 914//914 918//918
f 968//968 966//966 827//827 824//824
f 968//968 824//824 823//823 911//911
f 968//968 911//911 910//910 915//915
f 966//966 964//964 835//835 827//827
f 964//964 963//963 969//969 835//835
f 969//969 970//970 971//971 972//972
f 969//969 972//972 826//826 835//835
f 969//969 963//963 962//962 970//970
f 972//972 971//971 973//973 974//974
f 972//972 974//974 822//822 826//826
f 974//974 973//973 855//855 975//975
f 974//974 975//975 823//823 822//822
f 975//975 855//855 854//854 912//912
f 975//975 912//912 911//911 823//823
f 973//973 858//858 856//856 855//855
f 973//973 971//971 976//976 858//858
f 976//976 977//977 859//859 858//858
f 976//976 971//971 970//970 978//978
f 976//976 978//978 979//979 977//977
f 979//979 978//978 845//845 842//842
f 979//979 842//842 841//841 980//980
f 979//979 980//980 981//981 977//977
f 981//981 860//860 859//859 977//977
f 981//981 980//980 982//982 983//983
f 981//981 983//983 862//862 860//860
f 983//983 982//982 951//951 949//949
f 983//983 949//949 948//948 862//862
f 982//982 980//980 841//841 956//956
f 982//982 956//956 953//953 951//951
f 978//978 970//970 962//962 845//845
f 962//962 960//960 843//843 845//845
f 957//957 956//956 841//841 840//840
f 948//948 866//866 863//863 862//862
f 946//946 871//871 867//867 866//866
f 944//944 876//876 872//872 871//871
f 942//942 881//881 877//877 876//876
f 942//942 940//940 984//984 881//881
f 984//984 886//886 882//882 881//881
f 984//984 940//940 937//937 936//936
f 984//984 936//936 889//889 886//886
f 939//939 834//834 831//831 837//837
f 936//936 932//932 892//892 889//889
f 928//928 895//895 893//893 892//892
f 870//870 848//848 847//847 865//865
f 899//899 884//884 888//888 891//891
f 985//985 986//986 987//987 988//988
f 985//985 989//989 990//990 986//986
f 985//985 991//991 992//992 989//989
f 985//985 993//993 994//994 991//991
f 985//985 988//988 995//995 993//993
f 996//996 997//997 998//998 999//999
f 996//996 1000//1000 1001//1001 997//997
f 996//996 999//999 1002//1002 1000//1000
f 1003//1003 1004//1004 1005//1005 1006//1006
f 1003//1003 1006//1006 1007//1007 1008//1008
f 1003//1003 1008//1008 1009//1009 1004//1004
f 1010//1010 1011//1011 1012//1012 1013//1013
f 1010//1010 1013//1013 1014//1014 1015//1015
f 1010//1010 1015//1015 1016//1016 1011//1011
f 1017//1017 1018//1018 1019//1019 1020//1020
f 1017//1017 1021//1021 1022//1022 1018//1018
f 1017//1017 1020//1020 1023//1023 1021//1021
f 1024//1024 1022//1022 1021//1021 1025//1025
f 1024//1024 1026//1026 1027//1027 1022//1022
f 1024//1024 1025//1025 1028//1028 1026//1026
f 1029//1029 1030//1030 1031//1031 1032//1032
f 1029//1029 1033//1033 1034//1034 1030//1030
f 1029//1029 1032//1032 1035//1035 1033//1033
f 1036//1036 1037//1037 1038//1038 1039//1039
f 1036//1036 1040//1040 1041//1041 1037//1037
f 1036//1036 1039//1039 1042//1042 1040//1040
f 1043//1043 1044//1044 1045//1045 1046//1046
f 1043//1043 1047//1047 1048//1048 1044//1044
f 1043//1043 1046//1046 1049//1049 1047//1047
f 1050//1050 1051//1051 1052//1052 1053//1053
f 1050//1050 1053//1053 1054//1054 1055//1055
f 1050//1050 1055//1055 1056//1056 1051//1051
f 1056//1056 1055//1055 1057//1057 1058//1058
f 1056//1056 1058//1058 1059//1059 1060//1060
f 1056//1056 1060//1060 1061//1061 1051//1051
f 1061//1061 1062//1062 1052//1052 1051//1051
f 1061//1061 1060//1060 1063//1063 1064//1064
f 1061//1061 1064//1064 1065//1065 1062//1062
f 1065//1065 1066//1066 1067//1067 1062//1062
f 1065//1065 1064//1064 1068//1068 1069//1069
f 1065//1065 1069//1069 1070//1070 1066//1066
f 1070//1070 1071//1071 1072//1072 1066//1066
f 1070//1070 1069//1069 1073//1073 1074//1074
f 1070//1070 1074//1074 1075//1075 1071//1071
f 1075//1075 1076//1076 1077//1077 1071//1071
f 1075//1075 1074//1074 1078//1078 1079//1079
f 1075//1075 1079//1079 1080//1080 1076//1076
f 1080//1080 1081//1081 1082//1082 1076//1076
f 1080//1080 1079//1079 1083//1083 1084//1084
f 1080//1080 1084//1084 1085//1085 1081//1081
f 1085//1085 1086//1086 1087//1087 1081//1081
f 1085//1085 1084//1084 1088//1088 1089//1089
f 1085//1085 1089//1089 1090//1090 1086//1086
f 1090//1090 1091//1091 1092//1092 1086//1086
f 1090//1090 1089//1089 1093//1093 1094//1094
f 1090//1090 1094//1094 1095//1095 1091//1091
f 1095//1095 1096//1096 1097//1097 1091//1091
f 1095//1095 1094//1094 1098//1098 1099//1099
f 1095//1095 1099//1099 1100//1100 1096//1096
f 1100//1100 1101//1101 1102//1102 1096//1096
f 1100//1100 1099//1099 1103//1103 1104//1104
f 1100//1100 1104//1104 1105//1105 1101//1101
f 1105//1105 1106//1106 1107//1107 1101//1101
f 1105//1105 1104//1104 1108//1108 1109//1109
f 1105//1105 1109//1109 1110//1110 1106//1106
f 1110//1110 1111//1111 1112//1112 1106//1106
f 1110//1110 1109//1109 1113//1113 1114//1114
f 1110//1110 1114//1114 1115//1115 1111//1111
f 1115//1115 1116//1116 1117//1117 1111//1111
f 1115//1115 1114//1114 1118//1118 1119//1119
f 1115//1115 1119//1119 1120//1120 1116//1116
f 1120//1120 1121//1121 1122//1122 1116//1116
f 1120//1120 1119//1119 1123//1123 1124//1124
f 1120//1120 1124//1124 1125//1125 1121//1121
f 1125//1125 1126//1126 1127//1127 1121//1121
f 1125//1125 1124//1124 1128//1128 1129//1129
f 1125//1125 1129//1129 1130//1130 1126//1126
f 1130//1130 1131//1131 1132//1132 1126//1126
f 1130//1130 1129//1129 1133//1133 1134//1134
f 1130//1130 1134//1134 1135//1135 1131//1131
f 1135//1135 1136//1136 1137//1137 1131//1131
f 1135//1135 1134//1134 1138//1138 1139//1139
f 1135//1135 1139//1139 1140//1140 1136//1136
f 1140//1140 1141//1141 1142//1142 1136//1136
f 1140//1140 1139//1139 1143//1143 1144//1144
f 1140//1140 1144//1144 1145//1145 1141//1141
f 1145//1145 1019//1019 1146//1146 1141//1141
f 1145//1145 1144//1144 1147//1147 1148//1148
f 1145//1145 1148//1148 1020//1020 1019//1019
f 1148//1148 1147//1147 1149//1149 1150//1150
f 1148//1148 1150//1150 1023//1023 1020//1020
f 1150//1150 1149//1149 1151//1151 1152//1152
f 1150//1150 1152//1152 1153//1153 1023//1023
f 1153//1153 1025//1025 1021//1021 1023//1023
f 1153//1153 1152//1152 1154//1154 1155//1155
f 1153//1153 1155//1155 1028//1028 1025//1025
f 1155//1155 1154//1154 1156//1156 1157//1157
f 1155//1155 1157//1157 1158//1158 1028//1028
f 1158//1158 1157//1157 1159//1159 1160//1160
f 1158//1158 1160//1160 1161//1161 1162//1162
f 1158//1158 1162//1162 1026//1026 1028//1028
f 1162//1162 1161//1161 1163//1163 1164//1164
f 1162//1162 1164//1164 1027//1027 1026//1026
f 1164//1164 1163//1163 1165//1165 1166//1166
f 1164//1164 1166//1166 1167//1167 1027//1027
f 1167//1167 1166//1166 1168//1168 1146//1146
f 1167//1167 1146//1146 1019//1019 1018//1018
f 1167//1167 1018//1018 1022//1022 1027//1027
f 1168//1168 1166//1166 1165//1165 1169//1169
f 1168//1168 1169//1169 1170//1170 1142//1142
f 1168//1168 1142//1142 1141//1141 1146//1146
f 1170//1170 1169//1169 1171//1171 1172//1172
f 1170//1170 1172//1172 1173//1173 1137//1137
f 1170//1170 1137//1137 1136//1136 1142//1142
f 1173//1173 1172//1172 1174//1174 1175//1175
f 1173//1173 1175//1175 1176//1176 1132//1132
f 1173//1173 1132//1132 1131//1131 1137//1137
f 1176//1176 1175//1175 1177//1177 1178//1178
f 1176//1176 1178//1178 1179//1179 1127//1127
f 1176//1176 1127//1127 1126//1126 1132//1132
f 1179//1179 1178//1178 1180//1180 1181//1181
f 1179//1179 1181//1181 1182//1182 1122//1122
f 1179//1179 1122//1122 1121//1121 1127//1127
f 1182//1182 1181//1181 1183//1183 1184//1184
f 1182//1182 1184//1184 1185//1185 1117//1117
f 1182//1182 1117//1117 1116//1116 1122//1122
f 1185//1185 1184//1184 1186//1186 1187//1187
f 1185//1185 1187//1187 1188//1188 1112//1112
f 1185//1185 1112//1112 1111//1111 1117//1117
f 1188//1188 1187//1187 1189//1189 1190//1190
f 1188//1188 1190//1190 1191//1191 1107//1107
f 1188//1188 1107//1107 1106//1106 1112//1112
f 1191//1191 1190//1190 1192//1192 1193//1193
f 1191//1191 1193//1193 1194//1194 1102//1102
f 1191//1191 1102//1102 1101//1101 1107//1107
f 1194//1194 1193//1193 1195//1195 1196//1196
f 1194//1194 1196//1196 1197//1197 1097//1097
f 1194//1194 1097//1097 1096//1096 1102//1102
f 1197//1197 1196//1196 1198//1198 1199//1199
f 1197//1197 1199//1199 1200//1200 1092//1092
f 1197//1197 1092//1092 1091//1091 1097//1097
f 1200//1200 1199//1199 1201//1201 1202//1202
f 1200//1200 1202//1202 1203//1203 1087//1087
f 1200//1200 1087//1087 1086//1086 1092//1092
f 1203//1203 1202//1202 1204//1204 1205//1205
f 1203//1203 1205//1205 1206//1206 1082//1082
f 1203//1203 1082//1082 1081//1081 1087//1087
f 1206//1206 1205//1205 1207//1207 1208//1208
f 1206//1206 1208//1208 1209//1209 1077//1077
f 1206//1206 1077//1077 1076//1076 1082//1082
f 1209//1209 1208//1208 1210//1210 1211//1211
f 1209//1209 1211//1211 1212//1212 1072//1072
f 1209//1209 1072//1072 1071//1071 1077//1077
f 1212//1212 1211//1211 1213//1213 1214//1214
f 1212//1212 1214//1214 1215//1215 1067//1067
f 1212//1212 1067//1067 1066//1066 1072//1072
f 1215//1215 1214//1214 1216//1216 1217//1217
f 1215//1215 1217//1217 1053//1053 1052//1052
f 1215//1215 1052//1052 1062//1062 1067//1067
f 1217//1217 1216//1216 1218//1218 1219//1219
f 1217//1217 1219//1219 1054//1054 1053//1053
f 1219//1219 1218//1218 1220//1220 1221//1221
f 1219//1219 1221//1221 1222//1222 1054//1054
f 1222//1222 1221//1221 1223//1223 1224//1224
f 1222//1222 1224//1224 1225//1225 1057//1057
f 1222//1222 1057//1057 1055//1055 1054//1054
f 1225//1225 1224//1224 1226//1226 1227//1227
f 1225//1225 1227//1227 1228//1228 1229//1229
f 1225//1225 1229//1229 1058//1058 1057//1057
f 1229//1229 1228//1228 1230//1230 1231//1231
f 1229//1229 1231//1231 1059//1059 1058//1058
f 1231//1231 1230//1230 1232//1232 1233//1233
f 1231//1231 1233//1233 1234//1234 1059//1059
f 1234//1234 1233//1233 1235//1235 1236//1236
f 1234//1234 1236//1236 1237//1237 1063//1063
f 1234//1234 1063//1063 1060//1060 1059//1059
f 1237//1237 1068//1068 1064//1064 1063//1063
f 1237//1237 1236//1236 1238//1238 1239//1239
f 1237//1237 1239//1239 1240//1240 1068//1068
f 1240//1240 1073//1073 1069//1069 1068//1068
f 1240//1240 1239//1239 1241//1241 1242//1242
f 1240//1240 1242//1242 1243//1243 1073//1073
f 1243//1243 1078//1078 1074//1074 1073//1073
f 1243//1243 1242//1242 1244//1244 1245//1245
f 1243//1243 1245//1245 1246//1246 1078//1078
f 1246//1246 1083//1083 1079//1079 1078//1078
f 1246//1246 1245//1245 1247//1247 1248//1248
f 1246//1246 1248//1248 1249//1249 1083//1083
f 1249//1249 1088//1088 1084//1084 1083//1083
f 1249//1249 1248//1248 1250//1250 1251//1251
f 1249//1249 1251//1251 1252//1252 1088//1088
f 1252//1252 1093//1093 1089//1089 1088//1088
f 1252//1252 1251//1251 1253//1253 1254//1254
f 1252//1252 1254//1254 1255//1255 1093//1093
f 1255//1255 1098//1098 1094//1094 1093//1093
f 1255//1255 1254//1254 1256//1256 1257//1257
f 1255//1255 1257//1257 1258//1258 1098//1098
f 1258//1258 1103//1103 1099//1099 1098//1098
f 1258//1258 1257//1257 1259//1259 1260//1260
f 1258//1258 1260//1260 1261//1261 1103//1103
f 1261//1261 1108//1108 1104//1104 1103//1103
f 1261//1261 1260//1260 1262//1262 1263//1263
f 1261//1261 1263//1263 1264//1264 1108//1108
f 1264//1264 1113//1113 1109//1109 1108//1108
f 1264//1264 1263//1263 1265//1265 1266//1266
f 1264//1264 1266//1266 1267//1267 1113//1113
f 1267//1267 1118//1118 1114//1114 1113//1113
f 1267//1267 1266//1266 1268//1268 1269//1269
f 1267//1267 1269//1269 1270//1270 1118//1118
f 1270//1270 1123//1123 1119//1119 1118//1118
f 1270//1270 1269//1269 1271//1271 1272//1272
f 1270//1270 1272//1272 1273//1273 1123//1123
f 1273//1273 1128//1128 1124//1124 1123//1123
f 1273//1273 1272//1272 1274//1274 1275//1275
f 1273//1273 1275//1275 1276//1276 1128//1128
f 1276//1276 1133//1133 1129//1129 1128//1128
f 1276//1276 1275//1275 1277//1277 1278//1278
f 1276//1276 1278//1278 1279//1279 1133//1133
f 1279//1279 1138//1138 1134//1134 1133//1133
f 1279//1279 1278//1278 1280//1280 1281//1281
f 1279//1279 1281//1281 1282//1282 1138//1138
f 1282//1282 1143//1143 1139//1139 1138//1138
f 1282//1282 1281//1281 1283//1283 1284//1284
f 1282//1282 1284//1284 1285//1285 1143//1143
f 1285//1285 1147//1147 1144//1144 1143//1143
f 1285//1285 1284//1284 1286//1286 1287//1287
f 1285//1285 1287//1287 1149//1149 1147//1147
f 1287//1287 1286//1286 1288//1288 1289//1289
f 1287//1287 1289//1289 1151//1151 1149//1149
f 1289//1289 1288//1288 1290//1290 1291//1291
f 1289//1289 1291//1291 1292//1292 1151//1151
f 1292//1292 1154//1154 1152//1152 1151//1151
f 1292//1292 1291//1291 1293//1293 1294//1294
f 1292//1292 1294//1294 1156//1156 1154//1154
f 1294//1294 1293//1293 1295//1295 1296//1296
f 1294//1294 1296//1296 1297//1297 1156//1156
f 1297//1297 1296//1296 1298//1298 1299//1299
f 1297//1297 1299//1299 1300//1300 1159//1159
f 1297//1297 1159//1159 1157//1157 1156//1156
f 1300//1300 1299//1299 1301//1301 1302//1302
f 1300//1300 1302//1302 1303//1303 1304//1304
f 1300//1300 1304//1304 1160//1160 1159//1159
f 1304//1304 1303//1303 1305//1305 1306//1306
f 1304//1304 1306//1306 1161//1161 1160//1160
f 1306//1306 1305//1305 1307//1307 1308//1308
f 1306//1306 1308//1308 1163//1163 1161//1161
f 1308//1308 1307//1307 1309//1309 1310//1310
f 1308//1308 1310//1310 1165//1165 1163//1163
f 1310//1310 1309//1309 1311//1311 1171//1171
f 1310//1310 1171//1171 1169//1169 1165//1165
f 1311//1311 1309//1309 1312//1312 1313//1313
f 1311//1311 1313//1313 1314//1314 1174//1174
f 1311//1311 1174//1174 1172//1172 1171//1171
f 1314//1314 1313//1313 1315//1315 1316//1316
f 1314//1314 1316//1316 1317//1317 1177//1177
f 1314//1314 1177//1177 1175//1175 1174//1174
f 1317//1317 1316//1316 1318//1318 1319//1319
f 1317//1317 1319//1319 1320//1320 1180//1180
f 1317//1317 1180//1180 1178//1178 1177//1177
f 1320//1320 1319//1319 1321//1321 1322//1322
f 1320//1320 1322//1322 1323//1323 1183//1183
f 1320//1320 1183//1183 1181//1181 1180//1180
f 1323//1323 1322//1322 1324//1324 1325//1325
f 1323//1323 1325//1325 1326//1326 1186//1186
f 1323//1323 1186//1186 1184//1184 1183//1183
f 1326//1326 1325//1325 1327//1327 1328//1328
f 1326//1326 1328//1328 1329//1329 1189//1189
f 1326//1326 1189//1189 1187//1187 1186//1186
f 1329//1329 1328//1328 1330//1330 1331//1331
f 1329//1329 1331//1331 1332//1332 1192//1192
f 1329//1329 1192//1192 1190//1190 1189//1189
f 1332//1332 1331//1331 1333//1333 1334//1334
f 1332//1332 1334//1334 1335//1335 1195//1195
f 1332//1332 1195//1195 1193//1193 1192//1192
f 1335//1335 1334//1334 1336//1336 1337//1337
f 1335//1335 1337//1337 1338//1338 1198//1198
f 1335//1335 1198//1198 1196//1196 1195//1195
f 1338//1338 1337//1337 1339//1339 1340//1340
f 1338//1338 1340//1340 1341//1341 1201//1201
f 1338//1338 1201//1201 1199//1199 1198//1198
f 1341//1341 1340//1340 1342//1342 1343//1343
f 1341//1341 1343//1343 1344//1344 1204//1204
f 1341//1341 1204//1204 1202//1202 1201//1201
f 1344//1344 1343//1343 1345//1345 1346//1346
f 1344//1344 1346//1346 1347//1347 1207//1207
f 1344//1344 1207//1207 1205//1205 1204//1204
f 1347//1347 1346//1346 1348//1348 1349//1349
f 1347//1347 1349//1349 1350//1350 1210//1210
f 1347//1347 1210//1210 1208//1208 1207//1207
f 1350//1350 1349//1349 1351//1351 1352//1352
f 1350//1350 1352//1352 1353//1353 1213//1213
f 1350//1350 1213//1213 1211//1211 1210//1210
f 1353//1353 1352//1352 1354//1354 1355//1355
f 1353//1353 1355//1355 1218//1218 1216//1216
f 1353//1353 1216//1216 1214//1214 1213//1213
f 1355//1355 1354//1354 1356//1356 1357//1357
f 1355//1355 1357//1357 1220//1220 1218//1218
f 1357//1357 1356//1356 1358//1358 1359//1359
f 1357//1357 1359//1359 1360//1360 1220//1220
f 1360//1360 1359//1359 1361//1361 1362//1362
f 1360//1360 1362//1362 1363//1363 1223//1223
f 1360//1360 1223//1223 1221//1221 1220//1220
f 1363//1363 1362//1362 1364//1364 1365//1365
f 1363//1363 1365//1365 1366//1366 1226//1226
f 1363//1363 1226//1226 1224//1224 1223//1223
f 1366//1366 1365//1365 1367//1367 1368//1368
f 1366//1366 1368//1368 1369//1369 1370//1370
f 1366//1366 1370//1370 1227//1227 1226//1226
f 1370//1370 1369//1369 1371//1371 1372//1372
f 1370//1370 1372//1372 1228//1228 1227//1227
f 1372//1372 1371//1371 1373//1373 1374//1374
f 1372//1372 1374//1374 1230//1230 1228//1228
f 1374//1374 1373//1373 1375//1375 1376//1376
f 1374//1374 1376//1376 1232//1232 1230//1230
f 1376//1376 1375//1375 1377//1377 1378//1378
f 1376//1376 1378//1378 1379//1379 1232//1232
f 1379//1379 1378//1378 1034//1034 1380//1380
f 1379//1379 1380//1380 1381//1381 1235//1235
f 1379//1379 1235//1235 1233//1233 1232//1232
f 1381//1381 1238//1238 1236//1236 1235//1235
f 1381//1381 1380//1380 1382//1382 1383//1383
f 1381//1381 1383//1383 1384//1384 1238//1238
f 1384//1384 1241//1241 1239//1239 1238//1238
f 1384//1384 1383//1383 1385//1385 1386//1386
f 1384//1384 1386//1386 1387//1387 1241//1241
f 1387//1387 1244//1244 1242//1242 1241//1241
f 1387//1387 1386//1386 1388//1388 1389//1389
f 1387//1387 1389//1389 1390//1390 1244//1244
f 1390//1390 1247//1247 1245//1245 1244//1244
f 1390//1390 1389//1389 1391//1391 1392//1392
f 1390//1390 1392//1392 1393//1393 1247//1247
f 1393//1393 1250//1250 1248//1248 1247//1247
f 1393//1393 1392//1392 1044//1044 1048//1048
f 1393//1393 1048//1048 1394//1394 1250//1250
f 1394//1394 1253//1253 1251//1251 1250//1250
f 1394//1394 1048//1048 1047//1047 1395//1395
f 1394//1394 1395//1395 1396//1396 1253//1253
f 1396//1396 1256//1256 1254//1254 1253//1253
f 1396//1396 1395//1395 1397//1397 1398//1398
f 1396//1396 1398//1398 1399//1399 1256//1256
f 1399//1399 1259//1259 1257//1257 1256//1256
f 1399//1399 1398//1398 1400//1400 1401//1401
f 1399//1399 1401//1401 1402//1402 1259//1259
f 1402//1402 1262//1262 1260//1260 1259//1259
f 1402//1402 1401//1401 1403//1403 1404//1404
f 1402//1402 1404//1404 1405//1405 1262//1262
f 1405//1405 1265//1265 1263//1263 1262//1262
f 1405//1405 1404//1404 1406//1406 1407//1407
f 1405//1405 1407//1407 1408//1408 1265//1265
f 1408//1408 1268//1268 1266//1266 1265//1265
f 1408//1408 1407//1407 1409//1409 1410//1410
f 1408//1408 1410//1410 1411//1411 1268//1268
f 1411//1411 1271//1271 1269//1269 1268//1268
f 1411//1411 1410//1410 1412//1412 1413//1413
f 1411//1411 1413//1413 1414//1414 1271//1271
f 1414//1414 1274//1274 1272//1272 1271//1271
f 1414//1414 1413//1413 1415//1415 1416//1416
f 1414//1414 1416//1416 1417//1417 1274//1274
f 1417//1417 1277//1277 1275//1275 1274//1274
f 1417//1417 1416//1416 1418//1418 1419//1419
f 1417//1417 1419//1419 1420//1420 1277//1277
f 1420//1420 1280//1280 1278//1278 1277//1277
f 1420//1420 1419//1419 1421//1421 1422//1422
f 1420//1420 1422//1422 1423//1423 1280//1280
f 1423//1423 1283//1283 1281//1281 1280//1280
f 1423//1423 1422//1422 1424//1424 1425//1425
f 1423//1423 1425//1425 1426//1426 1283//1283
f 1426//1426 1286//1286 1284//1284 1283//1283
f 1426//1426 1425//1425 1427//1427 1428//1428
f 1426//1426 1428//1428 1288//1288 1286//1286
f 1428//1428 1427//1427 1429//1429 1430//1430
f 1428//1428 1430//1430 1290//1290 1288//1288
f 1430//1430 1429//1429 1431//1431 1432//1432
f 1430//1430 1432//1432 1433//1433 1290//1290
f 1433//1433 1293//1293 1291//1291 1290//1290
f 1433//1433 1432//1432 1434//1434 1435//1435
f 1433//1433 1435//1435 1295//1295 1293//1293
f 1435//1435 1434//1434 1009//1009 1008//1008
f 1435//1435 1008//1008 1007//1007 1295//1295
f 1434//1434 1432//1432 1431//1431 987//987
f 1434//1434 987//987 986//986 1009//1009
f 1431//1431 1429//1429 1436//1436 1437//1437
f 1431//1431 1437//1437 988//988 987//987
f 1437//1437 1436//1436 1438//1438 1439//1439
f 1437//1437 1439//1439 995//995 988//988
f 1439//1439 1438//1438 1440//1440 1441//1441
f 1439//1439 1441//1441 1442//1442 995//995
f 1442//1442 1441//1441 1443//1443 1444//1444
f 1442//1442 1444//1444 1445//1445 1446//1446
f 1442//1442 1446//1446 993//993 995//995
f 1446//1446 1445//1445 1447//1447 1448//1448
f 1446//1446 1448//1448 994//994 993//993
f 1448//1448 1447//1447 1449//1449 1450//1450
f 1448//1448 1450//1450 1451//1451 994//994
f 1451//1451 1452//1452 991//991 994//994
f 1451//1451 1450//1450 1453//1453 1454//1454
f 1451//1451 1454//1454 1455//1455 1452//1452
f 1455//1455 1456//1456 1457//1457 1452//1452
f 1455//1455 1454//1454 1458//1458 1459//1459
f 1455//1455 1459//1459 1460//1460 1456//1456
f 1460//1460 1461//1461 1462//1462 1456//1456
f 1460//1460 1459//1459 1463//1463 1464//1464
f 1460//1460 1464//1464 1465//1465 1461//1461
f 1465//1465 1466//1466 1467//1467 1461//1461
f 1465//1465 1464//1464 1468//1468 1469//1469
f 1465//1465 1469//1469 1470//1470 1466//1466
f 1470//1470 1471//1471 1472//1472 1466//1466
f 1470//1470 1469//1469 1473//1473 1474//1474
f 1470//1470 1474//1474 1475//1475 1471//1471
f 1475//1475 1476//1476 1477//1477 1471//1471
f 1475//1475 1474//1474 1478//1478 1479//1479
f 1475//1475 1479//1479 1480//1480 1476//1476
f 1480//1480 997//997 1001//1001 1476//1476
f 1480//1480 1479//1479 1481//1481 1482//1482
f 1480//1480 1482//1482 998//998 997//997
f 1482//1482 1481//1481 1483//1483 1484//1484
f 1482//1482 1484//1484 1485//1485 998//998
f 1485//1485 1486//1486 999//999 998//998
f 1485//1485 1484//1484 1487//1487 1488//1488
f 1485//1485 1488//1488 1489//1489 1486//1486
f 1489//1489 1490//1490 1491//1491 1486//1486
f 1489//1489 1488//1488 1492//1492 1493//1493
f 1489//1489 1493//1493 1494//1494 1490//1490
f 1494//1494 1495//1495 1496//1496 1490//1490
f 1494//1494 1493//1493 1497//1497 1498//1498
f 1494//1494 1498//1498 1499//1499 1495//1495
f 1499//1499 1500//1500 1501//1501 1495//1495
f 1499//1499 1498//1498 1502//1502 1503//1503
f 1499//1499 1503//1503 1504//1504 1500//1500
f 1504//1504 1505//1505 1506//1506 1500//1500
f 1504//1504 1503//1503 1507//1507 1508//1508
f 1504//1504 1508//1508 1509//1509 1505//1505
f 1509//1509 1510//1510 1511//1511 1505//1505
f 1509//1509 1508//1508 1305//1305 1303//1303
f 1509//1509 1303//1303 1302//1302 1510//1510
f 1511//1511 1510//1510 1512//1512 1513//1513
f 1511//1511 1513//1513 1514//1514 1515//1515
f 1511//1511 1515//1515 1506//1506 1505//1505
f 1515//1515 1514//1514 1516//1516 1517//1517
f 1515//1515 1517//1517 1518//1518 1506//1506
f 1518//1518 1501//1501 1500//1500 1506//1506
f 1518//1518 1517//1517 1519//1519 1520//1520
f 1518//1518 1520//1520 1521//1521 1501//1501
f 1521//1521 1496//1496 1495//1495 1501//1501
f 1521//1521 1520//1520 1522//1522 1523//1523
f 1521//1521 1523//1523 1524//1524 1496//1496
f 1524//1524 1523//1523 1015//1015 1014//1014
f 1524//1524 1014//1014 1002//1002 1491//1491
f 1524//1524 1491//1491 1490//1490 1496//1496
f 1523//1523 1522//1522 1016//1016 1015//1015
f 1522//1522 1520//1520 1519//1519 1525//1525
f 1522//1522 1525//1525 1526//1526 1016//1016
f 1526//1526 1525//1525 1527//1527 1528//1528
f 1526//1526 1528//1528 1472//1472 1529//1529
f 1526//1526 1529//1529 1011//1011 1016//1016
f 1529//1529 1472//1472 1471//1471 1477//1477
f 1529//1529 1477//1477 1012//1012 1011//1011
f 1528//1528 1527//1527 1530//1530 1467//1467
f 1528//1528 1467//1467 1466//1466 1472//1472
f 1530//1530 1527//1527 1531//1531 1532//1532
f 1530//1530 1532//1532 1533//1533 1462//1462
f 1530//1530 1462//1462 1461//1461 1467//1467
f 1533//1533 1532//1532 1534//1534 1535//1535
f 1533//1533 1535//1535 992//992 1457//1457
f 1533//1533 1457//1457 1456//1456 1462//1462
f 1535//1535 1534//1534 1536//1536 1537//1537
f 1535//1535 1537//1537 989//989 992//992
f 1537//1537 1536//1536 1538//1538 1539//1539
f 1537//1537 1539//1539 990//990 989//989
f 1539//1539 1538//1538 1540//1540 1005//1005
f 1539//1539 1005//1005 1004//1004 990//990
f 1540//1540 1512//1512 1301//1301 1541//1541
f 1540//1540 1541//1541 1006//1006 1005//1005
f 1540//1540 1538//1538 1513//1513 1512//1512
f 1541//1541 1301//1301 1299//1299 1298//1298
f 1541//1541 1298//1298 1007//1007 1006//1006
f 1538//1538 1536//1536 1514//1514 1513//1513
f 1536//1536 1534//1534 1516//1516 1514//1514
f 1534//1534 1532//1532 1531//1531 1516//1516
f 1531//1531 1519//1519 1517//1517 1516//1516
f 1531//1531 1527//1527 1525//1525 1519//1519
f 1512//1512 1510//1510 1302//1302 1301//1301
f 1508//1508 1507//1507 1307//1307 1305//1305
f 1507//1507 1503//1503 1502//1502 1312//1312
f 1507//1507 1312//1312 1309//1309 1307//1307
f 1502//1502 1498//1498 1497//1497 1315//1315
f 1502//1502 1315//1315 1313//1313 1312//1312
f 1497//1497 1493//1493 1492//1492 1318//1318
f 1497//1497 1318//1318 1316//1316 1315//1315
f 1492//1492 1488//1488 1487//1487 1321//1321
f 1492//1492 1321//1321 1319//1319 1318//1318
f 1491//1491 1002//1002 999//999 1486//1486
f 1487//1487 1484//1484 1483//1483 1324//1324
f 1487//1487 1324//1324 1322//1322 1321//1321
f 1483//1483 1481//1481 1542//1542 1327//1327
f 1483//1483 1327//1327 1325//1325 1324//1324
f 1542//1542 1481//1481 1479//1479 1478//1478
f 1542//1542 1478//1478 1543//1543 1330//1330
f 1542//1542 1330//1330 1328//1328 1327//1327
f 1543//1543 1478//1478 1474//1474 1473//1473
f 1543//1543 1473//1473 1544//1544 1333//1333
f 1543//1543 1333//1333 1331//1331 1330//1330
f 1544//1544 1473//1473 1469//1469 1468//1468
f 1544//1544 1468//1468 1545//1545 1336//1336
f 1544//1544 1336//1336 1334//1334 1333//1333
f 1545//1545 1468//1468 1464//1464 1463//1463
f 1545//1545 1463//1463 1546//1546 1339//1339
f 1545//1545 1339//1339 1337//1337 1336//1336
f 1546//1546 1463//1463 1459//1459 1458//1458
f 1546//1546 1458//1458 1547//1547 1342//1342
f 1546//1546 1342//1342 1340//1340 1339//1339
f 1547//1547 1458//1458 1454//1454 1453//1453
f 1547//1547 1453//1453 1548//1548 1345//1345
f 1547//1547 1345//1345 1343//1343 1342//1342
f 1548//1548 1453//1453 1450//1450 1449//1449
f 1548//1548 1449//1449 1549//1549 1348//1348
f 1548//1548 1348//1348 1346//1346 1345//1345
f 1549//1549 1449//1449 1447//1447 1550//1550
f 1549//1549 1550//1550 1551//1551 1351//1351
f 1549//1549 1351//1351 1349//1349 1348//1348
f 1551//1551 1550//1550 1552//1552 1553//1553
f 1551//1551 1553//1553 1356//1356 1354//1354
f 1551//1551 1354//1354 1352//1352 1351//1351
f 1553//1553 1552//1552 1554//1554 1555//1555
f 1553//1553 1555//1555 1358//1358 1356//1356
f 1555//1555 1554//1554 1556//1556 1557//1557
f 1555//1555 1557//1557 1558//1558 1358//1358
f 1558//1558 1557//1557 1559//1559 1560//1560
f 1558//1558 1560//1560 1561//1561 1361//1361
f 1558//1558 1361//1361 1359//1359 1358//1358
f 1561//1561 1560//1560 1562//1562 1563//1563
f 1561//1561 1563//1563 1564//1564 1364//1364
f 1561//1561 1364//1364 1362//1362 1361//1361
f 1564//1564 1563//1563 1565//1565 1566//1566
f 1564//1564 1566//1566 1567//1567 1367//1367
f 1564//1564 1367//1367 1365//1365 1364//1364
f 1567//1567 1566//1566 1568//1568 1569//1569
f 1567//1567 1569//1569 1570//1570 1571//1571
f 1567//1567 1571//1571 1368//1368 1367//1367
f 1571//1571 1570//1570 1572//1572 1573//1573
f 1571//1571 1573//1573 1369//1369 1368//1368
f 1573//1573 1572//1572 1574//1574 1575//1575
f 1573//1573 1575//1575 1371//1371 1369//1369
f 1575//1575 1574//1574 1039//1039 1038//1038
f 1575//1575 1038//1038 1373//1373 1371//1371
f 1574//1574 1572//1572 1576//1576 1577//1577
f 1574//1574 1577//1577 1042//1042 1039//1039
f 1577//1577 1576//1576 1578//1578 1579//1579
f 1577//1577 1579//1579 1580//1580 1042//1042
f 1580//1580 1579//1579 1581//1581 1582//1582
f 1580//1580 1582//1582 1583//1583 1584//1584
f 1580//1580 1584//1584 1040//1040 1042//1042
f 1584//1584 1583//1583 1032//1032 1031//1031
f 1584//1584 1031//1031 1041//1041 1040//1040
f 1583//1583 1582//1582 1585//1585 1586//1586
f 1583//1583 1586//1586 1035//1035 1032//1032
f 1586//1586 1585//1585 1587//1587 1588//1588
f 1586//1586 1588//1588 1589//1589 1035//1035
f 1589//1589 1385//1385 1383//1383 1382//1382
f 1589//1589 1382//1382 1033//1033 1035//1035
f 1589//1589 1588//1588 1590//1590 1385//1385
f 1590//1590 1388//1388 1386//1386 1385//1385
f 1590//1590 1588//1588 1587//1587 1591//1591
f 1590//1590 1591//1591 1592//1592 1388//1388
f 1592//1592 1391//1391 1389//1389 1388//1388
f 1592//1592 1591//1591 1593//1593 1594//1594
f 1592//1592 1594//1594 1045//1045 1391//1391
f 1594//1594 1595//1595 1046//1046 1045//1045
f 1594//1594 1593//1593 1596//1596 1595//1595
f 1596//1596 1597//1597 1598//1598 1595//1595
f 1596//1596 1593//1593 1599//1599 1600//1600
f 1596//1596 1600//1600 1601//1601 1597//1597
f 1601//1601 1602//1602 1603//1603 1597//1597
f 1601//1601 1600//1600 1604//1604 1605//1605
f 1601//1601 1605//1605 1606//1606 1602//1602
f 1606//1606 1607//1607 1608//1608 1602//1602
f 1606//1606 1605//1605 1609//1609 1610//1610
f 1606//1606 1610//1610 1611//1611 1607//1607
f 1611//1611 1612//1612 1613//1613 1607//1607
f 1611//1611 1610//1610 1614//1614 1615//1615
f 1611//1611 1615//1615 1616//1616 1612//1612
f 1616//1616 1617//1617 1618//1618 1612//1612
f 1616//1616 1615//1615 1619//1619 1620//1620
f 1616//1616 1620//1620 1621//1621 1617//1617
f 1621//1621 1622//1622 1623//1623 1617//1617
f 1621//1621 1620//1620 1624//1624 1625//1625
f 1621//1621 1625//1625 1626//1626 1622//1622
f 1626//1626 1627//1627 1628//1628 1622//1622
f 1626//1626 1625//1625 1629//1629 1630//1630
f 1626//1626 1630//1630 1631//1631 1627//1627
f 1631//1631 1632//1632 1633//1633 1627//1627
f 1631//1631 1630//1630 1634//1634 1635//1635
f 1631//1631 1635//1635 1636//1636 1632//1632
f 1636//1636 1637//1637 1638//1638 1632//1632
f 1636//1636 1635//1635 1639//1639 1640//1640
f 1636//1636 1640//1640 1440//1440 1637//1637
f 1640//1640 1639//1639 1556//1556 1443//1443
f 1640//1640 1443//1443 1441//1441 1440//1440
f 1639//1639 1635//1635 1634//1634 1559//1559
f 1639//1639 1559//1559 1557//1557 1556//1556
f 1638//1638 1641//1641 1421//1421 1642//1642
f 1638//1638 1642//1642 1633//1633 1632//1632
f 1638//1638 1637//1637 1643//1643 1641//1641
f 1643//1643 1644//1644 1424//1424 1641//1641
f 1643//1643 1637//1637 1440//1440 1438//1438
f 1643//1643 1438//1438 1436//1436 1644//1644
f 1644//1644 1427//1427 1425//1425 1424//1424
f 1644//1644 1436//1436 1429//1429 1427//1427
f 1642//1642 1421//1421 1419//1419 1418//1418
f 1642//1642 1418//1418 1645//1645 1633//1633
f 1645//1645 1418//1418 1416//1416 1415//1415
f 1645//1645 1415//1415 1646//1646 1628//1628
f 1645//1645 1628//1628 1627//1627 1633//1633
f 1646//1646 1415//1415 1413//1413 1412//1412
f 1646//1646 1412//1412 1647//1647 1623//1623
f 1646//1646 1623//1623 1622//1622 1628//1628
f 1647//1647 1412//1412 1410//1410 1409//1409
f 1647//1647 1409//1409 1648//1648 1618//1618
f 1647//1647 1618//1618 1617//1617 1623//1623
f 1648//1648 1409//1409 1407//1407 1406//1406
f 1648//1648 1406//1406 1649//1649 1613//1613
f 1648//1648 1613//1613 1612//1612 1618//1618
f 1649//1649 1406//1406 1404//1404 1403//1403
f 1649//1649 1403//1403 1650//1650 1608//1608
f 1649//1649 1608//1608 1607//1607 1613//1613
f 1650//1650 1403//1403 1401//1401 1400//1400
f 1650//1650 1400//1400 1651//1651 1603//1603
f 1650//1650 1603//1603 1602//1602 1608//1608
f 1651//1651 1400//1400 1398//1398 1397//1397
f 1651//1651 1397//1397 1049//1049 1598//1598
f 1651//1651 1598//1598 1597//1597 1603//1603
f 1641//1641 1424//1424 1422//1422 1421//1421
f 1634//1634 1630//1630 1629//1629 1562//1562
f 1634//1634 1562//1562 1560//1560 1559//1559
f 1629//1629 1625//1625 1624//1624 1565//1565
f 1629//1629 1565//1565 1563//1563 1562//1562
f 1624//1624 1620//1620 1619//1619 1568//1568
f 1624//1624 1568//1568 1566//1566 1565//1565
f 1619//1619 1615//1615 1614//1614 1652//1652
f 1619//1619 1652//1652 1569//1569 1568//1568
f 1652//1652 1614//1614 1653//1653 1654//1654
f 1652//1652 1654//1654 1570//1570 1569//1569
f 1654//1654 1653//1653 1578//1578 1576//1576
f 1654//1654 1576//1576 1572//1572 1570//1570
f 1653//1653 1614//1614 1610//1610 1609//1609
f 1653//1653 1609//1609 1655//1655 1578//1578
f 1655//1655 1609//1609 1605//1605 1604//1604
f 1655//1655 1604//1604 1656//1656 1581//1581
f 1655//1655 1581//1581 1579//1579 1578//1578
f 1656//1656 1604//1604 1600//1600 1599//1599
f 1656//1656 1599//1599 1587//1587 1585//1585
f 1656//1656 1585//1585 1582//1582 1581//1581
f 1599//1599 1593//1593 1591//1591 1587//1587
f 1598//1598 1049//1049 1046//1046 1595//1595
f 1556//1556 1554//1554 1444//1444 1443//1443
f 1554//1554 1552//1552 1445//1445 1444//1444
f 1552//1552 1550//1550 1447//1447 1445//1445
f 1477//1477 1476//1476 1001//1001 1012//1012
f 1457//1457 992//992 991//991 1452//1452
f 1397//1397 1395//1395 1047//1047 1049//1049
f 1392//1392 1391//1391 1045//1045 1044//1044
f 1382//1382 1380//1380 1034//1034 1033//1033
f 1378//1378 1377//1377 1030//1030 1034//1034
f 1377//1377 1375//1375 1037//1037 1041//1041
f 1377//1377 1041//1041 1031//1031 1030//1030
f 1375//1375 1373//1373 1038//1038 1037//1037
f 1298//1298 1296//1296 1295//1295 1007//1007
f 1014//1014 1013//1013 1000//1000 1002//1002
f 1013//1013 1012//1012 1001//1001 1000//1000
f 1009//1009 986//986 990//990 1004//1004
