# Extracted from Open3DModel lower-limb.obj — Plantar_aponeurosis.r
# License: CC BY-SA 4.0 — AnatomyTOOL Open3D create
o Plantar_aponeurosis.r
v -0.100370 0.005148 0.071839
v -0.099807 0.005184 0.070115
v -0.097606 0.005342 0.070743
v -0.098148 0.005284 0.072576
v -0.109464 0.005508 0.071461
v -0.109958 0.005715 0.072899
v -0.111481 0.005764 0.072166
v -0.110985 0.005490 0.070739
v -0.112891 0.005296 0.070061
v -0.113473 0.005416 0.071561
v -0.115465 0.005068 0.070957
v -0.114796 0.005103 0.069384
v -0.117486 0.005293 0.068040
v -0.118211 0.005174 0.069549
v -0.120957 0.005281 0.068142
v -0.120176 0.005484 0.066697
v -0.105850 0.005279 0.073258
v -0.106385 0.005366 0.074790
v -0.108434 0.005666 0.073633
v -0.107942 0.005527 0.072184
v -0.122308 0.005723 0.065393
v -0.123062 0.005576 0.066794
v -0.125167 0.005871 0.065445
v -0.124441 0.005962 0.064089
v -0.125444 0.005898 0.063357
v -0.126156 0.005871 0.064679
v -0.127145 0.005870 0.063914
v -0.126446 0.005834 0.062624
v -0.127459 0.005845 0.062043
v -0.128274 0.005903 0.063402
v -0.129404 0.005935 0.062891
v -0.128471 0.005857 0.061461
v -0.129845 0.006013 0.060780
v -0.130802 0.006188 0.062310
v -0.132199 0.006441 0.061730
v -0.131219 0.006170 0.060099
v -0.133235 0.007012 0.059305
v -0.134400 0.007531 0.061000
v -0.136601 0.008621 0.060269
v -0.135252 0.007854 0.058511
v -0.136900 0.009371 0.057521
v -0.138297 0.010231 0.059321
v -0.139993 0.011842 0.058372
v -0.138548 0.010887 0.056530
v -0.120645 0.009437 0.039694
v -0.121880 0.010033 0.038776
v -0.120117 0.010340 0.037107
v -0.118931 0.009741 0.037967
v -0.118060 0.008683 0.041720
v -0.119409 0.008840 0.040612
v -0.117745 0.009142 0.038827
v -0.116410 0.009005 0.039924
v -0.115566 0.008640 0.043691
v -0.116711 0.008526 0.042827
v -0.115074 0.008869 0.041021
v -0.113801 0.008850 0.042149
v -0.125500 0.007170 0.054332
v -0.126610 0.006889 0.053701
v -0.125008 0.007260 0.051886
v -0.124307 0.007700 0.052305
v -0.122599 0.007809 0.050498
v -0.123315 0.007444 0.050084
v -0.121623 0.007628 0.048283
v -0.120890 0.007917 0.048691
v -0.119111 0.008174 0.046962
v -0.119985 0.007906 0.046458
v -0.118348 0.008184 0.044633
v -0.117331 0.008430 0.045233
v -0.127999 0.007073 0.052532
v -0.129389 0.007257 0.051363
v -0.127725 0.007482 0.049566
v -0.126367 0.007371 0.050726
v -0.124689 0.007590 0.048928
v -0.126063 0.007735 0.047772
v -0.124400 0.007989 0.045978
v -0.123012 0.007809 0.047130
v -0.121361 0.008085 0.045323
v -0.122737 0.008264 0.044188
v -0.121073 0.008538 0.042398
v -0.119710 0.008361 0.043515
v -0.130835 0.007942 0.050215
v -0.132282 0.008628 0.049067
v -0.130621 0.008637 0.047254
v -0.129173 0.008059 0.048410
v -0.127470 0.008315 0.046659
v -0.128877 0.008895 0.045546
v -0.127133 0.009152 0.043837
v -0.125767 0.008571 0.044907
v -0.124062 0.008852 0.043164
v -0.125388 0.009439 0.042141
v -0.123643 0.009726 0.040445
v -0.122358 0.009132 0.041421
v -0.109679 0.008136 0.047190
v -0.110857 0.008632 0.046515
v -0.109672 0.008635 0.044339
v -0.108417 0.008172 0.045051
v -0.106967 0.007525 0.048610
v -0.108502 0.007640 0.047865
v -0.107161 0.007709 0.045763
v -0.105771 0.007700 0.046458
v -0.104472 0.007705 0.050196
v -0.105433 0.007410 0.049354
v -0.104381 0.007691 0.047154
v -0.103376 0.007955 0.048171
v -0.110438 0.005815 0.063407
v -0.111764 0.005636 0.062558
v -0.110699 0.005747 0.060357
v -0.109730 0.006086 0.061173
v -0.108682 0.006392 0.058906
v -0.109604 0.005994 0.058144
v -0.108510 0.006241 0.055930
v -0.107633 0.006699 0.056638
v -0.106600 0.007077 0.054430
v -0.107497 0.006685 0.053743
v -0.106484 0.007130 0.051555
v -0.105567 0.007455 0.052222
v -0.114224 0.005848 0.061374
v -0.116684 0.006060 0.060190
v -0.115543 0.006199 0.058051
v -0.113121 0.005973 0.059204
v -0.111888 0.006325 0.057095
v -0.114172 0.006656 0.056047
v -0.112801 0.007112 0.054044
v -0.110655 0.006677 0.054987
v -0.109409 0.007014 0.052874
v -0.111322 0.007342 0.052005
v -0.109843 0.007572 0.049966
v -0.108163 0.007351 0.050761
v -0.118405 0.006585 0.059189
v -0.120125 0.007110 0.058187
v -0.118353 0.007387 0.057048
v -0.116948 0.006793 0.057550
v -0.115378 0.007179 0.055565
v -0.116584 0.007702 0.055083
v -0.114816 0.008016 0.053118
v -0.113808 0.007564 0.053581
v -0.112375 0.007832 0.051455
v -0.113429 0.008322 0.050904
v -0.112042 0.008629 0.048691
v -0.110942 0.008100 0.049328
v -0.095537 0.005923 0.072439
v -0.095135 0.005968 0.070547
v -0.091125 0.006714 0.069268
v -0.092927 0.006562 0.072301
v -0.087593 0.007336 0.072430
v -0.087616 0.007381 0.070489
v -0.086063 0.007604 0.069917
v -0.085772 0.007528 0.072393
v -0.091170 0.006854 0.072384
v -0.090377 0.006903 0.069962
v -0.089234 0.007111 0.070507
v -0.089414 0.007145 0.072467
v -0.091900 0.008212 0.055223
v -0.093756 0.007369 0.054690
v -0.093151 0.007899 0.052373
v -0.091292 0.008751 0.053326
v -0.098624 0.007572 0.052968
v -0.100361 0.007929 0.052463
v -0.100029 0.008110 0.050410
v -0.098213 0.007886 0.050781
v -0.095321 0.007292 0.054081
v -0.096887 0.007215 0.053472
v -0.096396 0.007662 0.051152
v -0.094774 0.007781 0.051763
v -0.099232 0.005302 0.067995
v -0.101247 0.005142 0.067393
v -0.100486 0.005258 0.065299
v -0.098657 0.005419 0.065875
v -0.097936 0.005659 0.063509
v -0.099678 0.005568 0.062955
v -0.098870 0.005877 0.060611
v -0.097214 0.005899 0.061144
v -0.096542 0.006351 0.058772
v -0.098124 0.006322 0.058202
v -0.097378 0.006768 0.055793
v -0.095869 0.006804 0.056400
v -0.103261 0.005557 0.066551
v -0.105276 0.005971 0.065709
v -0.104151 0.006161 0.063575
v -0.102318 0.005709 0.064437
v -0.101358 0.006066 0.062090
v -0.103038 0.006565 0.061225
v -0.101926 0.006970 0.058875
v -0.100398 0.006424 0.059743
v -0.099717 0.006841 0.057449
v -0.101309 0.007359 0.056696
v -0.100692 0.007748 0.054516
v -0.099035 0.007258 0.055154
v -0.094684 0.006020 0.068491
v -0.097217 0.005461 0.068597
v -0.096828 0.005579 0.066451
v -0.094233 0.006072 0.066434
v -0.093909 0.006364 0.064080
v -0.096193 0.005750 0.064063
v -0.095558 0.005920 0.061676
v -0.093585 0.006655 0.061727
v -0.093046 0.007164 0.059424
v -0.094959 0.006380 0.059342
v -0.094360 0.006839 0.057007
v -0.092507 0.007673 0.057121
v -0.076930 0.007762 0.073381
v -0.077071 0.007905 0.070764
v -0.075001 0.008409 0.070630
v -0.074609 0.008163 0.073391
v -0.080795 0.007325 0.073144
v -0.080705 0.007392 0.070747
v -0.079141 0.007401 0.070899
v -0.079250 0.007361 0.073372
v -0.069482 0.009464 0.073580
v -0.069685 0.009622 0.071032
v -0.068373 0.010352 0.069596
v -0.067750 0.009774 0.073081
v -0.072714 0.008650 0.073770
v -0.072961 0.008710 0.071261
v -0.071106 0.009096 0.071394
v -0.070889 0.009158 0.074023
v -0.084377 0.010295 0.055315
v -0.085959 0.010335 0.055372
v -0.086291 0.010575 0.054211
v -0.084637 0.010731 0.053882
v -0.077812 0.011119 0.055548
v -0.079543 0.010316 0.055484
v -0.079443 0.011168 0.053382
v -0.077639 0.011866 0.053279
v -0.077394 0.008224 0.068680
v -0.079170 0.007585 0.068690
v -0.079199 0.007768 0.066481
v -0.077717 0.008543 0.066596
v -0.077881 0.008980 0.064314
v -0.079206 0.008125 0.064250
v -0.079214 0.008482 0.062020
v -0.078046 0.009418 0.062033
v -0.078015 0.009895 0.059925
v -0.079428 0.008973 0.059803
v -0.079643 0.009464 0.057587
v -0.077984 0.010372 0.057817
v -0.083801 0.007763 0.068178
v -0.085326 0.008002 0.068021
v -0.084859 0.008358 0.065837
v -0.083570 0.008012 0.065956
v -0.083546 0.008389 0.063364
v -0.084813 0.008799 0.062985
v -0.084768 0.009240 0.060132
v -0.083521 0.008766 0.060771
v -0.083819 0.009313 0.058760
v -0.085197 0.009668 0.058333
v -0.085626 0.010095 0.056534
v -0.084117 0.009860 0.056749
v -0.059581 0.015231 0.074443
v -0.059659 0.015208 0.070838
v -0.058345 0.016529 0.071114
v -0.058185 0.016757 0.074867
v -0.065982 0.010784 0.073328
v -0.066106 0.010987 0.070538
v -0.063845 0.012096 0.070573
v -0.063819 0.011779 0.073644
v -0.062398 0.012743 0.073832
v -0.062409 0.012992 0.070567
v -0.060973 0.013887 0.070562
v -0.060977 0.013706 0.074019
v -0.067318 0.016429 0.052366
v -0.069518 0.015256 0.052673
v -0.069728 0.015626 0.051414
v -0.067622 0.016800 0.051096
v -0.070927 0.014755 0.053163
v -0.072335 0.014255 0.053654
v -0.073587 0.013526 0.052907
v -0.071657 0.014576 0.052161
v -0.064287 0.018880 0.051888
v -0.065117 0.017602 0.052059
v -0.065516 0.017973 0.050778
v -0.064690 0.019186 0.050610
v -0.060112 0.015324 0.068174
v -0.061315 0.014140 0.067891
v -0.061656 0.014394 0.065220
v -0.060564 0.015441 0.065511
v -0.061192 0.016067 0.062934
v -0.062212 0.015040 0.062610
v -0.062768 0.015686 0.060000
v -0.061819 0.016694 0.060358
v -0.062487 0.017346 0.058057
v -0.063365 0.016115 0.057966
v -0.063962 0.016545 0.055933
v -0.063155 0.017997 0.055757
v -0.066387 0.011693 0.067675
v -0.068383 0.011121 0.067490
v -0.068317 0.012009 0.064808
v -0.066627 0.012222 0.064978
v -0.067226 0.012839 0.062536
v -0.068841 0.012658 0.062538
v -0.069365 0.013306 0.060268
v -0.067825 0.013456 0.060094
v -0.068287 0.014126 0.058196
v -0.069718 0.013980 0.058522
v -0.070072 0.014654 0.056776
v -0.068749 0.014796 0.056298
v -0.062853 0.013203 0.067875
v -0.064391 0.012266 0.067860
v -0.064937 0.012435 0.065147
v -0.063297 0.013414 0.065183
v -0.063911 0.014030 0.062572
v -0.065611 0.013020 0.062533
v -0.066284 0.013605 0.059920
v -0.064526 0.014645 0.059960
v -0.065110 0.015194 0.057918
v -0.066855 0.014272 0.057870
v -0.067426 0.014939 0.055820
v -0.065694 0.015742 0.055876
v -0.115859 0.010192 0.034837
v -0.117037 0.010781 0.034162
v -0.116032 0.010898 0.033154
v -0.114845 0.010328 0.033781
v -0.113493 0.009474 0.036402
v -0.114680 0.009603 0.035512
v -0.113658 0.009758 0.034407
v -0.112536 0.009659 0.035142
v -0.111197 0.009455 0.038007
v -0.112307 0.009345 0.037293
v -0.111415 0.009560 0.035877
v -0.110257 0.009779 0.036528
v -0.106729 0.008743 0.041112
v -0.107895 0.009207 0.040202
v -0.107294 0.009722 0.038581
v -0.106161 0.009108 0.039681
v -0.104255 0.008198 0.042719
v -0.105563 0.008279 0.042022
v -0.105028 0.008494 0.040781
v -0.103748 0.008410 0.041482
v -0.101670 0.008316 0.043991
v -0.102946 0.008117 0.043417
v -0.102469 0.008326 0.042183
v -0.101136 0.008556 0.042699
v -0.110443 0.008823 0.042426
v -0.109085 0.008664 0.043082
v -0.111100 0.008733 0.043809
v -0.090190 0.009896 0.047386
v -0.092205 0.008902 0.047253
v -0.091888 0.009105 0.045523
v -0.089926 0.010144 0.045548
v -0.096772 0.008804 0.045736
v -0.098106 0.008888 0.045342
v -0.097624 0.009308 0.043856
v -0.096372 0.009164 0.044151
v -0.093821 0.008811 0.046691
v -0.095438 0.008721 0.046130
v -0.095120 0.009021 0.044446
v -0.093504 0.009063 0.044984
v -0.100494 0.008259 0.048085
v -0.099309 0.008288 0.048619
v -0.101200 0.008164 0.049799
v -0.084415 0.011777 0.047656
v -0.085795 0.011661 0.047700
v -0.085776 0.011997 0.045640
v -0.084413 0.012072 0.045631
v -0.077929 0.013335 0.047368
v -0.079620 0.012500 0.047486
v -0.079645 0.012807 0.045497
v -0.077980 0.013740 0.045294
v -0.081328 0.012196 0.047549
v -0.083036 0.011892 0.047613
v -0.083051 0.012148 0.045622
v -0.081348 0.012478 0.045560
v -0.080935 0.008965 0.059495
v -0.082442 0.008958 0.059186
v -0.082608 0.009624 0.056963
v -0.081125 0.009544 0.057275
v -0.080742 0.008052 0.063997
v -0.082278 0.007979 0.063743
v -0.082275 0.008291 0.061410
v -0.080744 0.008387 0.061715
v -0.080723 0.007554 0.068513
v -0.082275 0.007524 0.068336
v -0.082282 0.007667 0.066076
v -0.080740 0.007717 0.066278
v -0.081169 0.010286 0.055371
v -0.082795 0.010255 0.055258
v -0.082982 0.010887 0.053553
v -0.081212 0.011028 0.053467
v -0.084057 0.007408 0.072655
v -0.084031 0.007514 0.070400
v -0.082269 0.007382 0.070596
v -0.082341 0.007289 0.072917
v -0.086836 0.010790 0.051786
v -0.086052 0.010951 0.051985
v -0.087207 0.010410 0.053879
v -0.068966 0.018563 0.045332
v -0.071264 0.017305 0.045661
v -0.072183 0.018190 0.043025
v -0.069592 0.019283 0.043036
v -0.072799 0.016232 0.045855
v -0.074334 0.015158 0.046049
v -0.074909 0.015955 0.043560
v -0.073546 0.017073 0.043292
v -0.065850 0.021042 0.044771
v -0.066669 0.019821 0.045002
v -0.067000 0.020376 0.043047
v -0.066198 0.021623 0.042805
v -0.074836 0.013529 0.051008
v -0.073673 0.013943 0.050723
v -0.074711 0.013044 0.053042
v -0.103133 0.012813 0.015146
v -0.103615 0.013409 0.014848
v -0.102562 0.013640 0.012630
v -0.102021 0.013012 0.012963
v -0.101627 0.011872 0.016356
v -0.102650 0.012218 0.015445
v -0.101481 0.012384 0.013296
v -0.100449 0.012093 0.014221
v -0.099954 0.011825 0.017992
v -0.100604 0.011526 0.017268
v -0.099417 0.011803 0.015145
v -0.098827 0.012061 0.016032
v -0.109397 0.010208 0.034534
v -0.110228 0.009964 0.034021
v -0.109042 0.010368 0.032165
v -0.108536 0.010637 0.032540
v -0.107276 0.010836 0.030477
v -0.107809 0.010514 0.030040
v -0.106575 0.010659 0.027914
v -0.106015 0.011036 0.028414
v -0.104786 0.011110 0.026284
v -0.105378 0.010783 0.025784
v -0.104180 0.010907 0.023654
v -0.103556 0.011184 0.024154
v -0.102319 0.011387 0.022053
v -0.102986 0.011079 0.021523
v -0.101791 0.011250 0.019391
v -0.101081 0.011589 0.019953
v -0.111324 0.010069 0.033181
v -0.112419 0.010174 0.032341
v -0.111180 0.010590 0.030275
v -0.110111 0.010479 0.031220
v -0.108867 0.010708 0.029109
v -0.109926 0.010903 0.028178
v -0.108672 0.011216 0.026081
v -0.107624 0.010938 0.026997
v -0.106417 0.011111 0.024870
v -0.107456 0.011438 0.023956
v -0.106240 0.011660 0.021832
v -0.105210 0.011283 0.022743
v -0.104008 0.011467 0.020618
v -0.105030 0.011856 0.019713
v -0.103820 0.012052 0.017593
v -0.102806 0.011651 0.018492
v -0.113443 0.010758 0.031831
v -0.114467 0.011342 0.031321
v -0.112902 0.011786 0.029489
v -0.112041 0.011188 0.029882
v -0.110663 0.011493 0.027834
v -0.111401 0.012083 0.027490
v -0.109900 0.012380 0.025490
v -0.109286 0.011798 0.025786
v -0.108009 0.012007 0.023679
v -0.108562 0.012576 0.023402
v -0.107224 0.012771 0.021314
v -0.106732 0.012216 0.021573
v -0.105488 0.012415 0.019451
v -0.105946 0.012974 0.019190
v -0.104669 0.013178 0.017067
v -0.104244 0.012615 0.017330
v -0.096563 0.011460 0.019661
v -0.097016 0.011946 0.019430
v -0.096495 0.012042 0.017165
v -0.095806 0.011648 0.017369
v -0.095273 0.010827 0.020387
v -0.096111 0.010973 0.019892
v -0.095117 0.011253 0.017573
v -0.094335 0.011123 0.018044
v -0.093609 0.011114 0.021141
v -0.094436 0.010680 0.020883
v -0.093552 0.010992 0.018516
v -0.092576 0.011457 0.018745
v -0.100496 0.009020 0.040290
v -0.101588 0.008687 0.039823
v -0.100707 0.009047 0.037463
v -0.099855 0.009485 0.037880
v -0.099058 0.009826 0.035472
v -0.099824 0.009393 0.035111
v -0.098941 0.009739 0.032760
v -0.098260 0.010167 0.033065
v -0.097380 0.010380 0.030655
v -0.098050 0.010002 0.030366
v -0.097160 0.010265 0.027971
v -0.096500 0.010592 0.028246
v -0.095571 0.010682 0.025891
v -0.096240 0.010316 0.025610
v -0.095320 0.010367 0.023249
v -0.094641 0.010771 0.023536
v -0.102796 0.008789 0.039157
v -0.104004 0.008892 0.038492
v -0.102980 0.009289 0.036203
v -0.101843 0.009168 0.036833
v -0.100875 0.009504 0.034513
v -0.101925 0.009616 0.033915
v -0.100871 0.009943 0.031628
v -0.099906 0.009841 0.032194
v -0.098978 0.010059 0.029816
v -0.099906 0.010116 0.029267
v -0.098941 0.010288 0.026906
v -0.098051 0.010276 0.027439
v -0.097131 0.010403 0.025084
v -0.098023 0.010491 0.024558
v -0.097104 0.010693 0.022211
v -0.096212 0.010530 0.022730
v -0.104868 0.009482 0.037815
v -0.105732 0.010073 0.037137
v -0.104171 0.010424 0.035694
v -0.103575 0.009857 0.035948
v -0.102405 0.010163 0.033665
v -0.102884 0.010710 0.033415
v -0.101598 0.010995 0.031136
v -0.101235 0.010469 0.031382
v -0.100217 0.010678 0.029017
v -0.100528 0.011240 0.028766
v -0.099458 0.011484 0.026397
v -0.099200 0.010886 0.026651
v -0.098260 0.011079 0.024302
v -0.098497 0.011668 0.024046
v -0.097537 0.011851 0.021695
v -0.097320 0.011272 0.021953
v -0.086403 0.012936 0.023258
v -0.087479 0.012235 0.023266
v -0.086975 0.012497 0.020784
v -0.085861 0.013281 0.020729
v -0.089368 0.012256 0.022655
v -0.090077 0.012412 0.022499
v -0.089659 0.012604 0.020118
v -0.088915 0.012455 0.020217
v -0.088068 0.012167 0.023038
v -0.088658 0.012100 0.022811
v -0.088171 0.012306 0.020317
v -0.087573 0.012402 0.020550
v -0.092851 0.009554 0.042595
v -0.094339 0.009559 0.042108
v -0.093558 0.010098 0.039770
v -0.092199 0.010046 0.040206
v -0.091574 0.010473 0.037750
v -0.092818 0.010479 0.037341
v -0.092077 0.010859 0.034911
v -0.090949 0.010900 0.035295
v -0.090379 0.011099 0.032848
v -0.091361 0.011039 0.032504
v -0.090645 0.011218 0.030097
v -0.089809 0.011299 0.030401
v -0.089186 0.011616 0.027964
v -0.089895 0.011556 0.027701
v -0.089145 0.011893 0.025305
v -0.088564 0.011933 0.025526
v -0.095248 0.009812 0.041950
v -0.096157 0.010064 0.041792
v -0.094690 0.010821 0.039729
v -0.094124 0.010459 0.039750
v -0.093314 0.010796 0.037285
v -0.093811 0.011113 0.037229
v -0.092932 0.011406 0.034728
v -0.092504 0.011133 0.034820
v -0.091856 0.011342 0.032393
v -0.092351 0.011646 0.032281
v -0.091770 0.011886 0.029834
v -0.091208 0.011552 0.029965
v -0.090514 0.011804 0.027529
v -0.091133 0.012052 0.027357
v -0.090495 0.012219 0.024879
v -0.089820 0.012056 0.025092
v -0.089701 0.010476 0.043116
v -0.091364 0.009550 0.043082
v -0.090839 0.009994 0.040641
v -0.089476 0.010809 0.040685
v -0.089093 0.011200 0.038193
v -0.090330 0.010467 0.038160
v -0.089822 0.010940 0.035679
v -0.088710 0.011592 0.035700
v -0.088289 0.011807 0.033215
v -0.089397 0.011160 0.033192
v -0.088973 0.011379 0.030705
v -0.087867 0.012021 0.030729
v -0.087406 0.012306 0.028257
v -0.088478 0.011676 0.028226
v -0.087983 0.011974 0.025747
v -0.086945 0.012591 0.025786
v -0.079964 0.015710 0.024285
v -0.080746 0.015316 0.024279
v -0.080666 0.015543 0.021741
v -0.079867 0.015954 0.021834
v -0.078504 0.016696 0.024272
v -0.079182 0.016104 0.024292
v -0.079068 0.016364 0.021928
v -0.078389 0.016987 0.021870
v -0.081649 0.015277 0.024216
v -0.082551 0.015238 0.024154
v -0.082500 0.015319 0.021694
v -0.081583 0.015431 0.021717
v -0.077251 0.018022 0.024151
v -0.077826 0.017289 0.024253
v -0.077709 0.017609 0.021812
v -0.076932 0.018482 0.021877
v -0.075904 0.015651 0.042532
v -0.076563 0.014950 0.042978
v -0.076810 0.015227 0.040866
v -0.076195 0.015989 0.040738
v -0.076592 0.016349 0.038427
v -0.076988 0.016708 0.036116
v -0.076532 0.017366 0.035995
v -0.076056 0.017058 0.038303
v -0.077247 0.016964 0.033668
v -0.076838 0.017599 0.033491
v -0.077538 0.017391 0.028823
v -0.077905 0.016788 0.029074
v -0.077943 0.016969 0.026694
v -0.077570 0.017562 0.026425
v -0.083872 0.012711 0.043369
v -0.085036 0.012819 0.043461
v -0.084296 0.013641 0.041282
v -0.083330 0.013349 0.041106
v -0.083048 0.013738 0.038695
v -0.084053 0.013981 0.038820
v -0.083810 0.014320 0.036359
v -0.082767 0.014127 0.036283
v -0.082463 0.014353 0.033896
v -0.083462 0.014496 0.033924
v -0.083114 0.014672 0.031489
v -0.082159 0.014580 0.031509
v -0.081937 0.014851 0.029112
v -0.082858 0.014914 0.029051
v -0.082603 0.015157 0.026614
v -0.081714 0.015122 0.026715
v -0.078112 0.014122 0.043077
v -0.079661 0.013294 0.043176
v -0.079677 0.013780 0.040855
v -0.078244 0.014504 0.040861
v -0.078391 0.014953 0.038519
v -0.079655 0.014267 0.038487
v -0.079634 0.014755 0.036119
v -0.078539 0.015403 0.036178
v -0.078610 0.015681 0.033802
v -0.079563 0.015032 0.033759
v -0.079493 0.015310 0.031399
v -0.078680 0.015959 0.031427
v -0.078649 0.016183 0.029051
v -0.079394 0.015577 0.029028
v -0.079296 0.015843 0.026656
v -0.078619 0.016406 0.026675
v -0.081184 0.012948 0.043226
v -0.082707 0.012603 0.043276
v -0.082363 0.013057 0.040930
v -0.081020 0.013418 0.040893
v -0.080849 0.013882 0.038528
v -0.082044 0.013496 0.038569
v -0.081724 0.013935 0.036208
v -0.080679 0.014345 0.036164
v -0.080514 0.014622 0.033814
v -0.081464 0.014211 0.033869
v -0.081205 0.014487 0.031529
v -0.080349 0.014899 0.031464
v -0.080205 0.015182 0.029100
v -0.081015 0.014788 0.029173
v -0.080826 0.015088 0.026817
v -0.080061 0.015466 0.026737
v -0.071383 0.021085 0.023060
v -0.072930 0.020052 0.023760
v -0.073256 0.019918 0.022318
v -0.071705 0.020983 0.021179
v -0.069060 0.023427 0.021998
v -0.069836 0.022118 0.022360
v -0.070155 0.022049 0.020041
v -0.069404 0.023309 0.019680
v -0.066615 0.021979 0.040522
v -0.067429 0.020713 0.040789
v -0.067858 0.021050 0.038531
v -0.067031 0.022335 0.038240
v -0.067392 0.022629 0.035938
v -0.068244 0.021328 0.036253
v -0.068629 0.021605 0.033975
v -0.067753 0.022923 0.033637
v -0.068000 0.023137 0.031304
v -0.068893 0.021776 0.031656
v -0.069156 0.021947 0.029337
v -0.068247 0.023351 0.028971
v -0.068482 0.023448 0.026643
v -0.069337 0.022067 0.027008
v -0.069518 0.022187 0.024680
v -0.068716 0.023544 0.024316
v -0.069730 0.019864 0.040913
v -0.072031 0.019016 0.041036
v -0.071879 0.019841 0.039048
v -0.069869 0.020445 0.038790
v -0.070019 0.020620 0.036565
v -0.071794 0.019912 0.036878
v -0.071709 0.019984 0.034707
v -0.070169 0.020794 0.034341
v -0.070358 0.020943 0.031977
v -0.071824 0.020110 0.032298
v -0.071939 0.020237 0.029889
v -0.070548 0.021092 0.029613
v -0.070804 0.021139 0.027277
v -0.072272 0.020211 0.027546
v -0.072605 0.020186 0.025202
v -0.071061 0.021187 0.024941
v -0.093321 0.011523 0.014975
v -0.094096 0.011550 0.014503
v -0.093075 0.011846 0.011432
v -0.092306 0.011922 0.011905
v -0.099414 0.012538 0.011189
v -0.100431 0.012861 0.010277
v -0.099382 0.013339 0.007257
v -0.098379 0.012984 0.008158
v -0.094838 0.011831 0.014224
v -0.095580 0.012112 0.013946
v -0.094665 0.012182 0.010727
v -0.093870 0.012014 0.011080
v -0.100900 0.013381 0.009964
v -0.101368 0.013901 0.009652
v -0.100174 0.014162 0.006674
v -0.099778 0.013750 0.006966
v -0.091596 0.012036 0.015678
v -0.092545 0.011495 0.015447
v -0.091538 0.011998 0.012379
v -0.090616 0.012615 0.012611
v -0.097667 0.012419 0.012837
v -0.098397 0.012216 0.012101
v -0.097377 0.012629 0.009058
v -0.096508 0.012777 0.009643
v -0.096259 0.012367 0.013760
v -0.096938 0.012623 0.013573
v -0.095639 0.012926 0.010228
v -0.095152 0.012554 0.010477
v -0.085265 0.013957 0.017292
v -0.086329 0.013172 0.017214
v -0.085684 0.013847 0.013645
v -0.084669 0.014633 0.013855
v -0.088265 0.012969 0.016632
v -0.089006 0.012956 0.016506
v -0.088353 0.013307 0.012894
v -0.087614 0.013483 0.013046
v -0.086926 0.013077 0.016986
v -0.087523 0.012983 0.016757
v -0.086875 0.013659 0.013198
v -0.086279 0.013753 0.013421
v -0.089827 0.012766 0.016208
v -0.090629 0.012263 0.019546
v -0.081511 0.015663 0.018111
v -0.082403 0.015459 0.018067
v -0.082306 0.015600 0.014440
v -0.081439 0.015894 0.014505
v -0.078348 0.017323 0.018272
v -0.079045 0.016729 0.018331
v -0.079023 0.017094 0.014734
v -0.078308 0.017660 0.014674
v -0.076829 0.018587 0.018253
v -0.077652 0.017917 0.018213
v -0.077594 0.018225 0.014614
v -0.076726 0.018692 0.014630
v -0.079832 0.016298 0.018243
v -0.080619 0.015866 0.018155
v -0.080573 0.016189 0.014570
v -0.079798 0.016641 0.014652
v -0.083302 0.015101 0.017719
v -0.083624 0.014692 0.021184
v -0.071913 0.020995 0.017482
v -0.073212 0.019990 0.018219
v -0.073169 0.020061 0.014121
v -0.072120 0.021006 0.013786
v -0.069853 0.023090 0.016430
v -0.070613 0.021999 0.016746
v -0.071071 0.021950 0.013450
v -0.070301 0.022870 0.013180
v -0.074609 0.019624 0.018256
v -0.074705 0.019637 0.022129
v -0.076040 0.018882 0.009897
v -0.076932 0.018473 0.009897
v -0.076270 0.018721 0.005181
v -0.075353 0.019071 0.005164
v -0.070473 0.022661 0.008758
v -0.071071 0.022030 0.008939
v -0.071071 0.022109 0.004428
v -0.070644 0.022452 0.004335
v -0.072039 0.021186 0.009220
v -0.073007 0.020342 0.009502
v -0.072846 0.020624 0.004883
v -0.071958 0.021366 0.004655
v -0.095199 0.013056 0.005159
v -0.095934 0.013052 0.004651
v -0.094492 0.013475 0.000245
v -0.093890 0.013335 0.000676
v -0.093918 0.012784 0.005949
v -0.094464 0.013060 0.005668
v -0.093288 0.013194 0.001107
v -0.092684 0.013014 0.001421
v -0.088089 0.013504 0.008101
v -0.088829 0.013434 0.007967
v -0.087964 0.013636 0.003091
v -0.087155 0.013738 0.003332
v -0.096707 0.013297 0.004014
v -0.097479 0.013543 0.003376
v -0.095576 0.013747 -0.000505
v -0.095034 0.013611 -0.000130
v -0.085302 0.014113 0.008716
v -0.085924 0.013945 0.008539
v -0.084973 0.014231 0.003880
v -0.084325 0.014473 0.004010
v -0.097992 0.013893 0.003047
v -0.098504 0.014243 0.002718
v -0.096834 0.014325 -0.001238
v -0.096205 0.014036 -0.000872
v -0.086637 0.013759 0.008387
v -0.087350 0.013573 0.008234
v -0.086346 0.013840 0.003574
v -0.085659 0.014035 0.003727
v -0.077600 0.017952 0.009921
v -0.078268 0.017431 0.009944
v -0.077513 0.017768 0.005154
v -0.076892 0.018244 0.005168
v -0.089606 0.012970 0.007833
v -0.090383 0.012506 0.007698
v -0.089229 0.013013 0.003017
v -0.088596 0.013325 0.003054
v -0.083731 0.014918 0.009095
v -0.084680 0.014281 0.008893
v -0.083677 0.014715 0.004140
v -0.082794 0.015202 0.004334
v -0.078992 0.016970 0.009874
v -0.079715 0.016509 0.009805
v -0.078858 0.016830 0.005039
v -0.078185 0.017299 0.005097
v -0.074077 0.019816 0.009699
v -0.075147 0.019291 0.009896
v -0.074437 0.019422 0.005146
v -0.073641 0.020023 0.005015
v -0.091084 0.012411 0.007295
v -0.091784 0.012317 0.006891
v -0.090493 0.012788 0.002350
v -0.089861 0.012901 0.002684
v -0.082063 0.015694 0.009471
v -0.082782 0.015555 0.009297
v -0.081910 0.015690 0.004527
v -0.081146 0.015879 0.004690
v -0.080530 0.016172 0.009725
v -0.081344 0.015834 0.009646
v -0.080382 0.016069 0.004852
v -0.079620 0.016449 0.004946
v -0.092578 0.012413 0.006561
v -0.093373 0.012508 0.006231
v -0.092081 0.012835 0.001734
v -0.091287 0.012812 0.002042
v -0.092841 0.013340 -0.003560
v -0.093446 0.013457 -0.003964
v -0.092401 0.013439 -0.008174
v -0.091791 0.013345 -0.007797
v -0.080429 0.015873 0.000515
v -0.081125 0.015671 0.000366
v -0.080340 0.015652 -0.003794
v -0.079712 0.015867 -0.003659
v -0.084881 0.014106 -0.000477
v -0.085556 0.013925 -0.000609
v -0.084767 0.014010 -0.004793
v -0.084103 0.014176 -0.004681
v -0.093905 0.013562 -0.004233
v -0.094364 0.013667 -0.004501
v -0.093151 0.013587 -0.008496
v -0.092776 0.013513 -0.008335
v -0.070799 0.022133 0.000284
v -0.071087 0.021691 0.000323
v -0.071104 0.021273 -0.003781
v -0.070955 0.021814 -0.003766
v -0.082038 0.015231 0.000158
v -0.082951 0.014790 -0.000051
v -0.082225 0.014866 -0.004243
v -0.081282 0.015259 -0.004018
v -0.094965 0.013907 -0.004859
v -0.095567 0.014146 -0.005217
v -0.094299 0.013968 -0.009197
v -0.093725 0.013777 -0.008847
v -0.071843 0.021019 0.000517
v -0.072599 0.020346 0.000711
v -0.072352 0.020068 -0.003460
v -0.071728 0.020671 -0.003621
v -0.086268 0.013789 -0.000776
v -0.086980 0.013653 -0.000943
v -0.085996 0.013670 -0.004977
v -0.085382 0.013840 -0.004885
v -0.087703 0.013358 -0.001080
v -0.088425 0.013063 -0.001218
v -0.087621 0.013112 -0.005452
v -0.086809 0.013391 -0.005215
v -0.073321 0.019773 0.000820
v -0.074042 0.019200 0.000928
v -0.073648 0.018978 -0.003291
v -0.073000 0.019523 -0.003376
v -0.076254 0.018099 0.000952
v -0.076920 0.017651 0.000968
v -0.076327 0.017533 -0.003219
v -0.075617 0.017953 -0.003264
v -0.089006 0.012980 -0.001553
v -0.089587 0.012898 -0.001889
v -0.088681 0.013007 -0.006128
v -0.088151 0.013060 -0.005790
v -0.077570 0.017209 0.000913
v -0.078220 0.016767 0.000859
v -0.077582 0.016705 -0.003321
v -0.076954 0.017119 -0.003270
v -0.090316 0.012935 -0.002205
v -0.091046 0.012973 -0.002520
v -0.090011 0.013110 -0.006775
v -0.089346 0.013059 -0.006452
v -0.078977 0.016421 0.000762
v -0.079733 0.016075 0.000665
v -0.079084 0.016082 -0.003523
v -0.078333 0.016394 -0.003422
v -0.091640 0.013098 -0.002838
v -0.092235 0.013223 -0.003156
v -0.091182 0.013251 -0.007419
v -0.090596 0.013181 -0.007097
v -0.074816 0.018873 0.000932
v -0.075589 0.018546 0.000936
v -0.074908 0.018372 -0.003310
v -0.074278 0.018675 -0.003300
v -0.083579 0.014539 -0.000198
v -0.084206 0.014287 -0.000345
v -0.083440 0.014343 -0.004570
v -0.082832 0.014605 -0.004406
v -0.076564 0.015643 -0.013895
v -0.077269 0.015316 -0.013954
v -0.076680 0.015100 -0.017438
v -0.076004 0.015442 -0.017394
v -0.088998 0.013038 -0.016778
v -0.089584 0.013101 -0.017068
v -0.089055 0.013022 -0.020284
v -0.088470 0.012934 -0.020004
v -0.073211 0.017781 -0.013867
v -0.073656 0.017460 -0.013868
v -0.073286 0.017246 -0.017401
v -0.072895 0.017548 -0.017399
v -0.081232 0.013853 -0.014536
v -0.082005 0.013643 -0.014661
v -0.081529 0.013433 -0.018026
v -0.080709 0.013641 -0.017916
v -0.090167 0.013204 -0.017386
v -0.090750 0.013308 -0.017704
v -0.090201 0.013254 -0.020881
v -0.089628 0.013138 -0.020583
v -0.077956 0.015019 -0.014016
v -0.078644 0.014721 -0.014079
v -0.078084 0.014433 -0.017510
v -0.077382 0.014766 -0.017474
v -0.082551 0.013568 -0.014727
v -0.083098 0.013492 -0.014792
v -0.082536 0.013272 -0.018122
v -0.082033 0.013353 -0.018074
v -0.091073 0.013386 -0.017828
v -0.091396 0.013463 -0.017952
v -0.090811 0.013423 -0.021103
v -0.090506 0.013339 -0.020992
v -0.070893 0.020057 -0.014247
v -0.071133 0.019655 -0.014159
v -0.071183 0.019151 -0.017623
v -0.070933 0.019461 -0.017758
v -0.079552 0.014392 -0.014245
v -0.080460 0.014063 -0.014411
v -0.079889 0.013849 -0.017807
v -0.078986 0.014141 -0.017659
v -0.091771 0.013754 -0.018179
v -0.092145 0.014045 -0.018407
v -0.091445 0.013926 -0.021507
v -0.091128 0.013675 -0.021305
v -0.071508 0.019256 -0.014077
v -0.071883 0.018856 -0.013995
v -0.071778 0.018503 -0.017515
v -0.071481 0.018827 -0.017569
v -0.083685 0.013342 -0.014811
v -0.084273 0.013191 -0.014829
v -0.083692 0.013012 -0.018111
v -0.083114 0.013142 -0.018116
v -0.085061 0.013068 -0.015037
v -0.085848 0.012945 -0.015245
v -0.085257 0.012855 -0.018509
v -0.084474 0.012933 -0.018310
v -0.072324 0.018479 -0.013931
v -0.072766 0.018102 -0.013866
v -0.072503 0.017850 -0.017398
v -0.072141 0.018176 -0.017456
v -0.074233 0.017101 -0.013854
v -0.074809 0.016742 -0.013840
v -0.074338 0.016529 -0.017391
v -0.073812 0.016887 -0.017396
v -0.086382 0.012929 -0.015535
v -0.086916 0.012913 -0.015826
v -0.086330 0.012796 -0.019056
v -0.085793 0.012825 -0.018782
v -0.075334 0.016355 -0.013838
v -0.075859 0.015969 -0.013835
v -0.075328 0.015785 -0.017351
v -0.074833 0.016157 -0.017371
v -0.087664 0.012943 -0.016157
v -0.088412 0.012974 -0.016487
v -0.087885 0.012847 -0.019725
v -0.087107 0.012821 -0.019390
v -0.078668 0.013532 -0.027164
v -0.079532 0.013315 -0.027299
v -0.079434 0.013247 -0.030470
v -0.078585 0.013436 -0.030338
v -0.089602 0.013470 -0.030032
v -0.089914 0.013661 -0.030272
v -0.089505 0.013530 -0.033209
v -0.089152 0.013362 -0.032949
v -0.071507 0.017642 -0.027049
v -0.071788 0.017364 -0.026989
v -0.071765 0.016958 -0.030144
v -0.071478 0.017215 -0.030204
v -0.082368 0.012743 -0.027523
v -0.082938 0.012662 -0.027610
v -0.082697 0.012634 -0.030780
v -0.082133 0.012688 -0.030663
v -0.083657 0.012651 -0.027731
v -0.084376 0.012641 -0.027851
v -0.084083 0.012572 -0.030965
v -0.083390 0.012603 -0.030873
v -0.072120 0.017088 -0.026941
v -0.072451 0.016812 -0.026892
v -0.072419 0.016448 -0.030055
v -0.072092 0.016703 -0.030099
v -0.073639 0.015936 -0.026866
v -0.074102 0.015605 -0.026858
v -0.074029 0.015304 -0.030015
v -0.073577 0.015612 -0.030022
v -0.084880 0.012624 -0.028056
v -0.085383 0.012608 -0.028261
v -0.085068 0.012531 -0.031329
v -0.084575 0.012552 -0.031147
v -0.074595 0.015293 -0.026847
v -0.075087 0.014982 -0.026835
v -0.075060 0.014786 -0.030005
v -0.074545 0.015045 -0.030010
v -0.086015 0.012664 -0.028420
v -0.086647 0.012721 -0.028579
v -0.086237 0.012660 -0.031531
v -0.085652 0.012596 -0.031430
v -0.075676 0.014671 -0.026862
v -0.076266 0.014360 -0.026889
v -0.076144 0.014139 -0.030042
v -0.075602 0.014463 -0.030023
v -0.087191 0.012806 -0.028801
v -0.087735 0.012891 -0.029023
v -0.087299 0.012821 -0.031936
v -0.086768 0.012740 -0.031733
v -0.072814 0.016540 -0.026883
v -0.073176 0.016267 -0.026873
v -0.073124 0.015919 -0.030028
v -0.072771 0.016183 -0.030041
v -0.080247 0.013169 -0.027434
v -0.080962 0.013022 -0.027570
v -0.080782 0.012926 -0.030753
v -0.080108 0.013086 -0.030611
v -0.088187 0.012986 -0.029270
v -0.088639 0.013081 -0.029518
v -0.088125 0.012997 -0.032397
v -0.087712 0.012909 -0.032167
v -0.077035 0.014054 -0.026959
v -0.077804 0.013748 -0.027028
v -0.077736 0.013625 -0.030207
v -0.076940 0.013882 -0.030124
v -0.081381 0.012923 -0.027503
v -0.081799 0.012824 -0.027436
v -0.081570 0.012743 -0.030545
v -0.081176 0.012834 -0.030649
v -0.088964 0.013180 -0.029655
v -0.089290 0.013279 -0.029792
v -0.088799 0.013193 -0.032690
v -0.088462 0.013095 -0.032543
v -0.071072 0.018213 -0.027153
v -0.071225 0.017921 -0.027108
v -0.071192 0.017472 -0.030264
v -0.071062 0.017816 -0.030289
v -0.084139 0.007520 0.077182
v -0.084082 0.007303 0.074909
v -0.082412 0.007197 0.075237
v -0.082559 0.007388 0.077579
v -0.062619 0.012612 0.080377
v -0.062387 0.012494 0.077096
v -0.060980 0.013525 0.077477
v -0.061205 0.013683 0.080935
v -0.065882 0.010484 0.079101
v -0.065816 0.010404 0.076282
v -0.063793 0.011462 0.076716
v -0.064033 0.011541 0.079819
v -0.059930 0.015503 0.081553
v -0.059503 0.015254 0.078048
v -0.058025 0.016984 0.078619
v -0.058655 0.017324 0.082171
v -0.072414 0.008452 0.078588
v -0.072467 0.008590 0.076280
v -0.070699 0.009041 0.076132
v -0.070527 0.008952 0.078631
v -0.069129 0.009189 0.078507
v -0.069279 0.009306 0.076129
v -0.067840 0.009346 0.075849
v -0.067731 0.009427 0.078382
v -0.081027 0.007409 0.077945
v -0.080886 0.007258 0.075541
v -0.079360 0.007320 0.075845
v -0.079495 0.007430 0.078312
v -0.076897 0.007691 0.078428
v -0.076789 0.007618 0.075999
v -0.074217 0.007916 0.076152
v -0.074300 0.007952 0.078545
v -0.091702 0.007063 0.075819
v -0.091289 0.006853 0.074205
v -0.089387 0.007175 0.074161
v -0.089650 0.007394 0.075716
v -0.087685 0.007523 0.076250
v -0.087570 0.007292 0.074371
v -0.085752 0.007409 0.074581
v -0.085720 0.007651 0.076784
v -0.096518 0.006022 0.076084
v -0.095940 0.005878 0.074330
v -0.093190 0.006531 0.074250
v -0.093755 0.006731 0.075923
v -0.134000 0.008168 0.053870
v -0.135503 0.008510 0.055720
v -0.137103 0.009932 0.054687
v -0.135523 0.009275 0.052784
v -0.130852 0.006634 0.055975
v -0.132071 0.006493 0.057611
v -0.133903 0.007087 0.056754
v -0.132477 0.007060 0.054956
v -0.127791 0.006239 0.057805
v -0.128889 0.005839 0.059250
v -0.130239 0.005899 0.058468
v -0.129226 0.006209 0.056993
v -0.125644 0.006294 0.059238
v -0.126643 0.005788 0.060683
v -0.127539 0.005778 0.060032
v -0.126355 0.006270 0.058617
v -0.123869 0.006380 0.060445
v -0.124731 0.005926 0.062034
v -0.125748 0.005798 0.061335
v -0.124932 0.006317 0.059860
v -0.120708 0.006124 0.062410
v -0.121555 0.005870 0.063992
v -0.123715 0.006054 0.062733
v -0.122806 0.006444 0.061029
v -0.104759 0.005298 0.070195
v -0.105315 0.005192 0.071726
v -0.107451 0.005387 0.070735
v -0.106926 0.005584 0.069288
v -0.116044 0.005568 0.065038
v -0.116761 0.005413 0.066531
v -0.119395 0.005687 0.065251
v -0.118610 0.005804 0.063790
v -0.111727 0.005360 0.067101
v -0.112308 0.005177 0.068561
v -0.114127 0.005138 0.067811
v -0.113479 0.005332 0.066285
v -0.108450 0.005487 0.068602
v -0.108970 0.005302 0.070024
v -0.110489 0.005217 0.069312
v -0.109974 0.005389 0.067916
v -0.101519 0.005172 0.075288
v -0.100934 0.005111 0.073563
v -0.098689 0.005226 0.074409
v -0.099281 0.005312 0.076245
v -0.071008 0.019035 -0.020888
v -0.071220 0.018760 -0.020788
v -0.071258 0.018369 -0.023952
v -0.071083 0.018609 -0.024018
v -0.089986 0.013302 -0.023879
v -0.090296 0.013394 -0.023999
v -0.089781 0.013364 -0.026894
v -0.089467 0.013265 -0.026766
v -0.081809 0.013183 -0.021215
v -0.082282 0.013089 -0.021224
v -0.082028 0.012906 -0.024327
v -0.081585 0.013013 -0.024356
v -0.077256 0.014496 -0.020633
v -0.077978 0.014153 -0.020680
v -0.077872 0.013872 -0.023849
v -0.077130 0.014226 -0.023793
v -0.089145 0.013101 -0.023478
v -0.089677 0.013210 -0.023760
v -0.089153 0.013166 -0.026638
v -0.088662 0.013063 -0.026374
v -0.080548 0.013446 -0.021087
v -0.081336 0.013276 -0.021206
v -0.081143 0.013119 -0.024386
v -0.080387 0.013251 -0.024258
v -0.072875 0.017222 -0.020562
v -0.073257 0.016930 -0.020560
v -0.073229 0.016615 -0.023718
v -0.072856 0.016896 -0.023724
v -0.088042 0.012903 -0.022936
v -0.088613 0.012991 -0.023197
v -0.088170 0.012961 -0.026110
v -0.087614 0.012871 -0.025869
v -0.075877 0.015161 -0.020548
v -0.076534 0.014840 -0.020587
v -0.076388 0.014580 -0.023736
v -0.075751 0.014879 -0.023701
v -0.086743 0.012777 -0.022400
v -0.087471 0.012814 -0.022676
v -0.087058 0.012782 -0.025628
v -0.086378 0.012733 -0.025410
v -0.074739 0.015849 -0.020527
v -0.075221 0.015482 -0.020508
v -0.075114 0.015178 -0.023666
v -0.074644 0.015542 -0.023683
v -0.085489 0.012761 -0.021874
v -0.086014 0.012741 -0.022125
v -0.085699 0.012685 -0.025193
v -0.085184 0.012697 -0.024965
v -0.073757 0.016574 -0.020553
v -0.074256 0.016217 -0.020546
v -0.074175 0.015906 -0.023701
v -0.073702 0.016260 -0.023710
v -0.072144 0.017825 -0.020619
v -0.072494 0.017513 -0.020563
v -0.072484 0.017176 -0.023729
v -0.072148 0.017473 -0.023782
v -0.084199 0.012817 -0.021449
v -0.084963 0.012782 -0.021623
v -0.084670 0.012710 -0.024737
v -0.083924 0.012700 -0.024589
v -0.082859 0.012970 -0.021250
v -0.083435 0.012851 -0.021276
v -0.083178 0.012690 -0.024440
v -0.082603 0.012798 -0.024383
v -0.071508 0.018448 -0.020731
v -0.071795 0.018136 -0.020675
v -0.071812 0.017770 -0.023835
v -0.071535 0.018070 -0.023894
v -0.090590 0.013626 -0.024210
v -0.090884 0.013859 -0.024421
v -0.090324 0.013792 -0.027336
v -0.090052 0.013578 -0.027115
v -0.078869 0.013884 -0.020824
v -0.079760 0.013616 -0.020968
v -0.079631 0.013382 -0.024129
v -0.078751 0.013627 -0.023989
v -0.088784 0.013062 -0.009687
v -0.089475 0.013106 -0.010012
v -0.088940 0.013102 -0.013250
v -0.088221 0.013065 -0.012923
v -0.076395 0.016836 -0.006787
v -0.076986 0.016429 -0.006820
v -0.076390 0.016153 -0.010319
v -0.075835 0.016554 -0.010304
v -0.087561 0.013046 -0.009039
v -0.088092 0.013018 -0.009362
v -0.087502 0.013029 -0.012595
v -0.086971 0.013032 -0.012288
v -0.075135 0.017633 -0.006788
v -0.075803 0.017244 -0.006754
v -0.075280 0.016955 -0.010289
v -0.074653 0.017314 -0.010312
v -0.072754 0.019152 -0.006890
v -0.073338 0.018666 -0.006813
v -0.073028 0.018354 -0.010334
v -0.072508 0.018781 -0.010405
v -0.086228 0.013297 -0.008490
v -0.087030 0.013074 -0.008717
v -0.086439 0.013035 -0.011981
v -0.085647 0.013203 -0.011764
v -0.084819 0.013691 -0.008195
v -0.085425 0.013520 -0.008262
v -0.084854 0.013370 -0.011547
v -0.084256 0.013541 -0.011505
v -0.071631 0.020178 -0.007103
v -0.072170 0.019639 -0.006968
v -0.071988 0.019209 -0.010475
v -0.071535 0.019684 -0.010585
v -0.093069 0.013806 -0.011950
v -0.093573 0.014066 -0.012252
v -0.092846 0.014164 -0.015307
v -0.092413 0.013834 -0.015054
v -0.080700 0.014951 -0.007425
v -0.081627 0.014572 -0.007629
v -0.081030 0.014278 -0.011015
v -0.080117 0.014644 -0.010831
v -0.070904 0.021234 -0.007251
v -0.071093 0.020716 -0.007238
v -0.071082 0.020159 -0.010694
v -0.070854 0.020654 -0.010735
v -0.092208 0.013473 -0.011499
v -0.092566 0.013545 -0.011648
v -0.091981 0.013504 -0.014800
v -0.091640 0.013433 -0.014664
v -0.083587 0.013980 -0.008030
v -0.084213 0.013861 -0.008128
v -0.083659 0.013712 -0.011463
v -0.083070 0.013783 -0.011380
v -0.079121 0.015569 -0.007109
v -0.079772 0.015331 -0.007221
v -0.079204 0.015009 -0.010647
v -0.078531 0.015271 -0.010559
v -0.091248 0.013308 -0.010993
v -0.091850 0.013400 -0.011351
v -0.091298 0.013361 -0.014527
v -0.090706 0.013270 -0.014190
v -0.082294 0.014335 -0.007781
v -0.082960 0.014098 -0.007933
v -0.082481 0.013854 -0.011296
v -0.081755 0.014066 -0.011156
v -0.073903 0.018344 -0.006817
v -0.074468 0.018023 -0.006822
v -0.074027 0.017674 -0.010334
v -0.073528 0.018014 -0.010334
v -0.090061 0.013161 -0.010324
v -0.090647 0.013216 -0.010636
v -0.090113 0.013180 -0.013852
v -0.089526 0.013141 -0.013551
v -0.077729 0.016118 -0.006909
v -0.078471 0.015808 -0.006997
v -0.077858 0.015533 -0.010471
v -0.077124 0.015843 -0.010395
v -0.075286 0.014664 0.046650
v -0.073760 0.014361 0.048539
v -0.074961 0.014014 0.048975
v -0.065097 0.019823 0.048674
v -0.065926 0.018620 0.048868
v -0.066337 0.019267 0.046958
v -0.065503 0.020460 0.046737
v -0.071855 0.014983 0.050290
v -0.072052 0.015391 0.048418
v -0.067981 0.017322 0.049362
v -0.070036 0.016023 0.049856
v -0.070345 0.016421 0.048298
v -0.068341 0.017844 0.047628
v -0.086400 0.011477 0.047681
v -0.085814 0.011326 0.049759
v -0.086465 0.011170 0.049693
v -0.081260 0.011471 0.051503
v -0.083001 0.011262 0.051578
v -0.083020 0.011637 0.049603
v -0.081308 0.011915 0.049539
v -0.077759 0.012398 0.051361
v -0.079519 0.011681 0.051428
v -0.079595 0.012193 0.049475
v -0.077878 0.012930 0.049443
v -0.084527 0.011106 0.051781
v -0.084417 0.011481 0.049681
v -0.099250 0.008701 0.044954
v -0.098589 0.008467 0.046828
v -0.099787 0.008355 0.046372
v -0.094456 0.008170 0.050081
v -0.096076 0.008041 0.049483
v -0.095756 0.008420 0.047814
v -0.094138 0.008559 0.048398
v -0.097692 0.008165 0.049051
v -0.097172 0.008444 0.047321
v -0.090873 0.009200 0.051275
v -0.092836 0.008299 0.050678
v -0.092521 0.008698 0.048983
v -0.090453 0.009649 0.049224
v -0.108991 0.009386 0.039462
v -0.108497 0.008692 0.041824
v -0.109786 0.008913 0.041043
v -0.102791 0.008015 0.046727
v -0.103903 0.007799 0.045902
v -0.103424 0.007908 0.044650
v -0.102205 0.008075 0.045283
v -0.105266 0.007843 0.045208
v -0.106630 0.007886 0.044513
v -0.106098 0.008064 0.043264
v -0.104761 0.007986 0.043957
v -0.107857 0.008275 0.043798
v -0.107298 0.008378 0.042544
v -0.112969 0.008991 0.040817
v -0.114136 0.008999 0.039865
v -0.113199 0.009130 0.038708
v -0.112137 0.009132 0.039486
v -0.115430 0.009147 0.038793
v -0.116724 0.009295 0.037722
v -0.115702 0.009447 0.036617
v -0.114450 0.009289 0.037663
v -0.117902 0.009899 0.036930
v -0.119080 0.010503 0.036138
v -0.118043 0.010665 0.035169
v -0.116872 0.010056 0.035893
v -0.076236 0.013564 -0.039945
v -0.077007 0.013357 -0.040044
v -0.076726 0.013092 -0.043316
v -0.075966 0.013318 -0.043212
v -0.080227 0.012780 -0.040457
v -0.080679 0.012731 -0.040448
v -0.080373 0.012577 -0.043751
v -0.079895 0.012616 -0.043725
v -0.087222 0.013127 -0.042252
v -0.087618 0.013243 -0.042355
v -0.087252 0.013116 -0.045584
v -0.086846 0.012981 -0.045497
v -0.070460 0.016944 -0.039865
v -0.070767 0.016630 -0.039938
v -0.070578 0.016296 -0.043156
v -0.070237 0.016626 -0.043054
v -0.077769 0.013181 -0.040163
v -0.078531 0.013006 -0.040282
v -0.078198 0.012804 -0.043544
v -0.077462 0.012948 -0.043430
v -0.087937 0.013487 -0.042491
v -0.088257 0.013732 -0.042628
v -0.087886 0.013771 -0.045774
v -0.087569 0.013444 -0.045679
v -0.071022 0.016408 -0.039902
v -0.071277 0.016186 -0.039866
v -0.071057 0.015859 -0.043098
v -0.070818 0.016078 -0.043127
v -0.081239 0.012703 -0.040559
v -0.081799 0.012674 -0.040670
v -0.081497 0.012515 -0.043967
v -0.080935 0.012546 -0.043859
v -0.082463 0.012650 -0.040785
v -0.083126 0.012625 -0.040901
v -0.082794 0.012479 -0.044214
v -0.082146 0.012497 -0.044091
v -0.071577 0.015952 -0.039828
v -0.071877 0.015719 -0.039790
v -0.071645 0.015407 -0.043027
v -0.071351 0.015633 -0.043063
v -0.073008 0.014983 -0.039776
v -0.073452 0.014721 -0.039777
v -0.073195 0.014404 -0.043021
v -0.072763 0.014674 -0.043019
v -0.083622 0.012610 -0.041071
v -0.084118 0.012594 -0.041241
v -0.083804 0.012442 -0.044550
v -0.083299 0.012461 -0.044382
v -0.073902 0.014473 -0.039772
v -0.074353 0.014226 -0.039766
v -0.074071 0.013967 -0.043012
v -0.073633 0.014185 -0.043017
v -0.084619 0.012635 -0.041376
v -0.085120 0.012676 -0.041512
v -0.084770 0.012484 -0.044849
v -0.084287 0.012463 -0.044700
v -0.074908 0.013999 -0.039806
v -0.075464 0.013772 -0.039845
v -0.075205 0.013544 -0.043108
v -0.074638 0.013755 -0.043060
v -0.085589 0.012744 -0.041693
v -0.086059 0.012811 -0.041874
v -0.085669 0.012630 -0.045194
v -0.085220 0.012557 -0.045022
v -0.072220 0.015482 -0.039783
v -0.072563 0.015245 -0.039775
v -0.072331 0.014943 -0.043016
v -0.071988 0.015175 -0.043022
v -0.079153 0.012918 -0.040374
v -0.079775 0.012829 -0.040465
v -0.079417 0.012655 -0.043698
v -0.078808 0.012729 -0.043621
v -0.086442 0.012911 -0.042011
v -0.086826 0.013010 -0.042149
v -0.086439 0.012845 -0.045410
v -0.086054 0.012738 -0.045302
v -0.087271 0.012996 -0.035444
v -0.087669 0.013086 -0.035642
v -0.087214 0.013175 -0.038888
v -0.086831 0.013084 -0.038721
v -0.079803 0.013096 -0.033869
v -0.080457 0.012964 -0.033993
v -0.080133 0.013003 -0.037233
v -0.079498 0.013106 -0.037127
v -0.072612 0.015986 -0.033292
v -0.072960 0.015733 -0.033281
v -0.072796 0.015548 -0.036534
v -0.072453 0.015789 -0.036544
v -0.086364 0.012835 -0.035049
v -0.086874 0.012907 -0.035245
v -0.086448 0.012993 -0.038554
v -0.085959 0.012930 -0.038364
v -0.075390 0.014353 -0.033288
v -0.075934 0.014070 -0.033313
v -0.075723 0.014001 -0.036583
v -0.075179 0.014243 -0.036552
v -0.085302 0.012701 -0.034742
v -0.085853 0.012763 -0.034853
v -0.085470 0.012867 -0.038174
v -0.084951 0.012806 -0.038053
v -0.074358 0.014903 -0.033268
v -0.074847 0.014636 -0.033262
v -0.074635 0.014486 -0.036520
v -0.074172 0.014762 -0.036527
v -0.084260 0.012655 -0.034453
v -0.084750 0.012639 -0.034631
v -0.084432 0.012746 -0.037932
v -0.083945 0.012759 -0.037760
v -0.073415 0.015452 -0.033278
v -0.073869 0.015171 -0.033274
v -0.073709 0.015037 -0.036534
v -0.073252 0.015293 -0.036534
v -0.071947 0.016487 -0.033346
v -0.072264 0.016239 -0.033304
v -0.072110 0.016030 -0.036553
v -0.071803 0.016271 -0.036593
v -0.083085 0.012703 -0.034176
v -0.083770 0.012672 -0.034276
v -0.083458 0.012771 -0.037587
v -0.082780 0.012802 -0.037480
v -0.081838 0.012774 -0.033961
v -0.082399 0.012733 -0.034077
v -0.082101 0.012833 -0.037373
v -0.081543 0.012859 -0.037259
v -0.071352 0.016977 -0.033440
v -0.071631 0.016735 -0.033389
v -0.071497 0.016512 -0.036633
v -0.071227 0.016739 -0.036677
v -0.088729 0.013446 -0.036126
v -0.089067 0.013611 -0.036345
v -0.088628 0.013692 -0.039481
v -0.088306 0.013531 -0.039304
v -0.078330 0.013425 -0.033617
v -0.079149 0.013228 -0.033745
v -0.078863 0.013209 -0.037021
v -0.078075 0.013415 -0.036896
v -0.070873 0.017538 -0.033482
v -0.071074 0.017218 -0.033492
v -0.070957 0.016965 -0.036720
v -0.070683 0.017261 -0.036676
v -0.088030 0.013184 -0.035775
v -0.088391 0.013282 -0.035908
v -0.087983 0.013370 -0.039126
v -0.087598 0.013272 -0.039007
v -0.080867 0.012889 -0.033919
v -0.081278 0.012814 -0.033845
v -0.080985 0.012886 -0.037145
v -0.080559 0.012944 -0.037189
v -0.076723 0.013846 -0.033401
v -0.077512 0.013623 -0.033489
v -0.077288 0.013621 -0.036772
v -0.076505 0.013811 -0.036677
v -0.071683 0.014291 -0.046604
v -0.072044 0.014096 -0.046611
v -0.071756 0.013248 -0.050206
v -0.071378 0.013406 -0.050186
v -0.078608 0.012436 -0.047303
v -0.079222 0.012387 -0.047382
v -0.079028 0.012119 -0.051065
v -0.078408 0.012143 -0.050984
v -0.085725 0.012579 -0.048982
v -0.086149 0.012684 -0.049099
v -0.085858 0.012523 -0.052788
v -0.085396 0.012421 -0.052663
v -0.075774 0.012811 -0.046882
v -0.076524 0.012641 -0.046991
v -0.076323 0.012189 -0.050666
v -0.075583 0.012303 -0.050553
v -0.079693 0.012362 -0.047407
v -0.080164 0.012337 -0.047433
v -0.079956 0.012096 -0.051114
v -0.079492 0.012107 -0.051090
v -0.086507 0.012810 -0.049182
v -0.086865 0.012935 -0.049265
v -0.086478 0.012754 -0.052947
v -0.086168 0.012639 -0.052867
v -0.069561 0.015785 -0.046470
v -0.069974 0.015388 -0.046519
v -0.069370 0.014480 -0.049882
v -0.068886 0.014944 -0.049885
v -0.077259 0.012563 -0.047107
v -0.077993 0.012486 -0.047224
v -0.077788 0.012167 -0.050904
v -0.077055 0.012178 -0.050785
v -0.087164 0.013194 -0.049349
v -0.087463 0.013452 -0.049432
v -0.087040 0.013132 -0.053090
v -0.086759 0.012943 -0.053019
v -0.070285 0.015150 -0.046529
v -0.070596 0.014912 -0.046539
v -0.070135 0.013965 -0.049981
v -0.069752 0.014223 -0.049931
v -0.080717 0.012329 -0.047540
v -0.081270 0.012322 -0.047648
v -0.081044 0.012129 -0.051329
v -0.080500 0.012112 -0.051222
v -0.081929 0.012310 -0.047772
v -0.082587 0.012297 -0.047896
v -0.082380 0.012116 -0.051579
v -0.081712 0.012122 -0.051454
v -0.070959 0.014699 -0.046568
v -0.071323 0.014486 -0.046597
v -0.071000 0.013565 -0.050167
v -0.070567 0.013765 -0.050074
v -0.072498 0.013880 -0.046630
v -0.072952 0.013664 -0.046649
v -0.072709 0.012923 -0.050277
v -0.072233 0.013086 -0.050241
v -0.083101 0.012270 -0.048059
v -0.083614 0.012244 -0.048222
v -0.083425 0.012045 -0.051895
v -0.082902 0.012080 -0.051737
v -0.073411 0.013519 -0.046661
v -0.073871 0.013375 -0.046673
v -0.073671 0.012784 -0.050333
v -0.073190 0.012854 -0.050305
v -0.084059 0.012264 -0.048367
v -0.084504 0.012284 -0.048511
v -0.084238 0.012083 -0.052173
v -0.083832 0.012064 -0.052034
v -0.074447 0.013178 -0.046723
v -0.075024 0.012981 -0.046774
v -0.074842 0.012418 -0.050439
v -0.074257 0.012601 -0.050386
v -0.084903 0.012379 -0.048689
v -0.085301 0.012475 -0.048866
v -0.084933 0.012319 -0.052538
v -0.084586 0.012201 -0.052356
v -0.080046 0.011405 -0.058360
v -0.080637 0.011437 -0.058476
v -0.080517 0.011142 -0.060899
v -0.079911 0.011111 -0.060780
v -0.081302 0.011464 -0.058603
v -0.081968 0.011490 -0.058730
v -0.081831 0.011233 -0.061153
v -0.081174 0.011187 -0.061026
v -0.069718 0.012488 -0.057072
v -0.070191 0.012332 -0.057178
v -0.070037 0.012030 -0.059592
v -0.069552 0.012180 -0.059485
v -0.071490 0.011929 -0.057270
v -0.071970 0.011801 -0.057311
v -0.071791 0.011515 -0.059723
v -0.071323 0.011646 -0.059684
v -0.082516 0.011522 -0.058897
v -0.083065 0.011553 -0.059064
v -0.082931 0.011355 -0.061495
v -0.082381 0.011294 -0.061324
v -0.072500 0.011738 -0.057348
v -0.073029 0.011675 -0.057385
v -0.072875 0.011355 -0.059798
v -0.072333 0.011435 -0.059760
v -0.083372 0.011628 -0.059193
v -0.083679 0.011704 -0.059322
v -0.083484 0.011555 -0.061746
v -0.083207 0.011455 -0.061620
v -0.073630 0.011509 -0.057446
v -0.074231 0.011343 -0.057506
v -0.074075 0.010980 -0.059912
v -0.073475 0.011168 -0.059855
v -0.084081 0.011799 -0.059499
v -0.084483 0.011894 -0.059677
v -0.084313 0.011770 -0.062092
v -0.083899 0.011663 -0.061919
v -0.070601 0.012195 -0.057203
v -0.071011 0.012057 -0.057228
v -0.070856 0.011777 -0.059645
v -0.070446 0.011903 -0.059618
v -0.077918 0.011327 -0.058119
v -0.078555 0.011342 -0.058209
v -0.078424 0.011000 -0.060629
v -0.077783 0.010987 -0.060538
v -0.084933 0.012027 -0.059776
v -0.085383 0.012160 -0.059876
v -0.085159 0.012158 -0.062267
v -0.084736 0.011964 -0.062180
v -0.074967 0.011333 -0.057638
v -0.075704 0.011324 -0.057770
v -0.075538 0.011008 -0.060185
v -0.074807 0.010994 -0.060048
v -0.079005 0.011357 -0.058227
v -0.079455 0.011373 -0.058244
v -0.079305 0.011080 -0.060662
v -0.078864 0.011040 -0.060646
v -0.085580 0.012290 -0.059939
v -0.085778 0.012419 -0.060002
v -0.085456 0.012381 -0.062372
v -0.085308 0.012269 -0.062319
v -0.067908 0.013491 -0.056837
v -0.068396 0.012999 -0.056836
v -0.068220 0.012672 -0.059252
v -0.067814 0.013153 -0.059246
v -0.076492 0.011318 -0.057900
v -0.077280 0.011313 -0.058030
v -0.077142 0.010973 -0.060447
v -0.076340 0.010991 -0.060316
v -0.085955 0.012577 -0.060049
v -0.086133 0.012734 -0.060096
v -0.085688 0.012654 -0.062430
v -0.085572 0.012518 -0.062401
v -0.068821 0.012822 -0.056901
v -0.069246 0.012644 -0.056967
v -0.069066 0.012331 -0.059378
v -0.068643 0.012502 -0.059315
v -0.069375 0.013682 -0.052209
v -0.069780 0.013461 -0.052268
v -0.069426 0.012957 -0.054555
v -0.068998 0.013142 -0.054487
v -0.086548 0.012789 -0.055358
v -0.086808 0.012973 -0.055427
v -0.086577 0.012814 -0.057763
v -0.086338 0.012636 -0.057697
v -0.076849 0.011912 -0.053135
v -0.077603 0.011910 -0.053258
v -0.077419 0.011652 -0.055613
v -0.076644 0.011646 -0.055484
v -0.068444 0.014386 -0.052157
v -0.068970 0.013903 -0.052150
v -0.068571 0.013326 -0.054419
v -0.068002 0.013829 -0.054428
v -0.086011 0.012474 -0.055213
v -0.086288 0.012606 -0.055289
v -0.086099 0.012457 -0.057631
v -0.085853 0.012310 -0.057558
v -0.079319 0.011891 -0.053449
v -0.079781 0.011881 -0.053470
v -0.079606 0.011666 -0.055826
v -0.079146 0.011675 -0.055808
v -0.075355 0.011988 -0.052890
v -0.076096 0.011914 -0.053011
v -0.075869 0.011639 -0.055356
v -0.075128 0.011672 -0.055227
v -0.085263 0.012256 -0.055018
v -0.085733 0.012343 -0.055137
v -0.085608 0.012163 -0.057485
v -0.085130 0.012090 -0.057373
v -0.078230 0.011906 -0.053343
v -0.078857 0.011901 -0.053427
v -0.078686 0.011683 -0.055789
v -0.078052 0.011668 -0.055701
v -0.071067 0.012946 -0.052487
v -0.071461 0.012793 -0.052509
v -0.071166 0.012337 -0.054812
v -0.070755 0.012486 -0.054788
v -0.084425 0.012068 -0.054718
v -0.084793 0.012169 -0.054900
v -0.084653 0.012018 -0.057262
v -0.084264 0.011935 -0.057080
v -0.074021 0.012225 -0.052711
v -0.074615 0.012062 -0.052769
v -0.074387 0.011706 -0.055099
v -0.073785 0.011850 -0.055036
v -0.083684 0.011933 -0.054400
v -0.084057 0.011968 -0.054536
v -0.083875 0.011853 -0.056898
v -0.083537 0.011802 -0.056766
v -0.072928 0.012447 -0.052620
v -0.073427 0.012389 -0.052653
v -0.073183 0.011994 -0.054973
v -0.072666 0.012041 -0.054936
v -0.082777 0.011915 -0.054103
v -0.083312 0.011898 -0.054264
v -0.083199 0.011751 -0.056633
v -0.082652 0.011749 -0.056470
v -0.071945 0.012649 -0.052548
v -0.072429 0.012505 -0.052588
v -0.072149 0.012087 -0.054899
v -0.071657 0.012212 -0.054855
v -0.070226 0.013280 -0.052367
v -0.070672 0.013099 -0.052465
v -0.070344 0.012634 -0.054764
v -0.069885 0.012796 -0.054660
v -0.081572 0.011931 -0.053817
v -0.082242 0.011932 -0.053942
v -0.082105 0.011748 -0.056306
v -0.081431 0.011740 -0.056180
v -0.080341 0.011906 -0.053581
v -0.080901 0.011931 -0.053692
v -0.080758 0.011733 -0.056054
v -0.080182 0.011699 -0.055940
v -0.078491 0.010871 -0.063365
v -0.078930 0.010913 -0.063381
v -0.078556 0.010746 -0.066100
v -0.078117 0.010703 -0.066084
v -0.084434 0.012292 -0.064771
v -0.084560 0.012407 -0.064798
v -0.083663 0.012434 -0.067225
v -0.083560 0.012314 -0.067222
v -0.068186 0.012909 -0.061810
v -0.068500 0.012500 -0.061876
v -0.068780 0.012328 -0.064500
v -0.068559 0.012665 -0.064374
v -0.075969 0.010837 -0.063034
v -0.076770 0.010792 -0.063167
v -0.076399 0.010610 -0.065888
v -0.075597 0.010683 -0.065751
v -0.084653 0.012542 -0.064812
v -0.084746 0.012677 -0.064826
v -0.083803 0.012701 -0.067222
v -0.083733 0.012567 -0.067223
v -0.068803 0.012361 -0.061964
v -0.069106 0.012222 -0.062053
v -0.069145 0.012113 -0.064727
v -0.068962 0.012221 -0.064613
v -0.079537 0.010960 -0.063499
v -0.080144 0.011007 -0.063617
v -0.079771 0.010871 -0.066336
v -0.079163 0.010809 -0.066218
v -0.080798 0.011066 -0.063741
v -0.081452 0.011126 -0.063865
v -0.081074 0.011019 -0.066578
v -0.080422 0.010945 -0.066457
v -0.069529 0.012069 -0.062197
v -0.069951 0.011916 -0.062341
v -0.069865 0.011802 -0.065090
v -0.069505 0.011957 -0.064909
v -0.071129 0.011576 -0.062423
v -0.071539 0.011460 -0.062453
v -0.071287 0.011404 -0.065184
v -0.070934 0.011506 -0.065163
v -0.081950 0.011247 -0.064014
v -0.082448 0.011369 -0.064163
v -0.081964 0.011382 -0.066830
v -0.081519 0.011201 -0.066704
v -0.072048 0.011372 -0.062486
v -0.072557 0.011285 -0.062519
v -0.072238 0.011214 -0.065239
v -0.071763 0.011309 -0.065211
v -0.082755 0.011489 -0.064293
v -0.083061 0.011609 -0.064424
v -0.082639 0.011662 -0.067102
v -0.082302 0.011522 -0.066966
v -0.073144 0.011074 -0.062574
v -0.073731 0.010863 -0.062630
v -0.073387 0.010747 -0.065347
v -0.072813 0.010980 -0.065293
v -0.083389 0.011731 -0.064557
v -0.083716 0.011854 -0.064690
v -0.083118 0.011938 -0.067287
v -0.082879 0.011800 -0.067195
v -0.070335 0.011804 -0.062367
v -0.070719 0.011692 -0.062394
v -0.070582 0.011607 -0.065143
v -0.070223 0.011705 -0.065116
v -0.077411 0.010811 -0.063258
v -0.078051 0.010830 -0.063349
v -0.077678 0.010659 -0.066069
v -0.077038 0.010635 -0.065978
v -0.084012 0.012015 -0.064717
v -0.084307 0.012176 -0.064743
v -0.083456 0.012193 -0.067220
v -0.083287 0.012066 -0.067254
v -0.074449 0.010873 -0.062765
v -0.075167 0.010882 -0.062900
v -0.074795 0.010756 -0.065615
v -0.074091 0.010751 -0.065481
v -0.080904 0.011895 -0.068586
v -0.081297 0.012039 -0.068605
v -0.080629 0.012696 -0.070380
v -0.080290 0.012590 -0.070468
v -0.071690 0.011944 -0.066589
v -0.072103 0.011868 -0.066712
v -0.071968 0.012523 -0.068185
v -0.071618 0.012580 -0.067966
v -0.081610 0.012132 -0.068615
v -0.081923 0.012224 -0.068624
v -0.081207 0.012787 -0.070147
v -0.080918 0.012742 -0.070264
v -0.072599 0.011704 -0.066864
v -0.073094 0.011539 -0.067016
v -0.072802 0.012332 -0.068685
v -0.072385 0.012428 -0.068435
v -0.082108 0.012286 -0.068631
v -0.082293 0.012348 -0.068638
v -0.081469 0.012758 -0.069989
v -0.081338 0.012772 -0.070068
v -0.070446 0.012204 -0.066219
v -0.070740 0.012153 -0.066317
v -0.070899 0.012699 -0.067490
v -0.070668 0.012703 -0.067322
v -0.076556 0.011377 -0.067951
v -0.077177 0.011399 -0.068086
v -0.076676 0.012138 -0.070102
v -0.076074 0.012119 -0.069923
v -0.082452 0.012432 -0.068569
v -0.082611 0.012516 -0.068499
v -0.081765 0.012838 -0.069778
v -0.081617 0.012798 -0.069884
v -0.073738 0.011516 -0.067217
v -0.074381 0.011493 -0.067417
v -0.073966 0.012230 -0.069219
v -0.073384 0.012281 -0.068952
v -0.077604 0.011440 -0.068144
v -0.078031 0.011482 -0.068202
v -0.077505 0.012218 -0.070305
v -0.077091 0.012178 -0.070204
v -0.082790 0.012604 -0.068393
v -0.082970 0.012692 -0.068286
v -0.082278 0.012949 -0.069348
v -0.082021 0.012894 -0.069563
v -0.069072 0.012880 -0.065359
v -0.069269 0.012668 -0.065517
v -0.069759 0.013007 -0.066534
v -0.069586 0.013095 -0.066345
v -0.075158 0.011424 -0.067616
v -0.075936 0.011355 -0.067816
v -0.075473 0.012100 -0.069744
v -0.074720 0.012165 -0.069481
v -0.083142 0.012767 -0.068139
v -0.083314 0.012843 -0.067991
v -0.082824 0.012986 -0.068761
v -0.082551 0.012967 -0.069054
v -0.069406 0.012591 -0.065623
v -0.069542 0.012514 -0.065729
v -0.069938 0.012916 -0.066731
v -0.069849 0.012961 -0.066632
v -0.078636 0.011544 -0.068316
v -0.079242 0.011606 -0.068429
v -0.078712 0.012342 -0.070522
v -0.078109 0.012280 -0.070414
v -0.079877 0.011679 -0.068498
v -0.080512 0.011751 -0.068566
v -0.079950 0.012484 -0.070555
v -0.079331 0.012413 -0.070539
v -0.069847 0.012384 -0.065925
v -0.070151 0.012254 -0.066122
v -0.070437 0.012707 -0.067154
v -0.070188 0.012811 -0.066942
v -0.071009 0.012087 -0.066391
v -0.071278 0.012021 -0.066465
v -0.071269 0.012637 -0.067746
v -0.071084 0.012668 -0.067618
v -0.101317 0.007100 0.071858
v -0.098976 0.007224 0.072625
v -0.098363 0.007015 0.070513
v -0.100677 0.006886 0.069849
v -0.110556 0.007448 0.071265
v -0.112089 0.007650 0.070595
v -0.112652 0.007228 0.071690
v -0.111091 0.007053 0.072366
v -0.113960 0.007580 0.069956
v -0.115832 0.007510 0.069317
v -0.116495 0.006939 0.070584
v -0.114573 0.007084 0.071137
v -0.118554 0.007552 0.067973
v -0.121276 0.007594 0.066630
v -0.122026 0.007154 0.067736
v -0.119260 0.007046 0.069160
v -0.106969 0.007047 0.073121
v -0.109023 0.007246 0.071935
v -0.109530 0.006877 0.073043
v -0.107517 0.006688 0.074330
v -0.123333 0.007760 0.065297
v -0.125390 0.007927 0.063965
v -0.125997 0.007496 0.064911
v -0.124011 0.007325 0.066324
v -0.126432 0.007920 0.063255
v -0.127475 0.007913 0.062546
v -0.128139 0.007525 0.063492
v -0.127068 0.007511 0.064202
v -0.128520 0.007954 0.061924
v -0.129564 0.007994 0.061303
v -0.130500 0.007616 0.062333
v -0.129319 0.007571 0.062913
v -0.131005 0.008291 0.060636
v -0.132445 0.008588 0.059969
v -0.133609 0.008265 0.061231
v -0.132055 0.007941 0.061782
v -0.134360 0.009525 0.059223
v -0.136276 0.010462 0.058477
v -0.137805 0.010563 0.059948
v -0.135707 0.009414 0.060589
v -0.137655 0.011581 0.057817
v -0.139034 0.012700 0.057158
v -0.140425 0.013360 0.058380
v -0.139115 0.011961 0.059164
v -0.121090 0.010856 0.039560
v -0.119311 0.011211 0.037869
v -0.120038 0.011079 0.037362
v -0.121901 0.010769 0.038995
v -0.118969 0.010756 0.041177
v -0.117286 0.011173 0.039420
v -0.118585 0.011343 0.038376
v -0.120279 0.010944 0.040126
v -0.116303 0.010174 0.043299
v -0.114676 0.010539 0.041749
v -0.115988 0.011004 0.040464
v -0.117659 0.010569 0.042227
v -0.126287 0.008878 0.053900
v -0.125159 0.009143 0.051888
v -0.125980 0.009387 0.051421
v -0.127567 0.009251 0.053261
v -0.123470 0.009254 0.050144
v -0.121781 0.009366 0.048400
v -0.122545 0.009599 0.047826
v -0.124263 0.009493 0.049624
v -0.119855 0.009587 0.046624
v -0.117929 0.009809 0.044848
v -0.119331 0.010134 0.043990
v -0.120938 0.009867 0.045908
v -0.128979 0.009378 0.052077
v -0.127350 0.009492 0.050230
v -0.128720 0.009596 0.049040
v -0.130391 0.009506 0.050894
v -0.125668 0.009654 0.048420
v -0.123985 0.009815 0.046609
v -0.125425 0.010032 0.045392
v -0.127072 0.009814 0.047216
v -0.122319 0.010078 0.044771
v -0.120652 0.010340 0.042933
v -0.121973 0.010545 0.041876
v -0.123699 0.010289 0.043634
v -0.131476 0.009556 0.050180
v -0.129725 0.009583 0.048194
v -0.130730 0.009570 0.047349
v -0.132560 0.009606 0.049466
v -0.128050 0.009804 0.046438
v -0.126375 0.010024 0.044682
v -0.127325 0.010016 0.043972
v -0.129027 0.009793 0.045661
v -0.124622 0.010263 0.042967
v -0.122868 0.010501 0.041252
v -0.123764 0.010458 0.040628
v -0.125544 0.010237 0.042300
v -0.110178 0.009720 0.046881
v -0.109237 0.010071 0.044659
v -0.110456 0.009800 0.043956
v -0.111058 0.009493 0.046299
v -0.107860 0.009914 0.048160
v -0.106680 0.010313 0.046019
v -0.108017 0.010341 0.045362
v -0.109298 0.009947 0.047463
v -0.105521 0.009678 0.049508
v -0.104275 0.010102 0.047285
v -0.105343 0.010286 0.046676
v -0.106422 0.009880 0.048857
v -0.111490 0.008006 0.062977
v -0.110775 0.008148 0.060691
v -0.111679 0.008300 0.059920
v -0.112731 0.008122 0.062145
v -0.109763 0.008384 0.058356
v -0.108752 0.008620 0.056021
v -0.109485 0.008764 0.055459
v -0.110582 0.008532 0.057690
v -0.107760 0.008937 0.053876
v -0.106767 0.009254 0.051731
v -0.107500 0.009474 0.051037
v -0.108493 0.009119 0.053248
v -0.115156 0.008109 0.060942
v -0.114011 0.008287 0.058777
v -0.116343 0.008274 0.057634
v -0.117580 0.008096 0.059740
v -0.112755 0.008556 0.056662
v -0.111499 0.008824 0.054546
v -0.113512 0.008884 0.053634
v -0.114927 0.008579 0.055634
v -0.110269 0.009169 0.052424
v -0.109040 0.009514 0.050301
v -0.110580 0.009554 0.049564
v -0.112046 0.009219 0.051599
v -0.118886 0.007911 0.059129
v -0.117324 0.008060 0.057586
v -0.118306 0.007845 0.057539
v -0.120191 0.007726 0.058518
v -0.115651 0.008399 0.055527
v -0.113977 0.008739 0.053468
v -0.114442 0.008593 0.053302
v -0.116374 0.008219 0.055421
v -0.112549 0.009054 0.051286
v -0.111120 0.009370 0.049103
v -0.111660 0.009186 0.048641
v -0.113051 0.008889 0.050972
v -0.096162 0.007497 0.072585
v -0.093347 0.007771 0.072546
v -0.090947 0.007373 0.069278
v -0.095425 0.007133 0.070437
v -0.088176 0.008168 0.072564
v -0.086384 0.008396 0.072441
v -0.086316 0.008112 0.069520
v -0.087808 0.007848 0.070248
v -0.091658 0.007855 0.072617
v -0.089968 0.007939 0.072688
v -0.089365 0.007538 0.070423
v -0.090354 0.007445 0.069925
v -0.092593 0.009615 0.054322
v -0.091894 0.010332 0.052397
v -0.093980 0.010216 0.051754
v -0.094602 0.009456 0.054051
v -0.098910 0.008919 0.052656
v -0.098498 0.009553 0.050475
v -0.099894 0.009319 0.050383
v -0.100248 0.008716 0.052444
v -0.096087 0.009288 0.053460
v -0.095541 0.010001 0.051160
v -0.097102 0.009787 0.050567
v -0.097572 0.009121 0.052868
v -0.100107 0.006904 0.067619
v -0.099538 0.006921 0.065389
v -0.101315 0.006828 0.064839
v -0.102152 0.006793 0.067012
v -0.098783 0.007249 0.062977
v -0.098027 0.007577 0.060566
v -0.099581 0.007457 0.060053
v -0.100448 0.007142 0.062446
v -0.097331 0.008076 0.058163
v -0.096634 0.008575 0.055759
v -0.098043 0.008454 0.055169
v -0.098812 0.007955 0.057611
v -0.103872 0.006910 0.066558
v -0.102713 0.006825 0.064279
v -0.104112 0.006821 0.063719
v -0.105593 0.007028 0.066104
v -0.101731 0.007097 0.061828
v -0.100748 0.007369 0.059376
v -0.101916 0.007281 0.058700
v -0.103014 0.007051 0.061209
v -0.100035 0.007826 0.057107
v -0.099322 0.008284 0.054837
v -0.100602 0.008114 0.054505
v -0.101259 0.007698 0.056602
v -0.095276 0.007126 0.068099
v -0.095127 0.007119 0.065761
v -0.097761 0.007014 0.065938
v -0.098062 0.007014 0.068225
v -0.094791 0.007475 0.063396
v -0.094454 0.007831 0.061030
v -0.096474 0.007698 0.061079
v -0.097117 0.007356 0.063509
v -0.093873 0.008365 0.058638
v -0.093292 0.008899 0.056247
v -0.095225 0.008696 0.056349
v -0.095849 0.008197 0.058714
v -0.077678 0.008820 0.073398
v -0.075130 0.008729 0.073535
v -0.074957 0.008764 0.070709
v -0.077498 0.008880 0.070561
v -0.081727 0.008841 0.073051
v -0.080225 0.008910 0.073260
v -0.080039 0.008996 0.070413
v -0.081525 0.008881 0.070266
v -0.069565 0.010075 0.073609
v -0.067801 0.010953 0.073072
v -0.068444 0.010957 0.069384
v -0.069770 0.009992 0.070904
v -0.073032 0.008956 0.073876
v -0.071003 0.009201 0.074089
v -0.071204 0.009231 0.071350
v -0.072988 0.008955 0.071278
v -0.084860 0.011450 0.054882
v -0.085127 0.011856 0.053533
v -0.086874 0.010890 0.054273
v -0.086432 0.010715 0.055277
v -0.078565 0.013087 0.054943
v -0.078380 0.014017 0.052995
v -0.080304 0.013764 0.052858
v -0.080399 0.012829 0.054916
v -0.077933 0.009130 0.068418
v -0.078368 0.009379 0.066275
v -0.080066 0.009416 0.065913
v -0.080052 0.009206 0.068163
v -0.078487 0.009923 0.063849
v -0.078606 0.010466 0.061424
v -0.080102 0.010397 0.061320
v -0.080084 0.009906 0.063617
v -0.078678 0.011311 0.059158
v -0.078750 0.012156 0.056891
v -0.080494 0.011895 0.056974
v -0.080298 0.011146 0.059147
v -0.084308 0.008708 0.067629
v -0.084088 0.008955 0.065294
v -0.085181 0.008790 0.065097
v -0.085613 0.008472 0.067452
v -0.084113 0.009413 0.062814
v -0.084138 0.009870 0.060334
v -0.085315 0.009671 0.059982
v -0.085248 0.009231 0.062539
v -0.084365 0.010457 0.058283
v -0.084592 0.011044 0.056232
v -0.085990 0.010540 0.056281
v -0.085653 0.010106 0.058131
v -0.060344 0.016991 0.074370
v -0.058939 0.017674 0.074804
v -0.058924 0.017519 0.070712
v -0.060335 0.017023 0.070435
v -0.066359 0.012657 0.073270
v -0.064522 0.014346 0.073538
v -0.064542 0.014683 0.070164
v -0.066531 0.012761 0.070062
v -0.063136 0.015327 0.073737
v -0.061749 0.016309 0.073937
v -0.061746 0.016527 0.070158
v -0.063144 0.015605 0.070161
v -0.067438 0.020048 0.052263
v -0.067751 0.020342 0.051202
v -0.068794 0.019657 0.051647
v -0.068542 0.019368 0.052701
v -0.070319 0.017781 0.053500
v -0.070629 0.017992 0.052681
v -0.072464 0.016327 0.053715
v -0.072096 0.016194 0.054300
v -0.065393 0.021340 0.051539
v -0.065767 0.021663 0.050424
v -0.066709 0.021027 0.050757
v -0.066335 0.020728 0.051826
v -0.060800 0.017250 0.067644
v -0.061265 0.017477 0.064854
v -0.062418 0.017031 0.064724
v -0.062082 0.016779 0.067441
v -0.061969 0.018196 0.062300
v -0.062673 0.018916 0.059745
v -0.063694 0.018583 0.059593
v -0.063056 0.017807 0.062159
v -0.063474 0.019637 0.057313
v -0.064276 0.020359 0.054880
v -0.065232 0.019857 0.055050
v -0.064463 0.019220 0.057321
v -0.066704 0.013435 0.067274
v -0.066877 0.014108 0.064487
v -0.068706 0.012895 0.064376
v -0.068613 0.011867 0.067168
v -0.067527 0.014870 0.062186
v -0.068178 0.015632 0.059884
v -0.069915 0.014152 0.060211
v -0.069310 0.013523 0.062294
v -0.068761 0.016363 0.058071
v -0.069344 0.017094 0.056257
v -0.070961 0.015804 0.056708
v -0.070438 0.014978 0.058460
v -0.063438 0.015891 0.067411
v -0.063733 0.016176 0.064661
v -0.065048 0.015321 0.064598
v -0.064795 0.015002 0.067381
v -0.064400 0.017012 0.062118
v -0.065067 0.017847 0.059576
v -0.066441 0.017112 0.059558
v -0.065744 0.016217 0.062078
v -0.065773 0.018484 0.057502
v -0.066480 0.019120 0.055428
v -0.067727 0.018383 0.055806
v -0.067084 0.017748 0.057682
v -0.116289 0.011799 0.034699
v -0.115318 0.011974 0.033625
v -0.116061 0.011803 0.033303
v -0.117000 0.011643 0.034336
v -0.114322 0.011825 0.035868
v -0.113274 0.012006 0.034549
v -0.114574 0.012144 0.033948
v -0.115578 0.011954 0.035062
v -0.111975 0.011524 0.037130
v -0.110795 0.011824 0.035379
v -0.111974 0.011868 0.035149
v -0.113066 0.011697 0.036675
v -0.107460 0.010655 0.040658
v -0.106757 0.010735 0.039230
v -0.107623 0.010603 0.038548
v -0.108485 0.010541 0.039926
v -0.105168 0.010831 0.042197
v -0.104663 0.010939 0.040836
v -0.105892 0.010866 0.039912
v -0.106434 0.010768 0.041391
v -0.102618 0.010697 0.043533
v -0.102057 0.010805 0.042240
v -0.103434 0.011011 0.041760
v -0.103902 0.010893 0.043004
v -0.110655 0.010186 0.042235
v -0.111258 0.009836 0.043614
v -0.109902 0.010140 0.042630
v -0.091035 0.011915 0.046897
v -0.090850 0.012121 0.045130
v -0.092814 0.011945 0.045123
v -0.093110 0.011658 0.046823
v -0.097167 0.010494 0.045590
v -0.096746 0.010583 0.044224
v -0.097897 0.010131 0.044381
v -0.098338 0.010167 0.045487
v -0.094553 0.011239 0.046258
v -0.094205 0.011490 0.044594
v -0.095596 0.011034 0.044066
v -0.095995 0.010821 0.045693
v -0.100414 0.009843 0.047943
v -0.101072 0.009463 0.049663
v -0.099336 0.009761 0.048488
v -0.084754 0.013463 0.047200
v -0.084597 0.013664 0.045328
v -0.085614 0.013056 0.045508
v -0.085964 0.012874 0.047301
v -0.078672 0.015811 0.046860
v -0.078706 0.016239 0.044814
v -0.080476 0.015402 0.045052
v -0.080461 0.015117 0.047034
v -0.082003 0.014585 0.047067
v -0.082028 0.014837 0.045100
v -0.083579 0.014273 0.045148
v -0.083545 0.014053 0.047100
v -0.081688 0.010978 0.058791
v -0.081844 0.011722 0.056579
v -0.083194 0.011549 0.056183
v -0.083078 0.010809 0.058435
v -0.081531 0.009751 0.063353
v -0.081532 0.010233 0.061003
v -0.082961 0.010069 0.060687
v -0.082978 0.009595 0.063090
v -0.081528 0.009075 0.067984
v -0.081530 0.009268 0.065703
v -0.082994 0.009120 0.065492
v -0.083003 0.008944 0.067806
v -0.081843 0.012507 0.054702
v -0.081842 0.013292 0.052825
v -0.083380 0.012821 0.052792
v -0.083287 0.012185 0.054488
v -0.084807 0.008584 0.072641
v -0.083229 0.008771 0.072842
v -0.083012 0.008767 0.070119
v -0.084529 0.008461 0.069963
v -0.087266 0.011680 0.051395
v -0.087542 0.010844 0.053770
v -0.086594 0.011791 0.051683
v -0.069310 0.021963 0.044652
v -0.069897 0.022415 0.042426
v -0.071822 0.021373 0.042142
v -0.070974 0.021041 0.044644
v -0.071988 0.020126 0.045198
v -0.072604 0.020595 0.042738
v -0.073386 0.019818 0.043334
v -0.073002 0.019211 0.045752
v -0.066820 0.023360 0.044263
v -0.067154 0.023871 0.042288
v -0.067972 0.023457 0.042710
v -0.067646 0.022886 0.044660
v -0.073548 0.016828 0.050815
v -0.073576 0.015652 0.053366
v -0.072541 0.017465 0.050943
v -0.102951 0.013772 0.015071
v -0.101856 0.013974 0.012815
v -0.102287 0.013850 0.012492
v -0.103342 0.013653 0.014811
v -0.102112 0.013798 0.016042
v -0.100956 0.013985 0.013874
v -0.101425 0.014098 0.013139
v -0.102561 0.013890 0.015331
v -0.100835 0.013346 0.017709
v -0.099599 0.013455 0.015741
v -0.100487 0.013872 0.014608
v -0.101663 0.013706 0.016753
v -0.110031 0.012076 0.033711
v -0.109266 0.012328 0.032042
v -0.110018 0.012562 0.031636
v -0.110996 0.012215 0.033393
v -0.108046 0.012569 0.029988
v -0.106826 0.012810 0.027934
v -0.107554 0.013060 0.027449
v -0.108786 0.012811 0.029542
v -0.105644 0.012935 0.025872
v -0.104463 0.013060 0.023809
v -0.105190 0.013332 0.023202
v -0.106372 0.013196 0.025325
v -0.103266 0.013149 0.021743
v -0.102070 0.013238 0.019677
v -0.102840 0.013540 0.018897
v -0.104015 0.013436 0.021050
v -0.112127 0.012327 0.032661
v -0.110980 0.012648 0.030772
v -0.111941 0.012733 0.029909
v -0.113258 0.012439 0.031928
v -0.109542 0.012892 0.028755
v -0.108105 0.013137 0.026737
v -0.108656 0.013214 0.026025
v -0.110299 0.012974 0.027967
v -0.106892 0.013263 0.024620
v -0.105679 0.013389 0.022503
v -0.106169 0.013447 0.021804
v -0.107413 0.013330 0.023914
v -0.104474 0.013500 0.020357
v -0.103268 0.013612 0.018210
v -0.103696 0.013683 0.017523
v -0.104933 0.013565 0.019664
v -0.113830 0.012273 0.031707
v -0.112341 0.012571 0.029789
v -0.112742 0.012410 0.029669
v -0.114402 0.012106 0.031486
v -0.110744 0.012819 0.027831
v -0.109146 0.013067 0.025874
v -0.109636 0.012921 0.025723
v -0.111189 0.012665 0.027696
v -0.107857 0.013196 0.023768
v -0.106568 0.013325 0.021662
v -0.106968 0.013203 0.021521
v -0.108302 0.013062 0.023622
v -0.105308 0.013447 0.019495
v -0.104047 0.013570 0.017327
v -0.104398 0.013457 0.017130
v -0.105683 0.013330 0.019326
v -0.096707 0.012636 0.019400
v -0.096089 0.012913 0.016913
v -0.096552 0.012891 0.016784
v -0.096959 0.012553 0.019254
v -0.095880 0.012884 0.020003
v -0.095005 0.013106 0.017570
v -0.095626 0.012936 0.017043
v -0.096456 0.012719 0.019547
v -0.094153 0.012994 0.021062
v -0.093244 0.013194 0.018922
v -0.094385 0.013276 0.018097
v -0.095305 0.013049 0.020459
v -0.101262 0.011124 0.039827
v -0.100466 0.011442 0.037415
v -0.101708 0.011542 0.036999
v -0.102571 0.011276 0.039380
v -0.099634 0.011698 0.035032
v -0.098802 0.011954 0.032650
v -0.099934 0.011996 0.032276
v -0.100821 0.011769 0.034638
v -0.097910 0.012210 0.030250
v -0.097018 0.012466 0.027851
v -0.098145 0.012476 0.027501
v -0.099040 0.012236 0.029889
v -0.096040 0.012630 0.025526
v -0.095061 0.012794 0.023202
v -0.096225 0.012823 0.022822
v -0.097185 0.012650 0.025162
v -0.103663 0.011163 0.038630
v -0.102663 0.011388 0.036424
v -0.103618 0.011234 0.035849
v -0.104755 0.011050 0.037881
v -0.101643 0.011639 0.034123
v -0.100623 0.011890 0.031822
v -0.101313 0.011784 0.031368
v -0.102465 0.011509 0.033609
v -0.099651 0.012114 0.029465
v -0.098679 0.012338 0.027108
v -0.099213 0.012200 0.026714
v -0.100263 0.011992 0.029041
v -0.097717 0.012500 0.024772
v -0.096755 0.012662 0.022436
v -0.097285 0.012501 0.022050
v -0.098249 0.012350 0.024382
v -0.105282 0.010900 0.037493
v -0.103806 0.011066 0.035757
v -0.103994 0.010897 0.035664
v -0.105808 0.010750 0.037106
v -0.102629 0.011351 0.033526
v -0.101452 0.011636 0.031295
v -0.101592 0.011489 0.031223
v -0.102793 0.011193 0.033444
v -0.100400 0.011832 0.028956
v -0.099349 0.012029 0.026616
v -0.099485 0.011857 0.026518
v -0.100538 0.011673 0.028870
v -0.098337 0.012193 0.024252
v -0.097326 0.012358 0.021887
v -0.097367 0.012216 0.021724
v -0.098426 0.012037 0.024121
v -0.087079 0.014549 0.022840
v -0.086263 0.014642 0.020314
v -0.087218 0.014584 0.020173
v -0.087981 0.014453 0.022775
v -0.089720 0.013711 0.022351
v -0.089346 0.013748 0.019940
v -0.090077 0.013379 0.019895
v -0.090286 0.013350 0.022220
v -0.088567 0.014262 0.022629
v -0.087916 0.014350 0.020079
v -0.088614 0.014116 0.019984
v -0.089153 0.014072 0.022482
v -0.093534 0.011998 0.042186
v -0.092862 0.012507 0.039777
v -0.093999 0.012290 0.039339
v -0.094797 0.011662 0.041702
v -0.092228 0.012908 0.037351
v -0.091593 0.013308 0.034926
v -0.092515 0.013066 0.034584
v -0.093257 0.012678 0.036961
v -0.091044 0.013556 0.032478
v -0.090494 0.013804 0.030031
v -0.091169 0.013583 0.029757
v -0.091842 0.013324 0.032170
v -0.089856 0.013989 0.027605
v -0.089218 0.014175 0.025179
v -0.089692 0.014027 0.024980
v -0.090431 0.013805 0.027368
v -0.095545 0.011269 0.041719
v -0.094343 0.011955 0.039215
v -0.094686 0.011620 0.039091
v -0.096292 0.010876 0.041736
v -0.093555 0.012365 0.036828
v -0.092767 0.012776 0.034442
v -0.093020 0.012485 0.034300
v -0.093853 0.012053 0.036695
v -0.092117 0.013018 0.032018
v -0.091467 0.013259 0.029595
v -0.091766 0.012936 0.029433
v -0.092393 0.012711 0.031866
v -0.090781 0.013467 0.027178
v -0.090094 0.013674 0.024762
v -0.090496 0.013320 0.024544
v -0.091131 0.013128 0.026988
v -0.090641 0.012507 0.042623
v -0.090432 0.012894 0.040116
v -0.091726 0.012725 0.040216
v -0.092270 0.012335 0.042670
v -0.090056 0.013300 0.037664
v -0.089680 0.013706 0.035213
v -0.090671 0.013550 0.035268
v -0.091199 0.013137 0.037742
v -0.089276 0.013938 0.032738
v -0.088871 0.014170 0.030264
v -0.089819 0.014025 0.030305
v -0.090245 0.013787 0.032787
v -0.088383 0.014313 0.027815
v -0.087895 0.014456 0.025367
v -0.088743 0.014322 0.025378
v -0.089281 0.014173 0.027842
v -0.080626 0.018158 0.023894
v -0.080429 0.018244 0.021450
v -0.081191 0.017832 0.021367
v -0.081387 0.017767 0.023895
v -0.079082 0.018961 0.023856
v -0.078899 0.019084 0.021453
v -0.079668 0.018655 0.021532
v -0.079866 0.018548 0.023894
v -0.081806 0.017414 0.023846
v -0.081673 0.017416 0.021345
v -0.082155 0.016999 0.021322
v -0.082226 0.017061 0.023798
v -0.077622 0.019587 0.023713
v -0.077112 0.019794 0.021464
v -0.078129 0.019513 0.021375
v -0.078298 0.019375 0.023819
v -0.075826 0.017192 0.046241
v -0.075625 0.016670 0.048576
v -0.074421 0.017406 0.048358
v -0.074769 0.017878 0.045796
v -0.077264 0.018129 0.038074
v -0.076949 0.017841 0.040367
v -0.076436 0.018098 0.040381
v -0.076829 0.018327 0.038104
v -0.077815 0.018692 0.033234
v -0.078051 0.018968 0.030686
v -0.078375 0.018788 0.030964
v -0.078154 0.018532 0.033349
v -0.078092 0.019174 0.028324
v -0.078133 0.019381 0.025963
v -0.078467 0.019236 0.026263
v -0.078421 0.019012 0.028613
v -0.083866 0.014258 0.042978
v -0.083136 0.014853 0.040627
v -0.083465 0.014600 0.040818
v -0.084540 0.013828 0.043163
v -0.082853 0.015346 0.038184
v -0.082571 0.015839 0.035742
v -0.082963 0.015511 0.035781
v -0.083214 0.015055 0.038300
v -0.082418 0.016306 0.033383
v -0.082265 0.016772 0.031024
v -0.082622 0.016485 0.030954
v -0.082792 0.015998 0.033367
v -0.082102 0.017092 0.028686
v -0.081939 0.017412 0.026348
v -0.082296 0.017122 0.026274
v -0.082459 0.016804 0.028614
v -0.078815 0.016553 0.042588
v -0.078923 0.016867 0.040362
v -0.080383 0.016151 0.040372
v -0.080430 0.015776 0.042712
v -0.079001 0.017280 0.038016
v -0.079079 0.017693 0.035670
v -0.080225 0.017109 0.035605
v -0.080304 0.016630 0.037989
v -0.079196 0.018025 0.033318
v -0.079312 0.018357 0.030966
v -0.080250 0.017927 0.030969
v -0.080238 0.017518 0.033287
v -0.079289 0.018598 0.028613
v -0.079265 0.018839 0.026259
v -0.080063 0.018442 0.026256
v -0.080157 0.018184 0.028612
v -0.081811 0.015233 0.042752
v -0.081595 0.015628 0.040404
v -0.082807 0.015106 0.040436
v -0.083193 0.014689 0.042792
v -0.081398 0.016133 0.038029
v -0.081201 0.016638 0.035654
v -0.082178 0.016168 0.035702
v -0.082492 0.015637 0.038069
v -0.081140 0.017066 0.033343
v -0.081079 0.017493 0.031032
v -0.081908 0.017059 0.031095
v -0.082043 0.016614 0.033399
v -0.080951 0.017783 0.028685
v -0.080823 0.018072 0.026339
v -0.081583 0.017702 0.026422
v -0.081746 0.017381 0.028758
v -0.072234 0.023819 0.022647
v -0.072506 0.023602 0.020820
v -0.073939 0.022268 0.021989
v -0.073666 0.022550 0.023323
v -0.069954 0.025431 0.021708
v -0.070261 0.025269 0.019411
v -0.071072 0.024936 0.019650
v -0.070802 0.025087 0.021972
v -0.067597 0.024363 0.040030
v -0.068041 0.024856 0.037771
v -0.068914 0.024520 0.038236
v -0.068443 0.023988 0.040473
v -0.068433 0.025118 0.035497
v -0.068825 0.025380 0.033223
v -0.069878 0.024946 0.033639
v -0.069396 0.024733 0.035937
v -0.069033 0.025510 0.030897
v -0.069242 0.025640 0.028572
v -0.070287 0.025199 0.028969
v -0.070082 0.025072 0.031304
v -0.069444 0.025617 0.026289
v -0.069647 0.025593 0.024006
v -0.070533 0.025238 0.024294
v -0.070410 0.025219 0.026631
v -0.070259 0.022877 0.040412
v -0.070621 0.023339 0.038398
v -0.072328 0.022158 0.038559
v -0.072075 0.021765 0.040351
v -0.070989 0.023645 0.036156
v -0.071356 0.023951 0.033915
v -0.072834 0.022955 0.034190
v -0.072581 0.022556 0.036375
v -0.071526 0.024026 0.031536
v -0.071697 0.024101 0.029157
v -0.073106 0.023003 0.029344
v -0.072970 0.022979 0.031767
v -0.071830 0.024068 0.026816
v -0.071963 0.024035 0.024475
v -0.073393 0.022832 0.024656
v -0.073249 0.022918 0.027000
v -0.094031 0.013705 0.014537
v -0.093057 0.014304 0.011505
v -0.093748 0.014135 0.011049
v -0.094687 0.013536 0.014046
v -0.099879 0.014288 0.010842
v -0.098801 0.014591 0.007811
v -0.099190 0.014621 0.007089
v -0.100307 0.014359 0.010114
v -0.095433 0.013491 0.013749
v -0.094777 0.014069 0.010585
v -0.095806 0.014003 0.010122
v -0.096179 0.013447 0.013453
v -0.100753 0.014238 0.009771
v -0.099649 0.014503 0.006726
v -0.100109 0.014385 0.006362
v -0.101198 0.014117 0.009427
v -0.092374 0.013840 0.015490
v -0.091504 0.014485 0.012059
v -0.092367 0.014474 0.011961
v -0.093376 0.013875 0.015029
v -0.098593 0.013929 0.012394
v -0.097587 0.014403 0.009048
v -0.098413 0.014561 0.008533
v -0.099450 0.014217 0.011571
v -0.096958 0.013544 0.013335
v -0.096284 0.014124 0.009842
v -0.096761 0.014245 0.009563
v -0.097736 0.013641 0.013218
v -0.085560 0.015371 0.016856
v -0.084857 0.016100 0.013397
v -0.086211 0.015630 0.013200
v -0.086714 0.015107 0.016686
v -0.088692 0.014355 0.016260
v -0.088038 0.014962 0.012581
v -0.088795 0.014655 0.012410
v -0.089436 0.014017 0.016153
v -0.087331 0.014900 0.016527
v -0.086746 0.015449 0.012976
v -0.087281 0.015268 0.012752
v -0.087948 0.014692 0.016368
v -0.090404 0.013911 0.016052
v -0.091090 0.013246 0.019821
v -0.081686 0.017557 0.017700
v -0.081700 0.017699 0.014055
v -0.082455 0.017182 0.013968
v -0.082305 0.017090 0.017645
v -0.078783 0.019274 0.017842
v -0.078667 0.019465 0.014231
v -0.079436 0.019034 0.014286
v -0.079552 0.018845 0.017909
v -0.077024 0.020079 0.017824
v -0.076935 0.020364 0.014185
v -0.077897 0.019895 0.014176
v -0.078013 0.019704 0.017775
v -0.080310 0.018434 0.017832
v -0.080191 0.018625 0.014214
v -0.080945 0.018216 0.014142
v -0.081068 0.018024 0.017755
v -0.083355 0.016362 0.017335
v -0.083731 0.015849 0.020889
v -0.072661 0.023592 0.017109
v -0.072816 0.023582 0.013398
v -0.073907 0.022806 0.013719
v -0.073923 0.022537 0.017854
v -0.070604 0.024942 0.016174
v -0.070947 0.024614 0.012937
v -0.071724 0.024358 0.013076
v -0.071398 0.024647 0.016363
v -0.074979 0.021495 0.017864
v -0.075017 0.021171 0.021771
v -0.076339 0.020779 0.009488
v -0.075743 0.021193 0.004791
v -0.076601 0.020449 0.004825
v -0.077249 0.020172 0.009501
v -0.071091 0.024214 0.008532
v -0.071235 0.023814 0.004128
v -0.071627 0.023759 0.004112
v -0.071676 0.024058 0.008594
v -0.072689 0.023481 0.008859
v -0.072562 0.023381 0.004321
v -0.073497 0.023003 0.004529
v -0.073702 0.022904 0.009124
v -0.096248 0.014547 0.004690
v -0.094909 0.014691 0.000333
v -0.095457 0.014717 -0.000068
v -0.096935 0.014639 0.004232
v -0.095035 0.014354 0.005436
v -0.093785 0.014585 0.001030
v -0.094360 0.014665 0.000734
v -0.095560 0.014455 0.005148
v -0.088744 0.014787 0.007646
v -0.087770 0.014998 0.003008
v -0.088909 0.014830 0.002723
v -0.089775 0.014663 0.007440
v -0.097339 0.014633 0.003712
v -0.095878 0.014675 -0.000387
v -0.096298 0.014633 -0.000706
v -0.097744 0.014627 0.003191
v -0.085761 0.015701 0.008339
v -0.084776 0.015953 0.003702
v -0.085355 0.015751 0.003584
v -0.086318 0.015510 0.008168
v -0.098157 0.014543 0.002881
v -0.096664 0.014583 -0.000963
v -0.097031 0.014534 -0.001220
v -0.098570 0.014459 0.002571
v -0.087015 0.015210 0.008010
v -0.085993 0.015459 0.003439
v -0.086631 0.015166 0.003294
v -0.087713 0.014911 0.007852
v -0.077993 0.019808 0.009523
v -0.077319 0.020152 0.004815
v -0.078038 0.019854 0.004804
v -0.078737 0.019444 0.009545
v -0.090500 0.014658 0.007381
v -0.089496 0.014830 0.002704
v -0.090083 0.014830 0.002686
v -0.091225 0.014652 0.007323
v -0.083956 0.016428 0.008715
v -0.083055 0.016757 0.004032
v -0.084198 0.016155 0.003819
v -0.085204 0.015893 0.008510
v -0.079451 0.019040 0.009484
v -0.078712 0.019455 0.004755
v -0.079386 0.019056 0.004706
v -0.080166 0.018636 0.009424
v -0.074566 0.022145 0.009300
v -0.074191 0.022470 0.004643
v -0.074885 0.021937 0.004756
v -0.075429 0.021386 0.009475
v -0.091795 0.014488 0.006940
v -0.090533 0.014672 0.002375
v -0.090983 0.014514 0.002064
v -0.092365 0.014324 0.006556
v -0.082157 0.017308 0.009084
v -0.081335 0.017741 0.004387
v -0.081913 0.017358 0.004245
v -0.082708 0.016964 0.008920
v -0.080886 0.018144 0.009336
v -0.080071 0.018589 0.004618
v -0.080757 0.018123 0.004529
v -0.081606 0.017652 0.009249
v -0.093437 0.014289 0.006140
v -0.092097 0.014510 0.001695
v -0.093211 0.014505 0.001327
v -0.094509 0.014254 0.005725
v -0.093786 0.014535 -0.003907
v -0.092663 0.014379 -0.008147
v -0.093155 0.014379 -0.008509
v -0.094306 0.014548 -0.004289
v -0.080691 0.017766 0.000220
v -0.080046 0.017791 -0.003948
v -0.080547 0.017440 -0.004068
v -0.081230 0.017399 0.000088
v -0.085205 0.015425 -0.000753
v -0.084417 0.015392 -0.004946
v -0.085005 0.015173 -0.005043
v -0.085818 0.015170 -0.000874
v -0.094759 0.014498 -0.004613
v -0.093641 0.014322 -0.008839
v -0.094127 0.014264 -0.009168
v -0.095212 0.014448 -0.004937
v -0.071346 0.023297 0.000097
v -0.071458 0.022781 -0.003934
v -0.071819 0.022759 -0.003972
v -0.071723 0.023259 0.000070
v -0.082261 0.016796 -0.000122
v -0.081466 0.016835 -0.004276
v -0.082386 0.016231 -0.004484
v -0.083292 0.016193 -0.000332
v -0.095469 0.014450 -0.005078
v -0.094274 0.014317 -0.009192
v -0.094422 0.014369 -0.009216
v -0.095726 0.014451 -0.005218
v -0.072487 0.022981 0.000223
v -0.072413 0.022581 -0.003875
v -0.073006 0.022402 -0.003779
v -0.073252 0.022703 0.000375
v -0.086809 0.014958 -0.001078
v -0.085848 0.014918 -0.005165
v -0.086691 0.014663 -0.005287
v -0.087800 0.014747 -0.001282
v -0.088493 0.014694 -0.001416
v -0.087490 0.014558 -0.005536
v -0.088289 0.014453 -0.005784
v -0.089186 0.014641 -0.001549
v -0.073961 0.022251 0.000464
v -0.073730 0.022031 -0.003715
v -0.074455 0.021659 -0.003650
v -0.074670 0.021798 0.000553
v -0.076747 0.020226 0.000609
v -0.076175 0.020300 -0.003597
v -0.076838 0.019720 -0.003540
v -0.077438 0.019787 0.000632
v -0.089734 0.014503 -0.001882
v -0.088935 0.014334 -0.006139
v -0.089581 0.014216 -0.006494
v -0.090282 0.014365 -0.002215
v -0.078099 0.019394 0.000590
v -0.077485 0.019332 -0.003576
v -0.078133 0.018944 -0.003612
v -0.078760 0.019000 0.000547
v -0.091205 0.014384 -0.002576
v -0.090313 0.014259 -0.006848
v -0.091046 0.014302 -0.007202
v -0.092128 0.014404 -0.002937
v -0.079455 0.018567 0.000449
v -0.078839 0.018544 -0.003719
v -0.079546 0.018143 -0.003827
v -0.080151 0.018133 0.000351
v -0.092697 0.014463 -0.003232
v -0.091608 0.014340 -0.007494
v -0.092171 0.014378 -0.007785
v -0.093266 0.014522 -0.003526
v -0.075363 0.021231 0.000569
v -0.074984 0.021270 -0.003653
v -0.075512 0.020880 -0.003655
v -0.076056 0.020664 0.000585
v -0.083942 0.015937 -0.000482
v -0.083107 0.015921 -0.004666
v -0.083828 0.015612 -0.004849
v -0.084592 0.015681 -0.000632
v -0.077070 0.017879 -0.014148
v -0.076453 0.017596 -0.017621
v -0.077064 0.017143 -0.017653
v -0.077727 0.017426 -0.014182
v -0.090055 0.014097 -0.017174
v -0.089526 0.014054 -0.020486
v -0.090099 0.014103 -0.020767
v -0.090616 0.014135 -0.017458
v -0.073808 0.020148 -0.014147
v -0.073374 0.019700 -0.017629
v -0.073745 0.019466 -0.017650
v -0.074242 0.019876 -0.014160
v -0.081730 0.015371 -0.014757
v -0.081081 0.015075 -0.018086
v -0.081918 0.014779 -0.018192
v -0.082596 0.015071 -0.014907
v -0.091066 0.014145 -0.017730
v -0.090564 0.014132 -0.021026
v -0.091030 0.014160 -0.021286
v -0.091516 0.014156 -0.018002
v -0.078380 0.017067 -0.014244
v -0.077816 0.016744 -0.017695
v -0.078568 0.016344 -0.017737
v -0.079034 0.016709 -0.014306
v -0.083060 0.014962 -0.014964
v -0.082516 0.014647 -0.018247
v -0.083114 0.014515 -0.018302
v -0.083525 0.014854 -0.015021
v -0.091709 0.014192 -0.018163
v -0.091120 0.014195 -0.021354
v -0.091211 0.014229 -0.021421
v -0.091902 0.014229 -0.018325
v -0.071442 0.020937 -0.014209
v -0.071401 0.020233 -0.017651
v -0.071837 0.020291 -0.017650
v -0.071832 0.020959 -0.014246
v -0.079949 0.016190 -0.014457
v -0.079406 0.015858 -0.017858
v -0.080243 0.015371 -0.017979
v -0.080864 0.015671 -0.014608
v -0.092009 0.014280 -0.018382
v -0.091316 0.014248 -0.021467
v -0.091421 0.014268 -0.021512
v -0.092115 0.014332 -0.018440
v -0.072164 0.020886 -0.014225
v -0.072077 0.020240 -0.017654
v -0.072317 0.020188 -0.017657
v -0.072496 0.020812 -0.014204
v -0.084186 0.014636 -0.015050
v -0.083755 0.014387 -0.018317
v -0.084396 0.014260 -0.018333
v -0.084846 0.014419 -0.015079
v -0.085723 0.014308 -0.015296
v -0.085202 0.014155 -0.018532
v -0.086009 0.014049 -0.018732
v -0.086600 0.014197 -0.015513
v -0.072935 0.020616 -0.014170
v -0.072660 0.020062 -0.017633
v -0.073004 0.019935 -0.017608
v -0.073375 0.020420 -0.014135
v -0.074792 0.019506 -0.014143
v -0.074257 0.019128 -0.017651
v -0.074770 0.018790 -0.017652
v -0.075341 0.019136 -0.014127
v -0.087173 0.014112 -0.015841
v -0.086649 0.013980 -0.019081
v -0.087290 0.013910 -0.019430
v -0.087746 0.014027 -0.016168
v -0.075877 0.018734 -0.014120
v -0.075306 0.018419 -0.017621
v -0.075843 0.018049 -0.017590
v -0.076412 0.018331 -0.014114
v -0.088619 0.014043 -0.016529
v -0.088122 0.013957 -0.019818
v -0.088953 0.014004 -0.020205
v -0.089493 0.014060 -0.016890
v -0.078962 0.014965 -0.027466
v -0.078846 0.014822 -0.030693
v -0.079820 0.014485 -0.030855
v -0.079954 0.014569 -0.027626
v -0.089812 0.014250 -0.030159
v -0.089356 0.014085 -0.033077
v -0.089450 0.014208 -0.033135
v -0.089903 0.014332 -0.030221
v -0.072115 0.018676 -0.027214
v -0.072095 0.018299 -0.030444
v -0.072289 0.018264 -0.030400
v -0.072324 0.018637 -0.027184
v -0.083248 0.013940 -0.027915
v -0.082960 0.013916 -0.031078
v -0.083671 0.013890 -0.031198
v -0.083937 0.013920 -0.028017
v -0.084568 0.013893 -0.028117
v -0.084222 0.013848 -0.031264
v -0.084773 0.013806 -0.031330
v -0.085199 0.013865 -0.028218
v -0.072549 0.018561 -0.027156
v -0.072506 0.018189 -0.030367
v -0.072723 0.018114 -0.030333
v -0.072773 0.018485 -0.027129
v -0.073891 0.017804 -0.027128
v -0.073841 0.017450 -0.030322
v -0.074329 0.017152 -0.030321
v -0.074392 0.017488 -0.027124
v -0.085841 0.013901 -0.028449
v -0.085454 0.013834 -0.031542
v -0.086136 0.013862 -0.031753
v -0.086484 0.013938 -0.028680
v -0.074865 0.017163 -0.027114
v -0.074806 0.016837 -0.030310
v -0.075284 0.016522 -0.030299
v -0.075338 0.016838 -0.027105
v -0.087079 0.013983 -0.028845
v -0.086685 0.013892 -0.031885
v -0.087235 0.013923 -0.032017
v -0.087675 0.014029 -0.029009
v -0.075932 0.016486 -0.027131
v -0.075853 0.016209 -0.030327
v -0.076422 0.015896 -0.030354
v -0.076526 0.016133 -0.027158
v -0.088202 0.014038 -0.029229
v -0.087777 0.013913 -0.032223
v -0.088320 0.013904 -0.032430
v -0.088729 0.014047 -0.029449
v -0.073081 0.018302 -0.027130
v -0.073038 0.017931 -0.030328
v -0.073353 0.017749 -0.030323
v -0.073390 0.018119 -0.027131
v -0.080804 0.014327 -0.027774
v -0.080635 0.014274 -0.031011
v -0.081450 0.014064 -0.031167
v -0.081655 0.014085 -0.027922
v -0.089085 0.014053 -0.029677
v -0.088619 0.013896 -0.032612
v -0.088917 0.013889 -0.032794
v -0.089442 0.014059 -0.029906
v -0.077248 0.015747 -0.027232
v -0.077148 0.015528 -0.030442
v -0.077873 0.015160 -0.030530
v -0.077970 0.015362 -0.027306
v -0.082107 0.014023 -0.027867
v -0.081849 0.014003 -0.031062
v -0.082249 0.013941 -0.030957
v -0.082559 0.013960 -0.027812
v -0.089581 0.014113 -0.030001
v -0.089090 0.013925 -0.032906
v -0.089263 0.013962 -0.033019
v -0.089720 0.014168 -0.030097
v -0.071518 0.018684 -0.027152
v -0.071511 0.018299 -0.030381
v -0.071902 0.018333 -0.030488
v -0.071906 0.018714 -0.027245
v -0.085206 0.008573 0.077176
v -0.083667 0.008617 0.077495
v -0.083446 0.008776 0.075564
v -0.085084 0.008707 0.075320
v -0.063065 0.014777 0.080418
v -0.061726 0.016029 0.081130
v -0.061753 0.016090 0.077715
v -0.063127 0.015049 0.077313
v -0.066149 0.012239 0.079094
v -0.064404 0.013525 0.079706
v -0.064502 0.014008 0.076911
v -0.066186 0.012554 0.076477
v -0.060611 0.017090 0.081790
v -0.059496 0.018150 0.082449
v -0.058955 0.017829 0.078896
v -0.060354 0.016960 0.078306
v -0.073168 0.009010 0.078674
v -0.070878 0.009311 0.078769
v -0.070611 0.009464 0.076111
v -0.073077 0.008956 0.076473
v -0.069386 0.010132 0.078625
v -0.067894 0.010953 0.078481
v -0.067871 0.011099 0.076043
v -0.069360 0.010158 0.076314
v -0.082141 0.008608 0.077850
v -0.080614 0.008600 0.078204
v -0.080411 0.008824 0.076107
v -0.081929 0.008800 0.075836
v -0.078036 0.008654 0.078392
v -0.075457 0.008709 0.078580
v -0.075304 0.008695 0.076361
v -0.077858 0.008759 0.076234
v -0.092739 0.008124 0.076006
v -0.090689 0.008259 0.075938
v -0.090365 0.008337 0.074686
v -0.092287 0.008313 0.074708
v -0.088717 0.008395 0.076397
v -0.086745 0.008530 0.076857
v -0.086722 0.008637 0.075075
v -0.088544 0.008487 0.074881
v -0.097482 0.007445 0.076101
v -0.094790 0.007989 0.076074
v -0.094208 0.008290 0.074730
v -0.096899 0.007861 0.074734
v -0.134711 0.010364 0.054318
v -0.136017 0.010840 0.053759
v -0.137644 0.012040 0.055935
v -0.136195 0.011200 0.056471
v -0.131811 0.009450 0.055891
v -0.133405 0.009888 0.054877
v -0.134747 0.010361 0.057006
v -0.133014 0.009636 0.057857
v -0.128685 0.008627 0.057701
v -0.130218 0.009012 0.056904
v -0.131280 0.008910 0.058707
v -0.129955 0.008642 0.059490
v -0.126388 0.008082 0.059290
v -0.127153 0.008242 0.058498
v -0.128629 0.008373 0.060273
v -0.127720 0.008337 0.060936
v -0.124527 0.007952 0.060670
v -0.125624 0.007922 0.060083
v -0.126812 0.008301 0.061600
v -0.125797 0.008329 0.062309
v -0.121551 0.007979 0.062471
v -0.123430 0.007982 0.061258
v -0.124782 0.008357 0.063019
v -0.122654 0.008196 0.064271
v -0.105726 0.007201 0.070374
v -0.107794 0.007425 0.069658
v -0.108515 0.007615 0.070828
v -0.106420 0.007405 0.071912
v -0.117074 0.007994 0.064947
v -0.119672 0.007976 0.063684
v -0.120526 0.008034 0.065523
v -0.117847 0.008058 0.066786
v -0.112777 0.007971 0.067019
v -0.114476 0.008012 0.066209
v -0.115169 0.008082 0.068050
v -0.113348 0.008077 0.068774
v -0.109436 0.007677 0.068743
v -0.111077 0.007930 0.067828
v -0.111526 0.008072 0.069499
v -0.110021 0.007844 0.070163
v -0.102544 0.006874 0.075217
v -0.100173 0.006900 0.076127
v -0.099589 0.007433 0.074737
v -0.101957 0.007314 0.073867
v -0.071463 0.019651 -0.020787
v -0.071525 0.019069 -0.023923
v -0.071910 0.019096 -0.024001
v -0.071873 0.019693 -0.020826
v -0.090596 0.014248 -0.024225
v -0.090072 0.014301 -0.027096
v -0.090178 0.014373 -0.027175
v -0.090694 0.014301 -0.024298
v -0.082440 0.014345 -0.021459
v -0.082364 0.014043 -0.024671
v -0.082869 0.013979 -0.024667
v -0.082991 0.014247 -0.021485
v -0.077582 0.016355 -0.020858
v -0.077348 0.015967 -0.024022
v -0.078068 0.015563 -0.024082
v -0.078318 0.015953 -0.020909
v -0.090058 0.014170 -0.023885
v -0.089552 0.014209 -0.026743
v -0.089966 0.014228 -0.027017
v -0.090498 0.014194 -0.024151
v -0.081027 0.014728 -0.021311
v -0.080973 0.014380 -0.024537
v -0.081859 0.014107 -0.024676
v -0.081889 0.014443 -0.021434
v -0.073250 0.019187 -0.020781
v -0.073125 0.018673 -0.023933
v -0.073427 0.018490 -0.023940
v -0.073586 0.018978 -0.020795
v -0.089076 0.014108 -0.023361
v -0.088627 0.014162 -0.026235
v -0.089138 0.014190 -0.026468
v -0.089618 0.014146 -0.023618
v -0.076232 0.017180 -0.020779
v -0.076010 0.016763 -0.023936
v -0.076629 0.016371 -0.023962
v -0.076847 0.016757 -0.020808
v -0.087798 0.014016 -0.022811
v -0.087473 0.014074 -0.025805
v -0.088115 0.014135 -0.026002
v -0.088534 0.014070 -0.023104
v -0.075115 0.017954 -0.020770
v -0.074924 0.017489 -0.023919
v -0.075391 0.017155 -0.023910
v -0.075617 0.017602 -0.020750
v -0.086439 0.013974 -0.022218
v -0.086228 0.013969 -0.025356
v -0.086832 0.014013 -0.025607
v -0.087061 0.013962 -0.022519
v -0.074100 0.018642 -0.020792
v -0.073942 0.018157 -0.023934
v -0.074456 0.017824 -0.023927
v -0.074613 0.018307 -0.020789
v -0.072626 0.019497 -0.020789
v -0.072591 0.018933 -0.023946
v -0.072823 0.018856 -0.023925
v -0.072914 0.019396 -0.020767
v -0.085058 0.014046 -0.021751
v -0.084913 0.013937 -0.024971
v -0.085625 0.013924 -0.025105
v -0.085817 0.013987 -0.021918
v -0.083645 0.014176 -0.021534
v -0.083535 0.013965 -0.024751
v -0.084202 0.013950 -0.024836
v -0.084299 0.014105 -0.021584
v -0.072106 0.019646 -0.020819
v -0.072134 0.019053 -0.023984
v -0.072359 0.019010 -0.023967
v -0.072338 0.019599 -0.020812
v -0.090792 0.014331 -0.024354
v -0.090267 0.014414 -0.027241
v -0.090356 0.014455 -0.027307
v -0.090889 0.014361 -0.024410
v -0.079242 0.015483 -0.021049
v -0.079078 0.015108 -0.024240
v -0.080087 0.014653 -0.024398
v -0.080165 0.015012 -0.021189
v -0.089715 0.014194 -0.010044
v -0.089117 0.014130 -0.013241
v -0.090033 0.014115 -0.013575
v -0.090539 0.014209 -0.010388
v -0.076966 0.019190 -0.007098
v -0.076447 0.019048 -0.010620
v -0.076982 0.018614 -0.010639
v -0.077557 0.018779 -0.007125
v -0.088316 0.014289 -0.009370
v -0.087697 0.014244 -0.012600
v -0.088202 0.014144 -0.012906
v -0.088891 0.014180 -0.009700
v -0.075751 0.020092 -0.007116
v -0.075326 0.019885 -0.010635
v -0.075912 0.019483 -0.010601
v -0.076375 0.019602 -0.007071
v -0.073470 0.021601 -0.007211
v -0.073211 0.021170 -0.010707
v -0.073745 0.020905 -0.010662
v -0.074100 0.021282 -0.007156
v -0.086867 0.014509 -0.008798
v -0.086244 0.014461 -0.012060
v -0.087192 0.014344 -0.012295
v -0.087741 0.014398 -0.009040
v -0.085232 0.014902 -0.008474
v -0.084616 0.014885 -0.011782
v -0.085296 0.014578 -0.011826
v -0.085993 0.014621 -0.008557
v -0.072332 0.022056 -0.007336
v -0.072252 0.021532 -0.010797
v -0.072676 0.021436 -0.010752
v -0.072841 0.021919 -0.007265
v -0.093488 0.014315 -0.012245
v -0.092702 0.014312 -0.015298
v -0.092809 0.014396 -0.015367
v -0.093616 0.014383 -0.012292
v -0.080979 0.016678 -0.007666
v -0.080492 0.016522 -0.011056
v -0.081484 0.015970 -0.011236
v -0.081935 0.016100 -0.007860
v -0.071470 0.022211 -0.007351
v -0.071483 0.021640 -0.010768
v -0.071828 0.021627 -0.010842
v -0.071824 0.022193 -0.007407
v -0.092969 0.014256 -0.011906
v -0.092298 0.014190 -0.014973
v -0.092594 0.014229 -0.015229
v -0.093360 0.014246 -0.012199
v -0.084011 0.015335 -0.008313
v -0.083605 0.015278 -0.011680
v -0.083937 0.015192 -0.011739
v -0.084471 0.015183 -0.008391
v -0.079496 0.017591 -0.007370
v -0.078945 0.017391 -0.010793
v -0.079500 0.017073 -0.010875
v -0.080023 0.017256 -0.007472
v -0.092115 0.014269 -0.011291
v -0.091568 0.014159 -0.014434
v -0.092002 0.014151 -0.014718
v -0.092579 0.014265 -0.011613
v -0.082743 0.015794 -0.008048
v -0.082378 0.015667 -0.011429
v -0.083273 0.015364 -0.011621
v -0.083550 0.015488 -0.008235
v -0.074613 0.020933 -0.007159
v -0.074243 0.020596 -0.010666
v -0.074740 0.020287 -0.010669
v -0.075126 0.020583 -0.007162
v -0.091096 0.014241 -0.010678
v -0.090583 0.014141 -0.013862
v -0.091133 0.014167 -0.014150
v -0.091652 0.014273 -0.010968
v -0.078263 0.018352 -0.007197
v -0.077686 0.018161 -0.010674
v -0.078390 0.017708 -0.010710
v -0.078968 0.017926 -0.007269
v -0.073886 0.018545 0.045774
v -0.073519 0.018005 0.048264
v -0.072617 0.018604 0.048171
v -0.066126 0.022256 0.048330
v -0.066485 0.022850 0.046237
v -0.067321 0.022315 0.046610
v -0.067015 0.021671 0.048683
v -0.071000 0.018824 0.050170
v -0.071372 0.019656 0.047658
v -0.068237 0.020927 0.049040
v -0.068724 0.021512 0.046878
v -0.070126 0.020709 0.047146
v -0.069460 0.020183 0.049397
v -0.086719 0.012599 0.047281
v -0.086990 0.012516 0.049019
v -0.086314 0.012693 0.049093
v -0.081910 0.013812 0.050930
v -0.081978 0.014332 0.049034
v -0.083510 0.013833 0.049052
v -0.083445 0.013327 0.050922
v -0.078508 0.014700 0.050951
v -0.078637 0.015383 0.048906
v -0.080446 0.014832 0.049017
v -0.080375 0.014298 0.050937
v -0.085019 0.012559 0.051302
v -0.084912 0.013263 0.049072
v -0.099334 0.010227 0.045056
v -0.099756 0.010223 0.046223
v -0.098778 0.010204 0.046593
v -0.095221 0.010495 0.049541
v -0.094900 0.010989 0.047922
v -0.096395 0.010608 0.047321
v -0.096749 0.010198 0.048944
v -0.098042 0.009979 0.048716
v -0.097587 0.010406 0.046957
v -0.091557 0.011020 0.050531
v -0.091219 0.011709 0.048665
v -0.093406 0.011370 0.048523
v -0.093693 0.010793 0.050138
v -0.109389 0.010662 0.039455
v -0.110051 0.010535 0.040856
v -0.109348 0.010479 0.041304
v -0.103726 0.010345 0.046055
v -0.103178 0.010588 0.044825
v -0.104370 0.010775 0.044247
v -0.104856 0.010530 0.045462
v -0.106176 0.010518 0.044789
v -0.105673 0.010723 0.043558
v -0.106976 0.010670 0.042869
v -0.107496 0.010506 0.044115
v -0.108699 0.010323 0.043373
v -0.108162 0.010575 0.042086
v -0.113915 0.010882 0.040315
v -0.113154 0.011224 0.038880
v -0.114158 0.011526 0.038200
v -0.115073 0.011265 0.039332
v -0.116328 0.011409 0.038304
v -0.115370 0.011645 0.037188
v -0.116581 0.011764 0.036176
v -0.117583 0.011553 0.037276
v -0.118286 0.011417 0.036821
v -0.117260 0.011623 0.035773
v -0.117939 0.011482 0.035369
v -0.118988 0.011281 0.036366
v -0.076723 0.015400 -0.040290
v -0.076515 0.015331 -0.043524
v -0.077138 0.015091 -0.043618
v -0.077372 0.015143 -0.040395
v -0.080931 0.014221 -0.040842
v -0.080623 0.014243 -0.044089
v -0.081150 0.014160 -0.044125
v -0.081409 0.014138 -0.040840
v -0.087875 0.014271 -0.042579
v -0.087488 0.014396 -0.045814
v -0.087699 0.014369 -0.045876
v -0.088093 0.014258 -0.042643
v -0.070971 0.017713 -0.040017
v -0.070726 0.017472 -0.043164
v -0.071196 0.017517 -0.043379
v -0.071403 0.017761 -0.040196
v -0.078266 0.014870 -0.040516
v -0.078046 0.014828 -0.043751
v -0.078954 0.014564 -0.043883
v -0.079160 0.014597 -0.040638
v -0.088204 0.014303 -0.042664
v -0.087837 0.014361 -0.045877
v -0.087975 0.014352 -0.045879
v -0.088314 0.014347 -0.042685
v -0.071594 0.017722 -0.040165
v -0.071390 0.017470 -0.043357
v -0.071584 0.017424 -0.043335
v -0.071786 0.017684 -0.040133
v -0.082126 0.014139 -0.040954
v -0.081870 0.014165 -0.044224
v -0.082590 0.014170 -0.044324
v -0.082843 0.014139 -0.041069
v -0.083331 0.014116 -0.041185
v -0.083079 0.014177 -0.044456
v -0.083569 0.014184 -0.044588
v -0.083820 0.014093 -0.041302
v -0.072019 0.017601 -0.040103
v -0.071824 0.017341 -0.043315
v -0.072064 0.017259 -0.043295
v -0.072252 0.017519 -0.040073
v -0.073422 0.016913 -0.040063
v -0.073271 0.016700 -0.043285
v -0.073720 0.016488 -0.043292
v -0.073893 0.016673 -0.040073
v -0.084551 0.014167 -0.041508
v -0.084253 0.014286 -0.044786
v -0.084937 0.014389 -0.044984
v -0.085282 0.014241 -0.041713
v -0.074309 0.016435 -0.040073
v -0.074131 0.016264 -0.043296
v -0.074541 0.016040 -0.043300
v -0.074724 0.016198 -0.040073
v -0.085662 0.014272 -0.041828
v -0.085289 0.014412 -0.045110
v -0.085640 0.014435 -0.045236
v -0.086043 0.014303 -0.041944
v -0.075399 0.015928 -0.040129
v -0.075216 0.015806 -0.043365
v -0.075891 0.015572 -0.043429
v -0.076074 0.015657 -0.040186
v -0.086505 0.014311 -0.042131
v -0.086127 0.014449 -0.045425
v -0.086615 0.014462 -0.045614
v -0.086967 0.014319 -0.042318
v -0.072601 0.017336 -0.040063
v -0.072443 0.017085 -0.043286
v -0.072822 0.016912 -0.043277
v -0.072950 0.017154 -0.040053
v -0.079806 0.014450 -0.040741
v -0.079526 0.014445 -0.043969
v -0.080097 0.014326 -0.044054
v -0.080452 0.014304 -0.040843
v -0.087312 0.014301 -0.042416
v -0.086946 0.014443 -0.045683
v -0.087277 0.014423 -0.045753
v -0.087656 0.014283 -0.042515
v -0.088148 0.014028 -0.035881
v -0.087677 0.014160 -0.039149
v -0.088036 0.014144 -0.039277
v -0.088477 0.014016 -0.036035
v -0.080361 0.014365 -0.034262
v -0.080087 0.014456 -0.037513
v -0.080808 0.014282 -0.037633
v -0.081129 0.014173 -0.034400
v -0.072899 0.017759 -0.033584
v -0.072759 0.017587 -0.036840
v -0.073079 0.017396 -0.036829
v -0.073216 0.017572 -0.033576
v -0.087330 0.014043 -0.035530
v -0.086882 0.014173 -0.038837
v -0.087319 0.014176 -0.039022
v -0.087819 0.014040 -0.035726
v -0.075717 0.016129 -0.033610
v -0.075582 0.016049 -0.036894
v -0.076256 0.015743 -0.036942
v -0.076339 0.015819 -0.033648
v -0.086361 0.014012 -0.035216
v -0.086036 0.014132 -0.038547
v -0.086445 0.014171 -0.038651
v -0.086840 0.014047 -0.035334
v -0.074647 0.016722 -0.033580
v -0.074487 0.016607 -0.036850
v -0.074907 0.016356 -0.036845
v -0.075096 0.016439 -0.033572
v -0.085151 0.013941 -0.034885
v -0.084848 0.014048 -0.038229
v -0.085627 0.014094 -0.038443
v -0.085881 0.013978 -0.035098
v -0.073707 0.017288 -0.033582
v -0.073573 0.017127 -0.036841
v -0.074067 0.016858 -0.036854
v -0.074198 0.017005 -0.033587
v -0.072360 0.018025 -0.033629
v -0.072214 0.017861 -0.036891
v -0.072440 0.017779 -0.036852
v -0.072581 0.017947 -0.033592
v -0.083903 0.013951 -0.034590
v -0.083583 0.014055 -0.037915
v -0.084070 0.014002 -0.038015
v -0.084422 0.013904 -0.034673
v -0.082671 0.014014 -0.034381
v -0.082382 0.014113 -0.037685
v -0.083096 0.014108 -0.037814
v -0.083384 0.013999 -0.034506
v -0.071947 0.018136 -0.033708
v -0.071799 0.017974 -0.036973
v -0.071989 0.017943 -0.036931
v -0.072139 0.018104 -0.033666
v -0.088963 0.014165 -0.036264
v -0.088570 0.014245 -0.039452
v -0.088654 0.014343 -0.039492
v -0.089052 0.014276 -0.036314
v -0.078666 0.014867 -0.033987
v -0.078486 0.014912 -0.037282
v -0.079367 0.014629 -0.037392
v -0.079593 0.014557 -0.034123
v -0.071364 0.018126 -0.033626
v -0.071217 0.017954 -0.036871
v -0.071610 0.018004 -0.037014
v -0.071756 0.018169 -0.033751
v -0.088675 0.014036 -0.036125
v -0.088261 0.014146 -0.039344
v -0.088486 0.014148 -0.039411
v -0.088874 0.014055 -0.036215
v -0.081544 0.014101 -0.034328
v -0.081238 0.014200 -0.037594
v -0.081668 0.014117 -0.037555
v -0.081958 0.014029 -0.034256
v -0.077039 0.015499 -0.033750
v -0.076931 0.015469 -0.037057
v -0.077606 0.015196 -0.037172
v -0.077739 0.015178 -0.033851
v -0.072302 0.016462 -0.046877
v -0.072161 0.015838 -0.050468
v -0.072530 0.015700 -0.050494
v -0.072676 0.016306 -0.046886
v -0.079397 0.014329 -0.047657
v -0.079268 0.014213 -0.051345
v -0.079829 0.014133 -0.051425
v -0.079963 0.014230 -0.047739
v -0.086619 0.014470 -0.049369
v -0.086292 0.014498 -0.053054
v -0.086663 0.014473 -0.053170
v -0.086970 0.014448 -0.049462
v -0.076459 0.015026 -0.047211
v -0.076403 0.014721 -0.050897
v -0.077141 0.014506 -0.051005
v -0.077140 0.014799 -0.047311
v -0.080467 0.014162 -0.047772
v -0.080311 0.014082 -0.051456
v -0.080793 0.014031 -0.051486
v -0.080971 0.014095 -0.047806
v -0.087158 0.014415 -0.049523
v -0.086828 0.014434 -0.053233
v -0.086993 0.014394 -0.053295
v -0.087346 0.014382 -0.049585
v -0.070078 0.017068 -0.046638
v -0.069431 0.016663 -0.050111
v -0.070104 0.016611 -0.050074
v -0.070650 0.017064 -0.046727
v -0.077985 0.014614 -0.047443
v -0.077924 0.014400 -0.051135
v -0.078707 0.014293 -0.051266
v -0.078830 0.014429 -0.047575
v -0.087489 0.014310 -0.049609
v -0.087141 0.014259 -0.053341
v -0.087288 0.014125 -0.053387
v -0.087632 0.014238 -0.049633
v -0.070926 0.016968 -0.046750
v -0.070462 0.016465 -0.050143
v -0.070820 0.016320 -0.050211
v -0.071202 0.016872 -0.046773
v -0.081672 0.014097 -0.047914
v -0.081473 0.014030 -0.051604
v -0.082154 0.014029 -0.051721
v -0.082372 0.014100 -0.048023
v -0.082898 0.014117 -0.048149
v -0.082717 0.014057 -0.051842
v -0.083280 0.014084 -0.051963
v -0.083425 0.014134 -0.048275
v -0.071565 0.016745 -0.046821
v -0.071306 0.016148 -0.050326
v -0.071792 0.015977 -0.050441
v -0.071928 0.016618 -0.046868
v -0.073144 0.016101 -0.046909
v -0.073017 0.015502 -0.050533
v -0.073503 0.015304 -0.050571
v -0.073612 0.015896 -0.046932
v -0.084086 0.014264 -0.048459
v -0.083919 0.014241 -0.052131
v -0.084559 0.014398 -0.052299
v -0.084748 0.014393 -0.048642
v -0.074058 0.015741 -0.046953
v -0.073986 0.015218 -0.050609
v -0.074469 0.015132 -0.050647
v -0.074505 0.015586 -0.046973
v -0.085072 0.014426 -0.048772
v -0.084856 0.014439 -0.052434
v -0.085154 0.014480 -0.052570
v -0.085397 0.014458 -0.048903
v -0.075142 0.015420 -0.047042
v -0.075067 0.015034 -0.050718
v -0.075665 0.014935 -0.050790
v -0.075778 0.015254 -0.047110
v -0.085833 0.014475 -0.049089
v -0.085538 0.014501 -0.052754
v -0.085922 0.014523 -0.052938
v -0.086268 0.014493 -0.049276
v -0.080997 0.013948 -0.058746
v -0.080856 0.013896 -0.061169
v -0.081472 0.013937 -0.061289
v -0.081625 0.013971 -0.058865
v -0.082273 0.014032 -0.058993
v -0.082133 0.014009 -0.061419
v -0.082794 0.014081 -0.061549
v -0.082922 0.014092 -0.059121
v -0.070581 0.015028 -0.057405
v -0.070436 0.014738 -0.059825
v -0.070972 0.014662 -0.059950
v -0.071069 0.014931 -0.057521
v -0.072398 0.014681 -0.057640
v -0.072245 0.014469 -0.060062
v -0.072730 0.014433 -0.060114
v -0.072903 0.014602 -0.057690
v -0.083467 0.014263 -0.059287
v -0.083316 0.014248 -0.061714
v -0.083837 0.014415 -0.061880
v -0.084012 0.014433 -0.059453
v -0.073428 0.014563 -0.057731
v -0.073270 0.014405 -0.060155
v -0.073811 0.014376 -0.060195
v -0.073953 0.014525 -0.057771
v -0.084314 0.014449 -0.059583
v -0.084131 0.014427 -0.062008
v -0.084425 0.014438 -0.062137
v -0.084617 0.014465 -0.059712
v -0.074566 0.014445 -0.057838
v -0.074431 0.014271 -0.060261
v -0.075052 0.014166 -0.060328
v -0.075179 0.014366 -0.057906
v -0.084991 0.014477 -0.059883
v -0.084796 0.014440 -0.062296
v -0.085167 0.014442 -0.062456
v -0.085365 0.014489 -0.060053
v -0.071481 0.014846 -0.057555
v -0.071366 0.014584 -0.059980
v -0.071760 0.014505 -0.060011
v -0.071893 0.014761 -0.057589
v -0.078843 0.013977 -0.058500
v -0.078724 0.013856 -0.060927
v -0.079368 0.013827 -0.061017
v -0.079480 0.013930 -0.058589
v -0.085648 0.014419 -0.060105
v -0.085338 0.014361 -0.062464
v -0.085509 0.014279 -0.062472
v -0.085931 0.014350 -0.060156
v -0.075900 0.014247 -0.058031
v -0.075767 0.014071 -0.060454
v -0.076483 0.013975 -0.060580
v -0.076622 0.014128 -0.058155
v -0.079925 0.013928 -0.058608
v -0.079804 0.013841 -0.061033
v -0.080240 0.013855 -0.061049
v -0.080369 0.013925 -0.058627
v -0.085971 0.014331 -0.060181
v -0.085507 0.014279 -0.062477
v -0.085505 0.014279 -0.062483
v -0.086011 0.014312 -0.060205
v -0.068488 0.015325 -0.057105
v -0.068453 0.014883 -0.059530
v -0.069199 0.014888 -0.059564
v -0.069271 0.015288 -0.057126
v -0.077413 0.014077 -0.058284
v -0.077281 0.013930 -0.060709
v -0.078079 0.013884 -0.060837
v -0.078205 0.014025 -0.058412
v -0.086130 0.014134 -0.060200
v -0.085649 0.014036 -0.062443
v -0.085794 0.013793 -0.062403
v -0.086250 0.013956 -0.060196
v -0.069682 0.015206 -0.057207
v -0.069549 0.014851 -0.059632
v -0.069899 0.014815 -0.059701
v -0.070093 0.015125 -0.057288
v -0.070138 0.016013 -0.052462
v -0.069815 0.015561 -0.054782
v -0.070287 0.015435 -0.054875
v -0.070553 0.015877 -0.052543
v -0.086876 0.014246 -0.055649
v -0.086611 0.014232 -0.057958
v -0.086706 0.014119 -0.057988
v -0.086997 0.014122 -0.055687
v -0.077735 0.014312 -0.053497
v -0.077546 0.014224 -0.055859
v -0.078331 0.014165 -0.055986
v -0.078519 0.014229 -0.053626
v -0.068977 0.016215 -0.052395
v -0.068523 0.015766 -0.054679
v -0.069343 0.015688 -0.054688
v -0.069724 0.016149 -0.052381
v -0.086632 0.014409 -0.055558
v -0.086435 0.014384 -0.057884
v -0.086517 0.014346 -0.057927
v -0.086755 0.014370 -0.055611
v -0.080178 0.014048 -0.053819
v -0.080046 0.014014 -0.056183
v -0.080499 0.013995 -0.056205
v -0.080646 0.014013 -0.053846
v -0.076218 0.014572 -0.053253
v -0.076033 0.014424 -0.055608
v -0.076760 0.014282 -0.055731
v -0.076951 0.014394 -0.053368
v -0.086125 0.014488 -0.055400
v -0.085958 0.014478 -0.057745
v -0.086353 0.014421 -0.057841
v -0.086508 0.014447 -0.055505
v -0.079115 0.014156 -0.053709
v -0.078962 0.014099 -0.056074
v -0.079592 0.014032 -0.056161
v -0.079711 0.014083 -0.053793
v -0.071878 0.015473 -0.052799
v -0.071596 0.015108 -0.055130
v -0.072027 0.015016 -0.055168
v -0.072278 0.015358 -0.052831
v -0.085361 0.014507 -0.055111
v -0.085185 0.014513 -0.057469
v -0.085562 0.014535 -0.057650
v -0.085742 0.014529 -0.055294
v -0.074884 0.014827 -0.053067
v -0.074701 0.014620 -0.055416
v -0.075306 0.014566 -0.055485
v -0.075485 0.014750 -0.053137
v -0.084677 0.014455 -0.054796
v -0.084498 0.014472 -0.057157
v -0.084808 0.014492 -0.057288
v -0.084981 0.014486 -0.054929
v -0.073786 0.014970 -0.052958
v -0.073585 0.014722 -0.055307
v -0.074096 0.014674 -0.055346
v -0.074283 0.014903 -0.052997
v -0.083769 0.014259 -0.054495
v -0.083619 0.014277 -0.056859
v -0.084188 0.014451 -0.057026
v -0.084373 0.014425 -0.054663
v -0.072784 0.015197 -0.052875
v -0.072551 0.014893 -0.055217
v -0.073075 0.014770 -0.055267
v -0.073289 0.015037 -0.052919
v -0.071016 0.015733 -0.052655
v -0.070726 0.015317 -0.054984
v -0.071165 0.015199 -0.055093
v -0.071478 0.015588 -0.052767
v -0.082566 0.014056 -0.054204
v -0.082414 0.014054 -0.056567
v -0.083050 0.014103 -0.056692
v -0.083165 0.014094 -0.054328
v -0.081306 0.014015 -0.053963
v -0.081139 0.014000 -0.056323
v -0.081778 0.014005 -0.056441
v -0.081966 0.014017 -0.054081
v -0.079430 0.013738 -0.063754
v -0.079055 0.013636 -0.066475
v -0.079491 0.013708 -0.066491
v -0.079865 0.013782 -0.063770
v -0.084719 0.014057 -0.064628
v -0.083931 0.013836 -0.066779
v -0.084017 0.013790 -0.066721
v -0.084761 0.014034 -0.064602
v -0.068855 0.014398 -0.062000
v -0.069257 0.013912 -0.064470
v -0.069758 0.013909 -0.064566
v -0.069478 0.014399 -0.062065
v -0.076908 0.013752 -0.063424
v -0.076535 0.013574 -0.066140
v -0.077342 0.013583 -0.066283
v -0.077710 0.013734 -0.063560
v -0.084863 0.013883 -0.064556
v -0.084076 0.013730 -0.066668
v -0.084135 0.013671 -0.066616
v -0.084964 0.013732 -0.064510
v -0.069747 0.014368 -0.062163
v -0.069944 0.013884 -0.064694
v -0.070131 0.013859 -0.064823
v -0.070015 0.014337 -0.062262
v -0.080500 0.013844 -0.063847
v -0.080144 0.013792 -0.066525
v -0.080796 0.013875 -0.066558
v -0.081134 0.013906 -0.063924
v -0.081777 0.013951 -0.064035
v -0.081422 0.013892 -0.066652
v -0.082047 0.013909 -0.066746
v -0.082421 0.013995 -0.064147
v -0.070467 0.014276 -0.062443
v -0.070499 0.013814 -0.065061
v -0.070866 0.013770 -0.065300
v -0.070919 0.014216 -0.062625
v -0.072073 0.014145 -0.062753
v -0.071902 0.013821 -0.065444
v -0.072185 0.013811 -0.065458
v -0.072457 0.014122 -0.062786
v -0.082899 0.014101 -0.064274
v -0.082483 0.013953 -0.066835
v -0.082918 0.013998 -0.066923
v -0.083378 0.014207 -0.064402
v -0.072985 0.014114 -0.062836
v -0.072699 0.013823 -0.065518
v -0.073213 0.013835 -0.065578
v -0.073512 0.014106 -0.062887
v -0.083649 0.014210 -0.064486
v -0.083167 0.013994 -0.066964
v -0.083417 0.013990 -0.067005
v -0.083921 0.014214 -0.064571
v -0.074100 0.014019 -0.062961
v -0.073769 0.013766 -0.065660
v -0.074325 0.013697 -0.065741
v -0.074688 0.013932 -0.063035
v -0.084159 0.014205 -0.064638
v -0.083522 0.013969 -0.066980
v -0.083628 0.013949 -0.066955
v -0.084397 0.014196 -0.064705
v -0.071304 0.014192 -0.062672
v -0.071242 0.013801 -0.065365
v -0.071618 0.013832 -0.065430
v -0.071689 0.014168 -0.062720
v -0.078352 0.013714 -0.063649
v -0.077980 0.013573 -0.066372
v -0.078619 0.013563 -0.066460
v -0.078994 0.013695 -0.063738
v -0.084537 0.014138 -0.064680
v -0.083736 0.013915 -0.066896
v -0.083845 0.013882 -0.066837
v -0.084677 0.014080 -0.064655
v -0.075397 0.013851 -0.063161
v -0.075027 0.013631 -0.065869
v -0.075728 0.013564 -0.065996
v -0.076105 0.013770 -0.063288
v -0.081911 0.013721 -0.068242
v -0.081340 0.013489 -0.069650
v -0.081643 0.013470 -0.069563
v -0.082280 0.013734 -0.068243
v -0.072721 0.013609 -0.066550
v -0.072743 0.013395 -0.067583
v -0.073159 0.013402 -0.067727
v -0.073186 0.013619 -0.066653
v -0.082497 0.013726 -0.068209
v -0.081826 0.013459 -0.069453
v -0.082010 0.013448 -0.069343
v -0.082713 0.013719 -0.068174
v -0.073688 0.013556 -0.066861
v -0.073607 0.013345 -0.068062
v -0.074055 0.013288 -0.068397
v -0.074190 0.013493 -0.067069
v -0.082824 0.013710 -0.068118
v -0.082125 0.013451 -0.069255
v -0.082240 0.013454 -0.069168
v -0.082934 0.013701 -0.068061
v -0.071394 0.013634 -0.066213
v -0.071545 0.013467 -0.067061
v -0.071815 0.013470 -0.067150
v -0.071717 0.013651 -0.066290
v -0.077650 0.013370 -0.067978
v -0.077320 0.013166 -0.069584
v -0.077945 0.013165 -0.069824
v -0.078282 0.013364 -0.068142
v -0.083054 0.013682 -0.067978
v -0.082372 0.013449 -0.069060
v -0.082503 0.013444 -0.068953
v -0.083174 0.013663 -0.067895
v -0.074760 0.013437 -0.067233
v -0.074493 0.013242 -0.068597
v -0.074931 0.013197 -0.068797
v -0.075329 0.013381 -0.067397
v -0.078709 0.013436 -0.068175
v -0.078362 0.013236 -0.069875
v -0.078780 0.013308 -0.069925
v -0.079135 0.013508 -0.068208
v -0.083293 0.013618 -0.067802
v -0.082655 0.013400 -0.068825
v -0.082808 0.013356 -0.068697
v -0.083412 0.013573 -0.067709
v -0.069674 0.013706 -0.065320
v -0.070092 0.013499 -0.066170
v -0.070592 0.013504 -0.066396
v -0.070175 0.013706 -0.065481
v -0.076174 0.013378 -0.067605
v -0.075813 0.013182 -0.069071
v -0.076694 0.013168 -0.069345
v -0.077018 0.013375 -0.067814
v -0.083509 0.013545 -0.067600
v -0.082941 0.013359 -0.068531
v -0.083075 0.013363 -0.068366
v -0.083605 0.013517 -0.067491
v -0.070352 0.013688 -0.065608
v -0.070761 0.013493 -0.066522
v -0.070929 0.013482 -0.066649
v -0.070530 0.013670 -0.065736
v -0.079707 0.013577 -0.068227
v -0.079270 0.013363 -0.069930
v -0.079760 0.013419 -0.069934
v -0.080278 0.013647 -0.068246
v -0.080910 0.013678 -0.068244
v -0.080398 0.013463 -0.069835
v -0.081036 0.013508 -0.069737
v -0.081542 0.013708 -0.068241
v -0.070800 0.013644 -0.065936
v -0.071102 0.013473 -0.066810
v -0.071275 0.013465 -0.066972
v -0.071071 0.013617 -0.066136
v -0.071986 0.013625 -0.066369
v -0.072071 0.013429 -0.067294
v -0.072326 0.013387 -0.067438
v -0.072256 0.013599 -0.066448
v -0.110588 0.011067 0.038285
v -0.111452 0.010757 0.039984
v -0.110754 0.010591 0.040408
v -0.110293 0.010783 0.038985
v -0.112082 0.010365 0.041569
v -0.112712 0.009973 0.043154
v -0.112060 0.009872 0.043273
v -0.111407 0.010232 0.041841
v -0.100832 0.010393 0.044343
v -0.101361 0.010321 0.045627
v -0.100735 0.010241 0.045852
v -0.100330 0.010286 0.044625
v -0.102044 0.010042 0.047023
v -0.102728 0.009763 0.048419
v -0.102249 0.009608 0.048944
v -0.101492 0.009925 0.047398
v -0.088217 0.012248 0.047117
v -0.088350 0.012194 0.048876
v -0.087666 0.012340 0.048945
v -0.087474 0.012324 0.047262
v -0.088679 0.011408 0.051015
v -0.089009 0.010622 0.053154
v -0.088210 0.010797 0.053268
v -0.087938 0.011568 0.051107
v -0.075598 0.015647 0.050826
v -0.075572 0.014623 0.053075
v -0.074689 0.014977 0.053018
v -0.074555 0.016191 0.050688
v -0.076935 0.017075 0.044576
v -0.076027 0.017713 0.043905
v -0.075118 0.018351 0.043235
v -0.075013 0.017153 0.043397
v -0.075673 0.017027 0.041971
v -0.077463 0.017583 0.040352
v -0.077199 0.017329 0.042464
v -0.059122 0.017991 0.082423
v -0.060037 0.018471 0.086002
v -0.059716 0.018293 0.085976
v -0.138938 0.011555 0.059273
v -0.140373 0.012957 0.058380
v -0.060706 0.016830 0.085363
v -0.060868 0.017220 0.085274
v -0.061698 0.015968 0.084545
v -0.061695 0.015368 0.084751
v -0.063030 0.014016 0.083724
v -0.063002 0.014505 0.083523
v -0.064305 0.013043 0.082500
v -0.064365 0.012665 0.082698
v -0.066093 0.011481 0.081918
v -0.066111 0.011925 0.081710
v -0.067917 0.010807 0.080920
v -0.067821 0.010297 0.081138
v -0.069277 0.009705 0.081094
v -0.069412 0.010106 0.080936
v -0.070907 0.009405 0.080952
v -0.070733 0.009113 0.081049
v -0.073009 0.008841 0.080998
v -0.073259 0.009064 0.080875
v -0.075611 0.008724 0.080799
v -0.075285 0.008569 0.080947
v -0.077888 0.008390 0.080734
v -0.078214 0.008549 0.080550
v -0.080816 0.008375 0.080301
v -0.080492 0.008211 0.080521
v -0.081994 0.008205 0.080115
v -0.082353 0.008416 0.079864
v -0.083889 0.008457 0.079427
v -0.083497 0.008199 0.079708
v -0.084947 0.008251 0.079301
v -0.085328 0.008440 0.079032
v -0.086767 0.008423 0.078638
v -0.086396 0.008303 0.078893
v -0.088581 0.008173 0.078074
v -0.088890 0.008302 0.077914
v -0.091100 0.008171 0.077560
v -0.090853 0.008034 0.077624
v -0.092994 0.007941 0.077851
v -0.093239 0.008039 0.077707
v -0.095412 0.007696 0.077775
v -0.095168 0.007637 0.077999
v -0.097896 0.006873 0.078198
v -0.098111 0.007038 0.077918
v -0.100757 0.006368 0.077516
v -0.100573 0.006097 0.077853
v -0.102961 0.006090 0.076890
v -0.103131 0.006434 0.076567
v -0.105504 0.006500 0.075617
v -0.105349 0.006083 0.075928
v -0.107324 0.006319 0.074589
v -0.109299 0.006554 0.073250
v -0.110844 0.006706 0.072599
v -0.112390 0.006857 0.071948
v -0.114355 0.006679 0.071437
v -0.116319 0.006501 0.070926
v -0.119125 0.006610 0.069518
v -0.121931 0.006719 0.068110
v -0.123916 0.006912 0.066648
v -0.125901 0.007105 0.065186
v -0.126935 0.007094 0.064463
v -0.127969 0.007082 0.063740
v -0.129126 0.007133 0.063176
v -0.130283 0.007184 0.062613
v -0.131808 0.007454 0.062070
v -0.133334 0.007725 0.061527
v -0.135418 0.008939 0.060847
v -0.137503 0.010153 0.060166
v -0.139005 0.012273 0.056918
v -0.137637 0.011589 0.055456
v -0.083550 0.013350 -0.067626
v -0.083018 0.013270 -0.068469
v -0.135749 0.009721 0.052907
v -0.134132 0.008908 0.050982
v -0.133942 0.008618 0.050880
v -0.132444 0.008914 0.049084
v -0.130757 0.008919 0.047186
v -0.129022 0.009169 0.045477
v -0.127286 0.009418 0.043769
v -0.125516 0.009700 0.042094
v -0.123746 0.009981 0.040419
v -0.121953 0.010274 0.038765
v -0.120160 0.010568 0.037112
v -0.119126 0.010753 0.036137
v -0.118092 0.010938 0.035162
v -0.117111 0.011003 0.034129
v -0.116131 0.011068 0.033095
v -0.114520 0.011528 0.031298
v -0.112910 0.011988 0.029500
v -0.111392 0.012269 0.027513
v -0.109873 0.012550 0.025525
v -0.108529 0.012732 0.023439
v -0.107184 0.012914 0.021353
v -0.105899 0.013089 0.019215
v -0.104614 0.013264 0.017077
v -0.103558 0.013487 0.014835
v -0.102502 0.013710 0.012593
v -0.101337 0.013958 0.009591
v -0.100173 0.014206 0.006589
v -0.098531 0.014288 0.002677
v -0.096890 0.014370 -0.001236
v -0.095630 0.014208 -0.005224
v -0.094369 0.014046 -0.009213
v -0.093609 0.014134 -0.012269
v -0.092848 0.014221 -0.015325
v -0.092153 0.014117 -0.018419
v -0.091458 0.014012 -0.021512
v -0.090914 0.013982 -0.024423
v -0.090371 0.013952 -0.027335
v -0.089961 0.013827 -0.030266
v -0.089552 0.013702 -0.033198
v -0.089121 0.013778 -0.036345
v -0.088690 0.013853 -0.039491
v -0.088311 0.013883 -0.042647
v -0.087931 0.013913 -0.045802
v -0.087556 0.013640 -0.049486
v -0.087180 0.013367 -0.053169
v -0.086939 0.013250 -0.055501
v -0.086697 0.013132 -0.057834
v -0.086227 0.013034 -0.060134
v -0.085758 0.012935 -0.062435
v -0.084836 0.012940 -0.064761
v -0.083915 0.012945 -0.067087
v -0.069032 0.013551 -0.065199
v -0.069174 0.013705 -0.065159
v -0.068756 0.013916 -0.064374
v -0.068525 0.013675 -0.064393
v -0.082655 0.013067 -0.068929
v -0.082417 0.013053 -0.069192
v -0.082191 0.013024 -0.069391
v -0.081964 0.012995 -0.069589
v -0.081824 0.012967 -0.069700
v -0.081683 0.012939 -0.069810
v -0.081553 0.012949 -0.069890
v -0.081423 0.012959 -0.069971
v -0.081160 0.012937 -0.070097
v -0.080896 0.012916 -0.070223
v -0.080564 0.012847 -0.070321
v -0.080232 0.012779 -0.070419
v -0.079595 0.012719 -0.070445
v -0.078958 0.012659 -0.070470
v -0.078383 0.012602 -0.070370
v -0.077807 0.012545 -0.070271
v -0.077391 0.012490 -0.070188
v -0.076974 0.012436 -0.070106
v -0.076363 0.012436 -0.069918
v -0.075752 0.012436 -0.069731
v -0.074965 0.012484 -0.069462
v -0.074177 0.012533 -0.069194
v -0.073634 0.012584 -0.068929
v -0.073091 0.012635 -0.068665
v -0.072669 0.012724 -0.068391
v -0.072246 0.012813 -0.068117
v -0.071879 0.012852 -0.067921
v -0.071512 0.012890 -0.067724
v -0.071307 0.012923 -0.067594
v -0.071102 0.012955 -0.067465
v -0.070859 0.012945 -0.067308
v -0.070616 0.012935 -0.067152
v -0.070393 0.013018 -0.066945
v -0.070171 0.013102 -0.066739
v -0.070061 0.013138 -0.066633
v -0.069951 0.013174 -0.066527
v -0.069700 0.013223 -0.066319
v -0.069450 0.013272 -0.066111
v -0.069413 0.013183 -0.066155
v -0.058594 0.017515 0.074835
v -0.058660 0.017340 0.070801
v -0.059222 0.017507 0.067975
v -0.059783 0.017674 0.065150
v -0.060112 0.017922 0.064984
v -0.059518 0.017721 0.067848
v -0.060538 0.018281 0.062601
v -0.061293 0.018887 0.060051
v -0.061652 0.019249 0.059897
v -0.060882 0.018586 0.062440
v -0.062148 0.019720 0.057487
v -0.063003 0.020553 0.054923
v -0.063319 0.020861 0.054711
v -0.062486 0.020055 0.057304
v -0.063995 0.021593 0.051342
v -0.064323 0.021910 0.050138
v -0.064826 0.022298 0.050091
v -0.064451 0.021953 0.051251
v -0.064751 0.022456 0.048065
v -0.065179 0.023002 0.045992
v -0.065650 0.023385 0.045864
v -0.065238 0.022842 0.047978
v -0.065572 0.023497 0.044009
v -0.065965 0.023991 0.042027
v -0.066337 0.024285 0.041866
v -0.065993 0.023835 0.043865
v -0.066375 0.024436 0.039743
v -0.066785 0.024882 0.037459
v -0.067167 0.025193 0.037306
v -0.066752 0.024739 0.039586
v -0.067075 0.025184 0.035188
v -0.067365 0.025486 0.032918
v -0.067772 0.025815 0.032808
v -0.067469 0.025504 0.035057
v -0.067590 0.025662 0.030593
v -0.067814 0.025837 0.028269
v -0.068197 0.026081 0.028174
v -0.067984 0.025948 0.030491
v -0.068115 0.025845 0.026010
v -0.068415 0.025854 0.023751
v -0.068761 0.025948 0.023718
v -0.068479 0.026015 0.025946
v -0.068812 0.025718 0.021475
v -0.069208 0.025583 0.019199
v -0.069449 0.025602 0.019172
v -0.069105 0.025775 0.021445
v -0.069590 0.025229 0.016004
v -0.069972 0.024875 0.012810
v -0.070169 0.024871 0.012797
v -0.069809 0.025237 0.015984
v -0.070309 0.024373 0.008484
v -0.070647 0.023870 0.004159
v -0.070842 0.023869 0.004144
v -0.070506 0.024370 0.008470
v -0.070827 0.023333 0.000144
v -0.071008 0.022796 -0.003872
v -0.071096 0.022802 -0.003897
v -0.070969 0.023335 0.000124
v -0.071003 0.022197 -0.007305
v -0.070998 0.021598 -0.010739
v -0.071139 0.021654 -0.010693
v -0.071117 0.022228 -0.007295
v -0.070936 0.020848 -0.014228
v -0.070874 0.020099 -0.017717
v -0.070965 0.020175 -0.017652
v -0.071052 0.020914 -0.014173
v -0.070976 0.019549 -0.020812
v -0.071079 0.019000 -0.023906
v -0.071140 0.019043 -0.023845
v -0.071052 0.019609 -0.020749
v -0.071075 0.018621 -0.027095
v -0.071072 0.018242 -0.030285
v -0.071121 0.018265 -0.030275
v -0.071130 0.018654 -0.027060
v -0.070888 0.018041 -0.033494
v -0.070705 0.017840 -0.036704
v -0.070824 0.017903 -0.036727
v -0.070972 0.018084 -0.033501
v -0.070423 0.017588 -0.039827
v -0.070142 0.017336 -0.042951
v -0.070256 0.017427 -0.042950
v -0.070540 0.017665 -0.039838
v -0.069331 0.016869 -0.046497
v -0.068520 0.016402 -0.050042
v -0.068757 0.016716 -0.050148
v -0.069507 0.017072 -0.046549
v -0.068004 0.015937 -0.052320
v -0.067487 0.015472 -0.054597
v -0.067703 0.015845 -0.054670
v -0.068230 0.016281 -0.052409
v -0.067491 0.015016 -0.057022
v -0.067494 0.014561 -0.059446
v -0.067707 0.014877 -0.059496
v -0.067705 0.015361 -0.057083
v -0.068010 0.014118 -0.061919
v -0.068232 0.014396 -0.061935
v -0.085031 0.009015 0.062762
v -0.085041 0.009456 0.060057
v -0.085470 0.008237 0.067736
v -0.085020 0.008574 0.065467
v -0.087712 0.007614 0.070369
v -0.086189 0.007858 0.069718
v -0.090365 0.007174 0.069943
v -0.089299 0.007325 0.070465
v -0.091515 0.008241 0.059034
v -0.091897 0.008534 0.058562
v -0.092435 0.007965 0.060980
v -0.092024 0.007677 0.061379
v -0.092045 0.007286 0.063690
v -0.092464 0.007595 0.063283
v -0.092493 0.007225 0.065585
v -0.092066 0.006895 0.066001
v -0.091646 0.006957 0.067578
v -0.091815 0.007287 0.067373
v -0.091036 0.007044 0.069273
v -0.090314 0.009415 0.055174
v -0.090583 0.009775 0.054592
v -0.091359 0.009103 0.056144
v -0.091007 0.008805 0.056689
v -0.087590 0.011092 0.047590
v -0.087005 0.011294 0.047661
v -0.087116 0.011015 0.049627
v -0.087750 0.010807 0.049546
v -0.088264 0.010366 0.051729
v -0.087620 0.010630 0.051587
v -0.088123 0.010244 0.053548
v -0.088778 0.009924 0.053913
v -0.088894 0.010273 0.053533
v -0.089621 0.010026 0.053659
v -0.089433 0.009603 0.054278
v -0.087375 0.010627 0.053825
v -0.088167 0.010521 0.053408
v -0.086195 0.010525 0.055325
v -0.086583 0.010733 0.054242
v -0.085425 0.009887 0.058232
v -0.085808 0.010318 0.056408
v -0.063336 0.020915 0.053735
v -0.063668 0.021276 0.052547
v -0.064076 0.021608 0.052411
v -0.063698 0.021235 0.053561
v -0.064647 0.020689 0.053767
v -0.065019 0.021018 0.052654
v -0.065961 0.020428 0.052896
v -0.065596 0.020142 0.053973
v -0.069676 0.017332 0.055288
v -0.070009 0.017570 0.054320
v -0.071728 0.016061 0.054885
v -0.071344 0.015932 0.055797
v -0.066802 0.019437 0.054376
v -0.067125 0.019754 0.053325
v -0.068289 0.019080 0.053754
v -0.068008 0.018732 0.054780
v -0.063519 0.018286 0.054462
v -0.064340 0.016888 0.054636
v -0.064718 0.017231 0.053340
v -0.063883 0.018574 0.053166
v -0.069473 0.014866 0.055232
v -0.070578 0.014819 0.055588
v -0.071084 0.014985 0.054400
v -0.070196 0.014935 0.054166
v -0.066354 0.015900 0.054756
v -0.068368 0.014912 0.054876
v -0.069309 0.014885 0.053932
v -0.067013 0.016058 0.053636
v -0.072956 0.014954 0.053510
v -0.074138 0.014251 0.052963
v -0.075142 0.013834 0.053058
v -0.076455 0.014270 0.053133
v -0.076145 0.013417 0.053154
v -0.071774 0.015656 0.054057
v -0.070516 0.015229 0.056742
v -0.076406 0.012633 0.055291
v -0.076666 0.011849 0.057428
v -0.076326 0.011281 0.058048
v -0.076081 0.011922 0.055612
v -0.076830 0.011147 0.059607
v -0.076994 0.010444 0.061787
v -0.076878 0.010354 0.062045
v -0.076602 0.010817 0.060047
v -0.076723 0.009887 0.064230
v -0.076452 0.009330 0.066673
v -0.076235 0.009317 0.066711
v -0.076556 0.009835 0.064378
v -0.075715 0.008958 0.068671
v -0.074979 0.008587 0.070669
v -0.075618 0.008863 0.068670
v -0.072975 0.008833 0.071269
v -0.071155 0.009164 0.071372
v -0.069727 0.009807 0.070968
v -0.068408 0.010654 0.069490
v -0.068498 0.011494 0.067329
v -0.068511 0.012452 0.064592
v -0.069076 0.013091 0.062416
v -0.069640 0.013729 0.060240
v -0.070078 0.014479 0.058491
v -0.092372 0.012178 0.032074
v -0.091768 0.012411 0.029633
v -0.093832 0.011583 0.036962
v -0.092976 0.011946 0.034514
v -0.096224 0.010470 0.041764
v -0.094688 0.011220 0.039410
v -0.098812 0.009639 0.043713
v -0.098911 0.010231 0.043890
v -0.097761 0.009719 0.044118
v -0.099004 0.009922 0.038297
v -0.099114 0.010632 0.038063
v -0.099225 0.011342 0.037830
v -0.099953 0.010971 0.040275
v -0.100681 0.010599 0.042720
v -0.100302 0.010465 0.043059
v -0.099924 0.010330 0.043399
v -0.099863 0.009558 0.043307
v -0.099803 0.008786 0.043216
v -0.099404 0.009354 0.040756
v -0.098369 0.010943 0.035630
v -0.098447 0.011627 0.035427
v -0.096745 0.011471 0.030779
v -0.096781 0.012184 0.030612
v -0.097670 0.011912 0.033024
v -0.097624 0.011254 0.033197
v -0.094898 0.011829 0.026031
v -0.094895 0.012611 0.025891
v -0.095892 0.012456 0.028200
v -0.095866 0.011688 0.028360
v -0.092891 0.012244 0.021532
v -0.093000 0.012939 0.021665
v -0.093898 0.012765 0.023582
v -0.093930 0.011970 0.023703
v -0.090860 0.012755 0.019684
v -0.092103 0.013113 0.019747
v -0.091851 0.012517 0.019361
v -0.090182 0.012881 0.022359
v -0.089868 0.012992 0.020007
v -0.091132 0.012590 0.027172
v -0.090496 0.012770 0.024712
v -0.101136 0.008814 0.049731
v -0.102310 0.008913 0.049066
v -0.100304 0.008323 0.052453
v -0.099962 0.008714 0.050397
v -0.101284 0.007528 0.056649
v -0.100647 0.007931 0.054510
v -0.103026 0.006808 0.061217
v -0.101921 0.007126 0.058788
v -0.105434 0.006500 0.065906
v -0.104131 0.006491 0.063647
v -0.108390 0.006591 0.067252
v -0.108851 0.007511 0.067323
v -0.107073 0.007235 0.068489
v -0.106737 0.006508 0.068165
v -0.109680 0.006942 0.064032
v -0.110250 0.007891 0.063810
v -0.110629 0.007787 0.066158
v -0.110044 0.006674 0.066339
v -0.108352 0.007513 0.059345
v -0.108945 0.008235 0.059023
v -0.109871 0.007995 0.061462
v -0.109316 0.007210 0.061726
v -0.106365 0.008112 0.054811
v -0.107027 0.008755 0.054504
v -0.108019 0.008476 0.056583
v -0.107388 0.007816 0.056965
v -0.102371 0.008219 0.049188
v -0.103206 0.009919 0.047894
v -0.104620 0.009477 0.050160
v -0.106035 0.009035 0.052426
v -0.105342 0.008407 0.052657
v -0.104649 0.007780 0.052889
v -0.103510 0.007999 0.051038
v -0.111179 0.009285 0.043712
v -0.112294 0.009352 0.043275
v -0.123132 0.007205 0.058944
v -0.123256 0.007574 0.059031
v -0.122077 0.007606 0.059497
v -0.121987 0.007219 0.059412
v -0.124850 0.007313 0.057719
v -0.125057 0.007827 0.057645
v -0.124436 0.007543 0.058566
v -0.124276 0.007190 0.058475
v -0.124698 0.007978 0.054751
v -0.125008 0.008505 0.054539
v -0.125678 0.008112 0.056723
v -0.125425 0.007437 0.056963
v -0.122279 0.008594 0.050788
v -0.122677 0.009015 0.050664
v -0.124337 0.008898 0.052355
v -0.123972 0.008519 0.052539
v -0.118504 0.008874 0.047402
v -0.118772 0.009308 0.047339
v -0.121017 0.009132 0.048973
v -0.120587 0.008669 0.049036
v -0.110958 0.009062 0.046407
v -0.110064 0.009217 0.044148
v -0.113240 0.008606 0.050938
v -0.111851 0.008907 0.048666
v -0.116479 0.007960 0.055252
v -0.114629 0.008305 0.053210
v -0.120158 0.007418 0.058353
v -0.118329 0.007616 0.057294
v -0.112528 0.008831 0.043278
v -0.113365 0.010075 0.043035
v -0.114946 0.009779 0.044370
v -0.116527 0.009484 0.045705
v -0.116421 0.009080 0.045769
v -0.116315 0.008676 0.045832
v -0.114421 0.008754 0.044555
v -0.099654 0.012555 0.018691
v -0.100006 0.012986 0.018665
v -0.101300 0.012935 0.020457
v -0.100835 0.012432 0.020486
v -0.097499 0.012572 0.016935
v -0.097632 0.012964 0.016829
v -0.098712 0.013037 0.016873
v -0.098474 0.012678 0.016896
v -0.096988 0.012250 0.019342
v -0.096524 0.012466 0.016975
v -0.098462 0.011852 0.024083
v -0.097452 0.012033 0.021709
v -0.100533 0.011456 0.028818
v -0.099471 0.011671 0.026457
v -0.102839 0.010951 0.033429
v -0.101595 0.011242 0.031179
v -0.105770 0.010412 0.037122
v -0.104082 0.010661 0.035679
v -0.108462 0.010324 0.037967
v -0.108728 0.010789 0.038055
v -0.107458 0.010163 0.038564
v -0.108031 0.010905 0.032915
v -0.108272 0.011500 0.032682
v -0.108513 0.012094 0.032449
v -0.109065 0.011938 0.034029
v -0.109616 0.011781 0.035609
v -0.109725 0.011378 0.036585
v -0.109833 0.010975 0.037561
v -0.109466 0.010486 0.037371
v -0.109099 0.009998 0.037180
v -0.108565 0.010451 0.035048
v -0.107024 0.011743 0.030675
v -0.107305 0.012327 0.030434
v -0.104555 0.012055 0.026601
v -0.104917 0.012674 0.026418
v -0.106097 0.012560 0.028420
v -0.105776 0.011986 0.028667
v -0.102085 0.012278 0.022510
v -0.102518 0.012862 0.022437
v -0.103736 0.012789 0.024416
v -0.103334 0.012125 0.024535
v -0.084788 0.013323 0.043312
v -0.083881 0.014120 0.041050
v -0.083633 0.014518 0.038560
v -0.083386 0.014915 0.036070
v -0.083127 0.015247 0.033646
v -0.082868 0.015578 0.031222
v -0.082659 0.015859 0.028833
v -0.082449 0.016140 0.026444
v -0.082388 0.016149 0.023976
v -0.082328 0.016159 0.021508
v -0.083678 0.015271 0.021037
v -0.085028 0.014382 0.020565
v -0.084748 0.014065 0.020675
v -0.085752 0.014141 0.023077
v -0.086477 0.013900 0.025590
v -0.085907 0.013209 0.025824
v -0.085328 0.013637 0.023249
v -0.086910 0.013695 0.028039
v -0.087343 0.013490 0.030487
v -0.086762 0.012664 0.030752
v -0.086335 0.012936 0.028288
v -0.087743 0.013271 0.032964
v -0.088143 0.013053 0.035440
v -0.087598 0.012244 0.035722
v -0.087180 0.012454 0.033237
v -0.088385 0.012698 0.037906
v -0.088626 0.012343 0.040372
v -0.088114 0.011623 0.040728
v -0.087856 0.011933 0.038225
v -0.088526 0.012041 0.042863
v -0.088426 0.011739 0.045355
v -0.087964 0.011182 0.045573
v -0.088039 0.011402 0.043151
v -0.087757 0.011840 0.045496
v -0.087088 0.011940 0.045638
v -0.086895 0.011572 0.045696
v -0.087429 0.011377 0.045634
v -0.086391 0.012233 0.045606
v -0.085695 0.012526 0.045574
v -0.086335 0.011785 0.045668
v -0.072187 0.021234 0.036626
v -0.072271 0.021470 0.034449
v -0.072397 0.021545 0.032033
v -0.072522 0.021620 0.029617
v -0.072761 0.021565 0.027273
v -0.072999 0.021509 0.024929
v -0.073298 0.021301 0.023541
v -0.073598 0.021093 0.022153
v -0.074861 0.020404 0.021950
v -0.076094 0.020074 0.021553
v -0.076124 0.019715 0.021747
v -0.076811 0.019278 0.023828
v -0.076946 0.019800 0.023608
v -0.077799 0.019526 0.025663
v -0.077498 0.018841 0.025910
v -0.077468 0.018665 0.028304
v -0.077764 0.019337 0.028035
v -0.077728 0.019148 0.030408
v -0.077437 0.018489 0.030698
v -0.077157 0.018225 0.033305
v -0.077476 0.018852 0.033118
v -0.077223 0.018556 0.035828
v -0.076877 0.017961 0.035912
v -0.076443 0.017693 0.038204
v -0.075580 0.016750 0.040611
v -0.076008 0.017424 0.040496
v -0.075245 0.016352 0.042085
v -0.072053 0.020390 0.040694
v -0.072104 0.020999 0.038804
v -0.073899 0.018079 0.043288
v -0.074252 0.019084 0.043284
v -0.072784 0.019004 0.043179
v -0.062836 0.020139 0.054098
v -0.063154 0.020431 0.052837
v -0.063260 0.020944 0.052682
v -0.062974 0.020595 0.053908
v -0.067830 0.013579 -0.061824
v -0.068316 0.013218 -0.064330
v -0.068295 0.013435 -0.064413
v -0.067788 0.013840 -0.061904
v -0.067348 0.014327 -0.056899
v -0.067344 0.013939 -0.059317
v -0.067280 0.014244 -0.059395
v -0.067276 0.014671 -0.056960
v -0.067847 0.015231 -0.052197
v -0.067352 0.014715 -0.054481
v -0.067272 0.015098 -0.054525
v -0.067777 0.015593 -0.052231
v -0.069152 0.016424 -0.046433
v -0.068342 0.015747 -0.049913
v -0.068283 0.016087 -0.049937
v -0.069155 0.016666 -0.046444
v -0.070230 0.017384 -0.039804
v -0.069961 0.017100 -0.042953
v -0.070027 0.017244 -0.042952
v -0.070307 0.017511 -0.039816
v -0.070738 0.017928 -0.033480
v -0.070498 0.017667 -0.036656
v -0.070586 0.017777 -0.036680
v -0.070805 0.017998 -0.033487
v -0.070970 0.018546 -0.027164
v -0.070977 0.018189 -0.030303
v -0.071023 0.018218 -0.030294
v -0.071020 0.018587 -0.027130
v -0.070848 0.019400 -0.020932
v -0.070963 0.018903 -0.024025
v -0.071018 0.018957 -0.023966
v -0.070900 0.019489 -0.020874
v -0.070737 0.020621 -0.014309
v -0.070733 0.019896 -0.017838
v -0.070783 0.020022 -0.017782
v -0.070820 0.020782 -0.014283
v -0.070802 0.021959 -0.007289
v -0.070741 0.021345 -0.010780
v -0.070857 0.021542 -0.010785
v -0.070888 0.022166 -0.007316
v -0.070598 0.022953 0.000205
v -0.070863 0.022573 -0.003799
v -0.070920 0.022790 -0.003847
v -0.070686 0.023331 0.000164
v -0.069994 0.023834 0.008537
v -0.070334 0.023333 0.004208
v -0.070451 0.023871 0.004174
v -0.070113 0.024375 0.008499
v -0.069232 0.024701 0.016069
v -0.069654 0.024335 0.012867
v -0.069775 0.024879 0.012823
v -0.069371 0.025222 0.016024
v -0.068401 0.025199 0.021570
v -0.068810 0.025067 0.019272
v -0.068966 0.025564 0.019225
v -0.068518 0.025662 0.021505
v -0.067689 0.025252 0.026176
v -0.067992 0.025330 0.023868
v -0.068070 0.025759 0.023784
v -0.067751 0.025676 0.026074
v -0.067151 0.024937 0.030824
v -0.067385 0.025174 0.028485
v -0.067431 0.025593 0.028364
v -0.067195 0.025376 0.030696
v -0.066610 0.024398 0.035472
v -0.066917 0.024700 0.033163
v -0.066959 0.025158 0.033027
v -0.066681 0.024864 0.035320
v -0.065899 0.023690 0.040078
v -0.066303 0.024095 0.037780
v -0.066402 0.024571 0.037612
v -0.065997 0.024134 0.039900
v -0.065091 0.022710 0.044347
v -0.065494 0.023284 0.042376
v -0.065592 0.023698 0.042188
v -0.065151 0.023158 0.044154
v -0.064265 0.021549 0.048316
v -0.064689 0.022136 0.046318
v -0.064709 0.022618 0.046120
v -0.064264 0.022070 0.048153
v -0.063498 0.020696 0.051576
v -0.063842 0.020961 0.050314
v -0.063819 0.021522 0.050186
v -0.063540 0.021233 0.051434
v -0.061710 0.018980 0.057909
v -0.062518 0.019847 0.055358
v -0.062687 0.020245 0.055135
v -0.061810 0.019385 0.057670
v -0.060183 0.017535 0.063010
v -0.060902 0.018114 0.060460
v -0.060933 0.018525 0.060205
v -0.060193 0.017976 0.062761
v -0.058917 0.016901 0.068281
v -0.059463 0.016957 0.065560
v -0.059454 0.017426 0.065317
v -0.058925 0.017294 0.068103
v -0.058217 0.017056 0.074866
v -0.058371 0.016845 0.071002
v -0.058397 0.017161 0.070889
v -0.058249 0.017356 0.074866
v -0.069954 0.013425 -0.066232
v -0.069539 0.013427 -0.066006
v -0.069487 0.013361 -0.066067
v -0.069815 0.013351 -0.066293
v -0.070517 0.013404 -0.066578
v -0.070368 0.013423 -0.066458
v -0.070144 0.013342 -0.066519
v -0.070273 0.013315 -0.066633
v -0.070850 0.013349 -0.066879
v -0.070666 0.013385 -0.066698
v -0.070403 0.013288 -0.066747
v -0.070599 0.013225 -0.066948
v -0.071297 0.013327 -0.067178
v -0.071035 0.013314 -0.067061
v -0.070794 0.013163 -0.067150
v -0.071049 0.013187 -0.067294
v -0.071800 0.013303 -0.067432
v -0.071560 0.013341 -0.067294
v -0.071305 0.013212 -0.067439
v -0.071530 0.013178 -0.067571
v -0.072441 0.013259 -0.067729
v -0.072041 0.013266 -0.067570
v -0.071755 0.013144 -0.067702
v -0.072140 0.013123 -0.067876
v -0.073280 0.013183 -0.068204
v -0.072842 0.013252 -0.067889
v -0.072525 0.013102 -0.068050
v -0.072952 0.013020 -0.068347
v -0.074188 0.013064 -0.068752
v -0.073717 0.013113 -0.068520
v -0.073380 0.012937 -0.068644
v -0.073884 0.012886 -0.068906
v -0.075511 0.012993 -0.069257
v -0.074660 0.013016 -0.068983
v -0.074388 0.012835 -0.069169
v -0.075210 0.012804 -0.069443
v -0.076986 0.012959 -0.069749
v -0.076363 0.012970 -0.069531
v -0.076032 0.012772 -0.069718
v -0.076652 0.012753 -0.069913
v -0.078026 0.013019 -0.070024
v -0.077608 0.012949 -0.069966
v -0.077272 0.012733 -0.070109
v -0.077690 0.012802 -0.070173
v -0.078963 0.013144 -0.070128
v -0.078444 0.013090 -0.070081
v -0.078109 0.012872 -0.070237
v -0.078656 0.012924 -0.070327
v -0.080128 0.013245 -0.070093
v -0.079482 0.013198 -0.070176
v -0.079204 0.012977 -0.070417
v -0.079859 0.013026 -0.070350
v -0.081089 0.013297 -0.069912
v -0.080775 0.013291 -0.070010
v -0.080514 0.013075 -0.070283
v -0.080839 0.013105 -0.070174
v -0.081614 0.013296 -0.069691
v -0.081403 0.013302 -0.069814
v -0.081163 0.013135 -0.070065
v -0.081402 0.013133 -0.069930
v -0.081947 0.013289 -0.069484
v -0.081825 0.013290 -0.069569
v -0.081640 0.013131 -0.069795
v -0.081769 0.013126 -0.069712
v -0.082201 0.013293 -0.069288
v -0.082069 0.013287 -0.069399
v -0.081898 0.013121 -0.069630
v -0.082030 0.013136 -0.069515
v -0.082508 0.013277 -0.069021
v -0.082333 0.013298 -0.069176
v -0.082163 0.013151 -0.069400
v -0.082360 0.013154 -0.069218
v -0.082850 0.013263 -0.068668
v -0.082682 0.013256 -0.068866
v -0.082557 0.013156 -0.069036
v -0.082759 0.013166 -0.068804
v -0.068883 0.013245 -0.065221
v -0.068891 0.013398 -0.065240
v -0.084946 0.013468 -0.064603
v -0.084081 0.013430 -0.066784
v -0.084027 0.013189 -0.066952
v -0.084927 0.013203 -0.064697
v -0.086286 0.013645 -0.060184
v -0.085810 0.013505 -0.062422
v -0.085827 0.013217 -0.062441
v -0.086322 0.013333 -0.060172
v -0.087033 0.013824 -0.055632
v -0.086761 0.013784 -0.057946
v -0.086817 0.013450 -0.057904
v -0.087069 0.013526 -0.055576
v -0.087640 0.014033 -0.049586
v -0.087305 0.013864 -0.053317
v -0.087321 0.013603 -0.053248
v -0.087649 0.013828 -0.049539
v -0.088339 0.014191 -0.042676
v -0.087975 0.014203 -0.045854
v -0.087976 0.014054 -0.045830
v -0.088364 0.014034 -0.042666
v -0.089113 0.014110 -0.036329
v -0.088703 0.014179 -0.039497
v -0.088752 0.014014 -0.039501
v -0.089175 0.013944 -0.036344
v -0.089956 0.014162 -0.030241
v -0.089524 0.014041 -0.033161
v -0.089598 0.013874 -0.033187
v -0.090008 0.013993 -0.030260
v -0.090916 0.014233 -0.024417
v -0.090387 0.014284 -0.027320
v -0.090418 0.014112 -0.027333
v -0.090944 0.014105 -0.024425
v -0.092138 0.014260 -0.018435
v -0.091446 0.014183 -0.021515
v -0.091470 0.014099 -0.021517
v -0.092160 0.014188 -0.018430
v -0.093630 0.014292 -0.012289
v -0.092829 0.014337 -0.015355
v -0.092850 0.014278 -0.015343
v -0.093644 0.014201 -0.012286
v -0.095709 0.014360 -0.005224
v -0.094431 0.014247 -0.009222
v -0.094439 0.014124 -0.009229
v -0.095693 0.014269 -0.005231
v -0.098564 0.014396 0.002604
v -0.096988 0.014474 -0.001227
v -0.096946 0.014414 -0.001234
v -0.098559 0.014332 0.002636
v -0.101252 0.014066 0.009479
v -0.100140 0.014318 0.006434
v -0.100171 0.014250 0.006505
v -0.101306 0.014015 0.009531
v -0.103421 0.013609 0.014816
v -0.102364 0.013815 0.012524
v -0.102442 0.013779 0.012557
v -0.103500 0.013565 0.014822
v -0.105767 0.013267 0.019282
v -0.104478 0.013404 0.017109
v -0.104558 0.013351 0.017087
v -0.105851 0.013204 0.019239
v -0.108399 0.012975 0.023549
v -0.107056 0.013130 0.021456
v -0.107144 0.013057 0.021391
v -0.108495 0.012888 0.023476
v -0.111286 0.012560 0.027616
v -0.109741 0.012820 0.025641
v -0.109846 0.012720 0.025560
v -0.111382 0.012455 0.027535
v -0.114488 0.011910 0.031380
v -0.112830 0.012300 0.029590
v -0.112918 0.012190 0.029511
v -0.114574 0.011714 0.031274
v -0.117092 0.011434 0.034216
v -0.116145 0.011521 0.033170
v -0.116229 0.011238 0.033036
v -0.117185 0.011225 0.034095
v -0.119080 0.011142 0.036251
v -0.118040 0.011347 0.035262
v -0.118141 0.011212 0.035155
v -0.119172 0.011003 0.036136
v -0.121964 0.010642 0.038875
v -0.120120 0.010937 0.037240
v -0.120203 0.010795 0.037117
v -0.122026 0.010515 0.038755
v -0.125594 0.010098 0.042173
v -0.123807 0.010346 0.040511
v -0.123850 0.010235 0.040393
v -0.125645 0.009960 0.042047
v -0.129097 0.009618 0.045535
v -0.127382 0.009850 0.043836
v -0.127439 0.009685 0.043700
v -0.129166 0.009443 0.045409
v -0.132584 0.009403 0.049283
v -0.130811 0.009386 0.047233
v -0.130893 0.009202 0.047117
v -0.132607 0.009200 0.049100
v -0.135996 0.010504 0.053395
v -0.134356 0.009419 0.051334
v -0.134321 0.009197 0.051084
v -0.135976 0.010167 0.053030
v -0.083404 0.013013 -0.067877
v -0.083494 0.013183 -0.067762
v -0.082961 0.013176 -0.068572
v -0.082892 0.013081 -0.068666
v -0.138762 0.011367 0.056604
v -0.138976 0.011846 0.056678
v -0.137630 0.011137 0.054976
v -0.137367 0.010535 0.054832
v -0.134765 0.007997 0.061052
v -0.135130 0.008463 0.061104
v -0.137202 0.009743 0.060384
v -0.136901 0.009182 0.060327
v -0.131182 0.006578 0.062334
v -0.131562 0.006968 0.062358
v -0.133058 0.007184 0.061823
v -0.132628 0.006813 0.061777
v -0.128604 0.006299 0.063421
v -0.128933 0.006695 0.063440
v -0.130066 0.006751 0.062893
v -0.129735 0.006343 0.062892
v -0.126479 0.006274 0.064702
v -0.126803 0.006677 0.064724
v -0.127800 0.006640 0.063987
v -0.127472 0.006255 0.063951
v -0.123441 0.006037 0.066883
v -0.123821 0.006499 0.066973
v -0.125805 0.006714 0.065461
v -0.125486 0.006292 0.065453
v -0.118600 0.005674 0.069713
v -0.118990 0.006174 0.069876
v -0.121836 0.006284 0.068484
v -0.121396 0.005782 0.068313
v -0.113805 0.005845 0.071649
v -0.114136 0.006274 0.071737
v -0.116144 0.006063 0.071268
v -0.115804 0.005565 0.071113
v -0.110278 0.006037 0.072866
v -0.110598 0.006359 0.072832
v -0.112128 0.006485 0.072206
v -0.111805 0.006124 0.072186
v -0.106758 0.005658 0.074819
v -0.107131 0.005949 0.074848
v -0.109067 0.006232 0.073458
v -0.108750 0.005949 0.073546
v -0.102448 0.005490 0.077114
v -0.102791 0.005747 0.077214
v -0.105194 0.005667 0.076239
v -0.104765 0.005367 0.076093
v -0.097412 0.006441 0.078384
v -0.097682 0.006708 0.078479
v -0.100388 0.005826 0.078190
v -0.100130 0.005612 0.078135
v -0.092456 0.007610 0.077916
v -0.092749 0.007843 0.077995
v -0.094924 0.007579 0.078223
v -0.094642 0.007259 0.078088
v -0.088036 0.007899 0.078181
v -0.088273 0.008045 0.078234
v -0.090566 0.007917 0.077769
v -0.090230 0.007791 0.077640
v -0.084381 0.007899 0.079512
v -0.084566 0.008062 0.079569
v -0.086026 0.008182 0.079149
v -0.085856 0.008038 0.079068
v -0.081402 0.007777 0.080357
v -0.081636 0.007994 0.080365
v -0.083106 0.007942 0.079990
v -0.082906 0.007761 0.079955
v -0.077284 0.007997 0.080888
v -0.077563 0.008230 0.080918
v -0.080167 0.008046 0.080741
v -0.079898 0.007793 0.080760
v -0.072559 0.008465 0.081008
v -0.072759 0.008618 0.081120
v -0.074958 0.008414 0.081095
v -0.074671 0.008201 0.081016
v -0.069061 0.009189 0.081068
v -0.069142 0.009305 0.081252
v -0.070559 0.008822 0.081146
v -0.070448 0.008730 0.081000
v -0.066011 0.010801 0.082022
v -0.066075 0.011038 0.082126
v -0.067725 0.009788 0.081357
v -0.067673 0.009648 0.081137
v -0.062955 0.013129 0.083792
v -0.063059 0.013527 0.083926
v -0.064425 0.012287 0.082895
v -0.064349 0.011954 0.082908
v -0.060451 0.016097 0.085256
v -0.060544 0.016441 0.085453
v -0.061692 0.014767 0.084957
v -0.061561 0.014304 0.084675
v -0.138529 0.010690 0.059351
v -0.138761 0.011149 0.059382
v -0.140321 0.012555 0.058379
v -0.140157 0.012198 0.058376
v -0.058702 0.017578 0.082283
v -0.058748 0.017832 0.082396
v -0.059395 0.018114 0.085950
v -0.059340 0.017889 0.085836
v -0.072002 0.019781 0.042583
v -0.059285 0.017663 0.085722
v -0.058063 0.017267 0.078731
v -0.058101 0.017551 0.078843
v -0.060358 0.015752 0.085058
v -0.061430 0.013841 0.084394
v -0.062851 0.012731 0.083658
v -0.064272 0.011620 0.082922
v -0.065947 0.010564 0.081919
v -0.067622 0.009508 0.080916
v -0.068979 0.009073 0.080885
v -0.070337 0.008639 0.080855
v -0.072360 0.008313 0.080896
v -0.074383 0.007988 0.080937
v -0.077006 0.007764 0.080858
v -0.079630 0.007540 0.080779
v -0.081168 0.007560 0.080350
v -0.082706 0.007580 0.079920
v -0.084197 0.007737 0.079454
v -0.085687 0.007893 0.078987
v -0.087800 0.007753 0.078129
v -0.089927 0.007644 0.077616
v -0.092163 0.007376 0.077836
v -0.094360 0.006939 0.077952
v -0.097142 0.006174 0.078289
v -0.099872 0.005399 0.078081
v -0.102104 0.005233 0.077014
v -0.104336 0.005067 0.075947
v -0.134391 0.009641 0.051584
v -0.068875 0.013092 -0.065202
v -0.068337 0.013001 -0.064248
v -0.069592 0.013493 -0.065944
v -0.058909 0.016508 0.068458
v -0.059472 0.016488 0.065802
v -0.060172 0.017095 0.063259
v -0.060871 0.017702 0.060716
v -0.061610 0.018576 0.058148
v -0.062348 0.019450 0.055581
v -0.063048 0.019917 0.052993
v -0.063456 0.020158 0.051718
v -0.063865 0.020399 0.050443
v -0.064267 0.021027 0.048480
v -0.064669 0.021654 0.046517
v -0.065032 0.022262 0.044540
v -0.065395 0.022870 0.042564
v -0.065800 0.023245 0.040256
v -0.066204 0.023620 0.037948
v -0.066540 0.023931 0.035624
v -0.066876 0.024242 0.033299
v -0.067107 0.024499 0.030952
v -0.067338 0.024756 0.028605
v -0.067627 0.024829 0.026278
v -0.067915 0.024901 0.023951
v -0.068284 0.024736 0.021635
v -0.068654 0.024570 0.019319
v -0.069093 0.024180 0.016115
v -0.069532 0.023790 0.012911
v -0.069874 0.023293 0.008576
v -0.070217 0.022795 0.004242
v -0.070511 0.022575 0.000245
v -0.070806 0.022355 -0.003751
v -0.070716 0.021752 -0.007263
v -0.070626 0.021148 -0.010775
v -0.070654 0.020459 -0.014334
v -0.070683 0.019770 -0.017893
v -0.070795 0.019310 -0.020989
v -0.070907 0.018849 -0.024084
v -0.070920 0.018505 -0.027198
v -0.070932 0.018160 -0.030313
v -0.070671 0.017858 -0.033473
v -0.070409 0.017557 -0.036632
v -0.070152 0.017257 -0.039793
v -0.069895 0.016957 -0.042953
v -0.069149 0.016182 -0.046421
v -0.068402 0.015407 -0.049889
v -0.067917 0.014869 -0.052163
v -0.067433 0.014331 -0.054437
v -0.067420 0.013983 -0.056839
v -0.067407 0.013635 -0.059240
v -0.067872 0.013318 -0.061744
v -0.062698 0.019683 0.054287
v -0.077145 0.017831 0.030987
v -0.077171 0.017993 0.028572
v -0.077198 0.018155 0.026156
v -0.076676 0.018755 0.024049
v -0.076154 0.019356 0.021941
v -0.087281 0.012308 0.045579
v -0.086447 0.012682 0.045544
v -0.088887 0.012296 0.045136
v -0.088084 0.012302 0.045358
v -0.089138 0.013063 0.040016
v -0.089013 0.012680 0.042576
v -0.088689 0.013862 0.035158
v -0.088914 0.013463 0.037587
v -0.087923 0.014315 0.030223
v -0.088306 0.014089 0.032690
v -0.087047 0.014591 0.025355
v -0.087485 0.014453 0.027789
v -0.085307 0.014700 0.020455
v -0.086177 0.014645 0.022905
v -0.101651 0.011695 0.022584
v -0.102932 0.011461 0.024653
v -0.100370 0.011929 0.020516
v -0.104194 0.011436 0.026784
v -0.105455 0.011412 0.028915
v -0.106743 0.011159 0.030915
v -0.108197 0.009860 0.037880
v -0.097366 0.012181 0.017042
v -0.098236 0.012320 0.016918
v -0.099303 0.012124 0.018717
v -0.121898 0.006833 0.059326
v -0.118236 0.008441 0.047466
v -0.120157 0.008205 0.049099
v -0.121882 0.008173 0.050912
v -0.123606 0.008140 0.052724
v -0.124389 0.007451 0.054963
v -0.125172 0.006762 0.057202
v -0.124644 0.006799 0.057794
v -0.124116 0.006837 0.058385
v -0.123007 0.006835 0.058856
v -0.105703 0.007468 0.055118
v -0.106756 0.007156 0.057346
v -0.107759 0.006791 0.059668
v -0.108762 0.006425 0.061989
v -0.109111 0.005993 0.064255
v -0.109459 0.005561 0.066520
v -0.107930 0.005671 0.067181
v -0.106400 0.005782 0.067842
v -0.091599 0.011922 0.018974
v -0.092781 0.011548 0.021399
v -0.093963 0.011175 0.023823
v -0.094902 0.011047 0.026172
v -0.095841 0.010920 0.028520
v -0.096710 0.010758 0.030945
v -0.097578 0.010595 0.033371
v -0.098291 0.010259 0.035834
v -0.098713 0.009047 0.043536
v -0.076669 0.009342 0.066636
v -0.075813 0.009053 0.068673
v -0.077111 0.010535 0.061528
v -0.076890 0.009939 0.064082
v -0.077006 0.012417 0.056808
v -0.077058 0.011476 0.059168
v -0.075835 0.012563 0.053176
v -0.076731 0.013344 0.054971
v -0.089808 0.010448 0.053040
v -0.088909 0.010101 0.051871
v -0.088385 0.010599 0.049465
v -0.088175 0.010891 0.047519
v -0.090044 0.009055 0.055756
v -0.090654 0.008507 0.057234
v -0.091476 0.006628 0.067784
v -0.091639 0.006566 0.066417
v -0.091626 0.006978 0.064097
v -0.091613 0.007390 0.061778
v -0.091133 0.007948 0.059506
v -0.058528 0.017690 0.078869
v -0.076828 0.015935 0.048795
v -0.076642 0.015103 0.050964
v -0.089033 0.012048 0.048807
v -0.089420 0.011248 0.050923
v -0.088960 0.012172 0.046972
v -0.101987 0.010401 0.045403
v -0.102597 0.010160 0.046648
v -0.101334 0.010500 0.044061
v -0.112150 0.010923 0.039560
v -0.112757 0.010499 0.041297
v -0.110883 0.011352 0.037585
v -0.104914 0.006848 0.074306
v -0.104325 0.007196 0.072996
v -0.112206 0.007865 0.065263
v -0.113783 0.007943 0.064369
v -0.116300 0.007930 0.063107
v -0.118818 0.007918 0.061845
v -0.103657 0.006977 0.071091
v -0.102990 0.006757 0.069185
v -0.105031 0.006996 0.068837
v -0.120447 0.007762 0.060671
v -0.127416 0.008613 0.055912
v -0.129155 0.009114 0.055101
v -0.130609 0.009265 0.053924
v -0.132063 0.009415 0.052748
v -0.133227 0.009528 0.052166
v -0.082979 0.016875 0.013781
v -0.083503 0.016569 0.013594
v -0.074941 0.021820 0.013956
v -0.075974 0.020834 0.014194
v -0.090640 0.014496 0.012157
v -0.089717 0.014576 0.012283
v -0.076034 0.020454 0.017873
v -0.084405 0.015634 0.017025
v -0.091372 0.013805 0.015952
v -0.077932 0.018277 0.035735
v -0.077698 0.017930 0.038043
v -0.077578 0.018417 0.035781
v -0.076882 0.016505 0.046685
v -0.111802 0.008982 0.041770
v -0.111075 0.009133 0.040263
v -0.101678 0.008230 0.047552
v -0.100986 0.008242 0.045916
v -0.110087 0.009566 0.038721
v -0.100394 0.008514 0.044566
v -0.075999 0.013115 0.051293
v -0.076162 0.013667 0.049411
v -0.076238 0.014170 0.047251
v -0.076315 0.014673 0.045090
v -0.075612 0.015314 0.044325
v -0.103758 0.005032 0.074331
v -0.103179 0.004997 0.072716
v -0.111145 0.005543 0.065640
v -0.112830 0.005526 0.064760
v -0.115328 0.005723 0.063545
v -0.117825 0.005921 0.062329
v -0.104204 0.005404 0.068664
v -0.102007 0.005026 0.069487
v -0.102593 0.005012 0.071101
v -0.119862 0.006377 0.060828
v -0.126692 0.006640 0.056360
v -0.128213 0.006518 0.055517
v -0.129632 0.006776 0.054338
v -0.131052 0.007033 0.053159
v -0.132497 0.007826 0.052020
v -0.082980 0.015510 0.014253
v -0.083654 0.015419 0.014066
v -0.074513 0.019610 0.014383
v -0.075858 0.019159 0.014645
v -0.089694 0.013232 0.012844
v -0.089024 0.013269 0.012869
v -0.076006 0.019258 0.018293
v -0.084201 0.014742 0.017370
v -0.090647 0.012577 0.015909
v -0.077867 0.016608 0.031454
v -0.077656 0.016329 0.033846
v -0.077445 0.016051 0.036237
v -0.077128 0.015639 0.038551
v -0.077506 0.017220 0.031221
vn 0.061500 -0.998100 -0.000800
vn 0.075300 -0.997000 -0.015800
vn 0.160700 -0.987000 0.002400
vn 0.151600 -0.988300 0.013400
vn -0.047900 -0.990900 0.125900
vn -0.284600 -0.761200 0.582700
vn -0.201100 -0.777800 0.595500
vn -0.004500 -0.988900 0.148200
vn 0.063000 -0.992500 0.104700
vn -0.065900 -0.785800 0.614900
vn -0.140000 -0.847300 0.512400
vn 0.021900 -0.999800 -0.003300
vn -0.025300 -0.995500 -0.091000
vn -0.236800 -0.893800 0.380900
vn -0.261500 -0.904400 0.337300
vn -0.020400 -0.991800 -0.126000
vn -0.124300 -0.992200 0.013500
vn -0.310000 -0.898800 0.309800
vn -0.331700 -0.828100 0.451900
vn -0.085700 -0.994000 0.067900
vn -0.035800 -0.991700 -0.123200
vn -0.320000 -0.898400 0.300800
vn -0.330300 -0.860800 0.387200
vn 0.011600 -0.998200 -0.059000
vn 0.056500 -0.998400 0.009900
vn -0.295200 -0.861100 0.414000
vn -0.269400 -0.868400 0.416300
vn 0.011200 -0.999600 0.025000
vn -0.026100 -0.999300 0.026300
vn -0.255700 -0.820700 0.510900
vn -0.290700 -0.819200 0.494300
vn -0.072600 -0.997100 0.020700
vn -0.128900 -0.991100 0.031600
vn -0.321300 -0.811500 0.488000
vn -0.396700 -0.827700 0.396900
vn -0.258800 -0.965800 0.016600
vn -0.388700 -0.921200 0.013500
vn -0.501400 -0.783000 0.368100
vn -0.612000 -0.693500 0.380100
vn -0.522500 -0.851500 -0.044100
vn -0.630800 -0.766100 -0.123400
vn -0.733500 -0.636900 0.237100
vn -0.859000 -0.506000 0.077800
vn -0.768400 -0.549100 -0.328800
vn -0.186400 -0.919200 -0.346900
vn -0.465300 -0.642400 -0.609000
vn -0.494300 -0.602300 -0.626800
vn -0.204600 -0.912900 -0.353200
vn 0.017400 -0.986800 -0.160900
vn -0.088800 -0.963500 -0.252700
vn -0.101600 -0.963500 -0.247700
vn 0.009400 -0.989800 -0.142100
vn 0.110300 -0.993900 -0.006800
vn 0.075700 -0.992400 -0.097400
vn 0.041300 -0.993600 -0.105400
vn 0.063600 -0.996200 -0.058800
vn 0.299700 -0.951300 -0.071600
vn 0.139800 -0.984800 -0.103300
vn 0.187900 -0.982200 -0.001100
vn 0.368600 -0.920900 0.127000
vn 0.320500 -0.914100 0.248200
vn 0.168100 -0.983800 0.062900
vn 0.143800 -0.989500 0.016000
vn 0.277000 -0.945100 0.173400
vn 0.238800 -0.965600 0.102700
vn 0.125100 -0.991700 -0.029900
vn 0.103100 -0.992800 -0.060800
vn 0.182200 -0.981800 0.053500
vn 0.003700 -0.987200 -0.159400
vn -0.111000 -0.969300 -0.219300
vn -0.083900 -0.975200 -0.204700
vn 0.011900 -0.991300 -0.131500
vn -0.001900 -0.992500 -0.122600
vn -0.079600 -0.974600 -0.209600
vn -0.085300 -0.971100 -0.223100
vn -0.005500 -0.990000 -0.140900
vn -0.002100 -0.988200 -0.153000
vn -0.088400 -0.968100 -0.234400
vn -0.089300 -0.965600 -0.244100
vn 0.005500 -0.987300 -0.158800
vn -0.228100 -0.935300 -0.270500
vn -0.509200 -0.714300 -0.480200
vn -0.442200 -0.751900 -0.489000
vn -0.181700 -0.945100 -0.271500
vn -0.158100 -0.943400 -0.291500
vn -0.395900 -0.760900 -0.514200
vn -0.394500 -0.755700 -0.522800
vn -0.163100 -0.938800 -0.303300
vn -0.169700 -0.933300 -0.316400
vn -0.411600 -0.729100 -0.546800
vn -0.438100 -0.688600 -0.577900
vn -0.177400 -0.926800 -0.331100
vn -0.289200 -0.939000 -0.186400
vn -0.663400 -0.668000 -0.337100
vn -0.411200 -0.908700 -0.071900
vn -0.248300 -0.952000 -0.178900
vn -0.026700 -0.995100 -0.095500
vn -0.161500 -0.977000 -0.139200
vn -0.107700 -0.984500 -0.138800
vn 0.015000 -0.995700 -0.091400
vn 0.271100 -0.962100 0.028100
vn 0.130200 -0.990300 -0.047600
vn 0.125500 -0.991400 -0.038100
vn 0.222800 -0.974400 0.028800
vn 0.181600 -0.981300 -0.063900
vn 0.055900 -0.997200 -0.049600
vn 0.119400 -0.991700 -0.048100
vn 0.292100 -0.956400 -0.001100
vn 0.366000 -0.929600 0.043700
vn 0.152200 -0.986600 -0.058700
vn 0.165200 -0.982900 -0.081500
vn 0.399000 -0.915700 0.047200
vn 0.385200 -0.922600 0.022200
vn 0.166100 -0.980400 -0.105600
vn 0.142100 -0.986800 -0.078000
vn 0.324000 -0.945800 0.022800
vn -0.046700 -0.995600 -0.081000
vn -0.111500 -0.982700 -0.147800
vn -0.138600 -0.963100 -0.230800
vn -0.040200 -0.990300 -0.133000
vn -0.053400 -0.979400 -0.194800
vn -0.142100 -0.944800 -0.295100
vn -0.170000 -0.946000 -0.275800
vn -0.083400 -0.974800 -0.206900
vn -0.075500 -0.976800 -0.200400
vn -0.177900 -0.953100 -0.244900
vn -0.174600 -0.964900 -0.196200
vn -0.056200 -0.987000 -0.150800
vn -0.149800 -0.954100 -0.259400
vn -0.462600 -0.420700 -0.780400
vn -0.615400 -0.288600 -0.733500
vn -0.222500 -0.918600 -0.326600
vn -0.242700 -0.898200 -0.366500
vn -0.699600 -0.247500 -0.670300
vn -0.741800 -0.273300 -0.612400
vn -0.256000 -0.907900 -0.331900
vn -0.270400 -0.915600 -0.297700
vn -0.793800 -0.289400 -0.534900
vn -0.791000 -0.400700 -0.462400
vn -0.288100 -0.925200 -0.247000
vn 0.233700 -0.971700 0.035400
vn 0.221600 -0.974700 0.030800
vn 0.623900 -0.745100 -0.235500
vn 0.199800 -0.979200 0.034900
vn 0.104900 -0.994300 -0.019500
vn 0.020500 -0.882000 -0.470900
vn -0.156200 -0.936100 -0.315000
vn 0.021500 -0.999000 -0.040000
vn 0.167300 -0.985600 0.025600
vn 0.484100 -0.741300 -0.464900
vn 0.229900 -0.812500 -0.535700
vn 0.137000 -0.990500 0.011000
vn 0.437400 -0.891900 -0.114900
vn 0.280800 -0.948700 -0.145500
vn 0.300600 -0.942100 -0.148800
vn 0.448600 -0.887400 -0.105800
vn -0.151900 -0.974100 -0.167500
vn -0.791200 -0.579200 -0.196400
vn -0.554000 -0.821500 0.134800
vn -0.089300 -0.981600 -0.168700
vn 0.117200 -0.977000 -0.178100
vn -0.015100 -0.982800 -0.183900
vn 0.027600 -0.981400 -0.190100
vn 0.137100 -0.972900 -0.186000
vn 0.088200 -0.995600 -0.031100
vn -0.031900 -0.996600 -0.076000
vn -0.034400 -0.993500 -0.108600
vn 0.092500 -0.994400 -0.051200
vn 0.076200 -0.994100 -0.077600
vn -0.049800 -0.987700 -0.148500
vn -0.065400 -0.982100 -0.176600
vn 0.065900 -0.989900 -0.125200
vn 0.077600 -0.983100 -0.165600
vn -0.062000 -0.977700 -0.200500
vn -0.042300 -0.980100 -0.194000
vn 0.095300 -0.980400 -0.172500
vn -0.145500 -0.980000 -0.135400
vn -0.642700 -0.653000 -0.400700
vn -0.674300 -0.613700 -0.410600
vn -0.157700 -0.971700 -0.175700
vn -0.174200 -0.960500 -0.217100
vn -0.687500 -0.596900 -0.413500
vn -0.671400 -0.637300 -0.378100
vn -0.196600 -0.953300 -0.229100
vn -0.200000 -0.951900 -0.232300
vn -0.742700 -0.587400 -0.321400
vn -0.794900 -0.547100 -0.262500
vn -0.189500 -0.960500 -0.203700
vn 0.201000 -0.979500 0.009600
vn 0.153900 -0.988000 -0.015500
vn 0.149200 -0.988200 -0.034200
vn 0.207500 -0.977500 -0.037500
vn 0.261600 -0.961600 -0.083000
vn 0.164700 -0.984900 -0.054100
vn 0.198000 -0.976000 -0.091200
vn 0.334000 -0.937400 -0.098300
vn 0.381200 -0.917500 -0.113600
vn 0.231400 -0.963300 -0.135900
vn 0.255500 -0.956700 -0.139600
vn 0.411600 -0.904200 -0.113900
vn 0.171500 -0.983200 -0.062500
vn 0.237100 -0.963200 -0.127000
vn 0.567800 -0.690700 -0.447900
vn 0.212700 -0.973200 -0.087600
vn 0.027100 -0.999300 -0.026800
vn 0.019300 -0.998500 -0.050300
vn 0.130700 -0.989200 -0.066100
vn 0.099100 -0.994700 -0.028900
vn 0.192200 -0.977100 -0.091300
vn 0.008900 -0.846700 -0.532000
vn -0.162500 -0.867200 -0.470700
vn 0.322600 -0.935900 -0.141400
vn 0.260700 -0.963300 -0.063700
vn 0.280900 -0.667800 -0.689300
vn 0.155400 -0.801800 -0.577000
vn 0.236500 -0.970300 -0.051600
vn -0.036200 -0.959100 -0.280800
vn -0.372100 -0.923000 -0.098000
vn -0.145600 -0.989300 -0.010500
vn 0.033800 -0.972600 -0.230200
vn 0.414300 -0.873200 -0.256800
vn 0.233500 -0.912600 -0.335500
vn 0.221300 -0.929700 -0.294500
vn 0.359500 -0.894700 -0.265200
vn 0.335200 -0.921900 -0.194200
vn 0.185000 -0.976700 -0.108700
vn 0.253700 -0.957700 -0.135700
vn 0.449400 -0.871400 -0.196600
vn 0.539500 -0.819000 -0.195500
vn 0.315500 -0.934700 -0.163700
vn 0.347700 -0.917700 -0.192100
vn 0.578800 -0.794500 -0.183900
vn 0.550500 -0.816100 -0.175800
vn 0.314200 -0.921200 -0.229600
vn 0.252600 -0.926600 -0.278500
vn 0.486800 -0.846500 -0.215800
vn -0.135600 -0.982200 -0.129800
vn -0.369600 -0.892100 -0.259900
vn -0.417000 -0.888500 -0.191200
vn -0.222700 -0.965500 -0.135000
vn -0.266600 -0.953500 -0.140800
vn -0.466200 -0.873800 -0.138300
vn -0.425400 -0.893000 -0.146700
vn -0.241000 -0.951800 -0.189500
vn -0.177300 -0.956500 -0.231900
vn -0.441700 -0.888600 -0.124000
vn -0.444600 -0.889000 -0.109800
vn -0.108000 -0.959900 -0.258800
vn 0.738700 -0.673900 -0.011800
vn 0.721600 -0.687400 -0.082000
vn 0.931000 -0.353000 -0.092600
vn 0.950000 -0.311000 -0.026400
vn 0.449600 -0.884700 -0.122800
vn 0.392700 -0.902500 -0.176600
vn 0.473500 -0.871300 -0.129000
vn 0.506300 -0.857600 -0.090800
vn 0.565600 -0.822100 -0.065000
vn 0.533600 -0.838700 -0.108600
vn 0.634500 -0.766700 -0.098400
vn 0.656600 -0.753200 -0.038300
vn 0.404000 -0.847600 -0.344000
vn 0.336700 -0.904400 -0.262200
vn 0.402800 -0.868700 -0.288400
vn 0.420400 -0.840400 -0.342000
vn 0.297500 -0.954100 -0.033800
vn -0.011900 -0.744900 0.667100
vn 0.216100 -0.840900 0.496300
vn 0.405300 -0.899600 -0.162400
vn 0.756300 -0.540600 -0.368500
vn 0.593100 -0.711000 -0.377800
vn 0.590800 -0.717100 -0.369800
vn 0.750400 -0.557000 -0.355900
vn 0.711100 -0.686700 -0.150800
vn 0.618300 -0.771100 -0.152200
vn 0.612900 -0.753700 -0.237300
vn 0.711800 -0.660300 -0.239500
vn 0.720800 -0.612500 -0.324600
vn 0.614400 -0.723300 -0.315100
vn 0.627600 -0.702800 -0.335000
vn 0.743800 -0.570500 -0.348300
vn 0.768500 -0.522000 -0.369900
vn 0.627000 -0.695000 -0.351800
vn 0.621200 -0.698300 -0.355700
vn 0.790500 -0.500200 -0.353500
vn 0.286400 -0.931500 -0.224400
vn -0.476900 -0.842000 -0.252100
vn -0.430200 -0.873200 -0.229100
vn 0.175500 -0.954600 -0.240900
vn 0.106700 -0.957400 -0.268400
vn -0.491300 -0.863100 -0.116700
vn -0.463900 -0.869000 -0.172100
vn 0.060900 -0.951000 -0.303000
vn 0.018500 -0.941100 -0.337500
vn -0.452700 -0.862000 -0.228100
vn -0.429900 -0.896500 -0.107300
vn 0.024200 -0.976700 -0.213200
vn 0.515600 -0.843400 -0.151200
vn 0.414400 -0.894400 -0.168400
vn 0.347800 -0.911000 -0.221800
vn 0.503800 -0.832600 -0.230100
vn 0.491200 -0.814900 -0.307700
vn 0.307100 -0.907000 -0.288300
vn 0.275600 -0.905700 -0.322100
vn 0.477700 -0.814800 -0.328600
vn 0.444900 -0.825000 -0.348500
vn 0.236900 -0.904200 -0.355400
vn 0.257600 -0.915600 -0.308700
vn 0.411900 -0.841200 -0.350400
vn -0.248000 -0.901800 -0.354000
vn -0.492400 -0.670000 -0.555600
vn -0.457900 -0.707400 -0.538400
vn -0.255300 -0.893400 -0.369600
vn 0.001200 -0.989500 -0.144600
vn -0.125600 -0.959400 -0.252400
vn -0.113800 -0.959400 -0.257900
vn 0.020900 -0.986500 -0.162500
vn 0.166500 -0.980100 -0.107800
vn 0.078000 -0.990100 -0.116800
vn 0.122100 -0.985600 -0.116800
vn 0.235400 -0.967800 -0.089400
vn -0.144300 -0.944200 -0.296100
vn -0.049600 -0.951900 -0.302300
vn -0.142300 -0.753400 -0.642000
vn -0.204100 -0.922400 -0.327900
vn 0.023700 -0.986900 -0.159400
vn -0.067300 -0.973900 -0.216700
vn -0.102600 -0.967600 -0.230900
vn 0.017400 -0.987300 -0.157800
vn 0.196700 -0.975300 -0.100100
vn 0.109700 -0.985700 -0.127800
vn 0.123800 -0.984600 -0.123200
vn 0.235100 -0.966100 -0.106500
vn -0.069800 -0.992900 -0.096800
vn -0.147200 -0.982300 -0.115600
vn -0.311900 -0.688200 0.655000
vn 0.445000 -0.893800 -0.056000
vn 0.274400 -0.958400 -0.078500
vn 0.273100 -0.956800 -0.099300
vn 0.466200 -0.882300 -0.065200
vn 0.003200 -0.975200 -0.221200
vn 0.114800 -0.970600 -0.211400
vn -0.188900 -0.682500 -0.706100
vn -0.063500 -0.957500 -0.281300
vn 0.099400 -0.986900 -0.127100
vn 0.050600 -0.984200 -0.170000
vn 0.001800 -0.977300 -0.211700
vn 0.078600 -0.984500 -0.156500
vn 0.041700 -0.998400 -0.037800
vn 0.005800 -0.995000 -0.100100
vn -0.355000 -0.676400 0.645300
vn 0.078000 -0.986500 -0.143900
vn 0.186600 -0.971200 -0.148400
vn -0.085300 -0.788600 -0.609000
vn 0.021300 -0.976500 -0.214500
vn 0.425000 -0.886500 -0.183100
vn 0.300000 -0.941000 -0.156500
vn 0.321500 -0.931200 -0.172000
vn 0.452200 -0.873400 -0.180600
vn 0.168500 -0.975700 -0.139800
vn 0.123500 -0.983200 -0.134700
vn 0.099000 -0.980400 -0.170600
vn 0.185800 -0.969500 -0.159800
vn 0.057100 -0.964900 -0.256200
vn -0.060500 -0.962300 -0.265100
vn -0.037300 -0.952200 -0.303200
vn 0.032600 -0.949700 -0.311300
vn 0.071000 -0.986900 -0.144900
vn -0.098900 -0.985400 -0.138800
vn -0.081500 -0.976900 -0.197700
vn 0.082500 -0.976300 -0.199900
vn 0.027800 -0.996900 -0.072900
vn -0.058600 -0.995000 -0.080900
vn -0.087900 -0.989900 -0.111000
vn 0.048300 -0.992900 -0.109100
vn 0.042300 -0.930700 -0.363300
vn 0.002300 -0.941300 -0.337700
vn 0.051200 -0.963400 -0.263000
vn 0.068400 -0.953600 -0.293100
vn -0.058200 -0.997300 -0.044100
vn -0.069000 -0.994200 -0.082400
vn -0.031300 -0.997800 -0.059000
vn -0.017500 -0.999100 -0.038700
vn 0.231800 -0.963500 -0.133900
vn 0.155000 -0.976400 -0.150500
vn -0.096600 -0.831900 0.546500
vn 0.405500 -0.835900 -0.369900
vn 0.443200 -0.800500 -0.403500
vn 0.037800 -0.679700 -0.732600
vn 0.367000 -0.873300 -0.320400
vn 0.492300 -0.774500 -0.397100
vn 0.395700 -0.846400 -0.356300
vn 0.559600 -0.615200 -0.555300
vn 0.244100 -0.490400 -0.836600
vn 0.763800 -0.569700 -0.303300
vn 0.603500 -0.725900 -0.330000
vn 0.604200 -0.741700 -0.291100
vn 0.782700 -0.561600 -0.268200
vn 0.273200 -0.931600 -0.239700
vn 0.360900 -0.908100 -0.212300
vn 0.332200 -0.719200 0.610300
vn -0.618600 -0.689100 -0.377500
vn -0.892900 -0.102900 -0.438300
vn -0.899100 -0.142600 -0.413800
vn -0.612100 -0.710900 -0.346400
vn -0.159600 -0.969100 -0.188300
vn -0.407500 -0.865100 -0.292400
vn -0.373200 -0.886200 -0.274600
vn -0.134500 -0.974200 -0.181100
vn 0.338900 -0.937200 0.082300
vn 0.097800 -0.993200 -0.063900
vn 0.116700 -0.990100 -0.077500
vn 0.321900 -0.945800 0.043400
vn 0.326900 -0.943000 -0.062200
vn 0.180100 -0.977300 -0.111900
vn 0.202100 -0.978700 -0.035100
vn 0.387900 -0.919700 0.060300
vn 0.408600 -0.898100 0.162800
vn 0.177400 -0.983900 0.021800
vn 0.151200 -0.988300 0.017500
vn 0.403200 -0.896800 0.182000
vn 0.358500 -0.917000 0.174900
vn 0.105100 -0.994500 0.002200
vn 0.079600 -0.996500 -0.025900
vn 0.334700 -0.932900 0.133200
vn 0.341900 -0.933100 0.111400
vn 0.076200 -0.996300 -0.040600
vn 0.085800 -0.994900 -0.052400
vn 0.348900 -0.931500 0.102500
vn 0.042900 -0.982900 -0.179000
vn -0.135900 -0.948100 -0.287400
vn -0.193800 -0.938700 -0.285100
vn 0.007100 -0.988600 -0.150400
vn -0.057700 -0.988300 -0.141300
vn -0.258400 -0.921500 -0.290000
vn -0.318600 -0.900100 -0.297200
vn -0.113200 -0.980800 -0.158800
vn -0.158200 -0.972900 -0.168800
vn -0.365300 -0.881600 -0.298900
vn -0.392600 -0.866200 -0.309100
vn -0.181500 -0.965900 -0.184400
vn -0.194600 -0.961700 -0.193200
vn -0.412300 -0.854700 -0.315300
vn -0.419900 -0.853200 -0.309200
vn -0.187500 -0.962200 -0.197500
vn -0.295900 -0.865600 -0.403900
vn -0.518300 -0.622500 -0.586400
vn -0.633100 -0.488500 -0.600400
vn -0.373800 -0.830600 -0.412800
vn -0.443300 -0.793800 -0.416300
vn -0.710300 -0.391700 -0.584900
vn -0.763700 -0.312700 -0.564800
vn -0.502600 -0.758700 -0.414500
vn -0.549400 -0.730700 -0.405400
vn -0.803600 -0.258300 -0.536100
vn -0.822200 -0.211800 -0.528300
vn -0.575800 -0.706500 -0.411500
vn -0.599000 -0.684500 -0.415600
vn -0.840000 -0.157800 -0.519100
vn -0.868000 -0.116000 -0.482900
vn -0.618400 -0.675800 -0.401100
vn -0.646000 -0.713800 -0.270400
vn -0.904100 -0.354500 -0.238500
vn -0.686600 -0.726900 0.014500
vn -0.455900 -0.865800 -0.206000
vn -0.079900 -0.984400 -0.156600
vn -0.375500 -0.893500 -0.246300
vn -0.247100 -0.950600 -0.187900
vn -0.046800 -0.988200 -0.146100
vn 0.448700 -0.891200 0.065800
vn 0.194500 -0.979500 -0.051600
vn 0.210600 -0.975400 -0.065400
vn 0.449700 -0.892900 0.020900
vn 0.332900 -0.938400 -0.092600
vn 0.164000 -0.980400 -0.109500
vn 0.211100 -0.974200 -0.080500
vn 0.430000 -0.902600 -0.020800
vn 0.480000 -0.876600 0.034900
vn 0.238300 -0.969500 -0.057100
vn 0.244900 -0.969000 -0.032100
vn 0.487400 -0.870400 0.069700
vn 0.459000 -0.883900 0.089500
vn 0.237100 -0.971400 -0.009700
vn 0.219600 -0.975500 0.016400
vn 0.428000 -0.897600 0.105800
vn 0.430500 -0.892300 0.136100
vn 0.192500 -0.980400 0.042200
vn 0.191000 -0.981600 -0.003000
vn 0.455200 -0.883800 0.107900
vn -0.163500 -0.951800 -0.259600
vn -0.263100 -0.922300 -0.283000
vn -0.012100 -0.987500 -0.157400
vn -0.018900 -0.988300 -0.151200
vn -0.328000 -0.900200 -0.286600
vn -0.372600 -0.888300 -0.268600
vn -0.020800 -0.991800 -0.126000
vn -0.005400 -0.995600 -0.093300
vn -0.415600 -0.875700 -0.245900
vn -0.441900 -0.862100 -0.247900
vn -0.003500 -0.997400 -0.072600
vn -0.053600 -0.995800 -0.074600
vn -0.483200 -0.838000 -0.253600
vn -0.475100 -0.838500 -0.267000
vn -0.085500 -0.988600 -0.123700
vn -0.309000 -0.867700 -0.389300
vn -0.519900 -0.539400 -0.662400
vn -0.683300 -0.389500 -0.617500
vn -0.476500 -0.777500 -0.410400
vn -0.593600 -0.699600 -0.397800
vn -0.823800 -0.283900 -0.490600
vn -0.846000 -0.287400 -0.449100
vn -0.665600 -0.640200 -0.383600
vn -0.735300 -0.570100 -0.366500
vn -0.872300 -0.260100 -0.414100
vn -0.894100 -0.204200 -0.398700
vn -0.777200 -0.511300 -0.366700
vn -0.800500 -0.479500 -0.359500
vn -0.914100 -0.124300 -0.386100
vn -0.938100 -0.148400 -0.312800
vn -0.773900 -0.538800 -0.332800
vn 0.545500 -0.838100 0.002600
vn 0.349400 -0.936500 -0.030200
vn 0.385500 -0.920900 -0.058100
vn 0.573000 -0.819100 -0.025700
vn -0.189200 -0.975200 -0.115000
vn -0.674200 -0.720300 -0.163400
vn -0.374200 -0.923900 0.080000
vn -0.126000 -0.982900 -0.134000
vn 0.138900 -0.988100 -0.065300
vn -0.025300 -0.995700 -0.089500
vn 0.033000 -0.991300 -0.127300
vn 0.184700 -0.977400 -0.103000
vn 0.057100 -0.980900 -0.186200
vn -0.082300 -0.960100 -0.267400
vn -0.197500 -0.946200 -0.256300
vn 0.036800 -0.983500 -0.177200
vn 0.048800 -0.986100 -0.159100
vn -0.234000 -0.946200 -0.223400
vn -0.221300 -0.958500 -0.179400
vn 0.068100 -0.991600 -0.109700
vn 0.083800 -0.994600 -0.061500
vn -0.207600 -0.968700 -0.136000
vn -0.165100 -0.974700 -0.150700
vn 0.111400 -0.990800 -0.077200
vn 0.120000 -0.987900 -0.098000
vn -0.100500 -0.982400 -0.157500
vn -0.047700 -0.991700 -0.119100
vn 0.116700 -0.989500 -0.084800
vn -0.206700 -0.904500 -0.372900
vn -0.552400 -0.608500 -0.569800
vn -0.619800 -0.611400 -0.491900
vn -0.409300 -0.845600 -0.342700
vn -0.495000 -0.824100 -0.275200
vn -0.749000 -0.572700 -0.333200
vn -0.765700 -0.570200 -0.297700
vn -0.487100 -0.840200 -0.238500
vn -0.479100 -0.854200 -0.201800
vn -0.797200 -0.550800 -0.247000
vn -0.795100 -0.552900 -0.249300
vn -0.431200 -0.879300 -0.202300
vn -0.322100 -0.927900 -0.187700
vn -0.761200 -0.598800 -0.249000
vn -0.719500 -0.661300 -0.212300
vn -0.223300 -0.964200 -0.142900
vn 0.487600 -0.870000 -0.073800
vn 0.277900 -0.952600 -0.123900
vn 0.279900 -0.952300 -0.121800
vn 0.505400 -0.860500 -0.064500
vn 0.509900 -0.858400 -0.056500
vn 0.289100 -0.950200 -0.116400
vn 0.300900 -0.950600 -0.076000
vn 0.506600 -0.861900 -0.023000
vn 0.504000 -0.863700 0.010800
vn 0.301800 -0.952900 -0.029200
vn 0.312300 -0.949200 -0.038400
vn 0.504000 -0.863700 0.002800
vn 0.507000 -0.861900 -0.004700
vn 0.320400 -0.945900 -0.051000
vn 0.325100 -0.944700 -0.043800
vn 0.519200 -0.854600 -0.002600
vn 0.449300 -0.890500 -0.070900
vn 0.253600 -0.964600 -0.072800
vn 0.303600 -0.950000 -0.073600
vn 0.465400 -0.881900 -0.074900
vn 0.655800 -0.752600 -0.059400
vn 0.556800 -0.828100 -0.065000
vn 0.568500 -0.819800 -0.069300
vn 0.660900 -0.748000 -0.060900
vn 0.046600 -0.997100 -0.060200
vn -0.749500 -0.659900 -0.052300
vn -0.445200 -0.813200 0.374900
vn 0.129500 -0.989800 -0.059500
vn 0.790000 -0.613000 -0.011900
vn 0.727500 -0.684600 -0.045800
vn 0.697600 -0.715100 -0.045300
vn 0.730500 -0.682900 -0.011000
vn 0.622600 -0.743400 -0.244300
vn 0.545400 -0.816400 -0.189800
vn 0.595200 -0.777500 -0.203000
vn 0.715000 -0.657800 -0.236800
vn 0.758600 -0.611400 -0.225300
vn 0.788400 -0.586600 -0.185500
vn 0.985400 -0.053800 -0.161600
vn 0.976900 -0.062600 -0.204100
vn 0.813100 -0.563800 -0.144800
vn 0.990400 -0.068100 -0.120500
vn 0.843900 -0.534300 -0.049500
vn 0.747400 -0.661600 -0.059900
vn 0.740300 -0.670000 -0.054400
vn 0.826600 -0.562000 -0.029600
vn -0.119000 -0.947500 -0.296800
vn -0.773800 -0.468800 -0.426000
vn -0.912900 -0.275100 -0.301600
vn -0.248600 -0.937500 -0.243700
vn -0.252500 -0.950100 -0.182900
vn -0.944600 -0.296700 -0.140300
vn -0.926000 -0.352300 -0.135700
vn -0.194100 -0.969800 -0.147600
vn -0.142700 -0.983500 -0.111400
vn -0.868700 -0.474400 -0.142200
vn -0.812500 -0.564900 -0.144100
vn -0.097900 -0.988600 -0.114200
vn -0.060000 -0.991200 -0.117900
vn -0.786000 -0.602300 -0.139600
vn -0.765000 -0.636300 -0.099300
vn -0.017500 -0.995900 -0.089300
vn 0.455100 -0.872700 -0.177200
vn 0.336800 -0.922800 -0.187400
vn 0.354400 -0.916700 -0.184600
vn 0.453200 -0.871700 -0.186300
vn 0.472600 -0.859400 -0.194900
vn 0.388100 -0.903700 -0.180900
vn 0.434300 -0.890400 -0.136100
vn 0.512600 -0.844600 -0.154200
vn 0.563700 -0.818300 -0.112400
vn 0.480300 -0.872200 -0.092700
vn 0.517000 -0.852000 -0.082400
vn 0.609600 -0.787800 -0.088100
vn 0.631100 -0.773000 -0.064700
vn 0.534500 -0.842000 -0.073100
vn 0.543300 -0.836700 -0.069200
vn 0.641200 -0.764800 -0.062400
vn 0.213100 -0.960600 -0.178600
vn 0.042500 -0.976100 -0.213000
vn -0.000700 -0.980000 -0.199200
vn 0.252200 -0.952400 -0.171200
vn 0.299600 -0.940100 -0.162400
vn 0.024900 -0.983500 -0.179400
vn 0.083800 -0.986600 -0.139900
vn 0.350700 -0.928600 -0.121300
vn 0.392100 -0.916400 -0.080500
vn 0.129600 -0.986400 -0.100800
vn 0.168500 -0.980400 -0.102100
vn 0.418400 -0.904700 -0.080600
vn 0.430300 -0.899000 -0.081600
vn 0.191400 -0.975800 -0.105900
vn 0.219600 -0.971400 -0.090000
vn 0.437400 -0.896000 -0.076400
vn 0.539900 -0.840500 -0.046900
vn -0.345400 -0.924000 0.163900
vn 0.017200 -0.920600 0.390200
vn 0.557600 -0.829200 -0.038900
vn 0.843800 -0.527600 -0.098400
vn 0.708900 -0.701200 -0.075500
vn 0.709900 -0.700400 -0.073700
vn 0.835900 -0.541800 -0.088100
vn 0.794800 -0.560500 -0.232600
vn 0.585700 -0.772700 -0.244800
vn 0.576800 -0.789100 -0.211300
vn 0.797200 -0.564000 -0.215400
vn 0.797600 -0.569800 -0.197800
vn 0.598900 -0.781400 -0.175300
vn 0.633500 -0.758800 -0.151100
vn 0.802800 -0.572200 -0.167700
vn 0.811400 -0.567900 -0.138100
vn 0.660800 -0.740200 -0.124100
vn 0.678000 -0.727000 -0.108600
vn 0.820400 -0.558700 -0.121900
vn 0.832600 -0.543600 -0.106400
vn 0.694600 -0.713500 -0.091800
vn 0.709600 -0.699600 -0.084100
vn 0.841100 -0.531000 -0.103100
vn 0.317900 -0.908700 -0.270700
vn -0.580000 -0.764000 -0.282700
vn -0.555000 -0.810600 -0.186700
vn 0.301200 -0.936200 -0.181100
vn 0.356100 -0.929500 -0.095900
vn -0.444100 -0.894100 -0.057100
vn -0.360400 -0.931400 -0.050500
vn 0.429600 -0.897800 -0.096800
vn 0.476700 -0.874100 -0.093200
vn -0.343100 -0.938600 -0.037600
vn -0.312500 -0.949900 -0.007200
vn 0.504700 -0.859200 -0.084500
vn 0.522900 -0.849100 -0.074800
vn -0.335400 -0.941200 0.040200
vn -0.337000 -0.936800 0.094200
vn 0.533600 -0.843500 -0.061100
vn 0.036600 -0.992400 -0.117100
vn -0.133000 -0.981700 -0.136400
vn -0.022300 -0.994200 -0.105000
vn 0.121600 -0.989300 -0.080800
vn -0.138300 -0.972000 -0.190000
vn -0.383800 -0.883800 -0.267600
vn -0.382000 -0.891700 -0.242600
vn -0.172900 -0.969400 -0.174100
vn -0.302700 -0.941500 -0.148100
vn -0.314800 -0.939800 -0.132800
vn -0.305200 -0.941500 -0.142900
vn -0.171400 -0.977500 -0.122900
vn -0.601500 -0.733900 -0.315500
vn -0.881100 -0.284200 -0.378100
vn -0.742000 -0.580500 -0.335400
vn -0.548700 -0.785100 -0.287500
vn 0.495800 -0.868400 -0.005500
vn 0.272300 -0.959900 -0.066000
vn 0.338100 -0.940600 -0.030400
vn 0.527000 -0.849400 0.027300
vn 0.277800 -0.960600 -0.007400
vn 0.069800 -0.991900 -0.106200
vn 0.001800 -0.994000 -0.109400
vn 0.174100 -0.984400 -0.026100
vn -0.316600 -0.935100 -0.159500
vn -0.014000 -0.995800 -0.090500
vn -0.147200 -0.983300 -0.106700
vn -0.434000 -0.882600 -0.180900
vn 0.595300 -0.801600 -0.054500
vn 0.411100 -0.906100 -0.099700
vn 0.414200 -0.909000 -0.047200
vn 0.592700 -0.805400 0.006700
vn 0.040300 -0.990100 -0.134600
vn 0.141400 -0.985800 -0.090800
vn 0.156300 -0.986200 -0.053900
vn 0.195500 -0.978800 -0.060600
vn 0.209100 -0.967000 -0.145400
vn 0.127700 -0.980200 -0.151400
vn 0.205800 -0.975700 -0.075100
vn 0.214100 -0.972900 -0.087800
vn 0.244000 -0.965800 -0.087400
vn 0.013500 -0.850700 0.525400
vn 0.224700 -0.972700 -0.058000
vn 0.307900 -0.950300 -0.046700
vn 0.271600 -0.962100 -0.025200
vn 0.313500 -0.949400 -0.021500
vn 0.644300 -0.762100 -0.064100
vn 0.568100 -0.819500 -0.075600
vn 0.567000 -0.823400 -0.023900
vn 0.625800 -0.779900 -0.010500
vn 0.628600 -0.777700 -0.004800
vn 0.637000 -0.769500 -0.045100
vn 0.568900 -0.822400 -0.005200
vn 0.502700 -0.864400 0.010100
vn 0.486100 -0.870400 -0.078600
vn 0.359000 -0.930400 -0.074100
vn 0.409600 -0.911900 -0.026800
vn 0.508500 -0.860700 -0.024600
vn 0.380500 -0.921900 -0.073000
vn 0.011000 -0.664700 0.747000
vn 0.600100 -0.799100 -0.036400
vn 0.434500 -0.900600 -0.012000
vn 0.495100 -0.868700 -0.018200
vn 0.643800 -0.764600 -0.029400
vn 0.807200 -0.585900 -0.071800
vn 0.710900 -0.699700 -0.071000
vn 0.706500 -0.706600 -0.040600
vn 0.768300 -0.639300 -0.032200
vn 0.254200 -0.967100 0.010000
vn 0.009500 -0.626900 0.779000
vn 0.416100 -0.909000 0.023900
vn 0.520500 -0.853300 0.031200
vn 0.490500 -0.868800 0.067400
vn 0.379400 -0.923600 0.055300
vn 0.720900 -0.693000 0.004700
vn 0.689200 -0.724500 -0.009900
vn 0.686200 -0.726900 0.027100
vn 0.716100 -0.697800 0.016800
vn 0.653500 -0.756700 -0.018300
vn 0.558800 -0.829100 -0.019200
vn 0.616000 -0.787000 0.034700
vn 0.655400 -0.754600 0.031600
vn 0.032500 -0.998100 -0.052200
vn -0.079600 -0.990600 -0.111500
vn -0.154100 -0.984500 -0.084000
vn -0.112600 -0.991700 -0.062800
vn -0.384000 -0.910900 -0.151000
vn -0.172600 -0.981100 -0.087800
vn -0.180500 -0.980900 -0.072900
vn -0.258700 -0.960700 -0.100800
vn 0.098100 -0.994700 -0.029700
vn 0.307300 -0.951500 0.010700
vn 0.289800 -0.956500 0.035200
vn 0.132800 -0.991100 -0.003100
vn -0.184000 -0.971700 -0.147900
vn -0.317300 -0.927300 -0.198600
vn -0.276200 -0.953500 -0.120400
vn -0.189300 -0.977400 -0.094100
vn 0.264200 -0.964300 -0.018900
vn 0.259000 -0.965800 -0.009000
vn 0.296300 -0.954900 0.019100
vn 0.330200 -0.943700 0.019500
vn -0.445800 -0.863900 -0.234500
vn -0.570200 -0.778100 -0.263500
vn -0.514400 -0.839200 -0.176400
vn -0.367600 -0.918900 -0.143000
vn 0.253300 -0.967400 -0.004200
vn 0.176500 -0.984100 -0.017500
vn 0.198600 -0.980100 0.003700
vn 0.262100 -0.964900 0.015100
vn 0.615500 -0.787000 0.043300
vn 0.576800 -0.816100 0.035700
vn 0.577300 -0.813500 0.070900
vn 0.596200 -0.798900 0.079000
vn 0.503700 -0.862800 0.042300
vn 0.342400 -0.939500 -0.013100
vn 0.314200 -0.949300 0.011500
vn 0.439200 -0.896600 0.057500
vn 0.545900 -0.835800 0.057500
vn 0.411900 -0.911100 0.011800
vn 0.409400 -0.911700 0.035500
vn 0.480000 -0.875100 0.062400
vn 0.535000 -0.844200 0.032200
vn 0.460600 -0.887300 0.024500
vn 0.489500 -0.870100 0.058100
vn 0.555500 -0.828700 0.067700
vn 0.447700 -0.894200 0.002600
vn 0.424900 -0.904900 0.025500
vn 0.476700 -0.877000 0.060000
vn 0.569900 -0.820100 0.050800
vn 0.167700 -0.984000 -0.060000
vn 0.047800 -0.995000 -0.087200
vn 0.070600 -0.996500 -0.044200
vn 0.167300 -0.985700 -0.021400
vn 0.190300 -0.981700 -0.001500
vn 0.374400 -0.926600 0.035300
vn 0.358600 -0.932200 0.049400
vn 0.232900 -0.972200 0.024000
vn 0.381700 -0.924100 0.019000
vn 0.286200 -0.958100 0.009600
vn 0.328600 -0.943800 0.034900
vn 0.417700 -0.907300 0.048100
vn -0.073700 -0.991400 -0.108600
vn -0.234200 -0.962800 -0.134700
vn -0.145600 -0.985400 -0.088300
vn -0.030400 -0.997400 -0.066100
vn -0.163100 -0.985700 -0.041700
vn -0.179800 -0.982800 -0.041300
vn -0.166600 -0.985700 -0.027000
vn -0.146200 -0.988900 -0.025100
vn 0.270000 -0.961700 0.047800
vn 0.345800 -0.936100 0.064200
vn 0.335900 -0.936400 0.101800
vn 0.299400 -0.949600 0.092700
vn 0.253500 -0.966800 0.030700
vn 0.219100 -0.975400 0.025300
vn 0.231600 -0.971200 0.056600
vn 0.224100 -0.972800 0.059000
vn -0.197400 -0.979400 -0.042600
vn -0.265200 -0.962400 -0.059500
vn -0.254300 -0.965900 -0.048400
vn -0.187900 -0.981700 -0.030600
vn 0.837900 -0.545700 0.010700
vn 0.763100 -0.644000 0.054400
vn 0.839200 -0.539300 0.069600
vn 0.934000 -0.355800 0.031700
vn 0.420600 -0.904600 0.069900
vn 0.391700 -0.918400 0.055500
vn 0.363700 -0.926600 0.096100
vn 0.373300 -0.921800 0.104500
vn -0.331100 -0.940800 -0.072500
vn -0.515500 -0.847200 -0.128900
vn -0.541400 -0.828600 -0.142600
vn -0.326600 -0.942500 -0.071400
vn 0.675100 -0.733300 0.080500
vn 0.651600 -0.753400 0.088000
vn 0.671300 -0.733800 0.104800
vn 0.699500 -0.707800 0.098700
vn 0.183700 -0.982600 0.027500
vn 0.275000 -0.959800 0.056200
vn 0.270400 -0.960200 0.070500
vn 0.237800 -0.969400 0.061000
vn 0.367500 -0.927200 0.072100
vn 0.254800 -0.966200 0.039000
vn 0.202600 -0.978500 0.038600
vn 0.305900 -0.949400 0.070900
vn 0.628000 -0.772500 0.094000
vn 0.513700 -0.852900 0.093500
vn 0.542800 -0.832700 0.109600
vn 0.642000 -0.758800 0.109300
vn 0.557000 -0.822800 0.112600
vn 0.556100 -0.824600 0.104000
vn 0.534500 -0.836000 0.124300
vn 0.520700 -0.844000 0.128300
vn 0.134600 -0.990900 0.008600
vn 0.049000 -0.998700 -0.014900
vn 0.017400 -0.999800 -0.009300
vn 0.091300 -0.995800 0.010700
vn 0.553500 -0.827000 0.099200
vn 0.482000 -0.872000 0.085400
vn 0.465300 -0.877700 0.114800
vn 0.546900 -0.827700 0.125800
vn -0.035600 -0.998700 -0.037200
vn -0.106400 -0.992900 -0.054000
vn -0.087200 -0.995700 -0.031600
vn -0.055000 -0.998100 -0.026100
vn 0.407300 -0.910700 0.068700
vn 0.340000 -0.938800 0.054800
vn 0.339900 -0.935800 0.093900
vn 0.378900 -0.919900 0.101300
vn -0.173100 -0.983000 -0.061700
vn -0.167500 -0.984600 -0.049800
vn -0.130800 -0.991000 -0.026800
vn -0.118200 -0.992500 -0.031300
vn 0.389300 -0.916500 0.092400
vn 0.473500 -0.874200 0.107300
vn 0.475100 -0.871000 0.124900
vn 0.432800 -0.894400 0.112900
vn 0.361600 -0.931000 0.049600
vn 0.307900 -0.950500 0.041700
vn 0.290100 -0.953900 0.076400
vn 0.353100 -0.931200 0.090000
vn 0.409100 -0.904900 0.117300
vn 0.396400 -0.909700 0.123700
vn 0.422800 -0.899500 0.110400
vn 0.432100 -0.895300 0.108400
vn -0.113600 -0.993400 0.013200
vn -0.142500 -0.989800 0.001600
vn -0.162500 -0.986700 -0.008100
vn -0.138800 -0.990300 -0.000500
vn 0.581800 -0.806500 0.105300
vn 0.555400 -0.824400 0.108800
vn 0.579500 -0.809000 0.098100
vn 0.600100 -0.794200 0.095500
vn 0.246400 -0.964100 0.098700
vn 0.187300 -0.978200 0.089400
vn 0.192800 -0.978200 0.076800
vn 0.228900 -0.969800 0.084500
vn -0.170600 -0.985300 -0.008300
vn -0.197900 -0.980100 -0.017400
vn -0.218800 -0.975500 -0.023400
vn -0.185900 -0.982500 -0.014900
vn 0.383500 -0.914300 0.130500
vn 0.350400 -0.927500 0.130600
vn 0.356000 -0.927700 0.112500
vn 0.412500 -0.903900 0.113400
vn 0.127000 -0.988400 0.083200
vn 0.185000 -0.978200 0.093800
vn 0.186100 -0.979100 0.081600
vn 0.154300 -0.985200 0.075000
vn -0.225200 -0.974000 -0.025900
vn -0.407300 -0.911100 -0.063400
vn -0.421400 -0.904500 -0.065700
vn -0.251700 -0.967300 -0.031900
vn 0.862300 -0.500700 0.075300
vn 0.803700 -0.589800 0.078200
vn 0.779300 -0.622100 0.075800
vn 0.814700 -0.575200 0.073800
vn 0.318200 -0.940200 0.121900
vn 0.282600 -0.953000 0.109000
vn 0.262800 -0.960300 0.094000
vn 0.293800 -0.950200 0.104000
vn -0.573100 -0.813700 -0.097100
vn -0.840300 -0.515000 -0.169600
vn -0.830800 -0.534100 -0.156700
vn -0.577200 -0.811000 -0.095800
vn 0.735200 -0.672000 0.088300
vn 0.696500 -0.711500 0.092800
vn 0.705000 -0.704100 0.085000
vn 0.739000 -0.668800 0.080800
vn 0.243900 -0.964600 0.100400
vn 0.191100 -0.977900 0.085100
vn 0.156900 -0.985000 0.071700
vn 0.220700 -0.971700 0.084700
vn 0.136900 -0.988400 0.065200
vn 0.074100 -0.996200 0.045300
vn 0.058600 -0.997600 0.037900
vn 0.087000 -0.994900 0.051900
vn 0.655500 -0.748700 0.098400
vn 0.619200 -0.778600 0.101800
vn 0.635500 -0.766500 0.092900
vn 0.668300 -0.738500 0.089500
vn 0.528000 -0.841600 0.113500
vn 0.558200 -0.820700 0.122100
vn 0.577100 -0.809500 0.108200
vn 0.557000 -0.824100 0.102700
vn 0.012000 -0.999400 0.034000
vn -0.020400 -0.999300 0.031800
vn -0.007600 -0.999700 0.025200
vn 0.029300 -0.999100 0.030500
vn 0.588400 -0.798400 0.128300
vn 0.501700 -0.856400 0.122000
vn 0.520900 -0.846400 0.111000
vn 0.598400 -0.793300 0.111900
vn -0.053900 -0.998100 0.028400
vn -0.082700 -0.996300 0.023400
vn -0.092400 -0.995700 0.010400
vn -0.047400 -0.998700 0.019400
vn 0.237800 -0.970700 0.035500
vn 0.215500 -0.976000 0.031100
vn 0.217000 -0.975800 0.026500
vn 0.223800 -0.974200 0.027600
vn -0.497600 -0.866200 -0.044600
vn -0.783500 -0.615500 -0.085700
vn -0.749100 -0.654100 -0.105100
vn -0.422100 -0.904800 -0.055700
vn 0.709800 -0.697100 0.100800
vn 0.678200 -0.728100 0.099100
vn 0.654300 -0.750900 0.090200
vn 0.681400 -0.726200 0.091600
vn 0.137100 -0.990200 0.027500
vn 0.074400 -0.997100 0.018200
vn 0.069000 -0.997600 -0.002900
vn 0.101200 -0.994900 0.003900
vn 0.012100 -0.999800 0.016400
vn 0.016900 -0.999600 0.022400
vn 0.036500 -0.999300 0.000500
vn 0.037600 -0.999300 -0.003900
vn 0.644900 -0.757900 0.098100
vn 0.622600 -0.776500 0.096900
vn 0.611800 -0.786100 0.088500
vn 0.626900 -0.774000 0.089400
vn 0.580000 -0.809100 0.094700
vn 0.557300 -0.825600 0.088100
vn 0.517600 -0.852200 0.076100
vn 0.557100 -0.826400 0.081600
vn 0.022100 -0.999400 0.025800
vn -0.034700 -0.999200 0.020200
vn -0.031700 -0.999500 -0.009100
vn 0.037000 -0.999300 -0.000200
vn 0.534100 -0.842100 0.074600
vn 0.499100 -0.864100 0.064800
vn 0.481900 -0.873700 0.066100
vn 0.478300 -0.875400 0.070400
vn -0.092100 -0.995700 0.011700
vn -0.123400 -0.992300 0.004500
vn -0.121600 -0.992400 -0.018500
vn -0.102100 -0.994600 -0.016000
vn 0.463700 -0.883300 0.069100
vn 0.414900 -0.907000 0.072400
vn 0.398400 -0.915300 0.058900
vn 0.485200 -0.872000 0.064900
vn -0.154200 -0.988000 -0.000200
vn -0.178500 -0.983900 -0.003400
vn -0.168000 -0.985500 -0.024100
vn -0.140000 -0.989900 -0.021900
vn 0.599600 -0.794400 0.097600
vn 0.589900 -0.801600 0.097200
vn 0.576700 -0.812400 0.085900
vn 0.596700 -0.797600 0.087700
vn 0.194400 -0.980300 0.033900
vn 0.215800 -0.975600 0.040200
vn 0.213800 -0.976600 0.022500
vn 0.210400 -0.977300 0.026000
vn -0.202900 -0.979200 -0.007100
vn -0.242800 -0.970000 -0.014400
vn -0.228800 -0.972800 -0.036000
vn -0.195700 -0.980200 -0.029200
vn 0.364000 -0.929400 0.061500
vn 0.301500 -0.952400 0.046100
vn 0.266300 -0.963300 0.033700
vn 0.310200 -0.949600 0.045200
vn 0.236500 -0.970700 0.042900
vn 0.187300 -0.981600 0.037400
vn 0.162300 -0.986600 0.017400
vn 0.219800 -0.975300 0.022500
vn -0.281800 -0.959200 -0.020800
vn -0.396400 -0.917300 -0.036900
vn -0.344400 -0.937600 -0.048500
vn -0.262700 -0.964100 -0.039800
vn 0.886900 -0.458000 0.060800
vn 0.807100 -0.584100 0.086600
vn 0.804300 -0.588400 0.083100
vn 0.903600 -0.422200 0.072700
vn -0.105900 -0.990100 0.092000
vn -0.076000 -0.996800 0.023200
vn -0.025100 -0.999500 0.020400
vn -0.053600 -0.995500 0.077500
vn 0.584400 -0.808400 0.070600
vn 0.583700 -0.812000 0.003700
vn 0.676200 -0.736300 0.025800
vn 0.695600 -0.712500 0.092100
vn 0.486400 -0.873000 0.035200
vn 0.472700 -0.880100 -0.044100
vn 0.525500 -0.850600 -0.019200
vn 0.535400 -0.842600 0.058500
vn 0.788900 -0.598800 0.138300
vn 0.758200 -0.649200 0.061700
vn 0.954900 -0.289000 0.067800
vn 0.947100 -0.266500 0.178900
vn 0.242500 -0.968800 -0.051000
vn 0.282000 -0.957800 -0.056500
vn 0.217000 -0.974200 -0.061600
vn 0.215000 -0.973200 -0.082300
vn 0.185300 -0.981500 -0.047800
vn 0.134500 -0.989100 -0.060300
vn 0.285700 -0.956000 -0.065800
vn 0.330700 -0.943700 0.003400
vn -0.001500 -0.998000 0.062600
vn 0.024500 -0.999500 0.019200
vn 0.074400 -0.997200 0.011400
vn 0.048700 -0.997700 0.047700
vn 0.098500 -0.994600 0.034200
vn 0.124600 -0.992100 -0.014200
vn 0.223100 -0.973900 -0.042900
vn 0.178700 -0.983900 0.003400
vn 0.165300 -0.971500 0.169700
vn 0.166600 -0.981900 0.089700
vn 0.111700 -0.991000 0.073700
vn 0.096000 -0.984000 0.150000
vn 0.032700 -0.991800 0.123300
vn 0.062900 -0.996700 0.050700
vn -0.005800 -0.999500 0.030000
vn -0.036900 -0.993400 0.108500
vn 0.253300 -0.955400 0.151700
vn 0.239900 -0.966100 0.095400
vn 0.201300 -0.974900 0.094800
vn 0.215500 -0.961400 0.170900
vn -0.464300 -0.858000 -0.219800
vn -0.565900 -0.803600 -0.184500
vn -0.739900 -0.558400 -0.375200
vn -0.693300 -0.600200 -0.398900
vn -0.135800 -0.972800 -0.187900
vn -0.269000 -0.958900 -0.090500
vn -0.423000 -0.897300 -0.126100
vn -0.300900 -0.930000 -0.211200
vn 0.121100 -0.976500 -0.178400
vn -0.002300 -0.997300 -0.073800
vn -0.131600 -0.986900 -0.093300
vn -0.002100 -0.981400 -0.191900
vn 0.204600 -0.959300 -0.194500
vn 0.083500 -0.992400 -0.090300
vn 0.046100 -0.994600 -0.093500
vn 0.165600 -0.967600 -0.190800
vn 0.161800 -0.968300 -0.190100
vn 0.137000 -0.987800 -0.074100
vn 0.110700 -0.990200 -0.085400
vn 0.191600 -0.959200 -0.208100
vn -0.034900 -0.984000 -0.174800
vn -0.021100 -0.989800 -0.140800
vn 0.059500 -0.992200 -0.109400
vn 0.066300 -0.980300 -0.186000
vn -0.088400 -0.990900 -0.101500
vn -0.091700 -0.995100 -0.037300
vn -0.024200 -0.999600 -0.016500
vn 0.014000 -0.993700 -0.111600
vn -0.033200 -0.992300 -0.119200
vn -0.038600 -0.993200 -0.109700
vn -0.029700 -0.991600 -0.126100
vn -0.044600 -0.990600 -0.129200
vn 0.062400 -0.993100 -0.099600
vn 0.045300 -0.999000 -0.004600
vn 0.005500 -0.998000 -0.063700
vn 0.016700 -0.993300 -0.114000
vn 0.104300 -0.990400 -0.090400
vn 0.036500 -0.999100 0.021300
vn 0.035600 -0.999100 0.023500
vn 0.082800 -0.992200 -0.093500
vn 0.041500 -0.997900 0.048900
vn 0.047200 -0.998600 0.022500
vn 0.144800 -0.987600 0.061100
vn 0.146800 -0.984500 0.096100
vn 0.800600 -0.596000 0.061900
vn 0.771000 -0.633200 0.068500
vn 0.783900 -0.616000 0.078200
vn 0.831700 -0.551400 0.064500
vn -0.270700 -0.962000 -0.036500
vn -0.430100 -0.900300 -0.066600
vn -0.426500 -0.902800 -0.055300
vn -0.282400 -0.958800 -0.029900
vn 0.192900 -0.979000 0.066700
vn 0.195300 -0.978200 0.071000
vn 0.199400 -0.978300 0.055500
vn 0.225500 -0.972700 0.055300
vn 0.422900 -0.901300 0.093900
vn 0.349900 -0.932200 0.092700
vn 0.334200 -0.939900 0.070200
vn 0.409000 -0.909200 0.078000
vn -0.191800 -0.981300 -0.019400
vn -0.231200 -0.972500 -0.027600
vn -0.240400 -0.970400 -0.021400
vn -0.197600 -0.980200 -0.013300
vn 0.199500 -0.977400 0.070300
vn 0.196200 -0.978400 0.064300
vn 0.203300 -0.977800 0.051300
vn 0.180100 -0.982300 0.051100
vn 0.604500 -0.792000 0.085300
vn 0.592000 -0.801200 0.086600
vn 0.595100 -0.798400 0.091700
vn 0.601000 -0.794000 0.091500
vn -0.148200 -0.988900 -0.011000
vn -0.170100 -0.985300 -0.015300
vn -0.175500 -0.984400 -0.009800
vn -0.153600 -0.988100 -0.006000
vn 0.432100 -0.896500 0.097400
vn 0.427500 -0.899000 0.094800
vn 0.421400 -0.903000 0.083700
vn 0.433600 -0.897300 0.083300
vn -0.054000 -0.998500 0.008100
vn -0.101300 -0.994900 -0.002300
vn -0.113500 -0.993500 0.000700
vn -0.073000 -0.997300 0.009800
vn 0.606100 -0.789700 0.095000
vn 0.521900 -0.847400 0.097900
vn 0.515000 -0.853300 0.081500
vn 0.591900 -0.801600 0.084000
vn 0.028400 -0.999300 0.023500
vn -0.012900 -0.999800 0.016300
vn -0.026700 -0.999500 0.017900
vn 0.019600 -0.999500 0.023900
vn 0.579700 -0.809800 0.090500
vn 0.593000 -0.799800 0.093500
vn 0.590500 -0.802000 0.090100
vn 0.589200 -0.802700 0.092100
vn 0.670700 -0.737200 0.081200
vn 0.638200 -0.765300 0.083300
vn 0.632500 -0.769300 0.089700
vn 0.662800 -0.743500 0.089200
vn 0.035200 -0.998600 0.040200
vn 0.031900 -0.999100 0.029100
vn 0.011200 -0.999600 0.024300
vn 0.002700 -0.999700 0.026200
vn 0.198900 -0.977500 0.069900
vn 0.118100 -0.991300 0.057700
vn 0.088800 -0.995300 0.037800
vn 0.174200 -0.983500 0.049200
vn 0.740200 -0.668400 0.073700
vn 0.706300 -0.703700 0.077700
vn 0.698700 -0.710000 0.087600
vn 0.732900 -0.674900 0.086200
vn -0.575500 -0.812500 -0.093000
vn -0.817700 -0.557300 -0.144100
vn -0.803300 -0.584900 -0.111800
vn -0.556400 -0.827700 -0.073300
vn 0.274300 -0.957600 0.087900
vn 0.237300 -0.968100 0.080100
vn 0.218900 -0.974200 0.055300
vn 0.257600 -0.964300 0.061800
vn -0.058300 -0.998200 -0.011200
vn -0.073800 -0.997200 -0.010400
vn -0.069900 -0.997500 0.007900
vn -0.055200 -0.998400 0.008800
vn 0.555100 -0.817400 0.154100
vn 0.464100 -0.873500 0.147000
vn 0.480900 -0.866400 0.134500
vn 0.574200 -0.806400 0.141400
vn 0.044700 -0.998900 0.012300
vn -0.008400 -1.000000 -0.002300
vn -0.022200 -0.999700 0.013600
vn 0.012500 -0.999700 0.019600
vn 0.503900 -0.851300 0.146000
vn 0.530100 -0.834800 0.148500
vn 0.540800 -0.830200 0.135400
vn 0.506500 -0.852500 0.129100
vn 0.644500 -0.754300 0.124700
vn 0.570700 -0.811500 0.125900
vn 0.597000 -0.794000 0.114300
vn 0.644800 -0.756100 0.111700
vn 0.247800 -0.966100 0.071700
vn 0.148600 -0.988100 0.040500
vn 0.103000 -0.993900 0.040400
vn 0.191000 -0.979200 0.068200
vn 0.260900 -0.961400 0.087700
vn 0.254200 -0.963500 0.083900
vn 0.225800 -0.970500 0.084700
vn 0.260200 -0.960900 0.095200
vn 0.717500 -0.686700 0.117100
vn 0.681600 -0.721400 0.122400
vn 0.687700 -0.717900 0.107900
vn 0.728500 -0.677300 0.102400
vn -0.414300 -0.905100 -0.095700
vn -0.661000 -0.729900 -0.174200
vn -0.792700 -0.582300 -0.180500
vn -0.526800 -0.843500 -0.104600
vn 0.347500 -0.926700 0.143200
vn 0.327700 -0.934900 0.136400
vn 0.303500 -0.944900 0.122500
vn 0.339100 -0.931200 0.133500
vn 0.937700 -0.340200 0.070200
vn 0.845300 -0.526400 0.091800
vn 0.827800 -0.554800 0.083900
vn 0.906900 -0.415300 0.071600
vn -0.189600 -0.981600 -0.021500
vn -0.300500 -0.952400 -0.050700
vn -0.368700 -0.927600 -0.060700
vn -0.201300 -0.979300 -0.022500
vn 0.171700 -0.981600 0.084100
vn 0.217100 -0.972600 0.082800
vn 0.195200 -0.976800 0.087700
vn 0.129200 -0.988300 0.080800
vn 0.320100 -0.937600 0.135800
vn 0.333700 -0.932100 0.141100
vn 0.343400 -0.929300 0.136200
vn 0.348600 -0.927800 0.132700
vn -0.144400 -0.989400 -0.012900
vn -0.166900 -0.985800 -0.017000
vn -0.176800 -0.984100 -0.015900
vn -0.152200 -0.988300 -0.009500
vn 0.307800 -0.943300 0.124400
vn 0.240000 -0.965100 0.104500
vn 0.198900 -0.975400 0.094900
vn 0.267600 -0.957200 0.110300
vn 0.490600 -0.861100 0.133300
vn 0.496400 -0.856200 0.143400
vn 0.526300 -0.840900 0.125900
vn 0.546500 -0.828800 0.119900
vn -0.088500 -0.996000 -0.008400
vn -0.115800 -0.993200 -0.009400
vn -0.118800 -0.992900 -0.001800
vn -0.085800 -0.996300 0.005500
vn 0.368300 -0.919600 0.136500
vn 0.344400 -0.929000 0.135200
vn 0.365200 -0.922000 0.128900
vn 0.381600 -0.915700 0.126000
vn 0.296000 -0.909300 -0.292500
vn 0.357000 -0.889100 -0.286600
vn 0.229600 -0.938000 -0.259800
vn 0.746100 -0.570000 -0.344000
vn 0.603500 -0.711500 -0.359900
vn 0.607100 -0.714900 -0.346800
vn 0.750800 -0.575700 -0.323800
vn 0.439400 -0.866400 -0.237200
vn 0.469600 -0.823400 -0.318400
vn 0.442400 -0.829700 -0.340500
vn 0.440400 -0.847900 -0.295000
vn 0.452700 -0.821100 -0.347600
vn 0.439500 -0.823100 -0.359500
vn 0.292600 -0.946700 -0.134900
vn 0.168600 -0.974300 -0.149700
vn 0.251700 -0.958300 -0.135000
vn 0.107200 -0.969300 -0.221500
vn 0.092600 -0.977100 -0.191400
vn 0.116800 -0.979700 -0.163200
vn 0.144500 -0.972800 -0.181000
vn 0.354500 -0.895100 -0.270600
vn 0.232800 -0.939400 -0.251700
vn 0.267500 -0.941500 -0.204900
vn 0.385500 -0.894300 -0.227300
vn 0.077700 -0.982100 -0.171400
vn 0.088900 -0.983500 -0.157800
vn 0.211000 -0.965100 -0.155100
vn 0.074000 -0.985700 -0.151500
vn 0.127500 -0.987100 -0.096700
vn 0.149300 -0.969100 -0.196100
vn 0.063300 -0.978700 -0.195400
vn 0.075000 -0.981400 -0.177000
vn 0.132600 -0.978300 -0.159400
vn -0.028600 -0.985300 -0.168200
vn 0.015700 -0.982400 -0.186100
vn 0.441200 -0.891200 -0.105600
vn 0.300100 -0.940700 -0.158300
vn 0.288800 -0.949600 -0.122100
vn 0.433600 -0.897300 -0.082300
vn 0.028800 -0.961400 -0.273600
vn -0.095000 -0.973500 -0.208200
vn -0.034000 -0.980500 -0.193400
vn 0.171300 -0.984800 0.027000
vn 0.098400 -0.994200 -0.042400
vn 0.095600 -0.991400 -0.089100
vn 0.172200 -0.984200 -0.042400
vn 0.021600 -0.994200 -0.105100
vn -0.084300 -0.984200 -0.155700
vn -0.067200 -0.981200 -0.180900
vn 0.017900 -0.990700 -0.134600
vn -0.204900 -0.963700 -0.171000
vn -0.152200 -0.963000 -0.222400
vn 0.052200 -0.996000 -0.072800
vn 0.021300 -0.994900 -0.099000
vn 0.042800 -0.992700 -0.112400
vn 0.095700 -0.990400 -0.100000
vn -0.005900 -0.991600 -0.129500
vn -0.117900 -0.962200 -0.245700
vn -0.125100 -0.959700 -0.251600
vn -0.004900 -0.990300 -0.139200
vn -0.223100 -0.906100 -0.359500
vn -0.505700 -0.589300 -0.630000
vn -0.513500 -0.607500 -0.606000
vn -0.239600 -0.901800 -0.359600
vn 0.248000 -0.964300 0.093100
vn 0.228900 -0.968800 0.094500
vn 0.205500 -0.972200 0.111900
vn 0.245800 -0.961900 0.119900
vn 0.108800 -0.992200 0.060900
vn 0.075500 -0.995600 0.054800
vn 0.056100 -0.996600 0.060300
vn 0.077800 -0.994800 0.065800
vn -0.284800 -0.958500 0.010000
vn -0.439200 -0.898200 -0.018800
vn -0.502500 -0.864400 -0.017500
vn -0.313900 -0.949400 0.010800
vn 0.695100 -0.709000 0.119100
vn 0.678600 -0.725100 0.116900
vn 0.649800 -0.727800 0.219400
vn 0.659800 -0.721200 0.210800
vn 0.209500 -0.973700 0.089200
vn 0.170100 -0.982200 0.079400
vn 0.134600 -0.987100 0.086600
vn 0.163100 -0.981600 0.099500
vn -0.586800 -0.807700 -0.056900
vn -0.796600 -0.596900 -0.095800
vn -0.823800 -0.562300 -0.072300
vn -0.669100 -0.741700 -0.046100
vn 0.662500 -0.739800 0.117800
vn 0.640600 -0.758500 0.119500
vn 0.612600 -0.763600 0.204100
vn 0.645100 -0.735400 0.207400
vn 0.041200 -0.997800 0.051100
vn 0.034700 -0.998100 0.050700
vn 0.025600 -0.998300 0.052600
vn 0.033100 -0.997900 0.055900
vn 0.028100 -0.998400 0.048800
vn 0.021600 -0.998700 0.046900
vn 0.020200 -0.998600 0.049000
vn 0.018200 -0.998600 0.050000
vn 0.618800 -0.776300 0.119800
vn 0.592600 -0.796600 0.119000
vn 0.557800 -0.808400 0.187900
vn 0.578600 -0.791500 0.197000
vn 0.504600 -0.855000 0.119700
vn 0.491400 -0.862500 0.120800
vn 0.453700 -0.875800 0.164700
vn 0.490400 -0.854400 0.171700
vn 0.015400 -0.998800 0.046500
vn -0.038800 -0.998300 0.043300
vn -0.022100 -0.998600 0.048400
vn 0.022800 -0.998500 0.049800
vn 0.478700 -0.870200 0.117000
vn 0.425400 -0.898500 0.108700
vn 0.378000 -0.915200 0.139600
vn 0.415300 -0.896700 0.153000
vn -0.092100 -0.994900 0.042200
vn -0.124000 -0.991400 0.041900
vn -0.124900 -0.991300 0.042600
vn -0.067900 -0.996600 0.047400
vn 0.370000 -0.923600 0.100000
vn 0.309700 -0.946200 0.093800
vn 0.292800 -0.947900 0.125100
vn 0.337400 -0.932100 0.131600
vn -0.157500 -0.986800 0.037700
vn -0.207600 -0.977800 0.029000
vn -0.225000 -0.974100 0.024300
vn -0.186100 -0.982000 0.033500
vn 0.565700 -0.816100 0.117900
vn 0.535700 -0.836200 0.117700
vn 0.512700 -0.840100 0.177200
vn 0.533600 -0.825600 0.183200
vn 0.130300 -0.988900 0.071200
vn 0.118900 -0.990700 0.066300
vn 0.091700 -0.993200 0.071300
vn 0.105500 -0.991400 0.077200
vn -0.257000 -0.966200 0.020400
vn -0.271000 -0.962500 0.015800
vn -0.287300 -0.957700 0.015800
vn -0.261700 -0.965000 0.018800
vn -0.194500 -0.979500 -0.052300
vn -0.218900 -0.974100 -0.056500
vn -0.239600 -0.970700 -0.018100
vn -0.225300 -0.974100 -0.015800
vn 0.194400 -0.980800 0.015200
vn 0.185600 -0.982600 0.007200
vn 0.148700 -0.988100 0.039200
vn 0.158100 -0.986500 0.042800
vn 0.587600 -0.805400 0.077700
vn 0.556700 -0.827400 0.074000
vn 0.538600 -0.837100 0.095700
vn 0.575500 -0.811900 0.097800
vn -0.122500 -0.991500 -0.043300
vn -0.157800 -0.986400 -0.046800
vn -0.179000 -0.983800 -0.008800
vn -0.133600 -0.991000 -0.001800
vn 0.458500 -0.886700 0.059500
vn 0.366200 -0.929500 0.043700
vn 0.327800 -0.942300 0.067800
vn 0.408600 -0.909200 0.079500
vn -0.103900 -0.993700 -0.042600
vn -0.113500 -0.992600 -0.043500
vn -0.119100 -0.992900 -0.002700
vn -0.106800 -0.994300 -0.001300
vn 0.479900 -0.874900 0.065500
vn 0.468800 -0.880800 0.066800
vn 0.452400 -0.887500 0.087600
vn 0.495300 -0.863900 0.091700
vn 0.043500 -0.998700 -0.027100
vn -0.030500 -0.998900 -0.035200
vn -0.041300 -0.999100 0.004700
vn 0.026200 -0.999600 0.009300
vn 0.525100 -0.848400 0.067700
vn 0.503100 -0.861900 0.063300
vn 0.498000 -0.862300 0.092200
vn 0.500600 -0.860600 0.093500
vn 0.621300 -0.779600 0.079500
vn 0.604500 -0.792700 0.079200
vn 0.598800 -0.794800 0.098600
vn 0.621700 -0.776900 0.099600
vn 0.048800 -0.998500 -0.025600
vn 0.046300 -0.998600 -0.026000
vn 0.034500 -0.999400 0.008300
vn 0.041000 -0.999100 0.011900
vn 0.075700 -0.996900 -0.019000
vn 0.062000 -0.997800 -0.023400
vn 0.046000 -0.998800 0.013900
vn 0.051400 -0.998600 0.015300
vn 0.662100 -0.745100 0.080600
vn 0.642200 -0.762400 0.079500
vn 0.638800 -0.762900 0.099500
vn 0.655600 -0.748600 0.099500
vn -0.396100 -0.914900 -0.077100
vn -0.733600 -0.669200 -0.118400
vn -0.748800 -0.654700 -0.103200
vn -0.461000 -0.885200 -0.062000
vn 0.231300 -0.972600 0.021100
vn 0.213100 -0.976800 0.021200
vn 0.195400 -0.979400 0.050600
vn 0.232300 -0.971000 0.056300
vn 0.841800 -0.531200 0.096200
vn 0.758000 -0.646900 0.083900
vn 0.701100 -0.705700 0.102400
vn 0.746400 -0.656500 0.109100
vn -0.241600 -0.968600 -0.058800
vn -0.318900 -0.945400 -0.067200
vn -0.353900 -0.934400 -0.041000
vn -0.251700 -0.967500 -0.022700
vn 0.180600 -0.983600 0.000500
vn 0.130200 -0.991400 -0.009500
vn 0.097700 -0.995000 0.018900
vn 0.141500 -0.989500 0.030400
vn 0.269500 -0.962600 0.028400
vn 0.250400 -0.967900 0.021200
vn 0.238300 -0.969500 0.057400
vn 0.244100 -0.967900 0.059700
vn 0.457000 -0.853700 0.249700
vn 0.434200 -0.868700 0.238300
vn 0.350200 -0.907800 0.230900
vn 0.381900 -0.892400 0.240300
vn 0.069100 -0.994200 0.082900
vn 0.058900 -0.995300 0.076300
vn 0.027800 -0.996000 0.085400
vn 0.029000 -0.995400 0.091400
vn -0.245200 -0.969300 0.019800
vn -0.289300 -0.957100 0.017700
vn -0.295100 -0.954800 0.035200
vn -0.222200 -0.974200 0.038700
vn 0.198500 -0.969400 0.144400
vn 0.143300 -0.981400 0.127600
vn 0.074500 -0.989400 0.125000
vn 0.134000 -0.980600 0.143200
vn 0.049300 -0.996200 0.071500
vn 0.026100 -0.997500 0.066000
vn -0.004500 -0.997100 0.076300
vn 0.027100 -0.996300 0.081700
vn -0.334300 -0.942400 0.013000
vn -0.499900 -0.866000 -0.006700
vn -0.483200 -0.875500 0.007400
vn -0.369500 -0.928900 0.025200
vn 0.641600 -0.705600 0.300700
vn 0.610100 -0.732000 0.303100
vn 0.581800 -0.756600 0.298500
vn 0.653400 -0.695400 0.299200
vn 0.087100 -0.990300 0.108500
vn 0.077600 -0.992600 0.092900
vn 0.022500 -0.994800 0.099400
vn 0.016400 -0.993900 0.108800
vn -0.647200 -0.762000 -0.019500
vn -0.786900 -0.615900 -0.038500
vn -0.745400 -0.665900 -0.030300
vn -0.588100 -0.808800 -0.004800
vn 0.577100 -0.760500 0.297700
vn 0.527000 -0.799200 0.288800
vn 0.440800 -0.854400 0.275000
vn 0.504700 -0.813700 0.288300
vn 0.001600 -0.998300 0.058900
vn 0.004800 -0.998500 0.053900
vn -0.020100 -0.997500 0.067400
vn -0.036800 -0.996800 0.070500
vn 0.009000 -0.998600 0.051300
vn 0.021600 -0.998400 0.051400
vn 0.016600 -0.997800 0.063900
vn -0.002800 -0.997800 0.065600
vn 0.474000 -0.836200 0.275900
vn 0.464400 -0.846100 0.261600
vn 0.377500 -0.892100 0.248300
vn 0.375500 -0.889600 0.260000
vn 0.411000 -0.883600 0.224400
vn 0.350400 -0.913100 0.208500
vn 0.240000 -0.949200 0.203500
vn 0.319400 -0.922000 0.218900
vn 0.035300 -0.997900 0.053500
vn -0.012600 -0.998500 0.052700
vn -0.019100 -0.998200 0.057000
vn 0.035500 -0.997400 0.063000
vn 0.289200 -0.938400 0.189100
vn 0.297900 -0.938900 0.172200
vn 0.221900 -0.958800 0.177500
vn 0.162900 -0.968900 0.186400
vn -0.061500 -0.996800 0.050400
vn -0.151300 -0.987600 0.040800
vn -0.186200 -0.981800 0.037600
vn -0.074900 -0.995900 0.050400
vn 0.306500 -0.937700 0.163700
vn 0.253400 -0.954600 0.156700
vn 0.205600 -0.965400 0.160200
vn 0.277700 -0.945200 0.171800
vn -0.246200 -0.968900 0.025800
vn -0.248900 -0.968300 0.019200
vn -0.261600 -0.964600 0.032100
vn -0.295600 -0.955000 0.026100
vn -0.076800 -0.990300 0.116100
vn -0.068400 -0.991000 0.115200
vn -0.077300 -0.994000 0.076800
vn -0.074200 -0.994000 0.080900
vn -0.060500 -0.992100 0.110000
vn -0.071100 -0.992400 0.100400
vn -0.110000 -0.992200 0.059100
vn -0.080300 -0.994300 0.070800
vn 0.281800 -0.949100 0.140500
vn 0.294700 -0.945700 0.137000
vn 0.291400 -0.952400 0.089500
vn 0.289900 -0.952700 0.090700
vn 0.245100 -0.960800 0.129700
vn 0.177300 -0.975600 0.129800
vn 0.198800 -0.976300 0.085100
vn 0.259500 -0.961800 0.086800
vn -0.083400 -0.992600 0.088500
vn -0.170400 -0.982900 0.070500
vn -0.232600 -0.972500 0.013500
vn -0.139500 -0.989500 0.038600
vn 0.108400 -0.985400 0.131100
vn 0.179000 -0.973700 0.140900
vn 0.216100 -0.971400 0.098500
vn 0.138500 -0.986700 0.085600
vn -0.260900 -0.964000 0.051200
vn -0.255200 -0.966000 0.041100
vn -0.289200 -0.957100 -0.015600
vn -0.317200 -0.948300 -0.010600
vn 0.249000 -0.956600 0.151400
vn 0.119700 -0.981300 0.150900
vn 0.129000 -0.986000 0.105800
vn 0.288800 -0.950900 0.111400
vn -0.244500 -0.969000 0.036200
vn -0.264000 -0.964200 0.025000
vn -0.326800 -0.943900 -0.047600
vn -0.260800 -0.965200 -0.020300
vn 0.308000 -0.942000 0.133300
vn 0.276700 -0.952100 0.129900
vn 0.275300 -0.957400 0.087300
vn 0.291300 -0.952400 0.089700
vn -0.041700 -0.989700 0.137100
vn -0.041000 -0.990000 0.135000
vn -0.059600 -0.993900 0.092700
vn -0.037200 -0.994400 0.098600
vn -0.284800 -0.958600 0.001800
vn -0.415800 -0.908900 -0.032400
vn -0.487900 -0.866300 -0.106800
vn -0.386600 -0.919500 -0.071900
vn -0.012100 -0.990300 0.138600
vn -0.013800 -0.991100 0.132300
vn -0.007200 -0.995900 0.090200
vn -0.026000 -0.995700 0.089400
vn -0.039800 -0.991000 0.127800
vn -0.058000 -0.991200 0.119300
vn -0.077000 -0.993400 0.085100
vn -0.080400 -0.992900 0.087500
vn -0.538000 -0.841200 -0.054500
vn -0.597100 -0.799100 -0.069500
vn -0.653300 -0.738300 -0.167700
vn -0.573100 -0.808000 -0.136800
vn 0.705800 -0.697300 0.125200
vn 0.545200 -0.825600 0.145500
vn 0.588100 -0.806000 0.066800
vn 0.757600 -0.651800 0.034700
vn -0.015200 -0.990900 0.133400
vn -0.028400 -0.990300 0.136400
vn -0.013900 -0.994900 0.099700
vn 0.010600 -0.995200 0.097200
vn -0.653100 -0.752200 -0.087400
vn -0.821900 -0.552900 -0.137300
vn -0.848400 -0.471300 -0.240800
vn -0.718900 -0.668000 -0.192400
vn 0.361600 -0.920400 0.148600
vn 0.322100 -0.935500 0.145100
vn 0.332200 -0.938900 0.090000
vn 0.373200 -0.923700 0.086900
vn 0.429700 -0.860000 0.275200
vn 0.374900 -0.890800 0.256600
vn 0.336500 -0.920000 0.200900
vn 0.377900 -0.901500 0.211100
vn -0.577300 -0.816500 0.001800
vn -0.758600 -0.650700 -0.033000
vn -0.789200 -0.608400 -0.083500
vn -0.600200 -0.798900 -0.039700
vn -0.015500 -0.993700 0.111200
vn -0.011000 -0.994200 0.106700
vn -0.027100 -0.992300 0.121000
vn -0.021900 -0.992300 0.121700
vn 0.647500 -0.701300 0.298200
vn 0.543800 -0.786600 0.292500
vn 0.528800 -0.819300 0.221600
vn 0.663100 -0.717400 0.213700
vn -0.436900 -0.898900 0.033700
vn -0.509800 -0.860100 0.015500
vn -0.550700 -0.834300 -0.026400
vn -0.497900 -0.867200 -0.011500
vn 0.017400 -0.995600 0.092600
vn -0.021500 -0.995800 0.088500
vn -0.035200 -0.994000 0.103500
vn 0.001600 -0.993800 0.110900
vn 0.075500 -0.987200 0.140600
vn 0.030100 -0.992000 0.122600
vn 0.002300 -0.991900 0.126800
vn 0.026200 -0.990000 0.138900
vn -0.196000 -0.978900 0.057700
vn -0.316900 -0.947100 0.051000
vn -0.353200 -0.935500 0.011300
vn -0.199100 -0.979400 0.034100
vn -0.006500 -0.995000 0.099800
vn 0.005400 -0.995500 0.094200
vn -0.015800 -0.993200 0.115400
vn -0.032400 -0.992500 0.117800
vn 0.341700 -0.911600 0.228600
vn 0.302400 -0.927200 0.221000
vn 0.284000 -0.942600 0.175400
vn 0.325000 -0.928200 0.181000
vn -0.279300 -0.959600 0.035000
vn -0.236100 -0.970600 0.047300
vn -0.219600 -0.974800 0.038900
vn -0.243300 -0.969200 0.037900
vn 0.245000 -0.952900 0.178800
vn 0.160900 -0.973500 0.162400
vn 0.130000 -0.979200 0.155800
vn 0.230300 -0.959200 0.164200
vn -0.112300 -0.992500 0.048000
vn -0.200100 -0.979100 0.036800
vn -0.212600 -0.976300 0.040700
vn -0.176100 -0.983100 0.050900
vn 0.102200 -0.977800 0.183200
vn 0.174200 -0.967700 0.182300
vn 0.160600 -0.973800 0.161000
vn 0.091700 -0.983500 0.156200
vn 0.010800 -0.997500 0.070300
vn -0.049900 -0.997000 0.059400
vn -0.102600 -0.992600 0.065700
vn -0.031600 -0.996300 0.080000
vn 0.262700 -0.941500 0.210900
vn 0.183000 -0.963200 0.197000
vn 0.168000 -0.972400 0.162200
vn 0.241400 -0.955500 0.169600
vn 0.318500 -0.916700 0.241100
vn 0.329600 -0.914800 0.233500
vn 0.309300 -0.933200 0.182700
vn 0.293600 -0.936800 0.190200
vn -0.015600 -0.996700 0.079600
vn -0.001800 -0.997100 0.076200
vn -0.031700 -0.995600 0.088300
vn -0.033600 -0.994900 0.095200
vn -0.060500 -0.994700 0.083000
vn -0.038100 -0.996000 0.081300
vn -0.053200 -0.993700 0.098300
vn -0.072800 -0.992400 0.099200
vn -0.096200 -0.994200 0.048400
vn -0.090700 -0.994800 0.047200
vn -0.075000 -0.987100 -0.141300
vn -0.081900 -0.984700 -0.154100
vn -0.633300 -0.738200 -0.232500
vn -0.707900 -0.653300 -0.268600
vn -0.714700 -0.560000 -0.419000
vn -0.657300 -0.637300 -0.402200
vn 0.798800 -0.598700 -0.059200
vn 0.627000 -0.778800 -0.017200
vn 0.704500 -0.665400 -0.246900
vn 0.831700 -0.476600 -0.285000
vn 0.045700 -0.997000 0.062600
vn 0.003600 -0.997900 0.064000
vn 0.049500 -0.988700 -0.141500
vn 0.110800 -0.984400 -0.136900
vn -0.772500 -0.559500 -0.300400
vn -0.852300 -0.400000 -0.337100
vn -0.829600 -0.311500 -0.463400
vn -0.766000 -0.472000 -0.436400
vn 0.417900 -0.908200 0.022800
vn 0.373900 -0.926900 0.032300
vn 0.540300 -0.805200 -0.244400
vn 0.588400 -0.768400 -0.251900
vn -0.085300 -0.995400 0.043600
vn -0.090900 -0.995200 0.037200
vn -0.074500 -0.984800 -0.157000
vn -0.066100 -0.986300 -0.150900
vn -0.096400 -0.994900 0.031100
vn -0.164200 -0.986400 0.010700
vn -0.189500 -0.964300 -0.184700
vn -0.082400 -0.983000 -0.163800
vn 0.328700 -0.943500 0.041600
vn 0.304300 -0.951400 0.046500
vn 0.399800 -0.884000 -0.242500
vn 0.479400 -0.847500 -0.227900
vn 0.269500 -0.962000 0.043700
vn 0.218900 -0.974900 0.041000
vn 0.253700 -0.948500 -0.189600
vn 0.292300 -0.936100 -0.195400
vn -0.233600 -0.972100 -0.020600
vn -0.286000 -0.956900 -0.050800
vn -0.291000 -0.927400 -0.235100
vn -0.288000 -0.930800 -0.224900
vn 0.167300 -0.985100 0.040300
vn 0.250000 -0.966600 0.055600
vn 0.298500 -0.941300 -0.157500
vn 0.214700 -0.959500 -0.182200
vn -0.337400 -0.938900 -0.068900
vn -0.329500 -0.941200 -0.074200
vn -0.318300 -0.910900 -0.262500
vn -0.289700 -0.924200 -0.249000
vn 0.330800 -0.940900 0.072700
vn 0.157100 -0.985700 0.060200
vn 0.206600 -0.966900 -0.149900
vn 0.376100 -0.916400 -0.136900
vn -0.325700 -0.941400 -0.087400
vn -0.403800 -0.906700 -0.121700
vn -0.462500 -0.815900 -0.347000
vn -0.344700 -0.897200 -0.276200
vn 0.276600 -0.959900 0.045900
vn 0.273100 -0.961000 0.044000
vn 0.286800 -0.936300 -0.202500
vn 0.281400 -0.937500 -0.204900
vn -0.037800 -0.997500 0.059300
vn -0.067000 -0.996300 0.053500
vn -0.045300 -0.986600 -0.157000
vn -0.007500 -0.989100 -0.146800
vn -0.471900 -0.868400 -0.152400
vn -0.554200 -0.809300 -0.194700
vn -0.605700 -0.705400 -0.368300
vn -0.559100 -0.747900 -0.357900
vn -0.020900 -0.998900 0.041800
vn 0.012600 -0.998700 0.050100
vn 0.079600 -0.984500 -0.156500
vn 0.045900 -0.983600 -0.174700
vn -0.298300 -0.859500 -0.415000
vn -0.272700 -0.864900 -0.421300
vn -0.322800 -0.272500 -0.906400
vn -0.328600 -0.347500 -0.878200
vn 0.281200 -0.876700 -0.390400
vn 0.335900 -0.869900 -0.361200
vn 0.532300 -0.236900 -0.812800
vn 0.502700 -0.266300 -0.822400
vn -0.247600 -0.870200 -0.426000
vn -0.248700 -0.867000 -0.431700
vn -0.419600 -0.280000 -0.863400
vn -0.400500 -0.370100 -0.838200
vn 0.389100 -0.855700 -0.341300
vn 0.272400 -0.889700 -0.366400
vn 0.467800 -0.330700 -0.819600
vn 0.548300 -0.257900 -0.795500
vn -0.260600 -0.863700 -0.431400
vn -0.424400 -0.760300 -0.491800
vn -0.489800 -0.438600 -0.753500
vn -0.466200 -0.424000 -0.776500
vn 0.294600 -0.846700 -0.443000
vn 0.311400 -0.845800 -0.433100
vn 0.560700 -0.229200 -0.795600
vn 0.550800 -0.269500 -0.790000
vn 0.041500 -0.938400 -0.343000
vn -0.001100 -0.938700 -0.344700
vn 0.194100 -0.465900 -0.863300
vn 0.230900 -0.455400 -0.859800
vn -0.565200 -0.628900 -0.533900
vn -0.584100 -0.607400 -0.538400
vn -0.626800 -0.211500 -0.749900
vn -0.621000 -0.258000 -0.740200
vn 0.150500 -0.915500 -0.373100
vn 0.158200 -0.924500 -0.346800
vn 0.365200 -0.400800 -0.840200
vn 0.389500 -0.373500 -0.841900
vn -0.044100 -0.937000 -0.346600
vn -0.039400 -0.939400 -0.340600
vn 0.138100 -0.446300 -0.884200
vn 0.144400 -0.463200 -0.874400
vn -0.605500 -0.582600 -0.542100
vn -0.638600 -0.542400 -0.545900
vn -0.675500 -0.177300 -0.715700
vn -0.664600 -0.232600 -0.710100
vn 0.787000 -0.373800 -0.490800
vn 0.734900 -0.457400 -0.500600
vn 0.709000 0.056500 -0.703000
vn 0.721500 0.096000 -0.685800
vn 0.167200 -0.929100 -0.329800
vn 0.104500 -0.935800 -0.336600
vn 0.274200 -0.462800 -0.843000
vn 0.320900 -0.438500 -0.839500
vn -0.678600 -0.492900 -0.544500
vn -0.785100 -0.271600 -0.556600
vn -0.744600 -0.236700 -0.624100
vn -0.727400 -0.243800 -0.641500
vn 0.690500 -0.525900 -0.496600
vn 0.642000 -0.590900 -0.488600
vn 0.682100 -0.039900 -0.730100
vn 0.708800 0.038500 -0.704300
vn -0.033200 -0.940500 -0.338100
vn -0.051500 -0.937500 -0.344300
vn 0.065300 -0.439400 -0.895900
vn 0.110900 -0.452700 -0.884800
vn -0.068400 -0.932800 -0.353700
vn -0.185300 -0.903600 -0.386200
vn -0.132600 -0.387100 -0.912500
vn -0.040700 -0.444500 -0.894900
vn 0.588500 -0.655400 -0.473400
vn 0.449900 -0.763800 -0.462800
vn 0.578100 -0.283500 -0.765100
vn 0.664100 -0.102000 -0.740600
vn 0.330500 -0.845000 -0.420400
vn 0.305400 -0.860400 -0.407900
vn 0.523100 -0.260400 -0.811600
vn 0.540200 -0.257300 -0.801300
vn -0.016100 0.993700 -0.111100
vn -0.060300 0.988900 -0.136100
vn -0.047300 0.996000 -0.076100
vn -0.036400 0.997600 -0.059000
vn -0.019500 0.944000 0.329300
vn -0.081700 0.942700 0.323500
vn -0.200300 0.758600 0.620100
vn -0.200900 0.719500 0.664800
vn -0.143700 0.936900 0.318600
vn -0.147800 0.932900 0.328300
vn -0.265700 0.743300 0.614000
vn -0.224300 0.757400 0.613300
vn -0.141300 0.938500 0.315100
vn -0.128200 0.943800 0.304600
vn -0.310700 0.764300 0.565000
vn -0.266900 0.774100 0.574000
vn -0.057000 0.963800 0.260600
vn -0.039500 0.954100 0.296700
vn -0.238300 0.725300 0.645900
vn -0.330000 0.713200 0.618400
vn -0.127800 0.940500 0.314900
vn -0.167000 0.937700 0.304600
vn -0.367900 0.728200 0.578200
vn -0.337900 0.751500 0.566600
vn -0.194500 0.941100 0.276400
vn -0.159900 0.948300 0.274200
vn -0.330400 0.713100 0.618300
vn -0.401600 0.695900 0.595300
vn -0.124100 0.954800 0.270200
vn -0.042900 0.952000 0.303100
vn -0.162500 0.737500 0.655500
vn -0.287500 0.721500 0.629900
vn 0.042300 0.943500 0.328500
vn 0.160300 0.919600 0.358600
vn 0.067700 0.713800 0.697100
vn -0.099300 0.733400 0.672500
vn 0.291500 0.885900 0.360800
vn 0.393900 0.853000 0.342300
vn -0.017400 0.560700 0.827800
vn 0.164000 0.717200 0.677300
vn 0.501300 0.807700 0.310300
vn -0.041200 0.916500 -0.397900
vn -0.455000 0.886100 0.088000
vn -0.004500 0.530700 0.847600
vn -0.145800 0.987800 0.053800
vn -0.177100 0.984000 0.021500
vn -0.374900 0.898400 -0.228800
vn -0.356500 0.906700 -0.225400
vn -0.026200 0.978000 0.207000
vn -0.029000 0.980600 0.193600
vn -0.103600 0.988600 0.109000
vn -0.089300 0.987100 0.133200
vn 0.055000 0.957500 0.283300
vn 0.068700 0.958200 0.277900
vn 0.018300 0.970500 0.240500
vn 0.012700 0.968800 0.247400
vn 0.168800 0.960500 0.221200
vn 0.162100 0.962600 0.216900
vn 0.089100 0.984600 0.150100
vn 0.095100 0.983700 0.152900
vn 0.153200 0.965600 0.210100
vn 0.126900 0.967200 0.220000
vn 0.080600 0.981000 0.176500
vn 0.091900 0.983600 0.154900
vn 0.099600 0.968300 0.228900
vn 0.073700 0.964600 0.253100
vn 0.036900 0.975300 0.217800
vn 0.061700 0.979400 0.192100
vn 0.022200 0.996500 0.080800
vn 0.013800 0.996000 0.087700
vn -0.011100 0.997600 0.067900
vn 0.019900 0.998000 0.060600
vn 0.020700 0.993900 0.108200
vn 0.024800 0.990200 0.137600
vn -0.023100 0.994200 0.105000
vn -0.024200 0.995600 0.090400
vn 0.020000 0.987100 0.158900
vn -0.000300 0.982700 0.185400
vn -0.054400 0.990200 0.128600
vn -0.028800 0.993200 0.113000
vn 0.023400 0.999100 0.035000
vn -0.030000 0.998700 0.041100
vn -0.365400 0.885100 -0.288400
vn -0.339500 0.892000 -0.298400
vn -0.062600 0.995900 0.065300
vn -0.064600 0.995600 0.067500
vn -0.359100 0.899000 -0.250500
vn -0.367700 0.894900 -0.252900
vn -0.073800 0.995300 0.063100
vn -0.103000 0.992500 0.065300
vn -0.346500 0.909000 -0.231600
vn -0.343900 0.907300 -0.242000
vn -0.275800 0.960600 0.034900
vn -0.245400 0.967100 0.066900
vn -0.523300 0.737000 0.427800
vn -0.839000 0.508600 -0.193600
vn -0.052200 0.986500 0.155400
vn -0.058800 0.987400 0.146900
vn -0.142400 0.984900 0.098100
vn -0.162400 0.982500 0.091300
vn 0.059900 0.973800 0.219200
vn 0.049800 0.975500 0.214500
vn -0.004600 0.982700 0.184900
vn 0.004300 0.982400 0.186600
vn 0.045000 0.996200 0.075000
vn 0.063900 0.992300 0.106000
vn 0.010300 0.995300 0.096100
vn 0.001500 0.997200 0.074600
vn 0.072800 0.988600 0.131400
vn 0.076500 0.984700 0.156600
vn 0.021500 0.989500 0.142600
vn 0.018800 0.993100 0.115400
vn 0.084900 0.979200 0.184100
vn 0.081400 0.975000 0.206900
vn 0.016200 0.983700 0.179100
vn 0.023100 0.986000 0.165200
vn -0.036500 0.997300 0.063000
vn -0.041100 0.995800 0.081200
vn -0.125600 0.991700 0.029000
vn -0.088600 0.995800 0.022100
vn -0.037900 0.993900 0.103600
vn -0.032800 0.991800 0.123900
vn -0.155300 0.987000 0.041100
vn -0.144400 0.988700 0.039700
vn -0.037000 0.989500 0.139400
vn -0.044600 0.988100 0.147400
vn -0.164200 0.984200 0.066700
vn -0.162200 0.985700 0.046100
vn -0.130500 0.990600 -0.041000
vn -0.190600 0.981000 -0.037000
vn -0.359900 0.860000 -0.361700
vn -0.341800 0.797400 -0.497300
vn -0.238400 0.970600 -0.034000
vn -0.268700 0.962100 -0.046200
vn -0.502300 0.830100 -0.242300
vn -0.473100 0.834900 -0.281200
vn -0.284000 0.957600 -0.047400
vn -0.289600 0.957100 -0.011900
vn -0.666400 0.722500 -0.184100
vn -0.553400 0.800400 -0.230500
vn -0.103900 0.975800 -0.192600
vn -0.070600 0.975600 -0.208000
vn 0.541700 0.697600 -0.468900
vn -0.069700 0.992400 -0.101300
vn -0.137800 0.978100 -0.156000
vn -0.124600 0.987000 -0.102000
vn -0.698600 0.411700 -0.585200
vn -0.261300 0.467000 -0.844800
vn -0.025200 0.981800 -0.188300
vn -0.077500 0.979300 -0.186900
vn 0.089500 0.622100 -0.777800
vn 0.372100 0.665700 -0.646900
vn -0.115800 0.943500 0.310600
vn -0.142800 0.939500 0.311300
vn -0.186600 0.941900 0.279300
vn -0.159700 0.948400 0.273800
vn -0.182500 0.952800 0.242700
vn -0.181900 0.959700 0.214400
vn -0.463100 0.800600 0.380100
vn -0.727900 0.682100 0.070100
vn -0.204400 0.947700 0.245300
vn -0.230400 0.942800 0.241000
vn -0.204500 0.953800 0.220200
vn -0.192700 0.951400 0.240400
vn -0.052400 0.998600 -0.005600
vn -0.071300 0.996200 0.050600
vn -0.041300 0.998000 0.048500
vn 0.003600 1.000000 0.005400
vn -0.097000 0.989800 0.104300
vn -0.119300 0.983900 0.133100
vn -0.121800 0.985200 0.120300
vn -0.086800 0.991700 0.095200
vn -0.140100 0.976800 0.162100
vn -0.170600 0.963900 0.204600
vn -0.173200 0.964600 0.198900
vn -0.151200 0.976600 0.152900
vn 0.067100 0.997700 -0.002800
vn -0.007800 0.999300 0.036800
vn -0.610400 0.730200 -0.306900
vn -0.591500 0.699400 -0.401200
vn -0.074800 0.993900 0.080500
vn -0.126700 0.985900 0.109600
vn -0.742500 0.651200 -0.157000
vn -0.679500 0.696300 -0.231300
vn -0.162800 0.975900 0.145600
vn -0.175500 0.965200 0.193700
vn -0.708200 0.706000 0.010400
vn -0.721400 0.687400 -0.084000
vn -0.045200 0.998900 -0.008800
vn -0.039800 0.996900 0.067400
vn -0.055500 0.997200 0.050900
vn -0.046300 0.998900 -0.005900
vn -0.044300 0.988800 0.142500
vn -0.059800 0.983400 0.171500
vn -0.089400 0.985000 0.147300
vn -0.070700 0.990000 0.122000
vn -0.075700 0.976900 0.199600
vn -0.092300 0.962300 0.255900
vn -0.130900 0.966600 0.220100
vn -0.107700 0.977800 0.179500
vn 0.034200 0.999100 0.023400
vn -0.036400 0.999300 0.010500
vn 0.323500 0.868600 -0.375300
vn 0.035300 0.997100 0.067400
vn -0.047700 0.998800 0.011100
vn -0.007200 0.999700 0.023600
vn -0.019600 0.998100 0.058800
vn -0.077200 0.995900 0.047200
vn -0.492100 0.870400 0.013200
vn -0.617300 0.785700 0.039300
vn -0.939500 0.340600 -0.035400
vn -0.696100 0.445600 -0.562900
vn -0.129300 0.991600 -0.006800
vn -0.322200 0.946700 -0.004900
vn -0.258300 0.587000 -0.767200
vn 0.022800 0.750400 -0.660600
vn -0.329900 0.884500 0.329900
vn -0.356500 0.885400 0.298100
vn -0.675200 0.285300 0.680200
vn -0.909300 0.102700 0.403300
vn -0.132000 0.899200 0.417100
vn -0.157200 0.915700 0.369800
vn -0.217000 0.915800 0.337900
vn -0.193500 0.897100 0.397100
vn 0.021200 0.993500 0.111900
vn -0.011100 0.986000 0.166200
vn -0.066200 0.985800 0.154300
vn -0.038300 0.994700 0.095300
vn -0.042200 0.974500 0.220400
vn -0.067100 0.955800 0.286200
vn -0.115900 0.955600 0.271100
vn -0.091600 0.973500 0.209500
vn -0.096700 0.931700 0.350200
vn -0.117200 0.915800 0.384200
vn -0.171800 0.915300 0.364200
vn -0.146400 0.930300 0.336300
vn -0.188700 0.978200 0.086400
vn -0.183300 0.973900 0.134100
vn -0.962700 0.270600 0.001000
vn -0.935800 0.299300 -0.186200
vn -0.198000 0.963600 0.179900
vn -0.236800 0.942200 0.237100
vn -0.968000 0.179700 0.175400
vn -0.971300 0.228500 0.065800
vn -0.282800 0.913600 0.292000
vn -0.311000 0.898100 0.311000
vn -0.900300 0.231100 0.368800
vn -0.949800 0.198200 0.242100
vn -0.437600 0.899100 0.006500
vn -0.006700 0.999500 -0.030200
vn 0.133700 0.991000 -0.008900
vn -0.373000 0.925000 0.072300
vn -0.701400 0.710300 0.059000
vn -0.632500 0.771300 0.071500
vn -0.616700 0.778400 0.117200
vn -0.692200 0.706100 0.149000
vn -0.582600 0.810200 0.064500
vn -0.510900 0.858600 0.041900
vn -0.463900 0.880900 0.094000
vn -0.555900 0.824700 0.104700
vn -0.386900 0.853000 0.350300
vn -0.407400 0.848200 0.338400
vn -0.464000 0.817600 0.340900
vn -0.458200 0.815900 0.352600
vn -0.507800 0.766500 0.393300
vn -0.511600 0.779300 0.361800
vn -0.602700 0.492900 0.627600
vn -0.870000 0.123400 0.477300
vn -0.420300 0.824300 0.379300
vn -0.431800 0.832400 0.347500
vn -0.417900 0.839800 0.346600
vn -0.401700 0.837800 0.369600
vn -0.360700 0.922800 0.135100
vn -0.366900 0.898500 0.240800
vn -0.448400 0.856400 0.256100
vn -0.455200 0.879400 0.139100
vn -0.355600 0.869500 0.342900
vn -0.347500 0.867200 0.356700
vn -0.395800 0.841400 0.368000
vn -0.419000 0.833200 0.360900
vn -0.358300 0.856300 0.371900
vn -0.378300 0.845900 0.376000
vn -0.385300 0.845200 0.370300
vn -0.386400 0.842600 0.375200
vn -0.628300 0.745100 0.223600
vn -0.562900 0.765500 0.311800
vn -0.932600 0.254600 0.255700
vn -0.966900 0.234000 0.101300
vn -0.537500 0.743600 0.397700
vn -0.528700 0.732400 0.429000
vn -0.950500 0.101200 0.293900
vn -0.928500 0.182900 0.323000
vn -0.500500 0.735000 0.457400
vn -0.506200 0.757900 0.411500
vn -0.890900 0.179800 0.417100
vn -0.945200 0.100900 0.310600
vn -0.544400 0.826400 0.144100
vn -0.524900 0.808300 0.266800
vn -0.544900 0.788500 0.285100
vn -0.587600 0.792400 0.163800
vn -0.478300 0.789400 0.384900
vn -0.441300 0.808600 0.389200
vn -0.483900 0.771200 0.413600
vn -0.505700 0.763900 0.400800
vn -0.408600 0.824000 0.392500
vn -0.386700 0.839800 0.381000
vn -0.447300 0.799100 0.401700
vn -0.457000 0.782200 0.423500
vn -0.202500 0.979000 -0.023400
vn -0.220900 0.974800 -0.029700
vn -0.487600 0.815300 -0.312400
vn -0.450700 0.845400 -0.286600
vn 0.009700 0.989600 0.143800
vn 0.013900 0.986900 0.160900
vn -0.101800 0.992000 0.074600
vn -0.102000 0.992600 0.066200
vn 0.065300 0.975600 0.209700
vn 0.037100 0.982500 0.182800
vn 0.026500 0.984900 0.170800
vn 0.046900 0.985200 0.164600
vn -0.111600 0.993800 0.001000
vn -0.143600 0.989300 -0.026300
vn -0.018800 0.859000 -0.511700
vn -0.015400 0.998600 0.050200
vn -0.080700 0.995500 0.049300
vn -0.100700 0.993800 0.048100
vn -0.125500 0.992000 0.014000
vn -0.096900 0.994900 0.027300
vn 0.099000 0.987100 0.126000
vn 0.089500 0.985900 0.141200
vn -0.005700 0.995300 0.097100
vn 0.007500 0.995700 0.092100
vn -0.056800 0.973400 0.221900
vn -0.258300 0.665200 0.700600
vn -0.140500 0.974400 0.175600
vn -0.125500 0.986800 0.102200
vn -0.101000 0.987200 0.123300
vn -0.214500 0.970300 0.112100
vn -0.219400 0.969700 0.107800
vn -0.268700 0.962900 -0.024900
vn -0.361000 0.932500 0.010500
vn -0.226900 0.895900 -0.382000
vn -0.100500 0.994500 -0.031000
vn -0.306100 0.948700 0.078700
vn -0.321000 0.942700 0.091400
vn -0.346800 0.935000 0.073700
vn -0.289900 0.956100 0.043100
vn -0.030000 0.978500 0.204300
vn -0.314000 0.685800 0.656600
vn -0.113000 0.974400 0.194300
vn -0.435500 0.898300 0.058800
vn -0.490800 0.869400 0.057100
vn -0.654600 0.706600 -0.268800
vn -0.388800 0.921100 0.022000
vn -0.337500 0.920400 0.197400
vn -0.390300 0.904300 0.172900
vn -0.364500 0.920100 0.143500
vn -0.330300 0.932000 0.149500
vn -0.321300 0.938700 0.124500
vn -0.338100 0.932900 0.124100
vn -0.421500 0.902100 0.092700
vn -0.378900 0.919800 0.101600
vn -0.195600 0.925200 0.325200
vn -0.222500 0.910000 0.349900
vn -0.267500 0.903500 0.334800
vn -0.239400 0.919400 0.311900
vn -0.140700 0.969800 0.199300
vn -0.167700 0.950100 0.262900
vn -0.201000 0.947000 0.250500
vn -0.169300 0.967100 0.189700
vn -0.098400 0.991600 0.084100
vn -0.119600 0.982600 0.142000
vn -0.151700 0.979200 0.135100
vn -0.143100 0.986500 0.080000
vn -0.253900 0.892600 0.372600
vn -0.279100 0.906100 0.317900
vn -0.320700 0.898200 0.300800
vn -0.291300 0.889500 0.352000
vn -0.110000 0.992300 -0.056200
vn -0.080300 0.996700 -0.015400
vn -0.125000 0.991700 0.030900
vn -0.172900 0.984900 0.009600
vn -0.276400 0.916100 0.290400
vn -0.492600 0.524500 0.694400
vn -0.324000 0.904200 0.278400
vn -0.463900 0.836200 0.292600
vn -0.487900 0.824900 0.285600
vn -0.783400 0.605400 0.140700
vn -0.509400 0.811900 0.285100
vn -0.550600 0.783800 0.287400
vn -0.777900 0.453000 -0.435500
vn -0.682600 0.592900 -0.427300
vn -0.563500 0.778200 0.277300
vn -0.367100 0.883600 0.290700
vn -0.320700 0.906800 0.273700
vn -0.402100 0.866800 0.295000
vn -0.414800 0.857300 0.304800
vn -0.530800 0.771700 0.350300
vn -0.509700 0.394000 0.764800
vn -0.526600 0.779500 0.339300
vn -0.264800 0.963400 -0.042300
vn -0.259500 0.965400 -0.024800
vn -0.421800 0.902600 -0.086100
vn -0.378000 0.921000 -0.094400
vn 0.036800 0.993800 0.105300
vn 0.034800 0.993200 0.110900
vn -0.106700 0.993400 0.043000
vn -0.115400 0.992800 0.033100
vn 0.206400 0.961300 0.182600
vn 0.192100 0.963000 0.188900
vn 0.122000 0.981200 0.149600
vn 0.121700 0.982100 0.143700
vn 0.083200 0.979200 0.184800
vn 0.152700 0.965300 0.212000
vn 0.061900 0.981200 0.182700
vn 0.028300 0.981400 0.189800
vn 0.181200 0.958500 0.220000
vn 0.196200 0.960000 0.199700
vn 0.102200 0.983300 0.150500
vn 0.085800 0.982200 0.167300
vn 0.210300 0.961100 0.178800
vn 0.213400 0.961600 0.172800
vn 0.120100 0.985200 0.122100
vn 0.119200 0.984500 0.128400
vn 0.215200 0.962400 0.165900
vn 0.208400 0.962700 0.172500
vn 0.122300 0.984100 0.128600
vn 0.125300 0.985100 0.117500
vn -0.008700 0.986600 0.163100
vn -0.017400 0.991000 0.132500
vn -0.168000 0.985800 0.003600
vn -0.139600 0.988800 0.053200
vn -0.010700 0.993600 0.112700
vn 0.010600 0.995400 0.095600
vn -0.118500 0.993000 -0.000100
vn -0.151600 0.988400 -0.003300
vn 0.027000 0.996800 0.074800
vn 0.026100 0.997200 0.069700
vn -0.117400 0.993000 -0.013900
vn -0.116800 0.993100 -0.013100
vn 0.033800 0.996900 0.070600
vn 0.032900 0.995700 0.086400
vn -0.118200 0.992900 0.011800
vn -0.114000 0.993400 -0.011900
vn -0.264600 0.962700 -0.055800
vn -0.303000 0.947200 -0.105100
vn -0.459000 0.850300 -0.257600
vn -0.486600 0.822300 -0.295100
vn -0.293300 0.948600 -0.119300
vn -0.266200 0.958500 -0.101800
vn -0.403800 0.892700 -0.200000
vn -0.434100 0.870900 -0.230600
vn -0.257600 0.961200 -0.098900
vn -0.258400 0.961100 -0.097600
vn -0.384900 0.905600 -0.178300
vn -0.394100 0.899300 -0.189400
vn -0.258300 0.961300 -0.095900
vn -0.265000 0.961600 -0.070900
vn -0.382700 0.914600 -0.130500
vn -0.381800 0.908300 -0.170900
vn -0.383700 0.923400 0.009300
vn -0.140900 0.983600 0.112300
vn -0.216300 0.909800 0.354100
vn -0.812500 0.577400 -0.080700
vn -0.269800 0.962900 -0.009100
vn -0.291700 0.955700 0.038700
vn -0.218900 0.972600 0.078600
vn -0.330000 0.943900 -0.014500
vn -0.001000 0.995700 0.092700
vn -0.024600 0.990800 0.133000
vn -0.157400 0.983800 0.086200
vn -0.137000 0.989700 0.041900
vn 0.063100 0.986500 0.150900
vn 0.039400 0.990500 0.131800
vn -0.062100 0.994700 0.081400
vn -0.034900 0.994600 0.097500
vn 0.021100 0.993200 0.114200
vn 0.003800 0.994200 0.107700
vn -0.087600 0.994000 0.065700
vn -0.076100 0.994600 0.070100
vn -0.009900 0.994700 0.102400
vn -0.011900 0.996400 0.083700
vn -0.123900 0.991600 0.037300
vn -0.107000 0.992600 0.057900
vn -0.004800 0.997700 0.068300
vn -0.002200 0.996700 0.080800
vn -0.134100 0.990600 0.028400
vn -0.127500 0.991700 0.019000
vn -0.132300 0.990400 0.040800
vn -0.162300 0.986300 0.030800
vn -0.323600 0.942900 -0.078400
vn -0.187200 0.982000 -0.024700
vn -0.174300 0.984200 0.030100
vn -0.179100 0.983500 0.024200
vn -0.425500 0.898300 -0.109300
vn -0.411900 0.905500 -0.102200
vn -0.203500 0.979000 0.009200
vn -0.230600 0.972900 -0.015400
vn -0.479000 0.866600 -0.139500
vn -0.455000 0.881900 -0.123600
vn -0.247100 0.968400 -0.034600
vn -0.265000 0.963900 -0.024900
vn -0.500200 0.857000 -0.124100
vn -0.511600 0.844700 -0.157600
vn -0.234800 0.966000 -0.108400
vn -0.461700 0.865300 -0.195300
vn -0.671600 0.601100 -0.433100
vn -0.553500 0.585900 -0.592000
vn -0.615000 0.754900 -0.228000
vn -0.642600 0.729000 -0.235900
vn -0.815900 0.456200 -0.355100
vn -0.787000 0.500300 -0.361000
vn -0.666800 0.705300 -0.240600
vn -0.690900 0.678200 -0.250600
vn -0.843900 0.414100 -0.341000
vn -0.841600 0.416500 -0.343700
vn -0.728700 0.630400 -0.267600
vn -0.668800 0.722800 -0.174000
vn -0.824600 0.535900 -0.181200
vn -0.832400 0.446100 -0.328700
vn -0.107200 0.994200 0.001700
vn -0.128700 0.987700 0.088800
vn -0.221000 0.973700 0.055200
vn -0.206100 0.978400 -0.016300
vn -0.529200 0.845700 -0.068700
vn -0.460500 0.887600 0.004400
vn -0.613400 0.688000 0.387800
vn -0.927200 0.359400 -0.105300
vn -0.298500 0.953400 -0.043400
vn -0.320100 0.947100 0.022600
vn -0.389900 0.920800 0.010200
vn -0.415300 0.907300 -0.065100
vn -0.295600 0.948000 0.117800
vn -0.253100 0.960900 0.112600
vn -0.449000 0.892900 0.033300
vn -0.402900 0.911600 0.081000
vn -0.251200 0.963400 0.093300
vn -0.271500 0.960400 0.062000
vn -0.505600 0.862300 -0.030100
vn -0.492500 0.870300 -0.009500
vn -0.290600 0.956300 0.031700
vn -0.304600 0.952400 0.010100
vn -0.511800 0.856900 -0.061600
vn -0.516500 0.854900 -0.049100
vn -0.302300 0.953200 -0.006700
vn -0.295200 0.955200 -0.023500
vn -0.452800 0.889100 -0.066500
vn -0.490100 0.869000 -0.068300
vn -0.478400 0.878100 0.010100
vn -0.621900 0.780200 -0.067000
vn -0.895800 0.331200 -0.296400
vn -0.813900 0.452900 -0.363900
vn -0.696600 0.709300 -0.107900
vn -0.710100 0.694100 -0.117900
vn -0.925600 0.302200 -0.228000
vn -0.923800 0.273000 -0.268500
vn -0.708600 0.695200 -0.120700
vn -0.688900 0.714100 -0.124100
vn -0.915700 0.343500 -0.208600
vn -0.926400 0.314000 -0.207700
vn -0.655900 0.744900 -0.122500
vn -0.606300 0.789200 -0.097400
vn -0.902200 0.406900 -0.143100
vn -0.905500 0.369400 -0.208600
vn -0.100900 0.984500 0.143300
vn -0.115700 0.982900 0.143200
vn -0.183700 0.975200 0.123600
vn -0.197200 0.972800 0.121400
vn -0.130500 0.981200 0.142400
vn -0.144200 0.984000 0.104900
vn -0.207500 0.974100 0.089800
vn -0.191300 0.974200 0.119900
vn -0.149800 0.986400 0.068100
vn -0.150300 0.987500 0.047800
vn -0.229400 0.972800 0.032700
vn -0.221000 0.973900 0.052700
vn -0.153100 0.987800 0.027200
vn -0.142600 0.989700 0.011500
vn -0.222400 0.974900 -0.002900
vn -0.228300 0.973500 0.009600
vn -0.456800 0.889600 -0.005400
vn -0.472000 0.881500 0.012100
vn -0.556900 0.830600 0.004200
vn -0.552200 0.833500 -0.020500
vn -0.466000 0.884700 0.009600
vn -0.480700 0.876700 0.019700
vn -0.476200 0.879200 0.014800
vn -0.461300 0.887200 0.001800
vn -0.641100 0.766700 -0.033600
vn -0.637600 0.770300 -0.000700
vn -0.746000 0.653700 0.127400
vn -0.865500 0.499700 -0.033700
vn -0.305100 0.952200 0.017000
vn -0.296500 0.954000 0.045400
vn -0.389600 0.920400 0.032600
vn -0.387800 0.921500 0.019800
vn -0.459000 0.857700 0.231400
vn -0.440800 0.842800 0.308800
vn -0.492800 0.815500 0.303500
vn -0.521400 0.821000 0.232700
vn -0.418100 0.892400 0.169400
vn -0.192800 0.980600 0.034900
vn 0.370300 0.928300 -0.033800
vn 0.298800 0.953300 0.044700
vn -0.384600 0.913200 0.134500
vn -0.395000 0.911900 0.111600
vn -0.408100 0.905200 0.118800
vn -0.410500 0.901400 0.137700
vn -0.379000 0.921300 0.087200
vn -0.341900 0.938300 0.051700
vn -0.397300 0.915600 0.062500
vn -0.407800 0.908500 0.091000
vn -0.534100 0.844100 0.046500
vn -0.571600 0.817700 0.067800
vn -0.675700 0.737100 0.013800
vn -0.735400 0.670500 -0.097500
vn -0.606200 0.790300 0.089600
vn -0.627300 0.772500 0.098200
vn -0.748500 0.661000 0.053500
vn -0.700800 0.711100 0.057300
vn -0.633900 0.765500 0.110300
vn -0.635100 0.767700 0.085700
vn -0.838900 0.543700 0.024000
vn -0.804700 0.591800 0.047600
vn -0.635400 0.769800 0.061100
vn -0.636200 0.771400 0.013900
vn -0.857200 0.514700 -0.014500
vn -0.859900 0.510500 0.004100
vn -0.419600 0.895700 0.146900
vn -0.432200 0.887800 0.158400
vn -0.408600 0.900200 0.150500
vn -0.390700 0.910400 0.136100
vn -0.443100 0.880300 0.169700
vn -0.447600 0.880100 0.158100
vn -0.434500 0.886500 0.159000
vn -0.423600 0.890800 0.164500
vn -0.435900 0.887900 0.147100
vn -0.423600 0.898200 0.117600
vn -0.435300 0.892500 0.118100
vn -0.435700 0.886800 0.154200
vn -0.428900 0.899100 0.087700
vn -0.446200 0.893600 0.048900
vn -0.444400 0.894900 0.041800
vn -0.435700 0.896200 0.083700
vn -0.361100 0.924500 0.122300
vn -0.384800 0.912300 0.140300
vn -0.483800 0.868600 0.107400
vn -0.450800 0.888700 0.084000
vn -0.403700 0.901100 0.158200
vn -0.420500 0.893900 0.155200
vn -0.525500 0.841100 0.128100
vn -0.510400 0.851000 0.123700
vn -0.435300 0.887300 0.152600
vn -0.446300 0.887000 0.118800
vn -0.543400 0.832900 0.104800
vn -0.538200 0.832600 0.131000
vn -0.443200 0.892300 0.085800
vn -0.442300 0.895900 0.040700
vn -0.541000 0.840400 0.032200
vn -0.543200 0.836200 0.075500
vn -0.660800 0.750500 0.007800
vn -0.659700 0.751200 0.020400
vn -0.820400 0.504600 0.269000
vn -0.943300 0.301400 0.139200
vn -0.379600 0.925000 -0.014500
vn -0.378800 0.924900 -0.033800
vn -0.527100 0.849800 -0.007500
vn -0.526400 0.850300 0.002000
vn -0.276800 0.926100 0.256300
vn -0.273700 0.939700 0.204900
vn -0.399600 0.886500 0.233300
vn -0.394700 0.875100 0.280100
vn -0.302100 0.939700 0.160500
vn -0.333100 0.934800 0.123100
vn -0.445400 0.885700 0.131300
vn -0.422500 0.889000 0.176400
vn -0.355900 0.930800 0.083900
vn -0.367900 0.928300 0.054300
vn -0.491100 0.869200 0.058100
vn -0.470300 0.878700 0.082400
vn -0.373600 0.927300 0.023700
vn -0.373900 0.927500 0.004100
vn -0.510200 0.859900 0.016100
vn -0.505800 0.862200 0.029200
vn -0.508400 0.815100 0.277700
vn -0.529200 0.814000 0.239500
vn -0.906400 0.385700 0.172400
vn -0.867300 0.457200 0.196900
vn -0.533700 0.821800 0.199700
vn -0.547300 0.826400 0.132600
vn -0.935600 0.334900 0.111900
vn -0.930800 0.334000 0.148500
vn -0.578400 0.813000 0.067200
vn -0.606700 0.793600 0.046300
vn -0.958000 0.279600 0.064300
vn -0.956900 0.284000 0.061200
vn -0.627300 0.778400 0.024700
vn -0.643600 0.765200 0.015900
vn -0.938400 0.331300 0.098600
vn -0.958000 0.279700 0.063300
vn -0.310500 0.946600 0.087300
vn -0.271500 0.961900 0.032100
vn -0.182600 0.981400 0.058800
vn -0.215500 0.968600 0.123800
vn -0.003100 0.995100 0.098500
vn -0.010700 0.998700 0.050500
vn -0.109800 0.994000 0.000500
vn -0.133800 0.990200 0.040200
vn -0.118200 0.980900 0.154600
vn -0.093900 0.991300 0.091900
vn 0.027500 0.992500 0.119200
vn -0.010700 0.986000 0.166200
vn -0.256200 0.966600 -0.008900
vn -0.216100 0.975800 -0.033600
vn -0.734200 0.627600 -0.259100
vn -0.606000 0.781000 -0.150700
vn -0.045000 0.983800 0.173600
vn -0.027000 0.994100 0.104600
vn -0.150500 0.985400 0.079400
vn -0.179700 0.974900 0.131400
vn 0.149200 0.971900 0.182300
vn 0.120200 0.985300 0.121600
vn 0.048000 0.994700 0.090400
vn 0.075900 0.987200 0.140100
vn 0.097400 0.978600 0.181200
vn 0.136700 0.980500 0.141200
vn 0.128300 0.982400 0.135700
vn 0.123600 0.974300 0.188100
vn -0.235100 0.959600 0.154500
vn -0.329200 0.941800 0.068300
vn -0.329700 0.942800 0.049100
vn -0.285700 0.951700 0.112100
vn -0.420900 0.904100 0.074300
vn -0.392200 0.919600 0.022000
vn -0.253100 0.965800 0.055600
vn -0.275800 0.954400 0.114600
vn -0.338600 0.936700 0.089200
vn -0.331600 0.942700 0.036000
vn -0.361100 0.932200 0.025400
vn -0.379400 0.921800 0.079500
vn -0.123200 0.980900 0.150500
vn -0.198800 0.514100 0.834400
vn -0.605900 0.794900 0.033100
vn -0.573900 0.818900 0.007400
vn -0.556300 0.830800 0.017900
vn -0.591300 0.805300 0.044400
vn -0.485400 0.873800 0.030400
vn -0.475300 0.879700 0.014600
vn -0.479100 0.877600 0.017300
vn -0.481800 0.875800 0.030400
vn -0.356100 0.932200 0.064400
vn -0.449100 0.892700 0.037100
vn -0.460700 0.887400 0.017200
vn -0.421700 0.905800 0.041000
vn -0.478200 0.877700 0.030500
vn -0.481600 0.876300 0.015700
vn -0.530100 0.847900 0.009500
vn -0.543600 0.838900 0.029000
vn -0.576100 0.815400 0.056600
vn -0.589500 0.589900 0.551800
vn -0.630600 0.775700 0.024000
vn -0.577900 0.816100 -0.005400
vn -0.633700 0.773400 0.014800
vn -0.667400 0.743500 0.042300
vn -0.358800 0.931700 -0.056200
vn -0.320300 0.944900 -0.067600
vn -0.458800 0.887600 -0.042100
vn -0.501200 0.865100 -0.020800
vn -0.701000 0.711200 0.052400
vn -0.605400 0.520700 0.602000
vn -0.554200 0.832400 0.003000
vn -0.626900 0.778600 -0.028100
vn -0.535900 0.843900 -0.024800
vn -0.493100 0.869900 -0.006500
vn -0.256600 0.963300 -0.079100
vn -0.163100 0.981300 -0.102400
vn -0.286000 0.954100 -0.089000
vn -0.379300 0.923300 -0.061000
vn -0.497400 0.866900 -0.032900
vn -0.411900 0.908900 -0.065500
vn -0.513800 0.856500 -0.048800
vn -0.582600 0.812700 -0.012500
vn 0.089300 0.994200 0.060400
vn 0.056700 0.998300 0.013900
vn 0.001500 0.999900 -0.010300
vn 0.037300 0.998800 0.031900
vn 0.139400 0.986000 0.091100
vn 0.118400 0.992000 0.043500
vn 0.087300 0.995700 0.031100
vn 0.115000 0.990400 0.077200
vn -0.122100 0.992300 0.019600
vn -0.150700 0.988400 -0.016000
vn -0.085100 0.996300 -0.013500
vn -0.065900 0.997500 0.025200
vn -0.020300 0.999800 0.003000
vn -0.055900 0.997900 -0.033200
vn -0.077100 0.996100 -0.043700
vn -0.094800 0.995000 -0.029800
vn -0.320700 0.947000 -0.016600
vn -0.329400 0.943200 -0.043900
vn -0.360100 0.931400 -0.052400
vn -0.354600 0.934700 -0.026000
vn -0.159600 0.985800 -0.051700
vn -0.092700 0.994700 -0.045000
vn -0.790500 0.532300 -0.303000
vn -0.789000 0.528000 -0.314300
vn -0.387600 0.921100 -0.036600
vn -0.391700 0.918200 -0.059500
vn -0.276000 0.960500 -0.035100
vn -0.257700 0.966200 -0.007800
vn -0.438400 0.898800 0.002800
vn -0.437500 0.899000 -0.020800
vn -0.469100 0.882500 -0.034000
vn -0.467600 0.883900 0.004100
vn -0.010300 0.999300 0.034700
vn -0.021500 0.999800 -0.003500
vn -0.139600 0.989800 -0.027500
vn -0.134200 0.990900 0.003200
vn -0.393500 0.919300 -0.011200
vn -0.449200 0.892000 -0.050100
vn -0.389500 0.919600 -0.050500
vn -0.355800 0.934400 -0.018800
vn -0.492700 0.870200 -0.000700
vn -0.503000 0.863200 -0.044600
vn -0.525300 0.849500 -0.048700
vn -0.527500 0.849500 -0.010700
vn -0.658100 0.752900 -0.000300
vn -0.610200 0.791400 -0.036300
vn -0.620600 0.783700 -0.024400
vn -0.611900 0.790800 0.011200
vn -0.258000 0.965600 -0.032400
vn -0.255300 0.964900 -0.061100
vn -0.136900 0.990100 -0.030600
vn -0.153800 0.988100 -0.002100
vn -0.526500 0.850000 -0.013900
vn -0.540200 0.840200 -0.047600
vn -0.496600 0.866800 -0.045900
vn -0.462500 0.886600 -0.008300
vn -0.562200 0.826800 -0.019000
vn -0.549100 0.834200 -0.051300
vn -0.545200 0.837000 -0.046800
vn -0.544600 0.838600 -0.015400
vn -0.046700 0.998300 0.035500
vn -0.007800 0.999900 0.006900
vn 0.053900 0.998100 0.030100
vn 0.047100 0.996600 0.067300
vn 0.043500 0.998700 -0.025300
vn 0.026400 0.999200 -0.029800
vn -0.017800 0.999000 -0.041400
vn -0.012000 0.999000 -0.042900
vn -0.547700 0.832900 -0.079600
vn -0.541800 0.833600 -0.107600
vn -0.526900 0.843600 -0.103700
vn -0.519900 0.850400 -0.079900
vn -0.370500 0.925600 -0.077000
vn -0.340300 0.938100 -0.064800
vn -0.308200 0.949500 -0.058500
vn -0.287400 0.955900 -0.061300
vn -0.066800 0.996000 -0.059400
vn -0.061600 0.997000 -0.047600
vn 0.102300 0.994700 0.004400
vn -0.018800 0.998800 -0.045100
vn -0.090200 0.988200 -0.124200
vn -0.049800 0.988200 -0.144700
vn -0.182900 0.973400 -0.138300
vn -0.223500 0.968100 -0.113100
vn -0.490700 0.867100 -0.085700
vn -0.511500 0.853300 -0.101500
vn -0.439900 0.893500 -0.089700
vn -0.421000 0.903400 -0.081700
vn 0.041600 0.998900 -0.020500
vn 0.257300 0.964900 0.051700
vn -0.563800 0.806300 -0.179100
vn -0.712100 0.656700 -0.248400
vn -0.355000 0.929800 -0.097200
vn -0.313600 0.941400 -0.124000
vn -0.398500 0.909800 -0.116100
vn -0.450800 0.888200 -0.088400
vn -0.199800 0.978200 -0.056700
vn -0.272200 0.960100 -0.063400
vn -0.188700 0.980300 -0.058900
vn -0.131600 0.989800 -0.054800
vn -0.063800 0.996800 -0.048400
vn -0.104400 0.993500 -0.046200
vn -0.134500 0.989400 -0.054800
vn -0.135100 0.988500 -0.067900
vn -0.542100 0.837100 -0.073900
vn -0.481400 0.869800 -0.107900
vn -0.540000 0.835800 -0.099000
vn -0.588600 0.806300 -0.059300
vn -0.534400 0.843200 -0.057800
vn -0.621900 0.777400 -0.093900
vn -0.572200 0.814300 -0.097600
vn -0.516800 0.852300 -0.080000
vn -0.202600 0.976300 -0.076700
vn -0.164900 0.984600 -0.057100
vn -0.058600 0.997700 -0.035000
vn -0.083800 0.995300 -0.049100
vn -0.505600 0.858300 -0.087100
vn -0.520900 0.847700 -0.100100
vn -0.507700 0.855300 -0.103300
vn -0.511800 0.854800 -0.086300
vn 0.031400 0.999200 -0.022800
vn 0.043900 0.998900 -0.015400
vn 0.062400 0.998000 -0.013400
vn 0.068400 0.997600 -0.009400
vn -0.518600 0.851100 -0.081300
vn -0.495300 0.862500 -0.103700
vn -0.518900 0.848300 -0.105600
vn -0.533500 0.842200 -0.077900
vn 0.104300 0.994500 -0.002000
vn 0.080900 0.996600 -0.012700
vn 0.054700 0.998300 -0.021500
vn 0.074100 0.997200 -0.014100
vn -0.631100 0.774100 -0.049700
vn -0.595200 0.798100 -0.093400
vn -0.609800 0.787400 -0.090400
vn -0.588100 0.807500 -0.044400
vn -0.349600 0.934000 -0.073400
vn -0.360700 0.929700 -0.075100
vn -0.350900 0.933700 -0.070600
vn -0.359900 0.929800 -0.077900
vn -0.554200 0.815900 -0.164600
vn -0.568800 0.807500 -0.156500
vn -0.518200 0.841400 -0.153100
vn -0.509100 0.845000 -0.163500
vn 0.068000 0.997700 -0.002300
vn 0.070800 0.997400 0.014300
vn 0.056700 0.998300 0.012500
vn 0.044500 0.999000 -0.002200
vn -0.519300 0.837000 -0.172400
vn -0.519400 0.838500 -0.164900
vn -0.532000 0.830700 -0.164400
vn -0.536400 0.826000 -0.173000
vn -0.301700 0.942700 -0.142600
vn -0.308100 0.943000 -0.125400
vn -0.256700 0.959100 -0.119500
vn -0.256800 0.956700 -0.136800
vn 0.022900 0.999700 -0.000600
vn 0.043100 0.999000 0.012200
vn 0.159400 0.986600 0.034300
vn 0.093200 0.995500 0.015100
vn -0.463800 0.871800 -0.157500
vn -0.461400 0.874500 -0.149400
vn -0.463400 0.873600 -0.148500
vn -0.465600 0.870900 -0.157200
vn -0.211900 0.968800 -0.128300
vn -0.197800 0.973800 -0.112000
vn -0.197800 0.974700 -0.104200
vn -0.257200 0.958100 -0.125700
vn 0.172400 0.984500 0.032400
vn 0.291400 0.954600 0.062600
vn 0.282900 0.956900 0.066400
vn 0.296400 0.953000 0.062400
vn 0.072900 0.977300 -0.198900
vn 0.113600 0.975000 -0.190800
vn -0.048100 0.980800 -0.188800
vn -0.075100 0.978300 -0.193300
vn -0.467300 0.869600 -0.159500
vn -0.465600 0.873200 -0.143900
vn -0.392300 0.910100 -0.133600
vn -0.386100 0.909900 -0.151700
vn 0.392900 0.916200 0.078800
vn 0.249300 0.966600 0.060200
vn -0.492800 0.865200 -0.092700
vn -0.420700 0.900400 -0.110400
vn -0.222900 0.956900 -0.186000
vn -0.209200 0.960700 -0.182400
vn -0.287200 0.941000 -0.178800
vn -0.317800 0.930300 -0.183200
vn -0.304300 0.945900 -0.112200
vn -0.199800 0.975800 -0.088600
vn -0.154700 0.985700 -0.067200
vn -0.209700 0.974200 -0.082900
vn -0.109700 0.991900 -0.064600
vn -0.103300 0.993300 -0.051800
vn -0.092300 0.994700 -0.044900
vn -0.113100 0.991500 -0.064000
vn -0.410000 0.895000 -0.175800
vn -0.366500 0.914300 -0.172300
vn -0.443100 0.880500 -0.168400
vn -0.466400 0.867600 -0.172700
vn -0.553600 0.814700 -0.172300
vn -0.545300 0.822200 -0.163400
vn -0.559600 0.812800 -0.161900
vn -0.573400 0.801300 -0.170800
vn -0.114400 0.991700 -0.058900
vn -0.078300 0.996400 -0.031700
vn -0.015200 0.999800 -0.012100
vn -0.042300 0.998300 -0.041000
vn -0.593300 0.787400 -0.167400
vn -0.575100 0.802300 -0.160200
vn -0.572200 0.804800 -0.157900
vn -0.574900 0.801900 -0.162800
vn 0.028200 0.999400 -0.022000
vn 0.049400 0.998800 0.003200
vn 0.060400 0.998100 0.010500
vn 0.047900 0.998800 -0.010600
vn -0.362600 0.930400 -0.054200
vn -0.332100 0.942800 -0.029000
vn -0.291800 0.956300 -0.019200
vn -0.315800 0.948000 -0.039900
vn 0.635800 0.769800 0.056000
vn 0.739100 0.667300 0.091900
vn -0.160500 0.986400 -0.034100
vn -0.264600 0.960800 -0.083100
vn -0.195900 0.973900 -0.114900
vn -0.189900 0.978000 -0.086000
vn -0.266200 0.959900 -0.087900
vn -0.264200 0.957700 -0.114100
vn -0.027400 0.999600 -0.010200
vn -0.032000 0.999500 0.008100
vn -0.051700 0.998600 0.006300
vn -0.034400 0.999300 -0.013400
vn -0.041600 0.999000 -0.018700
vn -0.071200 0.997500 0.001200
vn -0.013300 0.999900 0.003300
vn 0.010400 0.999800 -0.016900
vn -0.331100 0.936800 -0.112900
vn -0.337400 0.937300 -0.087600
vn -0.424000 0.901300 -0.088900
vn -0.420900 0.900400 -0.110400
vn -0.530700 0.841500 -0.101500
vn -0.517600 0.851600 -0.082700
vn -0.534100 0.841700 -0.078800
vn -0.548100 0.830700 -0.098000
vn 0.061600 0.998000 -0.014000
vn 0.044500 0.999000 0.009900
vn 0.053000 0.998500 0.010600
vn 0.071400 0.997300 -0.016500
vn -0.565200 0.819600 -0.094000
vn -0.549900 0.831800 -0.075200
vn -0.512900 0.855500 -0.071000
vn -0.535600 0.839500 -0.091300
vn 0.081300 0.996500 -0.019200
vn 0.062200 0.998000 0.010100
vn 0.029700 0.999600 0.003100
vn 0.057600 0.998000 -0.027400
vn -0.504900 0.858800 -0.086800
vn -0.476500 0.876900 -0.063900
vn -0.460000 0.886100 -0.056800
vn -0.484600 0.871000 -0.080600
vn 0.032600 0.998800 -0.036900
vn -0.005300 1.000000 -0.002100
vn -0.004800 1.000000 -0.007200
vn 0.039400 0.998300 -0.041900
vn -0.506900 0.855400 -0.106100
vn -0.504400 0.859100 -0.086700
vn -0.511200 0.855200 -0.085600
vn -0.518900 0.848500 -0.104200
vn -0.268300 0.962900 -0.029700
vn -0.252100 0.967600 -0.011400
vn -0.202600 0.979200 -0.002500
vn -0.204700 0.978600 -0.021500
vn 0.044400 0.998000 -0.046000
vn -0.010400 0.999900 -0.008000
vn 0.101900 0.994800 0.007400
vn 0.217400 0.975900 -0.019300
vn -0.464000 0.882700 -0.074800
vn -0.443500 0.895000 -0.048600
vn -0.387800 0.920900 -0.039700
vn -0.414200 0.907700 -0.066900
vn -0.139900 0.990000 -0.017500
vn -0.153100 0.988200 -0.001600
vn -0.092300 0.995700 0.000200
vn -0.083300 0.996400 -0.014000
vn 0.370100 0.929000 0.002400
vn 0.206100 0.978400 0.018200
vn 0.479800 0.875500 0.057000
vn 0.492400 0.870100 0.021000
vn 0.104800 0.987500 -0.117600
vn 0.111200 0.990400 -0.082700
vn -0.041700 0.995900 -0.080100
vn -0.045800 0.992100 -0.117200
vn -0.042100 0.996700 0.068700
vn -0.029000 0.996400 0.080100
vn -0.044200 0.998500 0.033100
vn -0.060000 0.998200 0.007700
vn -0.701400 0.708600 0.077300
vn -0.682700 0.730600 0.008300
vn -0.585100 0.810500 0.028300
vn -0.631400 0.772000 0.073300
vn -0.612700 0.783700 0.101800
vn -0.658400 0.743100 0.119900
vn -0.643800 0.759200 0.095600
vn -0.665000 0.743500 0.069900
vn -0.665800 0.742300 -0.075600
vn -0.156800 0.984200 -0.082700
vn -0.080500 0.995000 -0.059900
vn -0.537400 0.842700 -0.031200
vn -0.140400 0.989900 -0.018600
vn -0.308400 0.951200 -0.012100
vn -0.353600 0.935400 -0.008000
vn -0.142400 0.989700 -0.012800
vn -0.474000 0.880500 0.009800
vn -0.548700 0.834500 0.050300
vn -0.594100 0.804200 0.017700
vn -0.496200 0.868200 0.002500
vn -0.016100 0.995500 0.093000
vn -0.021900 0.996000 0.086900
vn -0.008100 0.998300 0.057100
vn -0.028500 0.998200 0.052300
vn -0.024500 0.998600 0.046900
vn -0.076100 0.997100 -0.001800
vn -0.051400 0.998700 0.004700
vn 0.014100 0.999300 0.035700
vn -0.058700 0.993700 0.095400
vn -0.062500 0.996400 0.057100
vn -0.062000 0.995500 -0.071000
vn -0.031900 0.998200 -0.051100
vn -0.079400 0.995600 0.050200
vn -0.061500 0.996300 0.059900
vn -0.076300 0.996800 -0.022000
vn -0.092300 0.994400 -0.051800
vn -0.196000 0.962400 0.187800
vn -0.136900 0.981500 0.134000
vn -0.088300 0.995600 -0.031900
vn -0.152500 0.988300 0.004200
vn 0.373000 0.922400 -0.100000
vn 0.023300 0.896600 -0.442200
vn 0.081000 0.933600 -0.349000
vn 0.460700 0.879500 0.119300
vn 0.231200 0.971400 0.053000
vn 0.303300 0.952500 -0.025800
vn 0.366500 0.916300 0.161500
vn 0.276000 0.936600 0.215800
vn 0.181100 0.976000 0.120900
vn 0.188100 0.975000 0.118300
vn 0.169900 0.957500 0.233100
vn 0.096000 0.971700 0.215800
vn 0.198400 0.980100 0.007100
vn 0.184100 0.980300 0.071000
vn 0.048300 0.984800 0.166900
vn 0.005700 0.993200 0.116200
vn 0.066800 0.982400 -0.174700
vn 0.145900 0.984100 -0.101000
vn -0.023600 0.996600 0.079400
vn -0.065700 0.996400 0.053200
vn 0.054600 0.994900 -0.085300
vn 0.068800 0.987500 -0.141500
vn -0.045900 0.994500 0.093800
vn -0.020300 0.991600 0.127900
vn 0.132100 0.988600 -0.072300
vn 0.155000 0.986100 -0.060400
vn 0.065300 0.990700 0.119800
vn 0.042800 0.994200 0.098300
vn 0.008100 0.999500 -0.031200
vn 0.022900 0.998800 -0.042300
vn -0.050900 0.988500 0.142400
vn -0.071600 0.987100 0.143000
vn 0.046300 0.997900 -0.045600
vn 0.025100 0.999100 -0.033400
vn -0.066500 0.985900 0.153300
vn -0.051400 0.988900 0.139100
vn 0.175100 0.983600 -0.043200
vn 0.112300 0.992500 -0.048800
vn 0.021200 0.990100 0.138700
vn 0.081900 0.985700 0.147400
vn -0.111800 0.958200 0.263300
vn -0.165200 0.953800 0.250900
vn -0.118200 0.989000 0.089200
vn -0.070900 0.994600 0.075500
vn 0.117500 0.976000 -0.183400
vn 0.104900 0.983000 -0.150700
vn -0.047800 0.987800 -0.148000
vn -0.042400 0.982000 -0.183900
vn 0.417700 0.903800 0.093000
vn 0.457300 0.887300 0.060600
vn 0.427700 0.902200 0.055400
vn 0.339800 0.936700 0.084300
vn -0.169000 0.980900 -0.096200
vn -0.140700 0.988400 -0.056600
vn -0.090100 0.994700 -0.050500
vn -0.136200 0.987000 -0.085400
vn -0.467100 0.872800 -0.141700
vn -0.472800 0.874500 -0.108400
vn -0.436100 0.893900 -0.103900
vn -0.451600 0.881300 -0.139200
vn 0.041700 0.998900 0.020900
vn 0.049500 0.998700 -0.011400
vn 0.263700 0.964300 0.025500
vn 0.227600 0.972200 0.055400
vn -0.298300 0.948400 -0.107200
vn -0.283900 0.956400 -0.068800
vn -0.211200 0.975600 -0.059800
vn -0.234100 0.966800 -0.102100
vn -0.516000 0.842000 -0.157600
vn -0.511700 0.849000 -0.131900
vn -0.524900 0.841200 -0.130000
vn -0.528500 0.834400 -0.156200
vn 0.057200 0.998000 0.027800
vn 0.049700 0.998800 -0.003700
vn 0.048300 0.998800 -0.006700
vn 0.049400 0.998500 0.023900
vn -0.555200 0.818600 -0.147000
vn -0.529600 0.840200 -0.116900
vn -0.501500 0.857900 -0.111500
vn -0.511800 0.847300 -0.141900
vn 0.063400 0.997600 0.026400
vn 0.082200 0.996600 0.005000
vn 0.065900 0.997800 0.003200
vn 0.060900 0.997700 0.029300
vn -0.572000 0.805700 -0.153800
vn -0.573900 0.809500 -0.123700
vn -0.552200 0.824700 -0.122400
vn -0.563700 0.811800 -0.152800
vn -0.018000 0.999800 -0.003000
vn 0.047500 0.998900 -0.005400
vn 0.066400 0.997800 0.001000
vn 0.025400 0.999600 0.015200
vn -0.541000 0.826700 -0.154900
vn -0.538200 0.833000 -0.128100
vn -0.556200 0.821500 -0.125900
vn -0.556600 0.816400 -0.154000
vn -0.339800 0.925200 -0.169100
vn -0.330000 0.933400 -0.141300
vn -0.423300 0.895300 -0.138600
vn -0.430100 0.887700 -0.164000
vn -0.068700 0.997000 -0.036800
vn -0.034700 0.999100 -0.026000
vn 0.006700 0.999800 -0.016800
vn -0.046000 0.998700 -0.021300
vn -0.102600 0.992300 -0.068700
vn -0.040700 0.998400 -0.038400
vn -0.037400 0.998800 -0.031400
vn -0.086200 0.995000 -0.051300
vn -0.200900 0.963200 -0.178700
vn -0.197100 0.969300 -0.147000
vn -0.264900 0.953400 -0.144700
vn -0.271000 0.946600 -0.174600
vn 0.256600 0.963700 0.074200
vn 0.429600 0.901000 0.060400
vn -0.400100 0.912500 -0.084700
vn -0.505200 0.860400 -0.067200
vn -0.435700 0.891100 -0.127000
vn -0.398100 0.912800 -0.090900
vn -0.340700 0.936900 -0.077800
vn -0.367700 0.922800 -0.114800
vn 0.024800 0.999600 -0.015600
vn 0.009200 0.999700 -0.022300
vn 0.035300 0.999200 -0.017800
vn 0.046300 0.998700 -0.019900
vn -0.564200 0.817400 -0.116100
vn -0.599800 0.787100 -0.143900
vn -0.565500 0.811900 -0.145200
vn -0.533600 0.836400 -0.125000
vn -0.161600 0.985800 -0.044700
vn -0.148400 0.987400 -0.054000
vn -0.070900 0.996800 -0.037700
vn -0.068800 0.997200 -0.028100
vn -0.617700 0.777100 -0.120300
vn -0.577100 0.803600 -0.145900
vn -0.589500 0.795400 -0.141000
vn -0.593300 0.797300 -0.111500
vn -0.456300 0.878400 -0.142000
vn -0.443500 0.882100 -0.158900
vn -0.487200 0.859100 -0.156500
vn -0.507100 0.850200 -0.141400
vn -0.116200 0.992500 -0.036900
vn -0.111500 0.992500 -0.050500
vn -0.131600 0.989900 -0.051900
vn -0.138800 0.989500 -0.040400
vn -0.340400 0.937800 -0.068000
vn -0.364000 0.926500 -0.095300
vn -0.243300 0.967200 -0.073000
vn -0.228400 0.971900 -0.056900
vn -0.275200 0.949600 -0.150300
vn -0.243600 0.955100 -0.168400
vn -0.345400 0.924000 -0.164200
vn -0.368100 0.918300 -0.145800
vn 0.437500 0.892200 0.112100
vn 0.491100 0.863600 0.114300
vn -0.366000 0.925600 -0.097000
vn -0.441500 0.890100 -0.113500
vn -0.497800 0.860100 -0.111300
vn -0.472700 0.870900 -0.134200
vn -0.392100 0.912000 -0.120000
vn -0.420700 0.902600 -0.091500
vn -0.021800 0.986100 -0.164500
vn 0.015000 0.983100 -0.182300
vn -0.113300 0.977500 -0.178000
vn -0.148900 0.975900 -0.159700
vn -0.000600 0.999800 -0.021900
vn 0.090800 0.995800 0.008200
vn 0.301400 0.951100 0.067300
vn 0.227100 0.972600 0.049400
vn -0.302600 0.951700 -0.052600
vn -0.248700 0.964400 -0.089500
vn -0.305400 0.947700 -0.093300
vn -0.322700 0.944900 -0.054600
vn -0.512500 0.848400 -0.132200
vn -0.481400 0.864600 -0.144000
vn -0.477100 0.867800 -0.138800
vn -0.505000 0.854400 -0.122700
vn 0.014100 0.999400 -0.032500
vn 0.007200 0.999800 -0.018800
vn 0.043200 0.999000 -0.008800
vn 0.001000 0.999500 -0.032400
vn -0.339900 0.937700 -0.071900
vn -0.309400 0.945000 -0.105800
vn -0.278200 0.955400 -0.098600
vn -0.321400 0.944900 -0.061600
vn -0.556500 0.819400 -0.137500
vn -0.529700 0.834000 -0.154700
vn -0.553300 0.819100 -0.151800
vn -0.587100 0.798900 -0.130500
vn 0.068000 0.997500 -0.020200
vn 0.061200 0.998000 -0.012600
vn 0.034100 0.999300 -0.016400
vn 0.041200 0.998800 -0.026400
vn -0.503600 0.854000 -0.130500
vn -0.529400 0.835400 -0.147700
vn -0.504800 0.850300 -0.148600
vn -0.507600 0.850900 -0.135100
vn -0.578000 0.775700 0.253400
vn -0.531500 0.790800 0.303500
vn -0.532500 0.787300 0.310800
vn -0.431900 0.845500 0.313900
vn -0.407300 0.861300 0.303700
vn -0.421200 0.851100 0.313500
vn -0.426300 0.845400 0.321900
vn -0.522100 0.783500 0.336800
vn -0.535700 0.784700 0.312100
vn -0.421100 0.847300 0.323800
vn -0.436200 0.845700 0.307300
vn -0.486800 0.818300 0.305700
vn -0.472500 0.816900 0.330800
vn -0.340100 0.940400 -0.008500
vn -0.290600 0.945700 0.145800
vn -0.338100 0.927500 0.159700
vn -0.292100 0.919600 0.262800
vn -0.304900 0.932400 0.194200
vn -0.345200 0.920700 0.181800
vn -0.331800 0.906700 0.260300
vn -0.202000 0.925300 0.320900
vn -0.269000 0.927300 0.260200
vn -0.287400 0.933000 0.216800
vn -0.247900 0.927200 0.281000
vn -0.370700 0.890800 0.262900
vn -0.386300 0.907800 0.163200
vn 0.049900 0.998500 0.021200
vn -0.003900 0.994100 0.108100
vn -0.103600 0.990900 0.086400
vn -0.272300 0.934100 0.230900
vn -0.295300 0.943000 0.153300
vn -0.253000 0.959600 0.122700
vn -0.231700 0.952200 0.199100
vn -0.195000 0.963500 0.183300
vn -0.212200 0.973400 0.086500
vn -0.157800 0.935400 0.316400
vn -0.153200 0.965700 0.209700
vn -0.227800 0.952300 0.202900
vn -0.217900 0.933700 0.284200
vn 0.066500 0.990400 0.121500
vn -0.006700 0.986100 0.166100
vn -0.071900 0.990600 0.116500
vn 0.047600 0.975700 0.213900
vn 0.072700 0.982800 0.169800
vn -0.007100 0.990700 0.136100
vn -0.018200 0.983200 0.181400
vn -0.077100 0.988100 0.132800
vn -0.082600 0.992600 0.089300
vn -0.109400 0.991700 0.067700
vn -0.135200 0.985900 0.098200
vn -0.210600 0.972200 0.102000
vn -0.143700 0.987700 0.061900
vn 0.085100 0.958000 0.274000
vn 0.092400 0.963000 0.253200
vn 0.038700 0.978600 0.202300
vn 0.021600 0.972400 0.232300
vn -0.033600 0.983300 0.179000
vn -0.019700 0.987700 0.155200
vn -0.110800 0.991000 0.074900
vn -0.112700 0.989500 0.090300
vn -0.193100 0.981200 0.003900
vn -0.197800 0.980200 -0.009800
vn -0.402100 0.884500 -0.236600
vn -0.388300 0.893700 -0.224900
vn -0.361600 0.931300 -0.043100
vn -0.341900 0.937600 -0.063100
vn -0.302400 0.951500 -0.056000
vn -0.325200 0.944900 -0.038300
vn -0.171500 0.985100 -0.009700
vn -0.152800 0.988100 -0.018300
vn -0.074900 0.997100 -0.010700
vn -0.086700 0.996200 -0.000600
vn -0.066700 0.997300 0.030600
vn -0.122600 0.992400 0.009300
vn -0.103500 0.994600 0.004700
vn 0.153300 0.987000 0.049100
vn 0.136900 0.988500 -0.065000
vn 0.099500 0.991500 -0.083700
vn -0.088500 0.989000 -0.118700
vn -0.038900 0.996100 -0.078900
vn -0.288200 0.957000 -0.032200
vn -0.259900 0.964500 -0.046200
vn -0.228800 0.972800 -0.035800
vn -0.252900 0.967100 -0.026000
vn 0.365600 0.929000 0.058300
vn -0.067200 0.997700 -0.002300
vn -0.712600 0.697700 -0.073200
vn -0.516900 0.854600 -0.049600
vn -0.210500 0.973400 -0.090200
vn -0.255700 0.957300 -0.135000
vn -0.289800 0.947100 -0.137700
vn -0.276300 0.956500 -0.094200
vn -0.000800 1.000000 0.007900
vn 0.005100 1.000000 -0.004800
vn 0.003400 1.000000 -0.002600
vn -0.026600 0.999600 0.009300
vn -0.050500 0.998600 0.014700
vn 0.003800 1.000000 0.001300
vn 0.071100 0.997400 0.012000
vn 0.019500 0.999400 0.029500
vn -0.343100 0.934300 -0.096500
vn -0.326800 0.934800 -0.139100
vn -0.371800 0.918300 -0.135700
vn -0.404200 0.909600 -0.095600
vn -0.451000 0.888900 -0.079900
vn -0.421300 0.898700 -0.121600
vn -0.431800 0.894500 -0.115600
vn -0.473100 0.877700 -0.076200
vn 0.088900 0.995100 0.044300
vn 0.139900 0.989900 0.023900
vn 0.105000 0.994100 0.028900
vn 0.078100 0.995700 0.050200
vn -0.495000 0.865800 -0.073300
vn -0.442500 0.890500 -0.105800
vn -0.380700 0.920000 -0.092900
vn -0.432300 0.899300 -0.066500
vn 0.065500 0.996600 0.050000
vn 0.068100 0.997300 0.028500
vn 0.043300 0.998700 0.027100
vn 0.032500 0.998500 0.045000
vn -0.367100 0.928500 -0.055600
vn -0.313100 0.946300 -0.080500
vn -0.327500 0.942300 -0.069600
vn -0.364400 0.930000 -0.047100
vn 0.000600 0.999100 0.041800
vn 0.017900 0.999500 0.026000
vn -0.021700 0.999500 0.022200
vn -0.030300 0.998800 0.039600
vn -0.463900 0.881200 -0.091400
vn -0.417200 0.899200 -0.131900
vn -0.419500 0.899000 -0.126000
vn -0.457700 0.885000 -0.085200
vn -0.217100 0.975900 -0.020500
vn -0.196600 0.980100 -0.028600
vn -0.175100 0.984300 -0.023400
vn -0.194000 0.980900 -0.014900
vn -0.062000 0.997400 0.036200
vn -0.063200 0.997800 0.019000
vn -0.091500 0.995700 0.015400
vn -0.063000 0.997400 0.034500
vn -0.051300 0.998100 0.032900
vn -0.056600 0.997800 0.034500
vn -0.027100 0.999000 0.036900
vn 0.016900 0.999000 0.040400
vn -0.243300 0.969900 0.006600
vn -0.231800 0.972700 -0.007100
vn -0.205600 0.978600 -0.003400
vn -0.206800 0.978300 0.011300
vn -0.508400 0.858500 -0.067100
vn -0.500200 0.862300 -0.079300
vn -0.488200 0.869400 -0.075800
vn -0.503500 0.861400 -0.066600
vn -0.021000 0.999100 0.036400
vn -0.010400 0.999200 0.039200
vn -0.032700 0.998800 0.037400
vn -0.035800 0.998700 0.035200
vn -0.444100 0.895100 -0.040200
vn -0.407900 0.911700 -0.048100
vn -0.394000 0.918300 -0.039000
vn -0.429000 0.902800 -0.031400
vn 0.062000 0.997200 0.041900
vn 0.072300 0.996300 0.046900
vn 0.030700 0.998600 0.042700
vn 0.020400 0.999000 0.039500
vn -0.532700 0.844500 -0.055800
vn -0.513300 0.855800 -0.064500
vn -0.461800 0.885100 -0.057700
vn -0.489100 0.870800 -0.049100
vn 0.040100 0.998600 0.035500
vn 0.056100 0.997700 0.039000
vn 0.064500 0.996900 0.044300
vn 0.050900 0.998000 0.038500
vn -0.498800 0.864400 -0.063400
vn -0.475800 0.876600 -0.071700
vn -0.494600 0.866400 -0.067900
vn -0.515800 0.854700 -0.059400
vn -0.342900 0.937300 -0.062500
vn -0.347900 0.934200 -0.079600
vn -0.425300 0.901500 -0.079700
vn -0.427300 0.901800 -0.065000
vn -0.095000 0.995200 0.021800
vn -0.092100 0.995600 0.016500
vn -0.018800 0.999500 0.027200
vn -0.027700 0.999200 0.027500
vn -0.025900 0.999300 0.027500
vn -0.011400 0.999800 0.017900
vn -0.051800 0.998500 0.017100
vn -0.060400 0.997800 0.026200
vn -0.179200 0.982200 -0.057000
vn -0.185300 0.979900 -0.073300
vn -0.267100 0.960600 -0.076600
vn -0.262500 0.963100 -0.059700
vn 0.750100 0.652300 0.108900
vn 0.660600 0.744600 0.095200
vn -0.284700 0.958400 -0.020900
vn -0.174500 0.984700 -0.002300
vn -0.317000 0.948400 -0.004400
vn -0.303600 0.952600 -0.018300
vn -0.268200 0.963300 -0.012200
vn -0.280400 0.959900 0.001400
vn 0.122300 0.991400 -0.047200
vn 0.138500 0.988800 -0.055300
vn -0.025000 0.997400 -0.067200
vn -0.027800 0.998300 -0.052100
vn 0.078700 0.995900 0.044200
vn 0.000400 0.999300 0.036600
vn 0.358900 0.930600 0.072300
vn 0.445500 0.891600 0.081300
vn -0.168600 0.985600 0.014000
vn -0.179300 0.983800 0.001400
vn -0.096100 0.995300 0.009900
vn -0.096800 0.995100 0.019400
vn -0.413200 0.910400 -0.021700
vn -0.379600 0.924600 -0.032000
vn -0.341400 0.939600 -0.024900
vn -0.365400 0.930800 -0.011400
vn -0.375300 0.910600 -0.172800
vn -0.325900 0.928500 -0.178100
vn -0.338000 0.925900 -0.169000
vn -0.382300 0.908600 -0.168100
vn -0.167700 0.985100 -0.036900
vn -0.139500 0.989600 -0.034300
vn -0.121100 0.992200 -0.028600
vn -0.148600 0.988400 -0.031700
vn -0.063700 0.998000 0.001900
vn -0.074600 0.997200 -0.004000
vn -0.147600 0.989000 -0.012800
vn -0.116500 0.993200 -0.003500
vn -0.305500 0.948500 -0.083200
vn -0.265500 0.960600 -0.081800
vn -0.201400 0.977100 -0.068300
vn -0.255000 0.964100 -0.074000
vn -0.130000 0.991100 -0.027200
vn -0.103200 0.994400 -0.023000
vn -0.049900 0.998600 -0.016600
vn -0.062200 0.997800 -0.021500
vn -0.172100 0.985000 -0.010300
vn -0.224200 0.974300 -0.022000
vn -0.434200 0.899500 -0.047800
vn -0.299600 0.953700 -0.028300
vn 0.014400 0.993500 -0.113100
vn -0.064400 0.984100 -0.165500
vn -0.187400 0.964600 -0.185800
vn -0.147300 0.977300 -0.152300
vn -0.202700 0.977400 -0.060000
vn -0.139400 0.988800 -0.052600
vn -0.139200 0.989400 -0.041100
vn -0.184900 0.981700 -0.045400
vn -0.425300 0.903500 -0.052000
vn -0.624400 0.777600 -0.073500
vn -0.889400 0.445500 -0.102500
vn -0.839500 0.536100 -0.088500
vn -0.305800 0.934900 -0.180300
vn -0.311200 0.928500 -0.202500
vn -0.296000 0.934600 -0.197000
vn -0.305800 0.934400 -0.182500
vn 0.005800 0.999800 -0.017900
vn 0.003000 0.999900 -0.012100
vn 0.026600 0.999600 -0.009600
vn 0.020700 0.999600 -0.017000
vn 0.036300 0.999200 -0.014500
vn 0.050200 0.998700 -0.005600
vn 0.140400 0.990100 0.002500
vn 0.113700 0.993500 -0.007500
vn -0.305300 0.934800 -0.181600
vn -0.280300 0.940600 -0.191500
vn -0.303500 0.934400 -0.186300
vn -0.340400 0.923300 -0.177900
vn -0.389100 0.906500 -0.163600
vn -0.349700 0.923300 -0.158900
vn -0.270000 0.951800 -0.145400
vn -0.355600 0.921500 -0.156300
vn 0.191700 0.981400 0.002700
vn 0.229700 0.973200 0.013400
vn 0.171000 0.985200 0.015300
vn 0.143200 0.989700 0.007400
vn -0.319500 0.937100 -0.140400
vn -0.191900 0.972900 -0.129000
vn -0.178200 0.977300 -0.114900
vn -0.279200 0.952500 -0.121900
vn 0.095200 0.995400 0.009300
vn 0.111400 0.993700 0.013200
vn 0.079200 0.996800 0.010500
vn 0.066600 0.997700 0.010200
vn -0.239000 0.965200 -0.106200
vn -0.165000 0.981000 -0.101700
vn -0.216100 0.972100 -0.091500
vn -0.272300 0.957700 -0.093000
vn 0.036100 0.999300 0.010100
vn 0.047600 0.998800 0.008600
vn -0.012200 0.999900 0.003200
vn -0.013300 0.999900 0.006500
vn 0.040200 0.999000 -0.019000
vn 0.069200 0.997500 -0.013200
vn 0.083000 0.996500 -0.007300
vn 0.067000 0.997700 -0.010500
vn 0.093500 0.995600 -0.003800
vn 0.095800 0.995400 -0.006500
vn 0.193300 0.981100 -0.001400
vn 0.195400 0.980700 0.005100
vn -0.165600 0.978000 -0.126700
vn -0.109400 0.982800 -0.149000
vn -0.130000 0.981400 -0.141200
vn -0.177500 0.977000 -0.117800
vn -0.144500 0.984900 -0.095300
vn -0.080600 0.990900 -0.108000
vn -0.060500 0.993300 -0.098300
vn -0.105900 0.991200 -0.079500
vn 0.295200 0.955400 0.012700
vn 0.282400 0.959300 0.000800
vn 0.163200 0.986400 -0.020200
vn 0.176700 0.984200 0.004700
vn -0.067300 0.995300 -0.069600
vn -0.041000 0.995100 -0.089700
vn -0.092200 0.991700 -0.089800
vn -0.093500 0.993100 -0.070200
vn 0.054500 0.998500 -0.005100
vn 0.051800 0.997800 -0.040900
vn 0.037300 0.998200 -0.046500
vn 0.046100 0.998900 -0.008000
vn -0.119800 0.989700 -0.077900
vn -0.141300 0.985500 -0.094300
vn -0.130200 0.987100 -0.092800
vn -0.134400 0.987400 -0.083700
vn 0.036800 0.999200 -0.012100
vn 0.023700 0.998300 -0.053600
vn -0.186700 0.976000 -0.112500
vn -0.102000 0.994300 -0.030800
vn -0.191700 0.974800 -0.114400
vn -0.152200 0.979700 -0.130300
vn -0.116700 0.986000 -0.118800
vn -0.168400 0.979700 -0.108800
vn -0.067200 0.996300 -0.053200
vn -0.040900 0.997700 -0.054100
vn 0.001900 0.999100 -0.043500
vn -0.034800 0.998400 -0.044200
vn -0.240200 0.969100 -0.055700
vn -0.359900 0.920700 -0.150800
vn -0.369900 0.920600 -0.124800
vn -0.308800 0.947700 -0.081000
vn -0.148300 0.985700 -0.080000
vn -0.119600 0.989000 -0.087000
vn -0.078400 0.994000 -0.076500
vn -0.101600 0.992400 -0.070100
vn -0.002900 0.999400 -0.035700
vn 0.041200 0.998700 -0.031500
vn 0.054900 0.998200 -0.022200
vn 0.018200 0.999500 -0.027700
vn -0.377000 0.921100 -0.097100
vn -0.486100 0.851500 -0.196800
vn -0.720200 0.630600 -0.289400
vn -0.623700 0.766700 -0.152200
vn -0.040200 0.982900 -0.179700
vn 0.002800 0.982200 -0.187600
vn -0.043700 0.983300 -0.176600
vn -0.102400 0.981000 -0.165000
vn -0.054900 0.996500 -0.063400
vn -0.039400 0.997000 -0.066200
vn -0.040100 0.997400 -0.059900
vn -0.061200 0.996300 -0.059600
vn -0.812600 0.548100 -0.198200
vn -0.836900 0.475100 -0.271900
vn -0.917900 0.280300 -0.280800
vn -0.917400 0.336300 -0.212800
vn -0.160800 0.975300 -0.151600
vn -0.090900 0.981800 -0.166600
vn -0.099600 0.982400 -0.157900
vn -0.163200 0.976800 -0.138900
vn -0.266600 0.938400 -0.219900
vn -0.218000 0.958200 -0.185400
vn -0.215100 0.960900 -0.174600
vn -0.256900 0.943500 -0.209200
vn -0.702200 0.706900 -0.084700
vn -0.756600 0.638500 -0.140900
vn -0.902900 0.396400 -0.166100
vn -0.897700 0.426500 -0.110800
vn -0.097100 0.994300 -0.044800
vn -0.070600 0.996100 -0.053600
vn -0.083000 0.995400 -0.048100
vn -0.107500 0.993500 -0.036800
vn -0.089400 0.973800 -0.208900
vn -0.078600 0.977700 -0.194500
vn -0.146500 0.970200 -0.192900
vn -0.178800 0.959400 -0.218300
vn -0.292200 0.955700 -0.034900
vn -0.354500 0.932600 -0.067900
vn -0.580300 0.807200 -0.108100
vn -0.514200 0.855400 -0.061800
vn -0.072900 0.997200 -0.018400
vn -0.038900 0.998900 -0.027100
vn -0.011900 0.999700 -0.019100
vn -0.034500 0.999300 -0.011000
vn -0.223700 0.971500 -0.078800
vn -0.182300 0.980100 -0.079000
vn -0.127000 0.989800 -0.065000
vn -0.160700 0.985100 -0.060900
vn -0.102200 0.994700 -0.011500
vn -0.146600 0.988700 -0.029900
vn -0.254000 0.966000 -0.048800
vn -0.194900 0.980500 -0.023400
vn -0.117900 0.992500 -0.031600
vn -0.095600 0.994500 -0.042600
vn -0.067100 0.997100 -0.035200
vn -0.095300 0.995100 -0.025500
vn -0.259700 0.948700 -0.180200
vn -0.209000 0.967000 -0.146000
vn -0.212800 0.967400 -0.137200
vn -0.273600 0.947300 -0.166900
vn 0.053100 0.998600 0.006500
vn 0.051300 0.998700 -0.002100
vn -0.047200 0.998800 -0.014600
vn -0.023900 0.999700 -0.000900
vn -0.114500 0.988800 -0.096000
vn -0.098400 0.991400 -0.085700
vn -0.140300 0.986400 -0.085500
vn -0.169400 0.981500 -0.088900
vn 0.094100 0.995500 0.014000
vn 0.068900 0.997600 0.003900
vn 0.059600 0.998200 0.000700
vn 0.072200 0.997400 0.008900
vn -0.123800 0.985700 -0.114600
vn -0.090600 0.991700 -0.091700
vn -0.094500 0.991700 -0.087200
vn -0.119200 0.987200 -0.105600
vn 0.258400 0.965700 0.023800
vn 0.281800 0.959300 0.018700
vn 0.177400 0.984000 0.013700
vn 0.178500 0.983700 0.022100
vn -0.287500 0.945700 -0.151400
vn -0.216700 0.968400 -0.123300
vn -0.154200 0.982400 -0.105000
vn -0.206400 0.969600 -0.131300
vn -0.247400 0.948000 -0.200000
vn -0.211800 0.963500 -0.163600
vn -0.210100 0.965800 -0.152100
vn -0.252700 0.948400 -0.191400
vn 0.063000 0.998000 0.003500
vn 0.077900 0.997000 -0.000200
vn 0.180800 0.983500 0.009200
vn 0.161200 0.986800 0.012700
vn 0.004100 1.000000 -0.006000
vn 0.015900 0.999800 -0.013000
vn 0.046800 0.998900 -0.006400
vn 0.033500 0.999400 -0.001900
vn 0.100100 0.994700 -0.023800
vn 0.151300 0.987200 -0.050200
vn 0.134700 0.989700 -0.048300
vn 0.098200 0.995100 -0.014300
vn -0.587900 0.754000 -0.293000
vn -0.621200 0.667600 -0.410300
vn -0.710300 0.559000 -0.427900
vn -0.716900 0.618200 -0.322400
vn 0.022600 0.980300 -0.196300
vn 0.046900 0.970900 -0.234700
vn 0.021000 0.976100 -0.216200
vn -0.012200 0.981600 -0.190500
vn -0.011000 0.997700 -0.067000
vn 0.018300 0.995300 -0.094700
vn 0.008400 0.995700 -0.092700
vn -0.016900 0.998100 -0.059200
vn -0.823500 0.454700 -0.339400
vn -0.794300 0.419600 -0.439300
vn -0.870000 0.275100 -0.409200
vn -0.894500 0.264100 -0.360800
vn -0.043500 0.981900 -0.184400
vn 0.008900 0.978000 -0.208300
vn 0.003700 0.979700 -0.200200
vn -0.052300 0.982300 -0.179800
vn 0.098100 0.995200 -0.006400
vn 0.119900 0.991600 -0.048300
vn 0.081700 0.995100 -0.055200
vn 0.084000 0.996400 -0.005400
vn 0.070800 0.997400 -0.012800
vn 0.048700 0.996600 -0.067100
vn 0.089000 0.993700 -0.068000
vn 0.145500 0.989300 -0.014200
vn -0.059300 0.983100 -0.173000
vn -0.002100 0.981900 -0.189300
vn 0.031600 0.983000 -0.181000
vn -0.051100 0.985500 -0.162100
vn -0.048500 0.991300 -0.122400
vn -0.035900 0.985900 -0.163500
vn -0.002300 0.987000 -0.160700
vn -0.026500 0.992800 -0.116900
vn 0.218000 0.975700 -0.020700
vn 0.127100 0.988600 -0.080300
vn 0.059300 0.990600 -0.123000
vn 0.128900 0.990200 -0.054400
vn -0.004700 0.994100 -0.108300
vn 0.035700 0.987200 -0.155400
vn -0.028800 0.988300 -0.149800
vn -0.068600 0.991800 -0.107900
vn 0.037400 0.996100 -0.079800
vn -0.000600 0.988200 -0.153300
vn -0.108000 0.969000 -0.222300
vn 0.007000 0.995800 -0.091700
vn -0.131700 0.985400 -0.108300
vn -0.096900 0.985000 -0.142700
vn -0.086000 0.987700 -0.130500
vn -0.114200 0.988300 -0.101000
vn -0.024100 0.994000 -0.106600
vn -0.167600 0.955400 -0.243200
vn -0.303000 0.900300 -0.312400
vn -0.218800 0.959500 -0.177300
vn -0.042500 0.988600 -0.144700
vn 0.069500 0.981900 -0.176300
vn 0.021300 0.985200 -0.170300
vn -0.043900 0.990700 -0.128900
vn -0.022500 0.998200 -0.054900
vn -0.001600 0.996100 -0.088600
vn 0.077200 0.994500 -0.070300
vn 0.039900 0.998400 -0.041100
vn -0.406600 0.882700 -0.235600
vn -0.434600 0.831300 -0.346400
vn -0.536700 0.750400 -0.385700
vn -0.502700 0.822400 -0.266600
vn -0.096500 0.990900 -0.093700
vn -0.073700 0.989700 -0.122400
vn -0.025800 0.993800 -0.107900
vn -0.053600 0.995200 -0.081700
vn 0.025900 0.987800 -0.153500
vn -0.134900 0.878500 -0.458400
vn -0.267300 0.801100 -0.535500
vn -0.030100 0.977900 -0.206900
vn 0.066300 0.976700 -0.204000
vn 0.125300 0.934000 -0.334700
vn 0.098400 0.944300 -0.313900
vn 0.007600 0.981100 -0.193400
vn -0.083700 0.963800 -0.253200
vn -0.321000 0.775900 -0.543100
vn -0.372000 0.735500 -0.566300
vn -0.158200 0.938400 -0.307200
vn -0.049000 0.983100 -0.176400
vn 0.101000 0.938900 -0.329000
vn 0.093200 0.922800 -0.373800
vn -0.051100 0.985800 -0.160000
vn -0.257500 0.895900 -0.362100
vn -0.410700 0.710300 -0.571600
vn -0.451800 0.682800 -0.574200
vn -0.337700 0.851600 -0.401000
vn 0.099300 0.972900 -0.208900
vn 0.156400 0.920300 -0.358700
vn 0.081200 0.935900 -0.342900
vn 0.032500 0.977500 -0.208200
vn 0.022300 0.992400 -0.121200
vn 0.124500 0.922000 -0.366700
vn 0.169300 0.900500 -0.400400
vn 0.097400 0.990300 -0.099300
vn -0.430100 0.787800 -0.440800
vn -0.514300 0.622100 -0.590300
vn -0.558500 0.587200 -0.585900
vn -0.537800 0.690100 -0.484400
vn -0.052800 0.987100 -0.150900
vn 0.070900 0.927700 -0.366500
vn 0.085700 0.925900 -0.367800
vn -0.013100 0.990600 -0.136000
vn 0.172200 0.981800 -0.080300
vn 0.200700 0.908400 -0.366800
vn 0.148700 0.901400 -0.406600
vn 0.147100 0.985400 -0.085600
vn -0.624500 0.587400 -0.514700
vn -0.644300 0.465100 -0.607100
vn -0.702800 0.382600 -0.599800
vn -0.660300 0.541000 -0.521000
vn 0.092800 0.955800 -0.278900
vn 0.175200 0.910000 -0.375900
vn 0.162900 0.929300 -0.331600
vn 0.078700 0.964200 -0.253300
vn 0.028000 0.991700 -0.125400
vn 0.096200 0.929300 -0.356500
vn 0.110200 0.930200 -0.350100
vn 0.025700 0.991700 -0.126000
vn -0.715800 0.458700 -0.526500
vn -0.724900 0.365000 -0.584200
vn -0.763300 0.347300 -0.544800
vn -0.795500 0.281800 -0.536400
vn 0.074300 0.967900 -0.240300
vn 0.168200 0.928600 -0.330700
vn 0.191500 0.926400 -0.324200
vn 0.069800 0.970900 -0.229100
vn 0.122700 0.988100 -0.092800
vn 0.122400 0.916400 -0.381000
vn 0.043800 0.905900 -0.421200
vn 0.085900 0.990600 -0.106400
vn 0.047900 0.991800 -0.118100
vn 0.004500 0.911900 -0.410300
vn -0.087000 0.888500 -0.450600
vn 0.031400 0.991000 -0.129800
vn 0.070700 0.973900 -0.215700
vn 0.207300 0.921600 -0.328100
vn 0.194800 0.899800 -0.390500
vn 0.090800 0.974100 -0.206900
vn -0.034200 0.978300 -0.204300
vn 0.053900 0.933500 -0.354600
vn 0.105700 0.931000 -0.349400
vn 0.015400 0.978200 -0.207100
vn 0.256700 0.922100 0.289500
vn 0.114300 0.959700 0.256900
vn 0.054300 0.976400 0.209100
vn 0.146000 0.970300 0.193100
vn 0.081400 0.959500 0.269700
vn 0.299200 0.740600 0.601700
vn -0.007500 0.735400 0.677600
vn 0.012000 0.968900 0.247300
vn 0.148100 0.982200 0.115200
vn 0.084700 0.983100 0.162100
vn 0.039200 0.990200 0.133700
vn 0.098100 0.992800 0.068800
vn 0.056800 0.973300 0.222300
vn 0.284800 0.875600 0.390300
vn 0.045000 0.837200 0.545000
vn 0.014600 0.977300 0.211100
vn -0.107400 0.994000 0.022100
vn -0.196600 0.966900 0.162600
vn -0.243700 0.959100 0.143900
vn -0.223300 0.974700 -0.013300
vn -0.236800 0.923200 0.302700
vn -0.218900 0.827800 0.516500
vn -0.320100 0.757100 0.569500
vn -0.256500 0.920000 0.296300
vn -0.383700 0.838900 0.386100
vn -0.170800 0.523700 0.834600
vn -0.320100 0.454600 0.831200
vn -0.460800 0.802500 0.379100
vn -0.341100 0.926500 0.158900
vn -0.203300 0.976900 0.066300
vn -0.353100 0.815000 -0.459400
vn 0.014600 0.637300 -0.770500
vn 0.512300 0.854400 -0.086500
vn -0.324400 0.940000 0.105900
vn -0.184200 0.982500 0.025700
vn 0.392600 0.919600 -0.012400
vn -0.366100 0.726200 0.581900
vn 0.095600 0.615900 0.782000
vn -0.511900 0.020100 0.858800
vn -0.993200 0.076800 0.087700
vn -0.500000 -0.025500 0.865700
vn -0.788600 0.376400 0.486200
vn -0.806000 0.446700 0.388400
vn -0.687600 0.189100 0.701000
vn -0.751500 0.292700 0.591300
vn -0.790100 0.503600 0.349400
vn -0.732300 0.562900 0.383200
vn -0.676200 0.361600 0.641900
vn -0.568900 0.335000 0.751100
vn -0.623900 0.625500 0.468500
vn -0.524900 0.693100 0.494000
vn -0.366800 0.320000 0.873500
vn -0.156200 0.312700 0.936900
vn -0.365900 0.734600 0.571300
vn -0.239800 0.764400 0.598500
vn -0.102300 0.317600 0.942700
vn -0.070500 0.425600 0.902200
vn -0.129900 0.850900 0.509100
vn -0.111000 0.879200 0.463300
vn -0.094000 0.553900 0.827300
vn -0.106500 0.647700 0.754400
vn -0.085900 0.901600 0.423900
vn -0.125300 0.864200 0.487200
vn -0.162600 0.636400 0.754000
vn -0.215300 0.574800 0.789500
vn -0.122700 0.862700 0.490600
vn -0.125700 0.873300 0.470600
vn -0.200500 0.591000 0.781300
vn -0.175300 0.676800 0.715000
vn -0.118600 0.904600 0.409300
vn -0.201200 0.849400 0.487900
vn -0.265700 0.586200 0.765400
vn -0.260100 0.496900 0.827900
vn -0.161400 0.829200 0.535100
vn -0.044700 0.907400 0.417800
vn -0.083000 0.625700 0.775600
vn -0.027500 0.808300 0.588100
vn -0.085600 0.944300 0.317700
vn -0.172600 0.932200 0.318200
vn -0.144700 0.843700 0.516900
vn -0.239200 0.758700 0.606000
vn -0.244400 0.874400 0.419300
vn -0.239300 0.817200 0.524300
vn -0.293000 0.650500 0.700800
vn -0.308300 0.570200 0.761500
vn -0.213100 0.805000 0.553700
vn -0.289600 0.750900 0.593500
vn -0.411300 0.442300 0.797000
vn -0.512900 0.292200 0.807100
vn -0.431100 0.288300 0.855000
vn -0.334600 0.349300 0.875200
vn -0.297100 0.406800 0.863800
vn -0.261600 0.478000 0.838500
vn -0.317700 0.500800 0.805200
vn -0.367400 0.518700 0.772000
vn -0.426000 0.515600 0.743400
vn -0.496700 0.461400 0.735100
vn -0.524200 0.394400 0.754800
vn -0.546500 0.313500 0.776600
vn -0.476500 0.304000 0.825000
vn -0.400200 0.337000 0.852200
vn -0.321600 0.382700 0.866100
vn -0.243200 0.400700 0.883300
vn -0.130800 0.430300 0.893200
vn -0.016200 0.467700 0.883700
vn -0.269000 0.275100 0.923000
vn -0.593100 0.356200 -0.722000
vn -0.427500 0.611000 -0.666300
vn -0.829200 0.154000 -0.537300
vn -0.791000 0.172800 -0.586900
vn -0.791000 -0.252600 -0.557300
vn -0.751800 -0.292400 -0.591000
vn -0.591800 -0.675300 -0.440200
vn -0.697000 -0.358900 -0.620900
vn -0.635300 -0.437000 -0.636800
vn -0.583000 -0.472400 -0.661100
vn -0.574800 -0.470300 -0.669600
vn -0.589800 -0.414800 -0.692900
vn -0.617000 -0.325200 -0.716600
vn -0.640700 -0.223300 -0.734600
vn -0.661800 -0.143500 -0.735800
vn -0.668700 -0.125000 -0.733000
vn -0.684500 -0.180900 -0.706200
vn -0.674000 -0.331700 -0.660100
vn -0.630600 -0.424900 -0.649400
vn -0.677900 -0.281200 -0.679300
vn -0.763000 -0.041600 -0.645000
vn -0.797100 0.115000 -0.592800
vn -0.809100 0.219300 -0.545200
vn -0.815200 0.292700 -0.499800
vn -0.807100 0.353300 -0.473000
vn -0.790300 0.426200 -0.440200
vn -0.781300 0.500400 -0.373100
vn -0.788100 0.526500 -0.318900
vn -0.832400 0.456200 -0.314700
vn -0.931500 0.075700 -0.355700
vn -0.823000 -0.450700 -0.345700
vn -0.671200 -0.679700 -0.295700
vn -0.645500 -0.728400 -0.229700
vn -0.673900 -0.715500 -0.184000
vn -0.732900 -0.650200 -0.200400
vn -0.848000 -0.479900 -0.224800
vn -0.945600 -0.233200 -0.226900
vn -0.968100 -0.131800 -0.213100
vn -0.965400 -0.172900 -0.195100
vn -0.957100 -0.229900 -0.176300
vn -0.952700 -0.265200 -0.148300
vn -0.956400 -0.265100 -0.122300
vn -0.954500 -0.268300 -0.129800
vn -0.942000 -0.306700 -0.136300
vn -0.930500 -0.344100 -0.125300
vn -0.932300 -0.342900 -0.115300
vn -0.926600 -0.365100 -0.090000
vn -0.892900 -0.446500 -0.057900
vn -0.870700 -0.488300 -0.058500
vn -0.893900 -0.442800 -0.070400
vn -0.918000 -0.376800 -0.123900
vn -0.932500 -0.315000 -0.176900
vn -0.928400 -0.254300 -0.270900
vn -0.906000 -0.223700 -0.359300
vn -0.876900 -0.150100 -0.456600
vn 0.577200 0.670300 -0.466400
vn 0.343900 0.850200 -0.398600
vn 0.400100 0.854700 -0.330700
vn 0.669100 0.642500 -0.373400
vn -0.738300 0.070900 -0.670700
vn -0.693000 0.120700 -0.710800
vn -0.634900 0.176500 -0.752200
vn -0.622600 0.139100 -0.770100
vn -0.591500 0.144200 -0.793300
vn -0.552800 0.166700 -0.816500
vn -0.527000 0.190900 -0.828200
vn -0.474500 0.236300 -0.847900
vn -0.397000 0.262800 -0.879400
vn -0.305100 0.281500 -0.909800
vn -0.206000 0.314100 -0.926800
vn -0.110600 0.311600 -0.943800
vn -0.010400 0.286000 -0.958200
vn 0.094900 0.262200 -0.960300
vn 0.190500 0.287700 -0.938600
vn 0.202700 0.278100 -0.938900
vn 0.219900 0.257000 -0.941100
vn 0.255500 0.258100 -0.931700
vn 0.282300 0.271900 -0.920000
vn 0.288400 0.275800 -0.916900
vn 0.294200 0.280500 -0.913700
vn 0.339800 0.321000 -0.884000
vn 0.377400 0.375500 -0.846500
vn 0.390700 0.433700 -0.812000
vn 0.396400 0.494900 -0.773300
vn 0.371800 0.509100 -0.776300
vn 0.371400 0.486000 -0.791100
vn 0.401500 0.462400 -0.790500
vn 0.427000 0.446800 -0.786200
vn 0.463900 0.443200 -0.767100
vn 0.499900 0.435900 -0.748400
vn 0.510900 0.438900 -0.739200
vn 0.494100 0.481200 -0.724100
vn 0.472000 0.534200 -0.701300
vn 0.470000 0.563600 -0.679300
vn 0.465300 0.561200 -0.684500
vn 0.465000 0.553300 -0.691100
vn 0.672200 0.391900 -0.628200
vn 0.782500 0.053300 -0.620300
vn 0.427200 0.903000 -0.046200
vn 0.542300 0.838200 -0.057600
vn 0.603100 0.794400 -0.072800
vn 0.626600 0.778200 -0.041900
vn 0.170500 0.978700 0.114200
vn 0.142400 0.989100 0.037700
vn 0.666400 0.745300 -0.019900
vn 0.701800 0.712100 -0.019600
vn 0.219900 0.954100 0.203500
vn 0.192300 0.962500 0.191600
vn 0.705300 0.708800 -0.004900
vn 0.684200 0.729000 0.020800
vn 0.183200 0.952400 0.243800
vn 0.211100 0.951100 0.225600
vn 0.614800 0.787700 0.040200
vn 0.608900 0.790800 0.062000
vn 0.083800 0.965300 0.247400
vn 0.115400 0.961500 0.249500
vn 0.610000 0.788200 0.081400
vn 0.613300 0.786000 0.077900
vn 0.115700 0.969500 0.216100
vn 0.105400 0.967200 0.231100
vn 0.607800 0.790400 0.077000
vn 0.606200 0.793000 0.061300
vn 0.163600 0.970100 0.179400
vn 0.137600 0.969300 0.203800
vn 0.613400 0.788600 0.043500
vn 0.620900 0.783200 0.033400
vn 0.186500 0.974000 0.128500
vn 0.190400 0.968000 0.163600
vn 0.624500 0.780600 0.024200
vn 0.616300 0.787400 0.013200
vn 0.151700 0.985800 0.072300
vn 0.183300 0.977200 0.107600
vn 0.585500 0.810700 0.004600
vn 0.528500 0.848500 -0.026600
vn 0.089500 0.996000 0.002100
vn 0.128300 0.990600 0.047900
vn 0.424900 0.903700 -0.053100
vn 0.296800 0.952200 -0.072000
vn -0.042400 0.998100 -0.044100
vn 0.021700 0.999500 -0.023800
vn 0.193600 0.976800 -0.091600
vn 0.108400 0.988900 -0.101700
vn -0.145100 0.986600 -0.074500
vn -0.100400 0.993300 -0.057700
vn 0.042200 0.992500 -0.115100
vn 0.003000 0.993500 -0.113500
vn -0.163300 0.982000 -0.094600
vn -0.163400 0.982400 -0.090700
vn -0.005900 0.993400 -0.114900
vn 0.007400 0.992200 -0.124300
vn -0.080700 0.990000 -0.115600
vn -0.132300 0.986100 -0.100800
vn 0.038800 0.990200 -0.134200
vn 0.124500 0.980500 -0.152200
vn 0.041700 0.987800 -0.149800
vn -0.025300 0.991200 -0.130100
vn 0.236900 0.957100 -0.166700
vn 0.323200 0.929600 -0.177100
vn 0.163500 0.970100 -0.179400
vn 0.106000 0.980300 -0.166700
vn 0.425300 0.886400 -0.182800
vn 0.516600 0.839100 -0.170300
vn 0.320800 0.929000 -0.184700
vn 0.242200 0.950300 -0.195400
vn 0.518100 0.839000 -0.166100
vn 0.488800 0.861800 -0.135300
vn 0.302800 0.940100 -0.156500
vn 0.331300 0.926400 -0.178700
vn 0.464400 0.879500 -0.104100
vn 0.445200 0.892900 -0.067800
vn 0.281000 0.956100 -0.082600
vn 0.293500 0.949200 -0.113300
vn 0.456800 0.889100 -0.029500
vn 0.489600 0.871500 -0.025900
vn 0.317100 0.947500 -0.040400
vn 0.293400 0.955200 -0.039600
vn 0.552300 0.833400 -0.017500
vn 0.650000 0.759400 0.028500
vn 0.380600 0.924300 -0.028200
vn 0.353200 0.934700 -0.040800
vn 0.735400 0.672900 0.079500
vn 0.786200 0.613200 0.077000
vn 0.401700 0.914200 -0.052700
vn 0.408200 0.912800 -0.011900
vn 0.823900 0.562100 0.072000
vn 0.854400 0.519500 -0.007100
vn 0.484800 0.867400 -0.112000
vn 0.428700 0.900200 -0.077100
vn 0.852400 0.513700 -0.097700
vn 0.820500 0.541700 -0.182500
vn 0.486700 0.846700 -0.215000
vn 0.470800 0.866300 -0.167300
vn 0.760100 0.593500 -0.264700
vn 0.429100 0.865700 -0.258000
vn -0.636600 -0.761600 -0.121300
vn -0.629100 -0.772900 -0.083000
vn -0.618200 -0.727900 -0.296700
vn -0.639900 -0.748300 -0.175000
vn -0.113400 -0.481800 -0.868900
vn -0.440600 -0.679300 -0.586800
vn 0.589200 -0.101100 -0.801600
vn 0.232800 -0.209600 -0.949700
vn 0.332300 0.898100 0.288000
vn 0.130100 0.959000 0.251900
vn 0.150500 0.964000 0.219400
vn 0.408900 0.885500 0.220400
vn 0.486800 0.860500 0.150100
vn 0.228200 0.961200 0.154700
vn 0.261900 0.963100 0.061600
vn 0.697800 0.713800 -0.059700
vn 0.912600 0.281600 -0.296500
vn 0.501900 0.840500 -0.204100
vn 0.847000 -0.063800 -0.527800
vn 0.208100 0.871000 0.445100
vn 0.044400 0.916000 0.398700
vn 0.039900 0.938400 0.343100
vn 0.248600 0.899700 0.358800
vn 0.336000 -0.935500 -0.108800
vn 0.314000 -0.941900 -0.119000
vn 0.290000 -0.949500 -0.119700
vn 0.334000 -0.936200 -0.109000
vn 0.358300 -0.927900 -0.103000
vn 0.292900 -0.949100 -0.115700
vn 0.163800 -0.621300 0.766300
vn 0.462400 -0.285800 0.839300
vn -0.111800 0.697100 0.708200
vn 0.048700 0.826400 0.561000
vn 0.827900 -0.128300 0.546000
vn -0.449400 -0.151500 0.880400
vn -0.304400 0.398100 0.865400
vn -0.641900 -0.762000 0.085600
vn -0.514900 -0.692100 0.506000
vn -0.689100 -0.724200 -0.025900
vn -0.725700 -0.686300 0.049200
vn 0.649700 0.758600 0.048600
vn 0.625400 0.778900 0.047200
vn 0.125000 0.959100 0.253900
vn 0.148400 0.954300 0.259500
vn -0.398000 0.835100 0.379800
vn -0.413700 0.827100 0.380600
vn -0.394100 0.842200 0.367800
vn -0.388900 0.845200 0.366700
vn -0.528600 0.764400 0.369000
vn -0.525400 0.759000 0.384500
vn -0.876700 0.157400 0.454600
vn -0.895700 0.126300 0.426400
vn -0.373100 0.850300 0.371100
vn -0.373300 0.855600 0.358600
vn -0.453500 0.811400 0.368800
vn -0.448100 0.807700 0.383200
vn 0.793200 -0.508000 -0.336000
vn 0.614200 -0.702100 -0.360400
vn 0.601600 -0.708900 -0.368100
vn 0.774600 -0.525300 -0.352200
vn 0.014000 -0.997300 -0.072700
vn -0.434700 -0.895800 0.092100
vn -0.309700 -0.881100 0.357500
vn 0.085000 -0.995800 -0.034700
vn 0.395400 -0.847900 -0.353300
vn 0.220100 -0.952500 -0.210300
vn 0.200000 -0.962300 -0.184300
vn 0.395000 -0.850300 -0.347900
vn -0.353000 -0.123700 0.927400
vn -0.111100 -0.094400 0.989300
vn 0.084200 0.024400 0.996200
vn 0.022800 0.775300 0.631200
vn 0.578100 0.274000 0.768600
vn -0.655900 -0.360700 0.663000
vn -0.792900 -0.599900 0.106900
vn 0.803300 0.518500 0.293200
vn 0.684500 0.668900 0.290000
vn 0.987200 -0.144000 0.069000
vn 0.960800 -0.276100 0.024700
vn 0.520100 0.799400 0.300700
vn 0.322700 0.913200 0.248700
vn 0.982100 0.185100 0.034100
vn 0.992000 -0.004600 0.126400
vn 0.132100 0.969600 0.205900
vn 0.190600 0.972500 0.133800
vn 0.975800 0.151300 -0.158000
vn 0.969100 0.245100 -0.027000
vn 0.697600 0.705300 -0.125700
vn 0.669000 0.249400 -0.700100
vn 0.888400 -0.323300 -0.326100
vn 0.167900 0.049500 -0.984600
vn -0.018100 -0.204700 -0.978600
vn -0.360200 -0.365000 -0.858500
vn -0.845700 -0.319500 -0.427500
vn -0.941900 -0.322700 -0.093600
vn -0.913700 -0.406200 -0.010400
vn -0.887600 -0.450000 0.098600
vn -0.844300 -0.535500 0.020000
vn -0.809800 -0.584800 -0.047600
vn -0.958800 -0.134800 -0.250100
vn -0.962200 -0.101200 -0.252600
vn -0.903900 -0.242500 -0.352200
vn -0.933900 -0.192000 -0.301700
vn -0.794700 -0.183800 -0.578600
vn -0.834700 -0.287200 -0.469800
vn 0.317400 0.332600 -0.888000
vn 0.272300 0.814800 -0.511900
vn -0.347300 0.252300 -0.903200
vn 0.914400 -0.383200 0.130800
vn 0.918700 0.300900 0.255900
vn 0.575000 0.779000 0.249900
vn 0.565200 0.797800 0.209900
vn 0.417300 0.890300 0.182400
vn 0.613200 0.767500 0.186900
vn 0.516000 0.846900 -0.128500
vn 0.799400 0.384800 -0.461300
vn 0.582800 -0.745500 -0.323300
vn 0.911800 -0.406900 0.054400
vn 0.930000 0.197600 0.310000
vn 0.600100 0.751000 0.275400
vn 0.928300 0.128400 0.348900
vn 0.603500 0.738300 0.301200
vn 0.597100 0.748100 0.289600
vn 0.931000 0.157400 0.329400
vn 0.920000 0.065300 0.386500
vn 0.619800 0.720100 0.311900
vn 0.597000 0.742600 0.303600
vn 0.924400 0.101500 0.367600
vn 0.897600 0.058700 0.436800
vn 0.607000 0.711600 0.353900
vn 0.617800 0.710400 0.337300
vn 0.910400 0.042800 0.411600
vn -0.215700 -0.327600 0.919800
vn 0.316200 0.771600 0.552000
vn 0.475200 -0.265600 0.838900
vn -0.955200 -0.261000 -0.139800
vn -0.777600 -0.353000 0.520300
vn -0.963100 -0.085500 -0.255200
vn -0.973400 -0.112900 -0.199200
vn -0.479400 0.136600 0.866900
vn 0.004600 0.531400 0.847100
vn -0.980300 0.143400 -0.135800
vn -0.887200 0.136400 0.440700
vn -0.959700 0.060700 -0.274600
vn -0.967600 0.160600 -0.194600
vn -0.910800 0.016700 -0.412400
vn -0.934500 -0.045200 -0.353200
vn -0.864600 -0.058800 -0.498900
vn -0.891000 0.055400 -0.450600
vn 0.470400 0.305600 -0.827900
vn 0.412400 0.761000 -0.500900
vn 0.130200 0.924000 -0.359500
vn -0.296300 0.199200 -0.934100
vn 0.819600 0.539700 0.192300
vn 0.487200 0.863000 0.133600
vn 0.393200 0.914200 -0.097900
vn 0.809600 0.434600 -0.394500
vn 0.642700 0.682900 0.347400
vn 0.383300 0.890700 0.244400
vn 0.423600 0.885700 0.190100
vn 0.740000 0.614000 0.274600
vn 0.555800 0.746300 0.366400
vn 0.334400 0.898700 0.283800
vn 0.343300 0.902900 0.258700
vn 0.585000 0.730700 0.352000
vn 0.208300 -0.756000 0.620600
vn 0.145700 0.946500 0.288000
vn 0.283200 0.876600 0.389100
vn 0.310500 0.890400 0.332800
vn 0.521400 0.727700 0.445700
vn 0.845700 -0.224400 0.484200
vn 0.772500 -0.268200 0.575500
vn -0.357700 0.111600 0.927100
vn 0.053200 0.282300 0.957900
vn 0.354100 0.327800 -0.875800
vn 0.232900 0.756500 -0.611100
vn -0.003300 0.838600 -0.544700
vn -0.080800 0.286900 -0.954500
vn 0.790200 0.245200 -0.561700
vn 0.635600 0.718300 -0.282900
vn 0.436900 0.804800 -0.401800
vn 0.580400 0.356100 -0.732400
vn 0.719600 0.581900 0.378900
vn 0.471300 0.826800 0.307000
vn 0.512400 0.848400 0.133100
vn 0.915900 0.387100 -0.106700
vn 0.527800 0.657300 0.538000
vn 0.350300 0.849700 0.394000
vn 0.357600 0.874300 0.328200
vn 0.586900 0.673500 0.449300
vn 0.531100 0.428600 0.730900
vn 0.338300 0.775400 0.533100
vn 0.337700 0.830900 0.442100
vn 0.528600 0.563500 0.634800
vn -0.900600 -0.229300 -0.369400
vn -0.852000 -0.296500 0.431500
vn -0.747000 0.542000 -0.384900
vn -0.869600 0.292400 -0.397800
vn -0.648700 0.582700 -0.489600
vn -0.694100 0.574400 -0.433900
vn -0.494000 0.377900 -0.783000
vn -0.565100 0.563400 -0.602700
vn 0.129900 -0.785100 0.605600
vn 0.229000 0.828900 0.510400
vn 0.281600 0.741900 0.608500
vn 0.324300 0.735800 0.594500
vn 0.502500 0.368600 0.782100
vn 0.534000 -0.497300 0.683800
vn 0.461300 -0.535300 0.707600
vn 0.668600 0.568900 0.478800
vn 0.461400 0.814000 0.352900
vn 0.455200 0.827200 0.329600
vn 0.657400 0.594100 0.463600
vn -0.015500 0.248700 0.968400
vn 0.063500 0.728600 0.682000
vn 0.320300 0.844800 0.428700
vn 0.384300 0.399900 0.832100
vn -0.980600 0.061900 -0.186000
vn -0.779500 0.211200 0.589700
vn -0.898300 0.247300 -0.363200
vn -0.926700 0.269700 -0.261800
vn -0.912000 0.075800 -0.403200
vn -0.913300 0.113900 -0.391000
vn -0.869100 0.192600 -0.455500
vn -0.893900 0.111500 -0.434200
vn -0.640000 -0.088200 -0.763300
vn -0.773800 0.132400 -0.619400
vn 0.511500 0.422500 -0.748200
vn 0.333800 0.863100 -0.379100
vn -0.055300 0.079100 -0.995300
vn 0.890400 -0.317500 0.326200
vn 0.760800 0.504300 0.408500
vn 0.480500 0.812700 0.329700
vn 0.504400 0.821900 0.264700
vn 0.453400 0.846800 0.278200
vn 0.583900 0.735300 0.344000
vn 0.495200 0.858200 0.135300
vn 0.766200 0.601000 -0.227400
vn 0.785400 -0.522800 -0.331500
vn 0.916300 -0.357500 0.180400
vn 0.687800 0.533500 0.492200
vn 0.466800 0.799800 0.377400
vn 0.712600 0.546800 0.439500
vn 0.491300 0.805000 0.332500
vn 0.470600 0.810000 0.350000
vn 0.690000 0.558400 0.460600
vn 0.681500 0.566400 0.463500
vn 0.480000 0.812400 0.331100
vn 0.492000 0.803400 0.335400
vn 0.709300 0.536400 0.457300
vn -0.897600 0.378700 -0.225500
vn -0.813300 0.576600 -0.077800
vn -0.782500 0.622200 0.021700
vn -0.840400 0.541900 -0.010000
vn -0.915800 0.399500 -0.042300
vn -0.962000 0.267200 -0.056400
vn -0.979100 0.193200 -0.062900
vn -0.985500 0.164100 -0.043800
vn -0.984800 0.171900 -0.023500
vn -0.836700 0.247200 0.488700
vn -0.428500 0.178700 0.885700
vn 0.202300 0.548400 0.811300
vn 0.682000 -0.595100 0.425100
vn 0.690500 0.673500 0.263900
vn 0.718500 0.658300 0.224700
vn 0.971500 -0.168900 0.166200
vn 0.970700 -0.128100 0.203300
vn 0.752100 0.632300 0.185900
vn 0.771400 0.609400 0.183200
vn 0.969400 -0.200300 0.141700
vn 0.973200 -0.178700 0.144500
vn 0.781300 0.597900 0.179100
vn 0.784000 0.596600 0.171500
vn 0.974500 -0.194000 0.113000
vn 0.968900 -0.200600 0.144500
vn 0.778000 0.606700 0.163400
vn 0.784700 0.611200 0.103100
vn 0.978800 -0.204600 0.007900
vn 0.978500 -0.190500 0.079200
vn 0.784500 0.618600 0.043500
vn 0.698300 0.330900 -0.634700
vn 0.601500 -0.687500 -0.406800
vn 0.980800 -0.191600 -0.035300
vn 0.223200 -0.127100 -0.966400
vn 0.113700 -0.120200 -0.986200
vn 0.271200 -0.684600 -0.676600
vn 0.335400 -0.664100 -0.668200
vn 0.011700 -0.135900 -0.990700
vn -0.584900 0.068600 -0.808200
vn 0.205300 -0.676800 -0.707000
vn -0.959700 -0.281100 0.007200
vn -0.940500 -0.339100 0.021500
vn -0.930300 -0.365000 0.036900
vn -0.930500 -0.359200 0.071300
vn -0.942200 -0.318800 0.103300
vn -0.949400 -0.264000 0.170300
vn -0.942100 -0.235800 0.238600
vn -0.692800 -0.073800 0.717300
vn -0.261700 0.193200 0.945600
vn -0.341300 0.820100 0.459400
vn 0.400700 0.361100 0.842100
vn 0.863700 0.355100 0.357800
vn 0.381900 0.885000 0.266300
vn 0.278600 0.946800 0.161000
vn 0.882700 0.428900 0.192000
vn 0.912300 0.409200 0.018300
vn 0.375000 0.924300 0.070700
vn 0.341800 0.937300 0.067900
vn 0.911200 0.411600 -0.017500
vn 0.896400 0.440300 -0.051700
vn 0.355300 0.932600 0.062800
vn 0.311800 0.948200 0.061400
vn 0.872100 0.483300 -0.076600
vn 0.856700 0.505500 -0.103200
vn 0.978100 -0.058500 -0.199700
vn 0.849900 0.521400 -0.076200
vn 0.966700 -0.131800 -0.219500
vn -0.999700 -0.016100 0.020800
vn -0.985800 -0.167600 0.011400
vn -0.066300 -0.029400 -0.997400
vn -0.515900 0.610200 -0.601200
vn -0.298200 -0.082400 -0.950900
vn 0.958000 0.213600 -0.191600
vn 0.966400 0.117600 -0.228600
vn 0.869200 0.487500 -0.082900
vn 0.859000 0.507500 -0.067800
vn 0.966300 -0.203200 -0.158200
vn 0.917800 -0.182700 -0.352500
vn 0.882100 0.226400 -0.413200
vn 0.949300 0.214600 -0.229600
vn 0.979500 -0.198800 0.033600
vn 0.975600 -0.211100 -0.060900
vn 0.976300 0.173400 -0.129800
vn 0.985000 0.169600 -0.033000
vn 0.956100 -0.162300 0.243900
vn 0.972700 -0.184900 0.140100
vn 0.982400 0.171900 0.073100
vn 0.962000 0.214900 0.168300
vn 0.974900 0.049900 0.216900
vn 0.963100 -0.118400 0.241800
vn 0.946600 0.273200 0.171400
vn 0.907400 0.388900 0.159300
vn 0.852400 0.522200 0.025700
vn 0.937700 0.328300 0.113900
vn 0.812800 0.578300 0.069900
vn 0.719400 0.694600 0.004600
vn 0.709400 0.704800 -0.004400
vn 0.788900 0.614500 0.010800
vn 0.651100 0.759000 -0.007200
vn 0.589900 0.807300 -0.016300
vn 0.592200 0.800500 -0.092400
vn 0.610900 0.789900 -0.053400
vn 0.525500 0.848600 -0.061100
vn 0.531700 0.841200 -0.098500
vn 0.811900 0.570900 -0.122000
vn 0.684000 0.721000 -0.111200
vn 0.603800 0.787500 -0.123600
vn 0.690000 0.708800 -0.147000
vn 0.881200 0.463400 -0.094100
vn 0.884100 0.456500 -0.099600
vn 0.737800 0.661300 -0.135600
vn 0.693800 0.705300 -0.145200
vn 0.923900 0.379300 -0.050600
vn 0.881500 0.465300 -0.080400
vn 0.649500 0.747000 -0.141600
vn 0.653100 0.746900 -0.124900
vn 0.972600 0.216500 -0.084800
vn 0.961200 0.268600 -0.062100
vn 0.635200 0.761300 -0.129800
vn 0.635300 0.759700 -0.138700
vn 0.973100 0.207600 -0.100500
vn 0.973700 0.208500 -0.092400
vn 0.622300 0.770400 -0.138500
vn 0.621000 0.771500 -0.138400
vn 0.957800 0.242700 -0.153900
vn 0.968200 0.215900 -0.126500
vn 0.612800 0.775700 -0.150900
vn 0.622100 0.765600 -0.163800
vn 0.959300 0.214800 -0.183100
vn 0.951700 0.255800 -0.169700
vn 0.629800 0.760500 -0.158100
vn 0.687600 0.707200 -0.164500
vn 0.985500 0.113600 -0.125800
vn 0.975600 0.157000 -0.153600
vn 0.746900 0.652400 -0.128400
vn 0.810300 0.577900 -0.097300
vn 0.993100 0.072900 -0.091900
vn 0.990300 0.086100 -0.108800
vn 0.849000 0.523700 -0.070200
vn 0.872700 0.486100 -0.045800
vn 0.987000 0.110400 -0.116800
vn 0.991600 0.075000 -0.105700
vn 0.878900 0.474900 -0.045200
vn 0.875700 0.480500 -0.047700
vn 0.976600 0.159700 -0.143900
vn 0.980600 0.147100 -0.129400
vn 0.859400 0.509400 -0.043200
vn 0.857600 0.511500 -0.054200
vn 0.981400 0.052300 -0.184900
vn 0.978200 0.132700 -0.159400
vn 0.853500 0.519400 -0.042300
vn 0.877900 0.474700 -0.062000
vn 0.971100 -0.073000 -0.227100
vn 0.977100 -0.030800 -0.210700
vn 0.899000 0.430900 -0.078200
vn 0.907000 0.412500 -0.085100
vn 0.965300 0.007600 -0.261100
vn 0.966500 -0.066300 -0.248000
vn 0.906400 0.409200 -0.105000
vn 0.890900 0.440100 -0.112300
vn 0.957700 0.073400 -0.278300
vn 0.951900 0.214200 -0.219200
vn 0.855400 0.510400 -0.088100
vn 0.883900 0.443600 -0.148200
vn 0.943200 -0.145000 -0.298900
vn 0.950100 -0.080700 -0.301400
vn 0.917200 0.343600 -0.201500
vn 0.917300 0.352900 -0.184400
vn 0.978100 -0.065400 -0.197500
vn 0.959900 -0.128800 -0.249100
vn 0.918700 0.343100 -0.195500
vn 0.898300 0.412300 -0.152200
vn 0.993200 0.106700 -0.045500
vn 0.992200 0.025700 -0.121800
vn 0.876500 0.468200 -0.112400
vn 0.813000 0.579600 -0.055500
vn 0.250400 0.848400 -0.466400
vn 0.418600 0.768200 -0.484300
vn 0.568100 0.583300 -0.580500
vn 0.374200 0.714500 -0.591100
vn 0.225600 0.879000 -0.420100
vn 0.220900 0.877700 -0.425300
vn 0.351700 0.752300 -0.557100
vn 0.354800 0.740900 -0.570300
vn 0.288700 0.842500 -0.454700
vn 0.249200 0.865200 -0.435200
vn 0.367400 0.725400 -0.582000
vn 0.404200 0.681600 -0.609900
vn 0.253500 0.841900 -0.476300
vn 0.297300 0.825000 -0.480700
vn 0.428400 0.622400 -0.655000
vn 0.404000 0.667000 -0.626000
vn 0.147000 0.859000 -0.490400
vn 0.188400 0.861200 -0.472000
vn 0.344600 0.697200 -0.628600
vn 0.295300 0.680200 -0.671000
vn 0.168600 0.871400 -0.460600
vn 0.155100 0.867000 -0.473500
vn 0.283000 0.679500 -0.676900
vn 0.270900 0.704000 -0.656500
vn 0.212300 0.849700 -0.482700
vn 0.183800 0.865100 -0.466700
vn 0.281300 0.723800 -0.630000
vn 0.315000 0.694500 -0.646900
vn 0.190100 0.808500 -0.556900
vn 0.213100 0.821400 -0.529100
vn 0.317800 0.639700 -0.699900
vn 0.304000 0.617200 -0.725700
vn 0.159900 0.809600 -0.564800
vn 0.171100 0.813300 -0.556100
vn 0.271000 0.583000 -0.765900
vn 0.239400 0.576200 -0.781400
vn 0.193400 0.782100 -0.592400
vn 0.171200 0.802700 -0.571300
vn 0.238000 0.567500 -0.788200
vn 0.242300 0.553900 -0.796500
vn 0.212300 0.755200 -0.620200
vn 0.210200 0.760200 -0.614800
vn 0.220000 0.497900 -0.838900
vn 0.220100 0.529900 -0.819000
vn 0.135300 0.760200 -0.635400
vn 0.179600 0.752000 -0.634200
vn 0.205900 0.545700 -0.812300
vn 0.179500 0.548100 -0.816900
vn -0.031900 0.744700 -0.666700
vn 0.049300 0.760500 -0.647500
vn 0.063200 0.520800 -0.851400
vn -0.034300 0.537300 -0.842700
vn -0.204900 0.686700 -0.697400
vn -0.117100 0.720100 -0.683900
vn -0.144000 0.509700 -0.848200
vn -0.224200 0.504800 -0.833600
vn -0.446400 0.501500 -0.741100
vn -0.331200 0.603300 -0.725500
vn -0.336700 0.445900 -0.829300
vn -0.443900 0.375600 -0.813500
vn -0.510000 0.461300 -0.726000
vn -0.476900 0.484500 -0.733300
vn -0.485700 0.362400 -0.795500
vn -0.518600 0.334800 -0.786700
vn -0.582300 0.397300 -0.709300
vn -0.548800 0.429400 -0.717300
vn -0.575800 0.268600 -0.772200
vn -0.607800 0.255400 -0.751900
vn -0.649200 0.323200 -0.688500
vn -0.617100 0.357600 -0.700900
vn -0.628700 0.250200 -0.736300
vn -0.650900 0.245400 -0.718400
vn -0.746900 0.191600 -0.636700
vn -0.701300 0.254100 -0.666100
vn -0.702900 0.185100 -0.686800
vn -0.743200 0.137000 -0.654900
vn 0.843900 0.016000 -0.536300
vn 0.751900 0.372800 -0.543800
vn -0.927400 0.064000 -0.368700
vn -0.882400 0.117800 -0.455600
vn -0.886800 -0.016900 -0.461900
vn -0.926100 -0.081600 -0.368300
vn -0.971500 0.103800 -0.212900
vn -0.953200 0.079700 -0.291500
vn -0.953600 -0.090900 -0.286900
vn -0.973200 -0.108000 -0.203000
vn -0.988400 0.095700 -0.117700
vn -0.978500 0.122300 -0.166000
vn -0.980000 -0.128200 -0.152000
vn -0.978700 -0.179800 -0.099000
vn -0.995700 0.018600 -0.090400
vn -0.993400 0.048800 -0.103900
vn -0.969200 -0.231500 -0.084400
vn -0.972000 -0.223000 -0.074200
vn -0.983000 0.145700 -0.111900
vn -0.994100 0.037900 -0.101300
vn -0.981800 -0.163300 -0.097400
vn -0.987800 -0.099800 -0.119500
vn -0.928000 0.355100 -0.112500
vn -0.955600 0.272500 -0.112500
vn -0.991400 -0.036100 -0.126200
vn -0.990900 0.025600 -0.132000
vn -0.939300 0.307800 -0.151600
vn -0.917100 0.376700 -0.130400
vn -0.989400 0.051600 -0.136100
vn -0.989700 0.023800 -0.141300
vn -0.959800 0.222400 -0.171200
vn -0.960800 0.224700 -0.162200
vn -0.987000 -0.017100 -0.159600
vn -0.984000 -0.003700 -0.178200
vn -0.935700 0.278000 -0.217200
vn -0.945600 0.261500 -0.193600
vn -0.979000 0.043500 -0.199000
vn -0.972800 0.074200 -0.219600
vn -0.957000 0.151400 -0.247600
vn -0.943700 0.236200 -0.231500
vn -0.971800 0.013300 -0.235200
vn -0.953400 -0.167900 -0.250700
vn -0.939000 -0.176100 -0.295300
vn -0.959700 0.044500 -0.277500
vn -0.907400 -0.333600 -0.255700
vn -0.849300 -0.464500 -0.251000
vn -0.890400 -0.262700 -0.371700
vn -0.874700 -0.365300 -0.318500
vn -0.781000 -0.557600 -0.281200
vn -0.808400 -0.476100 -0.346100
vn -0.781400 0.576900 -0.237900
vn -0.930800 0.112600 -0.347700
vn -0.916500 -0.180800 -0.356900
vn -0.893200 0.325200 -0.310400
vn -0.488300 0.860100 -0.148000
vn -0.545400 0.824300 -0.152200
vn -0.705600 0.668600 -0.234600
vn -0.659600 0.711800 -0.241300
vn -0.496500 0.833600 -0.241900
vn -0.497600 0.844700 -0.197300
vn -0.655400 0.696800 -0.291300
vn -0.667100 0.655100 -0.354700
vn -0.518900 0.810000 -0.273100
vn -0.504500 0.824900 -0.255000
vn -0.685800 0.619900 -0.381300
vn -0.703500 0.581800 -0.408200
vn -0.554700 0.762400 -0.333400
vn -0.534400 0.790200 -0.299900
vn -0.710100 0.544100 -0.446800
vn -0.726100 0.472800 -0.499200
vn -0.661100 0.569800 -0.488200
vn -0.603000 0.690400 -0.399600
vn -0.740100 0.367500 -0.563300
vn -0.742400 0.164500 -0.649500
vn -0.624400 0.585800 -0.516700
vn -0.670000 0.512000 -0.537600
vn -0.737300 0.022200 -0.675200
vn -0.734300 0.144700 -0.663200
vn -0.548800 0.717700 -0.428700
vn -0.567700 0.688200 -0.451700
vn -0.700500 0.306800 -0.644300
vn -0.683600 0.331900 -0.650100
vn -0.529800 0.706300 -0.469500
vn -0.541400 0.708900 -0.452000
vn -0.674700 0.314500 -0.667700
vn -0.667600 0.276100 -0.691400
vn -0.557200 0.662800 -0.500200
vn -0.539000 0.693100 -0.478600
vn -0.676900 0.215500 -0.703800
vn -0.683800 0.148500 -0.714400
vn -0.597200 0.611300 -0.519300
vn -0.580500 0.631100 -0.514400
vn -0.695000 0.094200 -0.712800
vn -0.705700 0.083300 -0.703600
vn -0.623400 0.562300 -0.543300
vn -0.607300 0.592300 -0.529400
vn -0.730100 0.074600 -0.679300
vn -0.747700 0.123000 -0.652600
vn -0.362100 0.674600 -0.643300
vn -0.503700 0.616700 -0.605000
vn -0.765400 0.108700 -0.634300
vn -0.670200 0.251900 -0.698100
vn -0.834200 -0.072700 -0.546600
vn -0.835900 0.037300 -0.547600
vn -0.793300 0.090300 -0.602100
vn -0.792200 0.014200 -0.610000
vn -0.813600 -0.288200 -0.505000
vn -0.757900 0.067700 -0.648900
vn -0.689500 0.235000 -0.685100
vn -0.804200 -0.240500 -0.543600
vn -0.513700 -0.493100 0.702100
vn -0.307100 0.020700 0.951500
vn -0.457200 -0.008500 0.889300
vn -0.613900 -0.418000 0.669600
vn -0.384900 -0.426000 0.818800
vn -0.342900 -0.019800 0.939200
vn -0.443800 -0.159000 0.881900
vn -0.449500 -0.522600 0.724500
vn -0.404700 -0.376200 0.833500
vn -0.433200 -0.019600 0.901100
vn -0.396900 -0.006700 0.917800
vn -0.401200 -0.366800 0.839400
vn -0.528800 -0.464100 0.710600
vn -0.587100 -0.080400 0.805500
vn -0.513300 -0.086800 0.853800
vn -0.462000 -0.441000 0.769500
vn -0.523100 -0.550200 0.650800
vn -0.599900 -0.040800 0.799100
vn -0.588900 -0.016300 0.808100
vn -0.539100 -0.473900 0.696200
vn -0.391700 -0.547000 0.739900
vn -0.444300 -0.022400 0.895600
vn -0.527200 -0.046100 0.848500
vn -0.447300 -0.582700 0.678500
vn -0.199200 -0.338300 0.919700
vn -0.243100 0.071200 0.967400
vn -0.351400 -0.003400 0.936200
vn -0.296300 -0.458100 0.838100
vn -0.401300 -0.304100 0.864000
vn -0.384100 0.011800 0.923200
vn -0.301200 0.064100 0.951400
vn -0.303600 -0.330200 0.893700
vn -0.474900 -0.644900 0.598700
vn -0.577500 -0.166500 0.799200
vn -0.480000 -0.028000 0.876800
vn -0.471400 -0.412400 0.779600
vn -0.279300 -0.644400 0.711900
vn -0.372100 -0.046900 0.927000
vn -0.491500 -0.183300 0.851400
vn -0.351300 -0.711300 0.608800
vn 0.085200 -0.258100 0.962400
vn -0.104600 0.296000 0.949500
vn -0.304800 0.028300 0.952000
vn -0.150300 -0.469500 0.870100
vn 0.118900 -0.262300 0.957600
vn 0.076900 0.371400 0.925300
vn 0.018400 0.424400 0.905300
vn 0.143600 -0.234300 0.961500
vn -0.204200 -0.624700 0.753700
vn -0.294500 -0.162100 0.941800
vn -0.043600 0.113200 0.992600
vn -0.003300 -0.421700 0.906700
vn -0.282700 -0.590000 0.756300
vn -0.287300 0.022100 0.957600
vn -0.287600 0.068600 0.955300
vn -0.258600 -0.651900 0.712900
vn -0.243800 -0.300500 0.922100
vn -0.253000 0.146400 0.956300
vn -0.285700 0.030100 0.957800
vn -0.264800 -0.449500 0.853100
vn -0.035100 -0.170300 0.984800
vn -0.081700 0.273400 0.958400
vn -0.177900 0.254300 0.950600
vn -0.151200 -0.162400 0.975100
vn 0.070800 -0.543900 0.836100
vn -0.004600 -0.051600 0.998700
vn -0.050600 0.116300 0.991900
vn 0.013300 -0.338400 0.940900
vn 0.226900 -0.773700 0.591600
vn 0.036400 -0.290600 0.956200
vn 0.015700 -0.278800 0.960200
vn 0.157400 -0.717300 0.678700
vn -0.149900 -0.455800 0.877400
vn -0.416900 -0.025900 0.908600
vn -0.099200 -0.295300 0.950300
vn 0.132300 -0.725500 0.675400
vn -0.268000 -0.356400 0.895100
vn -0.564200 -0.050900 0.824100
vn -0.547100 0.070000 0.834200
vn -0.342100 -0.231700 0.910700
vn 0.240100 -0.430800 0.869900
vn -0.145600 -0.217000 0.965300
vn -0.303700 -0.166400 0.938100
vn 0.044300 -0.463400 0.885000
vn -0.713100 -0.396200 0.578300
vn -0.633800 -0.176400 0.753100
vn -0.988700 -0.103000 0.108900
vn -0.908300 -0.413100 0.066400
vn 0.980200 0.106800 0.166800
vn 0.793300 0.601800 0.092600
vn 0.507300 0.406000 0.760100
vn 0.742700 -0.180700 0.644800
vn -0.867300 -0.073700 -0.492400
vn 0.766100 -0.308100 0.564000
vn 0.992400 0.106900 0.061700
vn 0.807400 0.588900 0.036700
vn 0.598500 -0.563200 0.569700
vn 0.449100 -0.684400 0.574300
vn 0.212700 -0.737300 0.641200
vn 0.143900 -0.733300 0.664500
vn 0.225100 -0.827000 0.515100
vn 0.310300 -0.902000 0.300100
vn 0.247400 -0.927200 0.281200
vn 0.220200 -0.930700 0.292200
vn 0.171000 -0.892100 0.418200
vn 0.117800 -0.816300 0.565500
vn 0.044300 -0.765700 0.641700
vn -0.033800 -0.715600 0.697700
vn -0.164400 -0.781000 0.602500
vn -0.184200 -0.817000 0.546400
vn -0.224700 -0.853900 0.469400
vn -0.184400 -0.872900 0.451700
vn -0.103800 -0.887000 0.449900
vn -0.012200 -0.834000 0.551600
vn 0.175600 -0.668100 0.723000
vn 0.216700 -0.712900 0.667000
vn 0.221400 -0.698800 0.680200
vn 0.028100 -0.794200 0.606900
vn -0.133200 -0.897400 0.420700
vn -0.188300 -0.915100 0.356500
vn -0.151700 0.891700 -0.426400
vn 0.838800 -0.192700 -0.509200
vn 0.895800 -0.353900 -0.268900
vn 0.306400 0.849800 -0.429000
vn 0.898800 -0.396900 -0.186400
vn 0.872000 -0.426700 -0.239900
vn 0.859100 -0.394100 -0.326500
vn 0.872000 -0.354800 -0.337300
vn 0.900800 -0.259800 -0.347900
vn 0.943000 -0.142000 -0.300900
vn 0.927400 -0.212000 -0.308200
vn 0.901000 -0.275600 -0.335100
vn 0.884600 -0.336300 -0.323100
vn 0.894300 -0.337000 -0.294400
vn 0.903800 -0.323500 -0.280000
vn 0.923400 -0.283200 -0.259000
vn 0.950200 -0.219300 -0.221400
vn 0.955200 -0.215700 -0.202700
vn 0.957300 -0.221100 -0.186300
vn 0.955200 -0.242900 -0.169200
vn 0.953600 -0.262700 -0.147100
vn 0.957000 -0.263000 -0.122600
vn 0.962600 -0.242700 -0.120400
vn 0.965200 -0.229700 -0.125000
vn 0.972800 -0.188900 -0.134100
vn 0.974400 -0.169500 -0.147600
vn 0.979300 -0.150100 -0.135700
vn 0.974900 -0.188800 -0.117800
vn 0.967800 -0.238100 -0.081800
vn 0.960200 -0.275000 -0.049300
vn 0.957300 -0.285300 -0.045500
vn 0.982800 -0.177500 -0.051400
vn 0.999000 -0.038300 -0.023700
vn 0.999600 0.023800 0.015800
vn 0.999400 0.033500 -0.002000
vn 0.999700 -0.023000 -0.007000
vn 0.997100 -0.075200 -0.013900
vn 0.999300 0.003800 -0.038500
vn 0.992000 0.123600 -0.025600
vn 0.972200 0.232700 -0.025500
vn 0.972300 0.233200 0.017100
vn 0.991500 0.113200 0.064800
vn 0.996400 -0.024500 0.080700
vn 0.988500 -0.120200 0.092200
vn 0.954700 -0.232700 0.185600
vn 0.886200 -0.369500 0.279600
vn 0.856200 -0.431300 0.284600
vn 0.843600 -0.454300 0.286200
vn 0.861800 -0.472900 0.183200
vn 0.879700 -0.469100 0.077900
vn 0.897000 -0.442000 -0.010400
vn 0.903100 -0.414400 -0.113000
vn 0.945900 -0.155900 -0.284500
vn 0.995100 -0.070900 -0.069400
vn 0.997300 -0.071500 -0.016700
vn 0.990300 -0.118600 0.072600
vn 0.969000 -0.143000 0.201600
vn 0.785300 -0.474400 0.397700
vn -0.045500 0.637200 -0.769400
vn -0.273600 0.595300 -0.755500
vn 0.240300 0.969300 -0.051900
vn 0.144600 0.676500 -0.722100
vn 0.361100 0.919200 0.157200
vn 0.391500 0.913300 0.112100
vn 0.357600 0.920300 0.158300
vn 0.371800 0.910800 0.179700
vn 0.354200 0.926200 0.128900
vn 0.366500 0.919400 0.142400
vn 0.305100 0.944300 0.122900
vn 0.344400 0.931300 0.118600
vn -0.126500 0.922500 0.364700
vn 0.329300 0.933200 0.143700
vn 0.829100 -0.298400 0.472800
vn 0.816400 -0.334800 0.470500
vn 0.836100 -0.278400 0.472700
vn 0.828500 -0.286400 0.481200
vn 0.835700 -0.233800 0.496900
vn 0.824500 -0.275600 0.494300
vn 0.464000 -0.435100 -0.771600
vn -0.240900 -0.626800 0.741000
vn 0.327000 -0.681000 0.655200
vn 0.832800 -0.305100 0.461900
vn -0.076100 -0.662900 -0.744900
vn 0.612500 -0.433900 0.660700
vn 0.652700 -0.354500 0.669600
vn 0.712100 -0.220400 0.666600
vn 0.844000 -0.155500 0.513300
vn 0.911900 -0.329300 0.245000
vn 0.673100 -0.669600 -0.314100
vn 0.679400 -0.494200 -0.542400
vn 0.529500 -0.484700 -0.696200
vn 0.363000 -0.476900 -0.800500
vn 0.905200 -0.172000 0.388600
vn 0.910900 -0.169800 0.376000
vn 0.907900 -0.224400 0.354000
vn 0.926700 -0.312400 0.208800
vn 0.912700 -0.398100 0.091900
vn 0.526700 -0.737400 -0.422800
vn 0.411500 -0.536500 -0.736800
vn -0.256100 -0.816200 -0.517900
vn 0.443100 -0.858100 0.259400
vn 0.807500 -0.502600 0.308900
vn 0.803100 -0.515600 0.298700
vn 0.813100 -0.494900 0.306500
vn 0.826200 -0.486200 0.284600
vn 0.845800 -0.460300 0.269700
vn 0.871400 -0.428800 0.238400
vn 0.883000 -0.421300 0.207200
vn 0.372600 -0.484500 -0.791500
vn 0.064200 0.985200 0.159100
vn 0.318500 0.947900 0.011100
vn 0.144800 0.939400 0.310900
vn 0.059600 0.974200 0.217500
vn 0.297200 0.861400 0.412000
vn 0.255900 0.900100 0.352700
vn 0.703800 -0.691000 0.165100
vn 0.402500 0.806100 0.433900
vn -0.140300 0.902600 0.407000
vn 0.400900 -0.910400 -0.102300
vn 0.382400 -0.918700 -0.098800
vn 0.391600 -0.915800 -0.088900
vn 0.905400 -0.011800 0.424500
vn 0.964600 -0.027000 0.262400
vn 0.795700 -0.580800 -0.171900
vn 0.910900 -0.385500 -0.147200
vn 0.991000 -0.129100 0.036100
vn 0.992400 -0.091700 0.082100
vn 0.975300 -0.023600 0.219600
vn 0.353900 0.934700 -0.033400
vn -0.353800 0.885700 0.300500
vn -0.293500 0.885200 0.360900
vn -0.177200 0.966400 0.186400
vn -0.198000 0.929100 0.312400
vn -0.115900 0.991300 0.062400
vn 0.077000 0.982600 0.169300
vn 0.052800 0.974800 0.216600
vn 0.121100 0.984600 0.125900
vn 0.097100 0.959900 0.262900
vn 0.084900 0.959700 0.268000
vn 0.143200 0.951100 0.273800
vn -0.076500 0.966600 0.244700
vn -0.014600 0.996400 0.083700
vn 0.042000 0.999000 0.013900
vn 0.010700 0.999700 0.020700
vn -0.013700 0.999800 0.016100
vn -0.032400 0.999400 -0.012300
vn 0.058400 0.994000 -0.092700
vn 0.036500 0.998600 -0.039100
vn 0.111600 0.993200 -0.033100
vn -0.039500 0.997400 -0.060000
vn 0.185100 0.966700 0.177000
vn 0.132100 0.983200 0.125700
vn 0.103300 0.993400 0.050100
vn 0.132100 0.991200 0.006500
vn 0.171800 0.983700 -0.052300
vn -0.538700 0.842100 0.024700
vn -0.444000 0.894600 0.050700
vn -0.685100 0.728000 0.025200
vn -0.571700 0.819300 0.043600
vn -0.069000 0.993100 0.095000
vn -0.111300 0.989900 0.087600
vn -0.540500 0.838600 0.068600
vn -0.418700 0.900100 0.120400
vn -0.084600 0.983100 0.162400
vn -0.419400 0.894500 0.154700
vn -0.430000 0.886100 0.173200
vn -0.391800 0.907500 0.151600
vn -0.398600 0.887200 0.232100
vn -0.004800 -0.995600 -0.093200
vn 0.036600 -0.987600 -0.152500
vn 0.098000 -0.995100 0.013200
vn 0.142700 -0.988300 -0.053200
vn 0.102400 -0.974700 -0.198600
vn 0.200500 -0.972400 -0.119300
vn 0.313100 -0.909600 -0.273200
vn 0.308100 -0.917100 -0.252900
vn 0.356900 -0.904600 -0.233000
vn 0.449600 -0.866300 -0.217700
vn 0.465600 -0.842500 -0.271000
vn -0.036800 -0.999100 0.020400
vn -0.023400 -0.999700 -0.004300
vn 0.089000 -0.991500 -0.094600
vn 0.020900 -0.995900 -0.087700
vn -0.036000 -0.994500 -0.098100
vn -0.069100 -0.988700 -0.132700
vn -0.120300 -0.985500 -0.119600
vn -0.027500 -0.998100 -0.055200
vn -0.020100 -0.999200 -0.034600
vn -0.079100 -0.975500 -0.205200
vn 0.180100 -0.973000 -0.144300
vn 0.056500 -0.986100 -0.156400
vn -0.057000 -0.984200 -0.167400
vn -0.198100 -0.957500 -0.209500
vn -0.338300 -0.910400 -0.238100
vn 0.233500 -0.971200 -0.047100
vn 0.418200 -0.908000 -0.023100
vn 0.330900 -0.943600 0.003200
vn 0.417600 -0.908300 0.023500
vn 0.328900 -0.943800 -0.033600
vn 0.126200 -0.989600 -0.068600
vn 0.450800 -0.892400 0.022300
vn 0.493300 -0.866200 -0.079500
vn 0.378900 -0.923400 -0.061700
vn 0.729900 -0.675700 -0.103600
vn 0.698700 -0.702100 -0.137100
vn 0.661100 -0.728300 -0.180500
vn 0.626300 -0.748900 -0.216500
vn 0.834800 -0.541800 -0.097600
f 1//1 2//2 3//3 4//4
f 5//5 6//6 7//7 8//8
f 9//9 10//10 11//11 12//12
f 13//13 14//14 15//15 16//16
f 17//17 18//18 19//19 20//20
f 21//21 22//22 23//23 24//24
f 25//25 26//26 27//27 28//28
f 29//29 30//30 31//31 32//32
f 33//33 34//34 35//35 36//36
f 37//37 38//38 39//39 40//40
f 41//41 42//42 43//43 44//44
f 45//45 46//46 47//47 48//48
f 49//49 50//50 51//51 52//52
f 53//53 54//54 55//55 56//56
f 57//57 58//58 59//59 60//60
f 61//61 62//62 63//63 64//64
f 65//65 66//66 67//67 68//68
f 69//69 70//70 71//71 72//72
f 73//73 74//74 75//75 76//76
f 77//77 78//78 79//79 80//80
f 81//81 82//82 83//83 84//84
f 85//85 86//86 87//87 88//88
f 89//89 90//90 91//91 92//92
f 93//93 94//94 95//95 96//96
f 97//97 98//98 99//99 100//100
f 101//101 102//102 103//103 104//104
f 105//105 106//106 107//107 108//108
f 109//109 110//110 111//111 112//112
f 113//113 114//114 115//115 116//116
f 117//117 118//118 119//119 120//120
f 121//121 122//122 123//123 124//124
f 125//125 126//126 127//127 128//128
f 129//129 130//130 131//131 132//132
f 133//133 134//134 135//135 136//136
f 137//137 138//138 139//139 140//140
f 141//141 142//142 143//143 144//144
f 145//145 146//146 147//147 148//148
f 149//149 150//150 151//151 152//152
f 153//153 154//154 155//155 156//156
f 157//157 158//158 159//159 160//160
f 161//161 162//162 163//163 164//164
f 165//165 166//166 167//167 168//168
f 169//169 170//170 171//171 172//172
f 173//173 174//174 175//175 176//176
f 177//177 178//178 179//179 180//180
f 181//181 182//182 183//183 184//184
f 185//185 186//186 187//187 188//188
f 189//189 190//190 191//191 192//192
f 193//193 194//194 195//195 196//196
f 197//197 198//198 199//199 200//200
f 201//201 202//202 203//203 204//204
f 205//205 206//206 207//207 208//208
f 209//209 210//210 211//211 212//212
f 213//213 214//214 215//215 216//216
f 217//217 218//218 219//219 220//220
f 221//221 222//222 223//223 224//224
f 225//225 226//226 227//227 228//228
f 229//229 230//230 231//231 232//232
f 233//233 234//234 235//235 236//236
f 237//237 238//238 239//239 240//240
f 241//241 242//242 243//243 244//244
f 245//245 246//246 247//247 248//248
f 249//249 250//250 251//251 252//252
f 253//253 254//254 255//255 256//256
f 257//257 258//258 259//259 260//260
f 261//261 262//262 263//263 264//264
f 265//265 266//266 267//267 268//268
f 269//269 270//270 271//271 272//272
f 273//273 274//274 275//275 276//276
f 277//277 278//278 279//279 280//280
f 281//281 282//282 283//283 284//284
f 285//285 286//286 287//287 288//288
f 289//289 290//290 291//291 292//292
f 293//293 294//294 295//295 296//296
f 297//297 298//298 299//299 300//300
f 301//301 302//302 303//303 304//304
f 305//305 306//306 307//307 308//308
f 309//309 310//310 311//311 312//312
f 313//313 314//314 315//315 316//316
f 317//317 318//318 319//319 320//320
f 321//321 322//322 323//323 324//324
f 325//325 326//326 327//327 328//328
f 329//329 330//330 331//331 332//332
f 333//333 334//334 95//95 335//335
f 336//336 337//337 338//338 339//339
f 340//340 341//341 342//342 343//343
f 344//344 345//345 346//346 347//347
f 348//348 349//349 159//159 350//350
f 351//351 352//352 353//353 354//354
f 355//355 356//356 357//357 358//358
f 359//359 360//360 361//361 362//362
f 363//363 364//364 365//365 366//366
f 367//367 368//368 369//369 370//370
f 371//371 372//372 373//373 374//374
f 375//375 376//376 377//377 378//378
f 379//379 380//380 381//381 382//382
f 383//383 384//384 219//219 385//385
f 386//386 387//387 388//388 389//389
f 390//390 391//391 392//392 393//393
f 394//394 395//395 396//396 397//397
f 398//398 399//399 267//267 400//400
f 401//401 402//402 403//403 404//404
f 405//405 406//406 407//407 408//408
f 409//409 410//410 411//411 412//412
f 413//413 414//414 415//415 416//416
f 417//417 418//418 419//419 420//420
f 421//421 422//422 423//423 424//424
f 425//425 426//426 427//427 428//428
f 429//429 430//430 431//431 432//432
f 433//433 434//434 435//435 436//436
f 437//437 438//438 439//439 440//440
f 441//441 442//442 443//443 444//444
f 445//445 446//446 447//447 448//448
f 449//449 450//450 451//451 452//452
f 453//453 454//454 455//455 456//456
f 457//457 458//458 459//459 460//460
f 461//461 462//462 463//463 464//464
f 465//465 466//466 467//467 468//468
f 469//469 470//470 471//471 472//472
f 473//473 474//474 475//475 476//476
f 477//477 478//478 479//479 480//480
f 481//481 482//482 483//483 484//484
f 485//485 486//486 487//487 488//488
f 489//69 490//489 491//490 492//491
f 493//492 494//493 495//494 496//495
f 497//496 498//497 499//498 500//499
f 501//500 502//501 503//502 504//503
f 505//504 506//505 507//506 508//507
f 509//508 510//509 511//510 512//511
f 513//512 514//513 515//514 516//515
f 517//516 518//517 519//518 520//519
f 521//520 522//521 523//522 524//523
f 525//524 526//525 527//526 528//527
f 529//528 530//529 531//530 532//531
f 533//532 534//533 535//534 536//535
f 537//536 538//537 539//538 540//539
f 541//540 542//541 543//542 544//543
f 545//544 546//545 547//546 548//547
f 549//548 550//549 551//550 552//551
f 553//552 554//553 555//554 556//555
f 557//556 558//557 559//558 560//559
f 561//560 562//561 563//562 564//563
f 565//564 566//565 567//566 568//567
f 569//568 570//569 571//570 572//571
f 573//572 574//573 575//574 576//575
f 577//576 578//577 579//578 580//579
f 581//580 582//581 583//582 584//583
f 585//584 586//585 587//586 588//587
f 589//588 590//589 591//590 592//591
f 593//592 594//593 595//594 596//595
f 597//596 598//597 599//598 600//599
f 601//600 602//601 603//602 604//603
f 605//604 606//605 603//602 602//601
f 607//606 608//607 609//608 610//609
f 611//610 612//611 613//612 614//613
f 615//614 616//615 617//616 618//617
f 619//618 620//619 621//620 622//621
f 623//622 624//623 625//624 626//625
f 627//626 628//627 629//628 630//629
f 631//630 632//631 633//632 634//633
f 635//634 636//635 637//636 638//637
f 639//638 640//639 641//640 642//641
f 643//642 644//643 645//644 646//645
f 647//646 648//647 649//648 650//649
f 651//650 652//651 653//652 654//653
f 655//654 656//655 657//656 658//657
f 659//658 660//659 661//660 662//661
f 663//662 664//663 665//664 666//665
f 667//666 668//667 669//668 670//669
f 671//670 672//671 673//672 674//673
f 675//674 676//675 677//676 678//677
f 679//678 680//679 681//680 682//681
f 683//682 684//683 685//684 686//685
f 687//686 688//687 689//688 690//689
f 691//690 692//691 693//692 694//693
f 695//694 696//695 697//696 698//697
f 699//698 700//699 701//700 702//701
f 703//702 704//703 705//704 706//705
f 707//706 708//707 709//708 710//709
f 711//710 712//711 713//712 714//713
f 715//714 716//715 717//716 718//717
f 719//718 720//719 721//720 722//721
f 723//722 724//723 725//724 726//725
f 727//726 728//727 729//728 730//729
f 731//730 732//731 733//732 734//733
f 735//734 736//735 737//736 738//737
f 739//738 732//731 527//526 740//739
f 741//740 742//741 743//742 744//743
f 745//744 746//745 747//746 748//747
f 749//748 750//749 751//750 752//751
f 753//752 754//753 755//754 756//755
f 757//756 742//741 591//590 758//757
f 759//758 760//759 761//760 762//761
f 763//762 764//763 765//764 766//765
f 767//766 760//759 661//660 768//767
f 769//768 770//769 771//770 772//771
f 773//772 774//773 775//774 776//775
f 777//776 778//777 779//778 780//779
f 781//780 782//781 783//782 784//783
f 785//784 786//785 787//786 788//787
f 789//788 790//789 791//790 792//791
f 793//792 794//793 795//794 796//795
f 797//796 798//797 799//798 800//799
f 801//800 802//801 803//802 804//803
f 805//804 806//805 807//806 808//807
f 809//808 810//809 811//810 812//811
f 813//812 814//813 815//814 816//815
f 817//816 818//817 819//818 820//819
f 821//820 822//821 823//822 824//823
f 825//824 826//825 827//826 828//827
f 829//828 830//829 831//830 832//831
f 833//832 834//833 835//834 836//835
f 837//836 838//837 839//838 840//839
f 841//840 842//841 843//842 844//843
f 845//844 846//845 847//846 848//847
f 849//848 850//849 851//850 852//851
f 853//852 854//853 855//854 856//855
f 857//856 858//857 859//858 860//859
f 861//860 862//861 863//862 864//863
f 865//864 866//865 867//866 868//867
f 869//868 870//869 871//870 872//871
f 873//872 874//873 875//874 876//875
f 877//876 878//877 879//878 880//879
f 881//880 882//881 883//882 884//883
f 885//884 886//885 887//886 888//887
f 889//888 890//889 891//890 892//891
f 893//892 894//893 895//894 896//895
f 897//896 898//897 899//898 900//899
f 901//900 902//901 903//902 904//903
f 905//904 906//905 907//906 908//907
f 909//908 910//909 911//910 912//911
f 913//912 914//913 915//914 916//915
f 917//916 918//917 919//918 920//919
f 921//920 922//921 923//922 924//923
f 925//924 926//925 927//926 928//927
f 929//928 930//929 931//930 932//931
f 933//932 934//933 935//934 936//935
f 937//936 938//937 939//938 940//939
f 941//940 942//941 943//942 944//943
f 945//944 946//945 947//946 948//947
f 949//948 950//949 951//950 952//951
f 953//952 954//953 955//954 956//955
f 957//956 958//957 959//958 960//959
f 961//960 962//961 963//962 964//963
f 965//964 966//965 967//966 968//967
f 969//968 970//969 971//970 972//971
f 973//972 974//973 975//974 976//975
f 977//976 978//977 979//978 980//979
f 981//980 982//981 983//982 984//983
f 985//984 986//985 987//986 988//987
f 989//988 990//989 991//990 992//991
f 993//992 994//993 995//994 996//995
f 997//996 998//997 999//998 1000//999
f 1001//1000 1002//1001 1003//1002 1004//1003
f 1005//1004 1006//1005 1007//1006 1008//1007
f 1009//1008 1010//1009 1011//1010 1012//1011
f 1013//1012 1014//1013 1015//1014 1016//1015
f 1017//1016 1018//1017 1019//1018 1020//1019
f 1021//1020 1022//1021 1023//1022 1024//1023
f 1025//1024 1026//1025 1027//1026 1028//1027
f 1029//1028 1030//1029 1031//1030 1032//1031
f 1033//1032 1034//1033 1035//1034 1036//1035
f 1037//1036 1038//1037 1039//1038 1040//1039
f 1041//1040 1042//1041 1043//1042 1044//1043
f 1045//1044 1046//1045 1047//1046 1048//1047
f 1049//1048 1050//1049 1051//1050 1052//1051
f 1053//1052 1054//1053 1055//1054 1056//1055
f 1057//1056 1058//1057 1059//1058 1060//1059
f 1061//1060 1062//1061 1063//1062 1064//1063
f 1065//1064 1066//1065 1067//1066 1068//1067
f 1069//1068 1070//1069 1071//1070 1072//1071
f 1073//1072 1074//1073 1075//1074 1076//1075
f 1077//1076 1078//1077 1079//1078 1080//1079
f 1081//1080 1082//1081 1083//1082 1084//1083
f 1085//1084 1086//1085 1087//1086 1088//1087
f 1089//1088 1090//1089 1091//1090 1092//1091
f 1093//1092 1094//1093 1095//1094 1096//1095
f 1097//1096 1098//1097 1099//1098 1100//1099
f 1101//1100 1102//1101 1103//1102 1104//1103
f 1105//1104 1106//1105 1107//1106 1108//1107
f 1109//1108 1110//1109 1111//1110 1112//1111
f 1113//1112 1114//1113 1115//1114 1116//1115
f 1117//1116 1118//1117 1119//1118 1120//1119
f 1121//1120 1122//1121 1123//1122 1124//1123
f 1125//1124 1126//1125 1127//1126 1128//1127
f 1129//1128 1130//1129 1131//1130 1132//1131
f 1133//1132 1134//1133 1135//1134 1136//1135
f 1137//1136 1138//1137 1139//1138 1140//1139
f 1141//1140 1142//1141 1143//1142 1144//1143
f 1145//1144 1146//1145 1147//1146 1148//1147
f 1149//1148 1150//1149 1151//1150 1152//1151
f 1153//1152 1154//1153 1155//1154 1156//1155
f 1157//1156 1158//1157 1159//1158 1160//1159
f 1161//1160 1162//1161 1163//1162 1164//1163
f 1165//1164 1166//1165 1167//1166 1168//1167
f 1169//1168 1170//1169 1171//1170 1172//1171
f 1173//1172 1174//1173 1175//1174 1176//1175
f 1177//1176 1178//1177 1179//1178 1180//1179
f 1181//1180 1182//1181 1183//1182 1184//1183
f 1185//1184 1186//1185 1187//1186 1188//1187
f 1189//1188 1190//1189 1191//1190 1192//1191
f 1193//1192 1194//1193 1195//1194 1196//1195
f 1197//1196 1198//1197 1199//1198 1200//1199
f 1201//1200 1202//1201 1203//1202 1204//1203
f 1205//1204 1206//1205 1207//1206 1208//1207
f 1209//1208 1210//1209 1211//1210 1212//1211
f 1213//1212 1214//1213 1215//1214 1216//1215
f 1217//1216 1218//1217 1219//1218 1220//1219
f 1221//1220 1222//1221 1223//1222 1224//1223
f 1225//1224 1226//1225 1227//1226 1228//1227
f 1229//1228 1230//1229 1231//1230 1232//1231
f 1233//1232 1234//1233 1235//1234 1236//1235
f 1237//1236 1238//1237 1239//1238 1240//1239
f 1241//1240 1242//1241 1243//1242 1244//1243
f 1245//1244 1246//1245 1247//1246 1248//1247
f 1249//1248 1250//1249 1251//1250 1252//1251
f 1253//1252 1254//1253 1255//1254 1256//1255
f 1257//1256 1258//1257 1259//1258 1260//1259
f 1261//1260 1262//1261 1263//1262 1264//1263
f 1265//1264 1266//1265 1267//1266 1268//1267
f 1269//1268 1270//1269 1271//1270 1272//1271
f 1273//1272 1274//1273 1275//1274 1276//1275
f 1277//1276 1278//1277 1279//1278 1280//1279
f 1281//1280 1282//1281 1283//1282 1284//1283
f 1285//1284 1286//1285 1287//1286 1288//1287
f 1289//1288 1290//1289 1291//1290 1292//1291
f 1293//1292 1294//1293 1295//1294 1296//1295
f 1297//1296 1298//1297 1299//1298 1300//1299
f 1301//1300 1302//1301 1303//1302 1304//1303
f 1305//1304 1306//1305 1307//1306 1308//1307
f 1309//1308 1310//1309 1311//1310 1312//1311
f 1313//1312 391//391 1314//1313 1315//1314
f 1316//1315 1317//1316 1318//1317 1319//1318
f 1320//1319 399//399 1314//1313 1321//1320
f 1322//1321 1323//1322 1324//1323 1325//1324
f 1326//1325 352//352 1327//1326 1328//1327
f 1329//1328 1330//1329 1331//1330 1332//1331
f 1333//1332 1334//1333 1335//1334 1336//1335
f 1337//1336 384//384 1327//1326 1338//1337
f 1339//1338 341//341 1340//1339 1341//1340
f 1342//1341 1343//1342 1344//1343 1345//1344
f 1346//1345 349//349 1340//1339 1347//1346
f 1348//1347 1349//1348 1350//1349 1351//1350
f 1352//1351 322//322 1353//1352 1354//1353
f 1355//1354 1356//1355 1357//1356 1358//1357
f 1359//1358 1360//1359 1361//1360 1362//1361
f 1363//1362 334//334 1353//1352 1364//1363
f 1365//1364 1366//1365 1367//1366 1368//1367
f 1369//1368 1370//1369 1371//1370 1372//1371
f 1373//1372 1374//1373 1375//1374 1376//1375
f 1377//1376 1378//1377 1379//1378 1380//1379
f 1381//1380 1382//1381 1383//1382 1384//1383
f 1385//1384 1386//1385 1387//1386 1388//1387
f 1389//1388 1390//1389 1391//1390 1392//1391
f 1393//1392 1394//1393 1395//1394 1396//1395
f 1397//1396 1398//1397 1399//1398 1400//1399
f 1401//1400 1402//1401 1403//1402 1404//1403
f 1405//1404 1406//1405 1407//1406 1408//1407
f 1409//1408 1410//1409 1411//1410 1412//1411
f 1413//1412 1414//1413 1415//1414 1416//1415
f 1417//1416 1418//1417 1419//1418 1420//1419
f 1421//1420 1422//1421 1423//1422 1424//1423
f 1425//1424 1426//1425 1427//1426 1428//1427
f 1429//1428 1430//1429 1431//1430 1432//1431
f 1433//1432 1434//1433 1435//1434 1436//1435
f 1437//1436 1438//1437 1439//1438 1440//1439
f 1441//1440 1442//1441 1443//1442 1444//1443
f 1445//1444 1446//1445 1447//1446 1448//1447
f 1449//1448 1450//1449 1451//1450 1452//1451
f 1453//1452 1454//1453 1455//1454 1456//1455
f 1457//1456 1458//1457 1459//1458 1460//1459
f 1461//1460 1462//1461 1463//1462 1464//1463
f 1465//1464 1466//1465 1467//1466 1468//1467
f 1469//1468 1470//1469 1471//1470 1472//1471
f 1473//1472 1474//1473 1475//1474 1476//1475
f 1477//1476 1478//1477 1479//1478 1480//1479
f 1481//1480 1482//1481 1483//1482 1484//1483
f 1485//1484 1486//1485 1487//1486 1488//1487
f 1489//1488 1490//1489 1491//1490 1492//1491
f 1493//1492 1494//1493 1495//1494 1496//1495
f 1497//1496 1498//1497 1499//1498 1500//1499
f 1501//1500 1502//1501 1503//1502 1504//1503
f 1505//1504 1506//1505 1507//1506 1508//1507
f 1509//1508 1510//1509 1511//1510 1512//1511
f 1513//1512 1514//1513 1515//1514 1516//1515
f 1517//1516 1518//1517 1519//1518 1520//1519
f 1521//1520 1522//1521 1523//1522 1524//1523
f 1525//1524 1526//1525 1527//1526 1528//1527
f 1529//1528 1530//1529 1531//1530 1532//1531
f 1533//1532 1534//1533 1535//1534 1536//1535
f 1537//1536 1538//1537 1539//1538 1540//1539
f 1541//1540 1542//1541 1543//1542 1544//1543
f 1545//1544 1546//1545 1547//1546 1548//1547
f 1549//1548 1550//1549 1551//1550 1552//1551
f 1553//1552 1554//1553 1555//1554 1556//1555
f 1557//1556 1558//1557 1559//1558 1560//1559
f 1561//1560 1562//1561 1563//1562 1564//1563
f 1565//1564 1566//1565 1567//1566 1568//1567
f 1569//1568 1570//1569 1571//1570 1572//1571
f 1573//1572 1574//1573 1575//1574 1576//1575
f 1577//1576 1578//1577 1579//1578 1580//1579
f 1581//1580 1582//1581 1583//1582 1584//1583
f 1585//1584 1586//1585 1587//1586 1588//1587
f 1589//1588 1590//1589 1591//1590 1592//1591
f 1593//1592 1594//1593 1595//1594 1596//1595
f 1597//1596 1598//1597 1599//1598 1600//1599
f 1601//1600 1602//1601 1603//1602 1604//1603
f 1605//1604 1606//1605 1607//1606 1608//1607
f 1609//1608 1610//1609 1611//1610 1612//1611
f 1613//1612 1614//1613 1615//1614 1616//1615
f 1617//1616 1618//1617 1619//1618 1620//1619
f 1621//1620 1622//1621 1623//1622 1624//1623
f 1625//1624 1626//1625 1627//1626 1628//1627
f 1629//1628 1630//1629 1631//1630 1632//1631
f 1633//1632 1634//1633 1635//1634 1636//1635
f 1637//1636 1638//1637 1639//1638 1640//1639
f 1641//1640 1642//1641 1643//1642 1644//1643
f 1645//1644 1646//1645 1647//1646 1648//1647
f 1649//1648 1650//1649 1651//1650 1652//1651
f 1653//1652 1654//1653 1655//1654 1656//1655
f 1657//1656 1658//1657 1659//1658 1660//1659
f 1661//1660 1662//1661 1663//1662 1664//1663
f 1665//1664 1666//1665 1667//1666 1668//1667
f 1669//1668 1670//1669 1671//1670 1672//1671
f 1673//1672 1674//1673 1675//1674 1676//1675
f 1677//1676 1678//1677 1679//1678 1680//1679
f 1681//1680 1682//1681 1683//1682 1684//1683
f 1685//1684 1686//1685 1687//1686 1688//1687
f 1689//1688 1690//1689 1691//1690 1692//1691
f 1693//1692 1694//1693 1695//1694 1696//1695
f 1697//1696 1698//1697 1699//1698 1700//1699
f 1701//1700 1702//1701 1703//1702 1704//1703
f 1705//1704 1706//1705 1707//1706 1708//1707
f 1709//1708 1710//1709 1711//1710 1712//1711
f 1713//1712 1714//1713 1715//1714 1716//1715
f 1717//1716 1718//1717 1719//1718 1720//1719
f 1721//1720 1722//1721 1723//1722 1724//1723
f 1725//1724 1726//1725 1727//1726 1728//1727
f 1729//1728 1730//1729 1731//1730 1732//1731
f 1733//1732 1734//1733 1735//1734 1736//1735
f 1737//1736 1738//1737 1739//1738 1740//1739
f 1741//1740 1742//1741 1743//1742 1744//1743
f 1745//1744 1746//1745 1747//1746 1748//1747
f 1749//1748 1750//1749 1751//1750 1752//1751
f 1753//1752 1754//1753 1755//1754 1756//1755
f 1757//1756 1758//1757 1759//1758 1760//1759
f 1761//1760 1762//1761 1763//1762 1764//1763
f 1765//1764 1766//1765 1767//1766 1768//1767
f 1769//1768 1770//1769 1771//1770 1772//1771
f 1773//1772 1774//1773 1775//1774 1776//1775
f 1777//1776 1778//1777 1779//1778 1780//1779
f 1781//1780 1782//1781 1783//1782 1784//1783
f 1785//1784 1786//1785 1787//1786 1788//1787
f 1789//1788 1790//1789 1791//1790 1792//1791
f 1793//1792 1794//1793 1795//1794 1796//1795
f 1797//1796 1798//1797 1799//1798 1800//1799
f 1801//1800 1802//1801 1803//1802 1804//1803
f 1805//1804 1806//1805 1807//1806 1808//1807
f 1809//1808 1810//1809 1811//1810 1812//1811
f 1813//1812 1814//1813 1815//1814 1816//1815
f 1817//1816 1818//1817 1819//1818 1820//1819
f 1821//1820 1822//1821 1823//1822 1824//1823
f 1825//1824 1826//1825 1827//1826 1828//1827
f 1829//1828 1830//1829 1831//1830 1832//1831
f 1833//1832 1834//1833 1835//1834 1836//1835
f 1837//1836 1838//1837 1839//1838 1840//1839
f 1841//1840 1842//1841 1843//1842 1844//1843
f 1845//1844 1846//1845 1847//1846 1848//1847
f 1849//1848 1850//1849 1851//1850 1852//1851
f 1853//1852 1854//1853 1855//1854 1856//1855
f 1857//1856 1858//1857 1859//1858 1860//1859
f 1861//1860 1862//1861 1863//1862 1864//1863
f 1865//1864 1866//1865 1867//1866 1868//1867
f 1869//1868 1870//1869 1871//1870 1872//1871
f 1873//1872 1874//1873 1875//1874 1876//1875
f 1877//1876 1878//1877 1879//1878 1880//1879
f 1881//1880 1882//1881 1883//1882 1884//1883
f 1885//1884 1886//1885 1887//1886 1888//1887
f 1889//1888 1890//1889 1891//1890 1892//1891
f 1893//1892 1894//1893 1895//1894 1896//1895
f 1897//1896 1898//1897 1899//1898 1900//1899
f 1901//1900 1902//1901 1903//1902 1904//1903
f 1905//1904 1906//1905 1907//1906 1908//1907
f 1909//1908 1910//1909 1911//1910 1912//1911
f 1913//1912 1914//1913 1915//1914 1916//1915
f 1917//1916 1918//1917 1919//1918 1920//1919
f 1921//1920 1922//1921 1923//1922 1924//1923
f 1925//1924 1926//1925 1927//1926 1928//1927
f 1929//1928 1930//1929 1931//1930 1932//1931
f 1933//1932 1934//1933 1935//1934 1936//1935
f 1937//1936 1938//1937 1939//1938 1940//1939
f 1941//1940 1942//1941 1943//1942 1944//1943
f 1945//1944 1946//1945 1947//1946 1948//1947
f 1949//1948 1950//1949 1951//1950 1952//1951
f 1953//1952 1954//1953 1955//1954 1956//1955
f 1957//1956 1958//1957 1959//1958 1960//1959
f 1961//1960 1962//1961 1963//1962 1964//1963
f 1965//1964 1966//1965 1967//1966 1968//1967
f 1969//1968 1970//1969 1971//1970 1972//1971
f 1973//1972 1974//1973 1975//1974 1976//1975
f 1977//1976 1978//1977 1979//1978 1980//1979
f 1981//1980 1982//1981 1983//1982 1984//1983
f 1985//1984 1986//1985 1987//1986 1988//1987
f 1989//1988 1990//1989 1991//1990 1992//1991
f 1993//1992 1994//1993 1995//1994 1996//1995
f 1997//1996 1998//1997 1999//1998 2000//1999
f 2001//2000 2002//2001 2003//2002 2004//2003
f 2005//2004 2006//2005 2007//2006 2008//2007
f 2009//2008 2010//2009 2011//2010 2012//2011
f 2013//2012 2014//2013 2015//2014 2016//2015
f 2017//2016 2018//2017 2019//2018 2020//2019
f 2021//2020 2022//2021 2023//2022 2024//2023
f 2025//2024 2026//2025 2027//2026 2028//2027
f 2029//2028 2030//2029 2031//2030 2032//2031
f 2033//2032 2034//2033 2035//2034 2036//2035
f 2037//2036 2038//2037 2039//2038 2040//2039
f 2041//2040 2042//2041 2043//2042 2044//2043
f 2045//2044 2046//2045 2047//2046 2048//2047
f 2049//2048 2050//2049 2051//2050 2052//2051
f 2053//2052 2054//2053 2055//2054 2056//2055
f 2057//2056 2058//2057 2059//2058 2060//2059
f 2061//2060 2062//2061 2063//2062 2064//2063
f 2065//2064 2066//2065 2067//2066 2068//2067
f 2069//2068 2070//2069 2071//2070 2072//2071
f 2073//2072 2074//2073 2075//2074 2076//2075
f 2077//2076 2078//2077 2079//2078 2080//2079
f 2081//2080 2082//2081 2083//2082 2084//2083
f 2085//2084 2086//2085 2087//2086 2088//2087
f 2089//2088 2090//2089 2091//2090 2092//2091
f 2093//2092 2094//2093 2095//2094 2096//2095
f 2097//2096 2098//2097 2099//2098 2100//2099
f 2101//2100 2102//2101 2103//2102 2104//2103
f 2105//2104 2106//2105 2107//2106 2108//2107
f 2109//2108 2110//2109 2111//2110 2112//2111
f 2113//2112 2114//2113 2115//2114 2116//2115
f 2117//2116 2118//2117 2119//2118 2120//2119
f 2121//2120 2122//2121 2123//2122 2124//2123
f 2125//2124 2126//2125 2127//2126 2128//2127
f 2129//2128 2130//2129 2131//2130 2132//2131
f 2133//2132 2134//2133 2135//2134 2136//2135
f 2137//2136 2138//2137 2139//2138 2140//2139
f 2141//2140 2142//2141 2143//2142 2144//2143
f 2145//2144 2146//2145 2147//2146 2148//2147
f 2149//2148 2150//2149 2151//2150 2152//2151
f 2153//2152 2154//2153 2155//2154 2156//2155
f 2157//2156 2158//2157 2159//2158 2160//2159
f 2161//2160 2162//2161 2163//2162 2164//2163
f 2165//2164 2166//2165 2167//2166 2168//2167
f 2169//2168 2170//2169 2171//2170 2172//2171
f 2173//2172 2174//2173 2175//2174 2176//2175
f 2177//2176 2178//2177 2179//2178 2180//2179
f 2181//2180 2182//2181 2183//2182 2184//2183
f 2185//2184 2186//2185 2187//2186 2188//2187
f 2189//2188 2190//2189 2191//2190 2192//2191
f 2193//2192 2194//2193 2195//2194 2196//2195
f 2197//2196 2198//2197 2199//2198 2200//2199
f 2201//2200 2202//2201 2203//2202 2204//2203
f 2205//2204 2206//2205 2207//2206 2208//2207
f 2209//2208 2210//2209 2211//2210 2212//2211
f 2213//2212 2214//2213 2215//2214 2216//2215
f 2217//2216 2218//2217 2219//2218 2220//2219
f 2221//2220 2222//2221 2223//2222 2224//2223
f 2225//2224 2226//2225 2227//2226 2228//2227
f 2229//2228 2230//2229 2231//2230 2232//2231
f 2233//2232 2234//2233 2235//2234 2236//2235
f 2237//2236 2238//2237 2239//2238 2240//2239
f 2241//2240 2242//2241 2003//2002 2243//2242
f 2244//2243 2245//2244 2246//2245 2247//2246
f 2248//2247 2249//2248 2250//2249 2251//2250
f 2252//2251 2253//2252 2254//2253 2255//2254
f 2256//2255 2257//2256 2067//2066 2258//2257
f 2259//2258 2260//2259 2261//2260 2262//2261
f 2263//2262 2264//2263 2265//2264 2266//2265
f 2267//2266 2268//2267 2269//2268 2270//2269
f 2271//2270 2272//2271 2273//2272 2274//2273
f 2275//2274 2276//2275 2277//2276 2278//2277
f 2279//2278 2280//2279 2281//2280 2282//2281
f 2283//2282 2284//2283 2285//2284 2286//2285
f 2287//2286 2288//2287 2289//2288 2290//2289
f 2291//2290 2292//2291 2127//2126 2293//2292
f 2294//2293 2295//2294 2296//2295 2297//2296
f 2298//2297 2299//2298 2300//2299 2301//2300
f 2302//2301 2303//2302 2304//2303 2305//2304
f 2306//2305 2307//2306 2175//2174 2308//2307
f 2309//2308 2310//2309 2311//2310 2312//2311
f 2313//2312 2314//2313 2315//2314 2316//2315
f 2317//2316 2318//2317 2319//2318 2320//2319
f 2321//2320 2322//2321 2323//2322 2324//2323
f 2325//2324 2326//2325 2327//2326 2328//2327
f 2329//2328 2330//2329 2331//2330 2332//2331
f 2333//2332 2334//2333 2335//2334 2336//2335
f 2337//2336 2338//2337 2339//2338 2340//2339
f 2341//2340 2342//2341 2343//2342 2344//2343
f 2345//2344 2346//2345 2347//2346 2348//2347
f 2349//2348 2350//2349 2351//2350 2352//2351
f 2353//2352 2354//2353 2355//2354 2356//2355
f 2357//2356 2358//2357 2359//2358 2360//2359
f 2361//2360 2362//2361 2363//2362 2364//2363
f 2365//2364 2366//2365 2367//2366 2368//2367
f 2369//2368 2370//2369 2371//2370 2372//2371
f 2373//2372 2374//2373 2375//2374 2376//2375
f 2377//2376 2378//2377 2379//2378 2380//2379
f 2381//2380 2382//2381 2383//2382 2384//2383
f 2385//2384 2386//2385 2387//2386 2388//2387
f 2389//2388 2390//2389 2391//2390 2392//2391
f 2393//2392 2394//2393 2395//2394 2396//2395
f 2397//2396 2398//2397 2399//2398 2400//2399
f 2401//2400 2402//2401 2403//2402 2404//2403
f 2405//2404 2406//2405 2407//2406 2408//2407
f 2409//2408 2410//2409 2411//2410 2412//2411
f 2413//2412 2414//2413 2415//2414 2416//2415
f 2417//2416 2418//2417 2419//2418 2420//2419
f 2421//2420 2422//2421 2423//2422 2424//2423
f 2425//2424 2426//2425 2427//2426 2428//2427
f 2429//2428 2430//2429 2431//2430 2432//2431
f 2433//2432 2434//2433 2435//2434 2436//2435
f 2437//2436 2438//2437 2439//2438 2440//2439
f 2441//2440 2442//2441 2443//2442 2444//2443
f 2445//2444 2446//2445 2447//2446 2448//2447
f 2449//2448 2450//2449 2451//2450 2452//2451
f 2453//2452 2454//2453 2455//2454 2456//2455
f 2457//2456 2458//2457 2459//2458 2460//2459
f 2461//2460 2462//2461 2463//2462 2464//2463
f 2465//2464 2466//2465 2467//2466 2468//2467
f 2469//2468 2470//2469 2471//2470 2472//2471
f 2473//2472 2474//2473 2475//2474 2476//2475
f 2477//2476 2478//2477 2479//2478 2480//2479
f 2481//2480 2482//2481 2483//2482 2484//2483
f 2485//2484 2486//2485 2487//2486 2488//2487
f 2489//2488 2490//2489 2491//2490 2492//2491
f 2493//2492 2494//2493 2495//2494 2496//2495
f 2497//2496 2498//2497 2499//2498 2500//2499
f 2501//2500 2502//2501 2503//2502 2504//2503
f 2505//2504 2506//2505 2507//2506 2508//2507
f 2509//2508 2510//2509 2511//2510 2512//2511
f 2513//2512 2514//2513 2515//2514 2516//2515
f 2517//2516 2518//2517 2519//2518 2520//2519
f 2521//2520 2522//2521 2523//2522 2524//2523
f 2525//2524 2526//2525 2527//2526 2528//2527
f 2529//2528 2530//2529 2531//2530 2532//2531
f 2533//2532 2534//2533 2535//2534 2536//2535
f 2537//2536 2538//2537 2539//2538 2540//2539
f 2541//2540 2542//2541 2543//2542 2544//2543
f 2545//2544 2546//2545 2547//2546 2548//2547
f 2549//2548 2550//2549 2551//2550 2552//2551
f 2553//2552 2554//2553 2555//2554 2556//2555
f 2557//2556 2558//2557 2559//2558 2560//2559
f 2561//2560 2562//2561 2563//2562 2564//2563
f 2565//2564 2566//2565 2567//2566 2568//2567
f 2569//2568 2570//2569 2571//2570 2572//2571
f 2573//2572 2574//2573 2575//2574 2576//2575
f 2577//2576 2578//2577 2579//2578 2580//2579
f 2581//2580 2582//2581 2583//2582 2584//2583
f 2585//2584 2586//2585 2587//2586 2588//2587
f 2589//2588 2590//2589 2591//2590 2592//2591
f 2593//2592 2594//2593 2595//2594 2596//2595
f 2597//2596 2598//2597 2599//2598 2600//2599
f 2601//2600 2602//2601 2603//2602 2604//2603
f 2605//2604 2606//2605 2607//2606 2608//2607
f 2609//2608 2610//2609 2611//2610 2612//2611
f 2613//2612 2614//2613 2615//2614 2616//2615
f 2617//2616 2618//2617 2619//2618 2620//2619
f 2621//2620 2622//2621 2623//2622 2624//2623
f 2625//2624 2626//2625 2627//2626 2628//2627
f 2629//2628 2630//2629 2631//2630 2632//2631
f 2633//2632 2634//2633 2635//2634 2636//2635
f 2637//2636 2638//2637 2639//2638 2640//2639
f 2641//2640 2642//2641 2643//2642 2644//2643
f 2645//2644 2646//2645 2647//2646 2648//2647
f 2649//2648 2650//2649 2435//2434 2644//2643
f 2651//2650 2652//2651 2653//2652 2654//2653
f 2655//2654 2656//2655 2657//2656 2658//2657
f 2659//2658 2660//2659 2661//2660 2662//2661
f 2663//2662 2664//2663 2665//2664 2666//2665
f 2667//2666 2668//2667 2499//2498 2654//2653
f 2669//2668 2670//2669 2671//2670 2672//2671
f 2673//2672 2674//2673 2675//2674 2676//2675
f 2677//2676 2678//2677 2571//2570 2672//2671
f 2679//2678 2680//2679 2681//2680 2682//2681
f 2683//2682 2684//2683 2685//2684 2686//2685
f 2687//2686 2688//2687 2689//2688 2690//2689
f 2691//2690 2692//2691 2693//2692 2694//2693
f 2695//2694 2696//2695 2697//2696 2698//2697
f 2699//2698 2700//2699 2701//2700 2702//2701
f 2703//2702 2704//2703 2705//2704 2706//2705
f 2707//2706 2708//2707 2709//2708 2710//2709
f 2711//2710 2712//2711 2713//2712 2714//2713
f 2715//2714 2716//2715 2717//2716 2718//2717
f 2719//2718 2720//2719 2721//2720 2722//2721
f 2723//2722 2724//2723 2725//2724 2726//2725
f 2727//2726 2728//2727 2729//2728 2730//2729
f 2731//2730 2732//2731 2733//2732 2734//2733
f 2735//2734 2736//2735 2737//2736 2738//2737
f 2739//2738 2740//2739 2741//2740 2742//2741
f 2743//2742 2744//2743 2745//2744 2746//2745
f 2747//2746 2748//2747 2749//2748 2750//2749
f 2751//2750 2752//2751 2753//2752 2754//2753
f 2755//2754 2756//2755 2757//2756 2758//2757
f 2759//2758 2760//2759 2761//2760 2762//2761
f 2763//2762 2764//2763 2765//2764 2766//2765
f 2767//2766 2768//2767 2769//2768 2770//2769
f 2771//2770 2772//2771 2773//2772 2774//2773
f 2775//2774 2776//2775 2777//2776 2778//2777
f 2779//2778 2780//2779 2781//2780 2782//2781
f 2783//2782 2784//2783 2785//2784 2786//2785
f 2787//2786 2788//2787 2789//2788 2790//2789
f 2791//2790 2792//2791 2793//2792 2794//2793
f 2795//2794 2796//2795 2797//2796 2798//2797
f 2799//2798 2800//2799 2801//2800 2802//2801
f 2803//2802 2804//2803 2805//2804 2806//2805
f 2807//2806 2808//2807 2809//2808 2810//2809
f 2811//2810 2812//2811 2813//2812 2814//2813
f 2815//2814 2816//2815 2817//2816 2818//2817
f 2819//2818 2820//2819 2821//2820 2822//2821
f 2823//2822 2824//2823 2825//2824 2826//2825
f 2827//2826 2828//2827 2829//2828 2830//2829
f 2831//2830 2832//2831 2833//2832 2834//2833
f 2835//2834 2836//2835 2837//2836 2838//2837
f 2839//2838 2840//2839 2841//2840 2842//2841
f 2843//2842 2844//2843 2845//2844 2846//2845
f 2847//2846 2848//2847 2849//2848 2850//2849
f 2851//2850 2852//2851 2853//2852 2854//2853
f 2855//2854 2856//2855 2857//2856 2858//2857
f 2859//2858 2860//2859 2861//2860 2862//2861
f 2863//2862 2864//2863 2865//2864 2866//2865
f 2867//2866 2868//2867 2869//2868 2870//2869
f 2871//2870 2872//2871 2873//2872 2874//2873
f 2875//2874 2876//2875 2877//2876 2878//2877
f 2879//2878 2880//2879 2881//2880 2882//2881
f 2883//2882 2884//2883 2885//2884 2886//2885
f 2887//2886 2888//2887 2889//2888 2890//2889
f 2891//2890 2892//2891 2893//2892 2894//2893
f 2895//2894 2896//2895 2897//2896 2898//2897
f 2899//2898 2900//2899 2901//2900 2902//2901
f 2903//2902 2904//2903 2905//2904 2906//2905
f 2907//2906 2908//2907 2909//2908 2910//2909
f 2911//2910 2912//2911 2913//2912 2914//2913
f 2915//2914 2916//2915 2917//2916 2918//2917
f 2919//2918 2920//2919 2921//2920 2922//2921
f 2923//2922 2924//2923 2925//2924 2926//2925
f 2927//2926 2928//2927 2929//2928 2930//2929
f 2931//2930 2932//2931 2933//2932 2934//2933
f 2935//2934 2936//2935 2937//2936 2938//2937
f 2939//2938 2940//2939 2941//2940 2942//2941
f 2943//2942 2944//2943 2945//2944 2946//2945
f 2947//2946 2948//2947 2949//2948 2950//2949
f 2951//2950 2952//2951 2953//2952 2954//2953
f 2955//2954 2956//2955 2957//2956 2958//2957
f 2959//2958 2960//2959 2961//2960 2962//2961
f 2963//2962 2964//2963 2965//2964 2966//2965
f 2967//2966 2968//2967 2969//2968 2970//2969
f 2971//2970 2972//2971 2973//2972 2974//2973
f 2975//2974 2976//2975 2977//2976 2978//2977
f 2979//2978 2980//2979 2981//2980 2982//2981
f 2983//2982 2984//2983 2985//2984 2986//2985
f 2987//2986 2988//2987 2989//2988 2990//2989
f 2991//2990 2992//2991 2993//2992 2994//2993
f 2995//2994 2996//2995 2997//2996 2998//2997
f 2999//2998 3000//2999 3001//3000 3002//3001
f 3003//3002 3004//3003 3005//3004 3006//3005
f 3007//3006 3008//3007 3009//3008 3010//3009
f 3011//3010 3012//3011 3013//3012 3014//3013
f 3015//3014 3016//3015 3017//3016 3018//3017
f 3019//3018 3020//3019 3021//3020 3022//3021
f 3023//3022 3024//3023 3025//3024 3026//3025
f 3027//3026 3028//3027 3029//3028 3030//3029
f 3031//3030 3032//3031 3033//3032 3034//3033
f 3035//3034 3036//3035 3037//3036 3038//3037
f 3039//3038 3040//3039 3041//3040 3042//3041
f 3043//3042 3044//3043 3045//3044 3046//3045
f 3047//3046 3048//3047 3049//3048 3050//3049
f 3051//3050 3052//3051 3053//3052 3054//3053
f 3055//3054 3056//3055 3057//3056 3058//3057
f 3059//3058 3060//3059 3061//3060 3062//3061
f 3063//3062 3064//3063 3065//3064 3066//3065
f 3067//3066 3068//3067 3069//3068 3070//3069
f 3071//3070 3072//3071 3073//3072 3074//3073
f 3075//3074 3076//3075 3077//3076 3078//3077
f 3079//3078 3080//3079 3081//3080 3082//3081
f 3083//3082 3084//3083 3085//3084 3086//3085
f 3087//3086 3088//3087 3089//3088 3090//3089
f 3091//3090 3092//3091 3093//3092 3094//3093
f 3095//3094 3096//3095 3097//3096 3098//3097
f 3099//3098 3100//3099 3101//3100 3102//3101
f 3103//3102 3104//3103 3105//3104 3106//3105
f 3107//3106 3108//3107 3109//3108 3110//3109
f 3111//3110 3112//3111 3113//3112 3114//3113
f 3115//3114 3116//3115 3117//3116 3118//3117
f 3119//3118 3120//3119 3121//3120 3122//3121
f 3123//3122 3124//3123 3125//3124 3126//3125
f 3127//3126 3128//3127 3129//3128 3130//3129
f 3131//3130 3132//3131 3133//3132 3134//3133
f 3135//3134 3136//3135 3137//3136 3138//3137
f 3139//3138 3140//3139 3141//3140 3142//3141
f 3143//3142 3144//3143 3145//3144 3146//3145
f 3147//3146 3148//3147 3149//3148 3150//3149
f 3151//3150 3152//3151 3153//3152 3154//3153
f 3155//3154 3156//3155 3157//3156 3158//3157
f 3159//3158 3160//3159 3161//3160 3162//3161
f 3163//3162 3164//3163 3165//3164 3166//3165
f 3167//3166 3168//3167 3169//3168 3170//3169
f 3171//3170 3172//3171 3173//3172 3174//3173
f 3175//3174 3176//3175 3177//3176 3178//3177
f 3179//3178 3180//3179 3181//3180 3182//3181
f 3183//3182 3184//3183 3185//3184 3186//3185
f 3187//3186 3188//3187 3189//3188 3190//3189
f 3191//3190 3192//3191 3193//3192 3194//3193
f 3195//3194 3196//3195 3197//3196 3198//3197
f 3199//3198 3200//3199 3201//3200 3202//3201
f 3203//3202 3204//3203 3205//3204 3206//3205
f 3207//3206 3208//3207 3209//3208 3210//3209
f 3211//3210 3212//3211 3213//3212 3214//3213
f 3215//3214 3216//3215 3217//3216 3218//3217
f 3219//3218 3220//3219 3221//3220 3222//3221
f 3223//3222 3224//3223 3225//3224 2301//2300
f 3226//3225 3227//3226 3228//3227 3229//3228
f 3230//3229 3231//3230 3225//3224 2308//2307
f 3232//3231 3233//3232 3234//3233 3235//3234
f 3236//3235 3237//3236 3238//3237 2262//2261
f 3239//3238 3240//3239 3241//3240 3242//3241
f 3243//3242 3244//3243 3245//3244 3246//3245
f 3247//3246 3248//3247 3238//3237 2293//2292
f 3249//3248 3250//3249 3251//3250 2251//2250
f 3252//3251 3253//3252 3254//3253 3255//3254
f 3256//3255 3257//3256 3251//3250 2258//2257
f 3258//3257 3259//3258 3260//3259 3261//3260
f 3262//3261 3263//3262 3264//3263 2232//2231
f 3265//3264 3266//3265 3267//3266 3268//3267
f 3269//3268 3270//3269 3271//3270 3272//3271
f 3273//3272 3274//3273 3264//3263 2243//2242
f 3275//3274 3276//3275 3277//3276 3278//3277
f 3279//3278 3280//3279 3281//3280 3282//3281
f 3283//3282 3284//3283 3285//3284 3286//3285
f 3287//3286 3288//3287 3289//3288 3290//3289
f 3291//3290 3292//3291 3293//3292 3294//3293
f 3295//3294 3296//3295 3297//3296 3298//3297
f 3299//3298 3300//3299 3301//3300 3302//3301
f 3303//3302 3304//3303 3305//3304 3306//3305
f 3307//3306 3308//3307 3309//3308 3310//3309
f 3311//3310 3312//3311 3313//3312 3314//3313
f 3315//3314 3316//3315 3317//3316 3318//3317
f 3319//3318 3320//3319 3321//3320 3322//3321
f 3323//3322 3324//3323 3325//3324 3326//3325
f 3327//3326 3328//3327 3329//3328 3330//3329
f 3331//3330 3332//3331 3333//3332 3334//3333
f 3335//3334 3336//3335 3337//3336 3338//3337
f 3339//3338 3340//3339 3341//3340 3342//3341
f 3343//3342 3344//3343 3345//3344 3346//3345
f 3347//3346 3348//3347 3349//3348 3350//3349
f 3351//3350 3352//3351 3353//3352 3354//3353
f 3355//3354 3356//3355 3357//3356 3358//3357
f 3359//3358 3360//3359 3361//3360 3362//3361
f 3363//3362 3364//3363 3365//3364 3366//3365
f 3367//3366 3368//3367 3369//3368 3370//3369
f 3371//3370 3372//3371 3373//3372 3374//3373
f 3375//3374 3376//3375 3377//3376 3378//3377
f 3379//3378 3380//3379 3381//3380 3382//3381
f 3383//3382 3384//3383 3385//3384 3386//3385
f 3387//3386 3388//3387 3389//3388 3390//3389
f 3391//3390 3392//3391 3393//3392 3394//3393
f 3395//3394 3396//3395 3397//3396 3398//3397
f 3399//3398 3400//3399 3401//3400 3402//3401
f 3403//3402 3404//3403 3405//3404 3406//3405
f 3407//3406 3408//3407 3409//3408 3410//3409
f 3411//3410 3412//3411 3413//3412 3414//3413
f 3415//3414 3416//3415 3417//3416 3418//3417
f 3419//3418 3420//3419 3421//3420 3422//3421
f 3423//3422 3424//3423 3425//3424 3426//3425
f 3427//3426 3428//3427 3429//3428 3430//3429
f 3431//3430 3432//3431 3433//3432 3434//3433
f 3435//3434 3436//3435 3437//3436 3438//3437
f 3439//3438 3440//3439 3441//3440 3442//3441
f 3443//3442 3444//3443 3445//3444 3446//3445
f 3447//3446 3448//3447 3449//3448 3450//3449
f 3451//3450 3452//3451 3453//3452 3454//3453
f 3455//3454 3456//3455 3457//3456 3458//3457
f 3459//3458 3460//3459 3461//3460 3462//3461
f 3463//3462 3464//3463 3465//3464 3466//3465
f 3467//3466 3468//3467 3469//3468 3470//3469
f 3471//3470 3472//3471 3473//3472 3474//3473
f 3475//3474 3476//3475 3477//3476 3478//3477
f 3479//3478 3480//3479 3481//3480 3482//3481
f 3483//3482 3484//3483 3485//3484 3486//3485
f 3487//3486 3488//3487 3489//3488 3490//3489
f 3491//3490 3492//3491 3493//3492 3494//3493
f 3495//3494 3496//3495 3497//3496 3498//3497
f 3499//3498 3500//3499 3501//3500 3502//3501
f 3503//3502 3504//3503 3505//3504 3506//3505
f 3507//3506 3508//3507 3509//3508 3510//3509
f 3511//3510 3512//3511 3513//3512 3514//3513
f 3515//3514 3516//3515 3517//3516 3518//3517
f 3519//3518 3520//3519 3521//3520 3522//3521
f 3523//3522 3524//3523 3525//3524 3526//3525
f 3527//3526 3528//3527 3529//3528 3530//3529
f 3531//3530 3532//3531 3533//3532 3534//3533
f 3535//3534 3536//3535 3537//3536 3538//3537
f 3539//3538 3540//3539 3541//3540 3542//3541
f 3543//3542 3544//3543 3545//3544 3546//3545
f 3547//3546 3548//3547 3549//3548 3550//3549
f 3551//3550 3552//3551 3553//3552 3554//3553
f 3555//3554 3556//3555 3557//3556 3558//3557
f 3559//3558 3560//3559 3561//3560 3562//3561
f 3563//3562 3564//3563 3565//3564 3566//3565
f 3567//3566 3568//3567 3569//3568 3570//3569
f 3571//3570 3572//3571 3573//3572 3574//3573
f 3575//3574 3576//3575 3577//3576 3578//3577
f 3579//3578 3580//3579 3581//3580 3582//3581
f 3583//3582 3584//3583 3585//3584 3586//3585
f 3587//3586 3588//3587 3589//3588 3590//3589
f 3591//3590 3592//3591 3593//3592 3594//3593
f 3595//3594 3596//3595 3597//3596 3598//3597
f 3599//3598 3600//3599 3601//3600 3602//3601
f 3603//3602 3604//3603 3605//3604 3606//3605
f 3607//3606 3608//3607 3609//3608 3610//3609
f 3611//3610 3612//3611 3613//3612 3614//3613
f 3615//3614 3616//3615 3617//3616 3618//3617
f 3619//3618 3620//3619 3621//3620 3622//3621
f 3623//3622 3624//3623 3625//3624 3626//3625
f 3627//3626 3628//3627 3629//3628 3630//3629
f 3631//3630 3632//3631 3633//3632 3634//3633
f 3635//3634 3636//3635 3637//3636 3638//3637
f 3639//3638 3640//3639 3641//3640 3642//3641
f 3643//3642 3644//3643 3645//3644 3646//3645
f 3647//3646 3648//3647 3649//3648 3650//3649
f 3651//3650 3652//3651 3653//3652 3654//3653
f 3655//3654 3656//3655 3657//3656 3658//3657
f 3659//3658 3660//3659 3661//3660 3662//3661
f 3663//3662 3664//3663 3665//3664 3666//3665
f 3667//3666 3668//3667 3669//3668 3670//3669
f 3671//3670 3672//3671 3673//3672 3674//3673
f 3675//3674 3676//3675 3677//3676 3678//3677
f 3679//3678 3680//3679 3681//3680 3682//3681
f 3683//3682 3684//3683 3685//3684 3686//3685
f 3687//3686 3688//3687 3689//3688 3690//3689
f 3691//3690 3692//3691 3693//3692 3694//3693
f 3695//3694 3696//3695 3697//3696 3698//3697
f 3699//3698 3700//3699 3701//3700 3702//3701
f 3703//3702 3704//3703 3705//3704 3706//3705
f 3707//3706 3708//3707 3709//3708 3710//3709
f 3711//3710 3712//3711 3713//3712 3714//3713
f 3715//3714 3716//3715 3717//3716 3718//3717
f 3719//3718 3720//3719 3721//3720 3722//3721
f 3723//3722 3724//3723 3725//3724 3726//3725
f 3727//3726 3728//3727 3729//3728 3730//3729
f 3731//3730 3732//3731 3733//3732 3734//3733
f 3735//3734 3736//3735 3737//3736 3738//3737
f 3739//3738 3740//3739 3741//3740 3742//3741
f 3743//3742 3744//3743 3745//3744 3746//3745
f 3747//3746 3748//3747 3749//3748 3750//3749
f 3751//3750 3752//3751 3753//3752 3754//3753
f 3755//3754 3756//3755 3757//3756 3758//3757
f 3759//3758 3760//3759 3761//3760 3762//3761
f 3763//3762 3764//3763 3765//3764 3766//3765
f 3767//3766 3768//3767 3769//3768 3770//3769
f 3771//3770 3772//3771 3773//3772 3774//3773
f 3775//3774 3776//3775 3777//3776 3778//3777
f 3779//3778 3780//3779 3781//3780 3782//3781
f 3783//3782 3784//3783 3785//3784 3786//3785
f 3787//3786 3788//3787 3789//3788 3790//3789
f 3791//3790 3792//3791 3793//3792 3794//3793
f 3795//3794 3796//3795 3797//3796 3798//3797
f 3799//3798 3800//3799 3801//3800 3802//3801
f 3803//3802 3804//3803 3805//3804 3806//3805
f 3807//3806 3808//3807 3809//3808 3810//3809
f 3811//3810 3812//3811 3813//3812 3814//3813
f 3815//3814 3816//3815 3817//3816 3818//3817
f 3819//3818 3820//3819 3821//3820 3822//3821
f 3823//3822 3824//3823 3825//3824 3826//3825
f 3827//3826 3828//3827 3829//3828 3830//3829
f 3831//3830 3832//3831 3833//3832 3834//3833
f 3835//3834 3836//3835 3837//3836 3838//3837
f 3839//3838 3840//3839 3841//3840 3842//3841
f 3843//3842 3844//3843 3845//3844 3846//3845
f 3847//3846 3848//3847 3849//3848 3850//3849 392//392 3851//3850 2511//2510 2510//2509 3852//3851 3853//3852
f 3854//3853 2996//2995 3855//3854 3856//3855
f 3857//3856 1952//1951 1951//1950 3858//3857
f 3859//3858 3860//3859 3861//3860 3862//3861
f 3863//3862 3864//3863 3865//3864 3866//3865
f 3867//3866 3868//3867 3869//3868 3870//3869
f 3871//3870 3872//3871 3873//3872 3874//3873
f 3875//3874 3876//3875 3877//3876 3878//3877
f 3879//3878 3880//3879 3881//3880 3882//3881
f 3883//3882 3884//3883 3885//3884 3886//3885
f 3887//3886 3888//3887 3889//3888 3890//3889
f 3891//3890 3892//3891 3893//3892 3894//3893
f 3895//3894 3896//3895 3897//3896 3898//3897
f 3899//3898 3900//3899 3901//3900 3902//3901
f 3903//3902 3904//3903 3905//3904 3906//3905
f 3907//3906 1928//1927 1927//1926 3908//3907
f 3909//3908 1916//1915 1915//1914 3910//3909
f 3911//3910 1920//1919 1919//1918 3912//3911
f 3913//3912 1924//1923 1923//1922 3914//3913
f 3915//3914 1932//1931 1931//1930 3916//3915
f 3917//3916 1936//1935 1935//1934 3918//3917
f 3919//3918 1940//1939 1939//1938 3920//3919
f 3921//3920 1944//1943 1943//1942 3922//3921
f 3923//3922 1948//1947 1947//1946 3924//3923
f 3925//3924 1950//1949 3029//3028 3926//3925
f 3927//3926 3798//3797 3797//3796 3928//3927
f 3929//3928 3930//3929 3931//3930 1120//1119
f 3932//3931 3933//3932 83//83 82//82
f 3934//3933 3935//3934 87//87 86//86
f 3936//3935 3937//3936 91//91 90//90
f 3938//3937 3939//3938 47//47 46//46
f 3940//3939 3941//3940 1375//1374 1374//1373
f 3942//3941 3943//3942 311//311 310//310
f 3944//3943 3945//3944 447//447 446//446
f 3946//3945 3947//3946 451//451 450//450
f 3948//3947 3949//3948 455//455 454//454
f 3950//3949 3951//3950 459//459 458//458
f 3952//3951 3953//3952 403//403 402//402
f 3954//3953 3955//3954 713//712 712//711
f 3956//3955 3957//3956 803//802 802//801
f 3958//3957 3959//3958 871//870 870//869
f 3960//3959 3961//3960 1271//1270 1270//1269
f 3962//3961 3963//3962 963//962 962//961
f 3964//3963 3965//3964 1231//1230 1230//1229
f 3966//3965 3967//3966 1003//1002 1002//1001
f 3968//3967 3969//3968 1507//1506 1506//1505
f 3970//3969 3971//3970 1399//1398 1398//1397
f 3972//3971 3973//3972 1563//1562 1562//1561
f 3974//3973 3975//3974 1687//1686 1686//1685
f 3976//3975 3977//3976 1675//1674 1674//1673
f 3978//3977 3979//3978 1775//1774 1774//1773
f 3980//3979 3981//3980 3982//3981 3983//3982
f 3984//3983 3985//3984 1875//1874 1888//1887
f 3986//3985 3987//3986 1863//1862 1876//1875
f 3988//3987 3989//3988 1851//1850 1864//1863
f 3990//3989 3991//3990 1843//1842 1852//1851
f 3992//3991 3993//3992 1835//1834 1844//1843
f 3994//3993 3995//3994 1899//1898 1836//1835
f 3996//3995 3997//3996 1895//1894 1900//1899
f 3998//3997 3999//3998 1871//1870 1896//1895
f 4000//3999 4001//4000 1859//1858 1872//1871
f 4002//4001 4003//4002 1883//1882 1860//1859
f 4004//4003 4005//4004 1867//1866 1884//1883
f 4006//4005 4007//4006 1847//1846 1868//1867
f 4008//4007 4009//4008 1839//1838 1848//1847
f 4010//4009 4011//4010 1907//1906 1840//1839
f 4012//4011 4013//4012 1855//1854 1908//1907
f 4014//4013 4015//4014 1903//1902 1856//1855
f 4016//4015 4017//4016 1891//1890 1904//1903
f 4018//4017 4019//4018 1879//1878 1892//1891
f 4020//4019 4021//4020 4022//4021 1880//1879
f 4023//4022 4024//4023 2159//2158 2158//2157
f 4025//4024 4026//4025 4027//4026 4028//4027
f 4029//4028 4030//4029 4031//4030 4032//4031
f 4033//4032 4034//4033 4035//4034 4036//4035
f 4037//4036 4038//4037 4039//4038 4040//4039
f 4041//4040 4042//4041 4043//4042 4044//4043
f 4045//4044 4046//4045 4047//4046 4048//4047
f 4049//4048 4050//4049 4051//4050 4052//4051
f 4053//4052 4054//4053 4055//4054 4056//4055
f 4057//4056 4058//4057 4059//4058 4060//4059
f 4061//4060 4062//4061 4063//4062 4064//4063
f 4065//4064 4066//4065 4067//4066 4068//4067
f 4069//4068 4070//4069 4071//4070 4072//4071
f 4073//4072 4074//4073 4075//4074 4076//4075
f 4077//4076 4078//4077 4079//4078 4080//4079
f 4081//4080 4082//4081 4083//4082 4084//4083
f 4085//4084 4086//4085 4087//4086 4088//4087
f 4089//4088 4090//4089 4091//4090 4092//4091
f 4093//4092 4094//4093 4095//4094 4096//4095
f 4097//4096 4098//4097 4099//4098 4100//4099
f 4101//4100 4102//4101 4103//4102 4104//4103
f 4105//4104 4106//4105 4107//4106 4108//4107
f 4109//4108 4110//4109 4111//4110 4112//4111
f 4113//4112 4114//4113 4115//4114 4116//4115
f 4117//4116 3983//3982 3982//3981 4118//4117
f 4119//4118 2152//2151 2151//2150 4120//4119
f 4121//4120 2148//2147 2147//2146 4122//4121
f 4123//4122 2056//2055 2055//2054 4124//4123
f 4125//4124 2060//2059 2059//2058 4126//4125
f 4127//4126 4128//4127 4129//4128 4130//4129
f 4131//4130 4132//4131 4133//4132 4134//4133
f 4135//4134 4136//4135 2051//2050 4137//4136
f 4138//4137 4139//4138 4140//4139 4141//4140
f 4142//4141 4143//4142 4144//4143 4145//4144
f 4146//4145 4147//4146 4148//4147 4149//4148
f 4150//4149 4151//4150 4152//4151 4149//4148
f 4153//4152 2292//2291 3841//3840 4154//4153
f 4155//4154 2128//2127 2127//2126 4156//4155
f 4157//4156 2156//2155 2155//2154 4158//4157
f 4159//4158 4160//4159 4161//4160 4162//4161
f 4163//4162 4164//4163 4165//4164 4166//4165
f 4167//4166 4168//4167 4169//4168 4170//4169
f 4171//4170 4172//4171 4173//4172 4174//4173
f 4175//4174 4176//4175 4177//4176 4178//4177
f 4179//4178 4180//4179 4181//4180 4182//4181
f 4183//4182 4184//4183 4185//4184 4186//4185
f 4187//4186 2307//2306 3845//3844 4188//4187
f 4189//4188 3844//3843 4190//4189 4191//4190
f 4169//4168 2176//2175 2175//2174 4192//4191 4181//4180 4180//4179 295//295 4193//4192 2203//2202 4170//4169
f 4194//4193 4195//4194 4196//4195 4197//4196
f 4198//4197 4199//4198 4200//4199 4201//4200
f 4202//4201 4203//4202 4204//4203 4205//4204
f 4206//4205 4207//4206 203//203 4208//4207
f 4209//4208 4210//4209 215//215 214//214
f 4211//4210 4212//4211 211//211 210//210
f 4213//4212 4214//4213 287//287 286//286
f 4215//4214 4216//4215 291//291 290//290
f 4217//4216 4193//4192 295//295 294//294
f 4218//4217 2468//2467 2467//2466 4219//4218
f 4220//4219 2464//2463 2463//2462 4221//4220
f 4222//4221 2460//2459 2459//2458 4223//4222
f 4224//4223 4225//4224 2250//2249 4226//4225
f 4227//4226 4228//4227 4229//4228 4230//4229 4231//4230 4232//4231 4233//4232 4234//4233 4235//4234 4236//4235
f 4237//4236 4238//4237 4229//4228 4228//4227
f 4239//4238 4240//4239 4241//4240 4242//4241
f 4243//4242 4244//4243 4245//4244 4246//4245
f 4247//4246 4248//4247 4249//4248 4250//4249
f 4251//4250 2650//2649 4252//4251 4253//4252
f 4254//4253 2436//2435 2435//2434 4255//4254
f 4256//4255 2472//2471 2471//2470 4257//4256
f 4258//4257 2257//2256 3833//3832 4259//4258
f 4260//4259 2068//2067 2067//2066 4261//4260
f 4262//4261 2096//2095 2095//2094 4263//4262
f 4264//4263 2092//2091 2091//2090 4265//4264
f 4266//4265 2088//2087 2087//2086 4267//4266
f 4268//4267 4269//4268 4270//4269 4271//4270
f 4272//4271 4273//4272 4274//4273 4275//4274
f 4276//4275 4277//4276 4278//4277 4279//4278
f 4280//4279 4281//4280 4282//4281 4283//4282
f 4284//4283 4259//4258 3833//3832 3832//3831 4285//4284 4286//4285 4287//4286 4288//4287 4289//4288 4290//4289
f 4291//4290 2242//2241 3825//3824 4292//4291
f 4293//4292 4294//4293 4295//4294 4296//4295
f 4297//4296 4298//4297 4299//4298 4300//4299
f 4301//4300 4302//4301 4303//4302 4304//4303
f 4305//4304 4306//4305 4307//4306 4308//4307
f 4309//4308 4310//4309 4311//4310 4312//4311
f 4313//4312 2004//2003 2003//2002 4314//4313
f 4315//4314 2048//2047 2047//2046 4316//4315
f 4317//4316 2044//2043 2043//2042 4318//4317
f 4319//4318 2040//2039 2039//2038 4320//4319
f 4321//4320 4292//4291 3825//3824 3824//3823 4322//4321 4323//4322 4324//4323 4325//4324 4326//4325 4327//4326
f 4328//4327 4329//4328 4330//4329 4331//4330
f 4332//4331 4333//4332 4334//4333 4335//4334
f 4336//4335 2372//2371 2371//2370 4337//4336
f 4338//4337 2428//2427 2427//2426 4339//4338
f 4340//4339 2424//2423 2423//2422 4341//4340
f 4342//4341 2420//2419 2419//2418 4343//4342
f 4344//4343 2416//2415 2415//2414 4345//4344
f 4346//4345 4347//4346 2231//2230 4348//4347
f 4349//4348 4350//4349 4351//4350 4352//4351 4353//4352 4354//4353 4355//4354 4356//4355 4357//4356 4358//4357
f 4359//4358 4360//4359 4351//4350 4350//4349
f 4361//4360 4362//4361 4363//4362 4364//4363
f 4365//4364 4366//4365 4367//4366 4368//4367
f 4369//4368 4370//4369 613//612 612//611
f 4371//4370 4372//4371 617//616 616//615
f 4373//4372 4374//4373 621//620 620//619
f 4375//4374 4376//4375 625//624 624//623
f 4377//4376 4378//4377 591//590 590//589
f 4379//4378 4380//4379 4381//4380 758//757
f 4382//4381 4383//4382 4384//4383 4385//4384
f 4386//4385 4387//4386 4388//4387 4389//4388
f 4390//4389 4391//4390 4392//4391 4393//4392
f 4394//4393 4395//4394 4396//4395 4397//4396
f 4398//4397 4399//4398 4400//4399 4401//4400
f 4402//4401 4403//4402 4404//4403 4405//4404
f 4406//4405 4407//4406 353//353 4408//4407
f 4409//4408 2600//2599 2599//2598 4410//4409
f 4411//4410 2604//2603 2603//2602 4412//4411
f 4413//4412 2608//2607 2607//2606 4414//4413
f 4415//4414 2572//2571 2571//2570 4416//4415
f 4417//4416 2678//2677 4418//4417 4419//4418
f 4420//4419 4421//4420 4422//4421 4423//4422
f 4424//4423 4425//4424 4426//4425 4427//4426
f 4428//4427 4429//4428 4430//4429 4431//4430
f 4432//4431 604//603 603//602 4431//4430
f 4433//4432 4434//4433 4435//4434
f 4436//4435 2596//2595 2595//2594 4437//4436
f 4438//4437 4439//4438 2300//2299 4440//4439
f 4441//4440 4442//4441 4443//4442 4444//4443
f 4445//4444 4446//4445 4447//4446 4448//4447
f 4449//4448 4450//4449 4451//4450 4452//4451
f 4453//4452 4454//4453 4455//4454 4456//4455
f 4457//4456 4458//4457 4459//4458 4460//4459
f 4461//4460 4462//4461 4463//4462 4464//4463
f 4465//4464 4466//4465 4467//4466 4468//4467
f 4469//4468 4470//4469 4471//4470 4472//4471
f 4473//4472 4474//4473 4475//4474 4476//4475
f 4477//4476 4478//4477 4479//4478 4480//4479
f 4481//4480 4482//4481 4483//4482 4484//4483
f 4485//4484 4486//4485 4487//4486 4488//4487
f 4489//4488 4490//4489 4491//4490 4492//4491
f 4493//4492 4494//4493 4495//4494 4496//4495
f 4497//4496 4498//4497 4499//4498 4500//4499
f 4501//4500 4502//4501 4503//4502 4504//4503
f 4505//4504 4506//4505 4507//4506 4508//4507
f 4509//4508 4510//4509 4511//4510 4512//4511
f 4513//4512 4514//4513 4515//4514 4516//4515
f 4517//4516 4518//4517 4519//4518 4520//4519
f 4521//4520 4522//4521 4523//4522 4524//4523
f 4525//4524 4526//4525 4527//4526 4528//4527
f 4529//4528 4530//4529 4531//4530 4532//4531
f 4533//4532 4534//4533 4535//4534 4536//4535
f 4537//4536 4538//4537 4539//4538 4540//4539
f 4541//4540 4542//4541 4543//4542 4544//4543
f 4545//4544 4546//4545 4547//4546 4548//4547
f 4549//4548 4550//4549 4551//4550 4552//4551
f 4553//4552 4554//4553 4555//4554 4556//4555
f 4557//4556 4558//4557 4559//4558 4560//4559
f 4561//4560 4562//4561 4563//4562 4564//4563
f 4565//4564 4566//4565 4567//4566 4568//4567
f 4569//4568 4570//4569 4571//4570 4572//4571
f 4573//4572 4574//4573 4575//4574 4576//4575
f 4577//4576 4578//4577 4579//4578 4580//4579
f 4581//4580 4582//4581 4583//4582 4584//4583
f 4585//4584 4586//4585 4587//4586 4588//4587
f 4589//4588 4590//4589 4591//4590 4592//4591
f 4593//4592 4594//4593 4595//4594 4596//4595
f 4597//4596 4598//4597 4599//4598 4600//4599
f 4601//4600 4602//4601 4603//4602 4604//4603
f 4605//4604 4606//4605 4607//4606 4608//4607
f 4609//4608 4610//4609 4611//4610 4612//4611
f 4613//4612 4614//4613 4615//4614 4616//4615
f 4617//4616 4618//4617 4619//4618 4620//4619
f 4621//4620 4622//4621 4447//4446 4446//4445
f 4623//4622 4624//4623 4625//4624 4626//4625
f 4627//4626 4628//4627 4629//4628 4630//4629
f 4631//4630 4632//4631 4633//4632 4634//4633
f 4635//4634 4636//4635 4637//4636 4638//4637
f 4639//4638 4640//4639 4641//4640 4642//4641
f 4643//4642 4644//4643 4645//4644 4646//4645
f 4647//4646 4648//4647 4649//4648 4650//4649
f 4651//4650 4652//4651 4653//4652 4654//4653
f 4655//4654 4656//4655 4657//4656 4658//4657
f 4659//4658 4660//4659 4661//4660 4662//4661
f 4663//4662 4664//4663 4665//4664 4666//4665
f 4667//4666 4668//4667 4669//4668 4670//4669
f 4671//4670 4672//4671 4673//4672 4674//4673
f 4675//4674 4676//4675 4677//4676 4678//4677
f 4679//4678 4680//4679 4681//4680 4682//4681
f 4683//4682 4684//4683 4685//4684 4686//4685
f 4687//4686 4688//4687 4689//4688 4690//4689
f 4691//4690 4692//4691 4693//4692 4694//4693
f 4695//4694 4696//4695 4697//4696 4698//4697
f 4699//4698 4700//4699 4701//4700 4702//4701
f 4703//4702 4704//4703 4705//4704 4706//4705
f 4707//4706 4708//4707 4709//4708 4710//4709
f 4711//4710 4712//4711 4713//4712 4714//4713
f 4715//4714 4716//4715 4717//4716 4718//4717
f 4719//4718 4720//4719 4721//4720 4722//4721
f 4723//4722 4724//4723 4725//4724 4726//4725
f 4727//4726 4728//4727 4729//4728 4730//4729
f 4731//4730 4732//4731 4733//4732 4734//4733
f 4735//4734 4736//4735 4737//4736 4738//4737
f 4739//4738 4740//4739 4741//4740 4742//4741
f 4743//4742 4744//4743 4745//4744 4746//4745
f 4747//4746 4748//4747 4749//4748 4750//4749
f 4751//4750 4752//4751 4753//4752 4754//4753
f 4755//4754 4756//4755 4757//4756 4758//4757
f 4759//4758 4760//4759 4761//4760 4762//4761
f 4763//4762 4764//4763 4765//4764 4766//4765
f 4767//4766 4768//4767 4769//4768 4770//4769
f 4771//4770 4772//4771 4773//4772 4774//4773
f 4775//4774 4776//4775 4777//4776 4778//4777
f 4779//4778 4780//4779 4781//4780 4782//4781
f 4783//4782 4784//4783 4785//4784 4786//4785
f 4787//4786 4788//4787 4789//4788 4790//4789
f 4791//4790 4792//4791 4793//4792 4794//4793
f 4795//4794 4796//4795 4797//4796 4798//4797
f 4799//4798 4800//4799 4801//4800 4802//4801
f 4803//4802 4804//4803 4805//4804 4806//4805
f 4807//4806 4808//4807 4809//4808 4810//4809
f 4811//4810 4812//4811 4813//4812 4814//4813
f 4815//4814 4816//4815 4817//4816 4818//4817
f 4819//4818 4820//4819 4821//4820 4822//4821
f 388//388 4440//4439 4823//4822
f 4823//4822 2299//2298 2296//2295
f 4823//4822 4440//4439 2299//2298
f 4440//4439 2300//2299 2299//2298
f 1088//1087 4819//4818 4822//4821 4824//4823
f 1087//1086 4825//4824 4819//4818 1088//1087
f 4825//4824 4826//4825 4820//4819 4819//4818
f 42//42 4815//4814 4818//4817 43//43
f 39//39 4734//4733 4815//4814 42//42
f 4734//4733 4733//4732 4816//4815 4815//4814
f 4827//4826 4811//4810 4814//4813 4828//4827
f 4824//4823 4822//4821 4811//4810 4827//4826
f 4822//4821 4821//4820 4812//4811 4811//4810
f 4829//4828 4807//4806 4810//4809 4830//4829
f 4828//4827 4814//4813 4807//4806 4829//4828
f 4814//4813 4813//4812 4808//4807 4807//4806
f 4831//4830 4803//4802 4806//4805 4832//4831
f 4830//4829 4810//4809 4803//4802 4831//4830
f 4810//4809 4809//4808 4804//4803 4803//4802
f 4833//4832 4799//4798 4802//4801 4834//4833
f 4832//4831 4806//4805 4799//4798 4833//4832
f 4806//4805 4805//4804 4800//4799 4799//4798
f 4835//4834 4795//4794 4798//4797 4836//4835
f 4834//4833 4802//4801 4795//4794 4835//4834
f 4802//4801 4801//4800 4796//4795 4795//4794
f 4837//4836 4791//4790 4794//4793 4838//4837
f 4836//4835 4798//4797 4791//4790 4837//4836
f 4798//4797 4797//4796 4792//4791 4791//4790
f 4839//4838 4787//4786 4790//4789 4840//4839
f 4838//4837 4794//4793 4787//4786 4839//4838
f 4794//4793 4793//4792 4788//4787 4787//4786
f 4841//4840 4783//4782 4786//4785 4842//4841
f 4840//4839 4790//4789 4783//4782 4841//4840
f 4790//4789 4789//4788 4784//4783 4783//4782
f 4843//4842 4779//4778 4782//4781 4844//4843
f 4842//4841 4786//4785 4779//4778 4843//4842
f 4786//4785 4785//4784 4780//4779 4779//4778
f 4845//4844 4775//4774 4778//4777 4846//4845
f 4844//4843 4782//4781 4775//4774 4845//4844
f 4782//4781 4781//4780 4776//4775 4775//4774
f 4847//4846 4771//4770 4774//4773 4848//4847
f 4846//4845 4778//4777 4771//4770 4847//4846
f 4778//4777 4777//4776 4772//4771 4771//4770
f 4849//4848 4767//4766 4770//4769 4850//4849
f 4848//4847 4774//4773 4767//4766 4849//4848
f 4774//4773 4773//4772 4768//4767 4767//4766
f 18//18 4763//4762 4766//4765 19//19
f 4850//4849 4770//4769 4763//4762 18//18
f 4770//4769 4769//4768 4764//4763 4763//4762
f 6//6 4759//4758 4762//4761 7//7
f 19//19 4766//4765 4759//4758 6//6
f 4766//4765 4765//4764 4760//4759 4759//4758
f 10//10 4755//4754 4758//4757 11//11
f 7//7 4762//4761 4755//4754 10//10
f 4762//4761 4761//4760 4756//4755 4755//4754
f 14//14 4751//4750 4754//4753 15//15
f 11//11 4758//4757 4751//4750 14//14
f 4758//4757 4757//4756 4752//4751 4751//4750
f 22//22 4747//4746 4750//4749 23//23
f 15//15 4754//4753 4747//4746 22//22
f 4754//4753 4753//4752 4748//4747 4747//4746
f 26//26 4743//4742 4746//4745 27//27
f 23//23 4750//4749 4743//4742 26//26
f 4750//4749 4749//4748 4744//4743 4743//4742
f 30//30 4739//4738 4742//4741 31//31
f 27//27 4746//4745 4739//4738 30//30
f 4746//4745 4745//4744 4740//4739 4739//4738
f 34//34 4735//4734 4738//4737 35//35
f 31//31 4742//4741 4735//4734 34//34
f 4742//4741 4741//4740 4736//4735 4735//4734
f 38//38 4731//4730 4734//4733 39//39
f 35//35 4738//4737 4731//4730 38//38
f 4738//4737 4737//4736 4732//4731 4731//4730
f 44//44 4727//4726 4730//4729 1119//1118
f 43//43 4818//4817 4727//4726 44//44
f 4818//4817 4817//4816 4728//4727 4727//4726
f 1886//1885 4723//4722 4726//4725 1887//1886
f 1775//1774 3979//3978 4723//4722 1886//1885
f 3979//3978 4625//4624 4724//4723 4723//4722
f 3926//3925 4719//4718 4722//4721 4729//4728
f 3029//3028 3028//3027 4719//4718 3926//3925
f 3028//3027 4851//4850 4720//4719 4719//4718
f 4720//4719 4715//4714 4718//4717 4721//4720
f 4851//4850 1992//1991 4715//4714 4720//4719
f 1992//1991 1991//1990 4716//4715 4715//4714
f 4716//4715 4711//4710 4714//4713 4717//4716
f 1991//1990 1996//1995 4711//4710 4716//4715
f 1996//1995 1995//1994 4712//4711 4711//4710
f 4712//4711 4707//4706 4710//4709 4713//4712
f 1995//1994 2000//1999 4707//4706 4712//4711
f 2000//1999 1999//1998 4708//4707 4707//4706
f 4708//4707 4703//4702 4706//4705 4709//4708
f 1999//1998 1956//1955 4703//4702 4708//4707
f 1956//1955 1955//1954 4704//4703 4703//4702
f 4704//4703 4699//4698 4702//4701 4705//4704
f 1955//1954 3286//3285 4699//4698 4704//4703
f 3286//3285 3285//3284 4700//4699 4699//4698
f 4700//4699 4695//4694 4698//4697 4701//4700
f 3285//3284 2220//2219 4695//4694 4700//4699
f 2220//2219 2219//2218 4696//4695 4695//4694
f 4696//4695 4691//4690 4694//4693 4697//4696
f 2219//2218 2356//2355 4691//4690 4696//4695
f 2356//2355 2355//2354 4692//4691 4691//4690
f 4692//4691 4687//4686 4690//4689 4693//4692
f 2355//2354 2360//2359 4687//4686 4692//4691
f 2360//2359 2359//2358 4688//4687 4687//4686
f 4688//4687 4683//4682 4686//4685 4689//4688
f 2359//2358 2364//2363 4683//4682 4688//4687
f 2364//2363 2363//2362 4684//4683 4683//4682
f 4684//4683 4679//4678 4682//4681 4685//4684
f 2363//2362 2368//2367 4679//4678 4684//4683
f 2368//2367 2367//2366 4680//4679 4679//4678
f 4680//4679 4675//4674 4678//4677 4681//4680
f 2367//2366 2312//2311 4675//4674 4680//4679
f 2312//2311 2311//2310 4676//4675 4675//4674
f 4676//4675 4671//4670 4674//4673 4677//4676
f 2311//2310 2624//2623 4671//4670 4676//4675
f 2624//2623 2623//2622 4672//4671 4671//4670
f 4672//4671 4667//4666 4670//4669 4673//4672
f 2623//2622 2714//2713 4667//4666 4672//4671
f 2714//2713 2713//2712 4668//4667 4667//4666
f 4668//4667 4663//4662 4666//4665 4669//4668
f 2713//2712 2782//2781 4663//4662 4668//4667
f 2782//2781 2781//2780 4664//4663 4663//4662
f 4664//4663 4659//4658 4662//4661 4665//4664
f 2781//2780 3182//3181 4659//4658 4664//4663
f 3182//3181 3181//3180 4660//4659 4659//4658
f 4660//4659 4655//4654 4658//4657 4661//4660
f 3181//3180 2874//2873 4655//4654 4660//4659
f 2874//2873 2873//2872 4656//4655 4655//4654
f 4656//4655 4651//4650 4654//4653 4657//4656
f 2873//2872 3142//3141 4651//4650 4656//4655
f 3142//3141 3141//3140 4652//4651 4651//4650
f 4652//4651 4647//4646 4650//4649 4653//4652
f 3141//3140 2914//2913 4647//4646 4652//4651
f 2914//2913 2913//2912 4648//4647 4647//4646
f 4648//4647 4643//4642 4646//4645 4649//4648
f 2913//2912 3418//3417 4643//4642 4648//4647
f 3418//3417 3417//3416 4644//4643 4643//4642
f 4644//4643 4639//4638 4642//4641 4645//4644
f 3417//3416 3310//3309 4639//4638 4644//4643
f 3310//3309 3309//3308 4640//4639 4639//4638
f 4640//4639 4635//4634 4638//4637 4641//4640
f 3309//3308 3474//3473 4635//4634 4640//4639
f 3474//3473 3473//3472 4636//4635 4635//4634
f 4636//4635 4631//4630 4634//4633 4637//4636
f 3473//3472 3598//3597 4631//4630 4636//4635
f 3598//3597 3597//3596 4632//4631 4631//4630
f 4632//4631 4627//4626 4630//4629 4633//4632
f 3597//3596 3586//3585 4627//4626 4632//4631
f 3586//3585 3585//3584 4628//4627 4627//4626
f 4628//4627 4623//4622 4626//4625 4629//4628
f 3585//3584 3686//3685 4623//4622 4628//4627
f 3686//3685 3685//3684 4624//4623 4623//4622
f 4852//4851 4621//4620 4446//4445 4853//4852
f 4022//4021 4021//4020 4621//4620 4852//4851
f 4021//4020 4547//4546 4622//4621 4621//4620
f 3928//3927 4617//4616 4620//4619 4725//4724
f 3797//3796 3796//3795 4617//4616 3928//3927
f 3796//3795 3785//3784 4618//4617 4617//4616
f 4618//4617 4613//4612 4616//4615 4619//4618
f 3785//3784 3784//3783 4613//4612 4618//4617
f 3784//3783 3773//3772 4614//4613 4613//4612
f 4614//4613 4609//4608 4612//4611 4615//4614
f 3773//3772 3772//3771 4609//4608 4614//4613
f 3772//3771 3761//3760 4610//4609 4609//4608
f 4610//4609 4605//4604 4608//4607 4611//4610
f 3761//3760 3760//3759 4605//4604 4610//4609
f 3760//3759 3753//3752 4606//4605 4605//4604
f 4606//4605 4601//4600 4604//4603 4607//4606
f 3753//3752 3752//3751 4601//4600 4606//4605
f 3752//3751 3745//3744 4602//4601 4601//4600
f 4602//4601 4597//4596 4600//4599 4603//4602
f 3745//3744 3744//3743 4597//4596 4602//4601
f 3744//3743 3809//3808 4598//4597 4597//4596
f 4598//4597 4593//4592 4596//4595 4599//4598
f 3809//3808 3808//3807 4593//4592 4598//4597
f 3808//3807 3805//3804 4594//4593 4593//4592
f 4594//4593 4589//4588 4592//4591 4595//4594
f 3805//3804 3804//3803 4589//4588 4594//4593
f 3804//3803 3781//3780 4590//4589 4589//4588
f 4590//4589 4585//4584 4588//4587 4591//4590
f 3781//3780 3780//3779 4585//4584 4590//4589
f 3780//3779 3769//3768 4586//4585 4585//4584
f 4586//4585 4581//4580 4584//4583 4587//4586
f 3769//3768 3768//3767 4581//4580 4586//4585
f 3768//3767 3793//3792 4582//4581 4581//4580
f 4582//4581 4577//4576 4580//4579 4583//4582
f 3793//3792 3792//3791 4577//4576 4582//4581
f 3792//3791 3777//3776 4578//4577 4577//4576
f 4578//4577 4573//4572 4576//4575 4579//4578
f 3777//3776 3776//3775 4573//4572 4578//4577
f 3776//3775 3757//3756 4574//4573 4573//4572
f 4574//4573 4569//4568 4572//4571 4575//4574
f 3757//3756 3756//3755 4569//4568 4574//4573
f 3756//3755 3749//3748 4570//4569 4569//4568
f 4570//4569 4565//4564 4568//4567 4571//4570
f 3749//3748 3748//3747 4565//4564 4570//4569
f 3748//3747 3817//3816 4566//4565 4565//4564
f 4566//4565 4561//4560 4564//4563 4567//4566
f 3817//3816 3816//3815 4561//4560 4566//4565
f 3816//3815 3765//3764 4562//4561 4561//4560
f 4562//4561 4557//4556 4560//4559 4563//4562
f 3765//3764 3764//3763 4557//4556 4562//4561
f 3764//3763 3813//3812 4558//4557 4557//4556
f 4558//4557 4553//4552 4556//4555 4559//4558
f 3813//3812 3812//3811 4553//4552 4558//4557
f 3812//3811 3801//3800 4554//4553 4553//4552
f 4554//4553 4549//4548 4552//4551 4555//4554
f 3801//3800 3800//3799 4549//4548 4554//4553
f 3800//3799 3789//3788 4550//4549 4549//4548
f 4550//4549 4545//4544 4548//4547 4551//4550
f 3789//3788 3788//3787 4545//4544 4550//4549
f 3788//3787 4854//4853 4546//4545 4545//4544
f 4825//4824 4541//4540 4544//4543 4826//4825
f 1087//1086 252//252 4541//4540 4825//4824
f 252//252 251//251 4542//4541 4541//4540
f 4542//4541 4537//4536 4540//4539 4543//4542
f 251//251 4855//4854 4537//4536 4542//4541
f 4855//4854 4856//4855 4538//4537 4537//4536
f 4538//4537 4533//4532 4536//4535 4539//4538
f 4856//4855 4857//4856 4533//4532 4538//4537
f 4857//4856 4858//4857 4534//4533 4533//4532
f 4534//4533 4529//4528 4532//4531 4535//4534
f 4858//4857 4859//4858 4529//4528 4534//4533
f 4859//4858 4860//4859 4530//4529 4529//4528
f 4442//4441 4525//4524 4528//4527 4443//4442
f 4861//4860 4862//4861 4525//4524 4442//4441
f 4862//4861 4863//4862 4526//4525 4525//4524
f 4526//4525 4521//4520 4524//4523 4527//4526
f 4863//4862 4864//4863 4521//4520 4526//4525
f 4864//4863 4865//4864 4522//4521 4521//4520
f 4522//4521 4517//4516 4520//4519 4523//4522
f 4865//4864 4866//4865 4517//4516 4522//4521
f 4866//4865 4867//4866 4518//4517 4517//4516
f 4518//4517 4513//4512 4516//4515 4519//4518
f 4867//4866 4868//4867 4513//4512 4518//4517
f 4868//4867 4869//4868 4514//4513 4513//4512
f 4514//4513 4509//4508 4512//4511 4515//4514
f 4869//4868 4870//4869 4509//4508 4514//4513
f 4870//4869 4871//4870 4510//4509 4509//4508
f 4510//4509 4505//4504 4508//4507 4511//4510
f 4871//4870 4872//4871 4505//4504 4510//4509
f 4872//4871 4873//4872 4506//4505 4505//4504
f 4506//4505 4501//4500 4504//4503 4507//4506
f 4873//4872 4874//4873 4501//4500 4506//4505
f 4874//4873 4875//4874 4502//4501 4501//4500
f 4502//4501 4497//4496 4500//4499 4503//4502
f 4875//4874 4876//4875 4497//4496 4502//4501
f 4876//4875 4877//4876 4498//4497 4497//4496
f 4498//4497 4493//4492 4496//4495 4499//4498
f 4877//4876 4878//4877 4493//4492 4498//4497
f 4878//4877 4879//4878 4494//4493 4493//4492
f 4494//4493 4489//4488 4492//4491 4495//4494
f 4879//4878 4880//4879 4489//4488 4494//4493
f 4880//4879 4881//4880 4490//4489 4489//4488
f 4490//4489 4485//4484 4488//4487 4491//4490
f 4881//4880 4882//4881 4485//4484 4490//4489
f 4882//4881 4883//4882 4486//4485 4485//4484
f 4486//4485 4481//4480 4484//4483 4487//4486
f 4883//4882 4884//4883 4481//4480 4486//4485
f 4884//4883 4885//4884 4482//4481 4481//4480
f 4482//4481 4477//4476 4480//4479 4483//4482
f 4885//4884 4886//4885 4477//4476 4482//4481
f 4886//4885 4887//4886 4478//4477 4477//4476
f 4478//4477 4473//4472 4476//4475 4479//4478
f 4887//4886 4888//4887 4473//4472 4478//4477
f 4888//4887 4889//4888 4474//4473 4473//4472
f 4474//4473 4469//4468 4472//4471 4475//4474
f 4889//4888 4890//4889 4469//4468 4474//4473
f 4890//4889 4891//4890 4470//4469 4469//4468
f 4470//4469 4465//4464 4468//4467 4471//4470
f 4891//4890 4892//4891 4465//4464 4470//4469
f 4892//4891 4893//4892 4466//4465 4465//4464
f 4466//4465 4461//4460 4464//4463 4467//4466
f 4893//4892 4894//4893 4461//4460 4466//4465
f 4894//4893 4895//4894 4462//4461 4461//4460
f 4462//4461 4457//4456 4460//4459 4463//4462
f 4895//4894 4896//4895 4457//4456 4462//4461
f 4896//4895 4897//4896 4458//4457 4457//4456
f 4458//4457 4453//4452 4456//4455 4459//4458
f 4897//4896 4898//4897 4453//4452 4458//4457
f 4898//4897 4899//4898 4454//4453 4453//4452
f 4454//4453 4449//4448 4452//4451 4455//4454
f 4899//4898 4900//4899 4449//4448 4454//4453
f 4900//4899 4901//4900 4450//4449 4449//4448
f 4450//4449 4445//4444 4448//4447 4451//4450
f 4901//4900 4902//4901 4445//4444 4450//4449
f 4902//4901 4853//4852 4446//4445 4445//4444
f 4530//4529 4441//4440 4444//4443 4531//4530
f 4860//4859 4903//4902 4441//4440 4530//4529
f 4903//4902 4861//4860 4442//4441 4441//4440
f 393//393 4438//4437 4440//4439 388//388
f 392//392 3850//3849 4438//4437 393//393
f 3850//3849 3849//3848 4439//4438 4438//4437
f 684//683 4436//4435 4437//4436 685//684
f 388//388 4823//4822 4436//4435 684//683
f 4823//4822 2296//2295 2596//2595 4436//4435
f 4435//4434 3851//3850 392//392
f 4435//4434 4434//4433 3851//3850
f 4434//4433 2511//2510 3851//3850
f 2512//2511 4432//4431 4431//4430 4430//4429
f 2511//2510 4434//4433 4432//4431 2512//2511
f 4434//4433 4433//4432 604//603 4432//4431
f 606//605 4428//4427 4431//4430 603//602
f 4904//4903 4427//4426 4428//4427 606//605
f 4427//4426 4426//4425 4429//4428 4428//4427
f 4905//4904 4424//4423 4427//4426 4904//4903
f 4906//4905 4423//4422 4424//4423 4905//4904
f 4423//4422 4422//4421 4425//4424 4424//4423
f 4907//4906 4420//4419 4423//4422 4906//4905
f 4908//4907 4419//4418 4420//4419 4907//4906
f 4419//4418 4418//4417 4421//4420 4420//4419
f 768//767 4417//4416 4419//4418 4908//4907
f 661//660 4416//4415 4417//4416 768//767
f 4416//4415 2571//2570 2678//2677 4417//4416
f 660//659 4415//4414 4416//4415 661//660
f 697//696 4414//4413 4415//4414 660//659
f 4414//4413 2607//2606 2572//2571 4415//4414
f 696//695 4413//4412 4414//4413 697//696
f 693//692 4412//4411 4413//4412 696//695
f 4412//4411 2603//2602 2608//2607 4413//4412
f 692//691 4411//4410 4412//4411 693//692
f 689//688 4410//4409 4411//4410 692//691
f 4410//4409 2599//2598 2604//2603 4411//4410
f 688//687 4409//4408 4410//4409 689//688
f 685//684 4437//4436 4409//4408 688//687
f 4437//4436 2595//2594 2600//2599 4409//4408
f 4403//4402 4406//4405 4408//4407 4404//4403
f 4909//4908 4910//4909 4406//4405 4403//4402
f 4910//4909 2261//2260 4407//4406 4406//4405
f 4399//4398 4402//4401 4405//4404 4400//4399
f 4911//4910 4912//4911 4402//4401 4399//4398
f 4912//4911 4909//4908 4403//4402 4402//4401
f 4395//4394 4398//4397 4401//4400 4396//4395
f 4913//4912 4914//4913 4398//4397 4395//4394
f 4914//4913 4911//4910 4399//4398 4398//4397
f 4391//4390 4394//4393 4397//4396 4392//4391
f 4915//4914 4916//4915 4394//4393 4391//4390
f 4916//4915 4913//4912 4395//4394 4394//4393
f 4387//4386 4390//4389 4393//4392 4388//4387
f 4917//4916 4918//4917 4390//4389 4387//4386
f 4918//4917 4915//4914 4391//4390 4390//4389
f 4383//4382 4386//4385 4389//4388 4384//4383
f 4919//4918 4920//4919 4386//4385 4383//4382
f 4920//4919 4917//4916 4387//4386 4386//4385
f 4380//4379 4382//4381 4385//4384 4381//4380
f 4921//4920 4922//4921 4382//4381 4380//4379
f 4922//4921 4919//4918 4383//4382 4382//4381
f 4378//4377 4379//4378 758//757 591//590
f 2499//2498 2668//2667 4379//4378 4378//4377
f 2668//2667 4921//4920 4380//4379 4379//4378
f 4376//4375 4377//4376 590//589 625//624
f 2535//2534 2500//2499 4377//4376 4376//4375
f 2500//2499 2499//2498 4378//4377 4377//4376
f 4374//4373 4375//4374 624//623 621//620
f 2531//2530 2536//2535 4375//4374 4374//4373
f 2536//2535 2535//2534 4376//4375 4375//4374
f 4372//4371 4373//4372 620//619 617//616
f 2527//2526 2532//2531 4373//4372 4372//4371
f 2532//2531 2531//2530 4374//4373 4373//4372
f 4370//4369 4371//4370 616//615 613//612
f 2523//2522 2528//2527 4371//4370 4370//4369
f 2528//2527 2527//2526 4372//4371 4371//4370
f 4407//4406 4369//4368 612//611 353//353
f 2261//2260 2524//2523 4369//4368 4407//4406
f 2524//2523 2523//2522 4370//4369 4369//4368
f 4923//4922 4365//4364 4368//4367 4924//4923
f 4925//4924 4331//4330 4365//4364 4923//4922
f 4331//4330 4330//4329 4366//4365 4365//4364
f 4926//4925 4361//4360 4364//4363 4927//4926
f 4924//4923 4368//4367 4361//4360 4926//4925
f 4368//4367 4367//4366 4362//4361 4361//4360
f 4928//4927 4359//4358 4350//4349 4349//4348
f 4927//4926 4364//4363 4359//4358 4928//4927
f 4364//4363 4363//4362 4360//4359 4359//4358
f 4929//4928 4346//4345 4348//4347 323//323
f 4357//4356 4356//4355 4346//4345 4929//4928
f 4356//4355 4355//4354 4347//4346 4346//4345
f 506//505 4344//4343 4345//4344 507//506
f 323//323 4348//4347 4344//4343 506//505
f 4348//4347 2231//2230 2416//2415 4344//4343
f 510//509 4342//4341 4343//4342 511//510
f 507//506 4345//4344 4342//4341 510//509
f 4345//4344 2415//2414 2420//2419 4342//4341
f 514//513 4340//4339 4341//4340 515//514
f 511//510 4343//4342 4340//4339 514//513
f 4343//4342 2419//2418 2424//2423 4340//4339
f 518//517 4338//4337 4339//4338 519//518
f 515//514 4341//4340 4338//4337 518//517
f 4341//4340 2423//2422 2428//2427 4338//4337
f 462//462 4336//4335 4337//4336 463//463
f 519//518 4339//4338 4336//4335 462//462
f 4339//4338 2427//2426 2372//2371 4336//4335
f 4930//4929 4332//4331 4335//4334 4931//4930
f 463//463 4337//4336 4332//4331 4930//4929
f 4337//4336 2371//2370 4333//4332 4332//4331
f 4932//4931 4328//4327 4331//4330 4925//4924
f 4931//4930 4335//4334 4328//4327 4932//4931
f 4335//4334 4334//4333 4329//4328 4328//4327
f 130//130 4319//4318 4320//4319 131//131
f 4933//4932 4296//4295 4319//4318 130//130
f 4296//4295 4295//4294 2040//2039 4319//4318
f 134//134 4317//4316 4318//4317 135//135
f 131//131 4320//4319 4317//4316 134//134
f 4320//4319 2039//2038 2044//2043 4317//4316
f 138//138 4315//4314 4316//4315 139//139
f 135//135 4318//4317 4315//4314 138//138
f 4318//4317 2043//2042 2048//2047 4315//4314
f 94//94 4313//4312 4314//4313 95//95
f 139//139 4316//4315 4313//4312 94//94
f 4316//4315 2047//2046 2004//2003 4313//4312
f 4934//4933 4309//4308 4312//4311 4935//4934
f 4326//4325 4325//4324 4309//4308 4934//4933
f 4325//4324 4324//4323 4310//4309 4309//4308
f 4936//4935 4305//4304 4308//4307 4937//4936
f 4935//4934 4312//4311 4305//4304 4936//4935
f 4312//4311 4311//4310 4306//4305 4305//4304
f 4938//4937 4301//4300 4304//4303 4939//4938
f 4937//4936 4308//4307 4301//4300 4938//4937
f 4308//4307 4307//4306 4302//4301 4301//4300
f 4940//4939 4297//4296 4300//4299 4941//4940
f 4939//4938 4304//4303 4297//4296 4940//4939
f 4304//4303 4303//4302 4298//4297 4297//4296
f 4942//4941 4293//4292 4296//4295 4933//4932
f 4941//4940 4300//4299 4293//4292 4942//4941
f 4300//4299 4299//4298 4294//4293 4293//4292
f 335//335 4291//4290 4292//4291 4321//4320
f 95//95 4314//4313 4291//4290 335//335
f 4314//4313 2003//2002 2242//2241 4291//4290
f 4943//4942 4280//4279 4283//4282 4944//4943
f 4289//4288 4288//4287 4280//4279 4943//4942
f 4288//4287 4287//4286 4281//4280 4280//4279
f 4945//4944 4276//4275 4279//4278 4946//4945
f 4944//4943 4283//4282 4276//4275 4945//4944
f 4283//4282 4282//4281 4277//4276 4276//4275
f 4947//4946 4272//4271 4275//4274 4948//4947
f 4946//4945 4279//4278 4272//4271 4947//4946
f 4279//4278 4278//4277 4273//4272 4272//4271
f 4949//4948 4268//4267 4271//4270 4950//4949
f 4948//4947 4275//4274 4268//4267 4949//4948
f 4275//4274 4274//4273 4269//4268 4268//4267
f 178//178 4266//4265 4267//4266 179//179
f 4950//4949 4271//4270 4266//4265 178//178
f 4271//4270 4270//4269 2088//2087 4266//4265
f 182//182 4264//4263 4265//4264 183//183
f 179//179 4267//4266 4264//4263 182//182
f 4267//4266 2087//2086 2092//2091 4264//4263
f 186//186 4262//4261 4263//4262 187//187
f 183//183 4265//4264 4262//4261 186//186
f 4265//4264 2091//2090 2096//2095 4262//4261
f 158//158 4260//4259 4261//4260 159//159
f 187//187 4263//4262 4260//4259 158//158
f 4263//4262 2095//2094 2068//2067 4260//4259
f 350//350 4258//4257 4259//4258 4284//4283
f 159//159 4261//4260 4258//4257 350//350
f 4261//4260 2067//2066 2257//2256 4258//4257
f 562//561 4256//4255 4257//4256 563//562
f 559//558 4219//4218 4256//4255 562//561
f 4219//4218 2467//2466 2472//2471 4256//4255
f 526//525 4254//4253 4255//4254 527//526
f 563//562 4257//4256 4254//4253 526//525
f 4257//4256 2471//2470 2436//2435 4254//4253
f 740//739 4251//4250 4253//4252 4951//4950
f 527//526 4255//4254 4251//4250 740//739
f 4255//4254 2435//2434 2650//2649 4251//4250
f 4952//4951 4247//4246 4250//4249 4953//4952
f 4951//4950 4253//4252 4247//4246 4952//4951
f 4253//4252 4252//4251 4248//4247 4247//4246
f 4954//4953 4243//4242 4246//4245 4955//4954
f 4953//4952 4250//4249 4243//4242 4954//4953
f 4250//4249 4249//4248 4244//4243 4243//4242
f 4956//4955 4239//4238 4242//4241 4957//4956
f 4955//4954 4246//4245 4239//4238 4956//4955
f 4246//4245 4245//4244 4240//4239 4239//4238
f 4958//4957 4237//4236 4228//4227 4227//4226
f 4957//4956 4242//4241 4237//4236 4958//4957
f 4242//4241 4241//4240 4238//4237 4237//4236
f 4959//4958 4224//4223 4226//4225 342//342
f 4235//4234 4234//4233 4224//4223 4959//4958
f 4234//4233 4233//4232 4225//4224 4224//4223
f 550//549 4222//4221 4223//4222 551//550
f 342//342 4226//4225 4222//4221 550//549
f 4226//4225 2250//2249 2460//2459 4222//4221
f 554//553 4220//4219 4221//4220 555//554
f 551//550 4223//4222 4220//4219 554//553
f 4223//4222 2459//2458 2464//2463 4220//4219
f 558//557 4218//4217 4219//4218 559//558
f 555//554 4221//4220 4218//4217 558//557
f 4221//4220 2463//2462 2468//2467 4218//4217
f 4216//4215 4217//4216 294//294 291//291
f 2199//2198 2204//2203 4217//4216 4216//4215
f 2204//2203 2203//2202 4193//4192 4217//4216
f 4214//4213 4215//4214 290//290 287//287
f 2195//2194 2200//2199 4215//4214 4214//4213
f 2200//2199 2199//2198 4216//4215 4215//4214
f 4212//4211 4213//4212 286//286 211//211
f 2119//2118 2196//2195 4213//4212 4212//4211
f 2196//2195 2195//2194 4214//4213 4213//4212
f 4210//4209 4211//4210 210//210 215//215
f 2123//2122 2120//2119 4211//4210 4210//4209
f 2120//2119 2119//2118 4212//4211 4211//4210
f 4207//4206 4209//4208 214//214 203//203
f 2111//2110 2124//2123 4209//4208 4207//4206
f 2124//2123 2123//2122 4210//4209 4209//4208
f 4203//4202 4206//4205 4208//4207 4204//4203
f 4960//4959 4961//4960 4206//4205 4203//4202
f 4961//4960 2111//2110 4207//4206 4206//4205
f 4199//4198 4202//4201 4205//4204 4200//4199
f 4962//4961 4963//4962 4202//4201 4199//4198
f 4963//4962 4960//4959 4203//4202 4202//4201
f 4195//4194 4198//4197 4201//4200 4196//4195
f 4964//4963 4965//4964 4198//4197 4195//4194
f 4965//4964 4962//4961 4199//4198 4198//4197
f 4191//4190 4194//4193 4197//4196 4966//4965
f 4190//4189 4967//4966 4194//4193 4191//4190
f 4967//4966 4964//4963 4195//4194 4194//4193
f 400//400 4189//4188 4191//4190 4966//4965
f 267//267 4188//4187 4189//4188 400//400
f 4188//4187 3845//3844 3844//3843 4189//4188
f 266//266 4187//4186 4188//4187 267//267
f 4181//4180 4192//4191 4187//4186 266//266
f 4192//4191 2175//2174 2307//2306 4187//4186
f 4176//4175 4183//4182 4186//4185 4177//4176
f 283//283 308//308 4183//4182 4176//4175
f 308//308 307//307 4184//4183 4183//4182
f 4184//4183 4179//4178 4182//4181 4185//4184
f 307//307 296//296 4179//4178 4184//4183
f 296//296 295//295 4180//4179 4179//4178
f 4903//4902 4175//4174 4178//4177 4861//4860
f 4860//4859 284//284 4175//4174 4903//4902
f 284//284 283//283 4176//4175 4175//4174
f 2214//2213 4171//4170 4174//4173 2215//2214
f 2191//2190 4166//4165 4171//4170 2214//2213
f 4166//4165 4165//4164 4172//4171 4171//4170
f 2202//2201 4167//4166 4170//4169 2203//2202
f 2215//2214 4174//4173 4167//4166 2202//2201
f 4174//4173 4173//4172 4168//4167 4167//4166
f 2190//2189 4163//4162 4166//4165 2191//2190
f 4035//4034 4162//4161 4163//4162 2190//2189
f 4162//4161 4161//4160 4164//4163 4163//4162
f 4034//4033 4159//4158 4162//4161 4035//4034
f 4531//4530 4444//4443 4159//4158 4034//4033
f 4444//4443 4443//4442 4160//4159 4159//4158
f 246//246 4157//4156 4158//4157 247//247
f 243//243 4120//4119 4157//4156 246//246
f 4120//4119 2151//2150 2156//2155 4157//4156
f 218//218 4155//4154 4156//4155 219//219
f 247//247 4158//4157 4155//4154 218//218
f 4158//4157 2155//2154 2128//2127 4155//4154
f 385//385 4153//4152 4154//4153 4148//4147
f 219//219 4156//4155 4153//4152 385//385
f 4156//4155 2127//2126 2292//2291 4153//4152
f 4154//4153 4150//4149 4149//4148 4148//4147
f 3841//3840 3840//3839 4150//4149 4154//4153
f 3840//3839 4968//4967 4151//4150 4150//4149
f 4969//4968 4146//4145 4149//4148 4152//4151
f 4970//4969 4145//4144 4146//4145 4969//4968
f 4145//4144 4144//4143 4147//4146 4146//4145
f 4971//4970 4142//4141 4145//4144 4970//4969
f 4400//4399 4405//4404 4142//4141 4971//4970
f 4405//4404 4404//4403 4143//4142 4142//4141
f 4972//4971 4138//4137 4141//4140 4973//4972
f 4152//4151 4151//4150 4138//4137 4972//4971
f 4151//4150 4968//4967 4139//4138 4138//4137
f 4974//4973 4135//4134 4137//4136 143//143
f 4975//4974 4134//4133 4135//4134 4974//4973
f 4134//4133 4133//4132 4136//4135 4135//4134
f 4976//4975 4131//4130 4134//4133 4975//4974
f 4977//4976 4130//4129 4131//4130 4976//4975
f 4130//4129 4129//4128 4132//4131 4131//4130
f 4978//4977 4127//4126 4130//4129 4977//4976
f 4973//4972 4141//4140 4127//4126 4978//4977
f 4141//4140 4140//4139 4128//4127 4127//4126
f 150//150 4125//4124 4126//4125 151//151
f 143//143 4137//4136 4125//4124 150//150
f 4137//4136 2051//2050 2060//2059 4125//4124
f 146//146 4123//4122 4124//4123 147//147
f 151//151 4126//4125 4123//4122 146//146
f 4126//4125 2059//2058 2056//2055 4123//4122
f 238//238 4121//4120 4122//4121 239//239
f 147//147 4124//4123 4121//4120 238//238
f 4124//4123 2055//2054 2148//2147 4121//4120
f 242//242 4119//4118 4120//4119 243//243
f 239//239 4122//4121 4119//4118 242//242
f 4122//4121 2147//2146 2152//2151 4119//4118
f 4114//4113 4117//4116 4118//4117 4115//4114
f 4451//4450 4448//4447 4117//4116 4114//4113
f 4448//4447 4447//4446 3983//3982 4117//4116
f 4110//4109 4113//4112 4116//4115 4111//4110
f 4455//4454 4452//4451 4113//4112 4110//4109
f 4452//4451 4451//4450 4114//4113 4113//4112
f 4106//4105 4109//4108 4112//4111 4107//4106
f 4459//4458 4456//4455 4109//4108 4106//4105
f 4456//4455 4455//4454 4110//4109 4109//4108
f 4102//4101 4105//4104 4108//4107 4103//4102
f 4463//4462 4460//4459 4105//4104 4102//4101
f 4460//4459 4459//4458 4106//4105 4105//4104
f 4098//4097 4101//4100 4104//4103 4099//4098
f 4467//4466 4464//4463 4101//4100 4098//4097
f 4464//4463 4463//4462 4102//4101 4101//4100
f 4094//4093 4097//4096 4100//4099 4095//4094
f 4471//4470 4468//4467 4097//4096 4094//4093
f 4468//4467 4467//4466 4098//4097 4097//4096
f 4090//4089 4093//4092 4096//4095 4091//4090
f 4475//4474 4472//4471 4093//4092 4090//4089
f 4472//4471 4471//4470 4094//4093 4093//4092
f 4086//4085 4089//4088 4092//4091 4087//4086
f 4479//4478 4476//4475 4089//4088 4086//4085
f 4476//4475 4475//4474 4090//4089 4089//4088
f 4082//4081 4085//4084 4088//4087 4083//4082
f 4483//4482 4480//4479 4085//4084 4082//4081
f 4480//4479 4479//4478 4086//4085 4085//4084
f 4078//4077 4081//4080 4084//4083 4079//4078
f 4487//4486 4484//4483 4081//4080 4078//4077
f 4484//4483 4483//4482 4082//4081 4081//4080
f 4074//4073 4077//4076 4080//4079 4075//4074
f 4491//4490 4488//4487 4077//4076 4074//4073
f 4488//4487 4487//4486 4078//4077 4077//4076
f 4070//4069 4073//4072 4076//4075 4071//4070
f 4495//4494 4492//4491 4073//4072 4070//4069
f 4492//4491 4491//4490 4074//4073 4073//4072
f 4066//4065 4069//4068 4072//4071 4067//4066
f 4499//4498 4496//4495 4069//4068 4066//4065
f 4496//4495 4495//4494 4070//4069 4069//4068
f 4062//4061 4065//4064 4068//4067 4063//4062
f 4503//4502 4500//4499 4065//4064 4062//4061
f 4500//4499 4499//4498 4066//4065 4065//4064
f 4058//4057 4061//4060 4064//4063 4059//4058
f 4507//4506 4504//4503 4061//4060 4058//4057
f 4504//4503 4503//4502 4062//4061 4061//4060
f 4054//4053 4057//4056 4060//4059 4055//4054
f 4511//4510 4508//4507 4057//4056 4054//4053
f 4508//4507 4507//4506 4058//4057 4057//4056
f 4050//4049 4053//4052 4056//4055 4051//4050
f 4515//4514 4512//4511 4053//4052 4050//4049
f 4512//4511 4511//4510 4054//4053 4053//4052
f 4046//4045 4049//4048 4052//4051 4047//4046
f 4519//4518 4516//4515 4049//4048 4046//4045
f 4516//4515 4515//4514 4050//4049 4049//4048
f 4042//4041 4045//4044 4048//4047 4043//4042
f 4523//4522 4520//4519 4045//4044 4042//4041
f 4520//4519 4519//4518 4046//4045 4045//4044
f 4038//4037 4041//4040 4044//4043 4039//4038
f 4527//4526 4524//4523 4041//4040 4038//4037
f 4524//4523 4523//4522 4042//4041 4041//4040
f 4160//4159 4037//4036 4040//4039 4161//4160
f 4443//4442 4528//4527 4037//4036 4160//4159
f 4528//4527 4527//4526 4038//4037 4037//4036
f 4030//4029 4033//4032 4036//4035 4031//4030
f 4535//4534 4532//4531 4033//4032 4030//4029
f 4532//4531 4531//4530 4034//4033 4033//4032
f 4026//4025 4029//4028 4032//4031 4027//4026
f 4539//4538 4536//4535 4029//4028 4026//4025
f 4536//4535 4535//4534 4030//4029 4029//4028
f 4024//4023 4025//4024 4028//4027 2159//2158
f 4543//4542 4540//4539 4025//4024 4024//4023
f 4540//4539 4539//4538 4026//4025 4025//4024
f 4979//4978 4023//4022 2158//2157 2997//2996
f 4826//4825 4544//4543 4023//4022 4979//4978
f 4544//4543 4543//4542 4024//4023 4023//4022
f 4019//4018 4020//4019 1880//1879 1879//1878
f 4551//4550 4548//4547 4020//4019 4019//4018
f 4548//4547 4547//4546 4021//4020 4020//4019
f 4017//4016 4018//4017 1892//1891 1891//1890
f 4555//4554 4552//4551 4018//4017 4017//4016
f 4552//4551 4551//4550 4019//4018 4018//4017
f 4015//4014 4016//4015 1904//1903 1903//1902
f 4559//4558 4556//4555 4016//4015 4015//4014
f 4556//4555 4555//4554 4017//4016 4016//4015
f 4013//4012 4014//4013 1856//1855 1855//1854
f 4563//4562 4560//4559 4014//4013 4013//4012
f 4560//4559 4559//4558 4015//4014 4014//4013
f 4011//4010 4012//4011 1908//1907 1907//1906
f 4567//4566 4564//4563 4012//4011 4011//4010
f 4564//4563 4563//4562 4013//4012 4012//4011
f 4009//4008 4010//4009 1840//1839 1839//1838
f 4571//4570 4568//4567 4010//4009 4009//4008
f 4568//4567 4567//4566 4011//4010 4010//4009
f 4007//4006 4008//4007 1848//1847 1847//1846
f 4575//4574 4572//4571 4008//4007 4007//4006
f 4572//4571 4571//4570 4009//4008 4008//4007
f 4005//4004 4006//4005 1868//1867 1867//1866
f 4579//4578 4576//4575 4006//4005 4005//4004
f 4576//4575 4575//4574 4007//4006 4006//4005
f 4003//4002 4004//4003 1884//1883 1883//1882
f 4583//4582 4580//4579 4004//4003 4003//4002
f 4580//4579 4579//4578 4005//4004 4004//4003
f 4001//4000 4002//4001 1860//1859 1859//1858
f 4587//4586 4584//4583 4002//4001 4001//4000
f 4584//4583 4583//4582 4003//4002 4002//4001
f 3999//3998 4000//3999 1872//1871 1871//1870
f 4591//4590 4588//4587 4000//3999 3999//3998
f 4588//4587 4587//4586 4001//4000 4000//3999
f 3997//3996 3998//3997 1896//1895 1895//1894
f 4595//4594 4592//4591 3998//3997 3997//3996
f 4592//4591 4591//4590 3999//3998 3998//3997
f 3995//3994 3996//3995 1900//1899 1899//1898
f 4599//4598 4596//4595 3996//3995 3995//3994
f 4596//4595 4595//4594 3997//3996 3996//3995
f 3993//3992 3994//3993 1836//1835 1835//1834
f 4603//4602 4600//4599 3994//3993 3993//3992
f 4600//4599 4599//4598 3995//3994 3994//3993
f 3991//3990 3992//3991 1844//1843 1843//1842
f 4607//4606 4604//4603 3992//3991 3991//3990
f 4604//4603 4603//4602 3993//3992 3992//3991
f 3989//3988 3990//3989 1852//1851 1851//1850
f 4611//4610 4608//4607 3990//3989 3989//3988
f 4608//4607 4607//4606 3991//3990 3990//3989
f 3987//3986 3988//3987 1864//1863 1863//1862
f 4615//4614 4612//4611 3988//3987 3987//3986
f 4612//4611 4611//4610 3989//3988 3988//3987
f 3985//3984 3986//3985 1876//1875 1875//1874
f 4619//4618 4616//4615 3986//3985 3985//3984
f 4616//4615 4615//4614 3987//3986 3986//3985
f 4726//4725 3984//3983 1888//1887 1887//1886
f 4725//4724 4620//4619 3984//3983 4726//4725
f 4620//4619 4619//4618 3985//3984 3984//3983
f 4622//4621 3980//3979 3983//3982 4447//4446
f 4547//4546 4546//4545 3980//3979 4622//4621
f 4546//4545 4854//4853 3981//3980 3980//3979
f 3977//3976 3978//3977 1774//1773 1675//1674
f 4629//4628 4626//4625 3978//3977 3977//3976
f 4626//4625 4625//4624 3979//3978 3978//3977
f 3975//3974 3976//3975 1674//1673 1687//1686
f 4633//4632 4630//4629 3976//3975 3975//3974
f 4630//4629 4629//4628 3977//3976 3976//3975
f 3973//3972 3974//3973 1686//1685 1563//1562
f 4637//4636 4634//4633 3974//3973 3973//3972
f 4634//4633 4633//4632 3975//3974 3974//3973
f 3971//3970 3972//3971 1562//1561 1399//1398
f 4641//4640 4638//4637 3972//3971 3971//3970
f 4638//4637 4637//4636 3973//3972 3972//3971
f 3969//3968 3970//3969 1398//1397 1507//1506
f 4645//4644 4642//4641 3970//3969 3969//3968
f 4642//4641 4641//4640 3971//3970 3970//3969
f 3967//3966 3968//3967 1506//1505 1003//1002
f 4649//4648 4646//4645 3968//3967 3967//3966
f 4646//4645 4645//4644 3969//3968 3968//3967
f 3965//3964 3966//3965 1002//1001 1231//1230
f 4653//4652 4650//4649 3966//3965 3965//3964
f 4650//4649 4649//4648 3967//3966 3966//3965
f 3963//3962 3964//3963 1230//1229 963//962
f 4657//4656 4654//4653 3964//3963 3963//3962
f 4654//4653 4653//4652 3965//3964 3964//3963
f 3961//3960 3962//3961 962//961 1271//1270
f 4661//4660 4658//4657 3962//3961 3961//3960
f 4658//4657 4657//4656 3963//3962 3962//3961
f 3959//3958 3960//3959 1270//1269 871//870
f 4665//4664 4662//4661 3960//3959 3959//3958
f 4662//4661 4661//4660 3961//3960 3960//3959
f 3957//3956 3958//3957 870//869 803//802
f 4669//4668 4666//4665 3958//3957 3957//3956
f 4666//4665 4665//4664 3959//3958 3958//3957
f 3955//3954 3956//3955 802//801 713//712
f 4673//4672 4670//4669 3956//3955 3955//3954
f 4670//4669 4669//4668 3957//3956 3956//3955
f 3953//3952 3954//3953 712//711 403//403
f 4677//4676 4674//4673 3954//3953 3953//3952
f 4674//4673 4673//4672 3955//3954 3954//3953
f 3951//3950 3952//3951 402//402 459//459
f 4681//4680 4678//4677 3952//3951 3951//3950
f 4678//4677 4677//4676 3953//3952 3952//3951
f 3949//3948 3950//3949 458//458 455//455
f 4685//4684 4682//4681 3950//3949 3949//3948
f 4682//4681 4681//4680 3951//3950 3950//3949
f 3947//3946 3948//3947 454//454 451//451
f 4689//4688 4686//4685 3948//3947 3947//3946
f 4686//4685 4685//4684 3949//3948 3948//3947
f 3945//3944 3946//3945 450//450 447//447
f 4693//4692 4690//4689 3946//3945 3945//3944
f 4690//4689 4689//4688 3947//3946 3946//3945
f 3943//3942 3944//3943 446//446 311//311
f 4697//4696 4694//4693 3944//3943 3943//3942
f 4694//4693 4693//4692 3945//3944 3944//3943
f 3941//3940 3942//3941 310//310 1375//1374
f 4701//4700 4698//4697 3942//3941 3941//3940
f 4698//4697 4697//4696 3943//3942 3942//3941
f 3939//3938 3940//3939 1374//1373 47//47
f 4705//4704 4702//4701 3940//3939 3939//3938
f 4702//4701 4701//4700 3941//3940 3940//3939
f 3937//3936 3938//3937 46//46 91//91
f 4709//4708 4706//4705 3938//3937 3937//3936
f 4706//4705 4705//4704 3939//3938 3938//3937
f 3935//3934 3936//3935 90//90 87//87
f 4713//4712 4710//4709 3936//3935 3935//3934
f 4710//4709 4709//4708 3937//3936 3936//3935
f 3933//3932 3934//3933 86//86 83//83
f 4717//4716 4714//4713 3934//3933 3933//3932
f 4714//4713 4713//4712 3935//3934 3934//3933
f 3930//3929 3932//3931 82//82 3931//3930
f 4721//4720 4718//4717 3932//3931 3930//3929
f 4718//4717 4717//4716 3933//3932 3932//3931
f 4730//4729 3929//3928 1120//1119 1119//1118
f 4729//4728 4722//4721 3929//3928 4730//4729
f 4722//4721 4721//4720 3930//3929 3929//3928
f 4724//4723 3927//3926 3928//3927 4725//4724
f 4625//4624 4624//4623 3927//3926 4724//4723
f 4624//4623 3685//3684 3798//3797 3927//3926
f 4728//4727 3925//3924 3926//3925 4729//4728
f 4817//4816 3858//3857 3925//3924 4728//4727
f 3858//3857 1951//1950 1950//1949 3925//3924
f 4732//4731 3923//3922 3924//3923 4733//4732
f 4737//4736 3922//3921 3923//3922 4732//4731
f 3922//3921 1943//1942 1948//1947 3923//3922
f 4736//4735 3921//3920 3922//3921 4737//4736
f 4741//4740 3920//3919 3921//3920 4736//4735
f 3920//3919 1939//1938 1944//1943 3921//3920
f 4740//4739 3919//3918 3920//3919 4741//4740
f 4745//4744 3918//3917 3919//3918 4740//4739
f 3918//3917 1935//1934 1940//1939 3919//3918
f 4744//4743 3917//3916 3918//3917 4745//4744
f 4749//4748 3916//3915 3917//3916 4744//4743
f 3916//3915 1931//1930 1936//1935 3917//3916
f 4748//4747 3915//3914 3916//3915 4749//4748
f 4753//4752 3914//3913 3915//3914 4748//4747
f 3914//3913 1923//1922 1932//1931 3915//3914
f 4752//4751 3913//3912 3914//3913 4753//4752
f 4757//4756 3912//3911 3913//3912 4752//4751
f 3912//3911 1919//1918 1924//1923 3913//3912
f 4756//4755 3911//3910 3912//3911 4757//4756
f 4761//4760 3910//3909 3911//3910 4756//4755
f 3910//3909 1915//1914 1920//1919 3911//3910
f 4760//4759 3909//3908 3910//3909 4761//4760
f 4765//4764 3908//3907 3909//3908 4760//4759
f 3908//3907 1927//1926 1916//1915 3909//3908
f 4764//4763 3907//3906 3908//3907 4765//4764
f 4769//4768 3906//3905 3907//3906 4764//4763
f 3906//3905 3905//3904 1928//1927 3907//3906
f 4768//4767 3903//3902 3906//3905 4769//4768
f 4773//4772 3902//3901 3903//3902 4768//4767
f 3902//3901 3901//3900 3904//3903 3903//3902
f 4772//4771 3899//3898 3902//3901 4773//4772
f 4777//4776 3898//3897 3899//3898 4772//4771
f 3898//3897 3897//3896 3900//3899 3899//3898
f 4776//4775 3895//3894 3898//3897 4777//4776
f 4781//4780 3894//3893 3895//3894 4776//4775
f 3894//3893 3893//3892 3896//3895 3895//3894
f 4780//4779 3891//3890 3894//3893 4781//4780
f 4785//4784 3890//3889 3891//3890 4780//4779
f 3890//3889 3889//3888 3892//3891 3891//3890
f 4784//4783 3887//3886 3890//3889 4785//4784
f 4789//4788 3886//3885 3887//3886 4784//4783
f 3886//3885 3885//3884 3888//3887 3887//3886
f 4788//4787 3883//3882 3886//3885 4789//4788
f 4793//4792 3882//3881 3883//3882 4788//4787
f 3882//3881 3881//3880 3884//3883 3883//3882
f 4792//4791 3879//3878 3882//3881 4793//4792
f 4797//4796 3878//3877 3879//3878 4792//4791
f 3878//3877 3877//3876 3880//3879 3879//3878
f 4796//4795 3875//3874 3878//3877 4797//4796
f 4801//4800 3874//3873 3875//3874 4796//4795
f 3874//3873 3873//3872 3876//3875 3875//3874
f 4800//4799 3871//3870 3874//3873 4801//4800
f 4805//4804 3870//3869 3871//3870 4800//4799
f 3870//3869 3869//3868 3872//3871 3871//3870
f 4804//4803 3867//3866 3870//3869 4805//4804
f 4809//4808 3866//3865 3867//3866 4804//4803
f 3866//3865 3865//3864 3868//3867 3867//3866
f 4808//4807 3863//3862 3866//3865 4809//4808
f 4813//4812 3862//3861 3863//3862 4808//4807
f 3862//3861 3861//3860 3864//3863 3863//3862
f 4812//4811 3859//3858 3862//3861 4813//4812
f 4821//4820 3856//3855 3859//3858 4812//4811
f 3856//3855 3855//3854 3860//3859 3859//3858
f 4816//4815 3857//3856 3858//3857 4817//4816
f 4733//4732 3924//3923 3857//3856 4816//4815
f 3924//3923 1947//1946 1952//1951 3857//3856
f 4820//4819 3854//3853 3856//3855 4821//4820
f 4826//4825 4979//4978 3854//3853 4820//4819
f 4979//4978 2997//2996 2996//2995 3854//3853
f 2506//2505 3843//3842 3846//3845 2507//2506
f 4980//4979 4981//4980 3843//3842 2506//2505
f 4981//4980 4190//4189 3844//3843 3843//3842
f 3836//3835 3839//3838 3842//3841 3837//3836
f 4982//4981 4983//4982 3839//3838 3836//3835
f 4983//4982 4968//4967 3840//3839 3839//3838
f 4912//4911 3835//3834 3838//3837 4909//4908
f 4911//4910 4984//4983 3835//3834 4912//4911
f 4984//4983 4982//4981 3836//3835 3835//3834
f 3828//3827 3831//3830 3834//3833 3829//3828
f 4985//4984 4986//4985 3831//3830 3828//3827
f 4986//4985 4285//4284 3832//3831 3831//3830
f 4232//4231 3827//3826 3830//3829 4233//4232
f 4231//4230 4987//4986 3827//3826 4232//4231
f 4987//4986 4985//4984 3828//3827 3827//3826
f 3820//3819 3823//3822 3826//3825 3821//3820
f 4988//4987 4989//4988 3823//3822 3820//3819
f 4989//4988 4322//4321 3824//3823 3823//3822
f 4354//4353 3819//3818 3822//3821 4355//4354
f 4353//4352 4990//4989 3819//3818 4354//4353
f 4990//4989 4988//4987 3820//3819 3819//3818
f 3704//3703 3815//3814 3818//3817 3705//3704
f 3729//3728 3766//3765 3815//3814 3704//3703
f 3766//3765 3765//3764 3816//3815 3815//3814
f 3700//3699 3811//3810 3814//3813 3701//3700
f 3689//3688 3802//3801 3811//3810 3700//3699
f 3802//3801 3801//3800 3812//3811 3811//3810
f 3696//3695 3807//3806 3810//3809 3697//3696
f 3693//3692 3806//3805 3807//3806 3696//3695
f 3806//3805 3805//3804 3808//3807 3807//3806
f 3692//3691 3803//3802 3806//3805 3693//3692
f 3669//3668 3782//3781 3803//3802 3692//3691
f 3782//3781 3781//3780 3804//3803 3803//3802
f 3688//3687 3799//3798 3802//3801 3689//3688
f 3677//3676 3790//3789 3799//3798 3688//3687
f 3790//3789 3789//3788 3800//3799 3799//3798
f 3684//3683 3795//3794 3798//3797 3685//3684
f 3673//3672 3786//3785 3795//3794 3684//3683
f 3786//3785 3785//3784 3796//3795 3795//3794
f 3680//3679 3791//3790 3794//3793 3681//3680
f 3741//3740 3778//3777 3791//3790 3680//3679
f 3778//3777 3777//3776 3792//3791 3791//3790
f 3676//3675 3787//3786 3790//3789 3677//3676
f 3982//3981 3981//3980 3787//3786 3676//3675
f 3981//3980 4854//4853 3788//3787 3787//3786
f 3672//3671 3783//3782 3786//3785 3673//3672
f 3737//3736 3774//3773 3783//3782 3672//3671
f 3774//3773 3773//3772 3784//3783 3783//3782
f 3668//3667 3779//3778 3782//3781 3669//3668
f 3733//3732 3770//3769 3779//3778 3668//3667
f 3770//3769 3769//3768 3780//3779 3779//3778
f 3740//3739 3775//3774 3778//3777 3741//3740
f 3721//3720 3758//3757 3775//3774 3740//3739
f 3758//3757 3757//3756 3776//3775 3775//3774
f 3736//3735 3771//3770 3774//3773 3737//3736
f 3725//3724 3762//3761 3771//3770 3736//3735
f 3762//3761 3761//3760 3772//3771 3771//3770
f 3732//3731 3767//3766 3770//3769 3733//3732
f 3681//3680 3794//3793 3767//3766 3732//3731
f 3794//3793 3793//3792 3768//3767 3767//3766
f 3728//3727 3763//3762 3766//3765 3729//3728
f 3701//3700 3814//3813 3763//3762 3728//3727
f 3814//3813 3813//3812 3764//3763 3763//3762
f 3724//3723 3759//3758 3762//3761 3725//3724
f 3717//3716 3754//3753 3759//3758 3724//3723
f 3754//3753 3753//3752 3760//3759 3759//3758
f 3720//3719 3755//3754 3758//3757 3721//3720
f 3713//3712 3750//3749 3755//3754 3720//3719
f 3750//3749 3749//3748 3756//3755 3755//3754
f 3716//3715 3751//3750 3754//3753 3717//3716
f 3709//3708 3746//3745 3751//3750 3716//3715
f 3746//3745 3745//3744 3752//3751 3751//3750
f 3712//3711 3747//3746 3750//3749 3713//3712
f 3705//3704 3818//3817 3747//3746 3712//3711
f 3818//3817 3817//3816 3748//3747 3747//3746
f 3708//3707 3743//3742 3746//3745 3709//3708
f 3697//3696 3810//3809 3743//3742 3708//3707
f 3810//3809 3809//3808 3744//3743 3743//3742
f 3564//3563 3739//3738 3742//3741 3565//3564
f 3545//3544 3722//3721 3739//3738 3564//3563
f 3722//3721 3721//3720 3740//3739 3739//3738
f 3560//3559 3735//3734 3738//3737 3561//3560
f 3549//3548 3726//3725 3735//3734 3560//3559
f 3726//3725 3725//3724 3736//3735 3735//3734
f 3556//3555 3731//3730 3734//3733 3557//3556
f 3581//3580 3682//3681 3731//3730 3556//3555
f 3682//3681 3681//3680 3732//3731 3731//3730
f 3552//3551 3727//3726 3730//3729 3553//3552
f 3525//3524 3702//3701 3727//3726 3552//3551
f 3702//3701 3701//3700 3728//3727 3727//3726
f 3548//3547 3723//3722 3726//3725 3549//3548
f 3541//3540 3718//3717 3723//3722 3548//3547
f 3718//3717 3717//3716 3724//3723 3723//3722
f 3544//3543 3719//3718 3722//3721 3545//3544
f 3537//3536 3714//3713 3719//3718 3544//3543
f 3714//3713 3713//3712 3720//3719 3719//3718
f 3540//3539 3715//3714 3718//3717 3541//3540
f 3533//3532 3710//3709 3715//3714 3540//3539
f 3710//3709 3709//3708 3716//3715 3715//3714
f 3536//3535 3711//3710 3714//3713 3537//3536
f 3529//3528 3706//3705 3711//3710 3536//3535
f 3706//3705 3705//3704 3712//3711 3711//3710
f 3532//3531 3707//3706 3710//3709 3533//3532
f 3521//3520 3698//3697 3707//3706 3532//3531
f 3698//3697 3697//3696 3708//3707 3707//3706
f 3528//3527 3703//3702 3706//3705 3529//3528
f 3553//3552 3730//3729 3703//3702 3528//3527
f 3730//3729 3729//3728 3704//3703 3703//3702
f 3524//3523 3699//3698 3702//3701 3525//3524
f 3589//3588 3690//3689 3699//3698 3524//3523
f 3690//3689 3689//3688 3700//3699 3699//3698
f 3520//3519 3695//3694 3698//3697 3521//3520
f 3517//3516 3694//3693 3695//3694 3520//3519
f 3694//3693 3693//3692 3696//3695 3695//3694
f 3516//3515 3691//3690 3694//3693 3517//3516
f 3569//3568 3670//3669 3691//3690 3516//3515
f 3670//3669 3669//3668 3692//3691 3691//3690
f 3588//3587 3687//3686 3690//3689 3589//3588
f 3577//3576 3678//3677 3687//3686 3588//3587
f 3678//3677 3677//3676 3688//3687 3687//3686
f 3584//3583 3683//3682 3686//3685 3585//3584
f 3573//3572 3674//3673 3683//3682 3584//3583
f 3674//3673 3673//3672 3684//3683 3683//3682
f 3580//3579 3679//3678 3682//3681 3581//3580
f 3565//3564 3742//3741 3679//3678 3580//3579
f 3742//3741 3741//3740 3680//3679 3679//3678
f 3576//3575 3675//3674 3678//3677 3577//3576
f 4115//4114 4118//4117 3675//3674 3576//3575
f 4118//4117 3982//3981 3676//3675 3675//3674
f 3572//3571 3671//3670 3674//3673 3573//3572
f 3561//3560 3738//3737 3671//3670 3572//3571
f 3738//3737 3737//3736 3672//3671 3671//3670
f 3568//3567 3667//3666 3670//3669 3569//3568
f 3557//3556 3734//3733 3667//3666 3568//3567
f 3734//3733 3733//3732 3668//3667 3667//3666
f 3480//3479 3663//3662 3666//3665 3481//3480
f 3457//3456 3614//3613 3663//3662 3480//3479
f 3614//3613 3613//3612 3664//3663 3663//3662
f 3484//3483 3659//3658 3662//3661 3485//3484
f 3481//3480 3666//3665 3659//3658 3484//3483
f 3666//3665 3665//3664 3660//3659 3659//3658
f 3488//3487 3655//3654 3658//3657 3489//3488
f 3477//3476 3594//3593 3655//3654 3488//3487
f 3594//3593 3593//3592 3656//3655 3655//3654
f 3492//3491 3651//3650 3654//3653 3493//3492
f 3441//3440 3630//3629 3651//3650 3492//3491
f 3630//3629 3629//3628 3652//3651 3651//3650
f 3496//3495 3647//3646 3650//3649 3497//3496
f 3485//3484 3662//3661 3647//3646 3496//3495
f 3662//3661 3661//3660 3648//3647 3647//3646
f 3500//3499 3643//3642 3646//3645 3501//3500
f 3493//3492 3654//3653 3643//3642 3500//3499
f 3654//3653 3653//3652 3644//3643 3643//3642
f 3504//3503 3639//3638 3642//3641 3505//3504
f 3497//3496 3650//3649 3639//3638 3504//3503
f 3650//3649 3649//3648 3640//3639 3639//3638
f 3508//3507 3635//3634 3638//3637 3509//3508
f 3501//3500 3646//3645 3635//3634 3508//3507
f 3646//3645 3645//3644 3636//3635 3635//3634
f 3512//3511 3631//3630 3634//3633 3513//3512
f 3505//3504 3642//3641 3631//3630 3512//3511
f 3642//3641 3641//3640 3632//3631 3631//3630
f 3440//3439 3627//3626 3630//3629 3441//3440
f 3489//3488 3658//3657 3627//3626 3440//3439
f 3658//3657 3657//3656 3628//3627 3627//3626
f 3444//3443 3623//3622 3626//3625 3445//3444
f 3469//3468 3602//3601 3623//3622 3444//3443
f 3602//3601 3601//3600 3624//3623 3623//3622
f 3448//3447 3619//3618 3622//3621 3449//3448
f 3513//3512 3634//3633 3619//3618 3448//3447
f 3634//3633 3633//3632 3620//3619 3619//3618
f 3452//3451 3615//3614 3618//3617 3453//3452
f 3509//3508 3638//3637 3615//3614 3452//3451
f 3638//3637 3637//3636 3616//3615 3615//3614
f 3456//3455 3611//3610 3614//3613 3457//3456
f 3445//3444 3626//3625 3611//3610 3456//3455
f 3626//3625 3625//3624 3612//3611 3611//3610
f 3460//3459 3607//3606 3610//3609 3461//3460
f 3449//3448 3622//3621 3607//3606 3460//3459
f 3622//3621 3621//3620 3608//3607 3607//3606
f 3464//3463 3603//3602 3606//3605 3465//3464
f 4107//4106 4112//4111 3603//3602 3464//3463
f 4112//4111 4111//4110 3604//3603 3603//3602
f 3468//3467 3599//3598 3602//3601 3469//3468
f 3453//3452 3618//3617 3599//3598 3468//3467
f 3618//3617 3617//3616 3600//3599 3599//3598
f 3472//3471 3595//3594 3598//3597 3473//3472
f 3461//3460 3610//3609 3595//3594 3472//3471
f 3610//3609 3609//3608 3596//3595 3595//3594
f 3476//3475 3591//3590 3594//3593 3477//3476
f 3465//3464 3606//3605 3591//3590 3476//3475
f 3606//3605 3605//3604 3592//3591 3591//3590
f 3592//3591 3587//3586 3590//3589 3593//3592
f 3605//3604 3578//3577 3587//3586 3592//3591
f 3578//3577 3577//3576 3588//3587 3587//3586
f 3596//3595 3583//3582 3586//3585 3597//3596
f 3609//3608 3574//3573 3583//3582 3596//3595
f 3574//3573 3573//3572 3584//3583 3583//3582
f 3600//3599 3579//3578 3582//3581 3601//3600
f 3617//3616 3566//3565 3579//3578 3600//3599
f 3566//3565 3565//3564 3580//3579 3579//3578
f 3604//3603 3575//3574 3578//3577 3605//3604
f 4111//4110 4116//4115 3575//3574 3604//3603
f 4116//4115 4115//4114 3576//3575 3575//3574
f 3608//3607 3571//3570 3574//3573 3609//3608
f 3621//3620 3562//3561 3571//3570 3608//3607
f 3562//3561 3561//3560 3572//3571 3571//3570
f 3612//3611 3567//3566 3570//3569 3613//3612
f 3625//3624 3558//3557 3567//3566 3612//3611
f 3558//3557 3557//3556 3568//3567 3567//3566
f 3616//3615 3563//3562 3566//3565 3617//3616
f 3637//3636 3546//3545 3563//3562 3616//3615
f 3546//3545 3545//3544 3564//3563 3563//3562
f 3620//3619 3559//3558 3562//3561 3621//3620
f 3633//3632 3550//3549 3559//3558 3620//3619
f 3550//3549 3549//3548 3560//3559 3559//3558
f 3624//3623 3555//3554 3558//3557 3625//3624
f 3601//3600 3582//3581 3555//3554 3624//3623
f 3582//3581 3581//3580 3556//3555 3555//3554
f 3628//3627 3551//3550 3554//3553 3629//3628
f 3657//3656 3526//3525 3551//3550 3628//3627
f 3526//3525 3525//3524 3552//3551 3551//3550
f 3632//3631 3547//3546 3550//3549 3633//3632
f 3641//3640 3542//3541 3547//3546 3632//3631
f 3542//3541 3541//3540 3548//3547 3547//3546
f 3636//3635 3543//3542 3546//3545 3637//3636
f 3645//3644 3538//3537 3543//3542 3636//3635
f 3538//3537 3537//3536 3544//3543 3543//3542
f 3640//3639 3539//3538 3542//3541 3641//3640
f 3649//3648 3534//3533 3539//3538 3640//3639
f 3534//3533 3533//3532 3540//3539 3539//3538
f 3644//3643 3535//3534 3538//3537 3645//3644
f 3653//3652 3530//3529 3535//3534 3644//3643
f 3530//3529 3529//3528 3536//3535 3535//3534
f 3648//3647 3531//3530 3534//3533 3649//3648
f 3661//3660 3522//3521 3531//3530 3648//3647
f 3522//3521 3521//3520 3532//3531 3531//3530
f 3652//3651 3527//3526 3530//3529 3653//3652
f 3629//3628 3554//3553 3527//3526 3652//3651
f 3554//3553 3553//3552 3528//3527 3527//3526
f 3656//3655 3523//3522 3526//3525 3657//3656
f 3593//3592 3590//3589 3523//3522 3656//3655
f 3590//3589 3589//3588 3524//3523 3523//3522
f 3660//3659 3519//3518 3522//3521 3661//3660
f 3665//3664 3518//3517 3519//3518 3660//3659
f 3518//3517 3517//3516 3520//3519 3519//3518
f 3664//3663 3515//3514 3518//3517 3665//3664
f 3613//3612 3570//3569 3515//3514 3664//3663
f 3570//3569 3569//3568 3516//3515 3515//3514
f 3348//3347 3511//3510 3514//3513 3349//3348
f 3341//3340 3506//3505 3511//3510 3348//3347
f 3506//3505 3505//3504 3512//3511 3511//3510
f 3344//3343 3507//3506 3510//3509 3345//3344
f 3337//3336 3502//3501 3507//3506 3344//3343
f 3502//3501 3501//3500 3508//3507 3507//3506
f 3340//3339 3503//3502 3506//3505 3341//3340
f 3333//3332 3498//3497 3503//3502 3340//3339
f 3498//3497 3497//3496 3504//3503 3503//3502
f 3336//3335 3499//3498 3502//3501 3337//3336
f 3329//3328 3494//3493 3499//3498 3336//3335
f 3494//3493 3493//3492 3500//3499 3499//3498
f 3332//3331 3495//3494 3498//3497 3333//3332
f 3321//3320 3486//3485 3495//3494 3332//3331
f 3486//3485 3485//3484 3496//3495 3495//3494
f 3328//3327 3491//3490 3494//3493 3329//3328
f 3353//3352 3442//3441 3491//3490 3328//3327
f 3442//3441 3441//3440 3492//3491 3491//3490
f 3324//3323 3487//3486 3490//3489 3325//3324
f 3313//3312 3478//3477 3487//3486 3324//3323
f 3478//3477 3477//3476 3488//3487 3487//3486
f 3320//3319 3483//3482 3486//3485 3321//3320
f 3317//3316 3482//3481 3483//3482 3320//3319
f 3482//3481 3481//3480 3484//3483 3483//3482
f 3316//3315 3479//3478 3482//3481 3317//3316
f 3293//3292 3458//3457 3479//3478 3316//3315
f 3458//3457 3457//3456 3480//3479 3479//3478
f 3312//3311 3475//3474 3478//3477 3313//3312
f 3301//3300 3466//3465 3475//3474 3312//3311
f 3466//3465 3465//3464 3476//3475 3475//3474
f 3308//3307 3471//3470 3474//3473 3309//3308
f 3297//3296 3462//3461 3471//3470 3308//3307
f 3462//3461 3461//3460 3472//3471 3471//3470
f 3304//3303 3467//3466 3470//3469 3305//3304
f 3289//3288 3454//3453 3467//3466 3304//3303
f 3454//3453 3453//3452 3468//3467 3467//3466
f 3300//3299 3463//3462 3466//3465 3301//3300
f 4103//4102 4108//4107 3463//3462 3300//3299
f 4108//4107 4107//4106 3464//3463 3463//3462
f 3296//3295 3459//3458 3462//3461 3297//3296
f 3361//3360 3450//3449 3459//3458 3296//3295
f 3450//3449 3449//3448 3460//3459 3459//3458
f 3292//3291 3455//3454 3458//3457 3293//3292
f 3357//3356 3446//3445 3455//3454 3292//3291
f 3446//3445 3445//3444 3456//3455 3455//3454
f 3288//3287 3451//3450 3454//3453 3289//3288
f 3345//3344 3510//3509 3451//3450 3288//3287
f 3510//3509 3509//3508 3452//3451 3451//3450
f 3360//3359 3447//3446 3450//3449 3361//3360
f 3349//3348 3514//3513 3447//3446 3360//3359
f 3514//3513 3513//3512 3448//3447 3447//3446
f 3356//3355 3443//3442 3446//3445 3357//3356
f 3305//3304 3470//3469 3443//3442 3356//3355
f 3470//3469 3469//3468 3444//3443 3443//3442
f 3352//3351 3439//3438 3442//3441 3353//3352
f 3325//3324 3490//3489 3439//3438 3352//3351
f 3490//3489 3489//3488 3440//3439 3439//3438
f 2968//2967 3435//3434 3438//3437 2969//2968
f 2949//2948 3382//3381 3435//3434 2968//2967
f 3382//3381 3381//3380 3436//3435 3435//3434
f 2972//2971 3431//3430 3434//3433 2973//2972
f 2961//2960 3370//3369 3431//3430 2972//2971
f 3370//3369 3369//3368 3432//3431 3431//3430
f 2976//2975 3427//3426 3430//3429 2977//2976
f 2965//2964 3366//3365 3427//3426 2976//2975
f 3366//3365 3365//3364 3428//3427 3427//3426
f 2980//2979 3423//3422 3426//3425 2981//2980
f 4095//4094 4100//4099 3423//3422 2980//2979
f 4100//4099 4099//4098 3424//3423 3423//3422
f 2908//2907 3419//3418 3422//3421 2909//2908
f 2969//2968 3438//3437 3419//3418 2908//2907
f 3438//3437 3437//3436 3420//3419 3419//3418
f 2912//2911 3415//3414 3418//3417 2913//2912
f 2977//2976 3430//3429 3415//3414 2912//2911
f 3430//3429 3429//3428 3416//3415 3415//3414
f 2916//2915 3411//3410 3414//3413 2917//2916
f 2981//2980 3426//3425 3411//3410 2916//2915
f 3426//3425 3425//3424 3412//3411 3411//3410
f 2920//2919 3407//3406 3410//3409 2921//2920
f 2973//2972 3434//3433 3407//3406 2920//2919
f 3434//3433 3433//3432 3408//3407 3407//3406
f 2924//2923 3403//3402 3406//3405 2925//2924
f 2921//2920 3410//3409 3403//3402 2924//2923
f 3410//3409 3409//3408 3404//3403 3403//3402
f 2928//2927 3399//3398 3402//3401 2929//2928
f 2917//2916 3414//3413 3399//3398 2928//2927
f 3414//3413 3413//3412 3400//3399 3399//3398
f 2932//2931 3395//3394 3398//3397 2933//2932
f 2957//2956 3374//3373 3395//3394 2932//2931
f 3374//3373 3373//3372 3396//3395 3395//3394
f 2936//2935 3391//3390 3394//3393 2937//2936
f 2925//2924 3406//3405 3391//3390 2936//2935
f 3406//3405 3405//3404 3392//3391 3391//3390
f 2940//2939 3387//3386 3390//3389 2941//2940
f 2933//2932 3398//3397 3387//3386 2940//2939
f 3398//3397 3397//3396 3388//3387 3387//3386
f 2944//2943 3383//3382 3386//3385 2945//2944
f 2937//2936 3394//3393 3383//3382 2944//2943
f 3394//3393 3393//3392 3384//3383 3383//3382
f 2948//2947 3379//3378 3382//3381 2949//2948
f 2941//2940 3390//3389 3379//3378 2948//2947
f 3390//3389 3389//3388 3380//3379 3379//3378
f 2952//2951 3375//3374 3378//3377 2953//2952
f 2945//2944 3386//3385 3375//3374 2952//2951
f 3386//3385 3385//3384 3376//3375 3375//3374
f 2956//2955 3371//3370 3374//3373 2957//2956
f 2929//2928 3402//3401 3371//3370 2956//2955
f 3402//3401 3401//3400 3372//3371 3371//3370
f 2960//2959 3367//3366 3370//3369 2961//2960
f 2909//2908 3422//3421 3367//3366 2960//2959
f 3422//3421 3421//3420 3368//3367 3367//3366
f 2964//2963 3363//3362 3366//3365 2965//2964
f 2953//2952 3378//3377 3363//3362 2964//2963
f 3378//3377 3377//3376 3364//3363 3363//3362
f 3364//3363 3359//3358 3362//3361 3365//3364
f 3377//3376 3350//3349 3359//3358 3364//3363
f 3350//3349 3349//3348 3360//3359 3359//3358
f 3368//3367 3355//3354 3358//3357 3369//3368
f 3421//3420 3306//3305 3355//3354 3368//3367
f 3306//3305 3305//3304 3356//3355 3355//3354
f 3372//3371 3351//3350 3354//3353 3373//3372
f 3401//3400 3326//3325 3351//3350 3372//3371
f 3326//3325 3325//3324 3352//3351 3351//3350
f 3376//3375 3347//3346 3350//3349 3377//3376
f 3385//3384 3342//3341 3347//3346 3376//3375
f 3342//3341 3341//3340 3348//3347 3347//3346
f 3380//3379 3343//3342 3346//3345 3381//3380
f 3389//3388 3338//3337 3343//3342 3380//3379
f 3338//3337 3337//3336 3344//3343 3343//3342
f 3384//3383 3339//3338 3342//3341 3385//3384
f 3393//3392 3334//3333 3339//3338 3384//3383
f 3334//3333 3333//3332 3340//3339 3339//3338
f 3388//3387 3335//3334 3338//3337 3389//3388
f 3397//3396 3330//3329 3335//3334 3388//3387
f 3330//3329 3329//3328 3336//3335 3335//3334
f 3392//3391 3331//3330 3334//3333 3393//3392
f 3405//3404 3322//3321 3331//3330 3392//3391
f 3322//3321 3321//3320 3332//3331 3331//3330
f 3396//3395 3327//3326 3330//3329 3397//3396
f 3373//3372 3354//3353 3327//3326 3396//3395
f 3354//3353 3353//3352 3328//3327 3327//3326
f 3400//3399 3323//3322 3326//3325 3401//3400
f 3413//3412 3314//3313 3323//3322 3400//3399
f 3314//3313 3313//3312 3324//3323 3323//3322
f 3404//3403 3319//3318 3322//3321 3405//3404
f 3409//3408 3318//3317 3319//3318 3404//3403
f 3318//3317 3317//3316 3320//3319 3319//3318
f 3408//3407 3315//3314 3318//3317 3409//3408
f 3433//3432 3294//3293 3315//3314 3408//3407
f 3294//3293 3293//3292 3316//3315 3315//3314
f 3412//3411 3311//3310 3314//3313 3413//3412
f 3425//3424 3302//3301 3311//3310 3412//3411
f 3302//3301 3301//3300 3312//3311 3311//3310
f 3416//3415 3307//3306 3310//3309 3417//3416
f 3429//3428 3298//3297 3307//3306 3416//3415
f 3298//3297 3297//3296 3308//3307 3307//3306
f 3420//3419 3303//3302 3306//3305 3421//3420
f 3437//3436 3290//3289 3303//3302 3420//3419
f 3290//3289 3289//3288 3304//3303 3303//3302
f 3424//3423 3299//3298 3302//3301 3425//3424
f 4099//4098 4104//4103 3299//3298 3424//3423
f 4104//4103 4103//4102 3300//3299 3299//3298
f 3428//3427 3295//3294 3298//3297 3429//3428
f 3365//3364 3362//3361 3295//3294 3428//3427
f 3362//3361 3361//3360 3296//3295 3295//3294
f 3432//3431 3291//3290 3294//3293 3433//3432
f 3369//3368 3358//3357 3291//3290 3432//3431
f 3358//3357 3357//3356 3292//3291 3291//3290
f 3436//3435 3287//3286 3290//3289 3437//3436
f 3381//3380 3346//3345 3287//3286 3436//3435
f 3346//3345 3345//3344 3288//3287 3287//3286
f 1954//1953 3283//3282 3286//3285 1955//1954
f 1959//1958 3282//3281 3283//3282 1954//1953
f 3282//3281 3281//3280 3284//3283 3283//3282
f 1958//1957 3279//3278 3282//3281 1959//1958
f 1963//1962 3278//3277 3279//3278 1958//1957
f 3278//3277 3277//3276 3280//3279 3279//3278
f 1962//1961 3275//3274 3278//3277 1963//1962
f 4322//4321 4989//4988 3275//3274 1962//1961
f 4989//4988 4988//4987 3276//3275 3275//3274
f 2002//2001 3273//3272 2243//2242 2003//2002
f 2007//2006 3272//3271 3273//3272 2002//2001
f 3272//3271 3271//3270 3274//3273 3273//3272
f 2006//2005 3269//3268 3272//3271 2007//2006
f 2011//2010 3268//3267 3269//3268 2006//2005
f 3268//3267 3267//3266 3270//3269 3269//3268
f 2010//2009 3265//3264 3268//3267 2011//2010
f 4285//4284 4986//4985 3265//3264 2010//2009
f 4986//4985 4985//4984 3266//3265 3265//3264
f 4347//4346 3262//3261 2232//2231 2231//2230
f 4355//4354 3822//3821 3262//3261 4347//4346
f 3822//3821 3821//3820 3263//3262 3262//3261
f 2062//2061 3258//3257 3261//3260 2063//2062
f 4968//4967 4983//4982 3258//3257 2062//2061
f 4983//4982 4982//4981 3259//3258 3258//3257
f 2066//2065 3256//3255 2258//2257 2067//2066
f 2071//2070 3255//3254 3256//3255 2066//2065
f 3255//3254 3254//3253 3257//3256 3256//3255
f 2070//2069 3252//3251 3255//3254 2071//2070
f 2063//2062 3261//3260 3252//3251 2070//2069
f 3261//3260 3260//3259 3253//3252 3252//3251
f 4225//4224 3249//3248 2251//2250 2250//2249
f 4233//4232 3830//3829 3249//3248 4225//4224
f 3830//3829 3829//3828 3250//3249 3249//3248
f 2126//2125 3247//3246 2293//2292 2127//2126
f 2285//2284 3242//3241 3247//3246 2126//2125
f 3242//3241 3241//3240 3248//3247 3247//3246
f 2130//2129 3243//3242 3246//3245 2131//2130
f 4190//4189 4981//4980 3243//3242 2130//2129
f 4981//4980 4980//4979 3244//3243 3243//3242
f 2284//2283 3239//3238 3242//3241 2285//2284
f 2131//2130 3246//3245 3239//3238 2284//2283
f 3246//3245 3245//3244 3240//3239 3239//3238
f 4910//4909 3236//3235 2262//2261 2261//2260
f 4909//4908 3838//3837 3236//3235 4910//4909
f 3838//3837 3837//3836 3237//3236 3236//3235
f 2170//2169 3232//3231 3235//3234 2171//2170
f 2179//2178 3229//3228 3232//3231 2170//2169
f 3229//3228 3228//3227 3233//3232 3232//3231
f 2174//2173 3230//3229 2308//2307 2175//2174
f 2171//2170 3235//3234 3230//3229 2174//2173
f 3235//3234 3234//3233 3231//3230 3230//3229
f 2178//2177 3226//3225 3229//3228 2179//2178
f 4039//4038 4044//4043 3226//3225 2178//2177
f 4044//4043 4043//4042 3227//3226 3226//3225
f 4439//4438 3223//3222 2301//2300 2300//2299
f 3849//3848 2508//2507 3223//3222 4439//4438
f 2508//2507 2507//2506 3224//3223 3223//3222
f 2816//2815 3219//3218 3222//3221 2817//2816
f 2809//2808 3154//3153 3219//3218 2816//2815
f 3154//3153 3153//3152 3220//3219 3219//3218
f 2820//2819 3215//3214 3218//3217 2821//2820
f 2813//2812 3150//3149 3215//3214 2820//2819
f 3150//3149 3149//3148 3216//3215 3215//3214
f 2824//2823 3211//3210 3214//3213 2825//2824
f 2797//2796 3166//3165 3211//3210 2824//2823
f 3166//3165 3165//3164 3212//3211 3211//3210
f 2828//2827 3207//3206 3210//3209 2829//2828
f 2777//2776 3186//3185 3207//3206 2828//2827
f 3186//3185 3185//3184 3208//3207 3207//3206
f 2756//2755 3203//3202 3206//3205 2757//2756
f 2821//2820 3218//3217 3203//3202 2756//2755
f 3218//3217 3217//3216 3204//3203 3203//3202
f 2760//2759 3199//3198 3202//3201 2761//2760
f 2817//2816 3222//3221 3199//3198 2760//2759
f 3222//3221 3221//3220 3200//3199 3199//3198
f 2764//2763 3195//3194 3198//3197 2765//2764
f 2829//2828 3210//3209 3195//3194 2764//2763
f 3210//3209 3209//3208 3196//3195 3195//3194
f 2768//2767 3191//3190 3194//3193 2769//2768
f 2757//2756 3206//3205 3191//3190 2768//2767
f 3206//3205 3205//3204 3192//3191 3191//3190
f 2772//2771 3187//3186 3190//3189 2773//2772
f 4079//4078 4084//4083 3187//3186 2772//2771
f 4084//4083 4083//4082 3188//3187 3187//3186
f 2776//2775 3183//3182 3186//3185 2777//2776
f 2761//2760 3202//3201 3183//3182 2776//2775
f 3202//3201 3201//3200 3184//3183 3183//3182
f 2780//2779 3179//3178 3182//3181 2781//2780
f 2769//2768 3194//3193 3179//3178 2780//2779
f 3194//3193 3193//3192 3180//3179 3179//3178
f 2784//2783 3175//3174 3178//3177 2785//2784
f 2773//2772 3190//3189 3175//3174 2784//2783
f 3190//3189 3189//3188 3176//3175 3175//3174
f 2788//2787 3171//3170 3174//3173 2789//2788
f 2765//2764 3198//3197 3171//3170 2788//2787
f 3198//3197 3197//3196 3172//3171 3171//3170
f 2792//2791 3167//3166 3170//3169 2793//2792
f 2789//2788 3174//3173 3167//3166 2792//2791
f 3174//3173 3173//3172 3168//3167 3167//3166
f 2796//2795 3163//3162 3166//3165 2797//2796
f 2785//2784 3178//3177 3163//3162 2796//2795
f 3178//3177 3177//3176 3164//3163 3163//3162
f 2800//2799 3159//3158 3162//3161 2801//2800
f 2825//2824 3214//3213 3159//3158 2800//2799
f 3214//3213 3213//3212 3160//3159 3159//3158
f 2804//2803 3155//3154 3158//3157 2805//2804
f 2793//2792 3170//3169 3155//3154 2804//2803
f 3170//3169 3169//3168 3156//3155 3155//3154
f 2808//2807 3151//3150 3154//3153 2809//2808
f 2801//2800 3162//3161 3151//3150 2808//2807
f 3162//3161 3161//3160 3152//3151 3151//3150
f 2812//2811 3147//3146 3150//3149 2813//2812
f 2805//2804 3158//3157 3147//3146 2812//2811
f 3158//3157 3157//3156 3148//3147 3147//3146
f 2868//2867 3143//3142 3146//3145 2869//2868
f 2853//2852 3086//3085 3143//3142 2868//2867
f 3086//3085 3085//3084 3144//3143 3143//3142
f 2872//2871 3139//3138 3142//3141 2873//2872
f 2861//2860 3078//3077 3139//3138 2872//2871
f 3078//3077 3077//3076 3140//3139 3139//3138
f 2876//2875 3135//3134 3138//3137 2877//2876
f 2865//2864 3074//3073 3135//3134 2876//2875
f 3074//3073 3073//3072 3136//3135 3135//3134
f 2880//2879 3131//3130 3134//3133 2881//2880
f 2857//2856 3082//3081 3131//3130 2880//2879
f 3082//3081 3081//3080 3132//3131 3131//3130
f 2884//2883 3127//3126 3130//3129 2885//2884
f 2881//2880 3134//3133 3127//3126 2884//2883
f 3134//3133 3133//3132 3128//3127 3127//3126
f 2888//2887 3123//3122 3126//3125 2889//2888
f 2877//2876 3138//3137 3123//3122 2888//2887
f 3138//3137 3137//3136 3124//3123 3123//3122
f 2892//2891 3119//3118 3122//3121 2893//2892
f 2841//2840 3098//3097 3119//3118 2892//2891
f 3098//3097 3097//3096 3120//3119 3119//3118
f 2896//2895 3115//3114 3118//3117 2897//2896
f 2885//2884 3130//3129 3115//3114 2896//2895
f 3130//3129 3129//3128 3116//3115 3115//3114
f 2900//2899 3111//3110 3114//3113 2901//2900
f 2893//2892 3122//3121 3111//3110 2900//2899
f 3122//3121 3121//3120 3112//3111 3111//3110
f 2904//2903 3107//3106 3110//3109 2905//2904
f 2897//2896 3118//3117 3107//3106 2904//2903
f 3118//3117 3117//3116 3108//3107 3107//3106
f 2832//2831 3103//3102 3106//3105 2833//2832
f 2901//2900 3114//3113 3103//3102 2832//2831
f 3114//3113 3113//3112 3104//3103 3103//3102
f 2836//2835 3099//3098 3102//3101 2837//2836
f 2905//2904 3110//3109 3099//3098 2836//2835
f 3110//3109 3109//3108 3100//3099 3099//3098
f 2840//2839 3095//3094 3098//3097 2841//2840
f 2889//2888 3126//3125 3095//3094 2840//2839
f 3126//3125 3125//3124 3096//3095 3095//3094
f 2844//2843 3091//3090 3094//3093 2845//2844
f 2869//2868 3146//3145 3091//3090 2844//2843
f 3146//3145 3145//3144 3092//3091 3091//3090
f 2848//2847 3087//3086 3090//3089 2849//2848
f 2837//2836 3102//3101 3087//3086 2848//2847
f 3102//3101 3101//3100 3088//3087 3087//3086
f 2852//2851 3083//3082 3086//3085 2853//2852
f 2833//2832 3106//3105 3083//3082 2852//2851
f 3106//3105 3105//3104 3084//3083 3083//3082
f 2856//2855 3079//3078 3082//3081 2857//2856
f 2845//2844 3094//3093 3079//3078 2856//2855
f 3094//3093 3093//3092 3080//3079 3079//3078
f 2860//2859 3075//3074 3078//3077 2861//2860
f 2849//2848 3090//3089 3075//3074 2860//2859
f 3090//3089 3089//3088 3076//3075 3075//3074
f 2864//2863 3071//3070 3074//3073 2865//2864
f 4087//4086 4092//4091 3071//3070 2864//2863
f 4092//4091 4091//4090 3072//3071 3071//3070
f 4991//4990 3067//3066 3070//3069 4992//4991
f 3905//3904 3904//3903 3067//3066 4991//4990
f 3904//3903 3901//3900 3068//3067 3067//3066
f 3052//3051 3063//3062 3066//3065 3053//3052
f 4270//4269 4269//4268 3063//3062 3052//3051
f 4269//4268 4274//4273 3064//3063 3063//3062
f 3064//3063 3059//3058 3062//3061 3065//3064
f 4274//4273 4993//4992 3059//3058 3064//3063
f 4993//4992 4994//4993 3060//3059 3059//3058
f 3060//3059 3055//3054 3058//3057 3061//3060
f 4994//4993 4995//4994 3055//3054 3060//3059
f 4995//4994 4996//4995 3056//3055 3055//3054
f 4997//4996 3051//3050 3054//3053 4992//4991
f 4998//4997 4999//4998 3051//3050 4997//4996
f 4999//4998 4270//4269 3052//3051 3051//3050
f 3056//3055 3047//3046 3050//3049 3057//3056
f 4996//4995 5000//4999 3047//3046 3056//3055
f 5000//4999 4295//4294 3048//3047 3047//3046
f 3048//3047 3043//3042 3046//3045 3049//3048
f 4295//4294 4294//4293 3043//3042 3048//3047
f 4294//4293 4299//4298 3044//3043 3043//3042
f 3044//3043 3039//3038 3042//3041 3045//3044
f 4299//4298 4298//4297 3039//3038 3044//3043
f 4298//4297 4303//4302 3040//3039 3039//3038
f 3040//3039 3035//3034 3038//3037 3041//3040
f 4303//4302 5001//5000 3035//3034 3040//3039
f 5001//5000 5002//5001 3036//3035 3035//3034
f 3036//3035 3031//3030 3034//3033 3037//3036
f 5002//5001 5003//5002 3031//3030 3036//3035
f 5003//5002 5004//5003 3032//3031 3031//3030
f 3032//3031 3027//3026 3030//3029 3033//3032
f 5004//5003 5005//5004 3027//3026 3032//3031
f 5005//5004 4851//4850 3028//3027 3027//3026
f 3068//3067 3023//3022 3026//3025 3069//3068
f 3901//3900 3900//3899 3023//3022 3068//3067
f 3900//3899 3897//3896 3024//3023 3023//3022
f 3016//3015 3019//3018 3022//3021 3017//3016
f 3893//3892 3892//3891 3019//3018 3016//3015
f 3892//3891 3889//3888 3020//3019 3019//3018
f 3024//3023 3015//3014 3018//3017 3025//3024
f 3897//3896 3896//3895 3015//3014 3024//3023
f 3896//3895 3893//3892 3016//3015 3015//3014
f 3008//3007 3011//3010 3014//3013 3009//3008
f 3881//3880 3880//3879 3011//3010 3008//3007
f 3880//3879 3877//3876 3012//3011 3011//3010
f 2984//2983 3007//3006 3010//3009 2985//2984
f 3885//3884 3884//3883 3007//3006 2984//2983
f 3884//3883 3881//3880 3008//3007 3007//3006
f 3000//2999 3003//3002 3006//3005 3001//3000
f 3873//3872 3872//3871 3003//3002 3000//2999
f 3872//3871 3869//3868 3004//3003 3003//3002
f 3012//3011 2999//2998 3002//3001 3013//3012
f 3877//3876 3876//3875 2999//2998 3012//3011
f 3876//3875 3873//3872 3000//2999 2999//2998
f 2988//2987 2995//2994 2998//2997 2989//2988
f 3861//3860 3860//3859 2995//2994 2988//2987
f 3860//3859 3855//3854 2996//2995 2995//2994
f 3004//3003 2991//2990 2994//2993 3005//3004
f 3869//3868 3868//3867 2991//2990 3004//3003
f 3868//3867 3865//3864 2992//2991 2991//2990
f 2992//2991 2987//2986 2990//2989 2993//2992
f 3865//3864 3864//3863 2987//2986 2992//2991
f 3864//3863 3861//3860 2988//2987 2987//2986
f 3020//3019 2983//2982 2986//2985 3021//3020
f 3889//3888 3888//3887 2983//2982 3020//3019
f 3888//3887 3885//3884 2984//2983 2983//2982
f 3072//3071 2979//2978 2982//2981 3073//3072
f 4091//4090 4096//4095 2979//2978 3072//3071
f 4096//4095 4095//4094 2980//2979 2979//2978
f 3076//3075 2975//2974 2978//2977 3077//3076
f 3089//3088 2966//2965 2975//2974 3076//3075
f 2966//2965 2965//2964 2976//2975 2975//2974
f 3080//3079 2971//2970 2974//2973 3081//3080
f 3093//3092 2962//2961 2971//2970 3080//3079
f 2962//2961 2961//2960 2972//2971 2971//2970
f 3084//3083 2967//2966 2970//2969 3085//3084
f 3105//3104 2950//2949 2967//2966 3084//3083
f 2950//2949 2949//2948 2968//2967 2967//2966
f 3088//3087 2963//2962 2966//2965 3089//3088
f 3101//3100 2954//2953 2963//2962 3088//3087
f 2954//2953 2953//2952 2964//2963 2963//2962
f 3092//3091 2959//2958 2962//2961 3093//3092
f 3145//3144 2910//2909 2959//2958 3092//3091
f 2910//2909 2909//2908 2960//2959 2959//2958
f 3096//3095 2955//2954 2958//2957 3097//3096
f 3125//3124 2930//2929 2955//2954 3096//3095
f 2930//2929 2929//2928 2956//2955 2955//2954
f 3100//3099 2951//2950 2954//2953 3101//3100
f 3109//3108 2946//2945 2951//2950 3100//3099
f 2946//2945 2945//2944 2952//2951 2951//2950
f 3104//3103 2947//2946 2950//2949 3105//3104
f 3113//3112 2942//2941 2947//2946 3104//3103
f 2942//2941 2941//2940 2948//2947 2947//2946
f 3108//3107 2943//2942 2946//2945 3109//3108
f 3117//3116 2938//2937 2943//2942 3108//3107
f 2938//2937 2937//2936 2944//2943 2943//2942
f 3112//3111 2939//2938 2942//2941 3113//3112
f 3121//3120 2934//2933 2939//2938 3112//3111
f 2934//2933 2933//2932 2940//2939 2939//2938
f 3116//3115 2935//2934 2938//2937 3117//3116
f 3129//3128 2926//2925 2935//2934 3116//3115
f 2926//2925 2925//2924 2936//2935 2935//2934
f 3120//3119 2931//2930 2934//2933 3121//3120
f 3097//3096 2958//2957 2931//2930 3120//3119
f 2958//2957 2957//2956 2932//2931 2931//2930
f 3124//3123 2927//2926 2930//2929 3125//3124
f 3137//3136 2918//2917 2927//2926 3124//3123
f 2918//2917 2917//2916 2928//2927 2927//2926
f 3128//3127 2923//2922 2926//2925 3129//3128
f 3133//3132 2922//2921 2923//2922 3128//3127
f 2922//2921 2921//2920 2924//2923 2923//2922
f 3132//3131 2919//2918 2922//2921 3133//3132
f 3081//3080 2974//2973 2919//2918 3132//3131
f 2974//2973 2973//2972 2920//2919 2919//2918
f 3136//3135 2915//2914 2918//2917 3137//3136
f 3073//3072 2982//2981 2915//2914 3136//3135
f 2982//2981 2981//2980 2916//2915 2915//2914
f 3140//3139 2911//2910 2914//2913 3141//3140
f 3077//3076 2978//2977 2911//2910 3140//3139
f 2978//2977 2977//2976 2912//2911 2911//2910
f 3144//3143 2907//2906 2910//2909 3145//3144
f 3085//3084 2970//2969 2907//2906 3144//3143
f 2970//2969 2969//2968 2908//2907 2907//2906
f 3148//3147 2903//2902 2906//2905 3149//3148
f 3157//3156 2898//2897 2903//2902 3148//3147
f 2898//2897 2897//2896 2904//2903 2903//2902
f 3152//3151 2899//2898 2902//2901 3153//3152
f 3161//3160 2894//2893 2899//2898 3152//3151
f 2894//2893 2893//2892 2900//2899 2899//2898
f 3156//3155 2895//2894 2898//2897 3157//3156
f 3169//3168 2886//2885 2895//2894 3156//3155
f 2886//2885 2885//2884 2896//2895 2895//2894
f 3160//3159 2891//2890 2894//2893 3161//3160
f 3213//3212 2842//2841 2891//2890 3160//3159
f 2842//2841 2841//2840 2892//2891 2891//2890
f 3164//3163 2887//2886 2890//2889 3165//3164
f 3177//3176 2878//2877 2887//2886 3164//3163
f 2878//2877 2877//2876 2888//2887 2887//2886
f 3168//3167 2883//2882 2886//2885 3169//3168
f 3173//3172 2882//2881 2883//2882 3168//3167
f 2882//2881 2881//2880 2884//2883 2883//2882
f 3172//3171 2879//2878 2882//2881 3173//3172
f 3197//3196 2858//2857 2879//2878 3172//3171
f 2858//2857 2857//2856 2880//2879 2879//2878
f 3176//3175 2875//2874 2878//2877 3177//3176
f 3189//3188 2866//2865 2875//2874 3176//3175
f 2866//2865 2865//2864 2876//2875 2875//2874
f 3180//3179 2871//2870 2874//2873 3181//3180
f 3193//3192 2862//2861 2871//2870 3180//3179
f 2862//2861 2861//2860 2872//2871 2871//2870
f 3184//3183 2867//2866 2870//2869 3185//3184
f 3201//3200 2854//2853 2867//2866 3184//3183
f 2854//2853 2853//2852 2868//2867 2867//2866
f 3188//3187 2863//2862 2866//2865 3189//3188
f 4083//4082 4088//4087 2863//2862 3188//3187
f 4088//4087 4087//4086 2864//2863 2863//2862
f 3192//3191 2859//2858 2862//2861 3193//3192
f 3205//3204 2850//2849 2859//2858 3192//3191
f 2850//2849 2849//2848 2860//2859 2859//2858
f 3196//3195 2855//2854 2858//2857 3197//3196
f 3209//3208 2846//2845 2855//2854 3196//3195
f 2846//2845 2845//2844 2856//2855 2855//2854
f 3200//3199 2851//2850 2854//2853 3201//3200
f 3221//3220 2834//2833 2851//2850 3200//3199
f 2834//2833 2833//2832 2852//2851 2851//2850
f 3204//3203 2847//2846 2850//2849 3205//3204
f 3217//3216 2838//2837 2847//2846 3204//3203
f 2838//2837 2837//2836 2848//2847 2847//2846
f 3208//3207 2843//2842 2846//2845 3209//3208
f 3185//3184 2870//2869 2843//2842 3208//3207
f 2870//2869 2869//2868 2844//2843 2843//2842
f 3212//3211 2839//2838 2842//2841 3213//3212
f 3165//3164 2890//2889 2839//2838 3212//3211
f 2890//2889 2889//2888 2840//2839 2839//2838
f 3216//3215 2835//2834 2838//2837 3217//3216
f 3149//3148 2906//2905 2835//2834 3216//3215
f 2906//2905 2905//2904 2836//2835 2835//2834
f 3220//3219 2831//2830 2834//2833 3221//3220
f 3153//3152 2902//2901 2831//2830 3220//3219
f 2902//2901 2901//2900 2832//2831 2831//2830
f 2708//2707 2827//2826 2830//2829 2709//2708
f 2729//2728 2778//2777 2827//2826 2708//2707
f 2778//2777 2777//2776 2828//2827 2827//2826
f 2680//2679 2823//2822 2826//2825 2681//2680
f 2737//2736 2798//2797 2823//2822 2680//2679
f 2798//2797 2797//2796 2824//2823 2823//2822
f 2696//2695 2819//2818 2822//2821 2697//2696
f 2753//2752 2814//2813 2819//2818 2696//2695
f 2814//2813 2813//2812 2820//2819 2819//2818
f 2748//2747 2815//2814 2818//2817 2749//2748
f 2733//2732 2810//2809 2815//2814 2748//2747
f 2810//2809 2809//2808 2816//2815 2815//2814
f 2752//2751 2811//2810 2814//2813 2753//2752
f 2741//2740 2806//2805 2811//2810 2752//2751
f 2806//2805 2805//2804 2812//2811 2811//2810
f 2732//2731 2807//2806 2810//2809 2733//2732
f 2721//2720 2802//2801 2807//2806 2732//2731
f 2802//2801 2801//2800 2808//2807 2807//2806
f 2740//2739 2803//2802 2806//2805 2741//2740
f 2725//2724 2794//2793 2803//2802 2740//2739
f 2794//2793 2793//2792 2804//2803 2803//2802
f 2720//2719 2799//2798 2802//2801 2721//2720
f 2681//2680 2826//2825 2799//2798 2720//2719
f 2826//2825 2825//2824 2800//2799 2799//2798
f 2736//2735 2795//2794 2798//2797 2737//2736
f 2689//2688 2786//2785 2795//2794 2736//2735
f 2786//2785 2785//2784 2796//2795 2795//2794
f 2724//2723 2791//2790 2794//2793 2725//2724
f 2701//2700 2790//2789 2791//2790 2724//2723
f 2790//2789 2789//2788 2792//2791 2791//2790
f 2700//2699 2787//2786 2790//2789 2701//2700
f 2717//2716 2766//2765 2787//2786 2700//2699
f 2766//2765 2765//2764 2788//2787 2787//2786
f 2688//2687 2783//2782 2786//2785 2689//2688
f 2685//2684 2774//2773 2783//2782 2688//2687
f 2774//2773 2773//2772 2784//2783 2783//2782
f 2712//2711 2779//2778 2782//2781 2713//2712
f 2705//2704 2770//2769 2779//2778 2712//2711
f 2770//2769 2769//2768 2780//2779 2779//2778
f 2728//2727 2775//2774 2778//2777 2729//2728
f 2745//2744 2762//2761 2775//2774 2728//2727
f 2762//2761 2761//2760 2776//2775 2775//2774
f 2684//2683 2771//2770 2774//2773 2685//2684
f 4075//4074 4080//4079 2771//2770 2684//2683
f 4080//4079 4079//4078 2772//2771 2771//2770
f 2704//2703 2767//2766 2770//2769 2705//2704
f 2693//2692 2758//2757 2767//2766 2704//2703
f 2758//2757 2757//2756 2768//2767 2767//2766
f 2716//2715 2763//2762 2766//2765 2717//2716
f 2709//2708 2830//2829 2763//2762 2716//2715
f 2830//2829 2829//2828 2764//2763 2763//2762
f 2744//2743 2759//2758 2762//2761 2745//2744
f 2749//2748 2818//2817 2759//2758 2744//2743
f 2818//2817 2817//2816 2760//2759 2759//2758
f 2692//2691 2755//2754 2758//2757 2693//2692
f 2697//2696 2822//2821 2755//2754 2692//2691
f 2822//2821 2821//2820 2756//2755 2755//2754
f 2618//2617 2751//2750 2754//2753 2619//2618
f 2611//2610 2742//2741 2751//2750 2618//2617
f 2742//2741 2741//2740 2752//2751 2751//2750
f 2652//2651 2747//2746 2750//2749 2653//2652
f 2665//2664 2734//2733 2747//2746 2652//2651
f 2734//2733 2733//2732 2748//2747 2747//2746
f 5006//5005 2743//2742 2746//2745 5007//5006
f 2653//2652 2750//2749 2743//2742 5006//5005
f 2750//2749 2749//2748 2744//2743 2743//2742
f 2610//2609 2739//2738 2742//2741 2611//2610
f 2627//2626 2726//2725 2739//2738 2610//2609
f 2726//2725 2725//2724 2740//2739 2739//2738
f 5008//5007 2735//2734 2738//2737 5009//5008
f 2671//2670 2690//2689 2735//2734 5008//5007
f 2690//2689 2689//2688 2736//2735 2735//2734
f 2664//2663 2731//2730 2734//2733 2665//2664
f 2657//2656 2722//2721 2731//2730 2664//2663
f 2722//2721 2721//2720 2732//2731 2731//2730
f 2638//2637 2727//2726 2730//2729 2639//2638
f 5007//5006 2746//2745 2727//2726 2638//2637
f 2746//2745 2745//2744 2728//2727 2727//2726
f 2626//2625 2723//2722 2726//2725 2627//2626
f 5010//5009 2702//2701 2723//2722 2626//2625
f 2702//2701 2701//2700 2724//2723 2723//2722
f 2656//2655 2719//2718 2722//2721 2657//2656
f 2661//2660 2682//2681 2719//2718 2656//2655
f 2682//2681 2681//2680 2720//2719 2719//2718
f 2642//2641 2715//2714 2718//2717 2643//2642
f 2647//2646 2710//2709 2715//2714 2642//2641
f 2710//2709 2709//2708 2716//2715 2715//2714
f 2622//2621 2711//2710 2714//2713 2623//2622
f 2615//2614 2706//2705 2711//2710 2622//2621
f 2706//2705 2705//2704 2712//2711 2711//2710
f 2646//2645 2707//2706 2710//2709 2647//2646
f 2639//2638 2730//2729 2707//2706 2646//2645
f 2730//2729 2729//2728 2708//2707 2707//2706
f 2614//2613 2703//2702 2706//2705 2615//2614
f 2631//2630 2694//2693 2703//2702 2614//2613
f 2694//2693 2693//2692 2704//2703 2703//2702
f 5011//5010 2699//2698 2702//2701 5010//5009
f 2643//2642 2718//2717 2699//2698 5011//5010
f 2718//2717 2717//2716 2700//2699 2699//2698
f 2634//2633 2695//2694 2698//2697 2635//2634
f 2619//2618 2754//2753 2695//2694 2634//2633
f 2754//2753 2753//2752 2696//2695 2695//2694
f 2630//2629 2691//2690 2694//2693 2631//2630
f 2635//2634 2698//2697 2691//2690 2630//2629
f 2698//2697 2697//2696 2692//2691 2691//2690
f 2670//2669 2687//2686 2690//2689 2671//2670
f 2675//2674 2686//2685 2687//2686 2670//2669
f 2686//2685 2685//2684 2688//2687 2687//2686
f 2674//2673 2683//2682 2686//2685 2675//2674
f 4071//4070 4076//4075 2683//2682 2674//2673
f 4076//4075 4075//4074 2684//2683 2683//2682
f 2660//2659 2679//2678 2682//2681 2661//2660
f 5009//5008 2738//2737 2679//2678 2660//2659
f 2738//2737 2737//2736 2680//2679 2679//2678
f 5008//5007 2677//2676 2672//2671 2671//2670
f 5009//5008 5012//5011 2677//2676 5008//5007
f 5012//5011 4418//4417 2678//2677 2677//2676
f 2574//2573 2673//2672 2676//2675 2575//2574
f 4067//4066 4072//4071 2673//2672 2574//2573
f 4072//4071 4071//4070 2674//2673 2673//2672
f 2570//2569 2669//2668 2672//2671 2571//2570
f 2575//2574 2676//2675 2669//2668 2570//2569
f 2676//2675 2675//2674 2670//2669 2669//2668
f 5006//5005 2667//2666 2654//2653 2653//2652
f 5007//5006 5013//5012 2667//2666 5006//5005
f 5013//5012 4921//4920 2668//2667 2667//2666
f 2490//2489 2663//2662 2666//2665 2491//2490
f 2495//2494 2658//2657 2663//2662 2490//2489
f 2658//2657 2657//2656 2664//2663 2663//2662
f 2502//2501 2659//2658 2662//2661 2503//2502
f 4418//4417 5012//5011 2659//2658 2502//2501
f 5012//5011 5009//5008 2660//2659 2659//2658
f 2494//2493 2655//2654 2658//2657 2495//2494
f 2503//2502 2662//2661 2655//2654 2494//2493
f 2662//2661 2661//2660 2656//2655 2655//2654
f 2498//2497 2651//2650 2654//2653 2499//2498
f 2491//2490 2666//2665 2651//2650 2498//2497
f 2666//2665 2665//2664 2652//2651 2651//2650
f 5011//5010 2649//2648 2644//2643 2643//2642
f 5010//5009 5014//5013 2649//2648 5011//5010
f 5014//5013 4252//4251 2650//2649 2649//2648
f 2438//2437 2645//2644 2648//2647 2439//2438
f 2431//2430 2640//2639 2645//2644 2438//2437
f 2640//2639 2639//2638 2646//2645 2645//2644
f 2434//2433 2641//2640 2644//2643 2435//2434
f 2439//2438 2648//2647 2641//2640 2434//2433
f 2648//2647 2647//2646 2642//2641 2641//2640
f 2430//2429 2637//2636 2640//2639 2431//2430
f 4921//4920 5013//5012 2637//2636 2430//2429
f 5013//5012 5007//5006 2638//2637 2637//2636
f 4333//4332 2633//2632 2636//2635 4334//4333
f 2371//2370 2620//2619 2633//2632 4333//4332
f 2620//2619 2619//2618 2634//2633 2633//2632
f 2318//2317 2629//2628 2632//2631 2319//2318
f 4334//4333 2636//2635 2629//2628 2318//2317
f 2636//2635 2635//2634 2630//2629 2629//2628
f 2378//2377 2625//2624 2628//2627 2379//2378
f 4252//4251 5014//5013 2625//2624 2378//2377
f 5014//5013 5010//5009 2626//2625 2625//2624
f 2310//2309 2621//2620 2624//2623 2311//2310
f 2315//2314 2616//2615 2621//2620 2310//2309
f 2616//2615 2615//2614 2622//2621 2621//2620
f 2370//2369 2617//2616 2620//2619 2371//2370
f 2375//2374 2612//2611 2617//2616 2370//2369
f 2612//2611 2611//2610 2618//2617 2617//2616
f 2314//2313 2613//2612 2616//2615 2315//2314
f 2319//2318 2632//2631 2613//2612 2314//2313
f 2632//2631 2631//2630 2614//2613 2613//2612
f 2374//2373 2609//2608 2612//2611 2375//2374
f 2379//2378 2628//2627 2609//2608 2374//2373
f 2628//2627 2627//2626 2610//2609 2609//2608
f 2602//2601 2605//2604 2608//2607 2603//2602
f 2587//2586 2592//2591 2605//2604 2602//2601
f 2592//2591 2591//2590 2606//2605 2605//2604
f 2598//2597 2601//2600 2604//2603 2599//2598
f 2583//2582 2588//2587 2601//2600 2598//2597
f 2588//2587 2587//2586 2602//2601 2601//2600
f 2594//2593 2597//2596 2600//2599 2595//2594
f 2579//2578 2584//2583 2597//2596 2594//2593
f 2584//2583 2583//2582 2598//2597 2597//2596
f 2295//2294 2593//2592 2596//2595 2296//2295
f 2304//2303 2580//2579 2593//2592 2295//2294
f 2580//2579 2579//2578 2594//2593 2593//2592
f 2586//2585 2589//2588 2592//2591 2587//2586
f 4059//4058 4064//4063 2589//2588 2586//2585
f 4064//4063 4063//4062 2590//2589 2589//2588
f 2582//2581 2585//2584 2588//2587 2583//2582
f 4055//4054 4060//4059 2585//2584 2582//2581
f 4060//4059 4059//4058 2586//2585 2585//2584
f 2578//2577 2581//2580 2584//2583 2579//2578
f 4051//4050 4056//4055 2581//2580 2578//2577
f 4056//4055 4055//4054 2582//2581 2581//2580
f 2303//2302 2577//2576 2580//2579 2304//2303
f 4047//4046 4052//4051 2577//2576 2303//2302
f 4052//4051 4051//4050 2578//2577 2577//2576
f 2590//2589 2573//2572 2576//2575 2591//2590
f 4063//4062 4068//4067 2573//2572 2590//2589
f 4068//4067 4067//4066 2574//2573 2573//2572
f 2606//2605 2569//2568 2572//2571 2607//2606
f 2591//2590 2576//2575 2569//2568 2606//2605
f 2576//2575 2575//2574 2570//2569 2569//2568
f 2562//2561 2565//2564 2568//2567 2563//2562
f 2547//2546 2552//2551 2565//2564 2562//2561
f 2552//2551 2551//2550 2566//2565 2565//2564
f 2558//2557 2561//2560 2564//2563 2559//2558
f 2543//2542 2548//2547 2561//2560 2558//2557
f 2548//2547 2547//2546 2562//2561 2561//2560
f 2554//2553 2557//2556 2560//2559 2555//2554
f 2539//2538 2544//2543 2557//2556 2554//2553
f 2544//2543 2543//2542 2558//2557 2557//2556
f 2268//2267 2553//2552 2556//2555 2269//2268
f 2265//2264 2540//2539 2553//2552 2268//2267
f 2540//2539 2539//2538 2554//2553 2553//2552
f 2546//2545 2549//2548 2552//2551 2547//2546
f 2515//2514 2520//2519 2549//2548 2546//2545
f 2520//2519 2519//2518 2550//2549 2549//2548
f 2542//2541 2545//2544 2548//2547 2543//2542
f 5015//5014 2516//2515 2545//2544 2542//2541
f 2516//2515 2515//2514 2546//2545 2545//2544
f 2538//2537 2541//2540 2544//2543 2539//2538
f 3852//3851 5016//5015 2541//2540 2538//2537
f 5016//5015 5015//5014 2542//2541 2541//2540
f 2264//2263 2537//2536 2540//2539 2265//2264
f 3847//3846 3853//3852 2537//2536 2264//2263
f 3853//3852 3852//3851 2538//2537 2537//2536
f 2530//2529 2533//2532 2536//2535 2531//2530
f 2563//2562 2568//2567 2533//2532 2530//2529
f 2568//2567 2567//2566 2534//2533 2533//2532
f 2526//2525 2529//2528 2532//2531 2527//2526
f 2559//2558 2564//2563 2529//2528 2526//2525
f 2564//2563 2563//2562 2530//2529 2529//2528
f 2522//2521 2525//2524 2528//2527 2523//2522
f 2555//2554 2560//2559 2525//2524 2522//2521
f 2560//2559 2559//2558 2526//2525 2525//2524
f 2260//2259 2521//2520 2524//2523 2261//2260
f 2269//2268 2556//2555 2521//2520 2260//2259
f 2556//2555 2555//2554 2522//2521 2521//2520
f 2514//2513 2517//2516 2520//2519 2515//2514
f 4426//4425 4425//4424 2517//2516 2514//2513
f 4425//4424 4422//4421 2518//2517 2517//2516
f 5017//5016 2513//2512 2516//2515 5015//5014
f 4430//4429 4429//4428 2513//2512 5017//5016
f 4429//4428 4426//4425 2514//2513 2513//2512
f 5017//5016 2509//2508 2512//2511 4430//4429
f 5015//5014 5016//5015 2509//2508 5017//5016
f 5016//5015 3852//3851 2510//2509 2509//2508
f 3848//3847 2505//2504 2508//2507 3849//3848
f 3847//3846 5018//5017 2505//2504 3848//3847
f 5018//5017 4980//4979 2506//2505 2505//2504
f 2518//2517 2501//2500 2504//2503 2519//2518
f 4422//4421 4421//4420 2501//2500 2518//2517
f 4421//4420 4418//4417 2502//2501 2501//2500
f 2534//2533 2497//2496 2500//2499 2535//2534
f 2567//2566 2492//2491 2497//2496 2534//2533
f 2492//2491 2491//2490 2498//2497 2497//2496
f 2550//2549 2493//2492 2496//2495 2551//2550
f 2519//2518 2504//2503 2493//2492 2550//2549
f 2504//2503 2503//2502 2494//2493 2493//2492
f 2566//2565 2489//2488 2492//2491 2567//2566
f 2551//2550 2496//2495 2489//2488 2566//2565
f 2496//2495 2495//2494 2490//2489 2489//2488
f 2482//2481 2485//2484 2488//2487 2483//2482
f 4917//4916 4920//4919 2485//2484 2482//2481
f 4920//4919 4919//4918 2486//2485 2485//2484
f 2478//2477 2481//2480 2484//2483 2479//2478
f 4915//4914 4918//4917 2481//2480 2478//2477
f 4918//4917 4917//4916 2482//2481 2481//2480
f 2474//2473 2477//2476 2480//2479 2475//2474
f 4913//4912 4916//4915 2477//2476 2474//2473
f 4916//4915 4915//4914 2478//2477 2477//2476
f 2245//2244 2473//2472 2476//2475 2246//2245
f 4911//4910 4914//4913 2473//2472 2245//2244
f 4914//4913 4913//4912 2474//2473 2473//2472
f 2466//2465 2469//2468 2472//2471 2467//2466
f 2451//2450 2456//2455 2469//2468 2466//2465
f 2456//2455 2455//2454 2470//2469 2469//2468
f 2462//2461 2465//2464 2468//2467 2463//2462
f 2447//2446 2452//2451 2465//2464 2462//2461
f 2452//2451 2451//2450 2466//2465 2465//2464
f 2458//2457 2461//2460 2464//2463 2459//2458
f 2443//2442 2448//2447 2461//2460 2458//2457
f 2448//2447 2447//2446 2462//2461 2461//2460
f 2249//2248 2457//2456 2460//2459 2250//2249
f 2254//2253 2444//2443 2457//2456 2249//2248
f 2444//2443 2443//2442 2458//2457 2457//2456
f 2450//2449 2453//2452 2456//2455 2451//2450
f 2483//2482 2488//2487 2453//2452 2450//2449
f 2488//2487 2487//2486 2454//2453 2453//2452
f 2446//2445 2449//2448 2452//2451 2447//2446
f 2479//2478 2484//2483 2449//2448 2446//2445
f 2484//2483 2483//2482 2450//2449 2449//2448
f 2442//2441 2445//2444 2448//2447 2443//2442
f 2475//2474 2480//2479 2445//2444 2442//2441
f 2480//2479 2479//2478 2446//2445 2445//2444
f 2253//2252 2441//2440 2444//2443 2254//2253
f 2246//2245 2476//2475 2441//2440 2253//2252
f 2476//2475 2475//2474 2442//2441 2441//2440
f 2454//2453 2437//2436 2440//2439 2455//2454
f 2487//2486 2432//2431 2437//2436 2454//2453
f 2432//2431 2431//2430 2438//2437 2437//2436
f 2470//2469 2433//2432 2436//2435 2471//2470
f 2455//2454 2440//2439 2433//2432 2470//2469
f 2440//2439 2439//2438 2434//2433 2433//2432
f 2486//2485 2429//2428 2432//2431 2487//2486
f 4919//4918 4922//4921 2429//2428 2486//2485
f 4922//4921 4921//4920 2430//2429 2429//2428
f 2422//2421 2425//2424 2428//2427 2423//2422
f 2407//2406 2412//2411 2425//2424 2422//2421
f 2412//2411 2411//2410 2426//2425 2425//2424
f 2418//2417 2421//2420 2424//2423 2419//2418
f 2403//2402 2408//2407 2421//2420 2418//2417
f 2408//2407 2407//2406 2422//2421 2421//2420
f 2414//2413 2417//2416 2420//2419 2415//2414
f 2399//2398 2404//2403 2417//2416 2414//2413
f 2404//2403 2403//2402 2418//2417 2417//2416
f 2230//2229 2413//2412 2416//2415 2231//2230
f 2235//2234 2400//2399 2413//2412 2230//2229
f 2400//2399 2399//2398 2414//2413 2413//2412
f 2406//2405 2409//2408 2412//2411 2407//2406
f 2391//2390 2396//2395 2409//2408 2406//2405
f 2396//2395 2395//2394 2410//2409 2409//2408
f 2402//2401 2405//2404 2408//2407 2403//2402
f 2387//2386 2392//2391 2405//2404 2402//2401
f 2392//2391 2391//2390 2406//2405 2405//2404
f 2398//2397 2401//2400 2404//2403 2399//2398
f 2383//2382 2388//2387 2401//2400 2398//2397
f 2388//2387 2387//2386 2402//2401 2401//2400
f 2234//2233 2397//2396 2400//2399 2235//2234
f 2239//2238 2384//2383 2397//2396 2234//2233
f 2384//2383 2383//2382 2398//2397 2397//2396
f 2390//2389 2393//2392 2396//2395 2391//2390
f 4245//4244 4244//4243 2393//2392 2390//2389
f 4244//4243 4249//4248 2394//2393 2393//2392
f 2386//2385 2389//2388 2392//2391 2387//2386
f 4241//4240 4240//4239 2389//2388 2386//2385
f 4240//4239 4245//4244 2390//2389 2389//2388
f 2382//2381 2385//2384 2388//2387 2383//2382
f 4229//4228 4238//4237 2385//2384 2382//2381
f 4238//4237 4241//4240 2386//2385 2385//2384
f 2238//2237 2381//2380 2384//2383 2239//2238
f 4231//4230 4230//4229 2381//2380 2238//2237
f 4230//4229 4229//4228 2382//2381 2381//2380
f 2394//2393 2377//2376 2380//2379 2395//2394
f 4249//4248 4248//4247 2377//2376 2394//2393
f 4248//4247 4252//4251 2378//2377 2377//2376
f 2410//2409 2373//2372 2376//2375 2411//2410
f 2395//2394 2380//2379 2373//2372 2410//2409
f 2380//2379 2379//2378 2374//2373 2373//2372
f 2426//2425 2369//2368 2372//2371 2427//2426
f 2411//2410 2376//2375 2369//2368 2426//2425
f 2376//2375 2375//2374 2370//2369 2369//2368
f 2362//2361 2365//2364 2368//2367 2363//2362
f 2347//2346 2352//2351 2365//2364 2362//2361
f 2352//2351 2351//2350 2366//2365 2365//2364
f 2358//2357 2361//2360 2364//2363 2359//2358
f 2343//2342 2348//2347 2361//2360 2358//2357
f 2348//2347 2347//2346 2362//2361 2361//2360
f 2354//2353 2357//2356 2360//2359 2355//2354
f 2339//2338 2344//2343 2357//2356 2354//2353
f 2344//2343 2343//2342 2358//2357 2357//2356
f 2218//2217 2353//2352 2356//2355 2219//2218
f 2223//2222 2340//2339 2353//2352 2218//2217
f 2340//2339 2339//2338 2354//2353 2353//2352
f 2346//2345 2349//2348 2352//2351 2347//2346
f 2331//2330 2336//2335 2349//2348 2346//2345
f 2336//2335 2335//2334 2350//2349 2349//2348
f 2342//2341 2345//2344 2348//2347 2343//2342
f 2327//2326 2332//2331 2345//2344 2342//2341
f 2332//2331 2331//2330 2346//2345 2345//2344
f 2338//2337 2341//2340 2344//2343 2339//2338
f 2323//2322 2328//2327 2341//2340 2338//2337
f 2328//2327 2327//2326 2342//2341 2341//2340
f 2222//2221 2337//2336 2340//2339 2223//2222
f 2227//2226 2324//2323 2337//2336 2222//2221
f 2324//2323 2323//2322 2338//2337 2337//2336
f 2330//2329 2333//2332 2336//2335 2331//2330
f 4367//4366 4366//4365 2333//2332 2330//2329
f 4366//4365 4330//4329 2334//2333 2333//2332
f 2326//2325 2329//2328 2332//2331 2327//2326
f 4363//4362 4362//4361 2329//2328 2326//2325
f 4362//4361 4367//4366 2330//2329 2329//2328
f 2322//2321 2325//2324 2328//2327 2323//2322
f 4351//4350 4360//4359 2325//2324 2322//2321
f 4360//4359 4363//4362 2326//2325 2325//2324
f 2226//2225 2321//2320 2324//2323 2227//2226
f 4353//4352 4352//4351 2321//2320 2226//2225
f 4352//4351 4351//4350 2322//2321 2321//2320
f 2334//2333 2317//2316 2320//2319 2335//2334
f 4330//4329 4329//4328 2317//2316 2334//2333
f 4329//4328 4334//4333 2318//2317 2317//2316
f 2350//2349 2313//2312 2316//2315 2351//2350
f 2335//2334 2320//2319 2313//2312 2350//2349
f 2320//2319 2319//2318 2314//2313 2313//2312
f 2366//2365 2309//2308 2312//2311 2367//2366
f 2351//2350 2316//2315 2309//2308 2366//2365
f 2316//2315 2315//2314 2310//2309 2309//2308
f 3224//3223 2306//2305 2308//2307 3225//3224
f 2507//2506 3846//3845 2306//2305 3224//3223
f 3846//3845 3845//3844 2307//2306 2306//2305
f 3227//3226 2302//2301 2305//2304 3228//3227
f 4043//4042 4048//4047 2302//2301 3227//3226
f 4048//4047 4047//4046 2303//2302 2302//2301
f 3231//3230 2298//2297 2301//2300 3225//3224
f 3234//3233 2297//2296 2298//2297 3231//3230
f 2297//2296 2296//2295 2299//2298 2298//2297
f 3233//3232 2294//2293 2297//2296 3234//3233
f 3228//3227 2305//2304 2294//2293 3233//3232
f 2305//2304 2304//2303 2295//2294 2294//2293
f 3237//3236 2291//2290 2293//2292 3238//3237
f 3837//3836 3842//3841 2291//2290 3237//3236
f 3842//3841 3841//3840 2292//2291 2291//2290
f 2054//2053 2287//2286 2290//2289 2055//2054
f 3021//3020 2986//2985 2287//2286 2054//2053
f 2986//2985 2985//2984 2288//2287 2287//2286
f 2272//2271 2283//2282 2286//2285 2273//2272
f 2143//2142 2132//2131 2283//2282 2272//2271
f 2132//2131 2131//2130 2284//2283 2283//2282
f 2116//2115 2279//2278 2282//2281 2289//2288
f 2115//2114 2136//2135 2279//2278 2116//2115
f 2136//2135 2135//2134 2280//2279 2279//2278
f 2280//2279 2275//2274 2278//2277 2281//2280
f 2135//2134 2140//2139 2275//2274 2280//2279
f 2140//2139 2139//2138 2276//2275 2275//2274
f 2276//2275 2271//2270 2274//2273 2277//2276
f 2139//2138 2144//2143 2271//2270 2276//2275
f 2144//2143 2143//2142 2272//2271 2271//2270
f 3240//3239 2267//2266 2270//2269 3241//3240
f 3245//3244 2266//2265 2267//2266 3240//3239
f 2266//2265 2265//2264 2268//2267 2267//2266
f 3244//3243 2263//2262 2266//2265 3245//3244
f 4980//4979 5018//5017 2263//2262 3244//3243
f 5018//5017 3847//3846 2264//2263 2263//2262
f 3248//3247 2259//2258 2262//2261 3238//3237
f 3241//3240 2270//2269 2259//2258 3248//3247
f 2270//2269 2269//2268 2260//2259 2259//2258
f 3250//3249 2256//2255 2258//2257 3251//3250
f 3829//3828 3834//3833 2256//2255 3250//3249
f 3834//3833 3833//3832 2257//2256 2256//2255
f 3253//3252 2252//2251 2255//2254 3254//3253
f 3260//3259 2247//2246 2252//2251 3253//3252
f 2247//2246 2246//2245 2253//2252 2252//2251
f 3257//3256 2248//2247 2251//2250 3251//3250
f 3254//3253 2255//2254 2248//2247 3257//3256
f 2255//2254 2254//2253 2249//2248 2248//2247
f 3259//3258 2244//2243 2247//2246 3260//3259
f 4982//4981 4984//4983 2244//2243 3259//3258
f 4984//4983 4911//4910 2245//2244 2244//2243
f 3263//3262 2241//2240 2243//2242 3264//3263
f 3821//3820 3826//3825 2241//2240 3263//3262
f 3826//3825 3825//3824 2242//2241 2241//2240
f 3266//3265 2237//2236 2240//2239 3267//3266
f 4985//4984 4987//4986 2237//2236 3266//3265
f 4987//4986 4231//4230 2238//2237 2237//2236
f 3270//3269 2233//2232 2236//2235 3271//3270
f 3267//3266 2240//2239 2233//2232 3270//3269
f 2240//2239 2239//2238 2234//2233 2233//2232
f 3274//3273 2229//2228 2232//2231 3264//3263
f 3271//3270 2236//2235 2229//2228 3274//3273
f 2236//2235 2235//2234 2230//2229 2229//2228
f 3276//3275 2225//2224 2228//2227 3277//3276
f 4988//4987 4990//4989 2225//2224 3276//3275
f 4990//4989 4353//4352 2226//2225 2225//2224
f 3280//3279 2221//2220 2224//2223 3281//3280
f 3277//3276 2228//2227 2221//2220 3280//3279
f 2228//2227 2227//2226 2222//2221 2221//2220
f 3284//3283 2217//2216 2220//2219 3285//3284
f 3281//3280 2224//2223 2217//2216 3284//3283
f 2224//2223 2223//2222 2218//2217 2217//2216
f 2210//2209 2213//2212 2216//2215 2211//2210
f 2187//2186 2192//2191 2213//2212 2210//2209
f 2192//2191 2191//2190 2214//2213 2213//2212
f 2206//2205 2209//2208 2212//2211 2207//2206
f 2183//2182 2188//2187 2209//2208 2206//2205
f 2188//2187 2187//2186 2210//2209 2209//2208
f 2168//2167 2205//2204 2208//2207 2163//2162
f 2167//2166 2184//2183 2205//2204 2168//2167
f 2184//2183 2183//2182 2206//2205 2205//2204
f 2198//2197 2201//2200 2204//2203 2199//2198
f 2211//2210 2216//2215 2201//2200 2198//2197
f 2216//2215 2215//2214 2202//2201 2201//2200
f 2194//2193 2197//2196 2200//2199 2195//2194
f 2207//2206 2212//2211 2197//2196 2194//2193
f 2212//2211 2211//2210 2198//2197 2197//2196
f 2164//2163 2193//2192 2196//2195 2119//2118
f 2163//2162 2208//2207 2193//2192 2164//2163
f 2208//2207 2207//2206 2194//2193 2193//2192
f 2186//2185 2189//2188 2192//2191 2187//2186
f 4031//4030 4036//4035 2189//2188 2186//2185
f 4036//4035 4035//4034 2190//2189 2189//2188
f 2182//2181 2185//2184 2188//2187 2183//2182
f 4027//4026 4032//4031 2185//2184 2182//2181
f 4032//4031 4031//4030 2186//2185 2185//2184
f 2160//2159 2181//2180 2184//2183 2167//2166
f 2159//2158 4028//4027 2181//2180 2160//2159
f 4028//4027 4027//4026 2182//2181 2181//2180
f 4164//4163 2177//2176 2180//2179 4165//4164
f 4161//4160 4040//4039 2177//2176 4164//4163
f 4040//4039 4039//4038 2178//2177 2177//2176
f 4168//4167 2173//2172 2176//2175 4169//4168
f 4173//4172 2172//2171 2173//2172 4168//4167
f 2172//2171 2171//2170 2174//2173 2173//2172
f 4172//4171 2169//2168 2172//2171 4173//4172
f 4165//4164 2180//2179 2169//2168 4172//4171
f 2180//2179 2179//2178 2170//2169 2169//2168
f 2162//2161 2165//2164 2168//2167 2163//2162
f 2993//2992 2990//2989 2165//2164 2162//2161
f 2990//2989 2989//2988 2166//2165 2165//2164
f 2118//2117 2161//2160 2164//2163 2119//2118
f 3005//3004 2994//2993 2161//2160 2118//2117
f 2994//2993 2993//2992 2162//2161 2161//2160
f 2166//2165 2157//2156 2160//2159 2167//2166
f 2989//2988 2998//2997 2157//2156 2166//2165
f 2998//2997 2997//2996 2158//2157 2157//2156
f 2150//2149 2153//2152 2156//2155 2151//2150
f 2277//2276 2274//2273 2153//2152 2150//2149
f 2274//2273 2273//2272 2154//2153 2153//2152
f 2146//2145 2149//2148 2152//2151 2147//2146
f 2281//2280 2278//2277 2149//2148 2146//2145
f 2278//2277 2277//2276 2150//2149 2149//2148
f 2290//2289 2145//2144 2148//2147 2055//2054
f 2289//2288 2282//2281 2145//2144 2290//2289
f 2282//2281 2281//2280 2146//2145 2145//2144
f 2138//2137 2141//2140 2144//2143 2139//2138
f 4962//4961 4965//4964 2141//2140 2138//2137
f 4965//4964 4964//4963 2142//2141 2141//2140
f 2134//2133 2137//2136 2140//2139 2135//2134
f 4960//4959 4963//4962 2137//2136 2134//2133
f 4963//4962 4962//4961 2138//2137 2137//2136
f 2112//2111 2133//2132 2136//2135 2115//2114
f 2111//2110 4961//4960 2133//2132 2112//2111
f 4961//4960 4960//4959 2134//2133 2133//2132
f 2142//2141 2129//2128 2132//2131 2143//2142
f 4964//4963 4967//4966 2129//2128 2142//2141
f 4967//4966 4190//4189 2130//2129 2129//2128
f 2154//2153 2125//2124 2128//2127 2155//2154
f 2273//2272 2286//2285 2125//2124 2154//2153
f 2286//2285 2285//2284 2126//2125 2125//2124
f 2110//2109 2121//2120 2124//2123 2111//2110
f 3013//3012 3002//3001 2121//2120 2110//2109
f 3002//3001 3001//3000 2122//2121 2121//2120
f 2122//2121 2117//2116 2120//2119 2123//2122
f 3001//3000 3006//3005 2117//2116 2122//2121
f 3006//3005 3005//3004 2118//2117 2117//2116
f 2288//2287 2113//2112 2116//2115 2289//2288
f 2985//2984 3010//3009 2113//2112 2288//2287
f 3010//3009 3009//3008 2114//2113 2113//2112
f 2114//2113 2109//2108 2112//2111 2115//2114
f 3009//3008 3014//3013 2109//2108 2114//2113
f 3014//3013 3013//3012 2110//2109 2109//2108
f 2102//2101 2105//2104 2108//2107 2103//2102
f 4129//4128 4128//4127 2105//2104 2102//2101
f 4128//4127 4140//4139 2106//2105 2105//2104
f 2098//2097 2101//2100 2104//2103 2099//2098
f 4133//4132 4132//4131 2101//2100 2098//2097
f 4132//4131 4129//4128 2102//2101 2101//2100
f 2052//2051 2097//2096 2100//2099 1911//1910
f 2051//2050 4136//4135 2097//2096 2052//2051
f 4136//4135 4133//4132 2098//2097 2097//2096
f 2090//2089 2093//2092 2096//2095 2091//2090
f 2079//2078 2084//2083 2093//2092 2090//2089
f 2084//2083 2083//2082 2094//2093 2093//2092
f 2086//2085 2089//2088 2092//2091 2087//2086
f 2075//2074 2080//2079 2089//2088 2086//2085
f 2080//2079 2079//2078 2090//2089 2089//2088
f 4999//4998 2085//2084 2088//2087 4270//4269
f 4998//4997 2076//2075 2085//2084 4999//4998
f 2076//2075 2075//2074 2086//2085 2085//2084
f 2078//2077 2081//2080 2084//2083 2079//2078
f 2103//2102 2108//2107 2081//2080 2078//2077
f 2108//2107 2107//2106 2082//2081 2081//2080
f 2074//2073 2077//2076 2080//2079 2075//2074
f 2099//2098 2104//2103 2077//2076 2074//2073
f 2104//2103 2103//2102 2078//2077 2077//2076
f 1912//1911 2073//2072 2076//2075 4998//4997
f 1911//1910 2100//2099 2073//2072 1912//1911
f 2100//2099 2099//2098 2074//2073 2073//2072
f 2082//2081 2069//2068 2072//2071 2083//2082
f 2107//2106 2064//2063 2069//2068 2082//2081
f 2064//2063 2063//2062 2070//2069 2069//2068
f 2094//2093 2065//2064 2068//2067 2095//2094
f 2083//2082 2072//2071 2065//2064 2094//2093
f 2072//2071 2071//2070 2066//2065 2065//2064
f 2106//2105 2061//2060 2064//2063 2107//2106
f 4140//4139 4139//4138 2061//2060 2106//2105
f 4139//4138 4968//4967 2062//2061 2061//2060
f 2050//2049 2057//2056 2060//2059 2051//2050
f 3025//3024 3018//3017 2057//2056 2050//2049
f 3018//3017 3017//3016 2058//2057 2057//2056
f 2058//2057 2053//2052 2056//2055 2059//2058
f 3017//3016 3022//3021 2053//2052 2058//2057
f 3022//3021 3021//3020 2054//2053 2053//2052
f 1910//1909 2049//2048 2052//2051 1911//1910
f 3069//3068 3026//3025 2049//2048 1910//1909
f 3026//3025 3025//3024 2050//2049 2049//2048
f 2042//2041 2045//2044 2048//2047 2043//2042
f 2031//2030 2036//2035 2045//2044 2042//2041
f 2036//2035 2035//2034 2046//2045 2045//2044
f 2038//2037 2041//2040 2044//2043 2039//2038
f 2027//2026 2032//2031 2041//2040 2038//2037
f 2032//2031 2031//2030 2042//2041 2041//2040
f 5000//4999 2037//2036 2040//2039 4295//4294
f 4996//4995 2028//2027 2037//2036 5000//4999
f 2028//2027 2027//2026 2038//2037 2037//2036
f 2030//2029 2033//2032 2036//2035 2031//2030
f 2019//2018 2024//2023 2033//2032 2030//2029
f 2024//2023 2023//2022 2034//2033 2033//2032
f 2026//2025 2029//2028 2032//2031 2027//2026
f 2015//2014 2020//2019 2029//2028 2026//2025
f 2020//2019 2019//2018 2030//2029 2029//2028
f 4995//4994 2025//2024 2028//2027 4996//4995
f 4994//4993 2016//2015 2025//2024 4995//4994
f 2016//2015 2015//2014 2026//2025 2025//2024
f 2018//2017 2021//2020 2024//2023 2019//2018
f 4282//4281 4281//4280 2021//2020 2018//2017
f 4281//4280 4287//4286 2022//2021 2021//2020
f 2014//2013 2017//2016 2020//2019 2015//2014
f 4278//4277 4277//4276 2017//2016 2014//2013
f 4277//4276 4282//4281 2018//2017 2017//2016
f 4993//4992 2013//2012 2016//2015 4994//4993
f 4274//4273 4273//4272 2013//2012 4993//4992
f 4273//4272 4278//4277 2014//2013 2013//2012
f 2022//2021 2009//2008 2012//2011 2023//2022
f 4287//4286 4286//4285 2009//2008 2022//2021
f 4286//4285 4285//4284 2010//2009 2009//2008
f 2034//2033 2005//2004 2008//2007 2035//2034
f 2023//2022 2012//2011 2005//2004 2034//2033
f 2012//2011 2011//2010 2006//2005 2005//2004
f 2046//2045 2001//2000 2004//2003 2047//2046
f 2035//2034 2008//2007 2001//2000 2046//2045
f 2008//2007 2007//2006 2002//2001 2001//2000
f 1994//1993 1997//1996 2000//1999 1995//1994
f 1983//1982 1988//1987 1997//1996 1994//1993
f 1988//1987 1987//1986 1998//1997 1997//1996
f 1990//1989 1993//1992 1996//1995 1991//1990
f 1979//1978 1984//1983 1993//1992 1990//1989
f 1984//1983 1983//1982 1994//1993 1993//1992
f 5005//5004 1989//1988 1992//1991 4851//4850
f 5004//5003 1980//1979 1989//1988 5005//5004
f 1980//1979 1979//1978 1990//1989 1989//1988
f 1982//1981 1985//1984 1988//1987 1983//1982
f 1971//1970 1976//1975 1985//1984 1982//1981
f 1976//1975 1975//1974 1986//1985 1985//1984
f 1978//1977 1981//1980 1984//1983 1979//1978
f 1967//1966 1972//1971 1981//1980 1978//1977
f 1972//1971 1971//1970 1982//1981 1981//1980
f 5003//5002 1977//1976 1980//1979 5004//5003
f 5002//5001 1968//1967 1977//1976 5003//5002
f 1968//1967 1967//1966 1978//1977 1977//1976
f 1970//1969 1973//1972 1976//1975 1971//1970
f 4311//4310 4310//4309 1973//1972 1970//1969
f 4310//4309 4324//4323 1974//1973 1973//1972
f 1966//1965 1969//1968 1972//1971 1967//1966
f 4307//4306 4306//4305 1969//1968 1966//1965
f 4306//4305 4311//4310 1970//1969 1969//1968
f 5001//5000 1965//1964 1968//1967 5002//5001
f 4303//4302 4302//4301 1965//1964 5001//5000
f 4302//4301 4307//4306 1966//1965 1965//1964
f 1974//1973 1961//1960 1964//1963 1975//1974
f 4324//4323 4323//4322 1961//1960 1974//1973
f 4323//4322 4322//4321 1962//1961 1961//1960
f 1986//1985 1957//1956 1960//1959 1987//1986
f 1975//1974 1964//1963 1957//1956 1986//1985
f 1964//1963 1963//1962 1958//1957 1957//1956
f 1998//1997 1953//1952 1956//1955 1999//1998
f 1987//1986 1960//1959 1953//1952 1998//1997
f 1960//1959 1959//1958 1954//1953 1953//1952
f 1946//1945 1949//1948 1952//1951 1947//1946
f 3033//3032 3030//3029 1949//1948 1946//1945
f 3030//3029 3029//3028 1950//1949 1949//1948
f 1942//1941 1945//1944 1948//1947 1943//1942
f 3037//3036 3034//3033 1945//1944 1942//1941
f 3034//3033 3033//3032 1946//1945 1945//1944
f 1938//1937 1941//1940 1944//1943 1939//1938
f 3041//3040 3038//3037 1941//1940 1938//1937
f 3038//3037 3037//3036 1942//1941 1941//1940
f 1934//1933 1937//1936 1940//1939 1935//1934
f 3045//3044 3042//3041 1937//1936 1934//1933
f 3042//3041 3041//3040 1938//1937 1937//1936
f 1930//1929 1933//1932 1936//1935 1931//1930
f 3049//3048 3046//3045 1933//1932 1930//1929
f 3046//3045 3045//3044 1934//1933 1933//1932
f 1922//1921 1929//1928 1932//1931 1923//1922
f 3057//3056 3050//3049 1929//1928 1922//1921
f 3050//3049 3049//3048 1930//1929 1929//1928
f 4991//4990 1925//1924 1928//1927 3905//3904
f 4992//4991 3054//3053 1925//1924 4991//4990
f 3054//3053 3053//3052 1926//1925 1925//1924
f 1918//1917 1921//1920 1924//1923 1919//1918
f 3061//3060 3058//3057 1921//1920 1918//1917
f 3058//3057 3057//3056 1922//1921 1921//1920
f 1914//1913 1917//1916 1920//1919 1915//1914
f 3065//3064 3062//3061 1917//1916 1914//1913
f 3062//3061 3061//3060 1918//1917 1917//1916
f 1926//1925 1913//1912 1916//1915 1927//1926
f 3053//3052 3066//3065 1913//1912 1926//1925
f 3066//3065 3065//3064 1914//1913 1913//1912
f 4997//4996 1909//1908 1912//1911 4998//4997
f 4992//4991 3070//3069 1909//1908 4997//4996
f 3070//3069 3069//3068 1910//1909 1909//1908
f 1854//1853 1905//1904 1908//1907 1855//1854
f 1819//1818 1796//1795 1905//1904 1854//1853
f 1796//1795 1795//1794 1906//1905 1905//1904
f 1890//1889 1901//1900 1904//1903 1891//1890
f 1779//1778 1792//1791 1901//1900 1890//1889
f 1792//1791 1791//1790 1902//1901 1901//1900
f 1894//1893 1897//1896 1900//1899 1895//1894
f 1783//1782 1788//1787 1897//1896 1894//1893
f 1788//1787 1787//1786 1898//1897 1897//1896
f 1870//1869 1893//1892 1896//1895 1871//1870
f 1759//1758 1784//1783 1893//1892 1870//1869
f 1784//1783 1783//1782 1894//1893 1893//1892
f 1878//1877 1889//1888 1892//1891 1879//1878
f 1767//1766 1780//1779 1889//1888 1878//1877
f 1780//1779 1779//1778 1890//1889 1889//1888
f 1874//1873 1885//1884 1888//1887 1875//1874
f 1763//1762 1776//1775 1885//1884 1874//1873
f 1776//1775 1775//1774 1886//1885 1885//1884
f 1866//1865 1881//1880 1884//1883 1867//1866
f 1831//1830 1772//1771 1881//1880 1866//1865
f 1772//1771 1771//1770 1882//1881 1881//1880
f 4852//4851 1877//1876 1880//1879 4022//4021
f 4853//4852 1768//1767 1877//1876 4852//4851
f 1768//1767 1767//1766 1878//1877 1877//1876
f 1862//1861 1873//1872 1876//1875 1863//1862
f 1827//1826 1764//1763 1873//1872 1862//1861
f 1764//1763 1763//1762 1874//1873 1873//1872
f 1858//1857 1869//1868 1872//1871 1859//1858
f 1823//1822 1760//1759 1869//1868 1858//1857
f 1760//1759 1759//1758 1870//1869 1869//1868
f 1846//1845 1865//1864 1868//1867 1847//1846
f 1811//1810 1832//1831 1865//1864 1846//1845
f 1832//1831 1831//1830 1866//1865 1865//1864
f 1850//1849 1861//1860 1864//1863 1851//1850
f 1815//1814 1828//1827 1861//1860 1850//1849
f 1828//1827 1827//1826 1862//1861 1861//1860
f 1882//1881 1857//1856 1860//1859 1883//1882
f 1771//1770 1824//1823 1857//1856 1882//1881
f 1824//1823 1823//1822 1858//1857 1857//1856
f 1902//1901 1853//1852 1856//1855 1903//1902
f 1791//1790 1820//1819 1853//1852 1902//1901
f 1820//1819 1819//1818 1854//1853 1853//1852
f 1842//1841 1849//1848 1852//1851 1843//1842
f 1807//1806 1816//1815 1849//1848 1842//1841
f 1816//1815 1815//1814 1850//1849 1849//1848
f 1838//1837 1845//1844 1848//1847 1839//1838
f 1803//1802 1812//1811 1845//1844 1838//1837
f 1812//1811 1811//1810 1846//1845 1845//1844
f 1834//1833 1841//1840 1844//1843 1835//1834
f 1799//1798 1808//1807 1841//1840 1834//1833
f 1808//1807 1807//1806 1842//1841 1841//1840
f 1906//1905 1837//1836 1840//1839 1907//1906
f 1795//1794 1804//1803 1837//1836 1906//1905
f 1804//1803 1803//1802 1838//1837 1837//1836
f 1898//1897 1833//1832 1836//1835 1899//1898
f 1787//1786 1800//1799 1833//1832 1898//1897
f 1800//1799 1799//1798 1834//1833 1833//1832
f 1810//1809 1829//1828 1832//1831 1811//1810
f 1635//1634 1656//1655 1829//1828 1810//1809
f 1656//1655 1655//1654 1830//1829 1829//1828
f 1814//1813 1825//1824 1828//1827 1815//1814
f 1639//1638 1652//1651 1825//1824 1814//1813
f 1652//1651 1651//1650 1826//1825 1825//1824
f 1770//1769 1821//1820 1824//1823 1771//1770
f 1671//1670 1648//1647 1821//1820 1770//1769
f 1648//1647 1647//1646 1822//1821 1821//1820
f 1790//1789 1817//1816 1820//1819 1791//1790
f 1615//1614 1644//1643 1817//1816 1790//1789
f 1644//1643 1643//1642 1818//1817 1817//1816
f 1806//1805 1813//1812 1816//1815 1807//1806
f 1631//1630 1640//1639 1813//1812 1806//1805
f 1640//1639 1639//1638 1814//1813 1813//1812
f 1802//1801 1809//1808 1812//1811 1803//1802
f 1627//1626 1636//1635 1809//1808 1802//1801
f 1636//1635 1635//1634 1810//1809 1809//1808
f 1798//1797 1805//1804 1808//1807 1799//1798
f 1623//1622 1632//1631 1805//1804 1798//1797
f 1632//1631 1631//1630 1806//1805 1805//1804
f 1794//1793 1801//1800 1804//1803 1795//1794
f 1619//1618 1628//1627 1801//1800 1794//1793
f 1628//1627 1627//1626 1802//1801 1801//1800
f 1786//1785 1797//1796 1800//1799 1787//1786
f 1611//1610 1624//1623 1797//1796 1786//1785
f 1624//1623 1623//1622 1798//1797 1797//1796
f 1818//1817 1793//1792 1796//1795 1819//1818
f 1643//1642 1620//1619 1793//1792 1818//1817
f 1620//1619 1619//1618 1794//1793 1793//1792
f 1778//1777 1789//1788 1792//1791 1779//1778
f 1679//1678 1616//1615 1789//1788 1778//1777
f 1616//1615 1615//1614 1790//1789 1789//1788
f 1782//1781 1785//1784 1788//1787 1783//1782
f 1607//1606 1612//1611 1785//1784 1782//1781
f 1612//1611 1611//1610 1786//1785 1785//1784
f 1758//1757 1781//1780 1784//1783 1759//1758
f 1659//1658 1608//1607 1781//1780 1758//1757
f 1608//1607 1607//1606 1782//1781 1781//1780
f 1766//1765 1777//1776 1780//1779 1767//1766
f 1667//1666 1680//1679 1777//1776 1766//1765
f 1680//1679 1679//1678 1778//1777 1777//1776
f 1762//1761 1773//1772 1776//1775 1763//1762
f 1663//1662 1676//1675 1773//1772 1762//1761
f 1676//1675 1675//1674 1774//1773 1773//1772
f 1830//1829 1769//1768 1772//1771 1831//1830
f 1655//1654 1672//1671 1769//1768 1830//1829
f 1672//1671 1671//1670 1770//1769 1769//1768
f 4902//4901 1765//1764 1768//1767 4853//4852
f 4901//4900 1668//1667 1765//1764 4902//4901
f 1668//1667 1667//1666 1766//1765 1765//1764
f 1826//1825 1761//1760 1764//1763 1827//1826
f 1651//1650 1664//1663 1761//1760 1826//1825
f 1664//1663 1663//1662 1762//1761 1761//1760
f 1822//1821 1757//1756 1760//1759 1823//1822
f 1647//1646 1660//1659 1757//1756 1822//1821
f 1660//1659 1659//1658 1758//1757 1757//1756
f 1702//1701 1753//1752 1756//1755 1703//1702
f 1547//1546 1572//1571 1753//1752 1702//1701
f 1572//1571 1571//1570 1754//1753 1753//1752
f 1754//1753 1749//1748 1752//1751 1755//1754
f 1571//1570 1576//1575 1749//1748 1754//1753
f 1576//1575 1575//1574 1750//1749 1749//1748
f 1682//1681 1745//1744 1748//1747 1683//1682
f 1567//1566 1580//1579 1745//1744 1682//1681
f 1580//1579 1579//1578 1746//1745 1745//1744
f 1718//1717 1741//1740 1744//1743 1719//1718
f 1531//1530 1584//1583 1741//1740 1718//1717
f 1584//1583 1583//1582 1742//1741 1741//1740
f 1750//1749 1737//1736 1740//1739 1751//1750
f 1575//1574 1588//1587 1737//1736 1750//1749
f 1588//1587 1587//1586 1738//1737 1737//1736
f 1742//1741 1733//1732 1736//1735 1743//1742
f 1583//1582 1592//1591 1733//1732 1742//1741
f 1592//1591 1591//1590 1734//1733 1733//1732
f 1738//1737 1729//1728 1732//1731 1739//1738
f 1587//1586 1596//1595 1729//1728 1738//1737
f 1596//1595 1595//1594 1730//1729 1729//1728
f 1734//1733 1725//1724 1728//1727 1735//1734
f 1591//1590 1600//1599 1725//1724 1734//1733
f 1600//1599 1599//1598 1726//1725 1725//1724
f 1730//1729 1721//1720 1724//1723 1731//1730
f 1595//1594 1604//1603 1721//1720 1730//1729
f 1604//1603 1603//1602 1722//1721 1721//1720
f 1746//1745 1717//1716 1720//1719 1747//1746
f 1579//1578 1532//1531 1717//1716 1746//1745
f 1532//1531 1531//1530 1718//1717 1717//1716
f 1690//1689 1713//1712 1716//1715 1691//1690
f 1559//1558 1536//1535 1713//1712 1690//1689
f 1536//1535 1535//1534 1714//1713 1713//1712
f 1722//1721 1709//1708 1712//1711 1723//1722
f 1603//1602 1540//1539 1709//1708 1722//1721
f 1540//1539 1539//1538 1710//1709 1709//1708
f 1726//1725 1705//1704 1708//1707 1727//1726
f 1599//1598 1544//1543 1705//1704 1726//1725
f 1544//1543 1543//1542 1706//1705 1705//1704
f 1714//1713 1701//1700 1704//1703 1715//1714
f 1535//1534 1548//1547 1701//1700 1714//1713
f 1548//1547 1547//1546 1702//1701 1701//1700
f 1710//1709 1697//1696 1700//1699 1711//1710
f 1539//1538 1552//1551 1697//1696 1710//1709
f 1552//1551 1551//1550 1698//1697 1697//1696
f 4898//4897 1693//1692 1696//1695 4899//4898
f 4897//4896 1556//1555 1693//1692 4898//4897
f 1556//1555 1555//1554 1694//1693 1693//1692
f 1706//1705 1689//1688 1692//1691 1707//1706
f 1543//1542 1560//1559 1689//1688 1706//1705
f 1560//1559 1559//1558 1690//1689 1689//1688
f 1698//1697 1685//1684 1688//1687 1699//1698
f 1551//1550 1564//1563 1685//1684 1698//1697
f 1564//1563 1563//1562 1686//1685 1685//1684
f 1694//1693 1681//1680 1684//1683 1695//1694
f 1555//1554 1568//1567 1681//1680 1694//1693
f 1568//1567 1567//1566 1682//1681 1681//1680
f 1666//1665 1677//1676 1680//1679 1667//1666
f 1695//1694 1684//1683 1677//1676 1666//1665
f 1684//1683 1683//1682 1678//1677 1677//1676
f 1662//1661 1673//1672 1676//1675 1663//1662
f 1699//1698 1688//1687 1673//1672 1662//1661
f 1688//1687 1687//1686 1674//1673 1673//1672
f 1654//1653 1669//1668 1672//1671 1655//1654
f 1707//1706 1692//1691 1669//1668 1654//1653
f 1692//1691 1691//1690 1670//1669 1669//1668
f 4900//4899 1665//1664 1668//1667 4901//4900
f 4899//4898 1696//1695 1665//1664 4900//4899
f 1696//1695 1695//1694 1666//1665 1665//1664
f 1650//1649 1661//1660 1664//1663 1651//1650
f 1711//1710 1700//1699 1661//1660 1650//1649
f 1700//1699 1699//1698 1662//1661 1661//1660
f 1646//1645 1657//1656 1660//1659 1647//1646
f 1715//1714 1704//1703 1657//1656 1646//1645
f 1704//1703 1703//1702 1658//1657 1657//1656
f 1634//1633 1653//1652 1656//1655 1635//1634
f 1727//1726 1708//1707 1653//1652 1634//1633
f 1708//1707 1707//1706 1654//1653 1653//1652
f 1638//1637 1649//1648 1652//1651 1639//1638
f 1723//1722 1712//1711 1649//1648 1638//1637
f 1712//1711 1711//1710 1650//1649 1649//1648
f 1670//1669 1645//1644 1648//1647 1671//1670
f 1691//1690 1716//1715 1645//1644 1670//1669
f 1716//1715 1715//1714 1646//1645 1645//1644
f 1614//1613 1641//1640 1644//1643 1615//1614
f 1747//1746 1720//1719 1641//1640 1614//1613
f 1720//1719 1719//1718 1642//1641 1641//1640
f 1630//1629 1637//1636 1640//1639 1631//1630
f 1731//1730 1724//1723 1637//1636 1630//1629
f 1724//1723 1723//1722 1638//1637 1637//1636
f 1626//1625 1633//1632 1636//1635 1627//1626
f 1735//1734 1728//1727 1633//1632 1626//1625
f 1728//1727 1727//1726 1634//1633 1633//1632
f 1622//1621 1629//1628 1632//1631 1623//1622
f 1739//1738 1732//1731 1629//1628 1622//1621
f 1732//1731 1731//1730 1630//1629 1629//1628
f 1618//1617 1625//1624 1628//1627 1619//1618
f 1743//1742 1736//1735 1625//1624 1618//1617
f 1736//1735 1735//1734 1626//1625 1625//1624
f 1610//1609 1621//1620 1624//1623 1611//1610
f 1751//1750 1740//1739 1621//1620 1610//1609
f 1740//1739 1739//1738 1622//1621 1621//1620
f 1642//1641 1617//1616 1620//1619 1643//1642
f 1719//1718 1744//1743 1617//1616 1642//1641
f 1744//1743 1743//1742 1618//1617 1617//1616
f 1678//1677 1613//1612 1616//1615 1679//1678
f 1683//1682 1748//1747 1613//1612 1678//1677
f 1748//1747 1747//1746 1614//1613 1613//1612
f 1606//1605 1609//1608 1612//1611 1607//1606
f 1755//1754 1752//1751 1609//1608 1606//1605
f 1752//1751 1751//1750 1610//1609 1609//1608
f 1658//1657 1605//1604 1608//1607 1659//1658
f 1703//1702 1756//1755 1605//1604 1658//1657
f 1756//1755 1755//1754 1606//1605 1605//1604
f 1594//1593 1601//1600 1604//1603 1595//1594
f 1431//1430 1440//1439 1601//1600 1594//1593
f 1440//1439 1439//1438 1602//1601 1601//1600
f 1590//1589 1597//1596 1600//1599 1591//1590
f 1427//1426 1436//1435 1597//1596 1590//1589
f 1436//1435 1435//1434 1598//1597 1597//1596
f 1586//1585 1593//1592 1596//1595 1587//1586
f 1423//1422 1432//1431 1593//1592 1586//1585
f 1432//1431 1431//1430 1594//1593 1593//1592
f 1582//1581 1589//1588 1592//1591 1583//1582
f 1419//1418 1428//1427 1589//1588 1582//1581
f 1428//1427 1427//1426 1590//1589 1589//1588
f 1574//1573 1585//1584 1588//1587 1575//1574
f 1411//1410 1424//1423 1585//1584 1574//1573
f 1424//1423 1423//1422 1586//1585 1585//1584
f 1530//1529 1581//1580 1584//1583 1531//1530
f 1443//1442 1420//1419 1581//1580 1530//1529
f 1420//1419 1419//1418 1582//1581 1581//1580
f 1566//1565 1577//1576 1580//1579 1567//1566
f 1403//1402 1416//1415 1577//1576 1566//1565
f 1416//1415 1415//1414 1578//1577 1577//1576
f 1570//1569 1573//1572 1576//1575 1571//1570
f 1407//1406 1412//1411 1573//1572 1570//1569
f 1412//1411 1411//1410 1574//1573 1573//1572
f 1546//1545 1569//1568 1572//1571 1547//1546
f 1383//1382 1408//1407 1569//1568 1546//1545
f 1408//1407 1407//1406 1570//1569 1569//1568
f 1554//1553 1565//1564 1568//1567 1555//1554
f 1391//1390 1404//1403 1565//1564 1554//1553
f 1404//1403 1403//1402 1566//1565 1565//1564
f 1550//1549 1561//1560 1564//1563 1551//1550
f 1387//1386 1400//1399 1561//1560 1550//1549
f 1400//1399 1399//1398 1562//1561 1561//1560
f 1542//1541 1557//1556 1560//1559 1543//1542
f 1379//1378 1396//1395 1557//1556 1542//1541
f 1396//1395 1395//1394 1558//1557 1557//1556
f 4896//4895 1553//1552 1556//1555 4897//4896
f 4895//4894 1392//1391 1553//1552 4896//4895
f 1392//1391 1391//1390 1554//1553 1553//1552
f 1538//1537 1549//1548 1552//1551 1539//1538
f 1451//1450 1388//1387 1549//1548 1538//1537
f 1388//1387 1387//1386 1550//1549 1549//1548
f 1534//1533 1545//1544 1548//1547 1535//1534
f 1447//1446 1384//1383 1545//1544 1534//1533
f 1384//1383 1383//1382 1546//1545 1545//1544
f 1598//1597 1541//1540 1544//1543 1599//1598
f 1435//1434 1380//1379 1541//1540 1598//1597
f 1380//1379 1379//1378 1542//1541 1541//1540
f 1602//1601 1537//1536 1540//1539 1603//1602
f 1439//1438 1452//1451 1537//1536 1602//1601
f 1452//1451 1451//1450 1538//1537 1537//1536
f 1558//1557 1533//1532 1536//1535 1559//1558
f 1395//1394 1448//1447 1533//1532 1558//1557
f 1448//1447 1447//1446 1534//1533 1533//1532
f 1578//1577 1529//1528 1532//1531 1579//1578
f 1415//1414 1444//1443 1529//1528 1578//1577
f 1444//1443 1443//1442 1530//1529 1529//1528
f 1470//1469 1525//1524 1528//1527 1471//1470
f 1039//1038 1060//1059 1525//1524 1470//1469
f 1060//1059 1059//1058 1526//1525 1525//1524
f 1458//1457 1521//1520 1524//1523 1459//1458
f 1051//1050 1064//1063 1521//1520 1458//1457
f 1064//1063 1063//1062 1522//1521 1521//1520
f 1454//1453 1517//1516 1520//1519 1455//1454
f 1055//1054 1068//1067 1517//1516 1454//1453
f 1068//1067 1067//1066 1518//1517 1517//1516
f 4892//4891 1513//1512 1516//1515 4893//4892
f 4891//4890 1072//1071 1513//1512 4892//4891
f 1072//1071 1071//1070 1514//1513 1513//1512
f 1526//1525 1509//1508 1512//1511 1527//1526
f 1059//1058 1000//999 1509//1508 1526//1525
f 1000//999 999//998 1510//1509 1509//1508
f 1518//1517 1505//1504 1508//1507 1519//1518
f 1067//1066 1004//1003 1505//1504 1518//1517
f 1004//1003 1003//1002 1506//1505 1505//1504
f 1514//1513 1501//1500 1504//1503 1515//1514
f 1071//1070 1008//1007 1501//1500 1514//1513
f 1008//1007 1007//1006 1502//1501 1501//1500
f 1522//1521 1497//1496 1500//1499 1523//1522
f 1063//1062 1012//1011 1497//1496 1522//1521
f 1012//1011 1011//1010 1498//1497 1497//1496
f 1498//1497 1493//1492 1496//1495 1499//1498
f 1011//1010 1016//1015 1493//1492 1498//1497
f 1016//1015 1015//1014 1494//1493 1493//1492
f 1502//1501 1489//1488 1492//1491 1503//1502
f 1007//1006 1020//1019 1489//1488 1502//1501
f 1020//1019 1019//1018 1490//1489 1489//1488
f 1462//1461 1485//1484 1488//1487 1463//1462
f 1047//1046 1024//1023 1485//1484 1462//1461
f 1024//1023 1023//1022 1486//1485 1485//1484
f 1494//1493 1481//1480 1484//1483 1495//1494
f 1015//1014 1028//1027 1481//1480 1494//1493
f 1028//1027 1027//1026 1482//1481 1481//1480
f 1486//1485 1477//1476 1480//1479 1487//1486
f 1023//1022 1032//1031 1477//1476 1486//1485
f 1032//1031 1031//1030 1478//1477 1477//1476
f 1482//1481 1473//1472 1476//1475 1483//1482
f 1027//1026 1036//1035 1473//1472 1482//1481
f 1036//1035 1035//1034 1474//1473 1473//1472
f 1478//1477 1469//1468 1472//1471 1479//1478
f 1031//1030 1040//1039 1469//1468 1478//1477
f 1040//1039 1039//1038 1470//1469 1469//1468
f 1474//1473 1465//1464 1468//1467 1475//1474
f 1035//1034 1044//1043 1465//1464 1474//1473
f 1044//1043 1043//1042 1466//1465 1465//1464
f 1490//1489 1461//1460 1464//1463 1491//1490
f 1019//1018 1048//1047 1461//1460 1490//1489
f 1048//1047 1047//1046 1462//1461 1461//1460
f 1510//1509 1457//1456 1460//1459 1511//1510
f 999//998 1052//1051 1457//1456 1510//1509
f 1052//1051 1051//1050 1458//1457 1457//1456
f 1466//1465 1453//1452 1456//1455 1467//1466
f 1043//1042 1056//1055 1453//1452 1466//1465
f 1056//1055 1055//1054 1454//1453 1453//1452
f 1438//1437 1449//1448 1452//1451 1439//1438
f 1467//1466 1456//1455 1449//1448 1438//1437
f 1456//1455 1455//1454 1450//1449 1449//1448
f 1394//1393 1445//1444 1448//1447 1395//1394
f 1511//1510 1460//1459 1445//1444 1394//1393
f 1460//1459 1459//1458 1446//1445 1445//1444
f 1414//1413 1441//1440 1444//1443 1415//1414
f 1491//1490 1464//1463 1441//1440 1414//1413
f 1464//1463 1463//1462 1442//1441 1441//1440
f 1430//1429 1437//1436 1440//1439 1431//1430
f 1475//1474 1468//1467 1437//1436 1430//1429
f 1468//1467 1467//1466 1438//1437 1437//1436
f 1426//1425 1433//1432 1436//1435 1427//1426
f 1479//1478 1472//1471 1433//1432 1426//1425
f 1472//1471 1471//1470 1434//1433 1433//1432
f 1422//1421 1429//1428 1432//1431 1423//1422
f 1483//1482 1476//1475 1429//1428 1422//1421
f 1476//1475 1475//1474 1430//1429 1429//1428
f 1418//1417 1425//1424 1428//1427 1419//1418
f 1487//1486 1480//1479 1425//1424 1418//1417
f 1480//1479 1479//1478 1426//1425 1425//1424
f 1410//1409 1421//1420 1424//1423 1411//1410
f 1495//1494 1484//1483 1421//1420 1410//1409
f 1484//1483 1483//1482 1422//1421 1421//1420
f 1442//1441 1417//1416 1420//1419 1443//1442
f 1463//1462 1488//1487 1417//1416 1442//1441
f 1488//1487 1487//1486 1418//1417 1417//1416
f 1402//1401 1413//1412 1416//1415 1403//1402
f 1503//1502 1492//1491 1413//1412 1402//1401
f 1492//1491 1491//1490 1414//1413 1413//1412
f 1406//1405 1409//1408 1412//1411 1407//1406
f 1499//1498 1496//1495 1409//1408 1406//1405
f 1496//1495 1495//1494 1410//1409 1409//1408
f 1382//1381 1405//1404 1408//1407 1383//1382
f 1523//1522 1500//1499 1405//1404 1382//1381
f 1500//1499 1499//1498 1406//1405 1405//1404
f 1390//1389 1401//1400 1404//1403 1391//1390
f 1515//1514 1504//1503 1401//1400 1390//1389
f 1504//1503 1503//1502 1402//1401 1401//1400
f 1386//1385 1397//1396 1400//1399 1387//1386
f 1519//1518 1508//1507 1397//1396 1386//1385
f 1508//1507 1507//1506 1398//1397 1397//1396
f 1378//1377 1393//1392 1396//1395 1379//1378
f 1527//1526 1512//1511 1393//1392 1378//1377
f 1512//1511 1511//1510 1394//1393 1393//1392
f 4894//4893 1389//1388 1392//1391 4895//4894
f 4893//4892 1516//1515 1389//1388 4894//4893
f 1516//1515 1515//1514 1390//1389 1389//1388
f 1450//1449 1385//1384 1388//1387 1451//1450
f 1455//1454 1520//1519 1385//1384 1450//1449
f 1520//1519 1519//1518 1386//1385 1385//1384
f 1446//1445 1381//1380 1384//1383 1447//1446
f 1459//1458 1524//1523 1381//1380 1446//1445
f 1524//1523 1523//1522 1382//1381 1381//1380
f 1434//1433 1377//1376 1380//1379 1435//1434
f 1471//1470 1528//1527 1377//1376 1434//1433
f 1528//1527 1527//1526 1378//1377 1377//1376
f 1370//1369 1373//1372 1376//1375 1371//1370
f 51//51 48//48 1373//1372 1370//1369
f 48//48 47//47 1374//1373 1373//1372
f 1366//1365 1369//1368 1372//1371 1367//1366
f 55//55 52//52 1369//1368 1366//1365
f 52//52 51//51 1370//1369 1369//1368
f 5019//5018 1365//1364 1368//1367 5020//5019
f 4321//4320 56//56 1365//1364 5019//5018
f 56//56 55//55 1366//1365 1365//1364
f 1360//1359 1363//1362 1364//1363 1361//1360
f 99//99 96//96 1363//1362 1360//1359
f 96//96 95//95 334//334 1363//1362
f 1356//1355 1359//1358 1362//1361 1357//1356
f 103//103 100//100 1359//1358 1356//1355
f 100//100 99//99 1360//1359 1359//1358
f 5021//5020 1355//1354 1358//1357 5022//5021
f 4284//4283 104//104 1355//1354 5021//5020
f 104//104 103//103 1356//1355 1355//1354
f 5023//5022 1352//1351 1354//1353 5020//5019
f 4357//4356 4929//4928 1352//1351 5023//5022
f 4929//4928 323//323 322//322 1352//1351
f 4969//4968 1348//1347 1351//1350 4970//4969
f 4152//4151 156//156 1348//1347 4969//4968
f 156//156 155//155 1349//1348 1348//1347
f 1343//1342 1346//1345 1347//1346 1344//1343
f 163//163 160//160 1346//1345 1343//1342
f 160//160 159//159 349//349 1346//1345
f 1349//1348 1342//1341 1345//1344 1350//1349
f 155//155 164//164 1342//1341 1349//1348
f 164//164 163//163 1343//1342 1342//1341
f 5024//5023 1339//1338 1341//1340 5022//5021
f 4235//4234 4959//4958 1339//1338 5024//5023
f 4959//4958 342//342 341//341 1339//1338
f 1330//1329 1337//1336 1338//1337 1331//1330
f 377//377 220//220 1337//1336 1330//1329
f 220//220 219//219 384//384 1337//1336
f 5025//5024 1333//1332 1336//1335 5026//5025
f 4966//4965 224//224 1333//1332 5025//5024
f 224//224 223//223 1334//1333 1333//1332
f 1334//1333 1329//1328 1332//1331 1335//1334
f 223//223 378//378 1329//1328 1334//1333
f 378//378 377//377 1330//1329 1329//1328
f 4143//4142 1326//1325 1328//1327 4144//4143
f 4404//4403 4408//4407 1326//1325 4143//4142
f 4408//4407 353//353 352//352 1326//1325
f 1317//1316 1322//1321 1325//1324 1318//1317
f 271//271 264//264 1322//1321 1317//1316
f 264//264 263//263 1323//1322 1322//1321
f 1323//1322 1320//1319 1321//1320 1324//1323
f 263//263 268//268 1320//1319 1323//1322
f 268//268 267//267 399//399 1320//1319
f 4864//4863 1316//1315 1319//1318 4865//4864
f 4863//4862 272//272 1316//1315 4864//4863
f 272//272 271//271 1317//1316 1316//1315
f 5027//5026 1313//1312 1315//1314 5026//5025
f 5028//5027 5029//5028 1313//1312 5027//5026
f 5029//5028 392//392 391//391 1313//1312
f 1242//1241 1309//1308 1312//1311 1243//1242
f 899//898 908//907 1309//1308 1242//1241
f 908//907 907//906 1310//1309 1309//1308
f 1238//1237 1305//1304 1308//1307 1239//1238
f 903//902 912//911 1305//1304 1238//1237
f 912//911 911//910 1306//1305 1305//1304
f 1254//1253 1301//1300 1304//1303 1255//1254
f 887//886 916//915 1301//1300 1254//1253
f 916//915 915//914 1302//1301 1301//1300
f 1274//1273 1297//1296 1300//1299 1275//1274
f 867//866 920//919 1297//1296 1274//1273
f 920//919 919//918 1298//1297 1297//1296
f 1306//1305 1293//1292 1296//1295 1307//1306
f 911//910 848//847 1293//1292 1306//1305
f 848//847 847//846 1294//1293 1293//1292
f 1310//1309 1289//1288 1292//1291 1311//1310
f 907//906 852//851 1289//1288 1310//1309
f 852//851 851//850 1290//1289 1289//1288
f 1298//1297 1285//1284 1288//1287 1299//1298
f 919//918 856//855 1285//1284 1298//1297
f 856//855 855//854 1286//1285 1285//1284
f 1294//1293 1281//1280 1284//1283 1295//1294
f 847//846 860//859 1281//1280 1294//1293
f 860//859 859//858 1282//1281 1281//1280
f 4884//4883 1277//1276 1280//1279 4885//4884
f 4883//4882 864//863 1277//1276 4884//4883
f 864//863 863//862 1278//1277 1277//1276
f 1290//1289 1273//1272 1276//1275 1291//1290
f 851//850 868//867 1273//1272 1290//1289
f 868//867 867//866 1274//1273 1273//1272
f 1282//1281 1269//1268 1272//1271 1283//1282
f 859//858 872//871 1269//1268 1282//1281
f 872//871 871//870 1270//1269 1269//1268
f 1278//1277 1265//1264 1268//1267 1279//1278
f 863//862 876//875 1265//1264 1278//1277
f 876//875 875//874 1266//1265 1265//1264
f 1286//1285 1261//1260 1264//1263 1287//1286
f 855//854 880//879 1261//1260 1286//1285
f 880//879 879//878 1262//1261 1261//1260
f 1262//1261 1257//1256 1260//1259 1263//1262
f 879//878 884//883 1257//1256 1262//1261
f 884//883 883//882 1258//1257 1257//1256
f 1266//1265 1253//1252 1256//1255 1267//1266
f 875//874 888//887 1253//1252 1266//1265
f 888//887 887//886 1254//1253 1253//1252
f 1302//1301 1249//1248 1252//1251 1303//1302
f 915//914 892//891 1249//1248 1302//1301
f 892//891 891//890 1250//1249 1249//1248
f 1258//1257 1245//1244 1248//1247 1259//1258
f 883//882 896//895 1245//1244 1258//1257
f 896//895 895//894 1246//1245 1245//1244
f 1250//1249 1241//1240 1244//1243 1251//1250
f 891//890 900//899 1241//1240 1250//1249
f 900//899 899//898 1242//1241 1241//1240
f 1246//1245 1237//1236 1240//1239 1247//1246
f 895//894 904//903 1237//1236 1246//1245
f 904//903 903//902 1238//1237 1237//1236
f 1174//1173 1233//1232 1236//1235 1175//1174
f 943//942 960//959 1233//1232 1174//1173
f 960//959 959//958 1234//1233 1233//1232
f 1166//1165 1229//1228 1232//1231 1167//1166
f 951//950 964//963 1229//1228 1166//1165
f 964//963 963//962 1230//1229 1229//1228
f 1162//1161 1225//1224 1228//1227 1163//1162
f 955//954 968//967 1225//1224 1162//1161
f 968//967 967//966 1226//1225 1225//1224
f 1170//1169 1221//1220 1224//1223 1171//1170
f 947//946 972//971 1221//1220 1170//1169
f 972//971 971//970 1222//1221 1221//1220
f 1222//1221 1217//1216 1220//1219 1223//1222
f 971//970 976//975 1217//1216 1222//1221
f 976//975 975//974 1218//1217 1217//1216
f 1226//1225 1213//1212 1216//1215 1227//1226
f 967//966 980//979 1213//1212 1226//1225
f 980//979 979//978 1214//1213 1213//1212
f 1186//1185 1209//1208 1212//1211 1187//1186
f 931//930 984//983 1209//1208 1186//1185
f 984//983 983//982 1210//1209 1209//1208
f 1218//1217 1205//1204 1208//1207 1219//1218
f 975//974 988//987 1205//1204 1218//1217
f 988//987 987//986 1206//1205 1205//1204
f 1210//1209 1201//1200 1204//1203 1211//1210
f 983//982 992//991 1201//1200 1210//1209
f 992//991 991//990 1202//1201 1201//1200
f 1206//1205 1197//1196 1200//1199 1207//1206
f 987//986 996//995 1197//1196 1206//1205
f 996//995 995//994 1198//1197 1197//1196
f 1202//1201 1193//1192 1196//1195 1203//1202
f 991//990 924//923 1193//1192 1202//1201
f 924//923 923//922 1194//1193 1193//1192
f 1198//1197 1189//1188 1192//1191 1199//1198
f 995//994 928//927 1189//1188 1198//1197
f 928//927 927//926 1190//1189 1189//1188
f 1214//1213 1185//1184 1188//1187 1215//1214
f 979//978 932//931 1185//1184 1214//1213
f 932//931 931//930 1186//1185 1185//1184
f 1234//1233 1181//1180 1184//1183 1235//1234
f 959//958 936//935 1181//1180 1234//1233
f 936//935 935//934 1182//1181 1181//1180
f 1190//1189 1177//1176 1180//1179 1191//1190
f 927//926 940//939 1177//1176 1190//1189
f 940//939 939//938 1178//1177 1177//1176
f 1194//1193 1173//1172 1176//1175 1195//1194
f 923//922 944//943 1173//1172 1194//1193
f 944//943 943//942 1174//1173 1173//1172
f 1182//1181 1169//1168 1172//1171 1183//1182
f 935//934 948//947 1169//1168 1182//1181
f 948//947 947//946 1170//1169 1169//1168
f 1178//1177 1165//1164 1168//1167 1179//1178
f 939//938 952//951 1165//1164 1178//1177
f 952//951 951//950 1166//1165 1165//1164
f 4888//4887 1161//1160 1164//1163 4889//4888
f 4887//4886 956//955 1161//1160 4888//4887
f 956//955 955//954 1162//1161 1161//1160
f 4849//4848 1157//1156 1160//1159 4848//4847
f 4850//4849 5030//5029 1157//1156 4849//4848
f 5030//5029 5031//5030 1158//1157 1157//1156
f 4949//4948 1153//1152 1156//1155 4948//4947
f 4950//4949 1144//1143 1153//1152 4949//4948
f 1144//1143 1143//1142 1154//1153 1153//1152
f 5032//5031 1149//1148 1152//1151 5033//5032
f 4948//4947 1156//1155 1149//1148 5032//5031
f 1156//1155 1155//1154 1150//1149 1149//1148
f 5034//5033 1145//1144 1148//1147 5035//5034
f 5033//5032 1152//1151 1145//1144 5034//5033
f 1152//1151 1151//1150 1146//1145 1145//1144
f 5036//5035 1141//1140 1144//1143 4950//4949
f 5037//5036 5038//5037 1141//1140 5036//5035
f 5038//5037 5031//5030 1142//1141 1141//1140
f 5039//5038 1137//1136 1140//1139 4933//4932
f 5035//5034 1148//1147 1137//1136 5039//5038
f 1148//1147 1147//1146 1138//1137 1137//1136
f 4942//4941 1133//1132 1136//1135 4941//4940
f 4933//4932 1140//1139 1133//1132 4942//4941
f 1140//1139 1139//1138 1134//1133 1133//1132
f 4940//4939 1129//1128 1132//1131 4939//4938
f 4941//4940 1136//1135 1129//1128 4940//4939
f 1136//1135 1135//1134 1130//1129 1129//1128
f 5040//5039 1125//1124 1128//1127 5041//5040
f 4939//4938 1132//1131 1125//1124 5040//5039
f 1132//1131 1131//1130 1126//1125 1125//1124
f 5042//5041 1121//1120 1124//1123 5043//5042
f 5041//5040 1128//1127 1121//1120 5042//5041
f 1128//1127 1127//1126 1122//1121 1121//1120
f 5044//5043 1117//1116 1120//1119 3931//3930
f 5043//5042 1124//1123 1117//1116 5044//5043
f 1124//1123 1123//1122 1118//1117 1117//1116
f 4847//4846 1113//1112 1116//1115 4846//4845
f 4848//4847 1160//1159 1113//1112 4847//4846
f 1160//1159 1159//1158 1114//1113 1113//1112
f 4843//4842 1109//1108 1112//1111 4842//4841
f 4844//4843 1108//1107 1109//1108 4843//4842
f 1108//1107 1107//1106 1110//1109 1109//1108
f 4845//4844 1105//1104 1108//1107 4844//4843
f 4846//4845 1116//1115 1105//1104 4845//4844
f 1116//1115 1115//1114 1106//1105 1105//1104
f 4837//4836 1101//1100 1104//1103 4836//4835
f 4838//4837 1100//1099 1101//1100 4837//4836
f 1100//1099 1099//1098 1102//1101 1101//1100
f 4839//4838 1097//1096 1100//1099 4838//4837
f 4840//4839 1076//1075 1097//1096 4839//4838
f 1076//1075 1075//1074 1098//1097 1097//1096
f 4833//4832 1093//1092 1096//1095 4832//4831
f 4834//4833 1092//1091 1093//1092 4833//4832
f 1092//1091 1091//1090 1094//1093 1093//1092
f 4835//4834 1089//1088 1092//1091 4834//4833
f 4836//4835 1104//1103 1089//1088 4835//4834
f 1104//1103 1103//1102 1090//1089 1089//1088
f 4827//4826 1085//1084 1088//1087 4824//4823
f 4828//4827 1080//1079 1085//1084 4827//4826
f 1080//1079 1079//1078 1086//1085 1085//1084
f 4831//4830 1081//1080 1084//1083 4830//4829
f 4832//4831 1096//1095 1081//1080 4831//4830
f 1096//1095 1095//1094 1082//1081 1081//1080
f 4829//4828 1077//1076 1080//1079 4828//4827
f 4830//4829 1084//1083 1077//1076 4829//4828
f 1084//1083 1083//1082 1078//1077 1077//1076
f 4841//4840 1073//1072 1076//1075 4840//4839
f 4842//4841 1112//1111 1073//1072 4841//4840
f 1112//1111 1111//1110 1074//1073 1073//1072
f 4890//4889 1069//1068 1072//1071 4891//4890
f 4889//4888 1164//1163 1069//1068 4890//4889
f 1164//1163 1163//1162 1070//1069 1069//1068
f 1054//1053 1065//1064 1068//1067 1055//1054
f 1179//1178 1168//1167 1065//1064 1054//1053
f 1168//1167 1167//1166 1066//1065 1065//1064
f 1050//1049 1061//1060 1064//1063 1051//1050
f 1183//1182 1172//1171 1061//1060 1050//1049
f 1172//1171 1171//1170 1062//1061 1061//1060
f 1038//1037 1057//1056 1060//1059 1039//1038
f 1195//1194 1176//1175 1057//1056 1038//1037
f 1176//1175 1175//1174 1058//1057 1057//1056
f 1042//1041 1053//1052 1056//1055 1043//1042
f 1191//1190 1180//1179 1053//1052 1042//1041
f 1180//1179 1179//1178 1054//1053 1053//1052
f 998//997 1049//1048 1052//1051 999//998
f 1235//1234 1184//1183 1049//1048 998//997
f 1184//1183 1183//1182 1050//1049 1049//1048
f 1018//1017 1045//1044 1048//1047 1019//1018
f 1215//1214 1188//1187 1045//1044 1018//1017
f 1188//1187 1187//1186 1046//1045 1045//1044
f 1034//1033 1041//1040 1044//1043 1035//1034
f 1199//1198 1192//1191 1041//1040 1034//1033
f 1192//1191 1191//1190 1042//1041 1041//1040
f 1030//1029 1037//1036 1040//1039 1031//1030
f 1203//1202 1196//1195 1037//1036 1030//1029
f 1196//1195 1195//1194 1038//1037 1037//1036
f 1026//1025 1033//1032 1036//1035 1027//1026
f 1207//1206 1200//1199 1033//1032 1026//1025
f 1200//1199 1199//1198 1034//1033 1033//1032
f 1022//1021 1029//1028 1032//1031 1023//1022
f 1211//1210 1204//1203 1029//1028 1022//1021
f 1204//1203 1203//1202 1030//1029 1029//1028
f 1014//1013 1025//1024 1028//1027 1015//1014
f 1219//1218 1208//1207 1025//1024 1014//1013
f 1208//1207 1207//1206 1026//1025 1025//1024
f 1046//1045 1021//1020 1024//1023 1047//1046
f 1187//1186 1212//1211 1021//1020 1046//1045
f 1212//1211 1211//1210 1022//1021 1021//1020
f 1006//1005 1017//1016 1020//1019 1007//1006
f 1227//1226 1216//1215 1017//1016 1006//1005
f 1216//1215 1215//1214 1018//1017 1017//1016
f 1010//1009 1013//1012 1016//1015 1011//1010
f 1223//1222 1220//1219 1013//1012 1010//1009
f 1220//1219 1219//1218 1014//1013 1013//1012
f 1062//1061 1009//1008 1012//1011 1063//1062
f 1171//1170 1224//1223 1009//1008 1062//1061
f 1224//1223 1223//1222 1010//1009 1009//1008
f 1070//1069 1005//1004 1008//1007 1071//1070
f 1163//1162 1228//1227 1005//1004 1070//1069
f 1228//1227 1227//1226 1006//1005 1005//1004
f 1066//1065 1001//1000 1004//1003 1067//1066
f 1167//1166 1232//1231 1001//1000 1066//1065
f 1232//1231 1231//1230 1002//1001 1001//1000
f 1058//1057 997//996 1000//999 1059//1058
f 1175//1174 1236//1235 997//996 1058//1057
f 1236//1235 1235//1234 998//997 997//996
f 986//985 993//992 996//995 987//986
f 1247//1246 1240//1239 993//992 986//985
f 1240//1239 1239//1238 994//993 993//992
f 982//981 989//988 992//991 983//982
f 1251//1250 1244//1243 989//988 982//981
f 1244//1243 1243//1242 990//989 989//988
f 974//973 985//984 988//987 975//974
f 1259//1258 1248//1247 985//984 974//973
f 1248//1247 1247//1246 986//985 985//984
f 930//929 981//980 984//983 931//930
f 1303//1302 1252//1251 981//980 930//929
f 1252//1251 1251//1250 982//981 981//980
f 966//965 977//976 980//979 967//966
f 1267//1266 1256//1255 977//976 966//965
f 1256//1255 1255//1254 978//977 977//976
f 970//969 973//972 976//975 971//970
f 1263//1262 1260//1259 973//972 970//969
f 1260//1259 1259//1258 974//973 973//972
f 946//945 969//968 972//971 947//946
f 1287//1286 1264//1263 969//968 946//945
f 1264//1263 1263//1262 970//969 969//968
f 954//953 965//964 968//967 955//954
f 1279//1278 1268//1267 965//964 954//953
f 1268//1267 1267//1266 966//965 965//964
f 950//949 961//960 964//963 951//950
f 1283//1282 1272//1271 961//960 950//949
f 1272//1271 1271//1270 962//961 961//960
f 942//941 957//956 960//959 943//942
f 1291//1290 1276//1275 957//956 942//941
f 1276//1275 1275//1274 958//957 957//956
f 4886//4885 953//952 956//955 4887//4886
f 4885//4884 1280//1279 953//952 4886//4885
f 1280//1279 1279//1278 954//953 953//952
f 938//937 949//948 952//951 939//938
f 1295//1294 1284//1283 949//948 938//937
f 1284//1283 1283//1282 950//949 949//948
f 934//933 945//944 948//947 935//934
f 1299//1298 1288//1287 945//944 934//933
f 1288//1287 1287//1286 946//945 945//944
f 922//921 941//940 944//943 923//922
f 1311//1310 1292//1291 941//940 922//921
f 1292//1291 1291//1290 942//941 941//940
f 926//925 937//936 940//939 927//926
f 1307//1306 1296//1295 937//936 926//925
f 1296//1295 1295//1294 938//937 937//936
f 958//957 933//932 936//935 959//958
f 1275//1274 1300//1299 933//932 958//957
f 1300//1299 1299//1298 934//933 933//932
f 978//977 929//928 932//931 979//978
f 1255//1254 1304//1303 929//928 978//977
f 1304//1303 1303//1302 930//929 929//928
f 994//993 925//924 928//927 995//994
f 1239//1238 1308//1307 925//924 994//993
f 1308//1307 1307//1306 926//925 925//924
f 990//989 921//920 924//923 991//990
f 1243//1242 1312//1311 921//920 990//989
f 1312//1311 1311//1310 922//921 921//920
f 866//865 917//916 920//919 867//866
f 819//818 800//799 917//916 866//865
f 800//799 799//798 918//917 917//916
f 886//885 913//912 916//915 887//886
f 827//826 772//771 913//912 886//885
f 772//771 771//770 914//913 913//912
f 902//901 909//908 912//911 903//902
f 843//842 788//787 909//908 902//901
f 788//787 787//786 910//909 909//908
f 898//897 905//904 908//907 899//898
f 823//822 840//839 905//904 898//897
f 840//839 839//838 906//905 905//904
f 894//893 901//900 904//903 895//894
f 831//830 844//843 901//900 894//893
f 844//843 843//842 902//901 901//900
f 890//889 897//896 900//899 891//890
f 811//810 824//823 897//896 890//889
f 824//823 823//822 898//897 897//896
f 882//881 893//892 896//895 883//882
f 815//814 832//831 893//892 882//881
f 832//831 831//830 894//893 893//892
f 914//913 889//888 892//891 915//914
f 771//770 812//811 889//888 914//913
f 812//811 811//810 890//889 889//888
f 874//873 885//884 888//887 875//874
f 779//778 828//827 885//884 874//873
f 828//827 827//826 886//885 885//884
f 878//877 881//880 884//883 879//878
f 791//790 816//815 881//880 878//877
f 816//815 815//814 882//881 881//880
f 854//853 877//876 880//879 855//854
f 807//806 792//791 877//876 854//853
f 792//791 791//790 878//877 877//876
f 862//861 873//872 876//875 863//862
f 775//774 780//779 873//872 862//861
f 780//779 779//778 874//873 873//872
f 858//857 869//868 872//871 859//858
f 795//794 804//803 869//868 858//857
f 804//803 803//802 870//869 869//868
f 850//849 865//864 868//867 851//850
f 835//834 820//819 865//864 850//849
f 820//819 819//818 866//865 865//864
f 4882//4881 861//860 864//863 4883//4882
f 4881//4880 776//775 861//860 4882//4881
f 776//775 775//774 862//861 861//860
f 846//845 857//856 860//859 847//846
f 783//782 796//795 857//856 846//845
f 796//795 795//794 858//857 857//856
f 918//917 853//852 856//855 919//918
f 799//798 808//807 853//852 918//917
f 808//807 807//806 854//853 853//852
f 906//905 849//848 852//851 907//906
f 839//838 836//835 849//848 906//905
f 836//835 835//834 850//849 849//848
f 910//909 845//844 848//847 911//910
f 787//786 784//783 845//844 910//909
f 784//783 783//782 846//845 845//844
f 830//829 841//840 844//843 831//830
f 701//700 710//709 841//840 830//829
f 710//709 709//708 842//841 841//840
f 822//821 837//836 840//839 823//822
f 755//754 744//743 837//836 822//821
f 744//743 743//742 838//837 837//836
f 838//837 833//832 836//835 839//838
f 743//742 5045//5044 833//832 838//837
f 5045//5044 5046//5045 834//833 833//832
f 814//813 829//828 832//831 815//814
f 717//716 702//701 829//828 814//813
f 702//701 701//700 830//829 829//828
f 778//777 825//824 828//827 779//778
f 761//760 5047//5046 825//824 778//777
f 5047//5046 5048//5047 826//825 825//824
f 810//809 821//820 824//823 811//810
f 747//746 756//755 821//820 810//809
f 756//755 755//754 822//821 821//820
f 834//833 817//816 820//819 835//834
f 5046//5045 730//729 817//816 834//833
f 730//729 729//728 818//817 817//816
f 790//789 813//812 816//815 791//790
f 5049//5048 718//717 813//812 790//789
f 718//717 717//716 814//813 813//812
f 770//769 809//808 812//811 771//770
f 751//750 748//747 809//808 770//769
f 748//747 747//746 810//809 809//808
f 798//797 805//804 808//807 799//798
f 737//736 734//733 805//804 798//797
f 734//733 733//732 806//805 805//804
f 794//793 801//800 804//803 795//794
f 705//704 714//713 801//800 794//793
f 714//713 713//712 802//801 801//800
f 818//817 797//796 800//799 819//818
f 729//728 738//737 797//796 818//817
f 738//737 737//736 798//797 797//796
f 782//781 793//792 796//795 783//782
f 721//720 706//705 793//792 782//781
f 706//705 705//704 794//793 793//792
f 806//805 789//788 792//791 807//806
f 733//732 5050//5049 789//788 806//805
f 5050//5049 5049//5048 790//789 789//788
f 842//841 785//784 788//787 843//842
f 709//708 726//725 785//784 842//841
f 726//725 725//724 786//785 785//784
f 786//785 781//780 784//783 787//786
f 725//724 722//721 781//780 786//785
f 722//721 721//720 782//781 781//780
f 774//773 777//776 780//779 775//774
f 765//764 762//761 777//776 774//773
f 762//761 761//760 778//777 777//776
f 4880//4879 773//772 776//775 4881//4880
f 4879//4878 766//765 773//772 4880//4879
f 766//765 765//764 774//773 773//772
f 826//825 769//768 772//771 827//826
f 5048//5047 752//751 769//768 826//825
f 752//751 751//750 770//769 769//768
f 5051//5050 767//766 768//767 4908//4907
f 5048//5047 5047//5046 767//766 5051//5050
f 5047//5046 761//760 760//759 767//766
f 4878//4877 763//762 766//765 4879//4878
f 4877//4876 666//665 763//762 4878//4877
f 666//665 665//664 764//763 763//762
f 764//763 759//758 762//761 765//764
f 665//664 662//661 759//758 764//763
f 662//661 661//660 760//759 759//758
f 5052//5051 757//756 758//757 4381//4380
f 5046//5045 5045//5044 757//756 5052//5051
f 5045//5044 743//742 742//741 757//756
f 746//745 753//752 756//755 747//746
f 587//586 584//583 753//752 746//745
f 584//583 583//582 754//753 753//752
f 5051//5050 749//748 752//751 5048//5047
f 4908//4907 596//595 749//748 5051//5050
f 596//595 595//594 750//749 749//748
f 750//749 745//744 748//747 751//750
f 595//594 588//587 745//744 750//749
f 588//587 587//586 746//745 745//744
f 754//753 741//740 744//743 755//754
f 583//582 592//591 741//740 754//753
f 592//591 591//590 742//741 741//740
f 5053//5052 739//738 740//739 4951//4950
f 5049//5048 5050//5049 739//738 5053//5052
f 5050//5049 733//732 732//731 739//738
f 728//727 735//734 738//737 729//728
f 523//522 532//531 735//734 728//727
f 532//531 531//530 736//735 735//734
f 736//735 731//730 734//733 737//736
f 531//530 528//527 731//730 736//735
f 528//527 527//526 732//731 731//730
f 5052//5051 727//726 730//729 5046//5045
f 4381//4380 524//523 727//726 5052//5051
f 524//523 523//522 728//727 727//726
f 708//707 723//722 726//725 709//708
f 463//463 4930//4929 723//722 708//707
f 4930//4929 4931//4930 724//723 723//722
f 724//723 719//718 722//721 725//724
f 4931//4930 412//412 719//718 724//723
f 412//412 411//411 720//719 719//718
f 5053//5052 715//714 718//717 5049//5048
f 4951//4950 472//472 715//714 5053//5052
f 472//472 471//471 716//715 715//714
f 704//703 711//710 714//713 705//704
f 407//407 404//404 711//710 704//703
f 404//404 403//403 712//711 711//710
f 700//699 707//706 710//709 701//700
f 467//467 464//464 707//706 700//699
f 464//464 463//463 708//707 707//706
f 720//719 703//702 706//705 721//720
f 411//411 408//408 703//702 720//719
f 408//408 407//407 704//703 703//702
f 716//715 699//698 702//701 717//716
f 471//471 468//468 699//698 716//715
f 468//468 467//467 700//699 699//698
f 680//679 695//694 698//697 681//680
f 677//676 694//693 695//694 680//679
f 694//693 693//692 696//695 695//694
f 676//675 691//690 694//693 677//676
f 673//672 690//689 691//690 676//675
f 690//689 689//688 692//691 691//690
f 672//671 687//686 690//689 673//672
f 669//668 686//685 687//686 672//671
f 686//685 685//684 688//687 687//686
f 668//667 683//682 686//685 669//668
f 396//396 389//389 683//682 668//667
f 389//389 388//388 684//683 683//682
f 4874//4873 679//678 682//681 4875//4874
f 4873//4872 678//677 679//678 4874//4873
f 678//677 677//676 680//679 679//678
f 4872//4871 675//674 678//677 4873//4872
f 4871//4870 674//673 675//674 4872//4871
f 674//673 673//672 676//675 675//674
f 4870//4869 671//670 674//673 4871//4870
f 4869//4868 670//669 671//670 4870//4869
f 670//669 669//668 672//671 671//670
f 4868//4867 667//666 670//669 4869//4868
f 4867//4866 397//397 667//666 4868//4867
f 397//397 396//396 668//667 667//666
f 4876//4875 663//662 666//665 4877//4876
f 4875//4874 682//681 663//662 4876//4875
f 682//681 681//680 664//663 663//662
f 664//663 659//658 662//661 665//664
f 681//680 698//697 659//658 664//663
f 698//697 697//696 660//659 659//658
f 640//639 655//654 658//657 641//640
f 637//636 654//653 655//654 640//639
f 654//653 653//652 656//655 655//654
f 636//635 651//650 654//653 637//636
f 633//632 650//649 651//650 636//635
f 650//649 649//648 652//651 651//650
f 632//631 647//646 650//649 633//632
f 629//628 646//645 647//646 632//631
f 646//645 645//644 648//647 647//646
f 628//627 643//642 646//645 629//628
f 357//357 362//362 643//642 628//627
f 362//362 361//361 644//643 643//642
f 608//607 639//638 642//641 609//608
f 5054//5053 638//637 639//638 608//607
f 638//637 637//636 640//639 639//638
f 5055//5054 635//634 638//637 5054//5053
f 5056//5055 634//633 635//634 5055//5054
f 634//633 633//632 636//635 635//634
f 5057//5056 631//630 634//633 5056//5055
f 599//598 630//629 631//630 5057//5056
f 630//629 629//628 632//631 631//630
f 598//597 627//626 630//629 599//598
f 5028//5027 358//358 627//626 598//597
f 358//358 357//357 628//627 627//626
f 656//655 623//622 626//625 657//656
f 653//652 622//621 623//622 656//655
f 622//621 621//620 624//623 623//622
f 652//651 619//618 622//621 653//652
f 649//648 618//617 619//618 652//651
f 618//617 617//616 620//619 619//618
f 648//647 615//614 618//617 649//648
f 645//644 614//613 615//614 648//647
f 614//613 613//612 616//615 615//614
f 644//643 611//610 614//613 645//644
f 361//361 354//354 611//610 644//643
f 354//354 353//353 612//611 611//610
f 4905//4904 607//606 610//609 4906//4905
f 4904//4903 5058//5057 607//606 4905//4904
f 5058//5057 5054//5053 608//607 607//606
f 5055//5054 605//604 602//601 5056//5055
f 5054//5053 5058//5057 605//604 5055//5054
f 5058//5057 4904//4903 606//605 605//604
f 600//599 601//600 604//603 4433//4432
f 599//598 5057//5056 601//600 600//599
f 5057//5056 5056//5055 602//601 601//600
f 4435//4434 597//596 600//599 4433//4432
f 392//392 5029//5028 597//596 4435//4434
f 5029//5028 5028//5027 598//597 597//596
f 4907//4906 593//592 596//595 4908//4907
f 4906//4905 610//609 593//592 4907//4906
f 610//609 609//608 594//593 593//592
f 582//581 589//588 592//591 583//582
f 657//656 626//625 589//588 582//581
f 626//625 625//624 590//589 589//588
f 594//593 585//584 588//587 595//594
f 609//608 642//641 585//584 594//593
f 642//641 641//640 586//585 585//584
f 586//585 581//580 584//583 587//586
f 641//640 658//657 581//580 586//585
f 658//657 657//656 582//581 581//580
f 4389//4388 577//576 580//579 4384//4383
f 4388//4387 576//575 577//576 4389//4388
f 576//575 575//574 578//577 577//576
f 4393//4392 573//572 576//575 4388//4387
f 4392//4391 572//571 573//572 4393//4392
f 572//571 571//570 574//573 573//572
f 4397//4396 569//568 572//571 4392//4391
f 4396//4395 568//567 569//568 4397//4396
f 568//567 567//566 570//569 569//568
f 4401//4400 565//564 568//567 4396//4395
f 4400//4399 339//339 565//564 4401//4400
f 339//339 338//338 566//565 565//564
f 546//545 561//560 564//563 547//546
f 543//542 560//559 561//560 546//545
f 560//559 559//558 562//561 561//560
f 542//541 557//556 560//559 543//542
f 539//538 556//555 557//556 542//541
f 556//555 555//554 558//557 557//556
f 538//537 553//552 556//555 539//538
f 535//534 552//551 553//552 538//537
f 552//551 551//550 554//553 553//552
f 534//533 549//548 552//551 535//534
f 346//346 343//343 549//548 534//533
f 343//343 342//342 550//549 549//548
f 578//577 545//544 548//547 579//578
f 575//574 544//543 545//544 578//577
f 544//543 543//542 546//545 545//544
f 574//573 541//540 544//543 575//574
f 571//570 540//539 541//540 574//573
f 540//539 539//538 542//541 541//540
f 570//569 537//536 540//539 571//570
f 567//566 536//535 537//536 570//569
f 536//535 535//534 538//537 537//536
f 566//565 533//532 536//535 567//566
f 338//338 347//347 533//532 566//565
f 347//347 346//346 534//533 533//532
f 522//521 529//528 532//531 523//522
f 579//578 548//547 529//528 522//521
f 548//547 547//546 530//529 529//528
f 530//529 525//524 528//527 531//530
f 547//546 564//563 525//524 530//529
f 564//563 563//562 526//525 525//524
f 4385//4384 521//520 524//523 4381//4380
f 4384//4383 580//579 521//520 4385//4384
f 580//579 579//578 522//521 521//520
f 502//501 517//516 520//519 503//502
f 499//498 516//515 517//516 502//501
f 516//515 515//514 518//517 517//516
f 498//497 513//512 516//515 499//498
f 495//494 512//511 513//512 498//497
f 512//511 511//510 514//513 513//512
f 494//493 509//508 512//511 495//494
f 491//490 508//507 509//508 494//493
f 508//507 507//506 510//509 509//508
f 490//489 505//504 508//507 491//490
f 327//327 324//324 505//504 490//489
f 324//324 323//323 506//505 505//504
f 486//486 501//500 504//503 487//487
f 483//483 500//499 501//500 486//486
f 500//499 499//498 502//501 501//500
f 482//482 497//496 500//499 483//483
f 479//479 496//495 497//496 482//482
f 496//495 495//494 498//497 497//496
f 478//478 493//492 496//495 479//479
f 475//475 492//491 493//492 478//478
f 492//491 491//490 494//493 493//492
f 474//474 489//69 492//491 475//475
f 331//331 328//328 489//69 474//474
f 328//328 327//327 490//489 489//69
f 4954//4953 485//485 488//488 4953//4952
f 4955//4954 484//484 485//485 4954//4953
f 484//484 483//483 486//486 485//485
f 4956//4955 481//481 484//484 4955//4954
f 4957//4956 480//480 481//481 4956//4955
f 480//480 479//479 482//482 481//481
f 4958//4957 477//477 480//480 4957//4956
f 4227//4226 476//476 477//477 4958//4957
f 476//476 475//475 478//478 477//477
f 4236//4235 473//473 476//476 4227//4226
f 4235//4234 332//332 473//473 4236//4235
f 332//332 331//331 474//474 473//473
f 4952//4951 469//469 472//472 4951//4950
f 4953//4952 488//488 469//469 4952//4951
f 488//488 487//487 470//470 469//469
f 470//470 465//465 468//468 471//471
f 487//487 504//503 465//465 470//470
f 504//503 503//502 466//466 465//465
f 466//466 461//461 464//464 467//467
f 503//502 520//519 461//461 466//466
f 520//519 519//518 462//462 461//461
f 442//442 457//457 460//460 443//443
f 439//439 456//456 457//457 442//442
f 456//456 455//455 458//458 457//457
f 438//438 453//453 456//456 439//439
f 435//435 452//452 453//453 438//438
f 452//452 451//451 454//454 453//453
f 434//434 449//449 452//452 435//435
f 431//431 448//448 449//449 434//434
f 448//448 447//447 450//450 449//449
f 430//430 445//445 448//448 431//431
f 315//315 312//312 445//445 430//430
f 312//312 311//311 446//446 445//445
f 426//426 441//441 444//444 427//427
f 423//423 440//440 441//441 426//426
f 440//440 439//439 442//442 441//441
f 422//422 437//437 440//440 423//423
f 419//419 436//436 437//437 422//422
f 436//436 435//435 438//438 437//437
f 418//418 433//433 436//436 419//419
f 415//415 432//432 433//433 418//418
f 432//432 431//431 434//434 433//433
f 414//414 429//429 432//432 415//415
f 319//319 316//316 429//429 414//414
f 316//316 315//315 430//430 429//429
f 4923//4922 425//425 428//428 4925//4924
f 4924//4923 424//424 425//425 4923//4922
f 424//424 423//423 426//426 425//425
f 4926//4925 421//421 424//424 4924//4923
f 4927//4926 420//420 421//421 4926//4925
f 420//420 419//419 422//422 421//421
f 4928//4927 417//417 420//420 4927//4926
f 4349//4348 416//416 417//417 4928//4927
f 416//416 415//415 418//418 417//417
f 4358//4357 413//413 416//416 4349//4348
f 4357//4356 320//320 413//413 4358//4357
f 320//320 319//319 414//414 413//413
f 4932//4931 409//409 412//412 4931//4930
f 4925//4924 428//428 409//409 4932//4931
f 428//428 427//427 410//410 409//409
f 410//410 405//405 408//408 411//411
f 427//427 444//444 405//405 410//410
f 444//444 443//443 406//406 405//405
f 406//406 401//401 404//404 407//407
f 443//443 460//460 401//401 406//406
f 460//460 459//459 402//402 401//401
f 5025//5024 398//398 400//400 4966//4965
f 5026//5025 1315//1314 398//398 5025//5024
f 1315//1314 1314//1313 399//399 398//398
f 4866//4865 394//394 397//397 4867//4866
f 4865//4864 1319//1318 394//394 4866//4865
f 1319//1318 1318//1317 395//395 394//394
f 387//387 390//390 393//393 388//388
f 1324//1323 1321//1320 390//390 387//387
f 1321//1320 1314//1313 391//391 390//390
f 395//395 386//386 389//389 396//396
f 1318//1317 1325//1324 386//386 395//395
f 1325//1324 1324//1323 387//387 386//386
f 4147//4146 383//383 385//385 4148//4147
f 4144//4143 1328//1327 383//383 4147//4146
f 1328//1327 1327//1326 384//384 383//383
f 1074//1073 379//379 382//382 1075//1074
f 1111//1110 148//148 379//379 1074//1073
f 148//148 147//147 380//380 379//379
f 222//222 375//375 378//378 223//223
f 235//235 366//366 375//375 222//222
f 366//366 365//365 376//376 375//375
f 226//226 371//371 374//374 227//227
f 207//207 206//206 371//371 226//226
f 206//206 381//381 372//372 371//371
f 230//230 367//367 370//370 231//231
f 227//227 374//374 367//367 230//230
f 374//374 373//373 368//368 367//367
f 234//234 363//363 366//366 235//235
f 231//231 370//370 363//363 234//234
f 370//370 369//369 364//364 363//363
f 356//356 359//359 362//362 357//357
f 1335//1334 1332//1331 359//359 356//356
f 1332//1331 1331//1330 360//360 359//359
f 5027//5026 355//355 358//358 5028//5027
f 5026//5025 1336//1335 355//355 5027//5026
f 1336//1335 1335//1334 356//356 355//355
f 360//360 351//351 354//354 361//361
f 1331//1330 1338//1337 351//351 360//360
f 1338//1337 1327//1326 352//352 351//351
f 5021//5020 348//348 350//350 4284//4283
f 5022//5021 1341//1340 348//348 5021//5020
f 1341//1340 1340//1339 349//349 348//348
f 337//337 344//344 347//347 338//338
f 1350//1349 1345//1344 344//344 337//337
f 1345//1344 1344//1343 345//345 344//344
f 345//345 340//340 343//343 346//346
f 1344//1343 1347//1346 340//340 345//345
f 1347//1346 1340//1339 341//341 340//340
f 4971//4970 336//336 339//339 4400//4399
f 4970//4969 1351//1350 336//336 4971//4970
f 1351//1350 1350//1349 337//337 336//336
f 5019//5018 333//333 335//335 4321//4320
f 5020//5019 1354//1353 333//333 5019//5018
f 1354//1353 1353//1352 334//334 333//333
f 5024//5023 329//329 332//332 4235//4234
f 5022//5021 1358//1357 329//329 5024//5023
f 1358//1357 1357//1356 330//330 329//329
f 330//330 325//325 328//328 331//331
f 1357//1356 1362//1361 325//325 330//330
f 1362//1361 1361//1360 326//326 325//325
f 326//326 321//321 324//324 327//327
f 1361//1360 1364//1363 321//321 326//326
f 1364//1363 1353//1352 322//322 321//321
f 5023//5022 317//317 320//320 4357//4356
f 5020//5019 1368//1367 317//317 5023//5022
f 1368//1367 1367//1366 318//318 317//317
f 318//318 313//313 316//316 319//319
f 1367//1366 1372//1371 313//313 318//318
f 1372//1371 1371//1370 314//314 313//313
f 314//314 309//309 312//312 315//315
f 1371//1370 1376//1375 309//309 314//314
f 1376//1375 1375//1374 310//310 309//309
f 282//282 305//305 308//308 283//283
f 279//279 304//304 305//305 282//282
f 304//304 303//303 306//306 305//305
f 278//278 301//301 304//304 279//279
f 275//275 300//300 301//301 278//278
f 300//300 299//299 302//302 301//301
f 274//274 297//297 300//300 275//275
f 259//259 258//258 297//297 274//274
f 258//258 255//255 298//298 297//297
f 306//306 293//293 296//296 307//307
f 303//303 292//292 293//293 306//306
f 292//292 291//291 294//294 293//293
f 302//302 289//289 292//292 303//303
f 299//299 288//288 289//289 302//302
f 288//288 287//287 290//290 289//289
f 298//298 285//285 288//288 299//299
f 255//255 254//254 285//285 298//298
f 254//254 211//211 286//286 285//285
f 4859//4858 281//281 284//284 4860//4859
f 4858//4857 280//280 281//281 4859//4858
f 280//280 279//279 282//282 281//281
f 4857//4856 277//277 280//280 4858//4857
f 4856//4855 276//276 277//277 4857//4856
f 276//276 275//275 278//278 277//277
f 4855//4854 273//273 276//276 4856//4855
f 251//251 250//250 273//273 4855//4854
f 250//250 259//259 274//274 273//273
f 4862//4861 269//269 272//272 4863//4862
f 4861//4860 4178//4177 269//269 4862//4861
f 4178//4177 4177//4176 270//270 269//269
f 262//262 265//265 268//268 263//263
f 4185//4184 4182//4181 265//265 262//262
f 4182//4181 4181//4180 266//266 265//265
f 270//270 261//261 264//264 271//271
f 4177//4176 4186//4185 261//261 270//270
f 4186//4185 4185//4184 262//262 261//261
f 1078//1077 257//257 260//260 1079//1078
f 1083//1082 256//256 257//257 1078//1077
f 256//256 255//255 258//258 257//257
f 1082//1081 253//253 256//256 1083//1082
f 1095//1094 212//212 253//253 1082//1081
f 212//212 211//211 254//254 253//253
f 1086//1085 249//249 252//252 1087//1086
f 1079//1078 260//260 249//249 1086//1085
f 260//260 259//259 250//250 249//249
f 364//364 245//245 248//248 365//365
f 369//369 244//244 245//245 364//364
f 244//244 243//243 246//246 245//245
f 368//368 241//241 244//244 369//369
f 373//373 240//240 241//241 368//368
f 240//240 239//239 242//242 241//241
f 372//372 237//237 240//240 373//373
f 381//381 380//380 237//237 372//372
f 380//380 147//147 238//238 237//237
f 4201//4200 233//233 236//236 4196//4195
f 4200//4199 232//232 233//233 4201//4200
f 232//232 231//231 234//234 233//233
f 4205//4204 229//229 232//232 4200//4199
f 4204//4203 228//228 229//229 4205//4204
f 228//228 227//227 230//230 229//229
f 4208//4207 225//225 228//228 4204//4203
f 203//203 202//202 225//225 4208//4207
f 202//202 207//207 226//226 225//225
f 4197//4196 221//221 224//224 4966//4965
f 4196//4195 236//236 221//221 4197//4196
f 236//236 235//235 222//222 221//221
f 376//376 217//217 220//220 377//377
f 365//365 248//248 217//217 376//376
f 248//248 247//247 218//218 217//217
f 1090//1089 213//213 216//216 1091//1090
f 1103//1102 204//204 213//213 1090//1089
f 204//204 203//203 214//214 213//213
f 1094//1093 209//209 212//212 1095//1094
f 1091//1090 216//216 209//209 1094//1093
f 216//216 215//215 210//210 209//209
f 1098//1097 205//205 208//208 1099//1098
f 1075//1074 382//382 205//205 1098//1097
f 382//382 381//381 206//206 205//205
f 1102//1101 201//201 204//204 1103//1102
f 1099//1098 208//208 201//201 1102//1101
f 208//208 207//207 202//202 201//201
f 4978//4977 197//197 200//200 4973//4972
f 4977//4976 196//196 197//197 4978//4977
f 196//196 195//195 198//198 197//197
f 4976//4975 193//193 196//196 4977//4976
f 4975//4974 192//192 193//193 4976//4975
f 192//192 191//191 194//194 193//193
f 4974//4973 189//189 192//192 4975//4974
f 143//143 142//142 189//189 4974//4973
f 142//142 3//3 190//190 189//189
f 174//174 185//185 188//188 175//175
f 171//171 184//184 185//185 174//174
f 184//184 183//183 186//186 185//185
f 170//170 181//181 184//184 171//171
f 167//167 180//180 181//181 170//170
f 180//180 179//179 182//182 181//181
f 166//166 177//177 180//180 167//167
f 5037//5036 5036//5035 177//177 166//166
f 5036//5035 4950//4949 178//178 177//177
f 198//198 173//173 176//176 199//199
f 195//195 172//172 173//173 198//198
f 172//172 171//171 174//174 173//173
f 194//194 169//169 172//172 195//195
f 191//191 168//168 169//169 194//194
f 168//168 167//167 170//170 169//169
f 190//190 165//165 168//168 191//191
f 3//3 2//2 165//165 190//190
f 2//2 5037//5036 166//166 165//165
f 154//154 161//161 164//164 155//155
f 199//199 176//176 161//161 154//154
f 176//176 175//175 162//162 161//161
f 162//162 157//157 160//160 163//163
f 175//175 188//188 157//157 162//162
f 188//188 187//187 158//158 157//157
f 4972//4971 153//153 156//156 4152//4151
f 4973//4972 200//200 153//153 4972//4971
f 200//200 199//199 154//154 153//153
f 1106//1105 149//149 152//152 1107//1106
f 1115//1114 144//144 149//149 1106//1105
f 144//144 143//143 150//150 149//149
f 1110//1109 145//145 148//148 1111//1110
f 1107//1106 152//152 145//145 1110//1109
f 152//152 151//151 146//146 145//145
f 1114//1113 141//141 144//144 1115//1114
f 1159//1158 4//4 141//141 1114//1113
f 4//4 3//3 142//142 141//141
f 126//126 137//137 140//140 127//127
f 123//123 136//136 137//137 126//126
f 136//136 135//135 138//138 137//137
f 122//122 133//133 136//136 123//123
f 119//119 132//132 133//133 122//122
f 132//132 131//131 134//134 133//133
f 118//118 129//129 132//132 119//119
f 5035//5034 5039//5038 129//129 118//118
f 5039//5038 4933//4932 130//130 129//129
f 114//114 125//125 128//128 115//115
f 111//111 124//124 125//125 114//114
f 124//124 123//123 126//126 125//125
f 110//110 121//121 124//124 111//111
f 107//107 120//120 121//121 110//110
f 120//120 119//119 122//122 121//121
f 106//106 117//117 120//120 107//107
f 5033//5032 5034//5033 117//117 106//106
f 5034//5033 5035//5034 118//118 117//117
f 4943//4942 113//113 116//116 4289//4288
f 4944//4943 112//112 113//113 4943//4942
f 112//112 111//111 114//114 113//113
f 4945//4944 109//109 112//112 4944//4943
f 4946//4945 108//108 109//109 4945//4944
f 108//108 107//107 110//110 109//109
f 4947//4946 105//105 108//108 4946//4945
f 4948//4947 5032//5031 105//105 4947//4946
f 5032//5031 5033//5032 106//106 105//105
f 4290//4289 101//101 104//104 4284//4283
f 4289//4288 116//116 101//101 4290//4289
f 116//116 115//115 102//102 101//101
f 102//102 97//97 100//100 103//103
f 115//115 128//128 97//97 102//102
f 128//128 127//127 98//98 97//97
f 98//98 93//93 96//96 99//99
f 127//127 140//140 93//93 98//98
f 140//140 139//139 94//94 93//93
f 78//78 89//89 92//92 79//79
f 75//75 88//88 89//89 78//78
f 88//88 87//87 90//90 89//89
f 74//74 85//85 88//88 75//75
f 71//71 84//84 85//85 74//74
f 84//84 83//83 86//86 85//85
f 70//70 81//81 84//84 71//71
f 5043//5042 5044//5043 81//81 70//70
f 5044//5043 3931//3930 82//82 81//81
f 66//66 77//77 80//80 67//67
f 63//63 76//76 77//77 66//66
f 76//76 75//75 78//78 77//77
f 62//62 73//73 76//76 63//63
f 59//59 72//72 73//73 62//62
f 72//72 71//71 74//74 73//73
f 58//58 69//69 72//72 59//59
f 5041//5040 5042//5041 69//69 58//58
f 5042//5041 5043//5042 70//70 69//69
f 4934//4933 65//65 68//68 4326//4325
f 4935//4934 64//64 65//65 4934//4933
f 64//64 63//63 66//66 65//65
f 4936//4935 61//61 64//64 4935//4934
f 4937//4936 60//60 61//61 4936//4935
f 60//60 59//59 62//62 61//61
f 4938//4937 57//57 60//60 4937//4936
f 4939//4938 5040//5039 57//57 4938//4937
f 5040//5039 5041//5040 58//58 57//57
f 4327//4326 53//53 56//56 4321//4320
f 4326//4325 68//68 53//53 4327//4326
f 68//68 67//67 54//54 53//53
f 54//54 49//49 52//52 55//55
f 67//67 80//80 49//49 54//54
f 80//80 79//79 50//50 49//49
f 50//50 45//45 48//48 51//51
f 79//79 92//92 45//45 50//50
f 92//92 91//91 46//46 45//45
f 1118//1117 41//41 44//44 1119//1118
f 1123//1122 40//40 41//41 1118//1117
f 40//40 39//39 42//42 41//41
f 1122//1121 37//37 40//40 1123//1122
f 1127//1126 36//36 37//37 1122//1121
f 36//36 35//35 38//38 37//37
f 1126//1125 33//33 36//36 1127//1126
f 1131//1130 32//32 33//33 1126//1125
f 32//32 31//31 34//34 33//33
f 1130//1129 29//29 32//32 1131//1130
f 1135//1134 28//28 29//29 1130//1129
f 28//28 27//27 30//30 29//29
f 1134//1133 25//25 28//28 1135//1134
f 1139//1138 24//24 25//25 1134//1133
f 24//24 23//23 26//26 25//25
f 1138//1137 21//21 24//24 1139//1138
f 1147//1146 16//16 21//21 1138//1137
f 16//16 15//15 22//22 21//21
f 1142//1141 17//17 20//20 1143//1142
f 5031//5030 5030//5029 17//17 1142//1141
f 5030//5029 4850//4849 18//18 17//17
f 1146//1145 13//13 16//16 1147//1146
f 1151//1150 12//12 13//13 1146//1145
f 12//12 11//11 14//14 13//13
f 1150//1149 9//9 12//12 1151//1150
f 1155//1154 8//8 9//9 1150//1149
f 8//8 7//7 10//10 9//9
f 1154//1153 5//5 8//8 1155//1154
f 1143//1142 20//20 5//5 1154//1153
f 20//20 19//19 6//6 5//5
f 1158//1157 1//1 4//4 1159//1158
f 5031//5030 5038//5037 1//1 1158//1157
f 5038//5037 5037//5036 2//2 1//1
