# Extracted from Open3DModel lower-limb.obj — Posterior_tibial_artery.r
# License: CC BY-SA 4.0 — AnatomyTOOL Open3D create
o Posterior_tibial_artery.r
v -0.082743 0.388634 -0.053714
v -0.082911 0.387453 -0.053173
v -0.082896 0.387045 -0.054045
v -0.082727 0.388235 -0.054593
v -0.082278 0.388927 -0.052920
v -0.082446 0.387751 -0.052384
v -0.081456 0.389034 -0.052423
v -0.081627 0.387857 -0.051889
v -0.080498 0.388927 -0.052357
v -0.080674 0.387744 -0.051821
v -0.079661 0.388634 -0.052740
v -0.079841 0.387442 -0.052197
v -0.079169 0.388235 -0.053469
v -0.079352 0.387032 -0.052918
v -0.079153 0.387835 -0.054348
v -0.079338 0.386623 -0.053789
v -0.079618 0.387542 -0.055142
v -0.079802 0.386325 -0.054578
v -0.080440 0.387435 -0.055639
v -0.080621 0.386219 -0.055073
v -0.081397 0.387542 -0.055705
v -0.081574 0.386332 -0.055142
v -0.082235 0.387835 -0.055322
v -0.082407 0.386634 -0.054765
v -0.083089 0.386272 -0.052616
v -0.083077 0.385856 -0.053480
v -0.082626 0.386573 -0.051832
v -0.081810 0.386678 -0.051338
v -0.080861 0.386558 -0.051266
v -0.080032 0.386246 -0.051636
v -0.079547 0.385826 -0.052349
v -0.079534 0.385409 -0.053213
v -0.079998 0.385108 -0.053997
v -0.080814 0.385003 -0.054491
v -0.081763 0.385123 -0.054562
v -0.082591 0.385435 -0.054192
v -0.083281 0.385092 -0.052044
v -0.083270 0.384668 -0.052901
v -0.082818 0.385395 -0.051264
v -0.082006 0.385496 -0.050770
v -0.081061 0.385370 -0.050695
v -0.080237 0.385048 -0.051059
v -0.079755 0.384618 -0.051763
v -0.079744 0.384195 -0.052621
v -0.080207 0.383891 -0.053401
v -0.081019 0.383790 -0.053894
v -0.081964 0.383917 -0.053969
v -0.082788 0.384238 -0.053606
v -0.083486 0.383913 -0.051459
v -0.083476 0.383484 -0.052310
v -0.083025 0.384216 -0.050683
v -0.082216 0.384314 -0.050189
v -0.081276 0.384179 -0.050110
v -0.080457 0.383848 -0.050467
v -0.079978 0.383409 -0.051165
v -0.079968 0.382980 -0.052015
v -0.080430 0.382676 -0.052792
v -0.081239 0.382579 -0.053286
v -0.082178 0.382714 -0.053365
v -0.082997 0.383045 -0.053008
v -0.083706 0.382737 -0.050866
v -0.083697 0.382304 -0.051711
v -0.083246 0.383040 -0.050092
v -0.082441 0.383131 -0.049597
v -0.081506 0.382988 -0.049514
v -0.080692 0.382647 -0.049864
v -0.080217 0.382200 -0.050554
v -0.080208 0.381767 -0.051399
v -0.080668 0.381464 -0.052173
v -0.081473 0.381372 -0.052668
v -0.082408 0.381516 -0.052751
v -0.083222 0.381857 -0.052401
v -0.083941 0.381564 -0.050265
v -0.083934 0.381128 -0.051105
v -0.083483 0.381865 -0.049493
v -0.082682 0.381950 -0.048997
v -0.081753 0.381797 -0.048909
v -0.080944 0.381446 -0.049252
v -0.080472 0.380992 -0.049935
v -0.080464 0.380556 -0.050775
v -0.080922 0.380255 -0.051547
v -0.081723 0.380170 -0.052043
v -0.082653 0.380323 -0.052131
v -0.083462 0.380674 -0.051788
v -0.084194 0.380397 -0.049659
v -0.084187 0.379959 -0.050494
v -0.083738 0.380694 -0.048889
v -0.082941 0.380771 -0.048391
v -0.082017 0.380608 -0.048297
v -0.081214 0.380247 -0.048633
v -0.080746 0.379786 -0.049310
v -0.080739 0.379348 -0.050145
v -0.081195 0.379050 -0.050915
v -0.081991 0.378973 -0.051413
v -0.082915 0.379137 -0.051507
v -0.083719 0.379497 -0.051171
v -0.084465 0.379235 -0.049051
v -0.084458 0.378796 -0.049882
v -0.084011 0.379528 -0.048282
v -0.083219 0.379596 -0.047780
v -0.082301 0.379421 -0.047681
v -0.081503 0.379050 -0.048010
v -0.081039 0.378583 -0.048680
v -0.081032 0.378144 -0.049511
v -0.081486 0.377851 -0.050280
v -0.082278 0.377783 -0.050782
v -0.083195 0.377958 -0.050881
v -0.083994 0.378329 -0.050552
v -0.084754 0.378081 -0.048443
v -0.084748 0.377642 -0.049270
v -0.084304 0.378367 -0.047674
v -0.083517 0.378425 -0.047169
v -0.082606 0.378238 -0.047063
v -0.081813 0.377857 -0.047385
v -0.081352 0.377384 -0.048049
v -0.081346 0.376945 -0.048876
v -0.081797 0.376658 -0.049645
v -0.082583 0.376600 -0.050150
v -0.083495 0.376787 -0.050256
v -0.084287 0.377168 -0.049934
v -0.085064 0.376934 -0.047838
v -0.085058 0.376496 -0.048662
v -0.084617 0.377214 -0.047068
v -0.083836 0.377260 -0.046559
v -0.082932 0.377060 -0.046446
v -0.082145 0.376669 -0.046761
v -0.081688 0.376189 -0.047418
v -0.081682 0.375751 -0.048242
v -0.082130 0.375472 -0.049012
v -0.082910 0.375426 -0.049521
v -0.083815 0.375625 -0.049634
v -0.084601 0.376017 -0.049319
v -0.085395 0.375797 -0.047237
v -0.085389 0.375361 -0.048059
v -0.084952 0.376068 -0.046466
v -0.084178 0.376101 -0.045952
v -0.083281 0.375888 -0.045832
v -0.082501 0.375485 -0.046139
v -0.082047 0.375001 -0.046791
v -0.082041 0.374565 -0.047612
v -0.082485 0.374294 -0.048383
v -0.083259 0.374261 -0.048897
v -0.084156 0.374474 -0.049017
v -0.084936 0.374876 -0.048710
v -0.085752 0.374661 -0.046639
v -0.085745 0.374230 -0.047460
v -0.085313 0.374922 -0.045866
v -0.084545 0.374943 -0.045347
v -0.083655 0.374720 -0.045222
v -0.082880 0.374311 -0.045524
v -0.082428 0.373826 -0.046172
v -0.082421 0.373396 -0.046993
v -0.082860 0.373135 -0.047766
v -0.083628 0.373113 -0.048284
v -0.084518 0.373337 -0.048410
v -0.085293 0.373745 -0.048108
v -0.086520 0.372259 -0.045406
v -0.086508 0.371850 -0.046226
v -0.086091 0.372502 -0.044635
v -0.085335 0.372515 -0.044118
v -0.084455 0.372294 -0.043995
v -0.083687 0.371899 -0.044297
v -0.083236 0.371435 -0.044945
v -0.083223 0.371026 -0.045765
v -0.083652 0.370782 -0.046536
v -0.084408 0.370769 -0.047053
v -0.085288 0.370990 -0.047176
v -0.086057 0.371386 -0.046873
v -0.087133 0.370220 -0.044449
v -0.087108 0.369856 -0.045277
v -0.086717 0.370434 -0.043675
v -0.085972 0.370439 -0.043161
v -0.085098 0.370236 -0.043046
v -0.084329 0.369878 -0.043360
v -0.083871 0.369461 -0.044019
v -0.083846 0.369098 -0.044847
v -0.084262 0.368884 -0.045622
v -0.085007 0.368878 -0.046136
v -0.085881 0.369081 -0.046251
v -0.086650 0.369439 -0.045937
v -0.087599 0.368398 -0.043743
v -0.087556 0.368109 -0.044588
v -0.087199 0.368564 -0.042961
v -0.086465 0.368563 -0.042451
v -0.085593 0.368395 -0.042349
v -0.084817 0.368104 -0.042684
v -0.084344 0.367769 -0.043364
v -0.084302 0.367480 -0.044209
v -0.084701 0.367314 -0.044991
v -0.085435 0.367315 -0.045502
v -0.086307 0.367484 -0.045603
v -0.087083 0.367774 -0.045269
v -0.087920 0.366654 -0.043272
v -0.087860 0.366467 -0.044132
v -0.087538 0.366758 -0.042483
v -0.086814 0.366752 -0.041977
v -0.085943 0.366636 -0.041891
v -0.085158 0.366442 -0.042246
v -0.084670 0.366223 -0.042948
v -0.084609 0.366035 -0.043809
v -0.084992 0.365931 -0.044598
v -0.085716 0.365938 -0.045103
v -0.086587 0.366053 -0.045190
v -0.087371 0.366247 -0.044834
v -0.088097 0.364877 -0.043022
v -0.088025 0.364798 -0.043888
v -0.087725 0.364918 -0.042234
v -0.087011 0.364910 -0.041735
v -0.086144 0.364855 -0.041658
v -0.085357 0.364769 -0.042024
v -0.084861 0.364674 -0.042735
v -0.084789 0.364596 -0.043601
v -0.085161 0.364555 -0.044389
v -0.085875 0.364563 -0.044888
v -0.086742 0.364617 -0.044965
v -0.087529 0.364703 -0.044599
v -0.088134 0.362972 -0.042971
v -0.088060 0.362981 -0.043829
v -0.087769 0.362964 -0.042191
v -0.087063 0.362959 -0.041698
v -0.086205 0.362958 -0.041624
v -0.085425 0.362962 -0.041989
v -0.084932 0.362969 -0.042695
v -0.084858 0.362978 -0.043553
v -0.085223 0.362986 -0.044333
v -0.085929 0.362991 -0.044826
v -0.086787 0.362992 -0.044900
v -0.087567 0.362988 -0.044535
v -0.088049 0.360825 -0.043078
v -0.087977 0.360886 -0.043923
v -0.087688 0.360789 -0.042309
v -0.086991 0.360789 -0.041822
v -0.086145 0.360825 -0.041748
v -0.085376 0.360887 -0.042106
v -0.084891 0.360959 -0.042800
v -0.084819 0.361021 -0.043645
v -0.085180 0.361056 -0.044414
v -0.085877 0.361056 -0.044901
v -0.086723 0.361020 -0.044976
v -0.087492 0.360958 -0.044618
v -0.087858 0.358292 -0.043308
v -0.087789 0.358377 -0.044140
v -0.087502 0.358247 -0.042549
v -0.086814 0.358253 -0.042068
v -0.085980 0.358309 -0.041993
v -0.085223 0.358400 -0.042344
v -0.084746 0.358502 -0.043027
v -0.084677 0.358587 -0.043859
v -0.085033 0.358633 -0.044617
v -0.085721 0.358627 -0.045098
v -0.086555 0.358570 -0.045173
v -0.087312 0.358479 -0.044823
v -0.087576 0.355222 -0.043627
v -0.087508 0.355311 -0.044448
v -0.087223 0.355177 -0.042879
v -0.086545 0.355188 -0.042403
v -0.085723 0.355253 -0.042328
v -0.084977 0.355355 -0.042673
v -0.084507 0.355464 -0.043346
v -0.084439 0.355554 -0.044167
v -0.084791 0.355599 -0.044915
v -0.085469 0.355587 -0.045391
v -0.086291 0.355522 -0.045466
v -0.087038 0.355421 -0.045121
v -0.087211 0.351462 -0.044008
v -0.087143 0.351545 -0.044819
v -0.086864 0.351423 -0.043269
v -0.086195 0.351439 -0.042800
v -0.085384 0.351506 -0.042725
v -0.084647 0.351606 -0.043066
v -0.084183 0.351711 -0.043730
v -0.084116 0.351794 -0.044541
v -0.084463 0.351833 -0.045280
v -0.085132 0.351817 -0.045750
v -0.085943 0.351750 -0.045824
v -0.086679 0.351650 -0.045483
v -0.086774 0.346865 -0.044424
v -0.086707 0.346937 -0.045225
v -0.086432 0.346835 -0.043694
v -0.085773 0.346855 -0.043230
v -0.084972 0.346920 -0.043157
v -0.084245 0.347011 -0.043494
v -0.083786 0.347106 -0.044150
v -0.083719 0.347178 -0.044951
v -0.084061 0.347208 -0.045681
v -0.084720 0.347188 -0.046144
v -0.085521 0.347123 -0.046218
v -0.086248 0.347031 -0.045881
v -0.086277 0.341305 -0.044845
v -0.086209 0.341361 -0.045635
v -0.085940 0.341283 -0.044124
v -0.085289 0.341299 -0.043667
v -0.084499 0.341351 -0.043595
v -0.083780 0.341423 -0.043929
v -0.083326 0.341498 -0.044578
v -0.083258 0.341554 -0.045369
v -0.083594 0.341576 -0.046089
v -0.084245 0.341560 -0.046546
v -0.085036 0.341508 -0.046618
v -0.085755 0.341435 -0.046284
v -0.085753 0.332309 -0.045336
v -0.085685 0.332347 -0.046120
v -0.085420 0.332289 -0.044623
v -0.084775 0.332293 -0.044171
v -0.083991 0.332319 -0.044102
v -0.083278 0.332361 -0.044433
v -0.082827 0.332407 -0.045077
v -0.082759 0.332446 -0.045861
v -0.083092 0.332465 -0.046574
v -0.083737 0.332461 -0.047026
v -0.084521 0.332435 -0.047096
v -0.085234 0.332393 -0.046764
v -0.085545 0.322157 -0.045709
v -0.085477 0.322182 -0.046485
v -0.085215 0.322137 -0.045002
v -0.084576 0.322128 -0.044556
v -0.083800 0.322132 -0.044488
v -0.083093 0.322147 -0.044817
v -0.082646 0.322171 -0.045455
v -0.082579 0.322196 -0.046232
v -0.082908 0.322215 -0.046938
v -0.083547 0.322224 -0.047385
v -0.084324 0.322221 -0.047453
v -0.085030 0.322205 -0.047123
v -0.085573 0.311004 -0.046005
v -0.085506 0.311021 -0.046773
v -0.085247 0.310983 -0.045306
v -0.084615 0.310966 -0.044864
v -0.083846 0.310957 -0.044797
v -0.083147 0.310957 -0.045124
v -0.082704 0.310968 -0.045756
v -0.082637 0.310986 -0.046524
v -0.082964 0.311006 -0.047223
v -0.083596 0.311023 -0.047665
v -0.084365 0.311033 -0.047732
v -0.085064 0.311032 -0.047406
v -0.085760 0.299023 -0.046268
v -0.085693 0.299039 -0.047029
v -0.085437 0.299002 -0.045577
v -0.084811 0.298981 -0.045139
v -0.084051 0.298964 -0.045073
v -0.083359 0.298958 -0.045397
v -0.082921 0.298963 -0.046022
v -0.082855 0.298978 -0.046783
v -0.083178 0.298999 -0.047474
v -0.083803 0.299021 -0.047912
v -0.084564 0.299037 -0.047978
v -0.085256 0.299044 -0.047655
v -0.086026 0.286388 -0.046542
v -0.085960 0.286404 -0.047295
v -0.085706 0.286365 -0.045858
v -0.085087 0.286341 -0.045425
v -0.084335 0.286324 -0.045360
v -0.083650 0.286316 -0.045680
v -0.083217 0.286321 -0.046299
v -0.083152 0.286337 -0.047052
v -0.083471 0.286360 -0.047736
v -0.084090 0.286383 -0.048169
v -0.084843 0.286401 -0.048234
v -0.085527 0.286409 -0.047914
v -0.086292 0.273267 -0.046871
v -0.086227 0.273286 -0.047615
v -0.085976 0.273242 -0.046194
v -0.085364 0.273219 -0.045766
v -0.084619 0.273203 -0.045701
v -0.083942 0.273200 -0.046017
v -0.083513 0.273209 -0.046630
v -0.083448 0.273229 -0.047374
v -0.083764 0.273254 -0.048051
v -0.084376 0.273277 -0.048479
v -0.085121 0.273292 -0.048544
v -0.085798 0.273296 -0.048228
v -0.086479 0.259829 -0.047297
v -0.086415 0.259855 -0.048033
v -0.086166 0.259801 -0.046627
v -0.085561 0.259780 -0.046204
v -0.084824 0.259771 -0.046140
v -0.084154 0.259777 -0.046452
v -0.083730 0.259795 -0.047058
v -0.083665 0.259821 -0.047794
v -0.083978 0.259849 -0.048464
v -0.084584 0.259870 -0.048888
v -0.085320 0.259879 -0.048952
v -0.085991 0.259873 -0.048639
v -0.086507 0.246242 -0.047866
v -0.086444 0.246278 -0.048593
v -0.086198 0.246212 -0.047203
v -0.085599 0.246195 -0.046784
v -0.084870 0.246196 -0.046720
v -0.084207 0.246215 -0.047029
v -0.083788 0.246246 -0.047627
v -0.083724 0.246282 -0.048355
v -0.084033 0.246312 -0.049017
v -0.084632 0.246329 -0.049437
v -0.085361 0.246328 -0.049501
v -0.086024 0.246310 -0.049192
v -0.086297 0.232676 -0.048620
v -0.086234 0.232724 -0.049339
v -0.085991 0.232642 -0.047965
v -0.085399 0.232630 -0.047550
v -0.084678 0.232645 -0.047486
v -0.084023 0.232682 -0.047790
v -0.083608 0.232731 -0.048381
v -0.083545 0.232779 -0.049100
v -0.083851 0.232813 -0.049755
v -0.084444 0.232824 -0.050170
v -0.085164 0.232809 -0.050234
v -0.085820 0.232773 -0.049930
v -0.085769 0.219295 -0.049604
v -0.085707 0.219359 -0.050314
v -0.085466 0.219257 -0.048957
v -0.084880 0.219253 -0.048546
v -0.084168 0.219287 -0.048482
v -0.083521 0.219347 -0.048781
v -0.083112 0.219419 -0.049363
v -0.083051 0.219482 -0.050073
v -0.083353 0.219521 -0.050720
v -0.083939 0.219524 -0.051131
v -0.084651 0.219491 -0.051196
v -0.085298 0.219430 -0.050897
v -0.084842 0.206268 -0.050863
v -0.084782 0.206351 -0.051563
v -0.084542 0.206224 -0.050224
v -0.083963 0.206231 -0.049817
v -0.083261 0.206287 -0.049750
v -0.082624 0.206377 -0.050043
v -0.082221 0.206478 -0.050616
v -0.082162 0.206561 -0.051316
v -0.082462 0.206605 -0.051956
v -0.083040 0.206598 -0.052363
v -0.083742 0.206541 -0.052429
v -0.084380 0.206451 -0.052137
v -0.083441 0.193805 -0.052436
v -0.083383 0.193902 -0.053126
v -0.083143 0.193753 -0.051805
v -0.082571 0.193759 -0.051402
v -0.081878 0.193823 -0.051336
v -0.081249 0.193926 -0.051624
v -0.080853 0.194042 -0.052188
v -0.080795 0.194139 -0.052879
v -0.081093 0.194191 -0.053510
v -0.081665 0.194185 -0.053912
v -0.082358 0.194121 -0.053979
v -0.082987 0.194018 -0.053691
v -0.083222 0.191603 -0.052740
v -0.083165 0.191700 -0.053428
v -0.082925 0.191541 -0.052113
v -0.082354 0.191530 -0.051714
v -0.081661 0.191573 -0.051651
v -0.081032 0.191659 -0.051940
v -0.080637 0.191764 -0.052504
v -0.080580 0.191861 -0.053192
v -0.080877 0.191923 -0.053819
v -0.081448 0.191934 -0.054218
v -0.082141 0.191891 -0.054281
v -0.082769 0.191805 -0.053992
v -0.083069 0.188752 -0.053114
v -0.083012 0.188843 -0.053801
v -0.082773 0.188684 -0.052490
v -0.082202 0.188657 -0.052094
v -0.081510 0.188678 -0.052034
v -0.080883 0.188741 -0.052325
v -0.080488 0.188830 -0.052889
v -0.080431 0.188921 -0.053575
v -0.080727 0.188989 -0.054200
v -0.081297 0.189017 -0.054595
v -0.081989 0.188996 -0.054656
v -0.082617 0.188932 -0.054365
v -0.082957 0.185273 -0.053556
v -0.082900 0.185361 -0.054241
v -0.082662 0.185203 -0.052934
v -0.082093 0.185168 -0.052541
v -0.081404 0.185179 -0.052483
v -0.080778 0.185232 -0.052774
v -0.080384 0.185313 -0.053337
v -0.080327 0.185400 -0.054021
v -0.080622 0.185471 -0.054643
v -0.081191 0.185505 -0.055036
v -0.081880 0.185495 -0.055095
v -0.082506 0.185442 -0.054804
v -0.082866 0.181227 -0.054061
v -0.082809 0.181312 -0.054743
v -0.082572 0.181156 -0.053441
v -0.082005 0.181120 -0.053050
v -0.081318 0.181126 -0.052991
v -0.080694 0.181175 -0.053282
v -0.080301 0.181253 -0.053844
v -0.080244 0.181338 -0.054526
v -0.080539 0.181409 -0.055146
v -0.081105 0.181446 -0.055537
v -0.081793 0.181439 -0.055595
v -0.082416 0.181390 -0.055304
v -0.082773 0.176669 -0.054622
v -0.082716 0.176753 -0.055301
v -0.082479 0.176599 -0.054004
v -0.081914 0.176563 -0.053614
v -0.081230 0.176571 -0.053556
v -0.080608 0.176619 -0.053845
v -0.080217 0.176696 -0.054405
v -0.080160 0.176780 -0.055085
v -0.080453 0.176850 -0.055703
v -0.081018 0.176886 -0.056093
v -0.081703 0.176878 -0.056151
v -0.082324 0.176830 -0.055861
v -0.082655 0.171651 -0.055234
v -0.082598 0.171735 -0.055911
v -0.082362 0.171584 -0.054618
v -0.081800 0.171552 -0.054229
v -0.081117 0.171562 -0.054171
v -0.080498 0.171613 -0.054459
v -0.080108 0.171691 -0.055017
v -0.080052 0.171775 -0.055694
v -0.080344 0.171842 -0.056310
v -0.080907 0.171875 -0.056699
v -0.081589 0.171864 -0.056757
v -0.082208 0.171813 -0.056469
v -0.082489 0.166227 -0.055893
v -0.082433 0.166310 -0.056568
v -0.082198 0.166162 -0.055279
v -0.081638 0.166135 -0.054890
v -0.080958 0.166151 -0.054832
v -0.080341 0.166208 -0.055118
v -0.079952 0.166288 -0.055673
v -0.079896 0.166372 -0.056348
v -0.080187 0.166436 -0.056962
v -0.080748 0.166464 -0.057351
v -0.081428 0.166447 -0.057409
v -0.082044 0.166391 -0.057123
v -0.082254 0.160446 -0.056593
v -0.082198 0.160530 -0.057265
v -0.081964 0.160385 -0.055981
v -0.081406 0.160364 -0.055593
v -0.080729 0.160389 -0.055534
v -0.080114 0.160452 -0.055818
v -0.079727 0.160536 -0.056371
v -0.079671 0.160620 -0.057043
v -0.079961 0.160681 -0.057656
v -0.080520 0.160702 -0.058043
v -0.081196 0.160678 -0.058103
v -0.081811 0.160615 -0.057818
v -0.081926 0.154359 -0.057330
v -0.081870 0.154444 -0.058000
v -0.081637 0.154303 -0.056719
v -0.081081 0.154290 -0.056332
v -0.080407 0.154324 -0.056272
v -0.079796 0.154396 -0.056554
v -0.079410 0.154486 -0.057104
v -0.079354 0.154571 -0.057774
v -0.079643 0.154627 -0.058385
v -0.080199 0.154640 -0.058772
v -0.080873 0.154606 -0.058832
v -0.081485 0.154534 -0.058550
v -0.081482 0.148018 -0.058099
v -0.081426 0.148104 -0.058766
v -0.081195 0.147967 -0.057490
v -0.080642 0.147964 -0.057103
v -0.079971 0.148009 -0.057041
v -0.079362 0.148091 -0.057322
v -0.078979 0.148188 -0.057869
v -0.078923 0.148273 -0.058536
v -0.079210 0.148324 -0.059145
v -0.079764 0.148328 -0.059532
v -0.080434 0.148282 -0.059594
v -0.081043 0.148200 -0.059313
v -0.080900 0.141473 -0.058895
v -0.080845 0.141560 -0.059559
v -0.080614 0.141428 -0.058287
v -0.080064 0.141435 -0.057900
v -0.079397 0.141494 -0.057837
v -0.078791 0.141588 -0.058115
v -0.078410 0.141692 -0.058660
v -0.078355 0.141778 -0.059324
v -0.078641 0.141824 -0.059932
v -0.079191 0.141816 -0.060319
v -0.079858 0.141758 -0.060382
v -0.080463 0.141664 -0.060104
v -0.080156 0.134773 -0.059713
v -0.080101 0.134854 -0.060376
v -0.079873 0.134741 -0.059106
v -0.079327 0.134766 -0.058718
v -0.078664 0.134842 -0.058654
v -0.078062 0.134948 -0.058929
v -0.077683 0.135056 -0.059471
v -0.077627 0.135137 -0.060134
v -0.077911 0.135170 -0.060740
v -0.078457 0.135145 -0.061128
v -0.079120 0.135069 -0.061193
v -0.079721 0.134963 -0.060917
v -0.079675 0.131430 -0.060055
v -0.079618 0.131493 -0.060714
v -0.079398 0.131424 -0.059451
v -0.078861 0.131477 -0.059064
v -0.078207 0.131575 -0.058997
v -0.077612 0.131691 -0.059269
v -0.077235 0.131795 -0.059807
v -0.077178 0.131859 -0.060465
v -0.077455 0.131865 -0.061069
v -0.077992 0.131812 -0.061456
v -0.078646 0.131714 -0.061523
v -0.079241 0.131597 -0.061251
v -0.079094 0.128191 -0.060261
v -0.079033 0.128233 -0.060916
v -0.078825 0.128215 -0.059661
v -0.078297 0.128298 -0.059275
v -0.077653 0.128419 -0.059208
v -0.077065 0.128545 -0.059477
v -0.076691 0.128642 -0.060010
v -0.076630 0.128684 -0.060664
v -0.076900 0.128660 -0.061265
v -0.077427 0.128576 -0.061650
v -0.078071 0.128455 -0.061718
v -0.078659 0.128330 -0.061449
v -0.078426 0.125050 -0.060356
v -0.078362 0.125074 -0.061005
v -0.078164 0.125099 -0.059760
v -0.077647 0.125209 -0.059377
v -0.077013 0.125350 -0.059309
v -0.076432 0.125485 -0.059576
v -0.076060 0.125576 -0.060104
v -0.075997 0.125601 -0.060753
v -0.076258 0.125552 -0.061349
v -0.076775 0.125442 -0.061733
v -0.077409 0.125300 -0.061800
v -0.077990 0.125166 -0.061534
v -0.077683 0.121998 -0.060363
v -0.077617 0.122009 -0.061007
v -0.077428 0.122067 -0.059772
v -0.076921 0.122199 -0.059392
v -0.076298 0.122358 -0.059326
v -0.075724 0.122501 -0.059589
v -0.075355 0.122589 -0.060113
v -0.075289 0.122600 -0.060757
v -0.075543 0.122531 -0.061347
v -0.076050 0.122399 -0.061727
v -0.076674 0.122240 -0.061794
v -0.077247 0.122097 -0.061530
v -0.076878 0.119026 -0.060306
v -0.076810 0.119028 -0.060944
v -0.076630 0.119111 -0.059721
v -0.076133 0.119259 -0.059345
v -0.075519 0.119432 -0.059279
v -0.074953 0.119583 -0.059540
v -0.074587 0.119671 -0.060060
v -0.074519 0.119673 -0.060697
v -0.074767 0.119588 -0.061282
v -0.075265 0.119439 -0.061658
v -0.075879 0.119266 -0.061724
v -0.076444 0.119116 -0.061463
v -0.076024 0.116125 -0.060209
v -0.075956 0.116122 -0.060841
v -0.075782 0.116219 -0.059630
v -0.075292 0.116380 -0.059258
v -0.074688 0.116564 -0.059192
v -0.074129 0.116722 -0.059452
v -0.073767 0.116811 -0.059966
v -0.073699 0.116808 -0.060598
v -0.073941 0.116714 -0.061178
v -0.074431 0.116553 -0.061550
v -0.075035 0.116369 -0.061615
v -0.075594 0.116212 -0.061355
v -0.075134 0.113286 -0.060096
v -0.075066 0.113283 -0.060722
v -0.074895 0.113385 -0.059522
v -0.074413 0.113552 -0.059154
v -0.073816 0.113743 -0.059090
v -0.073266 0.113908 -0.059347
v -0.072908 0.114001 -0.059857
v -0.072840 0.113998 -0.060483
v -0.073079 0.113899 -0.061057
v -0.073562 0.113732 -0.061426
v -0.074158 0.113541 -0.061490
v -0.074708 0.113376 -0.061232
v -0.074219 0.110500 -0.059991
v -0.074153 0.110502 -0.060612
v -0.073982 0.110597 -0.059422
v -0.073505 0.110766 -0.059058
v -0.072917 0.110962 -0.058994
v -0.072373 0.111132 -0.059250
v -0.072022 0.111231 -0.059755
v -0.071955 0.111232 -0.060375
v -0.072192 0.111135 -0.060944
v -0.072669 0.110967 -0.061309
v -0.073258 0.110771 -0.061372
v -0.073801 0.110601 -0.061117
v -0.073293 0.107758 -0.059918
v -0.073231 0.107768 -0.060532
v -0.073056 0.107848 -0.059354
v -0.072583 0.108013 -0.058992
v -0.072001 0.108209 -0.058930
v -0.071465 0.108384 -0.059183
v -0.071119 0.108492 -0.059684
v -0.071057 0.108502 -0.060299
v -0.071294 0.108412 -0.060862
v -0.071767 0.108247 -0.061224
v -0.072349 0.108051 -0.061287
v -0.072885 0.107876 -0.061033
v -0.072368 0.105050 -0.059899
v -0.072311 0.105074 -0.060508
v -0.072129 0.105127 -0.059341
v -0.071658 0.105283 -0.058982
v -0.071081 0.105477 -0.058920
v -0.070552 0.105657 -0.059171
v -0.070213 0.105774 -0.059667
v -0.070156 0.105798 -0.060276
v -0.070395 0.105721 -0.060835
v -0.070866 0.105565 -0.061193
v -0.071443 0.105371 -0.061255
v -0.071972 0.105191 -0.061004
v -0.071456 0.102368 -0.059959
v -0.071405 0.102409 -0.060562
v -0.071214 0.102426 -0.059406
v -0.070743 0.102568 -0.059051
v -0.070169 0.102756 -0.058990
v -0.069647 0.102939 -0.059238
v -0.069316 0.103069 -0.059730
v -0.069266 0.103110 -0.060333
v -0.069508 0.103052 -0.060885
v -0.069979 0.102910 -0.061240
v -0.070552 0.102723 -0.061301
v -0.071074 0.102539 -0.061053
v -0.070566 0.099692 -0.060121
v -0.070524 0.099758 -0.060716
v -0.070318 0.099726 -0.059575
v -0.069847 0.099851 -0.059225
v -0.069278 0.100034 -0.059164
v -0.068764 0.100225 -0.059410
v -0.068443 0.100374 -0.059895
v -0.068401 0.100440 -0.060490
v -0.068649 0.100406 -0.061036
v -0.069121 0.100281 -0.061386
v -0.069690 0.100099 -0.061447
v -0.070203 0.099907 -0.061202
v -0.069688 0.097089 -0.060427
v -0.069657 0.097186 -0.061013
v -0.069434 0.097097 -0.059889
v -0.068962 0.097208 -0.059544
v -0.068400 0.097392 -0.059484
v -0.067897 0.097600 -0.059725
v -0.067589 0.097775 -0.060202
v -0.067558 0.097872 -0.060788
v -0.067812 0.097864 -0.061326
v -0.068284 0.097753 -0.061671
v -0.068846 0.097570 -0.061731
v -0.069349 0.097362 -0.061490
v -0.068809 0.094628 -0.060866
v -0.068788 0.094750 -0.061442
v -0.068551 0.094616 -0.060337
v -0.068081 0.094718 -0.059997
v -0.067526 0.094906 -0.059936
v -0.067034 0.095129 -0.060171
v -0.066738 0.095329 -0.060640
v -0.066717 0.095451 -0.061215
v -0.066975 0.095463 -0.061744
v -0.067445 0.095362 -0.062085
v -0.068000 0.095174 -0.062146
v -0.068491 0.094950 -0.061910
v -0.067933 0.092281 -0.061386
v -0.067918 0.092418 -0.061953
v -0.067673 0.092258 -0.060864
v -0.067207 0.092355 -0.060528
v -0.066659 0.092546 -0.060467
v -0.066177 0.092779 -0.060697
v -0.065889 0.092992 -0.061158
v -0.065873 0.093129 -0.061724
v -0.066133 0.093152 -0.062246
v -0.066600 0.093055 -0.062582
v -0.067148 0.092864 -0.062643
v -0.067630 0.092631 -0.062413
v -0.067061 0.090011 -0.061933
v -0.067047 0.090150 -0.062494
v -0.066803 0.089987 -0.061417
v -0.066342 0.090085 -0.061084
v -0.065801 0.090276 -0.061023
v -0.065325 0.090512 -0.061250
v -0.065042 0.090727 -0.061705
v -0.065027 0.090866 -0.062265
v -0.065285 0.090890 -0.062781
v -0.065747 0.090792 -0.063114
v -0.066288 0.090601 -0.063175
v -0.066764 0.090365 -0.062948
v -0.066193 0.087781 -0.062458
v -0.066175 0.087908 -0.063014
v -0.065940 0.087766 -0.061945
v -0.065486 0.087868 -0.061614
v -0.064951 0.088060 -0.061553
v -0.064479 0.088290 -0.061778
v -0.064196 0.088496 -0.062230
v -0.064178 0.088624 -0.062786
v -0.064431 0.088639 -0.063299
v -0.064885 0.088537 -0.063630
v -0.065420 0.088345 -0.063692
v -0.065892 0.088115 -0.063466
v -0.065328 0.085551 -0.062908
v -0.065302 0.085656 -0.063463
v -0.065085 0.085555 -0.062397
v -0.064640 0.085667 -0.062067
v -0.064110 0.085857 -0.062006
v -0.063639 0.086074 -0.062232
v -0.063352 0.086261 -0.062682
v -0.063326 0.086366 -0.063238
v -0.063569 0.086362 -0.063749
v -0.064014 0.086250 -0.064079
v -0.064544 0.086060 -0.064139
v -0.065015 0.085843 -0.063914
v -0.064466 0.083285 -0.063235
v -0.064429 0.083356 -0.063789
v -0.064237 0.083316 -0.062725
v -0.063801 0.083442 -0.062397
v -0.063277 0.083629 -0.062337
v -0.062804 0.083827 -0.062562
v -0.062509 0.083982 -0.063012
v -0.062472 0.084053 -0.063566
v -0.062701 0.084022 -0.064076
v -0.063137 0.083896 -0.064405
v -0.063661 0.083709 -0.064465
v -0.064134 0.083511 -0.064239
v -0.063608 0.080941 -0.063389
v -0.063555 0.080970 -0.063940
v -0.063393 0.081008 -0.062883
v -0.062969 0.081151 -0.062556
v -0.062449 0.081334 -0.062497
v -0.061972 0.081506 -0.062722
v -0.061667 0.081622 -0.063169
v -0.061615 0.081650 -0.063720
v -0.061829 0.081584 -0.064227
v -0.062253 0.081440 -0.064553
v -0.062773 0.081258 -0.064612
v -0.063250 0.081086 -0.064388
v -0.062750 0.078481 -0.063321
v -0.062682 0.078461 -0.063865
v -0.062552 0.078587 -0.062821
v -0.062139 0.078750 -0.062499
v -0.061623 0.078927 -0.062440
v -0.061142 0.079070 -0.062662
v -0.060825 0.079141 -0.063103
v -0.060757 0.079120 -0.063647
v -0.060955 0.079014 -0.064147
v -0.061368 0.078851 -0.064469
v -0.061883 0.078675 -0.064528
v -0.062364 0.078532 -0.064306
v -0.061893 0.075864 -0.062981
v -0.061809 0.075793 -0.063512
v -0.061710 0.076010 -0.062491
v -0.061309 0.076193 -0.062175
v -0.060797 0.076364 -0.062117
v -0.060312 0.076476 -0.062332
v -0.059983 0.076499 -0.062763
v -0.059899 0.076429 -0.063294
v -0.060082 0.076282 -0.063783
v -0.060483 0.076099 -0.064100
v -0.060994 0.075929 -0.064158
v -0.061480 0.075817 -0.063943
v -0.061034 0.073048 -0.062317
v -0.060936 0.072928 -0.062831
v -0.060866 0.073233 -0.061842
v -0.060475 0.073435 -0.061534
v -0.059967 0.073599 -0.061476
v -0.059478 0.073681 -0.061682
v -0.059140 0.073659 -0.062097
v -0.059042 0.073540 -0.062611
v -0.059210 0.073354 -0.063086
v -0.059601 0.073153 -0.063394
v -0.060109 0.072989 -0.063453
v -0.060597 0.072907 -0.063247
v -0.060174 0.069991 -0.061277
v -0.060067 0.069836 -0.061773
v -0.060015 0.070204 -0.060817
v -0.059632 0.070417 -0.060517
v -0.059129 0.070574 -0.060457
v -0.058639 0.070632 -0.060653
v -0.058294 0.070576 -0.061053
v -0.058187 0.070420 -0.061549
v -0.058345 0.070208 -0.062009
v -0.058728 0.069995 -0.062309
v -0.059232 0.069838 -0.062369
v -0.059722 0.069780 -0.062173
v -0.059773 0.068452 -0.060660
v -0.059662 0.068279 -0.061146
v -0.059619 0.068676 -0.060209
v -0.059240 0.068890 -0.059912
v -0.058737 0.069038 -0.059849
v -0.058247 0.069079 -0.060038
v -0.057899 0.069003 -0.060427
v -0.057788 0.068830 -0.060912
v -0.057942 0.068606 -0.061364
v -0.058322 0.068392 -0.061660
v -0.058824 0.068244 -0.061723
v -0.059314 0.068203 -0.061535
v -0.059436 0.067015 -0.060052
v -0.059322 0.066831 -0.060528
v -0.059283 0.067243 -0.059606
v -0.058906 0.067453 -0.059310
v -0.058406 0.067590 -0.059244
v -0.057915 0.067616 -0.059424
v -0.057566 0.067525 -0.059804
v -0.057453 0.067341 -0.060281
v -0.057605 0.067114 -0.060727
v -0.057982 0.066903 -0.061022
v -0.058483 0.066767 -0.061089
v -0.058974 0.066740 -0.060908
v -0.059160 0.065675 -0.059448
v -0.059045 0.065478 -0.059915
v -0.059011 0.065907 -0.059008
v -0.058636 0.066113 -0.058713
v -0.058136 0.066237 -0.058642
v -0.057646 0.066247 -0.058814
v -0.057296 0.066138 -0.059182
v -0.057181 0.065942 -0.059649
v -0.057331 0.065709 -0.060089
v -0.057706 0.065504 -0.060384
v -0.058205 0.065379 -0.060455
v -0.058695 0.065370 -0.060284
v -0.058946 0.064421 -0.058844
v -0.058829 0.064210 -0.059300
v -0.058799 0.064658 -0.058411
v -0.058426 0.064859 -0.058116
v -0.057928 0.064970 -0.058039
v -0.057438 0.064960 -0.058201
v -0.057088 0.064833 -0.058557
v -0.056971 0.064622 -0.059014
v -0.057118 0.064385 -0.059447
v -0.057491 0.064184 -0.059742
v -0.057989 0.064073 -0.059818
v -0.058479 0.064083 -0.059657
v -0.058793 0.063243 -0.058236
v -0.058674 0.063018 -0.058681
v -0.058647 0.063487 -0.057810
v -0.058276 0.063682 -0.057516
v -0.057780 0.063777 -0.057432
v -0.057292 0.063747 -0.057581
v -0.056941 0.063599 -0.057924
v -0.056823 0.063373 -0.058368
v -0.056968 0.063130 -0.058795
v -0.057339 0.062935 -0.059089
v -0.057835 0.062839 -0.059173
v -0.058324 0.062870 -0.059023
v -0.058698 0.062132 -0.057620
v -0.058579 0.061890 -0.058051
v -0.058554 0.062381 -0.057201
v -0.058186 0.062571 -0.056906
v -0.057692 0.062650 -0.056814
v -0.057205 0.062598 -0.056951
v -0.056855 0.062428 -0.057278
v -0.056736 0.062186 -0.057709
v -0.056880 0.061937 -0.058128
v -0.057249 0.061747 -0.058423
v -0.057742 0.061668 -0.058514
v -0.058229 0.061720 -0.058378
v -0.058660 0.061076 -0.056989
v -0.058542 0.060818 -0.057406
v -0.058518 0.061331 -0.056578
v -0.058152 0.061515 -0.056283
v -0.057662 0.061578 -0.056182
v -0.057178 0.061503 -0.056304
v -0.056830 0.061311 -0.056615
v -0.056711 0.061053 -0.057032
v -0.056854 0.060797 -0.057443
v -0.057220 0.060614 -0.057738
v -0.057710 0.060551 -0.057838
v -0.058194 0.060626 -0.057717
v -0.058679 0.060065 -0.056339
v -0.058562 0.059791 -0.056742
v -0.058538 0.060326 -0.055936
v -0.058175 0.060503 -0.055640
v -0.057689 0.060550 -0.055530
v -0.057209 0.060453 -0.055636
v -0.056864 0.060238 -0.055929
v -0.056747 0.059964 -0.056332
v -0.056889 0.059703 -0.056735
v -0.057252 0.059526 -0.057031
v -0.057738 0.059479 -0.057141
v -0.058218 0.059576 -0.057035
v -0.058754 0.059088 -0.055665
v -0.058640 0.058798 -0.056052
v -0.058613 0.059354 -0.055270
v -0.058254 0.059525 -0.054973
v -0.057772 0.059556 -0.054853
v -0.057298 0.059437 -0.054943
v -0.056958 0.059202 -0.055218
v -0.056843 0.058912 -0.055606
v -0.056985 0.058646 -0.056001
v -0.057344 0.058475 -0.056298
v -0.057825 0.058444 -0.056418
v -0.058300 0.058563 -0.056328
v -0.058885 0.058133 -0.054960
v -0.058773 0.057830 -0.055333
v -0.058744 0.058404 -0.054573
v -0.058387 0.058570 -0.054275
v -0.057912 0.058585 -0.054145
v -0.057444 0.058447 -0.054219
v -0.057110 0.058193 -0.054477
v -0.056998 0.057889 -0.054850
v -0.057139 0.057619 -0.055237
v -0.057495 0.057453 -0.055536
v -0.057971 0.057437 -0.055665
v -0.058439 0.057575 -0.055591
v -0.059070 0.057192 -0.054220
v -0.058962 0.056876 -0.054579
v -0.058929 0.057466 -0.053840
v -0.058576 0.057626 -0.053541
v -0.058107 0.057629 -0.053402
v -0.057647 0.057473 -0.053461
v -0.057319 0.057201 -0.053702
v -0.057211 0.056886 -0.054060
v -0.057352 0.056612 -0.054440
v -0.057705 0.056452 -0.054740
v -0.058174 0.056449 -0.054879
v -0.058634 0.056605 -0.054820
v -0.059310 0.056255 -0.053440
v -0.059206 0.055930 -0.053786
v -0.059169 0.056531 -0.053066
v -0.058820 0.056684 -0.052764
v -0.058358 0.056673 -0.052616
v -0.057906 0.056502 -0.052660
v -0.057585 0.056216 -0.052886
v -0.057481 0.055892 -0.053232
v -0.057622 0.055616 -0.053606
v -0.057970 0.055463 -0.053908
v -0.058432 0.055473 -0.054056
v -0.058885 0.055644 -0.054012
v -0.059451 0.055837 -0.053079
v -0.059349 0.055503 -0.053419
v -0.059309 0.056115 -0.052704
v -0.058962 0.056261 -0.052394
v -0.058502 0.056236 -0.052232
v -0.058053 0.056047 -0.052262
v -0.057735 0.055745 -0.052476
v -0.057634 0.055411 -0.052816
v -0.057776 0.055133 -0.053192
v -0.058123 0.054987 -0.053502
v -0.058583 0.055012 -0.053663
v -0.059032 0.055201 -0.053633
v -0.059620 0.055423 -0.052711
v -0.059521 0.055079 -0.053046
v -0.059477 0.055701 -0.052334
v -0.059132 0.055839 -0.052015
v -0.058676 0.055800 -0.051840
v -0.058231 0.055595 -0.051857
v -0.057917 0.055278 -0.052059
v -0.057818 0.054934 -0.052395
v -0.057960 0.054656 -0.052772
v -0.058306 0.054518 -0.053091
v -0.058762 0.054557 -0.053266
v -0.059207 0.054762 -0.053249
v -0.059816 0.055008 -0.052333
v -0.059720 0.054655 -0.052663
v -0.059673 0.055287 -0.051954
v -0.059329 0.055419 -0.051627
v -0.058877 0.055368 -0.051441
v -0.058437 0.055147 -0.051444
v -0.058127 0.054817 -0.051637
v -0.058031 0.054464 -0.051967
v -0.058174 0.054185 -0.052346
v -0.058518 0.054053 -0.052672
v -0.058971 0.054104 -0.052859
v -0.059411 0.054325 -0.052855
v -0.060040 0.054591 -0.051942
v -0.059947 0.054230 -0.052267
v -0.059896 0.054873 -0.051562
v -0.059553 0.055000 -0.051229
v -0.059104 0.054938 -0.051032
v -0.058669 0.054704 -0.051024
v -0.058364 0.054360 -0.051206
v -0.058271 0.053999 -0.051531
v -0.058415 0.053718 -0.051911
v -0.058758 0.053591 -0.052244
v -0.059207 0.053653 -0.052442
v -0.059642 0.053887 -0.052450
v -0.060290 0.054173 -0.051537
v -0.060201 0.053804 -0.051857
v -0.060144 0.054457 -0.051157
v -0.059803 0.054581 -0.050818
v -0.059357 0.054510 -0.050612
v -0.058926 0.054264 -0.050593
v -0.058625 0.053908 -0.050766
v -0.058536 0.053539 -0.051086
v -0.058682 0.053255 -0.051466
v -0.059023 0.053131 -0.051805
v -0.059469 0.053202 -0.052012
v -0.059900 0.053448 -0.052031
v -0.060566 0.053752 -0.051116
v -0.060480 0.053374 -0.051431
v -0.060418 0.054039 -0.050736
v -0.060077 0.054160 -0.050392
v -0.059634 0.054082 -0.050178
v -0.059207 0.053825 -0.050149
v -0.058911 0.053459 -0.050315
v -0.058825 0.053082 -0.050630
v -0.058973 0.052794 -0.051010
v -0.059314 0.052673 -0.051353
v -0.059757 0.052752 -0.051568
v -0.060184 0.053008 -0.051596
v -0.060866 0.053327 -0.050676
v -0.060784 0.052942 -0.050986
v -0.060716 0.053618 -0.050297
v -0.060375 0.053737 -0.049950
v -0.059933 0.053653 -0.049729
v -0.059510 0.053387 -0.049692
v -0.059218 0.053012 -0.049850
v -0.059137 0.052627 -0.050160
v -0.059286 0.052336 -0.050539
v -0.059628 0.052216 -0.050886
v -0.060069 0.052301 -0.051107
v -0.060492 0.052566 -0.051144
v -0.061189 0.052898 -0.050217
v -0.061111 0.052506 -0.050523
v -0.061037 0.053193 -0.049839
v -0.060695 0.053312 -0.049490
v -0.060255 0.053223 -0.049262
v -0.059835 0.052949 -0.049218
v -0.059547 0.052565 -0.049369
v -0.059469 0.052173 -0.049675
v -0.059621 0.051878 -0.050053
v -0.059963 0.051759 -0.050402
v -0.060404 0.051848 -0.050629
v -0.060824 0.052122 -0.050674
v -0.061536 0.052465 -0.049736
v -0.061461 0.052066 -0.050037
v -0.061380 0.052764 -0.049360
v -0.061037 0.052883 -0.049009
v -0.060597 0.052790 -0.048777
v -0.060180 0.052510 -0.048727
v -0.059896 0.052118 -0.048871
v -0.059821 0.051719 -0.049172
v -0.059977 0.051420 -0.049549
v -0.060320 0.051301 -0.049900
v -0.060759 0.051393 -0.050132
v -0.061177 0.051674 -0.050182
v -0.061903 0.052026 -0.049232
v -0.061832 0.051620 -0.049529
v -0.061744 0.052330 -0.048858
v -0.061399 0.052450 -0.048506
v -0.060959 0.052354 -0.048270
v -0.060543 0.052069 -0.048215
v -0.060263 0.051670 -0.048354
v -0.060192 0.051264 -0.048651
v -0.060350 0.050960 -0.049025
v -0.060696 0.050840 -0.049378
v -0.061135 0.050935 -0.049613
v -0.061551 0.051221 -0.049668
v -0.062290 0.051581 -0.048703
v -0.062223 0.051169 -0.048996
v -0.062128 0.051890 -0.048331
v -0.061780 0.052012 -0.047979
v -0.061340 0.051914 -0.047741
v -0.060925 0.051624 -0.047681
v -0.060647 0.051219 -0.047816
v -0.060580 0.050806 -0.048108
v -0.060742 0.050498 -0.048480
v -0.061090 0.050376 -0.048833
v -0.061530 0.050473 -0.049071
v -0.061945 0.050764 -0.049130
v -0.062696 0.051130 -0.048148
v -0.062633 0.050712 -0.048436
v -0.062530 0.051443 -0.047778
v -0.062180 0.051567 -0.047426
v -0.061738 0.051469 -0.047187
v -0.061324 0.051175 -0.047123
v -0.061048 0.050764 -0.047253
v -0.060984 0.050345 -0.047542
v -0.061150 0.050032 -0.047912
v -0.061501 0.049908 -0.048263
v -0.061943 0.050007 -0.048503
v -0.062357 0.050301 -0.048566
vt 0.000000 1.000000
vt 0.010417 1.000000
vt 0.010417 0.916667
vt 0.000000 0.916667
vt 0.000000 0.083333
vt 0.010417 0.083333
vt 0.010417 0.000000
vt 0.000000 0.000000
vt 0.000000 0.166667
vt 0.010417 0.166667
vt 0.000000 0.250000
vt 0.010417 0.250000
vt 0.000000 0.333333
vt 0.010417 0.333333
vt 0.000000 0.416667
vt 0.010417 0.416667
vt 0.000000 0.500000
vt 0.010417 0.500000
vt 0.000000 0.583333
vt 0.010417 0.583333
vt 0.000000 0.666667
vt 0.010417 0.666667
vt 0.000000 0.750000
vt 0.010417 0.750000
vt 0.000000 0.833333
vt 0.010417 0.833333
vt 0.020833 1.000000
vt 0.020833 0.916667
vt 0.020833 0.083333
vt 0.020833 0.000000
vt 0.020833 0.166667
vt 0.020833 0.250000
vt 0.020833 0.333333
vt 0.020833 0.416667
vt 0.020833 0.500000
vt 0.020833 0.583333
vt 0.020833 0.666667
vt 0.020833 0.750000
vt 0.020833 0.833333
vt 0.031250 1.000000
vt 0.031250 0.916667
vt 0.031250 0.083333
vt 0.031250 0.000000
vt 0.031250 0.166667
vt 0.031250 0.250000
vt 0.031250 0.333333
vt 0.031250 0.416667
vt 0.031250 0.500000
vt 0.031250 0.583333
vt 0.031250 0.666667
vt 0.031250 0.750000
vt 0.031250 0.833333
vt 0.041667 1.000000
vt 0.041667 0.916667
vt 0.041667 0.083333
vt 0.041667 0.000000
vt 0.041667 0.166667
vt 0.041667 0.250000
vt 0.041667 0.333333
vt 0.041667 0.416667
vt 0.041667 0.500000
vt 0.041667 0.583333
vt 0.041667 0.666667
vt 0.041667 0.750000
vt 0.041667 0.833333
vt 0.052083 1.000000
vt 0.052083 0.916667
vt 0.052083 0.083333
vt 0.052083 0.000000
vt 0.052083 0.166667
vt 0.052083 0.250000
vt 0.052083 0.333333
vt 0.052083 0.416667
vt 0.052083 0.500000
vt 0.052083 0.583333
vt 0.052083 0.666667
vt 0.052083 0.750000
vt 0.052083 0.833333
vt 0.062500 1.000000
vt 0.062500 0.916667
vt 0.062500 0.083333
vt 0.062500 0.000000
vt 0.062500 0.166667
vt 0.062500 0.250000
vt 0.062500 0.333333
vt 0.062500 0.416667
vt 0.062500 0.500000
vt 0.062500 0.583333
vt 0.062500 0.666667
vt 0.062500 0.750000
vt 0.062500 0.833333
vt 0.072917 1.000000
vt 0.072917 0.916667
vt 0.072917 0.083333
vt 0.072917 0.000000
vt 0.072917 0.166667
vt 0.072917 0.250000
vt 0.072917 0.333333
vt 0.072917 0.416667
vt 0.072917 0.500000
vt 0.072917 0.583333
vt 0.072917 0.666667
vt 0.072917 0.750000
vt 0.072917 0.833333
vt 0.083333 1.000000
vt 0.083333 0.916667
vt 0.083333 0.083333
vt 0.083333 0.000000
vt 0.083333 0.166667
vt 0.083333 0.250000
vt 0.083333 0.333333
vt 0.083333 0.416667
vt 0.083333 0.500000
vt 0.083333 0.583333
vt 0.083333 0.666667
vt 0.083333 0.750000
vt 0.083333 0.833333
vt 0.093750 1.000000
vt 0.093750 0.916667
vt 0.093750 0.083333
vt 0.093750 0.000000
vt 0.093750 0.166667
vt 0.093750 0.250000
vt 0.093750 0.333333
vt 0.093750 0.416667
vt 0.093750 0.500000
vt 0.093750 0.583333
vt 0.093750 0.666667
vt 0.093750 0.750000
vt 0.093750 0.833333
vt 0.104167 1.000000
vt 0.104167 0.916667
vt 0.104167 0.083333
vt 0.104167 0.000000
vt 0.104167 0.166667
vt 0.104167 0.250000
vt 0.104167 0.333333
vt 0.104167 0.416667
vt 0.104167 0.500000
vt 0.104167 0.583333
vt 0.104167 0.666667
vt 0.104167 0.750000
vt 0.104167 0.833333
vt 0.114583 1.000000
vt 0.114583 0.916667
vt 0.114583 0.083333
vt 0.114583 0.000000
vt 0.114583 0.166667
vt 0.114583 0.250000
vt 0.114583 0.333333
vt 0.114583 0.416667
vt 0.114583 0.500000
vt 0.114583 0.583333
vt 0.114583 0.666667
vt 0.114583 0.750000
vt 0.114583 0.833333
vt 0.125000 1.000000
vt 0.125000 0.916667
vt 0.125000 0.083333
vt 0.125000 0.000000
vt 0.125000 0.166667
vt 0.125000 0.250000
vt 0.125000 0.333333
vt 0.125000 0.416667
vt 0.125000 0.500000
vt 0.125000 0.583333
vt 0.125000 0.666667
vt 0.125000 0.750000
vt 0.125000 0.833333
vt 0.135417 1.000000
vt 0.135417 0.916667
vt 0.135417 0.083333
vt 0.135417 0.000000
vt 0.135417 0.166667
vt 0.135417 0.250000
vt 0.135417 0.333333
vt 0.135417 0.416667
vt 0.135417 0.500000
vt 0.135417 0.583333
vt 0.135417 0.666667
vt 0.135417 0.750000
vt 0.135417 0.833333
vt 0.145833 1.000000
vt 0.145833 0.916667
vt 0.145833 0.083333
vt 0.145833 0.000000
vt 0.145833 0.166667
vt 0.145833 0.250000
vt 0.145833 0.333333
vt 0.145833 0.416667
vt 0.145833 0.500000
vt 0.145833 0.583333
vt 0.145833 0.666667
vt 0.145833 0.750000
vt 0.145833 0.833333
vt 0.156250 1.000000
vt 0.156250 0.916667
vt 0.156250 0.083333
vt 0.156250 0.000000
vt 0.156250 0.166667
vt 0.156250 0.250000
vt 0.156250 0.333333
vt 0.156250 0.416667
vt 0.156250 0.500000
vt 0.156250 0.583333
vt 0.156250 0.666667
vt 0.156250 0.750000
vt 0.156250 0.833333
vt 0.166667 1.000000
vt 0.166667 0.916667
vt 0.166667 0.083333
vt 0.166667 0.000000
vt 0.166667 0.166667
vt 0.166667 0.250000
vt 0.166667 0.333333
vt 0.166667 0.416667
vt 0.166667 0.500000
vt 0.166667 0.583333
vt 0.166667 0.666667
vt 0.166667 0.750000
vt 0.166667 0.833333
vt 0.177083 1.000000
vt 0.177083 0.916667
vt 0.177083 0.083333
vt 0.177083 0.000000
vt 0.177083 0.166667
vt 0.177083 0.250000
vt 0.177083 0.333333
vt 0.177083 0.416667
vt 0.177083 0.500000
vt 0.177083 0.583333
vt 0.177083 0.666667
vt 0.177083 0.750000
vt 0.177083 0.833333
vt 0.187500 1.000000
vt 0.187500 0.916667
vt 0.187500 0.083333
vt 0.187500 0.000000
vt 0.187500 0.166667
vt 0.187500 0.250000
vt 0.187500 0.333333
vt 0.187500 0.416667
vt 0.187500 0.500000
vt 0.187500 0.583333
vt 0.187500 0.666667
vt 0.187500 0.750000
vt 0.187500 0.833333
vt 0.197917 1.000000
vt 0.197917 0.916667
vt 0.197917 0.083333
vt 0.197917 0.000000
vt 0.197917 0.166667
vt 0.197917 0.250000
vt 0.197917 0.333333
vt 0.197917 0.416667
vt 0.197917 0.500000
vt 0.197917 0.583333
vt 0.197917 0.666667
vt 0.197917 0.750000
vt 0.197917 0.833333
vt 0.208333 1.000000
vt 0.208333 0.916667
vt 0.208333 0.083333
vt 0.208333 0.000000
vt 0.208333 0.166667
vt 0.208333 0.250000
vt 0.208333 0.333333
vt 0.208333 0.416667
vt 0.208333 0.500000
vt 0.208333 0.583333
vt 0.208333 0.666667
vt 0.208333 0.750000
vt 0.208333 0.833333
vt 0.218750 1.000000
vt 0.218750 0.916667
vt 0.218750 0.083333
vt 0.218750 0.000000
vt 0.218750 0.166667
vt 0.218750 0.250000
vt 0.218750 0.333333
vt 0.218750 0.416667
vt 0.218750 0.500000
vt 0.218750 0.583333
vt 0.218750 0.666667
vt 0.218750 0.750000
vt 0.218750 0.833333
vt 0.229167 1.000000
vt 0.229167 0.916667
vt 0.229167 0.083333
vt 0.229167 0.000000
vt 0.229167 0.166667
vt 0.229167 0.250000
vt 0.229167 0.333333
vt 0.229167 0.416667
vt 0.229167 0.500000
vt 0.229167 0.583333
vt 0.229167 0.666667
vt 0.229167 0.750000
vt 0.229167 0.833333
vt 0.239583 1.000000
vt 0.239583 0.916667
vt 0.239583 0.083333
vt 0.239583 0.000000
vt 0.239583 0.166667
vt 0.239583 0.250000
vt 0.239583 0.333333
vt 0.239583 0.416667
vt 0.239583 0.500000
vt 0.239583 0.583333
vt 0.239583 0.666667
vt 0.239583 0.750000
vt 0.239583 0.833333
vt 0.250000 1.000000
vt 0.250000 0.916667
vt 0.250000 0.083333
vt 0.250000 0.000000
vt 0.250000 0.166667
vt 0.250000 0.250000
vt 0.250000 0.333333
vt 0.250000 0.416667
vt 0.250000 0.500000
vt 0.250000 0.583333
vt 0.250000 0.666667
vt 0.250000 0.750000
vt 0.250000 0.833333
vt 0.260417 1.000000
vt 0.260417 0.916667
vt 0.260417 0.083333
vt 0.260417 0.000000
vt 0.260417 0.166667
vt 0.260417 0.250000
vt 0.260417 0.333333
vt 0.260417 0.416667
vt 0.260417 0.500000
vt 0.260417 0.583333
vt 0.260417 0.666667
vt 0.260417 0.750000
vt 0.260417 0.833333
vt 0.270833 1.000000
vt 0.270833 0.916667
vt 0.270833 0.083333
vt 0.270833 0.000000
vt 0.270833 0.166667
vt 0.270833 0.250000
vt 0.270833 0.333333
vt 0.270833 0.416667
vt 0.270833 0.500000
vt 0.270833 0.583333
vt 0.270833 0.666667
vt 0.270833 0.750000
vt 0.270833 0.833333
vt 0.281250 1.000000
vt 0.281250 0.916667
vt 0.281250 0.083333
vt 0.281250 0.000000
vt 0.281250 0.166667
vt 0.281250 0.250000
vt 0.281250 0.333333
vt 0.281250 0.416667
vt 0.281250 0.500000
vt 0.281250 0.583333
vt 0.281250 0.666667
vt 0.281250 0.750000
vt 0.281250 0.833333
vt 0.291667 1.000000
vt 0.291667 0.916667
vt 0.291667 0.083333
vt 0.291667 0.000000
vt 0.291667 0.166667
vt 0.291667 0.250000
vt 0.291667 0.333333
vt 0.291667 0.416667
vt 0.291667 0.500000
vt 0.291667 0.583333
vt 0.291667 0.666667
vt 0.291667 0.750000
vt 0.291667 0.833333
vt 0.302083 1.000000
vt 0.302083 0.916667
vt 0.302083 0.083333
vt 0.302083 0.000000
vt 0.302083 0.166667
vt 0.302083 0.250000
vt 0.302083 0.333333
vt 0.302083 0.416667
vt 0.302083 0.500000
vt 0.302083 0.583333
vt 0.302083 0.666667
vt 0.302083 0.750000
vt 0.302083 0.833333
vt 0.312500 1.000000
vt 0.312500 0.916667
vt 0.312500 0.083333
vt 0.312500 0.000000
vt 0.312500 0.166667
vt 0.312500 0.250000
vt 0.312500 0.333333
vt 0.312500 0.416667
vt 0.312500 0.500000
vt 0.312500 0.583333
vt 0.312500 0.666667
vt 0.312500 0.750000
vt 0.312500 0.833333
vt 0.322917 1.000000
vt 0.322917 0.916667
vt 0.322917 0.083333
vt 0.322917 0.000000
vt 0.322917 0.166667
vt 0.322917 0.250000
vt 0.322917 0.333333
vt 0.322917 0.416667
vt 0.322917 0.500000
vt 0.322917 0.583333
vt 0.322917 0.666667
vt 0.322917 0.750000
vt 0.322917 0.833333
vt 0.333333 1.000000
vt 0.333333 0.916667
vt 0.333333 0.083333
vt 0.333333 0.000000
vt 0.333333 0.166667
vt 0.333333 0.250000
vt 0.333333 0.333333
vt 0.333333 0.416667
vt 0.333333 0.500000
vt 0.333333 0.583333
vt 0.333333 0.666667
vt 0.333333 0.750000
vt 0.333333 0.833333
vt 0.343750 1.000000
vt 0.343750 0.916667
vt 0.343750 0.083333
vt 0.343750 0.000000
vt 0.343750 0.166667
vt 0.343750 0.250000
vt 0.343750 0.333333
vt 0.343750 0.416667
vt 0.343750 0.500000
vt 0.343750 0.583333
vt 0.343750 0.666667
vt 0.343750 0.750000
vt 0.343750 0.833333
vt 0.354167 1.000000
vt 0.354167 0.916667
vt 0.354167 0.083333
vt 0.354167 0.000000
vt 0.354167 0.166667
vt 0.354167 0.250000
vt 0.354167 0.333333
vt 0.354167 0.416667
vt 0.354167 0.500000
vt 0.354167 0.583333
vt 0.354167 0.666667
vt 0.354167 0.750000
vt 0.354167 0.833333
vt 0.364583 1.000000
vt 0.364583 0.916667
vt 0.364583 0.083333
vt 0.364583 0.000000
vt 0.364583 0.166667
vt 0.364583 0.250000
vt 0.364583 0.333333
vt 0.364583 0.416667
vt 0.364583 0.500000
vt 0.364583 0.583333
vt 0.364583 0.666667
vt 0.364583 0.750000
vt 0.364583 0.833333
vt 0.375000 1.000000
vt 0.375000 0.916667
vt 0.375000 0.083333
vt 0.375000 0.000000
vt 0.375000 0.166667
vt 0.375000 0.250000
vt 0.375000 0.333333
vt 0.375000 0.416667
vt 0.375000 0.500000
vt 0.375000 0.583333
vt 0.375000 0.666667
vt 0.375000 0.750000
vt 0.375000 0.833333
vt 0.385417 1.000000
vt 0.385417 0.916667
vt 0.385417 0.083333
vt 0.385417 0.000000
vt 0.385417 0.166667
vt 0.385417 0.250000
vt 0.385417 0.333333
vt 0.385417 0.416667
vt 0.385417 0.500000
vt 0.385417 0.583333
vt 0.385417 0.666667
vt 0.385417 0.750000
vt 0.385417 0.833333
vt 0.395833 1.000000
vt 0.395833 0.916667
vt 0.395833 0.083333
vt 0.395833 0.000000
vt 0.395833 0.166667
vt 0.395833 0.250000
vt 0.395833 0.333333
vt 0.395833 0.416667
vt 0.395833 0.500000
vt 0.395833 0.583333
vt 0.395833 0.666667
vt 0.395833 0.750000
vt 0.395833 0.833333
vt 0.406250 1.000000
vt 0.406250 0.916667
vt 0.406250 0.083333
vt 0.406250 0.000000
vt 0.406250 0.166667
vt 0.406250 0.250000
vt 0.406250 0.333333
vt 0.406250 0.416667
vt 0.406250 0.500000
vt 0.406250 0.583333
vt 0.406250 0.666667
vt 0.406250 0.750000
vt 0.406250 0.833333
vt 0.416667 1.000000
vt 0.416667 0.916667
vt 0.416667 0.083333
vt 0.416667 0.000000
vt 0.416667 0.166667
vt 0.416667 0.250000
vt 0.416667 0.333333
vt 0.416667 0.416667
vt 0.416667 0.500000
vt 0.416667 0.583333
vt 0.416667 0.666667
vt 0.416667 0.750000
vt 0.416667 0.833333
vt 0.427083 1.000000
vt 0.427083 0.916667
vt 0.427083 0.083333
vt 0.427083 0.000000
vt 0.427083 0.166667
vt 0.427083 0.250000
vt 0.427083 0.333333
vt 0.427083 0.416667
vt 0.427083 0.500000
vt 0.427083 0.583333
vt 0.427083 0.666667
vt 0.427083 0.750000
vt 0.427083 0.833333
vt 0.437500 1.000000
vt 0.437500 0.916667
vt 0.437500 0.083333
vt 0.437500 0.000000
vt 0.437500 0.166667
vt 0.437500 0.250000
vt 0.437500 0.333333
vt 0.437500 0.416667
vt 0.437500 0.500000
vt 0.437500 0.583333
vt 0.437500 0.666667
vt 0.437500 0.750000
vt 0.437500 0.833333
vt 0.447917 1.000000
vt 0.447917 0.916667
vt 0.447917 0.083333
vt 0.447917 0.000000
vt 0.447917 0.166667
vt 0.447917 0.250000
vt 0.447917 0.333333
vt 0.447917 0.416667
vt 0.447917 0.500000
vt 0.447917 0.583333
vt 0.447917 0.666667
vt 0.447917 0.750000
vt 0.447917 0.833333
vt 0.458333 1.000000
vt 0.458333 0.916667
vt 0.458333 0.083333
vt 0.458333 0.000000
vt 0.458333 0.166667
vt 0.458333 0.250000
vt 0.458333 0.333333
vt 0.458333 0.416667
vt 0.458333 0.500000
vt 0.458333 0.583333
vt 0.458333 0.666667
vt 0.458333 0.750000
vt 0.458333 0.833333
vt 0.468750 1.000000
vt 0.468750 0.916667
vt 0.468750 0.083333
vt 0.468750 0.000000
vt 0.468750 0.166667
vt 0.468750 0.250000
vt 0.468750 0.333333
vt 0.468750 0.416667
vt 0.468750 0.500000
vt 0.468750 0.583333
vt 0.468750 0.666667
vt 0.468750 0.750000
vt 0.468750 0.833333
vt 0.479167 1.000000
vt 0.479167 0.916667
vt 0.479167 0.083333
vt 0.479167 0.000000
vt 0.479167 0.166667
vt 0.479167 0.250000
vt 0.479167 0.333333
vt 0.479167 0.416667
vt 0.479167 0.500000
vt 0.479167 0.583333
vt 0.479167 0.666667
vt 0.479167 0.750000
vt 0.479167 0.833333
vt 0.489583 1.000000
vt 0.489583 0.916667
vt 0.489583 0.083333
vt 0.489583 0.000000
vt 0.489583 0.166667
vt 0.489583 0.250000
vt 0.489583 0.333333
vt 0.489583 0.416667
vt 0.489583 0.500000
vt 0.489583 0.583333
vt 0.489583 0.666667
vt 0.489583 0.750000
vt 0.489583 0.833333
vt 0.500000 1.000000
vt 0.500000 0.916667
vt 0.500000 0.083333
vt 0.500000 0.000000
vt 0.500000 0.166667
vt 0.500000 0.250000
vt 0.500000 0.333333
vt 0.500000 0.416667
vt 0.500000 0.500000
vt 0.500000 0.583333
vt 0.500000 0.666667
vt 0.500000 0.750000
vt 0.500000 0.833333
vt 0.510417 1.000000
vt 0.510417 0.916667
vt 0.510417 0.083333
vt 0.510417 0.000000
vt 0.510417 0.166667
vt 0.510417 0.250000
vt 0.510417 0.333333
vt 0.510417 0.416667
vt 0.510417 0.500000
vt 0.510417 0.583333
vt 0.510417 0.666667
vt 0.510417 0.750000
vt 0.510417 0.833333
vt 0.520833 1.000000
vt 0.520833 0.916667
vt 0.520833 0.083333
vt 0.520833 0.000000
vt 0.520833 0.166667
vt 0.520833 0.250000
vt 0.520833 0.333333
vt 0.520833 0.416667
vt 0.520833 0.500000
vt 0.520833 0.583333
vt 0.520833 0.666667
vt 0.520833 0.750000
vt 0.520833 0.833333
vt 0.531250 1.000000
vt 0.531250 0.916667
vt 0.531250 0.083333
vt 0.531250 0.000000
vt 0.531250 0.166667
vt 0.531250 0.250000
vt 0.531250 0.333333
vt 0.531250 0.416667
vt 0.531250 0.500000
vt 0.531250 0.583333
vt 0.531250 0.666667
vt 0.531250 0.750000
vt 0.531250 0.833333
vt 0.541667 1.000000
vt 0.541667 0.916667
vt 0.541667 0.083333
vt 0.541667 0.000000
vt 0.541667 0.166667
vt 0.541667 0.250000
vt 0.541667 0.333333
vt 0.541667 0.416667
vt 0.541667 0.500000
vt 0.541667 0.583333
vt 0.541667 0.666667
vt 0.541667 0.750000
vt 0.541667 0.833333
vt 0.552083 1.000000
vt 0.552083 0.916667
vt 0.552083 0.083333
vt 0.552083 0.000000
vt 0.552083 0.166667
vt 0.552083 0.250000
vt 0.552083 0.333333
vt 0.552083 0.416667
vt 0.552083 0.500000
vt 0.552083 0.583333
vt 0.552083 0.666667
vt 0.552083 0.750000
vt 0.552083 0.833333
vt 0.562500 1.000000
vt 0.562500 0.916667
vt 0.562500 0.083333
vt 0.562500 0.000000
vt 0.562500 0.166667
vt 0.562500 0.250000
vt 0.562500 0.333333
vt 0.562500 0.416667
vt 0.562500 0.500000
vt 0.562500 0.583333
vt 0.562500 0.666667
vt 0.562500 0.750000
vt 0.562500 0.833333
vt 0.572917 1.000000
vt 0.572917 0.916667
vt 0.572917 0.083333
vt 0.572917 0.000000
vt 0.572917 0.166667
vt 0.572917 0.250000
vt 0.572917 0.333333
vt 0.572917 0.416667
vt 0.572917 0.500000
vt 0.572917 0.583333
vt 0.572917 0.666667
vt 0.572917 0.750000
vt 0.572917 0.833333
vt 0.583333 1.000000
vt 0.583333 0.916667
vt 0.583333 0.083333
vt 0.583333 0.000000
vt 0.583333 0.166667
vt 0.583333 0.250000
vt 0.583333 0.333333
vt 0.583333 0.416667
vt 0.583333 0.500000
vt 0.583333 0.583333
vt 0.583333 0.666667
vt 0.583333 0.750000
vt 0.583333 0.833333
vt 0.593750 1.000000
vt 0.593750 0.916667
vt 0.593750 0.083333
vt 0.593750 0.000000
vt 0.593750 0.166667
vt 0.593750 0.250000
vt 0.593750 0.333333
vt 0.593750 0.416667
vt 0.593750 0.500000
vt 0.593750 0.583333
vt 0.593750 0.666667
vt 0.593750 0.750000
vt 0.593750 0.833333
vt 0.604167 1.000000
vt 0.604167 0.916667
vt 0.604167 0.083333
vt 0.604167 0.000000
vt 0.604167 0.166667
vt 0.604167 0.250000
vt 0.604167 0.333333
vt 0.604167 0.416667
vt 0.604167 0.500000
vt 0.604167 0.583333
vt 0.604167 0.666667
vt 0.604167 0.750000
vt 0.604167 0.833333
vt 0.614583 1.000000
vt 0.614583 0.916667
vt 0.614583 0.083333
vt 0.614583 0.000000
vt 0.614583 0.166667
vt 0.614583 0.250000
vt 0.614583 0.333333
vt 0.614583 0.416667
vt 0.614583 0.500000
vt 0.614583 0.583333
vt 0.614583 0.666667
vt 0.614583 0.750000
vt 0.614583 0.833333
vt 0.625000 1.000000
vt 0.625000 0.916667
vt 0.625000 0.083333
vt 0.625000 0.000000
vt 0.625000 0.166667
vt 0.625000 0.250000
vt 0.625000 0.333333
vt 0.625000 0.416667
vt 0.625000 0.500000
vt 0.625000 0.583333
vt 0.625000 0.666667
vt 0.625000 0.750000
vt 0.625000 0.833333
vt 0.635417 1.000000
vt 0.635417 0.916667
vt 0.635417 0.083333
vt 0.635417 0.000000
vt 0.635417 0.166667
vt 0.635417 0.250000
vt 0.635417 0.333333
vt 0.635417 0.416667
vt 0.635417 0.500000
vt 0.635417 0.583333
vt 0.635417 0.666667
vt 0.635417 0.750000
vt 0.635417 0.833333
vt 0.645833 1.000000
vt 0.645833 0.916667
vt 0.645833 0.083333
vt 0.645833 0.000000
vt 0.645833 0.166667
vt 0.645833 0.250000
vt 0.645833 0.333333
vt 0.645833 0.416667
vt 0.645833 0.500000
vt 0.645833 0.583333
vt 0.645833 0.666667
vt 0.645833 0.750000
vt 0.645833 0.833333
vt 0.656250 1.000000
vt 0.656250 0.916667
vt 0.656250 0.083333
vt 0.656250 0.000000
vt 0.656250 0.166667
vt 0.656250 0.250000
vt 0.656250 0.333333
vt 0.656250 0.416667
vt 0.656250 0.500000
vt 0.656250 0.583333
vt 0.656250 0.666667
vt 0.656250 0.750000
vt 0.656250 0.833333
vt 0.666667 1.000000
vt 0.666667 0.916667
vt 0.666667 0.083333
vt 0.666667 0.000000
vt 0.666667 0.166667
vt 0.666667 0.250000
vt 0.666667 0.333333
vt 0.666667 0.416667
vt 0.666667 0.500000
vt 0.666667 0.583333
vt 0.666667 0.666667
vt 0.666667 0.750000
vt 0.666667 0.833333
vt 0.677083 1.000000
vt 0.677083 0.916667
vt 0.677083 0.083333
vt 0.677083 0.000000
vt 0.677083 0.166667
vt 0.677083 0.250000
vt 0.677083 0.333333
vt 0.677083 0.416667
vt 0.677083 0.500000
vt 0.677083 0.583333
vt 0.677083 0.666667
vt 0.677083 0.750000
vt 0.677083 0.833333
vt 0.687500 1.000000
vt 0.687500 0.916667
vt 0.687500 0.083333
vt 0.687500 0.000000
vt 0.687500 0.166667
vt 0.687500 0.250000
vt 0.687500 0.333333
vt 0.687500 0.416667
vt 0.687500 0.500000
vt 0.687500 0.583333
vt 0.687500 0.666667
vt 0.687500 0.750000
vt 0.687500 0.833333
vt 0.697917 1.000000
vt 0.697917 0.916667
vt 0.697917 0.083333
vt 0.697917 0.000000
vt 0.697917 0.166667
vt 0.697917 0.250000
vt 0.697917 0.333333
vt 0.697917 0.416667
vt 0.697917 0.500000
vt 0.697917 0.583333
vt 0.697917 0.666667
vt 0.697917 0.750000
vt 0.697917 0.833333
vt 0.708333 1.000000
vt 0.708333 0.916667
vt 0.708333 0.083333
vt 0.708333 0.000000
vt 0.708333 0.166667
vt 0.708333 0.250000
vt 0.708333 0.333333
vt 0.708333 0.416667
vt 0.708333 0.500000
vt 0.708333 0.583333
vt 0.708333 0.666667
vt 0.708333 0.750000
vt 0.708333 0.833333
vt 0.718750 1.000000
vt 0.718750 0.916667
vt 0.718750 0.083333
vt 0.718750 0.000000
vt 0.718750 0.166667
vt 0.718750 0.250000
vt 0.718750 0.333333
vt 0.718750 0.416667
vt 0.718750 0.500000
vt 0.718750 0.583333
vt 0.718750 0.666667
vt 0.718750 0.750000
vt 0.718750 0.833333
vt 0.729167 1.000000
vt 0.729167 0.916667
vt 0.729167 0.083333
vt 0.729167 0.000000
vt 0.729167 0.166667
vt 0.729167 0.250000
vt 0.729167 0.333333
vt 0.729167 0.416667
vt 0.729167 0.500000
vt 0.729167 0.583333
vt 0.729167 0.666667
vt 0.729167 0.750000
vt 0.729167 0.833333
vt 0.739583 1.000000
vt 0.739583 0.916667
vt 0.739583 0.083333
vt 0.739583 0.000000
vt 0.739583 0.166667
vt 0.739583 0.250000
vt 0.739583 0.333333
vt 0.739583 0.416667
vt 0.739583 0.500000
vt 0.739583 0.583333
vt 0.739583 0.666667
vt 0.739583 0.750000
vt 0.739583 0.833333
vt 0.750000 1.000000
vt 0.750000 0.916667
vt 0.750000 0.083333
vt 0.750000 0.000000
vt 0.750000 0.166667
vt 0.750000 0.250000
vt 0.750000 0.333333
vt 0.750000 0.416667
vt 0.750000 0.500000
vt 0.750000 0.583333
vt 0.750000 0.666667
vt 0.750000 0.750000
vt 0.750000 0.833333
vt 0.760417 1.000000
vt 0.760417 0.916667
vt 0.760417 0.083333
vt 0.760417 0.000000
vt 0.760417 0.166667
vt 0.760417 0.250000
vt 0.760417 0.333333
vt 0.760417 0.416667
vt 0.760417 0.500000
vt 0.760417 0.583333
vt 0.760417 0.666667
vt 0.760417 0.750000
vt 0.760417 0.833333
vt 0.770833 1.000000
vt 0.770833 0.916667
vt 0.770833 0.083333
vt 0.770833 0.000000
vt 0.770833 0.166667
vt 0.770833 0.250000
vt 0.770833 0.333333
vt 0.770833 0.416667
vt 0.770833 0.500000
vt 0.770833 0.583333
vt 0.770833 0.666667
vt 0.770833 0.750000
vt 0.770833 0.833333
vt 0.781250 1.000000
vt 0.781250 0.916667
vt 0.781250 0.083333
vt 0.781250 0.000000
vt 0.781250 0.166667
vt 0.781250 0.250000
vt 0.781250 0.333333
vt 0.781250 0.416667
vt 0.781250 0.500000
vt 0.781250 0.583333
vt 0.781250 0.666667
vt 0.781250 0.750000
vt 0.781250 0.833333
vt 0.791667 1.000000
vt 0.791667 0.916667
vt 0.791667 0.083333
vt 0.791667 0.000000
vt 0.791667 0.166667
vt 0.791667 0.250000
vt 0.791667 0.333333
vt 0.791667 0.416667
vt 0.791667 0.500000
vt 0.791667 0.583333
vt 0.791667 0.666667
vt 0.791667 0.750000
vt 0.791667 0.833333
vt 0.802083 1.000000
vt 0.802083 0.916667
vt 0.802083 0.083333
vt 0.802083 0.000000
vt 0.802083 0.166667
vt 0.802083 0.250000
vt 0.802083 0.333333
vt 0.802083 0.416667
vt 0.802083 0.500000
vt 0.802083 0.583333
vt 0.802083 0.666667
vt 0.802083 0.750000
vt 0.802083 0.833333
vt 0.812500 1.000000
vt 0.812500 0.916667
vt 0.812500 0.083333
vt 0.812500 0.000000
vt 0.812500 0.166667
vt 0.812500 0.250000
vt 0.812500 0.333333
vt 0.812500 0.416667
vt 0.812500 0.500000
vt 0.812500 0.583333
vt 0.812500 0.666667
vt 0.812500 0.750000
vt 0.812500 0.833333
vt 0.822917 1.000000
vt 0.822917 0.916667
vt 0.822917 0.083333
vt 0.822917 0.000000
vt 0.822917 0.166667
vt 0.822917 0.250000
vt 0.822917 0.333333
vt 0.822917 0.416667
vt 0.822917 0.500000
vt 0.822917 0.583333
vt 0.822917 0.666667
vt 0.822917 0.750000
vt 0.822917 0.833333
vt 0.833333 1.000000
vt 0.833333 0.916667
vt 0.833333 0.083333
vt 0.833333 0.000000
vt 0.833333 0.166667
vt 0.833333 0.250000
vt 0.833333 0.333333
vt 0.833333 0.416667
vt 0.833333 0.500000
vt 0.833333 0.583333
vt 0.833333 0.666667
vt 0.833333 0.750000
vt 0.833333 0.833333
vt 0.843750 1.000000
vt 0.843750 0.916667
vt 0.843750 0.083333
vt 0.843750 0.000000
vt 0.843750 0.166667
vt 0.843750 0.250000
vt 0.843750 0.333333
vt 0.843750 0.416667
vt 0.843750 0.500000
vt 0.843750 0.583333
vt 0.843750 0.666667
vt 0.843750 0.750000
vt 0.843750 0.833333
vt 0.854167 1.000000
vt 0.854167 0.916667
vt 0.854167 0.083333
vt 0.854167 0.000000
vt 0.854167 0.166667
vt 0.854167 0.250000
vt 0.854167 0.333333
vt 0.854167 0.416667
vt 0.854167 0.500000
vt 0.854167 0.583333
vt 0.854167 0.666667
vt 0.854167 0.750000
vt 0.854167 0.833333
vt 0.864583 1.000000
vt 0.864583 0.916667
vt 0.864583 0.083333
vt 0.864583 0.000000
vt 0.864583 0.166667
vt 0.864583 0.250000
vt 0.864583 0.333333
vt 0.864583 0.416667
vt 0.864583 0.500000
vt 0.864583 0.583333
vt 0.864583 0.666667
vt 0.864583 0.750000
vt 0.864583 0.833333
vt 0.875000 1.000000
vt 0.875000 0.916667
vt 0.875000 0.083333
vt 0.875000 0.000000
vt 0.875000 0.166667
vt 0.875000 0.250000
vt 0.875000 0.333333
vt 0.875000 0.416667
vt 0.875000 0.500000
vt 0.875000 0.583333
vt 0.875000 0.666667
vt 0.875000 0.750000
vt 0.875000 0.833333
vt 0.885417 1.000000
vt 0.885417 0.916667
vt 0.885417 0.083333
vt 0.885417 0.000000
vt 0.885417 0.166667
vt 0.885417 0.250000
vt 0.885417 0.333333
vt 0.885417 0.416667
vt 0.885417 0.500000
vt 0.885417 0.583333
vt 0.885417 0.666667
vt 0.885417 0.750000
vt 0.885417 0.833333
vt 0.895833 1.000000
vt 0.895833 0.916667
vt 0.895833 0.083333
vt 0.895833 0.000000
vt 0.895833 0.166667
vt 0.895833 0.250000
vt 0.895833 0.333333
vt 0.895833 0.416667
vt 0.895833 0.500000
vt 0.895833 0.583333
vt 0.895833 0.666667
vt 0.895833 0.750000
vt 0.895833 0.833333
vt 0.906250 1.000000
vt 0.906250 0.916667
vt 0.906250 0.083333
vt 0.906250 0.000000
vt 0.906250 0.166667
vt 0.906250 0.250000
vt 0.906250 0.333333
vt 0.906250 0.416667
vt 0.906250 0.500000
vt 0.906250 0.583333
vt 0.906250 0.666667
vt 0.906250 0.750000
vt 0.906250 0.833333
vt 0.916667 1.000000
vt 0.916667 0.916667
vt 0.916667 0.083333
vt 0.916667 0.000000
vt 0.916667 0.166667
vt 0.916667 0.250000
vt 0.916667 0.333333
vt 0.916667 0.416667
vt 0.916667 0.500000
vt 0.916667 0.583333
vt 0.916667 0.666667
vt 0.916667 0.750000
vt 0.916667 0.833333
vt 0.927083 1.000000
vt 0.927083 0.916667
vt 0.927083 0.083333
vt 0.927083 0.000000
vt 0.927083 0.166667
vt 0.927083 0.250000
vt 0.927083 0.333333
vt 0.927083 0.416667
vt 0.927083 0.500000
vt 0.927083 0.583333
vt 0.927083 0.666667
vt 0.927083 0.750000
vt 0.927083 0.833333
vt 0.937500 1.000000
vt 0.937500 0.916667
vt 0.937500 0.083333
vt 0.937500 0.000000
vt 0.937500 0.166667
vt 0.937500 0.250000
vt 0.937500 0.333333
vt 0.937500 0.416667
vt 0.937500 0.500000
vt 0.937500 0.583333
vt 0.937500 0.666667
vt 0.937500 0.750000
vt 0.937500 0.833333
vt 0.947917 1.000000
vt 0.947917 0.916667
vt 0.947917 0.083333
vt 0.947917 0.000000
vt 0.947917 0.166667
vt 0.947917 0.250000
vt 0.947917 0.333333
vt 0.947917 0.416667
vt 0.947917 0.500000
vt 0.947917 0.583333
vt 0.947917 0.666667
vt 0.947917 0.750000
vt 0.947917 0.833333
vt 0.958333 1.000000
vt 0.958333 0.916667
vt 0.958333 0.083333
vt 0.958333 0.000000
vt 0.958333 0.166667
vt 0.958333 0.250000
vt 0.958333 0.333333
vt 0.958333 0.416667
vt 0.958333 0.500000
vt 0.958333 0.583333
vt 0.958333 0.666667
vt 0.958333 0.750000
vt 0.958333 0.833333
vt 0.968750 1.000000
vt 0.968750 0.916667
vt 0.968750 0.083333
vt 0.968750 0.000000
vt 0.968750 0.166667
vt 0.968750 0.250000
vt 0.968750 0.333333
vt 0.968750 0.416667
vt 0.968750 0.500000
vt 0.968750 0.583333
vt 0.968750 0.666667
vt 0.968750 0.750000
vt 0.968750 0.833333
vt 0.979167 1.000000
vt 0.979167 0.916667
vt 0.979167 0.083333
vt 0.979167 0.000000
vt 0.979167 0.166667
vt 0.979167 0.250000
vt 0.979167 0.333333
vt 0.979167 0.416667
vt 0.979167 0.500000
vt 0.979167 0.583333
vt 0.979167 0.666667
vt 0.979167 0.750000
vt 0.979167 0.833333
vt 0.989583 1.000000
vt 0.989583 0.916667
vt 0.989583 0.083333
vt 0.989583 0.000000
vt 0.989583 0.166667
vt 0.989583 0.250000
vt 0.989583 0.333333
vt 0.989583 0.416667
vt 0.989583 0.500000
vt 0.989583 0.583333
vt 0.989583 0.666667
vt 0.989583 0.750000
vt 0.989583 0.833333
vt 1.000000 1.000000
vt 1.000000 0.916667
vt 1.000000 0.083333
vt 1.000000 0.000000
vt 1.000000 0.166667
vt 1.000000 0.250000
vt 1.000000 0.333333
vt 1.000000 0.416667
vt 1.000000 0.500000
vt 1.000000 0.583333
vt 1.000000 0.666667
vt 1.000000 0.750000
vt 1.000000 0.833333
vn 0.9621 -0.2140 -0.1690
vn 0.9614 -0.2187 -0.1669
vn 0.9533 0.0012 0.3019
vn 0.9536 0.0032 0.3011
vn 0.7126 -0.3727 -0.5944
vn 0.7116 -0.3788 -0.5917
vn 0.2718 -0.4302 -0.8608
vn 0.2709 -0.4361 -0.8581
vn -0.2417 -0.3710 -0.8966
vn -0.2424 -0.3752 -0.8947
vn -0.6900 -0.2112 -0.6923
vn -0.6902 -0.2125 -0.6918
vn -0.9529 0.0063 -0.3031
vn -0.9526 0.0083 -0.3041
vn -0.9604 0.2232 0.1666
vn -0.9597 0.2278 0.1643
vn -0.7108 0.3814 0.5910
vn -0.7100 0.3875 0.5880
vn -0.2711 0.4388 0.8567
vn -0.2702 0.4447 0.8540
vn 0.2414 0.3800 0.8929
vn 0.2420 0.3841 0.8910
vn 0.6896 0.2206 0.6897
vn 0.6899 0.2219 0.6891
vn 0.9599 -0.2283 -0.1626
vn 0.9527 -0.0033 0.3039
vn 0.7096 -0.3909 -0.5861
vn 0.2690 -0.4475 -0.8529
vn -0.2436 -0.3828 -0.8912
vn -0.6904 -0.2143 -0.6910
vn -0.9519 0.0127 -0.3063
vn -0.9582 0.2372 0.1597
vn -0.7082 0.3994 0.5822
vn -0.2685 0.4559 0.8486
vn 0.2432 0.3916 0.8874
vn 0.6902 0.2236 0.6882
vn 0.9582 -0.2384 -0.1579
vn 0.9518 -0.0090 0.3066
vn 0.7076 -0.4027 -0.5806
vn 0.2672 -0.4578 -0.8480
vn -0.2446 -0.3888 -0.8882
vn -0.6904 -0.2146 -0.6909
vn -0.9508 0.0182 -0.3091
vn -0.9566 0.2471 0.1547
vn -0.7063 0.4110 0.5764
vn -0.2669 0.4661 0.8435
vn 0.2442 0.3976 0.8845
vn 0.6903 0.2238 0.6880
vn 0.9564 -0.2489 -0.1528
vn 0.9507 -0.0159 0.3098
vn 0.7056 -0.4141 -0.5751
vn 0.2655 -0.4670 -0.8434
vn -0.2454 -0.3935 -0.8860
vn -0.6901 -0.2134 -0.6915
vn -0.9496 0.0249 -0.3126
vn -0.9547 0.2575 0.1493
vn -0.7043 0.4223 0.5707
vn -0.2653 0.4753 0.8389
vn 0.2450 0.4022 0.8821
vn 0.6901 0.2225 0.6886
vn 0.9543 -0.2600 -0.1474
vn 0.9492 -0.0238 0.3137
vn 0.7034 -0.4254 -0.5695
vn 0.2639 -0.4754 -0.8393
vn -0.2460 -0.3968 -0.8843
vn -0.6895 -0.2108 -0.6929
vn -0.9480 0.0327 -0.3166
vn -0.9525 0.2684 0.1437
vn -0.7022 0.4334 0.5649
vn -0.2637 0.4836 0.8346
vn 0.2457 0.4055 0.8805
vn 0.6897 0.2198 0.6899
vn 0.9519 -0.2716 -0.1416
vn 0.9474 -0.0329 0.3183
vn 0.7010 -0.4364 -0.5640
vn 0.2623 -0.4829 -0.8355
vn -0.2464 -0.3987 -0.8833
vn -0.6886 -0.2067 -0.6950
vn -0.9460 0.0416 -0.3213
vn -0.9501 0.2798 0.1376
vn -0.6999 0.4443 0.5592
vn -0.2622 0.4910 0.8307
vn 0.2461 0.4074 0.8795
vn 0.6889 0.2157 0.6920
vn 0.9493 -0.2838 -0.1354
vn 0.9453 -0.0431 0.3235
vn 0.6986 -0.4472 -0.5585
vn 0.2607 -0.4895 -0.8321
vn -0.2466 -0.3994 -0.8830
vn -0.6873 -0.2012 -0.6979
vn -0.9437 0.0517 -0.3267
vn -0.9474 0.2919 0.1312
vn -0.6976 0.4551 0.5535
vn -0.2608 0.4977 0.8272
vn 0.2462 0.4081 0.8791
vn 0.6878 0.2102 0.6948
vn 0.9463 -0.2966 -0.1289
vn 0.9426 -0.0544 0.3293
vn 0.6960 -0.4580 -0.5530
vn 0.2593 -0.4953 -0.8291
vn -0.2464 -0.3988 -0.8833
vn -0.6856 -0.1944 -0.7015
vn -0.9409 0.0630 -0.3327
vn -0.9443 0.3045 0.1244
vn -0.6950 0.4657 0.5477
vn -0.2595 0.5035 0.8241
vn 0.2461 0.4075 0.8794
vn 0.6862 0.2033 0.6984
vn 0.9429 -0.3100 -0.1219
vn 0.9395 -0.0670 0.3359
vn 0.6933 -0.4686 -0.5475
vn 0.2580 -0.5004 -0.8265
vn -0.2459 -0.3968 -0.8843
vn -0.6834 -0.1861 -0.7059
vn -0.9376 0.0754 -0.3394
vn -0.9409 0.3178 0.1173
vn -0.6923 0.4763 0.5420
vn -0.2582 0.5085 0.8214
vn 0.2456 0.4057 0.8804
vn 0.6841 0.1950 0.7028
vn 0.9391 -0.3241 -0.1146
vn 0.9358 -0.0808 0.3431
vn 0.6903 -0.4793 -0.5420
vn 0.2568 -0.5046 -0.8243
vn -0.2450 -0.3937 -0.8860
vn -0.6806 -0.1763 -0.7111
vn -0.9337 0.0891 -0.3467
vn -0.9369 0.3318 0.1097
vn -0.6894 0.4869 0.5363
vn -0.2571 0.5129 0.8191
vn 0.2447 0.4026 0.8821
vn 0.6815 0.1853 0.7079
vn 0.9347 -0.3390 -0.1069
vn 0.9315 -0.0958 0.3510
vn 0.6872 -0.4899 -0.5365
vn 0.2557 -0.5082 -0.8224
vn -0.2437 -0.3892 -0.8883
vn -0.6772 -0.1651 -0.7170
vn -0.9292 0.1041 -0.3547
vn -0.9325 0.3465 0.1018
vn -0.6863 0.4975 0.5306
vn -0.2560 0.5165 0.8171
vn 0.2434 0.3982 0.8844
vn 0.6783 0.1741 0.7139
vn 0.9317 -0.3484 -0.1024
vn 0.9281 -0.1078 0.3564
vn 0.6860 -0.4940 -0.5342
vn 0.2570 -0.5059 -0.8234
vn -0.2401 -0.3810 -0.8929
vn -0.6724 -0.1528 -0.7242
vn -0.9245 0.1176 -0.3626
vn -0.9288 0.3581 0.0953
vn -0.6840 0.5041 0.5272
vn -0.2554 0.5166 0.8173
vn 0.2424 0.3918 0.8875
vn 0.6758 0.1633 0.7188
vn 0.9336 -0.3421 -0.1070
vn 0.9278 -0.1115 0.3560
vn 0.6906 -0.4790 -0.5419
vn 0.2643 -0.4862 -0.8329
vn -0.2319 -0.3620 -0.9029
vn -0.6659 -0.1391 -0.7329
vn -0.9217 0.1233 -0.3678
vn -0.9300 0.3549 0.0955
vn -0.6877 0.4934 0.5326
vn -0.2595 0.5011 0.8256
vn 0.2392 0.3757 0.8953
vn 0.6739 0.1513 0.7231
vn 0.9416 -0.3137 -0.1221
vn 0.9303 -0.1065 0.3509
vn 0.7033 -0.4345 -0.5626
vn 0.2795 -0.4377 -0.8546
vn -0.2179 -0.3226 -0.9211
vn -0.6575 -0.1190 -0.7440
vn -0.9218 0.1195 -0.3687
vn -0.9383 0.3292 0.1055
vn -0.7007 0.4531 0.5511
vn -0.2725 0.4567 0.8468
vn 0.2300 0.3390 0.9122
vn 0.6704 0.1324 0.7301
vn 0.9554 -0.2571 -0.1451
vn 0.9352 -0.0909 0.3424
vn 0.7238 -0.3518 -0.5937
vn 0.3024 -0.3509 -0.8862
vn -0.1982 -0.2549 -0.9464
vn -0.6472 -0.0881 -0.7572
vn -0.9244 0.1062 -0.3663
vn -0.9531 0.2761 0.1239
vn -0.7223 0.3749 0.5811
vn -0.2936 0.3743 0.8796
vn 0.2155 0.2745 0.9371
vn 0.6653 0.1037 0.7393
vn 0.9708 -0.1713 -0.1680
vn 0.9405 -0.0624 0.3340
vn 0.7458 -0.2315 -0.6247
vn 0.3260 -0.2277 -0.9175
vn -0.1793 -0.1610 -0.9705
vn -0.6385 -0.0483 -0.7681
vn -0.9292 0.0815 -0.3606
vn -0.9702 0.1935 0.1458
vn -0.7464 0.2567 0.6140
vn -0.3169 0.2529 0.9141
vn 0.1992 0.1830 0.9627
vn 0.6595 0.0673 0.7487
vn 0.9809 -0.0730 -0.1802
vn 0.9433 -0.0262 0.3309
vn 0.7602 -0.0973 -0.6424
vn 0.3404 -0.0928 -0.9357
vn -0.1691 -0.0606 -0.9837
vn -0.6354 -0.0090 -0.7721
vn -0.9341 0.0484 -0.3536
vn -0.9820 0.0961 0.1624
vn -0.7622 0.1210 0.6359
vn -0.3330 0.1163 0.9357
vn 0.1868 0.0832 0.9789
vn 0.6540 0.0310 0.7559
vn 0.9836 0.0119 -0.1801
vn 0.9427 0.0073 0.3336
vn 0.7641 0.0161 -0.6449
vn 0.3432 0.0191 -0.9391
vn -0.1688 0.0200 -0.9854
vn -0.6375 0.0186 -0.7702
vn -0.9373 0.0148 -0.3481
vn -0.9855 0.0097 0.1695
vn -0.7663 0.0047 0.6425
vn -0.3385 0.0017 0.9410
vn 0.1808 0.0013 0.9835
vn 0.6498 0.0035 0.7601
vn 0.9822 0.0686 -0.1747
vn 0.9404 0.0315 0.3385
vn 0.7626 0.0898 -0.6406
vn 0.3404 0.0897 -0.9360
vn -0.1728 0.0682 -0.9826
vn -0.6410 0.0310 -0.7669
vn -0.9385 -0.0123 -0.3452
vn -0.9841 -0.0501 0.1705
vn -0.7642 -0.0719 0.6409
vn -0.3380 -0.0717 0.9384
vn 0.1791 -0.0495 0.9826
vn 0.6470 -0.0117 0.7624
vn 0.9805 0.0985 -0.1701
vn 0.9384 0.0462 0.3424
vn 0.7606 0.1265 -0.6368
vn 0.3374 0.1228 -0.9333
vn -0.1762 0.0883 -0.9804
vn -0.6433 0.0321 -0.7649
vn -0.9385 -0.0307 -0.3440
vn -0.9819 -0.0833 0.1699
vn -0.7616 -0.1115 0.6384
vn -0.3366 -0.1077 0.9355
vn 0.1784 -0.0729 0.9813
vn 0.6451 -0.0165 0.7640
vn 0.9797 0.1099 -0.1678
vn 0.9371 0.0540 0.3448
vn 0.7598 0.1380 -0.6354
vn 0.3362 0.1308 -0.9327
vn -0.1777 0.0902 -0.9799
vn -0.6443 0.0270 -0.7643
vn -0.9382 -0.0417 -0.3435
vn -0.9807 -0.0976 0.1696
vn -0.7603 -0.1257 0.6373
vn -0.3363 -0.1184 0.9343
vn 0.1776 -0.0778 0.9810
vn 0.6436 -0.0147 0.7652
vn 0.9797 0.1101 -0.1672
vn 0.9365 0.0574 0.3459
vn 0.7602 0.1347 -0.6356
vn 0.3365 0.1244 -0.9334
vn -0.1777 0.0821 -0.9807
vn -0.6443 0.0192 -0.7646
vn -0.9380 -0.0476 -0.3433
vn -0.9804 -0.1002 0.1699
vn -0.7603 -0.1247 0.6375
vn -0.3370 -0.1144 0.9345
vn 0.1764 -0.0722 0.9817
vn 0.6424 -0.0093 0.7663
vn 0.9803 0.1043 -0.1676
vn 0.9363 0.0582 0.3462
vn 0.7612 0.1236 -0.6366
vn 0.3375 0.1109 -0.9348
vn -0.1769 0.0694 -0.9818
vn -0.6438 0.0104 -0.7651
vn -0.9379 -0.0502 -0.3432
vn -0.9807 -0.0962 0.1704
vn -0.7611 -0.1154 0.6383
vn -0.3382 -0.1026 0.9355
vn 0.1750 -0.0613 0.9827
vn 0.6415 -0.0025 0.7671
vn 0.9821 0.0835 -0.1690
vn 0.9369 0.0469 0.3465
vn 0.7627 0.0983 -0.6392
vn 0.3378 0.0874 -0.9371
vn -0.1776 0.0537 -0.9826
vn -0.6449 0.0063 -0.7643
vn -0.9389 -0.0419 -0.3416
vn -0.9820 -0.0782 0.1718
vn -0.7634 -0.0928 0.6392
vn -0.3413 -0.0821 0.9363
vn 0.1721 -0.0486 0.9839
vn 0.6400 -0.0014 0.7684
vn 0.9841 0.0465 -0.1714
vn 0.9383 0.0214 0.3451
vn 0.7645 0.0596 -0.6419
vn 0.3389 0.0570 -0.9391
vn -0.1774 0.0395 -0.9833
vn -0.6454 0.0119 -0.7638
vn -0.9401 -0.0184 -0.3404
vn -0.9839 -0.0434 0.1734
vn -0.7657 -0.0564 0.6407
vn -0.3435 -0.0539 0.9376
vn 0.1708 -0.0366 0.9846
vn 0.6402 -0.0091 0.7682
vn 0.9848 0.0143 -0.1731
vn 0.9393 -0.0022 0.3432
vn 0.7654 0.0274 -0.6429
vn 0.3403 0.0335 -0.9397
vn -0.1759 0.0310 -0.9839
vn -0.6445 0.0205 -0.7643
vn -0.9403 0.0050 -0.3404
vn -0.9847 -0.0115 0.1742
vn -0.7662 -0.0245 0.6421
vn -0.3431 -0.0306 0.9388
vn 0.1719 -0.0281 0.9847
vn 0.6415 -0.0177 0.7669
vn 0.9847 -0.0047 -0.1739
vn 0.9395 -0.0166 0.3421
vn 0.7656 0.0089 -0.6433
vn 0.3409 0.0204 -0.9399
vn -0.1750 0.0268 -0.9842
vn -0.6438 0.0264 -0.7647
vn -0.9400 0.0193 -0.3407
vn -0.9847 0.0073 0.1744
vn -0.7660 -0.0062 0.6428
vn -0.3425 -0.0177 0.9393
vn 0.1729 -0.0241 0.9847
vn 0.6422 -0.0237 0.7662
vn 0.9846 -0.0142 -0.1744
vn 0.9396 -0.0245 0.3414
vn 0.7655 0.0002 -0.6434
vn 0.3413 0.0149 -0.9398
vn -0.1744 0.0259 -0.9843
vn -0.6432 0.0304 -0.7651
vn -0.9397 0.0270 -0.3410
vn -0.9845 0.0167 0.1743
vn -0.7658 0.0023 0.6430
vn -0.3420 -0.0124 0.9396
vn 0.1735 -0.0234 0.9845
vn 0.6427 -0.0279 0.7656
vn 0.9845 -0.0163 -0.1746
vn 0.9397 -0.0272 0.3409
vn 0.7656 -0.0006 -0.6433
vn 0.3416 0.0155 -0.9397
vn -0.1738 0.0278 -0.9844
vn -0.6427 0.0330 -0.7654
vn -0.9395 0.0296 -0.3414
vn -0.9845 0.0187 0.1742
vn -0.7657 0.0031 0.6431
vn -0.3416 -0.0131 0.9397
vn 0.1741 -0.0254 0.9844
vn 0.6431 -0.0306 0.7652
vn 0.9845 -0.0119 -0.1747
vn 0.9399 -0.0256 0.3406
vn 0.7657 0.0053 -0.6431
vn 0.3421 0.0214 -0.9394
vn -0.1732 0.0321 -0.9844
vn -0.6422 0.0345 -0.7657
vn -0.9393 0.0279 -0.3418
vn -0.9847 0.0142 0.1739
vn -0.7658 -0.0030 0.6431
vn -0.3415 -0.0191 0.9397
vn 0.1745 -0.0297 0.9842
vn 0.6434 -0.0321 0.7648
vn 0.9846 -0.0015 -0.1746
vn 0.9401 -0.0199 0.3404
vn 0.7660 0.0177 -0.6427
vn 0.3425 0.0324 -0.9390
vn -0.1726 0.0387 -0.9842
vn -0.6418 0.0350 -0.7660
vn -0.9393 0.0222 -0.3424
vn -0.9848 0.0038 0.1734
vn -0.7659 -0.0154 0.6427
vn -0.3413 -0.0301 0.9395
vn 0.1748 -0.0364 0.9839
vn 0.6438 -0.0327 0.7645
vn 0.9846 0.0151 -0.1741
vn 0.9402 -0.0101 0.3404
vn 0.7660 0.0365 -0.6418
vn 0.3428 0.0486 -0.9381
vn -0.1721 0.0479 -0.9839
vn -0.6414 0.0347 -0.7664
vn -0.9392 0.0126 -0.3432
vn -0.9849 -0.0127 0.1725
vn -0.7659 -0.0343 0.6420
vn -0.3410 -0.0463 0.9389
vn 0.1753 -0.0456 0.9835
vn 0.6442 -0.0323 0.7641
vn 0.9842 0.0382 -0.1730
vn 0.9401 0.0040 0.3407
vn 0.7656 0.0625 -0.6402
vn 0.3428 0.0705 -0.9368
vn -0.1718 0.0599 -0.9833
vn -0.6410 0.0336 -0.7668
vn -0.9388 -0.0014 -0.3444
vn -0.9846 -0.0358 0.1709
vn -0.7655 -0.0602 0.6406
vn -0.3404 -0.0682 0.9378
vn 0.1760 -0.0575 0.9827
vn 0.6447 -0.0310 0.7638
vn 0.9829 0.0689 -0.1709
vn 0.9396 0.0230 0.3416
vn 0.7643 0.0967 -0.6376
vn 0.3421 0.0990 -0.9345
vn -0.1718 0.0752 -0.9823
vn -0.6404 0.0316 -0.7674
vn -0.9379 -0.0202 -0.3464
vn -0.9835 -0.0663 0.1684
vn -0.7641 -0.0943 0.6381
vn -0.3388 -0.0966 0.9359
vn 0.1773 -0.0725 0.9815
vn 0.6451 -0.0287 0.7636
vn 0.9799 0.1085 -0.1673
vn 0.9379 0.0479 0.3435
vn 0.7611 0.1405 -0.6332
vn 0.3399 0.1354 -0.9307
vn -0.1724 0.0946 -0.9805
vn -0.6395 0.0287 -0.7683
vn -0.9359 -0.0446 -0.3495
vn -0.9807 -0.1058 0.1641
vn -0.7609 -0.1381 0.6339
vn -0.3357 -0.1328 0.9325
vn 0.1794 -0.0914 0.9795
vn 0.6455 -0.0252 0.7634
vn 0.9783 0.1253 -0.1648
vn 0.9364 0.0535 0.3467
vn 0.7577 0.1639 -0.6317
vn 0.3341 0.1590 -0.9290
vn -0.1787 0.1120 -0.9775
vn -0.6436 0.0355 -0.7646
vn -0.9364 -0.0500 -0.3473
vn -0.9791 -0.1217 0.1630
vn -0.7599 -0.1605 0.6299
vn -0.3371 -0.1559 0.9285
vn 0.1765 -0.1090 0.9783
vn 0.6428 -0.0323 0.7653
vn 0.9811 0.0975 -0.1674
vn 0.9382 0.0254 0.3453
vn 0.7592 0.1438 -0.6348
vn 0.3330 0.1517 -0.9306
vn -0.1820 0.1194 -0.9760
vn -0.6475 0.0557 -0.7600
vn -0.9396 -0.0223 -0.3415
vn -0.9814 -0.0938 0.1677
vn -0.7619 -0.1399 0.6324
vn -0.3393 -0.1482 0.9289
vn 0.1746 -0.1165 0.9777
vn 0.6424 -0.0529 0.7645
vn 0.9831 0.0643 -0.1716
vn 0.9402 -0.0034 0.3406
vn 0.7616 0.1152 -0.6377
vn 0.3356 0.1355 -0.9322
vn -0.1801 0.1198 -0.9763
vn -0.6472 0.0724 -0.7589
vn -0.9409 0.0060 -0.3386
vn -0.9832 -0.0615 0.1720
vn -0.7629 -0.1122 0.6367
vn -0.3387 -0.1326 0.9315
vn 0.1765 -0.1171 0.9773
vn 0.6447 -0.0699 0.7612
vn 0.9836 0.0487 -0.1736
vn 0.9408 -0.0167 0.3385
vn 0.7625 0.1014 -0.6390
vn 0.3368 0.1273 -0.9329
vn -0.1791 0.1193 -0.9766
vn -0.6468 0.0797 -0.7585
vn -0.9412 0.0191 -0.3374
vn -0.9837 -0.0463 0.1740
vn -0.7630 -0.0989 0.6388
vn -0.3381 -0.1248 0.9328
vn 0.1775 -0.1169 0.9772
vn 0.6457 -0.0773 0.7597
vn 0.9838 0.0428 -0.1743
vn 0.9410 -0.0214 0.3377
vn 0.7628 0.0958 -0.6395
vn 0.3374 0.1234 -0.9332
vn -0.1785 0.1182 -0.9768
vn -0.6465 0.0817 -0.7586
vn -0.9412 0.0235 -0.3371
vn -0.9838 -0.0406 0.1747
vn -0.7629 -0.0936 0.6397
vn -0.3376 -0.1212 0.9334
vn 0.1781 -0.1161 0.9771
vn 0.6461 -0.0795 0.7591
vn 0.9838 0.0430 -0.1742
vn 0.9411 -0.0205 0.3376
vn 0.7630 0.0953 -0.6394
vn 0.3378 0.1223 -0.9333
vn -0.1780 0.1168 -0.9771
vn -0.6462 0.0803 -0.7590
vn -0.9411 0.0225 -0.3374
vn -0.9838 -0.0411 0.1747
vn -0.7627 -0.0934 0.6400
vn -0.3373 -0.1204 0.9337
vn 0.1785 -0.1148 0.9772
vn 0.6463 -0.0783 0.7590
vn 0.9837 0.0477 -0.1736
vn 0.9410 -0.0156 0.3381
vn 0.7630 0.0985 -0.6388
vn 0.3380 0.1232 -0.9331
vn -0.1777 0.1151 -0.9773
vn -0.6459 0.0764 -0.7596
vn -0.9409 0.0174 -0.3381
vn -0.9836 -0.0459 0.1741
vn -0.7625 -0.0968 0.6397
vn -0.3370 -0.1214 0.9336
vn 0.1787 -0.1132 0.9774
vn 0.6464 -0.0745 0.7593
vn 0.9834 0.0559 -0.1726
vn 0.9408 -0.0075 0.3389
vn 0.7629 0.1046 -0.6380
vn 0.3381 0.1256 -0.9327
vn -0.1774 0.1131 -0.9776
vn -0.6455 0.0705 -0.7605
vn -0.9407 0.0092 -0.3392
vn -0.9834 -0.0543 0.1731
vn -0.7622 -0.1031 0.6390
vn -0.3367 -0.1239 0.9334
vn 0.1789 -0.1114 0.9775
vn 0.6464 -0.0687 0.7599
vn 0.9829 0.0672 -0.1712
vn 0.9404 0.0034 0.3402
vn 0.7626 0.1133 -0.6368
vn 0.3382 0.1293 -0.9322
vn -0.1770 0.1109 -0.9779
vn -0.6451 0.0629 -0.7615
vn -0.9402 -0.0017 -0.3406
vn -0.9829 -0.0657 0.1718
vn -0.7618 -0.1118 0.6381
vn -0.3363 -0.1277 0.9330
vn 0.1791 -0.1092 0.9778
vn 0.6463 -0.0612 0.7607
vn 0.9822 0.0814 -0.1695
vn 0.9397 0.0169 0.3417
vn 0.7621 0.1243 -0.6354
vn 0.3381 0.1342 -0.9315
vn -0.1767 0.1084 -0.9783
vn -0.6445 0.0537 -0.7628
vn -0.9394 -0.0153 -0.3424
vn -0.9822 -0.0799 0.1701
vn -0.7611 -0.1229 0.6368
vn -0.3359 -0.1327 0.9325
vn 0.1791 -0.1067 0.9780
vn 0.6459 -0.0519 0.7617
vn 0.9810 0.0983 -0.1674
vn 0.9386 0.0329 0.3436
vn 0.7613 0.1375 -0.6337
vn 0.3379 0.1402 -0.9307
vn -0.1763 0.1056 -0.9787
vn -0.6436 0.0428 -0.7642
vn -0.9383 -0.0314 -0.3444
vn -0.9810 -0.0969 0.1681
vn -0.7601 -0.1362 0.6353
vn -0.3353 -0.1387 0.9319
vn 0.1792 -0.1038 0.9783
vn 0.6453 -0.0410 0.7629
vn 0.9792 0.1180 -0.1650
vn 0.9369 0.0516 0.3457
vn 0.7600 0.1530 -0.6317
vn 0.3374 0.1474 -0.9298
vn -0.1758 0.1025 -0.9791
vn -0.6423 0.0302 -0.7658
vn -0.9366 -0.0500 -0.3468
vn -0.9793 -0.1166 0.1657
vn -0.7587 -0.1517 0.6336
vn -0.3344 -0.1458 0.9311
vn 0.1791 -0.1006 0.9787
vn 0.6443 -0.0284 0.7643
vn 0.9767 0.1424 -0.1604
vn 0.9332 0.0799 0.3503
vn 0.7594 0.1676 -0.6287
vn 0.3384 0.1484 -0.9292
vn -0.1741 0.0900 -0.9806
vn -0.6402 0.0078 -0.7681
vn -0.9342 -0.0760 -0.3486
vn -0.9765 -0.1388 0.1648
vn -0.7563 -0.1636 0.6335
vn -0.3336 -0.1440 0.9317
vn 0.1777 -0.0853 0.9804
vn 0.6410 -0.0034 0.7675
vn 0.9729 0.1702 -0.1563
vn 0.9269 0.1208 0.3553
vn 0.7591 0.1753 -0.6269
vn 0.3412 0.1342 -0.9303
vn -0.1694 0.0579 -0.9839
vn -0.6350 -0.0333 -0.7718
vn -0.9293 -0.1146 -0.3512
vn -0.9728 -0.1640 0.1638
vn -0.7548 -0.1683 0.6340
vn -0.3353 -0.1266 0.9336
vn 0.1728 -0.0504 0.9837
vn 0.6342 0.0401 0.7721
vn 0.9680 0.1971 -0.1551
vn 0.9193 0.1639 0.3577
vn 0.7581 0.1786 -0.6272
vn 0.3445 0.1131 -0.9320
vn -0.1627 0.0181 -0.9865
vn -0.6267 -0.0811 -0.7751
vn -0.9218 -0.1574 -0.3544
vn -0.9683 -0.1904 0.1616
vn -0.7547 -0.1711 0.6334
vn -0.3394 -0.1052 0.9347
vn 0.1656 -0.0104 0.9861
vn 0.6258 0.0880 0.7750
vn 0.9627 0.2220 -0.1549
vn 0.9113 0.2024 0.3585
vn 0.7567 0.1833 -0.6276
vn 0.3475 0.0963 -0.9327
vn -0.1559 -0.0158 -0.9876
vn -0.6180 -0.1228 -0.7765
vn -0.9137 -0.1957 -0.3560
vn -0.9634 -0.2150 0.1602
vn -0.7542 -0.1755 0.6327
vn -0.3435 -0.0881 0.9350
vn 0.1582 0.0236 0.9871
vn 0.6171 0.1299 0.7761
vn 0.9571 0.2447 -0.1555
vn 0.9034 0.2357 0.3581
vn 0.7548 0.1892 -0.6281
vn 0.3499 0.0840 -0.9330
vn -0.1497 -0.0430 -0.9878
vn -0.6097 -0.1576 -0.7768
vn -0.9058 -0.2288 -0.3566
vn -0.9582 -0.2374 0.1594
vn -0.7533 -0.1813 0.6321
vn -0.3470 -0.0757 0.9348
vn 0.1514 0.0509 0.9872
vn 0.6087 0.1648 0.7761
vn 0.9515 0.2647 -0.1566
vn 0.8962 0.2631 0.3572
vn 0.7523 0.1966 -0.6288
vn 0.3512 0.0767 -0.9331
vn -0.1447 -0.0629 -0.9875
vn -0.6024 -0.1848 -0.7765
vn -0.8985 -0.2560 -0.3566
vn -0.9531 -0.2574 0.1591
vn -0.7519 -0.1887 0.6317
vn -0.3495 -0.0685 0.9344
vn 0.1458 0.0709 0.9868
vn 0.6015 0.1922 0.7754
vn 0.9464 0.2819 -0.1578
vn 0.8902 0.2841 0.3560
vn 0.7493 0.2053 -0.6297
vn 0.3512 0.0746 -0.9333
vn -0.1415 -0.0752 -0.9871
vn -0.5969 -0.2039 -0.7760
vn -0.8923 -0.2770 -0.3564
vn -0.9483 -0.2746 0.1589
vn -0.7499 -0.1975 0.6314
vn -0.3507 -0.0666 0.9341
vn 0.1419 0.0831 0.9864
vn 0.5959 0.2114 0.7747
vn 0.9418 0.2961 -0.1591
vn 0.8859 0.2986 0.3550
vn 0.7456 0.2154 -0.6306
vn 0.3496 0.0780 -0.9337
vn -0.1405 -0.0794 -0.9869
vn -0.5935 -0.2146 -0.7757
vn -0.8878 -0.2913 -0.3563
vn -0.9441 -0.2889 0.1588
vn -0.7472 -0.2079 0.6312
vn -0.3502 -0.0702 0.9341
vn 0.1403 0.0873 0.9863
vn 0.5927 0.2222 0.7742
vn 0.9381 0.3072 -0.1602
vn 0.8836 0.3062 0.3543
vn 0.7413 0.2270 -0.6316
vn 0.3460 0.0871 -0.9342
vn -0.1422 -0.0752 -0.9870
vn -0.5929 -0.2164 -0.7757
vn -0.8853 -0.2987 -0.3565
vn -0.9407 -0.3000 0.1585
vn -0.7440 -0.2197 0.6311
vn -0.3478 -0.0795 0.9342
vn 0.1414 0.0830 0.9865
vn 0.5921 0.2242 0.7741
vn 0.9353 0.3150 -0.1610
vn 0.8836 0.3067 0.3539
vn 0.7364 0.2400 -0.6325
vn 0.3404 0.1019 -0.9347
vn -0.1468 -0.0624 -0.9872
vn -0.5952 -0.2091 -0.7759
vn -0.8850 -0.2990 -0.3569
vn -0.9382 -0.3078 0.1580
vn -0.7401 -0.2330 0.6308
vn -0.3434 -0.0946 0.9344
vn 0.1453 0.0702 0.9869
vn 0.5945 0.2171 0.7742
vn 0.9337 0.3195 -0.1617
vn 0.8861 0.2999 0.3535
vn 0.7310 0.2546 -0.6331
vn 0.3328 0.1227 -0.9350
vn -0.1543 -0.0409 -0.9872
vn -0.6007 -0.1926 -0.7759
vn -0.8872 -0.2919 -0.3573
vn -0.9369 -0.3122 0.1573
vn -0.7357 -0.2478 0.6304
vn -0.3370 -0.1157 0.9344
vn 0.1523 0.0485 0.9871
vn 0.6001 0.2007 0.7743
vn 0.9332 0.3205 -0.1624
vn 0.8911 0.2856 0.3528
vn 0.7251 0.2706 -0.6333
vn 0.3232 0.1495 -0.9344
vn -0.1648 -0.0104 -0.9863
vn -0.6093 -0.1665 -0.7753
vn -0.8919 -0.2773 -0.3573
vn -0.9367 -0.3131 0.1567
vn -0.7308 -0.2639 0.6295
vn -0.3286 -0.1428 0.9336
vn 0.1622 0.0179 0.9866
vn 0.6089 0.1748 0.7737
vn 0.9311 0.3264 -0.1630
vn 0.8969 0.2698 0.3504
vn 0.7161 0.2967 -0.6318
vn 0.3105 0.1890 -0.9316
vn -0.1778 0.0322 -0.9835
vn -0.6194 -0.1322 -0.7739
vn -0.8968 -0.2606 -0.3576
vn -0.9351 -0.3185 0.1553
vn -0.7226 -0.2898 0.6275
vn -0.3153 -0.1819 0.9314
vn 0.1772 -0.0238 0.9839
vn 0.6212 0.1417 0.7707
vn 0.9248 0.3448 -0.1606
vn 0.8999 0.2614 0.3491
vn 0.7028 0.3372 -0.6264
vn 0.2939 0.2409 -0.9250
vn -0.1934 0.0817 -0.9777
vn -0.6300 -0.0983 -0.7703
vn -0.8997 -0.2513 -0.3569
vn -0.9292 -0.3363 0.1533
vn -0.7089 -0.3299 0.6234
vn -0.2971 -0.2333 0.9259
vn 0.1947 -0.0725 0.9782
vn 0.6330 0.1087 0.7665
vn 0.9175 0.3660 -0.1554
vn 0.9000 0.2592 0.3504
vn 0.6897 0.3760 -0.6188
vn 0.2779 0.2869 -0.9168
vn -0.2083 0.1224 -0.9704
vn -0.6397 -0.0737 -0.7651
vn -0.9010 -0.2493 -0.3549
vn -0.9216 -0.3573 0.1513
vn -0.6948 -0.3683 0.6178
vn -0.2809 -0.2790 0.9183
vn 0.2084 -0.1133 0.9715
vn 0.6407 0.0838 0.7632
vn 0.9125 0.3804 -0.1506
vn 0.8991 0.2597 0.3523
vn 0.6814 0.4003 -0.6127
vn 0.2680 0.3144 -0.9107
vn -0.2175 0.1456 -0.9651
vn -0.6455 -0.0611 -0.7614
vn -0.9013 -0.2505 -0.3533
vn -0.9161 -0.3719 0.1500
vn -0.6853 -0.3923 0.6136
vn -0.2706 -0.3062 0.9127
vn 0.2162 -0.1368 0.9667
vn 0.6444 0.0704 0.7614
vn 0.9102 0.3871 -0.1472
vn 0.8971 0.2631 0.3550
vn 0.6791 0.4086 -0.6098
vn 0.2655 0.3217 -0.9089
vn -0.2197 0.1496 -0.9640
vn -0.6466 -0.0615 -0.7604
vn -0.9004 -0.2550 -0.3525
vn -0.9131 -0.3790 0.1502
vn -0.6815 -0.4002 0.6127
vn -0.2678 -0.3131 0.9112
vn 0.2171 -0.1411 0.9659
vn 0.6434 0.0698 0.7623
vn 0.9110 0.3859 -0.1457
vn 0.8938 0.2697 0.3583
vn 0.6833 0.3998 -0.6110
vn 0.2713 0.3074 -0.9121
vn -0.2143 0.1333 -0.9676
vn -0.6426 -0.0755 -0.7625
vn -0.8983 -0.2627 -0.3524
vn -0.9132 -0.3781 0.1521
vn -0.6842 -0.3910 0.6156
vn -0.2731 -0.2984 0.9145
vn 0.2102 -0.1252 0.9696
vn 0.6372 0.0827 0.7663
vn 0.9148 0.3765 -0.1460
vn 0.8893 0.2795 0.3619
vn 0.6940 0.3737 -0.6154
vn 0.2853 0.2713 -0.9192
vn -0.2011 0.0966 -0.9748
vn -0.6334 -0.1029 -0.7670
vn -0.8949 -0.2732 -0.3527
vn -0.9164 -0.3688 0.1555
vn -0.6935 -0.3645 0.6214
vn -0.2867 -0.2620 0.9215
vn 0.1956 -0.0889 0.9766
vn 0.6258 0.1091 0.7723
vn 0.9215 0.3594 -0.1470
vn 0.8839 0.2923 0.3650
vn 0.7107 0.3311 -0.6207
vn 0.3068 0.2143 -0.9273
vn -0.1808 0.0406 -0.9827
vn -0.6195 -0.1429 -0.7718
vn -0.8907 -0.2863 -0.3532
vn -0.9226 -0.3514 0.1592
vn -0.7089 -0.3214 0.6278
vn -0.3078 -0.2050 0.9291
vn 0.1742 -0.0333 0.9841
vn 0.6101 0.1485 0.7783
vn 0.9304 0.3354 -0.1476
vn 0.8780 0.3075 0.3668
vn 0.7318 0.2742 -0.6239
vn 0.3340 0.1395 -0.9322
vn -0.1552 -0.0320 -0.9874
vn -0.6021 -0.1935 -0.7746
vn -0.8857 -0.3013 -0.3532
vn -0.9312 -0.3267 0.1615
vn -0.7290 -0.2640 0.6316
vn -0.3345 -0.1303 0.9333
vn 0.1478 0.0388 0.9883
vn 0.5911 0.1988 0.7817
vn 0.9406 0.3064 -0.1464
vn 0.8721 0.3242 0.3666
vn 0.7552 0.2070 -0.6219
vn 0.3641 0.0521 -0.9299
vn -0.1267 -0.1159 -0.9851
vn -0.5828 -0.2512 -0.7728
vn -0.8805 -0.3172 -0.3524
vn -0.9413 -0.2968 0.1609
vn -0.7518 -0.1964 0.6294
vn -0.3642 -0.0433 0.9303
vn 0.1189 0.1222 0.9854
vn 0.5709 0.2566 0.7799
vn 0.9509 0.2747 -0.1425
vn 0.8666 0.3410 0.3642
vn 0.7786 0.1349 -0.6128
vn 0.3942 -0.0408 -0.9181
vn -0.0981 -0.2046 -0.9739
vn -0.5634 -0.3116 -0.7652
vn -0.8753 -0.3331 -0.3505
vn -0.9517 -0.2643 0.1564
vn -0.7749 -0.1244 0.6197
vn -0.3940 0.0490 0.9178
vn 0.0904 0.2103 0.9735
vn 0.5512 0.3172 0.7717
vn 0.9606 0.2427 -0.1357
vn 0.8621 0.3567 0.3598
vn 0.8000 0.0637 -0.5966
vn 0.4217 -0.1323 -0.8971
vn -0.0720 -0.2914 -0.9539
vn -0.5456 -0.3703 -0.7518
vn -0.8706 -0.3481 -0.3476
vn -0.9614 -0.2319 0.1481
vn -0.7964 -0.0535 0.6024
vn -0.4212 0.1394 0.8962
vn 0.0647 0.2964 0.9529
vn 0.5339 0.3760 0.7574
vn 0.9681 0.2141 -0.1301
vn 0.8611 0.3648 0.3540
vn 0.8143 0.0063 -0.5804
vn 0.4401 -0.2026 -0.8748
vn -0.0533 -0.3557 -0.9331
vn -0.5321 -0.4117 -0.7399
vn -0.8671 -0.3561 -0.3483
vn -0.9695 -0.2043 0.1353
vn -0.8134 0.0024 0.5817
vn -0.4416 0.2092 0.8725
vn 0.0472 0.3613 0.9313
vn 0.5238 0.4184 0.7420
vn 0.9739 0.1902 -0.1237
vn 0.8634 0.3601 0.3535
vn 0.8222 -0.0299 -0.5684
vn 0.4489 -0.2410 -0.8605
vn -0.0453 -0.3860 -0.9214
vn -0.5271 -0.4262 -0.7352
vn -0.8674 -0.3511 -0.3527
vn -0.9757 -0.1812 0.1233
vn -0.8238 0.0380 0.5656
vn -0.4525 0.2480 0.8566
vn 0.0394 0.3930 0.9187
vn 0.5210 0.4342 0.7349
vn 0.9796 0.1662 -0.1134
vn 0.8661 0.3482 0.3587
vn 0.8291 -0.0596 -0.5559
vn 0.4550 -0.2682 -0.8491
vn -0.0416 -0.4034 -0.9141
vn -0.5267 -0.4290 -0.7339
vn -0.8703 -0.3384 -0.3578
vn -0.9812 -0.1564 0.1129
vn -0.8306 0.0682 0.5526
vn -0.4590 0.2758 0.8446
vn 0.0351 0.4110 0.9110
vn 0.5200 0.4377 0.7335
vn 0.9853 0.1383 -0.1007
vn 0.8688 0.3342 0.3653
vn 0.8361 -0.0938 -0.5405
vn 0.4612 -0.2996 -0.8352
vn -0.0379 -0.4233 -0.9052
vn -0.5263 -0.4319 -0.7324
vn -0.8733 -0.3236 -0.3643
vn -0.9867 -0.1279 0.1001
vn -0.8374 0.1029 0.5368
vn -0.4653 0.3074 0.8300
vn 0.0308 0.4313 0.9017
vn 0.5191 0.4413 0.7320
vn 0.9906 0.1067 -0.0854
vn 0.8715 0.3182 0.3732
vn 0.8426 -0.1325 -0.5220
vn 0.4670 -0.3348 -0.8185
vn -0.0344 -0.4454 -0.8947
vn -0.5260 -0.4349 -0.7309
vn -0.8760 -0.3067 -0.3722
vn -0.9918 -0.0955 0.0846
vn -0.8436 0.1420 0.5179
vn -0.4711 0.3430 0.8126
vn 0.0269 0.4540 0.8906
vn 0.5183 0.4451 0.7302
vn 0.9952 0.0717 -0.0672
vn 0.8737 0.3002 0.3827
vn 0.8481 -0.1751 -0.5001
vn 0.4718 -0.3734 -0.7988
vn -0.0316 -0.4695 -0.8823
vn -0.5258 -0.4380 -0.7292
vn -0.8783 -0.2878 -0.3818
vn -0.9960 -0.0599 0.0662
vn -0.8487 0.1850 0.4955
vn -0.4759 0.3819 0.7922
vn 0.0237 0.4786 0.8777
vn 0.5177 0.4490 0.7283
vn 0.9984 0.0339 -0.0462
vn 0.8754 0.2806 0.3936
vn 0.8519 -0.2209 -0.4749
vn 0.4751 -0.4147 -0.7761
vn -0.0296 -0.4952 -0.8683
vn -0.5255 -0.4410 -0.7276
vn -0.8798 -0.2675 -0.3930
vn -0.9988 -0.0217 0.0450
vn -0.8521 0.2310 0.4697
vn -0.4791 0.4234 0.7689
vn 0.0217 0.5047 0.8630
vn 0.5174 0.4527 0.7262
vn 0.9997 -0.0056 -0.0227
vn 0.8762 0.2599 0.4060
vn 0.8535 -0.2685 -0.4467
vn 0.4765 -0.4576 -0.7507
vn -0.0288 -0.5216 -0.8527
vn -0.5254 -0.4439 -0.7259
vn -0.8802 -0.2462 -0.4058
vn -0.9996 0.0182 0.0210
vn -0.8532 0.2787 0.4410
vn -0.4801 0.4664 0.7429
vn 0.0210 0.5316 0.8468
vn 0.5174 0.4563 0.7240
vn 0.9990 -0.0456 0.0028
vn 0.8759 0.2386 0.4195
vn 0.8525 -0.3166 -0.4160
vn 0.4756 -0.5006 -0.7233
vn -0.0293 -0.5481 -0.8359
vn -0.5252 -0.4467 -0.7243
vn -0.8794 -0.2246 -0.4199
vn -0.9983 0.0583 -0.0050
vn -0.8516 0.3266 0.4099
vn -0.4787 0.5094 0.7150
vn 0.0219 0.5582 0.8294
vn 0.5177 0.4594 0.7217
vn 0.9960 -0.0848 0.0295
vn 0.8744 0.2175 0.4337
vn 0.8488 -0.3633 -0.3841
vn 0.4724 -0.5424 -0.6948
vn -0.0311 -0.5735 -0.8186
vn -0.5250 -0.4491 -0.7229
vn -0.8772 -0.2035 -0.4348
vn -0.9947 0.0973 -0.0322
vn -0.8475 0.3731 0.3776
vn -0.4750 0.5510 0.6862
vn 0.0244 0.5838 0.8115
vn 0.5183 0.4621 0.7196
vn 0.9909 -0.1219 0.0564
vn 0.8719 0.1973 0.4481
vn 0.8428 -0.4073 -0.3520
vn 0.4671 -0.5814 -0.6662
vn -0.0340 -0.5973 -0.8013
vn -0.5249 -0.4513 -0.7217
vn -0.8740 -0.1836 -0.4499
vn -0.9892 0.1339 -0.0596
vn -0.8410 0.4166 0.3452
vn -0.4691 0.5898 0.6574
vn 0.0283 0.6074 0.7939
vn 0.5191 0.4641 0.7177
vn 0.9844 -0.1557 0.0824
vn 0.8686 0.1786 0.4622
vn 0.8349 -0.4471 -0.3209
vn 0.4603 -0.6167 -0.6386
vn -0.0378 -0.6186 -0.7848
vn -0.5246 -0.4531 -0.7207
vn -0.8699 -0.1654 -0.4648
vn -0.9822 0.1671 -0.0862
vn -0.8327 0.4560 0.3140
vn -0.4616 0.6248 0.6298
vn 0.0331 0.6285 0.7771
vn 0.5200 0.4655 0.7162
vn 0.9747 -0.1933 0.1125
vn 0.8625 0.1536 0.4822
vn 0.8239 -0.4884 -0.2877
vn 0.4507 -0.6517 -0.6101
vn -0.0434 -0.6394 -0.7676
vn -0.5251 -0.4556 -0.7188
vn -0.8655 -0.1505 -0.4778
vn -0.9748 0.1941 -0.1096
vn -0.8248 0.4868 0.2876
vn -0.4554 0.6499 0.6085
vn 0.0359 0.6399 0.7676
vn 0.5183 0.4586 0.7218
vn 0.9621 -0.2313 0.1446
vn 0.8532 0.1250 0.5065
vn 0.8109 -0.5267 -0.2552
vn 0.4405 -0.6811 -0.5848
vn -0.0483 -0.6535 -0.7554
vn -0.5238 -0.4520 -0.7220
vn -0.8591 -0.1315 -0.4947
vn -0.9656 0.2223 -0.1346
vn -0.8157 0.5155 0.2623
vn -0.4491 0.6703 0.5907
vn 0.0374 0.6452 0.7631
vn 0.5142 0.4458 0.7327
vn 0.9494 -0.2626 0.1726
vn 0.8436 0.1016 0.5272
vn 0.7985 -0.5573 -0.2276
vn 0.4319 -0.7030 -0.5651
vn -0.0511 -0.6606 -0.7490
vn -0.5201 -0.4425 -0.7305
vn -0.8500 -0.1078 -0.5157
vn -0.9534 0.2540 -0.1625
vn -0.8036 0.5468 0.2349
vn -0.4403 0.6928 0.5711
vn 0.0404 0.6528 0.7565
vn 0.5105 0.4367 0.7407
vn 0.9364 -0.2900 0.1978
vn 0.8343 0.0817 0.5453
vn 0.7855 -0.5849 -0.2020
vn 0.4224 -0.7234 -0.5462
vn -0.0546 -0.6683 -0.7419
vn -0.5168 -0.4353 -0.7371
vn -0.8408 -0.0875 -0.5342
vn -0.9408 0.2820 -0.1878
vn -0.7908 0.5751 0.2095
vn -0.4306 0.7138 0.5523
vn 0.0443 0.6609 0.7491
vn 0.5073 0.4298 0.7469
vn 0.9236 -0.3138 0.2203
vn 0.8254 0.0652 0.5607
vn 0.7724 -0.6096 -0.1786
vn 0.4125 -0.7423 -0.5281
vn -0.0587 -0.6764 -0.7342
vn -0.5142 -0.4303 -0.7419
vn -0.8322 -0.0706 -0.5500
vn -0.9284 0.3064 -0.2104
vn -0.7777 0.6004 0.1862
vn -0.4204 0.7333 0.5344
vn 0.0488 0.6694 0.7413
vn 0.5049 0.4251 0.7513
vn 0.9115 -0.3340 0.2400
vn 0.8175 0.0519 0.5736
vn 0.7595 -0.6312 -0.1572
vn 0.4024 -0.7596 -0.5110
vn -0.0634 -0.6847 -0.7261
vn -0.5124 -0.4273 -0.7449
vn -0.8243 -0.0570 -0.5633
vn -0.9165 0.3271 -0.2303
vn -0.7649 0.6227 0.1650
vn -0.4099 0.7511 0.5174
vn 0.0540 0.6780 0.7330
vn 0.5033 0.4223 0.7539
vn 0.9004 -0.3508 0.2571
vn 0.8107 0.0415 0.5839
vn 0.7473 -0.6500 -0.1380
vn 0.3923 -0.7753 -0.4950
vn -0.0686 -0.6931 -0.7175
vn -0.5114 -0.4261 -0.7463
vn -0.8175 -0.0462 -0.5741
vn -0.9055 0.3446 -0.2475
vn -0.7525 0.6422 0.1459
vn -0.3995 0.7674 0.5015
vn 0.0598 0.6868 0.7244
vn 0.5028 0.4212 0.7548
vn 0.8906 -0.3647 0.2716
vn 0.8053 0.0337 0.5920
vn 0.7359 -0.6662 -0.1209
vn 0.3825 -0.7896 -0.4799
vn -0.0743 -0.7016 -0.7087
vn -0.5115 -0.4264 -0.7461
vn -0.8120 -0.0382 -0.5825
vn -0.8958 0.3589 -0.2622
vn -0.7410 0.6590 0.1289
vn -0.3892 0.7821 0.4866
vn 0.0660 0.6955 0.7155
vn 0.5032 0.4217 0.7543
vn 0.8822 -0.3758 0.2836
vn 0.8012 0.0282 0.5977
vn 0.7255 -0.6800 -0.1058
vn 0.3730 -0.8024 -0.4659
vn -0.0803 -0.7100 -0.6997
vn -0.5125 -0.4280 -0.7444
vn -0.8078 -0.0325 -0.5886
vn -0.8874 0.3705 -0.2745
vn -0.7305 0.6733 0.1139
vn -0.3793 0.7954 0.4727
vn 0.0726 0.7041 0.7064
vn 0.5047 0.4234 0.7523
vn 0.8753 -0.3845 0.2934
vn 0.7985 0.0248 0.6014
vn 0.7163 -0.6916 -0.0927
vn 0.3641 -0.8138 -0.4529
vn -0.0866 -0.7182 -0.6904
vn -0.5145 -0.4307 -0.7414
vn -0.8049 -0.0288 -0.5927
vn -0.8804 0.3796 -0.2844
vn -0.7211 0.6855 0.1007
vn -0.3699 0.8073 0.4599
vn 0.0794 0.7125 0.6971
vn 0.5071 0.4263 0.7491
vn 0.8698 -0.3910 0.3009
vn 0.7972 0.0232 0.6032
vn 0.7083 -0.7012 -0.0813
vn 0.3557 -0.8241 -0.4409
vn -0.0931 -0.7263 -0.6810
vn -0.5174 -0.4344 -0.7373
vn -0.8034 -0.0270 -0.5948
vn -0.8748 0.3865 -0.2922
vn -0.7128 0.6956 0.0894
vn -0.3611 0.8179 0.4479
vn 0.0865 0.7208 0.6877
vn 0.5104 0.4301 0.7447
vn 0.8658 -0.3955 0.3065
vn 0.7014 -0.7091 -0.0717
vn 0.3480 -0.8332 -0.4298
vn -0.0996 -0.7342 -0.6716
vn -0.5211 -0.4389 -0.7320
vn -0.8032 -0.0268 -0.5951
vn -0.8707 0.3914 -0.2979
vn -0.7058 0.7039 0.0798
vn -0.3529 0.8274 0.4370
vn 0.0936 0.7288 0.6783
vn 0.5145 0.4346 0.7392
vn 0.8641 -0.3974 0.3088
vn 0.7975 0.0235 0.6028
vn 0.6983 -0.7126 -0.0673
vn 0.3443 -0.8374 -0.4245
vn -0.1029 -0.7381 -0.6668
vn -0.5231 -0.4414 -0.7291
vn -0.8034 -0.0271 -0.5948
vn -0.8689 0.3934 -0.3003
vn -0.7025 0.7077 0.0754
vn -0.3490 0.8318 0.4317
vn 0.0972 0.7328 0.6735
vn 0.5167 0.4371 0.7362
f 1/1/1 2/2/2 3/3/3 4/4/4
f 5/5/5 6/6/6 2/7/2 1/8/1
f 7/9/7 8/10/8 6/6/6 5/5/5
f 9/11/9 10/12/10 8/10/8 7/9/7
f 11/13/11 12/14/12 10/12/10 9/11/9
f 13/15/13 14/16/14 12/14/12 11/13/11
f 15/17/15 16/18/16 14/16/14 13/15/13
f 17/19/17 18/20/18 16/18/16 15/17/15
f 19/21/19 20/22/20 18/20/18 17/19/17
f 21/23/21 22/24/22 20/22/20 19/21/19
f 23/25/23 24/26/24 22/24/22 21/23/21
f 4/4/4 3/3/3 24/26/24 23/25/23
f 2/2/2 25/27/25 26/28/26 3/3/3
f 6/6/6 27/29/27 25/30/25 2/7/2
f 8/10/8 28/31/28 27/29/27 6/6/6
f 10/12/10 29/32/29 28/31/28 8/10/8
f 12/14/12 30/33/30 29/32/29 10/12/10
f 14/16/14 31/34/31 30/33/30 12/14/12
f 16/18/16 32/35/32 31/34/31 14/16/14
f 18/20/18 33/36/33 32/35/32 16/18/16
f 20/22/20 34/37/34 33/36/33 18/20/18
f 22/24/22 35/38/35 34/37/34 20/22/20
f 24/26/24 36/39/36 35/38/35 22/24/22
f 3/3/3 26/28/26 36/39/36 24/26/24
f 25/27/25 37/40/37 38/41/38 26/28/26
f 27/29/27 39/42/39 37/43/37 25/30/25
f 28/31/28 40/44/40 39/42/39 27/29/27
f 29/32/29 41/45/41 40/44/40 28/31/28
f 30/33/30 42/46/42 41/45/41 29/32/29
f 31/34/31 43/47/43 42/46/42 30/33/30
f 32/35/32 44/48/44 43/47/43 31/34/31
f 33/36/33 45/49/45 44/48/44 32/35/32
f 34/37/34 46/50/46 45/49/45 33/36/33
f 35/38/35 47/51/47 46/50/46 34/37/34
f 36/39/36 48/52/48 47/51/47 35/38/35
f 26/28/26 38/41/38 48/52/48 36/39/36
f 37/40/37 49/53/49 50/54/50 38/41/38
f 39/42/39 51/55/51 49/56/49 37/43/37
f 40/44/40 52/57/52 51/55/51 39/42/39
f 41/45/41 53/58/53 52/57/52 40/44/40
f 42/46/42 54/59/54 53/58/53 41/45/41
f 43/47/43 55/60/55 54/59/54 42/46/42
f 44/48/44 56/61/56 55/60/55 43/47/43
f 45/49/45 57/62/57 56/61/56 44/48/44
f 46/50/46 58/63/58 57/62/57 45/49/45
f 47/51/47 59/64/59 58/63/58 46/50/46
f 48/52/48 60/65/60 59/64/59 47/51/47
f 38/41/38 50/54/50 60/65/60 48/52/48
f 49/53/49 61/66/61 62/67/62 50/54/50
f 51/55/51 63/68/63 61/69/61 49/56/49
f 52/57/52 64/70/64 63/68/63 51/55/51
f 53/58/53 65/71/65 64/70/64 52/57/52
f 54/59/54 66/72/66 65/71/65 53/58/53
f 55/60/55 67/73/67 66/72/66 54/59/54
f 56/61/56 68/74/68 67/73/67 55/60/55
f 57/62/57 69/75/69 68/74/68 56/61/56
f 58/63/58 70/76/70 69/75/69 57/62/57
f 59/64/59 71/77/71 70/76/70 58/63/58
f 60/65/60 72/78/72 71/77/71 59/64/59
f 50/54/50 62/67/62 72/78/72 60/65/60
f 61/66/61 73/79/73 74/80/74 62/67/62
f 63/68/63 75/81/75 73/82/73 61/69/61
f 64/70/64 76/83/76 75/81/75 63/68/63
f 65/71/65 77/84/77 76/83/76 64/70/64
f 66/72/66 78/85/78 77/84/77 65/71/65
f 67/73/67 79/86/79 78/85/78 66/72/66
f 68/74/68 80/87/80 79/86/79 67/73/67
f 69/75/69 81/88/81 80/87/80 68/74/68
f 70/76/70 82/89/82 81/88/81 69/75/69
f 71/77/71 83/90/83 82/89/82 70/76/70
f 72/78/72 84/91/84 83/90/83 71/77/71
f 62/67/62 74/80/74 84/91/84 72/78/72
f 73/79/73 85/92/85 86/93/86 74/80/74
f 75/81/75 87/94/87 85/95/85 73/82/73
f 76/83/76 88/96/88 87/94/87 75/81/75
f 77/84/77 89/97/89 88/96/88 76/83/76
f 78/85/78 90/98/90 89/97/89 77/84/77
f 79/86/79 91/99/91 90/98/90 78/85/78
f 80/87/80 92/100/92 91/99/91 79/86/79
f 81/88/81 93/101/93 92/100/92 80/87/80
f 82/89/82 94/102/94 93/101/93 81/88/81
f 83/90/83 95/103/95 94/102/94 82/89/82
f 84/91/84 96/104/96 95/103/95 83/90/83
f 74/80/74 86/93/86 96/104/96 84/91/84
f 85/92/85 97/105/97 98/106/98 86/93/86
f 87/94/87 99/107/99 97/108/97 85/95/85
f 88/96/88 100/109/100 99/107/99 87/94/87
f 89/97/89 101/110/101 100/109/100 88/96/88
f 90/98/90 102/111/102 101/110/101 89/97/89
f 91/99/91 103/112/103 102/111/102 90/98/90
f 92/100/92 104/113/104 103/112/103 91/99/91
f 93/101/93 105/114/105 104/113/104 92/100/92
f 94/102/94 106/115/106 105/114/105 93/101/93
f 95/103/95 107/116/107 106/115/106 94/102/94
f 96/104/96 108/117/108 107/116/107 95/103/95
f 86/93/86 98/106/98 108/117/108 96/104/96
f 97/105/97 109/118/109 110/119/110 98/106/98
f 99/107/99 111/120/111 109/121/109 97/108/97
f 100/109/100 112/122/112 111/120/111 99/107/99
f 101/110/101 113/123/113 112/122/112 100/109/100
f 102/111/102 114/124/114 113/123/113 101/110/101
f 103/112/103 115/125/115 114/124/114 102/111/102
f 104/113/104 116/126/116 115/125/115 103/112/103
f 105/114/105 117/127/117 116/126/116 104/113/104
f 106/115/106 118/128/118 117/127/117 105/114/105
f 107/116/107 119/129/119 118/128/118 106/115/106
f 108/117/108 120/130/120 119/129/119 107/116/107
f 98/106/98 110/119/110 120/130/120 108/117/108
f 109/118/109 121/131/121 122/132/122 110/119/110
f 111/120/111 123/133/123 121/134/121 109/121/109
f 112/122/112 124/135/124 123/133/123 111/120/111
f 113/123/113 125/136/125 124/135/124 112/122/112
f 114/124/114 126/137/126 125/136/125 113/123/113
f 115/125/115 127/138/127 126/137/126 114/124/114
f 116/126/116 128/139/128 127/138/127 115/125/115
f 117/127/117 129/140/129 128/139/128 116/126/116
f 118/128/118 130/141/130 129/140/129 117/127/117
f 119/129/119 131/142/131 130/141/130 118/128/118
f 120/130/120 132/143/132 131/142/131 119/129/119
f 110/119/110 122/132/122 132/143/132 120/130/120
f 121/131/121 133/144/133 134/145/134 122/132/122
f 123/133/123 135/146/135 133/147/133 121/134/121
f 124/135/124 136/148/136 135/146/135 123/133/123
f 125/136/125 137/149/137 136/148/136 124/135/124
f 126/137/126 138/150/138 137/149/137 125/136/125
f 127/138/127 139/151/139 138/150/138 126/137/126
f 128/139/128 140/152/140 139/151/139 127/138/127
f 129/140/129 141/153/141 140/152/140 128/139/128
f 130/141/130 142/154/142 141/153/141 129/140/129
f 131/142/131 143/155/143 142/154/142 130/141/130
f 132/143/132 144/156/144 143/155/143 131/142/131
f 122/132/122 134/145/134 144/156/144 132/143/132
f 133/144/133 145/157/145 146/158/146 134/145/134
f 135/146/135 147/159/147 145/160/145 133/147/133
f 136/148/136 148/161/148 147/159/147 135/146/135
f 137/149/137 149/162/149 148/161/148 136/148/136
f 138/150/138 150/163/150 149/162/149 137/149/137
f 139/151/139 151/164/151 150/163/150 138/150/138
f 140/152/140 152/165/152 151/164/151 139/151/139
f 141/153/141 153/166/153 152/165/152 140/152/140
f 142/154/142 154/167/154 153/166/153 141/153/141
f 143/155/143 155/168/155 154/167/154 142/154/142
f 144/156/144 156/169/156 155/168/155 143/155/143
f 134/145/134 146/158/146 156/169/156 144/156/144
f 145/157/145 157/170/157 158/171/158 146/158/146
f 147/159/147 159/172/159 157/173/157 145/160/145
f 148/161/148 160/174/160 159/172/159 147/159/147
f 149/162/149 161/175/161 160/174/160 148/161/148
f 150/163/150 162/176/162 161/175/161 149/162/149
f 151/164/151 163/177/163 162/176/162 150/163/150
f 152/165/152 164/178/164 163/177/163 151/164/151
f 153/166/153 165/179/165 164/178/164 152/165/152
f 154/167/154 166/180/166 165/179/165 153/166/153
f 155/168/155 167/181/167 166/180/166 154/167/154
f 156/169/156 168/182/168 167/181/167 155/168/155
f 146/158/146 158/171/158 168/182/168 156/169/156
f 157/170/157 169/183/169 170/184/170 158/171/158
f 159/172/159 171/185/171 169/186/169 157/173/157
f 160/174/160 172/187/172 171/185/171 159/172/159
f 161/175/161 173/188/173 172/187/172 160/174/160
f 162/176/162 174/189/174 173/188/173 161/175/161
f 163/177/163 175/190/175 174/189/174 162/176/162
f 164/178/164 176/191/176 175/190/175 163/177/163
f 165/179/165 177/192/177 176/191/176 164/178/164
f 166/180/166 178/193/178 177/192/177 165/179/165
f 167/181/167 179/194/179 178/193/178 166/180/166
f 168/182/168 180/195/180 179/194/179 167/181/167
f 158/171/158 170/184/170 180/195/180 168/182/168
f 169/183/169 181/196/181 182/197/182 170/184/170
f 171/185/171 183/198/183 181/199/181 169/186/169
f 172/187/172 184/200/184 183/198/183 171/185/171
f 173/188/173 185/201/185 184/200/184 172/187/172
f 174/189/174 186/202/186 185/201/185 173/188/173
f 175/190/175 187/203/187 186/202/186 174/189/174
f 176/191/176 188/204/188 187/203/187 175/190/175
f 177/192/177 189/205/189 188/204/188 176/191/176
f 178/193/178 190/206/190 189/205/189 177/192/177
f 179/194/179 191/207/191 190/206/190 178/193/178
f 180/195/180 192/208/192 191/207/191 179/194/179
f 170/184/170 182/197/182 192/208/192 180/195/180
f 181/196/181 193/209/193 194/210/194 182/197/182
f 183/198/183 195/211/195 193/212/193 181/199/181
f 184/200/184 196/213/196 195/211/195 183/198/183
f 185/201/185 197/214/197 196/213/196 184/200/184
f 186/202/186 198/215/198 197/214/197 185/201/185
f 187/203/187 199/216/199 198/215/198 186/202/186
f 188/204/188 200/217/200 199/216/199 187/203/187
f 189/205/189 201/218/201 200/217/200 188/204/188
f 190/206/190 202/219/202 201/218/201 189/205/189
f 191/207/191 203/220/203 202/219/202 190/206/190
f 192/208/192 204/221/204 203/220/203 191/207/191
f 182/197/182 194/210/194 204/221/204 192/208/192
f 193/209/193 205/222/205 206/223/206 194/210/194
f 195/211/195 207/224/207 205/225/205 193/212/193
f 196/213/196 208/226/208 207/224/207 195/211/195
f 197/214/197 209/227/209 208/226/208 196/213/196
f 198/215/198 210/228/210 209/227/209 197/214/197
f 199/216/199 211/229/211 210/228/210 198/215/198
f 200/217/200 212/230/212 211/229/211 199/216/199
f 201/218/201 213/231/213 212/230/212 200/217/200
f 202/219/202 214/232/214 213/231/213 201/218/201
f 203/220/203 215/233/215 214/232/214 202/219/202
f 204/221/204 216/234/216 215/233/215 203/220/203
f 194/210/194 206/223/206 216/234/216 204/221/204
f 205/222/205 217/235/217 218/236/218 206/223/206
f 207/224/207 219/237/219 217/238/217 205/225/205
f 208/226/208 220/239/220 219/237/219 207/224/207
f 209/227/209 221/240/221 220/239/220 208/226/208
f 210/228/210 222/241/222 221/240/221 209/227/209
f 211/229/211 223/242/223 222/241/222 210/228/210
f 212/230/212 224/243/224 223/242/223 211/229/211
f 213/231/213 225/244/225 224/243/224 212/230/212
f 214/232/214 226/245/226 225/244/225 213/231/213
f 215/233/215 227/246/227 226/245/226 214/232/214
f 216/234/216 228/247/228 227/246/227 215/233/215
f 206/223/206 218/236/218 228/247/228 216/234/216
f 217/235/217 229/248/229 230/249/230 218/236/218
f 219/237/219 231/250/231 229/251/229 217/238/217
f 220/239/220 232/252/232 231/250/231 219/237/219
f 221/240/221 233/253/233 232/252/232 220/239/220
f 222/241/222 234/254/234 233/253/233 221/240/221
f 223/242/223 235/255/235 234/254/234 222/241/222
f 224/243/224 236/256/236 235/255/235 223/242/223
f 225/244/225 237/257/237 236/256/236 224/243/224
f 226/245/226 238/258/238 237/257/237 225/244/225
f 227/246/227 239/259/239 238/258/238 226/245/226
f 228/247/228 240/260/240 239/259/239 227/246/227
f 218/236/218 230/249/230 240/260/240 228/247/228
f 229/248/229 241/261/241 242/262/242 230/249/230
f 231/250/231 243/263/243 241/264/241 229/251/229
f 232/252/232 244/265/244 243/263/243 231/250/231
f 233/253/233 245/266/245 244/265/244 232/252/232
f 234/254/234 246/267/246 245/266/245 233/253/233
f 235/255/235 247/268/247 246/267/246 234/254/234
f 236/256/236 248/269/248 247/268/247 235/255/235
f 237/257/237 249/270/249 248/269/248 236/256/236
f 238/258/238 250/271/250 249/270/249 237/257/237
f 239/259/239 251/272/251 250/271/250 238/258/238
f 240/260/240 252/273/252 251/272/251 239/259/239
f 230/249/230 242/262/242 252/273/252 240/260/240
f 241/261/241 253/274/253 254/275/254 242/262/242
f 243/263/243 255/276/255 253/277/253 241/264/241
f 244/265/244 256/278/256 255/276/255 243/263/243
f 245/266/245 257/279/257 256/278/256 244/265/244
f 246/267/246 258/280/258 257/279/257 245/266/245
f 247/268/247 259/281/259 258/280/258 246/267/246
f 248/269/248 260/282/260 259/281/259 247/268/247
f 249/270/249 261/283/261 260/282/260 248/269/248
f 250/271/250 262/284/262 261/283/261 249/270/249
f 251/272/251 263/285/263 262/284/262 250/271/250
f 252/273/252 264/286/264 263/285/263 251/272/251
f 242/262/242 254/275/254 264/286/264 252/273/252
f 253/274/253 265/287/265 266/288/266 254/275/254
f 255/276/255 267/289/267 265/290/265 253/277/253
f 256/278/256 268/291/268 267/289/267 255/276/255
f 257/279/257 269/292/269 268/291/268 256/278/256
f 258/280/258 270/293/270 269/292/269 257/279/257
f 259/281/259 271/294/271 270/293/270 258/280/258
f 260/282/260 272/295/272 271/294/271 259/281/259
f 261/283/261 273/296/273 272/295/272 260/282/260
f 262/284/262 274/297/274 273/296/273 261/283/261
f 263/285/263 275/298/275 274/297/274 262/284/262
f 264/286/264 276/299/276 275/298/275 263/285/263
f 254/275/254 266/288/266 276/299/276 264/286/264
f 265/287/265 277/300/277 278/301/278 266/288/266
f 267/289/267 279/302/279 277/303/277 265/290/265
f 268/291/268 280/304/280 279/302/279 267/289/267
f 269/292/269 281/305/281 280/304/280 268/291/268
f 270/293/270 282/306/282 281/305/281 269/292/269
f 271/294/271 283/307/283 282/306/282 270/293/270
f 272/295/272 284/308/284 283/307/283 271/294/271
f 273/296/273 285/309/285 284/308/284 272/295/272
f 274/297/274 286/310/286 285/309/285 273/296/273
f 275/298/275 287/311/287 286/310/286 274/297/274
f 276/299/276 288/312/288 287/311/287 275/298/275
f 266/288/266 278/301/278 288/312/288 276/299/276
f 277/300/277 289/313/289 290/314/290 278/301/278
f 279/302/279 291/315/291 289/316/289 277/303/277
f 280/304/280 292/317/292 291/315/291 279/302/279
f 281/305/281 293/318/293 292/317/292 280/304/280
f 282/306/282 294/319/294 293/318/293 281/305/281
f 283/307/283 295/320/295 294/319/294 282/306/282
f 284/308/284 296/321/296 295/320/295 283/307/283
f 285/309/285 297/322/297 296/321/296 284/308/284
f 286/310/286 298/323/298 297/322/297 285/309/285
f 287/311/287 299/324/299 298/323/298 286/310/286
f 288/312/288 300/325/300 299/324/299 287/311/287
f 278/301/278 290/314/290 300/325/300 288/312/288
f 289/313/289 301/326/301 302/327/302 290/314/290
f 291/315/291 303/328/303 301/329/301 289/316/289
f 292/317/292 304/330/304 303/328/303 291/315/291
f 293/318/293 305/331/305 304/330/304 292/317/292
f 294/319/294 306/332/306 305/331/305 293/318/293
f 295/320/295 307/333/307 306/332/306 294/319/294
f 296/321/296 308/334/308 307/333/307 295/320/295
f 297/322/297 309/335/309 308/334/308 296/321/296
f 298/323/298 310/336/310 309/335/309 297/322/297
f 299/324/299 311/337/311 310/336/310 298/323/298
f 300/325/300 312/338/312 311/337/311 299/324/299
f 290/314/290 302/327/302 312/338/312 300/325/300
f 301/326/301 313/339/313 314/340/314 302/327/302
f 303/328/303 315/341/315 313/342/313 301/329/301
f 304/330/304 316/343/316 315/341/315 303/328/303
f 305/331/305 317/344/317 316/343/316 304/330/304
f 306/332/306 318/345/318 317/344/317 305/331/305
f 307/333/307 319/346/319 318/345/318 306/332/306
f 308/334/308 320/347/320 319/346/319 307/333/307
f 309/335/309 321/348/321 320/347/320 308/334/308
f 310/336/310 322/349/322 321/348/321 309/335/309
f 311/337/311 323/350/323 322/349/322 310/336/310
f 312/338/312 324/351/324 323/350/323 311/337/311
f 302/327/302 314/340/314 324/351/324 312/338/312
f 313/339/313 325/352/325 326/353/326 314/340/314
f 315/341/315 327/354/327 325/355/325 313/342/313
f 316/343/316 328/356/328 327/354/327 315/341/315
f 317/344/317 329/357/329 328/356/328 316/343/316
f 318/345/318 330/358/330 329/357/329 317/344/317
f 319/346/319 331/359/331 330/358/330 318/345/318
f 320/347/320 332/360/332 331/359/331 319/346/319
f 321/348/321 333/361/333 332/360/332 320/347/320
f 322/349/322 334/362/334 333/361/333 321/348/321
f 323/350/323 335/363/335 334/362/334 322/349/322
f 324/351/324 336/364/336 335/363/335 323/350/323
f 314/340/314 326/353/326 336/364/336 324/351/324
f 325/352/325 337/365/337 338/366/338 326/353/326
f 327/354/327 339/367/339 337/368/337 325/355/325
f 328/356/328 340/369/340 339/367/339 327/354/327
f 329/357/329 341/370/341 340/369/340 328/356/328
f 330/358/330 342/371/342 341/370/341 329/357/329
f 331/359/331 343/372/343 342/371/342 330/358/330
f 332/360/332 344/373/344 343/372/343 331/359/331
f 333/361/333 345/374/345 344/373/344 332/360/332
f 334/362/334 346/375/346 345/374/345 333/361/333
f 335/363/335 347/376/347 346/375/346 334/362/334
f 336/364/336 348/377/348 347/376/347 335/363/335
f 326/353/326 338/366/338 348/377/348 336/364/336
f 337/365/337 349/378/349 350/379/350 338/366/338
f 339/367/339 351/380/351 349/381/349 337/368/337
f 340/369/340 352/382/352 351/380/351 339/367/339
f 341/370/341 353/383/353 352/382/352 340/369/340
f 342/371/342 354/384/354 353/383/353 341/370/341
f 343/372/343 355/385/355 354/384/354 342/371/342
f 344/373/344 356/386/356 355/385/355 343/372/343
f 345/374/345 357/387/357 356/386/356 344/373/344
f 346/375/346 358/388/358 357/387/357 345/374/345
f 347/376/347 359/389/359 358/388/358 346/375/346
f 348/377/348 360/390/360 359/389/359 347/376/347
f 338/366/338 350/379/350 360/390/360 348/377/348
f 349/378/349 361/391/361 362/392/362 350/379/350
f 351/380/351 363/393/363 361/394/361 349/381/349
f 352/382/352 364/395/364 363/393/363 351/380/351
f 353/383/353 365/396/365 364/395/364 352/382/352
f 354/384/354 366/397/366 365/396/365 353/383/353
f 355/385/355 367/398/367 366/397/366 354/384/354
f 356/386/356 368/399/368 367/398/367 355/385/355
f 357/387/357 369/400/369 368/399/368 356/386/356
f 358/388/358 370/401/370 369/400/369 357/387/357
f 359/389/359 371/402/371 370/401/370 358/388/358
f 360/390/360 372/403/372 371/402/371 359/389/359
f 350/379/350 362/392/362 372/403/372 360/390/360
f 361/391/361 373/404/373 374/405/374 362/392/362
f 363/393/363 375/406/375 373/407/373 361/394/361
f 364/395/364 376/408/376 375/406/375 363/393/363
f 365/396/365 377/409/377 376/408/376 364/395/364
f 366/397/366 378/410/378 377/409/377 365/396/365
f 367/398/367 379/411/379 378/410/378 366/397/366
f 368/399/368 380/412/380 379/411/379 367/398/367
f 369/400/369 381/413/381 380/412/380 368/399/368
f 370/401/370 382/414/382 381/413/381 369/400/369
f 371/402/371 383/415/383 382/414/382 370/401/370
f 372/403/372 384/416/384 383/415/383 371/402/371
f 362/392/362 374/405/374 384/416/384 372/403/372
f 373/404/373 385/417/385 386/418/386 374/405/374
f 375/406/375 387/419/387 385/420/385 373/407/373
f 376/408/376 388/421/388 387/419/387 375/406/375
f 377/409/377 389/422/389 388/421/388 376/408/376
f 378/410/378 390/423/390 389/422/389 377/409/377
f 379/411/379 391/424/391 390/423/390 378/410/378
f 380/412/380 392/425/392 391/424/391 379/411/379
f 381/413/381 393/426/393 392/425/392 380/412/380
f 382/414/382 394/427/394 393/426/393 381/413/381
f 383/415/383 395/428/395 394/427/394 382/414/382
f 384/416/384 396/429/396 395/428/395 383/415/383
f 374/405/374 386/418/386 396/429/396 384/416/384
f 385/417/385 397/430/397 398/431/398 386/418/386
f 387/419/387 399/432/399 397/433/397 385/420/385
f 388/421/388 400/434/400 399/432/399 387/419/387
f 389/422/389 401/435/401 400/434/400 388/421/388
f 390/423/390 402/436/402 401/435/401 389/422/389
f 391/424/391 403/437/403 402/436/402 390/423/390
f 392/425/392 404/438/404 403/437/403 391/424/391
f 393/426/393 405/439/405 404/438/404 392/425/392
f 394/427/394 406/440/406 405/439/405 393/426/393
f 395/428/395 407/441/407 406/440/406 394/427/394
f 396/429/396 408/442/408 407/441/407 395/428/395
f 386/418/386 398/431/398 408/442/408 396/429/396
f 397/430/397 409/443/409 410/444/410 398/431/398
f 399/432/399 411/445/411 409/446/409 397/433/397
f 400/434/400 412/447/412 411/445/411 399/432/399
f 401/435/401 413/448/413 412/447/412 400/434/400
f 402/436/402 414/449/414 413/448/413 401/435/401
f 403/437/403 415/450/415 414/449/414 402/436/402
f 404/438/404 416/451/416 415/450/415 403/437/403
f 405/439/405 417/452/417 416/451/416 404/438/404
f 406/440/406 418/453/418 417/452/417 405/439/405
f 407/441/407 419/454/419 418/453/418 406/440/406
f 408/442/408 420/455/420 419/454/419 407/441/407
f 398/431/398 410/444/410 420/455/420 408/442/408
f 409/443/409 421/456/421 422/457/422 410/444/410
f 411/445/411 423/458/423 421/459/421 409/446/409
f 412/447/412 424/460/424 423/458/423 411/445/411
f 413/448/413 425/461/425 424/460/424 412/447/412
f 414/449/414 426/462/426 425/461/425 413/448/413
f 415/450/415 427/463/427 426/462/426 414/449/414
f 416/451/416 428/464/428 427/463/427 415/450/415
f 417/452/417 429/465/429 428/464/428 416/451/416
f 418/453/418 430/466/430 429/465/429 417/452/417
f 419/454/419 431/467/431 430/466/430 418/453/418
f 420/455/420 432/468/432 431/467/431 419/454/419
f 410/444/410 422/457/422 432/468/432 420/455/420
f 421/456/421 433/469/433 434/470/434 422/457/422
f 423/458/423 435/471/435 433/472/433 421/459/421
f 424/460/424 436/473/436 435/471/435 423/458/423
f 425/461/425 437/474/437 436/473/436 424/460/424
f 426/462/426 438/475/438 437/474/437 425/461/425
f 427/463/427 439/476/439 438/475/438 426/462/426
f 428/464/428 440/477/440 439/476/439 427/463/427
f 429/465/429 441/478/441 440/477/440 428/464/428
f 430/466/430 442/479/442 441/478/441 429/465/429
f 431/467/431 443/480/443 442/479/442 430/466/430
f 432/468/432 444/481/444 443/480/443 431/467/431
f 422/457/422 434/470/434 444/481/444 432/468/432
f 433/469/433 445/482/445 446/483/446 434/470/434
f 435/471/435 447/484/447 445/485/445 433/472/433
f 436/473/436 448/486/448 447/484/447 435/471/435
f 437/474/437 449/487/449 448/486/448 436/473/436
f 438/475/438 450/488/450 449/487/449 437/474/437
f 439/476/439 451/489/451 450/488/450 438/475/438
f 440/477/440 452/490/452 451/489/451 439/476/439
f 441/478/441 453/491/453 452/490/452 440/477/440
f 442/479/442 454/492/454 453/491/453 441/478/441
f 443/480/443 455/493/455 454/492/454 442/479/442
f 444/481/444 456/494/456 455/493/455 443/480/443
f 434/470/434 446/483/446 456/494/456 444/481/444
f 445/482/445 457/495/457 458/496/458 446/483/446
f 447/484/447 459/497/459 457/498/457 445/485/445
f 448/486/448 460/499/460 459/497/459 447/484/447
f 449/487/449 461/500/461 460/499/460 448/486/448
f 450/488/450 462/501/462 461/500/461 449/487/449
f 451/489/451 463/502/463 462/501/462 450/488/450
f 452/490/452 464/503/464 463/502/463 451/489/451
f 453/491/453 465/504/465 464/503/464 452/490/452
f 454/492/454 466/505/466 465/504/465 453/491/453
f 455/493/455 467/506/467 466/505/466 454/492/454
f 456/494/456 468/507/468 467/506/467 455/493/455
f 446/483/446 458/496/458 468/507/468 456/494/456
f 457/495/457 469/508/469 470/509/470 458/496/458
f 459/497/459 471/510/471 469/511/469 457/498/457
f 460/499/460 472/512/472 471/510/471 459/497/459
f 461/500/461 473/513/473 472/512/472 460/499/460
f 462/501/462 474/514/474 473/513/473 461/500/461
f 463/502/463 475/515/475 474/514/474 462/501/462
f 464/503/464 476/516/476 475/515/475 463/502/463
f 465/504/465 477/517/477 476/516/476 464/503/464
f 466/505/466 478/518/478 477/517/477 465/504/465
f 467/506/467 479/519/479 478/518/478 466/505/466
f 468/507/468 480/520/480 479/519/479 467/506/467
f 458/496/458 470/509/470 480/520/480 468/507/468
f 469/508/469 481/521/481 482/522/482 470/509/470
f 471/510/471 483/523/483 481/524/481 469/511/469
f 472/512/472 484/525/484 483/523/483 471/510/471
f 473/513/473 485/526/485 484/525/484 472/512/472
f 474/514/474 486/527/486 485/526/485 473/513/473
f 475/515/475 487/528/487 486/527/486 474/514/474
f 476/516/476 488/529/488 487/528/487 475/515/475
f 477/517/477 489/530/489 488/529/488 476/516/476
f 478/518/478 490/531/490 489/530/489 477/517/477
f 479/519/479 491/532/491 490/531/490 478/518/478
f 480/520/480 492/533/492 491/532/491 479/519/479
f 470/509/470 482/522/482 492/533/492 480/520/480
f 481/521/481 493/534/493 494/535/494 482/522/482
f 483/523/483 495/536/495 493/537/493 481/524/481
f 484/525/484 496/538/496 495/536/495 483/523/483
f 485/526/485 497/539/497 496/538/496 484/525/484
f 486/527/486 498/540/498 497/539/497 485/526/485
f 487/528/487 499/541/499 498/540/498 486/527/486
f 488/529/488 500/542/500 499/541/499 487/528/487
f 489/530/489 501/543/501 500/542/500 488/529/488
f 490/531/490 502/544/502 501/543/501 489/530/489
f 491/532/491 503/545/503 502/544/502 490/531/490
f 492/533/492 504/546/504 503/545/503 491/532/491
f 482/522/482 494/535/494 504/546/504 492/533/492
f 493/534/493 505/547/505 506/548/506 494/535/494
f 495/536/495 507/549/507 505/550/505 493/537/493
f 496/538/496 508/551/508 507/549/507 495/536/495
f 497/539/497 509/552/509 508/551/508 496/538/496
f 498/540/498 510/553/510 509/552/509 497/539/497
f 499/541/499 511/554/511 510/553/510 498/540/498
f 500/542/500 512/555/512 511/554/511 499/541/499
f 501/543/501 513/556/513 512/555/512 500/542/500
f 502/544/502 514/557/514 513/556/513 501/543/501
f 503/545/503 515/558/515 514/557/514 502/544/502
f 504/546/504 516/559/516 515/558/515 503/545/503
f 494/535/494 506/548/506 516/559/516 504/546/504
f 505/547/505 517/560/517 518/561/518 506/548/506
f 507/549/507 519/562/519 517/563/517 505/550/505
f 508/551/508 520/564/520 519/562/519 507/549/507
f 509/552/509 521/565/521 520/564/520 508/551/508
f 510/553/510 522/566/522 521/565/521 509/552/509
f 511/554/511 523/567/523 522/566/522 510/553/510
f 512/555/512 524/568/524 523/567/523 511/554/511
f 513/556/513 525/569/525 524/568/524 512/555/512
f 514/557/514 526/570/526 525/569/525 513/556/513
f 515/558/515 527/571/527 526/570/526 514/557/514
f 516/559/516 528/572/528 527/571/527 515/558/515
f 506/548/506 518/561/518 528/572/528 516/559/516
f 517/560/517 529/573/529 530/574/530 518/561/518
f 519/562/519 531/575/531 529/576/529 517/563/517
f 520/564/520 532/577/532 531/575/531 519/562/519
f 521/565/521 533/578/533 532/577/532 520/564/520
f 522/566/522 534/579/534 533/578/533 521/565/521
f 523/567/523 535/580/535 534/579/534 522/566/522
f 524/568/524 536/581/536 535/580/535 523/567/523
f 525/569/525 537/582/537 536/581/536 524/568/524
f 526/570/526 538/583/538 537/582/537 525/569/525
f 527/571/527 539/584/539 538/583/538 526/570/526
f 528/572/528 540/585/540 539/584/539 527/571/527
f 518/561/518 530/574/530 540/585/540 528/572/528
f 529/573/529 541/586/541 542/587/542 530/574/530
f 531/575/531 543/588/543 541/589/541 529/576/529
f 532/577/532 544/590/544 543/588/543 531/575/531
f 533/578/533 545/591/545 544/590/544 532/577/532
f 534/579/534 546/592/546 545/591/545 533/578/533
f 535/580/535 547/593/547 546/592/546 534/579/534
f 536/581/536 548/594/548 547/593/547 535/580/535
f 537/582/537 549/595/549 548/594/548 536/581/536
f 538/583/538 550/596/550 549/595/549 537/582/537
f 539/584/539 551/597/551 550/596/550 538/583/538
f 540/585/540 552/598/552 551/597/551 539/584/539
f 530/574/530 542/587/542 552/598/552 540/585/540
f 541/586/541 553/599/553 554/600/554 542/587/542
f 543/588/543 555/601/555 553/602/553 541/589/541
f 544/590/544 556/603/556 555/601/555 543/588/543
f 545/591/545 557/604/557 556/603/556 544/590/544
f 546/592/546 558/605/558 557/604/557 545/591/545
f 547/593/547 559/606/559 558/605/558 546/592/546
f 548/594/548 560/607/560 559/606/559 547/593/547
f 549/595/549 561/608/561 560/607/560 548/594/548
f 550/596/550 562/609/562 561/608/561 549/595/549
f 551/597/551 563/610/563 562/609/562 550/596/550
f 552/598/552 564/611/564 563/610/563 551/597/551
f 542/587/542 554/600/554 564/611/564 552/598/552
f 553/599/553 565/612/565 566/613/566 554/600/554
f 555/601/555 567/614/567 565/615/565 553/602/553
f 556/603/556 568/616/568 567/614/567 555/601/555
f 557/604/557 569/617/569 568/616/568 556/603/556
f 558/605/558 570/618/570 569/617/569 557/604/557
f 559/606/559 571/619/571 570/618/570 558/605/558
f 560/607/560 572/620/572 571/619/571 559/606/559
f 561/608/561 573/621/573 572/620/572 560/607/560
f 562/609/562 574/622/574 573/621/573 561/608/561
f 563/610/563 575/623/575 574/622/574 562/609/562
f 564/611/564 576/624/576 575/623/575 563/610/563
f 554/600/554 566/613/566 576/624/576 564/611/564
f 565/612/565 577/625/577 578/626/578 566/613/566
f 567/614/567 579/627/579 577/628/577 565/615/565
f 568/616/568 580/629/580 579/627/579 567/614/567
f 569/617/569 581/630/581 580/629/580 568/616/568
f 570/618/570 582/631/582 581/630/581 569/617/569
f 571/619/571 583/632/583 582/631/582 570/618/570
f 572/620/572 584/633/584 583/632/583 571/619/571
f 573/621/573 585/634/585 584/633/584 572/620/572
f 574/622/574 586/635/586 585/634/585 573/621/573
f 575/623/575 587/636/587 586/635/586 574/622/574
f 576/624/576 588/637/588 587/636/587 575/623/575
f 566/613/566 578/626/578 588/637/588 576/624/576
f 577/625/577 589/638/589 590/639/590 578/626/578
f 579/627/579 591/640/591 589/641/589 577/628/577
f 580/629/580 592/642/592 591/640/591 579/627/579
f 581/630/581 593/643/593 592/642/592 580/629/580
f 582/631/582 594/644/594 593/643/593 581/630/581
f 583/632/583 595/645/595 594/644/594 582/631/582
f 584/633/584 596/646/596 595/645/595 583/632/583
f 585/634/585 597/647/597 596/646/596 584/633/584
f 586/635/586 598/648/598 597/647/597 585/634/585
f 587/636/587 599/649/599 598/648/598 586/635/586
f 588/637/588 600/650/600 599/649/599 587/636/587
f 578/626/578 590/639/590 600/650/600 588/637/588
f 589/638/589 601/651/601 602/652/602 590/639/590
f 591/640/591 603/653/603 601/654/601 589/641/589
f 592/642/592 604/655/604 603/653/603 591/640/591
f 593/643/593 605/656/605 604/655/604 592/642/592
f 594/644/594 606/657/606 605/656/605 593/643/593
f 595/645/595 607/658/607 606/657/606 594/644/594
f 596/646/596 608/659/608 607/658/607 595/645/595
f 597/647/597 609/660/609 608/659/608 596/646/596
f 598/648/598 610/661/610 609/660/609 597/647/597
f 599/649/599 611/662/611 610/661/610 598/648/598
f 600/650/600 612/663/612 611/662/611 599/649/599
f 590/639/590 602/652/602 612/663/612 600/650/600
f 601/651/601 613/664/613 614/665/614 602/652/602
f 603/653/603 615/666/615 613/667/613 601/654/601
f 604/655/604 616/668/616 615/666/615 603/653/603
f 605/656/605 617/669/617 616/668/616 604/655/604
f 606/657/606 618/670/618 617/669/617 605/656/605
f 607/658/607 619/671/619 618/670/618 606/657/606
f 608/659/608 620/672/620 619/671/619 607/658/607
f 609/660/609 621/673/621 620/672/620 608/659/608
f 610/661/610 622/674/622 621/673/621 609/660/609
f 611/662/611 623/675/623 622/674/622 610/661/610
f 612/663/612 624/676/624 623/675/623 611/662/611
f 602/652/602 614/665/614 624/676/624 612/663/612
f 613/664/613 625/677/625 626/678/626 614/665/614
f 615/666/615 627/679/627 625/680/625 613/667/613
f 616/668/616 628/681/628 627/679/627 615/666/615
f 617/669/617 629/682/629 628/681/628 616/668/616
f 618/670/618 630/683/630 629/682/629 617/669/617
f 619/671/619 631/684/631 630/683/630 618/670/618
f 620/672/620 632/685/632 631/684/631 619/671/619
f 621/673/621 633/686/633 632/685/632 620/672/620
f 622/674/622 634/687/634 633/686/633 621/673/621
f 623/675/623 635/688/635 634/687/634 622/674/622
f 624/676/624 636/689/636 635/688/635 623/675/623
f 614/665/614 626/678/626 636/689/636 624/676/624
f 625/677/625 637/690/637 638/691/638 626/678/626
f 627/679/627 639/692/639 637/693/637 625/680/625
f 628/681/628 640/694/640 639/692/639 627/679/627
f 629/682/629 641/695/641 640/694/640 628/681/628
f 630/683/630 642/696/642 641/695/641 629/682/629
f 631/684/631 643/697/643 642/696/642 630/683/630
f 632/685/632 644/698/644 643/697/643 631/684/631
f 633/686/633 645/699/645 644/698/644 632/685/632
f 634/687/634 646/700/646 645/699/645 633/686/633
f 635/688/635 647/701/647 646/700/646 634/687/634
f 636/689/636 648/702/648 647/701/647 635/688/635
f 626/678/626 638/691/638 648/702/648 636/689/636
f 637/690/637 649/703/649 650/704/650 638/691/638
f 639/692/639 651/705/651 649/706/649 637/693/637
f 640/694/640 652/707/652 651/705/651 639/692/639
f 641/695/641 653/708/653 652/707/652 640/694/640
f 642/696/642 654/709/654 653/708/653 641/695/641
f 643/697/643 655/710/655 654/709/654 642/696/642
f 644/698/644 656/711/656 655/710/655 643/697/643
f 645/699/645 657/712/657 656/711/656 644/698/644
f 646/700/646 658/713/658 657/712/657 645/699/645
f 647/701/647 659/714/659 658/713/658 646/700/646
f 648/702/648 660/715/660 659/714/659 647/701/647
f 638/691/638 650/704/650 660/715/660 648/702/648
f 649/703/649 661/716/661 662/717/662 650/704/650
f 651/705/651 663/718/663 661/719/661 649/706/649
f 652/707/652 664/720/664 663/718/663 651/705/651
f 653/708/653 665/721/665 664/720/664 652/707/652
f 654/709/654 666/722/666 665/721/665 653/708/653
f 655/710/655 667/723/667 666/722/666 654/709/654
f 656/711/656 668/724/668 667/723/667 655/710/655
f 657/712/657 669/725/669 668/724/668 656/711/656
f 658/713/658 670/726/670 669/725/669 657/712/657
f 659/714/659 671/727/671 670/726/670 658/713/658
f 660/715/660 672/728/672 671/727/671 659/714/659
f 650/704/650 662/717/662 672/728/672 660/715/660
f 661/716/661 673/729/673 674/730/674 662/717/662
f 663/718/663 675/731/675 673/732/673 661/719/661
f 664/720/664 676/733/676 675/731/675 663/718/663
f 665/721/665 677/734/677 676/733/676 664/720/664
f 666/722/666 678/735/678 677/734/677 665/721/665
f 667/723/667 679/736/679 678/735/678 666/722/666
f 668/724/668 680/737/680 679/736/679 667/723/667
f 669/725/669 681/738/681 680/737/680 668/724/668
f 670/726/670 682/739/682 681/738/681 669/725/669
f 671/727/671 683/740/683 682/739/682 670/726/670
f 672/728/672 684/741/684 683/740/683 671/727/671
f 662/717/662 674/730/674 684/741/684 672/728/672
f 673/729/673 685/742/685 686/743/686 674/730/674
f 675/731/675 687/744/687 685/745/685 673/732/673
f 676/733/676 688/746/688 687/744/687 675/731/675
f 677/734/677 689/747/689 688/746/688 676/733/676
f 678/735/678 690/748/690 689/747/689 677/734/677
f 679/736/679 691/749/691 690/748/690 678/735/678
f 680/737/680 692/750/692 691/749/691 679/736/679
f 681/738/681 693/751/693 692/750/692 680/737/680
f 682/739/682 694/752/694 693/751/693 681/738/681
f 683/740/683 695/753/695 694/752/694 682/739/682
f 684/741/684 696/754/696 695/753/695 683/740/683
f 674/730/674 686/743/686 696/754/696 684/741/684
f 685/742/685 697/755/697 698/756/698 686/743/686
f 687/744/687 699/757/699 697/758/697 685/745/685
f 688/746/688 700/759/700 699/757/699 687/744/687
f 689/747/689 701/760/701 700/759/700 688/746/688
f 690/748/690 702/761/702 701/760/701 689/747/689
f 691/749/691 703/762/703 702/761/702 690/748/690
f 692/750/692 704/763/704 703/762/703 691/749/691
f 693/751/693 705/764/705 704/763/704 692/750/692
f 694/752/694 706/765/706 705/764/705 693/751/693
f 695/753/695 707/766/707 706/765/706 694/752/694
f 696/754/696 708/767/708 707/766/707 695/753/695
f 686/743/686 698/756/698 708/767/708 696/754/696
f 697/755/697 709/768/709 710/769/710 698/756/698
f 699/757/699 711/770/711 709/771/709 697/758/697
f 700/759/700 712/772/712 711/770/711 699/757/699
f 701/760/701 713/773/713 712/772/712 700/759/700
f 702/761/702 714/774/714 713/773/713 701/760/701
f 703/762/703 715/775/715 714/774/714 702/761/702
f 704/763/704 716/776/716 715/775/715 703/762/703
f 705/764/705 717/777/717 716/776/716 704/763/704
f 706/765/706 718/778/718 717/777/717 705/764/705
f 707/766/707 719/779/719 718/778/718 706/765/706
f 708/767/708 720/780/720 719/779/719 707/766/707
f 698/756/698 710/769/710 720/780/720 708/767/708
f 709/768/709 721/781/721 722/782/722 710/769/710
f 711/770/711 723/783/723 721/784/721 709/771/709
f 712/772/712 724/785/724 723/783/723 711/770/711
f 713/773/713 725/786/725 724/785/724 712/772/712
f 714/774/714 726/787/726 725/786/725 713/773/713
f 715/775/715 727/788/727 726/787/726 714/774/714
f 716/776/716 728/789/728 727/788/727 715/775/715
f 717/777/717 729/790/729 728/789/728 716/776/716
f 718/778/718 730/791/730 729/790/729 717/777/717
f 719/779/719 731/792/731 730/791/730 718/778/718
f 720/780/720 732/793/732 731/792/731 719/779/719
f 710/769/710 722/782/722 732/793/732 720/780/720
f 721/781/721 733/794/733 734/795/734 722/782/722
f 723/783/723 735/796/735 733/797/733 721/784/721
f 724/785/724 736/798/736 735/796/735 723/783/723
f 725/786/725 737/799/737 736/798/736 724/785/724
f 726/787/726 738/800/738 737/799/737 725/786/725
f 727/788/727 739/801/739 738/800/738 726/787/726
f 728/789/728 740/802/740 739/801/739 727/788/727
f 729/790/729 741/803/741 740/802/740 728/789/728
f 730/791/730 742/804/742 741/803/741 729/790/729
f 731/792/731 743/805/743 742/804/742 730/791/730
f 732/793/732 744/806/744 743/805/743 731/792/731
f 722/782/722 734/795/734 744/806/744 732/793/732
f 733/794/733 745/807/745 746/808/746 734/795/734
f 735/796/735 747/809/747 745/810/745 733/797/733
f 736/798/736 748/811/748 747/809/747 735/796/735
f 737/799/737 749/812/749 748/811/748 736/798/736
f 738/800/738 750/813/750 749/812/749 737/799/737
f 739/801/739 751/814/751 750/813/750 738/800/738
f 740/802/740 752/815/752 751/814/751 739/801/739
f 741/803/741 753/816/753 752/815/752 740/802/740
f 742/804/742 754/817/754 753/816/753 741/803/741
f 743/805/743 755/818/755 754/817/754 742/804/742
f 744/806/744 756/819/756 755/818/755 743/805/743
f 734/795/734 746/808/746 756/819/756 744/806/744
f 745/807/745 757/820/757 758/821/758 746/808/746
f 747/809/747 759/822/759 757/823/757 745/810/745
f 748/811/748 760/824/760 759/822/759 747/809/747
f 749/812/749 761/825/761 760/824/760 748/811/748
f 750/813/750 762/826/762 761/825/761 749/812/749
f 751/814/751 763/827/763 762/826/762 750/813/750
f 752/815/752 764/828/764 763/827/763 751/814/751
f 753/816/753 765/829/765 764/828/764 752/815/752
f 754/817/754 766/830/766 765/829/765 753/816/753
f 755/818/755 767/831/767 766/830/766 754/817/754
f 756/819/756 768/832/768 767/831/767 755/818/755
f 746/808/746 758/821/758 768/832/768 756/819/756
f 757/820/757 769/833/769 770/834/770 758/821/758
f 759/822/759 771/835/771 769/836/769 757/823/757
f 760/824/760 772/837/772 771/835/771 759/822/759
f 761/825/761 773/838/773 772/837/772 760/824/760
f 762/826/762 774/839/774 773/838/773 761/825/761
f 763/827/763 775/840/775 774/839/774 762/826/762
f 764/828/764 776/841/776 775/840/775 763/827/763
f 765/829/765 777/842/777 776/841/776 764/828/764
f 766/830/766 778/843/778 777/842/777 765/829/765
f 767/831/767 779/844/779 778/843/778 766/830/766
f 768/832/768 780/845/780 779/844/779 767/831/767
f 758/821/758 770/834/770 780/845/780 768/832/768
f 769/833/769 781/846/781 782/847/782 770/834/770
f 771/835/771 783/848/783 781/849/781 769/836/769
f 772/837/772 784/850/784 783/848/783 771/835/771
f 773/838/773 785/851/785 784/850/784 772/837/772
f 774/839/774 786/852/786 785/851/785 773/838/773
f 775/840/775 787/853/787 786/852/786 774/839/774
f 776/841/776 788/854/788 787/853/787 775/840/775
f 777/842/777 789/855/789 788/854/788 776/841/776
f 778/843/778 790/856/790 789/855/789 777/842/777
f 779/844/779 791/857/791 790/856/790 778/843/778
f 780/845/780 792/858/792 791/857/791 779/844/779
f 770/834/770 782/847/782 792/858/792 780/845/780
f 781/846/781 793/859/793 794/860/794 782/847/782
f 783/848/783 795/861/795 793/862/793 781/849/781
f 784/850/784 796/863/796 795/861/795 783/848/783
f 785/851/785 797/864/797 796/863/796 784/850/784
f 786/852/786 798/865/798 797/864/797 785/851/785
f 787/853/787 799/866/799 798/865/798 786/852/786
f 788/854/788 800/867/800 799/866/799 787/853/787
f 789/855/789 801/868/801 800/867/800 788/854/788
f 790/856/790 802/869/802 801/868/801 789/855/789
f 791/857/791 803/870/803 802/869/802 790/856/790
f 792/858/792 804/871/804 803/870/803 791/857/791
f 782/847/782 794/860/794 804/871/804 792/858/792
f 793/859/793 805/872/805 806/873/806 794/860/794
f 795/861/795 807/874/807 805/875/805 793/862/793
f 796/863/796 808/876/808 807/874/807 795/861/795
f 797/864/797 809/877/809 808/876/808 796/863/796
f 798/865/798 810/878/810 809/877/809 797/864/797
f 799/866/799 811/879/811 810/878/810 798/865/798
f 800/867/800 812/880/812 811/879/811 799/866/799
f 801/868/801 813/881/813 812/880/812 800/867/800
f 802/869/802 814/882/814 813/881/813 801/868/801
f 803/870/803 815/883/815 814/882/814 802/869/802
f 804/871/804 816/884/816 815/883/815 803/870/803
f 794/860/794 806/873/806 816/884/816 804/871/804
f 805/872/805 817/885/817 818/886/818 806/873/806
f 807/874/807 819/887/819 817/888/817 805/875/805
f 808/876/808 820/889/820 819/887/819 807/874/807
f 809/877/809 821/890/821 820/889/820 808/876/808
f 810/878/810 822/891/822 821/890/821 809/877/809
f 811/879/811 823/892/823 822/891/822 810/878/810
f 812/880/812 824/893/824 823/892/823 811/879/811
f 813/881/813 825/894/825 824/893/824 812/880/812
f 814/882/814 826/895/826 825/894/825 813/881/813
f 815/883/815 827/896/827 826/895/826 814/882/814
f 816/884/816 828/897/828 827/896/827 815/883/815
f 806/873/806 818/886/818 828/897/828 816/884/816
f 817/885/817 829/898/829 830/899/830 818/886/818
f 819/887/819 831/900/831 829/901/829 817/888/817
f 820/889/820 832/902/832 831/900/831 819/887/819
f 821/890/821 833/903/833 832/902/832 820/889/820
f 822/891/822 834/904/834 833/903/833 821/890/821
f 823/892/823 835/905/835 834/904/834 822/891/822
f 824/893/824 836/906/836 835/905/835 823/892/823
f 825/894/825 837/907/837 836/906/836 824/893/824
f 826/895/826 838/908/838 837/907/837 825/894/825
f 827/896/827 839/909/839 838/908/838 826/895/826
f 828/897/828 840/910/840 839/909/839 827/896/827
f 818/886/818 830/899/830 840/910/840 828/897/828
f 829/898/829 841/911/841 842/912/842 830/899/830
f 831/900/831 843/913/843 841/914/841 829/901/829
f 832/902/832 844/915/844 843/913/843 831/900/831
f 833/903/833 845/916/845 844/915/844 832/902/832
f 834/904/834 846/917/846 845/916/845 833/903/833
f 835/905/835 847/918/847 846/917/846 834/904/834
f 836/906/836 848/919/848 847/918/847 835/905/835
f 837/907/837 849/920/849 848/919/848 836/906/836
f 838/908/838 850/921/850 849/920/849 837/907/837
f 839/909/839 851/922/851 850/921/850 838/908/838
f 840/910/840 852/923/852 851/922/851 839/909/839
f 830/899/830 842/912/842 852/923/852 840/910/840
f 841/911/841 853/924/853 854/925/854 842/912/842
f 843/913/843 855/926/855 853/927/853 841/914/841
f 844/915/844 856/928/856 855/926/855 843/913/843
f 845/916/845 857/929/857 856/928/856 844/915/844
f 846/917/846 858/930/858 857/929/857 845/916/845
f 847/918/847 859/931/859 858/930/858 846/917/846
f 848/919/848 860/932/860 859/931/859 847/918/847
f 849/920/849 861/933/861 860/932/860 848/919/848
f 850/921/850 862/934/862 861/933/861 849/920/849
f 851/922/851 863/935/863 862/934/862 850/921/850
f 852/923/852 864/936/864 863/935/863 851/922/851
f 842/912/842 854/925/854 864/936/864 852/923/852
f 853/924/853 865/937/865 866/938/866 854/925/854
f 855/926/855 867/939/867 865/940/865 853/927/853
f 856/928/856 868/941/868 867/939/867 855/926/855
f 857/929/857 869/942/869 868/941/868 856/928/856
f 858/930/858 870/943/870 869/942/869 857/929/857
f 859/931/859 871/944/871 870/943/870 858/930/858
f 860/932/860 872/945/872 871/944/871 859/931/859
f 861/933/861 873/946/873 872/945/872 860/932/860
f 862/934/862 874/947/874 873/946/873 861/933/861
f 863/935/863 875/948/875 874/947/874 862/934/862
f 864/936/864 876/949/876 875/948/875 863/935/863
f 854/925/854 866/938/866 876/949/876 864/936/864
f 865/937/865 877/950/877 878/951/878 866/938/866
f 867/939/867 879/952/879 877/953/877 865/940/865
f 868/941/868 880/954/880 879/952/879 867/939/867
f 869/942/869 881/955/881 880/954/880 868/941/868
f 870/943/870 882/956/882 881/955/881 869/942/869
f 871/944/871 883/957/883 882/956/882 870/943/870
f 872/945/872 884/958/884 883/957/883 871/944/871
f 873/946/873 885/959/885 884/958/884 872/945/872
f 874/947/874 886/960/886 885/959/885 873/946/873
f 875/948/875 887/961/887 886/960/886 874/947/874
f 876/949/876 888/962/888 887/961/887 875/948/875
f 866/938/866 878/951/878 888/962/888 876/949/876
f 877/950/877 889/963/889 890/964/890 878/951/878
f 879/952/879 891/965/891 889/966/889 877/953/877
f 880/954/880 892/967/892 891/965/891 879/952/879
f 881/955/881 893/968/893 892/967/892 880/954/880
f 882/956/882 894/969/894 893/968/893 881/955/881
f 883/957/883 895/970/895 894/969/894 882/956/882
f 884/958/884 896/971/896 895/970/895 883/957/883
f 885/959/885 897/972/897 896/971/896 884/958/884
f 886/960/886 898/973/898 897/972/897 885/959/885
f 887/961/887 899/974/899 898/973/898 886/960/886
f 888/962/888 900/975/900 899/974/899 887/961/887
f 878/951/878 890/964/890 900/975/900 888/962/888
f 889/963/889 901/976/901 902/977/902 890/964/890
f 891/965/891 903/978/903 901/979/901 889/966/889
f 892/967/892 904/980/904 903/978/903 891/965/891
f 893/968/893 905/981/905 904/980/904 892/967/892
f 894/969/894 906/982/906 905/981/905 893/968/893
f 895/970/895 907/983/907 906/982/906 894/969/894
f 896/971/896 908/984/908 907/983/907 895/970/895
f 897/972/897 909/985/909 908/984/908 896/971/896
f 898/973/898 910/986/910 909/985/909 897/972/897
f 899/974/899 911/987/911 910/986/910 898/973/898
f 900/975/900 912/988/912 911/987/911 899/974/899
f 890/964/890 902/977/902 912/988/912 900/975/900
f 901/976/901 913/989/913 914/990/914 902/977/902
f 903/978/903 915/991/915 913/992/913 901/979/901
f 904/980/904 916/993/916 915/991/915 903/978/903
f 905/981/905 917/994/917 916/993/916 904/980/904
f 906/982/906 918/995/918 917/994/917 905/981/905
f 907/983/907 919/996/919 918/995/918 906/982/906
f 908/984/908 920/997/920 919/996/919 907/983/907
f 909/985/909 921/998/921 920/997/920 908/984/908
f 910/986/910 922/999/922 921/998/921 909/985/909
f 911/987/911 923/1000/923 922/999/922 910/986/910
f 912/988/912 924/1001/924 923/1000/923 911/987/911
f 902/977/902 914/990/914 924/1001/924 912/988/912
f 913/989/913 925/1002/925 926/1003/926 914/990/914
f 915/991/915 927/1004/927 925/1005/925 913/992/913
f 916/993/916 928/1006/928 927/1004/927 915/991/915
f 917/994/917 929/1007/929 928/1006/928 916/993/916
f 918/995/918 930/1008/930 929/1007/929 917/994/917
f 919/996/919 931/1009/931 930/1008/930 918/995/918
f 920/997/920 932/1010/932 931/1009/931 919/996/919
f 921/998/921 933/1011/933 932/1010/932 920/997/920
f 922/999/922 934/1012/934 933/1011/933 921/998/921
f 923/1000/923 935/1013/935 934/1012/934 922/999/922
f 924/1001/924 936/1014/936 935/1013/935 923/1000/923
f 914/990/914 926/1003/926 936/1014/936 924/1001/924
f 925/1002/925 937/1015/937 938/1016/938 926/1003/926
f 927/1004/927 939/1017/939 937/1018/937 925/1005/925
f 928/1006/928 940/1019/940 939/1017/939 927/1004/927
f 929/1007/929 941/1020/941 940/1019/940 928/1006/928
f 930/1008/930 942/1021/942 941/1020/941 929/1007/929
f 931/1009/931 943/1022/943 942/1021/942 930/1008/930
f 932/1010/932 944/1023/944 943/1022/943 931/1009/931
f 933/1011/933 945/1024/945 944/1023/944 932/1010/932
f 934/1012/934 946/1025/946 945/1024/945 933/1011/933
f 935/1013/935 947/1026/947 946/1025/946 934/1012/934
f 936/1014/936 948/1027/948 947/1026/947 935/1013/935
f 926/1003/926 938/1016/938 948/1027/948 936/1014/936
f 937/1015/937 949/1028/949 950/1029/950 938/1016/938
f 939/1017/939 951/1030/951 949/1031/949 937/1018/937
f 940/1019/940 952/1032/952 951/1030/951 939/1017/939
f 941/1020/941 953/1033/953 952/1032/952 940/1019/940
f 942/1021/942 954/1034/954 953/1033/953 941/1020/941
f 943/1022/943 955/1035/955 954/1034/954 942/1021/942
f 944/1023/944 956/1036/956 955/1035/955 943/1022/943
f 945/1024/945 957/1037/957 956/1036/956 944/1023/944
f 946/1025/946 958/1038/958 957/1037/957 945/1024/945
f 947/1026/947 959/1039/959 958/1038/958 946/1025/946
f 948/1027/948 960/1040/960 959/1039/959 947/1026/947
f 938/1016/938 950/1029/950 960/1040/960 948/1027/948
f 949/1028/949 961/1041/961 962/1042/962 950/1029/950
f 951/1030/951 963/1043/963 961/1044/961 949/1031/949
f 952/1032/952 964/1045/964 963/1043/963 951/1030/951
f 953/1033/953 965/1046/965 964/1045/964 952/1032/952
f 954/1034/954 966/1047/966 965/1046/965 953/1033/953
f 955/1035/955 967/1048/967 966/1047/966 954/1034/954
f 956/1036/956 968/1049/968 967/1048/967 955/1035/955
f 957/1037/957 969/1050/969 968/1049/968 956/1036/956
f 958/1038/958 970/1051/970 969/1050/969 957/1037/957
f 959/1039/959 971/1052/971 970/1051/970 958/1038/958
f 960/1040/960 972/1053/972 971/1052/971 959/1039/959
f 950/1029/950 962/1042/962 972/1053/972 960/1040/960
f 961/1041/961 973/1054/973 974/1055/974 962/1042/962
f 963/1043/963 975/1056/975 973/1057/973 961/1044/961
f 964/1045/964 976/1058/976 975/1056/975 963/1043/963
f 965/1046/965 977/1059/977 976/1058/976 964/1045/964
f 966/1047/966 978/1060/978 977/1059/977 965/1046/965
f 967/1048/967 979/1061/979 978/1060/978 966/1047/966
f 968/1049/968 980/1062/980 979/1061/979 967/1048/967
f 969/1050/969 981/1063/981 980/1062/980 968/1049/968
f 970/1051/970 982/1064/982 981/1063/981 969/1050/969
f 971/1052/971 983/1065/983 982/1064/982 970/1051/970
f 972/1053/972 984/1066/984 983/1065/983 971/1052/971
f 962/1042/962 974/1055/974 984/1066/984 972/1053/972
f 973/1054/973 985/1067/985 986/1068/986 974/1055/974
f 975/1056/975 987/1069/987 985/1070/985 973/1057/973
f 976/1058/976 988/1071/988 987/1069/987 975/1056/975
f 977/1059/977 989/1072/989 988/1071/988 976/1058/976
f 978/1060/978 990/1073/990 989/1072/989 977/1059/977
f 979/1061/979 991/1074/991 990/1073/990 978/1060/978
f 980/1062/980 992/1075/992 991/1074/991 979/1061/979
f 981/1063/981 993/1076/993 992/1075/992 980/1062/980
f 982/1064/982 994/1077/994 993/1076/993 981/1063/981
f 983/1065/983 995/1078/995 994/1077/994 982/1064/982
f 984/1066/984 996/1079/996 995/1078/995 983/1065/983
f 974/1055/974 986/1068/986 996/1079/996 984/1066/984
f 985/1067/985 997/1080/997 998/1081/998 986/1068/986
f 987/1069/987 999/1082/999 997/1083/997 985/1070/985
f 988/1071/988 1000/1084/1000 999/1082/999 987/1069/987
f 989/1072/989 1001/1085/1001 1000/1084/1000 988/1071/988
f 990/1073/990 1002/1086/1002 1001/1085/1001 989/1072/989
f 991/1074/991 1003/1087/1003 1002/1086/1002 990/1073/990
f 992/1075/992 1004/1088/1004 1003/1087/1003 991/1074/991
f 993/1076/993 1005/1089/1005 1004/1088/1004 992/1075/992
f 994/1077/994 1006/1090/1006 1005/1089/1005 993/1076/993
f 995/1078/995 1007/1091/1007 1006/1090/1006 994/1077/994
f 996/1079/996 1008/1092/1008 1007/1091/1007 995/1078/995
f 986/1068/986 998/1081/998 1008/1092/1008 996/1079/996
f 997/1080/997 1009/1093/1009 1010/1094/1010 998/1081/998
f 999/1082/999 1011/1095/1011 1009/1096/1009 997/1083/997
f 1000/1084/1000 1012/1097/1012 1011/1095/1011 999/1082/999
f 1001/1085/1001 1013/1098/1013 1012/1097/1012 1000/1084/1000
f 1002/1086/1002 1014/1099/1014 1013/1098/1013 1001/1085/1001
f 1003/1087/1003 1015/1100/1015 1014/1099/1014 1002/1086/1002
f 1004/1088/1004 1016/1101/1016 1015/1100/1015 1003/1087/1003
f 1005/1089/1005 1017/1102/1017 1016/1101/1016 1004/1088/1004
f 1006/1090/1006 1018/1103/1018 1017/1102/1017 1005/1089/1005
f 1007/1091/1007 1019/1104/1019 1018/1103/1018 1006/1090/1006
f 1008/1092/1008 1020/1105/1020 1019/1104/1019 1007/1091/1007
f 998/1081/998 1010/1094/1010 1020/1105/1020 1008/1092/1008
f 1009/1093/1009 1021/1106/1021 1022/1107/1022 1010/1094/1010
f 1011/1095/1011 1023/1108/1023 1021/1109/1021 1009/1096/1009
f 1012/1097/1012 1024/1110/1024 1023/1108/1023 1011/1095/1011
f 1013/1098/1013 1025/1111/1025 1024/1110/1024 1012/1097/1012
f 1014/1099/1014 1026/1112/1026 1025/1111/1025 1013/1098/1013
f 1015/1100/1015 1027/1113/1027 1026/1112/1026 1014/1099/1014
f 1016/1101/1016 1028/1114/1028 1027/1113/1027 1015/1100/1015
f 1017/1102/1017 1029/1115/1029 1028/1114/1028 1016/1101/1016
f 1018/1103/1018 1030/1116/1030 1029/1115/1029 1017/1102/1017
f 1019/1104/1019 1031/1117/1031 1030/1116/1030 1018/1103/1018
f 1020/1105/1020 1032/1118/1032 1031/1117/1031 1019/1104/1019
f 1010/1094/1010 1022/1107/1022 1032/1118/1032 1020/1105/1020
f 1021/1106/1021 1033/1119/1033 1034/1120/1034 1022/1107/1022
f 1023/1108/1023 1035/1121/1035 1033/1122/1033 1021/1109/1021
f 1024/1110/1024 1036/1123/1036 1035/1121/1035 1023/1108/1023
f 1025/1111/1025 1037/1124/1037 1036/1123/1036 1024/1110/1024
f 1026/1112/1026 1038/1125/1038 1037/1124/1037 1025/1111/1025
f 1027/1113/1027 1039/1126/1039 1038/1125/1038 1026/1112/1026
f 1028/1114/1028 1040/1127/1040 1039/1126/1039 1027/1113/1027
f 1029/1115/1029 1041/1128/1041 1040/1127/1040 1028/1114/1028
f 1030/1116/1030 1042/1129/1042 1041/1128/1041 1029/1115/1029
f 1031/1117/1031 1043/1130/1043 1042/1129/1042 1030/1116/1030
f 1032/1118/1032 1044/1131/1044 1043/1130/1043 1031/1117/1031
f 1022/1107/1022 1034/1120/1034 1044/1131/1044 1032/1118/1032
f 1033/1119/1033 1045/1132/1045 1046/1133/1046 1034/1120/1034
f 1035/1121/1035 1047/1134/1047 1045/1135/1045 1033/1122/1033
f 1036/1123/1036 1048/1136/1048 1047/1134/1047 1035/1121/1035
f 1037/1124/1037 1049/1137/1049 1048/1136/1048 1036/1123/1036
f 1038/1125/1038 1050/1138/1050 1049/1137/1049 1037/1124/1037
f 1039/1126/1039 1051/1139/1051 1050/1138/1050 1038/1125/1038
f 1040/1127/1040 1052/1140/1052 1051/1139/1051 1039/1126/1039
f 1041/1128/1041 1053/1141/1053 1052/1140/1052 1040/1127/1040
f 1042/1129/1042 1054/1142/1054 1053/1141/1053 1041/1128/1041
f 1043/1130/1043 1055/1143/1055 1054/1142/1054 1042/1129/1042
f 1044/1131/1044 1056/1144/1056 1055/1143/1055 1043/1130/1043
f 1034/1120/1034 1046/1133/1046 1056/1144/1056 1044/1131/1044
f 1045/1132/1045 1057/1145/1057 1058/1146/1058 1046/1133/1046
f 1047/1134/1047 1059/1147/1059 1057/1148/1057 1045/1135/1045
f 1048/1136/1048 1060/1149/1060 1059/1147/1059 1047/1134/1047
f 1049/1137/1049 1061/1150/1061 1060/1149/1060 1048/1136/1048
f 1050/1138/1050 1062/1151/1062 1061/1150/1061 1049/1137/1049
f 1051/1139/1051 1063/1152/1063 1062/1151/1062 1050/1138/1050
f 1052/1140/1052 1064/1153/1064 1063/1152/1063 1051/1139/1051
f 1053/1141/1053 1065/1154/1065 1064/1153/1064 1052/1140/1052
f 1054/1142/1054 1066/1155/1066 1065/1154/1065 1053/1141/1053
f 1055/1143/1055 1067/1156/1067 1066/1155/1066 1054/1142/1054
f 1056/1144/1056 1068/1157/1068 1067/1156/1067 1055/1143/1055
f 1046/1133/1046 1058/1146/1058 1068/1157/1068 1056/1144/1056
f 1057/1145/1057 1069/1158/1069 1070/1159/1070 1058/1146/1058
f 1059/1147/1059 1071/1160/1071 1069/1161/1069 1057/1148/1057
f 1060/1149/1060 1072/1162/1072 1071/1160/1071 1059/1147/1059
f 1061/1150/1061 1073/1163/1073 1072/1162/1072 1060/1149/1060
f 1062/1151/1062 1074/1164/1074 1073/1163/1073 1061/1150/1061
f 1063/1152/1063 1075/1165/1075 1074/1164/1074 1062/1151/1062
f 1064/1153/1064 1076/1166/1076 1075/1165/1075 1063/1152/1063
f 1065/1154/1065 1077/1167/1077 1076/1166/1076 1064/1153/1064
f 1066/1155/1066 1078/1168/1078 1077/1167/1077 1065/1154/1065
f 1067/1156/1067 1079/1169/1079 1078/1168/1078 1066/1155/1066
f 1068/1157/1068 1080/1170/1080 1079/1169/1079 1067/1156/1067
f 1058/1146/1058 1070/1159/1070 1080/1170/1080 1068/1157/1068
f 1069/1158/1069 1081/1171/1081 1082/1172/1082 1070/1159/1070
f 1071/1160/1071 1083/1173/1083 1081/1174/1081 1069/1161/1069
f 1072/1162/1072 1084/1175/1084 1083/1173/1083 1071/1160/1071
f 1073/1163/1073 1085/1176/1085 1084/1175/1084 1072/1162/1072
f 1074/1164/1074 1086/1177/1086 1085/1176/1085 1073/1163/1073
f 1075/1165/1075 1087/1178/1087 1086/1177/1086 1074/1164/1074
f 1076/1166/1076 1088/1179/1088 1087/1178/1087 1075/1165/1075
f 1077/1167/1077 1089/1180/1089 1088/1179/1088 1076/1166/1076
f 1078/1168/1078 1090/1181/1090 1089/1180/1089 1077/1167/1077
f 1079/1169/1079 1091/1182/1091 1090/1181/1090 1078/1168/1078
f 1080/1170/1080 1092/1183/1092 1091/1182/1091 1079/1169/1079
f 1070/1159/1070 1082/1172/1082 1092/1183/1092 1080/1170/1080
f 1081/1171/1081 1093/1184/1093 1094/1185/1094 1082/1172/1082
f 1083/1173/1083 1095/1186/1095 1093/1187/1093 1081/1174/1081
f 1084/1175/1084 1096/1188/1096 1095/1186/1095 1083/1173/1083
f 1085/1176/1085 1097/1189/1097 1096/1188/1096 1084/1175/1084
f 1086/1177/1086 1098/1190/1098 1097/1189/1097 1085/1176/1085
f 1087/1178/1087 1099/1191/1099 1098/1190/1098 1086/1177/1086
f 1088/1179/1088 1100/1192/1100 1099/1191/1099 1087/1178/1087
f 1089/1180/1089 1101/1193/1101 1100/1192/1100 1088/1179/1088
f 1090/1181/1090 1102/1194/1102 1101/1193/1101 1089/1180/1089
f 1091/1182/1091 1103/1195/1103 1102/1194/1102 1090/1181/1090
f 1092/1183/1092 1104/1196/1104 1103/1195/1103 1091/1182/1091
f 1082/1172/1082 1094/1185/1094 1104/1196/1104 1092/1183/1092
f 1093/1184/1093 1105/1197/1105 1106/1198/1106 1094/1185/1094
f 1095/1186/1095 1107/1199/1107 1105/1200/1105 1093/1187/1093
f 1096/1188/1096 1108/1201/1108 1107/1199/1107 1095/1186/1095
f 1097/1189/1097 1109/1202/1109 1108/1201/1108 1096/1188/1096
f 1098/1190/1098 1110/1203/1110 1109/1202/1109 1097/1189/1097
f 1099/1191/1099 1111/1204/1111 1110/1203/1110 1098/1190/1098
f 1100/1192/1100 1112/1205/1112 1111/1204/1111 1099/1191/1099
f 1101/1193/1101 1113/1206/1113 1112/1205/1112 1100/1192/1100
f 1102/1194/1102 1114/1207/1114 1113/1206/1113 1101/1193/1101
f 1103/1195/1103 1115/1208/1115 1114/1207/1114 1102/1194/1102
f 1104/1196/1104 1116/1209/1116 1115/1208/1115 1103/1195/1103
f 1094/1185/1094 1106/1198/1106 1116/1209/1116 1104/1196/1104
f 1105/1197/1105 1117/1210/1117 1118/1211/1118 1106/1198/1106
f 1107/1199/1107 1119/1212/1119 1117/1213/1117 1105/1200/1105
f 1108/1201/1108 1120/1214/1120 1119/1212/1119 1107/1199/1107
f 1109/1202/1109 1121/1215/1121 1120/1214/1120 1108/1201/1108
f 1110/1203/1110 1122/1216/1122 1121/1215/1121 1109/1202/1109
f 1111/1204/1111 1123/1217/1123 1122/1216/1122 1110/1203/1110
f 1112/1205/1112 1124/1218/1124 1123/1217/1123 1111/1204/1111
f 1113/1206/1113 1125/1219/1125 1124/1218/1124 1112/1205/1112
f 1114/1207/1114 1126/1220/1126 1125/1219/1125 1113/1206/1113
f 1115/1208/1115 1127/1221/1127 1126/1220/1126 1114/1207/1114
f 1116/1209/1116 1128/1222/1128 1127/1221/1127 1115/1208/1115
f 1106/1198/1106 1118/1211/1118 1128/1222/1128 1116/1209/1116
f 1117/1210/1117 1129/1223/1129 1130/1224/1130 1118/1211/1118
f 1119/1212/1119 1131/1225/1131 1129/1226/1129 1117/1213/1117
f 1120/1214/1120 1132/1227/1132 1131/1225/1131 1119/1212/1119
f 1121/1215/1121 1133/1228/1133 1132/1227/1132 1120/1214/1120
f 1122/1216/1122 1134/1229/1134 1133/1228/1133 1121/1215/1121
f 1123/1217/1123 1135/1230/1135 1134/1229/1134 1122/1216/1122
f 1124/1218/1124 1136/1231/1136 1135/1230/1135 1123/1217/1123
f 1125/1219/1125 1137/1232/1137 1136/1231/1136 1124/1218/1124
f 1126/1220/1126 1138/1233/1138 1137/1232/1137 1125/1219/1125
f 1127/1221/1127 1139/1234/1139 1138/1233/1138 1126/1220/1126
f 1128/1222/1128 1140/1235/1140 1139/1234/1139 1127/1221/1127
f 1118/1211/1118 1130/1224/1130 1140/1235/1140 1128/1222/1128
f 1129/1223/1129 1141/1236/1141 1142/1237/1130 1130/1224/1130
f 1131/1225/1131 1143/1238/1142 1141/1239/1141 1129/1226/1129
f 1132/1227/1132 1144/1240/1143 1143/1238/1142 1131/1225/1131
f 1133/1228/1133 1145/1241/1144 1144/1240/1143 1132/1227/1132
f 1134/1229/1134 1146/1242/1145 1145/1241/1144 1133/1228/1133
f 1135/1230/1135 1147/1243/1146 1146/1242/1145 1134/1229/1134
f 1136/1231/1136 1148/1244/1147 1147/1243/1146 1135/1230/1135
f 1137/1232/1137 1149/1245/1148 1148/1244/1147 1136/1231/1136
f 1138/1233/1138 1150/1246/1149 1149/1245/1148 1137/1232/1137
f 1139/1234/1139 1151/1247/1150 1150/1246/1149 1138/1233/1138
f 1140/1235/1140 1152/1248/1151 1151/1247/1150 1139/1234/1139
f 1130/1224/1130 1142/1237/1130 1152/1248/1151 1140/1235/1140
f 1141/1236/1141 1153/1249/1152 1154/1250/1153 1142/1237/1130
f 1143/1238/1142 1155/1251/1154 1153/1252/1152 1141/1239/1141
f 1144/1240/1143 1156/1253/1155 1155/1251/1154 1143/1238/1142
f 1145/1241/1144 1157/1254/1156 1156/1253/1155 1144/1240/1143
f 1146/1242/1145 1158/1255/1157 1157/1254/1156 1145/1241/1144
f 1147/1243/1146 1159/1256/1158 1158/1255/1157 1146/1242/1145
f 1148/1244/1147 1160/1257/1159 1159/1256/1158 1147/1243/1146
f 1149/1245/1148 1161/1258/1160 1160/1257/1159 1148/1244/1147
f 1150/1246/1149 1162/1259/1161 1161/1258/1160 1149/1245/1148
f 1151/1247/1150 1163/1260/1162 1162/1259/1161 1150/1246/1149
f 1152/1248/1151 1164/1261/1163 1163/1260/1162 1151/1247/1150
f 1142/1237/1130 1154/1250/1153 1164/1261/1163 1152/1248/1151
