# Extracted from Open3DModel lower-limb.obj — Proper_plantar_digital_branches_(Medial_plantar_nerve).r
# License: CC BY-SA 4.0 — AnatomyTOOL Open3D create
o Proper_plantar_digital_branches_(Medial_plantar_nerve).r
v -0.080124 0.009425 0.124750
v -0.080174 0.009421 0.124701
v -0.080149 0.009417 0.124726
v -0.080107 0.009443 0.124768
v -0.080193 0.009436 0.124682
v -0.080101 0.009467 0.124774
v -0.080201 0.009458 0.124675
v -0.080109 0.009489 0.124766
v -0.080195 0.009482 0.124681
v -0.080128 0.009504 0.124748
v -0.080178 0.009500 0.124698
v -0.080154 0.009508 0.124723
v -0.063731 0.012417 0.069854
v -0.063258 0.012416 0.069920
v -0.063494 0.012375 0.069879
v -0.063088 0.012528 0.069966
v -0.063907 0.012529 0.069852
v -0.063029 0.012681 0.070004
v -0.063974 0.012682 0.069872
v -0.063096 0.012834 0.070025
v -0.063914 0.012835 0.069910
v -0.063272 0.012946 0.070022
v -0.063744 0.012946 0.069956
v -0.063509 0.012987 0.069997
v -0.102233 0.010411 0.130184
v -0.102263 0.010410 0.130160
v -0.102248 0.010407 0.130172
v -0.102221 0.010421 0.130192
v -0.102274 0.010419 0.130150
v -0.102216 0.010433 0.130194
v -0.102278 0.010432 0.130146
v -0.102220 0.010446 0.130190
v -0.102273 0.010445 0.130148
v -0.102231 0.010455 0.130180
v -0.102261 0.010454 0.130156
v -0.102246 0.010458 0.130168
v -0.081833 0.011271 0.059001
v -0.081505 0.011285 0.058992
v -0.081667 0.011249 0.058997
v -0.081388 0.011368 0.058989
v -0.081956 0.011345 0.059004
v -0.081348 0.011477 0.058988
v -0.082004 0.011450 0.059005
v -0.081397 0.011582 0.058989
v -0.081965 0.011559 0.059003
v -0.081520 0.011656 0.058992
v -0.081848 0.011642 0.059000
v -0.081685 0.011678 0.058996
v -0.085360 0.010450 0.124020
v -0.085430 0.010451 0.124014
v -0.085395 0.010444 0.124017
v -0.085334 0.010466 0.124022
v -0.085455 0.010468 0.124011
v -0.085324 0.010489 0.124023
v -0.085464 0.010491 0.124010
v -0.085333 0.010512 0.124022
v -0.085455 0.010514 0.124011
v -0.085359 0.010529 0.124019
v -0.085429 0.010530 0.124013
v -0.085394 0.010536 0.124016
v -0.082942 0.011778 0.056819
v -0.082521 0.011744 0.056630
v -0.082737 0.011722 0.056719
v -0.082351 0.011840 0.056576
v -0.083081 0.011899 0.056904
v -0.082273 0.011984 0.056572
v -0.083116 0.012052 0.056950
v -0.082308 0.012136 0.056618
v -0.083038 0.012196 0.056946
v -0.082447 0.012257 0.056703
v -0.082868 0.012292 0.056892
v -0.082651 0.012314 0.056803
v -0.105632 0.009921 0.130447
v -0.105711 0.009906 0.130470
v -0.105670 0.009906 0.130459
v -0.105744 0.009920 0.130477
v -0.105608 0.009946 0.130437
v -0.105760 0.009944 0.130478
v -0.105603 0.009974 0.130431
v -0.105755 0.009973 0.130472
v -0.105619 0.009999 0.130432
v -0.105731 0.009998 0.130462
v -0.105652 0.010013 0.130439
v -0.105693 0.010012 0.130450
v -0.096537 0.012735 0.055561
v -0.096151 0.012737 0.055625
v -0.096343 0.012703 0.055585
v -0.096014 0.012828 0.055671
v -0.096683 0.012825 0.055561
v -0.095968 0.012952 0.055712
v -0.096740 0.012949 0.055585
v -0.096026 0.013075 0.055735
v -0.096694 0.013072 0.055625
v -0.096171 0.013165 0.055735
v -0.096557 0.013163 0.055671
v -0.096366 0.013197 0.055712
v -0.120135 0.011591 0.126015
v -0.120163 0.011577 0.125985
v -0.120146 0.011581 0.126001
v -0.120182 0.011581 0.125971
v -0.120133 0.011606 0.126023
v -0.120197 0.011592 0.125962
v -0.120141 0.011620 0.126022
v -0.120204 0.011607 0.125962
v -0.120156 0.011631 0.126014
v -0.120203 0.011621 0.125969
v -0.120175 0.011635 0.125999
v -0.120192 0.011631 0.125983
v -0.095006 0.013373 0.051149
v -0.094543 0.013380 0.051319
v -0.094772 0.013334 0.051228
v -0.094382 0.013498 0.051399
v -0.095183 0.013487 0.051104
v -0.094331 0.013658 0.051445
v -0.095256 0.013644 0.051105
v -0.094404 0.013816 0.051446
v -0.095205 0.013804 0.051152
v -0.094582 0.013930 0.051402
v -0.095044 0.013923 0.051232
v -0.094816 0.013969 0.051323
v -0.131785 0.009963 0.112143
v -0.131833 0.009961 0.112112
v -0.131809 0.009957 0.112129
v -0.131766 0.009977 0.112151
v -0.131849 0.009974 0.112098
v -0.131757 0.009996 0.112151
v -0.131853 0.009991 0.112089
v -0.131762 0.010013 0.112143
v -0.131845 0.010010 0.112089
v -0.131778 0.010026 0.112128
v -0.131826 0.010024 0.112097
v -0.131801 0.010030 0.112111
v -0.102758 0.011864 0.048356
v -0.102273 0.011933 0.048606
v -0.102503 0.011854 0.048470
v -0.102129 0.012082 0.048729
v -0.102969 0.011962 0.048295
v -0.102109 0.012260 0.048805
v -0.103080 0.012121 0.048304
v -0.102221 0.012419 0.048814
v -0.103061 0.012299 0.048381
v -0.102432 0.012517 0.048754
v -0.102917 0.012448 0.048503
v -0.102687 0.012527 0.048640
v -0.123420 0.010460 0.125114
v -0.123455 0.010457 0.125094
v -0.123437 0.010455 0.125104
v -0.123408 0.010470 0.125121
v -0.123469 0.010466 0.125087
v -0.123404 0.010484 0.125123
v -0.123474 0.010479 0.125083
v -0.123409 0.010497 0.125120
v -0.123470 0.010492 0.125086
v -0.123422 0.010505 0.125112
v -0.123458 0.010503 0.125092
v -0.123440 0.010508 0.125102
v -0.104651 0.010920 0.052433
v -0.104294 0.011003 0.052597
v -0.104447 0.010926 0.052516
v -0.104851 0.010988 0.052371
v -0.104233 0.011131 0.052655
v -0.104994 0.011110 0.052346
v -0.104280 0.011276 0.052674
v -0.105041 0.011254 0.052364
v -0.104423 0.011398 0.052648
v -0.104980 0.011382 0.052422
v -0.104623 0.011465 0.052586
v -0.104827 0.011459 0.052503
v -0.104623 0.011465 0.052586
v -0.104979 0.011244 0.053627
v -0.104775 0.011183 0.053676
v -0.104423 0.011398 0.052648
v -0.104827 0.011459 0.052503
v -0.105188 0.011231 0.053565
v -0.104980 0.011382 0.052422
v -0.105345 0.011147 0.053505
v -0.105041 0.011254 0.052364
v -0.105410 0.011016 0.053465
v -0.104994 0.011110 0.052346
v -0.105364 0.010872 0.053454
v -0.104851 0.010988 0.052371
v -0.105219 0.010754 0.053476
v -0.104651 0.010920 0.052433
v -0.105016 0.010693 0.053525
v -0.104447 0.010926 0.052516
v -0.104807 0.010706 0.053587
v -0.104294 0.011003 0.052597
v -0.104649 0.010789 0.053647
v -0.104233 0.011131 0.052655
v -0.104585 0.010920 0.053687
v -0.104280 0.011276 0.052674
v -0.104631 0.011064 0.053698
v -0.105257 0.011100 0.054759
v -0.105052 0.011044 0.054798
v -0.105468 0.011082 0.054714
v -0.105627 0.010995 0.054672
v -0.105693 0.010862 0.054647
v -0.105647 0.010720 0.054644
v -0.105502 0.010605 0.054664
v -0.105297 0.010548 0.054702
v -0.105086 0.010566 0.054748
v -0.104927 0.010653 0.054789
v -0.104861 0.010786 0.054815
v -0.104907 0.010929 0.054818
v -0.105481 0.011031 0.055994
v -0.105276 0.010979 0.056025
v -0.105692 0.011010 0.055960
v -0.105851 0.010921 0.055932
v -0.105916 0.010788 0.055918
v -0.105870 0.010646 0.055922
v -0.105724 0.010535 0.055942
v -0.105519 0.010482 0.055974
v -0.105309 0.010503 0.056008
v -0.105150 0.010592 0.056035
v -0.105085 0.010726 0.056049
v -0.105131 0.010867 0.056045
v -0.105675 0.011033 0.057340
v -0.105470 0.010984 0.057368
v -0.105884 0.011009 0.057313
v -0.106041 0.010919 0.057294
v -0.106105 0.010786 0.057289
v -0.106058 0.010647 0.057299
v -0.105913 0.010538 0.057321
v -0.105709 0.010489 0.057349
v -0.105500 0.010513 0.057377
v -0.105343 0.010604 0.057395
v -0.105279 0.010736 0.057400
v -0.105326 0.010876 0.057390
v -0.105861 0.011103 0.058808
v -0.105658 0.011057 0.058836
v -0.106068 0.011076 0.058784
v -0.106223 0.010985 0.058770
v -0.106285 0.010853 0.058771
v -0.106238 0.010716 0.058786
v -0.106093 0.010610 0.058812
v -0.105890 0.010565 0.058840
v -0.105684 0.010591 0.058864
v -0.105528 0.010683 0.058877
v -0.105466 0.010815 0.058876
v -0.105514 0.010952 0.058861
v -0.106065 0.011236 0.060406
v -0.105864 0.011194 0.060437
v -0.106269 0.011207 0.060382
v -0.106422 0.011115 0.060371
v -0.106482 0.010983 0.060376
v -0.106434 0.010849 0.060396
v -0.106290 0.010747 0.060425
v -0.106089 0.010705 0.060456
v -0.105884 0.010734 0.060480
v -0.105732 0.010826 0.060491
v -0.105671 0.010957 0.060486
v -0.105720 0.011092 0.060466
v -0.106310 0.011429 0.062145
v -0.106111 0.011391 0.062180
v -0.106511 0.011397 0.062119
v -0.106661 0.011304 0.062108
v -0.106720 0.011173 0.062115
v -0.106670 0.011041 0.062139
v -0.106527 0.010942 0.062172
v -0.106328 0.010904 0.062207
v -0.106127 0.010936 0.062234
v -0.105977 0.011029 0.062245
v -0.105919 0.011160 0.062237
v -0.105968 0.011292 0.062214
v -0.106621 0.011678 0.064034
v -0.106424 0.011643 0.064074
v -0.106819 0.011643 0.064004
v -0.106966 0.011548 0.063991
v -0.107022 0.011418 0.063999
v -0.106972 0.011288 0.064026
v -0.106830 0.011194 0.064065
v -0.106633 0.011159 0.064105
v -0.106435 0.011194 0.064135
v -0.106288 0.011289 0.064148
v -0.106232 0.011419 0.064140
v -0.106282 0.011548 0.064113
v -0.107022 0.011978 0.066082
v -0.106829 0.011947 0.066128
v -0.107217 0.011940 0.066047
v -0.107360 0.011843 0.066031
v -0.107414 0.011714 0.066040
v -0.107364 0.011587 0.066070
v -0.107222 0.011496 0.066114
v -0.107029 0.011465 0.066159
v -0.106834 0.011503 0.066195
v -0.106691 0.011600 0.066211
v -0.106637 0.011729 0.066202
v -0.106687 0.011856 0.066172
v -0.107538 0.012326 0.068300
v -0.107348 0.012299 0.068352
v -0.107729 0.012284 0.068258
v -0.107869 0.012186 0.068239
v -0.107920 0.012057 0.068247
v -0.107869 0.011933 0.068280
v -0.107729 0.011845 0.068329
v -0.107539 0.011819 0.068381
v -0.107348 0.011860 0.068422
v -0.107208 0.011959 0.068442
v -0.107157 0.012087 0.068434
v -0.107208 0.012212 0.068401
v -0.108194 0.012716 0.070695
v -0.108006 0.012694 0.070754
v -0.108380 0.012671 0.070648
v -0.108516 0.012572 0.070625
v -0.108564 0.012443 0.070632
v -0.108512 0.012321 0.070667
v -0.108375 0.012238 0.070722
v -0.108188 0.012215 0.070780
v -0.108001 0.012260 0.070827
v -0.107866 0.012360 0.070851
v -0.107817 0.012488 0.070844
v -0.107869 0.012611 0.070808
v -0.109012 0.013146 0.073277
v -0.108828 0.013127 0.073340
v -0.109194 0.013098 0.073227
v -0.109326 0.012997 0.073202
v -0.109373 0.012869 0.073210
v -0.109321 0.012750 0.073248
v -0.109185 0.012670 0.073306
v -0.109001 0.012652 0.073369
v -0.108818 0.012699 0.073420
v -0.108686 0.012800 0.073444
v -0.108640 0.012928 0.073437
v -0.108692 0.013047 0.073398
v -0.109447 0.013393 0.074588
v -0.109266 0.013375 0.074651
v -0.109627 0.013346 0.074539
v -0.109758 0.013247 0.074517
v -0.109805 0.013122 0.074528
v -0.109755 0.013005 0.074569
v -0.109622 0.012927 0.074629
v -0.109441 0.012909 0.074692
v -0.109260 0.012956 0.074741
v -0.109129 0.013055 0.074763
v -0.109083 0.013180 0.074752
v -0.109132 0.013297 0.074711
v -0.109869 0.013692 0.075901
v -0.109691 0.013674 0.075962
v -0.110048 0.013647 0.075855
v -0.110178 0.013550 0.075837
v -0.110225 0.013428 0.075852
v -0.110177 0.013313 0.075896
v -0.110046 0.013237 0.075956
v -0.109868 0.013219 0.076017
v -0.109689 0.013264 0.076063
v -0.109559 0.013361 0.076080
v -0.109511 0.013483 0.076066
v -0.109560 0.013598 0.076022
v -0.110281 0.014031 0.077216
v -0.110105 0.014013 0.077276
v -0.110458 0.013986 0.077174
v -0.110587 0.013892 0.077159
v -0.110635 0.013772 0.077176
v -0.110588 0.013660 0.077221
v -0.110459 0.013584 0.077281
v -0.110283 0.013566 0.077341
v -0.110106 0.013611 0.077383
v -0.109977 0.013705 0.077398
v -0.109930 0.013825 0.077381
v -0.109976 0.013937 0.077336
v -0.110685 0.014394 0.078535
v -0.110511 0.014376 0.078592
v -0.110859 0.014351 0.078494
v -0.110987 0.014258 0.078481
v -0.111034 0.014141 0.078500
v -0.110989 0.014030 0.078545
v -0.110862 0.013956 0.078604
v -0.110688 0.013938 0.078662
v -0.110514 0.013981 0.078703
v -0.110386 0.014074 0.078716
v -0.110339 0.014191 0.078697
v -0.110385 0.014302 0.078652
v -0.111082 0.014767 0.079855
v -0.110910 0.014750 0.079911
v -0.111253 0.014725 0.079816
v -0.111379 0.014634 0.079804
v -0.111426 0.014519 0.079823
v -0.111381 0.014410 0.079867
v -0.111256 0.014337 0.079925
v -0.111085 0.014319 0.079981
v -0.110913 0.014361 0.080021
v -0.110787 0.014452 0.080032
v -0.110740 0.014568 0.080014
v -0.110785 0.014677 0.079969
v -0.111473 0.015138 0.081176
v -0.111304 0.015120 0.081231
v -0.111642 0.015096 0.081138
v -0.111766 0.015006 0.081126
v -0.111812 0.014893 0.081144
v -0.111767 0.014785 0.081187
v -0.111644 0.014713 0.081243
v -0.111475 0.014696 0.081298
v -0.111306 0.014737 0.081336
v -0.111182 0.014827 0.081348
v -0.111136 0.014940 0.081330
v -0.111181 0.015048 0.081287
v -0.111860 0.015490 0.082499
v -0.111694 0.015473 0.082552
v -0.112026 0.015449 0.082461
v -0.112148 0.015360 0.082448
v -0.112193 0.015248 0.082464
v -0.112148 0.015142 0.082504
v -0.112026 0.015071 0.082558
v -0.111860 0.015053 0.082611
v -0.111694 0.015094 0.082649
v -0.111572 0.015182 0.082662
v -0.111527 0.015295 0.082646
v -0.111572 0.015401 0.082606
v -0.112245 0.015810 0.083821
v -0.112081 0.015793 0.083872
v -0.112408 0.015770 0.083782
v -0.112528 0.015682 0.083768
v -0.112571 0.015571 0.083780
v -0.112526 0.015466 0.083817
v -0.112406 0.015395 0.083869
v -0.112242 0.015378 0.083920
v -0.112079 0.015418 0.083959
v -0.111959 0.015506 0.083973
v -0.111916 0.015617 0.083961
v -0.111961 0.015722 0.083924
v -0.112629 0.016085 0.085142
v -0.112468 0.016067 0.085193
v -0.112790 0.016044 0.085103
v -0.112906 0.015958 0.085086
v -0.112947 0.015848 0.085094
v -0.112902 0.015743 0.085127
v -0.112783 0.015673 0.085175
v -0.112622 0.015656 0.085225
v -0.112462 0.015696 0.085264
v -0.112345 0.015783 0.085282
v -0.112304 0.015893 0.085273
v -0.112349 0.015997 0.085241
v -0.113015 0.016298 0.086463
v -0.112856 0.016281 0.086512
v -0.113172 0.016258 0.086422
v -0.113285 0.016172 0.086401
v -0.113324 0.016063 0.086404
v -0.113279 0.015960 0.086432
v -0.113161 0.015890 0.086476
v -0.113002 0.015873 0.086525
v -0.112845 0.015913 0.086565
v -0.112732 0.015999 0.086587
v -0.112693 0.016109 0.086583
v -0.112738 0.016212 0.086556
v -0.113403 0.016436 0.087782
v -0.113247 0.016419 0.087830
v -0.113557 0.016397 0.087739
v -0.113666 0.016312 0.087713
v -0.113703 0.016204 0.087710
v -0.113657 0.016102 0.087732
v -0.113540 0.016033 0.087771
v -0.113383 0.016016 0.087819
v -0.113230 0.016056 0.087861
v -0.113120 0.016141 0.087888
v -0.113084 0.016249 0.087891
v -0.113130 0.016351 0.087869
v -0.113796 0.016485 0.089099
v -0.113642 0.016468 0.089144
v -0.113946 0.016446 0.089054
v -0.114052 0.016362 0.089022
v -0.114086 0.016255 0.089012
v -0.114038 0.016155 0.089026
v -0.113922 0.016087 0.089061
v -0.113768 0.016071 0.089107
v -0.113618 0.016110 0.089152
v -0.113512 0.016194 0.089183
v -0.113478 0.016300 0.089193
v -0.113526 0.016401 0.089179
v -0.114186 0.016431 0.090408
v -0.114034 0.016415 0.090451
v -0.114332 0.016393 0.090362
v -0.114435 0.016311 0.090325
v -0.114466 0.016207 0.090308
v -0.114417 0.016108 0.090315
v -0.114301 0.016042 0.090344
v -0.114150 0.016026 0.090388
v -0.114003 0.016064 0.090434
v -0.113901 0.016146 0.090470
v -0.113870 0.016250 0.090487
v -0.113918 0.016349 0.090480
v -0.114565 0.016282 0.091704
v -0.114416 0.016266 0.091745
v -0.114708 0.016245 0.091656
v -0.114808 0.016165 0.091616
v -0.114836 0.016063 0.091593
v -0.114787 0.015967 0.091594
v -0.114672 0.015902 0.091618
v -0.114522 0.015887 0.091659
v -0.114379 0.015924 0.091706
v -0.114279 0.016004 0.091746
v -0.114251 0.016106 0.091770
v -0.114301 0.016202 0.091769
v -0.114935 0.016052 0.092983
v -0.114788 0.016036 0.093023
v -0.115075 0.016015 0.092936
v -0.115172 0.015937 0.092892
v -0.115198 0.015839 0.092864
v -0.115148 0.015745 0.092859
v -0.115034 0.015682 0.092879
v -0.114887 0.015667 0.092918
v -0.114746 0.015703 0.092966
v -0.114650 0.015781 0.093010
v -0.114623 0.015880 0.093038
v -0.114674 0.015974 0.093043
v -0.115297 0.015754 0.094245
v -0.115152 0.015739 0.094283
v -0.115434 0.015719 0.094197
v -0.115528 0.015643 0.094150
v -0.115552 0.015547 0.094119
v -0.115502 0.015456 0.094110
v -0.115389 0.015395 0.094127
v -0.115245 0.015380 0.094164
v -0.115107 0.015416 0.094213
v -0.115014 0.015491 0.094259
v -0.114989 0.015587 0.094291
v -0.115040 0.015678 0.094300
v -0.115652 0.015402 0.095487
v -0.115510 0.015388 0.095523
v -0.115786 0.015368 0.095438
v -0.115877 0.015294 0.095390
v -0.115901 0.015201 0.095355
v -0.115850 0.015113 0.095343
v -0.115739 0.015054 0.095358
v -0.115597 0.015040 0.095394
v -0.115463 0.015074 0.095443
v -0.115372 0.015147 0.095491
v -0.115348 0.015241 0.095526
v -0.115399 0.015329 0.095537
v -0.116002 0.015011 0.096706
v -0.115863 0.014997 0.096742
v -0.116133 0.014978 0.096657
v -0.116222 0.014906 0.096608
v -0.116244 0.014816 0.096571
v -0.116194 0.014730 0.096557
v -0.116085 0.014672 0.096570
v -0.115945 0.014658 0.096605
v -0.115814 0.014692 0.096654
v -0.115725 0.014763 0.096704
v -0.115703 0.014854 0.096740
v -0.115753 0.014939 0.096754
v -0.116348 0.014594 0.097901
v -0.116212 0.014580 0.097936
v -0.116477 0.014562 0.097852
v -0.116563 0.014492 0.097802
v -0.116584 0.014403 0.097764
v -0.116535 0.014320 0.097749
v -0.116427 0.014264 0.097761
v -0.116291 0.014250 0.097796
v -0.116162 0.014282 0.097845
v -0.116076 0.014352 0.097895
v -0.116054 0.014440 0.097932
v -0.116104 0.014524 0.097947
v -0.116691 0.014164 0.099070
v -0.116558 0.014150 0.099104
v -0.116817 0.014133 0.099021
v -0.116902 0.014065 0.098971
v -0.116922 0.013978 0.098933
v -0.116873 0.013897 0.098917
v -0.116768 0.013842 0.098928
v -0.116634 0.013829 0.098963
v -0.116508 0.013860 0.099012
v -0.116424 0.013927 0.099062
v -0.116404 0.014014 0.099100
v -0.116453 0.014095 0.099115
v -0.117034 0.013735 0.100210
v -0.116903 0.013722 0.100244
v -0.117157 0.013705 0.100161
v -0.117239 0.013639 0.100111
v -0.117259 0.013555 0.100074
v -0.117211 0.013475 0.100059
v -0.117108 0.013421 0.100070
v -0.116977 0.013407 0.100105
v -0.116854 0.013437 0.100154
v -0.116772 0.013503 0.100203
v -0.116752 0.013588 0.100241
v -0.116800 0.013668 0.100256
v -0.117376 0.013322 0.101319
v -0.117248 0.013308 0.101354
v -0.117496 0.013292 0.101271
v -0.117577 0.013227 0.101222
v -0.117596 0.013145 0.101186
v -0.117550 0.013066 0.101172
v -0.117449 0.013013 0.101184
v -0.117322 0.012999 0.101219
v -0.117201 0.013029 0.101268
v -0.117121 0.013093 0.101317
v -0.117101 0.013176 0.101353
v -0.117148 0.013255 0.101366
v -0.117719 0.012936 0.102395
v -0.117595 0.012923 0.102431
v -0.117836 0.012908 0.102347
v -0.117916 0.012844 0.102300
v -0.117935 0.012763 0.102266
v -0.117890 0.012685 0.102254
v -0.117792 0.012632 0.102268
v -0.117668 0.012618 0.102304
v -0.117551 0.012647 0.102352
v -0.117471 0.012711 0.102399
v -0.117452 0.012792 0.102433
v -0.117497 0.012869 0.102445
v -0.118065 0.012593 0.103436
v -0.117943 0.012579 0.103472
v -0.118180 0.012565 0.103390
v -0.118258 0.012503 0.103345
v -0.118278 0.012422 0.103314
v -0.118234 0.012346 0.103305
v -0.118139 0.012293 0.103321
v -0.118018 0.012279 0.103357
v -0.117903 0.012307 0.103403
v -0.117825 0.012370 0.103448
v -0.117805 0.012450 0.103479
v -0.117848 0.012527 0.103488
v -0.118507 0.012214 0.104776
v -0.118389 0.012201 0.104810
v -0.118618 0.012186 0.104733
v -0.118695 0.012125 0.104694
v -0.118715 0.012046 0.104668
v -0.118675 0.011971 0.104662
v -0.118583 0.011920 0.104679
v -0.118466 0.011907 0.104713
v -0.118354 0.011935 0.104756
v -0.118278 0.011996 0.104795
v -0.118257 0.012075 0.104821
v -0.118298 0.012150 0.104827
v -0.118867 0.011956 0.105947
v -0.118754 0.011943 0.105978
v -0.118976 0.011928 0.105910
v -0.119051 0.011868 0.105876
v -0.119073 0.011791 0.105856
v -0.119034 0.011718 0.105854
v -0.118947 0.011669 0.105871
v -0.118833 0.011656 0.105903
v -0.118725 0.011684 0.105940
v -0.118649 0.011744 0.105973
v -0.118628 0.011821 0.105993
v -0.118666 0.011894 0.105995
v -0.119162 0.011798 0.106985
v -0.119052 0.011786 0.107013
v -0.119268 0.011771 0.106953
v -0.119342 0.011712 0.106926
v -0.119364 0.011637 0.106912
v -0.119328 0.011567 0.106914
v -0.119244 0.011519 0.106931
v -0.119135 0.011507 0.106960
v -0.119029 0.011534 0.106992
v -0.118955 0.011593 0.107018
v -0.118933 0.011668 0.107032
v -0.118968 0.011738 0.107031
v -0.119406 0.011720 0.107925
v -0.119301 0.011709 0.107951
v -0.119509 0.011694 0.107898
v -0.119581 0.011637 0.107877
v -0.119604 0.011565 0.107869
v -0.119570 0.011497 0.107874
v -0.119490 0.011451 0.107892
v -0.119384 0.011439 0.107918
v -0.119281 0.011466 0.107944
v -0.119209 0.011523 0.107965
v -0.119187 0.011595 0.107974
v -0.119220 0.011663 0.107969
v -0.119615 0.011702 0.108804
v -0.119513 0.011691 0.108827
v -0.119715 0.011677 0.108781
v -0.119785 0.011622 0.108765
v -0.119807 0.011553 0.108761
v -0.119776 0.011487 0.108769
v -0.119699 0.011443 0.108787
v -0.119597 0.011432 0.108810
v -0.119498 0.011458 0.108833
v -0.119428 0.011512 0.108849
v -0.119405 0.011582 0.108853
v -0.119437 0.011647 0.108845
v -0.119804 0.011723 0.109657
v -0.119706 0.011713 0.109679
v -0.119900 0.011699 0.109637
v -0.119968 0.011647 0.109625
v -0.119990 0.011580 0.109623
v -0.119960 0.011518 0.109632
v -0.119886 0.011476 0.109650
v -0.119789 0.011465 0.109671
v -0.119693 0.011489 0.109691
v -0.119625 0.011542 0.109704
v -0.119603 0.011608 0.109706
v -0.119633 0.011671 0.109697
v -0.119988 0.011764 0.110520
v -0.119894 0.011754 0.110540
v -0.120079 0.011741 0.110501
v -0.120144 0.011691 0.110490
v -0.120165 0.011627 0.110489
v -0.120137 0.011568 0.110498
v -0.120067 0.011527 0.110515
v -0.119973 0.011518 0.110536
v -0.119882 0.011541 0.110554
v -0.119817 0.011590 0.110565
v -0.119796 0.011654 0.110566
v -0.119824 0.011714 0.110557
v -0.120181 0.011804 0.111426
v -0.120092 0.011794 0.111446
v -0.120268 0.011781 0.111408
v -0.120330 0.011734 0.111396
v -0.120350 0.011673 0.111394
v -0.120323 0.011616 0.111402
v -0.120256 0.011578 0.111418
v -0.120167 0.011569 0.111438
v -0.120080 0.011591 0.111456
v -0.120018 0.011638 0.111468
v -0.119998 0.011699 0.111470
v -0.120025 0.011756 0.111462
v -0.120399 0.011822 0.112410
v -0.120315 0.011813 0.112429
v -0.120482 0.011801 0.112391
v -0.120540 0.011755 0.112378
v -0.120559 0.011698 0.112374
v -0.120533 0.011644 0.112380
v -0.120469 0.011607 0.112395
v -0.120384 0.011598 0.112414
v -0.120302 0.011619 0.112433
v -0.120243 0.011665 0.112446
v -0.120225 0.011722 0.112450
v -0.120251 0.011776 0.112444
v -0.120657 0.011798 0.113505
v -0.120577 0.011790 0.113525
v -0.120735 0.011778 0.113486
v -0.120790 0.011735 0.113471
v -0.120807 0.011681 0.113464
v -0.120781 0.011629 0.113468
v -0.120721 0.011595 0.113482
v -0.120640 0.011586 0.113501
v -0.120563 0.011606 0.113521
v -0.120508 0.011649 0.113536
v -0.120491 0.011703 0.113542
v -0.120516 0.011755 0.113538
v -0.120969 0.011712 0.114746
v -0.120893 0.011704 0.114765
v -0.121042 0.011693 0.114725
v -0.121093 0.011653 0.114708
v -0.121109 0.011601 0.114700
v -0.121084 0.011553 0.114702
v -0.121027 0.011520 0.114714
v -0.120951 0.011512 0.114733
v -0.120878 0.011531 0.114753
v -0.120827 0.011571 0.114770
v -0.120811 0.011622 0.114779
v -0.120836 0.011671 0.114777
v -0.121350 0.011543 0.116165
v -0.121279 0.011535 0.116183
v -0.121419 0.011525 0.116145
v -0.121467 0.011487 0.116128
v -0.121481 0.011439 0.116118
v -0.121457 0.011393 0.116118
v -0.121403 0.011363 0.116128
v -0.121331 0.011355 0.116146
v -0.121262 0.011372 0.116166
v -0.121215 0.011411 0.116184
v -0.121200 0.011459 0.116194
v -0.121224 0.011505 0.116193
v -0.121587 0.011406 0.117097
v -0.121520 0.011400 0.117112
v -0.121652 0.011390 0.117080
v -0.121698 0.011354 0.117064
v -0.121711 0.011308 0.117054
v -0.121689 0.011266 0.117054
v -0.121637 0.011237 0.117062
v -0.121569 0.011230 0.117077
v -0.121504 0.011247 0.117094
v -0.121459 0.011283 0.117110
v -0.121446 0.011328 0.117120
v -0.121468 0.011371 0.117120
v -0.121781 0.011274 0.117990
v -0.121717 0.011268 0.118002
v -0.121842 0.011258 0.117976
v -0.121884 0.011224 0.117962
v -0.121897 0.011182 0.117954
v -0.121876 0.011142 0.117952
v -0.121827 0.011115 0.117958
v -0.121764 0.011109 0.117970
v -0.121702 0.011125 0.117985
v -0.121660 0.011159 0.117998
v -0.121647 0.011201 0.118007
v -0.121668 0.011241 0.118008
v -0.121939 0.011147 0.118846
v -0.121880 0.011141 0.118856
v -0.121997 0.011132 0.118834
v -0.122037 0.011100 0.118823
v -0.122048 0.011061 0.118815
v -0.122029 0.011024 0.118813
v -0.121983 0.010999 0.118818
v -0.121923 0.010993 0.118828
v -0.121866 0.011008 0.118840
v -0.121826 0.011040 0.118851
v -0.121815 0.011080 0.118859
v -0.121834 0.011117 0.118861
v -0.122074 0.011027 0.119667
v -0.122018 0.011022 0.119675
v -0.122127 0.011013 0.119657
v -0.122164 0.010984 0.119647
v -0.122175 0.010947 0.119640
v -0.122157 0.010913 0.119638
v -0.122114 0.010890 0.119642
v -0.122059 0.010885 0.119650
v -0.122005 0.010899 0.119660
v -0.121969 0.010928 0.119670
v -0.121958 0.010965 0.119677
v -0.121976 0.010999 0.119679
v -0.122193 0.010916 0.120453
v -0.122142 0.010911 0.120460
v -0.122242 0.010903 0.120444
v -0.122276 0.010876 0.120435
v -0.122286 0.010842 0.120429
v -0.122269 0.010810 0.120428
v -0.122230 0.010789 0.120431
v -0.122179 0.010785 0.120438
v -0.122130 0.010798 0.120447
v -0.122096 0.010825 0.120456
v -0.122086 0.010859 0.120462
v -0.122103 0.010890 0.120463
v -0.122307 0.010815 0.121206
v -0.122261 0.010810 0.121213
v -0.122352 0.010803 0.121197
v -0.122383 0.010778 0.121189
v -0.122393 0.010747 0.121184
v -0.122377 0.010718 0.121183
v -0.122342 0.010699 0.121187
v -0.122295 0.010695 0.121193
v -0.122250 0.010707 0.121202
v -0.122219 0.010731 0.121210
v -0.122210 0.010762 0.121215
v -0.122225 0.010791 0.121216
v -0.122427 0.010725 0.121927
v -0.122385 0.010721 0.121934
v -0.122467 0.010715 0.121919
v -0.122495 0.010692 0.121911
v -0.122504 0.010664 0.121907
v -0.122490 0.010638 0.121906
v -0.122458 0.010620 0.121910
v -0.122416 0.010616 0.121917
v -0.122376 0.010627 0.121926
v -0.122347 0.010649 0.121933
v -0.122339 0.010677 0.121938
v -0.122353 0.010704 0.121938
v -0.122561 0.010649 0.122618
v -0.122524 0.010645 0.122626
v -0.122597 0.010640 0.122609
v -0.122622 0.010620 0.122602
v -0.122629 0.010594 0.122598
v -0.122617 0.010571 0.122598
v -0.122589 0.010555 0.122603
v -0.122552 0.010551 0.122611
v -0.122516 0.010561 0.122620
v -0.122490 0.010581 0.122627
v -0.122483 0.010606 0.122631
v -0.122495 0.010630 0.122630
v -0.122719 0.010588 0.123279
v -0.122687 0.010584 0.123288
v -0.122751 0.010579 0.123270
v -0.122773 0.010562 0.123263
v -0.122780 0.010540 0.123260
v -0.122769 0.010519 0.123261
v -0.122744 0.010505 0.123267
v -0.122712 0.010501 0.123275
v -0.122680 0.010509 0.123284
v -0.122658 0.010527 0.123292
v -0.122651 0.010549 0.123295
v -0.122662 0.010570 0.123294
v -0.122912 0.010543 0.123913
v -0.122885 0.010539 0.123923
v -0.122939 0.010535 0.123903
v -0.122958 0.010520 0.123896
v -0.122964 0.010501 0.123893
v -0.122955 0.010483 0.123895
v -0.122934 0.010470 0.123902
v -0.122906 0.010467 0.123911
v -0.122879 0.010474 0.123921
v -0.122861 0.010489 0.123928
v -0.122855 0.010509 0.123931
v -0.122864 0.010527 0.123929
v -0.123149 0.010515 0.124520
v -0.123127 0.010513 0.124530
v -0.123171 0.010509 0.124510
v -0.123187 0.010497 0.124503
v -0.123192 0.010480 0.124501
v -0.123185 0.010465 0.124503
v -0.123168 0.010454 0.124511
v -0.123145 0.010451 0.124521
v -0.123123 0.010457 0.124531
v -0.123107 0.010470 0.124538
v -0.123102 0.010486 0.124540
v -0.123109 0.010502 0.124538
v -0.123440 0.010508 0.125102
v -0.123422 0.010505 0.125112
v -0.123458 0.010503 0.125092
v -0.123470 0.010492 0.125086
v -0.123474 0.010479 0.125083
v -0.123469 0.010466 0.125087
v -0.123455 0.010457 0.125094
v -0.123437 0.010455 0.125104
v -0.123420 0.010460 0.125114
v -0.123408 0.010470 0.125121
v -0.123404 0.010484 0.125123
v -0.123409 0.010497 0.125120
v -0.102687 0.012527 0.048640
v -0.103254 0.012149 0.049797
v -0.103014 0.012134 0.049916
v -0.102432 0.012517 0.048754
v -0.102917 0.012448 0.048503
v -0.103474 0.012076 0.049664
v -0.103061 0.012299 0.048381
v -0.103617 0.011932 0.049551
v -0.103080 0.012121 0.048304
v -0.103643 0.011758 0.049490
v -0.102969 0.011962 0.048295
v -0.103545 0.011599 0.049497
v -0.102758 0.011864 0.048356
v -0.103350 0.011498 0.049569
v -0.102503 0.011854 0.048470
v -0.103110 0.011483 0.049688
v -0.102273 0.011933 0.048606
v -0.102890 0.011557 0.049822
v -0.102129 0.012082 0.048729
v -0.102747 0.011700 0.049934
v -0.102109 0.012260 0.048805
v -0.102721 0.011874 0.049995
v -0.102221 0.012419 0.048814
v -0.102819 0.012033 0.049989
v -0.104040 0.011792 0.051283
v -0.103813 0.011773 0.051402
v -0.104252 0.011723 0.051154
v -0.104392 0.011587 0.051050
v -0.104423 0.011418 0.050999
v -0.104336 0.011263 0.051015
v -0.104154 0.011162 0.051093
v -0.103927 0.011143 0.051212
v -0.103715 0.011212 0.051341
v -0.103575 0.011348 0.051445
v -0.103545 0.011517 0.051496
v -0.103632 0.011672 0.051480
v -0.105008 0.011469 0.053041
v -0.104793 0.011448 0.053158
v -0.105212 0.011406 0.052918
v -0.105349 0.011276 0.052821
v -0.105382 0.011114 0.052778
v -0.105304 0.010963 0.052798
v -0.105134 0.010864 0.052878
v -0.104919 0.010844 0.052995
v -0.104715 0.010907 0.053119
v -0.104578 0.011037 0.053215
v -0.104545 0.011199 0.053259
v -0.104623 0.011349 0.053238
v -0.106119 0.011194 0.055017
v -0.105914 0.011172 0.055131
v -0.106314 0.011135 0.054900
v -0.106447 0.011012 0.054810
v -0.106483 0.010857 0.054773
v -0.106412 0.010712 0.054797
v -0.106253 0.010616 0.054876
v -0.106048 0.010594 0.054989
v -0.105853 0.010652 0.055107
v -0.105720 0.010775 0.055196
v -0.105684 0.010930 0.055234
v -0.105755 0.011075 0.055210
v -0.107334 0.010978 0.057158
v -0.107140 0.010955 0.057267
v -0.107521 0.010924 0.057048
v -0.107651 0.010808 0.056965
v -0.107688 0.010660 0.056932
v -0.107624 0.010521 0.056958
v -0.107474 0.010427 0.057036
v -0.107280 0.010404 0.057145
v -0.107093 0.010458 0.057256
v -0.106963 0.010574 0.057339
v -0.106926 0.010722 0.057371
v -0.106990 0.010861 0.057345
v -0.108616 0.010833 0.059412
v -0.108431 0.010809 0.059516
v -0.108795 0.010783 0.059308
v -0.108921 0.010674 0.059232
v -0.108960 0.010534 0.059204
v -0.108901 0.010401 0.059232
v -0.108761 0.010310 0.059308
v -0.108577 0.010286 0.059412
v -0.108398 0.010336 0.059516
v -0.108272 0.010445 0.059592
v -0.108233 0.010585 0.059620
v -0.108291 0.010718 0.059592
v -0.109927 0.010770 0.061727
v -0.109752 0.010745 0.061825
v -0.110098 0.010725 0.061630
v -0.110220 0.010622 0.061561
v -0.110261 0.010490 0.061538
v -0.110208 0.010363 0.061568
v -0.110077 0.010276 0.061641
v -0.109903 0.010252 0.061740
v -0.109732 0.010297 0.061837
v -0.109610 0.010399 0.061906
v -0.109569 0.010531 0.061929
v -0.109622 0.010658 0.061899
v -0.111230 0.010800 0.064051
v -0.111065 0.010776 0.064144
v -0.111394 0.010759 0.063962
v -0.111512 0.010664 0.063900
v -0.111553 0.010539 0.063882
v -0.111507 0.010419 0.063913
v -0.111385 0.010335 0.063985
v -0.111220 0.010311 0.064077
v -0.111057 0.010352 0.064167
v -0.110939 0.010447 0.064229
v -0.110897 0.010572 0.064246
v -0.110944 0.010692 0.064216
v -0.112488 0.010936 0.066333
v -0.112333 0.010911 0.066420
v -0.112644 0.010899 0.066252
v -0.112758 0.010810 0.066198
v -0.112801 0.010694 0.066185
v -0.112761 0.010580 0.066218
v -0.112648 0.010500 0.066287
v -0.112492 0.010476 0.066374
v -0.112337 0.010512 0.066455
v -0.112222 0.010601 0.066510
v -0.112179 0.010718 0.066522
v -0.112220 0.010831 0.066489
v -0.113663 0.011187 0.068521
v -0.113518 0.011162 0.068602
v -0.113812 0.011154 0.068448
v -0.113923 0.011073 0.068402
v -0.113967 0.010964 0.068396
v -0.113932 0.010858 0.068431
v -0.113828 0.010782 0.068498
v -0.113682 0.010758 0.068579
v -0.113534 0.010790 0.068652
v -0.113423 0.010872 0.068698
v -0.113379 0.010980 0.068704
v -0.113413 0.011086 0.068669
v -0.114718 0.011564 0.070563
v -0.114582 0.011540 0.070638
v -0.114859 0.011536 0.070499
v -0.114967 0.011463 0.070463
v -0.115013 0.011363 0.070464
v -0.114984 0.011265 0.070502
v -0.114889 0.011193 0.070567
v -0.114752 0.011169 0.070641
v -0.114611 0.011197 0.070705
v -0.114504 0.011271 0.070742
v -0.114458 0.011370 0.070741
v -0.114487 0.011469 0.070703
v -0.115617 0.012080 0.072411
v -0.115491 0.012056 0.072481
v -0.115750 0.012056 0.072354
v -0.115853 0.011990 0.072325
v -0.115900 0.011900 0.072332
v -0.115877 0.011810 0.072373
v -0.115791 0.011744 0.072438
v -0.115665 0.011720 0.072508
v -0.115532 0.011744 0.072565
v -0.115429 0.011810 0.072594
v -0.115383 0.011900 0.072587
v -0.115405 0.011990 0.072545
v -0.116111 0.012456 0.073405
v -0.115989 0.012434 0.073478
v -0.116241 0.012431 0.073346
v -0.116344 0.012366 0.073319
v -0.116392 0.012278 0.073330
v -0.116372 0.012191 0.073376
v -0.116290 0.012128 0.073445
v -0.116167 0.012106 0.073518
v -0.116037 0.012131 0.073577
v -0.115935 0.012196 0.073604
v -0.115887 0.012283 0.073593
v -0.115907 0.012370 0.073547
v -0.116611 0.012850 0.074303
v -0.116493 0.012830 0.074381
v -0.116738 0.012824 0.074241
v -0.116838 0.012759 0.074213
v -0.116886 0.012673 0.074225
v -0.116869 0.012589 0.074274
v -0.116791 0.012529 0.074348
v -0.116673 0.012509 0.074426
v -0.116546 0.012535 0.074488
v -0.116446 0.012600 0.074516
v -0.116398 0.012686 0.074504
v -0.116415 0.012770 0.074455
v -0.117116 0.013252 0.075125
v -0.117002 0.013235 0.075207
v -0.117239 0.013225 0.075061
v -0.117337 0.013160 0.075031
v -0.117385 0.013075 0.075043
v -0.117369 0.012993 0.075095
v -0.117295 0.012936 0.075172
v -0.117181 0.012918 0.075253
v -0.117058 0.012946 0.075318
v -0.116959 0.013011 0.075348
v -0.116912 0.013095 0.075335
v -0.116927 0.013178 0.075283
v -0.117624 0.013653 0.075891
v -0.117513 0.013637 0.075974
v -0.117743 0.013624 0.075825
v -0.117839 0.013559 0.075794
v -0.117887 0.013475 0.075806
v -0.117872 0.013395 0.075858
v -0.117800 0.013340 0.075937
v -0.117689 0.013324 0.076020
v -0.117570 0.013353 0.076087
v -0.117473 0.013417 0.076118
v -0.117426 0.013501 0.076105
v -0.117441 0.013582 0.076053
v -0.118133 0.014041 0.076621
v -0.118025 0.014027 0.076705
v -0.118250 0.014012 0.076554
v -0.118344 0.013947 0.076522
v -0.118390 0.013864 0.076533
v -0.118376 0.013784 0.076585
v -0.118305 0.013730 0.076663
v -0.118197 0.013716 0.076747
v -0.118080 0.013745 0.076815
v -0.117986 0.013810 0.076847
v -0.117940 0.013893 0.076836
v -0.117954 0.013972 0.076784
v -0.118644 0.014408 0.077337
v -0.118537 0.014393 0.077420
v -0.118759 0.014379 0.077270
v -0.118851 0.014314 0.077236
v -0.118895 0.014230 0.077245
v -0.118880 0.014151 0.077295
v -0.118809 0.014097 0.077372
v -0.118702 0.014083 0.077455
v -0.118587 0.014112 0.077522
v -0.118495 0.014177 0.077556
v -0.118451 0.014260 0.077546
v -0.118466 0.014339 0.077497
v -0.119154 0.014742 0.078058
v -0.119047 0.014727 0.078138
v -0.119267 0.014713 0.077991
v -0.119357 0.014648 0.077957
v -0.119399 0.014565 0.077964
v -0.119382 0.014485 0.078010
v -0.119310 0.014431 0.078083
v -0.119203 0.014416 0.078163
v -0.119090 0.014445 0.078229
v -0.119000 0.014509 0.078264
v -0.118958 0.014593 0.078257
v -0.118975 0.014672 0.078211
v -0.119661 0.015033 0.078804
v -0.119553 0.015017 0.078881
v -0.119774 0.015005 0.078740
v -0.119862 0.014940 0.078705
v -0.119901 0.014856 0.078708
v -0.119881 0.014776 0.078749
v -0.119807 0.014721 0.078816
v -0.119699 0.014705 0.078893
v -0.119587 0.014733 0.078957
v -0.119499 0.014797 0.078992
v -0.119460 0.014881 0.078989
v -0.119480 0.014961 0.078948
v -0.120164 0.015270 0.079597
v -0.120055 0.015252 0.079667
v -0.120277 0.015242 0.079535
v -0.120363 0.015178 0.079499
v -0.120399 0.015095 0.079498
v -0.120375 0.015014 0.079533
v -0.120299 0.014957 0.079594
v -0.120189 0.014940 0.079664
v -0.120077 0.014967 0.079726
v -0.119991 0.015031 0.079762
v -0.119955 0.015115 0.079763
v -0.119978 0.015196 0.079728
v -0.120661 0.015442 0.080455
v -0.120549 0.015423 0.080519
v -0.120774 0.015416 0.080397
v -0.120858 0.015352 0.080361
v -0.120891 0.015269 0.080355
v -0.120864 0.015187 0.080383
v -0.120784 0.015130 0.080435
v -0.120673 0.015112 0.080499
v -0.120560 0.015138 0.080557
v -0.120475 0.015201 0.080593
v -0.120442 0.015285 0.080599
v -0.120469 0.015366 0.080571
v -0.121149 0.015538 0.081399
v -0.121035 0.015520 0.081455
v -0.121262 0.015513 0.081345
v -0.121345 0.015450 0.081308
v -0.121375 0.015367 0.081298
v -0.121345 0.015286 0.081318
v -0.121262 0.015229 0.081362
v -0.121148 0.015210 0.081418
v -0.121035 0.015235 0.081472
v -0.120952 0.015298 0.081508
v -0.120922 0.015381 0.081518
v -0.120952 0.015462 0.081498
v -0.121626 0.015550 0.082447
v -0.121512 0.015531 0.082496
v -0.121740 0.015525 0.082397
v -0.121821 0.015463 0.082360
v -0.121849 0.015381 0.082346
v -0.121816 0.015301 0.082358
v -0.121730 0.015244 0.082394
v -0.121615 0.015225 0.082443
v -0.121502 0.015250 0.082492
v -0.121420 0.015312 0.082529
v -0.121393 0.015394 0.082543
v -0.121426 0.015474 0.082531
v -0.121861 0.015512 0.083022
v -0.121744 0.015493 0.083065
v -0.121975 0.015486 0.082974
v -0.122056 0.015424 0.082936
v -0.122082 0.015343 0.082918
v -0.122046 0.015263 0.082924
v -0.121958 0.015206 0.082953
v -0.121841 0.015188 0.082997
v -0.121727 0.015213 0.083044
v -0.121646 0.015275 0.083082
v -0.121620 0.015357 0.083100
v -0.121656 0.015437 0.083094
v -0.122087 0.015432 0.083625
v -0.121969 0.015414 0.083665
v -0.122202 0.015406 0.083579
v -0.122283 0.015345 0.083540
v -0.122307 0.015264 0.083519
v -0.122270 0.015184 0.083520
v -0.122179 0.015128 0.083543
v -0.122061 0.015111 0.083583
v -0.121946 0.015136 0.083629
v -0.121865 0.015198 0.083668
v -0.121841 0.015279 0.083690
v -0.121878 0.015358 0.083689
v -0.122306 0.015315 0.084254
v -0.122186 0.015298 0.084290
v -0.122421 0.015289 0.084209
v -0.122502 0.015228 0.084170
v -0.122525 0.015147 0.084145
v -0.122486 0.015069 0.084142
v -0.122394 0.015014 0.084161
v -0.122275 0.014997 0.084198
v -0.122159 0.015022 0.084242
v -0.122079 0.015084 0.084282
v -0.122055 0.015164 0.084307
v -0.122094 0.015243 0.084310
v -0.122517 0.015165 0.084903
v -0.122397 0.015149 0.084937
v -0.122633 0.015139 0.084860
v -0.122713 0.015078 0.084820
v -0.122736 0.014998 0.084793
v -0.122696 0.014920 0.084786
v -0.122603 0.014866 0.084802
v -0.122482 0.014850 0.084836
v -0.122367 0.014875 0.084879
v -0.122286 0.014937 0.084919
v -0.122263 0.015017 0.084947
v -0.122304 0.015095 0.084953
v -0.122721 0.014987 0.085571
v -0.122600 0.014971 0.085603
v -0.122838 0.014960 0.085529
v -0.122917 0.014899 0.085488
v -0.122940 0.014820 0.085458
v -0.122899 0.014743 0.085449
v -0.122805 0.014689 0.085462
v -0.122684 0.014673 0.085493
v -0.122567 0.014699 0.085535
v -0.122488 0.014761 0.085577
v -0.122465 0.014840 0.085606
v -0.122506 0.014917 0.085615
v -0.122919 0.014782 0.086252
v -0.122797 0.014767 0.086282
v -0.123035 0.014756 0.086211
v -0.123115 0.014695 0.086169
v -0.123137 0.014616 0.086138
v -0.123095 0.014540 0.086126
v -0.123000 0.014487 0.086137
v -0.122879 0.014472 0.086166
v -0.122762 0.014498 0.086207
v -0.122682 0.014559 0.086249
v -0.122661 0.014638 0.086280
v -0.122702 0.014714 0.086292
v -0.123109 0.014557 0.086943
v -0.122987 0.014542 0.086971
v -0.123226 0.014531 0.086903
v -0.123306 0.014470 0.086861
v -0.123327 0.014391 0.086828
v -0.123285 0.014315 0.086814
v -0.123189 0.014263 0.086822
v -0.123067 0.014249 0.086850
v -0.122951 0.014275 0.086891
v -0.122871 0.014336 0.086933
v -0.122850 0.014415 0.086965
v -0.122892 0.014491 0.086979
v -0.123293 0.014314 0.087640
v -0.123171 0.014300 0.087667
v -0.123410 0.014288 0.087600
v -0.123490 0.014227 0.087558
v -0.123511 0.014149 0.087524
v -0.123468 0.014074 0.087509
v -0.123372 0.014022 0.087515
v -0.123250 0.014008 0.087542
v -0.123133 0.014035 0.087582
v -0.123053 0.014096 0.087624
v -0.123032 0.014174 0.087657
v -0.123075 0.014249 0.087673
v -0.123471 0.014058 0.088339
v -0.123348 0.014045 0.088365
v -0.123588 0.014031 0.088300
v -0.123667 0.013971 0.088257
v -0.123688 0.013893 0.088223
v -0.123645 0.013818 0.088206
v -0.123549 0.013767 0.088211
v -0.123426 0.013754 0.088236
v -0.123309 0.013781 0.088276
v -0.123230 0.013841 0.088318
v -0.123209 0.013919 0.088353
v -0.123252 0.013994 0.088370
v -0.123642 0.013793 0.089036
v -0.123519 0.013779 0.089061
v -0.123759 0.013765 0.088998
v -0.123838 0.013705 0.088955
v -0.123859 0.013627 0.088920
v -0.123815 0.013553 0.088902
v -0.123719 0.013503 0.088905
v -0.123596 0.013489 0.088930
v -0.123479 0.013517 0.088969
v -0.123400 0.013577 0.089011
v -0.123379 0.013655 0.089047
v -0.123422 0.013729 0.089065
v -0.123806 0.013521 0.089728
v -0.123683 0.013508 0.089752
v -0.123924 0.013494 0.089689
v -0.124003 0.013433 0.089647
v -0.124024 0.013356 0.089611
v -0.123980 0.013282 0.089592
v -0.123883 0.013232 0.089595
v -0.123760 0.013219 0.089619
v -0.123643 0.013246 0.089657
v -0.123564 0.013307 0.089700
v -0.123543 0.013384 0.089735
v -0.123587 0.013458 0.089754
v -0.123965 0.013248 0.090409
v -0.123841 0.013235 0.090432
v -0.124082 0.013220 0.090371
v -0.124162 0.013160 0.090328
v -0.124182 0.013082 0.090293
v -0.124138 0.013009 0.090273
v -0.124042 0.012959 0.090276
v -0.123918 0.012946 0.090299
v -0.123801 0.012973 0.090337
v -0.123722 0.013034 0.090380
v -0.123701 0.013111 0.090415
v -0.123745 0.013185 0.090435
v -0.124132 0.012958 0.091141
v -0.124009 0.012946 0.091164
v -0.124250 0.012931 0.091103
v -0.124329 0.012870 0.091061
v -0.124350 0.012792 0.091027
v -0.124307 0.012718 0.091009
v -0.124210 0.012668 0.091012
v -0.124087 0.012655 0.091035
v -0.123970 0.012683 0.091072
v -0.123890 0.012743 0.091114
v -0.123869 0.012821 0.091149
v -0.123913 0.012895 0.091167
v -0.124295 0.012696 0.091849
v -0.124172 0.012683 0.091873
v -0.124413 0.012668 0.091811
v -0.124493 0.012607 0.091771
v -0.124514 0.012528 0.091738
v -0.124471 0.012454 0.091722
v -0.124375 0.012403 0.091726
v -0.124252 0.012390 0.091751
v -0.124134 0.012417 0.091788
v -0.124054 0.012479 0.091828
v -0.124033 0.012557 0.091861
v -0.124076 0.012632 0.091877
v -0.124460 0.012464 0.092541
v -0.124338 0.012450 0.092567
v -0.124578 0.012436 0.092504
v -0.124658 0.012374 0.092465
v -0.124680 0.012295 0.092434
v -0.124638 0.012219 0.092421
v -0.124542 0.012168 0.092428
v -0.124419 0.012154 0.092454
v -0.124302 0.012182 0.092492
v -0.124222 0.012243 0.092531
v -0.124200 0.012323 0.092561
v -0.124242 0.012399 0.092574
v -0.124633 0.012265 0.093227
v -0.124511 0.012251 0.093255
v -0.124751 0.012238 0.093189
v -0.124831 0.012175 0.093152
v -0.124854 0.012095 0.093125
v -0.124813 0.012018 0.093115
v -0.124718 0.011966 0.093126
v -0.124596 0.011951 0.093154
v -0.124479 0.011979 0.093192
v -0.124398 0.012041 0.093230
v -0.124375 0.012121 0.093257
v -0.124417 0.012198 0.093266
v -0.124821 0.012104 0.093915
v -0.124699 0.012089 0.093946
v -0.124938 0.012076 0.093876
v -0.125019 0.012014 0.093840
v -0.125043 0.011932 0.093817
v -0.125002 0.011854 0.093812
v -0.124909 0.011801 0.093828
v -0.124788 0.011786 0.093859
v -0.124671 0.011813 0.093898
v -0.124590 0.011876 0.093934
v -0.124566 0.011957 0.093957
v -0.124606 0.012035 0.093962
v -0.125029 0.011982 0.094614
v -0.124909 0.011966 0.094649
v -0.125145 0.011955 0.094573
v -0.125227 0.011892 0.094539
v -0.125252 0.011810 0.094520
v -0.125213 0.011731 0.094521
v -0.125122 0.011677 0.094541
v -0.125002 0.011661 0.094577
v -0.124885 0.011688 0.094617
v -0.124803 0.011751 0.094651
v -0.124779 0.011833 0.094671
v -0.124817 0.011912 0.094670
v -0.125264 0.011904 0.095332
v -0.125145 0.011888 0.095372
v -0.125380 0.011877 0.095290
v -0.125462 0.011814 0.095257
v -0.125488 0.011732 0.095242
v -0.125452 0.011652 0.095249
v -0.125362 0.011597 0.095275
v -0.125243 0.011581 0.095315
v -0.125127 0.011608 0.095357
v -0.125045 0.011671 0.095390
v -0.125019 0.011753 0.095405
v -0.125055 0.011833 0.095398
v -0.125532 0.011873 0.096079
v -0.125415 0.011857 0.096123
v -0.125647 0.011847 0.096036
v -0.125730 0.011783 0.096004
v -0.125758 0.011701 0.095993
v -0.125723 0.011621 0.096005
v -0.125636 0.011566 0.096038
v -0.125518 0.011549 0.096082
v -0.125403 0.011576 0.096125
v -0.125320 0.011639 0.096157
v -0.125293 0.011722 0.096168
v -0.125327 0.011801 0.096156
v -0.125840 0.011893 0.096864
v -0.125725 0.011877 0.096912
v -0.125955 0.011866 0.096818
v -0.126038 0.011803 0.096788
v -0.126067 0.011721 0.096781
v -0.126035 0.011641 0.096798
v -0.125949 0.011586 0.096837
v -0.125834 0.011569 0.096885
v -0.125719 0.011596 0.096930
v -0.125636 0.011659 0.096961
v -0.125607 0.011742 0.096968
v -0.125639 0.011821 0.096950
v -0.126195 0.011967 0.097695
v -0.126081 0.011951 0.097747
v -0.126309 0.011940 0.097648
v -0.126392 0.011877 0.097618
v -0.126423 0.011795 0.097614
v -0.126393 0.011716 0.097637
v -0.126309 0.011661 0.097681
v -0.126196 0.011644 0.097733
v -0.126082 0.011672 0.097780
v -0.125998 0.011735 0.097810
v -0.125968 0.011817 0.097813
v -0.125998 0.011896 0.097791
v -0.126602 0.012099 0.098581
v -0.126490 0.012083 0.098637
v -0.126715 0.012071 0.098532
v -0.126799 0.012009 0.098504
v -0.126831 0.011927 0.098503
v -0.126803 0.011848 0.098530
v -0.126722 0.011794 0.098578
v -0.126610 0.011778 0.098634
v -0.126497 0.011806 0.098683
v -0.126413 0.011869 0.098712
v -0.126381 0.011950 0.098712
v -0.126409 0.012029 0.098685
v -0.127072 0.012294 0.099539
v -0.126960 0.012278 0.099595
v -0.127185 0.012267 0.099490
v -0.127269 0.012203 0.099461
v -0.127300 0.012122 0.099459
v -0.127272 0.012043 0.099485
v -0.127190 0.011989 0.099532
v -0.127078 0.011973 0.099588
v -0.126965 0.012000 0.099637
v -0.126882 0.012064 0.099667
v -0.126850 0.012145 0.099669
v -0.126879 0.012224 0.099642
v -0.127528 0.012403 0.100535
v -0.127420 0.012387 0.100581
v -0.127635 0.012377 0.100492
v -0.127712 0.012318 0.100461
v -0.127738 0.012241 0.100452
v -0.127707 0.012166 0.100466
v -0.127626 0.012114 0.100501
v -0.127518 0.012099 0.100546
v -0.127411 0.012124 0.100590
v -0.127335 0.012184 0.100621
v -0.127308 0.012261 0.100630
v -0.127340 0.012336 0.100615
v -0.127901 0.012320 0.101530
v -0.127797 0.012306 0.101564
v -0.128002 0.012296 0.101492
v -0.128072 0.012241 0.101460
v -0.128093 0.012170 0.101442
v -0.128059 0.012101 0.101444
v -0.127979 0.012054 0.101464
v -0.127875 0.012040 0.101498
v -0.127775 0.012064 0.101536
v -0.127705 0.012119 0.101568
v -0.127684 0.012190 0.101586
v -0.127718 0.012259 0.101584
v -0.128209 0.012088 0.102518
v -0.128111 0.012076 0.102543
v -0.128303 0.012065 0.102484
v -0.128367 0.012015 0.102452
v -0.128384 0.011950 0.102429
v -0.128350 0.011888 0.102421
v -0.128274 0.011846 0.102432
v -0.128176 0.011835 0.102457
v -0.128082 0.011857 0.102491
v -0.128018 0.011908 0.102524
v -0.128001 0.011972 0.102547
v -0.128035 0.012034 0.102554
v -0.128476 0.011748 0.103504
v -0.128385 0.011739 0.103524
v -0.128562 0.011727 0.103474
v -0.128621 0.011682 0.103442
v -0.128636 0.011623 0.103417
v -0.128603 0.011568 0.103405
v -0.128531 0.011531 0.103410
v -0.128440 0.011521 0.103431
v -0.128354 0.011542 0.103461
v -0.128295 0.011588 0.103493
v -0.128281 0.011646 0.103518
v -0.128313 0.011701 0.103529
v -0.128724 0.011344 0.104495
v -0.128640 0.011335 0.104513
v -0.128803 0.011324 0.104468
v -0.128856 0.011283 0.104437
v -0.128869 0.011230 0.104413
v -0.128838 0.011181 0.104400
v -0.128773 0.011147 0.104403
v -0.128689 0.011139 0.104420
v -0.128610 0.011158 0.104448
v -0.128557 0.011199 0.104478
v -0.128544 0.011252 0.104503
v -0.128574 0.011302 0.104516
v -0.128975 0.010913 0.105498
v -0.128900 0.010906 0.105514
v -0.129047 0.010896 0.105472
v -0.129095 0.010859 0.105444
v -0.129106 0.010812 0.105422
v -0.129079 0.010767 0.105411
v -0.129020 0.010736 0.105414
v -0.128944 0.010728 0.105431
v -0.128873 0.010745 0.105456
v -0.128825 0.010783 0.105484
v -0.128813 0.010830 0.105506
v -0.128841 0.010875 0.105518
v -0.129253 0.010498 0.106519
v -0.129186 0.010491 0.106535
v -0.129316 0.010483 0.106495
v -0.129359 0.010450 0.106470
v -0.129370 0.010407 0.106451
v -0.129346 0.010366 0.106443
v -0.129294 0.010337 0.106448
v -0.129227 0.010330 0.106465
v -0.129163 0.010345 0.106489
v -0.129120 0.010378 0.106513
v -0.129109 0.010421 0.106532
v -0.129133 0.010462 0.106540
v -0.129578 0.010137 0.107564
v -0.129520 0.010129 0.107581
v -0.129634 0.010124 0.107541
v -0.129672 0.010095 0.107520
v -0.129682 0.010056 0.107505
v -0.129662 0.010018 0.107501
v -0.129617 0.009992 0.107509
v -0.129558 0.009985 0.107527
v -0.129503 0.009997 0.107549
v -0.129465 0.010027 0.107571
v -0.129454 0.010066 0.107585
v -0.129474 0.010103 0.107589
v -0.129973 0.009870 0.108639
v -0.129924 0.009862 0.108658
v -0.130021 0.009859 0.108618
v -0.130054 0.009833 0.108600
v -0.130064 0.009799 0.108590
v -0.130048 0.009765 0.108590
v -0.130011 0.009742 0.108602
v -0.129961 0.009734 0.108620
v -0.129913 0.009745 0.108641
v -0.129880 0.009771 0.108659
v -0.129870 0.009805 0.108669
v -0.129886 0.009838 0.108669
v -0.130461 0.009736 0.109751
v -0.130420 0.009729 0.109770
v -0.130500 0.009727 0.109732
v -0.130529 0.009705 0.109717
v -0.130539 0.009675 0.109712
v -0.130527 0.009646 0.109716
v -0.130497 0.009626 0.109730
v -0.130456 0.009619 0.109749
v -0.130417 0.009628 0.109769
v -0.130388 0.009650 0.109783
v -0.130378 0.009680 0.109789
v -0.130390 0.009709 0.109784
v -0.131062 0.009775 0.110907
v -0.131031 0.009770 0.110925
v -0.131094 0.009768 0.110890
v -0.131118 0.009750 0.110878
v -0.131128 0.009726 0.110876
v -0.131120 0.009702 0.110884
v -0.131097 0.009686 0.110899
v -0.131065 0.009681 0.110917
v -0.131033 0.009688 0.110935
v -0.131009 0.009706 0.110946
v -0.131000 0.009730 0.110948
v -0.131008 0.009753 0.110940
v -0.131801 0.010030 0.112111
v -0.131778 0.010026 0.112128
v -0.131826 0.010024 0.112097
v -0.131845 0.010010 0.112089
v -0.131853 0.009991 0.112089
v -0.131849 0.009974 0.112098
v -0.131833 0.009961 0.112112
v -0.131809 0.009957 0.112129
v -0.131785 0.009963 0.112143
v -0.131766 0.009977 0.112151
v -0.131757 0.009996 0.112151
v -0.131762 0.010013 0.112143
v -0.094816 0.013969 0.051323
v -0.095733 0.013507 0.053883
v -0.095505 0.013469 0.053957
v -0.094582 0.013930 0.051402
v -0.095044 0.013923 0.051232
v -0.095955 0.013461 0.053797
v -0.095205 0.013804 0.051152
v -0.096112 0.013346 0.053722
v -0.095256 0.013644 0.051105
v -0.096161 0.013191 0.053677
v -0.095183 0.013487 0.051104
v -0.096090 0.013038 0.053675
v -0.095006 0.013373 0.051149
v -0.095918 0.012928 0.053717
v -0.094772 0.013334 0.051228
v -0.095689 0.012891 0.053791
v -0.094543 0.013380 0.051319
v -0.095467 0.012936 0.053877
v -0.094382 0.013498 0.051399
v -0.095310 0.013051 0.053952
v -0.094331 0.013658 0.051445
v -0.095261 0.013206 0.053997
v -0.094404 0.013816 0.051446
v -0.095332 0.013359 0.053999
v -0.096651 0.013035 0.056530
v -0.096429 0.012999 0.056600
v -0.096867 0.012991 0.056448
v -0.097020 0.012879 0.056377
v -0.097068 0.012728 0.056335
v -0.096999 0.012580 0.056333
v -0.096831 0.012474 0.056373
v -0.096610 0.012438 0.056443
v -0.096394 0.012482 0.056524
v -0.096241 0.012594 0.056596
v -0.096192 0.012744 0.056638
v -0.096261 0.012892 0.056639
v -0.097567 0.012579 0.059235
v -0.097352 0.012545 0.059301
v -0.097777 0.012537 0.059157
v -0.097925 0.012427 0.059090
v -0.097973 0.012282 0.059052
v -0.097906 0.012138 0.059051
v -0.097744 0.012035 0.059090
v -0.097529 0.012000 0.059156
v -0.097319 0.012043 0.059234
v -0.097171 0.012152 0.059301
v -0.097123 0.012298 0.059339
v -0.097189 0.012441 0.059340
v -0.098477 0.012165 0.061969
v -0.098270 0.012131 0.062033
v -0.098681 0.012123 0.061896
v -0.098826 0.012017 0.061834
v -0.098872 0.011876 0.061799
v -0.098809 0.011736 0.061801
v -0.098652 0.011636 0.061839
v -0.098445 0.011603 0.061904
v -0.098241 0.011644 0.061977
v -0.098096 0.011750 0.062039
v -0.098050 0.011892 0.062074
v -0.098113 0.012031 0.062072
v -0.099380 0.011816 0.064705
v -0.099179 0.011783 0.064768
v -0.099577 0.011775 0.064636
v -0.099718 0.011673 0.064579
v -0.099764 0.011536 0.064549
v -0.099704 0.011401 0.064554
v -0.099553 0.011304 0.064593
v -0.099353 0.011271 0.064656
v -0.099156 0.011312 0.064725
v -0.099015 0.011414 0.064782
v -0.098969 0.011552 0.064812
v -0.099029 0.011686 0.064807
v -0.100271 0.011558 0.067416
v -0.100078 0.011526 0.067477
v -0.100462 0.011519 0.067350
v -0.100598 0.011420 0.067298
v -0.100645 0.011287 0.067273
v -0.100588 0.011156 0.067283
v -0.100444 0.011063 0.067324
v -0.100251 0.011031 0.067385
v -0.100060 0.011070 0.067451
v -0.099923 0.011169 0.067503
v -0.099877 0.011302 0.067527
v -0.099934 0.011433 0.067518
v -0.101148 0.011415 0.070071
v -0.100962 0.011385 0.070132
v -0.101332 0.011378 0.070009
v -0.101465 0.011282 0.069963
v -0.101511 0.011154 0.069944
v -0.101458 0.011028 0.069959
v -0.101321 0.010937 0.070003
v -0.101135 0.010907 0.070063
v -0.100951 0.010945 0.070125
v -0.100818 0.011040 0.070172
v -0.100772 0.011169 0.070190
v -0.100824 0.011295 0.070176
v -0.102006 0.011414 0.072644
v -0.101829 0.011385 0.072705
v -0.102184 0.011377 0.072586
v -0.102313 0.011285 0.072545
v -0.102360 0.011162 0.072534
v -0.102312 0.011041 0.072555
v -0.102181 0.010954 0.072602
v -0.102003 0.010925 0.072663
v -0.101826 0.010961 0.072722
v -0.101696 0.011053 0.072762
v -0.101650 0.011176 0.072773
v -0.101698 0.011298 0.072752
v -0.102844 0.011577 0.075106
v -0.102674 0.011549 0.075168
v -0.103015 0.011542 0.075051
v -0.103141 0.011454 0.075017
v -0.103188 0.011337 0.075014
v -0.103145 0.011221 0.075043
v -0.103022 0.011138 0.075094
v -0.102852 0.011110 0.075156
v -0.102681 0.011145 0.075211
v -0.102555 0.011233 0.075245
v -0.102507 0.011350 0.075248
v -0.102551 0.011466 0.075220
v -0.103657 0.011930 0.077429
v -0.103496 0.011904 0.077492
v -0.103821 0.011897 0.077377
v -0.103944 0.011813 0.077351
v -0.103993 0.011702 0.077357
v -0.103955 0.011592 0.077394
v -0.103839 0.011514 0.077451
v -0.103678 0.011488 0.077515
v -0.103514 0.011521 0.077566
v -0.103391 0.011605 0.077593
v -0.103342 0.011716 0.077586
v -0.103380 0.011826 0.077550
v -0.104443 0.012497 0.079584
v -0.104290 0.012473 0.079649
v -0.104600 0.012466 0.079536
v -0.104720 0.012388 0.079517
v -0.104771 0.012283 0.079533
v -0.104738 0.012182 0.079580
v -0.104631 0.012110 0.079645
v -0.104479 0.012086 0.079710
v -0.104321 0.012117 0.079759
v -0.104201 0.012195 0.079777
v -0.104150 0.012299 0.079761
v -0.104183 0.012401 0.079714
v -0.105201 0.013306 0.081554
v -0.105056 0.013284 0.081619
v -0.105352 0.013276 0.081508
v -0.105468 0.013203 0.081495
v -0.105519 0.013106 0.081518
v -0.105491 0.013012 0.081571
v -0.105392 0.012946 0.081639
v -0.105247 0.012925 0.081705
v -0.105096 0.012954 0.081751
v -0.104980 0.013027 0.081764
v -0.104928 0.013124 0.081741
v -0.104957 0.013218 0.081688
v -0.106182 0.014484 0.084048
v -0.106040 0.014463 0.084113
v -0.106331 0.014455 0.084003
v -0.106445 0.014383 0.083990
v -0.106495 0.014288 0.084012
v -0.106467 0.014195 0.084063
v -0.106369 0.014129 0.084130
v -0.106226 0.014108 0.084195
v -0.106078 0.014137 0.084239
v -0.105963 0.014209 0.084253
v -0.105913 0.014304 0.084231
v -0.105941 0.014397 0.084179
v -0.107040 0.015371 0.086291
v -0.106898 0.015350 0.086351
v -0.107186 0.015342 0.086246
v -0.107297 0.015270 0.086229
v -0.107344 0.015174 0.086245
v -0.107314 0.015080 0.086290
v -0.107216 0.015013 0.086350
v -0.107074 0.014992 0.086411
v -0.106928 0.015021 0.086456
v -0.106817 0.015093 0.086472
v -0.106770 0.015189 0.086456
v -0.106799 0.015283 0.086412
v -0.107785 0.015989 0.088304
v -0.107644 0.015966 0.088361
v -0.107928 0.015960 0.088259
v -0.108036 0.015888 0.088239
v -0.108080 0.015791 0.088248
v -0.108048 0.015696 0.088284
v -0.107948 0.015629 0.088337
v -0.107808 0.015606 0.088394
v -0.107664 0.015635 0.088439
v -0.107556 0.015707 0.088459
v -0.107512 0.015804 0.088450
v -0.107545 0.015899 0.088414
v -0.108431 0.016362 0.090119
v -0.108292 0.016339 0.090171
v -0.108572 0.016334 0.090074
v -0.108677 0.016261 0.090049
v -0.108717 0.016165 0.090049
v -0.108682 0.016070 0.090076
v -0.108581 0.016002 0.090121
v -0.108442 0.015979 0.090173
v -0.108301 0.016007 0.090218
v -0.108196 0.016080 0.090244
v -0.108156 0.016176 0.090243
v -0.108191 0.016271 0.090217
v -0.108994 0.016517 0.091766
v -0.108855 0.016494 0.091813
v -0.109132 0.016488 0.091721
v -0.109233 0.016417 0.091690
v -0.109269 0.016321 0.091681
v -0.109231 0.016226 0.091697
v -0.109130 0.016159 0.091734
v -0.108991 0.016136 0.091781
v -0.108853 0.016164 0.091826
v -0.108752 0.016236 0.091857
v -0.108716 0.016332 0.091866
v -0.108753 0.016426 0.091850
v -0.109486 0.016478 0.093275
v -0.109348 0.016456 0.093317
v -0.109621 0.016450 0.093229
v -0.109719 0.016380 0.093192
v -0.109751 0.016286 0.093174
v -0.109711 0.016193 0.093179
v -0.109608 0.016127 0.093206
v -0.109470 0.016104 0.093248
v -0.109335 0.016132 0.093294
v -0.109237 0.016202 0.093331
v -0.109205 0.016297 0.093349
v -0.109245 0.016389 0.093344
v -0.109922 0.016272 0.094673
v -0.109785 0.016251 0.094711
v -0.110055 0.016245 0.094627
v -0.110148 0.016177 0.094585
v -0.110177 0.016085 0.094557
v -0.110134 0.015996 0.094552
v -0.110031 0.015932 0.094571
v -0.109894 0.015910 0.094608
v -0.109761 0.015937 0.094655
v -0.109668 0.016006 0.094697
v -0.109638 0.016097 0.094724
v -0.109681 0.016187 0.094729
v -0.110315 0.015926 0.095991
v -0.110180 0.015906 0.096024
v -0.110445 0.015900 0.095944
v -0.110536 0.015834 0.095898
v -0.110562 0.015746 0.095863
v -0.110517 0.015661 0.095849
v -0.110413 0.015599 0.095861
v -0.110278 0.015579 0.095894
v -0.110148 0.015605 0.095941
v -0.110057 0.015671 0.095988
v -0.110031 0.015759 0.096022
v -0.110076 0.015845 0.096036
v -0.110680 0.015468 0.097257
v -0.110546 0.015449 0.097288
v -0.110807 0.015442 0.097211
v -0.110895 0.015379 0.097160
v -0.110919 0.015295 0.097120
v -0.110873 0.015213 0.097101
v -0.110770 0.015154 0.097107
v -0.110636 0.015135 0.097138
v -0.110508 0.015161 0.097184
v -0.110421 0.015224 0.097234
v -0.110396 0.015308 0.097274
v -0.110442 0.015390 0.097294
v -0.111030 0.014924 0.098502
v -0.110899 0.014906 0.098531
v -0.111155 0.014899 0.098456
v -0.111241 0.014838 0.098404
v -0.111264 0.014757 0.098361
v -0.111217 0.014678 0.098338
v -0.111115 0.014622 0.098341
v -0.110983 0.014604 0.098370
v -0.110858 0.014629 0.098416
v -0.110772 0.014690 0.098468
v -0.110750 0.014770 0.098511
v -0.110796 0.014850 0.098534
v -0.111381 0.014322 0.099757
v -0.111252 0.014304 0.099785
v -0.111504 0.014297 0.099711
v -0.111588 0.014238 0.099659
v -0.111609 0.014159 0.099615
v -0.111564 0.014083 0.099591
v -0.111463 0.014028 0.099593
v -0.111333 0.014010 0.099621
v -0.111210 0.014034 0.099667
v -0.111127 0.014094 0.099719
v -0.111105 0.014172 0.099763
v -0.111151 0.014249 0.099787
v -0.111747 0.013688 0.101052
v -0.111620 0.013670 0.101080
v -0.111868 0.013664 0.101007
v -0.111950 0.013606 0.100956
v -0.111971 0.013528 0.100914
v -0.111927 0.013452 0.100892
v -0.111828 0.013398 0.100895
v -0.111701 0.013380 0.100923
v -0.111581 0.013404 0.100968
v -0.111498 0.013462 0.101019
v -0.111477 0.013540 0.101061
v -0.111521 0.013616 0.101083
v -0.112419 0.012666 0.103388
v -0.112297 0.012648 0.103417
v -0.112537 0.012643 0.103345
v -0.112618 0.012584 0.103300
v -0.112640 0.012507 0.103264
v -0.112598 0.012430 0.103247
v -0.112503 0.012376 0.103254
v -0.112381 0.012358 0.103283
v -0.112263 0.012382 0.103326
v -0.112182 0.012440 0.103372
v -0.112160 0.012518 0.103408
v -0.112202 0.012594 0.103425
v -0.112968 0.012062 0.105249
v -0.112850 0.012044 0.105280
v -0.113083 0.012039 0.105209
v -0.113163 0.011981 0.105171
v -0.113188 0.011903 0.105144
v -0.113149 0.011826 0.105136
v -0.113059 0.011771 0.105150
v -0.112941 0.011753 0.105181
v -0.112826 0.011776 0.105221
v -0.112746 0.011835 0.105260
v -0.112721 0.011913 0.105286
v -0.112760 0.011989 0.105294
v -0.113416 0.011800 0.106719
v -0.113303 0.011782 0.106753
v -0.113528 0.011777 0.106682
v -0.113609 0.011719 0.106652
v -0.113636 0.011642 0.106637
v -0.113602 0.011565 0.106641
v -0.113517 0.011511 0.106663
v -0.113403 0.011492 0.106697
v -0.113292 0.011515 0.106734
v -0.113211 0.011573 0.106764
v -0.113184 0.011651 0.106779
v -0.113218 0.011727 0.106775
v -0.113787 0.011803 0.107880
v -0.113678 0.011786 0.107918
v -0.113896 0.011781 0.107847
v -0.113977 0.011725 0.107827
v -0.114007 0.011650 0.107825
v -0.113979 0.011576 0.107842
v -0.113900 0.011523 0.107874
v -0.113791 0.011505 0.107911
v -0.113682 0.011528 0.107944
v -0.113601 0.011584 0.107965
v -0.113571 0.011659 0.107967
v -0.113599 0.011732 0.107950
v -0.114104 0.011997 0.108823
v -0.114001 0.011980 0.108863
v -0.114211 0.011976 0.108792
v -0.114291 0.011923 0.108780
v -0.114324 0.011852 0.108790
v -0.114301 0.011783 0.108818
v -0.114228 0.011734 0.108858
v -0.114124 0.011718 0.108899
v -0.114018 0.011739 0.108930
v -0.113937 0.011792 0.108942
v -0.113904 0.011862 0.108932
v -0.113927 0.011931 0.108904
v -0.114393 0.012311 0.109634
v -0.114294 0.012296 0.109677
v -0.114497 0.012291 0.109605
v -0.114576 0.012241 0.109598
v -0.114611 0.012176 0.109614
v -0.114591 0.012112 0.109650
v -0.114522 0.012066 0.109694
v -0.114423 0.012052 0.109737
v -0.114319 0.012072 0.109766
v -0.114240 0.012121 0.109773
v -0.114205 0.012187 0.109757
v -0.114225 0.012251 0.109722
v -0.114678 0.012677 0.110400
v -0.114583 0.012663 0.110442
v -0.114778 0.012657 0.110372
v -0.114855 0.012609 0.110365
v -0.114888 0.012546 0.110381
v -0.114869 0.012485 0.110416
v -0.114803 0.012441 0.110461
v -0.114708 0.012428 0.110503
v -0.114608 0.012447 0.110532
v -0.114531 0.012495 0.110538
v -0.114498 0.012558 0.110522
v -0.114517 0.012620 0.110487
v -0.114981 0.013020 0.111202
v -0.114888 0.013006 0.111241
v -0.115077 0.013000 0.111173
v -0.115149 0.012953 0.111162
v -0.115180 0.012890 0.111173
v -0.115160 0.012828 0.111202
v -0.115095 0.012785 0.111241
v -0.115002 0.012772 0.111281
v -0.114907 0.012791 0.111310
v -0.114834 0.012839 0.111321
v -0.114803 0.012902 0.111310
v -0.114823 0.012963 0.111281
v -0.115323 0.013263 0.112117
v -0.115233 0.013249 0.112153
v -0.115415 0.013243 0.112087
v -0.115482 0.013196 0.112070
v -0.115508 0.013132 0.112071
v -0.115485 0.013071 0.112089
v -0.115420 0.013028 0.112120
v -0.115330 0.013014 0.112156
v -0.115238 0.013033 0.112186
v -0.115171 0.013081 0.112203
v -0.115145 0.013144 0.112202
v -0.115168 0.013206 0.112184
v -0.115725 0.013327 0.113222
v -0.115637 0.013313 0.113253
v -0.115812 0.013308 0.113190
v -0.115874 0.013261 0.113166
v -0.115895 0.013200 0.113157
v -0.115869 0.013140 0.113164
v -0.115803 0.013098 0.113186
v -0.115715 0.013084 0.113217
v -0.115628 0.013103 0.113248
v -0.115566 0.013149 0.113272
v -0.115545 0.013211 0.113282
v -0.115571 0.013271 0.113275
v -0.116206 0.013137 0.114593
v -0.116120 0.013125 0.114619
v -0.116289 0.013119 0.114560
v -0.116346 0.013076 0.114531
v -0.116363 0.013018 0.114512
v -0.116335 0.012961 0.114510
v -0.116270 0.012921 0.114524
v -0.116184 0.012909 0.114551
v -0.116101 0.012927 0.114584
v -0.116044 0.012970 0.114613
v -0.116027 0.013028 0.114631
v -0.116055 0.013085 0.114634
v -0.116787 0.012625 0.116304
v -0.116704 0.012613 0.116328
v -0.116866 0.012608 0.116273
v -0.116921 0.012566 0.116242
v -0.116936 0.012511 0.116221
v -0.116908 0.012458 0.116215
v -0.116843 0.012421 0.116225
v -0.116760 0.012410 0.116248
v -0.116681 0.012427 0.116279
v -0.116626 0.012468 0.116310
v -0.116611 0.012523 0.116331
v -0.116640 0.012576 0.116338
v -0.117058 0.012360 0.117160
v -0.116979 0.012349 0.117181
v -0.117133 0.012343 0.117133
v -0.117185 0.012303 0.117107
v -0.117200 0.012251 0.117090
v -0.117174 0.012201 0.117085
v -0.117114 0.012166 0.117094
v -0.117035 0.012155 0.117115
v -0.116960 0.012172 0.117143
v -0.116908 0.012212 0.117168
v -0.116893 0.012264 0.117186
v -0.116919 0.012314 0.117190
v -0.117315 0.012176 0.118048
v -0.117241 0.012166 0.118067
v -0.117386 0.012159 0.118026
v -0.117436 0.012121 0.118005
v -0.117451 0.012072 0.117993
v -0.117427 0.012024 0.117992
v -0.117371 0.011991 0.118003
v -0.117298 0.011981 0.118022
v -0.117227 0.011998 0.118044
v -0.117177 0.012036 0.118064
v -0.117162 0.012085 0.118077
v -0.117185 0.012133 0.118078
v -0.117564 0.012057 0.118961
v -0.117495 0.012048 0.118979
v -0.117631 0.012042 0.118942
v -0.117678 0.012006 0.118926
v -0.117693 0.011960 0.118917
v -0.117672 0.011915 0.118919
v -0.117620 0.011884 0.118930
v -0.117552 0.011875 0.118948
v -0.117485 0.011890 0.118967
v -0.117438 0.011926 0.118983
v -0.117423 0.011972 0.118991
v -0.117444 0.012017 0.118990
v -0.117810 0.011990 0.119885
v -0.117746 0.011982 0.119902
v -0.117872 0.011976 0.119868
v -0.117916 0.011943 0.119855
v -0.117930 0.011900 0.119849
v -0.117911 0.011858 0.119852
v -0.117864 0.011829 0.119863
v -0.117800 0.011821 0.119880
v -0.117738 0.011835 0.119897
v -0.117694 0.011868 0.119911
v -0.117680 0.011911 0.119916
v -0.117699 0.011953 0.119913
v -0.118056 0.011961 0.120806
v -0.117998 0.011953 0.120821
v -0.118114 0.011948 0.120790
v -0.118154 0.011917 0.120778
v -0.118168 0.011878 0.120774
v -0.118151 0.011839 0.120778
v -0.118107 0.011813 0.120790
v -0.118049 0.011805 0.120806
v -0.117992 0.011818 0.120822
v -0.117951 0.011849 0.120833
v -0.117938 0.011889 0.120837
v -0.117955 0.011927 0.120833
v -0.118308 0.011956 0.121709
v -0.118255 0.011949 0.121724
v -0.118360 0.011944 0.121694
v -0.118398 0.011916 0.121684
v -0.118410 0.011880 0.121680
v -0.118395 0.011845 0.121685
v -0.118355 0.011821 0.121697
v -0.118302 0.011814 0.121712
v -0.118250 0.011826 0.121727
v -0.118213 0.011854 0.121737
v -0.118201 0.011890 0.121741
v -0.118216 0.011925 0.121736
v -0.118570 0.011961 0.122582
v -0.118522 0.011954 0.122597
v -0.118616 0.011950 0.122567
v -0.118650 0.011925 0.122557
v -0.118661 0.011892 0.122553
v -0.118647 0.011860 0.122558
v -0.118612 0.011838 0.122570
v -0.118565 0.011832 0.122585
v -0.118518 0.011843 0.122599
v -0.118484 0.011868 0.122610
v -0.118473 0.011901 0.122613
v -0.118487 0.011932 0.122608
v -0.118845 0.011961 0.123410
v -0.118803 0.011955 0.123425
v -0.118886 0.011951 0.123395
v -0.118916 0.011929 0.123384
v -0.118926 0.011899 0.123381
v -0.118913 0.011871 0.123385
v -0.118882 0.011852 0.123396
v -0.118840 0.011846 0.123411
v -0.118799 0.011856 0.123426
v -0.118769 0.011878 0.123436
v -0.118759 0.011908 0.123440
v -0.118772 0.011936 0.123436
v -0.119139 0.011943 0.124179
v -0.119102 0.011938 0.124194
v -0.119174 0.011935 0.124164
v -0.119200 0.011915 0.124153
v -0.119208 0.011889 0.124148
v -0.119197 0.011864 0.124152
v -0.119169 0.011846 0.124163
v -0.119133 0.011841 0.124178
v -0.119098 0.011850 0.124193
v -0.119072 0.011870 0.124204
v -0.119064 0.011896 0.124209
v -0.119075 0.011921 0.124205
v -0.119455 0.011892 0.124877
v -0.119425 0.011888 0.124892
v -0.119485 0.011885 0.124861
v -0.119506 0.011868 0.124848
v -0.119512 0.011846 0.124843
v -0.119502 0.011824 0.124846
v -0.119479 0.011809 0.124856
v -0.119448 0.011804 0.124871
v -0.119419 0.011812 0.124887
v -0.119398 0.011829 0.124899
v -0.119392 0.011851 0.124905
v -0.119401 0.011873 0.124902
v -0.119799 0.011794 0.125488
v -0.119775 0.011790 0.125503
v -0.119823 0.011789 0.125472
v -0.119838 0.011775 0.125458
v -0.119843 0.011756 0.125452
v -0.119834 0.011738 0.125453
v -0.119815 0.011725 0.125463
v -0.119790 0.011721 0.125478
v -0.119767 0.011727 0.125494
v -0.119751 0.011741 0.125507
v -0.119747 0.011759 0.125514
v -0.119755 0.011777 0.125513
v -0.120175 0.011635 0.125999
v -0.120156 0.011631 0.126014
v -0.120192 0.011631 0.125983
v -0.120203 0.011621 0.125969
v -0.120204 0.011607 0.125962
v -0.120197 0.011592 0.125962
v -0.120182 0.011581 0.125971
v -0.120163 0.011577 0.125985
v -0.120146 0.011581 0.126001
v -0.120135 0.011591 0.126015
v -0.120133 0.011606 0.126023
v -0.120141 0.011620 0.126022
v -0.096366 0.013197 0.055712
v -0.096708 0.012532 0.058383
v -0.096515 0.012503 0.058395
v -0.096171 0.013165 0.055735
v -0.096557 0.013163 0.055671
v -0.096899 0.012495 0.058357
v -0.096694 0.013072 0.055625
v -0.097036 0.012402 0.058323
v -0.096740 0.012949 0.055585
v -0.097082 0.012278 0.058291
v -0.096683 0.012825 0.055561
v -0.097025 0.012156 0.058268
v -0.096537 0.012735 0.055561
v -0.096881 0.012069 0.058262
v -0.096343 0.012703 0.055585
v -0.096688 0.012040 0.058274
v -0.096151 0.012737 0.055625
v -0.096497 0.012077 0.058300
v -0.096014 0.012828 0.055671
v -0.096360 0.012170 0.058334
v -0.095968 0.012952 0.055712
v -0.096314 0.012294 0.058366
v -0.096026 0.013075 0.055735
v -0.096371 0.012415 0.058388
v -0.096860 0.012013 0.060902
v -0.096669 0.011986 0.060903
v -0.097049 0.011974 0.060889
v -0.097185 0.011880 0.060868
v -0.097231 0.011756 0.060845
v -0.097175 0.011635 0.060825
v -0.097033 0.011550 0.060815
v -0.096841 0.011523 0.060816
v -0.096652 0.011562 0.060829
v -0.096517 0.011656 0.060850
v -0.096471 0.011780 0.060873
v -0.096526 0.011901 0.060893
v -0.096867 0.011647 0.063322
v -0.096678 0.011622 0.063315
v -0.097053 0.011607 0.063321
v -0.097187 0.011512 0.063312
v -0.097232 0.011389 0.063298
v -0.097178 0.011269 0.063283
v -0.097037 0.011186 0.063271
v -0.096848 0.011160 0.063264
v -0.096662 0.011201 0.063266
v -0.096528 0.011295 0.063274
v -0.096482 0.011419 0.063288
v -0.096537 0.011538 0.063303
v -0.096772 0.011441 0.065695
v -0.096586 0.011417 0.065684
v -0.096955 0.011401 0.065702
v -0.097087 0.011307 0.065705
v -0.097131 0.011184 0.065701
v -0.097077 0.011066 0.065692
v -0.096938 0.010983 0.065681
v -0.096752 0.010959 0.065670
v -0.096569 0.010999 0.065662
v -0.096437 0.011093 0.065660
v -0.096393 0.011216 0.065664
v -0.096447 0.011334 0.065673
v -0.096620 0.011402 0.068075
v -0.096437 0.011377 0.068064
v -0.096800 0.011362 0.068088
v -0.096930 0.011269 0.068098
v -0.096973 0.011148 0.068104
v -0.096919 0.011031 0.068103
v -0.096782 0.010949 0.068095
v -0.096599 0.010926 0.068084
v -0.096418 0.010965 0.068071
v -0.096289 0.011058 0.068061
v -0.096246 0.011179 0.068055
v -0.096300 0.011296 0.068057
v -0.096455 0.011535 0.070517
v -0.096275 0.011512 0.070508
v -0.096633 0.011496 0.070531
v -0.096760 0.011405 0.070547
v -0.096803 0.011286 0.070560
v -0.096749 0.011171 0.070567
v -0.096613 0.011091 0.070566
v -0.096433 0.011068 0.070557
v -0.096255 0.011107 0.070543
v -0.096128 0.011198 0.070527
v -0.096085 0.011317 0.070514
v -0.096139 0.011432 0.070507
v -0.096322 0.011849 0.073072
v -0.096144 0.011826 0.073069
v -0.096498 0.011810 0.073085
v -0.096623 0.011721 0.073103
v -0.096664 0.011604 0.073123
v -0.096611 0.011492 0.073138
v -0.096477 0.011415 0.073145
v -0.096298 0.011392 0.073142
v -0.096123 0.011431 0.073130
v -0.095998 0.011520 0.073111
v -0.095957 0.011637 0.073092
v -0.096010 0.011749 0.073076
v -0.096265 0.012351 0.075795
v -0.096089 0.012330 0.075800
v -0.096438 0.012312 0.075804
v -0.096561 0.012224 0.075822
v -0.096602 0.012110 0.075846
v -0.096549 0.012001 0.075869
v -0.096417 0.011926 0.075885
v -0.096241 0.011905 0.075890
v -0.096068 0.011944 0.075882
v -0.095945 0.012032 0.075863
v -0.095904 0.012146 0.075839
v -0.095957 0.012255 0.075816
v -0.096328 0.013047 0.078739
v -0.096155 0.013029 0.078751
v -0.096498 0.013008 0.078741
v -0.096619 0.012920 0.078758
v -0.096659 0.012809 0.078785
v -0.096608 0.012703 0.078815
v -0.096478 0.012632 0.078839
v -0.096305 0.012613 0.078852
v -0.096134 0.012653 0.078850
v -0.096013 0.012740 0.078833
v -0.095973 0.012851 0.078806
v -0.096025 0.012957 0.078776
v -0.096555 0.013946 0.081954
v -0.096385 0.013930 0.081976
v -0.096722 0.013905 0.081950
v -0.096842 0.013819 0.081964
v -0.096882 0.013710 0.081993
v -0.096831 0.013607 0.082028
v -0.096704 0.013539 0.082061
v -0.096534 0.013523 0.082082
v -0.096367 0.013564 0.082086
v -0.096247 0.013651 0.082072
v -0.096208 0.013760 0.082044
v -0.096258 0.013862 0.082008
v -0.096993 0.015055 0.085495
v -0.096826 0.015042 0.085524
v -0.097156 0.015013 0.085484
v -0.097273 0.014926 0.085494
v -0.097313 0.014819 0.085524
v -0.097264 0.014720 0.085563
v -0.097139 0.014655 0.085603
v -0.096973 0.014642 0.085632
v -0.096809 0.014684 0.085643
v -0.096692 0.014770 0.085632
v -0.096653 0.014877 0.085603
v -0.096702 0.014977 0.085564
v -0.097685 0.016382 0.089418
v -0.097523 0.016371 0.089453
v -0.097845 0.016338 0.089400
v -0.097959 0.016251 0.089404
v -0.097997 0.016145 0.089430
v -0.097949 0.016047 0.089470
v -0.097828 0.015985 0.089514
v -0.097665 0.015974 0.089549
v -0.097505 0.016018 0.089567
v -0.097391 0.016105 0.089562
v -0.097353 0.016211 0.089537
v -0.097401 0.016309 0.089497
v -0.097980 0.016768 0.090764
v -0.097818 0.016759 0.090803
v -0.098138 0.016722 0.090738
v -0.098250 0.016633 0.090733
v -0.098286 0.016524 0.090749
v -0.098237 0.016425 0.090784
v -0.098115 0.016362 0.090827
v -0.097953 0.016353 0.090866
v -0.097795 0.016399 0.090892
v -0.097683 0.016488 0.090897
v -0.097647 0.016597 0.090880
v -0.097696 0.016696 0.090846
v -0.098326 0.017021 0.092183
v -0.098165 0.017012 0.092224
v -0.098482 0.016974 0.092149
v -0.098592 0.016883 0.092133
v -0.098626 0.016772 0.092139
v -0.098574 0.016671 0.092166
v -0.098452 0.016608 0.092205
v -0.098290 0.016599 0.092247
v -0.098134 0.016647 0.092280
v -0.098025 0.016738 0.092296
v -0.097991 0.016848 0.092290
v -0.098043 0.016949 0.092264
v -0.098711 0.017145 0.093652
v -0.098550 0.017136 0.093695
v -0.098865 0.017097 0.093612
v -0.098973 0.017005 0.093588
v -0.099004 0.016893 0.093584
v -0.098950 0.016792 0.093602
v -0.098827 0.016729 0.093638
v -0.098666 0.016720 0.093681
v -0.098511 0.016768 0.093721
v -0.098404 0.016860 0.093745
v -0.098373 0.016971 0.093749
v -0.098426 0.017073 0.093731
v -0.099120 0.017145 0.095155
v -0.098959 0.017136 0.095199
v -0.099273 0.017097 0.095111
v -0.099379 0.017005 0.095079
v -0.099407 0.016894 0.095067
v -0.099352 0.016792 0.095078
v -0.099227 0.016729 0.095110
v -0.099067 0.016720 0.095153
v -0.098913 0.016768 0.095197
v -0.098808 0.016860 0.095230
v -0.098779 0.016971 0.095242
v -0.098835 0.017072 0.095231
v -0.099541 0.017028 0.096677
v -0.099380 0.017019 0.096721
v -0.099693 0.016980 0.096630
v -0.099797 0.016888 0.096591
v -0.099824 0.016777 0.096571
v -0.099766 0.016677 0.096575
v -0.099640 0.016613 0.096603
v -0.099480 0.016604 0.096646
v -0.099327 0.016652 0.096694
v -0.099224 0.016744 0.096733
v -0.099197 0.016855 0.096753
v -0.099255 0.016955 0.096748
v -0.099961 0.016798 0.098203
v -0.099800 0.016789 0.098245
v -0.100113 0.016751 0.098153
v -0.100215 0.016660 0.098108
v -0.100239 0.016550 0.098081
v -0.100180 0.016450 0.098078
v -0.100053 0.016388 0.098101
v -0.099892 0.016379 0.098143
v -0.099740 0.016426 0.098193
v -0.099638 0.016517 0.098238
v -0.099614 0.016627 0.098265
v -0.099673 0.016727 0.098268
v -0.100367 0.016462 0.099715
v -0.100205 0.016454 0.099755
v -0.100518 0.016415 0.099663
v -0.100619 0.016325 0.099614
v -0.100642 0.016217 0.099580
v -0.100581 0.016119 0.099571
v -0.100452 0.016057 0.099588
v -0.100291 0.016049 0.099628
v -0.100139 0.016096 0.099680
v -0.100039 0.016186 0.099730
v -0.100016 0.016294 0.099764
v -0.100077 0.016392 0.099773
v -0.100746 0.016025 0.101199
v -0.100584 0.016017 0.101236
v -0.100897 0.015978 0.101146
v -0.100996 0.015890 0.101093
v -0.101018 0.015783 0.101052
v -0.100955 0.015687 0.101036
v -0.100825 0.015628 0.101048
v -0.100663 0.015620 0.101085
v -0.100512 0.015667 0.101138
v -0.100412 0.015755 0.101191
v -0.100391 0.015862 0.101232
v -0.100454 0.015957 0.101248
v -0.101085 0.015492 0.102638
v -0.100922 0.015486 0.102672
v -0.101236 0.015445 0.102586
v -0.101335 0.015358 0.102528
v -0.101354 0.015254 0.102481
v -0.101290 0.015161 0.102457
v -0.101158 0.015104 0.102463
v -0.100995 0.015097 0.102496
v -0.100844 0.015144 0.102549
v -0.100745 0.015231 0.102607
v -0.100726 0.015335 0.102654
v -0.100790 0.015428 0.102678
v -0.101371 0.014869 0.104018
v -0.101207 0.014865 0.104047
v -0.101522 0.014822 0.103966
v -0.101620 0.014736 0.103905
v -0.101638 0.014635 0.103851
v -0.101572 0.014545 0.103819
v -0.101439 0.014491 0.103817
v -0.101275 0.014488 0.103846
v -0.101124 0.014534 0.103898
v -0.101026 0.014620 0.103959
v -0.101008 0.014721 0.104013
v -0.101074 0.014811 0.104045
v -0.101591 0.014160 0.105321
v -0.101426 0.014159 0.105344
v -0.101743 0.014112 0.105271
v -0.101840 0.014028 0.105207
v -0.101857 0.013931 0.105146
v -0.101789 0.013846 0.105105
v -0.101655 0.013796 0.105095
v -0.101490 0.013796 0.105118
v -0.101338 0.013844 0.105169
v -0.101241 0.013927 0.105233
v -0.101224 0.014025 0.105293
v -0.101292 0.014109 0.105334
v -0.101731 0.013377 0.106522
v -0.101565 0.013379 0.106540
v -0.101882 0.013328 0.106474
v -0.101980 0.013244 0.106411
v -0.101997 0.013147 0.106348
v -0.101929 0.013065 0.106303
v -0.101794 0.013019 0.106288
v -0.101628 0.013021 0.106307
v -0.101476 0.013071 0.106354
v -0.101379 0.013155 0.106418
v -0.101362 0.013251 0.106480
v -0.101430 0.013333 0.106525
v -0.101796 0.012923 0.107246
v -0.101636 0.012926 0.107264
v -0.101944 0.012873 0.107204
v -0.102039 0.012787 0.107149
v -0.102056 0.012690 0.107096
v -0.101990 0.012607 0.107058
v -0.101860 0.012560 0.107047
v -0.101699 0.012563 0.107064
v -0.101552 0.012613 0.107106
v -0.101457 0.012698 0.107161
v -0.101440 0.012796 0.107214
v -0.101505 0.012879 0.107252
v -0.101880 0.012563 0.108023
v -0.101725 0.012564 0.108042
v -0.102023 0.012512 0.107987
v -0.102116 0.012425 0.107942
v -0.102134 0.012326 0.107901
v -0.102072 0.012241 0.107875
v -0.101946 0.012193 0.107870
v -0.101791 0.012194 0.107889
v -0.101648 0.012245 0.107926
v -0.101555 0.012331 0.107971
v -0.101537 0.012430 0.108012
v -0.101599 0.012515 0.108038
v -0.101983 0.012278 0.108857
v -0.101833 0.012279 0.108877
v -0.102122 0.012228 0.108824
v -0.102212 0.012142 0.108788
v -0.102231 0.012043 0.108757
v -0.102172 0.011958 0.108740
v -0.102051 0.011909 0.108742
v -0.101901 0.011910 0.108762
v -0.101762 0.011960 0.108795
v -0.101672 0.012046 0.108831
v -0.101653 0.012145 0.108862
v -0.101712 0.012230 0.108879
v -0.102104 0.012060 0.109739
v -0.101960 0.012060 0.109760
v -0.102239 0.012011 0.109709
v -0.102327 0.011927 0.109679
v -0.102346 0.011830 0.109657
v -0.102290 0.011746 0.109648
v -0.102174 0.011697 0.109655
v -0.102029 0.011697 0.109676
v -0.101895 0.011746 0.109706
v -0.101807 0.011830 0.109736
v -0.101788 0.011928 0.109758
v -0.101844 0.012012 0.109767
v -0.102244 0.011898 0.110662
v -0.102105 0.011897 0.110684
v -0.102374 0.011851 0.110634
v -0.102460 0.011769 0.110609
v -0.102479 0.011674 0.110593
v -0.102425 0.011592 0.110590
v -0.102314 0.011544 0.110601
v -0.102175 0.011544 0.110623
v -0.102046 0.011592 0.110650
v -0.101960 0.011673 0.110676
v -0.101941 0.011768 0.110692
v -0.101994 0.011850 0.110695
v -0.102403 0.011781 0.111617
v -0.102269 0.011781 0.111640
v -0.102528 0.011736 0.111591
v -0.102611 0.011656 0.111569
v -0.102630 0.011565 0.111557
v -0.102579 0.011485 0.111558
v -0.102473 0.011439 0.111572
v -0.102339 0.011439 0.111595
v -0.102214 0.011484 0.111622
v -0.102131 0.011563 0.111644
v -0.102112 0.011655 0.111656
v -0.102163 0.011734 0.111655
v -0.102579 0.011699 0.112597
v -0.102451 0.011698 0.112621
v -0.102700 0.011655 0.112571
v -0.102780 0.011579 0.112551
v -0.102798 0.011491 0.112542
v -0.102750 0.011414 0.112546
v -0.102648 0.011369 0.112563
v -0.102520 0.011369 0.112587
v -0.102400 0.011413 0.112612
v -0.102320 0.011489 0.112632
v -0.102301 0.011577 0.112642
v -0.102350 0.011654 0.112637
v -0.102774 0.011641 0.113593
v -0.102651 0.011640 0.113618
v -0.102889 0.011599 0.113567
v -0.102966 0.011525 0.113548
v -0.102984 0.011441 0.113541
v -0.102938 0.011367 0.113547
v -0.102841 0.011324 0.113565
v -0.102718 0.011323 0.113590
v -0.102603 0.011365 0.113615
v -0.102526 0.011438 0.113634
v -0.102508 0.011523 0.113642
v -0.102554 0.011597 0.113636
v -0.102985 0.011595 0.114596
v -0.102868 0.011594 0.114622
v -0.103095 0.011554 0.114570
v -0.103169 0.011484 0.114552
v -0.103186 0.011403 0.114545
v -0.103142 0.011332 0.114552
v -0.103050 0.011291 0.114570
v -0.102932 0.011290 0.114596
v -0.102822 0.011331 0.114622
v -0.102749 0.011401 0.114641
v -0.102731 0.011482 0.114648
v -0.102775 0.011553 0.114641
v -0.103214 0.011550 0.115600
v -0.103102 0.011549 0.115627
v -0.103319 0.011512 0.115573
v -0.103389 0.011445 0.115554
v -0.103405 0.011367 0.115546
v -0.103364 0.011299 0.115554
v -0.103275 0.011260 0.115573
v -0.103163 0.011259 0.115600
v -0.103059 0.011297 0.115626
v -0.102988 0.011364 0.115646
v -0.102972 0.011442 0.115653
v -0.103014 0.011510 0.115646
v -0.103460 0.011496 0.116596
v -0.103354 0.011495 0.116623
v -0.103559 0.011459 0.116568
v -0.103626 0.011395 0.116547
v -0.103641 0.011321 0.116539
v -0.103601 0.011256 0.116545
v -0.103517 0.011219 0.116565
v -0.103411 0.011218 0.116592
v -0.103311 0.011254 0.116620
v -0.103245 0.011318 0.116641
v -0.103229 0.011392 0.116649
v -0.103269 0.011457 0.116643
v -0.103722 0.011420 0.117576
v -0.103622 0.011419 0.117604
v -0.103816 0.011386 0.117546
v -0.103879 0.011325 0.117523
v -0.103893 0.011254 0.117513
v -0.103854 0.011193 0.117518
v -0.103774 0.011157 0.117538
v -0.103674 0.011156 0.117566
v -0.103579 0.011190 0.117595
v -0.103517 0.011251 0.117618
v -0.103503 0.011322 0.117628
v -0.103541 0.011383 0.117623
v -0.104010 0.011305 0.118565
v -0.103915 0.011304 0.118594
v -0.104099 0.011273 0.118535
v -0.104157 0.011216 0.118510
v -0.104170 0.011149 0.118498
v -0.104133 0.011090 0.118501
v -0.104057 0.011056 0.118520
v -0.103962 0.011055 0.118548
v -0.103873 0.011088 0.118579
v -0.103814 0.011145 0.118603
v -0.103802 0.011212 0.118616
v -0.103839 0.011270 0.118612
v -0.104322 0.011150 0.119590
v -0.104232 0.011149 0.119618
v -0.104406 0.011119 0.119560
v -0.104461 0.011065 0.119534
v -0.104472 0.011002 0.119521
v -0.104437 0.010947 0.119523
v -0.104365 0.010914 0.119540
v -0.104275 0.010913 0.119568
v -0.104191 0.010944 0.119598
v -0.104136 0.010998 0.119623
v -0.104125 0.011061 0.119637
v -0.104160 0.011116 0.119635
v -0.104645 0.010965 0.120644
v -0.104560 0.010964 0.120669
v -0.104724 0.010936 0.120615
v -0.104776 0.010885 0.120590
v -0.104786 0.010826 0.120577
v -0.104753 0.010774 0.120578
v -0.104684 0.010743 0.120593
v -0.104599 0.010743 0.120619
v -0.104520 0.010771 0.120648
v -0.104469 0.010822 0.120672
v -0.104458 0.010882 0.120686
v -0.104492 0.010934 0.120685
v -0.104964 0.010764 0.121720
v -0.104884 0.010764 0.121743
v -0.105039 0.010737 0.121694
v -0.105088 0.010689 0.121671
v -0.105098 0.010633 0.121659
v -0.105066 0.010584 0.121659
v -0.105001 0.010556 0.121672
v -0.104920 0.010555 0.121695
v -0.104846 0.010582 0.121722
v -0.104797 0.010630 0.121744
v -0.104787 0.010686 0.121757
v -0.104819 0.010735 0.121757
v -0.105266 0.010559 0.122814
v -0.105190 0.010558 0.122834
v -0.105336 0.010533 0.122791
v -0.105382 0.010487 0.122771
v -0.105392 0.010435 0.122760
v -0.105362 0.010389 0.122759
v -0.105300 0.010363 0.122771
v -0.105224 0.010362 0.122790
v -0.105154 0.010388 0.122813
v -0.105108 0.010434 0.122833
v -0.105099 0.010486 0.122845
v -0.105129 0.010532 0.122845
v -0.105535 0.010361 0.123919
v -0.105464 0.010361 0.123936
v -0.105602 0.010336 0.123901
v -0.105645 0.010294 0.123884
v -0.105654 0.010244 0.123874
v -0.105626 0.010202 0.123873
v -0.105568 0.010177 0.123882
v -0.105497 0.010177 0.123898
v -0.105430 0.010202 0.123917
v -0.105387 0.010245 0.123934
v -0.105378 0.010294 0.123944
v -0.105406 0.010337 0.123944
v -0.105759 0.010183 0.125030
v -0.105691 0.010184 0.125042
v -0.105821 0.010160 0.125016
v -0.105862 0.010120 0.125003
v -0.105871 0.010074 0.124995
v -0.105844 0.010034 0.124994
v -0.105790 0.010012 0.125000
v -0.105723 0.010012 0.125012
v -0.105661 0.010036 0.125026
v -0.105620 0.010076 0.125039
v -0.105611 0.010122 0.125047
v -0.105638 0.010161 0.125048
v -0.105922 0.010037 0.126139
v -0.105859 0.010038 0.126147
v -0.105980 0.010015 0.126130
v -0.106019 0.009977 0.126122
v -0.106027 0.009935 0.126116
v -0.106003 0.009898 0.126115
v -0.105952 0.009878 0.126119
v -0.105890 0.009879 0.126126
v -0.105832 0.009901 0.126135
v -0.105793 0.009938 0.126144
v -0.105785 0.009981 0.126149
v -0.105809 0.010017 0.126150
v -0.106011 0.009935 0.127242
v -0.105953 0.009936 0.127245
v -0.106065 0.009914 0.127238
v -0.106101 0.009879 0.127235
v -0.106108 0.009840 0.127232
v -0.106086 0.009806 0.127231
v -0.106040 0.009788 0.127232
v -0.105982 0.009789 0.127234
v -0.105928 0.009810 0.127238
v -0.105893 0.009845 0.127241
v -0.105885 0.009884 0.127244
v -0.105907 0.009917 0.127245
v -0.106012 0.009888 0.128332
v -0.105960 0.009890 0.128330
v -0.106061 0.009869 0.128334
v -0.106093 0.009838 0.128335
v -0.106100 0.009802 0.128335
v -0.106080 0.009771 0.128334
v -0.106038 0.009754 0.128332
v -0.105986 0.009756 0.128330
v -0.105937 0.009775 0.128328
v -0.105904 0.009807 0.128327
v -0.105897 0.009842 0.128326
v -0.105917 0.009873 0.128328
v -0.105911 0.009910 0.129403
v -0.105864 0.009911 0.129396
v -0.105954 0.009893 0.129411
v -0.105983 0.009865 0.129417
v -0.105989 0.009832 0.129420
v -0.105971 0.009805 0.129419
v -0.105933 0.009790 0.129414
v -0.105886 0.009791 0.129407
v -0.105843 0.009808 0.129400
v -0.105814 0.009836 0.129393
v -0.105808 0.009868 0.129390
v -0.105826 0.009896 0.129391
v -0.105693 0.010012 0.130450
v -0.105652 0.010013 0.130439
v -0.105731 0.009998 0.130462
v -0.105755 0.009973 0.130472
v -0.105760 0.009944 0.130478
v -0.105744 0.009920 0.130477
v -0.105711 0.009906 0.130470
v -0.105670 0.009906 0.130459
v -0.105632 0.009921 0.130447
v -0.105608 0.009946 0.130437
v -0.105603 0.009974 0.130431
v -0.105619 0.009999 0.130432
v -0.082651 0.012314 0.056803
v -0.082295 0.012143 0.057640
v -0.082089 0.012086 0.057542
v -0.082447 0.012257 0.056703
v -0.082868 0.012292 0.056892
v -0.082512 0.012121 0.057726
v -0.083038 0.012196 0.056946
v -0.082682 0.012026 0.057779
v -0.083116 0.012052 0.056950
v -0.082760 0.011883 0.057783
v -0.083081 0.011899 0.056904
v -0.082725 0.011730 0.057737
v -0.082942 0.011778 0.056819
v -0.082586 0.011609 0.057654
v -0.082737 0.011722 0.056719
v -0.082380 0.011552 0.057556
v -0.082521 0.011744 0.056630
v -0.082164 0.011574 0.057469
v -0.082351 0.011840 0.056576
v -0.081993 0.011670 0.057417
v -0.082273 0.011984 0.056572
v -0.081915 0.011813 0.057413
v -0.082308 0.012136 0.056618
v -0.081951 0.011965 0.057459
v -0.081893 0.011948 0.058608
v -0.081687 0.011890 0.058513
v -0.082110 0.011926 0.058693
v -0.082281 0.011831 0.058744
v -0.082359 0.011688 0.058747
v -0.082323 0.011536 0.058702
v -0.082184 0.011414 0.058621
v -0.081978 0.011357 0.058525
v -0.081761 0.011379 0.058440
v -0.081590 0.011474 0.058390
v -0.081512 0.011617 0.058386
v -0.081548 0.011769 0.058431
v -0.081459 0.011733 0.059683
v -0.081253 0.011675 0.059590
v -0.081677 0.011712 0.059765
v -0.081848 0.011617 0.059814
v -0.081926 0.011474 0.059817
v -0.081891 0.011322 0.059773
v -0.081751 0.011201 0.059693
v -0.081544 0.011143 0.059600
v -0.081327 0.011164 0.059518
v -0.081156 0.011259 0.059469
v -0.081078 0.011401 0.059466
v -0.081113 0.011554 0.059510
v -0.081009 0.011505 0.060837
v -0.080802 0.011447 0.060746
v -0.081228 0.011485 0.060917
v -0.081399 0.011391 0.060964
v -0.081477 0.011248 0.060966
v -0.081441 0.011096 0.060923
v -0.081301 0.010975 0.060845
v -0.081094 0.010917 0.060755
v -0.080875 0.010937 0.060675
v -0.080704 0.011032 0.060628
v -0.080626 0.011174 0.060626
v -0.080662 0.011326 0.060669
v -0.080556 0.011271 0.062044
v -0.080348 0.011213 0.061957
v -0.080775 0.011251 0.062121
v -0.080947 0.011158 0.062166
v -0.081025 0.011016 0.062167
v -0.080989 0.010864 0.062125
v -0.080848 0.010742 0.062050
v -0.080641 0.010684 0.061963
v -0.080421 0.010704 0.061886
v -0.080250 0.010797 0.061841
v -0.080171 0.010939 0.061839
v -0.080208 0.011091 0.061882
v -0.080115 0.011037 0.063278
v -0.079906 0.010978 0.063194
v -0.080335 0.011018 0.063351
v -0.080507 0.010925 0.063393
v -0.080586 0.010783 0.063394
v -0.080549 0.010631 0.063353
v -0.080408 0.010509 0.063281
v -0.080199 0.010450 0.063197
v -0.079979 0.010470 0.063124
v -0.079807 0.010563 0.063082
v -0.079728 0.010704 0.063081
v -0.079765 0.010856 0.063122
v -0.079700 0.010808 0.064512
v -0.079490 0.010748 0.064433
v -0.079921 0.010790 0.064580
v -0.080094 0.010698 0.064619
v -0.080173 0.010557 0.064619
v -0.080136 0.010405 0.064579
v -0.079993 0.010282 0.064511
v -0.079783 0.010222 0.064432
v -0.079562 0.010241 0.064364
v -0.079389 0.010333 0.064325
v -0.079311 0.010474 0.064325
v -0.079347 0.010626 0.064365
v -0.079325 0.010592 0.065720
v -0.079114 0.010531 0.065647
v -0.079548 0.010574 0.065782
v -0.079722 0.010483 0.065817
v -0.079801 0.010342 0.065816
v -0.079763 0.010190 0.065778
v -0.079619 0.010067 0.065714
v -0.079408 0.010006 0.065642
v -0.079186 0.010024 0.065579
v -0.079012 0.010115 0.065544
v -0.078933 0.010255 0.065546
v -0.078970 0.010408 0.065583
v -0.079005 0.010393 0.066875
v -0.078792 0.010331 0.066811
v -0.079229 0.010377 0.066930
v -0.079404 0.010287 0.066960
v -0.079484 0.010147 0.066956
v -0.079446 0.009995 0.066921
v -0.079301 0.009871 0.066864
v -0.079087 0.009809 0.066799
v -0.078863 0.009825 0.066745
v -0.078688 0.009915 0.066715
v -0.078609 0.010055 0.066718
v -0.078647 0.010207 0.066753
v -0.078754 0.010219 0.067952
v -0.078539 0.010155 0.067898
v -0.078980 0.010204 0.067995
v -0.079157 0.010116 0.068018
v -0.079236 0.009976 0.068012
v -0.079197 0.009824 0.067981
v -0.079051 0.009699 0.067932
v -0.078835 0.009635 0.067878
v -0.078609 0.009649 0.067834
v -0.078433 0.009738 0.067812
v -0.078353 0.009877 0.067818
v -0.078392 0.010030 0.067849
v -0.078586 0.010075 0.068923
v -0.078368 0.010009 0.068886
v -0.078815 0.010063 0.068950
v -0.078993 0.009976 0.068961
v -0.079073 0.009837 0.068952
v -0.079033 0.009684 0.068926
v -0.078885 0.009558 0.068890
v -0.078667 0.009491 0.068853
v -0.078438 0.009504 0.068825
v -0.078260 0.009591 0.068814
v -0.078180 0.009729 0.068823
v -0.078220 0.009882 0.068849
v -0.078516 0.009968 0.069758
v -0.078297 0.009900 0.069738
v -0.078746 0.009958 0.069770
v -0.078924 0.009872 0.069772
v -0.079004 0.009734 0.069762
v -0.078964 0.009580 0.069743
v -0.078814 0.009452 0.069720
v -0.078596 0.009384 0.069700
v -0.078366 0.009395 0.069688
v -0.078187 0.009480 0.069687
v -0.078108 0.009618 0.069697
v -0.078148 0.009772 0.069715
v -0.078473 0.009852 0.071058
v -0.078257 0.009784 0.071044
v -0.078700 0.009842 0.071068
v -0.078876 0.009758 0.071071
v -0.078955 0.009621 0.071066
v -0.078914 0.009469 0.071055
v -0.078766 0.009342 0.071041
v -0.078550 0.009274 0.071027
v -0.078323 0.009284 0.071017
v -0.078147 0.009368 0.071014
v -0.078068 0.009505 0.071019
v -0.078109 0.009658 0.071030
v -0.078404 0.009807 0.072300
v -0.078190 0.009740 0.072285
v -0.078627 0.009797 0.072315
v -0.078801 0.009713 0.072325
v -0.078878 0.009578 0.072329
v -0.078838 0.009427 0.072325
v -0.078691 0.009302 0.072314
v -0.078478 0.009235 0.072299
v -0.078255 0.009245 0.072284
v -0.078081 0.009329 0.072274
v -0.078004 0.009464 0.072270
v -0.078044 0.009614 0.072274
v -0.078311 0.009821 0.073494
v -0.078100 0.009755 0.073478
v -0.078531 0.009811 0.073514
v -0.078702 0.009728 0.073532
v -0.078778 0.009595 0.073543
v -0.078738 0.009446 0.073545
v -0.078593 0.009323 0.073537
v -0.078382 0.009257 0.073521
v -0.078162 0.009266 0.073501
v -0.077992 0.009349 0.073483
v -0.077916 0.009483 0.073472
v -0.077956 0.009631 0.073470
v -0.078199 0.009884 0.074649
v -0.077991 0.009819 0.074632
v -0.078415 0.009875 0.074673
v -0.078583 0.009794 0.074697
v -0.078657 0.009662 0.074715
v -0.078617 0.009516 0.074722
v -0.078474 0.009394 0.074716
v -0.078267 0.009329 0.074699
v -0.078050 0.009338 0.074675
v -0.077882 0.009420 0.074651
v -0.077808 0.009551 0.074633
v -0.077848 0.009697 0.074626
v -0.078069 0.009987 0.075773
v -0.077864 0.009922 0.075754
v -0.078283 0.009978 0.075800
v -0.078448 0.009898 0.075829
v -0.078520 0.009769 0.075852
v -0.078480 0.009625 0.075863
v -0.078339 0.009505 0.075858
v -0.078134 0.009441 0.075840
v -0.077921 0.009449 0.075813
v -0.077756 0.009529 0.075784
v -0.077683 0.009658 0.075761
v -0.077723 0.009802 0.075750
v -0.077926 0.010118 0.076872
v -0.077724 0.010055 0.076853
v -0.078136 0.010110 0.076902
v -0.078298 0.010032 0.076935
v -0.078369 0.009905 0.076961
v -0.078329 0.009763 0.076975
v -0.078190 0.009645 0.076971
v -0.077988 0.009581 0.076952
v -0.077778 0.009589 0.076922
v -0.077616 0.009667 0.076890
v -0.077545 0.009794 0.076863
v -0.077585 0.009936 0.076850
v -0.077771 0.010268 0.077956
v -0.077573 0.010205 0.077936
v -0.077978 0.010260 0.077987
v -0.078138 0.010184 0.078022
v -0.078208 0.010059 0.078050
v -0.078168 0.009919 0.078065
v -0.078031 0.009803 0.078062
v -0.077832 0.009740 0.078042
v -0.077625 0.009748 0.078010
v -0.077465 0.009824 0.077976
v -0.077396 0.009949 0.077947
v -0.077435 0.010088 0.077932
v -0.077610 0.010427 0.079030
v -0.077414 0.010364 0.079009
v -0.077813 0.010419 0.079062
v -0.077971 0.010343 0.079098
v -0.078039 0.010221 0.079127
v -0.078000 0.010083 0.079141
v -0.077865 0.009968 0.079138
v -0.077669 0.009906 0.079117
v -0.077465 0.009913 0.079085
v -0.077308 0.009989 0.079049
v -0.077239 0.010111 0.079020
v -0.077278 0.010249 0.079006
v -0.077443 0.010582 0.080103
v -0.077250 0.010521 0.080082
v -0.077644 0.010575 0.080135
v -0.077799 0.010501 0.080170
v -0.077867 0.010379 0.080198
v -0.077828 0.010244 0.080211
v -0.077695 0.010130 0.080207
v -0.077502 0.010068 0.080185
v -0.077301 0.010076 0.080153
v -0.077146 0.010150 0.080118
v -0.077079 0.010271 0.080091
v -0.077117 0.010407 0.080077
v -0.077275 0.010726 0.081182
v -0.077085 0.010665 0.081160
v -0.077473 0.010718 0.081213
v -0.077626 0.010645 0.081246
v -0.077693 0.010525 0.081271
v -0.077656 0.010391 0.081282
v -0.077525 0.010278 0.081276
v -0.077335 0.010218 0.081254
v -0.077137 0.010225 0.081223
v -0.076984 0.010299 0.081190
v -0.076917 0.010418 0.081165
v -0.076954 0.010553 0.081154
v -0.077109 0.010845 0.082274
v -0.076922 0.010785 0.082252
v -0.077304 0.010838 0.082304
v -0.077456 0.010765 0.082333
v -0.077522 0.010647 0.082355
v -0.077486 0.010514 0.082362
v -0.077357 0.010403 0.082354
v -0.077170 0.010343 0.082331
v -0.076974 0.010351 0.082302
v -0.076823 0.010424 0.082272
v -0.076757 0.010542 0.082251
v -0.076793 0.010674 0.082243
v -0.076950 0.010930 0.083376
v -0.076765 0.010871 0.083358
v -0.077142 0.010922 0.083403
v -0.077292 0.010851 0.083430
v -0.077357 0.010734 0.083450
v -0.077322 0.010603 0.083459
v -0.077194 0.010494 0.083453
v -0.077009 0.010436 0.083435
v -0.076816 0.010443 0.083408
v -0.076667 0.010515 0.083381
v -0.076602 0.010632 0.083360
v -0.076637 0.010762 0.083352
v -0.076821 0.011061 0.084438
v -0.076635 0.011004 0.084430
v -0.077015 0.011052 0.084459
v -0.077164 0.010981 0.084487
v -0.077229 0.010865 0.084514
v -0.077192 0.010736 0.084534
v -0.077063 0.010629 0.084540
v -0.076877 0.010572 0.084532
v -0.076683 0.010580 0.084511
v -0.076534 0.010652 0.084483
v -0.076469 0.010768 0.084456
v -0.076506 0.010896 0.084436
v -0.076741 0.011304 0.085457
v -0.076554 0.011250 0.085462
v -0.076936 0.011294 0.085471
v -0.077085 0.011222 0.085499
v -0.077149 0.011108 0.085535
v -0.077111 0.010983 0.085569
v -0.076981 0.010879 0.085591
v -0.076794 0.010825 0.085596
v -0.076599 0.010835 0.085582
v -0.076450 0.010906 0.085554
v -0.076386 0.011020 0.085518
v -0.076424 0.011146 0.085484
v -0.076709 0.011633 0.086457
v -0.076521 0.011582 0.086473
v -0.076903 0.011621 0.086463
v -0.077052 0.011549 0.086490
v -0.077116 0.011436 0.086531
v -0.077078 0.011314 0.086575
v -0.076948 0.011214 0.086610
v -0.076760 0.011164 0.086626
v -0.076566 0.011176 0.086620
v -0.076417 0.011248 0.086593
v -0.076353 0.011361 0.086552
v -0.076391 0.011483 0.086508
v -0.076725 0.012022 0.087448
v -0.076537 0.011976 0.087474
v -0.076919 0.012007 0.087446
v -0.077068 0.011934 0.087470
v -0.077132 0.011822 0.087513
v -0.077094 0.011703 0.087564
v -0.076963 0.011607 0.087608
v -0.076776 0.011560 0.087635
v -0.076582 0.011575 0.087636
v -0.076433 0.011649 0.087612
v -0.076369 0.011760 0.087569
v -0.076407 0.011880 0.087519
v -0.076789 0.012445 0.088442
v -0.076602 0.012402 0.088477
v -0.076983 0.012426 0.088433
v -0.077132 0.012351 0.088451
v -0.077195 0.012239 0.088493
v -0.077157 0.012120 0.088547
v -0.077027 0.012027 0.088598
v -0.076841 0.011984 0.088633
v -0.076647 0.012003 0.088642
v -0.076498 0.012078 0.088623
v -0.076434 0.012190 0.088582
v -0.076472 0.012309 0.088528
v -0.076903 0.012873 0.089450
v -0.076717 0.012833 0.089492
v -0.077096 0.012851 0.089433
v -0.077244 0.012773 0.089445
v -0.077307 0.012659 0.089483
v -0.077269 0.012540 0.089536
v -0.077140 0.012449 0.089591
v -0.076953 0.012409 0.089633
v -0.076761 0.012431 0.089650
v -0.076613 0.012509 0.089638
v -0.076549 0.012622 0.089600
v -0.076587 0.012741 0.089547
v -0.077067 0.013278 0.090484
v -0.076881 0.013239 0.090531
v -0.077258 0.013252 0.090459
v -0.077405 0.013171 0.090462
v -0.077467 0.013055 0.090493
v -0.077428 0.012935 0.090543
v -0.077299 0.012843 0.090599
v -0.077114 0.012805 0.090646
v -0.076922 0.012830 0.090671
v -0.076776 0.012912 0.090668
v -0.076713 0.013028 0.090637
v -0.076752 0.013148 0.090587
v -0.077281 0.013630 0.091555
v -0.077096 0.013594 0.091606
v -0.077471 0.013603 0.091521
v -0.077615 0.013518 0.091514
v -0.077676 0.013398 0.091535
v -0.077636 0.013276 0.091579
v -0.077506 0.013185 0.091633
v -0.077322 0.013148 0.091684
v -0.077132 0.013175 0.091718
v -0.076987 0.013260 0.091725
v -0.076927 0.013380 0.091704
v -0.076967 0.013502 0.091660
v -0.077546 0.013902 0.092673
v -0.077362 0.013866 0.092727
v -0.077734 0.013872 0.092631
v -0.077875 0.013785 0.092612
v -0.077933 0.013662 0.092621
v -0.077891 0.013538 0.092655
v -0.077760 0.013445 0.092706
v -0.077576 0.013409 0.092759
v -0.077388 0.013439 0.092801
v -0.077247 0.013527 0.092820
v -0.077189 0.013649 0.092811
v -0.077231 0.013773 0.092777
v -0.077861 0.014063 0.093850
v -0.077678 0.014027 0.093904
v -0.078047 0.014032 0.093800
v -0.078185 0.013943 0.093768
v -0.078239 0.013818 0.093762
v -0.078194 0.013693 0.093785
v -0.078062 0.013599 0.093829
v -0.077878 0.013563 0.093883
v -0.077692 0.013594 0.093933
v -0.077554 0.013683 0.093965
v -0.077500 0.013808 0.093971
v -0.077546 0.013933 0.093948
v -0.078227 0.014084 0.095094
v -0.078044 0.014048 0.095148
v -0.078411 0.014053 0.095037
v -0.078546 0.013963 0.094992
v -0.078595 0.013839 0.094971
v -0.078546 0.013713 0.094980
v -0.078411 0.013620 0.095016
v -0.078227 0.013583 0.095071
v -0.078044 0.013614 0.095128
v -0.077909 0.013704 0.095173
v -0.077860 0.013828 0.095194
v -0.077909 0.013954 0.095185
v -0.078642 0.013937 0.096411
v -0.078458 0.013901 0.096465
v -0.078824 0.013907 0.096348
v -0.078955 0.013818 0.096292
v -0.079000 0.013695 0.096258
v -0.078947 0.013571 0.096256
v -0.078810 0.013478 0.096285
v -0.078626 0.013442 0.096338
v -0.078445 0.013472 0.096402
v -0.078313 0.013561 0.096458
v -0.078268 0.013684 0.096491
v -0.078321 0.013808 0.096494
v -0.079041 0.013684 0.097632
v -0.078861 0.013649 0.097684
v -0.079218 0.013656 0.097567
v -0.079344 0.013570 0.097506
v -0.079386 0.013451 0.097465
v -0.079332 0.013330 0.097455
v -0.079197 0.013240 0.097479
v -0.079016 0.013205 0.097531
v -0.078840 0.013234 0.097596
v -0.078714 0.013320 0.097657
v -0.078672 0.013439 0.097698
v -0.078726 0.013559 0.097708
v -0.079409 0.013399 0.098726
v -0.079233 0.013365 0.098776
v -0.079581 0.013371 0.098660
v -0.079703 0.013289 0.098595
v -0.079742 0.013174 0.098550
v -0.079687 0.013057 0.098535
v -0.079554 0.012970 0.098556
v -0.079378 0.012935 0.098606
v -0.079206 0.012963 0.098673
v -0.079084 0.013046 0.098737
v -0.079045 0.013160 0.098783
v -0.079099 0.013277 0.098797
v -0.079752 0.013089 0.099723
v -0.079580 0.013055 0.099772
v -0.079920 0.013062 0.099656
v -0.080037 0.012983 0.099589
v -0.080074 0.012872 0.099540
v -0.080019 0.012759 0.099522
v -0.079888 0.012674 0.099540
v -0.079716 0.012641 0.099589
v -0.079548 0.012667 0.099656
v -0.079431 0.012746 0.099723
v -0.079394 0.012857 0.099772
v -0.079449 0.012970 0.099790
v -0.080078 0.012762 0.100649
v -0.079909 0.012729 0.100697
v -0.080241 0.012737 0.100582
v -0.080355 0.012660 0.100514
v -0.080390 0.012552 0.100464
v -0.080335 0.012443 0.100443
v -0.080207 0.012361 0.100459
v -0.080038 0.012328 0.100507
v -0.079875 0.012354 0.100574
v -0.079761 0.012430 0.100642
v -0.079727 0.012538 0.100693
v -0.079781 0.012647 0.100713
v -0.080393 0.012427 0.101532
v -0.080228 0.012395 0.101579
v -0.080552 0.012403 0.101466
v -0.080663 0.012329 0.101398
v -0.080696 0.012224 0.101347
v -0.080643 0.012118 0.101326
v -0.080517 0.012038 0.101341
v -0.080352 0.012006 0.101388
v -0.080193 0.012030 0.101454
v -0.080082 0.012105 0.101521
v -0.080049 0.012209 0.101573
v -0.080103 0.012315 0.101594
v -0.080704 0.012093 0.102398
v -0.080543 0.012062 0.102443
v -0.080859 0.012069 0.102333
v -0.080967 0.011997 0.102267
v -0.081000 0.011894 0.102217
v -0.080948 0.011791 0.102197
v -0.080825 0.011712 0.102212
v -0.080665 0.011681 0.102258
v -0.080509 0.011705 0.102323
v -0.080401 0.011778 0.102388
v -0.080368 0.011880 0.102438
v -0.080420 0.011984 0.102458
v -0.081017 0.011767 0.103274
v -0.080861 0.011736 0.103319
v -0.081169 0.011743 0.103212
v -0.081275 0.011672 0.103149
v -0.081308 0.011572 0.103102
v -0.081257 0.011470 0.103084
v -0.081138 0.011393 0.103100
v -0.080982 0.011362 0.103145
v -0.080830 0.011386 0.103207
v -0.080724 0.011457 0.103270
v -0.080692 0.011557 0.103317
v -0.080742 0.011660 0.103334
v -0.081341 0.011456 0.104188
v -0.081189 0.011426 0.104232
v -0.081489 0.011433 0.104129
v -0.081594 0.011362 0.104070
v -0.081627 0.011264 0.104028
v -0.081579 0.011163 0.104014
v -0.081463 0.011088 0.104031
v -0.081311 0.011058 0.104075
v -0.081163 0.011081 0.104135
v -0.081058 0.011152 0.104193
v -0.081025 0.011251 0.104235
v -0.081073 0.011351 0.104250
v -0.081682 0.011169 0.105169
v -0.081534 0.011140 0.105212
v -0.081827 0.011146 0.105113
v -0.081930 0.011076 0.105059
v -0.081964 0.010979 0.105023
v -0.081918 0.010880 0.105012
v -0.081807 0.010806 0.105032
v -0.081658 0.010776 0.105075
v -0.081513 0.010800 0.105131
v -0.081410 0.010869 0.105184
v -0.081377 0.010967 0.105221
v -0.081422 0.011066 0.105231
v -0.082048 0.010912 0.106244
v -0.081904 0.010884 0.106286
v -0.082190 0.010889 0.106191
v -0.082291 0.010820 0.106143
v -0.082325 0.010725 0.106112
v -0.082283 0.010627 0.106106
v -0.082175 0.010555 0.106128
v -0.082031 0.010526 0.106170
v -0.081889 0.010549 0.106223
v -0.081787 0.010618 0.106271
v -0.081753 0.010714 0.106302
v -0.081796 0.010811 0.106308
v -0.082445 0.010694 0.107441
v -0.082305 0.010666 0.107483
v -0.082584 0.010671 0.107392
v -0.082684 0.010604 0.107349
v -0.082719 0.010509 0.107323
v -0.082679 0.010414 0.107322
v -0.082575 0.010343 0.107346
v -0.082435 0.010315 0.107387
v -0.082296 0.010338 0.107436
v -0.082196 0.010405 0.107479
v -0.082161 0.010499 0.107505
v -0.082201 0.010595 0.107506
v -0.082882 0.010522 0.108789
v -0.082746 0.010495 0.108829
v -0.083018 0.010499 0.108744
v -0.083116 0.010433 0.108706
v -0.083151 0.010341 0.108686
v -0.083113 0.010248 0.108688
v -0.083013 0.010179 0.108712
v -0.082877 0.010152 0.108752
v -0.082741 0.010174 0.108797
v -0.082643 0.010240 0.108835
v -0.082607 0.010332 0.108855
v -0.082645 0.010425 0.108853
v -0.083235 0.010414 0.109950
v -0.083107 0.010389 0.109986
v -0.083363 0.010393 0.109912
v -0.083457 0.010331 0.109881
v -0.083491 0.010244 0.109865
v -0.083456 0.010157 0.109870
v -0.083362 0.010092 0.109892
v -0.083234 0.010067 0.109928
v -0.083105 0.010088 0.109966
v -0.083012 0.010150 0.109997
v -0.082978 0.010237 0.110013
v -0.083012 0.010324 0.110008
v -0.083549 0.010343 0.111104
v -0.083428 0.010320 0.111134
v -0.083670 0.010323 0.111072
v -0.083758 0.010265 0.111047
v -0.083791 0.010184 0.111036
v -0.083759 0.010102 0.111041
v -0.083670 0.010042 0.111061
v -0.083550 0.010018 0.111091
v -0.083429 0.010038 0.111123
v -0.083341 0.010097 0.111148
v -0.083308 0.010178 0.111159
v -0.083340 0.010259 0.111154
v -0.083827 0.010303 0.112257
v -0.083714 0.010282 0.112283
v -0.083940 0.010284 0.112232
v -0.084023 0.010230 0.112212
v -0.084054 0.010155 0.112204
v -0.084024 0.010079 0.112210
v -0.083942 0.010023 0.112228
v -0.083830 0.010001 0.112253
v -0.083717 0.010020 0.112279
v -0.083634 0.010074 0.112298
v -0.083603 0.010149 0.112306
v -0.083632 0.010225 0.112301
v -0.084074 0.010289 0.113419
v -0.083969 0.010269 0.113440
v -0.084178 0.010272 0.113398
v -0.084256 0.010222 0.113383
v -0.084285 0.010152 0.113378
v -0.084257 0.010082 0.113384
v -0.084182 0.010030 0.113400
v -0.084077 0.010010 0.113420
v -0.083972 0.010028 0.113441
v -0.083895 0.010078 0.113456
v -0.083866 0.010147 0.113461
v -0.083893 0.010217 0.113456
v -0.084293 0.010297 0.114598
v -0.084197 0.010278 0.114615
v -0.084389 0.010281 0.114581
v -0.084460 0.010235 0.114570
v -0.084487 0.010171 0.114567
v -0.084462 0.010107 0.114572
v -0.084393 0.010060 0.114586
v -0.084297 0.010041 0.114603
v -0.084200 0.010057 0.114619
v -0.084129 0.010103 0.114631
v -0.084102 0.010167 0.114634
v -0.084127 0.010231 0.114628
v -0.084488 0.010321 0.115801
v -0.084401 0.010304 0.115815
v -0.084576 0.010306 0.115788
v -0.084641 0.010265 0.115780
v -0.084666 0.010207 0.115778
v -0.084643 0.010149 0.115783
v -0.084580 0.010105 0.115794
v -0.084492 0.010089 0.115808
v -0.084404 0.010103 0.115821
v -0.084339 0.010145 0.115830
v -0.084315 0.010202 0.115832
v -0.084337 0.010261 0.115826
v -0.084664 0.010356 0.117038
v -0.084585 0.010341 0.117049
v -0.084744 0.010343 0.117028
v -0.084802 0.010306 0.117022
v -0.084824 0.010254 0.117021
v -0.084804 0.010202 0.117026
v -0.084747 0.010163 0.117035
v -0.084668 0.010148 0.117046
v -0.084589 0.010160 0.117056
v -0.084530 0.010198 0.117062
v -0.084508 0.010250 0.117063
v -0.084528 0.010302 0.117058
v -0.084825 0.010398 0.118317
v -0.084755 0.010385 0.118326
v -0.084895 0.010387 0.118309
v -0.084948 0.010354 0.118304
v -0.084967 0.010308 0.118304
v -0.084949 0.010261 0.118308
v -0.084898 0.010227 0.118315
v -0.084828 0.010213 0.118324
v -0.084758 0.010225 0.118332
v -0.084705 0.010258 0.118337
v -0.084686 0.010304 0.118337
v -0.084704 0.010350 0.118333
v -0.084974 0.010442 0.119646
v -0.084913 0.010431 0.119653
v -0.085036 0.010432 0.119639
v -0.085081 0.010404 0.119636
v -0.085099 0.010363 0.119635
v -0.085083 0.010322 0.119639
v -0.085038 0.010292 0.119645
v -0.084977 0.010281 0.119652
v -0.084915 0.010291 0.119658
v -0.084869 0.010319 0.119662
v -0.084852 0.010360 0.119662
v -0.084868 0.010400 0.119659
v -0.085116 0.010483 0.121033
v -0.085063 0.010473 0.121038
v -0.085169 0.010475 0.121028
v -0.085208 0.010450 0.121025
v -0.085223 0.010416 0.121025
v -0.085209 0.010381 0.121027
v -0.085171 0.010355 0.121032
v -0.085118 0.010345 0.121037
v -0.085065 0.010353 0.121042
v -0.085026 0.010378 0.121045
v -0.085011 0.010412 0.121045
v -0.085025 0.010447 0.121043
v -0.085254 0.010516 0.122487
v -0.085211 0.010508 0.122491
v -0.085298 0.010509 0.122483
v -0.085331 0.010489 0.122480
v -0.085343 0.010460 0.122480
v -0.085332 0.010431 0.122482
v -0.085300 0.010409 0.122485
v -0.085256 0.010401 0.122490
v -0.085212 0.010408 0.122493
v -0.085180 0.010429 0.122496
v -0.085167 0.010457 0.122496
v -0.085179 0.010486 0.122495
v -0.085394 0.010536 0.124016
v -0.085359 0.010529 0.124019
v -0.085429 0.010530 0.124013
v -0.085455 0.010514 0.124011
v -0.085464 0.010491 0.124010
v -0.085455 0.010468 0.124011
v -0.085430 0.010451 0.124014
v -0.085395 0.010444 0.124017
v -0.085360 0.010450 0.124020
v -0.085334 0.010466 0.124022
v -0.085324 0.010489 0.124023
v -0.085333 0.010512 0.124022
v -0.081685 0.011678 0.058996
v -0.081691 0.011675 0.060206
v -0.081526 0.011653 0.060212
v -0.081520 0.011656 0.058992
v -0.081848 0.011642 0.059000
v -0.081854 0.011641 0.060200
v -0.081965 0.011559 0.059003
v -0.081971 0.011558 0.060195
v -0.082004 0.011450 0.059005
v -0.082011 0.011449 0.060193
v -0.081956 0.011345 0.059004
v -0.081964 0.011344 0.060195
v -0.081833 0.011271 0.059001
v -0.081841 0.011270 0.060199
v -0.081667 0.011249 0.058997
v -0.081676 0.011247 0.060204
v -0.081505 0.011285 0.058992
v -0.081513 0.011282 0.060211
v -0.081388 0.011368 0.058989
v -0.081396 0.011364 0.060215
v -0.081348 0.011477 0.058988
v -0.081355 0.011473 0.060217
v -0.081397 0.011582 0.058989
v -0.081403 0.011579 0.060216
v -0.081769 0.011665 0.061391
v -0.081605 0.011641 0.061407
v -0.081931 0.011631 0.061376
v -0.082048 0.011549 0.061364
v -0.082089 0.011441 0.061359
v -0.082042 0.011335 0.061362
v -0.081920 0.011260 0.061373
v -0.081756 0.011236 0.061388
v -0.081593 0.011270 0.061404
v -0.081476 0.011352 0.061416
v -0.081435 0.011460 0.061421
v -0.081483 0.011566 0.061417
v -0.081911 0.011649 0.062560
v -0.081748 0.011624 0.062584
v -0.082073 0.011617 0.062536
v -0.082190 0.011535 0.062517
v -0.082230 0.011427 0.062510
v -0.082184 0.011321 0.062515
v -0.082063 0.011246 0.062532
v -0.081900 0.011221 0.062555
v -0.081738 0.011253 0.062580
v -0.081622 0.011335 0.062598
v -0.081581 0.011443 0.062606
v -0.081627 0.011549 0.062600
v -0.082110 0.011632 0.063720
v -0.081949 0.011606 0.063751
v -0.082271 0.011600 0.063689
v -0.082387 0.011520 0.063665
v -0.082428 0.011412 0.063655
v -0.082383 0.011305 0.063663
v -0.082264 0.011229 0.063685
v -0.082102 0.011203 0.063716
v -0.081941 0.011235 0.063748
v -0.081825 0.011315 0.063771
v -0.081784 0.011423 0.063781
v -0.081829 0.011530 0.063774
v -0.082360 0.011616 0.064882
v -0.082200 0.011589 0.064919
v -0.082519 0.011585 0.064844
v -0.082635 0.011505 0.064816
v -0.082677 0.011398 0.064805
v -0.082632 0.011291 0.064814
v -0.082514 0.011214 0.064841
v -0.082354 0.011187 0.064878
v -0.082194 0.011218 0.064915
v -0.082079 0.011297 0.064943
v -0.082037 0.011405 0.064954
v -0.082082 0.011512 0.064945
v -0.082652 0.011604 0.066052
v -0.082493 0.011576 0.066094
v -0.082811 0.011574 0.066010
v -0.082926 0.011495 0.065979
v -0.082968 0.011388 0.065967
v -0.082925 0.011281 0.065978
v -0.082808 0.011203 0.066008
v -0.082649 0.011175 0.066050
v -0.082490 0.011205 0.066092
v -0.082375 0.011284 0.066123
v -0.082333 0.011392 0.066135
v -0.082376 0.011498 0.066124
v -0.082980 0.011600 0.067241
v -0.082822 0.011571 0.067286
v -0.083138 0.011571 0.067196
v -0.083253 0.011493 0.067163
v -0.083295 0.011385 0.067151
v -0.083253 0.011278 0.067163
v -0.083138 0.011200 0.067196
v -0.082980 0.011171 0.067241
v -0.082822 0.011200 0.067286
v -0.082706 0.011278 0.067319
v -0.082664 0.011386 0.067331
v -0.082706 0.011493 0.067319
v -0.083336 0.011606 0.068456
v -0.083178 0.011577 0.068503
v -0.083493 0.011579 0.068409
v -0.083609 0.011501 0.068375
v -0.083652 0.011394 0.068364
v -0.083611 0.011286 0.068377
v -0.083496 0.011207 0.068412
v -0.083339 0.011178 0.068459
v -0.083181 0.011206 0.068506
v -0.083066 0.011283 0.068540
v -0.083023 0.011390 0.068551
v -0.083064 0.011498 0.068538
v -0.083713 0.011627 0.069706
v -0.083556 0.011596 0.069754
v -0.083870 0.011600 0.069659
v -0.083986 0.011523 0.069625
v -0.084030 0.011416 0.069615
v -0.083990 0.011308 0.069629
v -0.083876 0.011229 0.069665
v -0.083720 0.011198 0.069714
v -0.083562 0.011225 0.069761
v -0.083446 0.011302 0.069794
v -0.083402 0.011409 0.069805
v -0.083442 0.011517 0.069790
v -0.084103 0.011664 0.071000
v -0.083947 0.011633 0.071048
v -0.084261 0.011638 0.070954
v -0.084378 0.011562 0.070922
v -0.084423 0.011456 0.070912
v -0.084384 0.011348 0.070928
v -0.084271 0.011267 0.070964
v -0.084114 0.011236 0.071012
v -0.083956 0.011262 0.071059
v -0.083839 0.011338 0.071091
v -0.083794 0.011445 0.071101
v -0.083834 0.011553 0.071085
v -0.084501 0.011722 0.072347
v -0.084344 0.011690 0.072394
v -0.084660 0.011697 0.072303
v -0.084778 0.011621 0.072272
v -0.084824 0.011515 0.072264
v -0.084785 0.011407 0.072281
v -0.084672 0.011326 0.072317
v -0.084516 0.011294 0.072364
v -0.084357 0.011319 0.072409
v -0.084239 0.011395 0.072439
v -0.084193 0.011501 0.072447
v -0.084232 0.011609 0.072431
v -0.084898 0.011803 0.073756
v -0.084741 0.011770 0.073802
v -0.085057 0.011779 0.073713
v -0.085176 0.011704 0.073684
v -0.085223 0.011598 0.073678
v -0.085185 0.011490 0.073695
v -0.085073 0.011408 0.073731
v -0.084917 0.011375 0.073777
v -0.084757 0.011399 0.073820
v -0.084638 0.011474 0.073849
v -0.084591 0.011580 0.073856
v -0.084629 0.011688 0.073839
v -0.085168 0.011866 0.074725
v -0.085012 0.011833 0.074772
v -0.085327 0.011842 0.074682
v -0.085446 0.011767 0.074653
v -0.085493 0.011661 0.074647
v -0.085456 0.011553 0.074665
v -0.085344 0.011471 0.074703
v -0.085187 0.011438 0.074749
v -0.085028 0.011462 0.074793
v -0.084909 0.011537 0.074822
v -0.084862 0.011643 0.074828
v -0.084900 0.011751 0.074810
v -0.085422 0.011930 0.075596
v -0.085267 0.011897 0.075646
v -0.085581 0.011906 0.075550
v -0.085700 0.011831 0.075521
v -0.085747 0.011725 0.075516
v -0.085710 0.011618 0.075536
v -0.085599 0.011536 0.075577
v -0.085444 0.011503 0.075627
v -0.085285 0.011527 0.075672
v -0.085166 0.011602 0.075702
v -0.085119 0.011708 0.075707
v -0.085156 0.011816 0.075687
v -0.085681 0.012013 0.076422
v -0.085526 0.011980 0.076476
v -0.085838 0.011988 0.076374
v -0.085957 0.011913 0.076344
v -0.086005 0.011808 0.076341
v -0.085969 0.011700 0.076365
v -0.085860 0.011619 0.076411
v -0.085706 0.011587 0.076465
v -0.085548 0.011611 0.076513
v -0.085429 0.011686 0.076542
v -0.085381 0.011792 0.076545
v -0.085417 0.011899 0.076521
v -0.085963 0.012129 0.077258
v -0.085810 0.012097 0.077317
v -0.086119 0.012104 0.077208
v -0.086238 0.012029 0.077178
v -0.086287 0.011924 0.077178
v -0.086253 0.011817 0.077207
v -0.086146 0.011737 0.077258
v -0.085993 0.011705 0.077317
v -0.085836 0.011730 0.077367
v -0.085717 0.011805 0.077397
v -0.085668 0.011910 0.077397
v -0.085702 0.012017 0.077368
v -0.086289 0.012296 0.078162
v -0.086138 0.012265 0.078225
v -0.086445 0.012271 0.078109
v -0.086564 0.012196 0.078081
v -0.086614 0.012092 0.078084
v -0.086582 0.011986 0.078118
v -0.086476 0.011907 0.078173
v -0.086325 0.011875 0.078236
v -0.086169 0.011901 0.078288
v -0.086049 0.011976 0.078317
v -0.085999 0.012080 0.078314
v -0.086032 0.012186 0.078280
v -0.086680 0.012531 0.079188
v -0.086530 0.012500 0.079254
v -0.086835 0.012505 0.079134
v -0.086955 0.012430 0.079106
v -0.087006 0.012327 0.079112
v -0.086975 0.012222 0.079150
v -0.086871 0.012143 0.079210
v -0.086720 0.012113 0.079275
v -0.086565 0.012138 0.079329
v -0.086446 0.012213 0.079357
v -0.086394 0.012317 0.079352
v -0.086425 0.012422 0.079314
v -0.087155 0.012849 0.080392
v -0.087006 0.012819 0.080460
v -0.087310 0.012823 0.080338
v -0.087430 0.012748 0.080310
v -0.087482 0.012645 0.080318
v -0.087452 0.012541 0.080359
v -0.087349 0.012463 0.080422
v -0.087200 0.012434 0.080490
v -0.087045 0.012459 0.080545
v -0.086925 0.012534 0.080572
v -0.086873 0.012637 0.080564
v -0.086902 0.012741 0.080523
v -0.087735 0.013267 0.081829
v -0.087586 0.013238 0.081898
v -0.087890 0.013241 0.081773
v -0.088010 0.013167 0.081747
v -0.088062 0.013064 0.081757
v -0.088034 0.012961 0.081799
v -0.087931 0.012884 0.081864
v -0.087783 0.012854 0.081933
v -0.087627 0.012880 0.081989
v -0.087507 0.012954 0.082015
v -0.087455 0.013057 0.082006
v -0.087484 0.013161 0.081963
v -0.088439 0.013802 0.083551
v -0.088290 0.013773 0.083621
v -0.088594 0.013776 0.083496
v -0.088714 0.013702 0.083470
v -0.088767 0.013600 0.083481
v -0.088739 0.013497 0.083525
v -0.088637 0.013420 0.083591
v -0.088489 0.013391 0.083661
v -0.088334 0.013417 0.083717
v -0.088213 0.013491 0.083742
v -0.088160 0.013593 0.083732
v -0.088188 0.013696 0.083687
v -0.089286 0.014470 0.085615
v -0.089138 0.014441 0.085685
v -0.089442 0.014444 0.085559
v -0.089562 0.014370 0.085534
v -0.089615 0.014268 0.085546
v -0.089588 0.014165 0.085591
v -0.089486 0.014089 0.085658
v -0.089338 0.014060 0.085728
v -0.089183 0.014086 0.085783
v -0.089062 0.014160 0.085809
v -0.089009 0.014262 0.085797
v -0.089037 0.014365 0.085752
v -0.090298 0.015287 0.088073
v -0.090150 0.015258 0.088144
v -0.090453 0.015261 0.088018
v -0.090574 0.015188 0.087993
v -0.090627 0.015086 0.088005
v -0.090600 0.014983 0.088051
v -0.090498 0.014907 0.088118
v -0.090350 0.014878 0.088189
v -0.090195 0.014904 0.088244
v -0.090075 0.014977 0.088269
v -0.090021 0.015079 0.088257
v -0.090048 0.015182 0.088211
v -0.091494 0.016271 0.090984
v -0.091345 0.016242 0.091053
v -0.091649 0.016245 0.090929
v -0.091770 0.016171 0.090904
v -0.091823 0.016069 0.090916
v -0.091795 0.015966 0.090960
v -0.091693 0.015889 0.091026
v -0.091545 0.015860 0.091096
v -0.091389 0.015886 0.091150
v -0.091269 0.015960 0.091175
v -0.091215 0.016062 0.091164
v -0.091243 0.016165 0.091119
v -0.092159 0.016782 0.092660
v -0.092009 0.016752 0.092725
v -0.092315 0.016757 0.092607
v -0.092435 0.016683 0.092581
v -0.092487 0.016580 0.092588
v -0.092457 0.016475 0.092628
v -0.092353 0.016397 0.092689
v -0.092203 0.016366 0.092754
v -0.092047 0.016391 0.092807
v -0.091927 0.016466 0.092833
v -0.091875 0.016569 0.092826
v -0.091905 0.016673 0.092786
v -0.092757 0.017159 0.094280
v -0.092605 0.017128 0.094340
v -0.092914 0.017135 0.094229
v -0.093033 0.017060 0.094201
v -0.093084 0.016956 0.094204
v -0.093051 0.016849 0.094236
v -0.092944 0.016770 0.094289
v -0.092792 0.016738 0.094350
v -0.092635 0.016762 0.094401
v -0.092516 0.016837 0.094429
v -0.092466 0.016941 0.094426
v -0.092498 0.017048 0.094394
v -0.093293 0.017405 0.095845
v -0.093139 0.017373 0.095900
v -0.093451 0.017381 0.095796
v -0.093569 0.017306 0.095766
v -0.093617 0.017201 0.095763
v -0.093582 0.017093 0.095787
v -0.093472 0.017012 0.095832
v -0.093318 0.016979 0.095887
v -0.093161 0.017004 0.095936
v -0.093042 0.017079 0.095966
v -0.092994 0.017184 0.095970
v -0.093030 0.017292 0.095945
v -0.093771 0.017523 0.097357
v -0.093615 0.017490 0.097406
v -0.093929 0.017499 0.097310
v -0.094047 0.017424 0.097277
v -0.094093 0.017318 0.097267
v -0.094054 0.017209 0.097283
v -0.093942 0.017128 0.097320
v -0.093786 0.017095 0.097368
v -0.093628 0.017119 0.097415
v -0.093510 0.017194 0.097448
v -0.093465 0.017300 0.097458
v -0.093503 0.017408 0.097443
v -0.094195 0.017516 0.098819
v -0.094037 0.017483 0.098861
v -0.094354 0.017492 0.098773
v -0.094470 0.017417 0.098737
v -0.094514 0.017311 0.098720
v -0.094473 0.017202 0.098726
v -0.094359 0.017121 0.098754
v -0.094201 0.017088 0.098796
v -0.094042 0.017112 0.098842
v -0.093925 0.017187 0.098878
v -0.093882 0.017293 0.098895
v -0.093923 0.017401 0.098889
v -0.094570 0.017387 0.100231
v -0.094411 0.017355 0.100267
v -0.094729 0.017363 0.100187
v -0.094845 0.017288 0.100148
v -0.094887 0.017183 0.100123
v -0.094844 0.017076 0.100119
v -0.094726 0.016995 0.100138
v -0.094567 0.016962 0.100174
v -0.094408 0.016987 0.100218
v -0.094292 0.017062 0.100258
v -0.094250 0.017167 0.100282
v -0.094294 0.017274 0.100286
v -0.094901 0.017141 0.101597
v -0.094740 0.017110 0.101627
v -0.095061 0.017116 0.101554
v -0.095176 0.017042 0.101511
v -0.095215 0.016939 0.101478
v -0.095170 0.016833 0.101465
v -0.095050 0.016754 0.101475
v -0.094889 0.016722 0.101505
v -0.094730 0.016747 0.101547
v -0.094615 0.016821 0.101590
v -0.094575 0.016925 0.101623
v -0.094621 0.017030 0.101637
v -0.095192 0.016780 0.102917
v -0.095030 0.016750 0.102942
v -0.095352 0.016755 0.102876
v -0.095466 0.016682 0.102828
v -0.095504 0.016581 0.102788
v -0.095456 0.016478 0.102765
v -0.095335 0.016401 0.102766
v -0.095173 0.016371 0.102791
v -0.095013 0.016396 0.102832
v -0.094899 0.016469 0.102879
v -0.094861 0.016571 0.102920
v -0.094909 0.016674 0.102943
v -0.095449 0.016309 0.104195
v -0.095285 0.016281 0.104215
v -0.095608 0.016284 0.104154
v -0.095721 0.016212 0.104103
v -0.095758 0.016114 0.104054
v -0.095708 0.016014 0.104022
v -0.095585 0.015940 0.104015
v -0.095422 0.015912 0.104035
v -0.095263 0.015937 0.104076
v -0.095149 0.016009 0.104127
v -0.095113 0.016108 0.104176
v -0.095162 0.016207 0.104208
v -0.095674 0.015731 0.105432
v -0.095510 0.015705 0.105447
v -0.095834 0.015706 0.105391
v -0.095946 0.015637 0.105336
v -0.095982 0.015541 0.105280
v -0.095930 0.015445 0.105240
v -0.095806 0.015375 0.105225
v -0.095642 0.015349 0.105240
v -0.095482 0.015374 0.105281
v -0.095370 0.015444 0.105337
v -0.095335 0.015539 0.105392
v -0.095386 0.015635 0.105433
v -0.095874 0.015051 0.106630
v -0.095710 0.015027 0.106642
v -0.096034 0.015026 0.106589
v -0.096146 0.014958 0.106529
v -0.096180 0.014867 0.106467
v -0.096127 0.014775 0.106419
v -0.096002 0.014709 0.106398
v -0.095837 0.014685 0.106410
v -0.095678 0.014710 0.106451
v -0.095566 0.014777 0.106510
v -0.095532 0.014869 0.106572
v -0.095584 0.014960 0.106620
v -0.096052 0.014278 0.107782
v -0.095887 0.014254 0.107792
v -0.096211 0.014253 0.107741
v -0.096323 0.014186 0.107681
v -0.096357 0.014095 0.107617
v -0.096304 0.014005 0.107567
v -0.096179 0.013939 0.107545
v -0.096014 0.013916 0.107555
v -0.095854 0.013941 0.107596
v -0.095742 0.014008 0.107656
v -0.095708 0.014099 0.107720
v -0.095761 0.014189 0.107770
v -0.096163 0.013828 0.108499
v -0.096004 0.013804 0.108512
v -0.096318 0.013803 0.108460
v -0.096427 0.013735 0.108407
v -0.096461 0.013643 0.108353
v -0.096411 0.013551 0.108313
v -0.096290 0.013484 0.108297
v -0.096131 0.013459 0.108310
v -0.095976 0.013485 0.108348
v -0.095867 0.013552 0.108401
v -0.095833 0.013645 0.108455
v -0.095883 0.013737 0.108496
v -0.096292 0.013479 0.109271
v -0.096139 0.013454 0.109288
v -0.096442 0.013454 0.109236
v -0.096549 0.013385 0.109191
v -0.096584 0.013291 0.109150
v -0.096537 0.013197 0.109123
v -0.096422 0.013128 0.109117
v -0.096269 0.013102 0.109134
v -0.096118 0.013127 0.109169
v -0.096012 0.013196 0.109213
v -0.095977 0.013290 0.109255
v -0.096023 0.013385 0.109282
v -0.096441 0.013213 0.110102
v -0.096293 0.013187 0.110123
v -0.096586 0.013189 0.110069
v -0.096690 0.013120 0.110032
v -0.096726 0.013026 0.110001
v -0.096682 0.012932 0.109984
v -0.096572 0.012863 0.109986
v -0.096425 0.012837 0.110007
v -0.096280 0.012861 0.110040
v -0.096175 0.012930 0.110077
v -0.096140 0.013024 0.110108
v -0.096183 0.013118 0.110125
v -0.096609 0.013018 0.110984
v -0.096467 0.012993 0.111007
v -0.096750 0.012995 0.110952
v -0.096851 0.012928 0.110920
v -0.096886 0.012836 0.110897
v -0.096846 0.012743 0.110889
v -0.096741 0.012674 0.110897
v -0.096600 0.012648 0.110921
v -0.096459 0.012672 0.110953
v -0.096358 0.012739 0.110984
v -0.096322 0.012831 0.111008
v -0.096362 0.012924 0.111016
v -0.096797 0.012883 0.111907
v -0.096661 0.012858 0.111933
v -0.096932 0.012860 0.111876
v -0.097031 0.012795 0.111848
v -0.097066 0.012706 0.111831
v -0.097028 0.012615 0.111829
v -0.096928 0.012548 0.111842
v -0.096792 0.012523 0.111868
v -0.096657 0.012546 0.111899
v -0.096558 0.012611 0.111927
v -0.096523 0.012701 0.111944
v -0.096561 0.012791 0.111947
v -0.097004 0.012795 0.112863
v -0.096874 0.012771 0.112891
v -0.097135 0.012773 0.112833
v -0.097230 0.012710 0.112807
v -0.097264 0.012624 0.112794
v -0.097229 0.012536 0.112796
v -0.097133 0.012472 0.112813
v -0.097003 0.012447 0.112840
v -0.096873 0.012469 0.112871
v -0.096778 0.012532 0.112896
v -0.096743 0.012618 0.112910
v -0.096778 0.012706 0.112908
v -0.097231 0.012742 0.113843
v -0.097106 0.012718 0.113872
v -0.097356 0.012721 0.113812
v -0.097447 0.012661 0.113788
v -0.097481 0.012577 0.113777
v -0.097448 0.012493 0.113782
v -0.097356 0.012431 0.113801
v -0.097232 0.012407 0.113830
v -0.097107 0.012428 0.113861
v -0.097015 0.012488 0.113885
v -0.096981 0.012571 0.113896
v -0.097015 0.012656 0.113891
v -0.097476 0.012711 0.114837
v -0.097357 0.012688 0.114867
v -0.097595 0.012691 0.114806
v -0.097683 0.012633 0.114782
v -0.097716 0.012553 0.114772
v -0.097684 0.012472 0.114779
v -0.097597 0.012412 0.114800
v -0.097478 0.012389 0.114830
v -0.097358 0.012409 0.114861
v -0.097270 0.012467 0.114884
v -0.097238 0.012547 0.114894
v -0.097269 0.012628 0.114888
v -0.097740 0.012689 0.115837
v -0.097626 0.012667 0.115868
v -0.097854 0.012670 0.115805
v -0.097938 0.012614 0.115781
v -0.097969 0.012538 0.115772
v -0.097939 0.012460 0.115779
v -0.097856 0.012403 0.115800
v -0.097742 0.012380 0.115831
v -0.097628 0.012400 0.115863
v -0.097544 0.012455 0.115886
v -0.097513 0.012532 0.115896
v -0.097543 0.012610 0.115889
v -0.098022 0.012664 0.116834
v -0.097914 0.012643 0.116866
v -0.098131 0.012645 0.116802
v -0.098210 0.012592 0.116777
v -0.098240 0.012519 0.116766
v -0.098211 0.012445 0.116773
v -0.098132 0.012390 0.116795
v -0.098023 0.012368 0.116826
v -0.097915 0.012387 0.116858
v -0.097835 0.012440 0.116883
v -0.097806 0.012513 0.116894
v -0.097834 0.012588 0.116887
v -0.098323 0.012622 0.117820
v -0.098220 0.012601 0.117852
v -0.098426 0.012604 0.117787
v -0.098501 0.012554 0.117760
v -0.098528 0.012484 0.117748
v -0.098501 0.012413 0.117753
v -0.098425 0.012360 0.117774
v -0.098322 0.012340 0.117806
v -0.098219 0.012357 0.117840
v -0.098144 0.012408 0.117866
v -0.098117 0.012478 0.117878
v -0.098144 0.012549 0.117873
v -0.098642 0.012550 0.118787
v -0.098544 0.012530 0.118818
v -0.098739 0.012533 0.118754
v -0.098810 0.012485 0.118726
v -0.098835 0.012419 0.118711
v -0.098808 0.012352 0.118713
v -0.098736 0.012301 0.118732
v -0.098638 0.012282 0.118763
v -0.098540 0.012299 0.118796
v -0.098469 0.012347 0.118824
v -0.098444 0.012413 0.118839
v -0.098472 0.012480 0.118837
v -0.098798 0.012485 0.119264
v -0.098703 0.012466 0.119291
v -0.098893 0.012469 0.119232
v -0.098960 0.012422 0.119204
v -0.098984 0.012359 0.119186
v -0.098956 0.012294 0.119184
v -0.098885 0.012246 0.119199
v -0.098789 0.012228 0.119225
v -0.098695 0.012244 0.119257
v -0.098627 0.012290 0.119286
v -0.098604 0.012354 0.119304
v -0.098631 0.012418 0.119306
v -0.098937 0.012387 0.119733
v -0.098844 0.012370 0.119755
v -0.099028 0.012371 0.119704
v -0.099094 0.012327 0.119675
v -0.099115 0.012266 0.119655
v -0.099087 0.012205 0.119649
v -0.099017 0.012159 0.119658
v -0.098924 0.012142 0.119680
v -0.098832 0.012158 0.119710
v -0.098767 0.012202 0.119738
v -0.098746 0.012263 0.119759
v -0.098774 0.012325 0.119765
v -0.099060 0.012262 0.120194
v -0.098969 0.012246 0.120212
v -0.099149 0.012246 0.120167
v -0.099211 0.012204 0.120138
v -0.099231 0.012146 0.120117
v -0.099203 0.012088 0.120107
v -0.099135 0.012045 0.120112
v -0.099044 0.012029 0.120131
v -0.098956 0.012045 0.120158
v -0.098893 0.012087 0.120186
v -0.098873 0.012146 0.120208
v -0.098901 0.012204 0.120218
v -0.099170 0.012115 0.120648
v -0.099082 0.012101 0.120664
v -0.099256 0.012100 0.120623
v -0.099316 0.012059 0.120596
v -0.099335 0.012004 0.120573
v -0.099307 0.011949 0.120561
v -0.099240 0.011908 0.120563
v -0.099153 0.011894 0.120578
v -0.099067 0.011909 0.120603
v -0.099007 0.011950 0.120631
v -0.098988 0.012006 0.120654
v -0.099016 0.012061 0.120666
v -0.099269 0.011952 0.121098
v -0.099184 0.011939 0.121111
v -0.099351 0.011937 0.121075
v -0.099409 0.011898 0.121048
v -0.099427 0.011845 0.121025
v -0.099400 0.011793 0.121011
v -0.099336 0.011755 0.121011
v -0.099251 0.011742 0.121024
v -0.099168 0.011757 0.121047
v -0.099111 0.011796 0.121074
v -0.099093 0.011849 0.121097
v -0.099120 0.011901 0.121110
v -0.099359 0.011777 0.121544
v -0.099278 0.011765 0.121555
v -0.099439 0.011762 0.121523
v -0.099494 0.011724 0.121497
v -0.099511 0.011674 0.121474
v -0.099485 0.011624 0.121460
v -0.099423 0.011588 0.121459
v -0.099341 0.011576 0.121470
v -0.099262 0.011591 0.121491
v -0.099206 0.011629 0.121517
v -0.099190 0.011679 0.121540
v -0.099216 0.011729 0.121554
v -0.099444 0.011595 0.121989
v -0.099365 0.011583 0.121999
v -0.099520 0.011580 0.121970
v -0.099573 0.011544 0.121946
v -0.099589 0.011496 0.121923
v -0.099564 0.011449 0.121909
v -0.099504 0.011415 0.121907
v -0.099426 0.011404 0.121917
v -0.099350 0.011418 0.121936
v -0.099297 0.011454 0.121960
v -0.099280 0.011502 0.121983
v -0.099306 0.011550 0.121997
v -0.099524 0.011411 0.122435
v -0.099449 0.011401 0.122444
v -0.099596 0.011397 0.122417
v -0.099647 0.011363 0.122394
v -0.099663 0.011317 0.122373
v -0.099639 0.011271 0.122359
v -0.099582 0.011239 0.122357
v -0.099507 0.011229 0.122366
v -0.099434 0.011242 0.122384
v -0.099383 0.011277 0.122407
v -0.099368 0.011323 0.122428
v -0.099392 0.011369 0.122442
v -0.099602 0.011231 0.122883
v -0.099531 0.011221 0.122892
v -0.099671 0.011218 0.122866
v -0.099720 0.011184 0.122845
v -0.099735 0.011140 0.122825
v -0.099712 0.011097 0.122813
v -0.099658 0.011066 0.122811
v -0.099586 0.011056 0.122819
v -0.099517 0.011069 0.122836
v -0.099468 0.011103 0.122858
v -0.099453 0.011147 0.122877
v -0.099476 0.011190 0.122890
v -0.099681 0.011059 0.123335
v -0.099613 0.011049 0.123343
v -0.099747 0.011046 0.123319
v -0.099793 0.011014 0.123299
v -0.099807 0.010972 0.123282
v -0.099786 0.010930 0.123271
v -0.099734 0.010900 0.123269
v -0.099666 0.010891 0.123278
v -0.099600 0.010904 0.123294
v -0.099554 0.010936 0.123314
v -0.099540 0.010978 0.123331
v -0.099561 0.011020 0.123342
v -0.099762 0.010900 0.123792
v -0.099698 0.010890 0.123801
v -0.099825 0.010888 0.123777
v -0.099869 0.010857 0.123759
v -0.099883 0.010816 0.123744
v -0.099863 0.010777 0.123735
v -0.099814 0.010748 0.123735
v -0.099749 0.010739 0.123743
v -0.099687 0.010751 0.123759
v -0.099643 0.010781 0.123776
v -0.099629 0.010822 0.123792
v -0.099649 0.010862 0.123801
v -0.099848 0.010759 0.124257
v -0.099788 0.010750 0.124266
v -0.099908 0.010747 0.124242
v -0.099950 0.010718 0.124226
v -0.099963 0.010679 0.124213
v -0.099944 0.010641 0.124207
v -0.099898 0.010613 0.124208
v -0.099838 0.010604 0.124217
v -0.099778 0.010616 0.124232
v -0.099736 0.010645 0.124248
v -0.099723 0.010684 0.124261
v -0.099742 0.010722 0.124267
v -0.099942 0.010639 0.124730
v -0.099885 0.010630 0.124740
v -0.099998 0.010628 0.124716
v -0.100038 0.010601 0.124702
v -0.100050 0.010564 0.124691
v -0.100033 0.010527 0.124687
v -0.099990 0.010501 0.124690
v -0.099933 0.010492 0.124700
v -0.099877 0.010503 0.124714
v -0.099837 0.010530 0.124728
v -0.099825 0.010567 0.124739
v -0.099842 0.010604 0.124743
v -0.100046 0.010541 0.125212
v -0.099992 0.010532 0.125222
v -0.100098 0.010531 0.125198
v -0.100135 0.010505 0.125185
v -0.100148 0.010470 0.125176
v -0.100132 0.010435 0.125174
v -0.100092 0.010410 0.125179
v -0.100039 0.010401 0.125189
v -0.099986 0.010411 0.125203
v -0.099949 0.010437 0.125216
v -0.099936 0.010473 0.125225
v -0.099952 0.010507 0.125227
v -0.100162 0.010463 0.125701
v -0.100112 0.010455 0.125712
v -0.100211 0.010454 0.125687
v -0.100246 0.010429 0.125675
v -0.100258 0.010396 0.125668
v -0.100243 0.010363 0.125667
v -0.100206 0.010340 0.125673
v -0.100157 0.010331 0.125685
v -0.100108 0.010341 0.125698
v -0.100073 0.010365 0.125710
v -0.100061 0.010398 0.125718
v -0.100075 0.010431 0.125718
v -0.100294 0.010404 0.126195
v -0.100248 0.010396 0.126207
v -0.100339 0.010395 0.126181
v -0.100372 0.010372 0.126170
v -0.100383 0.010342 0.126164
v -0.100370 0.010311 0.126165
v -0.100336 0.010288 0.126172
v -0.100290 0.010281 0.126185
v -0.100245 0.010289 0.126198
v -0.100212 0.010312 0.126210
v -0.100201 0.010343 0.126216
v -0.100214 0.010373 0.126215
v -0.100444 0.010362 0.126693
v -0.100402 0.010354 0.126706
v -0.100486 0.010354 0.126680
v -0.100516 0.010333 0.126669
v -0.100527 0.010304 0.126664
v -0.100515 0.010276 0.126666
v -0.100484 0.010255 0.126674
v -0.100442 0.010248 0.126688
v -0.100400 0.010255 0.126701
v -0.100370 0.010276 0.126712
v -0.100360 0.010305 0.126717
v -0.100372 0.010334 0.126715
v -0.100616 0.010337 0.127194
v -0.100578 0.010330 0.127208
v -0.100654 0.010330 0.127180
v -0.100681 0.010310 0.127170
v -0.100691 0.010284 0.127165
v -0.100681 0.010257 0.127168
v -0.100653 0.010238 0.127178
v -0.100615 0.010231 0.127192
v -0.100577 0.010238 0.127206
v -0.100549 0.010258 0.127216
v -0.100540 0.010284 0.127221
v -0.100550 0.010311 0.127218
v -0.100811 0.010327 0.127696
v -0.100777 0.010320 0.127710
v -0.100845 0.010320 0.127682
v -0.100870 0.010302 0.127672
v -0.100879 0.010278 0.127668
v -0.100870 0.010254 0.127672
v -0.100845 0.010237 0.127682
v -0.100811 0.010230 0.127696
v -0.100777 0.010237 0.127711
v -0.100752 0.010254 0.127721
v -0.100743 0.010278 0.127725
v -0.100753 0.010303 0.127721
v -0.101034 0.010330 0.128197
v -0.101004 0.010324 0.128212
v -0.101064 0.010324 0.128183
v -0.101086 0.010308 0.128173
v -0.101094 0.010286 0.128170
v -0.101087 0.010265 0.128174
v -0.101065 0.010249 0.128185
v -0.101035 0.010243 0.128200
v -0.101004 0.010249 0.128214
v -0.100982 0.010265 0.128224
v -0.100974 0.010287 0.128227
v -0.100982 0.010309 0.128223
v -0.101286 0.010346 0.128697
v -0.101259 0.010341 0.128711
v -0.101312 0.010341 0.128683
v -0.101332 0.010327 0.128673
v -0.101339 0.010307 0.128670
v -0.101332 0.010288 0.128675
v -0.101313 0.010273 0.128686
v -0.101287 0.010268 0.128700
v -0.101261 0.010274 0.128714
v -0.101241 0.010288 0.128724
v -0.101234 0.010308 0.128727
v -0.101240 0.010327 0.128722
v -0.101570 0.010374 0.129193
v -0.101547 0.010369 0.129207
v -0.101592 0.010369 0.129179
v -0.101609 0.010356 0.129170
v -0.101616 0.010339 0.129167
v -0.101610 0.010322 0.129172
v -0.101594 0.010310 0.129183
v -0.101572 0.010305 0.129197
v -0.101549 0.010310 0.129210
v -0.101532 0.010323 0.129220
v -0.101525 0.010340 0.129222
v -0.101531 0.010357 0.129218
v -0.101889 0.010412 0.129684
v -0.101870 0.010408 0.129697
v -0.101908 0.010407 0.129671
v -0.101922 0.010396 0.129662
v -0.101928 0.010381 0.129660
v -0.101923 0.010366 0.129664
v -0.101910 0.010356 0.129674
v -0.101891 0.010352 0.129688
v -0.101872 0.010356 0.129701
v -0.101858 0.010367 0.129709
v -0.101852 0.010382 0.129712
v -0.101857 0.010397 0.129707
v -0.102246 0.010458 0.130168
v -0.102231 0.010455 0.130180
v -0.102261 0.010454 0.130156
v -0.102273 0.010445 0.130148
v -0.102278 0.010432 0.130146
v -0.102274 0.010419 0.130150
v -0.102263 0.010410 0.130160
v -0.102248 0.010407 0.130172
v -0.102233 0.010411 0.130184
v -0.102221 0.010421 0.130192
v -0.102216 0.010433 0.130194
v -0.102220 0.010446 0.130190
v -0.063509 0.012987 0.069997
v -0.063702 0.012708 0.071406
v -0.063468 0.012668 0.071430
v -0.063272 0.012946 0.070022
v -0.063744 0.012946 0.069956
v -0.063934 0.012668 0.071367
v -0.063914 0.012835 0.069910
v -0.064102 0.012557 0.071323
v -0.063974 0.012682 0.069872
v -0.064161 0.012406 0.071286
v -0.063907 0.012529 0.069852
v -0.064095 0.012255 0.071266
v -0.063731 0.012417 0.069854
v -0.063921 0.012145 0.071268
v -0.063494 0.012375 0.069879
v -0.063687 0.012104 0.071292
v -0.063258 0.012416 0.069920
v -0.063455 0.012144 0.071331
v -0.063088 0.012528 0.069966
v -0.063286 0.012255 0.071375
v -0.063029 0.012681 0.070004
v -0.063228 0.012406 0.071412
v -0.063096 0.012834 0.070025
v -0.063294 0.012557 0.071432
v -0.063877 0.012452 0.072734
v -0.063646 0.012412 0.072757
v -0.064106 0.012412 0.072697
v -0.064273 0.012302 0.072655
v -0.064331 0.012153 0.072620
v -0.064265 0.012004 0.072601
v -0.064094 0.011895 0.072603
v -0.063863 0.011855 0.072626
v -0.063633 0.011895 0.072663
v -0.063467 0.012004 0.072705
v -0.063409 0.012153 0.072740
v -0.063474 0.012303 0.072759
v -0.064038 0.012224 0.073993
v -0.063810 0.012184 0.074015
v -0.064265 0.012184 0.073957
v -0.064429 0.012075 0.073918
v -0.064487 0.011928 0.073886
v -0.064423 0.011780 0.073869
v -0.064254 0.011672 0.073873
v -0.064025 0.011633 0.073895
v -0.063799 0.011672 0.073931
v -0.063635 0.011781 0.073970
v -0.063577 0.011929 0.074002
v -0.063641 0.012076 0.074019
v -0.064190 0.012029 0.075195
v -0.063965 0.011989 0.075217
v -0.064414 0.011989 0.075161
v -0.064576 0.011882 0.075125
v -0.064634 0.011736 0.075096
v -0.064571 0.011589 0.075083
v -0.064404 0.011483 0.075088
v -0.064179 0.011444 0.075111
v -0.063955 0.011483 0.075145
v -0.063793 0.011590 0.075181
v -0.063736 0.011737 0.075210
v -0.063798 0.011883 0.075223
v -0.064336 0.011872 0.076352
v -0.064114 0.011833 0.076376
v -0.064557 0.011833 0.076319
v -0.064718 0.011727 0.076286
v -0.064775 0.011582 0.076263
v -0.064713 0.011437 0.076254
v -0.064550 0.011331 0.076263
v -0.064328 0.011293 0.076287
v -0.064107 0.011332 0.076319
v -0.063946 0.011438 0.076352
v -0.063889 0.011583 0.076376
v -0.063951 0.011727 0.076385
v -0.064482 0.011759 0.077477
v -0.064263 0.011721 0.077503
v -0.064700 0.011720 0.077445
v -0.064858 0.011615 0.077416
v -0.064915 0.011472 0.077398
v -0.064855 0.011329 0.077395
v -0.064694 0.011224 0.077408
v -0.064476 0.011185 0.077434
v -0.064258 0.011224 0.077466
v -0.064099 0.011329 0.077495
v -0.064042 0.011472 0.077513
v -0.064102 0.011616 0.077516
v -0.064630 0.011694 0.078582
v -0.064414 0.011657 0.078611
v -0.064845 0.011656 0.078552
v -0.065002 0.011553 0.078527
v -0.065059 0.011411 0.078515
v -0.065000 0.011269 0.078518
v -0.064842 0.011165 0.078537
v -0.064627 0.011127 0.078565
v -0.064412 0.011165 0.078596
v -0.064255 0.011269 0.078621
v -0.064198 0.011411 0.078633
v -0.064256 0.011553 0.078629
v -0.064785 0.011684 0.079681
v -0.064573 0.011646 0.079713
v -0.064997 0.011646 0.079651
v -0.065152 0.011544 0.079631
v -0.065209 0.011404 0.079625
v -0.065153 0.011264 0.079636
v -0.064998 0.011162 0.079661
v -0.064786 0.011124 0.079693
v -0.064574 0.011162 0.079723
v -0.064419 0.011264 0.079743
v -0.064362 0.011404 0.079749
v -0.064418 0.011544 0.079738
v -0.064951 0.011732 0.080787
v -0.064743 0.011695 0.080822
v -0.065160 0.011695 0.080757
v -0.065314 0.011594 0.080741
v -0.065371 0.011456 0.080742
v -0.065317 0.011319 0.080761
v -0.065165 0.011219 0.080792
v -0.064957 0.011182 0.080827
v -0.064748 0.011219 0.080857
v -0.064594 0.011320 0.080873
v -0.064537 0.011457 0.080872
v -0.064591 0.011595 0.080853
v -0.065133 0.011844 0.081912
v -0.064928 0.011808 0.081951
v -0.065338 0.011808 0.081882
v -0.065491 0.011709 0.081869
v -0.065548 0.011574 0.081877
v -0.065496 0.011439 0.081904
v -0.065348 0.011341 0.081942
v -0.065143 0.011305 0.081981
v -0.064937 0.011342 0.082011
v -0.064785 0.011441 0.082023
v -0.064727 0.011575 0.082015
v -0.064780 0.011710 0.081989
v -0.065334 0.012026 0.083069
v -0.065133 0.011992 0.083112
v -0.065537 0.011990 0.083039
v -0.065687 0.011893 0.083030
v -0.065745 0.011761 0.083045
v -0.065695 0.011630 0.083079
v -0.065550 0.011534 0.083123
v -0.065349 0.011500 0.083166
v -0.065147 0.011536 0.083195
v -0.064996 0.011632 0.083204
v -0.064938 0.011764 0.083190
v -0.064988 0.011896 0.083156
v -0.065560 0.012284 0.084274
v -0.065363 0.012251 0.084323
v -0.065759 0.012247 0.084240
v -0.065907 0.012151 0.084231
v -0.065965 0.012023 0.084249
v -0.065917 0.011895 0.084290
v -0.065776 0.011802 0.084342
v -0.065579 0.011770 0.084391
v -0.065380 0.011806 0.084425
v -0.065232 0.011902 0.084434
v -0.065174 0.012030 0.084416
v -0.065222 0.012158 0.084375
v -0.065810 0.012553 0.085323
v -0.065617 0.012524 0.085384
v -0.066006 0.012514 0.085278
v -0.066153 0.012417 0.085263
v -0.066211 0.012288 0.085282
v -0.066164 0.012161 0.085328
v -0.066026 0.012071 0.085390
v -0.065832 0.012042 0.085452
v -0.065636 0.012081 0.085496
v -0.065489 0.012178 0.085512
v -0.065431 0.012307 0.085493
v -0.065478 0.012434 0.085447
v -0.066142 0.012838 0.086363
v -0.065952 0.012812 0.086437
v -0.066335 0.012796 0.086307
v -0.066479 0.012696 0.086283
v -0.066536 0.012567 0.086299
v -0.066490 0.012441 0.086350
v -0.066355 0.012354 0.086422
v -0.066165 0.012328 0.086496
v -0.065973 0.012370 0.086552
v -0.065829 0.012469 0.086575
v -0.065771 0.012599 0.086559
v -0.065817 0.012724 0.086509
v -0.066542 0.013127 0.087401
v -0.066356 0.013104 0.087484
v -0.066731 0.013082 0.087336
v -0.066873 0.012981 0.087305
v -0.066929 0.012851 0.087318
v -0.066884 0.012726 0.087371
v -0.066751 0.012640 0.087449
v -0.066565 0.012617 0.087532
v -0.066376 0.012662 0.087597
v -0.066234 0.012763 0.087628
v -0.066178 0.012893 0.087615
v -0.066223 0.013018 0.087562
v -0.066997 0.013410 0.088445
v -0.066814 0.013389 0.088534
v -0.067184 0.013364 0.088373
v -0.067323 0.013261 0.088337
v -0.067377 0.013130 0.088347
v -0.067333 0.013005 0.088399
v -0.067201 0.012920 0.088481
v -0.067018 0.012898 0.088570
v -0.066831 0.012945 0.088642
v -0.066692 0.013048 0.088678
v -0.066638 0.013179 0.088668
v -0.066682 0.013304 0.088616
v -0.067494 0.013677 0.089504
v -0.067312 0.013655 0.089596
v -0.067678 0.013629 0.089427
v -0.067815 0.013525 0.089386
v -0.067868 0.013393 0.089392
v -0.067823 0.013268 0.089444
v -0.067692 0.013183 0.089526
v -0.067509 0.013162 0.089618
v -0.067325 0.013209 0.089695
v -0.067188 0.013313 0.089735
v -0.067136 0.013446 0.089729
v -0.067181 0.013571 0.089678
v -0.068019 0.013915 0.090585
v -0.067837 0.013894 0.090678
v -0.068202 0.013867 0.090506
v -0.068337 0.013762 0.090462
v -0.068388 0.013629 0.090464
v -0.068341 0.013503 0.090511
v -0.068209 0.013418 0.090592
v -0.068027 0.013397 0.090685
v -0.067844 0.013445 0.090764
v -0.067709 0.013550 0.090808
v -0.067658 0.013683 0.090807
v -0.067705 0.013809 0.090759
v -0.068558 0.014114 0.091698
v -0.068375 0.014093 0.091789
v -0.068741 0.014066 0.091618
v -0.068874 0.013961 0.091571
v -0.068923 0.013827 0.091569
v -0.068874 0.013700 0.091612
v -0.068740 0.013615 0.091689
v -0.068557 0.013593 0.091779
v -0.068375 0.013641 0.091859
v -0.068241 0.013747 0.091906
v -0.068192 0.013881 0.091909
v -0.068241 0.014007 0.091866
v -0.069098 0.014264 0.092850
v -0.068913 0.014242 0.092937
v -0.069281 0.014216 0.092772
v -0.069414 0.014111 0.092723
v -0.069461 0.013976 0.092715
v -0.069408 0.013849 0.092752
v -0.069272 0.013762 0.092823
v -0.069087 0.013740 0.092909
v -0.068903 0.013788 0.092987
v -0.068771 0.013894 0.093037
v -0.068724 0.014028 0.093044
v -0.068776 0.014156 0.093007
v -0.069625 0.014354 0.094051
v -0.069437 0.014331 0.094130
v -0.069809 0.014306 0.093976
v -0.069942 0.014200 0.093925
v -0.069986 0.014065 0.093913
v -0.069930 0.013937 0.093941
v -0.069790 0.013850 0.094004
v -0.069602 0.013828 0.094083
v -0.069418 0.013876 0.094159
v -0.069285 0.013981 0.094209
v -0.069241 0.014116 0.094222
v -0.069297 0.014244 0.094193
v -0.070125 0.014372 0.095307
v -0.069934 0.014349 0.095378
v -0.070311 0.014324 0.095237
v -0.070443 0.014218 0.095186
v -0.070485 0.014083 0.095168
v -0.070426 0.013955 0.095188
v -0.070282 0.013868 0.095240
v -0.070091 0.013845 0.095311
v -0.069904 0.013893 0.095381
v -0.069772 0.013999 0.095432
v -0.069730 0.014134 0.095450
v -0.069789 0.014262 0.095431
v -0.070584 0.014307 0.096629
v -0.070389 0.014285 0.096689
v -0.070772 0.014259 0.096565
v -0.070905 0.014154 0.096514
v -0.070945 0.014019 0.096490
v -0.070882 0.013891 0.096500
v -0.070734 0.013805 0.096540
v -0.070539 0.013783 0.096600
v -0.070350 0.013831 0.096664
v -0.070218 0.013937 0.096715
v -0.070178 0.014071 0.096739
v -0.070240 0.014199 0.096729
v -0.070988 0.014150 0.098021
v -0.070790 0.014129 0.098070
v -0.071179 0.014101 0.097964
v -0.071311 0.013995 0.097914
v -0.071350 0.013861 0.097885
v -0.071284 0.013735 0.097884
v -0.071132 0.013649 0.097912
v -0.070934 0.013629 0.097961
v -0.070743 0.013678 0.098019
v -0.070611 0.013783 0.098068
v -0.070572 0.013918 0.098098
v -0.070638 0.014044 0.098098
v -0.071297 0.013920 0.099335
v -0.071101 0.013901 0.099372
v -0.071485 0.013871 0.099286
v -0.071614 0.013768 0.099238
v -0.071651 0.013638 0.099205
v -0.071584 0.013516 0.099195
v -0.071433 0.013435 0.099210
v -0.071237 0.013416 0.099248
v -0.071050 0.013465 0.099297
v -0.070920 0.013568 0.099344
v -0.070884 0.013698 0.099377
v -0.070950 0.013820 0.099388
v -0.071507 0.013654 0.100483
v -0.071314 0.013638 0.100509
v -0.071691 0.013605 0.100441
v -0.071817 0.013504 0.100396
v -0.071852 0.013379 0.100358
v -0.071786 0.013262 0.100339
v -0.071636 0.013185 0.100343
v -0.071444 0.013170 0.100369
v -0.071259 0.013219 0.100410
v -0.071133 0.013320 0.100456
v -0.071099 0.013445 0.100493
v -0.071165 0.013562 0.100513
v -0.071638 0.013359 0.101498
v -0.071449 0.013346 0.101514
v -0.071818 0.013309 0.101464
v -0.071941 0.013211 0.101420
v -0.071974 0.013090 0.101379
v -0.071908 0.012979 0.101351
v -0.071761 0.012907 0.101344
v -0.071572 0.012895 0.101360
v -0.071392 0.012944 0.101394
v -0.071269 0.013043 0.101438
v -0.071236 0.013164 0.101479
v -0.071302 0.013275 0.101507
v -0.071709 0.013040 0.102414
v -0.071525 0.013030 0.102421
v -0.071885 0.012990 0.102385
v -0.072005 0.012894 0.102343
v -0.072037 0.012778 0.102299
v -0.071972 0.012672 0.102264
v -0.071828 0.012605 0.102249
v -0.071644 0.012596 0.102256
v -0.071468 0.012646 0.102285
v -0.071348 0.012742 0.102327
v -0.071316 0.012858 0.102371
v -0.071381 0.012964 0.102406
v -0.071743 0.012704 0.103262
v -0.071563 0.012696 0.103264
v -0.071914 0.012654 0.103237
v -0.072030 0.012561 0.103196
v -0.072061 0.012449 0.103150
v -0.071998 0.012348 0.103111
v -0.071858 0.012286 0.103090
v -0.071678 0.012278 0.103092
v -0.071507 0.012328 0.103118
v -0.071391 0.012421 0.103159
v -0.071360 0.012533 0.103205
v -0.071423 0.012634 0.103243
v -0.071758 0.012357 0.104075
v -0.071584 0.012351 0.104076
v -0.071925 0.012309 0.104052
v -0.072038 0.012218 0.104011
v -0.072068 0.012110 0.103965
v -0.072006 0.012013 0.103925
v -0.071870 0.011953 0.103903
v -0.071695 0.011946 0.103904
v -0.071529 0.011995 0.103928
v -0.071416 0.012085 0.103968
v -0.071386 0.012194 0.104015
v -0.071447 0.012291 0.104054
v -0.071776 0.012006 0.104888
v -0.071607 0.011999 0.104891
v -0.071938 0.011960 0.104863
v -0.072048 0.011872 0.104823
v -0.072077 0.011767 0.104778
v -0.072017 0.011672 0.104741
v -0.071885 0.011613 0.104721
v -0.071715 0.011606 0.104724
v -0.071554 0.011652 0.104749
v -0.071444 0.011740 0.104790
v -0.071415 0.011845 0.104834
v -0.071474 0.011940 0.104872
v -0.071817 0.011655 0.105735
v -0.071652 0.011646 0.105743
v -0.071973 0.011612 0.105707
v -0.072080 0.011527 0.105667
v -0.072108 0.011425 0.105625
v -0.072051 0.011331 0.105593
v -0.071922 0.011272 0.105579
v -0.071758 0.011263 0.105587
v -0.071602 0.011306 0.105615
v -0.071495 0.011390 0.105655
v -0.071467 0.011493 0.105697
v -0.071524 0.011587 0.105729
v -0.071900 0.011310 0.106651
v -0.071741 0.011298 0.106665
v -0.072051 0.011270 0.106619
v -0.072154 0.011188 0.106579
v -0.072182 0.011088 0.106541
v -0.072127 0.010995 0.106515
v -0.072003 0.010935 0.106509
v -0.071845 0.010923 0.106523
v -0.071693 0.010964 0.106555
v -0.071590 0.011045 0.106595
v -0.071562 0.011145 0.106633
v -0.071618 0.011238 0.106659
v -0.072045 0.010975 0.107671
v -0.071893 0.010961 0.107693
v -0.072191 0.010937 0.107635
v -0.072291 0.010859 0.107595
v -0.072318 0.010760 0.107561
v -0.072266 0.010669 0.107543
v -0.072147 0.010607 0.107545
v -0.071995 0.010594 0.107567
v -0.071849 0.010631 0.107603
v -0.071749 0.010710 0.107643
v -0.071722 0.010808 0.107677
v -0.071774 0.010900 0.107695
v -0.072274 0.010654 0.108831
v -0.072128 0.010639 0.108860
v -0.072414 0.010620 0.108791
v -0.072510 0.010544 0.108751
v -0.072537 0.010448 0.108721
v -0.072488 0.010357 0.108710
v -0.072375 0.010296 0.108720
v -0.072229 0.010281 0.108749
v -0.072089 0.010316 0.108789
v -0.071992 0.010391 0.108829
v -0.071965 0.010487 0.108859
v -0.072015 0.010578 0.108870
v -0.072607 0.010355 0.110166
v -0.072466 0.010339 0.110197
v -0.072742 0.010321 0.110126
v -0.072835 0.010248 0.110089
v -0.072862 0.010155 0.110063
v -0.072815 0.010066 0.110057
v -0.072707 0.010006 0.110072
v -0.072567 0.009990 0.110103
v -0.072432 0.010024 0.110143
v -0.072338 0.010097 0.110180
v -0.072311 0.010190 0.110206
v -0.072358 0.010279 0.110212
v -0.072861 0.010153 0.111223
v -0.072729 0.010139 0.111249
v -0.072989 0.010121 0.111190
v -0.073077 0.010052 0.111159
v -0.073103 0.009963 0.111139
v -0.073060 0.009880 0.111135
v -0.072958 0.009824 0.111148
v -0.072826 0.009810 0.111175
v -0.072699 0.009842 0.111208
v -0.072610 0.009911 0.111238
v -0.072584 0.009999 0.111258
v -0.072628 0.010083 0.111262
v -0.073058 0.009994 0.112232
v -0.072934 0.009982 0.112254
v -0.073178 0.009964 0.112205
v -0.073261 0.009898 0.112181
v -0.073286 0.009816 0.112166
v -0.073246 0.009737 0.112163
v -0.073151 0.009685 0.112175
v -0.073027 0.009672 0.112196
v -0.072907 0.009703 0.112223
v -0.072824 0.009768 0.112247
v -0.072799 0.009851 0.112262
v -0.072839 0.009929 0.112265
v -0.073234 0.009873 0.113216
v -0.073119 0.009861 0.113236
v -0.073346 0.009844 0.113192
v -0.073424 0.009783 0.113171
v -0.073447 0.009706 0.113159
v -0.073410 0.009634 0.113159
v -0.073323 0.009585 0.113171
v -0.073208 0.009573 0.113192
v -0.073096 0.009601 0.113216
v -0.073018 0.009662 0.113236
v -0.072995 0.009740 0.113248
v -0.073032 0.009812 0.113248
v -0.073428 0.009783 0.114197
v -0.073323 0.009772 0.114220
v -0.073530 0.009757 0.114172
v -0.073602 0.009701 0.114153
v -0.073624 0.009629 0.114143
v -0.073591 0.009562 0.114146
v -0.073510 0.009517 0.114161
v -0.073405 0.009506 0.114184
v -0.073303 0.009531 0.114208
v -0.073231 0.009588 0.114228
v -0.073209 0.009659 0.114238
v -0.073243 0.009726 0.114235
v -0.073677 0.009718 0.115200
v -0.073582 0.009708 0.115227
v -0.073769 0.009695 0.115172
v -0.073834 0.009644 0.115151
v -0.073855 0.009578 0.115143
v -0.073825 0.009516 0.115149
v -0.073753 0.009475 0.115168
v -0.073658 0.009464 0.115194
v -0.073565 0.009488 0.115222
v -0.073500 0.009539 0.115243
v -0.073480 0.009604 0.115252
v -0.073510 0.009666 0.115246
v -0.074019 0.009674 0.116246
v -0.073935 0.009664 0.116278
v -0.074101 0.009653 0.116215
v -0.074159 0.009606 0.116192
v -0.074177 0.009547 0.116184
v -0.074151 0.009491 0.116192
v -0.074087 0.009453 0.116215
v -0.074003 0.009443 0.116247
v -0.073922 0.009464 0.116278
v -0.073864 0.009511 0.116301
v -0.073846 0.009570 0.116309
v -0.073872 0.009626 0.116301
v -0.074493 0.009644 0.117360
v -0.074420 0.009635 0.117395
v -0.074564 0.009625 0.117326
v -0.074614 0.009584 0.117301
v -0.074630 0.009530 0.117293
v -0.074607 0.009480 0.117303
v -0.074553 0.009445 0.117329
v -0.074480 0.009436 0.117364
v -0.074409 0.009455 0.117398
v -0.074359 0.009497 0.117422
v -0.074343 0.009550 0.117431
v -0.074365 0.009601 0.117421
v -0.075135 0.009623 0.118563
v -0.075074 0.009615 0.118599
v -0.075195 0.009606 0.118527
v -0.075238 0.009569 0.118502
v -0.075252 0.009522 0.118494
v -0.075233 0.009477 0.118505
v -0.075186 0.009446 0.118532
v -0.075125 0.009438 0.118568
v -0.075064 0.009455 0.118604
v -0.075022 0.009492 0.118629
v -0.075008 0.009539 0.118637
v -0.075027 0.009584 0.118627
v -0.075985 0.009604 0.119878
v -0.075933 0.009597 0.119914
v -0.076035 0.009590 0.119843
v -0.076070 0.009557 0.119818
v -0.076082 0.009516 0.119810
v -0.076066 0.009477 0.119821
v -0.076027 0.009450 0.119848
v -0.075976 0.009443 0.119883
v -0.075926 0.009457 0.119919
v -0.075891 0.009490 0.119944
v -0.075879 0.009531 0.119952
v -0.075895 0.009571 0.119941
v -0.077079 0.009583 0.121328
v -0.077037 0.009577 0.121362
v -0.077120 0.009571 0.121295
v -0.077149 0.009543 0.121272
v -0.077158 0.009507 0.121264
v -0.077145 0.009474 0.121274
v -0.077114 0.009451 0.121299
v -0.077072 0.009445 0.121333
v -0.077031 0.009457 0.121366
v -0.077002 0.009485 0.121389
v -0.076993 0.009520 0.121397
v -0.077006 0.009554 0.121387
v -0.078456 0.009553 0.122935
v -0.078423 0.009548 0.122965
v -0.078488 0.009543 0.122906
v -0.078511 0.009520 0.122885
v -0.078518 0.009490 0.122878
v -0.078508 0.009462 0.122887
v -0.078483 0.009443 0.122909
v -0.078450 0.009438 0.122939
v -0.078418 0.009448 0.122968
v -0.078395 0.009471 0.122989
v -0.078388 0.009501 0.122996
v -0.078398 0.009529 0.122988
v -0.080154 0.009508 0.124723
v -0.080128 0.009504 0.124748
v -0.080178 0.009500 0.124698
v -0.080195 0.009482 0.124681
v -0.080201 0.009458 0.124675
v -0.080193 0.009436 0.124682
v -0.080174 0.009421 0.124701
v -0.080149 0.009417 0.124726
v -0.080124 0.009425 0.124750
v -0.080107 0.009443 0.124768
v -0.080101 0.009467 0.124774
v -0.080109 0.009489 0.124766
vn -0.704200 -0.016000 0.709800
vn -0.704300 -0.016000 0.709700
vn -0.704600 -0.012500 0.709500
vn -0.704300 -0.016300 0.709700
vn -0.704400 -0.015900 0.709700
vn -0.704300 -0.015700 0.709700
vn -0.704400 -0.015600 0.709600
vn -0.704400 -0.015300 0.709700
vn -0.704400 -0.015700 0.709600
vn -0.704200 -0.016700 0.709900
vn -0.704200 -0.014700 0.709900
vn 0.135800 0.190400 -0.972300
vn 0.135800 0.190300 -0.972300
vn 0.135800 0.189300 -0.972500
vn 0.135800 0.190200 -0.972300
vn 0.135800 0.190000 -0.972300
vn 0.135800 0.190100 -0.972300
vn 0.135800 0.189500 -0.972400
vn -0.614700 0.087800 0.783900
vn -0.614800 0.088400 0.783700
vn -0.614900 0.087100 0.783800
vn -0.614700 0.090400 0.783600
vn -0.614700 0.089200 0.783700
vn -0.614700 0.088800 0.783700
vn -0.614800 0.089800 0.783600
vn -0.614800 0.088300 0.783800
vn -0.614900 0.090700 0.783400
vn -0.614800 0.092100 0.783300
vn -0.615000 0.087900 0.783600
vn -0.614600 0.090600 0.783600
vn -0.025400 -0.002300 -0.999700
vn -0.025500 -0.002200 -0.999700
vn -0.025500 -0.001900 -0.999700
vn -0.025400 -0.002400 -0.999700
vn -0.025400 -0.002200 -0.999700
vn -0.025400 -0.002100 -0.999700
vn -0.025500 -0.002100 -0.999700
vn -0.089500 0.014100 0.995900
vn -0.089600 0.014900 0.995900
vn -0.089400 0.016700 0.995900
vn -0.089600 0.014800 0.995900
vn -0.089600 0.015400 0.995900
vn -0.089600 0.015200 0.995900
vn -0.089500 0.015000 0.995900
vn -0.089500 0.015100 0.995900
vn -0.089400 0.014900 0.995900
vn -0.089400 0.012500 0.995900
vn -0.389800 0.184100 -0.902300
vn -0.389800 0.184800 -0.902200
vn -0.389800 0.184700 -0.902200
vn -0.389800 0.184300 -0.902300
vn -0.389800 0.184600 -0.902200
vn -0.389800 0.184500 -0.902200
vn -0.389800 0.184000 -0.902300
vn -0.389800 0.184300 -0.902200
vn 0.258500 0.141200 0.955600
vn 0.258600 0.140500 0.955700
vn 0.258800 0.139700 0.955800
vn 0.258700 0.140800 0.955600
vn 0.258600 0.141700 0.955500
vn 0.258700 0.141100 0.955600
vn 0.258700 0.141200 0.955600
vn 0.258800 0.141300 0.955500
vn 0.258800 0.140400 0.955700
vn 0.258700 0.141800 0.955500
vn 0.258800 0.139900 0.955800
vn 0.258000 0.143100 0.955500
vn 0.156300 0.253100 -0.954700
vn 0.156300 0.252800 -0.954800
vn 0.156300 0.254300 -0.954400
vn 0.156300 0.253300 -0.954700
vn 0.156300 0.253200 -0.954700
vn 0.156200 0.253300 -0.954700
vn 0.156200 0.253200 -0.954700
vn 0.156200 0.253600 -0.954600
vn -0.620500 -0.301300 0.724000
vn -0.622900 -0.293100 0.725300
vn -0.620900 -0.298200 0.724900
vn -0.624200 -0.293200 0.724100
vn -0.622200 -0.299100 0.723400
vn -0.623800 -0.295100 0.723700
vn -0.623200 -0.297600 0.723200
vn -0.622800 -0.297300 0.723700
vn -0.622900 -0.297700 0.723400
vn -0.621500 -0.299600 0.723800
vn -0.621400 -0.300400 0.723600
vn -0.620100 -0.301500 0.724300
vn 0.338300 0.162600 -0.926900
vn 0.338300 0.162000 -0.927000
vn 0.338300 0.162500 -0.926900
vn 0.338300 0.162400 -0.926900
vn 0.338300 0.162300 -0.926900
vn -0.534100 0.253500 0.806500
vn -0.533800 0.253400 0.806800
vn -0.534100 0.250300 0.807500
vn -0.534000 0.252900 0.806800
vn -0.533900 0.253600 0.806600
vn -0.534100 0.252400 0.806900
vn -0.534200 0.252300 0.806800
vn -0.534200 0.253000 0.806600
vn -0.534300 0.252400 0.806700
vn -0.534200 0.250100 0.807500
vn -0.534200 0.248700 0.807900
vn 0.396100 0.325600 -0.858600
vn 0.396400 0.325000 -0.858600
vn 0.396300 0.325300 -0.858600
vn 0.396100 0.325500 -0.858600
vn 0.396300 0.325200 -0.858600
vn 0.396200 0.325300 -0.858600
vn 0.396200 0.325200 -0.858600
vn 0.396200 0.325500 -0.858600
vn -0.491400 0.012100 0.870800
vn -0.491200 0.010800 0.871000
vn -0.491500 0.015500 0.870700
vn -0.491500 0.011800 0.870800
vn -0.491500 0.013100 0.870800
vn -0.491600 0.013000 0.870700
vn -0.491400 0.013000 0.870800
vn -0.491500 0.012600 0.870800
vn -0.491200 0.011700 0.871000
vn -0.491200 0.009800 0.871000
vn -0.491200 0.013000 0.870900
vn -0.491500 0.012400 0.870800
vn 0.360100 0.234300 -0.903000
vn 0.360100 0.234200 -0.903000
vn 0.360300 0.233600 -0.903100
vn 0.360000 0.234500 -0.903000
vn 0.360000 0.234400 -0.903000
vn 0.360000 0.234300 -0.903000
vn 0.360100 0.234200 -0.903100
vn 0.360100 0.234100 -0.903100
vn 0.360100 0.234500 -0.903000
vn 0.360400 0.233400 -0.903100
vn 0.054500 0.972700 0.225600
vn 0.060000 0.981100 0.183700
vn 0.409700 0.872700 0.265500
vn 0.400200 0.859600 0.317500
vn -0.300400 0.948300 0.102200
vn -0.299100 0.951200 0.076400
vn -0.702000 0.707300 -0.083600
vn -0.706600 0.702800 -0.082200
vn -0.949200 0.113900 -0.293300
vn -0.961000 0.101000 -0.257500
vn -0.767900 -0.524200 -0.368300
vn -0.780300 -0.540800 -0.314300
vn -0.406500 -0.857000 -0.316600
vn -0.415000 -0.870600 -0.264200
vn -0.065500 -0.972300 -0.224500
vn -0.069500 -0.980900 -0.181700
vn 0.284100 -0.953500 -0.100700
vn 0.284900 -0.955700 -0.073600
vn 0.683000 -0.725700 0.083000
vn 0.689700 -0.719200 0.083900
vn 0.945700 -0.137100 0.294600
vn 0.957800 -0.122300 0.260100
vn 0.768400 0.521400 0.371100
vn 0.781100 0.537800 0.317200
vn 0.067100 0.992200 0.104800
vn 0.422200 0.890600 0.169100
vn -0.298100 0.954200 0.026200
vn -0.714200 0.695000 -0.083600
vn -0.977500 0.080800 -0.194700
vn -0.796500 -0.564700 -0.216000
vn -0.425600 -0.889300 -0.167400
vn -0.073900 -0.992100 -0.101900
vn 0.287500 -0.957500 -0.021600
vn 0.700900 -0.707800 0.088200
vn 0.975000 -0.098700 0.199100
vn 0.798100 0.561300 0.219000
vn 0.066900 0.997000 0.037900
vn 0.424800 0.900600 0.091500
vn -0.301000 0.953400 -0.020500
vn -0.720200 0.687400 -0.093300
vn -0.986100 0.066500 -0.152300
vn -0.802000 -0.580400 -0.141000
vn -0.426500 -0.900000 -0.089600
vn -0.071100 -0.996900 -0.034600
vn 0.293800 -0.955500 0.025800
vn 0.710600 -0.696500 0.099500
vn 0.984200 -0.080700 0.157800
vn 0.804200 0.576600 0.144100
vn 0.062000 0.997900 -0.016000
vn 0.421600 0.906200 0.033200
vn -0.306700 0.949800 -0.062400
vn -0.725800 0.679000 -0.110200
vn -0.990100 0.054200 -0.129600
vn -0.801200 -0.591700 -0.089300
vn -0.421600 -0.906200 -0.031100
vn -0.064000 -0.997800 0.019500
vn 0.302500 -0.950700 0.067900
vn 0.719200 -0.684900 0.116800
vn 0.988600 -0.065400 0.135500
vn 0.803800 0.587700 0.092400
vn 0.054500 0.996800 -0.058300
vn 0.415000 0.909800 -0.008200
vn -0.314000 0.944200 -0.099600
vn -0.731100 0.669200 -0.132500
vn -0.991400 0.042200 -0.123700
vn -0.796900 -0.601400 -0.057700
vn -0.413700 -0.910300 0.010400
vn -0.054600 -0.996600 0.061700
vn 0.312100 -0.944200 0.104900
vn 0.727000 -0.672500 0.139000
vn 0.990300 -0.050500 0.129400
vn 0.799700 0.597300 0.060900
vn 0.045300 0.994900 -0.090600
vn 0.406400 0.913000 -0.035600
vn -0.322000 0.937400 -0.132400
vn -0.736000 0.658100 -0.158900
vn -0.991000 0.029100 -0.131000
vn -0.790400 -0.611100 -0.042700
vn -0.404000 -0.914000 0.037900
vn -0.044100 -0.994600 0.094000
vn 0.321800 -0.936800 0.137400
vn 0.733800 -0.659100 0.164800
vn 0.990000 -0.034800 0.136400
vn 0.793300 0.607100 0.045900
vn 0.035200 0.992700 -0.115100
vn 0.396100 0.916700 -0.052000
vn -0.330200 0.930000 -0.161600
vn -0.740200 0.645600 -0.187900
vn -0.988800 0.014200 -0.148500
vn -0.782100 -0.621900 -0.040400
vn -0.393100 -0.917900 0.054300
vn -0.033200 -0.992400 0.118300
vn 0.331400 -0.928700 0.166300
vn 0.739600 -0.644700 0.193400
vn 0.988000 -0.018100 0.153300
vn 0.785100 0.617900 0.043600
vn 0.024700 0.990700 -0.133500
vn 0.384800 0.921000 -0.060000
vn -0.338600 0.922000 -0.187800
vn -0.743700 0.631700 -0.218800
vn -0.984900 -0.002100 -0.173300
vn -0.772100 -0.633700 -0.047600
vn -0.381200 -0.922400 0.062400
vn -0.021900 -0.990400 0.136600
vn 0.340700 -0.920300 0.192200
vn 0.744000 -0.629600 0.223700
vn 0.984100 -0.000400 0.177600
vn 0.775000 0.629900 0.050800
vn 0.013600 0.989000 -0.147200
vn 0.372300 0.926100 -0.061800
vn -0.346800 0.913800 -0.211500
vn -0.746100 0.616900 -0.250600
vn -0.979000 -0.019800 -0.203100
vn -0.760400 -0.646600 -0.061700
vn -0.368400 -0.927400 0.064300
vn -0.010200 -0.988600 0.150300
vn 0.349400 -0.911800 0.215700
vn 0.747000 -0.614000 0.255100
vn 0.978200 0.018300 0.207000
vn 0.763200 0.642900 0.064800
vn 0.002000 0.987500 -0.157500
vn 0.358400 0.931700 -0.059400
vn -0.354600 0.905500 -0.233300
vn -0.747200 0.601500 -0.282600
vn -0.971000 -0.038700 -0.236100
vn -0.746800 -0.660200 -0.080500
vn -0.354600 -0.933000 0.061900
vn 0.001900 -0.987000 0.160700
vn 0.357600 -0.903200 0.237300
vn 0.748500 -0.597900 0.286800
vn 0.970100 0.037800 0.239600
vn 0.749500 0.656800 0.083500
vn -0.010100 0.986200 -0.165500
vn 0.343300 0.937700 -0.054200
vn -0.361900 0.897100 -0.253400
vn -0.747100 0.585700 -0.314500
vn -0.960900 -0.058100 -0.270800
vn -0.731300 -0.674400 -0.102000
vn -0.339600 -0.938900 0.056700
vn 0.014000 -0.985600 0.168700
vn 0.365200 -0.894600 0.257400
vn 0.748600 -0.581700 0.318300
vn 0.960000 0.057800 0.273900
vn 0.733900 0.671100 0.105000
vn -0.017900 0.983500 -0.180300
vn 0.333400 0.940900 -0.059000
vn -0.366800 0.888500 -0.275800
vn -0.747100 0.570400 -0.341300
vn -0.953400 -0.074800 -0.292300
vn -0.721800 -0.683500 -0.108800
vn -0.332300 -0.941100 0.063100
vn 0.018300 -0.982700 0.184200
vn 0.366000 -0.887500 0.280000
vn 0.744500 -0.570800 0.346200
vn 0.951800 0.070500 0.298400
vn 0.723400 0.680900 0.114300
vn -0.013800 0.978000 -0.208300
vn 0.337100 0.937600 -0.084700
vn -0.363300 0.881400 -0.301900
vn -0.744900 0.562600 -0.358700
vn -0.953500 -0.079100 -0.290900
vn -0.725900 -0.681900 -0.089700
vn -0.338700 -0.936600 0.090000
vn 0.011000 -0.977100 0.212700
vn 0.358800 -0.881600 0.306600
vn 0.738800 -0.566500 0.365000
vn 0.951200 0.072200 0.300200
vn 0.726100 0.680600 0.097500
vn -0.004400 0.971500 -0.237100
vn 0.346900 0.930800 -0.115200
vn -0.355500 0.876300 -0.325100
vn -0.740900 0.560900 -0.369500
vn -0.956600 -0.075500 -0.281300
vn -0.734600 -0.675500 -0.064000
vn -0.348700 -0.929500 0.120300
vn 0.001800 -0.970400 0.241500
vn 0.352000 -0.876000 0.329800
vn 0.735900 -0.563200 0.375800
vn 0.954300 0.071100 0.290100
vn 0.734200 0.675200 0.071300
vn 0.001900 0.966500 -0.256700
vn 0.353600 0.925400 -0.136400
vn -0.350300 0.872600 -0.340400
vn -0.738300 0.560000 -0.375900
vn -0.959100 -0.072300 -0.273600
vn -0.740800 -0.670200 -0.045600
vn -0.355400 -0.924000 0.141500
vn -0.004300 -0.965300 0.261200
vn 0.347400 -0.871800 0.345300
vn 0.734400 -0.560800 0.382200
vn 0.956900 0.070400 0.281900
vn 0.739800 0.670800 0.052600
vn 0.005300 0.963600 -0.267500
vn 0.357300 0.922100 -0.148700
vn -0.347500 0.870700 -0.348100
vn -0.737100 0.560100 -0.378000
vn -0.961000 -0.069400 -0.267800
vn -0.744700 -0.666600 -0.034300
vn -0.359100 -0.920600 0.153700
vn -0.007400 -0.962300 0.272000
vn 0.345200 -0.869600 0.353100
vn 0.734200 -0.559600 0.384400
vn 0.958800 0.069900 0.275500
vn 0.743000 0.668100 0.040700
vn 0.006100 0.963000 -0.269400
vn 0.358100 0.921200 -0.152200
vn -0.347200 0.870700 -0.348300
vn -0.737400 0.561200 -0.375900
vn -0.962200 -0.067100 -0.263800
vn -0.746400 -0.664800 -0.029900
vn -0.360100 -0.919600 0.157200
vn -0.007900 -0.961700 0.274000
vn 0.345400 -0.869400 0.353400
vn 0.735500 -0.559400 0.382300
vn 0.960100 0.069800 0.270900
vn 0.744000 0.667200 0.035900
vn 0.004200 0.964900 -0.262500
vn 0.356500 0.922700 -0.146800
vn -0.349100 0.872800 -0.341000
vn -0.738800 0.563500 -0.369600
vn -0.963000 -0.065400 -0.261400
vn -0.746000 -0.665200 -0.032300
vn -0.358600 -0.921100 0.151800
vn -0.005900 -0.963600 0.267300
vn 0.347800 -0.871300 0.346200
vn 0.737800 -0.560600 0.375900
vn 0.960900 0.070100 0.268000
vn 0.743000 0.668200 0.038100
vn -0.000400 0.969100 -0.246700
vn 0.352200 0.926500 -0.132500
vn -0.353300 0.876900 -0.325900
vn -0.741400 0.567000 -0.358900
vn -0.963300 -0.064000 -0.260800
vn -0.743600 -0.667300 -0.041900
vn -0.354500 -0.924900 0.137400
vn -0.001100 -0.967900 0.251500
vn 0.352500 -0.875200 0.331200
vn 0.741400 -0.562900 0.365200
vn 0.961100 0.070800 0.266900
vn 0.740000 0.670900 0.047300
vn -0.007800 0.975100 -0.221500
vn 0.344900 0.932300 -0.108800
vn -0.359600 0.882700 -0.302700
vn -0.745200 0.571500 -0.343500
vn -0.963000 -0.062900 -0.261900
vn -0.739200 -0.670900 -0.058800
vn -0.347700 -0.930700 0.113700
vn 0.006300 -0.974000 0.226400
vn 0.359500 -0.880800 0.308300
vn 0.746400 -0.566100 0.350000
vn 0.960800 0.072100 0.267600
vn 0.734600 0.675500 0.063900
vn -0.017900 0.982300 -0.186400
vn 0.335000 0.939200 -0.075200
vn -0.368500 0.889300 -0.271000
vn -0.750600 0.576400 -0.323100
vn -0.962300 -0.062300 -0.264700
vn -0.732500 -0.675600 -0.083300
vn -0.338100 -0.937700 0.080000
vn 0.016500 -0.981400 0.191400
vn 0.369000 -0.887300 0.276800
vn 0.752700 -0.569700 0.329900
vn 0.959900 0.073900 0.270300
vn 0.726900 0.681100 0.088200
vn -0.031000 0.989500 -0.140800
vn 0.322200 0.946200 -0.031000
vn -0.380200 0.895800 -0.230300
vn -0.757500 0.581100 -0.297500
vn -0.961100 -0.062000 -0.269200
vn -0.723500 -0.680500 -0.116000
vn -0.325500 -0.944800 0.036000
vn 0.030000 -0.988800 0.146000
vn 0.381300 -0.893700 0.236400
vn 0.760700 -0.573100 0.304800
vn 0.958400 0.076000 0.275100
vn 0.716900 0.686700 0.120700
vn -0.047500 0.995300 -0.084400
vn 0.306000 0.951700 0.023800
vn -0.394500 0.901000 -0.180200
vn -0.766200 0.584800 -0.266500
vn -0.959300 -0.061600 -0.275600
vn -0.712000 -0.684400 -0.157000
vn -0.309400 -0.950700 -0.018700
vn 0.046900 -0.994800 0.089900
vn 0.396300 -0.898900 0.186700
vn 0.770200 -0.575800 0.274500
vn 0.956200 0.077900 0.282100
vn 0.704400 0.691200 0.161700
vn -0.067500 0.997600 -0.018000
vn 0.286200 0.954200 0.087700
vn -0.412000 0.903200 -0.120400
vn -0.777200 0.586300 -0.228400
vn -0.957700 -0.060900 -0.281200
vn -0.698600 -0.685800 -0.204000
vn -0.290600 -0.953300 -0.082900
vn 0.066500 -0.997500 0.023400
vn 0.414000 -0.901400 0.127100
vn 0.781500 -0.577000 0.237200
vn 0.954200 0.079000 0.288700
vn 0.689700 0.693300 0.208800
vn -0.088400 0.994800 0.051400
vn 0.266600 0.951500 0.153200
vn -0.431300 0.900400 -0.056700
vn -0.790200 0.584100 -0.185700
vn -0.957200 -0.061500 -0.283000
vn -0.684900 -0.684500 -0.249900
vn -0.271400 -0.950900 -0.148500
vn 0.086800 -0.995100 -0.046300
vn 0.432800 -0.899200 0.063400
vn 0.793700 -0.576200 0.195000
vn 0.953300 0.077900 0.291700
vn 0.676000 0.691200 0.255300
vn -0.107000 0.987700 0.114400
vn 0.250100 0.944600 0.212400
vn -0.449000 0.893500 0.001500
vn -0.802200 0.579000 -0.146000
vn -0.957000 -0.062900 -0.283200
vn -0.672500 -0.680800 -0.290300
vn -0.254100 -0.944700 -0.207400
vn 0.105500 -0.988400 -0.109300
vn 0.449900 -0.893100 0.005000
vn 0.804900 -0.572800 0.155300
vn 0.953100 0.076300 0.292800
vn 0.664700 0.685800 0.296400
vn -0.122400 0.978100 0.168200
vn 0.235900 0.935600 0.262900
vn -0.463400 0.884700 0.050900
vn -0.812200 0.572400 -0.112900
vn -0.956600 -0.064300 -0.284400
vn -0.661900 -0.675400 -0.325200
vn -0.239400 -0.936100 -0.257700
vn 0.121100 -0.979200 -0.162900
vn 0.464000 -0.884700 -0.044500
vn 0.814000 -0.567900 0.122000
vn 0.952800 0.074700 0.294300
vn 0.655000 0.679000 0.331700
vn -0.135000 0.967800 0.212400
vn 0.223800 0.925800 0.304700
vn -0.475000 0.875200 0.091400
vn -0.820300 0.565400 -0.086300
vn -0.955900 -0.065400 -0.286400
vn -0.652700 -0.669300 -0.354900
vn -0.227100 -0.926600 -0.299600
vn 0.133700 -0.969100 -0.207300
vn 0.475500 -0.875600 -0.085100
vn 0.821500 -0.562300 0.095300
vn 0.952300 0.072900 0.296200
vn 0.646900 0.671400 0.361600
vn -0.145200 0.957900 0.247600
vn 0.214400 0.916200 0.338500
vn -0.484300 0.866200 0.123200
vn -0.826500 0.559100 -0.066000
vn -0.955000 -0.065900 -0.289100
vn -0.645200 -0.663300 -0.379300
vn -0.217000 -0.917500 -0.333200
vn 0.143800 -0.959400 -0.242500
vn 0.484300 -0.867000 -0.116900
vn 0.827000 -0.557200 0.074700
vn 0.951700 0.071100 0.298800
vn 0.640500 0.663900 0.386100
vn -0.152600 0.949500 0.274200
vn 0.207100 0.907900 0.364400
vn -0.491100 0.858700 0.146600
vn -0.830900 0.554000 -0.051900
vn -0.954000 -0.065900 -0.292500
vn -0.639100 -0.657800 -0.398600
vn -0.209100 -0.909600 -0.358900
vn 0.151500 -0.951200 -0.268900
vn 0.490900 -0.859800 -0.140400
vn 0.830800 -0.553300 0.060200
vn 0.950900 0.068800 0.301800
vn 0.635300 0.657300 0.405500
vn -0.157500 0.943300 0.292200
vn 0.201800 0.901600 0.382600
vn -0.495500 0.853400 0.161900
vn -0.833700 0.550400 -0.043700
vn -0.952700 -0.065700 -0.296800
vn -0.634300 -0.653400 -0.413200
vn -0.203500 -0.903600 -0.377100
vn 0.156600 -0.945100 -0.286900
vn 0.495100 -0.854800 -0.155800
vn 0.833000 -0.550800 0.051600
vn 0.949800 0.066400 0.305600
vn 0.631300 0.651900 0.420100
vn -0.160500 0.939800 0.301800
vn 0.199100 0.897600 0.393400
vn -0.497900 0.850600 0.168900
vn -0.834700 0.549100 -0.041500
vn -0.951100 -0.065100 -0.301800
vn -0.631000 -0.650400 -0.422900
vn -0.200100 -0.899800 -0.387600
vn 0.159500 -0.941600 -0.296400
vn 0.497000 -0.852300 -0.163000
vn 0.833400 -0.550500 0.049000
vn 0.948500 0.063600 0.310200
vn 0.629000 0.647700 0.429900
vn -0.160800 0.939400 0.302800
vn 0.198700 0.896300 0.396500
vn -0.497800 0.850900 0.167600
vn -0.833800 0.550200 -0.045400
vn -0.949300 -0.063900 -0.307800
vn -0.629100 -0.649000 -0.427900
vn -0.199200 -0.898800 -0.390500
vn 0.159900 -0.941300 -0.297300
vn 0.496500 -0.852800 -0.161700
vn 0.831800 -0.552600 0.052600
vn 0.947000 0.060200 0.315600
vn 0.628000 0.645300 0.435000
vn -0.158200 0.942400 0.294700
vn 0.200400 0.898100 0.391500
vn -0.494900 0.854500 0.157600
vn -0.831000 0.553500 -0.056000
vn -0.947100 -0.062500 -0.314800
vn -0.628600 -0.649400 -0.427900
vn -0.200700 -0.900700 -0.385400
vn 0.157400 -0.944300 -0.289000
vn 0.493400 -0.856500 -0.151500
vn 0.828100 -0.557000 0.062800
vn 0.945000 0.056400 0.322100
vn 0.628600 0.644600 0.435100
vn -0.152500 0.948800 0.276500
vn 0.205000 0.903000 0.377700
vn -0.488700 0.861500 0.137600
vn -0.825900 0.559000 -0.074300
vn -0.944400 -0.061100 -0.323200
vn -0.629900 -0.651900 -0.422300
vn -0.205000 -0.905700 -0.371100
vn 0.151800 -0.950700 -0.270500
vn 0.486900 -0.863500 -0.131400
vn 0.822000 -0.563700 0.080700
vn 0.942500 0.052400 0.330100
vn 0.631100 0.645800 0.429800
vn -0.143400 0.958600 0.246200
vn 0.213200 0.912000 0.350500
vn -0.480200 0.870400 0.108300
vn -0.820000 0.564300 -0.095800
vn -0.943500 -0.062100 -0.325400
vn -0.635700 -0.657700 -0.404200
vn -0.214600 -0.914400 -0.343200
vn 0.140900 -0.960600 -0.239800
vn 0.476000 -0.873500 -0.102100
vn 0.813900 -0.572000 0.101800
vn 0.941700 0.049700 0.332800
vn 0.636700 0.651200 0.412900
vn -0.130100 0.970600 0.202700
vn 0.226900 0.924700 0.305700
vn -0.469700 0.879900 0.072300
vn -0.815300 0.567700 -0.113900
vn -0.947700 -0.067100 -0.312100
vn -0.648100 -0.668000 -0.365700
vn -0.230100 -0.926600 -0.297300
vn 0.125200 -0.972700 -0.195700
vn 0.462700 -0.884100 -0.065700
vn 0.806600 -0.578600 0.120600
vn 0.945500 0.051500 0.321400
vn 0.648400 0.661700 0.376500
vn -0.113600 0.982300 0.149100
vn 0.245100 0.937300 0.247700
vn -0.457000 0.888900 0.030900
vn -0.810700 0.570900 -0.130100
vn -0.954800 -0.073100 -0.288300
vn -0.663800 -0.679400 -0.312700
vn -0.248300 -0.939000 -0.237800
vn 0.108000 -0.984100 -0.140700
vn 0.449200 -0.893100 -0.022800
vn 0.800800 -0.582700 0.138800
vn 0.952200 0.055800 0.300200
vn 0.664400 0.672700 0.325500
vn -0.096700 0.991200 0.089900
vn 0.263700 0.947000 0.183600
vn -0.444100 0.895800 -0.014800
vn -0.805700 0.573600 -0.147700
vn -0.962100 -0.076900 -0.261700
vn -0.680400 -0.687400 -0.254200
vn -0.267100 -0.948200 -0.172200
vn 0.091100 -0.992600 -0.080100
vn 0.435800 -0.899700 0.024600
vn 0.795000 -0.585400 0.158900
vn 0.959100 0.059500 0.276600
vn 0.680700 0.681300 0.269000
vn -0.081100 0.996200 0.031300
vn 0.280500 0.952300 0.120000
vn -0.432200 0.899800 -0.060000
vn -0.800700 0.575900 -0.164900
vn -0.968800 -0.077800 -0.235400
vn -0.695600 -0.691000 -0.196500
vn -0.284000 -0.952800 -0.107300
vn 0.075900 -0.996900 -0.020200
vn 0.424000 -0.902800 0.071400
vn 0.790300 -0.586100 0.178600
vn 0.965500 0.062400 0.253000
vn 0.695300 0.686500 0.212900
vn -0.068600 0.997500 -0.017900
vn 0.293300 0.953700 0.066300
vn -0.422400 0.901100 -0.097800
vn -0.796300 0.577800 -0.179300
vn -0.974000 -0.075800 -0.213400
vn -0.707400 -0.691200 -0.148000
vn -0.296800 -0.953500 -0.052900
vn 0.064100 -0.997500 0.029900
vn 0.415400 -0.902900 0.110400
vn 0.787500 -0.584700 0.195000
vn 0.970400 0.065100 0.232700
vn 0.706000 0.688600 0.165200
vn -0.061000 0.996900 -0.049200
vn 0.301300 0.953000 0.032100
vn -0.416000 0.901200 -0.121800
vn -0.792900 0.579500 -0.188300
vn -0.977200 -0.072500 -0.199400
vn -0.714800 -0.689400 -0.117300
vn -0.304000 -0.952500 -0.018300
vn 0.057400 -0.996500 0.061600
vn 0.410600 -0.901700 0.135000
vn 0.786700 -0.582300 0.204900
vn 0.973300 0.068200 0.219100
vn 0.712200 0.689000 0.134500
vn -0.058900 0.996600 -0.057900
vn 0.303400 0.952600 0.022300
vn -0.413200 0.901600 -0.128100
vn -0.790800 0.581700 -0.190500
vn -0.978300 -0.069200 -0.195500
vn -0.717500 -0.688000 -0.108800
vn -0.305900 -0.952000 -0.008800
vn 0.056300 -0.995900 0.070300
vn 0.410200 -0.900900 0.141600
vn 0.787600 -0.580300 0.207200
vn 0.974200 0.071300 0.214400
vn 0.713500 0.689300 0.125300
vn -0.061600 0.997100 -0.044600
vn 0.300200 0.953200 0.036400
vn -0.414700 0.902300 -0.117500
vn -0.790500 0.583500 -0.186000
vn -0.977300 -0.067100 -0.201200
vn -0.715300 -0.688100 -0.122000
vn -0.302800 -0.952800 -0.023800
vn 0.060100 -0.996600 0.056400
vn 0.413800 -0.901000 0.130500
vn 0.789800 -0.579100 0.202000
vn 0.973000 0.073500 0.218700
vn 0.710400 0.690300 0.137200
vn -0.068300 0.997600 -0.014200
vn 0.293000 0.953600 0.069200
vn -0.419700 0.902800 -0.093700
vn -0.792000 0.584500 -0.176200
vn -0.974600 -0.065900 -0.214200
vn -0.709000 -0.688600 -0.152000
vn -0.295400 -0.953600 -0.057700
vn 0.067400 -0.997400 0.025000
vn 0.420200 -0.901300 0.105800
vn 0.792800 -0.578700 0.191200
vn 0.970300 0.074800 0.230200
vn 0.703700 0.690900 0.165600
vn -0.077900 0.996600 0.026400
vn 0.282700 0.952500 0.112900
vn -0.426900 0.902200 -0.062000
vn -0.794600 0.584800 -0.163300
vn -0.970700 -0.064700 -0.231600
vn -0.699800 -0.688200 -0.191800
vn -0.284600 -0.953100 -0.102600
vn 0.077100 -0.996900 -0.016700
vn 0.428100 -0.900800 0.073100
vn 0.796400 -0.578200 0.177200
vn 0.966400 0.074900 0.246000
vn 0.694700 0.689900 0.203800
vn -0.089100 0.993500 0.070400
vn 0.270700 0.949200 0.160400
vn -0.435400 0.899800 -0.027800
vn -0.798000 0.583900 -0.149400
vn -0.966100 -0.063200 -0.250400
vn -0.689100 -0.685500 -0.235000
vn -0.272300 -0.950200 -0.151500
vn 0.088200 -0.994200 -0.062100
vn 0.437200 -0.898600 0.037800
vn 0.800300 -0.577200 0.162200
vn 0.961900 0.073500 0.263500
vn 0.684100 0.686900 0.245500
vn -0.100000 0.989400 0.105200
vn 0.260500 0.945700 0.194500
vn -0.445700 0.895200 0.003000
vn -0.805100 0.578700 -0.130300
vn -0.965100 -0.066000 -0.253600
vn -0.683000 -0.682800 -0.259300
vn -0.265200 -0.946300 -0.184800
vn 0.095100 -0.990800 -0.096500
vn 0.443300 -0.896400 0.007200
vn 0.803400 -0.577800 0.143600
vn 0.960700 0.070000 0.268500
vn 0.677000 0.684100 0.271600
vn -0.105100 0.987100 0.120800
vn 0.257600 0.945100 0.201000
vn -0.453100 0.891100 0.025600
vn -0.813500 0.572500 -0.102900
vn -0.970600 -0.071700 -0.229700
vn -0.685100 -0.684300 -0.249900
vn -0.264800 -0.945600 -0.189100
vn 0.097300 -0.989100 -0.110300
vn 0.446700 -0.894600 -0.013900
vn 0.808200 -0.577100 0.117800
vn 0.966300 0.070200 0.247700
vn 0.678300 0.685200 0.265300
vn -0.105000 0.986600 0.125200
vn 0.259500 0.946200 0.193500
vn -0.455700 0.889200 0.041400
vn -0.819000 0.568800 -0.075600
vn -0.977300 -0.076100 -0.197600
vn -0.689400 -0.687700 -0.227500
vn -0.265700 -0.947000 -0.180600
vn 0.098900 -0.988600 -0.113600
vn 0.450200 -0.892500 -0.028700
vn 0.814200 -0.573300 0.091500
vn 0.973400 0.074600 0.216600
vn 0.683400 0.688100 0.243900
vn -0.104400 0.986400 0.127000
vn 0.261800 0.947000 0.186100
vn -0.457100 0.887900 0.052000
vn -0.822400 0.566100 -0.055400
vn -0.981800 -0.079500 -0.172600
vn -0.692600 -0.690400 -0.209000
vn -0.266400 -0.948300 -0.172300
vn 0.100000 -0.988400 -0.114400
vn 0.452500 -0.890900 -0.038400
vn 0.818200 -0.570400 0.072300
vn 0.978200 0.077600 0.192600
vn 0.687500 0.690000 0.226300
vn -0.103400 0.986700 0.125600
vn 0.264000 0.947800 0.179000
vn -0.457800 0.887300 0.056500
vn -0.824200 0.564600 -0.043800
vn -0.984300 -0.082500 -0.156200
vn -0.694400 -0.692700 -0.195000
vn -0.267000 -0.949600 -0.164300
vn 0.100500 -0.988600 -0.112100
vn 0.453600 -0.890200 -0.042100
vn 0.820400 -0.568400 0.061700
vn 0.981000 0.079200 0.177100
vn 0.690400 0.691200 0.213300
vn -0.102200 0.987400 0.120700
vn 0.265800 0.948500 0.172400
vn -0.456900 0.887900 0.054300
vn -0.824300 0.564600 -0.042100
vn -0.985100 -0.084600 -0.150000
vn -0.694700 -0.694700 -0.186700
vn -0.267700 -0.950700 -0.156800
vn 0.100300 -0.989300 -0.106300
vn 0.453200 -0.890500 -0.039000
vn 0.820500 -0.568300 0.061000
vn 0.982000 0.079300 0.171600
vn 0.692500 0.691400 0.205900
vn -0.100500 0.988600 0.111700
vn 0.267600 0.949100 0.166300
vn -0.454700 0.889500 0.044000
vn -0.822800 0.566000 -0.051900
vn -0.984300 -0.084100 -0.155200
vn -0.694400 -0.695500 -0.184700
vn -0.268500 -0.951500 -0.150000
vn 0.099400 -0.990300 -0.096700
vn 0.452500 -0.891300 -0.027700
vn 0.818800 -0.569600 0.071700
vn 0.981000 0.078100 0.177700
vn 0.693900 0.690300 0.204800
vn -0.097200 0.990400 0.098600
vn 0.268900 0.949600 0.160900
vn -0.451000 0.892200 0.024800
vn -0.819100 0.568700 -0.074900
vn -0.981500 -0.081500 -0.173500
vn -0.692900 -0.695600 -0.190000
vn -0.269200 -0.952300 -0.143600
vn 0.096800 -0.991900 -0.082600
vn 0.450700 -0.892700 -0.007300
vn 0.815300 -0.571000 0.095600
vn 0.977600 0.075000 0.196900
vn 0.693400 0.688900 0.211100
vn -0.092400 0.992400 0.080800
vn 0.270300 0.950000 0.156400
vn -0.444700 0.895700 -0.004100
vn -0.812200 0.572600 -0.111800
vn -0.975300 -0.079200 -0.206400
vn -0.688900 -0.695800 -0.203200
vn -0.269200 -0.953100 -0.138100
vn 0.092200 -0.993700 -0.064000
vn 0.445500 -0.895000 0.022700
vn 0.808400 -0.573300 0.133600
vn 0.970500 0.071400 0.230500
vn 0.690500 0.687300 0.225500
vn -0.086700 0.994500 0.058100
vn 0.272600 0.949800 0.153500
vn -0.435200 0.899300 -0.043000
vn -0.799400 0.578200 -0.163400
vn -0.964000 -0.076300 -0.254600
vn -0.682800 -0.695000 -0.225200
vn -0.269500 -0.953700 -0.133900
vn 0.087600 -0.995300 -0.040300
vn 0.435700 -0.897900 0.062500
vn 0.795000 -0.577500 0.185900
vn 0.957800 0.067700 0.279300
vn 0.684800 0.685000 0.248600
vn -0.078400 0.996400 0.030900
vn 0.273400 0.949900 0.151600
vn -0.419400 0.903200 -0.091400
vn -0.778400 0.584300 -0.229400
vn -0.945400 -0.072400 -0.317800
vn -0.673800 -0.693300 -0.255800
vn -0.270600 -0.953800 -0.130800
vn 0.080500 -0.996700 -0.011700
vn 0.419900 -0.900700 0.111700
vn 0.772900 -0.582200 0.252200
vn 0.937300 0.063600 0.342700
vn 0.675000 0.682500 0.280300
vn -0.066700 0.997800 -0.000300
vn 0.273800 0.949800 0.151100
vn -0.397000 0.905800 -0.148200
vn -0.747600 0.588500 -0.307800
vn -0.916400 -0.070200 -0.394000
vn -0.659500 -0.691700 -0.294100
vn -0.272800 -0.953300 -0.129900
vn 0.068200 -0.997500 0.020100
vn 0.397300 -0.901900 0.169300
vn 0.741100 -0.584300 0.330800
vn 0.906100 0.060500 0.418700
vn 0.659600 0.680200 0.319700
vn -0.060100 0.998100 -0.016700
vn 0.274000 0.949800 0.151200
vn -0.383800 0.906100 -0.178200
vn -0.728000 0.590000 -0.349100
vn -0.897900 -0.070100 -0.434700
vn -0.650200 -0.691500 -0.314800
vn -0.273900 -0.953000 -0.129800
vn 0.060800 -0.997500 0.036800
vn 0.383900 -0.901500 0.199800
vn 0.721200 -0.584200 0.372300
vn 0.886400 0.059200 0.459100
vn 0.649800 0.679300 0.341000
vn -0.231300 0.952500 0.198000
vn -0.210700 0.963300 0.166000
vn 0.124700 0.934900 0.332400
vn 0.108000 0.926800 0.359700
vn -0.538900 0.842300 0.011400
vn -0.517500 0.855400 -0.021000
vn -0.828200 0.509400 -0.233500
vn -0.810800 0.524700 -0.259400
vn -0.878600 -0.134900 -0.458100
vn -0.876000 -0.121800 -0.466700
vn -0.527500 -0.709500 -0.467200
vn -0.540300 -0.707300 -0.455800
vn -0.109400 -0.935700 -0.335400
vn -0.128800 -0.941500 -0.311400
vn 0.226200 -0.957600 -0.178600
vn 0.204800 -0.967400 -0.149000
vn 0.529400 -0.848400 0.005700
vn 0.508600 -0.860200 0.036400
vn 0.812400 -0.526900 0.249800
vn 0.797200 -0.537200 0.275500
vn 0.871700 0.098700 0.480000
vn 0.867300 0.096900 0.488200
vn 0.530700 0.687100 0.496200
vn 0.538500 0.691600 0.481300
vn -0.174100 0.978200 0.113500
vn 0.156400 0.944900 0.287700
vn -0.480700 0.873700 -0.074200
vn -0.781900 0.545000 -0.302600
vn -0.870400 -0.105600 -0.480800
vn -0.560600 -0.704200 -0.435600
vn -0.161500 -0.948900 -0.271000
vn 0.168000 -0.980700 -0.099900
vn 0.472900 -0.876800 0.086900
vn 0.770500 -0.553300 0.316600
vn 0.861600 0.089400 0.499600
vn 0.556500 0.694300 0.456300
vn -0.145100 0.986300 0.078500
vn 0.182300 0.949100 0.256900
vn -0.452800 0.884900 -0.109000
vn -0.761300 0.558300 -0.329800
vn -0.867900 -0.093700 -0.487800
vn -0.577600 -0.700000 -0.419800
vn -0.187500 -0.951800 -0.242700
vn 0.139200 -0.988000 -0.066800
vn 0.445500 -0.887200 0.120000
vn 0.751000 -0.564700 0.342200
vn 0.859500 0.081700 0.504600
vn 0.572800 0.693100 0.437700
vn -0.120000 0.991400 0.051300
vn 0.205400 0.950700 0.232300
vn -0.429200 0.893100 -0.135000
vn -0.744700 0.568900 -0.349000
vn -0.867400 -0.083600 -0.490600
vn -0.593400 -0.695400 -0.405400
vn -0.210700 -0.952600 -0.219400
vn 0.114200 -0.992600 -0.040900
vn 0.422200 -0.894900 0.144900
vn 0.735100 -0.574200 0.360300
vn 0.859300 0.073700 0.506100
vn 0.588300 0.690000 0.421600
vn -0.096300 0.995000 0.027500
vn 0.227600 0.950900 0.209800
vn -0.407600 0.899500 -0.157100
vn -0.730400 0.578000 -0.364000
vn -0.868200 -0.074400 -0.490600
vn -0.609000 -0.690300 -0.390700
vn -0.232900 -0.952100 -0.198000
vn 0.090600 -0.995700 -0.017900
vn 0.400700 -0.901000 0.166300
vn 0.721000 -0.582800 0.374700
vn 0.860400 0.065500 0.505400
vn 0.604000 0.685900 0.405800
vn -0.072900 0.997300 0.004200
vn 0.250000 0.950000 0.187100
vn -0.386900 0.904800 -0.178000
vn -0.717100 0.586100 -0.377100
vn -0.870100 -0.065400 -0.488500
vn -0.625300 -0.684700 -0.374400
vn -0.255400 -0.950700 -0.175900
vn 0.067300 -0.997700 0.005000
vn 0.379800 -0.906000 0.186700
vn 0.707700 -0.590900 0.387400
vn 0.862500 0.056800 0.502900
vn 0.620400 0.681000 0.389000
vn -0.048800 0.998600 -0.020600
vn 0.273600 0.948000 0.162500
vn -0.365600 0.909100 -0.199500
vn -0.704200 0.593500 -0.389700
vn -0.873100 -0.056600 -0.484200
vn -0.643000 -0.678500 -0.355400
vn -0.278900 -0.948300 -0.151400
vn 0.043000 -0.998600 0.029600
vn 0.358300 -0.910200 0.208000
vn 0.694400 -0.598300 0.399700
vn 0.865500 0.048000 0.498600
vn 0.638100 0.675200 0.370000
vn -0.023000 0.998500 -0.049000
vn 0.299400 0.944700 0.133900
vn -0.343100 0.912300 -0.223600
vn -0.691100 0.600100 -0.402800
vn -0.877300 -0.048000 -0.477600
vn -0.662600 -0.671200 -0.332300
vn -0.304700 -0.944500 -0.122700
vn 0.016800 -0.998200 0.057900
vn 0.335300 -0.913100 0.232000
vn 0.680700 -0.605100 0.413000
vn 0.869400 0.039000 0.492500
vn 0.658000 0.668200 0.347200
vn 0.005900 0.996500 -0.083600
vn 0.328500 0.939300 0.098700
vn -0.318400 0.913700 -0.252500
vn -0.677100 0.605700 -0.417900
vn -0.882700 -0.039200 -0.468200
vn -0.685200 -0.662300 -0.303100
vn -0.333900 -0.938600 -0.087200
vn -0.012600 -0.995600 0.092600
vn 0.309800 -0.914300 0.261100
vn 0.665600 -0.611100 0.428400
vn 0.874500 0.029000 0.484200
vn 0.680800 0.659500 0.318800
vn 0.039500 0.991000 -0.127700
vn 0.362300 0.930500 0.053200
vn -0.290000 0.912300 -0.289200
vn -0.661800 0.609500 -0.436500
vn -0.889900 -0.029900 -0.455200
vn -0.711800 -0.650600 -0.264700
vn -0.367900 -0.929000 -0.041100
vn -0.046700 -0.989400 0.137200
vn 0.280300 -0.912500 0.298100
vn 0.648400 -0.615700 0.447700
vn 0.880900 0.017500 0.472900
vn 0.707800 0.647800 0.281800
vn 0.079700 0.979100 -0.187200
vn 0.403300 0.915100 -0.008100
vn -0.256300 0.905500 -0.338300
vn -0.644300 0.610300 -0.460900
vn -0.899400 -0.019100 -0.436700
vn -0.744300 -0.633100 -0.212600
vn -0.408900 -0.912300 0.021100
vn -0.087600 -0.976400 0.197200
vn 0.244700 -0.905100 0.347600
vn 0.627700 -0.618100 0.473300
vn 0.889100 0.003400 0.457700
vn 0.740900 0.630300 0.232000
vn 0.122500 0.959300 -0.254300
vn 0.444500 0.892800 -0.072900
vn -0.217100 0.891100 -0.398400
vn -0.618300 0.606400 -0.499900
vn -0.901400 -0.009900 -0.432900
vn -0.770200 -0.615400 -0.167600
vn -0.445000 -0.891700 0.083300
vn -0.125300 -0.956900 0.261800
vn 0.210900 -0.889500 0.405200
vn 0.606800 -0.610800 0.508600
vn 0.893500 -0.004400 0.449000
vn 0.770900 0.610000 0.183300
vn 0.152100 0.940600 -0.303400
vn 0.467500 0.877000 -0.111100
vn -0.184300 0.872600 -0.452400
vn -0.588400 0.593000 -0.549700
vn -0.888400 -0.012600 -0.458800
vn -0.777700 -0.608900 -0.156600
vn -0.463800 -0.878000 0.118300
vn -0.149600 -0.939400 0.308600
vn 0.185500 -0.870100 0.456700
vn 0.585700 -0.591800 0.553800
vn 0.884400 0.005100 0.466700
vn 0.780500 0.602400 0.166800
vn 0.167700 0.928200 -0.332200
vn 0.474900 0.871000 -0.125700
vn -0.162900 0.855600 -0.491400
vn -0.563600 0.574100 -0.593900
vn -0.869700 -0.025500 -0.492800
vn -0.774300 -0.611000 -0.164600
vn -0.472400 -0.871400 0.132700
vn -0.166000 -0.926600 0.337400
vn 0.163600 -0.852800 0.495900
vn 0.561300 -0.571900 0.598200
vn 0.865700 0.021100 0.500200
vn 0.775700 0.606600 0.174100
vn 0.178500 0.919200 -0.351000
vn 0.478500 0.867900 -0.133300
vn -0.146400 0.842200 -0.519000
vn -0.543000 0.558500 -0.627000
vn -0.852700 -0.037200 -0.521000
vn -0.769400 -0.614500 -0.174700
vn -0.477400 -0.867500 0.139700
vn -0.177800 -0.917400 0.356000
vn 0.146500 -0.839400 0.523500
vn 0.541200 -0.555300 0.631400
vn 0.848800 0.036000 0.527400
vn 0.769200 0.612300 0.182900
vn 0.182700 0.915500 -0.358500
vn 0.477200 0.868700 -0.133000
vn -0.137400 0.834700 -0.533200
vn -0.529400 0.548400 -0.647300
vn -0.839100 -0.046100 -0.542000
vn -0.762800 -0.619000 -0.186700
vn -0.477700 -0.867500 0.138400
vn -0.183000 -0.913600 0.363000
vn 0.137000 -0.832000 0.537700
vn 0.527900 -0.544400 0.651800
vn 0.835600 0.048300 0.547200
vn 0.761000 0.619400 0.193000
vn 0.178600 0.918200 -0.353500
vn 0.469900 0.873900 -0.124300
vn -0.138000 0.834900 -0.532900
vn -0.524900 0.545600 -0.653300
vn -0.830300 -0.050600 -0.555000
vn -0.754800 -0.624400 -0.200700
vn -0.472100 -0.872100 0.128300
vn -0.179900 -0.916400 0.357500
vn 0.137000 -0.832200 0.537300
vn 0.524000 -0.540700 0.658100
vn 0.827400 0.056700 0.558800
vn 0.751300 0.627500 0.204600
vn 0.164900 0.927600 -0.335200
vn 0.455900 0.883600 -0.106600
vn -0.149500 0.842900 -0.516800
vn -0.531100 0.550800 -0.643800
vn -0.827700 -0.050200 -0.558900
vn -0.745500 -0.630400 -0.216200
vn -0.459900 -0.881200 0.109200
vn -0.167500 -0.925900 0.338700
vn 0.147900 -0.840600 0.521100
vn 0.530800 -0.545100 0.648900
vn 0.825300 0.060300 0.561400
vn 0.740300 0.636100 0.217700
vn 0.141600 0.942300 -0.303300
vn 0.435700 0.896600 -0.079500
vn -0.172600 0.857600 -0.484500
vn -0.548700 0.562900 -0.618100
vn -0.832000 -0.045600 -0.552800
vn -0.735400 -0.636500 -0.232800
vn -0.441300 -0.893700 0.080800
vn -0.145500 -0.940900 0.305900
vn 0.170300 -0.855700 0.488600
vn 0.548900 -0.556700 0.623600
vn 0.830000 0.059100 0.554700
vn 0.728400 0.644500 0.232400
vn 0.109800 0.960000 -0.257500
vn 0.410200 0.911000 -0.043000
vn -0.206100 0.876200 -0.435700
vn -0.577000 0.579200 -0.575800
vn -0.843100 -0.037700 -0.536400
vn -0.725100 -0.641600 -0.250200
vn -0.417400 -0.907700 0.043300
vn -0.114900 -0.958900 0.259500
vn 0.203200 -0.874900 0.439700
vn 0.577600 -0.572700 0.581700
vn 0.841100 0.054600 0.538000
vn 0.716200 0.652200 0.248400
vn 0.072500 0.977300 -0.199000
vn 0.381000 0.924600 0.001500
vn -0.246700 0.895000 -0.371700
vn -0.613200 0.596200 -0.518200
vn -0.859700 -0.028500 -0.510000
vn -0.715200 -0.645600 -0.267700
vn -0.389700 -0.921000 -0.001800
vn -0.078400 -0.976500 0.200800
vn 0.243400 -0.894300 0.375400
vn 0.614300 -0.589600 0.524400
vn 0.857600 0.048100 0.512000
vn 0.704500 0.658300 0.265100
vn 0.033300 0.990800 -0.131100
vn 0.351300 0.934800 0.051800
vn -0.290400 0.910000 -0.295800
vn -0.653600 0.610000 -0.448100
vn -0.879800 -0.020900 -0.474900
vn -0.706200 -0.648500 -0.284100
vn -0.360700 -0.931200 -0.052300
vn -0.039400 -0.990400 0.132600
vn 0.287000 -0.910000 0.299200
vn 0.654900 -0.603900 0.454400
vn 0.877500 0.041700 0.477800
vn 0.694200 0.662300 0.281900
vn -0.004500 0.998300 -0.058200
vn 0.323900 0.940200 0.105000
vn -0.333100 0.918500 -0.213200
vn -0.693700 0.617800 -0.370400
vn -0.900900 -0.017100 -0.433700
vn -0.698500 -0.650200 -0.298800
vn -0.333500 -0.936900 -0.105200
vn -0.001800 -0.998200 0.059500
vn 0.329700 -0.919000 0.216200
vn 0.695000 -0.612600 0.376500
vn 0.898300 0.037400 0.437900
vn 0.686100 0.663700 0.297800
vn -0.036500 0.999300 0.012500
vn 0.301200 0.940600 0.156700
vn -0.369300 0.919700 -0.133200
vn -0.727600 0.619100 -0.295700
vn -0.918400 -0.017500 -0.395200
vn -0.690500 -0.651500 -0.314300
vn -0.308700 -0.938000 -0.157600
vn 0.031700 -0.999400 -0.012600
vn 0.367500 -0.920200 0.134500
vn 0.730100 -0.614100 0.299600
vn 0.916700 0.035400 0.398000
vn 0.680200 0.662900 0.312900
vn -0.061600 0.995300 0.074900
vn 0.282800 0.937300 0.203900
vn -0.397200 0.915500 -0.064300
vn -0.753300 0.614800 -0.233600
vn -0.930300 -0.020900 -0.366100
vn -0.682200 -0.651600 -0.331800
vn -0.287800 -0.935300 -0.205800
vn 0.058500 -0.995400 -0.076300
vn 0.396800 -0.915700 0.063900
vn 0.756600 -0.610100 0.235100
vn 0.929500 0.035800 0.367100
vn 0.674600 0.660400 0.329600
vn -0.081200 0.988500 0.127700
vn 0.267600 0.931900 0.244800
vn -0.418500 0.908200 -0.007100
vn -0.772700 0.607900 -0.182800
vn -0.938900 -0.025100 -0.343400
vn -0.675700 -0.650100 -0.347600
vn -0.272100 -0.930200 -0.246200
vn 0.078800 -0.988600 -0.128600
vn 0.418200 -0.908400 0.006800
vn 0.775400 -0.604000 0.184300
vn 0.937900 0.037400 0.345000
vn 0.669100 0.657600 0.346300
vn -0.096300 0.980500 0.171600
vn 0.256100 0.925600 0.278800
vn -0.435200 0.899400 0.040600
vn -0.787900 0.599600 -0.140400
vn -0.945400 -0.029800 -0.324500
vn -0.670700 -0.648100 -0.360600
vn -0.260200 -0.924100 -0.279900
vn 0.094500 -0.980500 -0.172300
vn 0.435100 -0.899500 -0.040700
vn 0.790000 -0.596400 0.141900
vn 0.944500 0.039800 0.326200
vn 0.664800 0.654500 0.360000
vn -0.108000 0.972100 0.208200
vn 0.247500 0.918900 0.307200
vn -0.448400 0.890200 0.080300
vn -0.799600 0.591300 -0.105000
vn -0.950600 -0.034300 -0.308600
vn -0.666500 -0.646400 -0.371500
vn -0.251000 -0.917700 -0.307900
vn 0.106100 -0.972200 -0.208800
vn 0.448500 -0.890200 -0.080400
vn 0.801500 -0.588400 0.106300
vn 0.949700 0.042500 0.310400
vn 0.661500 0.651600 0.371300
vn -0.117000 0.964000 0.238700
vn 0.240900 0.912500 0.330700
vn -0.458900 0.881300 0.113300
vn -0.808800 0.583300 -0.075400
vn -0.954700 -0.038000 -0.295200
vn -0.663300 -0.644400 -0.380500
vn -0.243500 -0.911600 -0.331200
vn 0.115300 -0.964100 -0.239200
vn 0.458800 -0.881300 -0.113400
vn 0.810500 -0.580700 0.076700
vn 0.953800 0.045100 0.297000
vn 0.659100 0.648700 0.380400
vn -0.124200 0.956500 0.264000
vn 0.235200 0.906700 0.350000
vn -0.466900 0.873000 0.141000
vn -0.816200 0.575500 -0.050800
vn -0.957900 -0.042000 -0.284000
vn -0.660900 -0.642500 -0.387800
vn -0.237400 -0.906000 -0.350500
vn 0.123000 -0.956600 -0.264300
vn 0.466700 -0.873100 -0.141100
vn 0.817500 -0.573600 0.051800
vn 0.957200 0.047700 0.285600
vn 0.657300 0.646100 0.387900
vn -0.129900 0.949700 0.285000
vn 0.230500 0.901600 0.366100
vn -0.473000 0.865700 0.164100
vn -0.822100 0.568500 -0.030300
vn -0.960500 -0.045700 -0.274600
vn -0.658900 -0.640900 -0.393800
vn -0.232400 -0.901000 -0.366400
vn 0.129100 -0.949700 -0.285200
vn 0.472700 -0.865800 -0.164200
vn 0.823100 -0.567100 0.030900
vn 0.959800 0.050500 0.276000
vn 0.655900 0.643900 0.394000
vn -0.134600 0.943700 0.302200
vn 0.227200 0.897000 0.379200
vn -0.477900 0.859100 0.183200
vn -0.826700 0.562400 -0.013100
vn -0.962500 -0.049000 -0.266700
vn -0.657400 -0.639500 -0.398600
vn -0.228600 -0.896500 -0.379400
vn 0.133800 -0.943700 -0.302500
vn 0.477500 -0.859300 -0.183400
vn 0.827500 -0.561300 0.013700
vn 0.962000 0.053000 0.267900
vn 0.655000 0.641800 0.398900
vn -0.138100 0.938500 0.316400
vn 0.225100 0.892900 0.390000
vn -0.482000 0.853300 0.198700
vn -0.830400 0.557200 0.001100
vn -0.964200 -0.052000 -0.260000
vn -0.656100 -0.638500 -0.402300
vn -0.226000 -0.892700 -0.390000
vn 0.137400 -0.938600 -0.316500
vn 0.481400 -0.853600 -0.198900
vn 0.830900 -0.556500 -0.000600
vn 0.963700 0.055200 0.261100
vn 0.654200 0.640200 0.402600
vn -0.140900 0.934300 0.327400
vn 0.223300 0.889700 0.398200
vn -0.485100 0.848600 0.211100
vn -0.833100 0.553000 0.012500
vn -0.965500 -0.054600 -0.254600
vn -0.655200 -0.637700 -0.405100
vn -0.224300 -0.889400 -0.398300
vn 0.140200 -0.934300 -0.327600
vn 0.484800 -0.848800 -0.211200
vn 0.833600 -0.552300 -0.012100
vn 0.965100 0.057100 0.255400
vn 0.653700 0.639100 0.405300
vn -0.143100 0.931000 0.335800
vn 0.221700 0.887300 0.404400
vn -0.487200 0.844900 0.220700
vn -0.835300 0.549400 0.021500
vn -0.966600 -0.056700 -0.250000
vn -0.654700 -0.637000 -0.407000
vn -0.222900 -0.886900 -0.404600
vn 0.142400 -0.931000 -0.336100
vn 0.487300 -0.844900 -0.220700
vn 0.835800 -0.548700 -0.021100
vn 0.966300 0.058500 0.250700
vn 0.653500 0.638100 0.407100
vn -0.143300 0.930300 0.337600
vn 0.222000 0.887100 0.404700
vn -0.487900 0.843800 0.223600
vn -0.836600 0.547200 0.025000
vn -0.967200 -0.059500 -0.246900
vn -0.654500 -0.638300 -0.405300
vn -0.222300 -0.887000 -0.404700
vn 0.142800 -0.930400 -0.337700
vn 0.487500 -0.843900 -0.223800
vn 0.836200 -0.547900 -0.025400
vn 0.967400 0.058600 0.246500
vn 0.654600 0.638100 0.405300
vn -0.140300 0.935000 0.325800
vn 0.225300 0.891500 0.393100
vn -0.485700 0.847700 0.213100
vn -0.835700 0.548900 0.018300
vn -0.967300 -0.061900 -0.245900
vn -0.655500 -0.642600 -0.396700
vn -0.224400 -0.891700 -0.393000
vn 0.140300 -0.935000 -0.325800
vn 0.484800 -0.848200 -0.213500
vn 0.834100 -0.551300 -0.019500
vn 0.968000 0.057100 0.244200
vn 0.657800 0.640500 0.396400
vn -0.134300 0.943900 0.301600
vn 0.230800 0.899300 0.371400
vn -0.480400 0.856300 0.189600
vn -0.832000 0.554800 0.000900
vn -0.966600 -0.062300 -0.248400
vn -0.657900 -0.648500 -0.382900
vn -0.229000 -0.899900 -0.371100
vn 0.134800 -0.943900 -0.301400
vn 0.479500 -0.856700 -0.189900
vn 0.829900 -0.558000 -0.002400
vn 0.967700 0.055100 0.246200
vn 0.661600 0.645000 0.382500
vn -0.125600 0.955300 0.267500
vn 0.238400 0.908900 0.342200
vn -0.472200 0.867700 0.155100
vn -0.825800 0.563300 -0.026600
vn -0.964800 -0.061400 -0.255800
vn -0.660800 -0.654900 -0.366600
vn -0.235500 -0.909800 -0.341800
vn 0.126700 -0.955300 -0.267100
vn 0.471300 -0.868200 -0.155400
vn 0.823200 -0.567300 0.024800
vn 0.966100 0.051600 0.253000
vn 0.666100 0.649800 0.366200
vn -0.114100 0.967900 0.223700
vn 0.248200 0.919100 0.306000
vn -0.460700 0.880700 0.109900
vn -0.816600 0.573600 -0.063900
vn -0.961700 -0.059200 -0.267800
vn -0.664800 -0.661200 -0.347800
vn -0.244000 -0.920500 -0.305300
vn 0.115900 -0.967800 -0.223300
vn 0.460100 -0.881000 -0.110200
vn 0.813500 -0.578200 0.061900
vn 0.963100 0.046800 0.265000
vn 0.671600 0.654300 0.347700
vn -0.099800 0.980100 0.171900
vn 0.260100 0.928800 0.263900
vn -0.445800 0.893400 0.055600
vn -0.804200 0.584100 -0.109900
vn -0.957100 -0.056100 -0.284300
vn -0.669800 -0.666600 -0.327100
vn -0.255100 -0.930500 -0.262800
vn 0.101900 -0.980000 -0.171100
vn 0.445200 -0.893700 -0.055600
vn 0.800800 -0.589100 0.108000
vn 0.958500 0.042100 0.281900
vn 0.677700 0.658300 0.327700
vn -0.082600 0.990000 0.114000
vn 0.273900 0.936800 0.217800
vn -0.427200 0.904100 -0.005800
vn -0.788400 0.593200 -0.162600
vn -0.951000 -0.053200 -0.304600
vn -0.675900 -0.670500 -0.305800
vn -0.268800 -0.938600 -0.216400
vn 0.084800 -0.989900 -0.113200
vn 0.427000 -0.904200 0.005900
vn 0.785000 -0.598300 0.160900
vn 0.952300 0.038000 0.302900
vn 0.684200 0.661500 0.307100
vn -0.062500 0.996600 0.053300
vn 0.289500 0.942000 0.170000
vn -0.405700 0.911200 -0.070900
vn -0.769800 0.599500 -0.219200
vn -0.943500 -0.050800 -0.327500
vn -0.682700 -0.672900 -0.284700
vn -0.284400 -0.943800 -0.168400
vn 0.065100 -0.996500 -0.052300
vn 0.405800 -0.911200 0.071000
vn 0.766400 -0.604400 0.217600
vn 0.944500 0.035000 0.326700
vn 0.690900 0.663600 0.286800
vn -0.040500 0.999200 -0.006900
vn 0.306500 0.943900 0.123100
vn -0.382100 0.914000 -0.136100
vn -0.749100 0.602000 -0.276600
vn -0.934800 -0.049600 -0.351800
vn -0.689900 -0.673700 -0.264900
vn -0.301300 -0.945800 -0.121200
vn 0.043400 -0.999000 0.007900
vn 0.382500 -0.913900 0.136100
vn 0.745800 -0.606700 0.275200
vn 0.935400 0.034200 0.351900
vn 0.697600 0.664500 0.267800
vn -0.018000 0.997800 -0.064000
vn 0.324000 0.942700 0.079200
vn -0.357700 0.912500 -0.198300
vn -0.727300 0.600700 -0.331900
vn -0.925300 -0.049700 -0.376100
vn -0.697100 -0.673000 -0.247300
vn -0.318900 -0.944700 -0.077000
vn 0.020700 -0.997700 0.065000
vn 0.358200 -0.912400 0.198300
vn 0.724200 -0.605000 0.330800
vn 0.925500 0.035300 0.377000
vn 0.704300 0.664200 0.250800
vn 0.004000 0.993200 -0.116000
vn 0.341000 0.939200 0.039700
vn -0.333400 0.907500 -0.255300
vn -0.705300 0.596500 -0.383100
vn -0.915400 -0.050900 -0.399400
vn -0.703900 -0.671300 -0.232100
vn -0.336100 -0.941100 -0.037300
vn -0.001700 -0.993100 0.117000
vn 0.333800 -0.907400 0.255400
vn 0.702500 -0.600400 0.382200
vn 0.915300 0.038000 0.400900
vn 0.710400 0.663000 0.236000
vn 0.024800 0.986500 -0.161800
vn 0.356600 0.934200 0.005000
vn -0.310200 0.900200 -0.305800
vn -0.683900 0.590300 -0.428800
vn -0.905600 -0.053200 -0.420900
vn -0.710000 -0.669000 -0.219600
vn -0.352200 -0.935900 -0.002600
vn -0.022800 -0.986400 0.162800
vn 0.310500 -0.900000 0.305900
vn 0.681500 -0.593500 0.428200
vn 0.905300 0.042000 0.422700
vn 0.715700 0.661600 0.223600
vn 0.014700 0.989000 -0.147100
vn 0.344500 0.938600 0.017800
vn -0.317800 0.902600 -0.290400
vn -0.686900 0.596700 -0.414900
vn -0.908300 -0.038000 -0.416600
vn -0.715800 -0.660800 -0.225700
vn -0.353700 -0.935300 -0.010800
vn -0.021400 -0.987700 0.155000
vn 0.313400 -0.900900 0.300400
vn 0.685700 -0.588800 0.428000
vn 0.902300 0.056800 0.427300
vn 0.703300 0.671800 0.232400
vn -0.039700 0.998800 -0.028100
vn 0.297500 0.947900 0.114200
vn -0.373400 0.913100 -0.164100
vn -0.732300 0.609300 -0.304300
vn -0.928800 -0.022700 -0.369900
vn -0.705600 -0.657300 -0.264600
vn -0.319400 -0.942300 -0.100200
vn 0.025400 -0.998700 0.043700
vn 0.365500 -0.912400 0.184300
vn 0.732500 -0.593900 0.332800
vn 0.915800 0.066400 0.396100
vn 0.675000 0.682700 0.279800
vn -0.096500 0.987600 0.123900
vn 0.252200 0.938100 0.237400
vn -0.433300 0.901200 -0.004000
vn -0.784100 0.597800 -0.167200
vn -0.948500 -0.032000 -0.315100
vn -0.681900 -0.658700 -0.318000
vn -0.270700 -0.937000 -0.220700
vn 0.084700 -0.990600 -0.107400
vn 0.427100 -0.903900 0.024200
vn 0.783700 -0.589200 0.196500
vn 0.935500 0.062800 0.347600
vn 0.655100 0.674900 0.339700
vn -0.131600 0.961900 0.239800
vn 0.224600 0.916100 0.332000
vn -0.471100 0.874300 0.117100
vn -0.817200 0.572700 -0.065300
vn -0.959600 -0.047300 -0.277200
vn -0.664300 -0.654100 -0.361700
vn -0.238500 -0.919000 -0.313900
vn 0.123100 -0.967100 -0.222700
vn 0.466300 -0.879300 -0.097100
vn 0.815700 -0.570800 0.093600
vn 0.948300 0.063500 0.310900
vn 0.643800 0.660600 0.386000
vn -0.150400 0.937600 0.313300
vn 0.210200 0.895200 0.392900
vn -0.491700 0.849100 0.192900
vn -0.835300 0.549800 -0.003300
vn -0.964400 -0.060500 -0.257600
vn -0.652200 -0.648400 -0.392600
vn -0.219300 -0.900900 -0.374500
vn 0.144600 -0.944100 -0.296200
vn 0.487600 -0.855700 -0.173500
vn 0.832400 -0.553400 0.029500
vn 0.955200 0.064000 0.288900
vn 0.638500 0.647000 0.416800
vn -0.158400 0.924300 0.347200
vn 0.204600 0.883000 0.422400
vn -0.500000 0.835900 0.226300
vn -0.842600 0.538200 0.021600
vn -0.964800 -0.067800 -0.254000
vn -0.644700 -0.644800 -0.410700
vn -0.209800 -0.890300 -0.404100
vn 0.154400 -0.931200 -0.330200
vn 0.496300 -0.843000 -0.207500
vn 0.838100 -0.545500 0.002300
vn 0.957700 0.060900 0.281400
vn 0.637200 0.637100 0.433700
vn -0.157500 0.925100 0.345400
vn 0.205800 0.882000 0.424000
vn -0.498500 0.838100 0.221500
vn -0.841500 0.540100 0.013000
vn -0.962000 -0.068500 -0.264200
vn -0.640900 -0.644700 -0.416600
vn -0.208000 -0.890100 -0.405600
vn 0.154900 -0.931800 -0.328300
vn 0.495200 -0.844800 -0.202800
vn 0.835200 -0.549900 0.008800
vn 0.956100 0.053400 0.288000
vn 0.638700 0.632300 0.438400
vn -0.147000 0.939200 0.310400
vn 0.214300 0.891400 0.399400
vn -0.487700 0.854100 0.180700
vn -0.832000 0.554100 -0.027000
vn -0.955800 -0.063600 -0.287100
vn -0.640300 -0.648900 -0.411000
vn -0.213900 -0.899700 -0.380600
vn 0.145400 -0.945000 -0.292900
vn 0.484000 -0.859900 -0.162000
vn 0.823200 -0.565800 0.047000
vn 0.950400 0.041600 0.308200
vn 0.642500 0.632600 0.432500
vn -0.125200 0.961900 0.243200
vn 0.231600 0.907700 0.349800
vn -0.464800 0.879200 0.105000
vn -0.811500 0.576200 -0.097200
vn -0.945000 -0.055700 -0.322200
vn -0.643600 -0.656200 -0.394000
vn -0.228800 -0.915900 -0.330000
vn 0.124000 -0.966400 -0.225300
vn 0.459600 -0.883900 -0.086800
vn 0.799900 -0.588900 0.115900
vn 0.939300 0.027100 0.341900
vn 0.649400 0.636300 0.416400
vn -0.089200 0.985200 0.146200
vn 0.259500 0.925200 0.276900
vn -0.425600 0.904900 -0.002600
vn -0.776500 0.599100 -0.195200
vn -0.928600 -0.047200 -0.368000
vn -0.652100 -0.663600 -0.366500
vn -0.254900 -0.932500 -0.255900
vn 0.087700 -0.987900 -0.128300
vn 0.418900 -0.907800 0.020000
vn 0.762400 -0.611100 0.212700
vn 0.921500 0.013800 0.388100
vn 0.660300 0.641100 0.391100
vn -0.036600 0.999000 0.026500
vn 0.299200 0.935900 0.186000
vn -0.368100 0.920000 -0.134200
vn -0.725800 0.612000 -0.314000
vn -0.905900 -0.042300 -0.421500
vn -0.667300 -0.667200 -0.331100
vn -0.294200 -0.941500 -0.164100
vn 0.034700 -0.999400 -0.009300
vn 0.360600 -0.920500 0.150300
vn 0.709800 -0.622200 0.330200
vn 0.896300 0.007200 0.443500
vn 0.675200 0.644800 0.358300
vn 0.030600 0.994300 -0.102300
vn 0.350500 0.932500 0.087700
vn -0.295200 0.914800 -0.275600
vn -0.661300 0.606900 -0.440800
vn -0.877500 -0.044500 -0.477400
vn -0.688100 -0.664200 -0.292200
vn -0.346000 -0.935900 -0.065700
vn -0.032600 -0.992400 0.118400
vn 0.286800 -0.913200 0.289600
vn 0.643700 -0.615100 0.455300
vn 0.865100 0.011500 0.501500
vn 0.693800 0.644500 0.321500
vn 0.067000 0.983700 -0.166600
vn 0.377600 0.925200 0.037700
vn -0.254300 0.903300 -0.345400
vn -0.623800 0.598300 -0.502800
vn -0.861700 -0.047200 -0.505300
vn -0.699300 -0.660900 -0.272400
vn -0.374200 -0.927200 -0.016500
vn -0.069300 -0.980900 0.181700
vn 0.245500 -0.900900 0.358000
vn 0.605900 -0.605200 0.516300
vn 0.847900 0.017200 0.529900
vn 0.703300 0.643700 0.301800
vn -0.071200 0.985700 0.152400
vn -0.071000 0.985900 0.151800
vn 0.279500 0.923000 0.264600
vn 0.278600 0.922600 0.266900
vn -0.411800 0.911100 0.017600
vn -0.412000 0.911000 0.018800
vn -0.771100 0.615600 -0.162300
vn -0.772100 0.615200 -0.159200
vn -0.942300 -0.015400 -0.334500
vn -0.943800 -0.016800 -0.330000
vn -0.682900 -0.639800 -0.352600
vn -0.683700 -0.641100 -0.348600
vn -0.282600 -0.923300 -0.260200
vn -0.283000 -0.923800 -0.257900
vn 0.067800 -0.986900 -0.146300
vn 0.067700 -0.987000 -0.145800
vn 0.408100 -0.912900 -0.011100
vn 0.408400 -0.912700 -0.012300
vn 0.767400 -0.618100 0.170700
vn 0.768300 -0.617900 0.167300
vn 0.938700 0.014400 0.344500
vn 0.940400 0.014600 0.339700
vn 0.678500 0.639800 0.361100
vn 0.680000 0.640300 0.357100
vn -0.069200 0.986700 0.147300
vn 0.282500 0.924100 0.257500
vn -0.411600 0.911200 0.017400
vn -0.773400 0.614500 -0.156100
vn -0.946500 -0.018900 -0.322200
vn -0.686300 -0.643100 -0.339600
vn -0.285300 -0.925000 -0.250800
vn 0.066300 -0.987700 -0.141300
vn 0.408200 -0.912800 -0.011100
vn 0.769300 -0.617500 0.163800
vn 0.943300 0.015100 0.331500
vn 0.683700 0.641400 0.348100
vn -0.065300 0.988500 0.136300
vn 0.287100 0.926000 0.245200
vn -0.408900 0.912500 0.009300
vn -0.772700 0.614600 -0.158700
vn -0.948400 -0.020600 -0.316400
vn -0.689900 -0.645300 -0.328000
vn -0.289300 -0.927100 -0.238400
vn 0.062600 -0.989500 -0.130300
vn 0.405500 -0.914100 -0.003000
vn 0.768400 -0.618100 0.166100
vn 0.945400 0.015400 0.325400
vn 0.688100 0.642800 0.336500
vn -0.059400 0.991200 0.118700
vn 0.293200 0.928600 0.227300
vn -0.403700 0.914900 -0.005600
vn -0.770200 0.615600 -0.166900
vn -0.949700 -0.022100 -0.312500
vn -0.694300 -0.647800 -0.313600
vn -0.294900 -0.929700 -0.220400
vn 0.056800 -0.992000 -0.112600
vn 0.400300 -0.916300 0.011900
vn 0.765500 -0.619400 0.174200
vn 0.946800 0.015300 0.321400
vn 0.693400 0.644500 0.322300
vn -0.051000 0.994300 0.093900
vn 0.301300 0.931600 0.203500
vn -0.396300 0.917700 -0.027800
vn -0.765900 0.616900 -0.181100
vn -0.950400 -0.023400 -0.310200
vn -0.699600 -0.650400 -0.295800
vn -0.302500 -0.932700 -0.196300
vn 0.048800 -0.995000 -0.087600
vn 0.392800 -0.919000 0.034200
vn 0.760500 -0.621400 0.188300
vn 0.947600 0.015000 0.319200
vn 0.699500 0.646300 0.304800
vn -0.040000 0.997300 0.061000
vn 0.311800 0.934300 0.172700
vn -0.386300 0.920500 -0.058200
vn -0.759500 0.618400 -0.201700
vn -0.950600 -0.024400 -0.309500
vn -0.706200 -0.652800 -0.274100
vn -0.312300 -0.935500 -0.165300
vn 0.038000 -0.997800 -0.054500
vn 0.382600 -0.921600 0.064800
vn 0.753300 -0.623600 0.208900
vn 0.947700 0.014100 0.318800
vn 0.707000 0.647800 0.283600
vn -0.026000 0.999500 0.018500
vn 0.325000 0.936200 0.133800
vn -0.373300 0.922500 -0.098300
vn -0.750600 0.619500 -0.229700
vn -0.950300 -0.025300 -0.310500
vn -0.714300 -0.654600 -0.247600
vn -0.324900 -0.937300 -0.125900
vn 0.024000 -0.999600 -0.011800
vn 0.369300 -0.923400 0.104900
vn 0.743600 -0.625200 0.237100
vn 0.947200 0.012900 0.320400
vn 0.716200 0.648400 0.257900
vn -0.008000 0.999300 -0.035500
vn 0.341700 0.936000 0.085100
vn -0.356400 0.922200 -0.149700
vn -0.738900 0.618900 -0.266600
vn -0.949300 -0.026400 -0.313200
vn -0.724500 -0.654800 -0.215100
vn -0.341100 -0.936900 -0.076500
vn 0.006000 -0.999100 0.042400
vn 0.351800 -0.922900 0.156500
vn 0.730600 -0.625400 0.274200
vn 0.945900 0.011600 0.324200
vn 0.727500 0.647600 0.226600
vn 0.015300 0.994600 -0.103100
vn 0.363000 0.931500 0.024400
vn -0.334700 0.917500 -0.214800
vn -0.723500 0.614900 -0.313800
vn -0.947700 -0.028200 -0.317900
vn -0.737200 -0.652500 -0.175400
vn -0.361800 -0.932200 -0.015200
vn -0.017300 -0.993700 0.110300
vn 0.329400 -0.917800 0.221800
vn 0.713600 -0.622200 0.322000
vn 0.943700 0.010400 0.330700
vn 0.741400 0.644000 0.188600
vn 0.045000 0.981400 -0.186900
vn 0.389800 0.919500 -0.050200
vn -0.306500 0.904700 -0.295900
vn -0.703500 0.604700 -0.373300
vn -0.945300 -0.031100 -0.324600
vn -0.753000 -0.645700 -0.127000
vn -0.387600 -0.919900 0.060500
vn -0.046900 -0.979800 0.194500
vn 0.300600 -0.904300 0.303100
vn 0.691600 -0.612800 0.382200
vn 0.940300 0.010100 0.340300
vn 0.758600 0.635800 0.142500
vn 0.082600 0.953900 -0.288600
vn 0.423700 0.894900 -0.140400
vn -0.270800 0.878000 -0.394800
vn -0.678200 0.583900 -0.446200
vn -0.942100 -0.036100 -0.333500
vn -0.772900 -0.630800 -0.069100
vn -0.420200 -0.894700 0.151600
vn -0.084000 -0.951400 0.296400
vn 0.264100 -0.876800 0.401800
vn 0.663600 -0.592900 0.456100
vn 0.935400 0.011500 0.353500
vn 0.780000 0.619600 0.087900
vn 0.110900 0.924500 -0.364700
vn 0.447100 0.869700 -0.209200
vn -0.241100 0.850000 -0.468300
vn -0.653200 0.566900 -0.502000
vn -0.937600 -0.030900 -0.346400
vn -0.790900 -0.611000 -0.032200
vn -0.446500 -0.868500 0.215400
vn -0.112200 -0.922500 0.369300
vn 0.237800 -0.848500 0.472800
vn 0.646400 -0.568900 0.508400
vn 0.933600 0.023500 0.357600
vn 0.792600 0.608300 0.042300
vn 0.108400 0.926700 -0.359800
vn 0.443000 0.872500 -0.206200
vn -0.241500 0.852800 -0.463100
vn -0.649700 0.573100 -0.499500
vn -0.935700 -0.019800 -0.352200
vn -0.793500 -0.607100 -0.041800
vn -0.446900 -0.870400 0.206800
vn -0.109900 -0.925900 0.361500
vn 0.242400 -0.851100 0.465700
vn 0.653900 -0.566300 0.501700
vn 0.936100 0.034300 0.350200
vn 0.787600 0.614800 0.039800
vn 0.085800 0.949800 -0.300700
vn 0.422700 0.893100 -0.153900
vn -0.263200 0.875300 -0.405600
vn -0.665500 0.590600 -0.456300
vn -0.938400 -0.015500 -0.345200
vn -0.781900 -0.619000 -0.074100
vn -0.427400 -0.890800 0.154500
vn -0.087600 -0.949000 0.302800
vn 0.264500 -0.873500 0.408700
vn 0.670800 -0.582300 0.459400
vn 0.938500 0.033300 0.343600
vn 0.774600 0.628400 0.072000
vn 0.058500 0.972100 -0.227200
vn 0.398200 0.913000 -0.088500
vn -0.289600 0.896900 -0.334100
vn -0.684600 0.607500 -0.402700
vn -0.941600 -0.010800 -0.336500
vn -0.767900 -0.630200 -0.114400
vn -0.403800 -0.910400 0.089400
vn -0.060500 -0.971400 0.229700
vn 0.291200 -0.895000 0.337800
vn 0.690800 -0.597800 0.406800
vn 0.941300 0.032500 0.336000
vn 0.758800 0.641500 0.112700
vn 0.026700 0.990000 -0.138400
vn 0.369600 0.929100 -0.009400
vn -0.320200 0.914400 -0.247800
vn -0.706900 0.621300 -0.338000
vn -0.945400 -0.006800 -0.326000
vn -0.751400 -0.639300 -0.163100
vn -0.376100 -0.926500 0.010800
vn -0.028900 -0.989500 0.141300
vn 0.322200 -0.912400 0.252300
vn 0.713900 -0.610000 0.343800
vn 0.944300 0.032000 0.327400
vn 0.740400 0.652200 0.162200
vn -0.008000 0.999300 -0.036400
vn 0.338100 0.937600 0.081500
vn -0.353500 0.923500 -0.149000
vn -0.731700 0.628300 -0.264200
vn -0.949500 -0.004800 -0.313800
vn -0.732900 -0.644100 -0.219000
vn -0.345400 -0.935100 -0.079600
vn 0.005900 -0.999200 0.039800
vn 0.355900 -0.921700 0.154100
vn 0.739100 -0.616400 0.271600
vn 0.947400 0.032300 0.318300
vn 0.720300 0.658000 0.219600
vn -0.043300 0.996500 0.072200
vn 0.306200 0.935000 0.178700
vn -0.387600 0.920800 -0.043900
vn -0.757200 0.626200 -0.186000
vn -0.953500 -0.005400 -0.301300
vn -0.713500 -0.642800 -0.278700
vn -0.313900 -0.933000 -0.176200
vn 0.041300 -0.996800 -0.068500
vn 0.389900 -0.919500 0.049400
vn 0.764300 -0.614700 0.195100
vn 0.950400 0.032500 0.309300
vn 0.700000 0.656300 0.281400
vn -0.075900 0.981200 0.177300
vn 0.277200 0.921200 0.273100
vn -0.419300 0.906000 0.057600
vn -0.781000 0.614600 -0.111000
vn -0.957000 -0.008600 -0.290100
vn -0.694800 -0.635300 -0.337100
vn -0.284500 -0.919800 -0.270100
vn 0.073900 -0.982000 -0.173500
vn 0.421400 -0.905400 -0.051800
vn 0.787200 -0.604700 0.121200
vn 0.953100 0.032300 0.300900
vn 0.681800 0.646800 0.341800
vn -0.103100 0.957800 0.268300
vn 0.253400 0.899800 0.355200
vn -0.445800 0.883300 0.145000
vn -0.800800 0.597000 -0.047000
vn -0.959400 -0.013300 -0.281700
vn -0.678400 -0.623500 -0.388500
vn -0.259500 -0.899400 -0.351600
vn 0.101400 -0.959100 -0.264400
vn 0.447400 -0.883400 -0.139300
vn 0.805500 -0.589800 0.057200
vn 0.955400 0.031300 0.293700
vn 0.667400 0.631800 0.394300
vn -0.123200 0.933300 0.337300
vn 0.236100 0.877400 0.417700
vn -0.465200 0.859700 0.210900
vn -0.815400 0.578900 0.000500
vn -0.960700 -0.018200 -0.277100
vn -0.665400 -0.611200 -0.428500
vn -0.240600 -0.878000 -0.413800
vn 0.121800 -0.934900 -0.333400
vn 0.466200 -0.860500 -0.205500
vn 0.818300 -0.574700 0.008700
vn 0.957100 0.029700 0.288300
vn 0.657100 0.615900 0.434600
vn -0.135300 0.914600 0.381000
vn 0.225500 0.860000 0.457700
vn -0.477200 0.841800 0.252100
vn -0.824600 0.565000 0.029100
vn -0.960900 -0.022400 -0.276100
vn -0.656300 -0.601900 -0.455000
vn -0.228300 -0.861400 -0.453600
vn 0.134300 -0.916400 -0.377100
vn 0.477400 -0.843200 -0.247200
vn 0.825700 -0.563800 -0.021600
vn 0.958100 0.027300 0.285200
vn 0.651100 0.603100 0.460800
vn -0.140200 0.905900 0.399600
vn 0.221400 0.851600 0.475200
vn -0.482400 0.833700 0.268700
vn -0.828700 0.558300 0.039400
vn -0.960200 -0.025100 -0.278200
vn -0.651100 -0.597800 -0.467700
vn -0.222400 -0.853600 -0.471100
vn 0.139300 -0.907700 -0.395700
vn 0.481600 -0.835500 -0.264600
vn 0.828000 -0.559700 -0.033700
vn 0.958300 0.024000 0.284700
vn 0.649100 0.595900 0.472900
vn -0.135900 0.913200 0.384200
vn 0.226400 0.857500 0.462000
vn -0.479100 0.840500 0.253000
vn -0.827000 0.561600 0.025800
vn -0.958600 -0.029000 -0.283400
vn -0.650500 -0.603800 -0.460700
vn -0.224800 -0.860100 -0.457900
vn 0.135000 -0.914800 -0.380700
vn 0.476300 -0.843000 -0.250100
vn 0.822900 -0.567600 -0.023800
vn 0.958400 0.017500 0.284800
vn 0.653900 0.597100 0.464600
vn -0.118200 0.939200 0.322400
vn 0.243900 0.880700 0.406100
vn -0.463400 0.864700 0.193900
vn -0.817100 0.576200 -0.017600
vn -0.957000 -0.033800 -0.288200
vn -0.658600 -0.621800 -0.423700
vn -0.240100 -0.884000 -0.401200
vn 0.117300 -0.940600 -0.318600
vn 0.458600 -0.867800 -0.191400
vn 0.808800 -0.587900 0.016900
vn 0.958000 0.009800 0.286500
vn 0.667400 0.609600 0.427700
vn -0.087000 0.972200 0.217300
vn 0.272700 0.910700 0.310300
vn -0.434600 0.895700 0.094300
vn -0.798000 0.596200 -0.088200
vn -0.955800 -0.037000 -0.291700
vn -0.676000 -0.643900 -0.358400
vn -0.268200 -0.914300 -0.303500
vn 0.085900 -0.973500 -0.212000
vn 0.428200 -0.899100 -0.090700
vn 0.785900 -0.612000 0.088300
vn 0.956300 0.003700 0.292300
vn 0.687600 0.627400 0.365400
vn -0.042700 0.996400 0.073900
vn 0.313700 0.932300 0.180100
vn -0.393600 0.918300 -0.041900
vn -0.770500 0.610200 -0.184500
vn -0.954400 -0.040200 -0.295900
vn -0.701300 -0.659900 -0.269500
vn -0.307900 -0.936000 -0.170600
vn 0.041600 -0.996900 -0.066900
vn 0.385200 -0.921600 0.046900
vn 0.753900 -0.629800 0.187300
vn 0.953100 -0.002100 0.302800
vn 0.715400 0.639400 0.281800
vn 0.012600 0.995100 -0.098100
vn 0.364600 0.930900 0.024600
vn -0.341600 0.917100 -0.205400
vn -0.734600 0.608600 -0.300000
vn -0.952700 -0.041600 -0.301200
vn -0.734200 -0.658700 -0.164500
vn -0.358000 -0.933600 -0.012700
vn -0.013800 -0.994200 0.106200
vn 0.332100 -0.919100 0.212000
vn 0.714800 -0.628100 0.307400
vn 0.948100 -0.002700 0.317900
vn 0.748300 0.637700 0.183100
vn 0.067000 0.963300 -0.259900
vn 0.413000 0.902600 -0.121400
vn -0.288600 0.887300 -0.359800
vn -0.695700 0.589600 -0.410300
vn -0.950100 -0.038200 -0.309600
vn -0.768100 -0.636600 -0.068800
vn -0.408100 -0.903000 0.134200
vn -0.068500 -0.960800 0.268700
vn 0.280200 -0.886700 0.367700
vn 0.677700 -0.602400 0.421700
vn 0.942900 0.005000 0.333000
vn 0.777800 0.621900 0.090400
vn 0.102900 0.926400 -0.362300
vn 0.442900 0.870700 -0.213600
vn -0.251600 0.852400 -0.458400
vn -0.665400 0.568900 -0.483300
vn -0.946300 -0.030700 -0.321900
vn -0.792100 -0.610300 -0.013300
vn -0.442300 -0.868100 0.225200
vn -0.104800 -0.922600 0.371300
vn 0.246300 -0.849000 0.467500
vn 0.654800 -0.570500 0.495800
vn 0.939400 0.019900 0.342200
vn 0.794000 0.607100 0.031200
vn 0.107900 0.920200 -0.376300
vn 0.443900 0.867300 -0.225400
vn -0.243800 0.846200 -0.473800
vn -0.654800 0.568100 -0.498600
vn -0.942200 -0.021300 -0.334300
vn -0.797600 -0.603000 -0.013800
vn -0.448700 -0.862300 0.234700
vn -0.110400 -0.916000 0.385800
vn 0.242500 -0.840700 0.484100
vn 0.654300 -0.558200 0.510200
vn 0.938000 0.035700 0.344700
vn 0.790500 0.612000 0.023400
vn 0.078600 0.951100 -0.298600
vn 0.414200 0.897200 -0.153100
vn -0.268700 0.875300 -0.402100
vn -0.668100 0.591400 -0.451500
vn -0.940100 -0.012000 -0.340800
vn -0.782300 -0.619100 -0.069100
vn -0.423500 -0.891600 0.160300
vn -0.081700 -0.947800 0.308100
vn 0.271200 -0.869100 0.413600
vn 0.676800 -0.572100 0.463200
vn 0.937600 0.047900 0.344400
vn 0.767000 0.637600 0.072100
vn 0.022700 0.988500 -0.149600
vn 0.361700 0.932200 -0.015000
vn -0.319600 0.910400 -0.262600
vn -0.702100 0.617700 -0.354300
vn -0.940900 -0.006400 -0.338600
vn -0.749900 -0.640900 -0.164300
vn -0.373300 -0.927500 0.020500
vn -0.026300 -0.987100 0.157800
vn 0.324400 -0.905400 0.274100
vn 0.715100 -0.594300 0.368100
vn 0.937400 0.053600 0.344100
vn 0.729500 0.663500 0.166000
vn -0.040900 0.998800 0.025300
vn 0.303200 0.941600 0.146600
vn -0.379500 0.920000 -0.098200
vn -0.744400 0.623800 -0.238300
vn -0.943400 -0.007900 -0.331500
vn -0.710600 -0.648800 -0.272100
vn -0.314400 -0.938600 -0.142200
vn 0.037900 -0.999100 -0.018900
vn 0.384200 -0.916900 0.108200
vn 0.756400 -0.602900 0.253700
vn 0.937900 0.052100 0.343000
vn 0.689800 0.669400 0.275800
vn -0.095100 0.979000 0.180300
vn 0.254200 0.922900 0.289200
vn -0.431500 0.900900 0.047600
vn -0.782000 0.608400 -0.135500
vn -0.945600 -0.014000 -0.324900
vn -0.675600 -0.639700 -0.366500
vn -0.263200 -0.921500 -0.285400
vn 0.093000 -0.980100 -0.175300
vn 0.435100 -0.899500 -0.039500
vn 0.791000 -0.593200 0.150100
vn 0.939500 0.047200 0.339400
vn 0.657900 0.654900 0.371900
vn -0.120200 0.960000 0.252900
vn 0.234600 0.905500 0.353600
vn -0.459100 0.880400 0.118400
vn -0.806800 0.585100 -0.082600
vn -0.948900 -0.034600 -0.313500
vn -0.657300 -0.639000 -0.399600
vn -0.240200 -0.907600 -0.344400
vn 0.115500 -0.962700 -0.244700
vn 0.454600 -0.884000 -0.109500
vn 0.802500 -0.589200 0.094200
vn 0.944300 0.032400 0.327600
vn 0.650800 0.638100 0.411500
vn -0.109500 0.970100 0.216800
vn 0.249600 0.916400 0.312900
vn -0.454100 0.886200 0.092100
vn -0.809400 0.580300 -0.089900
vn -0.955400 -0.051900 -0.290700
vn -0.666700 -0.655200 -0.355400
vn -0.252800 -0.920400 -0.298100
vn 0.102500 -0.973500 -0.204400
vn 0.443200 -0.892800 -0.080400
vn 0.795500 -0.597300 0.102100
vn 0.951500 0.026300 0.306700
vn 0.667800 0.643800 0.373600
vn -0.086700 0.986100 0.141600
vn 0.272800 0.932900 0.234900
vn -0.434900 0.900000 0.030400
vn -0.799300 0.588700 -0.120300
vn -0.961900 -0.053900 -0.268100
vn -0.686100 -0.667000 -0.290500
vn -0.275500 -0.935800 -0.220000
vn 0.081400 -0.988300 -0.128700
vn 0.425800 -0.904700 -0.017600
vn 0.787200 -0.601700 0.134800
vn 0.957500 0.033800 0.286400
vn 0.686400 0.658200 0.309100
vn -0.069600 0.994200 0.081800
vn 0.289600 0.941100 0.174400
vn -0.419900 0.907300 -0.020300
vn -0.790600 0.594200 -0.147900
vn -0.965600 -0.052900 -0.254400
vn -0.699900 -0.671900 -0.242200
vn -0.292600 -0.942900 -0.159400
vn 0.065300 -0.995500 -0.068400
vn 0.412800 -0.910200 0.034000
vn 0.780400 -0.603500 0.163900
vn 0.960900 0.038000 0.274200
vn 0.699400 0.665400 0.261100
vn -0.057200 0.997700 0.036500
vn 0.301600 0.944400 0.130800
vn -0.408400 0.910800 -0.060600
vn -0.782700 0.598000 -0.172800
vn -0.967000 -0.050600 -0.249700
vn -0.708500 -0.673800 -0.209800
vn -0.304000 -0.945600 -0.115500
vn 0.052800 -0.998300 -0.023100
vn 0.402500 -0.912400 0.074800
vn 0.774400 -0.603500 0.189900
vn 0.961900 0.040600 0.270300
vn 0.707800 0.668300 0.229000
vn -0.048500 0.998800 0.005300
vn 0.309400 0.945300 0.103300
vn -0.399800 0.912000 -0.091200
vn -0.775300 0.600500 -0.195500
vn -0.966100 -0.048200 -0.253600
vn -0.713100 -0.674000 -0.192800
vn -0.310800 -0.946400 -0.087700
vn 0.044500 -0.999000 0.008400
vn 0.394700 -0.912700 0.105900
vn 0.769000 -0.602500 0.213700
vn 0.960600 0.042300 0.274700
vn 0.711700 0.669600 0.212300
vn -0.043100 0.999000 -0.012300
vn 0.312700 0.945400 0.091700
vn -0.392800 0.912800 -0.112200
vn -0.768300 0.602300 -0.216700
vn -0.962700 -0.046500 -0.266600
vn -0.714400 -0.673100 -0.191500
vn -0.313900 -0.946400 -0.075500
vn 0.040400 -0.998800 0.026800
vn 0.389200 -0.912200 0.127800
vn 0.763500 -0.601300 0.235700
vn 0.956600 0.043900 0.288200
vn 0.711400 0.670300 0.211100
vn -0.041000 0.999000 -0.015900
vn 0.310800 0.945500 0.096700
vn -0.387900 0.913300 -0.124000
vn -0.761600 0.603300 -0.236800
vn -0.956100 -0.045100 -0.289600
vn -0.710500 -0.672700 -0.206700
vn -0.312100 -0.946700 -0.079700
vn 0.039800 -0.998700 0.031500
vn 0.385700 -0.911800 0.140600
vn 0.757800 -0.599800 0.256900
vn 0.949000 0.046000 0.311800
vn 0.705900 0.671100 0.226600
vn -0.043400 0.999000 -0.004100
vn 0.303000 0.945400 0.120300
vn -0.386800 0.913500 -0.126300
vn -0.754400 0.604300 -0.256400
vn -0.944900 -0.042900 -0.324600
vn -0.699600 -0.672800 -0.240400
vn -0.304600 -0.946900 -0.102400
vn 0.043800 -0.998800 0.021200
vn 0.385500 -0.911300 0.144300
vn 0.751500 -0.598200 0.278200
vn 0.936400 0.048300 0.347600
vn 0.693200 0.671900 0.261000
vn -0.054000 0.998200 0.025200
vn 0.285900 0.943800 0.165800
vn -0.389400 0.913600 -0.117400
vn -0.745800 0.606400 -0.275700
vn -0.926600 -0.039100 -0.374100
vn -0.679000 -0.671500 -0.296900
vn -0.287800 -0.946400 -0.146500
vn 0.055000 -0.998500 -0.006200
vn 0.389700 -0.910600 0.137800
vn 0.744200 -0.596600 0.300300
vn 0.915800 0.049500 0.398500
vn 0.670300 0.670400 0.318200
vn -0.077400 0.994100 0.075400
vn 0.252700 0.937900 0.237800
vn -0.397900 0.912500 -0.094800
vn -0.735000 0.610600 -0.294800
vn -0.896500 -0.032000 -0.441900
vn -0.641000 -0.666400 -0.380700
vn -0.254900 -0.942400 -0.216600
vn 0.077500 -0.995500 -0.054600
vn 0.399600 -0.909000 0.118700
vn 0.734400 -0.596500 0.323800
vn 0.882400 0.046800 0.468200
vn 0.630000 0.663900 0.403000
vn -0.120100 0.981300 0.150100
vn 0.193500 0.920300 0.339900
vn -0.417600 0.906900 -0.056900
vn -0.721700 0.617300 -0.313300
vn -0.847600 -0.014900 -0.530500
vn -0.576500 -0.648400 -0.497200
vn -0.197900 -0.927300 -0.317800
vn 0.120200 -0.984600 -0.126600
vn 0.420600 -0.903100 0.086100
vn 0.720900 -0.598500 0.349400
vn 0.828200 0.034000 0.559400
vn 0.561200 0.644500 0.519300
vn -0.147000 0.969900 0.193900
vn 0.155200 0.904400 0.397500
vn -0.430000 0.902200 -0.032900
vn -0.713500 0.623000 -0.320800
vn -0.815500 -0.001400 -0.578800
vn -0.533400 -0.632300 -0.561800
vn -0.160700 -0.912900 -0.375300
vn 0.148100 -0.974600 -0.168200
vn 0.434700 -0.898100 0.066400
vn 0.713200 -0.599500 0.363200
vn 0.792200 0.025200 0.609800
vn 0.515300 0.627900 0.583300
vn -0.046500 0.970700 0.235900
vn -0.044500 0.975000 0.217500
vn 0.324100 0.915400 0.238900
vn 0.320900 0.908500 0.267700
vn -0.408300 0.896600 0.171200
vn -0.407900 0.897800 0.166000
vn -0.795600 0.603800 0.049300
vn -0.797100 0.600500 0.062500
vn -0.991500 -0.016700 -0.129300
vn -0.995000 -0.024900 -0.097200
vn -0.738200 -0.627200 -0.248400
vn -0.741600 -0.636500 -0.211900
vn -0.327500 -0.906800 -0.265400
vn -0.330100 -0.913900 -0.236200
vn 0.038900 -0.971300 -0.234500
vn 0.037200 -0.975700 -0.215800
vn 0.399400 -0.900700 -0.170700
vn 0.398700 -0.902100 -0.165000
vn 0.787800 -0.614000 -0.049500
vn 0.788600 -0.611700 -0.062400
vn 0.991300 0.008700 0.131200
vn 0.995000 0.015000 0.099000
vn 0.735300 0.629200 0.252000
vn 0.739700 0.637500 0.215500
vn -0.041200 0.983800 0.174200
vn 0.329000 0.927800 0.176000
vn -0.406800 0.901400 0.148300
vn -0.798600 0.596200 0.082300
vn -0.998600 -0.038400 -0.036100
vn -0.745400 -0.652400 -0.137000
vn -0.333300 -0.926800 -0.173000
vn 0.035000 -0.984500 -0.171800
vn 0.397800 -0.905700 -0.146300
vn 0.789600 -0.608200 -0.081000
vn 0.998900 0.025700 0.038000
vn 0.745400 0.651600 0.140600
vn -0.040200 0.992100 0.118700
vn 0.330400 0.937900 0.105500
vn -0.405900 0.906600 0.115600
vn -0.798500 0.595800 0.086700
vn -0.998800 -0.047100 0.015200
vn -0.744700 -0.664500 -0.062200
vn -0.332500 -0.937500 -0.102300
vn 0.035400 -0.992600 -0.115800
vn 0.398300 -0.910300 -0.112800
vn 0.789800 -0.607600 -0.084200
vn 0.999400 0.031900 -0.012800
vn 0.747100 0.661400 0.065600
vn -0.041600 0.997700 0.053700
vn 0.329000 0.943800 0.031900
vn -0.406500 0.911100 0.068400
vn -0.798500 0.597600 0.073300
vn -0.997400 -0.050900 0.051200
vn -0.741200 -0.671300 0.006500
vn -0.328700 -0.944000 -0.028900
vn 0.038800 -0.998000 -0.050700
vn 0.400800 -0.913900 -0.065100
vn 0.790700 -0.608300 -0.069600
vn 0.998300 0.034200 -0.047800
vn 0.745900 0.666100 -0.003300
vn -0.044600 0.998900 -0.016100
vn 0.326000 0.944600 -0.039100
vn -0.408900 0.912500 0.009700
vn -0.799600 0.599000 0.042000
vn -0.996300 -0.051300 0.068400
vn -0.736900 -0.673000 0.063800
vn -0.323400 -0.945300 0.042000
vn 0.044000 -0.998900 0.018900
vn 0.405300 -0.914200 -0.006400
vn 0.793200 -0.607700 -0.037700
vn 0.997400 0.034300 -0.063800
vn 0.743400 0.666100 -0.060400
vn -0.047800 0.995200 -0.085400
vn 0.323100 0.940800 -0.102500
vn -0.411900 0.909500 -0.055800
vn -0.801700 0.597700 -0.004100
vn -0.996500 -0.050900 0.066100
vn -0.733500 -0.671400 0.106000
vn -0.318400 -0.942100 0.105300
vn 0.049100 -0.994900 0.088000
vn 0.410500 -0.910000 0.058900
vn 0.797000 -0.603900 0.008600
vn 0.997500 0.035000 -0.060600
vn 0.741500 0.663200 -0.102100
vn -0.050000 0.987500 -0.149600
vn 0.321200 0.934300 -0.154900
vn -0.414100 0.901900 -0.122900
vn -0.803600 0.592200 -0.060500
vn -0.997500 -0.052400 0.046600
vn -0.731900 -0.668500 0.131900
vn -0.315100 -0.935900 0.157700
vn 0.052900 -0.987000 0.152000
vn 0.414500 -0.901300 0.125700
vn 0.800500 -0.595800 0.064600
vn 0.998400 0.038500 -0.040500
vn 0.740400 0.660000 -0.127400
vn -0.050500 0.977300 -0.205600
vn 0.320800 0.926900 -0.194700
vn -0.414400 0.890600 -0.187100
vn -0.803800 0.582300 -0.121600
vn -0.998300 -0.057100 0.013800
vn -0.731800 -0.666400 0.142500
vn -0.313900 -0.928600 0.197700
vn 0.054700 -0.976600 0.207800
vn 0.416300 -0.889300 0.189400
vn 0.802200 -0.583800 0.125200
vn 0.998900 0.045600 -0.007700
vn 0.740100 0.658300 -0.137600
vn -0.049300 0.966600 -0.251600
vn 0.321600 0.920400 -0.222500
vn -0.412600 0.877300 -0.245100
vn -0.801800 0.568900 -0.182800
vn -0.997500 -0.065500 -0.027200
vn -0.732200 -0.666500 0.140500
vn -0.314600 -0.922000 0.225600
vn 0.054200 -0.965700 0.253800
vn 0.415600 -0.875300 0.247100
vn 0.801300 -0.568700 0.185700
vn 0.997900 0.056400 0.033000
vn 0.739900 0.659000 -0.135200
vn -0.046600 0.956500 -0.287900
vn 0.322600 0.915700 -0.239800
vn -0.408700 0.863600 -0.295300
vn -0.797500 0.553300 -0.240500
vn -0.994400 -0.077000 -0.072100
vn -0.731800 -0.669200 0.129300
vn -0.316000 -0.917100 0.243100
vn 0.051600 -0.955600 0.290100
vn 0.412400 -0.861200 0.297100
vn 0.797700 -0.551900 0.242900
vn 0.994600 0.069900 0.077300
vn 0.738700 0.662600 -0.123900
vn -0.043000 0.948100 -0.315100
vn 0.323400 0.913000 -0.248600
vn -0.403300 0.850600 -0.337300
vn -0.790900 0.537400 -0.292800
vn -0.989000 -0.090100 -0.117400
vn -0.730100 -0.674100 0.111900
vn -0.317400 -0.914200 0.252000
vn 0.047900 -0.947100 0.317400
vn 0.407000 -0.848200 0.339000
vn 0.791600 -0.535300 0.294700
vn 0.988900 0.084900 0.121900
vn 0.736000 0.668500 -0.106700
vn -0.045000 0.950900 -0.306200
vn 0.317200 0.921200 -0.225200
vn -0.401000 0.848800 -0.344600
vn -0.783300 0.532400 -0.321000
vn -0.981900 -0.095900 -0.163400
vn -0.726700 -0.683300 0.070900
vn -0.314500 -0.921700 0.227000
vn 0.049600 -0.950100 0.307900
vn 0.407100 -0.845400 0.345800
vn 0.789800 -0.523000 0.320500
vn 0.981200 0.106300 0.161300
vn 0.725700 0.684400 -0.070200
vn -0.060200 0.969100 -0.239100
vn 0.299300 0.942400 -0.149600
vn -0.411100 0.862400 -0.295600
vn -0.784400 0.539000 -0.306900
vn -0.974200 -0.099600 -0.202500
vn -0.714400 -0.699700 -0.002800
vn -0.299800 -0.942200 0.149600
vn 0.064000 -0.968700 0.240000
vn 0.418800 -0.858300 0.296500
vn 0.795000 -0.523800 0.305900
vn 0.972700 0.122900 0.196700
vn 0.707500 0.706700 -0.000300
vn -0.082100 0.985300 -0.150000
vn 0.276400 0.959400 -0.055900
vn -0.429000 0.875200 -0.223400
vn -0.793400 0.544500 -0.272200
vn -0.967200 -0.106300 -0.230900
vn -0.695000 -0.714300 -0.082300
vn -0.277500 -0.959100 0.055500
vn 0.085100 -0.984900 0.150600
vn 0.435300 -0.871800 0.224500
vn 0.802200 -0.531100 0.272700
vn 0.965400 0.127100 0.227700
vn 0.688300 0.721000 0.079600
vn -0.103400 0.992200 -0.069400
vn 0.254700 0.966600 0.027300
vn -0.447000 0.880800 -0.156400
vn -0.803100 0.546600 -0.237400
vn -0.961500 -0.109400 -0.252100
vn -0.677100 -0.720400 -0.150400
vn -0.256300 -0.966200 -0.027800
vn 0.105500 -0.992000 0.069900
vn 0.452200 -0.877900 0.157700
vn 0.810500 -0.534900 0.238900
vn 0.959500 0.128000 0.250800
vn 0.670600 0.726800 0.148400
vn -0.123700 0.992300 0.004200
vn 0.234700 0.966800 0.101600
vn -0.464500 0.880600 -0.093600
vn -0.813100 0.546000 -0.202100
vn -0.957400 -0.110100 -0.267000
vn -0.661100 -0.720600 -0.209200
vn -0.236500 -0.966300 -0.102100
vn 0.125000 -0.992100 -0.003900
vn 0.468800 -0.878200 0.094800
vn 0.819400 -0.535700 0.204200
vn 0.955200 0.127400 0.267000
vn 0.654800 0.726700 0.207700
vn -0.142900 0.987100 0.072800
vn 0.215900 0.961700 0.169000
vn -0.481500 0.875800 -0.033300
vn -0.823500 0.542700 -0.165600
vn -0.954900 -0.109700 -0.276000
vn -0.647100 -0.716700 -0.260100
vn -0.218000 -0.961100 -0.169500
vn 0.143500 -0.987000 -0.072700
vn 0.484700 -0.874000 0.034400
vn 0.828900 -0.533600 0.168100
vn 0.952500 0.126300 0.277200
vn 0.640600 0.722900 0.259000
vn -0.161000 0.977200 0.138200
vn 0.198300 0.952500 0.231200
vn -0.498000 0.866800 0.026000
vn -0.834300 0.536500 -0.127000
vn -0.953800 -0.109300 -0.279700
vn -0.634900 -0.709900 -0.304800
vn -0.201100 -0.951700 -0.231900
vn 0.161000 -0.977200 -0.138200
vn 0.500600 -0.865300 -0.025000
vn 0.839100 -0.528300 0.129800
vn 0.951200 0.125300 0.282000
vn 0.627900 0.716400 0.304100
vn -0.178200 0.963000 0.201900
vn 0.182200 0.939500 0.290200
vn -0.514200 0.853400 0.085600
vn -0.845600 0.526900 -0.085500
vn -0.954300 -0.109500 -0.278200
vn -0.624600 -0.700900 -0.344600
vn -0.185700 -0.938600 -0.291000
vn 0.177800 -0.963100 -0.202100
vn 0.516400 -0.852200 -0.084700
vn 0.849900 -0.519400 0.088600
vn 0.951300 0.125200 0.281500
vn 0.617000 0.707600 0.344300
vn -0.194800 0.944200 0.265700
vn 0.167400 0.922600 0.347500
vn -0.530200 0.835000 0.147100
vn -0.857200 0.513400 -0.040000
vn -0.956000 -0.111100 -0.271600
vn -0.615900 -0.690000 -0.380400
vn -0.171500 -0.921600 -0.348100
vn 0.193800 -0.944300 -0.266000
vn 0.531900 -0.834000 -0.146300
vn 0.861300 -0.506200 0.043400
vn 0.952700 0.127100 0.276100
vn 0.607500 0.697200 0.380700
vn -0.210300 0.919900 0.331100
vn 0.153700 0.901600 0.404300
vn -0.545700 0.810800 0.212000
vn -0.869100 0.494500 0.010500
vn -0.958800 -0.115100 -0.259800
vn -0.608700 -0.677400 -0.413000
vn -0.158700 -0.900500 -0.404900
vn 0.208700 -0.920100 -0.331500
vn 0.547000 -0.810000 -0.211300
vn 0.873100 -0.487400 -0.006600
vn 0.955100 0.131500 0.265700
vn 0.599100 0.685300 0.414100
vn -0.224900 0.888700 0.399500
vn 0.141200 0.875600 0.462000
vn -0.560300 0.778900 0.281800
vn -0.880700 0.468800 0.067200
vn -0.962500 -0.122400 -0.242100
vn -0.603300 -0.663000 -0.443300
vn -0.147400 -0.874300 -0.462500
vn 0.222600 -0.889000 -0.400100
vn 0.561200 -0.778400 -0.281300
vn 0.884700 -0.461800 -0.062900
vn 0.958200 0.139400 0.249900
vn 0.592000 0.671700 0.445500
vn -0.237400 0.848800 0.472500
vn 0.130900 0.843000 0.521800
vn -0.573100 0.737200 0.357800
vn -0.891300 0.433900 0.131400
vn -0.966600 -0.134200 -0.218400
vn -0.599700 -0.646600 -0.471500
vn -0.138600 -0.841600 -0.522000
vn 0.234200 -0.849200 -0.473300
vn 0.573500 -0.736900 -0.357800
vn 0.895400 -0.426900 -0.126700
vn 0.961500 0.152500 0.228500
vn 0.586300 0.656000 0.475400
vn -0.241000 0.828900 0.504800
vn 0.130800 0.828900 0.544000
vn -0.579500 0.712400 0.395900
vn -0.899400 0.403600 0.168000
vn -0.966900 -0.162300 -0.196800
vn -0.593300 -0.653600 -0.469900
vn -0.133700 -0.833100 -0.536700
vn 0.237800 -0.833500 -0.498700
vn 0.575800 -0.718500 -0.390200
vn 0.896100 -0.413100 -0.162200
vn 0.966900 0.152400 0.204400
vn 0.592100 0.648300 0.478700
vn -0.234100 0.864000 0.445700
vn 0.140400 0.863600 0.484200
vn -0.575900 0.740600 0.346100
vn -0.900000 0.412600 0.140500
vn -0.965700 -0.184300 -0.182900
vn -0.592300 -0.689900 -0.416300
vn -0.137500 -0.872200 -0.469400
vn 0.232000 -0.871400 -0.432300
vn 0.568800 -0.751700 -0.333600
vn 0.889700 -0.437100 -0.131400
vn 0.970700 0.147100 0.190000
vn 0.603900 0.670800 0.430600
vn -0.222500 0.913300 0.341000
vn 0.150900 0.910700 0.384500
vn -0.564900 0.785900 0.251500
vn -0.892700 0.443500 0.080600
vn -0.967400 -0.184500 -0.173600
vn -0.601000 -0.721600 -0.343600
vn -0.148400 -0.917300 -0.369500
vn 0.220500 -0.918800 -0.327500
vn 0.558500 -0.794500 -0.238300
vn 0.883300 -0.463900 -0.068300
vn 0.970600 0.152500 0.186000
vn 0.610500 0.705500 0.359800
vn -0.211300 0.944900 0.250000
vn 0.161300 0.940600 0.298600
vn -0.554100 0.815300 0.168400
vn -0.885200 0.464400 0.026300
vn -0.968600 -0.182800 -0.168500
vn -0.609600 -0.740700 -0.282400
vn -0.159400 -0.945600 -0.283500
vn 0.209000 -0.948900 -0.236400
vn 0.548500 -0.821700 -0.154600
vn 0.876900 -0.480500 -0.011700
vn 0.970200 0.156800 0.184500
vn 0.617000 0.727600 0.299800
vn -0.200700 0.964000 0.174700
vn 0.170700 0.958500 0.228500
vn -0.543900 0.833300 0.098500
vn -0.878100 0.477900 -0.021000
vn -0.969300 -0.180200 -0.167300
vn -0.617200 -0.751200 -0.233900
vn -0.169500 -0.962200 -0.213400
vn 0.198800 -0.966700 -0.161100
vn 0.539200 -0.837900 -0.084400
vn 0.870800 -0.490300 0.036800
vn 0.969600 0.159900 0.185400
vn 0.622600 0.740900 0.252000
vn -0.191200 0.974800 0.114700
vn 0.178800 0.968400 0.173700
vn -0.534900 0.843900 0.041800
vn -0.871500 0.486600 -0.061000
vn -0.969400 -0.177300 -0.169600
vn -0.623700 -0.756200 -0.197800
vn -0.178200 -0.971100 -0.158800
vn 0.189900 -0.976600 -0.101200
vn 0.530900 -0.847000 -0.027700
vn 0.865000 -0.495700 0.077400
vn 0.968600 0.161700 0.188700
vn 0.627100 0.748400 0.216000
vn -0.183700 0.980500 0.069200
vn 0.185100 0.973600 0.133300
vn -0.527000 0.849900 -0.002500
vn -0.865400 0.492200 -0.094100
vn -0.969000 -0.174500 -0.175100
vn -0.628600 -0.758200 -0.173300
vn -0.185200 -0.975500 -0.118700
vn 0.182200 -0.981700 -0.055900
vn 0.523800 -0.851700 0.016700
vn 0.859900 -0.498200 0.110900
vn 0.967300 0.162900 0.194600
vn 0.630600 0.752200 0.191400
vn -0.177900 0.983400 0.036700
vn 0.189600 0.976100 0.106200
vn -0.520600 0.853000 -0.035800
vn -0.860000 0.495800 -0.121200
vn -0.967900 -0.172000 -0.183500
vn -0.631800 -0.758600 -0.159300
vn -0.190300 -0.977400 -0.091800
vn 0.176400 -0.984000 -0.023600
vn 0.518200 -0.853800 0.049900
vn 0.855400 -0.499200 0.138100
vn 0.965400 0.163800 0.203000
vn 0.632500 0.754000 0.177100
vn -0.173700 0.984700 0.016100
vn 0.192400 0.977100 0.091100
vn -0.516000 0.854500 -0.059100
vn -0.855400 0.497900 -0.142900
vn -0.966100 -0.169600 -0.194700
vn -0.633400 -0.758200 -0.154900
vn -0.193300 -0.978100 -0.076900
vn 0.172600 -0.985000 -0.003100
vn 0.514100 -0.854600 0.073200
vn 0.851600 -0.499200 0.159900
vn 0.962800 0.164800 0.214200
vn 0.632500 0.755100 0.172500
vn -0.171500 0.985200 0.006700
vn 0.193100 0.977300 0.087400
vn -0.512800 0.855400 -0.073000
vn -0.851500 0.499400 -0.159700
vn -0.963500 -0.167700 -0.208700
vn -0.632900 -0.757500 -0.159800
vn -0.194200 -0.978200 -0.073100
vn 0.170600 -0.985300 0.006400
vn 0.511400 -0.854900 0.087100
vn 0.848500 -0.498800 0.176800
vn 0.959400 0.165900 0.228100
vn 0.630800 0.755500 0.177100
vn -0.171700 0.985100 0.007900
vn 0.191200 0.977000 0.094700
vn -0.511100 0.856000 -0.078000
vn -0.848300 0.500800 -0.171900
vn -0.960000 -0.165600 -0.225800
vn -0.630200 -0.756800 -0.173700
vn -0.192500 -0.978000 -0.080500
vn 0.170400 -0.985400 0.005100
vn 0.510200 -0.855100 0.092200
vn 0.846000 -0.498500 0.189300
vn 0.955100 0.166300 0.245100
vn 0.627300 0.755000 0.190900
vn -0.174600 0.984400 0.020000
vn 0.186400 0.975900 0.113300
vn -0.511800 0.855900 -0.074200
vn -0.845900 0.502100 -0.179700
vn -0.955400 -0.163100 -0.246100
vn -0.624900 -0.755400 -0.197100
vn -0.187800 -0.977200 -0.099100
vn 0.173300 -0.984800 -0.006800
vn 0.511200 -0.854900 0.088800
vn 0.844200 -0.498400 0.197600
vn 0.949700 0.166100 0.265500
vn 0.621000 0.754000 0.214100
vn -0.181100 0.982500 0.044200
vn 0.177700 0.973400 0.144600
vn -0.515100 0.855000 -0.060300
vn -0.844600 0.503300 -0.182500
vn -0.949500 -0.159800 -0.270100
vn -0.616700 -0.752500 -0.231300
vn -0.179700 -0.975000 -0.130600
vn 0.180300 -0.983100 -0.031000
vn 0.515400 -0.853700 0.075200
vn 0.843800 -0.497700 0.201000
vn 0.942700 0.165900 0.289600
vn 0.611100 0.751700 0.247900
vn -0.190600 0.978900 0.074200
vn 0.166900 0.969300 0.180500
vn -0.521600 0.852200 -0.040300
vn -0.845900 0.502000 -0.180100
vn -0.943300 -0.158000 -0.291900
vn -0.606800 -0.748400 -0.267800
vn -0.170100 -0.971100 -0.167300
vn 0.188700 -0.980100 -0.061800
vn 0.521000 -0.851800 0.054500
vn 0.844200 -0.498100 0.197900
vn 0.936300 0.163500 0.310900
vn 0.600400 0.747800 0.283500
vn -0.199000 0.975000 0.098600
vn 0.158400 0.965400 0.207200
vn -0.528400 0.848700 -0.021800
vn -0.848900 0.499300 -0.173300
vn -0.939700 -0.158000 -0.303200
vn -0.599500 -0.745100 -0.292300
vn -0.162400 -0.967300 -0.194800
vn 0.195500 -0.976800 -0.087100
vn 0.525900 -0.849800 0.034800
vn 0.845800 -0.498600 0.189800
vn 0.933300 0.160500 0.321300
vn 0.593100 0.744100 0.307400
vn -0.204300 0.972200 0.114300
vn 0.153300 0.963100 0.221400
vn -0.533600 0.845700 -0.006900
vn -0.852700 0.496400 -0.162800
vn -0.939700 -0.159600 -0.302500
vn -0.596500 -0.743700 -0.301900
vn -0.158400 -0.964900 -0.209600
vn 0.199900 -0.974300 -0.103400
vn 0.529700 -0.848000 0.019000
vn 0.848500 -0.498300 0.178000
vn 0.933900 0.159600 0.319900
vn 0.590100 0.742700 0.316600
vn -0.207000 0.970600 0.122500
vn 0.151900 0.962500 0.224600
vn -0.537600 0.843200 0.005100
vn -0.857400 0.492700 -0.148600
vn -0.942900 -0.162600 -0.290600
vn -0.597700 -0.744300 -0.298100
vn -0.157900 -0.964100 -0.213300
vn 0.202300 -0.972900 -0.112000
vn 0.532800 -0.846200 0.006300
vn 0.852300 -0.497000 0.162800
vn 0.937700 0.161100 0.307700
vn 0.591100 0.743600 0.312600
vn -0.207800 0.970300 0.124000
vn 0.153700 0.963900 0.217600
vn -0.540900 0.840900 0.014700
vn -0.862900 0.488300 -0.130200
vn -0.948900 -0.167200 -0.267700
vn -0.602300 -0.747000 -0.281300
vn -0.160200 -0.965300 -0.206400
vn 0.202100 -0.972700 -0.113800
vn 0.535100 -0.844800 -0.003800
vn 0.857200 -0.494600 0.143800
vn 0.944400 0.164400 0.284600
vn 0.595700 0.746700 0.295800
vn -0.206800 0.971200 0.118700
vn 0.157500 0.967100 0.200000
vn -0.543200 0.839300 0.022500
vn -0.868800 0.483500 -0.107000
vn -0.956800 -0.173700 -0.233100
vn -0.609500 -0.752000 -0.251200
vn -0.164800 -0.968100 -0.188700
vn 0.199900 -0.973800 -0.108600
vn 0.536400 -0.843900 -0.011700
vn 0.862600 -0.491300 0.120500
vn 0.953300 0.169600 0.250100
vn 0.602900 0.752200 0.265900
vn -0.204500 0.973100 0.106300
vn 0.163000 0.971700 0.171100
vn -0.544700 0.838100 0.028400
vn -0.874900 0.478000 -0.078300
vn -0.965600 -0.182200 -0.185500
vn -0.618000 -0.758600 -0.206400
vn -0.171100 -0.972300 -0.159500
vn 0.197000 -0.975700 -0.096000
vn 0.536900 -0.843500 -0.017500
vn 0.867900 -0.488100 0.091800
vn 0.963300 0.176200 0.202700
vn 0.611700 0.759400 0.221600
vn -0.201800 0.975600 0.086400
vn 0.168900 0.977100 0.129700
vn -0.545800 0.837300 0.032700
vn -0.880400 0.472300 -0.043100
vn -0.973800 -0.191300 -0.123200
vn -0.626400 -0.765900 -0.145300
vn -0.177500 -0.977100 -0.117600
vn 0.193500 -0.978200 -0.075600
vn 0.536800 -0.843400 -0.021300
vn 0.872800 -0.484800 0.057000
vn 0.973000 0.183100 0.140700
vn 0.620900 0.767200 0.161000
vn -0.200300 0.978000 0.057900
vn 0.172800 0.982100 0.074300
vn -0.546600 0.836600 0.035200
vn -0.883900 0.467800 -0.000200
vn -0.979100 -0.198400 -0.044100
vn -0.632000 -0.772100 -0.066000
vn -0.181800 -0.981400 -0.061500
vn 0.190400 -0.980600 -0.046300
vn 0.536400 -0.843700 -0.022800
vn 0.876000 -0.482000 0.015200
vn 0.980000 0.189000 0.062200
vn 0.627400 0.774400 0.082200
vn -0.201400 0.979300 0.020300
vn 0.172200 0.985000 0.003900
vn -0.547600 0.836000 0.035900
vn -0.883900 0.464900 0.050900
vn -0.978000 -0.201800 0.052800
vn -0.631500 -0.774700 0.032900
vn -0.181400 -0.983400 0.009900
vn 0.189900 -0.981800 -0.007600
vn 0.536000 -0.844000 -0.022100
vn 0.875900 -0.481300 -0.034100
vn 0.981000 0.191100 -0.034100
vn 0.627700 0.778200 -0.016300
vn -0.207000 0.978000 -0.026000
vn 0.163600 0.983200 -0.081200
vn -0.548300 0.835600 0.034800
vn -0.878100 0.465800 0.109500
vn -0.965900 -0.198400 0.166600
vn -0.619700 -0.770300 0.150700
vn -0.173100 -0.980200 0.096000
vn 0.194600 -0.980000 0.040500
vn 0.536300 -0.843800 -0.018800
vn 0.870200 -0.484300 -0.090300
vn 0.971300 0.186600 -0.147400
vn 0.617300 0.775200 -0.133900
vn -0.211200 0.976100 -0.051200
vn 0.156000 0.979600 -0.127000
vn -0.548300 0.835600 0.033600
vn -0.872700 0.467700 0.140400
vn -0.954400 -0.193800 0.227200
vn -0.608400 -0.764300 0.213600
vn -0.165900 -0.975800 0.142500
vn 0.198500 -0.977800 0.066900
vn 0.536400 -0.843800 -0.016400
vn 0.865000 -0.487200 -0.119800
vn 0.961100 0.182000 -0.207900
vn 0.606800 0.770100 -0.196900
vn 0.142500 0.979900 0.139300
vn 0.142400 0.980000 0.139200
vn 0.468000 0.883600 -0.017300
vn 0.467400 0.883800 -0.018700
vn -0.201900 0.939200 0.277800
vn -0.202600 0.939500 0.276200
vn -0.611600 0.682300 0.400400
vn -0.613000 0.683100 0.397000
vn -0.911500 0.074300 0.404600
vn -0.913300 0.075300 0.400400
vn -0.792600 -0.567400 0.223300
vn -0.793900 -0.566800 0.220000
vn -0.465900 -0.884600 0.019300
vn -0.466600 -0.884300 0.017800
vn -0.140900 -0.980200 -0.138800
vn -0.140900 -0.980300 -0.138700
vn 0.203500 -0.939000 -0.277200
vn 0.204200 -0.939400 -0.275500
vn 0.612900 -0.681900 -0.399200
vn 0.614300 -0.682600 -0.395900
vn 0.912100 -0.074800 -0.403000
vn 0.913900 -0.075800 -0.398900
vn 0.793700 0.566200 -0.222200
vn 0.795000 0.565700 -0.219100
vn 0.142300 0.980000 0.138700
vn 0.469100 0.883000 -0.014400
vn -0.204100 0.940200 0.272600
vn -0.616000 0.684500 0.390000
vn -0.917000 0.077000 0.391500
vn -0.796600 -0.565600 0.213300
vn -0.467700 -0.883800 0.014800
vn -0.140900 -0.980300 -0.138300
vn 0.205600 -0.940100 -0.272000
vn 0.617200 -0.683900 -0.389000
vn 0.917500 -0.077500 -0.390200
vn 0.797600 0.564400 -0.212600
vn 0.142200 0.980200 0.138100
vn 0.470300 0.882400 -0.011400
vn -0.205700 0.941100 0.268500
vn -0.619100 0.686100 0.382100
vn -0.920900 0.079000 0.381800
vn -0.799400 -0.564300 0.206100
vn -0.468800 -0.883200 0.011700
vn -0.140700 -0.980400 -0.137800
vn 0.207200 -0.940900 -0.267900
vn 0.620400 -0.685400 -0.381200
vn 0.921300 -0.079500 -0.380500
vn 0.800500 0.563000 -0.205500
vn 0.141800 0.980300 0.137300
vn 0.471700 0.881700 -0.008100
vn -0.207400 0.942100 0.263600
vn -0.622600 0.687900 0.373000
vn -0.925200 0.081000 0.370600
vn -0.802500 -0.562900 0.198000
vn -0.470000 -0.882600 0.008300
vn -0.140300 -0.980600 -0.137000
vn 0.209200 -0.941800 -0.263200
vn 0.624000 -0.687100 -0.372200
vn 0.925700 -0.081500 -0.369400
vn 0.803800 0.561200 -0.197600
vn 0.141600 0.980500 0.136300
vn 0.473400 0.880800 -0.004300
vn -0.209600 0.943200 0.257800
vn -0.626600 0.690100 0.362300
vn -0.930200 0.083500 0.357500
vn -0.806000 -0.561200 0.188400
vn -0.471500 -0.881800 0.004400
vn -0.139900 -0.980800 -0.136100
vn 0.211600 -0.942800 -0.257600
vn 0.628200 -0.689000 -0.361500
vn 0.930600 -0.084100 -0.356400
vn 0.807400 0.559200 -0.188200
vn 0.141400 0.980700 0.135000
vn 0.475200 0.879900 0.000300
vn -0.212000 0.944500 0.250900
vn -0.631200 0.692600 0.349200
vn -0.935800 0.086600 0.341600
vn -0.810000 -0.559100 0.177000
vn -0.473100 -0.881000 -0.000300
vn -0.139100 -0.981000 -0.135000
vn 0.214400 -0.944000 -0.250600
vn 0.632900 -0.691400 -0.348500
vn 0.936200 -0.087300 -0.340500
vn 0.811600 0.556800 -0.176800
vn 0.141200 0.981000 0.133300
vn 0.477300 0.878700 0.006000
vn -0.214600 0.946300 0.242000
vn -0.636500 0.695800 0.332900
vn -0.942500 0.090200 0.321800
vn -0.814700 -0.556600 0.162800
vn -0.474800 -0.880100 -0.006100
vn -0.138200 -0.981400 -0.133400
vn 0.217500 -0.945600 -0.241900
vn 0.638400 -0.694300 -0.332200
vn 0.942800 -0.091100 -0.320700
vn 0.816600 0.553900 -0.162600
vn 0.140900 0.981300 0.131000
vn 0.479800 0.877300 0.013300
vn -0.217600 0.948400 0.230600
vn -0.642700 0.699700 0.311900
vn -0.950400 0.094700 0.296400
vn -0.820000 -0.553800 0.144400
vn -0.476600 -0.879000 -0.013500
vn -0.137300 -0.981800 -0.131200
vn 0.221400 -0.947600 -0.230500
vn 0.645200 -0.697900 -0.311000
vn 0.950600 -0.095900 -0.295200
vn 0.822400 0.550300 -0.144400
vn 0.140500 0.981800 0.128100
vn 0.483100 0.875300 0.023000
vn -0.221100 0.951200 0.215300
vn -0.649900 0.705100 0.283800
vn -0.959800 0.100300 0.262300
vn -0.826300 -0.550300 0.119900
vn -0.478700 -0.877700 -0.023400
vn -0.135900 -0.982400 -0.128300
vn 0.226000 -0.950100 -0.215200
vn 0.653200 -0.702400 -0.282800
vn 0.960000 -0.101700 -0.261000
vn 0.829400 0.545600 -0.120100
vn 0.140300 0.982300 0.123800
vn 0.487200 0.872500 0.036500
vn -0.225100 0.954900 0.193900
vn -0.658100 0.712100 0.244500
vn -0.970700 0.107800 0.214600
vn -0.833600 -0.545700 0.085700
vn -0.481000 -0.876000 -0.037200
vn -0.133900 -0.983200 -0.124300
vn 0.231800 -0.953300 -0.193800
vn 0.662900 -0.708100 -0.243100
vn 0.970900 -0.109400 -0.213000
vn 0.837800 0.539100 -0.085900
vn 0.140700 0.983000 0.117600
vn 0.492000 0.868800 0.056800
vn -0.228800 0.959900 0.161900
vn -0.666600 0.722000 0.185500
vn -0.982700 0.118000 0.143100
vn -0.840900 -0.540200 0.034300
vn -0.482600 -0.874000 -0.057600
vn -0.131200 -0.984300 -0.117800
vn 0.238900 -0.957500 -0.161400
vn 0.673800 -0.715700 -0.183800
vn 0.982600 -0.120100 -0.141600
vn 0.847100 0.530200 -0.035100
vn 0.137400 0.985600 0.098800
vn 0.491700 0.868300 0.065500
vn -0.235700 0.964600 0.118600
vn -0.676000 0.727100 0.119500
vn -0.989600 0.123300 0.073800
vn -0.844900 -0.534900 -0.005100
vn -0.484700 -0.872400 -0.062600
vn -0.131300 -0.986700 -0.095600
vn 0.240700 -0.963800 -0.114900
vn 0.677600 -0.726400 -0.115000
vn 0.988800 -0.131700 -0.069700
vn 0.851100 0.525000 0.008100
vn 0.131400 0.989700 0.056300
vn 0.486800 0.872800 0.033600
vn -0.242700 0.967400 0.072000
vn -0.682300 0.726900 0.078100
vn -0.990800 0.122900 0.056400
vn -0.845600 -0.533700 0.010000
vn -0.485900 -0.873600 -0.027200
vn -0.132800 -0.989900 -0.050300
vn 0.238600 -0.968900 -0.065600
vn 0.675400 -0.734100 -0.070500
vn 0.989500 -0.136300 -0.048300
vn 0.849200 0.528100 -0.002700
vn 0.128400 0.991700 0.003800
vn 0.483700 0.875000 -0.020900
vn -0.244900 0.969100 0.028900
vn -0.683200 0.728000 0.056800
vn -0.989800 0.122900 0.072200
vn -0.842900 -0.535100 0.055500
vn -0.482600 -0.875400 0.027400
vn -0.129800 -0.991500 0.002400
vn 0.241200 -0.970200 -0.022000
vn 0.677000 -0.734400 -0.048200
vn 0.988800 -0.135100 -0.062800
vn 0.846500 0.530200 -0.047600
vn 0.124800 0.991200 -0.044000
vn 0.479800 0.874500 -0.070600
vn -0.247600 0.968800 -0.010200
vn -0.684200 0.728300 0.037700
vn -0.988500 0.123900 0.087100
vn -0.839800 -0.534000 0.097400
vn -0.478800 -0.874500 0.077300
vn -0.126000 -0.990800 0.050300
vn 0.244600 -0.969500 0.017300
vn 0.679100 -0.733500 -0.028600
vn 0.987900 -0.134400 -0.076900
vn 0.843200 0.530200 -0.089100
vn 0.121000 0.989000 -0.085100
vn 0.475600 0.872300 -0.113800
vn -0.250500 0.967100 -0.043500
vn -0.685300 0.727900 0.022000
vn -0.987000 0.125500 0.100700
vn -0.836500 -0.531300 0.134200
vn -0.474700 -0.871800 0.120700
vn -0.121700 -0.988300 0.091700
vn 0.248200 -0.967400 0.050900
vn 0.681200 -0.732000 -0.012500
vn 0.986900 -0.134000 -0.090100
vn 0.839500 0.528700 -0.125500
vn 0.117300 0.986000 -0.118300
vn 0.471500 0.869200 -0.148900
vn -0.253000 0.964900 -0.070000
vn -0.686100 0.727400 0.010000
vn -0.985400 0.127500 0.112700
vn -0.833200 -0.527900 0.164500
vn -0.470700 -0.868400 0.156000
vn -0.117700 -0.985200 0.124900
vn 0.251300 -0.964800 0.077500
vn 0.683100 -0.730300 -0.000300
vn 0.985800 -0.133700 -0.101800
vn 0.835800 0.526500 -0.155700
vn 0.114400 0.983200 -0.142400
vn 0.468200 0.866100 -0.175000
vn -0.255100 0.962800 -0.088900
vn -0.686400 0.727200 0.002200
vn -0.983900 0.130100 0.122600
vn -0.830400 -0.524600 0.187700
vn -0.467400 -0.865100 0.182200
vn -0.114600 -0.982200 0.149100
vn 0.254200 -0.962400 0.096400
vn 0.684800 -0.728700 0.007400
vn 0.984700 -0.133500 -0.111800
vn 0.832600 0.524200 -0.178700
vn 0.112600 0.981200 -0.156700
vn 0.465900 0.863900 -0.191200
vn -0.256300 0.961500 -0.099300
vn -0.686200 0.727400 -0.000900
vn -0.982500 0.132700 0.130400
vn -0.828500 -0.521900 0.202900
vn -0.465200 -0.862700 0.198400
vn -0.112400 -0.980100 0.163500
vn 0.256200 -0.960700 0.106800
vn 0.685900 -0.727600 0.010400
vn 0.983800 -0.133400 -0.119800
vn 0.830200 0.522600 -0.193900
vn 0.112100 0.980600 -0.160600
vn 0.464900 0.863200 -0.196900
vn -0.256300 0.961300 -0.100900
vn -0.685300 0.728300 0.000800
vn -0.981500 0.134900 0.135800
vn -0.827800 -0.520300 0.209700
vn -0.464300 -0.861800 0.204200
vn -0.111400 -0.979600 0.167400
vn 0.256900 -0.960300 0.108400
vn 0.686200 -0.727400 0.008400
vn 0.983100 -0.133100 -0.125500
vn 0.828900 0.522200 -0.200800
vn 0.113200 0.981600 -0.154000
vn 0.465500 0.864000 -0.191900
vn -0.254700 0.962500 -0.093600
vn -0.683500 0.729900 0.007300
vn -0.980800 0.136600 0.138800
vn -0.828400 -0.520200 0.208000
vn -0.465100 -0.862600 0.199300
vn -0.112300 -0.980600 0.160800
vn 0.256200 -0.961300 0.100900
vn 0.685900 -0.727700 0.001500
vn 0.982800 -0.132500 -0.129000
vn 0.828800 0.523000 -0.199000
vn 0.115900 0.983800 -0.137000
vn 0.467900 0.866000 -0.176300
vn -0.251900 0.964600 -0.077500
vn -0.681000 0.732100 0.018600
vn -0.980600 0.138000 0.139500
vn -0.830300 -0.521000 0.197800
vn -0.467600 -0.864600 0.183700
vn -0.114800 -0.982900 0.143700
vn 0.254100 -0.963500 0.084600
vn 0.684700 -0.728700 -0.010200
vn 0.982800 -0.131400 -0.130000
vn 0.830000 0.524800 -0.188800
vn 0.120200 0.986700 -0.109700
vn 0.471700 0.868900 -0.150400
vn -0.247800 0.967400 -0.052800
vn -0.677900 0.734300 0.034600
vn -0.980600 0.139000 0.137800
vn -0.833600 -0.522500 0.179200
vn -0.471600 -0.867600 0.157800
vn -0.118700 -0.986100 0.116400
vn 0.250700 -0.966200 0.059800
vn 0.682900 -0.730000 -0.026500
vn 0.983100 -0.130200 -0.128500
vn 0.832500 0.527300 -0.170300
vn 0.121000 0.986000 -0.114800
vn 0.474500 0.867500 -0.149600
vn -0.249100 0.966400 -0.063400
vn -0.682700 0.730400 0.018800
vn -0.984400 0.128500 0.120500
vn -0.831600 -0.529700 0.166800
vn -0.469200 -0.869700 0.152900
vn -0.117200 -0.986100 0.117900
vn 0.251200 -0.965600 0.067100
vn 0.681900 -0.731400 -0.013600
vn 0.983900 -0.137300 -0.114100
vn 0.837100 0.522400 -0.162300
vn 0.114300 0.975600 -0.187400
vn 0.471600 0.858400 -0.201900
vn -0.259000 0.954700 -0.146300
vn -0.694800 0.716700 -0.059900
vn -0.990400 0.114400 0.078200
vn -0.827100 -0.533000 0.178600
vn -0.461400 -0.863900 0.201900
vn -0.108300 -0.976400 0.187000
vn 0.260300 -0.954400 0.146300
vn 0.688700 -0.722400 0.061800
vn 0.987600 -0.138900 -0.073400
vn 0.838900 0.514800 -0.176500
vn 0.107100 0.955000 -0.276500
vn 0.465700 0.844300 -0.265100
vn -0.266500 0.931100 -0.249000
vn -0.701000 0.695400 -0.158100
vn -0.994100 0.105500 0.025400
vn -0.826700 -0.527600 0.195500
vn -0.456600 -0.849000 0.265900
vn -0.101100 -0.955800 0.276200
vn 0.268800 -0.930600 0.248500
vn 0.697300 -0.698900 0.159000
vn 0.992100 -0.123800 -0.020200
vn 0.836500 0.513200 -0.191900
vn 0.105000 0.935100 -0.338400
vn 0.463600 0.832200 -0.304200
vn -0.268400 0.906800 -0.325000
vn -0.702200 0.671600 -0.236400
vn -0.995400 0.092900 -0.025000
vn -0.827800 -0.525400 0.196700
vn -0.456100 -0.835900 0.305500
vn -0.099200 -0.935800 0.338400
vn 0.271700 -0.906000 0.324400
vn 0.701100 -0.672700 0.236600
vn 0.994100 -0.104400 0.029100
vn 0.835300 0.514900 -0.192900
vn 0.105200 0.922000 -0.372700
vn 0.463100 0.826800 -0.319400
vn -0.267200 0.888200 -0.373900
vn -0.699900 0.650800 -0.294200
vn -0.994300 0.078400 -0.072000
vn -0.828900 -0.528700 0.182900
vn -0.457200 -0.829500 0.320800
vn -0.100000 -0.922400 0.373000
vn 0.271500 -0.887000 0.373400
vn 0.701600 -0.649300 0.293500
vn 0.993800 -0.083400 0.073900
vn 0.833800 0.522000 -0.179900
vn 0.105400 0.918600 -0.380800
vn 0.461900 0.830400 -0.311600
vn -0.265300 0.878800 -0.396700
vn -0.696200 0.636400 -0.332100
vn -0.991300 0.064000 -0.115200
vn -0.828300 -0.538300 0.155100
vn -0.457500 -0.832400 0.312900
vn -0.100700 -0.918900 0.381300
vn 0.270600 -0.877200 0.396500
vn 0.700400 -0.632500 0.330700
vn 0.991400 -0.062900 0.114700
vn 0.830900 0.534900 -0.153300
vn 0.103100 0.925800 -0.363600
vn 0.457900 0.843200 -0.281700
vn -0.265200 0.879700 -0.394800
vn -0.692700 0.630000 -0.351000
vn -0.986600 0.051200 -0.154800
vn -0.825100 -0.553400 0.113800
vn -0.454800 -0.844500 0.282800
vn -0.098900 -0.926000 0.364300
vn 0.271100 -0.877800 0.394800
vn 0.699400 -0.623600 0.349200
vn 0.987400 -0.043900 0.151900
vn 0.825200 0.553300 -0.113700
vn 0.096300 0.941800 -0.322100
vn 0.449100 0.863200 -0.230500
vn -0.269100 0.889700 -0.368900
vn -0.691500 0.631100 -0.351500
vn -0.980800 0.040800 -0.190600
vn -0.817900 -0.572300 0.059600
vn -0.447500 -0.863900 0.231200
vn -0.092600 -0.941900 0.322900
vn 0.275500 -0.887500 0.369300
vn 0.700600 -0.621900 0.349800
vn 0.982200 -0.027400 0.186100
vn 0.815600 0.575300 -0.061000
vn 0.083100 0.962800 -0.257100
vn 0.433800 0.886900 -0.158700
vn -0.278500 0.905600 -0.319900
vn -0.694200 0.637600 -0.334100
vn -0.974300 0.033400 -0.222600
vn -0.805900 -0.592000 -0.006800
vn -0.433900 -0.886800 0.158900
vn -0.079900 -0.962800 0.258000
vn 0.285600 -0.903100 0.320800
vn 0.705000 -0.626100 0.333200
vn 0.976000 -0.014300 0.217500
vn 0.801400 0.598100 0.004200
vn 0.062500 0.983300 -0.170600
vn 0.411800 0.908700 -0.068200
vn -0.295000 0.922400 -0.249400
vn -0.701500 0.646400 -0.299900
vn -0.967800 0.029200 -0.250100
vn -0.788900 -0.608800 -0.083800
vn -0.413300 -0.908100 0.067900
vn -0.059600 -0.983400 0.171600
vn 0.302300 -0.919600 0.250900
vn 0.713400 -0.633100 0.300400
vn 0.969300 -0.005100 0.245900
vn 0.782400 0.617600 0.080700
vn 0.034700 0.997200 -0.066800
vn 0.383300 0.922900 0.036900
vn -0.318500 0.934100 -0.161400
vn -0.714100 0.653500 -0.251100
vn -0.961700 0.027900 -0.272700
vn -0.767200 -0.619000 -0.168200
vn -0.385800 -0.921800 -0.037600
vn -0.032300 -0.997200 0.067700
vn 0.325800 -0.931200 0.163300
vn 0.726400 -0.638800 0.253500
vn 0.962600 -0.000200 0.270800
vn 0.758900 0.629900 0.165100
vn 0.001000 0.998900 0.047200
vn 0.349700 0.924800 0.149800
vn -0.347800 0.935500 -0.062000
vn -0.731400 0.654400 -0.191900
vn -0.956700 0.028600 -0.289800
vn -0.742300 -0.619600 -0.255000
vn -0.353000 -0.923400 -0.150800
vn 0.000800 -0.998900 -0.046700
vn 0.354800 -0.932800 0.064200
vn 0.743400 -0.639400 0.196300
vn 0.956700 0.000900 0.291200
vn 0.732700 0.632000 0.252600
vn -0.030700 0.988600 0.147200
vn 0.319200 0.914700 0.248000
vn -0.376600 0.926000 0.026600
vn -0.750900 0.646100 -0.136700
vn -0.954000 0.024500 -0.298900
vn -0.719100 -0.614600 -0.324200
vn -0.323100 -0.914200 -0.244700
vn 0.030600 -0.989200 -0.143200
vn 0.379800 -0.924800 -0.020800
vn 0.756900 -0.637000 0.146000
vn 0.951400 -0.005600 0.307800
vn 0.710600 0.622300 0.328400
vn -0.051800 0.976100 0.211100
vn 0.299200 0.902100 0.311000
vn -0.396000 0.914500 0.083300
vn -0.764200 0.637000 -0.101100
vn -0.952500 0.020900 -0.303800
vn -0.703600 -0.608800 -0.366500
vn -0.303400 -0.903600 -0.302500
vn 0.049800 -0.977900 -0.202900
vn 0.395700 -0.915400 -0.073500
vn 0.764900 -0.633800 0.114700
vn 0.947800 -0.012400 0.318600
vn 0.696100 0.610900 0.377100
vn -0.066000 0.965100 0.253600
vn 0.285400 0.891100 0.352800
vn -0.408800 0.904700 0.120500
vn -0.772100 0.630700 -0.078600
vn -0.950700 0.021600 -0.309200
vn -0.693100 -0.601400 -0.397400
vn -0.289600 -0.893400 -0.343500
vn 0.063700 -0.967500 -0.244600
vn 0.407800 -0.906400 -0.110000
vn 0.771900 -0.628800 0.093000
vn 0.945500 -0.015000 0.325300
vn 0.685600 0.602200 0.409100
vn -0.078300 0.954000 0.289300
vn 0.273500 0.880100 0.388100
vn -0.419600 0.894900 0.151800
vn -0.778900 0.624200 -0.060000
vn -0.949000 0.021600 -0.314400
vn -0.683800 -0.594000 -0.423900
vn -0.277700 -0.883000 -0.378300
vn 0.075800 -0.957000 -0.280000
vn 0.418100 -0.897400 -0.140900
vn 0.777700 -0.624200 0.074700
vn 0.943500 -0.018000 0.330900
vn 0.676600 0.593200 0.436200
vn -0.087400 0.945100 0.314800
vn 0.264700 0.871200 0.413400
vn -0.427700 0.887000 0.173900
vn -0.784200 0.618700 -0.047200
vn -0.947600 0.021000 -0.318800
vn -0.676500 -0.588300 -0.443000
vn -0.268900 -0.874700 -0.403200
vn 0.084600 -0.948600 -0.305100
vn 0.425400 -0.890200 -0.162900
vn 0.781500 -0.620800 0.061500
vn 0.942000 -0.021200 0.335000
vn 0.670200 0.585800 0.455800
vn -0.092000 0.940500 0.327000
vn 0.260500 0.866500 0.425800
vn -0.432000 0.882900 0.184200
vn -0.787100 0.615500 -0.041800
vn -0.946600 0.019800 -0.321700
vn -0.672400 -0.585700 -0.452600
vn -0.264200 -0.870500 -0.415200
vn 0.088800 -0.944200 -0.317200
vn 0.428700 -0.886600 -0.173400
vn 0.782900 -0.619700 0.055300
vn 0.941200 -0.024100 0.337100
vn 0.667400 0.581200 0.465600
vn -0.091100 0.941500 0.324300
vn 0.261700 0.867200 0.423600
vn -0.431600 0.883700 0.181300
vn -0.787100 0.615200 -0.044600
vn -0.946200 0.018000 -0.323000
vn -0.672300 -0.586800 -0.451400
vn -0.264700 -0.871400 -0.412900
vn 0.087800 -0.945100 -0.314600
vn 0.427200 -0.887800 -0.171100
vn 0.781500 -0.621300 0.056700
vn 0.941200 -0.026400 0.336900
vn 0.668600 0.580800 0.464300
vn -0.084900 0.947900 0.307100
vn 0.267700 0.873300 0.407000
vn -0.426500 0.889200 0.165500
vn -0.784300 0.617900 -0.055100
vn -0.946600 0.016100 -0.322100
vn -0.675800 -0.591800 -0.439400
vn -0.270400 -0.877400 -0.396400
vn 0.081500 -0.951200 -0.297500
vn 0.421300 -0.893400 -0.155800
vn 0.777300 -0.625600 0.066000
vn 0.941900 -0.027500 0.334800
vn 0.673600 0.584700 0.452100
vn -0.074300 0.958000 0.276900
vn 0.278100 0.883200 0.377700
vn -0.417300 0.898200 0.138400
vn -0.778900 0.623000 -0.072400
vn -0.947500 0.014100 -0.319400
vn -0.682800 -0.599300 -0.417900
vn -0.280500 -0.886800 -0.367400
vn 0.070700 -0.960900 -0.267700
vn 0.411600 -0.902100 -0.129400
vn 0.771000 -0.631600 0.082100
vn 0.943200 -0.027300 0.331100
vn 0.681700 0.591600 0.430300
vn -0.060500 0.969700 0.236900
vn 0.291800 0.894400 0.338900
vn -0.405200 0.908400 0.102900
vn -0.771500 0.629100 -0.094500
vn -0.948900 0.012000 -0.315200
vn -0.692300 -0.607600 -0.389300
vn -0.293700 -0.897500 -0.329000
vn 0.057000 -0.971900 -0.228200
vn 0.399200 -0.912000 -0.094500
vn 0.763100 -0.637900 0.103300
vn 0.945000 -0.026600 0.326000
vn 0.692200 0.599900 0.401300
vn -0.045000 0.980500 0.191200
vn 0.307000 0.905000 0.294400
vn -0.391500 0.918100 0.062400
vn -0.763100 0.635100 -0.119500
vn -0.950700 0.010700 -0.310000
vn -0.703200 -0.615200 -0.356500
vn -0.308400 -0.907500 -0.285100
vn 0.041800 -0.982200 -0.183200
vn 0.385500 -0.921100 -0.054700
vn 0.754600 -0.643600 0.127500
vn 0.947000 -0.025400 0.320200
vn 0.703800 0.607800 0.367800
vn -0.029400 0.989200 0.143600
vn 0.322500 0.913500 0.247900
vn -0.377500 0.925800 0.020300
vn -0.754500 0.640000 -0.145300
vn -0.952500 0.009900 -0.304400
vn -0.714700 -0.620800 -0.322200
vn -0.323700 -0.915300 -0.239500
vn 0.026400 -0.990300 -0.136400
vn 0.372000 -0.928100 -0.013300
vn 0.746400 -0.647800 0.152800
vn 0.949100 -0.023900 0.314100
vn 0.715500 0.614200 0.332800
vn -0.017400 0.994400 0.103900
vn 0.334900 0.919200 0.207300
vn -0.367700 0.929900 -0.012100
vn -0.749800 0.642100 -0.159800
vn -0.957400 0.009900 -0.288800
vn -0.728200 -0.624000 -0.283400
vn -0.339500 -0.920500 -0.193700
vn 0.011700 -0.995700 -0.091800
vn 0.359800 -0.932700 0.024500
vn 0.739700 -0.649900 0.174600
vn 0.951400 -0.021300 0.307100
vn 0.725100 0.619500 0.300700
vn -0.008800 0.997200 0.074200
vn 0.344800 0.922800 0.171900
vn -0.362100 0.931600 -0.031000
vn -0.749400 0.642700 -0.159200
vn -0.965100 0.009400 -0.261800
vn -0.741100 -0.626400 -0.241800
vn -0.352200 -0.923400 -0.152300
vn 0.000400 -0.998400 -0.056700
vn 0.351700 -0.934800 0.049500
vn 0.737400 -0.650400 0.182100
vn 0.957000 -0.018300 0.289600
vn 0.734400 0.624100 0.266700
vn -0.001300 0.998900 0.047900
vn 0.354700 0.924900 0.137200
vn -0.357800 0.932700 -0.045200
vn -0.750100 0.643100 -0.154300
vn -0.972300 0.008900 -0.233600
vn -0.751200 -0.628000 -0.203200
vn -0.361500 -0.925000 -0.117100
vn -0.006800 -0.999500 -0.029900
vn 0.348200 -0.935200 0.064500
vn 0.739100 -0.649600 0.178200
vn 0.964800 -0.016000 0.262300
vn 0.745100 0.626600 0.228500
vn 0.004400 0.999700 0.024400
vn 0.362700 0.925900 0.105400
vn -0.354600 0.933300 -0.057000
vn -0.750900 0.643600 -0.148100
vn -0.978400 0.009200 -0.206300
vn -0.759800 -0.628300 -0.167100
vn -0.369000 -0.925500 -0.085100
vn -0.012000 -0.999900 -0.006000
vn 0.346100 -0.935100 0.076900
vn 0.741100 -0.648800 0.172800
vn 0.971800 -0.014600 0.235500
vn 0.754200 0.627700 0.192800
vn 0.009100 0.999900 0.004600
vn 0.368800 0.926300 0.077600
vn -0.352300 0.933600 -0.066000
vn -0.752000 0.644000 -0.140900
vn -0.983500 0.009900 -0.180600
vn -0.766500 -0.627900 -0.134700
vn -0.374800 -0.925300 -0.057100
vn -0.015800 -0.999800 0.014000
vn 0.344700 -0.934800 0.086100
vn 0.743200 -0.648100 0.165900
vn 0.977600 -0.013800 0.209900
vn 0.761300 0.628300 0.160400
vn 0.012800 0.999900 -0.010900
vn 0.373100 0.926200 0.054400
vn -0.350700 0.933700 -0.071800
vn -0.753200 0.644200 -0.132800
vn -0.987500 0.010500 -0.157200
vn -0.771400 -0.627300 -0.106800
vn -0.379000 -0.924800 -0.034100
vn -0.018800 -0.999400 0.029400
vn 0.343900 -0.934500 0.091900
vn 0.745600 -0.647400 0.157700
vn 0.982400 -0.013200 0.186400
vn 0.766600 0.628400 0.132200
vn 0.015200 0.999600 -0.022000
vn 0.376300 0.925800 0.036300
vn -0.349500 0.934000 -0.074500
vn -0.754200 0.644900 -0.123900
vn -0.990600 0.011600 -0.136600
vn -0.774900 -0.626400 -0.084000
vn -0.381400 -0.924200 -0.016400
vn -0.020500 -0.999000 0.040300
vn 0.343600 -0.934400 0.094400
vn 0.747900 -0.647000 0.148600
vn 0.986200 -0.013100 0.165300
vn 0.770700 0.627900 0.109000
vn 0.016400 0.999500 -0.028600
vn 0.378500 0.925300 0.023600
vn -0.348800 0.934300 -0.074100
vn -0.754700 0.646000 -0.114500
vn -0.992800 0.013200 -0.119200
vn -0.777500 -0.625400 -0.066500
vn -0.382500 -0.923900 -0.004000
vn -0.020700 -0.998700 0.046600
vn 0.344100 -0.934300 0.093700
vn 0.749900 -0.646900 0.138800
vn 0.989000 -0.013100 0.147100
vn 0.773300 0.627500 0.090800
vn 0.016600 0.999400 -0.031100
vn 0.379700 0.925000 0.015900
vn -0.348800 0.934500 -0.071000
vn -0.755200 0.647000 -0.104900
vn -0.994400 0.014400 -0.105000
vn -0.778800 -0.624900 -0.054200
vn -0.382600 -0.923900 0.003100
vn -0.020100 -0.998600 0.048600
vn 0.344600 -0.934400 0.090000
vn 0.751300 -0.647300 0.128500
vn 0.991200 -0.012700 0.132000
vn 0.775000 0.627200 0.077700
vn 0.016200 0.999400 -0.029600
vn 0.380000 0.924900 0.013100
vn -0.348900 0.934900 -0.065300
vn -0.755600 0.648100 -0.095300
vn -0.995400 0.015300 -0.094100
vn -0.779400 -0.624700 -0.047000
vn -0.382700 -0.923900 0.005300
vn -0.019400 -0.998700 0.046400
vn 0.345500 -0.934700 0.083700
vn 0.752600 -0.647900 0.118100
vn 0.992700 -0.012900 0.120100
vn 0.776100 0.626800 0.069600
vn 0.015900 0.999600 -0.024500
vn 0.380000 0.924900 0.014700
vn -0.349400 0.935200 -0.057600
vn -0.756100 0.648800 -0.085800
vn -0.996100 0.016000 -0.086200
vn -0.779600 -0.624700 -0.044400
vn -0.383100 -0.923700 0.002900
vn -0.018800 -0.999000 0.040600
vn 0.347400 -0.934700 0.075300
vn 0.753900 -0.648100 0.107600
vn 0.993700 -0.013500 0.111100
vn 0.776600 0.626500 0.066100
vn 0.016300 0.999700 -0.016300
vn 0.380300 0.924600 0.020200
vn -0.350400 0.935300 -0.048200
vn -0.756900 0.649000 -0.076600
vn -0.996600 0.016000 -0.081200
vn -0.779500 -0.624700 -0.046000
vn -0.383000 -0.923700 -0.003400
vn -0.017700 -0.999300 0.031800
vn 0.349400 -0.934700 0.065000
vn 0.755300 -0.648100 0.097500
vn 0.994400 -0.013400 0.104900
vn 0.776300 0.626800 0.066700
vn 0.016700 0.999800 -0.011400
vn 0.380200 0.924600 0.023900
vn -0.350500 0.935600 -0.042900
vn -0.756900 0.649500 -0.072100
vn -0.996700 0.015800 -0.079400
vn -0.779000 -0.625100 -0.047700
vn -0.382400 -0.924000 -0.007400
vn -0.016900 -0.999500 0.026800
vn 0.349900 -0.934900 0.059500
vn 0.755500 -0.648500 0.092400
vn 0.994600 -0.013400 0.102500
vn 0.775500 0.627600 0.067900
vn -0.035500 0.999400 0.001700
vn -0.032800 0.999500 0.004300
vn 0.336200 0.941600 0.017700
vn 0.334100 0.942500 0.004100
vn -0.399600 0.916700 -0.001000
vn -0.396800 0.917900 -0.009700
vn -0.792400 0.610000 -0.003900
vn -0.790100 0.612400 -0.025700
vn -0.999200 -0.038300 -0.006000
vn -0.998700 -0.035000 -0.036300
vn -0.743200 -0.669000 -0.005300
vn -0.744600 -0.666900 -0.030200
vn -0.327200 -0.944900 -0.003500
vn -0.329600 -0.944000 -0.016800
vn 0.042600 -0.999100 -0.001800
vn 0.039700 -0.999200 -0.004100
vn 0.406700 -0.913600 0.000200
vn 0.403600 -0.914900 0.009200
vn 0.797500 -0.603400 0.003100
vn 0.794900 -0.606200 0.025000
vn 0.999200 0.039500 0.006000
vn 0.998700 0.036200 0.036300
vn 0.747700 0.664100 0.006100
vn 0.748900 0.662000 0.031100
vn -0.027700 0.999600 0.008600
vn 0.339400 0.939700 0.043000
vn -0.390800 0.920100 -0.027000
vn -0.784300 0.616700 -0.067700
vn -0.995100 -0.029300 -0.094400
vn -0.745100 -0.662400 -0.077500
vn -0.333500 -0.941800 -0.041700
vn 0.034000 -0.999400 -0.008000
vn 0.397100 -0.917400 0.026800
vn 0.788600 -0.611300 0.067300
vn 0.995100 0.030100 0.094400
vn 0.749200 0.657600 0.078600
vn -0.022800 0.999700 0.010900
vn 0.341600 0.937600 0.064200
vn -0.383900 0.922300 -0.043900
vn -0.776500 0.621000 -0.106300
vn -0.988900 -0.023800 -0.146400
vn -0.743800 -0.657700 -0.118800
vn -0.336600 -0.939600 -0.062700
vn 0.028000 -0.999600 -0.010100
vn 0.389400 -0.920000 0.044000
vn 0.780300 -0.616400 0.106000
vn 0.988900 0.023600 0.146400
vn 0.747600 0.653200 0.120200
vn -0.017800 0.999800 0.011100
vn 0.343800 0.935600 0.080700
vn -0.376600 0.924400 -0.060100
vn -0.767500 0.625400 -0.140500
vn -0.981400 -0.017800 -0.191000
vn -0.742000 -0.652700 -0.153200
vn -0.339300 -0.937300 -0.079200
vn 0.022000 -0.999700 -0.010300
vn 0.381000 -0.922600 0.060200
vn 0.770600 -0.621700 0.140200
vn 0.981500 0.017200 0.190900
vn 0.745200 0.648700 0.154600
vn -0.012200 0.999900 0.009200
vn 0.346100 0.933600 0.092300
vn -0.368700 0.926500 -0.075200
vn -0.758200 0.629500 -0.169700
vn -0.973800 -0.012000 -0.227200
vn -0.740300 -0.647700 -0.180000
vn -0.342700 -0.935000 -0.090800
vn 0.015700 -0.999800 -0.008400
vn 0.372100 -0.925100 0.075300
vn 0.760500 -0.626900 0.169400
vn 0.973800 0.011000 0.227200
vn 0.742900 0.644400 0.181400
vn -0.005700 1.000000 0.005300
vn 0.349400 0.931700 0.098800
vn -0.360500 0.928500 -0.089100
vn -0.749300 0.633300 -0.193700
vn -0.966900 -0.006700 -0.255000
vn -0.739500 -0.643000 -0.198900
vn -0.347000 -0.932800 -0.097400
vn 0.008500 -1.000000 -0.004500
vn 0.363000 -0.927500 0.089000
vn 0.750600 -0.631900 0.193200
vn 0.966900 0.005000 0.254900
vn 0.741600 0.640200 0.200300
vn 0.001300 1.000000 -0.000600
vn 0.354000 0.929800 0.100500
vn -0.352200 0.930400 -0.101700
vn -0.741000 0.637100 -0.212400
vn -0.961600 -0.001300 -0.274400
vn -0.740400 -0.638500 -0.210200
vn -0.352300 -0.930600 -0.099300
vn 0.000700 -1.000000 0.001100
vn 0.353700 -0.929800 0.101400
vn 0.741400 -0.636800 0.211700
vn 0.961600 -0.000900 0.274300
vn 0.741900 0.636200 0.211500
vn 0.008600 0.999900 -0.008300
vn 0.359800 0.927900 0.097600
vn -0.344100 0.932100 -0.113100
vn -0.733500 0.640900 -0.226100
vn -0.958300 0.004000 -0.285800
vn -0.743000 -0.634100 -0.214300
vn -0.358700 -0.928500 -0.096500
vn -0.007600 -0.999900 0.008600
vn 0.344700 -0.932000 0.112600
vn 0.733300 -0.641500 0.225300
vn 0.958300 -0.006600 0.285800
vn 0.744200 0.632300 0.215500
vn 0.016500 0.999700 -0.017700
vn 0.366900 0.925900 0.090400
vn -0.336100 0.933700 -0.123300
vn -0.727300 0.644700 -0.235200
vn -0.957000 0.009400 -0.289900
vn -0.747600 -0.629500 -0.211600
vn -0.366400 -0.926200 -0.089500
vn -0.016500 -0.999700 0.017700
vn 0.335800 -0.933900 0.122500
vn 0.726600 -0.646000 0.234200
vn 0.957000 -0.012200 0.290000
vn 0.748500 0.628100 0.212700
vn 0.025200 0.999300 -0.028300
vn 0.375000 0.923600 0.079500
vn -0.328200 0.935300 -0.132200
vn -0.722400 0.648400 -0.240100
vn -0.957700 0.014900 -0.287400
vn -0.754100 -0.624600 -0.203000
vn -0.375100 -0.923600 -0.078800
vn -0.025700 -0.999300 0.028200
vn 0.327100 -0.935800 0.131300
vn 0.721000 -0.650400 0.238900
vn 0.957600 -0.017800 0.287400
vn 0.754500 0.623900 0.203900
vn 0.034200 0.998600 -0.040200
vn 0.384000 0.921000 0.065200
vn -0.320800 0.936700 -0.140200
vn -0.718700 0.652200 -0.241100
vn -0.960100 0.020700 -0.278900
vn -0.761900 -0.619500 -0.189100
vn -0.384700 -0.920800 -0.064800
vn -0.035200 -0.998600 0.039900
vn 0.319100 -0.937500 0.139100
vn 0.716700 -0.654800 0.239900
vn 0.960000 -0.024100 0.279100
vn 0.762000 0.619200 0.189800
vn 0.041500 0.997900 -0.049400
vn 0.391500 0.918600 0.053900
vn -0.314600 0.938000 -0.145800
vn -0.715200 0.656000 -0.241100
vn -0.962000 0.026200 -0.271600
vn -0.767800 -0.615500 -0.177700
vn -0.391700 -0.918500 -0.053600
vn -0.041800 -0.997900 0.049300
vn 0.314100 -0.938200 0.145400
vn 0.714400 -0.657100 0.240500
vn 0.962000 -0.028000 0.271700
vn 0.768000 0.615100 0.178200
vn 0.045900 0.997400 -0.056100
vn 0.395300 0.917200 0.049200
vn -0.310100 0.938200 -0.153700
vn -0.711800 0.656900 -0.248700
vn -0.960800 0.026600 -0.276000
vn -0.768300 -0.615300 -0.176500
vn -0.393500 -0.918000 -0.048500
vn -0.044400 -0.997400 0.056600
vn 0.311200 -0.937800 0.153900
vn 0.711800 -0.656800 0.248700
vn 0.960700 -0.028900 0.276100
vn 0.769900 0.613100 0.177200
vn 0.050800 0.996200 -0.071200
vn 0.398600 0.916200 0.040900
vn -0.304200 0.936700 -0.173300
vn -0.705900 0.654700 -0.270300
vn -0.956400 0.023300 -0.291200
vn -0.766900 -0.616500 -0.178300
vn -0.395600 -0.917600 -0.039900
vn -0.048500 -0.996200 0.071800
vn 0.305400 -0.936300 0.173600
vn 0.705100 -0.655600 0.270100
vn 0.956100 -0.029300 0.291600
vn 0.770100 0.612100 0.179600
vn 0.059600 0.993300 -0.099200
vn 0.404800 0.914200 0.022300
vn -0.293900 0.933200 -0.206800
vn -0.695800 0.650900 -0.303600
vn -0.950200 0.020100 -0.311000
vn -0.767100 -0.617000 -0.175500
vn -0.401200 -0.915800 -0.021000
vn -0.057000 -0.993300 0.100100
vn 0.295000 -0.932800 0.207200
vn 0.694200 -0.652700 0.303400
vn 0.949700 -0.028700 0.311900
vn 0.771500 0.611000 0.177600
vn 0.071500 0.988200 -0.135100
vn 0.413500 0.910500 -0.003100
vn -0.280300 0.927300 -0.248000
vn -0.682800 0.645200 -0.342800
vn -0.943200 0.016800 -0.331900
vn -0.769200 -0.616400 -0.168600
vn -0.409800 -0.912200 0.004800
vn -0.069300 -0.988300 0.136000
vn 0.281100 -0.927000 0.248300
vn 0.680700 -0.647600 0.342500
vn 0.942500 -0.026500 0.333200
vn 0.773800 0.609800 0.171300
vn 0.084500 0.981600 -0.171300
vn 0.423000 0.905600 -0.030100
vn -0.265900 0.919800 -0.288500
vn -0.669400 0.638300 -0.380000
vn -0.936600 0.013900 -0.350200
vn -0.772700 -0.614400 -0.159600
vn -0.419800 -0.907100 0.031700
vn -0.082700 -0.981600 0.172000
vn 0.266300 -0.919700 0.288600
vn 0.667200 -0.640800 0.379700
vn 0.935800 -0.022800 0.351700
vn 0.776700 0.608600 0.162300
vn 0.096100 0.974500 -0.202600
vn 0.431600 0.900400 -0.054300
vn -0.253100 0.912100 -0.322600
vn -0.657800 0.631600 -0.410400
vn -0.931400 0.011500 -0.363900
vn -0.776700 -0.611600 -0.150600
vn -0.429100 -0.901500 0.055500
vn -0.094800 -0.974600 0.203100
vn 0.253100 -0.912100 0.322600
vn 0.655900 -0.633700 0.410200
vn 0.930700 -0.018800 0.365400
vn 0.779700 0.607200 0.152800
vn 0.105200 0.968200 -0.226900
vn 0.438600 0.895600 -0.073700
vn -0.243000 0.905300 -0.348400
vn -0.648800 0.625900 -0.432800
vn -0.927700 0.010100 -0.373100
vn -0.780500 -0.608800 -0.142500
vn -0.437000 -0.896400 0.074400
vn -0.104400 -0.968200 0.227200
vn 0.242800 -0.905400 0.348300
vn 0.647200 -0.627600 0.432600
vn 0.927100 -0.015500 0.374400
vn 0.782600 0.605600 0.144200
vn 0.112000 0.963200 -0.244400
vn 0.444000 0.891700 -0.088000
vn -0.235800 0.900000 -0.366600
vn -0.642400 0.621800 -0.448000
vn -0.925500 0.009300 -0.378700
vn -0.783600 -0.606300 -0.135800
vn -0.443100 -0.892100 0.088500
vn -0.111400 -0.963200 0.244600
vn 0.235600 -0.900100 0.366600
vn 0.641200 -0.623100 0.447900
vn 0.925000 -0.013200 0.379700
vn 0.785000 0.604200 0.137000
vn 0.116800 0.959500 -0.256400
vn 0.447900 0.888700 -0.098300
vn -0.230900 0.896200 -0.378800
vn -0.638300 0.618800 -0.457800
vn -0.924300 0.009100 -0.381600
vn -0.786000 -0.604300 -0.130400
vn -0.447400 -0.888900 0.098600
vn -0.116600 -0.959500 0.256500
vn 0.230700 -0.896300 0.378800
vn 0.637400 -0.619800 0.457700
vn 0.924000 -0.011700 0.382300
vn 0.787000 0.602900 0.131300
vn 0.120100 0.956900 -0.264500
vn 0.450700 0.886400 -0.105400
vn -0.227500 0.893700 -0.386700
vn -0.635700 0.617000 -0.463800
vn -0.923800 0.009100 -0.382800
vn -0.787900 -0.602700 -0.126300
vn -0.450400 -0.886600 0.105600
vn -0.120100 -0.956900 0.264500
vn 0.227400 -0.893800 0.386700
vn 0.635100 -0.617700 0.463800
vn 0.923600 -0.010800 0.383300
vn 0.788500 0.601800 0.126800
vn 0.122100 0.955100 -0.269900
vn 0.452600 0.884800 -0.110500
vn -0.225300 0.892100 -0.391600
vn -0.634100 0.616100 -0.467200
vn -0.923700 0.009500 -0.383000
vn -0.789600 -0.601200 -0.123200
vn -0.452400 -0.884900 0.110600
vn -0.122200 -0.955100 0.269900
vn 0.225200 -0.892100 0.391600
vn 0.633800 -0.616400 0.467200
vn 0.923600 -0.010400 0.383200
vn 0.789800 0.600800 0.123400
vn 0.117400 0.958300 -0.260600
vn 0.448600 0.887700 -0.104200
vn -0.229800 0.895700 -0.380700
vn -0.637300 0.620700 -0.456800
vn -0.925500 0.015000 -0.378500
vn -0.790300 -0.599500 -0.126400
vn -0.450700 -0.886700 0.103000
vn -0.118800 -0.958200 0.260100
vn 0.229700 -0.895700 0.380700
vn 0.639100 -0.618600 0.456900
vn 0.926300 -0.008600 0.376800
vn 0.787700 0.603500 0.124100
vn 0.101500 0.969900 -0.221600
vn 0.435300 0.897200 -0.074300
vn -0.246400 0.908300 -0.338200
vn -0.651000 0.632900 -0.419200
vn -0.931500 0.023700 -0.363000
vn -0.787100 -0.600700 -0.140000
vn -0.440200 -0.895000 0.071900
vn -0.104200 -0.969800 0.220600
vn 0.246400 -0.908200 0.338300
vn 0.655000 -0.628400 0.419600
vn 0.933000 -0.009300 0.359700
vn 0.781100 0.609600 0.135400
vn 0.079800 0.983400 -0.162900
vn 0.418000 0.908000 -0.028000
vn -0.269500 0.922800 -0.275400
vn -0.670900 0.645900 -0.364300
vn -0.939900 0.029800 -0.340100
vn -0.780100 -0.604900 -0.159800
vn -0.423300 -0.905600 0.025600
vn -0.082500 -0.983300 0.162000
vn 0.269600 -0.922700 0.275500
vn 0.675400 -0.640900 0.364900
vn 0.941200 -0.013700 0.337500
vn 0.773300 0.614700 0.155400
vn 0.057300 0.993600 -0.097500
vn 0.400000 0.916200 0.024300
vn -0.293400 0.933600 -0.205900
vn -0.691200 0.655500 -0.304200
vn -0.948200 0.034200 -0.316000
vn -0.772500 -0.608100 -0.183000
vn -0.405700 -0.913600 -0.026500
vn -0.060000 -0.993500 0.096600
vn 0.293700 -0.933400 0.206000
vn 0.696100 -0.649800 0.305200
vn 0.949200 -0.016500 0.314300
vn 0.764800 0.618900 0.179200
vn 0.034800 0.999100 -0.025700
vn 0.381800 0.920600 0.082300
vn -0.317200 0.939400 -0.130200
vn -0.711500 0.660600 -0.239600
vn -0.956000 0.036400 -0.291100
vn -0.764300 -0.610000 -0.209500
vn -0.387700 -0.918000 -0.084100
vn -0.037500 -0.999000 0.024900
vn 0.317800 -0.939200 0.130400
vn 0.716700 -0.654400 0.241000
vn 0.956700 -0.017700 0.290600
vn 0.755900 0.621300 0.206500
vn 0.012500 0.998600 0.051400
vn 0.363500 0.920200 0.145200
vn -0.340400 0.939000 -0.049600
vn -0.731000 0.660400 -0.171500
vn -0.963300 0.036500 -0.266000
vn -0.755700 -0.609600 -0.239300
vn -0.369600 -0.917500 -0.146800
vn -0.015100 -0.998500 -0.052100
vn 0.341200 -0.938700 0.049900
vn 0.736600 -0.653700 0.173400
vn 0.963500 -0.016800 0.267100
vn 0.746700 0.621300 0.237400
vn -0.009100 0.991200 0.132100
vn 0.345700 0.914200 0.211700
vn -0.362600 0.931300 0.034100
vn -0.749400 0.654200 -0.101700
vn -0.969700 0.034900 -0.241600
vn -0.747200 -0.606400 -0.272000
vn -0.351900 -0.911500 -0.213000
vn 0.006500 -0.991100 -0.132700
vn 0.363600 -0.930900 -0.033800
vn 0.755300 -0.647100 0.104200
vn 0.969600 -0.014500 0.244300
vn 0.737700 0.618200 0.271200
vn -0.029000 0.976300 0.214300
vn 0.329100 0.901700 0.280300
vn -0.383300 0.916000 0.118700
vn -0.766200 0.641800 -0.032000
vn -0.975300 0.031200 -0.218700
vn -0.738700 -0.600100 -0.306800
vn -0.335200 -0.899200 -0.281100
vn 0.026600 -0.976300 -0.214800
vn 0.384300 -0.915600 -0.118300
vn 0.772000 -0.634600 0.035000
vn 0.974700 -0.010900 0.223100
vn 0.729000 0.611700 0.307200
vn -0.046700 0.954100 0.295800
vn 0.314100 0.882900 0.349000
vn -0.401600 0.893400 0.201600
vn -0.781000 0.623500 0.035300
vn -0.979800 0.025600 -0.198100
vn -0.730600 -0.590400 -0.343000
vn -0.320000 -0.880600 -0.349500
vn 0.044700 -0.954100 -0.296200
vn 0.402800 -0.892900 -0.201200
vn 0.786800 -0.616400 -0.031800
vn 0.978900 -0.005900 0.204200
vn 0.720900 0.601400 0.344500
vn -0.062200 0.925300 0.374200
vn 0.300900 0.858300 0.415700
vn -0.417200 0.864400 0.280700
vn -0.793700 0.600300 0.098400
vn -0.983400 0.018900 -0.180500
vn -0.723100 -0.577200 -0.379400
vn -0.306400 -0.856200 -0.416000
vn 0.060600 -0.925300 -0.374500
vn 0.418900 -0.863700 -0.280200
vn 0.799500 -0.593200 -0.094400
vn 0.982100 -0.000100 0.188100
vn 0.713500 0.587500 0.381800
vn -0.075400 0.891200 0.447300
vn 0.289600 0.828800 0.478800
vn -0.430400 0.830400 0.353800
vn -0.804300 0.573500 0.155700
vn -0.986000 0.011700 -0.166400
vn -0.716200 -0.561000 -0.415100
vn -0.294600 -0.827000 -0.478800
vn 0.074100 -0.891200 -0.447600
vn 0.432300 -0.829700 -0.353100
vn 0.809900 -0.566800 -0.151300
vn 0.984500 0.005700 0.175000
vn 0.707100 0.570200 0.418200
vn -0.086400 0.853500 0.513900
vn 0.280200 0.795700 0.537100
vn -0.441300 0.793200 0.419600
vn -0.812900 0.544700 0.206200
vn -0.987800 0.004900 -0.155700
vn -0.710000 -0.542100 -0.449400
vn -0.284500 -0.794200 -0.536900
vn 0.085200 -0.853400 -0.514200
vn 0.443300 -0.792400 -0.418900
vn 0.818300 -0.538400 -0.201500
vn 0.986200 0.010600 0.165000
vn 0.701700 0.550000 0.452900
vn -0.088800 0.841700 0.532600
vn 0.280600 0.784400 0.553100
vn -0.446200 0.780300 0.438200
vn -0.819800 0.528900 0.219700
vn -0.988100 -0.012300 -0.153600
vn -0.703600 -0.546600 -0.454100
vn -0.279900 -0.789600 -0.546100
vn 0.087800 -0.846000 -0.525900
vn 0.443500 -0.785500 -0.431600
vn 0.815500 -0.537900 -0.213700
vn 0.987300 -0.001300 0.158800
vn 0.706000 0.537500 0.461100
vn -0.077100 0.883700 0.461700
vn 0.293700 0.821200 0.489300
vn -0.437400 0.819400 0.370500
vn -0.816300 0.551800 0.170600
vn -0.987200 -0.022600 -0.157800
vn -0.706400 -0.579000 -0.407200
vn -0.289000 -0.831300 -0.474700
vn 0.076000 -0.890900 -0.447900
vn 0.430500 -0.828900 -0.357400
vn 0.803100 -0.573800 -0.160900
vn 0.986400 -0.016500 0.163600
vn 0.717500 0.555700 0.420000
vn -0.058400 0.935100 0.349500
vn 0.309800 0.867700 0.388600
vn -0.418600 0.869300 0.263000
vn -0.802200 0.589600 0.093600
vn -0.986300 -0.015300 -0.164200
vn -0.718200 -0.606200 -0.341700
vn -0.306100 -0.875600 -0.373600
vn 0.057400 -0.940200 -0.335600
vn 0.412500 -0.876100 -0.249400
vn 0.790200 -0.607400 -0.081000
vn 0.984200 -0.017900 0.176000
vn 0.726800 0.586600 0.357300
vn -0.041200 0.966500 0.253300
vn 0.324400 0.896000 0.303200
vn -0.401400 0.900000 0.170000
vn -0.789100 0.613800 0.025200
vn -0.984900 -0.008500 -0.172800
vn -0.728900 -0.621300 -0.287700
vn -0.321800 -0.902000 -0.287900
vn 0.040000 -0.970100 -0.239500
vn 0.396000 -0.904900 -0.155900
vn 0.778600 -0.627500 -0.010400
vn 0.981900 -0.018000 0.188600
vn 0.735100 0.605400 0.305000
vn -0.026600 0.984100 0.175400
vn 0.336800 0.911800 0.235000
vn -0.386500 0.917600 0.093400
vn -0.777200 0.628400 -0.032700
vn -0.983100 -0.003000 -0.183300
vn -0.737800 -0.628400 -0.246600
vn -0.335500 -0.916000 -0.219900
vn 0.025000 -0.986500 -0.161800
vn 0.382000 -0.920800 -0.079200
vn 0.768200 -0.638300 0.048700
vn 0.979400 -0.017700 0.201200
vn 0.741900 0.616000 0.264700
vn -0.014700 0.993200 0.115400
vn 0.346800 0.919800 0.183700
vn -0.373900 0.926900 0.033100
vn -0.766700 0.637000 -0.080200
vn -0.980800 0.001400 -0.195200
vn -0.744600 -0.630900 -0.217900
vn -0.346500 -0.922700 -0.168800
vn 0.012900 -0.994700 -0.102000
vn 0.370300 -0.928700 -0.018900
vn 0.759300 -0.643600 0.096600
vn 0.976700 -0.016800 0.214100
vn 0.746900 0.621600 0.236200
vn -0.005300 0.997400 0.071800
vn 0.354200 0.923400 0.148000
vn -0.363700 0.931400 -0.012200
vn -0.757700 0.641900 -0.117800
vn -0.978100 0.005100 -0.208100
vn -0.749300 -0.631200 -0.200500
vn -0.354600 -0.925500 -0.133400
vn 0.003600 -0.998300 -0.058600
vn 0.360900 -0.932200 0.026300
vn 0.751700 -0.645600 0.134500
vn 0.973700 -0.015600 0.227400
vn 0.749900 0.624500 0.218500
vn 0.001700 0.999100 0.043200
vn 0.359000 0.924800 0.126400
vn -0.356100 0.933400 -0.044000
vn -0.750300 0.644500 -0.146800
vn -0.975000 0.008000 -0.222100
vn -0.751700 -0.630500 -0.193200
vn -0.359800 -0.926300 -0.112000
vn -0.003100 -0.999500 -0.030000
vn 0.353500 -0.933600 0.058000
vn 0.745600 -0.646000 0.163700
vn 0.970300 -0.014000 0.241400
vn 0.750700 0.626100 0.210800
vn 0.005800 0.999600 0.027900
vn 0.360800 0.925200 0.117600
vn -0.350900 0.934200 -0.063800
vn -0.744700 0.645900 -0.168200
vn -0.971400 0.010100 -0.237300
vn -0.752000 -0.629600 -0.195300
vn -0.362100 -0.926400 -0.103500
vn -0.006800 -0.999900 -0.014900
vn 0.348600 -0.934100 0.077600
vn 0.740800 -0.645700 0.185100
vn 0.966500 -0.012300 0.256500
vn 0.749400 0.627100 0.212500
vn 0.006500 0.999700 0.025300
vn 0.359700 0.925200 0.121200
vn -0.348500 0.934500 -0.072300
vn -0.740500 0.646800 -0.182500
vn -0.967200 0.011900 -0.253900
vn -0.749600 -0.628900 -0.206500
vn -0.361500 -0.926200 -0.107200
vn -0.007700 -0.999900 -0.012300
vn 0.346700 -0.934000 0.086300
vn 0.737500 -0.645100 0.199700
vn 0.962000 -0.011200 0.272900
vn 0.745900 0.627500 0.223400
vn 0.003600 0.999400 0.035100
vn 0.355100 0.924700 0.136900
vn -0.349100 0.934500 -0.069800
vn -0.737800 0.647700 -0.190100
vn -0.962200 0.013600 -0.272000
vn -0.744300 -0.628200 -0.226800
vn -0.357400 -0.925800 -0.122900
vn -0.005200 -0.999700 -0.022000
vn 0.347900 -0.933800 0.084100
vn 0.735700 -0.644600 0.207700
vn 0.956600 -0.010400 0.291100
vn 0.739600 0.627500 0.243500
vn -0.003300 0.998300 0.057400
vn 0.346200 0.923600 0.165000
vn -0.352600 0.934100 -0.056200
vn -0.736800 0.648500 -0.191200
vn -0.956300 0.015800 -0.292100
vn -0.735900 -0.626600 -0.256600
vn -0.349100 -0.924900 -0.151000
vn 0.001500 -0.999000 -0.044200
vn 0.352100 -0.933300 0.071000
vn 0.735800 -0.644000 0.209500
vn 0.950200 -0.009600 0.311500
vn 0.729800 0.626800 0.273100
vn -0.018200 0.994900 0.098900
vn 0.330300 0.920900 0.207000
vn -0.364900 0.930800 -0.020600
vn -0.743500 0.646600 -0.170500
vn -0.954000 0.018700 -0.299100
vn -0.728200 -0.621700 -0.288500
vn -0.338300 -0.921300 -0.191600
vn 0.013000 -0.996400 -0.084100
vn 0.361900 -0.931500 0.037600
vn 0.741700 -0.642500 0.192600
vn 0.946300 -0.007500 0.323100
vn 0.716500 0.626300 0.307400
vn -0.038400 0.986700 0.158200
vn 0.312600 0.914500 0.256800
vn -0.385600 0.921800 0.040300
vn -0.759900 0.638800 -0.120000
vn -0.959400 0.017200 -0.281500
vn -0.722000 -0.617300 -0.312400
vn -0.324700 -0.915000 -0.239400
vn 0.030100 -0.989400 -0.141700
vn 0.379500 -0.924900 -0.021400
vn 0.756400 -0.637700 0.145400
vn 0.950500 -0.005200 0.310500
vn 0.706000 0.624100 0.334700
vn -0.055800 0.974400 0.217800
vn 0.299500 0.904800 0.302700
vn -0.405000 0.908300 0.105100
vn -0.777000 0.626400 -0.062000
vn -0.966900 0.010600 -0.255000
vn -0.716100 -0.615200 -0.329700
vn -0.310600 -0.906800 -0.284900
vn 0.048300 -0.978400 -0.201100
vn 0.399200 -0.912800 -0.086200
vn 0.773500 -0.627700 0.087300
vn 0.958600 -0.002600 0.284800
vn 0.701500 0.619100 0.353000
vn -0.069200 0.961000 0.267700
vn 0.289800 0.894300 0.340900
vn -0.419500 0.893500 0.159900
vn -0.790200 0.612800 -0.012500
vn -0.972700 0.002600 -0.231900
vn -0.711400 -0.613100 -0.343600
vn -0.299800 -0.897700 -0.322900
vn 0.062300 -0.966000 -0.251000
vn 0.414400 -0.899100 -0.141200
vn 0.786700 -0.616200 0.037300
vn 0.965200 0.000800 0.261600
vn 0.698800 0.613800 0.367300
vn -0.078500 0.948400 0.307300
vn 0.283600 0.884400 0.370700
vn -0.429900 0.879600 0.203900
vn -0.800000 0.599300 0.027600
vn -0.977100 -0.005700 -0.212600
vn -0.708000 -0.611400 -0.353500
vn -0.292100 -0.889200 -0.352300
vn 0.072400 -0.954100 -0.290500
vn 0.425200 -0.885900 -0.185400
vn 0.796300 -0.605000 -0.003500
vn 0.970400 0.005000 0.241600
vn 0.697500 0.609100 0.377500
vn -0.084500 0.937900 0.336500
vn 0.279800 0.876400 0.391900
vn -0.437000 0.867700 0.237100
vn -0.807100 0.587600 0.058400
vn -0.980300 -0.013200 -0.196800
vn -0.705700 -0.610400 -0.359800
vn -0.286600 -0.882300 -0.373500
vn 0.079200 -0.944200 -0.319700
vn 0.432400 -0.874800 -0.218600
vn 0.803100 -0.594800 -0.034800
vn 0.974300 0.009400 0.225200
vn 0.697100 0.605800 0.383500
vn -0.088100 0.930600 0.355300
vn 0.277600 0.871300 0.404700
vn -0.441300 0.859100 0.259100
vn -0.811600 0.578800 0.080000
vn -0.982600 -0.019300 -0.184600
vn -0.704400 -0.610500 -0.362200
vn -0.282900 -0.877900 -0.386300
vn 0.083400 -0.937300 -0.338500
vn 0.436900 -0.866700 -0.240800
vn 0.807500 -0.587100 -0.056700
vn 0.977200 0.012800 0.212100
vn 0.697300 0.604200 0.385500
vn -0.089300 0.927200 0.363700
vn 0.277100 0.869400 0.409100
vn -0.443400 0.854600 0.270200
vn -0.814100 0.573400 0.092200
vn -0.984100 -0.024100 -0.175700
vn -0.703900 -0.612100 -0.360500
vn -0.281300 -0.876500 -0.390600
vn 0.085100 -0.934000 -0.346900
vn 0.439200 -0.862300 -0.252100
vn 0.809800 -0.582600 -0.069500
vn 0.979200 0.014900 0.202200
vn 0.698300 0.604400 0.383600
vn -0.088500 0.928000 0.362000
vn 0.278200 0.870800 0.405400
vn -0.443500 0.854400 0.270700
vn -0.815100 0.571400 0.095200
vn -0.985000 -0.027600 -0.170300
vn -0.704100 -0.615000 -0.355000
vn -0.281500 -0.878100 -0.386900
vn 0.084800 -0.934700 -0.345200
vn 0.439300 -0.862100 -0.252600
vn 0.810200 -0.581500 -0.073100
vn 0.980500 0.016000 0.195800
vn 0.700100 0.605900 0.377800
vn -0.086200 0.932600 0.350400
vn 0.280800 0.875400 0.393500
vn -0.441600 0.858400 0.260900
vn -0.814400 0.573400 0.089700
vn -0.985300 -0.029700 -0.168100
vn -0.705200 -0.619100 -0.345700
vn -0.283300 -0.882700 -0.374900
vn 0.083100 -0.939200 -0.333300
vn 0.437500 -0.865900 -0.242500
vn 0.809100 -0.583800 -0.067600
vn 0.981100 0.016200 0.193000
vn 0.702600 0.608900 0.368300
vn -0.082400 0.941000 0.328400
vn 0.284800 0.882900 0.373400
vn -0.438500 0.866100 0.240000
vn -0.812000 0.578800 0.075000
vn -0.985100 -0.030400 -0.169300
vn -0.706900 -0.624300 -0.332400
vn -0.286500 -0.890000 -0.354700
vn 0.079900 -0.947000 -0.311100
vn 0.433800 -0.873300 -0.221700
vn 0.806100 -0.589400 -0.053200
vn 0.981000 0.014900 0.193500
vn 0.705500 0.613500 0.354800
vn -0.076300 0.952100 0.296200
vn 0.290300 0.892600 0.345000
vn -0.433100 0.877000 0.208300
vn -0.808200 0.586700 0.050900
vn -0.984400 -0.029600 -0.173700
vn -0.709500 -0.630400 -0.315000
vn -0.291200 -0.899400 -0.326000
vn 0.074400 -0.957500 -0.278600
vn 0.428100 -0.883500 -0.190100
vn 0.801200 -0.597700 -0.029600
vn 0.980300 0.012400 0.197300
vn 0.709200 0.619000 0.337500
vn -0.068100 0.964500 0.255100
vn 0.297000 0.903300 0.309600
vn -0.424900 0.889600 0.167400
vn -0.802600 0.596200 0.018700
vn -0.983000 -0.027800 -0.181400
vn -0.712700 -0.636600 -0.294600
vn -0.297400 -0.909500 -0.290400
vn 0.066400 -0.969100 -0.237500
vn 0.420100 -0.895100 -0.149000
vn 0.794900 -0.606700 0.002600
vn 0.978700 0.009800 0.205100
vn 0.713400 0.624900 0.317300
vn -0.058900 0.975800 0.210400
vn 0.304700 0.912600 0.272500
vn -0.415600 0.901400 0.121400
vn -0.795100 0.606100 -0.019000
vn -0.980800 -0.024700 -0.193400
vn -0.716000 -0.641400 -0.275400
vn -0.304600 -0.918200 -0.253300
vn 0.057400 -0.979600 -0.192800
vn 0.411100 -0.905800 -0.102800
vn 0.787400 -0.615100 0.040800
vn 0.976000 0.008000 0.217600
vn 0.716800 0.630200 0.298400
vn -0.049600 0.984600 0.167700
vn 0.312300 0.919400 0.239300
vn -0.405800 0.910900 0.075100
vn -0.786400 0.614800 -0.059700
vn -0.977300 -0.020600 -0.210800
vn -0.719100 -0.643800 -0.261600
vn -0.312100 -0.924200 -0.220100
vn 0.048200 -0.987500 -0.150100
vn 0.401600 -0.914100 -0.056600
vn 0.778700 -0.622100 0.081600
vn 0.971900 0.005600 0.235400
vn 0.719800 0.633100 0.284700
vn -0.039900 0.990900 0.128600
vn 0.318600 0.924000 0.211200
vn -0.394600 0.918300 0.030300
vn -0.776200 0.622100 -0.102500
vn -0.972200 -0.016100 -0.233600
vn -0.721700 -0.643900 -0.254200
vn -0.319300 -0.928000 -0.192000
vn 0.039000 -0.993100 -0.110700
vn 0.391100 -0.920300 -0.011500
vn 0.768700 -0.627400 0.124500
vn 0.966000 0.002500 0.258400
vn 0.721500 0.634400 0.277400
vn -0.029700 0.995200 0.092900
vn 0.324200 0.927100 0.188100
vn -0.381900 0.924100 -0.013100
vn -0.764300 0.627900 -0.146900
vn -0.965100 -0.012200 -0.261600
vn -0.722500 -0.643400 -0.252900
vn -0.325300 -0.930400 -0.168800
vn 0.029400 -0.996800 -0.074900
vn 0.379100 -0.924800 0.032000
vn 0.756800 -0.631400 0.168800
vn 0.958100 0.000100 0.286300
vn 0.721300 0.635100 0.276200
vn -0.019900 0.998000 0.060500
vn 0.329600 0.928700 0.169800
vn -0.368700 0.927900 -0.055100
vn -0.750500 0.632100 -0.192800
vn -0.955700 -0.009100 -0.294400
vn -0.721400 -0.642800 -0.257600
vn -0.330400 -0.931700 -0.150700
vn 0.019500 -0.998900 -0.042700
vn 0.365800 -0.927800 0.073700
vn 0.743000 -0.634000 0.214500
vn 0.947800 -0.000600 0.318900
vn 0.719500 0.635300 0.280700
vn -0.011100 0.999400 0.031400
vn 0.334100 0.929400 0.156600
vn -0.355300 0.929900 -0.095500
vn -0.734200 0.635300 -0.239600
vn -0.943500 -0.005900 -0.331400
vn -0.718600 -0.641800 -0.267800
vn -0.334900 -0.932200 -0.137400
vn 0.009800 -0.999900 -0.013900
vn 0.351800 -0.929100 0.114000
vn 0.726800 -0.635300 0.261100
vn 0.934600 -0.001300 0.355700
vn 0.716000 0.634600 0.290900
vn -0.002000 1.000000 0.005700
vn 0.337300 0.929700 0.147900
vn -0.340900 0.930400 -0.134300
vn -0.715500 0.636900 -0.287100
vn -0.928100 -0.003700 -0.372300
vn -0.713100 -0.641400 -0.283100
vn -0.338500 -0.932100 -0.128800
vn 0.000100 -0.999900 0.011500
vn 0.337200 -0.929000 0.152400
vn 0.707900 -0.635500 0.308200
vn 0.918300 -0.001900 0.395900
vn 0.709900 0.634300 0.306000
vn 0.007900 0.999800 -0.016000
vn 0.339200 0.929700 0.143700
vn -0.325300 0.930000 -0.171000
vn -0.694900 0.636300 -0.335100
vn -0.909200 -0.004200 -0.416300
vn -0.704700 -0.641500 -0.303000
vn -0.340300 -0.932100 -0.124400
vn -0.009300 -0.999400 0.033500
vn 0.320400 -0.928400 0.188300
vn 0.686300 -0.634700 0.355200
vn 0.898400 -0.000200 0.439100
vn 0.700500 0.635200 0.325500
vn 0.017900 0.999300 -0.034100
vn 0.339900 0.929400 0.143700
vn -0.308400 0.928800 -0.205200
vn -0.671400 0.634600 -0.382600
vn -0.886500 -0.006200 -0.462600
vn -0.693100 -0.642600 -0.326600
vn -0.340800 -0.931900 -0.124000
vn -0.018700 -0.998500 0.052000
vn 0.302800 -0.926800 0.222000
vn 0.661800 -0.632900 0.401900
vn 0.874800 0.002100 0.484500
vn 0.687900 0.636500 0.348800
vn 0.027100 0.998400 -0.049300
vn 0.338500 0.929400 0.147000
vn -0.290500 0.927000 -0.237200
vn -0.644900 0.632400 -0.429200
vn -0.859800 -0.008400 -0.510500
vn -0.678200 -0.644200 -0.353600
vn -0.340200 -0.931600 -0.127900
vn -0.028500 -0.997400 0.066600
vn 0.285800 -0.924000 0.254000
vn 0.635400 -0.629100 0.447800
vn 0.847200 0.005100 0.531200
vn 0.672000 0.638600 0.374900
vn 0.034000 0.997500 -0.062200
vn 0.333900 0.930200 0.152700
vn -0.271700 0.924800 -0.266200
vn -0.615600 0.629500 -0.474000
vn -0.829000 -0.011600 -0.559100
vn -0.660100 -0.646000 -0.383400
vn -0.337100 -0.931800 -0.134800
vn -0.036900 -0.996200 0.078600
vn 0.267900 -0.920800 0.283500
vn 0.606900 -0.623800 0.492400
vn 0.815700 0.010000 0.578400
vn 0.652700 0.641200 0.403500
vn 0.036600 0.997000 -0.068300
vn 0.330400 0.930900 0.155900
vn -0.261500 0.923800 -0.279700
vn -0.599600 0.628400 -0.495600
vn -0.812200 -0.013600 -0.583200
vn -0.649900 -0.647200 -0.398600
vn -0.334500 -0.932200 -0.138400
vn -0.040500 -0.995600 0.084300
vn 0.258000 -0.919300 0.297100
vn 0.591300 -0.621500 0.513900
vn 0.798600 0.013200 0.601700
vn 0.641600 0.643100 0.418000
vn -0.025600 0.981300 0.190700
vn -0.025300 0.981800 0.188500
vn 0.340100 0.913200 0.224600
vn 0.339800 0.912600 0.227500
vn -0.387700 0.912900 0.128000
vn -0.387400 0.913100 0.126900
vn -0.780300 0.625100 0.018900
vn -0.780500 0.624900 0.019300
vn -0.991300 -0.000100 -0.131300
vn -0.991600 -0.001100 -0.129000
vn -0.748300 -0.625600 -0.220600
vn -0.748500 -0.626600 -0.217200
vn -0.341100 -0.913500 -0.221700
vn -0.341300 -0.914200 -0.218600
vn 0.024200 -0.982400 -0.185500
vn 0.023900 -0.982800 -0.183100
vn 0.386300 -0.914200 -0.122400
vn 0.385900 -0.914600 -0.121100
vn 0.778900 -0.627100 -0.012000
vn 0.778600 -0.627400 -0.012300
vn 0.990200 -0.001600 0.139500
vn 0.990600 -0.001700 0.137100
vn 0.747100 0.624500 0.227800
vn 0.747700 0.624900 0.224600
vn -0.024200 0.983200 0.180800
vn 0.341400 0.914700 0.216000
vn -0.386700 0.914200 0.121300
vn -0.780500 0.624900 0.017700
vn -0.992200 -0.002600 -0.124800
vn -0.749300 -0.628500 -0.208900
vn -0.342200 -0.915900 -0.209700
vn 0.023000 -0.984300 -0.175100
vn 0.385000 -0.915700 -0.115100
vn 0.778200 -0.628000 -0.010300
vn 0.991100 -0.001800 0.133200
vn 0.749100 0.626000 0.216700
vn -0.022200 0.985800 0.166500
vn 0.343600 0.917200 0.201800
vn -0.385400 0.916300 0.108900
vn -0.779800 0.626000 0.010600
vn -0.992500 -0.003800 -0.122000
vn -0.750300 -0.630900 -0.197500
vn -0.343800 -0.918600 -0.195000
vn 0.021100 -0.986800 -0.160400
vn 0.383400 -0.917900 -0.102400
vn 0.777000 -0.629500 -0.002900
vn 0.991400 -0.002200 0.130700
vn 0.750900 0.627600 0.205600
vn -0.019200 0.989300 0.144800
vn 0.346500 0.920400 0.181300
vn -0.382900 0.919500 0.088900
vn -0.778300 0.627800 -0.002600
vn -0.992600 -0.004600 -0.121000
vn -0.751700 -0.633700 -0.182700
vn -0.346100 -0.921900 -0.174100
vn 0.018400 -0.990200 -0.138300
vn 0.380700 -0.921000 -0.082100
vn 0.775000 -0.631900 0.010600
vn 0.991500 -0.002900 0.130000
vn 0.753000 0.629600 0.191200
vn -0.015200 0.993200 0.115200
vn 0.350100 0.923900 0.154200
vn -0.379300 0.923300 0.061000
vn -0.776200 0.630100 -0.022400
vn -0.992500 -0.005400 -0.122100
vn -0.753700 -0.636400 -0.164500
vn -0.349400 -0.925400 -0.146800
vn 0.014800 -0.994000 -0.108400
vn 0.377000 -0.924700 -0.053900
vn 0.772100 -0.634700 0.030600
vn 0.991300 -0.003900 0.131500
vn 0.755700 0.631500 0.173400
vn -0.010600 0.996900 0.077800
vn 0.354700 0.927100 0.120700
vn -0.374500 0.926900 0.025000
vn -0.772900 0.632600 -0.048800
vn -0.992100 -0.005900 -0.125400
vn -0.756100 -0.638600 -0.143100
vn -0.353600 -0.928500 -0.113100
vn 0.010200 -0.997400 -0.070800
vn 0.372200 -0.928000 -0.017600
vn 0.768400 -0.637500 0.057300
vn 0.990800 -0.004800 0.135200
vn 0.759000 0.633000 0.152500
vn -0.004700 0.999400 0.033400
vn 0.360300 0.929200 0.081700
vn -0.368700 0.929400 -0.018400
vn -0.768700 0.634400 -0.081500
vn -0.991400 -0.006300 -0.131000
vn -0.759000 -0.640100 -0.119100
vn -0.358700 -0.930500 -0.073800
vn 0.004400 -0.999600 -0.026300
vn 0.366300 -0.930100 0.025900
vn 0.763700 -0.639300 0.090200
vn 0.989900 -0.005600 0.141300
vn 0.762600 0.633900 0.128900
vn 0.002500 0.999900 -0.016500
vn 0.366700 0.929500 0.038300
vn -0.361800 0.929800 -0.067900
vn -0.763600 0.634600 -0.119400
vn -0.990300 -0.006600 -0.138700
vn -0.762300 -0.640400 -0.093300
vn -0.364700 -0.930700 -0.030300
vn -0.002600 -0.999700 0.023600
vn 0.359400 -0.930200 0.075200
vn 0.758100 -0.639400 0.128300
vn 0.988700 -0.005900 0.149600
vn 0.766400 0.633900 0.103500
vn 0.010700 0.997500 -0.069800
vn 0.373700 0.927500 -0.007600
vn -0.353800 0.927500 -0.121000
vn -0.757500 0.632700 -0.161000
vn -0.988900 -0.007100 -0.148300
vn -0.766100 -0.639300 -0.066700
vn -0.371400 -0.928300 0.015700
vn -0.010600 -0.997000 0.076800
vn 0.351400 -0.927400 0.128300
vn 0.751800 -0.637200 0.169800
vn 0.987100 -0.005600 0.159700
vn 0.770500 0.632700 0.077300
vn 0.019400 0.992100 -0.124100
vn 0.381200 0.922900 -0.054000
vn -0.344800 0.922100 -0.175700
vn -0.750400 0.628600 -0.204200
vn -0.987200 -0.007900 -0.159300
vn -0.770300 -0.636400 -0.040700
vn -0.378900 -0.923400 0.061900
vn -0.019400 -0.991200 0.130800
vn 0.342700 -0.921500 0.182700
vn 0.744700 -0.632500 0.212900
vn 0.985200 -0.004300 0.171100
vn 0.774800 0.630200 0.051500
vn 0.028700 0.983800 -0.177100
vn 0.389200 0.915800 -0.098800
vn -0.335500 0.913700 -0.229400
vn -0.742900 0.622200 -0.247100
vn -0.985200 -0.009100 -0.171100
vn -0.774800 -0.632000 -0.016300
vn -0.386900 -0.916000 0.106500
vn -0.028700 -0.982600 0.183400
vn 0.333500 -0.912700 0.236000
vn 0.737300 -0.625300 0.255600
vn 0.983100 -0.002000 0.183100
vn 0.779000 0.626500 0.027100
vn 0.039300 0.974500 -0.220800
vn 0.396700 0.908800 -0.129000
vn -0.323200 0.903700 -0.280900
vn -0.730700 0.614000 -0.298500
vn -0.979200 -0.013500 -0.202500
vn -0.774900 -0.632000 -0.012900
vn -0.390800 -0.910600 0.134200
vn -0.035000 -0.973800 0.224700
vn 0.326300 -0.901400 0.284600
vn 0.730200 -0.612500 0.302600
vn 0.977900 0.006200 0.209200
vn 0.780500 0.624800 0.020400
vn 0.046300 0.968700 -0.244100
vn 0.397700 0.908200 -0.130200
vn -0.310900 0.893700 -0.323600
vn -0.714000 0.601500 -0.358400
vn -0.964800 -0.025500 -0.261800
vn -0.767500 -0.639500 -0.044000
vn -0.389600 -0.911300 0.133300
vn -0.038600 -0.968500 0.246100
vn 0.318200 -0.890600 0.324800
vn 0.718500 -0.596200 0.358100
vn 0.964600 0.022500 0.262600
vn 0.773600 0.631900 0.047800
vn 0.047500 0.967000 -0.250400
vn 0.391600 0.913000 -0.114300
vn -0.302700 0.886000 -0.351400
vn -0.698400 0.587800 -0.408400
vn -0.945900 -0.040300 -0.322000
vn -0.755400 -0.649600 -0.086500
vn -0.385600 -0.915200 0.117200
vn -0.041400 -0.966700 0.252500
vn 0.308800 -0.883300 0.352700
vn 0.702600 -0.582700 0.408300
vn 0.945900 0.039900 0.321900
vn 0.759400 0.644500 0.089300
vn 0.045400 0.967800 -0.247500
vn 0.383200 0.918700 -0.095400
vn -0.298200 0.882000 -0.365000
vn -0.686100 0.578700 -0.440900
vn -0.928700 -0.051500 -0.367200
vn -0.742300 -0.658600 -0.123700
vn -0.379300 -0.920200 0.097300
vn -0.041100 -0.967600 0.249200
vn 0.303100 -0.879700 0.366300
vn 0.690100 -0.573800 0.441100
vn 0.928800 0.053500 0.366600
vn 0.744500 0.655800 0.125300
vn 0.039500 0.971000 -0.235900
vn 0.372400 0.925200 -0.073300
vn -0.298500 0.881600 -0.365500
vn -0.679100 0.574100 -0.457400
vn -0.915100 -0.058900 -0.398800
vn -0.729400 -0.666000 -0.156100
vn -0.370400 -0.925900 0.074300
vn -0.036800 -0.970800 0.237100
vn 0.302200 -0.879900 0.366700
vn 0.682900 -0.569300 0.457800
vn 0.915300 0.063100 0.397700
vn 0.729900 0.665400 0.156400
vn 0.029600 0.975900 -0.216100
vn 0.359700 0.931800 -0.048100
vn -0.304500 0.884300 -0.353900
vn -0.678500 0.573500 -0.459100
vn -0.906400 -0.062500 -0.417800
vn -0.717600 -0.671700 -0.184000
vn -0.359400 -0.931900 0.048300
vn -0.028200 -0.975800 0.216700
vn 0.307100 -0.883100 0.354900
vn 0.681900 -0.568900 0.459700
vn 0.906600 0.069000 0.416400
vn 0.716400 0.673200 0.183100
vn 0.015800 0.981900 -0.188600
vn 0.345300 0.938300 -0.020100
vn -0.316200 0.889100 -0.331000
vn -0.684500 0.575900 -0.447000
vn -0.902900 -0.062900 -0.425200
vn -0.707200 -0.675800 -0.207900
vn -0.346400 -0.937900 0.019400
vn -0.015500 -0.981900 0.188700
vn 0.317800 -0.888300 0.331600
vn 0.687700 -0.571600 0.447700
vn 0.903000 0.071600 0.423600
vn 0.704400 0.679300 0.205800
vn -0.001600 0.988100 -0.153600
vn 0.329400 0.944100 0.011000
vn -0.333200 0.894800 -0.297100
vn -0.696800 0.580200 -0.421700
vn -0.904700 -0.061100 -0.421600
vn -0.698500 -0.678300 -0.227900
vn -0.332000 -0.943200 -0.012300
vn 0.000700 -0.988200 0.153200
vn 0.333700 -0.894500 0.297400
vn 0.699700 -0.576200 0.422500
vn 0.904700 0.071700 0.420000
vn 0.694100 0.683800 0.225000
vn -0.021900 0.993500 -0.111400
vn 0.312700 0.948800 0.044900
vn -0.354400 0.900300 -0.252700
vn -0.714500 0.585000 -0.383800
vn -0.911400 -0.058500 -0.407400
vn -0.691700 -0.679600 -0.244300
vn -0.316800 -0.947300 -0.046900
vn 0.019900 -0.993700 0.110500
vn 0.354000 -0.900500 0.252600
vn 0.717100 -0.581200 0.384700
vn 0.911100 0.070600 0.406100
vn 0.685800 0.686800 0.240900
vn -0.044000 0.997100 -0.062400
vn 0.295900 0.951700 0.081700
vn -0.378600 0.904100 -0.198200
vn -0.736300 0.588600 -0.333900
vn -0.922000 -0.056100 -0.383100
vn -0.686900 -0.679700 -0.257200
vn -0.301600 -0.949700 -0.084100
vn 0.040800 -0.997300 0.061100
vn 0.377500 -0.904600 0.197900
vn 0.738700 -0.584900 0.334800
vn 0.921400 0.069700 0.382300
vn 0.679500 0.688400 0.253700
vn -0.066400 0.997800 -0.007300
vn 0.279800 0.952400 0.120800
vn -0.404000 0.904800 -0.134600
vn -0.760400 0.589300 -0.272900
vn -0.935400 -0.055200 -0.349300
vn -0.683900 -0.679200 -0.266600
vn -0.286700 -0.950000 -0.123300
vn 0.062200 -0.998000 0.005800
vn 0.402200 -0.905700 0.134100
vn 0.762700 -0.585900 0.273900
vn 0.934400 0.070000 0.349300
vn 0.674900 0.689300 0.263400
vn -0.087700 0.994700 0.052700
vn 0.265200 0.950600 0.161600
vn -0.428800 0.901100 -0.063600
vn -0.784800 0.585600 -0.202600
vn -0.949900 -0.057100 -0.307300
vn -0.682300 -0.678400 -0.272500
vn -0.273300 -0.947900 -0.164000
vn 0.082600 -0.995100 -0.054400
vn 0.426500 -0.902300 0.062700
vn 0.786900 -0.582600 0.203500
vn 0.948500 0.072600 0.308200
vn 0.672200 0.689400 0.270100
vn -0.105500 0.987800 0.114700
vn 0.253600 0.945700 0.203400
vn -0.450600 0.892700 0.010700
vn -0.807100 0.576500 -0.127200
vn -0.963900 -0.063400 -0.258600
vn -0.682000 -0.678800 -0.272200
vn -0.262500 -0.943900 -0.200100
vn 0.099400 -0.988800 -0.111500
vn 0.446900 -0.894600 -0.006600
vn 0.807100 -0.575000 0.134100
vn 0.960600 0.076400 0.267300
vn 0.670800 0.687800 0.277200
vn -0.119100 0.977500 0.173800
vn 0.244600 0.938700 0.242800
vn -0.467200 0.880300 0.082100
vn -0.824000 0.564000 -0.054000
vn -0.975000 -0.071800 -0.210500
vn -0.682000 -0.679600 -0.270300
vn -0.254300 -0.938600 -0.233300
vn 0.112200 -0.979900 -0.165000
vn 0.462500 -0.883700 -0.072100
vn 0.822800 -0.564200 0.068000
vn 0.970200 0.082600 0.227900
vn 0.669500 0.686700 0.283400
vn -0.129500 0.964200 0.231600
vn 0.237700 0.929900 0.280800
vn -0.479600 0.864300 0.151800
vn -0.836400 0.547900 0.016800
vn -0.982800 -0.082000 -0.165500
vn -0.681700 -0.679300 -0.271700
vn -0.247500 -0.930700 -0.269300
vn 0.122800 -0.967500 -0.221200
vn 0.475200 -0.868600 -0.140300
vn 0.835800 -0.549000 -0.000900
vn 0.978300 0.091800 0.185900
vn 0.668800 0.685600 0.287500
vn -0.136500 0.947700 0.288600
vn 0.233300 0.918700 0.318700
vn -0.487900 0.844700 0.220200
vn -0.845000 0.527900 0.085600
vn -0.987900 -0.095200 -0.122700
vn -0.680600 -0.679400 -0.274200
vn -0.242100 -0.920900 -0.305600
vn 0.130700 -0.952000 -0.276900
vn 0.484400 -0.849900 -0.207500
vn 0.845000 -0.530400 -0.068200
vn 0.984100 0.102400 0.145300
vn 0.669000 0.683300 0.292500
vn -0.139600 0.930700 0.338000
vn 0.231700 0.906800 0.352200
vn -0.492100 0.824700 0.278800
vn -0.849500 0.507600 0.143800
vn -0.990200 -0.108700 -0.087700
vn -0.678900 -0.679500 -0.278200
vn -0.238300 -0.910500 -0.337900
vn 0.135400 -0.935800 -0.325400
vn 0.489800 -0.830500 -0.265200
vn 0.850000 -0.511600 -0.125500
vn 0.987400 0.112000 0.111400
vn 0.670000 0.680000 0.297800
vn -0.140000 0.917300 0.372900
vn 0.232100 0.896800 0.376600
vn -0.493300 0.809100 0.319300
vn -0.851300 0.491900 0.182700
vn -0.990600 -0.119600 -0.066200
vn -0.676700 -0.679500 -0.283500
vn -0.235800 -0.902000 -0.361700
vn 0.137800 -0.922900 -0.359600
vn 0.492400 -0.815200 -0.304900
vn 0.851900 -0.497400 -0.164000
vn 0.989000 0.117700 0.089300
vn 0.671600 0.676100 0.303000
vn -0.139400 0.911000 0.388100
vn 0.233200 0.891400 0.388500
vn -0.493100 0.802700 0.335600
vn -0.851800 0.485600 0.196500
vn -0.990300 -0.124600 -0.061600
vn -0.674300 -0.679300 -0.289500
vn -0.233700 -0.897600 -0.373800
vn 0.139200 -0.916700 -0.374500
vn 0.493400 -0.808600 -0.320700
vn 0.852100 -0.492300 -0.177900
vn 0.989700 0.117100 0.082800
vn 0.673600 0.672000 0.307700
vn -0.138400 0.913800 0.381900
vn 0.234700 0.891800 0.386800
vn -0.492400 0.807200 0.325700
vn -0.851800 0.490600 0.183400
vn -0.989700 -0.122400 -0.074300
vn -0.672300 -0.678800 -0.295300
vn -0.232400 -0.898400 -0.372600
vn 0.140100 -0.919000 -0.368400
vn 0.493400 -0.812400 -0.310800
vn 0.851200 -0.498000 -0.165600
vn 0.989600 0.110000 0.093000
vn 0.675400 0.668200 0.311900
vn -0.136400 0.924400 0.356300
vn 0.236900 0.897300 0.372600
vn -0.490600 0.821000 0.292000
vn -0.850500 0.505300 0.146200
vn -0.988300 -0.113500 -0.102100
vn -0.670700 -0.678200 -0.300400
vn -0.232200 -0.904000 -0.359000
vn 0.139400 -0.928900 -0.343200
vn 0.491700 -0.825300 -0.277700
vn 0.848700 -0.512800 -0.129600
vn 0.988100 0.097800 0.118400
vn 0.676600 0.665400 0.315400
vn -0.132500 0.939500 0.316000
vn 0.239800 0.906000 0.348700
vn -0.485900 0.840200 0.240800
vn -0.845800 0.525600 0.091400
vn -0.985000 -0.100600 -0.140200
vn -0.669800 -0.677500 -0.304100
vn -0.233700 -0.912500 -0.335800
vn 0.136000 -0.943100 -0.303500
vn 0.486700 -0.843500 -0.227300
vn 0.843000 -0.532500 -0.076300
vn 0.984400 0.083600 0.154600
vn 0.676900 0.663900 0.318000
vn -0.125700 0.955300 0.267400
vn 0.243900 0.915800 0.319200
vn -0.477300 0.860100 0.179800
vn -0.837000 0.546500 0.027200
vn -0.979200 -0.086900 -0.183500
vn -0.669400 -0.676600 -0.306600
vn -0.237800 -0.921500 -0.307000
vn 0.129000 -0.958100 -0.255800
vn 0.477600 -0.862400 -0.167600
vn 0.833500 -0.552400 -0.013600
vn 0.978000 0.070200 0.196500
vn 0.676600 0.663300 0.319700
vn -0.116100 0.969300 0.216700
vn 0.249500 0.924600 0.287800
vn -0.465200 0.877500 0.116600
vn -0.824400 0.564600 -0.038900
vn -0.971000 -0.074500 -0.227200
vn -0.669400 -0.675900 -0.308200
vn -0.244100 -0.929500 -0.276600
vn 0.118700 -0.971300 -0.206300
vn 0.465300 -0.878800 -0.105800
vn 0.820500 -0.569300 0.050700
vn 0.969300 0.059100 0.238800
vn 0.676000 0.663600 0.320500
vn -0.109800 0.978200 0.176100
vn 0.253200 0.932700 0.256900
vn -0.457800 0.886100 0.073000
vn -0.817200 0.571300 -0.076000
vn -0.968400 -0.069000 -0.239500
vn -0.677200 -0.676000 -0.290600
vn -0.256200 -0.936100 -0.241200
vn 0.105300 -0.981100 -0.162100
vn 0.451900 -0.890200 -0.058200
vn 0.809300 -0.579900 0.093500
vn 0.964000 0.056300 0.260000
vn 0.675500 0.669000 0.310000
vn -0.105200 0.983400 0.148100
vn 0.259100 0.940000 0.221800
vn -0.455500 0.888400 0.057100
vn -0.818700 0.569800 -0.071400
vn -0.975300 -0.073300 -0.208200
vn -0.688800 -0.681700 -0.246600
vn -0.267900 -0.942500 -0.199700
vn 0.095500 -0.987100 -0.128400
vn 0.444900 -0.894900 -0.036100
vn 0.807500 -0.581800 0.097000
vn 0.969000 0.061400 0.239200
vn 0.681900 0.678000 0.274600
vn -0.097800 0.987900 0.120400
vn 0.268600 0.945300 0.184800
vn -0.450900 0.891600 0.042700
vn -0.818800 0.570400 -0.064900
vn -0.981200 -0.077900 -0.176700
vn -0.695700 -0.688800 -0.203900
vn -0.273900 -0.948200 -0.160900
vn 0.091100 -0.990900 -0.098800
vn 0.443200 -0.896200 -0.019400
vn 0.809700 -0.579400 0.093200
vn 0.975500 0.066000 0.209800
vn 0.691900 0.683200 0.233700
vn -0.090100 0.991900 0.089900
vn 0.275700 0.948500 0.155900
vn -0.443800 0.896000 0.014800
vn -0.814400 0.574300 -0.083100
vn -0.981500 -0.078000 -0.175000
vn -0.698400 -0.692000 -0.182600
vn -0.277500 -0.951800 -0.130900
vn 0.087000 -0.994000 -0.066900
vn 0.439100 -0.898400 0.009800
vn 0.807000 -0.579600 0.112900
vn 0.975600 0.066700 0.209000
vn 0.697000 0.684600 0.213300
vn -0.082500 0.994800 0.059300
vn 0.280500 0.949800 0.138400
vn -0.434200 0.900500 -0.024500
vn -0.804900 0.579900 -0.125600
vn -0.975900 -0.074900 -0.204900
vn -0.696900 -0.692600 -0.185900
vn -0.279800 -0.953400 -0.113100
vn 0.082200 -0.996000 -0.036000
vn 0.432300 -0.900400 0.049600
vn 0.798800 -0.581100 0.155600
vn 0.968900 0.064800 0.238700
vn 0.697000 0.683500 0.216800
vn -0.074800 0.996700 0.031600
vn 0.282300 0.950000 0.133500
vn -0.421500 0.904000 -0.071000
vn -0.788900 0.585300 -0.187200
vn -0.962400 -0.070800 -0.262400
vn -0.690200 -0.691700 -0.212500
vn -0.280600 -0.953700 -0.108500
vn 0.075800 -0.997100 -0.008800
vn 0.421500 -0.901800 0.095700
vn 0.783600 -0.582500 0.216200
vn 0.953600 0.062700 0.294400
vn 0.690400 0.681500 0.242600
vn -0.067500 0.997700 0.009200
vn 0.280100 0.949800 0.139700
vn -0.405500 0.906300 -0.119000
vn -0.765500 0.589000 -0.259000
vn -0.938900 -0.067100 -0.337700
vn -0.676600 -0.690400 -0.256300
vn -0.278200 -0.953500 -0.115600
vn 0.068500 -0.997600 0.012700
vn 0.405900 -0.902700 0.142700
vn 0.760200 -0.583400 0.286100
vn 0.928300 0.061200 0.366700
vn 0.675800 0.679900 0.284700
vn -0.061400 0.998100 -0.007000
vn 0.273500 0.949500 0.153700
vn -0.387200 0.907400 -0.163400
vn -0.735400 0.591000 -0.331400
vn -0.905700 -0.064800 -0.419000
vn -0.655500 -0.689100 -0.308900
vn -0.272000 -0.953300 -0.131000
vn 0.061500 -0.997700 0.027300
vn 0.386600 -0.903500 0.185000
vn 0.729700 -0.583900 0.355800
vn 0.893900 0.061200 0.444200
vn 0.653000 0.679400 0.334700
vn -0.056700 0.998200 -0.017500
vn 0.263100 0.949400 0.171500
vn -0.368500 0.907600 -0.201000
vn -0.701600 0.591800 -0.397000
vn -0.865900 -0.063500 -0.496200
vn -0.628600 -0.688000 -0.362500
vn -0.262800 -0.952900 -0.151200
vn 0.055900 -0.997800 0.035500
vn 0.366500 -0.904000 0.220000
vn 0.695400 -0.584400 0.418200
vn 0.853500 0.062000 0.517400
vn 0.624400 0.679700 0.384800
vn -0.053800 0.998300 -0.023300
vn 0.250200 0.949400 0.189900
vn -0.350900 0.907500 -0.230900
vn -0.667400 0.591800 -0.452000
vn -0.823700 -0.062700 -0.563500
vn -0.599100 -0.686700 -0.411800
vn -0.251900 -0.952200 -0.172700
vn 0.052600 -0.997800 0.039300
vn 0.348300 -0.904100 0.247500
vn 0.660900 -0.584900 0.470200
vn 0.811600 0.061900 0.580900
vn 0.593400 0.680100 0.430500
vn -0.053000 0.998300 -0.026000
vn 0.236300 0.949300 0.207200
vn -0.335200 0.907400 -0.253400
vn -0.635600 0.591600 -0.496100
vn -0.782900 -0.062300 -0.619000
vn -0.569000 -0.685600 -0.454000
vn -0.239000 -0.951700 -0.192700
vn 0.051200 -0.997900 0.039900
vn 0.332500 -0.904200 0.267900
vn 0.629000 -0.585600 0.511300
vn 0.771500 0.061800 0.633300
vn 0.562900 0.680100 0.469600
vn -0.053600 0.998200 -0.026600
vn 0.221900 0.949500 0.222000
vn -0.322300 0.907400 -0.269900
vn -0.607400 0.591500 -0.530200
vn -0.745700 -0.061600 -0.663400
vn -0.540200 -0.685200 -0.488500
vn -0.225300 -0.951400 -0.210000
vn 0.051400 -0.997900 0.038500
vn 0.319300 -0.904600 0.282400
vn 0.600900 -0.586600 0.543000
vn 0.735200 0.061600 0.675100
vn 0.534200 0.680400 0.501600
vn -0.054400 0.998200 -0.026700
vn 0.214400 0.949700 0.228400
vn -0.316500 0.907300 -0.276900
vn -0.594200 0.591600 -0.544900
vn -0.728000 -0.061000 -0.682900
vn -0.526100 -0.685100 -0.503800
vn -0.218400 -0.951200 -0.218000
vn 0.051800 -0.998000 0.037400
vn 0.313300 -0.904900 0.288100
vn 0.587700 -0.587500 0.556300
vn 0.718000 0.061300 0.693300
vn 0.520100 0.681000 0.515500
f 1//1 2//2 3//3
f 4//4 2//2 1//1
f 4//4 5//5 2//2
f 6//6 5//5 4//4
f 6//6 7//7 5//5
f 8//8 7//7 6//6
f 8//8 9//9 7//7
f 10//8 9//9 8//8
f 10//8 11//10 9//9
f 12//11 11//10 10//8
f 13//12 14//13 15//14
f 13//12 16//15 14//13
f 17//16 16//15 13//12
f 17//16 18//17 16//15
f 19//16 18//17 17//16
f 19//16 20//13 18//17
f 21//15 20//13 19//16
f 21//15 22//13 20//13
f 23//17 22//13 21//15
f 23//17 24//18 22//13
f 25//19 26//20 27//21
f 28//22 26//20 25//19
f 28//22 29//23 26//20
f 30//24 29//23 28//22
f 30//24 31//25 29//23
f 32//26 31//25 30//24
f 32//26 33//27 31//25
f 34//28 33//27 32//26
f 34//28 35//29 33//27
f 36//30 35//29 34//28
f 37//31 38//32 39//33
f 37//31 40//34 38//32
f 41//34 40//34 37//31
f 41//34 42//31 40//34
f 43//31 42//31 41//34
f 43//31 44//35 42//31
f 45//36 44//35 43//31
f 45//36 46//35 44//35
f 47//37 46//35 45//36
f 47//37 48//33 46//35
f 49//38 50//39 51//40
f 52//41 50//39 49//38
f 52//41 53//42 50//39
f 54//39 53//42 52//41
f 54//39 55//43 53//42
f 56//41 55//43 54//39
f 56//41 57//44 55//43
f 58//45 57//44 56//41
f 58//45 59//46 57//44
f 60//47 59//46 58//45
f 61//48 62//49 63//50
f 61//48 64//51 62//49
f 65//52 64//51 61//48
f 65//52 66//53 64//51
f 67//52 66//53 65//52
f 67//52 68//53 66//53
f 69//51 68//53 67//52
f 69//51 70//54 68//53
f 71//55 70//54 69//51
f 71//55 72//50 70//54
f 73//56 74//57 75//58
f 73//56 76//59 74//57
f 77//60 76//59 73//56
f 77//60 78//61 76//59
f 79//62 78//61 77//60
f 79//62 80//63 78//61
f 81//64 80//63 79//62
f 81//64 82//65 80//63
f 83//66 82//65 81//64
f 83//66 84//67 82//65
f 85//68 86//69 87//70
f 85//68 88//71 86//69
f 89//71 88//71 85//68
f 89//71 90//72 88//71
f 91//71 90//72 89//71
f 91//71 92//68 90//72
f 93//73 92//68 91//71
f 93//73 94//73 92//68
f 95//74 94//73 93//73
f 95//74 96//75 94//73
f 97//76 98//77 99//78
f 97//76 100//79 98//77
f 101//80 100//79 97//76
f 101//80 102//81 100//79
f 103//82 102//81 101//80
f 103//82 104//83 102//81
f 105//84 104//83 103//82
f 105//84 106//85 104//83
f 107//86 106//85 105//84
f 107//86 108//87 106//85
f 109//88 110//88 111//89
f 109//88 112//90 110//88
f 113//91 112//90 109//88
f 113//91 114//91 112//90
f 115//91 114//91 113//91
f 115//91 116//91 114//91
f 117//88 116//91 115//91
f 117//88 118//90 116//91
f 119//91 118//90 117//88
f 119//91 120//92 118//90
f 121//93 122//94 123//95
f 124//96 122//94 121//93
f 124//96 125//97 122//94
f 126//98 125//97 124//96
f 126//98 127//93 125//97
f 128//99 127//93 126//98
f 128//99 129//100 127//93
f 130//101 129//100 128//99
f 130//101 131//102 129//100
f 132//103 131//102 130//101
f 133//104 134//105 135//106
f 133//104 136//107 134//105
f 137//108 136//107 133//104
f 137//108 138//109 136//107
f 139//110 138//109 137//108
f 139//110 140//106 138//109
f 141//111 140//106 139//110
f 141//111 142//111 140//106
f 143//108 142//111 141//111
f 143//108 144//108 142//111
f 145//112 146//113 147//114
f 148//115 146//113 145//112
f 148//115 149//116 146//113
f 150//117 149//116 148//115
f 150//117 151//118 149//116
f 152//119 151//118 150//117
f 152//119 153//120 151//118
f 154//121 153//120 152//119
f 154//121 155//122 153//120
f 156//123 155//122 154//121
f 157//124 158//125 159//126
f 160//127 158//125 157//124
f 160//127 161//128 158//125
f 162//129 161//128 160//127
f 162//129 163//128 161//128
f 164//130 163//128 162//129
f 164//130 165//125 163//128
f 166//131 165//125 164//130
f 166//131 167//132 165//125
f 168//133 167//132 166//131
f 169//134 170//135 171//136 172//137
f 173//138 174//139 170//135 169//134
f 175//140 176//141 174//139 173//138
f 177//142 178//143 176//141 175//140
f 179//144 180//145 178//143 177//142
f 181//146 182//147 180//145 179//144
f 183//148 184//149 182//147 181//146
f 185//150 186//151 184//149 183//148
f 187//152 188//153 186//151 185//150
f 189//154 190//155 188//153 187//152
f 191//156 192//157 190//155 189//154
f 172//137 171//136 192//157 191//156
f 170//135 193//158 194//159 171//136
f 174//139 195//160 193//158 170//135
f 176//141 196//161 195//160 174//139
f 178//143 197//162 196//161 176//141
f 180//145 198//163 197//162 178//143
f 182//147 199//164 198//163 180//145
f 184//149 200//165 199//164 182//147
f 186//151 201//166 200//165 184//149
f 188//153 202//167 201//166 186//151
f 190//155 203//168 202//167 188//153
f 192//157 204//169 203//168 190//155
f 171//136 194//159 204//169 192//157
f 193//158 205//170 206//171 194//159
f 195//160 207//172 205//170 193//158
f 196//161 208//173 207//172 195//160
f 197//162 209//174 208//173 196//161
f 198//163 210//175 209//174 197//162
f 199//164 211//176 210//175 198//163
f 200//165 212//177 211//176 199//164
f 201//166 213//178 212//177 200//165
f 202//167 214//179 213//178 201//166
f 203//168 215//180 214//179 202//167
f 204//169 216//181 215//180 203//168
f 194//159 206//171 216//181 204//169
f 205//170 217//182 218//183 206//171
f 207//172 219//184 217//182 205//170
f 208//173 220//185 219//184 207//172
f 209//174 221//186 220//185 208//173
f 210//175 222//187 221//186 209//174
f 211//176 223//188 222//187 210//175
f 212//177 224//189 223//188 211//176
f 213//178 225//190 224//189 212//177
f 214//179 226//191 225//190 213//178
f 215//180 227//192 226//191 214//179
f 216//181 228//193 227//192 215//180
f 206//171 218//183 228//193 216//181
f 217//182 229//194 230//195 218//183
f 219//184 231//196 229//194 217//182
f 220//185 232//197 231//196 219//184
f 221//186 233//198 232//197 220//185
f 222//187 234//199 233//198 221//186
f 223//188 235//200 234//199 222//187
f 224//189 236//201 235//200 223//188
f 225//190 237//202 236//201 224//189
f 226//191 238//203 237//202 225//190
f 227//192 239//204 238//203 226//191
f 228//193 240//205 239//204 227//192
f 218//183 230//195 240//205 228//193
f 229//194 241//206 242//207 230//195
f 231//196 243//208 241//206 229//194
f 232//197 244//209 243//208 231//196
f 233//198 245//210 244//209 232//197
f 234//199 246//211 245//210 233//198
f 235//200 247//212 246//211 234//199
f 236//201 248//213 247//212 235//200
f 237//202 249//214 248//213 236//201
f 238//203 250//215 249//214 237//202
f 239//204 251//216 250//215 238//203
f 240//205 252//217 251//216 239//204
f 230//195 242//207 252//217 240//205
f 241//206 253//218 254//219 242//207
f 243//208 255//220 253//218 241//206
f 244//209 256//221 255//220 243//208
f 245//210 257//222 256//221 244//209
f 246//211 258//223 257//222 245//210
f 247//212 259//224 258//223 246//211
f 248//213 260//225 259//224 247//212
f 249//214 261//226 260//225 248//213
f 250//215 262//227 261//226 249//214
f 251//216 263//228 262//227 250//215
f 252//217 264//229 263//228 251//216
f 242//207 254//219 264//229 252//217
f 253//218 265//230 266//231 254//219
f 255//220 267//232 265//230 253//218
f 256//221 268//233 267//232 255//220
f 257//222 269//234 268//233 256//221
f 258//223 270//235 269//234 257//222
f 259//224 271//236 270//235 258//223
f 260//225 272//237 271//236 259//224
f 261//226 273//238 272//237 260//225
f 262//227 274//239 273//238 261//226
f 263//228 275//240 274//239 262//227
f 264//229 276//241 275//240 263//228
f 254//219 266//231 276//241 264//229
f 265//230 277//242 278//243 266//231
f 267//232 279//244 277//242 265//230
f 268//233 280//245 279//244 267//232
f 269//234 281//246 280//245 268//233
f 270//235 282//247 281//246 269//234
f 271//236 283//248 282//247 270//235
f 272//237 284//249 283//248 271//236
f 273//238 285//250 284//249 272//237
f 274//239 286//251 285//250 273//238
f 275//240 287//252 286//251 274//239
f 276//241 288//253 287//252 275//240
f 266//231 278//243 288//253 276//241
f 277//242 289//254 290//255 278//243
f 279//244 291//256 289//254 277//242
f 280//245 292//257 291//256 279//244
f 281//246 293//258 292//257 280//245
f 282//247 294//259 293//258 281//246
f 283//248 295//260 294//259 282//247
f 284//249 296//261 295//260 283//248
f 285//250 297//262 296//261 284//249
f 286//251 298//263 297//262 285//250
f 287//252 299//264 298//263 286//251
f 288//253 300//265 299//264 287//252
f 278//243 290//255 300//265 288//253
f 289//254 301//266 302//267 290//255
f 291//256 303//268 301//266 289//254
f 292//257 304//269 303//268 291//256
f 293//258 305//270 304//269 292//257
f 294//259 306//271 305//270 293//258
f 295//260 307//272 306//271 294//259
f 296//261 308//273 307//272 295//260
f 297//262 309//274 308//273 296//261
f 298//263 310//275 309//274 297//262
f 299//264 311//276 310//275 298//263
f 300//265 312//277 311//276 299//264
f 290//255 302//267 312//277 300//265
f 301//266 313//278 314//279 302//267
f 303//268 315//280 313//278 301//266
f 304//269 316//281 315//280 303//268
f 305//270 317//282 316//281 304//269
f 306//271 318//283 317//282 305//270
f 307//272 319//284 318//283 306//271
f 308//273 320//285 319//284 307//272
f 309//274 321//286 320//285 308//273
f 310//275 322//287 321//286 309//274
f 311//276 323//288 322//287 310//275
f 312//277 324//289 323//288 311//276
f 302//267 314//279 324//289 312//277
f 313//278 325//290 326//291 314//279
f 315//280 327//292 325//290 313//278
f 316//281 328//293 327//292 315//280
f 317//282 329//294 328//293 316//281
f 318//283 330//295 329//294 317//282
f 319//284 331//296 330//295 318//283
f 320//285 332//297 331//296 319//284
f 321//286 333//298 332//297 320//285
f 322//287 334//299 333//298 321//286
f 323//288 335//300 334//299 322//287
f 324//289 336//301 335//300 323//288
f 314//279 326//291 336//301 324//289
f 325//290 337//302 338//303 326//291
f 327//292 339//304 337//302 325//290
f 328//293 340//305 339//304 327//292
f 329//294 341//306 340//305 328//293
f 330//295 342//307 341//306 329//294
f 331//296 343//308 342//307 330//295
f 332//297 344//309 343//308 331//296
f 333//298 345//310 344//309 332//297
f 334//299 346//311 345//310 333//298
f 335//300 347//312 346//311 334//299
f 336//301 348//313 347//312 335//300
f 326//291 338//303 348//313 336//301
f 337//302 349//314 350//315 338//303
f 339//304 351//316 349//314 337//302
f 340//305 352//317 351//316 339//304
f 341//306 353//318 352//317 340//305
f 342//307 354//319 353//318 341//306
f 343//308 355//320 354//319 342//307
f 344//309 356//321 355//320 343//308
f 345//310 357//322 356//321 344//309
f 346//311 358//323 357//322 345//310
f 347//312 359//324 358//323 346//311
f 348//313 360//325 359//324 347//312
f 338//303 350//315 360//325 348//313
f 349//314 361//326 362//327 350//315
f 351//316 363//328 361//326 349//314
f 352//317 364//329 363//328 351//316
f 353//318 365//330 364//329 352//317
f 354//319 366//331 365//330 353//318
f 355//320 367//332 366//331 354//319
f 356//321 368//333 367//332 355//320
f 357//322 369//334 368//333 356//321
f 358//323 370//335 369//334 357//322
f 359//324 371//336 370//335 358//323
f 360//325 372//337 371//336 359//324
f 350//315 362//327 372//337 360//325
f 361//326 373//338 374//339 362//327
f 363//328 375//340 373//338 361//326
f 364//329 376//341 375//340 363//328
f 365//330 377//342 376//341 364//329
f 366//331 378//343 377//342 365//330
f 367//332 379//344 378//343 366//331
f 368//333 380//345 379//344 367//332
f 369//334 381//346 380//345 368//333
f 370//335 382//347 381//346 369//334
f 371//336 383//348 382//347 370//335
f 372//337 384//349 383//348 371//336
f 362//327 374//339 384//349 372//337
f 373//338 385//350 386//351 374//339
f 375//340 387//352 385//350 373//338
f 376//341 388//353 387//352 375//340
f 377//342 389//354 388//353 376//341
f 378//343 390//355 389//354 377//342
f 379//344 391//356 390//355 378//343
f 380//345 392//357 391//356 379//344
f 381//346 393//358 392//357 380//345
f 382//347 394//359 393//358 381//346
f 383//348 395//360 394//359 382//347
f 384//349 396//361 395//360 383//348
f 374//339 386//351 396//361 384//349
f 385//350 397//362 398//363 386//351
f 387//352 399//364 397//362 385//350
f 388//353 400//365 399//364 387//352
f 389//354 401//366 400//365 388//353
f 390//355 402//367 401//366 389//354
f 391//356 403//368 402//367 390//355
f 392//357 404//369 403//368 391//356
f 393//358 405//370 404//369 392//357
f 394//359 406//371 405//370 393//358
f 395//360 407//372 406//371 394//359
f 396//361 408//373 407//372 395//360
f 386//351 398//363 408//373 396//361
f 397//362 409//374 410//375 398//363
f 399//364 411//376 409//374 397//362
f 400//365 412//377 411//376 399//364
f 401//366 413//378 412//377 400//365
f 402//367 414//379 413//378 401//366
f 403//368 415//380 414//379 402//367
f 404//369 416//381 415//380 403//368
f 405//370 417//382 416//381 404//369
f 406//371 418//383 417//382 405//370
f 407//372 419//384 418//383 406//371
f 408//373 420//385 419//384 407//372
f 398//363 410//375 420//385 408//373
f 409//374 421//386 422//387 410//375
f 411//376 423//388 421//386 409//374
f 412//377 424//389 423//388 411//376
f 413//378 425//390 424//389 412//377
f 414//379 426//391 425//390 413//378
f 415//380 427//392 426//391 414//379
f 416//381 428//393 427//392 415//380
f 417//382 429//394 428//393 416//381
f 418//383 430//395 429//394 417//382
f 419//384 431//396 430//395 418//383
f 420//385 432//397 431//396 419//384
f 410//375 422//387 432//397 420//385
f 421//386 433//398 434//399 422//387
f 423//388 435//400 433//398 421//386
f 424//389 436//401 435//400 423//388
f 425//390 437//402 436//401 424//389
f 426//391 438//403 437//402 425//390
f 427//392 439//404 438//403 426//391
f 428//393 440//405 439//404 427//392
f 429//394 441//406 440//405 428//393
f 430//395 442//407 441//406 429//394
f 431//396 443//408 442//407 430//395
f 432//397 444//409 443//408 431//396
f 422//387 434//399 444//409 432//397
f 433//398 445//410 446//411 434//399
f 435//400 447//412 445//410 433//398
f 436//401 448//413 447//412 435//400
f 437//402 449//414 448//413 436//401
f 438//403 450//415 449//414 437//402
f 439//404 451//416 450//415 438//403
f 440//405 452//417 451//416 439//404
f 441//406 453//418 452//417 440//405
f 442//407 454//419 453//418 441//406
f 443//408 455//420 454//419 442//407
f 444//409 456//421 455//420 443//408
f 434//399 446//411 456//421 444//409
f 445//410 457//422 458//423 446//411
f 447//412 459//424 457//422 445//410
f 448//413 460//425 459//424 447//412
f 449//414 461//426 460//425 448//413
f 450//415 462//427 461//426 449//414
f 451//416 463//428 462//427 450//415
f 452//417 464//429 463//428 451//416
f 453//418 465//430 464//429 452//417
f 454//419 466//431 465//430 453//418
f 455//420 467//432 466//431 454//419
f 456//421 468//433 467//432 455//420
f 446//411 458//423 468//433 456//421
f 457//422 469//434 470//435 458//423
f 459//424 471//436 469//434 457//422
f 460//425 472//437 471//436 459//424
f 461//426 473//438 472//437 460//425
f 462//427 474//439 473//438 461//426
f 463//428 475//440 474//439 462//427
f 464//429 476//441 475//440 463//428
f 465//430 477//442 476//441 464//429
f 466//431 478//443 477//442 465//430
f 467//432 479//444 478//443 466//431
f 468//433 480//445 479//444 467//432
f 458//423 470//435 480//445 468//433
f 469//434 481//446 482//447 470//435
f 471//436 483//448 481//446 469//434
f 472//437 484//449 483//448 471//436
f 473//438 485//450 484//449 472//437
f 474//439 486//451 485//450 473//438
f 475//440 487//452 486//451 474//439
f 476//441 488//453 487//452 475//440
f 477//442 489//454 488//453 476//441
f 478//443 490//455 489//454 477//442
f 479//444 491//456 490//455 478//443
f 480//445 492//457 491//456 479//444
f 470//435 482//447 492//457 480//445
f 481//446 493//458 494//459 482//447
f 483//448 495//460 493//458 481//446
f 484//449 496//461 495//460 483//448
f 485//450 497//462 496//461 484//449
f 486//451 498//463 497//462 485//450
f 487//452 499//464 498//463 486//451
f 488//453 500//465 499//464 487//452
f 489//454 501//466 500//465 488//453
f 490//455 502//467 501//466 489//454
f 491//456 503//468 502//467 490//455
f 492//457 504//469 503//468 491//456
f 482//447 494//459 504//469 492//457
f 493//458 505//470 506//471 494//459
f 495//460 507//472 505//470 493//458
f 496//461 508//473 507//472 495//460
f 497//462 509//474 508//473 496//461
f 498//463 510//475 509//474 497//462
f 499//464 511//476 510//475 498//463
f 500//465 512//477 511//476 499//464
f 501//466 513//478 512//477 500//465
f 502//467 514//479 513//478 501//466
f 503//468 515//480 514//479 502//467
f 504//469 516//481 515//480 503//468
f 494//459 506//471 516//481 504//469
f 505//470 517//482 518//483 506//471
f 507//472 519//484 517//482 505//470
f 508//473 520//485 519//484 507//472
f 509//474 521//486 520//485 508//473
f 510//475 522//487 521//486 509//474
f 511//476 523//488 522//487 510//475
f 512//477 524//489 523//488 511//476
f 513//478 525//490 524//489 512//477
f 514//479 526//491 525//490 513//478
f 515//480 527//492 526//491 514//479
f 516//481 528//493 527//492 515//480
f 506//471 518//483 528//493 516//481
f 517//482 529//494 530//495 518//483
f 519//484 531//496 529//494 517//482
f 520//485 532//497 531//496 519//484
f 521//486 533//498 532//497 520//485
f 522//487 534//499 533//498 521//486
f 523//488 535//500 534//499 522//487
f 524//489 536//501 535//500 523//488
f 525//490 537//502 536//501 524//489
f 526//491 538//503 537//502 525//490
f 527//492 539//504 538//503 526//491
f 528//493 540//505 539//504 527//492
f 518//483 530//495 540//505 528//493
f 529//494 541//506 542//507 530//495
f 531//496 543//508 541//506 529//494
f 532//497 544//509 543//508 531//496
f 533//498 545//510 544//509 532//497
f 534//499 546//511 545//510 533//498
f 535//500 547//512 546//511 534//499
f 536//501 548//513 547//512 535//500
f 537//502 549//514 548//513 536//501
f 538//503 550//515 549//514 537//502
f 539//504 551//516 550//515 538//503
f 540//505 552//517 551//516 539//504
f 530//495 542//507 552//517 540//505
f 541//506 553//518 554//519 542//507
f 543//508 555//520 553//518 541//506
f 544//509 556//521 555//520 543//508
f 545//510 557//522 556//521 544//509
f 546//511 558//523 557//522 545//510
f 547//512 559//524 558//523 546//511
f 548//513 560//525 559//524 547//512
f 549//514 561//526 560//525 548//513
f 550//515 562//527 561//526 549//514
f 551//516 563//528 562//527 550//515
f 552//517 564//529 563//528 551//516
f 542//507 554//519 564//529 552//517
f 553//518 565//530 566//531 554//519
f 555//520 567//532 565//530 553//518
f 556//521 568//533 567//532 555//520
f 557//522 569//534 568//533 556//521
f 558//523 570//535 569//534 557//522
f 559//524 571//536 570//535 558//523
f 560//525 572//537 571//536 559//524
f 561//526 573//538 572//537 560//525
f 562//527 574//539 573//538 561//526
f 563//528 575//540 574//539 562//527
f 564//529 576//541 575//540 563//528
f 554//519 566//531 576//541 564//529
f 565//530 577//542 578//543 566//531
f 567//532 579//544 577//542 565//530
f 568//533 580//545 579//544 567//532
f 569//534 581//546 580//545 568//533
f 570//535 582//547 581//546 569//534
f 571//536 583//548 582//547 570//535
f 572//537 584//549 583//548 571//536
f 573//538 585//550 584//549 572//537
f 574//539 586//551 585//550 573//538
f 575//540 587//552 586//551 574//539
f 576//541 588//553 587//552 575//540
f 566//531 578//543 588//553 576//541
f 577//542 589//554 590//555 578//543
f 579//544 591//556 589//554 577//542
f 580//545 592//557 591//556 579//544
f 581//546 593//558 592//557 580//545
f 582//547 594//559 593//558 581//546
f 583//548 595//560 594//559 582//547
f 584//549 596//561 595//560 583//548
f 585//550 597//562 596//561 584//549
f 586//551 598//563 597//562 585//550
f 587//552 599//564 598//563 586//551
f 588//553 600//565 599//564 587//552
f 578//543 590//555 600//565 588//553
f 589//554 601//566 602//567 590//555
f 591//556 603//568 601//566 589//554
f 592//557 604//569 603//568 591//556
f 593//558 605//570 604//569 592//557
f 594//559 606//571 605//570 593//558
f 595//560 607//572 606//571 594//559
f 596//561 608//573 607//572 595//560
f 597//562 609//574 608//573 596//561
f 598//563 610//575 609//574 597//562
f 599//564 611//576 610//575 598//563
f 600//565 612//577 611//576 599//564
f 590//555 602//567 612//577 600//565
f 601//566 613//578 614//579 602//567
f 603//568 615//580 613//578 601//566
f 604//569 616//581 615//580 603//568
f 605//570 617//582 616//581 604//569
f 606//571 618//583 617//582 605//570
f 607//572 619//584 618//583 606//571
f 608//573 620//585 619//584 607//572
f 609//574 621//586 620//585 608//573
f 610//575 622//587 621//586 609//574
f 611//576 623//588 622//587 610//575
f 612//577 624//589 623//588 611//576
f 602//567 614//579 624//589 612//577
f 613//578 625//590 626//591 614//579
f 615//580 627//592 625//590 613//578
f 616//581 628//593 627//592 615//580
f 617//582 629//594 628//593 616//581
f 618//583 630//595 629//594 617//582
f 619//584 631//596 630//595 618//583
f 620//585 632//597 631//596 619//584
f 621//586 633//598 632//597 620//585
f 622//587 634//599 633//598 621//586
f 623//588 635//600 634//599 622//587
f 624//589 636//601 635//600 623//588
f 614//579 626//591 636//601 624//589
f 625//590 637//602 638//603 626//591
f 627//592 639//604 637//602 625//590
f 628//593 640//605 639//604 627//592
f 629//594 641//606 640//605 628//593
f 630//595 642//607 641//606 629//594
f 631//596 643//608 642//607 630//595
f 632//597 644//609 643//608 631//596
f 633//598 645//610 644//609 632//597
f 634//599 646//611 645//610 633//598
f 635//600 647//612 646//611 634//599
f 636//601 648//613 647//612 635//600
f 626//591 638//603 648//613 636//601
f 637//602 649//614 650//615 638//603
f 639//604 651//616 649//614 637//602
f 640//605 652//617 651//616 639//604
f 641//606 653//618 652//617 640//605
f 642//607 654//619 653//618 641//606
f 643//608 655//620 654//619 642//607
f 644//609 656//621 655//620 643//608
f 645//610 657//622 656//621 644//609
f 646//611 658//623 657//622 645//610
f 647//612 659//624 658//623 646//611
f 648//613 660//625 659//624 647//612
f 638//603 650//615 660//625 648//613
f 649//614 661//626 662//627 650//615
f 651//616 663//628 661//626 649//614
f 652//617 664//629 663//628 651//616
f 653//618 665//630 664//629 652//617
f 654//619 666//631 665//630 653//618
f 655//620 667//632 666//631 654//619
f 656//621 668//633 667//632 655//620
f 657//622 669//634 668//633 656//621
f 658//623 670//635 669//634 657//622
f 659//624 671//636 670//635 658//623
f 660//625 672//637 671//636 659//624
f 650//615 662//627 672//637 660//625
f 661//626 673//638 674//639 662//627
f 663//628 675//640 673//638 661//626
f 664//629 676//641 675//640 663//628
f 665//630 677//642 676//641 664//629
f 666//631 678//643 677//642 665//630
f 667//632 679//644 678//643 666//631
f 668//633 680//645 679//644 667//632
f 669//634 681//646 680//645 668//633
f 670//635 682//647 681//646 669//634
f 671//636 683//648 682//647 670//635
f 672//637 684//649 683//648 671//636
f 662//627 674//639 684//649 672//637
f 673//638 685//650 686//651 674//639
f 675//640 687//652 685//650 673//638
f 676//641 688//653 687//652 675//640
f 677//642 689//654 688//653 676//641
f 678//643 690//655 689//654 677//642
f 679//644 691//656 690//655 678//643
f 680//645 692//657 691//656 679//644
f 681//646 693//658 692//657 680//645
f 682//647 694//659 693//658 681//646
f 683//648 695//660 694//659 682//647
f 684//649 696//661 695//660 683//648
f 674//639 686//651 696//661 684//649
f 685//650 697//662 698//663 686//651
f 687//652 699//664 697//662 685//650
f 688//653 700//665 699//664 687//652
f 689//654 701//666 700//665 688//653
f 690//655 702//667 701//666 689//654
f 691//656 703//668 702//667 690//655
f 692//657 704//669 703//668 691//656
f 693//658 705//670 704//669 692//657
f 694//659 706//671 705//670 693//658
f 695//660 707//672 706//671 694//659
f 696//661 708//673 707//672 695//660
f 686//651 698//663 708//673 696//661
f 697//662 709//674 710//675 698//663
f 699//664 711//676 709//674 697//662
f 700//665 712//677 711//676 699//664
f 701//666 713//678 712//677 700//665
f 702//667 714//679 713//678 701//666
f 703//668 715//680 714//679 702//667
f 704//669 716//681 715//680 703//668
f 705//670 717//682 716//681 704//669
f 706//671 718//683 717//682 705//670
f 707//672 719//684 718//683 706//671
f 708//673 720//685 719//684 707//672
f 698//663 710//675 720//685 708//673
f 709//674 721//686 722//687 710//675
f 711//676 723//688 721//686 709//674
f 712//677 724//689 723//688 711//676
f 713//678 725//690 724//689 712//677
f 714//679 726//691 725//690 713//678
f 715//680 727//692 726//691 714//679
f 716//681 728//693 727//692 715//680
f 717//682 729//694 728//693 716//681
f 718//683 730//695 729//694 717//682
f 719//684 731//696 730//695 718//683
f 720//685 732//697 731//696 719//684
f 710//675 722//687 732//697 720//685
f 721//686 733//698 734//699 722//687
f 723//688 735//700 733//698 721//686
f 724//689 736//701 735//700 723//688
f 725//690 737//702 736//701 724//689
f 726//691 738//703 737//702 725//690
f 727//692 739//704 738//703 726//691
f 728//693 740//705 739//704 727//692
f 729//694 741//706 740//705 728//693
f 730//695 742//707 741//706 729//694
f 731//696 743//708 742//707 730//695
f 732//697 744//709 743//708 731//696
f 722//687 734//699 744//709 732//697
f 733//698 745//710 746//711 734//699
f 735//700 747//712 745//710 733//698
f 736//701 748//713 747//712 735//700
f 737//702 749//714 748//713 736//701
f 738//703 750//715 749//714 737//702
f 739//704 751//716 750//715 738//703
f 740//705 752//717 751//716 739//704
f 741//706 753//718 752//717 740//705
f 742//707 754//719 753//718 741//706
f 743//708 755//720 754//719 742//707
f 744//709 756//721 755//720 743//708
f 734//699 746//711 756//721 744//709
f 745//710 757//722 758//723 746//711
f 747//712 759//724 757//722 745//710
f 748//713 760//725 759//724 747//712
f 749//714 761//726 760//725 748//713
f 750//715 762//727 761//726 749//714
f 751//716 763//728 762//727 750//715
f 752//717 764//729 763//728 751//716
f 753//718 765//730 764//729 752//717
f 754//719 766//731 765//730 753//718
f 755//720 767//732 766//731 754//719
f 756//721 768//733 767//732 755//720
f 746//711 758//723 768//733 756//721
f 757//722 769//734 770//735 758//723
f 759//724 771//736 769//734 757//722
f 760//725 772//737 771//736 759//724
f 761//726 773//738 772//737 760//725
f 762//727 774//739 773//738 761//726
f 763//728 775//740 774//739 762//727
f 764//729 776//741 775//740 763//728
f 765//730 777//742 776//741 764//729
f 766//731 778//743 777//742 765//730
f 767//732 779//744 778//743 766//731
f 768//733 780//745 779//744 767//732
f 758//723 770//735 780//745 768//733
f 769//734 781//746 782//747 770//735
f 771//736 783//748 781//746 769//734
f 772//737 784//749 783//748 771//736
f 773//738 785//750 784//749 772//737
f 774//739 786//751 785//750 773//738
f 775//740 787//752 786//751 774//739
f 776//741 788//753 787//752 775//740
f 777//742 789//754 788//753 776//741
f 778//743 790//755 789//754 777//742
f 779//744 791//756 790//755 778//743
f 780//745 792//757 791//756 779//744
f 770//735 782//747 792//757 780//745
f 781//746 793//758 794//759 782//747
f 783//748 795//760 793//758 781//746
f 784//749 796//761 795//760 783//748
f 785//750 797//762 796//761 784//749
f 786//751 798//763 797//762 785//750
f 787//752 799//764 798//763 786//751
f 788//753 800//765 799//764 787//752
f 789//754 801//766 800//765 788//753
f 790//755 802//767 801//766 789//754
f 791//756 803//768 802//767 790//755
f 792//757 804//769 803//768 791//756
f 782//747 794//759 804//769 792//757
f 793//758 805//770 806//771 794//759
f 795//760 807//772 805//770 793//758
f 796//761 808//773 807//772 795//760
f 797//762 809//774 808//773 796//761
f 798//763 810//775 809//774 797//762
f 799//764 811//776 810//775 798//763
f 800//765 812//777 811//776 799//764
f 801//766 813//778 812//777 800//765
f 802//767 814//779 813//778 801//766
f 803//768 815//780 814//779 802//767
f 804//769 816//781 815//780 803//768
f 794//759 806//771 816//781 804//769
f 805//770 817//782 818//783 806//771
f 807//772 819//784 817//782 805//770
f 808//773 820//785 819//784 807//772
f 809//774 821//786 820//785 808//773
f 810//775 822//787 821//786 809//774
f 811//776 823//788 822//787 810//775
f 812//777 824//789 823//788 811//776
f 813//778 825//790 824//789 812//777
f 814//779 826//791 825//790 813//778
f 815//780 827//792 826//791 814//779
f 816//781 828//793 827//792 815//780
f 806//771 818//783 828//793 816//781
f 817//782 829//794 830//795 818//783
f 819//784 831//796 829//794 817//782
f 820//785 832//797 831//796 819//784
f 821//786 833//798 832//797 820//785
f 822//787 834//799 833//798 821//786
f 823//788 835//800 834//799 822//787
f 824//789 836//801 835//800 823//788
f 825//790 837//802 836//801 824//789
f 826//791 838//803 837//802 825//790
f 827//792 839//804 838//803 826//791
f 828//793 840//805 839//804 827//792
f 818//783 830//795 840//805 828//793
f 829//794 841//806 842//807 830//795
f 831//796 843//808 841//806 829//794
f 832//797 844//809 843//808 831//796
f 833//798 845//810 844//809 832//797
f 834//799 846//811 845//810 833//798
f 835//800 847//812 846//811 834//799
f 836//801 848//813 847//812 835//800
f 837//802 849//814 848//813 836//801
f 838//803 850//815 849//814 837//802
f 839//804 851//816 850//815 838//803
f 840//805 852//817 851//816 839//804
f 830//795 842//807 852//817 840//805
f 841//806 853//818 854//819 842//807
f 843//808 855//820 853//818 841//806
f 844//809 856//821 855//820 843//808
f 845//810 857//822 856//821 844//809
f 846//811 858//823 857//822 845//810
f 847//812 859//824 858//823 846//811
f 848//813 860//825 859//824 847//812
f 849//814 861//826 860//825 848//813
f 850//815 862//827 861//826 849//814
f 851//816 863//828 862//827 850//815
f 852//817 864//829 863//828 851//816
f 842//807 854//819 864//829 852//817
f 853//818 865//830 866//831 854//819
f 855//820 867//832 865//830 853//818
f 856//821 868//833 867//832 855//820
f 857//822 869//834 868//833 856//821
f 858//823 870//835 869//834 857//822
f 859//824 871//836 870//835 858//823
f 860//825 872//837 871//836 859//824
f 861//826 873//838 872//837 860//825
f 862//827 874//839 873//838 861//826
f 863//828 875//840 874//839 862//827
f 864//829 876//841 875//840 863//828
f 854//819 866//831 876//841 864//829
f 865//830 877//842 878//843 866//831
f 867//832 879//844 877//842 865//830
f 868//833 880//845 879//844 867//832
f 869//834 881//846 880//845 868//833
f 870//835 882//847 881//846 869//834
f 871//836 883//848 882//847 870//835
f 872//837 884//849 883//848 871//836
f 873//838 885//850 884//849 872//837
f 874//839 886//851 885//850 873//838
f 875//840 887//852 886//851 874//839
f 876//841 888//853 887//852 875//840
f 866//831 878//843 888//853 876//841
f 877//842 889//854 890//855 878//843
f 879//844 891//856 889//854 877//842
f 880//845 892//857 891//856 879//844
f 881//846 893//858 892//857 880//845
f 882//847 894//859 893//858 881//846
f 883//848 895//860 894//859 882//847
f 884//849 896//861 895//860 883//848
f 885//850 897//862 896//861 884//849
f 886//851 898//863 897//862 885//850
f 887//852 899//864 898//863 886//851
f 888//853 900//865 899//864 887//852
f 878//843 890//855 900//865 888//853
f 901//866 902//867 903//868 904//869
f 905//870 906//871 902//867 901//866
f 907//872 908//873 906//871 905//870
f 909//874 910//875 908//873 907//872
f 911//876 912//877 910//875 909//874
f 913//878 914//879 912//877 911//876
f 915//880 916//881 914//879 913//878
f 917//882 918//883 916//881 915//880
f 919//884 920//885 918//883 917//882
f 921//886 922//887 920//885 919//884
f 923//888 924//889 922//887 921//886
f 904//869 903//868 924//889 923//888
f 902//867 925//890 926//891 903//868
f 906//871 927//892 925//890 902//867
f 908//873 928//893 927//892 906//871
f 910//875 929//894 928//893 908//873
f 912//877 930//895 929//894 910//875
f 914//879 931//896 930//895 912//877
f 916//881 932//897 931//896 914//879
f 918//883 933//898 932//897 916//881
f 920//885 934//899 933//898 918//883
f 922//887 935//900 934//899 920//885
f 924//889 936//901 935//900 922//887
f 903//868 926//891 936//901 924//889
f 925//890 937//902 938//903 926//891
f 927//892 939//904 937//902 925//890
f 928//893 940//905 939//904 927//892
f 929//894 941//906 940//905 928//893
f 930//895 942//907 941//906 929//894
f 931//896 943//908 942//907 930//895
f 932//897 944//909 943//908 931//896
f 933//898 945//910 944//909 932//897
f 934//899 946//911 945//910 933//898
f 935//900 947//912 946//911 934//899
f 936//901 948//913 947//912 935//900
f 926//891 938//903 948//913 936//901
f 937//902 949//914 950//915 938//903
f 939//904 951//916 949//914 937//902
f 940//905 952//917 951//916 939//904
f 941//906 953//918 952//917 940//905
f 942//907 954//919 953//918 941//906
f 943//908 955//920 954//919 942//907
f 944//909 956//921 955//920 943//908
f 945//910 957//922 956//921 944//909
f 946//911 958//923 957//922 945//910
f 947//912 959//924 958//923 946//911
f 948//913 960//925 959//924 947//912
f 938//903 950//915 960//925 948//913
f 949//914 961//926 962//927 950//915
f 951//916 963//928 961//926 949//914
f 952//917 964//929 963//928 951//916
f 953//918 965//930 964//929 952//917
f 954//919 966//931 965//930 953//918
f 955//920 967//932 966//931 954//919
f 956//921 968//933 967//932 955//920
f 957//922 969//934 968//933 956//921
f 958//923 970//935 969//934 957//922
f 959//924 971//936 970//935 958//923
f 960//925 972//937 971//936 959//924
f 950//915 962//927 972//937 960//925
f 961//926 973//938 974//939 962//927
f 963//928 975//940 973//938 961//926
f 964//929 976//941 975//940 963//928
f 965//930 977//942 976//941 964//929
f 966//931 978//943 977//942 965//930
f 967//932 979//944 978//943 966//931
f 968//933 980//945 979//944 967//932
f 969//934 981//946 980//945 968//933
f 970//935 982//947 981//946 969//934
f 971//936 983//948 982//947 970//935
f 972//937 984//949 983//948 971//936
f 962//927 974//939 984//949 972//937
f 973//938 985//950 986//951 974//939
f 975//940 987//952 985//950 973//938
f 976//941 988//953 987//952 975//940
f 977//942 989//954 988//953 976//941
f 978//943 990//955 989//954 977//942
f 979//944 991//956 990//955 978//943
f 980//945 992//957 991//956 979//944
f 981//946 993//958 992//957 980//945
f 982//947 994//959 993//958 981//946
f 983//948 995//960 994//959 982//947
f 984//949 996//961 995//960 983//948
f 974//939 986//951 996//961 984//949
f 985//950 997//962 998//963 986//951
f 987//952 999//964 997//962 985//950
f 988//953 1000//965 999//964 987//952
f 989//954 1001//966 1000//965 988//953
f 990//955 1002//967 1001//966 989//954
f 991//956 1003//968 1002//967 990//955
f 992//957 1004//969 1003//968 991//956
f 993//958 1005//970 1004//969 992//957
f 994//959 1006//971 1005//970 993//958
f 995//960 1007//972 1006//971 994//959
f 996//961 1008//973 1007//972 995//960
f 986//951 998//963 1008//973 996//961
f 997//962 1009//974 1010//975 998//963
f 999//964 1011//976 1009//974 997//962
f 1000//965 1012//977 1011//976 999//964
f 1001//966 1013//978 1012//977 1000//965
f 1002//967 1014//979 1013//978 1001//966
f 1003//968 1015//980 1014//979 1002//967
f 1004//969 1016//981 1015//980 1003//968
f 1005//970 1017//982 1016//981 1004//969
f 1006//971 1018//983 1017//982 1005//970
f 1007//972 1019//984 1018//983 1006//971
f 1008//973 1020//985 1019//984 1007//972
f 998//963 1010//975 1020//985 1008//973
f 1009//974 1021//986 1022//987 1010//975
f 1011//976 1023//988 1021//986 1009//974
f 1012//977 1024//989 1023//988 1011//976
f 1013//978 1025//990 1024//989 1012//977
f 1014//979 1026//991 1025//990 1013//978
f 1015//980 1027//992 1026//991 1014//979
f 1016//981 1028//993 1027//992 1015//980
f 1017//982 1029//994 1028//993 1016//981
f 1018//983 1030//995 1029//994 1017//982
f 1019//984 1031//996 1030//995 1018//983
f 1020//985 1032//997 1031//996 1019//984
f 1010//975 1022//987 1032//997 1020//985
f 1021//986 1033//998 1034//999 1022//987
f 1023//988 1035//1000 1033//998 1021//986
f 1024//989 1036//1001 1035//1000 1023//988
f 1025//990 1037//1002 1036//1001 1024//989
f 1026//991 1038//1003 1037//1002 1025//990
f 1027//992 1039//1004 1038//1003 1026//991
f 1028//993 1040//1005 1039//1004 1027//992
f 1029//994 1041//1006 1040//1005 1028//993
f 1030//995 1042//1007 1041//1006 1029//994
f 1031//996 1043//1008 1042//1007 1030//995
f 1032//997 1044//1009 1043//1008 1031//996
f 1022//987 1034//999 1044//1009 1032//997
f 1033//998 1045//1010 1046//1011 1034//999
f 1035//1000 1047//1012 1045//1010 1033//998
f 1036//1001 1048//1013 1047//1012 1035//1000
f 1037//1002 1049//1014 1048//1013 1036//1001
f 1038//1003 1050//1015 1049//1014 1037//1002
f 1039//1004 1051//1016 1050//1015 1038//1003
f 1040//1005 1052//1017 1051//1016 1039//1004
f 1041//1006 1053//1018 1052//1017 1040//1005
f 1042//1007 1054//1019 1053//1018 1041//1006
f 1043//1008 1055//1020 1054//1019 1042//1007
f 1044//1009 1056//1021 1055//1020 1043//1008
f 1034//999 1046//1011 1056//1021 1044//1009
f 1045//1010 1057//1022 1058//1023 1046//1011
f 1047//1012 1059//1024 1057//1022 1045//1010
f 1048//1013 1060//1025 1059//1024 1047//1012
f 1049//1014 1061//1026 1060//1025 1048//1013
f 1050//1015 1062//1027 1061//1026 1049//1014
f 1051//1016 1063//1028 1062//1027 1050//1015
f 1052//1017 1064//1029 1063//1028 1051//1016
f 1053//1018 1065//1030 1064//1029 1052//1017
f 1054//1019 1066//1031 1065//1030 1053//1018
f 1055//1020 1067//1032 1066//1031 1054//1019
f 1056//1021 1068//1033 1067//1032 1055//1020
f 1046//1011 1058//1023 1068//1033 1056//1021
f 1057//1022 1069//1034 1070//1035 1058//1023
f 1059//1024 1071//1036 1069//1034 1057//1022
f 1060//1025 1072//1037 1071//1036 1059//1024
f 1061//1026 1073//1038 1072//1037 1060//1025
f 1062//1027 1074//1039 1073//1038 1061//1026
f 1063//1028 1075//1040 1074//1039 1062//1027
f 1064//1029 1076//1041 1075//1040 1063//1028
f 1065//1030 1077//1042 1076//1041 1064//1029
f 1066//1031 1078//1043 1077//1042 1065//1030
f 1067//1032 1079//1044 1078//1043 1066//1031
f 1068//1033 1080//1045 1079//1044 1067//1032
f 1058//1023 1070//1035 1080//1045 1068//1033
f 1069//1034 1081//1046 1082//1047 1070//1035
f 1071//1036 1083//1048 1081//1046 1069//1034
f 1072//1037 1084//1049 1083//1048 1071//1036
f 1073//1038 1085//1050 1084//1049 1072//1037
f 1074//1039 1086//1051 1085//1050 1073//1038
f 1075//1040 1087//1052 1086//1051 1074//1039
f 1076//1041 1088//1053 1087//1052 1075//1040
f 1077//1042 1089//1054 1088//1053 1076//1041
f 1078//1043 1090//1055 1089//1054 1077//1042
f 1079//1044 1091//1056 1090//1055 1078//1043
f 1080//1045 1092//1057 1091//1056 1079//1044
f 1070//1035 1082//1047 1092//1057 1080//1045
f 1081//1046 1093//1058 1094//1059 1082//1047
f 1083//1048 1095//1060 1093//1058 1081//1046
f 1084//1049 1096//1061 1095//1060 1083//1048
f 1085//1050 1097//1062 1096//1061 1084//1049
f 1086//1051 1098//1063 1097//1062 1085//1050
f 1087//1052 1099//1064 1098//1063 1086//1051
f 1088//1053 1100//1065 1099//1064 1087//1052
f 1089//1054 1101//1066 1100//1065 1088//1053
f 1090//1055 1102//1067 1101//1066 1089//1054
f 1091//1056 1103//1068 1102//1067 1090//1055
f 1092//1057 1104//1069 1103//1068 1091//1056
f 1082//1047 1094//1059 1104//1069 1092//1057
f 1093//1058 1105//1070 1106//1071 1094//1059
f 1095//1060 1107//1072 1105//1070 1093//1058
f 1096//1061 1108//1073 1107//1072 1095//1060
f 1097//1062 1109//1074 1108//1073 1096//1061
f 1098//1063 1110//1075 1109//1074 1097//1062
f 1099//1064 1111//1076 1110//1075 1098//1063
f 1100//1065 1112//1077 1111//1076 1099//1064
f 1101//1066 1113//1078 1112//1077 1100//1065
f 1102//1067 1114//1079 1113//1078 1101//1066
f 1103//1068 1115//1080 1114//1079 1102//1067
f 1104//1069 1116//1081 1115//1080 1103//1068
f 1094//1059 1106//1071 1116//1081 1104//1069
f 1105//1070 1117//1082 1118//1083 1106//1071
f 1107//1072 1119//1084 1117//1082 1105//1070
f 1108//1073 1120//1085 1119//1084 1107//1072
f 1109//1074 1121//1086 1120//1085 1108//1073
f 1110//1075 1122//1087 1121//1086 1109//1074
f 1111//1076 1123//1088 1122//1087 1110//1075
f 1112//1077 1124//1089 1123//1088 1111//1076
f 1113//1078 1125//1090 1124//1089 1112//1077
f 1114//1079 1126//1091 1125//1090 1113//1078
f 1115//1080 1127//1092 1126//1091 1114//1079
f 1116//1081 1128//1093 1127//1092 1115//1080
f 1106//1071 1118//1083 1128//1093 1116//1081
f 1117//1082 1129//1094 1130//1095 1118//1083
f 1119//1084 1131//1096 1129//1094 1117//1082
f 1120//1085 1132//1097 1131//1096 1119//1084
f 1121//1086 1133//1098 1132//1097 1120//1085
f 1122//1087 1134//1099 1133//1098 1121//1086
f 1123//1088 1135//1100 1134//1099 1122//1087
f 1124//1089 1136//1101 1135//1100 1123//1088
f 1125//1090 1137//1102 1136//1101 1124//1089
f 1126//1091 1138//1103 1137//1102 1125//1090
f 1127//1092 1139//1104 1138//1103 1126//1091
f 1128//1093 1140//1105 1139//1104 1127//1092
f 1118//1083 1130//1095 1140//1105 1128//1093
f 1129//1094 1141//1106 1142//1107 1130//1095
f 1131//1096 1143//1108 1141//1106 1129//1094
f 1132//1097 1144//1109 1143//1108 1131//1096
f 1133//1098 1145//1110 1144//1109 1132//1097
f 1134//1099 1146//1111 1145//1110 1133//1098
f 1135//1100 1147//1112 1146//1111 1134//1099
f 1136//1101 1148//1113 1147//1112 1135//1100
f 1137//1102 1149//1114 1148//1113 1136//1101
f 1138//1103 1150//1115 1149//1114 1137//1102
f 1139//1104 1151//1116 1150//1115 1138//1103
f 1140//1105 1152//1117 1151//1116 1139//1104
f 1130//1095 1142//1107 1152//1117 1140//1105
f 1141//1106 1153//1118 1154//1119 1142//1107
f 1143//1108 1155//1120 1153//1118 1141//1106
f 1144//1109 1156//1121 1155//1120 1143//1108
f 1145//1110 1157//1122 1156//1121 1144//1109
f 1146//1111 1158//1123 1157//1122 1145//1110
f 1147//1112 1159//1124 1158//1123 1146//1111
f 1148//1113 1160//1125 1159//1124 1147//1112
f 1149//1114 1161//1126 1160//1125 1148//1113
f 1150//1115 1162//1127 1161//1126 1149//1114
f 1151//1116 1163//1128 1162//1127 1150//1115
f 1152//1117 1164//1129 1163//1128 1151//1116
f 1142//1107 1154//1119 1164//1129 1152//1117
f 1153//1118 1165//1130 1166//1131 1154//1119
f 1155//1120 1167//1132 1165//1130 1153//1118
f 1156//1121 1168//1133 1167//1132 1155//1120
f 1157//1122 1169//1134 1168//1133 1156//1121
f 1158//1123 1170//1135 1169//1134 1157//1122
f 1159//1124 1171//1136 1170//1135 1158//1123
f 1160//1125 1172//1137 1171//1136 1159//1124
f 1161//1126 1173//1138 1172//1137 1160//1125
f 1162//1127 1174//1139 1173//1138 1161//1126
f 1163//1128 1175//1140 1174//1139 1162//1127
f 1164//1129 1176//1141 1175//1140 1163//1128
f 1154//1119 1166//1131 1176//1141 1164//1129
f 1165//1130 1177//1142 1178//1143 1166//1131
f 1167//1132 1179//1144 1177//1142 1165//1130
f 1168//1133 1180//1145 1179//1144 1167//1132
f 1169//1134 1181//1146 1180//1145 1168//1133
f 1170//1135 1182//1147 1181//1146 1169//1134
f 1171//1136 1183//1148 1182//1147 1170//1135
f 1172//1137 1184//1149 1183//1148 1171//1136
f 1173//1138 1185//1150 1184//1149 1172//1137
f 1174//1139 1186//1151 1185//1150 1173//1138
f 1175//1140 1187//1152 1186//1151 1174//1139
f 1176//1141 1188//1153 1187//1152 1175//1140
f 1166//1131 1178//1143 1188//1153 1176//1141
f 1177//1142 1189//1154 1190//1155 1178//1143
f 1179//1144 1191//1156 1189//1154 1177//1142
f 1180//1145 1192//1157 1191//1156 1179//1144
f 1181//1146 1193//1158 1192//1157 1180//1145
f 1182//1147 1194//1159 1193//1158 1181//1146
f 1183//1148 1195//1160 1194//1159 1182//1147
f 1184//1149 1196//1161 1195//1160 1183//1148
f 1185//1150 1197//1162 1196//1161 1184//1149
f 1186//1151 1198//1163 1197//1162 1185//1150
f 1187//1152 1199//1164 1198//1163 1186//1151
f 1188//1153 1200//1165 1199//1164 1187//1152
f 1178//1143 1190//1155 1200//1165 1188//1153
f 1189//1154 1201//1166 1202//1167 1190//1155
f 1191//1156 1203//1168 1201//1166 1189//1154
f 1192//1157 1204//1169 1203//1168 1191//1156
f 1193//1158 1205//1170 1204//1169 1192//1157
f 1194//1159 1206//1171 1205//1170 1193//1158
f 1195//1160 1207//1172 1206//1171 1194//1159
f 1196//1161 1208//1173 1207//1172 1195//1160
f 1197//1162 1209//1174 1208//1173 1196//1161
f 1198//1163 1210//1175 1209//1174 1197//1162
f 1199//1164 1211//1176 1210//1175 1198//1163
f 1200//1165 1212//1177 1211//1176 1199//1164
f 1190//1155 1202//1167 1212//1177 1200//1165
f 1201//1166 1213//1178 1214//1179 1202//1167
f 1203//1168 1215//1180 1213//1178 1201//1166
f 1204//1169 1216//1181 1215//1180 1203//1168
f 1205//1170 1217//1182 1216//1181 1204//1169
f 1206//1171 1218//1183 1217//1182 1205//1170
f 1207//1172 1219//1184 1218//1183 1206//1171
f 1208//1173 1220//1185 1219//1184 1207//1172
f 1209//1174 1221//1186 1220//1185 1208//1173
f 1210//1175 1222//1187 1221//1186 1209//1174
f 1211//1176 1223//1188 1222//1187 1210//1175
f 1212//1177 1224//1189 1223//1188 1211//1176
f 1202//1167 1214//1179 1224//1189 1212//1177
f 1213//1178 1225//1190 1226//1191 1214//1179
f 1215//1180 1227//1192 1225//1190 1213//1178
f 1216//1181 1228//1193 1227//1192 1215//1180
f 1217//1182 1229//1194 1228//1193 1216//1181
f 1218//1183 1230//1195 1229//1194 1217//1182
f 1219//1184 1231//1196 1230//1195 1218//1183
f 1220//1185 1232//1197 1231//1196 1219//1184
f 1221//1186 1233//1198 1232//1197 1220//1185
f 1222//1187 1234//1199 1233//1198 1221//1186
f 1223//1188 1235//1200 1234//1199 1222//1187
f 1224//1189 1236//1201 1235//1200 1223//1188
f 1214//1179 1226//1191 1236//1201 1224//1189
f 1225//1190 1237//1202 1238//1203 1226//1191
f 1227//1192 1239//1204 1237//1202 1225//1190
f 1228//1193 1240//1205 1239//1204 1227//1192
f 1229//1194 1241//1206 1240//1205 1228//1193
f 1230//1195 1242//1207 1241//1206 1229//1194
f 1231//1196 1243//1208 1242//1207 1230//1195
f 1232//1197 1244//1209 1243//1208 1231//1196
f 1233//1198 1245//1210 1244//1209 1232//1197
f 1234//1199 1246//1211 1245//1210 1233//1198
f 1235//1200 1247//1212 1246//1211 1234//1199
f 1236//1201 1248//1213 1247//1212 1235//1200
f 1226//1191 1238//1203 1248//1213 1236//1201
f 1237//1202 1249//1214 1250//1215 1238//1203
f 1239//1204 1251//1216 1249//1214 1237//1202
f 1240//1205 1252//1217 1251//1216 1239//1204
f 1241//1206 1253//1218 1252//1217 1240//1205
f 1242//1207 1254//1219 1253//1218 1241//1206
f 1243//1208 1255//1220 1254//1219 1242//1207
f 1244//1209 1256//1221 1255//1220 1243//1208
f 1245//1210 1257//1222 1256//1221 1244//1209
f 1246//1211 1258//1223 1257//1222 1245//1210
f 1247//1212 1259//1224 1258//1223 1246//1211
f 1248//1213 1260//1225 1259//1224 1247//1212
f 1238//1203 1250//1215 1260//1225 1248//1213
f 1249//1214 1261//1226 1262//1227 1250//1215
f 1251//1216 1263//1228 1261//1226 1249//1214
f 1252//1217 1264//1229 1263//1228 1251//1216
f 1253//1218 1265//1230 1264//1229 1252//1217
f 1254//1219 1266//1231 1265//1230 1253//1218
f 1255//1220 1267//1232 1266//1231 1254//1219
f 1256//1221 1268//1233 1267//1232 1255//1220
f 1257//1222 1269//1234 1268//1233 1256//1221
f 1258//1223 1270//1235 1269//1234 1257//1222
f 1259//1224 1271//1236 1270//1235 1258//1223
f 1260//1225 1272//1237 1271//1236 1259//1224
f 1250//1215 1262//1227 1272//1237 1260//1225
f 1261//1226 1273//1238 1274//1239 1262//1227
f 1263//1228 1275//1240 1273//1238 1261//1226
f 1264//1229 1276//1241 1275//1240 1263//1228
f 1265//1230 1277//1242 1276//1241 1264//1229
f 1266//1231 1278//1243 1277//1242 1265//1230
f 1267//1232 1279//1244 1278//1243 1266//1231
f 1268//1233 1280//1245 1279//1244 1267//1232
f 1269//1234 1281//1246 1280//1245 1268//1233
f 1270//1235 1282//1247 1281//1246 1269//1234
f 1271//1236 1283//1248 1282//1247 1270//1235
f 1272//1237 1284//1249 1283//1248 1271//1236
f 1262//1227 1274//1239 1284//1249 1272//1237
f 1273//1238 1285//1250 1286//1251 1274//1239
f 1275//1240 1287//1252 1285//1250 1273//1238
f 1276//1241 1288//1253 1287//1252 1275//1240
f 1277//1242 1289//1254 1288//1253 1276//1241
f 1278//1243 1290//1255 1289//1254 1277//1242
f 1279//1244 1291//1256 1290//1255 1278//1243
f 1280//1245 1292//1257 1291//1256 1279//1244
f 1281//1246 1293//1258 1292//1257 1280//1245
f 1282//1247 1294//1259 1293//1258 1281//1246
f 1283//1248 1295//1260 1294//1259 1282//1247
f 1284//1249 1296//1261 1295//1260 1283//1248
f 1274//1239 1286//1251 1296//1261 1284//1249
f 1285//1250 1297//1262 1298//1263 1286//1251
f 1287//1252 1299//1264 1297//1262 1285//1250
f 1288//1253 1300//1265 1299//1264 1287//1252
f 1289//1254 1301//1266 1300//1265 1288//1253
f 1290//1255 1302//1267 1301//1266 1289//1254
f 1291//1256 1303//1268 1302//1267 1290//1255
f 1292//1257 1304//1269 1303//1268 1291//1256
f 1293//1258 1305//1270 1304//1269 1292//1257
f 1294//1259 1306//1271 1305//1270 1293//1258
f 1295//1260 1307//1272 1306//1271 1294//1259
f 1296//1261 1308//1273 1307//1272 1295//1260
f 1286//1251 1298//1263 1308//1273 1296//1261
f 1297//1262 1309//1274 1310//1275 1298//1263
f 1299//1264 1311//1276 1309//1274 1297//1262
f 1300//1265 1312//1277 1311//1276 1299//1264
f 1301//1266 1313//1278 1312//1277 1300//1265
f 1302//1267 1314//1279 1313//1278 1301//1266
f 1303//1268 1315//1280 1314//1279 1302//1267
f 1304//1269 1316//1281 1315//1280 1303//1268
f 1305//1270 1317//1282 1316//1281 1304//1269
f 1306//1271 1318//1283 1317//1282 1305//1270
f 1307//1272 1319//1284 1318//1283 1306//1271
f 1308//1273 1320//1285 1319//1284 1307//1272
f 1298//1263 1310//1275 1320//1285 1308//1273
f 1309//1274 1321//1286 1322//1287 1310//1275
f 1311//1276 1323//1288 1321//1286 1309//1274
f 1312//1277 1324//1289 1323//1288 1311//1276
f 1313//1278 1325//1290 1324//1289 1312//1277
f 1314//1279 1326//1291 1325//1290 1313//1278
f 1315//1280 1327//1292 1326//1291 1314//1279
f 1316//1281 1328//1293 1327//1292 1315//1280
f 1317//1282 1329//1294 1328//1293 1316//1281
f 1318//1283 1330//1295 1329//1294 1317//1282
f 1319//1284 1331//1296 1330//1295 1318//1283
f 1320//1285 1332//1297 1331//1296 1319//1284
f 1310//1275 1322//1287 1332//1297 1320//1285
f 1321//1286 1333//1298 1334//1299 1322//1287
f 1323//1288 1335//1300 1333//1298 1321//1286
f 1324//1289 1336//1301 1335//1300 1323//1288
f 1325//1290 1337//1302 1336//1301 1324//1289
f 1326//1291 1338//1303 1337//1302 1325//1290
f 1327//1292 1339//1304 1338//1303 1326//1291
f 1328//1293 1340//1305 1339//1304 1327//1292
f 1329//1294 1341//1306 1340//1305 1328//1293
f 1330//1295 1342//1307 1341//1306 1329//1294
f 1331//1296 1343//1308 1342//1307 1330//1295
f 1332//1297 1344//1309 1343//1308 1331//1296
f 1322//1287 1334//1299 1344//1309 1332//1297
f 1333//1298 1345//1310 1346//1311 1334//1299
f 1335//1300 1347//1312 1345//1310 1333//1298
f 1336//1301 1348//1313 1347//1312 1335//1300
f 1337//1302 1349//1314 1348//1313 1336//1301
f 1338//1303 1350//1315 1349//1314 1337//1302
f 1339//1304 1351//1316 1350//1315 1338//1303
f 1340//1305 1352//1317 1351//1316 1339//1304
f 1341//1306 1353//1318 1352//1317 1340//1305
f 1342//1307 1354//1319 1353//1318 1341//1306
f 1343//1308 1355//1320 1354//1319 1342//1307
f 1344//1309 1356//1321 1355//1320 1343//1308
f 1334//1299 1346//1311 1356//1321 1344//1309
f 1345//1310 1357//1322 1358//1323 1346//1311
f 1347//1312 1359//1324 1357//1322 1345//1310
f 1348//1313 1360//1325 1359//1324 1347//1312
f 1349//1314 1361//1326 1360//1325 1348//1313
f 1350//1315 1362//1327 1361//1326 1349//1314
f 1351//1316 1363//1328 1362//1327 1350//1315
f 1352//1317 1364//1329 1363//1328 1351//1316
f 1353//1318 1365//1330 1364//1329 1352//1317
f 1354//1319 1366//1331 1365//1330 1353//1318
f 1355//1320 1367//1332 1366//1331 1354//1319
f 1356//1321 1368//1333 1367//1332 1355//1320
f 1346//1311 1358//1323 1368//1333 1356//1321
f 1357//1322 1369//1334 1370//1335 1358//1323
f 1359//1324 1371//1336 1369//1334 1357//1322
f 1360//1325 1372//1337 1371//1336 1359//1324
f 1361//1326 1373//1338 1372//1337 1360//1325
f 1362//1327 1374//1339 1373//1338 1361//1326
f 1363//1328 1375//1340 1374//1339 1362//1327
f 1364//1329 1376//1341 1375//1340 1363//1328
f 1365//1330 1377//1342 1376//1341 1364//1329
f 1366//1331 1378//1343 1377//1342 1365//1330
f 1367//1332 1379//1344 1378//1343 1366//1331
f 1368//1333 1380//1345 1379//1344 1367//1332
f 1358//1323 1370//1335 1380//1345 1368//1333
f 1369//1334 1381//1346 1382//1347 1370//1335
f 1371//1336 1383//1348 1381//1346 1369//1334
f 1372//1337 1384//1349 1383//1348 1371//1336
f 1373//1338 1385//1350 1384//1349 1372//1337
f 1374//1339 1386//1351 1385//1350 1373//1338
f 1375//1340 1387//1352 1386//1351 1374//1339
f 1376//1341 1388//1353 1387//1352 1375//1340
f 1377//1342 1389//1354 1388//1353 1376//1341
f 1378//1343 1390//1355 1389//1354 1377//1342
f 1379//1344 1391//1356 1390//1355 1378//1343
f 1380//1345 1392//1357 1391//1356 1379//1344
f 1370//1335 1382//1347 1392//1357 1380//1345
f 1381//1346 1393//1358 1394//1359 1382//1347
f 1383//1348 1395//1360 1393//1358 1381//1346
f 1384//1349 1396//1361 1395//1360 1383//1348
f 1385//1350 1397//1362 1396//1361 1384//1349
f 1386//1351 1398//1363 1397//1362 1385//1350
f 1387//1352 1399//1364 1398//1363 1386//1351
f 1388//1353 1400//1365 1399//1364 1387//1352
f 1389//1354 1401//1366 1400//1365 1388//1353
f 1390//1355 1402//1367 1401//1366 1389//1354
f 1391//1356 1403//1368 1402//1367 1390//1355
f 1392//1357 1404//1369 1403//1368 1391//1356
f 1382//1347 1394//1359 1404//1369 1392//1357
f 1393//1358 1405//1370 1406//1371 1394//1359
f 1395//1360 1407//1372 1405//1370 1393//1358
f 1396//1361 1408//1373 1407//1372 1395//1360
f 1397//1362 1409//1374 1408//1373 1396//1361
f 1398//1363 1410//1375 1409//1374 1397//1362
f 1399//1364 1411//1376 1410//1375 1398//1363
f 1400//1365 1412//1377 1411//1376 1399//1364
f 1401//1366 1413//1378 1412//1377 1400//1365
f 1402//1367 1414//1379 1413//1378 1401//1366
f 1403//1368 1415//1380 1414//1379 1402//1367
f 1404//1369 1416//1381 1415//1380 1403//1368
f 1394//1359 1406//1371 1416//1381 1404//1369
f 1405//1370 1417//1382 1418//1383 1406//1371
f 1407//1372 1419//1384 1417//1382 1405//1370
f 1408//1373 1420//1385 1419//1384 1407//1372
f 1409//1374 1421//1386 1420//1385 1408//1373
f 1410//1375 1422//1387 1421//1386 1409//1374
f 1411//1376 1423//1388 1422//1387 1410//1375
f 1412//1377 1424//1389 1423//1388 1411//1376
f 1413//1378 1425//1390 1424//1389 1412//1377
f 1414//1379 1426//1391 1425//1390 1413//1378
f 1415//1380 1427//1392 1426//1391 1414//1379
f 1416//1381 1428//1393 1427//1392 1415//1380
f 1406//1371 1418//1383 1428//1393 1416//1381
f 1417//1382 1429//1394 1430//1395 1418//1383
f 1419//1384 1431//1396 1429//1394 1417//1382
f 1420//1385 1432//1397 1431//1396 1419//1384
f 1421//1386 1433//1398 1432//1397 1420//1385
f 1422//1387 1434//1399 1433//1398 1421//1386
f 1423//1388 1435//1400 1434//1399 1422//1387
f 1424//1389 1436//1401 1435//1400 1423//1388
f 1425//1390 1437//1402 1436//1401 1424//1389
f 1426//1391 1438//1403 1437//1402 1425//1390
f 1427//1392 1439//1404 1438//1403 1426//1391
f 1428//1393 1440//1405 1439//1404 1427//1392
f 1418//1383 1430//1395 1440//1405 1428//1393
f 1429//1394 1441//1406 1442//1407 1430//1395
f 1431//1396 1443//1408 1441//1406 1429//1394
f 1432//1397 1444//1409 1443//1408 1431//1396
f 1433//1398 1445//1410 1444//1409 1432//1397
f 1434//1399 1446//1411 1445//1410 1433//1398
f 1435//1400 1447//1412 1446//1411 1434//1399
f 1436//1401 1448//1413 1447//1412 1435//1400
f 1437//1402 1449//1414 1448//1413 1436//1401
f 1438//1403 1450//1415 1449//1414 1437//1402
f 1439//1404 1451//1416 1450//1415 1438//1403
f 1440//1405 1452//1417 1451//1416 1439//1404
f 1430//1395 1442//1407 1452//1417 1440//1405
f 1441//1406 1453//1418 1454//1419 1442//1407
f 1443//1408 1455//1420 1453//1418 1441//1406
f 1444//1409 1456//1421 1455//1420 1443//1408
f 1445//1410 1457//1422 1456//1421 1444//1409
f 1446//1411 1458//1423 1457//1422 1445//1410
f 1447//1412 1459//1424 1458//1423 1446//1411
f 1448//1413 1460//1425 1459//1424 1447//1412
f 1449//1414 1461//1426 1460//1425 1448//1413
f 1450//1415 1462//1427 1461//1426 1449//1414
f 1451//1416 1463//1428 1462//1427 1450//1415
f 1452//1417 1464//1429 1463//1428 1451//1416
f 1442//1407 1454//1419 1464//1429 1452//1417
f 1453//1418 1465//1430 1466//1431 1454//1419
f 1455//1420 1467//1432 1465//1430 1453//1418
f 1456//1421 1468//1433 1467//1432 1455//1420
f 1457//1422 1469//1434 1468//1433 1456//1421
f 1458//1423 1470//1435 1469//1434 1457//1422
f 1459//1424 1471//1436 1470//1435 1458//1423
f 1460//1425 1472//1437 1471//1436 1459//1424
f 1461//1426 1473//1438 1472//1437 1460//1425
f 1462//1427 1474//1439 1473//1438 1461//1426
f 1463//1428 1475//1440 1474//1439 1462//1427
f 1464//1429 1476//1441 1475//1440 1463//1428
f 1454//1419 1466//1431 1476//1441 1464//1429
f 1465//1430 1477//1442 1478//1443 1466//1431
f 1467//1432 1479//1444 1477//1442 1465//1430
f 1468//1433 1480//1445 1479//1444 1467//1432
f 1469//1434 1481//1446 1480//1445 1468//1433
f 1470//1435 1482//1447 1481//1446 1469//1434
f 1471//1436 1483//1448 1482//1447 1470//1435
f 1472//1437 1484//1449 1483//1448 1471//1436
f 1473//1438 1485//1450 1484//1449 1472//1437
f 1474//1439 1486//1451 1485//1450 1473//1438
f 1475//1440 1487//1452 1486//1451 1474//1439
f 1476//1441 1488//1453 1487//1452 1475//1440
f 1466//1431 1478//1443 1488//1453 1476//1441
f 1477//1442 1489//1454 1490//1455 1478//1443
f 1479//1444 1491//1456 1489//1454 1477//1442
f 1480//1445 1492//1457 1491//1456 1479//1444
f 1481//1446 1493//1458 1492//1457 1480//1445
f 1482//1447 1494//1459 1493//1458 1481//1446
f 1483//1448 1495//1460 1494//1459 1482//1447
f 1484//1449 1496//1461 1495//1460 1483//1448
f 1485//1450 1497//1462 1496//1461 1484//1449
f 1486//1451 1498//1463 1497//1462 1485//1450
f 1487//1452 1499//1464 1498//1463 1486//1451
f 1488//1453 1500//1465 1499//1464 1487//1452
f 1478//1443 1490//1455 1500//1465 1488//1453
f 1489//1454 1501//1466 1502//1467 1490//1455
f 1491//1456 1503//1468 1501//1466 1489//1454
f 1492//1457 1504//1469 1503//1468 1491//1456
f 1493//1458 1505//1470 1504//1469 1492//1457
f 1494//1459 1506//1471 1505//1470 1493//1458
f 1495//1460 1507//1472 1506//1471 1494//1459
f 1496//1461 1508//1473 1507//1472 1495//1460
f 1497//1462 1509//1474 1508//1473 1496//1461
f 1498//1463 1510//1475 1509//1474 1497//1462
f 1499//1464 1511//1476 1510//1475 1498//1463
f 1500//1465 1512//1477 1511//1476 1499//1464
f 1490//1455 1502//1467 1512//1477 1500//1465
f 1501//1466 1513//1478 1514//1479 1502//1467
f 1503//1468 1515//1480 1513//1478 1501//1466
f 1504//1469 1516//1481 1515//1480 1503//1468
f 1505//1470 1517//1482 1516//1481 1504//1469
f 1506//1471 1518//1483 1517//1482 1505//1470
f 1507//1472 1519//1484 1518//1483 1506//1471
f 1508//1473 1520//1485 1519//1484 1507//1472
f 1509//1474 1521//1486 1520//1485 1508//1473
f 1510//1475 1522//1487 1521//1486 1509//1474
f 1511//1476 1523//1488 1522//1487 1510//1475
f 1512//1477 1524//1489 1523//1488 1511//1476
f 1502//1467 1514//1479 1524//1489 1512//1477
f 1513//1478 1525//1490 1526//1491 1514//1479
f 1515//1480 1527//1492 1525//1490 1513//1478
f 1516//1481 1528//1493 1527//1492 1515//1480
f 1517//1482 1529//1494 1528//1493 1516//1481
f 1518//1483 1530//1495 1529//1494 1517//1482
f 1519//1484 1531//1496 1530//1495 1518//1483
f 1520//1485 1532//1497 1531//1496 1519//1484
f 1521//1486 1533//1498 1532//1497 1520//1485
f 1522//1487 1534//1499 1533//1498 1521//1486
f 1523//1488 1535//1500 1534//1499 1522//1487
f 1524//1489 1536//1501 1535//1500 1523//1488
f 1514//1479 1526//1491 1536//1501 1524//1489
f 1525//1490 1537//1502 1538//1503 1526//1491
f 1527//1492 1539//1504 1537//1502 1525//1490
f 1528//1493 1540//1505 1539//1504 1527//1492
f 1529//1494 1541//1506 1540//1505 1528//1493
f 1530//1495 1542//1507 1541//1506 1529//1494
f 1531//1496 1543//1508 1542//1507 1530//1495
f 1532//1497 1544//1509 1543//1508 1531//1496
f 1533//1498 1545//1510 1544//1509 1532//1497
f 1534//1499 1546//1511 1545//1510 1533//1498
f 1535//1500 1547//1512 1546//1511 1534//1499
f 1536//1501 1548//1513 1547//1512 1535//1500
f 1526//1491 1538//1503 1548//1513 1536//1501
f 1537//1502 1549//1514 1550//1515 1538//1503
f 1539//1504 1551//1516 1549//1514 1537//1502
f 1540//1505 1552//1517 1551//1516 1539//1504
f 1541//1506 1553//1518 1552//1517 1540//1505
f 1542//1507 1554//1519 1553//1518 1541//1506
f 1543//1508 1555//1520 1554//1519 1542//1507
f 1544//1509 1556//1521 1555//1520 1543//1508
f 1545//1510 1557//1522 1556//1521 1544//1509
f 1546//1511 1558//1523 1557//1522 1545//1510
f 1547//1512 1559//1524 1558//1523 1546//1511
f 1548//1513 1560//1525 1559//1524 1547//1512
f 1538//1503 1550//1515 1560//1525 1548//1513
f 1549//1514 1561//1526 1562//1527 1550//1515
f 1551//1516 1563//1528 1561//1526 1549//1514
f 1552//1517 1564//1529 1563//1528 1551//1516
f 1553//1518 1565//1530 1564//1529 1552//1517
f 1554//1519 1566//1531 1565//1530 1553//1518
f 1555//1520 1567//1532 1566//1531 1554//1519
f 1556//1521 1568//1533 1567//1532 1555//1520
f 1557//1522 1569//1534 1568//1533 1556//1521
f 1558//1523 1570//1535 1569//1534 1557//1522
f 1559//1524 1571//1536 1570//1535 1558//1523
f 1560//1525 1572//1537 1571//1536 1559//1524
f 1550//1515 1562//1527 1572//1537 1560//1525
f 1561//1526 1573//1538 1574//1539 1562//1527
f 1563//1528 1575//1540 1573//1538 1561//1526
f 1564//1529 1576//1541 1575//1540 1563//1528
f 1565//1530 1577//1542 1576//1541 1564//1529
f 1566//1531 1578//1543 1577//1542 1565//1530
f 1567//1532 1579//1544 1578//1543 1566//1531
f 1568//1533 1580//1545 1579//1544 1567//1532
f 1569//1534 1581//1546 1580//1545 1568//1533
f 1570//1535 1582//1547 1581//1546 1569//1534
f 1571//1536 1583//1548 1582//1547 1570//1535
f 1572//1537 1584//1549 1583//1548 1571//1536
f 1562//1527 1574//1539 1584//1549 1572//1537
f 1573//1538 1585//1550 1586//1551 1574//1539
f 1575//1540 1587//1552 1585//1550 1573//1538
f 1576//1541 1588//1553 1587//1552 1575//1540
f 1577//1542 1589//1554 1588//1553 1576//1541
f 1578//1543 1590//1555 1589//1554 1577//1542
f 1579//1544 1591//1556 1590//1555 1578//1543
f 1580//1545 1592//1557 1591//1556 1579//1544
f 1581//1546 1593//1558 1592//1557 1580//1545
f 1582//1547 1594//1559 1593//1558 1581//1546
f 1583//1548 1595//1560 1594//1559 1582//1547
f 1584//1549 1596//1561 1595//1560 1583//1548
f 1574//1539 1586//1551 1596//1561 1584//1549
f 1585//1550 1597//1562 1598//1563 1586//1551
f 1587//1552 1599//1564 1597//1562 1585//1550
f 1588//1553 1600//1565 1599//1564 1587//1552
f 1589//1554 1601//1566 1600//1565 1588//1553
f 1590//1555 1602//1567 1601//1566 1589//1554
f 1591//1556 1603//1568 1602//1567 1590//1555
f 1592//1557 1604//1569 1603//1568 1591//1556
f 1593//1558 1605//1570 1604//1569 1592//1557
f 1594//1559 1606//1571 1605//1570 1593//1558
f 1595//1560 1607//1572 1606//1571 1594//1559
f 1596//1561 1608//1573 1607//1572 1595//1560
f 1586//1551 1598//1563 1608//1573 1596//1561
f 1597//1562 1609//1574 1610//1575 1598//1563
f 1599//1564 1611//1576 1609//1574 1597//1562
f 1600//1565 1612//1577 1611//1576 1599//1564
f 1601//1566 1613//1578 1612//1577 1600//1565
f 1602//1567 1614//1579 1613//1578 1601//1566
f 1603//1568 1615//1580 1614//1579 1602//1567
f 1604//1569 1616//1581 1615//1580 1603//1568
f 1605//1570 1617//1582 1616//1581 1604//1569
f 1606//1571 1618//1583 1617//1582 1605//1570
f 1607//1572 1619//1584 1618//1583 1606//1571
f 1608//1573 1620//1585 1619//1584 1607//1572
f 1598//1563 1610//1575 1620//1585 1608//1573
f 1609//1574 1621//1586 1622//1587 1610//1575
f 1611//1576 1623//1588 1621//1586 1609//1574
f 1612//1577 1624//1589 1623//1588 1611//1576
f 1613//1578 1625//1590 1624//1589 1612//1577
f 1614//1579 1626//1591 1625//1590 1613//1578
f 1615//1580 1627//1592 1626//1591 1614//1579
f 1616//1581 1628//1593 1627//1592 1615//1580
f 1617//1582 1629//1594 1628//1593 1616//1581
f 1618//1583 1630//1595 1629//1594 1617//1582
f 1619//1584 1631//1596 1630//1595 1618//1583
f 1620//1585 1632//1597 1631//1596 1619//1584
f 1610//1575 1622//1587 1632//1597 1620//1585
f 1633//1598 1634//1599 1635//1600 1636//1601
f 1637//1602 1638//1603 1634//1599 1633//1598
f 1639//1604 1640//1605 1638//1603 1637//1602
f 1641//1606 1642//1607 1640//1605 1639//1604
f 1643//1608 1644//1609 1642//1607 1641//1606
f 1645//1610 1646//1611 1644//1609 1643//1608
f 1647//1612 1648//1613 1646//1611 1645//1610
f 1649//1614 1650//1615 1648//1613 1647//1612
f 1651//1616 1652//1617 1650//1615 1649//1614
f 1653//1618 1654//1619 1652//1617 1651//1616
f 1655//1620 1656//1621 1654//1619 1653//1618
f 1636//1601 1635//1600 1656//1621 1655//1620
f 1634//1599 1657//1622 1658//1623 1635//1600
f 1638//1603 1659//1624 1657//1622 1634//1599
f 1640//1605 1660//1625 1659//1624 1638//1603
f 1642//1607 1661//1626 1660//1625 1640//1605
f 1644//1609 1662//1627 1661//1626 1642//1607
f 1646//1611 1663//1628 1662//1627 1644//1609
f 1648//1613 1664//1629 1663//1628 1646//1611
f 1650//1615 1665//1630 1664//1629 1648//1613
f 1652//1617 1666//1631 1665//1630 1650//1615
f 1654//1619 1667//1632 1666//1631 1652//1617
f 1656//1621 1668//1633 1667//1632 1654//1619
f 1635//1600 1658//1623 1668//1633 1656//1621
f 1657//1622 1669//1634 1670//1635 1658//1623
f 1659//1624 1671//1636 1669//1634 1657//1622
f 1660//1625 1672//1637 1671//1636 1659//1624
f 1661//1626 1673//1638 1672//1637 1660//1625
f 1662//1627 1674//1639 1673//1638 1661//1626
f 1663//1628 1675//1640 1674//1639 1662//1627
f 1664//1629 1676//1641 1675//1640 1663//1628
f 1665//1630 1677//1642 1676//1641 1664//1629
f 1666//1631 1678//1643 1677//1642 1665//1630
f 1667//1632 1679//1644 1678//1643 1666//1631
f 1668//1633 1680//1645 1679//1644 1667//1632
f 1658//1623 1670//1635 1680//1645 1668//1633
f 1669//1634 1681//1646 1682//1647 1670//1635
f 1671//1636 1683//1648 1681//1646 1669//1634
f 1672//1637 1684//1649 1683//1648 1671//1636
f 1673//1638 1685//1650 1684//1649 1672//1637
f 1674//1639 1686//1651 1685//1650 1673//1638
f 1675//1640 1687//1652 1686//1651 1674//1639
f 1676//1641 1688//1653 1687//1652 1675//1640
f 1677//1642 1689//1654 1688//1653 1676//1641
f 1678//1643 1690//1655 1689//1654 1677//1642
f 1679//1644 1691//1656 1690//1655 1678//1643
f 1680//1645 1692//1657 1691//1656 1679//1644
f 1670//1635 1682//1647 1692//1657 1680//1645
f 1681//1646 1693//1658 1694//1659 1682//1647
f 1683//1648 1695//1660 1693//1658 1681//1646
f 1684//1649 1696//1661 1695//1660 1683//1648
f 1685//1650 1697//1662 1696//1661 1684//1649
f 1686//1651 1698//1663 1697//1662 1685//1650
f 1687//1652 1699//1664 1698//1663 1686//1651
f 1688//1653 1700//1665 1699//1664 1687//1652
f 1689//1654 1701//1666 1700//1665 1688//1653
f 1690//1655 1702//1667 1701//1666 1689//1654
f 1691//1656 1703//1668 1702//1667 1690//1655
f 1692//1657 1704//1669 1703//1668 1691//1656
f 1682//1647 1694//1659 1704//1669 1692//1657
f 1693//1658 1705//1670 1706//1671 1694//1659
f 1695//1660 1707//1672 1705//1670 1693//1658
f 1696//1661 1708//1673 1707//1672 1695//1660
f 1697//1662 1709//1674 1708//1673 1696//1661
f 1698//1663 1710//1675 1709//1674 1697//1662
f 1699//1664 1711//1676 1710//1675 1698//1663
f 1700//1665 1712//1677 1711//1676 1699//1664
f 1701//1666 1713//1678 1712//1677 1700//1665
f 1702//1667 1714//1679 1713//1678 1701//1666
f 1703//1668 1715//1680 1714//1679 1702//1667
f 1704//1669 1716//1681 1715//1680 1703//1668
f 1694//1659 1706//1671 1716//1681 1704//1669
f 1705//1670 1717//1682 1718//1683 1706//1671
f 1707//1672 1719//1684 1717//1682 1705//1670
f 1708//1673 1720//1685 1719//1684 1707//1672
f 1709//1674 1721//1686 1720//1685 1708//1673
f 1710//1675 1722//1687 1721//1686 1709//1674
f 1711//1676 1723//1688 1722//1687 1710//1675
f 1712//1677 1724//1689 1723//1688 1711//1676
f 1713//1678 1725//1690 1724//1689 1712//1677
f 1714//1679 1726//1691 1725//1690 1713//1678
f 1715//1680 1727//1692 1726//1691 1714//1679
f 1716//1681 1728//1693 1727//1692 1715//1680
f 1706//1671 1718//1683 1728//1693 1716//1681
f 1717//1682 1729//1694 1730//1695 1718//1683
f 1719//1684 1731//1696 1729//1694 1717//1682
f 1720//1685 1732//1697 1731//1696 1719//1684
f 1721//1686 1733//1698 1732//1697 1720//1685
f 1722//1687 1734//1699 1733//1698 1721//1686
f 1723//1688 1735//1700 1734//1699 1722//1687
f 1724//1689 1736//1701 1735//1700 1723//1688
f 1725//1690 1737//1702 1736//1701 1724//1689
f 1726//1691 1738//1703 1737//1702 1725//1690
f 1727//1692 1739//1704 1738//1703 1726//1691
f 1728//1693 1740//1705 1739//1704 1727//1692
f 1718//1683 1730//1695 1740//1705 1728//1693
f 1729//1694 1741//1706 1742//1707 1730//1695
f 1731//1696 1743//1708 1741//1706 1729//1694
f 1732//1697 1744//1709 1743//1708 1731//1696
f 1733//1698 1745//1710 1744//1709 1732//1697
f 1734//1699 1746//1711 1745//1710 1733//1698
f 1735//1700 1747//1712 1746//1711 1734//1699
f 1736//1701 1748//1713 1747//1712 1735//1700
f 1737//1702 1749//1714 1748//1713 1736//1701
f 1738//1703 1750//1715 1749//1714 1737//1702
f 1739//1704 1751//1716 1750//1715 1738//1703
f 1740//1705 1752//1717 1751//1716 1739//1704
f 1730//1695 1742//1707 1752//1717 1740//1705
f 1741//1706 1753//1718 1754//1719 1742//1707
f 1743//1708 1755//1720 1753//1718 1741//1706
f 1744//1709 1756//1721 1755//1720 1743//1708
f 1745//1710 1757//1722 1756//1721 1744//1709
f 1746//1711 1758//1723 1757//1722 1745//1710
f 1747//1712 1759//1724 1758//1723 1746//1711
f 1748//1713 1760//1725 1759//1724 1747//1712
f 1749//1714 1761//1726 1760//1725 1748//1713
f 1750//1715 1762//1727 1761//1726 1749//1714
f 1751//1716 1763//1728 1762//1727 1750//1715
f 1752//1717 1764//1729 1763//1728 1751//1716
f 1742//1707 1754//1719 1764//1729 1752//1717
f 1753//1718 1765//1730 1766//1731 1754//1719
f 1755//1720 1767//1732 1765//1730 1753//1718
f 1756//1721 1768//1733 1767//1732 1755//1720
f 1757//1722 1769//1734 1768//1733 1756//1721
f 1758//1723 1770//1735 1769//1734 1757//1722
f 1759//1724 1771//1736 1770//1735 1758//1723
f 1760//1725 1772//1737 1771//1736 1759//1724
f 1761//1726 1773//1738 1772//1737 1760//1725
f 1762//1727 1774//1739 1773//1738 1761//1726
f 1763//1728 1775//1740 1774//1739 1762//1727
f 1764//1729 1776//1741 1775//1740 1763//1728
f 1754//1719 1766//1731 1776//1741 1764//1729
f 1765//1730 1777//1742 1778//1743 1766//1731
f 1767//1732 1779//1744 1777//1742 1765//1730
f 1768//1733 1780//1745 1779//1744 1767//1732
f 1769//1734 1781//1746 1780//1745 1768//1733
f 1770//1735 1782//1747 1781//1746 1769//1734
f 1771//1736 1783//1748 1782//1747 1770//1735
f 1772//1737 1784//1749 1783//1748 1771//1736
f 1773//1738 1785//1750 1784//1749 1772//1737
f 1774//1739 1786//1751 1785//1750 1773//1738
f 1775//1740 1787//1752 1786//1751 1774//1739
f 1776//1741 1788//1753 1787//1752 1775//1740
f 1766//1731 1778//1743 1788//1753 1776//1741
f 1777//1742 1789//1754 1790//1755 1778//1743
f 1779//1744 1791//1756 1789//1754 1777//1742
f 1780//1745 1792//1757 1791//1756 1779//1744
f 1781//1746 1793//1758 1792//1757 1780//1745
f 1782//1747 1794//1759 1793//1758 1781//1746
f 1783//1748 1795//1760 1794//1759 1782//1747
f 1784//1749 1796//1761 1795//1760 1783//1748
f 1785//1750 1797//1762 1796//1761 1784//1749
f 1786//1751 1798//1763 1797//1762 1785//1750
f 1787//1752 1799//1764 1798//1763 1786//1751
f 1788//1753 1800//1765 1799//1764 1787//1752
f 1778//1743 1790//1755 1800//1765 1788//1753
f 1789//1754 1801//1766 1802//1767 1790//1755
f 1791//1756 1803//1768 1801//1766 1789//1754
f 1792//1757 1804//1769 1803//1768 1791//1756
f 1793//1758 1805//1770 1804//1769 1792//1757
f 1794//1759 1806//1771 1805//1770 1793//1758
f 1795//1760 1807//1772 1806//1771 1794//1759
f 1796//1761 1808//1773 1807//1772 1795//1760
f 1797//1762 1809//1774 1808//1773 1796//1761
f 1798//1763 1810//1775 1809//1774 1797//1762
f 1799//1764 1811//1776 1810//1775 1798//1763
f 1800//1765 1812//1777 1811//1776 1799//1764
f 1790//1755 1802//1767 1812//1777 1800//1765
f 1801//1766 1813//1778 1814//1779 1802//1767
f 1803//1768 1815//1780 1813//1778 1801//1766
f 1804//1769 1816//1781 1815//1780 1803//1768
f 1805//1770 1817//1782 1816//1781 1804//1769
f 1806//1771 1818//1783 1817//1782 1805//1770
f 1807//1772 1819//1784 1818//1783 1806//1771
f 1808//1773 1820//1785 1819//1784 1807//1772
f 1809//1774 1821//1786 1820//1785 1808//1773
f 1810//1775 1822//1787 1821//1786 1809//1774
f 1811//1776 1823//1788 1822//1787 1810//1775
f 1812//1777 1824//1789 1823//1788 1811//1776
f 1802//1767 1814//1779 1824//1789 1812//1777
f 1813//1778 1825//1790 1826//1791 1814//1779
f 1815//1780 1827//1792 1825//1790 1813//1778
f 1816//1781 1828//1793 1827//1792 1815//1780
f 1817//1782 1829//1794 1828//1793 1816//1781
f 1818//1783 1830//1795 1829//1794 1817//1782
f 1819//1784 1831//1796 1830//1795 1818//1783
f 1820//1785 1832//1797 1831//1796 1819//1784
f 1821//1786 1833//1798 1832//1797 1820//1785
f 1822//1787 1834//1799 1833//1798 1821//1786
f 1823//1788 1835//1800 1834//1799 1822//1787
f 1824//1789 1836//1801 1835//1800 1823//1788
f 1814//1779 1826//1791 1836//1801 1824//1789
f 1825//1790 1837//1802 1838//1803 1826//1791
f 1827//1792 1839//1804 1837//1802 1825//1790
f 1828//1793 1840//1805 1839//1804 1827//1792
f 1829//1794 1841//1806 1840//1805 1828//1793
f 1830//1795 1842//1807 1841//1806 1829//1794
f 1831//1796 1843//1808 1842//1807 1830//1795
f 1832//1797 1844//1809 1843//1808 1831//1796
f 1833//1798 1845//1810 1844//1809 1832//1797
f 1834//1799 1846//1811 1845//1810 1833//1798
f 1835//1800 1847//1812 1846//1811 1834//1799
f 1836//1801 1848//1813 1847//1812 1835//1800
f 1826//1791 1838//1803 1848//1813 1836//1801
f 1837//1802 1849//1814 1850//1815 1838//1803
f 1839//1804 1851//1816 1849//1814 1837//1802
f 1840//1805 1852//1817 1851//1816 1839//1804
f 1841//1806 1853//1818 1852//1817 1840//1805
f 1842//1807 1854//1819 1853//1818 1841//1806
f 1843//1808 1855//1820 1854//1819 1842//1807
f 1844//1809 1856//1821 1855//1820 1843//1808
f 1845//1810 1857//1822 1856//1821 1844//1809
f 1846//1811 1858//1823 1857//1822 1845//1810
f 1847//1812 1859//1824 1858//1823 1846//1811
f 1848//1813 1860//1825 1859//1824 1847//1812
f 1838//1803 1850//1815 1860//1825 1848//1813
f 1849//1814 1861//1826 1862//1827 1850//1815
f 1851//1816 1863//1828 1861//1826 1849//1814
f 1852//1817 1864//1829 1863//1828 1851//1816
f 1853//1818 1865//1830 1864//1829 1852//1817
f 1854//1819 1866//1831 1865//1830 1853//1818
f 1855//1820 1867//1832 1866//1831 1854//1819
f 1856//1821 1868//1833 1867//1832 1855//1820
f 1857//1822 1869//1834 1868//1833 1856//1821
f 1858//1823 1870//1835 1869//1834 1857//1822
f 1859//1824 1871//1836 1870//1835 1858//1823
f 1860//1825 1872//1837 1871//1836 1859//1824
f 1850//1815 1862//1827 1872//1837 1860//1825
f 1861//1826 1873//1838 1874//1839 1862//1827
f 1863//1828 1875//1840 1873//1838 1861//1826
f 1864//1829 1876//1841 1875//1840 1863//1828
f 1865//1830 1877//1842 1876//1841 1864//1829
f 1866//1831 1878//1843 1877//1842 1865//1830
f 1867//1832 1879//1844 1878//1843 1866//1831
f 1868//1833 1880//1845 1879//1844 1867//1832
f 1869//1834 1881//1846 1880//1845 1868//1833
f 1870//1835 1882//1847 1881//1846 1869//1834
f 1871//1836 1883//1848 1882//1847 1870//1835
f 1872//1837 1884//1849 1883//1848 1871//1836
f 1862//1827 1874//1839 1884//1849 1872//1837
f 1873//1838 1885//1850 1886//1851 1874//1839
f 1875//1840 1887//1852 1885//1850 1873//1838
f 1876//1841 1888//1853 1887//1852 1875//1840
f 1877//1842 1889//1854 1888//1853 1876//1841
f 1878//1843 1890//1855 1889//1854 1877//1842
f 1879//1844 1891//1856 1890//1855 1878//1843
f 1880//1845 1892//1857 1891//1856 1879//1844
f 1881//1846 1893//1858 1892//1857 1880//1845
f 1882//1847 1894//1859 1893//1858 1881//1846
f 1883//1848 1895//1860 1894//1859 1882//1847
f 1884//1849 1896//1861 1895//1860 1883//1848
f 1874//1839 1886//1851 1896//1861 1884//1849
f 1885//1850 1897//1862 1898//1863 1886//1851
f 1887//1852 1899//1864 1897//1862 1885//1850
f 1888//1853 1900//1865 1899//1864 1887//1852
f 1889//1854 1901//1866 1900//1865 1888//1853
f 1890//1855 1902//1867 1901//1866 1889//1854
f 1891//1856 1903//1868 1902//1867 1890//1855
f 1892//1857 1904//1869 1903//1868 1891//1856
f 1893//1858 1905//1870 1904//1869 1892//1857
f 1894//1859 1906//1871 1905//1870 1893//1858
f 1895//1860 1907//1872 1906//1871 1894//1859
f 1896//1861 1908//1873 1907//1872 1895//1860
f 1886//1851 1898//1863 1908//1873 1896//1861
f 1897//1862 1909//1874 1910//1875 1898//1863
f 1899//1864 1911//1876 1909//1874 1897//1862
f 1900//1865 1912//1877 1911//1876 1899//1864
f 1901//1866 1913//1878 1912//1877 1900//1865
f 1902//1867 1914//1879 1913//1878 1901//1866
f 1903//1868 1915//1880 1914//1879 1902//1867
f 1904//1869 1916//1881 1915//1880 1903//1868
f 1905//1870 1917//1882 1916//1881 1904//1869
f 1906//1871 1918//1883 1917//1882 1905//1870
f 1907//1872 1919//1884 1918//1883 1906//1871
f 1908//1873 1920//1885 1919//1884 1907//1872
f 1898//1863 1910//1875 1920//1885 1908//1873
f 1909//1874 1921//1886 1922//1887 1910//1875
f 1911//1876 1923//1888 1921//1886 1909//1874
f 1912//1877 1924//1889 1923//1888 1911//1876
f 1913//1878 1925//1890 1924//1889 1912//1877
f 1914//1879 1926//1891 1925//1890 1913//1878
f 1915//1880 1927//1892 1926//1891 1914//1879
f 1916//1881 1928//1893 1927//1892 1915//1880
f 1917//1882 1929//1894 1928//1893 1916//1881
f 1918//1883 1930//1895 1929//1894 1917//1882
f 1919//1884 1931//1896 1930//1895 1918//1883
f 1920//1885 1932//1897 1931//1896 1919//1884
f 1910//1875 1922//1887 1932//1897 1920//1885
f 1921//1886 1933//1898 1934//1899 1922//1887
f 1923//1888 1935//1900 1933//1898 1921//1886
f 1924//1889 1936//1901 1935//1900 1923//1888
f 1925//1890 1937//1902 1936//1901 1924//1889
f 1926//1891 1938//1903 1937//1902 1925//1890
f 1927//1892 1939//1904 1938//1903 1926//1891
f 1928//1893 1940//1905 1939//1904 1927//1892
f 1929//1894 1941//1906 1940//1905 1928//1893
f 1930//1895 1942//1907 1941//1906 1929//1894
f 1931//1896 1943//1908 1942//1907 1930//1895
f 1932//1897 1944//1909 1943//1908 1931//1896
f 1922//1887 1934//1899 1944//1909 1932//1897
f 1933//1898 1945//1910 1946//1911 1934//1899
f 1935//1900 1947//1912 1945//1910 1933//1898
f 1936//1901 1948//1913 1947//1912 1935//1900
f 1937//1902 1949//1914 1948//1913 1936//1901
f 1938//1903 1950//1915 1949//1914 1937//1902
f 1939//1904 1951//1916 1950//1915 1938//1903
f 1940//1905 1952//1917 1951//1916 1939//1904
f 1941//1906 1953//1918 1952//1917 1940//1905
f 1942//1907 1954//1919 1953//1918 1941//1906
f 1943//1908 1955//1920 1954//1919 1942//1907
f 1944//1909 1956//1921 1955//1920 1943//1908
f 1934//1899 1946//1911 1956//1921 1944//1909
f 1945//1910 1957//1922 1958//1923 1946//1911
f 1947//1912 1959//1924 1957//1922 1945//1910
f 1948//1913 1960//1925 1959//1924 1947//1912
f 1949//1914 1961//1926 1960//1925 1948//1913
f 1950//1915 1962//1927 1961//1926 1949//1914
f 1951//1916 1963//1928 1962//1927 1950//1915
f 1952//1917 1964//1929 1963//1928 1951//1916
f 1953//1918 1965//1930 1964//1929 1952//1917
f 1954//1919 1966//1931 1965//1930 1953//1918
f 1955//1920 1967//1932 1966//1931 1954//1919
f 1956//1921 1968//1933 1967//1932 1955//1920
f 1946//1911 1958//1923 1968//1933 1956//1921
f 1957//1922 1969//1934 1970//1935 1958//1923
f 1959//1924 1971//1936 1969//1934 1957//1922
f 1960//1925 1972//1937 1971//1936 1959//1924
f 1961//1926 1973//1938 1972//1937 1960//1925
f 1962//1927 1974//1939 1973//1938 1961//1926
f 1963//1928 1975//1940 1974//1939 1962//1927
f 1964//1929 1976//1941 1975//1940 1963//1928
f 1965//1930 1977//1942 1976//1941 1964//1929
f 1966//1931 1978//1943 1977//1942 1965//1930
f 1967//1932 1979//1944 1978//1943 1966//1931
f 1968//1933 1980//1945 1979//1944 1967//1932
f 1958//1923 1970//1935 1980//1945 1968//1933
f 1969//1934 1981//1946 1982//1947 1970//1935
f 1971//1936 1983//1948 1981//1946 1969//1934
f 1972//1937 1984//1949 1983//1948 1971//1936
f 1973//1938 1985//1950 1984//1949 1972//1937
f 1974//1939 1986//1951 1985//1950 1973//1938
f 1975//1940 1987//1952 1986//1951 1974//1939
f 1976//1941 1988//1953 1987//1952 1975//1940
f 1977//1942 1989//1954 1988//1953 1976//1941
f 1978//1943 1990//1955 1989//1954 1977//1942
f 1979//1944 1991//1956 1990//1955 1978//1943
f 1980//1945 1992//1957 1991//1956 1979//1944
f 1970//1935 1982//1947 1992//1957 1980//1945
f 1981//1946 1993//1958 1994//1959 1982//1947
f 1983//1948 1995//1960 1993//1958 1981//1946
f 1984//1949 1996//1961 1995//1960 1983//1948
f 1985//1950 1997//1962 1996//1961 1984//1949
f 1986//1951 1998//1963 1997//1962 1985//1950
f 1987//1952 1999//1964 1998//1963 1986//1951
f 1988//1953 2000//1965 1999//1964 1987//1952
f 1989//1954 2001//1966 2000//1965 1988//1953
f 1990//1955 2002//1967 2001//1966 1989//1954
f 1991//1956 2003//1968 2002//1967 1990//1955
f 1992//1957 2004//1969 2003//1968 1991//1956
f 1982//1947 1994//1959 2004//1969 1992//1957
f 1993//1958 2005//1970 2006//1971 1994//1959
f 1995//1960 2007//1972 2005//1970 1993//1958
f 1996//1961 2008//1973 2007//1972 1995//1960
f 1997//1962 2009//1974 2008//1973 1996//1961
f 1998//1963 2010//1975 2009//1974 1997//1962
f 1999//1964 2011//1976 2010//1975 1998//1963
f 2000//1965 2012//1977 2011//1976 1999//1964
f 2001//1966 2013//1978 2012//1977 2000//1965
f 2002//1967 2014//1979 2013//1978 2001//1966
f 2003//1968 2015//1980 2014//1979 2002//1967
f 2004//1969 2016//1981 2015//1980 2003//1968
f 1994//1959 2006//1971 2016//1981 2004//1969
f 2005//1970 2017//1982 2018//1983 2006//1971
f 2007//1972 2019//1984 2017//1982 2005//1970
f 2008//1973 2020//1985 2019//1984 2007//1972
f 2009//1974 2021//1986 2020//1985 2008//1973
f 2010//1975 2022//1987 2021//1986 2009//1974
f 2011//1976 2023//1988 2022//1987 2010//1975
f 2012//1977 2024//1989 2023//1988 2011//1976
f 2013//1978 2025//1990 2024//1989 2012//1977
f 2014//1979 2026//1991 2025//1990 2013//1978
f 2015//1980 2027//1992 2026//1991 2014//1979
f 2016//1981 2028//1993 2027//1992 2015//1980
f 2006//1971 2018//1983 2028//1993 2016//1981
f 2017//1982 2029//1994 2030//1995 2018//1983
f 2019//1984 2031//1996 2029//1994 2017//1982
f 2020//1985 2032//1997 2031//1996 2019//1984
f 2021//1986 2033//1998 2032//1997 2020//1985
f 2022//1987 2034//1999 2033//1998 2021//1986
f 2023//1988 2035//2000 2034//1999 2022//1987
f 2024//1989 2036//2001 2035//2000 2023//1988
f 2025//1990 2037//2002 2036//2001 2024//1989
f 2026//1991 2038//2003 2037//2002 2025//1990
f 2027//1992 2039//2004 2038//2003 2026//1991
f 2028//1993 2040//2005 2039//2004 2027//1992
f 2018//1983 2030//1995 2040//2005 2028//1993
f 2029//1994 2041//2006 2042//2007 2030//1995
f 2031//1996 2043//2008 2041//2006 2029//1994
f 2032//1997 2044//2009 2043//2008 2031//1996
f 2033//1998 2045//2010 2044//2009 2032//1997
f 2034//1999 2046//2011 2045//2010 2033//1998
f 2035//2000 2047//2012 2046//2011 2034//1999
f 2036//2001 2048//2013 2047//2012 2035//2000
f 2037//2002 2049//2014 2048//2013 2036//2001
f 2038//2003 2050//2015 2049//2014 2037//2002
f 2039//2004 2051//2016 2050//2015 2038//2003
f 2040//2005 2052//2017 2051//2016 2039//2004
f 2030//1995 2042//2007 2052//2017 2040//2005
f 2041//2006 2053//2018 2054//2019 2042//2007
f 2043//2008 2055//2020 2053//2018 2041//2006
f 2044//2009 2056//2021 2055//2020 2043//2008
f 2045//2010 2057//2022 2056//2021 2044//2009
f 2046//2011 2058//2023 2057//2022 2045//2010
f 2047//2012 2059//2024 2058//2023 2046//2011
f 2048//2013 2060//2025 2059//2024 2047//2012
f 2049//2014 2061//2026 2060//2025 2048//2013
f 2050//2015 2062//2027 2061//2026 2049//2014
f 2051//2016 2063//2028 2062//2027 2050//2015
f 2052//2017 2064//2029 2063//2028 2051//2016
f 2042//2007 2054//2019 2064//2029 2052//2017
f 2053//2018 2065//2030 2066//2031 2054//2019
f 2055//2020 2067//2032 2065//2030 2053//2018
f 2056//2021 2068//2033 2067//2032 2055//2020
f 2057//2022 2069//2034 2068//2033 2056//2021
f 2058//2023 2070//2035 2069//2034 2057//2022
f 2059//2024 2071//2036 2070//2035 2058//2023
f 2060//2025 2072//2037 2071//2036 2059//2024
f 2061//2026 2073//2038 2072//2037 2060//2025
f 2062//2027 2074//2039 2073//2038 2061//2026
f 2063//2028 2075//2040 2074//2039 2062//2027
f 2064//2029 2076//2041 2075//2040 2063//2028
f 2054//2019 2066//2031 2076//2041 2064//2029
f 2065//2030 2077//2042 2078//2043 2066//2031
f 2067//2032 2079//2044 2077//2042 2065//2030
f 2068//2033 2080//2045 2079//2044 2067//2032
f 2069//2034 2081//2046 2080//2045 2068//2033
f 2070//2035 2082//2047 2081//2046 2069//2034
f 2071//2036 2083//2048 2082//2047 2070//2035
f 2072//2037 2084//2049 2083//2048 2071//2036
f 2073//2038 2085//2050 2084//2049 2072//2037
f 2074//2039 2086//2051 2085//2050 2073//2038
f 2075//2040 2087//2052 2086//2051 2074//2039
f 2076//2041 2088//2053 2087//2052 2075//2040
f 2066//2031 2078//2043 2088//2053 2076//2041
f 2077//2042 2089//2054 2090//2055 2078//2043
f 2079//2044 2091//2056 2089//2054 2077//2042
f 2080//2045 2092//2057 2091//2056 2079//2044
f 2081//2046 2093//2058 2092//2057 2080//2045
f 2082//2047 2094//2059 2093//2058 2081//2046
f 2083//2048 2095//2060 2094//2059 2082//2047
f 2084//2049 2096//2061 2095//2060 2083//2048
f 2085//2050 2097//2062 2096//2061 2084//2049
f 2086//2051 2098//2063 2097//2062 2085//2050
f 2087//2052 2099//2064 2098//2063 2086//2051
f 2088//2053 2100//2065 2099//2064 2087//2052
f 2078//2043 2090//2055 2100//2065 2088//2053
f 2089//2054 2101//2066 2102//2067 2090//2055
f 2091//2056 2103//2068 2101//2066 2089//2054
f 2092//2057 2104//2069 2103//2068 2091//2056
f 2093//2058 2105//2070 2104//2069 2092//2057
f 2094//2059 2106//2071 2105//2070 2093//2058
f 2095//2060 2107//2072 2106//2071 2094//2059
f 2096//2061 2108//2073 2107//2072 2095//2060
f 2097//2062 2109//2074 2108//2073 2096//2061
f 2098//2063 2110//2075 2109//2074 2097//2062
f 2099//2064 2111//2076 2110//2075 2098//2063
f 2100//2065 2112//2077 2111//2076 2099//2064
f 2090//2055 2102//2067 2112//2077 2100//2065
f 2101//2066 2113//2078 2114//2079 2102//2067
f 2103//2068 2115//2080 2113//2078 2101//2066
f 2104//2069 2116//2081 2115//2080 2103//2068
f 2105//2070 2117//2082 2116//2081 2104//2069
f 2106//2071 2118//2083 2117//2082 2105//2070
f 2107//2072 2119//2084 2118//2083 2106//2071
f 2108//2073 2120//2085 2119//2084 2107//2072
f 2109//2074 2121//2086 2120//2085 2108//2073
f 2110//2075 2122//2087 2121//2086 2109//2074
f 2111//2076 2123//2088 2122//2087 2110//2075
f 2112//2077 2124//2089 2123//2088 2111//2076
f 2102//2067 2114//2079 2124//2089 2112//2077
f 2113//2078 2125//2090 2126//2091 2114//2079
f 2115//2080 2127//2092 2125//2090 2113//2078
f 2116//2081 2128//2093 2127//2092 2115//2080
f 2117//2082 2129//2094 2128//2093 2116//2081
f 2118//2083 2130//2095 2129//2094 2117//2082
f 2119//2084 2131//2096 2130//2095 2118//2083
f 2120//2085 2132//2097 2131//2096 2119//2084
f 2121//2086 2133//2098 2132//2097 2120//2085
f 2122//2087 2134//2099 2133//2098 2121//2086
f 2123//2088 2135//2100 2134//2099 2122//2087
f 2124//2089 2136//2101 2135//2100 2123//2088
f 2114//2079 2126//2091 2136//2101 2124//2089
f 2125//2090 2137//2102 2138//2103 2126//2091
f 2127//2092 2139//2104 2137//2102 2125//2090
f 2128//2093 2140//2105 2139//2104 2127//2092
f 2129//2094 2141//2106 2140//2105 2128//2093
f 2130//2095 2142//2107 2141//2106 2129//2094
f 2131//2096 2143//2108 2142//2107 2130//2095
f 2132//2097 2144//2109 2143//2108 2131//2096
f 2133//2098 2145//2110 2144//2109 2132//2097
f 2134//2099 2146//2111 2145//2110 2133//2098
f 2135//2100 2147//2112 2146//2111 2134//2099
f 2136//2101 2148//2113 2147//2112 2135//2100
f 2126//2091 2138//2103 2148//2113 2136//2101
f 2137//2102 2149//2114 2150//2115 2138//2103
f 2139//2104 2151//2116 2149//2114 2137//2102
f 2140//2105 2152//2117 2151//2116 2139//2104
f 2141//2106 2153//2118 2152//2117 2140//2105
f 2142//2107 2154//2119 2153//2118 2141//2106
f 2143//2108 2155//2120 2154//2119 2142//2107
f 2144//2109 2156//2121 2155//2120 2143//2108
f 2145//2110 2157//2122 2156//2121 2144//2109
f 2146//2111 2158//2123 2157//2122 2145//2110
f 2147//2112 2159//2124 2158//2123 2146//2111
f 2148//2113 2160//2125 2159//2124 2147//2112
f 2138//2103 2150//2115 2160//2125 2148//2113
f 2149//2114 2161//2126 2162//2127 2150//2115
f 2151//2116 2163//2128 2161//2126 2149//2114
f 2152//2117 2164//2129 2163//2128 2151//2116
f 2153//2118 2165//2130 2164//2129 2152//2117
f 2154//2119 2166//2131 2165//2130 2153//2118
f 2155//2120 2167//2132 2166//2131 2154//2119
f 2156//2121 2168//2133 2167//2132 2155//2120
f 2157//2122 2169//2134 2168//2133 2156//2121
f 2158//2123 2170//2135 2169//2134 2157//2122
f 2159//2124 2171//2136 2170//2135 2158//2123
f 2160//2125 2172//2137 2171//2136 2159//2124
f 2150//2115 2162//2127 2172//2137 2160//2125
f 2161//2126 2173//2138 2174//2139 2162//2127
f 2163//2128 2175//2140 2173//2138 2161//2126
f 2164//2129 2176//2141 2175//2140 2163//2128
f 2165//2130 2177//2142 2176//2141 2164//2129
f 2166//2131 2178//2143 2177//2142 2165//2130
f 2167//2132 2179//2144 2178//2143 2166//2131
f 2168//2133 2180//2145 2179//2144 2167//2132
f 2169//2134 2181//2146 2180//2145 2168//2133
f 2170//2135 2182//2147 2181//2146 2169//2134
f 2171//2136 2183//2148 2182//2147 2170//2135
f 2172//2137 2184//2149 2183//2148 2171//2136
f 2162//2127 2174//2139 2184//2149 2172//2137
f 2173//2138 2185//2150 2186//2151 2174//2139
f 2175//2140 2187//2152 2185//2150 2173//2138
f 2176//2141 2188//2153 2187//2152 2175//2140
f 2177//2142 2189//2154 2188//2153 2176//2141
f 2178//2143 2190//2155 2189//2154 2177//2142
f 2179//2144 2191//2156 2190//2155 2178//2143
f 2180//2145 2192//2157 2191//2156 2179//2144
f 2181//2146 2193//2158 2192//2157 2180//2145
f 2182//2147 2194//2159 2193//2158 2181//2146
f 2183//2148 2195//2160 2194//2159 2182//2147
f 2184//2149 2196//2161 2195//2160 2183//2148
f 2174//2139 2186//2151 2196//2161 2184//2149
f 2185//2150 2197//2162 2198//2163 2186//2151
f 2187//2152 2199//2164 2197//2162 2185//2150
f 2188//2153 2200//2165 2199//2164 2187//2152
f 2189//2154 2201//2166 2200//2165 2188//2153
f 2190//2155 2202//2167 2201//2166 2189//2154
f 2191//2156 2203//2168 2202//2167 2190//2155
f 2192//2157 2204//2169 2203//2168 2191//2156
f 2193//2158 2205//2170 2204//2169 2192//2157
f 2194//2159 2206//2171 2205//2170 2193//2158
f 2195//2160 2207//2172 2206//2171 2194//2159
f 2196//2161 2208//2173 2207//2172 2195//2160
f 2186//2151 2198//2163 2208//2173 2196//2161
f 2197//2162 2209//2174 2210//2175 2198//2163
f 2199//2164 2211//2176 2209//2174 2197//2162
f 2200//2165 2212//2177 2211//2176 2199//2164
f 2201//2166 2213//2178 2212//2177 2200//2165
f 2202//2167 2214//2179 2213//2178 2201//2166
f 2203//2168 2215//2180 2214//2179 2202//2167
f 2204//2169 2216//2181 2215//2180 2203//2168
f 2205//2170 2217//2182 2216//2181 2204//2169
f 2206//2171 2218//2183 2217//2182 2205//2170
f 2207//2172 2219//2184 2218//2183 2206//2171
f 2208//2173 2220//2185 2219//2184 2207//2172
f 2198//2163 2210//2175 2220//2185 2208//2173
f 2221//2186 2222//2187 2223//2188 2224//2189
f 2225//2190 2226//2191 2222//2187 2221//2186
f 2227//2192 2228//2193 2226//2191 2225//2190
f 2229//2194 2230//2195 2228//2193 2227//2192
f 2231//2196 2232//2197 2230//2195 2229//2194
f 2233//2198 2234//2199 2232//2197 2231//2196
f 2235//2200 2236//2201 2234//2199 2233//2198
f 2237//2202 2238//2203 2236//2201 2235//2200
f 2239//2204 2240//2205 2238//2203 2237//2202
f 2241//2206 2242//2207 2240//2205 2239//2204
f 2243//2208 2244//2209 2242//2207 2241//2206
f 2224//2189 2223//2188 2244//2209 2243//2208
f 2222//2187 2245//2210 2246//2211 2223//2188
f 2226//2191 2247//2212 2245//2210 2222//2187
f 2228//2193 2248//2213 2247//2212 2226//2191
f 2230//2195 2249//2214 2248//2213 2228//2193
f 2232//2197 2250//2215 2249//2214 2230//2195
f 2234//2199 2251//2216 2250//2215 2232//2197
f 2236//2201 2252//2217 2251//2216 2234//2199
f 2238//2203 2253//2218 2252//2217 2236//2201
f 2240//2205 2254//2219 2253//2218 2238//2203
f 2242//2207 2255//2220 2254//2219 2240//2205
f 2244//2209 2256//2221 2255//2220 2242//2207
f 2223//2188 2246//2211 2256//2221 2244//2209
f 2245//2210 2257//2222 2258//2223 2246//2211
f 2247//2212 2259//2224 2257//2222 2245//2210
f 2248//2213 2260//2225 2259//2224 2247//2212
f 2249//2214 2261//2226 2260//2225 2248//2213
f 2250//2215 2262//2227 2261//2226 2249//2214
f 2251//2216 2263//2228 2262//2227 2250//2215
f 2252//2217 2264//2229 2263//2228 2251//2216
f 2253//2218 2265//2230 2264//2229 2252//2217
f 2254//2219 2266//2231 2265//2230 2253//2218
f 2255//2220 2267//2232 2266//2231 2254//2219
f 2256//2221 2268//2233 2267//2232 2255//2220
f 2246//2211 2258//2223 2268//2233 2256//2221
f 2257//2222 2269//2234 2270//2235 2258//2223
f 2259//2224 2271//2236 2269//2234 2257//2222
f 2260//2225 2272//2237 2271//2236 2259//2224
f 2261//2226 2273//2238 2272//2237 2260//2225
f 2262//2227 2274//2239 2273//2238 2261//2226
f 2263//2228 2275//2240 2274//2239 2262//2227
f 2264//2229 2276//2241 2275//2240 2263//2228
f 2265//2230 2277//2242 2276//2241 2264//2229
f 2266//2231 2278//2243 2277//2242 2265//2230
f 2267//2232 2279//2244 2278//2243 2266//2231
f 2268//2233 2280//2245 2279//2244 2267//2232
f 2258//2223 2270//2235 2280//2245 2268//2233
f 2269//2234 2281//2246 2282//2247 2270//2235
f 2271//2236 2283//2248 2281//2246 2269//2234
f 2272//2237 2284//2249 2283//2248 2271//2236
f 2273//2238 2285//2250 2284//2249 2272//2237
f 2274//2239 2286//2251 2285//2250 2273//2238
f 2275//2240 2287//2252 2286//2251 2274//2239
f 2276//2241 2288//2253 2287//2252 2275//2240
f 2277//2242 2289//2254 2288//2253 2276//2241
f 2278//2243 2290//2255 2289//2254 2277//2242
f 2279//2244 2291//2256 2290//2255 2278//2243
f 2280//2245 2292//2257 2291//2256 2279//2244
f 2270//2235 2282//2247 2292//2257 2280//2245
f 2281//2246 2293//2258 2294//2259 2282//2247
f 2283//2248 2295//2260 2293//2258 2281//2246
f 2284//2249 2296//2261 2295//2260 2283//2248
f 2285//2250 2297//2262 2296//2261 2284//2249
f 2286//2251 2298//2263 2297//2262 2285//2250
f 2287//2252 2299//2264 2298//2263 2286//2251
f 2288//2253 2300//2265 2299//2264 2287//2252
f 2289//2254 2301//2266 2300//2265 2288//2253
f 2290//2255 2302//2267 2301//2266 2289//2254
f 2291//2256 2303//2268 2302//2267 2290//2255
f 2292//2257 2304//2269 2303//2268 2291//2256
f 2282//2247 2294//2259 2304//2269 2292//2257
f 2293//2258 2305//2270 2306//2271 2294//2259
f 2295//2260 2307//2272 2305//2270 2293//2258
f 2296//2261 2308//2273 2307//2272 2295//2260
f 2297//2262 2309//2274 2308//2273 2296//2261
f 2298//2263 2310//2275 2309//2274 2297//2262
f 2299//2264 2311//2276 2310//2275 2298//2263
f 2300//2265 2312//2277 2311//2276 2299//2264
f 2301//2266 2313//2278 2312//2277 2300//2265
f 2302//2267 2314//2279 2313//2278 2301//2266
f 2303//2268 2315//2280 2314//2279 2302//2267
f 2304//2269 2316//2281 2315//2280 2303//2268
f 2294//2259 2306//2271 2316//2281 2304//2269
f 2305//2270 2317//2282 2318//2283 2306//2271
f 2307//2272 2319//2284 2317//2282 2305//2270
f 2308//2273 2320//2285 2319//2284 2307//2272
f 2309//2274 2321//2286 2320//2285 2308//2273
f 2310//2275 2322//2287 2321//2286 2309//2274
f 2311//2276 2323//2288 2322//2287 2310//2275
f 2312//2277 2324//2289 2323//2288 2311//2276
f 2313//2278 2325//2290 2324//2289 2312//2277
f 2314//2279 2326//2291 2325//2290 2313//2278
f 2315//2280 2327//2292 2326//2291 2314//2279
f 2316//2281 2328//2293 2327//2292 2315//2280
f 2306//2271 2318//2283 2328//2293 2316//2281
f 2317//2282 2329//2294 2330//2295 2318//2283
f 2319//2284 2331//2296 2329//2294 2317//2282
f 2320//2285 2332//2297 2331//2296 2319//2284
f 2321//2286 2333//2298 2332//2297 2320//2285
f 2322//2287 2334//2299 2333//2298 2321//2286
f 2323//2288 2335//2300 2334//2299 2322//2287
f 2324//2289 2336//2301 2335//2300 2323//2288
f 2325//2290 2337//2302 2336//2301 2324//2289
f 2326//2291 2338//2303 2337//2302 2325//2290
f 2327//2292 2339//2304 2338//2303 2326//2291
f 2328//2293 2340//2305 2339//2304 2327//2292
f 2318//2283 2330//2295 2340//2305 2328//2293
f 2329//2294 2341//2306 2342//2307 2330//2295
f 2331//2296 2343//2308 2341//2306 2329//2294
f 2332//2297 2344//2309 2343//2308 2331//2296
f 2333//2298 2345//2310 2344//2309 2332//2297
f 2334//2299 2346//2311 2345//2310 2333//2298
f 2335//2300 2347//2312 2346//2311 2334//2299
f 2336//2301 2348//2313 2347//2312 2335//2300
f 2337//2302 2349//2314 2348//2313 2336//2301
f 2338//2303 2350//2315 2349//2314 2337//2302
f 2339//2304 2351//2316 2350//2315 2338//2303
f 2340//2305 2352//2317 2351//2316 2339//2304
f 2330//2295 2342//2307 2352//2317 2340//2305
f 2341//2306 2353//2318 2354//2319 2342//2307
f 2343//2308 2355//2320 2353//2318 2341//2306
f 2344//2309 2356//2321 2355//2320 2343//2308
f 2345//2310 2357//2322 2356//2321 2344//2309
f 2346//2311 2358//2323 2357//2322 2345//2310
f 2347//2312 2359//2324 2358//2323 2346//2311
f 2348//2313 2360//2325 2359//2324 2347//2312
f 2349//2314 2361//2326 2360//2325 2348//2313
f 2350//2315 2362//2327 2361//2326 2349//2314
f 2351//2316 2363//2328 2362//2327 2350//2315
f 2352//2317 2364//2329 2363//2328 2351//2316
f 2342//2307 2354//2319 2364//2329 2352//2317
f 2353//2318 2365//2330 2366//2331 2354//2319
f 2355//2320 2367//2332 2365//2330 2353//2318
f 2356//2321 2368//2333 2367//2332 2355//2320
f 2357//2322 2369//2334 2368//2333 2356//2321
f 2358//2323 2370//2335 2369//2334 2357//2322
f 2359//2324 2371//2336 2370//2335 2358//2323
f 2360//2325 2372//2337 2371//2336 2359//2324
f 2361//2326 2373//2338 2372//2337 2360//2325
f 2362//2327 2374//2339 2373//2338 2361//2326
f 2363//2328 2375//2340 2374//2339 2362//2327
f 2364//2329 2376//2341 2375//2340 2363//2328
f 2354//2319 2366//2331 2376//2341 2364//2329
f 2365//2330 2377//2342 2378//2343 2366//2331
f 2367//2332 2379//2344 2377//2342 2365//2330
f 2368//2333 2380//2345 2379//2344 2367//2332
f 2369//2334 2381//2346 2380//2345 2368//2333
f 2370//2335 2382//2347 2381//2346 2369//2334
f 2371//2336 2383//2348 2382//2347 2370//2335
f 2372//2337 2384//2349 2383//2348 2371//2336
f 2373//2338 2385//2350 2384//2349 2372//2337
f 2374//2339 2386//2351 2385//2350 2373//2338
f 2375//2340 2387//2352 2386//2351 2374//2339
f 2376//2341 2388//2353 2387//2352 2375//2340
f 2366//2331 2378//2343 2388//2353 2376//2341
f 2377//2342 2389//2354 2390//2355 2378//2343
f 2379//2344 2391//2356 2389//2354 2377//2342
f 2380//2345 2392//2357 2391//2356 2379//2344
f 2381//2346 2393//2358 2392//2357 2380//2345
f 2382//2347 2394//2359 2393//2358 2381//2346
f 2383//2348 2395//2360 2394//2359 2382//2347
f 2384//2349 2396//2361 2395//2360 2383//2348
f 2385//2350 2397//2362 2396//2361 2384//2349
f 2386//2351 2398//2363 2397//2362 2385//2350
f 2387//2352 2399//2364 2398//2363 2386//2351
f 2388//2353 2400//2365 2399//2364 2387//2352
f 2378//2343 2390//2355 2400//2365 2388//2353
f 2389//2354 2401//2366 2402//2367 2390//2355
f 2391//2356 2403//2368 2401//2366 2389//2354
f 2392//2357 2404//2369 2403//2368 2391//2356
f 2393//2358 2405//2370 2404//2369 2392//2357
f 2394//2359 2406//2371 2405//2370 2393//2358
f 2395//2360 2407//2372 2406//2371 2394//2359
f 2396//2361 2408//2373 2407//2372 2395//2360
f 2397//2362 2409//2374 2408//2373 2396//2361
f 2398//2363 2410//2375 2409//2374 2397//2362
f 2399//2364 2411//2376 2410//2375 2398//2363
f 2400//2365 2412//2377 2411//2376 2399//2364
f 2390//2355 2402//2367 2412//2377 2400//2365
f 2401//2366 2413//2378 2414//2379 2402//2367
f 2403//2368 2415//2380 2413//2378 2401//2366
f 2404//2369 2416//2381 2415//2380 2403//2368
f 2405//2370 2417//2382 2416//2381 2404//2369
f 2406//2371 2418//2383 2417//2382 2405//2370
f 2407//2372 2419//2384 2418//2383 2406//2371
f 2408//2373 2420//2385 2419//2384 2407//2372
f 2409//2374 2421//2386 2420//2385 2408//2373
f 2410//2375 2422//2387 2421//2386 2409//2374
f 2411//2376 2423//2388 2422//2387 2410//2375
f 2412//2377 2424//2389 2423//2388 2411//2376
f 2402//2367 2414//2379 2424//2389 2412//2377
f 2413//2378 2425//2390 2426//2391 2414//2379
f 2415//2380 2427//2392 2425//2390 2413//2378
f 2416//2381 2428//2393 2427//2392 2415//2380
f 2417//2382 2429//2394 2428//2393 2416//2381
f 2418//2383 2430//2395 2429//2394 2417//2382
f 2419//2384 2431//2396 2430//2395 2418//2383
f 2420//2385 2432//2397 2431//2396 2419//2384
f 2421//2386 2433//2398 2432//2397 2420//2385
f 2422//2387 2434//2399 2433//2398 2421//2386
f 2423//2388 2435//2400 2434//2399 2422//2387
f 2424//2389 2436//2401 2435//2400 2423//2388
f 2414//2379 2426//2391 2436//2401 2424//2389
f 2425//2390 2437//2402 2438//2403 2426//2391
f 2427//2392 2439//2404 2437//2402 2425//2390
f 2428//2393 2440//2405 2439//2404 2427//2392
f 2429//2394 2441//2406 2440//2405 2428//2393
f 2430//2395 2442//2407 2441//2406 2429//2394
f 2431//2396 2443//2408 2442//2407 2430//2395
f 2432//2397 2444//2409 2443//2408 2431//2396
f 2433//2398 2445//2410 2444//2409 2432//2397
f 2434//2399 2446//2411 2445//2410 2433//2398
f 2435//2400 2447//2412 2446//2411 2434//2399
f 2436//2401 2448//2413 2447//2412 2435//2400
f 2426//2391 2438//2403 2448//2413 2436//2401
f 2437//2402 2449//2414 2450//2415 2438//2403
f 2439//2404 2451//2416 2449//2414 2437//2402
f 2440//2405 2452//2417 2451//2416 2439//2404
f 2441//2406 2453//2418 2452//2417 2440//2405
f 2442//2407 2454//2419 2453//2418 2441//2406
f 2443//2408 2455//2420 2454//2419 2442//2407
f 2444//2409 2456//2421 2455//2420 2443//2408
f 2445//2410 2457//2422 2456//2421 2444//2409
f 2446//2411 2458//2423 2457//2422 2445//2410
f 2447//2412 2459//2424 2458//2423 2446//2411
f 2448//2413 2460//2425 2459//2424 2447//2412
f 2438//2403 2450//2415 2460//2425 2448//2413
f 2449//2414 2461//2426 2462//2427 2450//2415
f 2451//2416 2463//2428 2461//2426 2449//2414
f 2452//2417 2464//2429 2463//2428 2451//2416
f 2453//2418 2465//2430 2464//2429 2452//2417
f 2454//2419 2466//2431 2465//2430 2453//2418
f 2455//2420 2467//2432 2466//2431 2454//2419
f 2456//2421 2468//2433 2467//2432 2455//2420
f 2457//2422 2469//2434 2468//2433 2456//2421
f 2458//2423 2470//2435 2469//2434 2457//2422
f 2459//2424 2471//2436 2470//2435 2458//2423
f 2460//2425 2472//2437 2471//2436 2459//2424
f 2450//2415 2462//2427 2472//2437 2460//2425
f 2461//2426 2473//2438 2474//2439 2462//2427
f 2463//2428 2475//2440 2473//2438 2461//2426
f 2464//2429 2476//2441 2475//2440 2463//2428
f 2465//2430 2477//2442 2476//2441 2464//2429
f 2466//2431 2478//2443 2477//2442 2465//2430
f 2467//2432 2479//2444 2478//2443 2466//2431
f 2468//2433 2480//2445 2479//2444 2467//2432
f 2469//2434 2481//2446 2480//2445 2468//2433
f 2470//2435 2482//2447 2481//2446 2469//2434
f 2471//2436 2483//2448 2482//2447 2470//2435
f 2472//2437 2484//2449 2483//2448 2471//2436
f 2462//2427 2474//2439 2484//2449 2472//2437
f 2473//2438 2485//2450 2486//2451 2474//2439
f 2475//2440 2487//2452 2485//2450 2473//2438
f 2476//2441 2488//2453 2487//2452 2475//2440
f 2477//2442 2489//2454 2488//2453 2476//2441
f 2478//2443 2490//2455 2489//2454 2477//2442
f 2479//2444 2491//2456 2490//2455 2478//2443
f 2480//2445 2492//2457 2491//2456 2479//2444
f 2481//2446 2493//2458 2492//2457 2480//2445
f 2482//2447 2494//2459 2493//2458 2481//2446
f 2483//2448 2495//2460 2494//2459 2482//2447
f 2484//2449 2496//2461 2495//2460 2483//2448
f 2474//2439 2486//2451 2496//2461 2484//2449
f 2485//2450 2497//2462 2498//2463 2486//2451
f 2487//2452 2499//2464 2497//2462 2485//2450
f 2488//2453 2500//2465 2499//2464 2487//2452
f 2489//2454 2501//2466 2500//2465 2488//2453
f 2490//2455 2502//2467 2501//2466 2489//2454
f 2491//2456 2503//2468 2502//2467 2490//2455
f 2492//2457 2504//2469 2503//2468 2491//2456
f 2493//2458 2505//2470 2504//2469 2492//2457
f 2494//2459 2506//2471 2505//2470 2493//2458
f 2495//2460 2507//2472 2506//2471 2494//2459
f 2496//2461 2508//2473 2507//2472 2495//2460
f 2486//2451 2498//2463 2508//2473 2496//2461
f 2497//2462 2509//2474 2510//2475 2498//2463
f 2499//2464 2511//2476 2509//2474 2497//2462
f 2500//2465 2512//2477 2511//2476 2499//2464
f 2501//2466 2513//2478 2512//2477 2500//2465
f 2502//2467 2514//2479 2513//2478 2501//2466
f 2503//2468 2515//2480 2514//2479 2502//2467
f 2504//2469 2516//2481 2515//2480 2503//2468
f 2505//2470 2517//2482 2516//2481 2504//2469
f 2506//2471 2518//2483 2517//2482 2505//2470
f 2507//2472 2519//2484 2518//2483 2506//2471
f 2508//2473 2520//2485 2519//2484 2507//2472
f 2498//2463 2510//2475 2520//2485 2508//2473
f 2509//2474 2521//2486 2522//2487 2510//2475
f 2511//2476 2523//2488 2521//2486 2509//2474
f 2512//2477 2524//2489 2523//2488 2511//2476
f 2513//2478 2525//2490 2524//2489 2512//2477
f 2514//2479 2526//2491 2525//2490 2513//2478
f 2515//2480 2527//2492 2526//2491 2514//2479
f 2516//2481 2528//2493 2527//2492 2515//2480
f 2517//2482 2529//2494 2528//2493 2516//2481
f 2518//2483 2530//2495 2529//2494 2517//2482
f 2519//2484 2531//2496 2530//2495 2518//2483
f 2520//2485 2532//2497 2531//2496 2519//2484
f 2510//2475 2522//2487 2532//2497 2520//2485
f 2521//2486 2533//2498 2534//2499 2522//2487
f 2523//2488 2535//2500 2533//2498 2521//2486
f 2524//2489 2536//2501 2535//2500 2523//2488
f 2525//2490 2537//2502 2536//2501 2524//2489
f 2526//2491 2538//2503 2537//2502 2525//2490
f 2527//2492 2539//2504 2538//2503 2526//2491
f 2528//2493 2540//2505 2539//2504 2527//2492
f 2529//2494 2541//2506 2540//2505 2528//2493
f 2530//2495 2542//2507 2541//2506 2529//2494
f 2531//2496 2543//2508 2542//2507 2530//2495
f 2532//2497 2544//2509 2543//2508 2531//2496
f 2522//2487 2534//2499 2544//2509 2532//2497
f 2533//2498 2545//2510 2546//2511 2534//2499
f 2535//2500 2547//2512 2545//2510 2533//2498
f 2536//2501 2548//2513 2547//2512 2535//2500
f 2537//2502 2549//2514 2548//2513 2536//2501
f 2538//2503 2550//2515 2549//2514 2537//2502
f 2539//2504 2551//2516 2550//2515 2538//2503
f 2540//2505 2552//2517 2551//2516 2539//2504
f 2541//2506 2553//2518 2552//2517 2540//2505
f 2542//2507 2554//2519 2553//2518 2541//2506
f 2543//2508 2555//2520 2554//2519 2542//2507
f 2544//2509 2556//2521 2555//2520 2543//2508
f 2534//2499 2546//2511 2556//2521 2544//2509
f 2545//2510 2557//2522 2558//2523 2546//2511
f 2547//2512 2559//2524 2557//2522 2545//2510
f 2548//2513 2560//2525 2559//2524 2547//2512
f 2549//2514 2561//2526 2560//2525 2548//2513
f 2550//2515 2562//2527 2561//2526 2549//2514
f 2551//2516 2563//2528 2562//2527 2550//2515
f 2552//2517 2564//2529 2563//2528 2551//2516
f 2553//2518 2565//2530 2564//2529 2552//2517
f 2554//2519 2566//2531 2565//2530 2553//2518
f 2555//2520 2567//2532 2566//2531 2554//2519
f 2556//2521 2568//2533 2567//2532 2555//2520
f 2546//2511 2558//2523 2568//2533 2556//2521
f 2557//2522 2569//2534 2570//2535 2558//2523
f 2559//2524 2571//2536 2569//2534 2557//2522
f 2560//2525 2572//2537 2571//2536 2559//2524
f 2561//2526 2573//2538 2572//2537 2560//2525
f 2562//2527 2574//2539 2573//2538 2561//2526
f 2563//2528 2575//2540 2574//2539 2562//2527
f 2564//2529 2576//2541 2575//2540 2563//2528
f 2565//2530 2577//2542 2576//2541 2564//2529
f 2566//2531 2578//2543 2577//2542 2565//2530
f 2567//2532 2579//2544 2578//2543 2566//2531
f 2568//2533 2580//2545 2579//2544 2567//2532
f 2558//2523 2570//2535 2580//2545 2568//2533
f 2569//2534 2581//2546 2582//2547 2570//2535
f 2571//2536 2583//2548 2581//2546 2569//2534
f 2572//2537 2584//2549 2583//2548 2571//2536
f 2573//2538 2585//2550 2584//2549 2572//2537
f 2574//2539 2586//2551 2585//2550 2573//2538
f 2575//2540 2587//2552 2586//2551 2574//2539
f 2576//2541 2588//2553 2587//2552 2575//2540
f 2577//2542 2589//2554 2588//2553 2576//2541
f 2578//2543 2590//2555 2589//2554 2577//2542
f 2579//2544 2591//2556 2590//2555 2578//2543
f 2580//2545 2592//2557 2591//2556 2579//2544
f 2570//2535 2582//2547 2592//2557 2580//2545
f 2581//2546 2593//2558 2594//2559 2582//2547
f 2583//2548 2595//2560 2593//2558 2581//2546
f 2584//2549 2596//2561 2595//2560 2583//2548
f 2585//2550 2597//2562 2596//2561 2584//2549
f 2586//2551 2598//2563 2597//2562 2585//2550
f 2587//2552 2599//2564 2598//2563 2586//2551
f 2588//2553 2600//2565 2599//2564 2587//2552
f 2589//2554 2601//2566 2600//2565 2588//2553
f 2590//2555 2602//2567 2601//2566 2589//2554
f 2591//2556 2603//2568 2602//2567 2590//2555
f 2592//2557 2604//2569 2603//2568 2591//2556
f 2582//2547 2594//2559 2604//2569 2592//2557
f 2593//2558 2605//2570 2606//2571 2594//2559
f 2595//2560 2607//2572 2605//2570 2593//2558
f 2596//2561 2608//2573 2607//2572 2595//2560
f 2597//2562 2609//2574 2608//2573 2596//2561
f 2598//2563 2610//2575 2609//2574 2597//2562
f 2599//2564 2611//2576 2610//2575 2598//2563
f 2600//2565 2612//2577 2611//2576 2599//2564
f 2601//2566 2613//2578 2612//2577 2600//2565
f 2602//2567 2614//2579 2613//2578 2601//2566
f 2603//2568 2615//2580 2614//2579 2602//2567
f 2604//2569 2616//2581 2615//2580 2603//2568
f 2594//2559 2606//2571 2616//2581 2604//2569
f 2605//2570 2617//2582 2618//2583 2606//2571
f 2607//2572 2619//2584 2617//2582 2605//2570
f 2608//2573 2620//2585 2619//2584 2607//2572
f 2609//2574 2621//2586 2620//2585 2608//2573
f 2610//2575 2622//2587 2621//2586 2609//2574
f 2611//2576 2623//2588 2622//2587 2610//2575
f 2612//2577 2624//2589 2623//2588 2611//2576
f 2613//2578 2625//2590 2624//2589 2612//2577
f 2614//2579 2626//2591 2625//2590 2613//2578
f 2615//2580 2627//2592 2626//2591 2614//2579
f 2616//2581 2628//2593 2627//2592 2615//2580
f 2606//2571 2618//2583 2628//2593 2616//2581
f 2617//2582 2629//2594 2630//2595 2618//2583
f 2619//2584 2631//2596 2629//2594 2617//2582
f 2620//2585 2632//2597 2631//2596 2619//2584
f 2621//2586 2633//2598 2632//2597 2620//2585
f 2622//2587 2634//2599 2633//2598 2621//2586
f 2623//2588 2635//2600 2634//2599 2622//2587
f 2624//2589 2636//2601 2635//2600 2623//2588
f 2625//2590 2637//2602 2636//2601 2624//2589
f 2626//2591 2638//2603 2637//2602 2625//2590
f 2627//2592 2639//2604 2638//2603 2626//2591
f 2628//2593 2640//2605 2639//2604 2627//2592
f 2618//2583 2630//2595 2640//2605 2628//2593
f 2629//2594 2641//2606 2642//2607 2630//2595
f 2631//2596 2643//2608 2641//2606 2629//2594
f 2632//2597 2644//2609 2643//2608 2631//2596
f 2633//2598 2645//2610 2644//2609 2632//2597
f 2634//2599 2646//2611 2645//2610 2633//2598
f 2635//2600 2647//2612 2646//2611 2634//2599
f 2636//2601 2648//2613 2647//2612 2635//2600
f 2637//2602 2649//2614 2648//2613 2636//2601
f 2638//2603 2650//2615 2649//2614 2637//2602
f 2639//2604 2651//2616 2650//2615 2638//2603
f 2640//2605 2652//2617 2651//2616 2639//2604
f 2630//2595 2642//2607 2652//2617 2640//2605
f 2641//2606 2653//2618 2654//2619 2642//2607
f 2643//2608 2655//2620 2653//2618 2641//2606
f 2644//2609 2656//2621 2655//2620 2643//2608
f 2645//2610 2657//2622 2656//2621 2644//2609
f 2646//2611 2658//2623 2657//2622 2645//2610
f 2647//2612 2659//2624 2658//2623 2646//2611
f 2648//2613 2660//2625 2659//2624 2647//2612
f 2649//2614 2661//2626 2660//2625 2648//2613
f 2650//2615 2662//2627 2661//2626 2649//2614
f 2651//2616 2663//2628 2662//2627 2650//2615
f 2652//2617 2664//2629 2663//2628 2651//2616
f 2642//2607 2654//2619 2664//2629 2652//2617
f 2653//2618 2665//2630 2666//2631 2654//2619
f 2655//2620 2667//2632 2665//2630 2653//2618
f 2656//2621 2668//2633 2667//2632 2655//2620
f 2657//2622 2669//2634 2668//2633 2656//2621
f 2658//2623 2670//2635 2669//2634 2657//2622
f 2659//2624 2671//2636 2670//2635 2658//2623
f 2660//2625 2672//2637 2671//2636 2659//2624
f 2661//2626 2673//2638 2672//2637 2660//2625
f 2662//2627 2674//2639 2673//2638 2661//2626
f 2663//2628 2675//2640 2674//2639 2662//2627
f 2664//2629 2676//2641 2675//2640 2663//2628
f 2654//2619 2666//2631 2676//2641 2664//2629
f 2665//2630 2677//2642 2678//2643 2666//2631
f 2667//2632 2679//2644 2677//2642 2665//2630
f 2668//2633 2680//2645 2679//2644 2667//2632
f 2669//2634 2681//2646 2680//2645 2668//2633
f 2670//2635 2682//2647 2681//2646 2669//2634
f 2671//2636 2683//2648 2682//2647 2670//2635
f 2672//2637 2684//2649 2683//2648 2671//2636
f 2673//2638 2685//2650 2684//2649 2672//2637
f 2674//2639 2686//2651 2685//2650 2673//2638
f 2675//2640 2687//2652 2686//2651 2674//2639
f 2676//2641 2688//2653 2687//2652 2675//2640
f 2666//2631 2678//2643 2688//2653 2676//2641
f 2677//2642 2689//2654 2690//2655 2678//2643
f 2679//2644 2691//2656 2689//2654 2677//2642
f 2680//2645 2692//2657 2691//2656 2679//2644
f 2681//2646 2693//2658 2692//2657 2680//2645
f 2682//2647 2694//2659 2693//2658 2681//2646
f 2683//2648 2695//2660 2694//2659 2682//2647
f 2684//2649 2696//2661 2695//2660 2683//2648
f 2685//2650 2697//2662 2696//2661 2684//2649
f 2686//2651 2698//2663 2697//2662 2685//2650
f 2687//2652 2699//2664 2698//2663 2686//2651
f 2688//2653 2700//2665 2699//2664 2687//2652
f 2678//2643 2690//2655 2700//2665 2688//2653
f 2689//2654 2701//2666 2702//2667 2690//2655
f 2691//2656 2703//2668 2701//2666 2689//2654
f 2692//2657 2704//2669 2703//2668 2691//2656
f 2693//2658 2705//2670 2704//2669 2692//2657
f 2694//2659 2706//2671 2705//2670 2693//2658
f 2695//2660 2707//2672 2706//2671 2694//2659
f 2696//2661 2708//2673 2707//2672 2695//2660
f 2697//2662 2709//2674 2708//2673 2696//2661
f 2698//2663 2710//2675 2709//2674 2697//2662
f 2699//2664 2711//2676 2710//2675 2698//2663
f 2700//2665 2712//2677 2711//2676 2699//2664
f 2690//2655 2702//2667 2712//2677 2700//2665
f 2701//2666 2713//2678 2714//2679 2702//2667
f 2703//2668 2715//2680 2713//2678 2701//2666
f 2704//2669 2716//2681 2715//2680 2703//2668
f 2705//2670 2717//2682 2716//2681 2704//2669
f 2706//2671 2718//2683 2717//2682 2705//2670
f 2707//2672 2719//2684 2718//2683 2706//2671
f 2708//2673 2720//2685 2719//2684 2707//2672
f 2709//2674 2721//2686 2720//2685 2708//2673
f 2710//2675 2722//2687 2721//2686 2709//2674
f 2711//2676 2723//2688 2722//2687 2710//2675
f 2712//2677 2724//2689 2723//2688 2711//2676
f 2702//2667 2714//2679 2724//2689 2712//2677
f 2713//2678 2725//2690 2726//2691 2714//2679
f 2715//2680 2727//2692 2725//2690 2713//2678
f 2716//2681 2728//2693 2727//2692 2715//2680
f 2717//2682 2729//2694 2728//2693 2716//2681
f 2718//2683 2730//2695 2729//2694 2717//2682
f 2719//2684 2731//2696 2730//2695 2718//2683
f 2720//2685 2732//2697 2731//2696 2719//2684
f 2721//2686 2733//2698 2732//2697 2720//2685
f 2722//2687 2734//2699 2733//2698 2721//2686
f 2723//2688 2735//2700 2734//2699 2722//2687
f 2724//2689 2736//2701 2735//2700 2723//2688
f 2714//2679 2726//2691 2736//2701 2724//2689
f 2725//2690 2737//2702 2738//2703 2726//2691
f 2727//2692 2739//2704 2737//2702 2725//2690
f 2728//2693 2740//2705 2739//2704 2727//2692
f 2729//2694 2741//2706 2740//2705 2728//2693
f 2730//2695 2742//2707 2741//2706 2729//2694
f 2731//2696 2743//2708 2742//2707 2730//2695
f 2732//2697 2744//2709 2743//2708 2731//2696
f 2733//2698 2745//2710 2744//2709 2732//2697
f 2734//2699 2746//2711 2745//2710 2733//2698
f 2735//2700 2747//2712 2746//2711 2734//2699
f 2736//2701 2748//2713 2747//2712 2735//2700
f 2726//2691 2738//2703 2748//2713 2736//2701
f 2737//2702 2749//2714 2750//2715 2738//2703
f 2739//2704 2751//2716 2749//2714 2737//2702
f 2740//2705 2752//2717 2751//2716 2739//2704
f 2741//2706 2753//2718 2752//2717 2740//2705
f 2742//2707 2754//2719 2753//2718 2741//2706
f 2743//2708 2755//2720 2754//2719 2742//2707
f 2744//2709 2756//2721 2755//2720 2743//2708
f 2745//2710 2757//2722 2756//2721 2744//2709
f 2746//2711 2758//2723 2757//2722 2745//2710
f 2747//2712 2759//2724 2758//2723 2746//2711
f 2748//2713 2760//2725 2759//2724 2747//2712
f 2738//2703 2750//2715 2760//2725 2748//2713
f 2749//2714 2761//2726 2762//2727 2750//2715
f 2751//2716 2763//2728 2761//2726 2749//2714
f 2752//2717 2764//2729 2763//2728 2751//2716
f 2753//2718 2765//2730 2764//2729 2752//2717
f 2754//2719 2766//2731 2765//2730 2753//2718
f 2755//2720 2767//2732 2766//2731 2754//2719
f 2756//2721 2768//2733 2767//2732 2755//2720
f 2757//2722 2769//2734 2768//2733 2756//2721
f 2758//2723 2770//2735 2769//2734 2757//2722
f 2759//2724 2771//2736 2770//2735 2758//2723
f 2760//2725 2772//2737 2771//2736 2759//2724
f 2750//2715 2762//2727 2772//2737 2760//2725
f 2761//2726 2773//2738 2774//2739 2762//2727
f 2763//2728 2775//2740 2773//2738 2761//2726
f 2764//2729 2776//2741 2775//2740 2763//2728
f 2765//2730 2777//2742 2776//2741 2764//2729
f 2766//2731 2778//2743 2777//2742 2765//2730
f 2767//2732 2779//2744 2778//2743 2766//2731
f 2768//2733 2780//2745 2779//2744 2767//2732
f 2769//2734 2781//2746 2780//2745 2768//2733
f 2770//2735 2782//2747 2781//2746 2769//2734
f 2771//2736 2783//2748 2782//2747 2770//2735
f 2772//2737 2784//2749 2783//2748 2771//2736
f 2762//2727 2774//2739 2784//2749 2772//2737
f 2773//2738 2785//2750 2786//2751 2774//2739
f 2775//2740 2787//2752 2785//2750 2773//2738
f 2776//2741 2788//2753 2787//2752 2775//2740
f 2777//2742 2789//2754 2788//2753 2776//2741
f 2778//2743 2790//2755 2789//2754 2777//2742
f 2779//2744 2791//2756 2790//2755 2778//2743
f 2780//2745 2792//2757 2791//2756 2779//2744
f 2781//2746 2793//2758 2792//2757 2780//2745
f 2782//2747 2794//2759 2793//2758 2781//2746
f 2783//2748 2795//2760 2794//2759 2782//2747
f 2784//2749 2796//2761 2795//2760 2783//2748
f 2774//2739 2786//2751 2796//2761 2784//2749
f 2785//2750 2797//2762 2798//2763 2786//2751
f 2787//2752 2799//2764 2797//2762 2785//2750
f 2788//2753 2800//2765 2799//2764 2787//2752
f 2789//2754 2801//2766 2800//2765 2788//2753
f 2790//2755 2802//2767 2801//2766 2789//2754
f 2791//2756 2803//2768 2802//2767 2790//2755
f 2792//2757 2804//2769 2803//2768 2791//2756
f 2793//2758 2805//2770 2804//2769 2792//2757
f 2794//2759 2806//2771 2805//2770 2793//2758
f 2795//2760 2807//2772 2806//2771 2794//2759
f 2796//2761 2808//2773 2807//2772 2795//2760
f 2786//2751 2798//2763 2808//2773 2796//2761
f 2809//2774 2810//2775 2811//2776 2812//2777
f 2813//2778 2814//2779 2810//2775 2809//2774
f 2815//2780 2816//2781 2814//2779 2813//2778
f 2817//2782 2818//2783 2816//2781 2815//2780
f 2819//2784 2820//2785 2818//2783 2817//2782
f 2821//2786 2822//2787 2820//2785 2819//2784
f 2823//2788 2824//2789 2822//2787 2821//2786
f 2825//2790 2826//2791 2824//2789 2823//2788
f 2827//2792 2828//2793 2826//2791 2825//2790
f 2829//2794 2830//2795 2828//2793 2827//2792
f 2831//2796 2832//2797 2830//2795 2829//2794
f 2812//2777 2811//2776 2832//2797 2831//2796
f 2810//2775 2833//2798 2834//2799 2811//2776
f 2814//2779 2835//2800 2833//2798 2810//2775
f 2816//2781 2836//2801 2835//2800 2814//2779
f 2818//2783 2837//2802 2836//2801 2816//2781
f 2820//2785 2838//2803 2837//2802 2818//2783
f 2822//2787 2839//2804 2838//2803 2820//2785
f 2824//2789 2840//2805 2839//2804 2822//2787
f 2826//2791 2841//2806 2840//2805 2824//2789
f 2828//2793 2842//2807 2841//2806 2826//2791
f 2830//2795 2843//2808 2842//2807 2828//2793
f 2832//2797 2844//2809 2843//2808 2830//2795
f 2811//2776 2834//2799 2844//2809 2832//2797
f 2833//2798 2845//2810 2846//2811 2834//2799
f 2835//2800 2847//2812 2845//2810 2833//2798
f 2836//2801 2848//2813 2847//2812 2835//2800
f 2837//2802 2849//2814 2848//2813 2836//2801
f 2838//2803 2850//2815 2849//2814 2837//2802
f 2839//2804 2851//2816 2850//2815 2838//2803
f 2840//2805 2852//2817 2851//2816 2839//2804
f 2841//2806 2853//2818 2852//2817 2840//2805
f 2842//2807 2854//2819 2853//2818 2841//2806
f 2843//2808 2855//2820 2854//2819 2842//2807
f 2844//2809 2856//2821 2855//2820 2843//2808
f 2834//2799 2846//2811 2856//2821 2844//2809
f 2845//2810 2857//2822 2858//2823 2846//2811
f 2847//2812 2859//2824 2857//2822 2845//2810
f 2848//2813 2860//2825 2859//2824 2847//2812
f 2849//2814 2861//2826 2860//2825 2848//2813
f 2850//2815 2862//2827 2861//2826 2849//2814
f 2851//2816 2863//2828 2862//2827 2850//2815
f 2852//2817 2864//2829 2863//2828 2851//2816
f 2853//2818 2865//2830 2864//2829 2852//2817
f 2854//2819 2866//2831 2865//2830 2853//2818
f 2855//2820 2867//2832 2866//2831 2854//2819
f 2856//2821 2868//2833 2867//2832 2855//2820
f 2846//2811 2858//2823 2868//2833 2856//2821
f 2857//2822 2869//2834 2870//2835 2858//2823
f 2859//2824 2871//2836 2869//2834 2857//2822
f 2860//2825 2872//2837 2871//2836 2859//2824
f 2861//2826 2873//2838 2872//2837 2860//2825
f 2862//2827 2874//2839 2873//2838 2861//2826
f 2863//2828 2875//2840 2874//2839 2862//2827
f 2864//2829 2876//2841 2875//2840 2863//2828
f 2865//2830 2877//2842 2876//2841 2864//2829
f 2866//2831 2878//2843 2877//2842 2865//2830
f 2867//2832 2879//2844 2878//2843 2866//2831
f 2868//2833 2880//2845 2879//2844 2867//2832
f 2858//2823 2870//2835 2880//2845 2868//2833
f 2869//2834 2881//2846 2882//2847 2870//2835
f 2871//2836 2883//2848 2881//2846 2869//2834
f 2872//2837 2884//2849 2883//2848 2871//2836
f 2873//2838 2885//2850 2884//2849 2872//2837
f 2874//2839 2886//2851 2885//2850 2873//2838
f 2875//2840 2887//2852 2886//2851 2874//2839
f 2876//2841 2888//2853 2887//2852 2875//2840
f 2877//2842 2889//2854 2888//2853 2876//2841
f 2878//2843 2890//2855 2889//2854 2877//2842
f 2879//2844 2891//2856 2890//2855 2878//2843
f 2880//2845 2892//2857 2891//2856 2879//2844
f 2870//2835 2882//2847 2892//2857 2880//2845
f 2881//2846 2893//2858 2894//2859 2882//2847
f 2883//2848 2895//2860 2893//2858 2881//2846
f 2884//2849 2896//2861 2895//2860 2883//2848
f 2885//2850 2897//2862 2896//2861 2884//2849
f 2886//2851 2898//2863 2897//2862 2885//2850
f 2887//2852 2899//2864 2898//2863 2886//2851
f 2888//2853 2900//2865 2899//2864 2887//2852
f 2889//2854 2901//2866 2900//2865 2888//2853
f 2890//2855 2902//2867 2901//2866 2889//2854
f 2891//2856 2903//2868 2902//2867 2890//2855
f 2892//2857 2904//2869 2903//2868 2891//2856
f 2882//2847 2894//2859 2904//2869 2892//2857
f 2893//2858 2905//2870 2906//2871 2894//2859
f 2895//2860 2907//2872 2905//2870 2893//2858
f 2896//2861 2908//2873 2907//2872 2895//2860
f 2897//2862 2909//2874 2908//2873 2896//2861
f 2898//2863 2910//2875 2909//2874 2897//2862
f 2899//2864 2911//2876 2910//2875 2898//2863
f 2900//2865 2912//2877 2911//2876 2899//2864
f 2901//2866 2913//2878 2912//2877 2900//2865
f 2902//2867 2914//2879 2913//2878 2901//2866
f 2903//2868 2915//2880 2914//2879 2902//2867
f 2904//2869 2916//2881 2915//2880 2903//2868
f 2894//2859 2906//2871 2916//2881 2904//2869
f 2905//2870 2917//2882 2918//2883 2906//2871
f 2907//2872 2919//2884 2917//2882 2905//2870
f 2908//2873 2920//2885 2919//2884 2907//2872
f 2909//2874 2921//2886 2920//2885 2908//2873
f 2910//2875 2922//2887 2921//2886 2909//2874
f 2911//2876 2923//2888 2922//2887 2910//2875
f 2912//2877 2924//2889 2923//2888 2911//2876
f 2913//2878 2925//2890 2924//2889 2912//2877
f 2914//2879 2926//2891 2925//2890 2913//2878
f 2915//2880 2927//2892 2926//2891 2914//2879
f 2916//2881 2928//2893 2927//2892 2915//2880
f 2906//2871 2918//2883 2928//2893 2916//2881
f 2917//2882 2929//2894 2930//2895 2918//2883
f 2919//2884 2931//2896 2929//2894 2917//2882
f 2920//2885 2932//2897 2931//2896 2919//2884
f 2921//2886 2933//2898 2932//2897 2920//2885
f 2922//2887 2934//2899 2933//2898 2921//2886
f 2923//2888 2935//2900 2934//2899 2922//2887
f 2924//2889 2936//2901 2935//2900 2923//2888
f 2925//2890 2937//2902 2936//2901 2924//2889
f 2926//2891 2938//2903 2937//2902 2925//2890
f 2927//2892 2939//2904 2938//2903 2926//2891
f 2928//2893 2940//2905 2939//2904 2927//2892
f 2918//2883 2930//2895 2940//2905 2928//2893
f 2929//2894 2941//2906 2942//2907 2930//2895
f 2931//2896 2943//2908 2941//2906 2929//2894
f 2932//2897 2944//2909 2943//2908 2931//2896
f 2933//2898 2945//2910 2944//2909 2932//2897
f 2934//2899 2946//2911 2945//2910 2933//2898
f 2935//2900 2947//2912 2946//2911 2934//2899
f 2936//2901 2948//2913 2947//2912 2935//2900
f 2937//2902 2949//2914 2948//2913 2936//2901
f 2938//2903 2950//2915 2949//2914 2937//2902
f 2939//2904 2951//2916 2950//2915 2938//2903
f 2940//2905 2952//2917 2951//2916 2939//2904
f 2930//2895 2942//2907 2952//2917 2940//2905
f 2941//2906 2953//2918 2954//2919 2942//2907
f 2943//2908 2955//2920 2953//2918 2941//2906
f 2944//2909 2956//2921 2955//2920 2943//2908
f 2945//2910 2957//2922 2956//2921 2944//2909
f 2946//2911 2958//2923 2957//2922 2945//2910
f 2947//2912 2959//2924 2958//2923 2946//2911
f 2948//2913 2960//2925 2959//2924 2947//2912
f 2949//2914 2961//2926 2960//2925 2948//2913
f 2950//2915 2962//2927 2961//2926 2949//2914
f 2951//2916 2963//2928 2962//2927 2950//2915
f 2952//2917 2964//2929 2963//2928 2951//2916
f 2942//2907 2954//2919 2964//2929 2952//2917
f 2953//2918 2965//2930 2966//2931 2954//2919
f 2955//2920 2967//2932 2965//2930 2953//2918
f 2956//2921 2968//2933 2967//2932 2955//2920
f 2957//2922 2969//2934 2968//2933 2956//2921
f 2958//2923 2970//2935 2969//2934 2957//2922
f 2959//2924 2971//2936 2970//2935 2958//2923
f 2960//2925 2972//2937 2971//2936 2959//2924
f 2961//2926 2973//2938 2972//2937 2960//2925
f 2962//2927 2974//2939 2973//2938 2961//2926
f 2963//2928 2975//2940 2974//2939 2962//2927
f 2964//2929 2976//2941 2975//2940 2963//2928
f 2954//2919 2966//2931 2976//2941 2964//2929
f 2965//2930 2977//2942 2978//2943 2966//2931
f 2967//2932 2979//2944 2977//2942 2965//2930
f 2968//2933 2980//2945 2979//2944 2967//2932
f 2969//2934 2981//2946 2980//2945 2968//2933
f 2970//2935 2982//2947 2981//2946 2969//2934
f 2971//2936 2983//2948 2982//2947 2970//2935
f 2972//2937 2984//2949 2983//2948 2971//2936
f 2973//2938 2985//2950 2984//2949 2972//2937
f 2974//2939 2986//2951 2985//2950 2973//2938
f 2975//2940 2987//2952 2986//2951 2974//2939
f 2976//2941 2988//2953 2987//2952 2975//2940
f 2966//2931 2978//2943 2988//2953 2976//2941
f 2977//2942 2989//2954 2990//2955 2978//2943
f 2979//2944 2991//2956 2989//2954 2977//2942
f 2980//2945 2992//2957 2991//2956 2979//2944
f 2981//2946 2993//2958 2992//2957 2980//2945
f 2982//2947 2994//2959 2993//2958 2981//2946
f 2983//2948 2995//2960 2994//2959 2982//2947
f 2984//2949 2996//2961 2995//2960 2983//2948
f 2985//2950 2997//2962 2996//2961 2984//2949
f 2986//2951 2998//2963 2997//2962 2985//2950
f 2987//2952 2999//2964 2998//2963 2986//2951
f 2988//2953 3000//2965 2999//2964 2987//2952
f 2978//2943 2990//2955 3000//2965 2988//2953
f 2989//2954 3001//2966 3002//2967 2990//2955
f 2991//2956 3003//2968 3001//2966 2989//2954
f 2992//2957 3004//2969 3003//2968 2991//2956
f 2993//2958 3005//2970 3004//2969 2992//2957
f 2994//2959 3006//2971 3005//2970 2993//2958
f 2995//2960 3007//2972 3006//2971 2994//2959
f 2996//2961 3008//2973 3007//2972 2995//2960
f 2997//2962 3009//2974 3008//2973 2996//2961
f 2998//2963 3010//2975 3009//2974 2997//2962
f 2999//2964 3011//2976 3010//2975 2998//2963
f 3000//2965 3012//2977 3011//2976 2999//2964
f 2990//2955 3002//2967 3012//2977 3000//2965
f 3001//2966 3013//2978 3014//2979 3002//2967
f 3003//2968 3015//2980 3013//2978 3001//2966
f 3004//2969 3016//2981 3015//2980 3003//2968
f 3005//2970 3017//2982 3016//2981 3004//2969
f 3006//2971 3018//2983 3017//2982 3005//2970
f 3007//2972 3019//2984 3018//2983 3006//2971
f 3008//2973 3020//2985 3019//2984 3007//2972
f 3009//2974 3021//2986 3020//2985 3008//2973
f 3010//2975 3022//2987 3021//2986 3009//2974
f 3011//2976 3023//2988 3022//2987 3010//2975
f 3012//2977 3024//2989 3023//2988 3011//2976
f 3002//2967 3014//2979 3024//2989 3012//2977
f 3013//2978 3025//2990 3026//2991 3014//2979
f 3015//2980 3027//2992 3025//2990 3013//2978
f 3016//2981 3028//2993 3027//2992 3015//2980
f 3017//2982 3029//2994 3028//2993 3016//2981
f 3018//2983 3030//2995 3029//2994 3017//2982
f 3019//2984 3031//2996 3030//2995 3018//2983
f 3020//2985 3032//2997 3031//2996 3019//2984
f 3021//2986 3033//2998 3032//2997 3020//2985
f 3022//2987 3034//2999 3033//2998 3021//2986
f 3023//2988 3035//3000 3034//2999 3022//2987
f 3024//2989 3036//3001 3035//3000 3023//2988
f 3014//2979 3026//2991 3036//3001 3024//2989
f 3025//2990 3037//3002 3038//3003 3026//2991
f 3027//2992 3039//3004 3037//3002 3025//2990
f 3028//2993 3040//3005 3039//3004 3027//2992
f 3029//2994 3041//3006 3040//3005 3028//2993
f 3030//2995 3042//3007 3041//3006 3029//2994
f 3031//2996 3043//3008 3042//3007 3030//2995
f 3032//2997 3044//3009 3043//3008 3031//2996
f 3033//2998 3045//3010 3044//3009 3032//2997
f 3034//2999 3046//3011 3045//3010 3033//2998
f 3035//3000 3047//3012 3046//3011 3034//2999
f 3036//3001 3048//3013 3047//3012 3035//3000
f 3026//2991 3038//3003 3048//3013 3036//3001
f 3037//3002 3049//3014 3050//3015 3038//3003
f 3039//3004 3051//3016 3049//3014 3037//3002
f 3040//3005 3052//3017 3051//3016 3039//3004
f 3041//3006 3053//3018 3052//3017 3040//3005
f 3042//3007 3054//3019 3053//3018 3041//3006
f 3043//3008 3055//3020 3054//3019 3042//3007
f 3044//3009 3056//3021 3055//3020 3043//3008
f 3045//3010 3057//3022 3056//3021 3044//3009
f 3046//3011 3058//3023 3057//3022 3045//3010
f 3047//3012 3059//3024 3058//3023 3046//3011
f 3048//3013 3060//3025 3059//3024 3047//3012
f 3038//3003 3050//3015 3060//3025 3048//3013
f 3049//3014 3061//3026 3062//3027 3050//3015
f 3051//3016 3063//3028 3061//3026 3049//3014
f 3052//3017 3064//3029 3063//3028 3051//3016
f 3053//3018 3065//3030 3064//3029 3052//3017
f 3054//3019 3066//3031 3065//3030 3053//3018
f 3055//3020 3067//3032 3066//3031 3054//3019
f 3056//3021 3068//3033 3067//3032 3055//3020
f 3057//3022 3069//3034 3068//3033 3056//3021
f 3058//3023 3070//3035 3069//3034 3057//3022
f 3059//3024 3071//3036 3070//3035 3058//3023
f 3060//3025 3072//3037 3071//3036 3059//3024
f 3050//3015 3062//3027 3072//3037 3060//3025
f 3061//3026 3073//3038 3074//3039 3062//3027
f 3063//3028 3075//3040 3073//3038 3061//3026
f 3064//3029 3076//3041 3075//3040 3063//3028
f 3065//3030 3077//3042 3076//3041 3064//3029
f 3066//3031 3078//3043 3077//3042 3065//3030
f 3067//3032 3079//3044 3078//3043 3066//3031
f 3068//3033 3080//3045 3079//3044 3067//3032
f 3069//3034 3081//3046 3080//3045 3068//3033
f 3070//3035 3082//3047 3081//3046 3069//3034
f 3071//3036 3083//3048 3082//3047 3070//3035
f 3072//3037 3084//3049 3083//3048 3071//3036
f 3062//3027 3074//3039 3084//3049 3072//3037
f 3073//3038 3085//3050 3086//3051 3074//3039
f 3075//3040 3087//3052 3085//3050 3073//3038
f 3076//3041 3088//3053 3087//3052 3075//3040
f 3077//3042 3089//3054 3088//3053 3076//3041
f 3078//3043 3090//3055 3089//3054 3077//3042
f 3079//3044 3091//3056 3090//3055 3078//3043
f 3080//3045 3092//3057 3091//3056 3079//3044
f 3081//3046 3093//3058 3092//3057 3080//3045
f 3082//3047 3094//3059 3093//3058 3081//3046
f 3083//3048 3095//3060 3094//3059 3082//3047
f 3084//3049 3096//3061 3095//3060 3083//3048
f 3074//3039 3086//3051 3096//3061 3084//3049
f 3085//3050 3097//3062 3098//3063 3086//3051
f 3087//3052 3099//3064 3097//3062 3085//3050
f 3088//3053 3100//3065 3099//3064 3087//3052
f 3089//3054 3101//3066 3100//3065 3088//3053
f 3090//3055 3102//3067 3101//3066 3089//3054
f 3091//3056 3103//3068 3102//3067 3090//3055
f 3092//3057 3104//3069 3103//3068 3091//3056
f 3093//3058 3105//3070 3104//3069 3092//3057
f 3094//3059 3106//3071 3105//3070 3093//3058
f 3095//3060 3107//3072 3106//3071 3094//3059
f 3096//3061 3108//3073 3107//3072 3095//3060
f 3086//3051 3098//3063 3108//3073 3096//3061
f 3097//3062 3109//3074 3110//3075 3098//3063
f 3099//3064 3111//3076 3109//3074 3097//3062
f 3100//3065 3112//3077 3111//3076 3099//3064
f 3101//3066 3113//3078 3112//3077 3100//3065
f 3102//3067 3114//3079 3113//3078 3101//3066
f 3103//3068 3115//3080 3114//3079 3102//3067
f 3104//3069 3116//3081 3115//3080 3103//3068
f 3105//3070 3117//3082 3116//3081 3104//3069
f 3106//3071 3118//3083 3117//3082 3105//3070
f 3107//3072 3119//3084 3118//3083 3106//3071
f 3108//3073 3120//3085 3119//3084 3107//3072
f 3098//3063 3110//3075 3120//3085 3108//3073
f 3109//3074 3121//3086 3122//3087 3110//3075
f 3111//3076 3123//3088 3121//3086 3109//3074
f 3112//3077 3124//3089 3123//3088 3111//3076
f 3113//3078 3125//3090 3124//3089 3112//3077
f 3114//3079 3126//3091 3125//3090 3113//3078
f 3115//3080 3127//3092 3126//3091 3114//3079
f 3116//3081 3128//3093 3127//3092 3115//3080
f 3117//3082 3129//3094 3128//3093 3116//3081
f 3118//3083 3130//3095 3129//3094 3117//3082
f 3119//3084 3131//3096 3130//3095 3118//3083
f 3120//3085 3132//3097 3131//3096 3119//3084
f 3110//3075 3122//3087 3132//3097 3120//3085
f 3121//3086 3133//3098 3134//3099 3122//3087
f 3123//3088 3135//3100 3133//3098 3121//3086
f 3124//3089 3136//3101 3135//3100 3123//3088
f 3125//3090 3137//3102 3136//3101 3124//3089
f 3126//3091 3138//3103 3137//3102 3125//3090
f 3127//3092 3139//3104 3138//3103 3126//3091
f 3128//3093 3140//3105 3139//3104 3127//3092
f 3129//3094 3141//3106 3140//3105 3128//3093
f 3130//3095 3142//3107 3141//3106 3129//3094
f 3131//3096 3143//3108 3142//3107 3130//3095
f 3132//3097 3144//3109 3143//3108 3131//3096
f 3122//3087 3134//3099 3144//3109 3132//3097
f 3133//3098 3145//3110 3146//3111 3134//3099
f 3135//3100 3147//3112 3145//3110 3133//3098
f 3136//3101 3148//3113 3147//3112 3135//3100
f 3137//3102 3149//3114 3148//3113 3136//3101
f 3138//3103 3150//3115 3149//3114 3137//3102
f 3139//3104 3151//3116 3150//3115 3138//3103
f 3140//3105 3152//3117 3151//3116 3139//3104
f 3141//3106 3153//3118 3152//3117 3140//3105
f 3142//3107 3154//3119 3153//3118 3141//3106
f 3143//3108 3155//3120 3154//3119 3142//3107
f 3144//3109 3156//3121 3155//3120 3143//3108
f 3134//3099 3146//3111 3156//3121 3144//3109
f 3145//3110 3157//3122 3158//3123 3146//3111
f 3147//3112 3159//3124 3157//3122 3145//3110
f 3148//3113 3160//3125 3159//3124 3147//3112
f 3149//3114 3161//3126 3160//3125 3148//3113
f 3150//3115 3162//3127 3161//3126 3149//3114
f 3151//3116 3163//3128 3162//3127 3150//3115
f 3152//3117 3164//3129 3163//3128 3151//3116
f 3153//3118 3165//3130 3164//3129 3152//3117
f 3154//3119 3166//3131 3165//3130 3153//3118
f 3155//3120 3167//3132 3166//3131 3154//3119
f 3156//3121 3168//3133 3167//3132 3155//3120
f 3146//3111 3158//3123 3168//3133 3156//3121
f 3157//3122 3169//3134 3170//3135 3158//3123
f 3159//3124 3171//3136 3169//3134 3157//3122
f 3160//3125 3172//3137 3171//3136 3159//3124
f 3161//3126 3173//3138 3172//3137 3160//3125
f 3162//3127 3174//3139 3173//3138 3161//3126
f 3163//3128 3175//3140 3174//3139 3162//3127
f 3164//3129 3176//3141 3175//3140 3163//3128
f 3165//3130 3177//3142 3176//3141 3164//3129
f 3166//3131 3178//3143 3177//3142 3165//3130
f 3167//3132 3179//3144 3178//3143 3166//3131
f 3168//3133 3180//3145 3179//3144 3167//3132
f 3158//3123 3170//3135 3180//3145 3168//3133
f 3169//3134 3181//3146 3182//3147 3170//3135
f 3171//3136 3183//3148 3181//3146 3169//3134
f 3172//3137 3184//3149 3183//3148 3171//3136
f 3173//3138 3185//3150 3184//3149 3172//3137
f 3174//3139 3186//3151 3185//3150 3173//3138
f 3175//3140 3187//3152 3186//3151 3174//3139
f 3176//3141 3188//3153 3187//3152 3175//3140
f 3177//3142 3189//3154 3188//3153 3176//3141
f 3178//3143 3190//3155 3189//3154 3177//3142
f 3179//3144 3191//3156 3190//3155 3178//3143
f 3180//3145 3192//3157 3191//3156 3179//3144
f 3170//3135 3182//3147 3192//3157 3180//3145
f 3181//3146 3193//3158 3194//3159 3182//3147
f 3183//3148 3195//3160 3193//3158 3181//3146
f 3184//3149 3196//3161 3195//3160 3183//3148
f 3185//3150 3197//3162 3196//3161 3184//3149
f 3186//3151 3198//3163 3197//3162 3185//3150
f 3187//3152 3199//3164 3198//3163 3186//3151
f 3188//3153 3200//3165 3199//3164 3187//3152
f 3189//3154 3201//3166 3200//3165 3188//3153
f 3190//3155 3202//3167 3201//3166 3189//3154
f 3191//3156 3203//3168 3202//3167 3190//3155
f 3192//3157 3204//3169 3203//3168 3191//3156
f 3182//3147 3194//3159 3204//3169 3192//3157
f 3193//3158 3205//3170 3206//3171 3194//3159
f 3195//3160 3207//3172 3205//3170 3193//3158
f 3196//3161 3208//3173 3207//3172 3195//3160
f 3197//3162 3209//3174 3208//3173 3196//3161
f 3198//3163 3210//3175 3209//3174 3197//3162
f 3199//3164 3211//3176 3210//3175 3198//3163
f 3200//3165 3212//3177 3211//3176 3199//3164
f 3201//3166 3213//3178 3212//3177 3200//3165
f 3202//3167 3214//3179 3213//3178 3201//3166
f 3203//3168 3215//3180 3214//3179 3202//3167
f 3204//3169 3216//3181 3215//3180 3203//3168
f 3194//3159 3206//3171 3216//3181 3204//3169
f 3205//3170 3217//3182 3218//3183 3206//3171
f 3207//3172 3219//3184 3217//3182 3205//3170
f 3208//3173 3220//3185 3219//3184 3207//3172
f 3209//3174 3221//3186 3220//3185 3208//3173
f 3210//3175 3222//3187 3221//3186 3209//3174
f 3211//3176 3223//3188 3222//3187 3210//3175
f 3212//3177 3224//3189 3223//3188 3211//3176
f 3213//3178 3225//3190 3224//3189 3212//3177
f 3214//3179 3226//3191 3225//3190 3213//3178
f 3215//3180 3227//3192 3226//3191 3214//3179
f 3216//3181 3228//3193 3227//3192 3215//3180
f 3206//3171 3218//3183 3228//3193 3216//3181
f 3217//3182 3229//3194 3230//3195 3218//3183
f 3219//3184 3231//3196 3229//3194 3217//3182
f 3220//3185 3232//3197 3231//3196 3219//3184
f 3221//3186 3233//3198 3232//3197 3220//3185
f 3222//3187 3234//3199 3233//3198 3221//3186
f 3223//3188 3235//3200 3234//3199 3222//3187
f 3224//3189 3236//3201 3235//3200 3223//3188
f 3225//3190 3237//3202 3236//3201 3224//3189
f 3226//3191 3238//3203 3237//3202 3225//3190
f 3227//3192 3239//3204 3238//3203 3226//3191
f 3228//3193 3240//3205 3239//3204 3227//3192
f 3218//3183 3230//3195 3240//3205 3228//3193
f 3229//3194 3241//3206 3242//3207 3230//3195
f 3231//3196 3243//3208 3241//3206 3229//3194
f 3232//3197 3244//3209 3243//3208 3231//3196
f 3233//3198 3245//3210 3244//3209 3232//3197
f 3234//3199 3246//3211 3245//3210 3233//3198
f 3235//3200 3247//3212 3246//3211 3234//3199
f 3236//3201 3248//3213 3247//3212 3235//3200
f 3237//3202 3249//3214 3248//3213 3236//3201
f 3238//3203 3250//3215 3249//3214 3237//3202
f 3239//3204 3251//3216 3250//3215 3238//3203
f 3240//3205 3252//3217 3251//3216 3239//3204
f 3230//3195 3242//3207 3252//3217 3240//3205
f 3241//3206 3253//3218 3254//3219 3242//3207
f 3243//3208 3255//3220 3253//3218 3241//3206
f 3244//3209 3256//3221 3255//3220 3243//3208
f 3245//3210 3257//3222 3256//3221 3244//3209
f 3246//3211 3258//3223 3257//3222 3245//3210
f 3247//3212 3259//3224 3258//3223 3246//3211
f 3248//3213 3260//3225 3259//3224 3247//3212
f 3249//3214 3261//3226 3260//3225 3248//3213
f 3250//3215 3262//3227 3261//3226 3249//3214
f 3251//3216 3263//3228 3262//3227 3250//3215
f 3252//3217 3264//3229 3263//3228 3251//3216
f 3242//3207 3254//3219 3264//3229 3252//3217
f 3253//3218 3265//3230 3266//3231 3254//3219
f 3255//3220 3267//3232 3265//3230 3253//3218
f 3256//3221 3268//3233 3267//3232 3255//3220
f 3257//3222 3269//3234 3268//3233 3256//3221
f 3258//3223 3270//3235 3269//3234 3257//3222
f 3259//3224 3271//3236 3270//3235 3258//3223
f 3260//3225 3272//3237 3271//3236 3259//3224
f 3261//3226 3273//3238 3272//3237 3260//3225
f 3262//3227 3274//3239 3273//3238 3261//3226
f 3263//3228 3275//3240 3274//3239 3262//3227
f 3264//3229 3276//3241 3275//3240 3263//3228
f 3254//3219 3266//3231 3276//3241 3264//3229
f 3265//3230 3277//3242 3278//3243 3266//3231
f 3267//3232 3279//3244 3277//3242 3265//3230
f 3268//3233 3280//3245 3279//3244 3267//3232
f 3269//3234 3281//3246 3280//3245 3268//3233
f 3270//3235 3282//3247 3281//3246 3269//3234
f 3271//3236 3283//3248 3282//3247 3270//3235
f 3272//3237 3284//3249 3283//3248 3271//3236
f 3273//3238 3285//3250 3284//3249 3272//3237
f 3274//3239 3286//3251 3285//3250 3273//3238
f 3275//3240 3287//3252 3286//3251 3274//3239
f 3276//3241 3288//3253 3287//3252 3275//3240
f 3266//3231 3278//3243 3288//3253 3276//3241
f 3277//3242 3289//3254 3290//3255 3278//3243
f 3279//3244 3291//3256 3289//3254 3277//3242
f 3280//3245 3292//3257 3291//3256 3279//3244
f 3281//3246 3293//3258 3292//3257 3280//3245
f 3282//3247 3294//3259 3293//3258 3281//3246
f 3283//3248 3295//3260 3294//3259 3282//3247
f 3284//3249 3296//3261 3295//3260 3283//3248
f 3285//3250 3297//3262 3296//3261 3284//3249
f 3286//3251 3298//3263 3297//3262 3285//3250
f 3287//3252 3299//3264 3298//3263 3286//3251
f 3288//3253 3300//3265 3299//3264 3287//3252
f 3278//3243 3290//3255 3300//3265 3288//3253
f 3289//3254 3301//3266 3302//3267 3290//3255
f 3291//3256 3303//3268 3301//3266 3289//3254
f 3292//3257 3304//3269 3303//3268 3291//3256
f 3293//3258 3305//3270 3304//3269 3292//3257
f 3294//3259 3306//3271 3305//3270 3293//3258
f 3295//3260 3307//3272 3306//3271 3294//3259
f 3296//3261 3308//3273 3307//3272 3295//3260
f 3297//3262 3309//3274 3308//3273 3296//3261
f 3298//3263 3310//3275 3309//3274 3297//3262
f 3299//3264 3311//3276 3310//3275 3298//3263
f 3300//3265 3312//3277 3311//3276 3299//3264
f 3290//3255 3302//3267 3312//3277 3300//3265
f 3301//3266 3313//3278 3314//3279 3302//3267
f 3303//3268 3315//3280 3313//3278 3301//3266
f 3304//3269 3316//3281 3315//3280 3303//3268
f 3305//3270 3317//3282 3316//3281 3304//3269
f 3306//3271 3318//3283 3317//3282 3305//3270
f 3307//3272 3319//3284 3318//3283 3306//3271
f 3308//3273 3320//3285 3319//3284 3307//3272
f 3309//3274 3321//3286 3320//3285 3308//3273
f 3310//3275 3322//3287 3321//3286 3309//3274
f 3311//3276 3323//3288 3322//3287 3310//3275
f 3312//3277 3324//3289 3323//3288 3311//3276
f 3302//3267 3314//3279 3324//3289 3312//3277
f 3313//3278 3325//3290 3326//3291 3314//3279
f 3315//3280 3327//3292 3325//3290 3313//3278
f 3316//3281 3328//3293 3327//3292 3315//3280
f 3317//3282 3329//3294 3328//3293 3316//3281
f 3318//3283 3330//3295 3329//3294 3317//3282
f 3319//3284 3331//3296 3330//3295 3318//3283
f 3320//3285 3332//3297 3331//3296 3319//3284
f 3321//3286 3333//3298 3332//3297 3320//3285
f 3322//3287 3334//3299 3333//3298 3321//3286
f 3323//3288 3335//3300 3334//3299 3322//3287
f 3324//3289 3336//3301 3335//3300 3323//3288
f 3314//3279 3326//3291 3336//3301 3324//3289
f 3325//3290 3337//3302 3338//3303 3326//3291
f 3327//3292 3339//3304 3337//3302 3325//3290
f 3328//3293 3340//3305 3339//3304 3327//3292
f 3329//3294 3341//3306 3340//3305 3328//3293
f 3330//3295 3342//3307 3341//3306 3329//3294
f 3331//3296 3343//3308 3342//3307 3330//3295
f 3332//3297 3344//3309 3343//3308 3331//3296
f 3333//3298 3345//3310 3344//3309 3332//3297
f 3334//3299 3346//3311 3345//3310 3333//3298
f 3335//3300 3347//3312 3346//3311 3334//3299
f 3336//3301 3348//3313 3347//3312 3335//3300
f 3326//3291 3338//3303 3348//3313 3336//3301
f 3337//3302 3349//3314 3350//3315 3338//3303
f 3339//3304 3351//3316 3349//3314 3337//3302
f 3340//3305 3352//3317 3351//3316 3339//3304
f 3341//3306 3353//3318 3352//3317 3340//3305
f 3342//3307 3354//3319 3353//3318 3341//3306
f 3343//3308 3355//3320 3354//3319 3342//3307
f 3344//3309 3356//3321 3355//3320 3343//3308
f 3345//3310 3357//3322 3356//3321 3344//3309
f 3346//3311 3358//3323 3357//3322 3345//3310
f 3347//3312 3359//3324 3358//3323 3346//3311
f 3348//3313 3360//3325 3359//3324 3347//3312
f 3338//3303 3350//3315 3360//3325 3348//3313
f 3349//3314 3361//3326 3362//3327 3350//3315
f 3351//3316 3363//3328 3361//3326 3349//3314
f 3352//3317 3364//3329 3363//3328 3351//3316
f 3353//3318 3365//3330 3364//3329 3352//3317
f 3354//3319 3366//3331 3365//3330 3353//3318
f 3355//3320 3367//3332 3366//3331 3354//3319
f 3356//3321 3368//3333 3367//3332 3355//3320
f 3357//3322 3369//3334 3368//3333 3356//3321
f 3358//3323 3370//3335 3369//3334 3357//3322
f 3359//3324 3371//3336 3370//3335 3358//3323
f 3360//3325 3372//3337 3371//3336 3359//3324
f 3350//3315 3362//3327 3372//3337 3360//3325
f 3361//3326 3373//3338 3374//3339 3362//3327
f 3363//3328 3375//3340 3373//3338 3361//3326
f 3364//3329 3376//3341 3375//3340 3363//3328
f 3365//3330 3377//3342 3376//3341 3364//3329
f 3366//3331 3378//3343 3377//3342 3365//3330
f 3367//3332 3379//3344 3378//3343 3366//3331
f 3368//3333 3380//3345 3379//3344 3367//3332
f 3369//3334 3381//3346 3380//3345 3368//3333
f 3370//3335 3382//3347 3381//3346 3369//3334
f 3371//3336 3383//3348 3382//3347 3370//3335
f 3372//3337 3384//3349 3383//3348 3371//3336
f 3362//3327 3374//3339 3384//3349 3372//3337
f 3373//3338 3385//3350 3386//3351 3374//3339
f 3375//3340 3387//3352 3385//3350 3373//3338
f 3376//3341 3388//3353 3387//3352 3375//3340
f 3377//3342 3389//3354 3388//3353 3376//3341
f 3378//3343 3390//3355 3389//3354 3377//3342
f 3379//3344 3391//3356 3390//3355 3378//3343
f 3380//3345 3392//3357 3391//3356 3379//3344
f 3381//3346 3393//3358 3392//3357 3380//3345
f 3382//3347 3394//3359 3393//3358 3381//3346
f 3383//3348 3395//3360 3394//3359 3382//3347
f 3384//3349 3396//3361 3395//3360 3383//3348
f 3374//3339 3386//3351 3396//3361 3384//3349
f 3385//3350 3397//3362 3398//3363 3386//3351
f 3387//3352 3399//3364 3397//3362 3385//3350
f 3388//3353 3400//3365 3399//3364 3387//3352
f 3389//3354 3401//3366 3400//3365 3388//3353
f 3390//3355 3402//3367 3401//3366 3389//3354
f 3391//3356 3403//3368 3402//3367 3390//3355
f 3392//3357 3404//3369 3403//3368 3391//3356
f 3393//3358 3405//3370 3404//3369 3392//3357
f 3394//3359 3406//3371 3405//3370 3393//3358
f 3395//3360 3407//3372 3406//3371 3394//3359
f 3396//3361 3408//3373 3407//3372 3395//3360
f 3386//3351 3398//3363 3408//3373 3396//3361
f 3397//3362 3409//3374 3410//3375 3398//3363
f 3399//3364 3411//3376 3409//3374 3397//3362
f 3400//3365 3412//3377 3411//3376 3399//3364
f 3401//3366 3413//3378 3412//3377 3400//3365
f 3402//3367 3414//3379 3413//3378 3401//3366
f 3403//3368 3415//3380 3414//3379 3402//3367
f 3404//3369 3416//3381 3415//3380 3403//3368
f 3405//3370 3417//3382 3416//3381 3404//3369
f 3406//3371 3418//3383 3417//3382 3405//3370
f 3407//3372 3419//3384 3418//3383 3406//3371
f 3408//3373 3420//3385 3419//3384 3407//3372
f 3398//3363 3410//3375 3420//3385 3408//3373
f 3409//3374 3421//3386 3422//3387 3410//3375
f 3411//3376 3423//3388 3421//3386 3409//3374
f 3412//3377 3424//3389 3423//3388 3411//3376
f 3413//3378 3425//3390 3424//3389 3412//3377
f 3414//3379 3426//3391 3425//3390 3413//3378
f 3415//3380 3427//3392 3426//3391 3414//3379
f 3416//3381 3428//3393 3427//3392 3415//3380
f 3417//3382 3429//3394 3428//3393 3416//3381
f 3418//3383 3430//3395 3429//3394 3417//3382
f 3419//3384 3431//3396 3430//3395 3418//3383
f 3420//3385 3432//3397 3431//3396 3419//3384
f 3410//3375 3422//3387 3432//3397 3420//3385
f 3421//3386 3433//3398 3434//3399 3422//3387
f 3423//3388 3435//3400 3433//3398 3421//3386
f 3424//3389 3436//3401 3435//3400 3423//3388
f 3425//3390 3437//3402 3436//3401 3424//3389
f 3426//3391 3438//3403 3437//3402 3425//3390
f 3427//3392 3439//3404 3438//3403 3426//3391
f 3428//3393 3440//3405 3439//3404 3427//3392
f 3429//3394 3441//3406 3440//3405 3428//3393
f 3430//3395 3442//3407 3441//3406 3429//3394
f 3431//3396 3443//3408 3442//3407 3430//3395
f 3432//3397 3444//3409 3443//3408 3431//3396
f 3422//3387 3434//3399 3444//3409 3432//3397
f 3433//3398 3445//3410 3446//3411 3434//3399
f 3435//3400 3447//3412 3445//3410 3433//3398
f 3436//3401 3448//3413 3447//3412 3435//3400
f 3437//3402 3449//3414 3448//3413 3436//3401
f 3438//3403 3450//3415 3449//3414 3437//3402
f 3439//3404 3451//3416 3450//3415 3438//3403
f 3440//3405 3452//3417 3451//3416 3439//3404
f 3441//3406 3453//3418 3452//3417 3440//3405
f 3442//3407 3454//3419 3453//3418 3441//3406
f 3443//3408 3455//3420 3454//3419 3442//3407
f 3444//3409 3456//3421 3455//3420 3443//3408
f 3434//3399 3446//3411 3456//3421 3444//3409
f 3445//3410 3457//3422 3458//3423 3446//3411
f 3447//3412 3459//3424 3457//3422 3445//3410
f 3448//3413 3460//3425 3459//3424 3447//3412
f 3449//3414 3461//3426 3460//3425 3448//3413
f 3450//3415 3462//3427 3461//3426 3449//3414
f 3451//3416 3463//3428 3462//3427 3450//3415
f 3452//3417 3464//3429 3463//3428 3451//3416
f 3453//3418 3465//3430 3464//3429 3452//3417
f 3454//3419 3466//3431 3465//3430 3453//3418
f 3455//3420 3467//3432 3466//3431 3454//3419
f 3456//3421 3468//3433 3467//3432 3455//3420
f 3446//3411 3458//3423 3468//3433 3456//3421
f 3457//3422 3469//3434 3470//3435 3458//3423
f 3459//3424 3471//3436 3469//3434 3457//3422
f 3460//3425 3472//3437 3471//3436 3459//3424
f 3461//3426 3473//3438 3472//3437 3460//3425
f 3462//3427 3474//3439 3473//3438 3461//3426
f 3463//3428 3475//3440 3474//3439 3462//3427
f 3464//3429 3476//3441 3475//3440 3463//3428
f 3465//3430 3477//3442 3476//3441 3464//3429
f 3466//3431 3478//3443 3477//3442 3465//3430
f 3467//3432 3479//3444 3478//3443 3466//3431
f 3468//3433 3480//3445 3479//3444 3467//3432
f 3458//3423 3470//3435 3480//3445 3468//3433
f 3469//3434 3481//3446 3482//3447 3470//3435
f 3471//3436 3483//3448 3481//3446 3469//3434
f 3472//3437 3484//3449 3483//3448 3471//3436
f 3473//3438 3485//3450 3484//3449 3472//3437
f 3474//3439 3486//3451 3485//3450 3473//3438
f 3475//3440 3487//3452 3486//3451 3474//3439
f 3476//3441 3488//3453 3487//3452 3475//3440
f 3477//3442 3489//3454 3488//3453 3476//3441
f 3478//3443 3490//3455 3489//3454 3477//3442
f 3479//3444 3491//3456 3490//3455 3478//3443
f 3480//3445 3492//3457 3491//3456 3479//3444
f 3470//3435 3482//3447 3492//3457 3480//3445
f 3481//3446 3493//3458 3494//3459 3482//3447
f 3483//3448 3495//3460 3493//3458 3481//3446
f 3484//3449 3496//3461 3495//3460 3483//3448
f 3485//3450 3497//3462 3496//3461 3484//3449
f 3486//3451 3498//3463 3497//3462 3485//3450
f 3487//3452 3499//3464 3498//3463 3486//3451
f 3488//3453 3500//3465 3499//3464 3487//3452
f 3489//3454 3501//3466 3500//3465 3488//3453
f 3490//3455 3502//3467 3501//3466 3489//3454
f 3491//3456 3503//3468 3502//3467 3490//3455
f 3492//3457 3504//3469 3503//3468 3491//3456
f 3482//3447 3494//3459 3504//3469 3492//3457
f 3493//3458 3505//3470 3506//3471 3494//3459
f 3495//3460 3507//3472 3505//3470 3493//3458
f 3496//3461 3508//3473 3507//3472 3495//3460
f 3497//3462 3509//3474 3508//3473 3496//3461
f 3498//3463 3510//3475 3509//3474 3497//3462
f 3499//3464 3511//3476 3510//3475 3498//3463
f 3500//3465 3512//3477 3511//3476 3499//3464
f 3501//3466 3513//3478 3512//3477 3500//3465
f 3502//3467 3514//3479 3513//3478 3501//3466
f 3503//3468 3515//3480 3514//3479 3502//3467
f 3504//3469 3516//3481 3515//3480 3503//3468
f 3494//3459 3506//3471 3516//3481 3504//3469
f 3505//3470 3517//3482 3518//3483 3506//3471
f 3507//3472 3519//3484 3517//3482 3505//3470
f 3508//3473 3520//3485 3519//3484 3507//3472
f 3509//3474 3521//3486 3520//3485 3508//3473
f 3510//3475 3522//3487 3521//3486 3509//3474
f 3511//3476 3523//3488 3522//3487 3510//3475
f 3512//3477 3524//3489 3523//3488 3511//3476
f 3513//3478 3525//3490 3524//3489 3512//3477
f 3514//3479 3526//3491 3525//3490 3513//3478
f 3515//3480 3527//3492 3526//3491 3514//3479
f 3516//3481 3528//3493 3527//3492 3515//3480
f 3506//3471 3518//3483 3528//3493 3516//3481
f 3517//3482 3529//3494 3530//3495 3518//3483
f 3519//3484 3531//3496 3529//3494 3517//3482
f 3520//3485 3532//3497 3531//3496 3519//3484
f 3521//3486 3533//3498 3532//3497 3520//3485
f 3522//3487 3534//3499 3533//3498 3521//3486
f 3523//3488 3535//3500 3534//3499 3522//3487
f 3524//3489 3536//3501 3535//3500 3523//3488
f 3525//3490 3537//3502 3536//3501 3524//3489
f 3526//3491 3538//3503 3537//3502 3525//3490
f 3527//3492 3539//3504 3538//3503 3526//3491
f 3528//3493 3540//3505 3539//3504 3527//3492
f 3518//3483 3530//3495 3540//3505 3528//3493
f 3541//3506 3542//3507 3543//3508 3544//3509
f 3545//3510 3546//3511 3542//3507 3541//3506
f 3547//3512 3548//3513 3546//3511 3545//3510
f 3549//3514 3550//3515 3548//3513 3547//3512
f 3551//3516 3552//3517 3550//3515 3549//3514
f 3553//3518 3554//3519 3552//3517 3551//3516
f 3555//3520 3556//3521 3554//3519 3553//3518
f 3557//3522 3558//3523 3556//3521 3555//3520
f 3559//3524 3560//3525 3558//3523 3557//3522
f 3561//3526 3562//3527 3560//3525 3559//3524
f 3563//3528 3564//3529 3562//3527 3561//3526
f 3544//3509 3543//3508 3564//3529 3563//3528
f 3542//3507 3565//3530 3566//3531 3543//3508
f 3546//3511 3567//3532 3565//3530 3542//3507
f 3548//3513 3568//3533 3567//3532 3546//3511
f 3550//3515 3569//3534 3568//3533 3548//3513
f 3552//3517 3570//3535 3569//3534 3550//3515
f 3554//3519 3571//3536 3570//3535 3552//3517
f 3556//3521 3572//3537 3571//3536 3554//3519
f 3558//3523 3573//3538 3572//3537 3556//3521
f 3560//3525 3574//3539 3573//3538 3558//3523
f 3562//3527 3575//3540 3574//3539 3560//3525
f 3564//3529 3576//3541 3575//3540 3562//3527
f 3543//3508 3566//3531 3576//3541 3564//3529
f 3565//3530 3577//3542 3578//3543 3566//3531
f 3567//3532 3579//3544 3577//3542 3565//3530
f 3568//3533 3580//3545 3579//3544 3567//3532
f 3569//3534 3581//3546 3580//3545 3568//3533
f 3570//3535 3582//3547 3581//3546 3569//3534
f 3571//3536 3583//3548 3582//3547 3570//3535
f 3572//3537 3584//3549 3583//3548 3571//3536
f 3573//3538 3585//3550 3584//3549 3572//3537
f 3574//3539 3586//3551 3585//3550 3573//3538
f 3575//3540 3587//3552 3586//3551 3574//3539
f 3576//3541 3588//3553 3587//3552 3575//3540
f 3566//3531 3578//3543 3588//3553 3576//3541
f 3577//3542 3589//3554 3590//3555 3578//3543
f 3579//3544 3591//3556 3589//3554 3577//3542
f 3580//3545 3592//3557 3591//3556 3579//3544
f 3581//3546 3593//3558 3592//3557 3580//3545
f 3582//3547 3594//3559 3593//3558 3581//3546
f 3583//3548 3595//3560 3594//3559 3582//3547
f 3584//3549 3596//3561 3595//3560 3583//3548
f 3585//3550 3597//3562 3596//3561 3584//3549
f 3586//3551 3598//3563 3597//3562 3585//3550
f 3587//3552 3599//3564 3598//3563 3586//3551
f 3588//3553 3600//3565 3599//3564 3587//3552
f 3578//3543 3590//3555 3600//3565 3588//3553
f 3589//3554 3601//3566 3602//3567 3590//3555
f 3591//3556 3603//3568 3601//3566 3589//3554
f 3592//3557 3604//3569 3603//3568 3591//3556
f 3593//3558 3605//3570 3604//3569 3592//3557
f 3594//3559 3606//3571 3605//3570 3593//3558
f 3595//3560 3607//3572 3606//3571 3594//3559
f 3596//3561 3608//3573 3607//3572 3595//3560
f 3597//3562 3609//3574 3608//3573 3596//3561
f 3598//3563 3610//3575 3609//3574 3597//3562
f 3599//3564 3611//3576 3610//3575 3598//3563
f 3600//3565 3612//3577 3611//3576 3599//3564
f 3590//3555 3602//3567 3612//3577 3600//3565
f 3601//3566 3613//3578 3614//3579 3602//3567
f 3603//3568 3615//3580 3613//3578 3601//3566
f 3604//3569 3616//3581 3615//3580 3603//3568
f 3605//3570 3617//3582 3616//3581 3604//3569
f 3606//3571 3618//3583 3617//3582 3605//3570
f 3607//3572 3619//3584 3618//3583 3606//3571
f 3608//3573 3620//3585 3619//3584 3607//3572
f 3609//3574 3621//3586 3620//3585 3608//3573
f 3610//3575 3622//3587 3621//3586 3609//3574
f 3611//3576 3623//3588 3622//3587 3610//3575
f 3612//3577 3624//3589 3623//3588 3611//3576
f 3602//3567 3614//3579 3624//3589 3612//3577
f 3613//3578 3625//3590 3626//3591 3614//3579
f 3615//3580 3627//3592 3625//3590 3613//3578
f 3616//3581 3628//3593 3627//3592 3615//3580
f 3617//3582 3629//3594 3628//3593 3616//3581
f 3618//3583 3630//3595 3629//3594 3617//3582
f 3619//3584 3631//3596 3630//3595 3618//3583
f 3620//3585 3632//3597 3631//3596 3619//3584
f 3621//3586 3633//3598 3632//3597 3620//3585
f 3622//3587 3634//3599 3633//3598 3621//3586
f 3623//3588 3635//3600 3634//3599 3622//3587
f 3624//3589 3636//3601 3635//3600 3623//3588
f 3614//3579 3626//3591 3636//3601 3624//3589
f 3625//3590 3637//3602 3638//3603 3626//3591
f 3627//3592 3639//3604 3637//3602 3625//3590
f 3628//3593 3640//3605 3639//3604 3627//3592
f 3629//3594 3641//3606 3640//3605 3628//3593
f 3630//3595 3642//3607 3641//3606 3629//3594
f 3631//3596 3643//3608 3642//3607 3630//3595
f 3632//3597 3644//3609 3643//3608 3631//3596
f 3633//3598 3645//3610 3644//3609 3632//3597
f 3634//3599 3646//3611 3645//3610 3633//3598
f 3635//3600 3647//3612 3646//3611 3634//3599
f 3636//3601 3648//3613 3647//3612 3635//3600
f 3626//3591 3638//3603 3648//3613 3636//3601
f 3637//3602 3649//3614 3650//3615 3638//3603
f 3639//3604 3651//3616 3649//3614 3637//3602
f 3640//3605 3652//3617 3651//3616 3639//3604
f 3641//3606 3653//3618 3652//3617 3640//3605
f 3642//3607 3654//3619 3653//3618 3641//3606
f 3643//3608 3655//3620 3654//3619 3642//3607
f 3644//3609 3656//3621 3655//3620 3643//3608
f 3645//3610 3657//3622 3656//3621 3644//3609
f 3646//3611 3658//3623 3657//3622 3645//3610
f 3647//3612 3659//3624 3658//3623 3646//3611
f 3648//3613 3660//3625 3659//3624 3647//3612
f 3638//3603 3650//3615 3660//3625 3648//3613
f 3649//3614 3661//3626 3662//3627 3650//3615
f 3651//3616 3663//3628 3661//3626 3649//3614
f 3652//3617 3664//3629 3663//3628 3651//3616
f 3653//3618 3665//3630 3664//3629 3652//3617
f 3654//3619 3666//3631 3665//3630 3653//3618
f 3655//3620 3667//3632 3666//3631 3654//3619
f 3656//3621 3668//3633 3667//3632 3655//3620
f 3657//3622 3669//3634 3668//3633 3656//3621
f 3658//3623 3670//3635 3669//3634 3657//3622
f 3659//3624 3671//3636 3670//3635 3658//3623
f 3660//3625 3672//3637 3671//3636 3659//3624
f 3650//3615 3662//3627 3672//3637 3660//3625
f 3661//3626 3673//3638 3674//3639 3662//3627
f 3663//3628 3675//3640 3673//3638 3661//3626
f 3664//3629 3676//3641 3675//3640 3663//3628
f 3665//3630 3677//3642 3676//3641 3664//3629
f 3666//3631 3678//3643 3677//3642 3665//3630
f 3667//3632 3679//3644 3678//3643 3666//3631
f 3668//3633 3680//3645 3679//3644 3667//3632
f 3669//3634 3681//3646 3680//3645 3668//3633
f 3670//3635 3682//3647 3681//3646 3669//3634
f 3671//3636 3683//3648 3682//3647 3670//3635
f 3672//3637 3684//3649 3683//3648 3671//3636
f 3662//3627 3674//3639 3684//3649 3672//3637
f 3673//3638 3685//3650 3686//3651 3674//3639
f 3675//3640 3687//3652 3685//3650 3673//3638
f 3676//3641 3688//3653 3687//3652 3675//3640
f 3677//3642 3689//3654 3688//3653 3676//3641
f 3678//3643 3690//3655 3689//3654 3677//3642
f 3679//3644 3691//3656 3690//3655 3678//3643
f 3680//3645 3692//3657 3691//3656 3679//3644
f 3681//3646 3693//3658 3692//3657 3680//3645
f 3682//3647 3694//3659 3693//3658 3681//3646
f 3683//3648 3695//3660 3694//3659 3682//3647
f 3684//3649 3696//3661 3695//3660 3683//3648
f 3674//3639 3686//3651 3696//3661 3684//3649
f 3685//3650 3697//3662 3698//3663 3686//3651
f 3687//3652 3699//3664 3697//3662 3685//3650
f 3688//3653 3700//3665 3699//3664 3687//3652
f 3689//3654 3701//3666 3700//3665 3688//3653
f 3690//3655 3702//3667 3701//3666 3689//3654
f 3691//3656 3703//3668 3702//3667 3690//3655
f 3692//3657 3704//3669 3703//3668 3691//3656
f 3693//3658 3705//3670 3704//3669 3692//3657
f 3694//3659 3706//3671 3705//3670 3693//3658
f 3695//3660 3707//3672 3706//3671 3694//3659
f 3696//3661 3708//3673 3707//3672 3695//3660
f 3686//3651 3698//3663 3708//3673 3696//3661
f 3697//3662 3709//3674 3710//3675 3698//3663
f 3699//3664 3711//3676 3709//3674 3697//3662
f 3700//3665 3712//3677 3711//3676 3699//3664
f 3701//3666 3713//3678 3712//3677 3700//3665
f 3702//3667 3714//3679 3713//3678 3701//3666
f 3703//3668 3715//3680 3714//3679 3702//3667
f 3704//3669 3716//3681 3715//3680 3703//3668
f 3705//3670 3717//3682 3716//3681 3704//3669
f 3706//3671 3718//3683 3717//3682 3705//3670
f 3707//3672 3719//3684 3718//3683 3706//3671
f 3708//3673 3720//3685 3719//3684 3707//3672
f 3698//3663 3710//3675 3720//3685 3708//3673
f 3709//3674 3721//3686 3722//3687 3710//3675
f 3711//3676 3723//3688 3721//3686 3709//3674
f 3712//3677 3724//3689 3723//3688 3711//3676
f 3713//3678 3725//3690 3724//3689 3712//3677
f 3714//3679 3726//3691 3725//3690 3713//3678
f 3715//3680 3727//3692 3726//3691 3714//3679
f 3716//3681 3728//3693 3727//3692 3715//3680
f 3717//3682 3729//3694 3728//3693 3716//3681
f 3718//3683 3730//3695 3729//3694 3717//3682
f 3719//3684 3731//3696 3730//3695 3718//3683
f 3720//3685 3732//3697 3731//3696 3719//3684
f 3710//3675 3722//3687 3732//3697 3720//3685
f 3721//3686 3733//3698 3734//3699 3722//3687
f 3723//3688 3735//3700 3733//3698 3721//3686
f 3724//3689 3736//3701 3735//3700 3723//3688
f 3725//3690 3737//3702 3736//3701 3724//3689
f 3726//3691 3738//3703 3737//3702 3725//3690
f 3727//3692 3739//3704 3738//3703 3726//3691
f 3728//3693 3740//3705 3739//3704 3727//3692
f 3729//3694 3741//3706 3740//3705 3728//3693
f 3730//3695 3742//3707 3741//3706 3729//3694
f 3731//3696 3743//3708 3742//3707 3730//3695
f 3732//3697 3744//3709 3743//3708 3731//3696
f 3722//3687 3734//3699 3744//3709 3732//3697
f 3733//3698 3745//3710 3746//3711 3734//3699
f 3735//3700 3747//3712 3745//3710 3733//3698
f 3736//3701 3748//3713 3747//3712 3735//3700
f 3737//3702 3749//3714 3748//3713 3736//3701
f 3738//3703 3750//3715 3749//3714 3737//3702
f 3739//3704 3751//3716 3750//3715 3738//3703
f 3740//3705 3752//3717 3751//3716 3739//3704
f 3741//3706 3753//3718 3752//3717 3740//3705
f 3742//3707 3754//3719 3753//3718 3741//3706
f 3743//3708 3755//3720 3754//3719 3742//3707
f 3744//3709 3756//3721 3755//3720 3743//3708
f 3734//3699 3746//3711 3756//3721 3744//3709
f 3745//3710 3757//3722 3758//3723 3746//3711
f 3747//3712 3759//3724 3757//3722 3745//3710
f 3748//3713 3760//3725 3759//3724 3747//3712
f 3749//3714 3761//3726 3760//3725 3748//3713
f 3750//3715 3762//3727 3761//3726 3749//3714
f 3751//3716 3763//3728 3762//3727 3750//3715
f 3752//3717 3764//3729 3763//3728 3751//3716
f 3753//3718 3765//3730 3764//3729 3752//3717
f 3754//3719 3766//3731 3765//3730 3753//3718
f 3755//3720 3767//3732 3766//3731 3754//3719
f 3756//3721 3768//3733 3767//3732 3755//3720
f 3746//3711 3758//3723 3768//3733 3756//3721
f 3757//3722 3769//3734 3770//3735 3758//3723
f 3759//3724 3771//3736 3769//3734 3757//3722
f 3760//3725 3772//3737 3771//3736 3759//3724
f 3761//3726 3773//3738 3772//3737 3760//3725
f 3762//3727 3774//3739 3773//3738 3761//3726
f 3763//3728 3775//3740 3774//3739 3762//3727
f 3764//3729 3776//3741 3775//3740 3763//3728
f 3765//3730 3777//3742 3776//3741 3764//3729
f 3766//3731 3778//3743 3777//3742 3765//3730
f 3767//3732 3779//3744 3778//3743 3766//3731
f 3768//3733 3780//3745 3779//3744 3767//3732
f 3758//3723 3770//3735 3780//3745 3768//3733
f 3769//3734 3781//3746 3782//3747 3770//3735
f 3771//3736 3783//3748 3781//3746 3769//3734
f 3772//3737 3784//3749 3783//3748 3771//3736
f 3773//3738 3785//3750 3784//3749 3772//3737
f 3774//3739 3786//3751 3785//3750 3773//3738
f 3775//3740 3787//3752 3786//3751 3774//3739
f 3776//3741 3788//3753 3787//3752 3775//3740
f 3777//3742 3789//3754 3788//3753 3776//3741
f 3778//3743 3790//3755 3789//3754 3777//3742
f 3779//3744 3791//3756 3790//3755 3778//3743
f 3780//3745 3792//3757 3791//3756 3779//3744
f 3770//3735 3782//3747 3792//3757 3780//3745
f 3781//3746 3793//3758 3794//3759 3782//3747
f 3783//3748 3795//3760 3793//3758 3781//3746
f 3784//3749 3796//3761 3795//3760 3783//3748
f 3785//3750 3797//3762 3796//3761 3784//3749
f 3786//3751 3798//3763 3797//3762 3785//3750
f 3787//3752 3799//3764 3798//3763 3786//3751
f 3788//3753 3800//3765 3799//3764 3787//3752
f 3789//3754 3801//3766 3800//3765 3788//3753
f 3790//3755 3802//3767 3801//3766 3789//3754
f 3791//3756 3803//3768 3802//3767 3790//3755
f 3792//3757 3804//3769 3803//3768 3791//3756
f 3782//3747 3794//3759 3804//3769 3792//3757
f 3793//3758 3805//3770 3806//3771 3794//3759
f 3795//3760 3807//3772 3805//3770 3793//3758
f 3796//3761 3808//3773 3807//3772 3795//3760
f 3797//3762 3809//3774 3808//3773 3796//3761
f 3798//3763 3810//3775 3809//3774 3797//3762
f 3799//3764 3811//3776 3810//3775 3798//3763
f 3800//3765 3812//3777 3811//3776 3799//3764
f 3801//3766 3813//3778 3812//3777 3800//3765
f 3802//3767 3814//3779 3813//3778 3801//3766
f 3803//3768 3815//3780 3814//3779 3802//3767
f 3804//3769 3816//3781 3815//3780 3803//3768
f 3794//3759 3806//3771 3816//3781 3804//3769
f 3805//3770 3817//3782 3818//3783 3806//3771
f 3807//3772 3819//3784 3817//3782 3805//3770
f 3808//3773 3820//3785 3819//3784 3807//3772
f 3809//3774 3821//3786 3820//3785 3808//3773
f 3810//3775 3822//3787 3821//3786 3809//3774
f 3811//3776 3823//3788 3822//3787 3810//3775
f 3812//3777 3824//3789 3823//3788 3811//3776
f 3813//3778 3825//3790 3824//3789 3812//3777
f 3814//3779 3826//3791 3825//3790 3813//3778
f 3815//3780 3827//3792 3826//3791 3814//3779
f 3816//3781 3828//3793 3827//3792 3815//3780
f 3806//3771 3818//3783 3828//3793 3816//3781
f 3817//3782 3829//3794 3830//3795 3818//3783
f 3819//3784 3831//3796 3829//3794 3817//3782
f 3820//3785 3832//3797 3831//3796 3819//3784
f 3821//3786 3833//3798 3832//3797 3820//3785
f 3822//3787 3834//3799 3833//3798 3821//3786
f 3823//3788 3835//3800 3834//3799 3822//3787
f 3824//3789 3836//3801 3835//3800 3823//3788
f 3825//3790 3837//3802 3836//3801 3824//3789
f 3826//3791 3838//3803 3837//3802 3825//3790
f 3827//3792 3839//3804 3838//3803 3826//3791
f 3828//3793 3840//3805 3839//3804 3827//3792
f 3818//3783 3830//3795 3840//3805 3828//3793
f 3829//3794 3841//3806 3842//3807 3830//3795
f 3831//3796 3843//3808 3841//3806 3829//3794
f 3832//3797 3844//3809 3843//3808 3831//3796
f 3833//3798 3845//3810 3844//3809 3832//3797
f 3834//3799 3846//3811 3845//3810 3833//3798
f 3835//3800 3847//3812 3846//3811 3834//3799
f 3836//3801 3848//3813 3847//3812 3835//3800
f 3837//3802 3849//3814 3848//3813 3836//3801
f 3838//3803 3850//3815 3849//3814 3837//3802
f 3839//3804 3851//3816 3850//3815 3838//3803
f 3840//3805 3852//3817 3851//3816 3839//3804
f 3830//3795 3842//3807 3852//3817 3840//3805
f 3841//3806 3853//3818 3854//3819 3842//3807
f 3843//3808 3855//3820 3853//3818 3841//3806
f 3844//3809 3856//3821 3855//3820 3843//3808
f 3845//3810 3857//3822 3856//3821 3844//3809
f 3846//3811 3858//3823 3857//3822 3845//3810
f 3847//3812 3859//3824 3858//3823 3846//3811
f 3848//3813 3860//3825 3859//3824 3847//3812
f 3849//3814 3861//3826 3860//3825 3848//3813
f 3850//3815 3862//3827 3861//3826 3849//3814
f 3851//3816 3863//3828 3862//3827 3850//3815
f 3852//3817 3864//3829 3863//3828 3851//3816
f 3842//3807 3854//3819 3864//3829 3852//3817
f 3853//3818 3865//3830 3866//3831 3854//3819
f 3855//3820 3867//3832 3865//3830 3853//3818
f 3856//3821 3868//3833 3867//3832 3855//3820
f 3857//3822 3869//3834 3868//3833 3856//3821
f 3858//3823 3870//3835 3869//3834 3857//3822
f 3859//3824 3871//3836 3870//3835 3858//3823
f 3860//3825 3872//3837 3871//3836 3859//3824
f 3861//3826 3873//3838 3872//3837 3860//3825
f 3862//3827 3874//3839 3873//3838 3861//3826
f 3863//3828 3875//3840 3874//3839 3862//3827
f 3864//3829 3876//3841 3875//3840 3863//3828
f 3854//3819 3866//3831 3876//3841 3864//3829
f 3865//3830 3877//3842 3878//3843 3866//3831
f 3867//3832 3879//3844 3877//3842 3865//3830
f 3868//3833 3880//3845 3879//3844 3867//3832
f 3869//3834 3881//3846 3880//3845 3868//3833
f 3870//3835 3882//3847 3881//3846 3869//3834
f 3871//3836 3883//3848 3882//3847 3870//3835
f 3872//3837 3884//3849 3883//3848 3871//3836
f 3873//3838 3885//3850 3884//3849 3872//3837
f 3874//3839 3886//3851 3885//3850 3873//3838
f 3875//3840 3887//3852 3886//3851 3874//3839
f 3876//3841 3888//3853 3887//3852 3875//3840
f 3866//3831 3878//3843 3888//3853 3876//3841
f 3877//3842 3889//3854 3890//3855 3878//3843
f 3879//3844 3891//3856 3889//3854 3877//3842
f 3880//3845 3892//3857 3891//3856 3879//3844
f 3881//3846 3893//3858 3892//3857 3880//3845
f 3882//3847 3894//3859 3893//3858 3881//3846
f 3883//3848 3895//3860 3894//3859 3882//3847
f 3884//3849 3896//3861 3895//3860 3883//3848
f 3885//3850 3897//3862 3896//3861 3884//3849
f 3886//3851 3898//3863 3897//3862 3885//3850
f 3887//3852 3899//3864 3898//3863 3886//3851
f 3888//3853 3900//3865 3899//3864 3887//3852
f 3878//3843 3890//3855 3900//3865 3888//3853
f 3889//3854 3901//3866 3902//3867 3890//3855
f 3891//3856 3903//3868 3901//3866 3889//3854
f 3892//3857 3904//3869 3903//3868 3891//3856
f 3893//3858 3905//3870 3904//3869 3892//3857
f 3894//3859 3906//3871 3905//3870 3893//3858
f 3895//3860 3907//3872 3906//3871 3894//3859
f 3896//3861 3908//3873 3907//3872 3895//3860
f 3897//3862 3909//3874 3908//3873 3896//3861
f 3898//3863 3910//3875 3909//3874 3897//3862
f 3899//3864 3911//3876 3910//3875 3898//3863
f 3900//3865 3912//3877 3911//3876 3899//3864
f 3890//3855 3902//3867 3912//3877 3900//3865
f 3901//3866 3913//3878 3914//3879 3902//3867
f 3903//3868 3915//3880 3913//3878 3901//3866
f 3904//3869 3916//3881 3915//3880 3903//3868
f 3905//3870 3917//3882 3916//3881 3904//3869
f 3906//3871 3918//3883 3917//3882 3905//3870
f 3907//3872 3919//3884 3918//3883 3906//3871
f 3908//3873 3920//3885 3919//3884 3907//3872
f 3909//3874 3921//3886 3920//3885 3908//3873
f 3910//3875 3922//3887 3921//3886 3909//3874
f 3911//3876 3923//3888 3922//3887 3910//3875
f 3912//3877 3924//3889 3923//3888 3911//3876
f 3902//3867 3914//3879 3924//3889 3912//3877
f 3913//3878 3925//3890 3926//3891 3914//3879
f 3915//3880 3927//3892 3925//3890 3913//3878
f 3916//3881 3928//3893 3927//3892 3915//3880
f 3917//3882 3929//3894 3928//3893 3916//3881
f 3918//3883 3930//3895 3929//3894 3917//3882
f 3919//3884 3931//3896 3930//3895 3918//3883
f 3920//3885 3932//3897 3931//3896 3919//3884
f 3921//3886 3933//3898 3932//3897 3920//3885
f 3922//3887 3934//3899 3933//3898 3921//3886
f 3923//3888 3935//3900 3934//3899 3922//3887
f 3924//3889 3936//3901 3935//3900 3923//3888
f 3914//3879 3926//3891 3936//3901 3924//3889
f 3925//3890 3937//3902 3938//3903 3926//3891
f 3927//3892 3939//3904 3937//3902 3925//3890
f 3928//3893 3940//3905 3939//3904 3927//3892
f 3929//3894 3941//3906 3940//3905 3928//3893
f 3930//3895 3942//3907 3941//3906 3929//3894
f 3931//3896 3943//3908 3942//3907 3930//3895
f 3932//3897 3944//3909 3943//3908 3931//3896
f 3933//3898 3945//3910 3944//3909 3932//3897
f 3934//3899 3946//3911 3945//3910 3933//3898
f 3935//3900 3947//3912 3946//3911 3934//3899
f 3936//3901 3948//3913 3947//3912 3935//3900
f 3926//3891 3938//3903 3948//3913 3936//3901
f 3937//3902 3949//3914 3950//3915 3938//3903
f 3939//3904 3951//3916 3949//3914 3937//3902
f 3940//3905 3952//3917 3951//3916 3939//3904
f 3941//3906 3953//3918 3952//3917 3940//3905
f 3942//3907 3954//3919 3953//3918 3941//3906
f 3943//3908 3955//3920 3954//3919 3942//3907
f 3944//3909 3956//3921 3955//3920 3943//3908
f 3945//3910 3957//3922 3956//3921 3944//3909
f 3946//3911 3958//3923 3957//3922 3945//3910
f 3947//3912 3959//3924 3958//3923 3946//3911
f 3948//3913 3960//3925 3959//3924 3947//3912
f 3938//3903 3950//3915 3960//3925 3948//3913
f 3949//3914 3961//3926 3962//3927 3950//3915
f 3951//3916 3963//3928 3961//3926 3949//3914
f 3952//3917 3964//3929 3963//3928 3951//3916
f 3953//3918 3965//3930 3964//3929 3952//3917
f 3954//3919 3966//3931 3965//3930 3953//3918
f 3955//3920 3967//3932 3966//3931 3954//3919
f 3956//3921 3968//3933 3967//3932 3955//3920
f 3957//3922 3969//3934 3968//3933 3956//3921
f 3958//3923 3970//3935 3969//3934 3957//3922
f 3959//3924 3971//3936 3970//3935 3958//3923
f 3960//3925 3972//3937 3971//3936 3959//3924
f 3950//3915 3962//3927 3972//3937 3960//3925
f 3961//3926 3973//3938 3974//3939 3962//3927
f 3963//3928 3975//3940 3973//3938 3961//3926
f 3964//3929 3976//3941 3975//3940 3963//3928
f 3965//3930 3977//3942 3976//3941 3964//3929
f 3966//3931 3978//3943 3977//3942 3965//3930
f 3967//3932 3979//3944 3978//3943 3966//3931
f 3968//3933 3980//3945 3979//3944 3967//3932
f 3969//3934 3981//3946 3980//3945 3968//3933
f 3970//3935 3982//3947 3981//3946 3969//3934
f 3971//3936 3983//3948 3982//3947 3970//3935
f 3972//3937 3984//3949 3983//3948 3971//3936
f 3962//3927 3974//3939 3984//3949 3972//3937
f 3973//3938 3985//3950 3986//3951 3974//3939
f 3975//3940 3987//3952 3985//3950 3973//3938
f 3976//3941 3988//3953 3987//3952 3975//3940
f 3977//3942 3989//3954 3988//3953 3976//3941
f 3978//3943 3990//3955 3989//3954 3977//3942
f 3979//3944 3991//3956 3990//3955 3978//3943
f 3980//3945 3992//3957 3991//3956 3979//3944
f 3981//3946 3993//3958 3992//3957 3980//3945
f 3982//3947 3994//3959 3993//3958 3981//3946
f 3983//3948 3995//3960 3994//3959 3982//3947
f 3984//3949 3996//3961 3995//3960 3983//3948
f 3974//3939 3986//3951 3996//3961 3984//3949
f 3985//3950 3997//3962 3998//3963 3986//3951
f 3987//3952 3999//3964 3997//3962 3985//3950
f 3988//3953 4000//3965 3999//3964 3987//3952
f 3989//3954 4001//3966 4000//3965 3988//3953
f 3990//3955 4002//3967 4001//3966 3989//3954
f 3991//3956 4003//3968 4002//3967 3990//3955
f 3992//3957 4004//3969 4003//3968 3991//3956
f 3993//3958 4005//3970 4004//3969 3992//3957
f 3994//3959 4006//3971 4005//3970 3993//3958
f 3995//3960 4007//3972 4006//3971 3994//3959
f 3996//3961 4008//3973 4007//3972 3995//3960
f 3986//3951 3998//3963 4008//3973 3996//3961
f 3997//3962 4009//3974 4010//3975 3998//3963
f 3999//3964 4011//3976 4009//3974 3997//3962
f 4000//3965 4012//3977 4011//3976 3999//3964
f 4001//3966 4013//3978 4012//3977 4000//3965
f 4002//3967 4014//3979 4013//3978 4001//3966
f 4003//3968 4015//3980 4014//3979 4002//3967
f 4004//3969 4016//3981 4015//3980 4003//3968
f 4005//3970 4017//3982 4016//3981 4004//3969
f 4006//3971 4018//3983 4017//3982 4005//3970
f 4007//3972 4019//3984 4018//3983 4006//3971
f 4008//3973 4020//3985 4019//3984 4007//3972
f 3998//3963 4010//3975 4020//3985 4008//3973
f 4009//3974 4021//3986 4022//3987 4010//3975
f 4011//3976 4023//3988 4021//3986 4009//3974
f 4012//3977 4024//3989 4023//3988 4011//3976
f 4013//3978 4025//3990 4024//3989 4012//3977
f 4014//3979 4026//3991 4025//3990 4013//3978
f 4015//3980 4027//3992 4026//3991 4014//3979
f 4016//3981 4028//3993 4027//3992 4015//3980
f 4017//3982 4029//3994 4028//3993 4016//3981
f 4018//3983 4030//3995 4029//3994 4017//3982
f 4019//3984 4031//3996 4030//3995 4018//3983
f 4020//3985 4032//3997 4031//3996 4019//3984
f 4010//3975 4022//3987 4032//3997 4020//3985
f 4021//3986 4033//3998 4034//3999 4022//3987
f 4023//3988 4035//4000 4033//3998 4021//3986
f 4024//3989 4036//4001 4035//4000 4023//3988
f 4025//3990 4037//4002 4036//4001 4024//3989
f 4026//3991 4038//4003 4037//4002 4025//3990
f 4027//3992 4039//4004 4038//4003 4026//3991
f 4028//3993 4040//4005 4039//4004 4027//3992
f 4029//3994 4041//4006 4040//4005 4028//3993
f 4030//3995 4042//4007 4041//4006 4029//3994
f 4031//3996 4043//4008 4042//4007 4030//3995
f 4032//3997 4044//4009 4043//4008 4031//3996
f 4022//3987 4034//3999 4044//4009 4032//3997
f 4033//3998 4045//4010 4046//4011 4034//3999
f 4035//4000 4047//4012 4045//4010 4033//3998
f 4036//4001 4048//4013 4047//4012 4035//4000
f 4037//4002 4049//4014 4048//4013 4036//4001
f 4038//4003 4050//4015 4049//4014 4037//4002
f 4039//4004 4051//4016 4050//4015 4038//4003
f 4040//4005 4052//4017 4051//4016 4039//4004
f 4041//4006 4053//4018 4052//4017 4040//4005
f 4042//4007 4054//4019 4053//4018 4041//4006
f 4043//4008 4055//4020 4054//4019 4042//4007
f 4044//4009 4056//4021 4055//4020 4043//4008
f 4034//3999 4046//4011 4056//4021 4044//4009
f 4045//4010 4057//4022 4058//4023 4046//4011
f 4047//4012 4059//4024 4057//4022 4045//4010
f 4048//4013 4060//4025 4059//4024 4047//4012
f 4049//4014 4061//4026 4060//4025 4048//4013
f 4050//4015 4062//4027 4061//4026 4049//4014
f 4051//4016 4063//4028 4062//4027 4050//4015
f 4052//4017 4064//4029 4063//4028 4051//4016
f 4053//4018 4065//4030 4064//4029 4052//4017
f 4054//4019 4066//4031 4065//4030 4053//4018
f 4055//4020 4067//4032 4066//4031 4054//4019
f 4056//4021 4068//4033 4067//4032 4055//4020
f 4046//4011 4058//4023 4068//4033 4056//4021
f 4057//4022 4069//4034 4070//4035 4058//4023
f 4059//4024 4071//4036 4069//4034 4057//4022
f 4060//4025 4072//4037 4071//4036 4059//4024
f 4061//4026 4073//4038 4072//4037 4060//4025
f 4062//4027 4074//4039 4073//4038 4061//4026
f 4063//4028 4075//4040 4074//4039 4062//4027
f 4064//4029 4076//4041 4075//4040 4063//4028
f 4065//4030 4077//4042 4076//4041 4064//4029
f 4066//4031 4078//4043 4077//4042 4065//4030
f 4067//4032 4079//4044 4078//4043 4066//4031
f 4068//4033 4080//4045 4079//4044 4067//4032
f 4058//4023 4070//4035 4080//4045 4068//4033
f 4069//4034 4081//4046 4082//4047 4070//4035
f 4071//4036 4083//4048 4081//4046 4069//4034
f 4072//4037 4084//4049 4083//4048 4071//4036
f 4073//4038 4085//4050 4084//4049 4072//4037
f 4074//4039 4086//4051 4085//4050 4073//4038
f 4075//4040 4087//4052 4086//4051 4074//4039
f 4076//4041 4088//4053 4087//4052 4075//4040
f 4077//4042 4089//4054 4088//4053 4076//4041
f 4078//4043 4090//4055 4089//4054 4077//4042
f 4079//4044 4091//4056 4090//4055 4078//4043
f 4080//4045 4092//4057 4091//4056 4079//4044
f 4070//4035 4082//4047 4092//4057 4080//4045
f 4081//4046 4093//4058 4094//4059 4082//4047
f 4083//4048 4095//4060 4093//4058 4081//4046
f 4084//4049 4096//4061 4095//4060 4083//4048
f 4085//4050 4097//4062 4096//4061 4084//4049
f 4086//4051 4098//4063 4097//4062 4085//4050
f 4087//4052 4099//4064 4098//4063 4086//4051
f 4088//4053 4100//4065 4099//4064 4087//4052
f 4089//4054 4101//4066 4100//4065 4088//4053
f 4090//4055 4102//4067 4101//4066 4089//4054
f 4091//4056 4103//4068 4102//4067 4090//4055
f 4092//4057 4104//4069 4103//4068 4091//4056
f 4082//4047 4094//4059 4104//4069 4092//4057
f 4093//4058 4105//4070 4106//4071 4094//4059
f 4095//4060 4107//4072 4105//4070 4093//4058
f 4096//4061 4108//4073 4107//4072 4095//4060
f 4097//4062 4109//4074 4108//4073 4096//4061
f 4098//4063 4110//4075 4109//4074 4097//4062
f 4099//4064 4111//4076 4110//4075 4098//4063
f 4100//4065 4112//4077 4111//4076 4099//4064
f 4101//4066 4113//4078 4112//4077 4100//4065
f 4102//4067 4114//4079 4113//4078 4101//4066
f 4103//4068 4115//4080 4114//4079 4102//4067
f 4104//4069 4116//4081 4115//4080 4103//4068
f 4094//4059 4106//4071 4116//4081 4104//4069
f 4105//4070 4117//4082 4118//4083 4106//4071
f 4107//4072 4119//4084 4117//4082 4105//4070
f 4108//4073 4120//4085 4119//4084 4107//4072
f 4109//4074 4121//4086 4120//4085 4108//4073
f 4110//4075 4122//4087 4121//4086 4109//4074
f 4111//4076 4123//4088 4122//4087 4110//4075
f 4112//4077 4124//4089 4123//4088 4111//4076
f 4113//4078 4125//4090 4124//4089 4112//4077
f 4114//4079 4126//4091 4125//4090 4113//4078
f 4115//4080 4127//4092 4126//4091 4114//4079
f 4116//4081 4128//4093 4127//4092 4115//4080
f 4106//4071 4118//4083 4128//4093 4116//4081
f 4117//4082 4129//4094 4130//4095 4118//4083
f 4119//4084 4131//4096 4129//4094 4117//4082
f 4120//4085 4132//4097 4131//4096 4119//4084
f 4121//4086 4133//4098 4132//4097 4120//4085
f 4122//4087 4134//4099 4133//4098 4121//4086
f 4123//4088 4135//4100 4134//4099 4122//4087
f 4124//4089 4136//4101 4135//4100 4123//4088
f 4125//4090 4137//4102 4136//4101 4124//4089
f 4126//4091 4138//4103 4137//4102 4125//4090
f 4127//4092 4139//4104 4138//4103 4126//4091
f 4128//4093 4140//4105 4139//4104 4127//4092
f 4118//4083 4130//4095 4140//4105 4128//4093
f 4129//4094 4141//4106 4142//4107 4130//4095
f 4131//4096 4143//4108 4141//4106 4129//4094
f 4132//4097 4144//4109 4143//4108 4131//4096
f 4133//4098 4145//4110 4144//4109 4132//4097
f 4134//4099 4146//4111 4145//4110 4133//4098
f 4135//4100 4147//4112 4146//4111 4134//4099
f 4136//4101 4148//4113 4147//4112 4135//4100
f 4137//4102 4149//4114 4148//4113 4136//4101
f 4138//4103 4150//4115 4149//4114 4137//4102
f 4139//4104 4151//4116 4150//4115 4138//4103
f 4140//4105 4152//4117 4151//4116 4139//4104
f 4130//4095 4142//4107 4152//4117 4140//4105
f 4141//4106 4153//4118 4154//4119 4142//4107
f 4143//4108 4155//4120 4153//4118 4141//4106
f 4144//4109 4156//4121 4155//4120 4143//4108
f 4145//4110 4157//4122 4156//4121 4144//4109
f 4146//4111 4158//4123 4157//4122 4145//4110
f 4147//4112 4159//4124 4158//4123 4146//4111
f 4148//4113 4160//4125 4159//4124 4147//4112
f 4149//4114 4161//4126 4160//4125 4148//4113
f 4150//4115 4162//4127 4161//4126 4149//4114
f 4151//4116 4163//4128 4162//4127 4150//4115
f 4152//4117 4164//4129 4163//4128 4151//4116
f 4142//4107 4154//4119 4164//4129 4152//4117
f 4153//4118 4165//4130 4166//4131 4154//4119
f 4155//4120 4167//4132 4165//4130 4153//4118
f 4156//4121 4168//4133 4167//4132 4155//4120
f 4157//4122 4169//4134 4168//4133 4156//4121
f 4158//4123 4170//4135 4169//4134 4157//4122
f 4159//4124 4171//4136 4170//4135 4158//4123
f 4160//4125 4172//4137 4171//4136 4159//4124
f 4161//4126 4173//4138 4172//4137 4160//4125
f 4162//4127 4174//4139 4173//4138 4161//4126
f 4163//4128 4175//4140 4174//4139 4162//4127
f 4164//4129 4176//4141 4175//4140 4163//4128
f 4154//4119 4166//4131 4176//4141 4164//4129
f 4165//4130 4177//4142 4178//4143 4166//4131
f 4167//4132 4179//4144 4177//4142 4165//4130
f 4168//4133 4180//4145 4179//4144 4167//4132
f 4169//4134 4181//4146 4180//4145 4168//4133
f 4170//4135 4182//4147 4181//4146 4169//4134
f 4171//4136 4183//4148 4182//4147 4170//4135
f 4172//4137 4184//4149 4183//4148 4171//4136
f 4173//4138 4185//4150 4184//4149 4172//4137
f 4174//4139 4186//4151 4185//4150 4173//4138
f 4175//4140 4187//4152 4186//4151 4174//4139
f 4176//4141 4188//4153 4187//4152 4175//4140
f 4166//4131 4178//4143 4188//4153 4176//4141
f 4177//4142 4189//4154 4190//4155 4178//4143
f 4179//4144 4191//4156 4189//4154 4177//4142
f 4180//4145 4192//4157 4191//4156 4179//4144
f 4181//4146 4193//4158 4192//4157 4180//4145
f 4182//4147 4194//4159 4193//4158 4181//4146
f 4183//4148 4195//4160 4194//4159 4182//4147
f 4184//4149 4196//4161 4195//4160 4183//4148
f 4185//4150 4197//4162 4196//4161 4184//4149
f 4186//4151 4198//4163 4197//4162 4185//4150
f 4187//4152 4199//4164 4198//4163 4186//4151
f 4188//4153 4200//4165 4199//4164 4187//4152
f 4178//4143 4190//4155 4200//4165 4188//4153
f 4189//4154 4201//4166 4202//4167 4190//4155
f 4191//4156 4203//4168 4201//4166 4189//4154
f 4192//4157 4204//4169 4203//4168 4191//4156
f 4193//4158 4205//4170 4204//4169 4192//4157
f 4194//4159 4206//4171 4205//4170 4193//4158
f 4195//4160 4207//4172 4206//4171 4194//4159
f 4196//4161 4208//4173 4207//4172 4195//4160
f 4197//4162 4209//4174 4208//4173 4196//4161
f 4198//4163 4210//4175 4209//4174 4197//4162
f 4199//4164 4211//4176 4210//4175 4198//4163
f 4200//4165 4212//4177 4211//4176 4199//4164
f 4190//4155 4202//4167 4212//4177 4200//4165
f 4201//4166 4213//4178 4214//4179 4202//4167
f 4203//4168 4215//4180 4213//4178 4201//4166
f 4204//4169 4216//4181 4215//4180 4203//4168
f 4205//4170 4217//4182 4216//4181 4204//4169
f 4206//4171 4218//4183 4217//4182 4205//4170
f 4207//4172 4219//4184 4218//4183 4206//4171
f 4208//4173 4220//4185 4219//4184 4207//4172
f 4209//4174 4221//4186 4220//4185 4208//4173
f 4210//4175 4222//4187 4221//4186 4209//4174
f 4211//4176 4223//4188 4222//4187 4210//4175
f 4212//4177 4224//4189 4223//4188 4211//4176
f 4202//4167 4214//4179 4224//4189 4212//4177
f 4213//4178 4225//4190 4226//4191 4214//4179
f 4215//4180 4227//4192 4225//4190 4213//4178
f 4216//4181 4228//4193 4227//4192 4215//4180
f 4217//4182 4229//4194 4228//4193 4216//4181
f 4218//4183 4230//4195 4229//4194 4217//4182
f 4219//4184 4231//4196 4230//4195 4218//4183
f 4220//4185 4232//4197 4231//4196 4219//4184
f 4221//4186 4233//4198 4232//4197 4220//4185
f 4222//4187 4234//4199 4233//4198 4221//4186
f 4223//4188 4235//4200 4234//4199 4222//4187
f 4224//4189 4236//4201 4235//4200 4223//4188
f 4214//4179 4226//4191 4236//4201 4224//4189
f 4225//4190 4237//4202 4238//4203 4226//4191
f 4227//4192 4239//4204 4237//4202 4225//4190
f 4228//4193 4240//4205 4239//4204 4227//4192
f 4229//4194 4241//4206 4240//4205 4228//4193
f 4230//4195 4242//4207 4241//4206 4229//4194
f 4231//4196 4243//4208 4242//4207 4230//4195
f 4232//4197 4244//4209 4243//4208 4231//4196
f 4233//4198 4245//4210 4244//4209 4232//4197
f 4234//4199 4246//4211 4245//4210 4233//4198
f 4235//4200 4247//4212 4246//4211 4234//4199
f 4236//4201 4248//4213 4247//4212 4235//4200
f 4226//4191 4238//4203 4248//4213 4236//4201
f 4237//4202 4249//4214 4250//4215 4238//4203
f 4239//4204 4251//4216 4249//4214 4237//4202
f 4240//4205 4252//4217 4251//4216 4239//4204
f 4241//4206 4253//4218 4252//4217 4240//4205
f 4242//4207 4254//4219 4253//4218 4241//4206
f 4243//4208 4255//4220 4254//4219 4242//4207
f 4244//4209 4256//4221 4255//4220 4243//4208
f 4245//4210 4257//4222 4256//4221 4244//4209
f 4246//4211 4258//4223 4257//4222 4245//4210
f 4247//4212 4259//4224 4258//4223 4246//4211
f 4248//4213 4260//4225 4259//4224 4247//4212
f 4238//4203 4250//4215 4260//4225 4248//4213
f 4249//4214 4261//4226 4262//4227 4250//4215
f 4251//4216 4263//4228 4261//4226 4249//4214
f 4252//4217 4264//4229 4263//4228 4251//4216
f 4253//4218 4265//4230 4264//4229 4252//4217
f 4254//4219 4266//4231 4265//4230 4253//4218
f 4255//4220 4267//4232 4266//4231 4254//4219
f 4256//4221 4268//4233 4267//4232 4255//4220
f 4257//4222 4269//4234 4268//4233 4256//4221
f 4258//4223 4270//4235 4269//4234 4257//4222
f 4259//4224 4271//4236 4270//4235 4258//4223
f 4260//4225 4272//4237 4271//4236 4259//4224
f 4250//4215 4262//4227 4272//4237 4260//4225
f 4261//4226 4273//4238 4274//4239 4262//4227
f 4263//4228 4275//4240 4273//4238 4261//4226
f 4264//4229 4276//4241 4275//4240 4263//4228
f 4265//4230 4277//4242 4276//4241 4264//4229
f 4266//4231 4278//4243 4277//4242 4265//4230
f 4267//4232 4279//4244 4278//4243 4266//4231
f 4268//4233 4280//4245 4279//4244 4267//4232
f 4269//4234 4281//4246 4280//4245 4268//4233
f 4270//4235 4282//4247 4281//4246 4269//4234
f 4271//4236 4283//4248 4282//4247 4270//4235
f 4272//4237 4284//4249 4283//4248 4271//4236
f 4262//4227 4274//4239 4284//4249 4272//4237
f 4273//4238 4285//4250 4286//4251 4274//4239
f 4275//4240 4287//4252 4285//4250 4273//4238
f 4276//4241 4288//4253 4287//4252 4275//4240
f 4277//4242 4289//4254 4288//4253 4276//4241
f 4278//4243 4290//4255 4289//4254 4277//4242
f 4279//4244 4291//4256 4290//4255 4278//4243
f 4280//4245 4292//4257 4291//4256 4279//4244
f 4281//4246 4293//4258 4292//4257 4280//4245
f 4282//4247 4294//4259 4293//4258 4281//4246
f 4283//4248 4295//4260 4294//4259 4282//4247
f 4284//4249 4296//4261 4295//4260 4283//4248
f 4274//4239 4286//4251 4296//4261 4284//4249
f 4285//4250 4297//4262 4298//4263 4286//4251
f 4287//4252 4299//4264 4297//4262 4285//4250
f 4288//4253 4300//4265 4299//4264 4287//4252
f 4289//4254 4301//4266 4300//4265 4288//4253
f 4290//4255 4302//4267 4301//4266 4289//4254
f 4291//4256 4303//4268 4302//4267 4290//4255
f 4292//4257 4304//4269 4303//4268 4291//4256
f 4293//4258 4305//4270 4304//4269 4292//4257
f 4294//4259 4306//4271 4305//4270 4293//4258
f 4295//4260 4307//4272 4306//4271 4294//4259
f 4296//4261 4308//4273 4307//4272 4295//4260
f 4286//4251 4298//4263 4308//4273 4296//4261
f 4297//4262 4309//4274 4310//4275 4298//4263
f 4299//4264 4311//4276 4309//4274 4297//4262
f 4300//4265 4312//4277 4311//4276 4299//4264
f 4301//4266 4313//4278 4312//4277 4300//4265
f 4302//4267 4314//4279 4313//4278 4301//4266
f 4303//4268 4315//4280 4314//4279 4302//4267
f 4304//4269 4316//4281 4315//4280 4303//4268
f 4305//4270 4317//4282 4316//4281 4304//4269
f 4306//4271 4318//4283 4317//4282 4305//4270
f 4307//4272 4319//4284 4318//4283 4306//4271
f 4308//4273 4320//4285 4319//4284 4307//4272
f 4298//4263 4310//4275 4320//4285 4308//4273
f 4309//4274 4321//4286 4322//4287 4310//4275
f 4311//4276 4323//4288 4321//4286 4309//4274
f 4312//4277 4324//4289 4323//4288 4311//4276
f 4313//4278 4325//4290 4324//4289 4312//4277
f 4314//4279 4326//4291 4325//4290 4313//4278
f 4315//4280 4327//4292 4326//4291 4314//4279
f 4316//4281 4328//4293 4327//4292 4315//4280
f 4317//4282 4329//4294 4328//4293 4316//4281
f 4318//4283 4330//4295 4329//4294 4317//4282
f 4319//4284 4331//4296 4330//4295 4318//4283
f 4320//4285 4332//4297 4331//4296 4319//4284
f 4310//4275 4322//4287 4332//4297 4320//4285
f 4321//4286 4333//4298 4334//4299 4322//4287
f 4323//4288 4335//4300 4333//4298 4321//4286
f 4324//4289 4336//4301 4335//4300 4323//4288
f 4325//4290 4337//4302 4336//4301 4324//4289
f 4326//4291 4338//4303 4337//4302 4325//4290
f 4327//4292 4339//4304 4338//4303 4326//4291
f 4328//4293 4340//4305 4339//4304 4327//4292
f 4329//4294 4341//4306 4340//4305 4328//4293
f 4330//4295 4342//4307 4341//4306 4329//4294
f 4331//4296 4343//4308 4342//4307 4330//4295
f 4332//4297 4344//4309 4343//4308 4331//4296
f 4322//4287 4334//4299 4344//4309 4332//4297
f 4333//4298 4345//4310 4346//4311 4334//4299
f 4335//4300 4347//4312 4345//4310 4333//4298
f 4336//4301 4348//4313 4347//4312 4335//4300
f 4337//4302 4349//4314 4348//4313 4336//4301
f 4338//4303 4350//4315 4349//4314 4337//4302
f 4339//4304 4351//4316 4350//4315 4338//4303
f 4340//4305 4352//4317 4351//4316 4339//4304
f 4341//4306 4353//4318 4352//4317 4340//4305
f 4342//4307 4354//4319 4353//4318 4341//4306
f 4343//4308 4355//4320 4354//4319 4342//4307
f 4344//4309 4356//4321 4355//4320 4343//4308
f 4334//4299 4346//4311 4356//4321 4344//4309
f 4345//4310 4357//4322 4358//4323 4346//4311
f 4347//4312 4359//4324 4357//4322 4345//4310
f 4348//4313 4360//4325 4359//4324 4347//4312
f 4349//4314 4361//4326 4360//4325 4348//4313
f 4350//4315 4362//4327 4361//4326 4349//4314
f 4351//4316 4363//4328 4362//4327 4350//4315
f 4352//4317 4364//4329 4363//4328 4351//4316
f 4353//4318 4365//4330 4364//4329 4352//4317
f 4354//4319 4366//4331 4365//4330 4353//4318
f 4355//4320 4367//4332 4366//4331 4354//4319
f 4356//4321 4368//4333 4367//4332 4355//4320
f 4346//4311 4358//4323 4368//4333 4356//4321
f 4357//4322 4369//4334 4370//4335 4358//4323
f 4359//4324 4371//4336 4369//4334 4357//4322
f 4360//4325 4372//4337 4371//4336 4359//4324
f 4361//4326 4373//4338 4372//4337 4360//4325
f 4362//4327 4374//4339 4373//4338 4361//4326
f 4363//4328 4375//4340 4374//4339 4362//4327
f 4364//4329 4376//4341 4375//4340 4363//4328
f 4365//4330 4377//4342 4376//4341 4364//4329
f 4366//4331 4378//4343 4377//4342 4365//4330
f 4367//4332 4379//4344 4378//4343 4366//4331
f 4368//4333 4380//4345 4379//4344 4367//4332
f 4358//4323 4370//4335 4380//4345 4368//4333
f 4369//4334 4381//4346 4382//4347 4370//4335
f 4371//4336 4383//4348 4381//4346 4369//4334
f 4372//4337 4384//4349 4383//4348 4371//4336
f 4373//4338 4385//4350 4384//4349 4372//4337
f 4374//4339 4386//4351 4385//4350 4373//4338
f 4375//4340 4387//4352 4386//4351 4374//4339
f 4376//4341 4388//4353 4387//4352 4375//4340
f 4377//4342 4389//4354 4388//4353 4376//4341
f 4378//4343 4390//4355 4389//4354 4377//4342
f 4379//4344 4391//4356 4390//4355 4378//4343
f 4380//4345 4392//4357 4391//4356 4379//4344
f 4370//4335 4382//4347 4392//4357 4380//4345
f 4381//4346 4393//4358 4394//4359 4382//4347
f 4383//4348 4395//4360 4393//4358 4381//4346
f 4384//4349 4396//4361 4395//4360 4383//4348
f 4385//4350 4397//4362 4396//4361 4384//4349
f 4386//4351 4398//4363 4397//4362 4385//4350
f 4387//4352 4399//4364 4398//4363 4386//4351
f 4388//4353 4400//4365 4399//4364 4387//4352
f 4389//4354 4401//4366 4400//4365 4388//4353
f 4390//4355 4402//4367 4401//4366 4389//4354
f 4391//4356 4403//4368 4402//4367 4390//4355
f 4392//4357 4404//4369 4403//4368 4391//4356
f 4382//4347 4394//4359 4404//4369 4392//4357
f 4393//4358 4405//4370 4406//4371 4394//4359
f 4395//4360 4407//4372 4405//4370 4393//4358
f 4396//4361 4408//4373 4407//4372 4395//4360
f 4397//4362 4409//4374 4408//4373 4396//4361
f 4398//4363 4410//4375 4409//4374 4397//4362
f 4399//4364 4411//4376 4410//4375 4398//4363
f 4400//4365 4412//4377 4411//4376 4399//4364
f 4401//4366 4413//4378 4412//4377 4400//4365
f 4402//4367 4414//4379 4413//4378 4401//4366
f 4403//4368 4415//4380 4414//4379 4402//4367
f 4404//4369 4416//4381 4415//4380 4403//4368
f 4394//4359 4406//4371 4416//4381 4404//4369
f 4417//4382 4418//4383 4419//4384 4420//4385
f 4421//4386 4422//4387 4418//4383 4417//4382
f 4423//4388 4424//4389 4422//4387 4421//4386
f 4425//4390 4426//4391 4424//4389 4423//4388
f 4427//4392 4428//4393 4426//4391 4425//4390
f 4429//4394 4430//4395 4428//4393 4427//4392
f 4431//4396 4432//4397 4430//4395 4429//4394
f 4433//4398 4434//4399 4432//4397 4431//4396
f 4435//4400 4436//4401 4434//4399 4433//4398
f 4437//4402 4438//4403 4436//4401 4435//4400
f 4439//4404 4440//4405 4438//4403 4437//4402
f 4420//4385 4419//4384 4440//4405 4439//4404
f 4418//4383 4441//4406 4442//4407 4419//4384
f 4422//4387 4443//4408 4441//4406 4418//4383
f 4424//4389 4444//4409 4443//4408 4422//4387
f 4426//4391 4445//4410 4444//4409 4424//4389
f 4428//4393 4446//4411 4445//4410 4426//4391
f 4430//4395 4447//4412 4446//4411 4428//4393
f 4432//4397 4448//4413 4447//4412 4430//4395
f 4434//4399 4449//4414 4448//4413 4432//4397
f 4436//4401 4450//4415 4449//4414 4434//4399
f 4438//4403 4451//4416 4450//4415 4436//4401
f 4440//4405 4452//4417 4451//4416 4438//4403
f 4419//4384 4442//4407 4452//4417 4440//4405
f 4441//4406 4453//4418 4454//4419 4442//4407
f 4443//4408 4455//4420 4453//4418 4441//4406
f 4444//4409 4456//4421 4455//4420 4443//4408
f 4445//4410 4457//4422 4456//4421 4444//4409
f 4446//4411 4458//4423 4457//4422 4445//4410
f 4447//4412 4459//4424 4458//4423 4446//4411
f 4448//4413 4460//4425 4459//4424 4447//4412
f 4449//4414 4461//4426 4460//4425 4448//4413
f 4450//4415 4462//4427 4461//4426 4449//4414
f 4451//4416 4463//4428 4462//4427 4450//4415
f 4452//4417 4464//4429 4463//4428 4451//4416
f 4442//4407 4454//4419 4464//4429 4452//4417
f 4453//4418 4465//4430 4466//4431 4454//4419
f 4455//4420 4467//4432 4465//4430 4453//4418
f 4456//4421 4468//4433 4467//4432 4455//4420
f 4457//4422 4469//4434 4468//4433 4456//4421
f 4458//4423 4470//4435 4469//4434 4457//4422
f 4459//4424 4471//4436 4470//4435 4458//4423
f 4460//4425 4472//4437 4471//4436 4459//4424
f 4461//4426 4473//4438 4472//4437 4460//4425
f 4462//4427 4474//4439 4473//4438 4461//4426
f 4463//4428 4475//4440 4474//4439 4462//4427
f 4464//4429 4476//4441 4475//4440 4463//4428
f 4454//4419 4466//4431 4476//4441 4464//4429
f 4465//4430 4477//4442 4478//4443 4466//4431
f 4467//4432 4479//4444 4477//4442 4465//4430
f 4468//4433 4480//4445 4479//4444 4467//4432
f 4469//4434 4481//4446 4480//4445 4468//4433
f 4470//4435 4482//4447 4481//4446 4469//4434
f 4471//4436 4483//4448 4482//4447 4470//4435
f 4472//4437 4484//4449 4483//4448 4471//4436
f 4473//4438 4485//4450 4484//4449 4472//4437
f 4474//4439 4486//4451 4485//4450 4473//4438
f 4475//4440 4487//4452 4486//4451 4474//4439
f 4476//4441 4488//4453 4487//4452 4475//4440
f 4466//4431 4478//4443 4488//4453 4476//4441
f 4477//4442 4489//4454 4490//4455 4478//4443
f 4479//4444 4491//4456 4489//4454 4477//4442
f 4480//4445 4492//4457 4491//4456 4479//4444
f 4481//4446 4493//4458 4492//4457 4480//4445
f 4482//4447 4494//4459 4493//4458 4481//4446
f 4483//4448 4495//4460 4494//4459 4482//4447
f 4484//4449 4496//4461 4495//4460 4483//4448
f 4485//4450 4497//4462 4496//4461 4484//4449
f 4486//4451 4498//4463 4497//4462 4485//4450
f 4487//4452 4499//4464 4498//4463 4486//4451
f 4488//4453 4500//4465 4499//4464 4487//4452
f 4478//4443 4490//4455 4500//4465 4488//4453
f 4489//4454 4501//4466 4502//4467 4490//4455
f 4491//4456 4503//4468 4501//4466 4489//4454
f 4492//4457 4504//4469 4503//4468 4491//4456
f 4493//4458 4505//4470 4504//4469 4492//4457
f 4494//4459 4506//4471 4505//4470 4493//4458
f 4495//4460 4507//4472 4506//4471 4494//4459
f 4496//4461 4508//4473 4507//4472 4495//4460
f 4497//4462 4509//4474 4508//4473 4496//4461
f 4498//4463 4510//4475 4509//4474 4497//4462
f 4499//4464 4511//4476 4510//4475 4498//4463
f 4500//4465 4512//4477 4511//4476 4499//4464
f 4490//4455 4502//4467 4512//4477 4500//4465
f 4501//4466 4513//4478 4514//4479 4502//4467
f 4503//4468 4515//4480 4513//4478 4501//4466
f 4504//4469 4516//4481 4515//4480 4503//4468
f 4505//4470 4517//4482 4516//4481 4504//4469
f 4506//4471 4518//4483 4517//4482 4505//4470
f 4507//4472 4519//4484 4518//4483 4506//4471
f 4508//4473 4520//4485 4519//4484 4507//4472
f 4509//4474 4521//4486 4520//4485 4508//4473
f 4510//4475 4522//4487 4521//4486 4509//4474
f 4511//4476 4523//4488 4522//4487 4510//4475
f 4512//4477 4524//4489 4523//4488 4511//4476
f 4502//4467 4514//4479 4524//4489 4512//4477
f 4513//4478 4525//4490 4526//4491 4514//4479
f 4515//4480 4527//4492 4525//4490 4513//4478
f 4516//4481 4528//4493 4527//4492 4515//4480
f 4517//4482 4529//4494 4528//4493 4516//4481
f 4518//4483 4530//4495 4529//4494 4517//4482
f 4519//4484 4531//4496 4530//4495 4518//4483
f 4520//4485 4532//4497 4531//4496 4519//4484
f 4521//4486 4533//4498 4532//4497 4520//4485
f 4522//4487 4534//4499 4533//4498 4521//4486
f 4523//4488 4535//4500 4534//4499 4522//4487
f 4524//4489 4536//4501 4535//4500 4523//4488
f 4514//4479 4526//4491 4536//4501 4524//4489
f 4525//4490 4537//4502 4538//4503 4526//4491
f 4527//4492 4539//4504 4537//4502 4525//4490
f 4528//4493 4540//4505 4539//4504 4527//4492
f 4529//4494 4541//4506 4540//4505 4528//4493
f 4530//4495 4542//4507 4541//4506 4529//4494
f 4531//4496 4543//4508 4542//4507 4530//4495
f 4532//4497 4544//4509 4543//4508 4531//4496
f 4533//4498 4545//4510 4544//4509 4532//4497
f 4534//4499 4546//4511 4545//4510 4533//4498
f 4535//4500 4547//4512 4546//4511 4534//4499
f 4536//4501 4548//4513 4547//4512 4535//4500
f 4526//4491 4538//4503 4548//4513 4536//4501
f 4537//4502 4549//4514 4550//4515 4538//4503
f 4539//4504 4551//4516 4549//4514 4537//4502
f 4540//4505 4552//4517 4551//4516 4539//4504
f 4541//4506 4553//4518 4552//4517 4540//4505
f 4542//4507 4554//4519 4553//4518 4541//4506
f 4543//4508 4555//4520 4554//4519 4542//4507
f 4544//4509 4556//4521 4555//4520 4543//4508
f 4545//4510 4557//4522 4556//4521 4544//4509
f 4546//4511 4558//4523 4557//4522 4545//4510
f 4547//4512 4559//4524 4558//4523 4546//4511
f 4548//4513 4560//4525 4559//4524 4547//4512
f 4538//4503 4550//4515 4560//4525 4548//4513
f 4549//4514 4561//4526 4562//4527 4550//4515
f 4551//4516 4563//4528 4561//4526 4549//4514
f 4552//4517 4564//4529 4563//4528 4551//4516
f 4553//4518 4565//4530 4564//4529 4552//4517
f 4554//4519 4566//4531 4565//4530 4553//4518
f 4555//4520 4567//4532 4566//4531 4554//4519
f 4556//4521 4568//4533 4567//4532 4555//4520
f 4557//4522 4569//4534 4568//4533 4556//4521
f 4558//4523 4570//4535 4569//4534 4557//4522
f 4559//4524 4571//4536 4570//4535 4558//4523
f 4560//4525 4572//4537 4571//4536 4559//4524
f 4550//4515 4562//4527 4572//4537 4560//4525
f 4561//4526 4573//4538 4574//4539 4562//4527
f 4563//4528 4575//4540 4573//4538 4561//4526
f 4564//4529 4576//4541 4575//4540 4563//4528
f 4565//4530 4577//4542 4576//4541 4564//4529
f 4566//4531 4578//4543 4577//4542 4565//4530
f 4567//4532 4579//4544 4578//4543 4566//4531
f 4568//4533 4580//4545 4579//4544 4567//4532
f 4569//4534 4581//4546 4580//4545 4568//4533
f 4570//4535 4582//4547 4581//4546 4569//4534
f 4571//4536 4583//4548 4582//4547 4570//4535
f 4572//4537 4584//4549 4583//4548 4571//4536
f 4562//4527 4574//4539 4584//4549 4572//4537
f 4573//4538 4585//4550 4586//4551 4574//4539
f 4575//4540 4587//4552 4585//4550 4573//4538
f 4576//4541 4588//4553 4587//4552 4575//4540
f 4577//4542 4589//4554 4588//4553 4576//4541
f 4578//4543 4590//4555 4589//4554 4577//4542
f 4579//4544 4591//4556 4590//4555 4578//4543
f 4580//4545 4592//4557 4591//4556 4579//4544
f 4581//4546 4593//4558 4592//4557 4580//4545
f 4582//4547 4594//4559 4593//4558 4581//4546
f 4583//4548 4595//4560 4594//4559 4582//4547
f 4584//4549 4596//4561 4595//4560 4583//4548
f 4574//4539 4586//4551 4596//4561 4584//4549
f 4585//4550 4597//4562 4598//4563 4586//4551
f 4587//4552 4599//4564 4597//4562 4585//4550
f 4588//4553 4600//4565 4599//4564 4587//4552
f 4589//4554 4601//4566 4600//4565 4588//4553
f 4590//4555 4602//4567 4601//4566 4589//4554
f 4591//4556 4603//4568 4602//4567 4590//4555
f 4592//4557 4604//4569 4603//4568 4591//4556
f 4593//4558 4605//4570 4604//4569 4592//4557
f 4594//4559 4606//4571 4605//4570 4593//4558
f 4595//4560 4607//4572 4606//4571 4594//4559
f 4596//4561 4608//4573 4607//4572 4595//4560
f 4586//4551 4598//4563 4608//4573 4596//4561
f 4597//4562 4609//4574 4610//4575 4598//4563
f 4599//4564 4611//4576 4609//4574 4597//4562
f 4600//4565 4612//4577 4611//4576 4599//4564
f 4601//4566 4613//4578 4612//4577 4600//4565
f 4602//4567 4614//4579 4613//4578 4601//4566
f 4603//4568 4615//4580 4614//4579 4602//4567
f 4604//4569 4616//4581 4615//4580 4603//4568
f 4605//4570 4617//4582 4616//4581 4604//4569
f 4606//4571 4618//4583 4617//4582 4605//4570
f 4607//4572 4619//4584 4618//4583 4606//4571
f 4608//4573 4620//4585 4619//4584 4607//4572
f 4598//4563 4610//4575 4620//4585 4608//4573
f 4609//4574 4621//4586 4622//4587 4610//4575
f 4611//4576 4623//4588 4621//4586 4609//4574
f 4612//4577 4624//4589 4623//4588 4611//4576
f 4613//4578 4625//4590 4624//4589 4612//4577
f 4614//4579 4626//4591 4625//4590 4613//4578
f 4615//4580 4627//4592 4626//4591 4614//4579
f 4616//4581 4628//4593 4627//4592 4615//4580
f 4617//4582 4629//4594 4628//4593 4616//4581
f 4618//4583 4630//4595 4629//4594 4617//4582
f 4619//4584 4631//4596 4630//4595 4618//4583
f 4620//4585 4632//4597 4631//4596 4619//4584
f 4610//4575 4622//4587 4632//4597 4620//4585
f 4621//4586 4633//4598 4634//4599 4622//4587
f 4623//4588 4635//4600 4633//4598 4621//4586
f 4624//4589 4636//4601 4635//4600 4623//4588
f 4625//4590 4637//4602 4636//4601 4624//4589
f 4626//4591 4638//4603 4637//4602 4625//4590
f 4627//4592 4639//4604 4638//4603 4626//4591
f 4628//4593 4640//4605 4639//4604 4627//4592
f 4629//4594 4641//4606 4640//4605 4628//4593
f 4630//4595 4642//4607 4641//4606 4629//4594
f 4631//4596 4643//4608 4642//4607 4630//4595
f 4632//4597 4644//4609 4643//4608 4631//4596
f 4622//4587 4634//4599 4644//4609 4632//4597
f 4633//4598 4645//4610 4646//4611 4634//4599
f 4635//4600 4647//4612 4645//4610 4633//4598
f 4636//4601 4648//4613 4647//4612 4635//4600
f 4637//4602 4649//4614 4648//4613 4636//4601
f 4638//4603 4650//4615 4649//4614 4637//4602
f 4639//4604 4651//4616 4650//4615 4638//4603
f 4640//4605 4652//4617 4651//4616 4639//4604
f 4641//4606 4653//4618 4652//4617 4640//4605
f 4642//4607 4654//4619 4653//4618 4641//4606
f 4643//4608 4655//4620 4654//4619 4642//4607
f 4644//4609 4656//4621 4655//4620 4643//4608
f 4634//4599 4646//4611 4656//4621 4644//4609
f 4645//4610 4657//4622 4658//4623 4646//4611
f 4647//4612 4659//4624 4657//4622 4645//4610
f 4648//4613 4660//4625 4659//4624 4647//4612
f 4649//4614 4661//4626 4660//4625 4648//4613
f 4650//4615 4662//4627 4661//4626 4649//4614
f 4651//4616 4663//4628 4662//4627 4650//4615
f 4652//4617 4664//4629 4663//4628 4651//4616
f 4653//4618 4665//4630 4664//4629 4652//4617
f 4654//4619 4666//4631 4665//4630 4653//4618
f 4655//4620 4667//4632 4666//4631 4654//4619
f 4656//4621 4668//4633 4667//4632 4655//4620
f 4646//4611 4658//4623 4668//4633 4656//4621
f 4657//4622 4669//4634 4670//4635 4658//4623
f 4659//4624 4671//4636 4669//4634 4657//4622
f 4660//4625 4672//4637 4671//4636 4659//4624
f 4661//4626 4673//4638 4672//4637 4660//4625
f 4662//4627 4674//4639 4673//4638 4661//4626
f 4663//4628 4675//4640 4674//4639 4662//4627
f 4664//4629 4676//4641 4675//4640 4663//4628
f 4665//4630 4677//4642 4676//4641 4664//4629
f 4666//4631 4678//4643 4677//4642 4665//4630
f 4667//4632 4679//4644 4678//4643 4666//4631
f 4668//4633 4680//4645 4679//4644 4667//4632
f 4658//4623 4670//4635 4680//4645 4668//4633
f 4669//4634 4681//4646 4682//4647 4670//4635
f 4671//4636 4683//4648 4681//4646 4669//4634
f 4672//4637 4684//4649 4683//4648 4671//4636
f 4673//4638 4685//4650 4684//4649 4672//4637
f 4674//4639 4686//4651 4685//4650 4673//4638
f 4675//4640 4687//4652 4686//4651 4674//4639
f 4676//4641 4688//4653 4687//4652 4675//4640
f 4677//4642 4689//4654 4688//4653 4676//4641
f 4678//4643 4690//4655 4689//4654 4677//4642
f 4679//4644 4691//4656 4690//4655 4678//4643
f 4680//4645 4692//4657 4691//4656 4679//4644
f 4670//4635 4682//4647 4692//4657 4680//4645
f 4681//4646 4693//4658 4694//4659 4682//4647
f 4683//4648 4695//4660 4693//4658 4681//4646
f 4684//4649 4696//4661 4695//4660 4683//4648
f 4685//4650 4697//4662 4696//4661 4684//4649
f 4686//4651 4698//4663 4697//4662 4685//4650
f 4687//4652 4699//4664 4698//4663 4686//4651
f 4688//4653 4700//4665 4699//4664 4687//4652
f 4689//4654 4701//4666 4700//4665 4688//4653
f 4690//4655 4702//4667 4701//4666 4689//4654
f 4691//4656 4703//4668 4702//4667 4690//4655
f 4692//4657 4704//4669 4703//4668 4691//4656
f 4682//4647 4694//4659 4704//4669 4692//4657
f 4693//4658 4705//4670 4706//4671 4694//4659
f 4695//4660 4707//4672 4705//4670 4693//4658
f 4696//4661 4708//4673 4707//4672 4695//4660
f 4697//4662 4709//4674 4708//4673 4696//4661
f 4698//4663 4710//4675 4709//4674 4697//4662
f 4699//4664 4711//4676 4710//4675 4698//4663
f 4700//4665 4712//4677 4711//4676 4699//4664
f 4701//4666 4713//4678 4712//4677 4700//4665
f 4702//4667 4714//4679 4713//4678 4701//4666
f 4703//4668 4715//4680 4714//4679 4702//4667
f 4704//4669 4716//4681 4715//4680 4703//4668
f 4694//4659 4706//4671 4716//4681 4704//4669
f 4705//4670 4717//4682 4718//4683 4706//4671
f 4707//4672 4719//4684 4717//4682 4705//4670
f 4708//4673 4720//4685 4719//4684 4707//4672
f 4709//4674 4721//4686 4720//4685 4708//4673
f 4710//4675 4722//4687 4721//4686 4709//4674
f 4711//4676 4723//4688 4722//4687 4710//4675
f 4712//4677 4724//4689 4723//4688 4711//4676
f 4713//4678 4725//4690 4724//4689 4712//4677
f 4714//4679 4726//4691 4725//4690 4713//4678
f 4715//4680 4727//4692 4726//4691 4714//4679
f 4716//4681 4728//4693 4727//4692 4715//4680
f 4706//4671 4718//4683 4728//4693 4716//4681
f 4717//4682 4729//4694 4730//4695 4718//4683
f 4719//4684 4731//4696 4729//4694 4717//4682
f 4720//4685 4732//4697 4731//4696 4719//4684
f 4721//4686 4733//4698 4732//4697 4720//4685
f 4722//4687 4734//4699 4733//4698 4721//4686
f 4723//4688 4735//4700 4734//4699 4722//4687
f 4724//4689 4736//4701 4735//4700 4723//4688
f 4725//4690 4737//4702 4736//4701 4724//4689
f 4726//4691 4738//4703 4737//4702 4725//4690
f 4727//4692 4739//4704 4738//4703 4726//4691
f 4728//4693 4740//4705 4739//4704 4727//4692
f 4718//4683 4730//4695 4740//4705 4728//4693
f 4729//4694 4741//4706 4742//4707 4730//4695
f 4731//4696 4743//4708 4741//4706 4729//4694
f 4732//4697 4744//4709 4743//4708 4731//4696
f 4733//4698 4745//4710 4744//4709 4732//4697
f 4734//4699 4746//4711 4745//4710 4733//4698
f 4735//4700 4747//4712 4746//4711 4734//4699
f 4736//4701 4748//4713 4747//4712 4735//4700
f 4737//4702 4749//4714 4748//4713 4736//4701
f 4738//4703 4750//4715 4749//4714 4737//4702
f 4739//4704 4751//4716 4750//4715 4738//4703
f 4740//4705 4752//4717 4751//4716 4739//4704
f 4730//4695 4742//4707 4752//4717 4740//4705
f 4741//4706 4753//4718 4754//4719 4742//4707
f 4743//4708 4755//4720 4753//4718 4741//4706
f 4744//4709 4756//4721 4755//4720 4743//4708
f 4745//4710 4757//4722 4756//4721 4744//4709
f 4746//4711 4758//4723 4757//4722 4745//4710
f 4747//4712 4759//4724 4758//4723 4746//4711
f 4748//4713 4760//4725 4759//4724 4747//4712
f 4749//4714 4761//4726 4760//4725 4748//4713
f 4750//4715 4762//4727 4761//4726 4749//4714
f 4751//4716 4763//4728 4762//4727 4750//4715
f 4752//4717 4764//4729 4763//4728 4751//4716
f 4742//4707 4754//4719 4764//4729 4752//4717
f 4753//4718 4765//4730 4766//4731 4754//4719
f 4755//4720 4767//4732 4765//4730 4753//4718
f 4756//4721 4768//4733 4767//4732 4755//4720
f 4757//4722 4769//4734 4768//4733 4756//4721
f 4758//4723 4770//4735 4769//4734 4757//4722
f 4759//4724 4771//4736 4770//4735 4758//4723
f 4760//4725 4772//4737 4771//4736 4759//4724
f 4761//4726 4773//4738 4772//4737 4760//4725
f 4762//4727 4774//4739 4773//4738 4761//4726
f 4763//4728 4775//4740 4774//4739 4762//4727
f 4764//4729 4776//4741 4775//4740 4763//4728
f 4754//4719 4766//4731 4776//4741 4764//4729
f 4765//4730 4777//4742 4778//4743 4766//4731
f 4767//4732 4779//4744 4777//4742 4765//4730
f 4768//4733 4780//4745 4779//4744 4767//4732
f 4769//4734 4781//4746 4780//4745 4768//4733
f 4770//4735 4782//4747 4781//4746 4769//4734
f 4771//4736 4783//4748 4782//4747 4770//4735
f 4772//4737 4784//4749 4783//4748 4771//4736
f 4773//4738 4785//4750 4784//4749 4772//4737
f 4774//4739 4786//4751 4785//4750 4773//4738
f 4775//4740 4787//4752 4786//4751 4774//4739
f 4776//4741 4788//4753 4787//4752 4775//4740
f 4766//4731 4778//4743 4788//4753 4776//4741
f 4777//4742 4789//4754 4790//4755 4778//4743
f 4779//4744 4791//4756 4789//4754 4777//4742
f 4780//4745 4792//4757 4791//4756 4779//4744
f 4781//4746 4793//4758 4792//4757 4780//4745
f 4782//4747 4794//4759 4793//4758 4781//4746
f 4783//4748 4795//4760 4794//4759 4782//4747
f 4784//4749 4796//4761 4795//4760 4783//4748
f 4785//4750 4797//4762 4796//4761 4784//4749
f 4786//4751 4798//4763 4797//4762 4785//4750
f 4787//4752 4799//4764 4798//4763 4786//4751
f 4788//4753 4800//4765 4799//4764 4787//4752
f 4778//4743 4790//4755 4800//4765 4788//4753
f 4789//4754 4801//4766 4802//4767 4790//4755
f 4791//4756 4803//4768 4801//4766 4789//4754
f 4792//4757 4804//4769 4803//4768 4791//4756
f 4793//4758 4805//4770 4804//4769 4792//4757
f 4794//4759 4806//4771 4805//4770 4793//4758
f 4795//4760 4807//4772 4806//4771 4794//4759
f 4796//4761 4808//4773 4807//4772 4795//4760
f 4797//4762 4809//4774 4808//4773 4796//4761
f 4798//4763 4810//4775 4809//4774 4797//4762
f 4799//4764 4811//4776 4810//4775 4798//4763
f 4800//4765 4812//4777 4811//4776 4799//4764
f 4790//4755 4802//4767 4812//4777 4800//4765
f 4801//4766 4813//4778 4814//4779 4802//4767
f 4803//4768 4815//4780 4813//4778 4801//4766
f 4804//4769 4816//4781 4815//4780 4803//4768
f 4805//4770 4817//4782 4816//4781 4804//4769
f 4806//4771 4818//4783 4817//4782 4805//4770
f 4807//4772 4819//4784 4818//4783 4806//4771
f 4808//4773 4820//4785 4819//4784 4807//4772
f 4809//4774 4821//4786 4820//4785 4808//4773
f 4810//4775 4822//4787 4821//4786 4809//4774
f 4811//4776 4823//4788 4822//4787 4810//4775
f 4812//4777 4824//4789 4823//4788 4811//4776
f 4802//4767 4814//4779 4824//4789 4812//4777
f 4813//4778 4825//4790 4826//4791 4814//4779
f 4815//4780 4827//4792 4825//4790 4813//4778
f 4816//4781 4828//4793 4827//4792 4815//4780
f 4817//4782 4829//4794 4828//4793 4816//4781
f 4818//4783 4830//4795 4829//4794 4817//4782
f 4819//4784 4831//4796 4830//4795 4818//4783
f 4820//4785 4832//4797 4831//4796 4819//4784
f 4821//4786 4833//4798 4832//4797 4820//4785
f 4822//4787 4834//4799 4833//4798 4821//4786
f 4823//4788 4835//4800 4834//4799 4822//4787
f 4824//4789 4836//4801 4835//4800 4823//4788
f 4814//4779 4826//4791 4836//4801 4824//4789
f 4825//4790 4837//4802 4838//4803 4826//4791
f 4827//4792 4839//4804 4837//4802 4825//4790
f 4828//4793 4840//4805 4839//4804 4827//4792
f 4829//4794 4841//4806 4840//4805 4828//4793
f 4830//4795 4842//4807 4841//4806 4829//4794
f 4831//4796 4843//4808 4842//4807 4830//4795
f 4832//4797 4844//4809 4843//4808 4831//4796
f 4833//4798 4845//4810 4844//4809 4832//4797
f 4834//4799 4846//4811 4845//4810 4833//4798
f 4835//4800 4847//4812 4846//4811 4834//4799
f 4836//4801 4848//4813 4847//4812 4835//4800
f 4826//4791 4838//4803 4848//4813 4836//4801
f 4837//4802 4849//4814 4850//4815 4838//4803
f 4839//4804 4851//4816 4849//4814 4837//4802
f 4840//4805 4852//4817 4851//4816 4839//4804
f 4841//4806 4853//4818 4852//4817 4840//4805
f 4842//4807 4854//4819 4853//4818 4841//4806
f 4843//4808 4855//4820 4854//4819 4842//4807
f 4844//4809 4856//4821 4855//4820 4843//4808
f 4845//4810 4857//4822 4856//4821 4844//4809
f 4846//4811 4858//4823 4857//4822 4845//4810
f 4847//4812 4859//4824 4858//4823 4846//4811
f 4848//4813 4860//4825 4859//4824 4847//4812
f 4838//4803 4850//4815 4860//4825 4848//4813
f 4849//4814 4861//4826 4862//4827 4850//4815
f 4851//4816 4863//4828 4861//4826 4849//4814
f 4852//4817 4864//4829 4863//4828 4851//4816
f 4853//4818 4865//4830 4864//4829 4852//4817
f 4854//4819 4866//4831 4865//4830 4853//4818
f 4855//4820 4867//4832 4866//4831 4854//4819
f 4856//4821 4868//4833 4867//4832 4855//4820
f 4857//4822 4869//4834 4868//4833 4856//4821
f 4858//4823 4870//4835 4869//4834 4857//4822
f 4859//4824 4871//4836 4870//4835 4858//4823
f 4860//4825 4872//4837 4871//4836 4859//4824
f 4850//4815 4862//4827 4872//4837 4860//4825
f 4861//4826 4873//4838 4874//4839 4862//4827
f 4863//4828 4875//4840 4873//4838 4861//4826
f 4864//4829 4876//4841 4875//4840 4863//4828
f 4865//4830 4877//4842 4876//4841 4864//4829
f 4866//4831 4878//4843 4877//4842 4865//4830
f 4867//4832 4879//4844 4878//4843 4866//4831
f 4868//4833 4880//4845 4879//4844 4867//4832
f 4869//4834 4881//4846 4880//4845 4868//4833
f 4870//4835 4882//4847 4881//4846 4869//4834
f 4871//4836 4883//4848 4882//4847 4870//4835
f 4872//4837 4884//4849 4883//4848 4871//4836
f 4862//4827 4874//4839 4884//4849 4872//4837
f 4873//4838 4885//4850 4886//4851 4874//4839
f 4875//4840 4887//4852 4885//4850 4873//4838
f 4876//4841 4888//4853 4887//4852 4875//4840
f 4877//4842 4889//4854 4888//4853 4876//4841
f 4878//4843 4890//4855 4889//4854 4877//4842
f 4879//4844 4891//4856 4890//4855 4878//4843
f 4880//4845 4892//4857 4891//4856 4879//4844
f 4881//4846 4893//4858 4892//4857 4880//4845
f 4882//4847 4894//4859 4893//4858 4881//4846
f 4883//4848 4895//4860 4894//4859 4882//4847
f 4884//4849 4896//4861 4895//4860 4883//4848
f 4874//4839 4886//4851 4896//4861 4884//4849
f 4885//4850 4897//4862 4898//4863 4886//4851
f 4887//4852 4899//4864 4897//4862 4885//4850
f 4888//4853 4900//4865 4899//4864 4887//4852
f 4889//4854 4901//4866 4900//4865 4888//4853
f 4890//4855 4902//4867 4901//4866 4889//4854
f 4891//4856 4903//4868 4902//4867 4890//4855
f 4892//4857 4904//4869 4903//4868 4891//4856
f 4893//4858 4905//4870 4904//4869 4892//4857
f 4894//4859 4906//4871 4905//4870 4893//4858
f 4895//4860 4907//4872 4906//4871 4894//4859
f 4896//4861 4908//4873 4907//4872 4895//4860
f 4886//4851 4898//4863 4908//4873 4896//4861
f 4897//4862 4909//4874 4910//4875 4898//4863
f 4899//4864 4911//4876 4909//4874 4897//4862
f 4900//4865 4912//4877 4911//4876 4899//4864
f 4901//4866 4913//4878 4912//4877 4900//4865
f 4902//4867 4914//4879 4913//4878 4901//4866
f 4903//4868 4915//4880 4914//4879 4902//4867
f 4904//4869 4916//4881 4915//4880 4903//4868
f 4905//4870 4917//4882 4916//4881 4904//4869
f 4906//4871 4918//4883 4917//4882 4905//4870
f 4907//4872 4919//4884 4918//4883 4906//4871
f 4908//4873 4920//4885 4919//4884 4907//4872
f 4898//4863 4910//4875 4920//4885 4908//4873
f 4909//4874 4921//4886 4922//4887 4910//4875
f 4911//4876 4923//4888 4921//4886 4909//4874
f 4912//4877 4924//4889 4923//4888 4911//4876
f 4913//4878 4925//4890 4924//4889 4912//4877
f 4914//4879 4926//4891 4925//4890 4913//4878
f 4915//4880 4927//4892 4926//4891 4914//4879
f 4916//4881 4928//4893 4927//4892 4915//4880
f 4917//4882 4929//4894 4928//4893 4916//4881
f 4918//4883 4930//4895 4929//4894 4917//4882
f 4919//4884 4931//4896 4930//4895 4918//4883
f 4920//4885 4932//4897 4931//4896 4919//4884
f 4910//4875 4922//4887 4932//4897 4920//4885
f 4921//4886 4933//4898 4934//4899 4922//4887
f 4923//4888 4935//4900 4933//4898 4921//4886
f 4924//4889 4936//4901 4935//4900 4923//4888
f 4925//4890 4937//4902 4936//4901 4924//4889
f 4926//4891 4938//4903 4937//4902 4925//4890
f 4927//4892 4939//4904 4938//4903 4926//4891
f 4928//4893 4940//4905 4939//4904 4927//4892
f 4929//4894 4941//4906 4940//4905 4928//4893
f 4930//4895 4942//4907 4941//4906 4929//4894
f 4931//4896 4943//4908 4942//4907 4930//4895
f 4932//4897 4944//4909 4943//4908 4931//4896
f 4922//4887 4934//4899 4944//4909 4932//4897
f 4933//4898 4945//4910 4946//4911 4934//4899
f 4935//4900 4947//4912 4945//4910 4933//4898
f 4936//4901 4948//4913 4947//4912 4935//4900
f 4937//4902 4949//4914 4948//4913 4936//4901
f 4938//4903 4950//4915 4949//4914 4937//4902
f 4939//4904 4951//4916 4950//4915 4938//4903
f 4940//4905 4952//4917 4951//4916 4939//4904
f 4941//4906 4953//4918 4952//4917 4940//4905
f 4942//4907 4954//4919 4953//4918 4941//4906
f 4943//4908 4955//4920 4954//4919 4942//4907
f 4944//4909 4956//4921 4955//4920 4943//4908
f 4934//4899 4946//4911 4956//4921 4944//4909
f 4945//4910 4957//4922 4958//4923 4946//4911
f 4947//4912 4959//4924 4957//4922 4945//4910
f 4948//4913 4960//4925 4959//4924 4947//4912
f 4949//4914 4961//4926 4960//4925 4948//4913
f 4950//4915 4962//4927 4961//4926 4949//4914
f 4951//4916 4963//4928 4962//4927 4950//4915
f 4952//4917 4964//4929 4963//4928 4951//4916
f 4953//4918 4965//4930 4964//4929 4952//4917
f 4954//4919 4966//4931 4965//4930 4953//4918
f 4955//4920 4967//4932 4966//4931 4954//4919
f 4956//4921 4968//4933 4967//4932 4955//4920
f 4946//4911 4958//4923 4968//4933 4956//4921
f 4957//4922 4969//4934 4970//4935 4958//4923
f 4959//4924 4971//4936 4969//4934 4957//4922
f 4960//4925 4972//4937 4971//4936 4959//4924
f 4961//4926 4973//4938 4972//4937 4960//4925
f 4962//4927 4974//4939 4973//4938 4961//4926
f 4963//4928 4975//4940 4974//4939 4962//4927
f 4964//4929 4976//4941 4975//4940 4963//4928
f 4965//4930 4977//4942 4976//4941 4964//4929
f 4966//4931 4978//4943 4977//4942 4965//4930
f 4967//4932 4979//4944 4978//4943 4966//4931
f 4968//4933 4980//4945 4979//4944 4967//4932
f 4958//4923 4970//4935 4980//4945 4968//4933
f 4969//4934 4981//4946 4982//4947 4970//4935
f 4971//4936 4983//4948 4981//4946 4969//4934
f 4972//4937 4984//4949 4983//4948 4971//4936
f 4973//4938 4985//4950 4984//4949 4972//4937
f 4974//4939 4986//4951 4985//4950 4973//4938
f 4975//4940 4987//4952 4986//4951 4974//4939
f 4976//4941 4988//4953 4987//4952 4975//4940
f 4977//4942 4989//4954 4988//4953 4976//4941
f 4978//4943 4990//4955 4989//4954 4977//4942
f 4979//4944 4991//4956 4990//4955 4978//4943
f 4980//4945 4992//4957 4991//4956 4979//4944
f 4970//4935 4982//4947 4992//4957 4980//4945
f 4981//4946 4993//4958 4994//4959 4982//4947
f 4983//4948 4995//4960 4993//4958 4981//4946
f 4984//4949 4996//4961 4995//4960 4983//4948
f 4985//4950 4997//4962 4996//4961 4984//4949
f 4986//4951 4998//4963 4997//4962 4985//4950
f 4987//4952 4999//4964 4998//4963 4986//4951
f 4988//4953 5000//4965 4999//4964 4987//4952
f 4989//4954 5001//4966 5000//4965 4988//4953
f 4990//4955 5002//4967 5001//4966 4989//4954
f 4991//4956 5003//4968 5002//4967 4990//4955
f 4992//4957 5004//4969 5003//4968 4991//4956
f 4982//4947 4994//4959 5004//4969 4992//4957
