# Extracted from Open3DModel lower-limb.obj — Proper_plantar_digital_branches_(Lateral_plantar_nerve).r
# License: CC BY-SA 4.0 — AnatomyTOOL Open3D create
o Proper_plantar_digital_branches_(Lateral_plantar_nerve).r
v -0.134020 0.009681 0.109639
v -0.134061 0.009681 0.109639
v -0.134041 0.009678 0.109640
v -0.134005 0.009691 0.109636
v -0.134077 0.009690 0.109637
v -0.134000 0.009704 0.109633
v -0.134082 0.009703 0.109633
v -0.134005 0.009718 0.109630
v -0.134077 0.009717 0.109630
v -0.134021 0.009727 0.109628
v -0.134062 0.009726 0.109628
v -0.134041 0.009730 0.109627
v -0.119672 0.010257 0.048084
v -0.119357 0.010256 0.048139
v -0.119514 0.010228 0.048110
v -0.119243 0.010332 0.048164
v -0.119788 0.010333 0.048068
v -0.119202 0.010436 0.048178
v -0.119831 0.010437 0.048067
v -0.119245 0.010540 0.048176
v -0.119789 0.010541 0.048081
v -0.119360 0.010616 0.048161
v -0.119675 0.010617 0.048105
v -0.119518 0.010645 0.048135
v -0.141522 0.010464 0.091922
v -0.141543 0.010450 0.091890
v -0.141530 0.010454 0.091908
v -0.141556 0.010455 0.091872
v -0.141520 0.010478 0.091928
v -0.141567 0.010465 0.091861
v -0.141526 0.010492 0.091925
v -0.141573 0.010479 0.091858
v -0.141537 0.010503 0.091914
v -0.141571 0.010494 0.091864
v -0.141550 0.010507 0.091897
v -0.141563 0.010503 0.091879
v -0.119460 0.010289 0.047463
v -0.119109 0.010294 0.047608
v -0.119283 0.010258 0.047533
v -0.118985 0.010386 0.047667
v -0.119592 0.010377 0.047416
v -0.118944 0.010511 0.047696
v -0.119645 0.010500 0.047405
v -0.118996 0.010633 0.047685
v -0.119603 0.010624 0.047433
v -0.119128 0.010722 0.047638
v -0.119479 0.010716 0.047493
v -0.119305 0.010752 0.047568
v -0.144974 0.009934 0.090839
v -0.145024 0.009933 0.090830
v -0.144999 0.009929 0.090835
v -0.144956 0.009947 0.090840
v -0.145042 0.009944 0.090826
v -0.144950 0.009963 0.090839
v -0.145048 0.009960 0.090823
v -0.144957 0.009979 0.090836
v -0.145042 0.009976 0.090822
v -0.144975 0.009990 0.090832
v -0.145024 0.009989 0.090823
v -0.145000 0.009994 0.090827
v -0.132119 0.010806 0.044747
v -0.131959 0.010884 0.044862
v -0.132026 0.010805 0.044814
v -0.132211 0.010888 0.044677
v -0.131935 0.011023 0.044877
v -0.132279 0.011028 0.044625
v -0.131961 0.011184 0.044856
v -0.132305 0.011189 0.044604
v -0.132029 0.011324 0.044804
v -0.132281 0.011328 0.044619
v -0.132122 0.011406 0.044735
v -0.132214 0.011407 0.044667
v -0.131961 0.011184 0.044856
v -0.133238 0.011208 0.046643
v -0.133209 0.011052 0.046664
v -0.131935 0.011023 0.044877
v -0.132029 0.011324 0.044804
v -0.133309 0.011341 0.046593
v -0.132122 0.011406 0.044735
v -0.133403 0.011418 0.046529
v -0.132214 0.011407 0.044667
v -0.133494 0.011417 0.046466
v -0.132281 0.011328 0.044619
v -0.133559 0.011338 0.046423
v -0.132305 0.011189 0.044604
v -0.133580 0.011203 0.046410
v -0.132279 0.011028 0.044625
v -0.133551 0.011048 0.046431
v -0.132211 0.010888 0.044677
v -0.133480 0.010914 0.046481
v -0.132119 0.010806 0.044747
v -0.133386 0.010837 0.046545
v -0.132026 0.010805 0.044814
v -0.133295 0.010839 0.046608
v -0.131959 0.010884 0.044862
v -0.133230 0.010917 0.046651
v -0.134358 0.011221 0.048336
v -0.134326 0.011072 0.048357
v -0.134431 0.011349 0.048290
v -0.134526 0.011421 0.048230
v -0.134617 0.011417 0.048173
v -0.134680 0.011339 0.048135
v -0.134697 0.011208 0.048124
v -0.134666 0.011058 0.048145
v -0.134592 0.010931 0.048192
v -0.134497 0.010859 0.048251
v -0.134406 0.010863 0.048308
v -0.134344 0.010940 0.048346
v -0.135327 0.011230 0.049958
v -0.135292 0.011086 0.049978
v -0.135403 0.011351 0.049915
v -0.135499 0.011418 0.049862
v -0.135589 0.011412 0.049812
v -0.135650 0.011335 0.049778
v -0.135665 0.011208 0.049770
v -0.135630 0.011064 0.049790
v -0.135555 0.010943 0.049833
v -0.135459 0.010876 0.049886
v -0.135368 0.010882 0.049937
v -0.135307 0.010959 0.049970
v -0.136153 0.011238 0.051532
v -0.136116 0.011100 0.051551
v -0.136231 0.011354 0.051494
v -0.136328 0.011416 0.051447
v -0.136418 0.011408 0.051404
v -0.136478 0.011332 0.051376
v -0.136490 0.011208 0.051371
v -0.136452 0.011070 0.051389
v -0.136375 0.010955 0.051427
v -0.136278 0.010893 0.051474
v -0.136187 0.010901 0.051518
v -0.136128 0.010977 0.051546
v -0.136845 0.011251 0.053081
v -0.136805 0.011119 0.053098
v -0.136924 0.011361 0.053048
v -0.137022 0.011418 0.053008
v -0.137111 0.011408 0.052972
v -0.137169 0.011333 0.052950
v -0.137179 0.011214 0.052948
v -0.137139 0.011082 0.052965
v -0.137059 0.010972 0.052998
v -0.136962 0.010915 0.053038
v -0.136872 0.010925 0.053073
v -0.136815 0.011000 0.053095
v -0.137409 0.011273 0.054628
v -0.137367 0.011147 0.054643
v -0.137490 0.011377 0.054600
v -0.137587 0.011430 0.054568
v -0.137675 0.011418 0.054540
v -0.137731 0.011345 0.054524
v -0.137738 0.011229 0.054523
v -0.137696 0.011103 0.054539
v -0.137615 0.010999 0.054567
v -0.137518 0.010946 0.054599
v -0.137429 0.010958 0.054627
v -0.137374 0.011031 0.054643
v -0.137853 0.011309 0.056196
v -0.137809 0.011189 0.056210
v -0.137934 0.011407 0.056174
v -0.138031 0.011456 0.056149
v -0.138118 0.011443 0.056129
v -0.138171 0.011371 0.056118
v -0.138176 0.011260 0.056120
v -0.138132 0.011139 0.056134
v -0.138050 0.011041 0.056157
v -0.137954 0.010992 0.056181
v -0.137867 0.011006 0.056202
v -0.137814 0.011077 0.056212
v -0.138185 0.011364 0.057810
v -0.138140 0.011249 0.057822
v -0.138266 0.011456 0.057793
v -0.138362 0.011501 0.057775
v -0.138446 0.011487 0.057762
v -0.138496 0.011417 0.057756
v -0.138499 0.011310 0.057760
v -0.138453 0.011195 0.057772
v -0.138372 0.011103 0.057790
v -0.138277 0.011058 0.057807
v -0.138192 0.011072 0.057821
v -0.138142 0.011142 0.057826
v -0.138411 0.011443 0.059492
v -0.138365 0.011334 0.059503
v -0.138492 0.011530 0.059480
v -0.138585 0.011571 0.059468
v -0.138666 0.011555 0.059461
v -0.138713 0.011487 0.059460
v -0.138714 0.011385 0.059465
v -0.138668 0.011275 0.059476
v -0.138587 0.011189 0.059489
v -0.138494 0.011147 0.059500
v -0.138413 0.011163 0.059507
v -0.138366 0.011231 0.059508
v -0.138540 0.011550 0.061266
v -0.138493 0.011447 0.061275
v -0.138619 0.011632 0.061257
v -0.138710 0.011669 0.061251
v -0.138787 0.011653 0.061249
v -0.138831 0.011587 0.061251
v -0.138829 0.011489 0.061258
v -0.138783 0.011385 0.061267
v -0.138703 0.011303 0.061276
v -0.138613 0.011266 0.061282
v -0.138535 0.011282 0.061284
v -0.138491 0.011349 0.061282
v -0.138577 0.011691 0.063154
v -0.138530 0.011593 0.063162
v -0.138655 0.011767 0.063148
v -0.138743 0.011801 0.063146
v -0.138816 0.011784 0.063148
v -0.138857 0.011720 0.063153
v -0.138853 0.011627 0.063161
v -0.138806 0.011529 0.063169
v -0.138728 0.011452 0.063174
v -0.138641 0.011418 0.063177
v -0.138567 0.011435 0.063175
v -0.138526 0.011499 0.063170
v -0.138531 0.011871 0.065184
v -0.138484 0.011778 0.065191
v -0.138607 0.011942 0.065179
v -0.138691 0.011972 0.065178
v -0.138761 0.011954 0.065180
v -0.138798 0.011893 0.065185
v -0.138792 0.011803 0.065192
v -0.138745 0.011711 0.065199
v -0.138669 0.011640 0.065203
v -0.138585 0.011609 0.065205
v -0.138515 0.011627 0.065203
v -0.138478 0.011689 0.065198
v -0.138549 0.011955 0.066363
v -0.138496 0.011868 0.066369
v -0.138628 0.012018 0.066356
v -0.138712 0.012041 0.066350
v -0.138779 0.012018 0.066347
v -0.138810 0.011955 0.066348
v -0.138798 0.011868 0.066352
v -0.138745 0.011782 0.066358
v -0.138666 0.011718 0.066365
v -0.138582 0.011695 0.066371
v -0.138515 0.011718 0.066373
v -0.138484 0.011782 0.066373
v -0.138683 0.011970 0.067533
v -0.138625 0.011890 0.067541
v -0.138764 0.012025 0.067522
v -0.138847 0.012042 0.067510
v -0.138909 0.012014 0.067500
v -0.138934 0.011950 0.067495
v -0.138915 0.011867 0.067497
v -0.138857 0.011787 0.067504
v -0.138776 0.011731 0.067515
v -0.138693 0.011715 0.067527
v -0.138631 0.011743 0.067537
v -0.138606 0.011807 0.067542
v -0.138917 0.011923 0.068690
v -0.138855 0.011849 0.068699
v -0.138999 0.011970 0.068674
v -0.139080 0.011980 0.068656
v -0.139137 0.011949 0.068641
v -0.139156 0.011885 0.068632
v -0.139130 0.011805 0.068632
v -0.139069 0.011732 0.068641
v -0.138986 0.011684 0.068657
v -0.138906 0.011675 0.068675
v -0.138848 0.011706 0.068691
v -0.138830 0.011770 0.068700
v -0.139238 0.011818 0.069832
v -0.139173 0.011751 0.069844
v -0.139320 0.011858 0.069811
v -0.139398 0.011862 0.069788
v -0.139449 0.011827 0.069768
v -0.139462 0.011764 0.069757
v -0.139431 0.011689 0.069757
v -0.139366 0.011623 0.069769
v -0.139284 0.011582 0.069790
v -0.139206 0.011578 0.069813
v -0.139155 0.011613 0.069833
v -0.139142 0.011676 0.069844
v -0.139632 0.011662 0.070957
v -0.139564 0.011602 0.070973
v -0.139713 0.011695 0.070933
v -0.139787 0.011693 0.070905
v -0.139833 0.011656 0.070882
v -0.139840 0.011594 0.070870
v -0.139804 0.011524 0.070871
v -0.139737 0.011464 0.070887
v -0.139655 0.011430 0.070911
v -0.139582 0.011432 0.070939
v -0.139535 0.011469 0.070962
v -0.139529 0.011531 0.070974
v -0.140084 0.011460 0.072067
v -0.140016 0.011407 0.072086
v -0.140164 0.011487 0.072039
v -0.140234 0.011479 0.072008
v -0.140275 0.011440 0.071983
v -0.140276 0.011380 0.071970
v -0.140237 0.011314 0.071974
v -0.140168 0.011261 0.071992
v -0.140088 0.011234 0.072020
v -0.140018 0.011241 0.072051
v -0.139977 0.011280 0.072076
v -0.139976 0.011341 0.072089
v -0.140582 0.011218 0.073161
v -0.140513 0.011171 0.073182
v -0.140660 0.011238 0.073129
v -0.140726 0.011226 0.073096
v -0.140761 0.011185 0.073070
v -0.140757 0.011126 0.073057
v -0.140715 0.011065 0.073063
v -0.140645 0.011019 0.073084
v -0.140567 0.010999 0.073115
v -0.140501 0.011011 0.073149
v -0.140466 0.011052 0.073175
v -0.140470 0.011111 0.073187
v -0.141112 0.010941 0.074237
v -0.141042 0.010901 0.074261
v -0.141188 0.010955 0.074203
v -0.141249 0.010938 0.074168
v -0.141279 0.010896 0.074142
v -0.141270 0.010839 0.074131
v -0.141225 0.010783 0.074138
v -0.141155 0.010743 0.074162
v -0.141079 0.010730 0.074196
v -0.141018 0.010746 0.074230
v -0.140988 0.010789 0.074257
v -0.140997 0.010845 0.074268
v -0.141660 0.010635 0.075295
v -0.141590 0.010602 0.075321
v -0.141733 0.010643 0.075260
v -0.141790 0.010622 0.075224
v -0.141815 0.010578 0.075198
v -0.141802 0.010524 0.075189
v -0.141754 0.010473 0.075198
v -0.141685 0.010440 0.075224
v -0.141612 0.010433 0.075259
v -0.141555 0.010454 0.075295
v -0.141530 0.010497 0.075321
v -0.141543 0.010551 0.075330
v -0.142212 0.010306 0.076336
v -0.142143 0.010279 0.076363
v -0.142282 0.010307 0.076300
v -0.142335 0.010282 0.076264
v -0.142355 0.010238 0.076239
v -0.142339 0.010186 0.076231
v -0.142289 0.010141 0.076242
v -0.142220 0.010114 0.076269
v -0.142150 0.010113 0.076305
v -0.142098 0.010138 0.076341
v -0.142077 0.010182 0.076366
v -0.142094 0.010233 0.076374
v -0.142756 0.009958 0.077358
v -0.142688 0.009937 0.077386
v -0.142823 0.009953 0.077321
v -0.142871 0.009925 0.077287
v -0.142887 0.009880 0.077263
v -0.142867 0.009831 0.077256
v -0.142816 0.009791 0.077268
v -0.142748 0.009771 0.077297
v -0.142681 0.009776 0.077333
v -0.142633 0.009804 0.077368
v -0.142617 0.009849 0.077392
v -0.142637 0.009897 0.077398
v -0.143275 0.009598 0.078357
v -0.143208 0.009585 0.078384
v -0.143340 0.009587 0.078323
v -0.143385 0.009555 0.078292
v -0.143398 0.009510 0.078272
v -0.143376 0.009464 0.078267
v -0.143324 0.009429 0.078281
v -0.143257 0.009416 0.078308
v -0.143192 0.009426 0.078341
v -0.143147 0.009459 0.078373
v -0.143134 0.009504 0.078393
v -0.143156 0.009550 0.078398
v -0.143716 0.009299 0.079395
v -0.143651 0.009287 0.079416
v -0.143780 0.009287 0.079369
v -0.143825 0.009255 0.079346
v -0.143839 0.009211 0.079331
v -0.143819 0.009167 0.079328
v -0.143769 0.009135 0.079340
v -0.143704 0.009123 0.079361
v -0.143640 0.009135 0.079387
v -0.143595 0.009167 0.079410
v -0.143581 0.009211 0.079425
v -0.143601 0.009255 0.079427
v -0.144065 0.009114 0.080530
v -0.144002 0.009104 0.080546
v -0.144127 0.009102 0.080512
v -0.144172 0.009070 0.080497
v -0.144187 0.009028 0.080488
v -0.144168 0.008986 0.080489
v -0.144121 0.008956 0.080498
v -0.144058 0.008946 0.080513
v -0.143996 0.008958 0.080531
v -0.143951 0.008989 0.080546
v -0.143936 0.009032 0.080555
v -0.143955 0.009073 0.080555
v -0.144334 0.009026 0.081737
v -0.144275 0.009017 0.081748
v -0.144394 0.009014 0.081725
v -0.144437 0.008984 0.081716
v -0.144452 0.008944 0.081711
v -0.144435 0.008905 0.081713
v -0.144390 0.008877 0.081721
v -0.144331 0.008867 0.081732
v -0.144271 0.008879 0.081744
v -0.144228 0.008909 0.081753
v -0.144213 0.008949 0.081757
v -0.144230 0.008989 0.081755
v -0.144535 0.009020 0.082984
v -0.144479 0.009012 0.082992
v -0.144591 0.009009 0.082977
v -0.144632 0.008981 0.082972
v -0.144646 0.008944 0.082971
v -0.144631 0.008907 0.082974
v -0.144589 0.008881 0.082980
v -0.144533 0.008872 0.082988
v -0.144476 0.008883 0.082996
v -0.144436 0.008911 0.083000
v -0.144421 0.008949 0.083001
v -0.144437 0.008985 0.082998
v -0.144678 0.009080 0.084242
v -0.144625 0.009072 0.084248
v -0.144730 0.009070 0.084238
v -0.144768 0.009045 0.084236
v -0.144782 0.009010 0.084237
v -0.144768 0.008976 0.084241
v -0.144729 0.008951 0.084246
v -0.144676 0.008943 0.084252
v -0.144624 0.008953 0.084256
v -0.144585 0.008979 0.084258
v -0.144572 0.009014 0.084257
v -0.144586 0.009048 0.084253
v -0.144774 0.009190 0.085480
v -0.144725 0.009183 0.085484
v -0.144822 0.009181 0.085478
v -0.144858 0.009157 0.085479
v -0.144871 0.009125 0.085481
v -0.144857 0.009094 0.085486
v -0.144821 0.009071 0.085490
v -0.144773 0.009064 0.085494
v -0.144724 0.009073 0.085497
v -0.144688 0.009097 0.085496
v -0.144675 0.009128 0.085494
v -0.144689 0.009160 0.085489
v -0.144834 0.009334 0.086669
v -0.144789 0.009327 0.086672
v -0.144879 0.009326 0.086669
v -0.144912 0.009304 0.086670
v -0.144923 0.009275 0.086674
v -0.144911 0.009246 0.086678
v -0.144878 0.009225 0.086683
v -0.144833 0.009218 0.086686
v -0.144788 0.009226 0.086686
v -0.144756 0.009248 0.086685
v -0.144744 0.009277 0.086681
v -0.144756 0.009306 0.086677
v -0.144870 0.009495 0.087779
v -0.144829 0.009489 0.087781
v -0.144911 0.009488 0.087779
v -0.144941 0.009468 0.087781
v -0.144952 0.009442 0.087785
v -0.144941 0.009416 0.087790
v -0.144911 0.009397 0.087794
v -0.144870 0.009390 0.087796
v -0.144829 0.009397 0.087796
v -0.144799 0.009417 0.087794
v -0.144788 0.009444 0.087790
v -0.144799 0.009470 0.087785
v -0.144894 0.009658 0.088779
v -0.144857 0.009652 0.088781
v -0.144931 0.009652 0.088780
v -0.144957 0.009634 0.088782
v -0.144967 0.009610 0.088786
v -0.144957 0.009586 0.088790
v -0.144930 0.009569 0.088794
v -0.144893 0.009563 0.088796
v -0.144856 0.009570 0.088796
v -0.144829 0.009588 0.088793
v -0.144820 0.009611 0.088789
v -0.144830 0.009635 0.088785
v -0.144915 0.009806 0.089641
v -0.144882 0.009801 0.089643
v -0.144948 0.009800 0.089641
v -0.144972 0.009784 0.089642
v -0.144981 0.009763 0.089646
v -0.144972 0.009742 0.089650
v -0.144948 0.009727 0.089654
v -0.144915 0.009722 0.089656
v -0.144882 0.009728 0.089656
v -0.144858 0.009743 0.089654
v -0.144849 0.009765 0.089650
v -0.144858 0.009786 0.089646
v -0.144947 0.009924 0.090333
v -0.144918 0.009919 0.090336
v -0.144976 0.009918 0.090332
v -0.144997 0.009904 0.090332
v -0.145004 0.009885 0.090335
v -0.144997 0.009867 0.090339
v -0.144975 0.009853 0.090342
v -0.144946 0.009849 0.090345
v -0.144918 0.009855 0.090347
v -0.144897 0.009869 0.090346
v -0.144889 0.009887 0.090343
v -0.144897 0.009906 0.090340
v -0.145000 0.009994 0.090827
v -0.144975 0.009990 0.090832
v -0.145024 0.009989 0.090823
v -0.145042 0.009976 0.090822
v -0.145048 0.009960 0.090823
v -0.145042 0.009944 0.090826
v -0.145024 0.009933 0.090830
v -0.144999 0.009929 0.090835
v -0.144974 0.009934 0.090839
v -0.144956 0.009947 0.090840
v -0.144950 0.009963 0.090839
v -0.144957 0.009979 0.090836
v -0.119305 0.010752 0.047568
v -0.119674 0.010674 0.048449
v -0.119497 0.010644 0.048521
v -0.119128 0.010722 0.047638
v -0.119479 0.010716 0.047493
v -0.119847 0.010639 0.048372
v -0.119603 0.010624 0.047433
v -0.119971 0.010546 0.048312
v -0.119645 0.010500 0.047405
v -0.120012 0.010422 0.048283
v -0.119592 0.010377 0.047416
v -0.119960 0.010299 0.048295
v -0.119460 0.010289 0.047463
v -0.119828 0.010210 0.048343
v -0.119283 0.010258 0.047533
v -0.119652 0.010180 0.048415
v -0.119109 0.010294 0.047608
v -0.119478 0.010215 0.048491
v -0.118985 0.010386 0.047667
v -0.119354 0.010308 0.048552
v -0.118944 0.010511 0.047696
v -0.119313 0.010432 0.048581
v -0.118996 0.010633 0.047685
v -0.119365 0.010555 0.048569
v -0.119987 0.010611 0.049177
v -0.119811 0.010580 0.049252
v -0.120160 0.010575 0.049099
v -0.120283 0.010483 0.049037
v -0.120325 0.010358 0.049008
v -0.120273 0.010235 0.049020
v -0.120141 0.010146 0.049070
v -0.119965 0.010115 0.049144
v -0.119792 0.010151 0.049223
v -0.119669 0.010243 0.049285
v -0.119627 0.010368 0.049314
v -0.119679 0.010491 0.049301
v -0.120254 0.010560 0.049780
v -0.120079 0.010529 0.049856
v -0.120427 0.010524 0.049699
v -0.120550 0.010432 0.049635
v -0.120591 0.010307 0.049606
v -0.120540 0.010183 0.049619
v -0.120409 0.010094 0.049671
v -0.120234 0.010063 0.049747
v -0.120061 0.010098 0.049828
v -0.119938 0.010191 0.049892
v -0.119896 0.010316 0.049921
v -0.119948 0.010439 0.049908
v -0.120486 0.010519 0.050282
v -0.120312 0.010487 0.050362
v -0.120658 0.010484 0.050199
v -0.120781 0.010391 0.050134
v -0.120822 0.010266 0.050104
v -0.120771 0.010142 0.050119
v -0.120641 0.010052 0.050173
v -0.120466 0.010021 0.050252
v -0.120295 0.010056 0.050336
v -0.120172 0.010149 0.050401
v -0.120130 0.010274 0.050430
v -0.120182 0.010398 0.050416
v -0.120693 0.010486 0.050713
v -0.120519 0.010455 0.050795
v -0.120863 0.010451 0.050627
v -0.120986 0.010358 0.050561
v -0.121028 0.010233 0.050531
v -0.120977 0.010109 0.050547
v -0.120847 0.010019 0.050603
v -0.120674 0.009987 0.050685
v -0.120503 0.010022 0.050771
v -0.120380 0.010115 0.050837
v -0.120339 0.010240 0.050867
v -0.120390 0.010365 0.050851
v -0.120883 0.010459 0.051098
v -0.120710 0.010428 0.051182
v -0.121053 0.010424 0.051010
v -0.121176 0.010331 0.050943
v -0.121218 0.010206 0.050914
v -0.121167 0.010081 0.050931
v -0.121038 0.009991 0.050989
v -0.120865 0.009959 0.051073
v -0.120695 0.009994 0.051160
v -0.120572 0.010087 0.051227
v -0.120530 0.010212 0.051257
v -0.120581 0.010337 0.051240
v -0.121067 0.010436 0.051465
v -0.120894 0.010404 0.051549
v -0.121238 0.010401 0.051377
v -0.121361 0.010308 0.051309
v -0.121403 0.010182 0.051280
v -0.121352 0.010057 0.051298
v -0.121224 0.009966 0.051357
v -0.121051 0.009935 0.051442
v -0.120880 0.009970 0.051530
v -0.120757 0.010063 0.051597
v -0.120715 0.010189 0.051626
v -0.120765 0.010314 0.051608
v -0.121255 0.010415 0.051840
v -0.121082 0.010383 0.051924
v -0.121427 0.010379 0.051753
v -0.121550 0.010286 0.051686
v -0.121593 0.010160 0.051658
v -0.121543 0.010035 0.051676
v -0.121413 0.009944 0.051735
v -0.121240 0.009912 0.051819
v -0.121068 0.009947 0.051906
v -0.120945 0.010041 0.051973
v -0.120902 0.010167 0.052001
v -0.120952 0.010292 0.051983
v -0.121457 0.010393 0.052251
v -0.121283 0.010361 0.052334
v -0.121630 0.010357 0.052165
v -0.121755 0.010264 0.052100
v -0.121797 0.010137 0.052073
v -0.121747 0.010012 0.052090
v -0.121617 0.009921 0.052148
v -0.121442 0.009889 0.052231
v -0.121270 0.009925 0.052317
v -0.121145 0.010018 0.052382
v -0.121102 0.010144 0.052409
v -0.121153 0.010270 0.052392
v -0.121683 0.010368 0.052725
v -0.121507 0.010336 0.052806
v -0.121857 0.010332 0.052641
v -0.121983 0.010238 0.052577
v -0.122026 0.010112 0.052550
v -0.121975 0.009986 0.052567
v -0.121844 0.009895 0.052624
v -0.121668 0.009863 0.052705
v -0.121494 0.009899 0.052788
v -0.121369 0.009993 0.052852
v -0.121325 0.010119 0.052879
v -0.121376 0.010245 0.052862
v -0.121942 0.010338 0.053288
v -0.121765 0.010307 0.053366
v -0.122118 0.010303 0.053206
v -0.122244 0.010208 0.053144
v -0.122288 0.010081 0.053117
v -0.122237 0.009956 0.053134
v -0.122105 0.009864 0.053189
v -0.121927 0.009833 0.053267
v -0.121752 0.009869 0.053349
v -0.121625 0.009963 0.053411
v -0.121582 0.010090 0.053438
v -0.121633 0.010216 0.053421
v -0.122244 0.010302 0.053964
v -0.122066 0.010270 0.054043
v -0.122420 0.010266 0.053882
v -0.122547 0.010172 0.053821
v -0.122591 0.010045 0.053795
v -0.122540 0.009918 0.053813
v -0.122408 0.009827 0.053869
v -0.122231 0.009795 0.053948
v -0.122055 0.009831 0.054030
v -0.121928 0.009925 0.054092
v -0.121884 0.010053 0.054117
v -0.121934 0.010179 0.054099
v -0.123326 0.010223 0.056298
v -0.123158 0.010192 0.056381
v -0.123493 0.010189 0.056216
v -0.123615 0.010098 0.056156
v -0.123659 0.009975 0.056134
v -0.123613 0.009853 0.056157
v -0.123489 0.009766 0.056217
v -0.123321 0.009735 0.056300
v -0.123154 0.009769 0.056382
v -0.123032 0.009860 0.056443
v -0.122988 0.009983 0.056464
v -0.123034 0.010104 0.056442
v -0.124352 0.010269 0.058268
v -0.124195 0.010240 0.058357
v -0.124509 0.010235 0.058183
v -0.124626 0.010148 0.058123
v -0.124670 0.010030 0.058106
v -0.124630 0.009914 0.058135
v -0.124516 0.009829 0.058204
v -0.124359 0.009800 0.058292
v -0.124201 0.009833 0.058378
v -0.124085 0.009921 0.058437
v -0.124040 0.010038 0.058454
v -0.124081 0.010155 0.058425
v -0.125330 0.010416 0.059933
v -0.125185 0.010389 0.060027
v -0.125478 0.010383 0.059845
v -0.125589 0.010300 0.059786
v -0.125633 0.010187 0.059773
v -0.125599 0.010076 0.059809
v -0.125495 0.009995 0.059884
v -0.125350 0.009968 0.059978
v -0.125202 0.010001 0.060066
v -0.125091 0.010085 0.060125
v -0.125047 0.010198 0.060138
v -0.125081 0.010309 0.060102
v -0.126268 0.010642 0.061350
v -0.126135 0.010617 0.061448
v -0.126406 0.010610 0.061260
v -0.126512 0.010529 0.061202
v -0.126556 0.010422 0.061193
v -0.126528 0.010316 0.061234
v -0.126434 0.010241 0.061314
v -0.126301 0.010216 0.061413
v -0.126163 0.010248 0.061503
v -0.126058 0.010329 0.061561
v -0.126013 0.010436 0.061570
v -0.126041 0.010542 0.061529
v -0.127176 0.010925 0.062577
v -0.127053 0.010902 0.062678
v -0.127305 0.010893 0.062486
v -0.127404 0.010815 0.062429
v -0.127448 0.010713 0.062423
v -0.127425 0.010613 0.062467
v -0.127341 0.010543 0.062551
v -0.127218 0.010521 0.062652
v -0.127090 0.010552 0.062743
v -0.126990 0.010630 0.062800
v -0.126946 0.010732 0.062806
v -0.126969 0.010832 0.062762
v -0.128061 0.011241 0.063670
v -0.127947 0.011221 0.063771
v -0.128181 0.011209 0.063580
v -0.128275 0.011135 0.063525
v -0.128318 0.011038 0.063520
v -0.128299 0.010944 0.063566
v -0.128222 0.010878 0.063651
v -0.128108 0.010858 0.063752
v -0.127988 0.010889 0.063841
v -0.127894 0.010964 0.063897
v -0.127851 0.011061 0.063902
v -0.127870 0.011155 0.063856
v -0.128931 0.011569 0.064687
v -0.128824 0.011551 0.064785
v -0.129044 0.011539 0.064600
v -0.129133 0.011467 0.064547
v -0.129174 0.011375 0.064542
v -0.129156 0.011285 0.064587
v -0.129084 0.011223 0.064669
v -0.128978 0.011205 0.064767
v -0.128865 0.011235 0.064854
v -0.128776 0.011306 0.064907
v -0.128734 0.011399 0.064912
v -0.128752 0.011488 0.064868
v -0.129793 0.011886 0.065684
v -0.129691 0.011868 0.065776
v -0.129901 0.011857 0.065602
v -0.129985 0.011789 0.065551
v -0.130023 0.011701 0.065545
v -0.130005 0.011616 0.065586
v -0.129936 0.011556 0.065663
v -0.129834 0.011538 0.065755
v -0.129726 0.011567 0.065838
v -0.129642 0.011635 0.065889
v -0.129604 0.011723 0.065895
v -0.129622 0.011808 0.065853
v -0.130655 0.012168 0.066716
v -0.130556 0.012150 0.066800
v -0.130758 0.012141 0.066640
v -0.130838 0.012077 0.066591
v -0.130873 0.011993 0.066584
v -0.130853 0.011911 0.066620
v -0.130784 0.011854 0.066689
v -0.130685 0.011836 0.066773
v -0.130582 0.011863 0.066850
v -0.130502 0.011927 0.066898
v -0.130467 0.012011 0.066905
v -0.130487 0.012093 0.066870
v -0.131522 0.012391 0.067839
v -0.131425 0.012373 0.067914
v -0.131622 0.012366 0.067770
v -0.131698 0.012306 0.067725
v -0.131728 0.012226 0.067715
v -0.131706 0.012148 0.067744
v -0.131637 0.012093 0.067804
v -0.131539 0.012075 0.067878
v -0.131439 0.012100 0.067947
v -0.131364 0.012160 0.067993
v -0.131333 0.012240 0.068002
v -0.131355 0.012318 0.067973
v -0.132402 0.012533 0.069108
v -0.132305 0.012516 0.069172
v -0.132498 0.012510 0.069047
v -0.132570 0.012453 0.069005
v -0.132596 0.012378 0.068993
v -0.132572 0.012304 0.069014
v -0.132502 0.012251 0.069064
v -0.132406 0.012233 0.069128
v -0.132309 0.012256 0.069189
v -0.132238 0.012313 0.069231
v -0.132211 0.012389 0.069243
v -0.132236 0.012463 0.069221
v -0.133298 0.012570 0.070577
v -0.133204 0.012553 0.070630
v -0.133392 0.012549 0.070525
v -0.133460 0.012495 0.070487
v -0.133484 0.012425 0.070474
v -0.133457 0.012355 0.070488
v -0.133387 0.012305 0.070527
v -0.133293 0.012289 0.070580
v -0.133199 0.012310 0.070633
v -0.133132 0.012363 0.070671
v -0.133108 0.012434 0.070684
v -0.133134 0.012504 0.070669
v -0.134019 0.012520 0.071988
v -0.133922 0.012504 0.072030
v -0.134115 0.012499 0.071944
v -0.134183 0.012447 0.071910
v -0.134205 0.012378 0.071896
v -0.134177 0.012310 0.071905
v -0.134104 0.012261 0.071934
v -0.134007 0.012245 0.071977
v -0.133912 0.012266 0.072020
v -0.133844 0.012318 0.072054
v -0.133821 0.012388 0.072068
v -0.133850 0.012456 0.072059
v -0.134497 0.012411 0.073238
v -0.134398 0.012396 0.073267
v -0.134594 0.012390 0.073205
v -0.134663 0.012338 0.073177
v -0.134685 0.012270 0.073163
v -0.134654 0.012205 0.073165
v -0.134580 0.012158 0.073184
v -0.134480 0.012144 0.073213
v -0.134384 0.012165 0.073246
v -0.134315 0.012216 0.073274
v -0.134293 0.012284 0.073288
v -0.134324 0.012350 0.073286
v -0.134777 0.012255 0.074350
v -0.134677 0.012243 0.074367
v -0.134874 0.012233 0.074329
v -0.134942 0.012182 0.074308
v -0.134963 0.012116 0.074293
v -0.134932 0.012053 0.074289
v -0.134856 0.012009 0.074296
v -0.134756 0.011997 0.074313
v -0.134659 0.012019 0.074334
v -0.134591 0.012070 0.074355
v -0.134569 0.012136 0.074370
v -0.134601 0.012199 0.074374
v -0.134899 0.012068 0.075347
v -0.134801 0.012057 0.075352
v -0.134996 0.012044 0.075336
v -0.135063 0.011993 0.075321
v -0.135084 0.011929 0.075306
v -0.135052 0.011868 0.075296
v -0.134977 0.011827 0.075292
v -0.134878 0.011817 0.075297
v -0.134782 0.011841 0.075308
v -0.134715 0.011891 0.075323
v -0.134694 0.011956 0.075338
v -0.134725 0.012017 0.075348
v -0.134910 0.011860 0.076248
v -0.134813 0.011852 0.076244
v -0.135004 0.011835 0.076245
v -0.135070 0.011785 0.076235
v -0.135090 0.011722 0.076221
v -0.135059 0.011664 0.076206
v -0.134986 0.011626 0.076194
v -0.134889 0.011618 0.076190
v -0.134795 0.011643 0.076193
v -0.134729 0.011693 0.076203
v -0.134709 0.011756 0.076218
v -0.134740 0.011814 0.076233
v -0.134852 0.011647 0.077076
v -0.134758 0.011641 0.077066
v -0.134943 0.011622 0.077078
v -0.135007 0.011572 0.077071
v -0.135027 0.011510 0.077057
v -0.134997 0.011454 0.077040
v -0.134925 0.011418 0.077024
v -0.134831 0.011412 0.077014
v -0.134740 0.011438 0.077013
v -0.134676 0.011487 0.077020
v -0.134656 0.011549 0.077034
v -0.134686 0.011605 0.077051
v -0.134768 0.011441 0.077852
v -0.134677 0.011435 0.077842
v -0.134857 0.011416 0.077854
v -0.134920 0.011368 0.077848
v -0.134939 0.011308 0.077835
v -0.134910 0.011253 0.077818
v -0.134840 0.011218 0.077803
v -0.134749 0.011212 0.077792
v -0.134660 0.011237 0.077790
v -0.134597 0.011286 0.077796
v -0.134578 0.011346 0.077810
v -0.134607 0.011400 0.077826
v -0.134703 0.011256 0.078598
v -0.134614 0.011249 0.078593
v -0.134790 0.011232 0.078597
v -0.134851 0.011185 0.078589
v -0.134870 0.011127 0.078577
v -0.134841 0.011073 0.078564
v -0.134773 0.011038 0.078553
v -0.134684 0.011031 0.078547
v -0.134597 0.011055 0.078548
v -0.134536 0.011102 0.078556
v -0.134517 0.011160 0.078568
v -0.134546 0.011214 0.078582
v -0.134699 0.011104 0.079336
v -0.134613 0.011095 0.079341
v -0.134784 0.011083 0.079328
v -0.134843 0.011038 0.079316
v -0.134861 0.010981 0.079305
v -0.134833 0.010927 0.079298
v -0.134767 0.010891 0.079296
v -0.134680 0.010883 0.079300
v -0.134596 0.010904 0.079309
v -0.134537 0.010949 0.079321
v -0.134519 0.011006 0.079331
v -0.134546 0.011060 0.079339
v -0.134799 0.010998 0.080090
v -0.134716 0.010988 0.080108
v -0.134879 0.010979 0.080071
v -0.134936 0.010936 0.080054
v -0.134954 0.010880 0.080045
v -0.134928 0.010827 0.080046
v -0.134865 0.010791 0.080056
v -0.134783 0.010781 0.080073
v -0.134702 0.010800 0.080092
v -0.134646 0.010843 0.080109
v -0.134628 0.010898 0.080118
v -0.134654 0.010952 0.080118
v -0.135045 0.010950 0.080884
v -0.134969 0.010940 0.080915
v -0.135119 0.010932 0.080854
v -0.135173 0.010891 0.080832
v -0.135190 0.010837 0.080824
v -0.135168 0.010785 0.080832
v -0.135111 0.010749 0.080855
v -0.135035 0.010738 0.080885
v -0.134960 0.010756 0.080916
v -0.134907 0.010798 0.080938
v -0.134890 0.010852 0.080946
v -0.134912 0.010904 0.080937
v -0.135482 0.010974 0.081743
v -0.135412 0.010964 0.081781
v -0.135551 0.010956 0.081707
v -0.135601 0.010916 0.081683
v -0.135619 0.010864 0.081676
v -0.135599 0.010813 0.081689
v -0.135548 0.010779 0.081718
v -0.135478 0.010769 0.081756
v -0.135409 0.010786 0.081792
v -0.135359 0.010826 0.081817
v -0.135341 0.010879 0.081823
v -0.135361 0.010929 0.081810
v -0.136012 0.011041 0.082693
v -0.135946 0.011031 0.082728
v -0.136078 0.011024 0.082661
v -0.136126 0.010986 0.082639
v -0.136143 0.010937 0.082634
v -0.136125 0.010890 0.082647
v -0.136076 0.010857 0.082675
v -0.136010 0.010848 0.082709
v -0.135944 0.010864 0.082742
v -0.135896 0.010902 0.082763
v -0.135879 0.010951 0.082769
v -0.135897 0.010998 0.082756
v -0.136443 0.011104 0.083612
v -0.136379 0.011095 0.083641
v -0.136506 0.011089 0.083586
v -0.136552 0.011054 0.083568
v -0.136569 0.011008 0.083564
v -0.136551 0.010964 0.083575
v -0.136504 0.010933 0.083598
v -0.136441 0.010924 0.083626
v -0.136377 0.010939 0.083653
v -0.136331 0.010974 0.083671
v -0.136315 0.011020 0.083674
v -0.136332 0.011064 0.083664
v -0.136802 0.011160 0.084502
v -0.136742 0.011152 0.084526
v -0.136862 0.011147 0.084480
v -0.136906 0.011114 0.084465
v -0.136921 0.011071 0.084462
v -0.136904 0.011030 0.084471
v -0.136860 0.011001 0.084490
v -0.136799 0.010992 0.084514
v -0.136739 0.011006 0.084536
v -0.136696 0.011039 0.084551
v -0.136680 0.011081 0.084554
v -0.136697 0.011123 0.084545
v -0.137118 0.011204 0.085367
v -0.137062 0.011196 0.085388
v -0.137174 0.011191 0.085347
v -0.137215 0.011161 0.085334
v -0.137229 0.011121 0.085331
v -0.137213 0.011083 0.085338
v -0.137172 0.011056 0.085355
v -0.137115 0.011048 0.085376
v -0.137059 0.011061 0.085395
v -0.137018 0.011091 0.085409
v -0.137004 0.011131 0.085412
v -0.137020 0.011169 0.085404
v -0.137421 0.011230 0.086212
v -0.137369 0.011222 0.086231
v -0.137472 0.011218 0.086193
v -0.137509 0.011190 0.086180
v -0.137522 0.011154 0.086176
v -0.137507 0.011118 0.086182
v -0.137468 0.011094 0.086197
v -0.137416 0.011086 0.086217
v -0.137365 0.011098 0.086235
v -0.137328 0.011126 0.086248
v -0.137315 0.011162 0.086252
v -0.137330 0.011198 0.086246
v -0.137737 0.011233 0.087040
v -0.137690 0.011227 0.087059
v -0.137784 0.011223 0.087020
v -0.137817 0.011197 0.087007
v -0.137828 0.011164 0.087002
v -0.137814 0.011131 0.087007
v -0.137779 0.011109 0.087022
v -0.137732 0.011102 0.087041
v -0.137686 0.011113 0.087060
v -0.137653 0.011138 0.087074
v -0.137642 0.011172 0.087079
v -0.137655 0.011204 0.087073
v -0.138097 0.011209 0.087855
v -0.138056 0.011203 0.087875
v -0.138138 0.011200 0.087835
v -0.138167 0.011177 0.087820
v -0.138176 0.011146 0.087814
v -0.138164 0.011117 0.087819
v -0.138133 0.011097 0.087833
v -0.138091 0.011090 0.087853
v -0.138051 0.011100 0.087874
v -0.138022 0.011123 0.087889
v -0.138012 0.011153 0.087894
v -0.138025 0.011183 0.087890
v -0.138529 0.011153 0.088663
v -0.138494 0.011147 0.088684
v -0.138564 0.011145 0.088642
v -0.138588 0.011124 0.088625
v -0.138596 0.011097 0.088618
v -0.138585 0.011071 0.088623
v -0.138558 0.011052 0.088637
v -0.138522 0.011047 0.088658
v -0.138488 0.011055 0.088679
v -0.138463 0.011075 0.088696
v -0.138456 0.011103 0.088703
v -0.138467 0.011129 0.088698
v -0.139062 0.011060 0.089467
v -0.139032 0.011054 0.089488
v -0.139090 0.011052 0.089444
v -0.139110 0.011035 0.089427
v -0.139116 0.011011 0.089420
v -0.139106 0.010988 0.089424
v -0.139084 0.010971 0.089439
v -0.139054 0.010966 0.089460
v -0.139026 0.010973 0.089482
v -0.139006 0.010991 0.089499
v -0.139000 0.011014 0.089506
v -0.139010 0.011038 0.089502
v -0.139724 0.010924 0.090270
v -0.139700 0.010919 0.090291
v -0.139747 0.010918 0.090249
v -0.139762 0.010903 0.090232
v -0.139766 0.010882 0.090224
v -0.139758 0.010862 0.090228
v -0.139739 0.010848 0.090242
v -0.139716 0.010842 0.090263
v -0.139693 0.010848 0.090285
v -0.139678 0.010864 0.090301
v -0.139673 0.010884 0.090309
v -0.139682 0.010904 0.090305
v -0.140544 0.010741 0.091079
v -0.140525 0.010737 0.091098
v -0.140561 0.010737 0.091059
v -0.140573 0.010724 0.091043
v -0.140575 0.010707 0.091035
v -0.140568 0.010690 0.091039
v -0.140554 0.010677 0.091052
v -0.140535 0.010672 0.091071
v -0.140518 0.010677 0.091092
v -0.140507 0.010689 0.091108
v -0.140504 0.010707 0.091115
v -0.140511 0.010724 0.091111
v -0.141550 0.010507 0.091897
v -0.141537 0.010503 0.091914
v -0.141563 0.010503 0.091879
v -0.141571 0.010494 0.091864
v -0.141573 0.010479 0.091858
v -0.141567 0.010465 0.091861
v -0.141556 0.010455 0.091872
v -0.141543 0.010450 0.091890
v -0.141530 0.010454 0.091908
v -0.141522 0.010464 0.091922
v -0.141520 0.010478 0.091928
v -0.141526 0.010492 0.091925
v -0.119518 0.010645 0.048135
v -0.119692 0.010605 0.049119
v -0.119535 0.010576 0.049146
v -0.119360 0.010616 0.048161
v -0.119675 0.010617 0.048105
v -0.119849 0.010577 0.049091
v -0.119789 0.010541 0.048081
v -0.119964 0.010502 0.049069
v -0.119831 0.010437 0.048067
v -0.120005 0.010398 0.049059
v -0.119788 0.010333 0.048068
v -0.119963 0.010294 0.049064
v -0.119672 0.010257 0.048084
v -0.119848 0.010217 0.049082
v -0.119514 0.010228 0.048110
v -0.119692 0.010189 0.049109
v -0.119357 0.010256 0.048139
v -0.119535 0.010216 0.049138
v -0.119243 0.010332 0.048164
v -0.119420 0.010292 0.049160
v -0.119202 0.010436 0.048178
v -0.119378 0.010396 0.049170
v -0.119245 0.010540 0.048176
v -0.119420 0.010500 0.049165
v -0.119894 0.010595 0.050255
v -0.119737 0.010567 0.050282
v -0.120050 0.010568 0.050227
v -0.120165 0.010492 0.050207
v -0.120207 0.010388 0.050200
v -0.120165 0.010285 0.050208
v -0.120051 0.010208 0.050229
v -0.119895 0.010180 0.050256
v -0.119739 0.010208 0.050284
v -0.119624 0.010283 0.050304
v -0.119582 0.010387 0.050311
v -0.119623 0.010491 0.050303
v -0.120114 0.010615 0.051512
v -0.119958 0.010587 0.051540
v -0.120270 0.010588 0.051486
v -0.120385 0.010513 0.051468
v -0.120427 0.010409 0.051464
v -0.120386 0.010306 0.051474
v -0.120273 0.010230 0.051495
v -0.120117 0.010202 0.051523
v -0.119961 0.010229 0.051549
v -0.119846 0.010305 0.051567
v -0.119803 0.010408 0.051572
v -0.119844 0.010511 0.051562
v -0.120344 0.010665 0.052864
v -0.120189 0.010637 0.052891
v -0.120500 0.010638 0.052839
v -0.120615 0.010563 0.052823
v -0.120658 0.010460 0.052821
v -0.120617 0.010357 0.052833
v -0.120504 0.010281 0.052855
v -0.120349 0.010253 0.052882
v -0.120193 0.010280 0.052907
v -0.120078 0.010355 0.052923
v -0.120035 0.010458 0.052925
v -0.120076 0.010561 0.052914
v -0.120577 0.010744 0.054281
v -0.120422 0.010716 0.054307
v -0.120733 0.010717 0.054257
v -0.120848 0.010642 0.054244
v -0.120891 0.010540 0.054244
v -0.120851 0.010437 0.054257
v -0.120738 0.010362 0.054280
v -0.120583 0.010334 0.054306
v -0.120427 0.010361 0.054330
v -0.120312 0.010435 0.054343
v -0.120269 0.010538 0.054343
v -0.120310 0.010641 0.054330
v -0.120805 0.010852 0.055734
v -0.120650 0.010823 0.055760
v -0.120960 0.010825 0.055713
v -0.121075 0.010750 0.055702
v -0.121118 0.010648 0.055704
v -0.121078 0.010546 0.055718
v -0.120966 0.010471 0.055742
v -0.120811 0.010443 0.055767
v -0.120656 0.010470 0.055788
v -0.120541 0.010544 0.055800
v -0.120498 0.010646 0.055798
v -0.120537 0.010748 0.055783
v -0.121018 0.010987 0.057196
v -0.120863 0.010959 0.057220
v -0.121173 0.010961 0.057177
v -0.121288 0.010887 0.057169
v -0.121332 0.010785 0.057173
v -0.121292 0.010684 0.057189
v -0.121180 0.010609 0.057212
v -0.121025 0.010581 0.057237
v -0.120870 0.010607 0.057256
v -0.120755 0.010681 0.057264
v -0.120712 0.010782 0.057260
v -0.120751 0.010884 0.057244
v -0.121209 0.011151 0.058638
v -0.121055 0.011123 0.058660
v -0.121364 0.011125 0.058622
v -0.121479 0.011051 0.058617
v -0.121523 0.010951 0.058624
v -0.121484 0.010849 0.058642
v -0.121372 0.010774 0.058665
v -0.121218 0.010746 0.058687
v -0.121062 0.010773 0.058703
v -0.120947 0.010846 0.058708
v -0.120904 0.010947 0.058701
v -0.120943 0.011048 0.058684
v -0.121370 0.011342 0.060031
v -0.121216 0.011313 0.060052
v -0.121525 0.011316 0.060019
v -0.121640 0.011244 0.060018
v -0.121684 0.011144 0.060029
v -0.121645 0.011043 0.060048
v -0.121534 0.010968 0.060071
v -0.121380 0.010940 0.060091
v -0.121224 0.010965 0.060104
v -0.121109 0.011038 0.060105
v -0.121065 0.011138 0.060094
v -0.121104 0.011239 0.060075
v -0.121492 0.011559 0.061348
v -0.121338 0.011531 0.061365
v -0.121647 0.011535 0.061340
v -0.121763 0.011463 0.061345
v -0.121807 0.011364 0.061359
v -0.121768 0.011264 0.061381
v -0.121657 0.011190 0.061403
v -0.121503 0.011161 0.061420
v -0.121348 0.011186 0.061428
v -0.121232 0.011257 0.061424
v -0.121188 0.011356 0.061409
v -0.121227 0.011456 0.061388
v -0.121568 0.011803 0.062559
v -0.121414 0.011773 0.062572
v -0.121723 0.011780 0.062558
v -0.121839 0.011710 0.062569
v -0.121883 0.011612 0.062589
v -0.121845 0.011513 0.062613
v -0.121734 0.011438 0.062634
v -0.121580 0.011409 0.062647
v -0.121425 0.011432 0.062649
v -0.121309 0.011502 0.062638
v -0.121265 0.011600 0.062617
v -0.121303 0.011699 0.062593
v -0.121590 0.012074 0.063644
v -0.121436 0.012044 0.063654
v -0.121745 0.012052 0.063647
v -0.121860 0.011983 0.063661
v -0.121904 0.011886 0.063683
v -0.121866 0.011787 0.063707
v -0.121755 0.011712 0.063726
v -0.121602 0.011682 0.063736
v -0.121447 0.011704 0.063734
v -0.121332 0.011773 0.063720
v -0.121287 0.011870 0.063698
v -0.121326 0.011969 0.063674
v -0.121598 0.012185 0.064137
v -0.121443 0.012155 0.064148
v -0.121756 0.012162 0.064135
v -0.121872 0.012090 0.064143
v -0.121917 0.011991 0.064158
v -0.121878 0.011889 0.064177
v -0.121766 0.011813 0.064194
v -0.121610 0.011783 0.064206
v -0.121453 0.011806 0.064208
v -0.121336 0.011877 0.064200
v -0.121292 0.011977 0.064185
v -0.121331 0.012079 0.064166
v -0.121631 0.012254 0.064671
v -0.121473 0.012224 0.064685
v -0.121790 0.012229 0.064660
v -0.121907 0.012155 0.064658
v -0.121952 0.012053 0.064663
v -0.121912 0.011949 0.064676
v -0.121798 0.011872 0.064692
v -0.121641 0.011841 0.064706
v -0.121482 0.011866 0.064717
v -0.121364 0.011940 0.064719
v -0.121319 0.012042 0.064714
v -0.121359 0.012146 0.064701
v -0.121684 0.012288 0.065233
v -0.121524 0.012257 0.065251
v -0.121844 0.012262 0.065216
v -0.121963 0.012187 0.065206
v -0.122008 0.012082 0.065204
v -0.121967 0.011977 0.065212
v -0.121851 0.011898 0.065227
v -0.121691 0.011868 0.065245
v -0.121531 0.011893 0.065262
v -0.121412 0.011968 0.065272
v -0.121368 0.012073 0.065273
v -0.121408 0.012179 0.065266
v -0.121755 0.012296 0.065822
v -0.121593 0.012265 0.065843
v -0.121917 0.012270 0.065801
v -0.122036 0.012193 0.065785
v -0.122081 0.012088 0.065778
v -0.122039 0.011980 0.065783
v -0.121922 0.011901 0.065798
v -0.121761 0.011870 0.065819
v -0.121598 0.011896 0.065840
v -0.121479 0.011972 0.065856
v -0.121434 0.012078 0.065863
v -0.121476 0.012185 0.065858
v -0.121841 0.012287 0.066436
v -0.121677 0.012256 0.066459
v -0.122005 0.012261 0.066411
v -0.122125 0.012184 0.066391
v -0.122171 0.012076 0.066382
v -0.122128 0.011968 0.066385
v -0.122009 0.011887 0.066401
v -0.121846 0.011855 0.066424
v -0.121682 0.011882 0.066449
v -0.121561 0.011959 0.066469
v -0.121516 0.012066 0.066478
v -0.121558 0.012175 0.066475
v -0.121940 0.012271 0.067072
v -0.121774 0.012240 0.067098
v -0.122106 0.012245 0.067045
v -0.122228 0.012166 0.067023
v -0.122273 0.012058 0.067012
v -0.122230 0.011948 0.067016
v -0.122110 0.011865 0.067033
v -0.121944 0.011834 0.067059
v -0.121779 0.011860 0.067086
v -0.121656 0.011939 0.067108
v -0.121611 0.012047 0.067119
v -0.121654 0.012157 0.067115
v -0.122049 0.012257 0.067729
v -0.121882 0.012224 0.067757
v -0.122217 0.012229 0.067700
v -0.122341 0.012150 0.067677
v -0.122387 0.012040 0.067667
v -0.122343 0.011928 0.067672
v -0.122222 0.011845 0.067692
v -0.122054 0.011813 0.067719
v -0.121886 0.011840 0.067748
v -0.121763 0.011919 0.067771
v -0.121717 0.012030 0.067781
v -0.121760 0.012141 0.067776
v -0.122166 0.012252 0.068404
v -0.121997 0.012219 0.068433
v -0.122336 0.012224 0.068374
v -0.122462 0.012144 0.068352
v -0.122509 0.012032 0.068344
v -0.122465 0.011919 0.068352
v -0.122342 0.011835 0.068373
v -0.122173 0.011802 0.068403
v -0.122003 0.011829 0.068433
v -0.121878 0.011910 0.068455
v -0.121831 0.012021 0.068463
v -0.121874 0.012135 0.068455
v -0.122289 0.012265 0.069094
v -0.122118 0.012232 0.069126
v -0.122461 0.012237 0.069064
v -0.122589 0.012156 0.069044
v -0.122637 0.012043 0.069039
v -0.122593 0.011928 0.069051
v -0.122470 0.011843 0.069076
v -0.122298 0.011810 0.069108
v -0.122126 0.011837 0.069138
v -0.121999 0.011919 0.069157
v -0.121950 0.012032 0.069162
v -0.121994 0.012146 0.069151
v -0.122415 0.012305 0.069797
v -0.122242 0.012272 0.069831
v -0.122589 0.012277 0.069768
v -0.122719 0.012195 0.069752
v -0.122769 0.012081 0.069752
v -0.122726 0.011965 0.069768
v -0.122601 0.011879 0.069797
v -0.122428 0.011845 0.069831
v -0.122253 0.011873 0.069859
v -0.122123 0.011955 0.069876
v -0.122073 0.012070 0.069876
v -0.122117 0.012185 0.069860
v -0.122541 0.012381 0.070511
v -0.122366 0.012347 0.070546
v -0.122718 0.012352 0.070484
v -0.122850 0.012270 0.070471
v -0.122902 0.012155 0.070478
v -0.122859 0.012038 0.070500
v -0.122733 0.011951 0.070534
v -0.122558 0.011917 0.070569
v -0.122381 0.011946 0.070596
v -0.122249 0.012028 0.070608
v -0.122197 0.012143 0.070602
v -0.122240 0.012260 0.070579
v -0.122665 0.012500 0.071233
v -0.122489 0.012466 0.071273
v -0.122845 0.012472 0.071206
v -0.122980 0.012388 0.071197
v -0.123033 0.012273 0.071210
v -0.122991 0.012156 0.071240
v -0.122865 0.012069 0.071280
v -0.122688 0.012035 0.071319
v -0.122509 0.012064 0.071347
v -0.122374 0.012147 0.071356
v -0.122321 0.012263 0.071343
v -0.122363 0.012379 0.071313
v -0.122809 0.012665 0.071962
v -0.122635 0.012633 0.072008
v -0.122987 0.012635 0.071930
v -0.123120 0.012553 0.071921
v -0.123174 0.012439 0.071939
v -0.123134 0.012324 0.071977
v -0.123011 0.012240 0.072026
v -0.122837 0.012208 0.072072
v -0.122659 0.012238 0.072104
v -0.122525 0.012320 0.072113
v -0.122471 0.012434 0.072096
v -0.122512 0.012549 0.072057
v -0.122989 0.012871 0.072691
v -0.122819 0.012842 0.072746
v -0.123164 0.012840 0.072653
v -0.123297 0.012758 0.072643
v -0.123351 0.012645 0.072663
v -0.123313 0.012534 0.072707
v -0.123192 0.012452 0.072765
v -0.123022 0.012423 0.072820
v -0.122847 0.012454 0.072857
v -0.122714 0.012537 0.072868
v -0.122660 0.012649 0.072848
v -0.122698 0.012761 0.072803
v -0.123201 0.013108 0.073418
v -0.123034 0.013082 0.073479
v -0.123374 0.013076 0.073376
v -0.123505 0.012993 0.073363
v -0.123559 0.012882 0.073385
v -0.123523 0.012773 0.073433
v -0.123405 0.012694 0.073497
v -0.123237 0.012667 0.073558
v -0.123064 0.012699 0.073601
v -0.122933 0.012782 0.073613
v -0.122879 0.012893 0.073592
v -0.122916 0.013003 0.073543
v -0.123439 0.013364 0.074140
v -0.123274 0.013339 0.074206
v -0.123609 0.013331 0.074093
v -0.123739 0.013247 0.074079
v -0.123793 0.013137 0.074100
v -0.123757 0.013029 0.074152
v -0.123642 0.012952 0.074220
v -0.123477 0.012928 0.074286
v -0.123307 0.012961 0.074332
v -0.123177 0.013044 0.074347
v -0.123123 0.013155 0.074325
v -0.123158 0.013263 0.074274
v -0.123697 0.013626 0.074853
v -0.123535 0.013603 0.074923
v -0.123865 0.013592 0.074803
v -0.123993 0.013508 0.074786
v -0.124046 0.013398 0.074806
v -0.124011 0.013291 0.074859
v -0.123898 0.013216 0.074929
v -0.123735 0.013193 0.074999
v -0.123567 0.013228 0.075049
v -0.123440 0.013311 0.075066
v -0.123386 0.013421 0.075046
v -0.123421 0.013528 0.074993
v -0.123970 0.013883 0.075554
v -0.123810 0.013861 0.075626
v -0.124135 0.013847 0.075501
v -0.124261 0.013763 0.075481
v -0.124314 0.013653 0.075499
v -0.124279 0.013547 0.075551
v -0.124166 0.013473 0.075623
v -0.124006 0.013451 0.075695
v -0.123841 0.013487 0.075748
v -0.123715 0.013571 0.075768
v -0.123662 0.013680 0.075750
v -0.123697 0.013787 0.075698
v -0.124252 0.014122 0.076241
v -0.124093 0.014100 0.076314
v -0.124415 0.014085 0.076185
v -0.124539 0.014000 0.076161
v -0.124590 0.013890 0.076177
v -0.124554 0.013783 0.076226
v -0.124442 0.013710 0.076298
v -0.124284 0.013689 0.076371
v -0.124121 0.013725 0.076427
v -0.123997 0.013810 0.076451
v -0.123946 0.013921 0.076436
v -0.123981 0.014027 0.076386
v -0.124538 0.014330 0.076910
v -0.124380 0.014309 0.076984
v -0.124698 0.014293 0.076852
v -0.124819 0.014207 0.076824
v -0.124868 0.014096 0.076835
v -0.124831 0.013989 0.076881
v -0.124720 0.013916 0.076950
v -0.124562 0.013895 0.077024
v -0.124402 0.013932 0.077083
v -0.124281 0.014018 0.077110
v -0.124232 0.014129 0.077100
v -0.124268 0.014236 0.077053
v -0.124821 0.014496 0.077560
v -0.124665 0.014475 0.077633
v -0.124980 0.014458 0.077499
v -0.125097 0.014372 0.077466
v -0.125143 0.014260 0.077471
v -0.125105 0.014152 0.077511
v -0.124992 0.014078 0.077576
v -0.124835 0.014058 0.077649
v -0.124677 0.014096 0.077711
v -0.124559 0.014182 0.077743
v -0.124513 0.014294 0.077739
v -0.124552 0.014401 0.077699
v -0.125098 0.014606 0.078189
v -0.124942 0.014586 0.078260
v -0.125254 0.014568 0.078125
v -0.125368 0.014481 0.078086
v -0.125410 0.014369 0.078081
v -0.125368 0.014261 0.078113
v -0.125253 0.014186 0.078173
v -0.125097 0.014165 0.078244
v -0.124941 0.014203 0.078307
v -0.124827 0.014291 0.078347
v -0.124785 0.014403 0.078351
v -0.124827 0.014511 0.078319
v -0.125362 0.014648 0.078794
v -0.125205 0.014627 0.078861
v -0.125515 0.014610 0.078727
v -0.125625 0.014523 0.078680
v -0.125662 0.014410 0.078665
v -0.125615 0.014302 0.078685
v -0.125498 0.014228 0.078735
v -0.125341 0.014207 0.078803
v -0.125187 0.014245 0.078869
v -0.125077 0.014332 0.078916
v -0.125041 0.014445 0.078932
v -0.125088 0.014553 0.078912
v -0.125605 0.014608 0.079367
v -0.125447 0.014587 0.079429
v -0.125757 0.014570 0.079300
v -0.125863 0.014484 0.079245
v -0.125894 0.014373 0.079218
v -0.125843 0.014266 0.079226
v -0.125722 0.014193 0.079267
v -0.125565 0.014172 0.079329
v -0.125412 0.014210 0.079396
v -0.125306 0.014296 0.079451
v -0.125275 0.014407 0.079477
v -0.125326 0.014514 0.079470
v -0.126191 0.014336 0.080842
v -0.126034 0.014317 0.080898
v -0.126342 0.014299 0.080777
v -0.126445 0.014214 0.080720
v -0.126473 0.014106 0.080686
v -0.126419 0.014002 0.080684
v -0.126296 0.013932 0.080716
v -0.126139 0.013912 0.080772
v -0.125988 0.013950 0.080837
v -0.125885 0.014034 0.080894
v -0.125857 0.014142 0.080928
v -0.125911 0.014246 0.080929
v -0.126662 0.014014 0.082142
v -0.126504 0.013996 0.082191
v -0.126811 0.013976 0.082080
v -0.126912 0.013894 0.082022
v -0.126938 0.013788 0.081984
v -0.126882 0.013688 0.081975
v -0.126758 0.013620 0.081998
v -0.126601 0.013602 0.082047
v -0.126451 0.013640 0.082109
v -0.126350 0.013722 0.082167
v -0.126324 0.013828 0.082205
v -0.126381 0.013928 0.082214
v -0.127033 0.013650 0.083290
v -0.126876 0.013635 0.083332
v -0.127181 0.013612 0.083232
v -0.127280 0.013531 0.083173
v -0.127304 0.013429 0.083130
v -0.127246 0.013332 0.083114
v -0.127122 0.013268 0.083129
v -0.126965 0.013252 0.083172
v -0.126817 0.013290 0.083230
v -0.126717 0.013371 0.083288
v -0.126694 0.013474 0.083332
v -0.126752 0.013570 0.083348
v -0.127321 0.013256 0.084306
v -0.127165 0.013243 0.084342
v -0.127468 0.013217 0.084251
v -0.127565 0.013138 0.084192
v -0.127587 0.013039 0.084144
v -0.127528 0.012947 0.084121
v -0.127404 0.012886 0.084129
v -0.127247 0.012873 0.084164
v -0.127100 0.012911 0.084219
v -0.127003 0.012990 0.084279
v -0.126981 0.013089 0.084326
v -0.127040 0.013182 0.084349
v -0.127542 0.012840 0.085208
v -0.127387 0.012829 0.085238
v -0.127687 0.012801 0.085156
v -0.127783 0.012724 0.085096
v -0.127804 0.012628 0.085045
v -0.127744 0.012540 0.085015
v -0.127619 0.012484 0.085016
v -0.127464 0.012473 0.085046
v -0.127319 0.012512 0.085098
v -0.127223 0.012589 0.085158
v -0.127203 0.012685 0.085209
v -0.127262 0.012773 0.085239
v -0.127712 0.012414 0.086015
v -0.127558 0.012406 0.086041
v -0.127855 0.012375 0.085965
v -0.127949 0.012300 0.085905
v -0.127969 0.012208 0.085850
v -0.127909 0.012124 0.085816
v -0.127785 0.012071 0.085811
v -0.127631 0.012062 0.085837
v -0.127488 0.012101 0.085887
v -0.127394 0.012177 0.085947
v -0.127374 0.012269 0.086002
v -0.127434 0.012353 0.086036
v -0.127847 0.011989 0.086745
v -0.127695 0.011982 0.086768
v -0.127988 0.011950 0.086697
v -0.128080 0.011876 0.086636
v -0.128099 0.011787 0.086580
v -0.128039 0.011707 0.086543
v -0.127916 0.011656 0.086535
v -0.127764 0.011650 0.086558
v -0.127623 0.011688 0.086606
v -0.127531 0.011762 0.086666
v -0.127512 0.011851 0.086723
v -0.127572 0.011932 0.086760
v -0.127962 0.011575 0.087417
v -0.127812 0.011569 0.087439
v -0.128101 0.011537 0.087370
v -0.128192 0.011465 0.087310
v -0.128210 0.011378 0.087253
v -0.128151 0.011299 0.087215
v -0.128030 0.011250 0.087206
v -0.127880 0.011244 0.087229
v -0.127741 0.011282 0.087276
v -0.127650 0.011354 0.087336
v -0.127632 0.011441 0.087393
v -0.127691 0.011520 0.087431
v -0.128074 0.011184 0.088051
v -0.127927 0.011176 0.088074
v -0.128211 0.011147 0.088003
v -0.128300 0.011076 0.087943
v -0.128318 0.010990 0.087888
v -0.128260 0.010911 0.087853
v -0.128141 0.010862 0.087846
v -0.127994 0.010854 0.087870
v -0.127858 0.010891 0.087917
v -0.127768 0.010962 0.087977
v -0.127750 0.011049 0.088032
v -0.127808 0.011127 0.088067
v -0.128199 0.010824 0.088665
v -0.128055 0.010814 0.088692
v -0.128333 0.010789 0.088615
v -0.128420 0.010719 0.088557
v -0.128439 0.010633 0.088506
v -0.128383 0.010553 0.088475
v -0.128267 0.010501 0.088473
v -0.128123 0.010492 0.088500
v -0.127989 0.010527 0.088550
v -0.127901 0.010597 0.088608
v -0.127883 0.010683 0.088659
v -0.127939 0.010763 0.088690
v -0.128351 0.010505 0.089279
v -0.128211 0.010492 0.089312
v -0.128482 0.010472 0.089227
v -0.128569 0.010403 0.089170
v -0.128588 0.010316 0.089124
v -0.128535 0.010234 0.089101
v -0.128423 0.010179 0.089107
v -0.128283 0.010166 0.089140
v -0.128152 0.010199 0.089192
v -0.128065 0.010268 0.089249
v -0.128046 0.010356 0.089295
v -0.128099 0.010437 0.089318
v -0.128549 0.010234 0.089917
v -0.128413 0.010219 0.089956
v -0.128677 0.010203 0.089863
v -0.128762 0.010135 0.089808
v -0.128782 0.010047 0.089767
v -0.128732 0.009964 0.089751
v -0.128624 0.009906 0.089765
v -0.128489 0.009891 0.089804
v -0.128361 0.009922 0.089859
v -0.128275 0.009991 0.089913
v -0.128255 0.010078 0.089954
v -0.128305 0.010162 0.089970
v -0.128759 0.010019 0.090512
v -0.128627 0.010003 0.090555
v -0.128885 0.009990 0.090457
v -0.128969 0.009922 0.090403
v -0.128990 0.009835 0.090366
v -0.128942 0.009751 0.090355
v -0.128838 0.009693 0.090373
v -0.128705 0.009676 0.090416
v -0.128580 0.009706 0.090471
v -0.128496 0.009773 0.090525
v -0.128475 0.009861 0.090562
v -0.128523 0.009945 0.090573
v -0.128971 0.009833 0.091079
v -0.128842 0.009817 0.091123
v -0.129094 0.009804 0.091024
v -0.129177 0.009738 0.090972
v -0.129199 0.009651 0.090938
v -0.129153 0.009567 0.090931
v -0.129052 0.009509 0.090952
v -0.128922 0.009492 0.090997
v -0.128800 0.009521 0.091052
v -0.128716 0.009588 0.091104
v -0.128695 0.009674 0.091138
v -0.128740 0.009758 0.091145
v -0.129185 0.009683 0.091628
v -0.129059 0.009666 0.091674
v -0.129306 0.009655 0.091573
v -0.129389 0.009588 0.091525
v -0.129412 0.009502 0.091496
v -0.129369 0.009418 0.091494
v -0.129271 0.009360 0.091519
v -0.129145 0.009342 0.091565
v -0.129024 0.009371 0.091620
v -0.128941 0.009437 0.091668
v -0.128918 0.009524 0.091697
v -0.128961 0.009608 0.091699
v -0.129405 0.009574 0.092175
v -0.129282 0.009556 0.092222
v -0.129525 0.009546 0.092122
v -0.129608 0.009479 0.092078
v -0.129633 0.009393 0.092055
v -0.129592 0.009310 0.092058
v -0.129498 0.009251 0.092088
v -0.129374 0.009234 0.092135
v -0.129255 0.009262 0.092188
v -0.129172 0.009328 0.092232
v -0.129147 0.009414 0.092255
v -0.129187 0.009498 0.092251
v -0.129634 0.009509 0.092734
v -0.129513 0.009492 0.092782
v -0.129752 0.009482 0.092684
v -0.129836 0.009416 0.092646
v -0.129863 0.009330 0.092629
v -0.129826 0.009248 0.092639
v -0.129734 0.009190 0.092673
v -0.129613 0.009172 0.092721
v -0.129495 0.009200 0.092771
v -0.129412 0.009266 0.092809
v -0.129385 0.009351 0.092826
v -0.129422 0.009434 0.092816
v -0.129874 0.009496 0.093322
v -0.129756 0.009479 0.093371
v -0.129991 0.009468 0.093276
v -0.130076 0.009404 0.093243
v -0.130105 0.009319 0.093233
v -0.130071 0.009238 0.093249
v -0.129983 0.009181 0.093287
v -0.129864 0.009164 0.093335
v -0.129747 0.009191 0.093382
v -0.129663 0.009256 0.093415
v -0.129634 0.009340 0.093424
v -0.129668 0.009422 0.093408
v -0.130129 0.009538 0.093955
v -0.130013 0.009521 0.094004
v -0.130246 0.009511 0.093912
v -0.130331 0.009448 0.093885
v -0.130362 0.009366 0.093882
v -0.130331 0.009286 0.093903
v -0.130246 0.009230 0.093943
v -0.130130 0.009213 0.093992
v -0.130013 0.009240 0.094035
v -0.129928 0.009303 0.094062
v -0.129897 0.009386 0.094065
v -0.129928 0.009466 0.094044
v -0.130403 0.009642 0.094648
v -0.130288 0.009626 0.094695
v -0.130518 0.009616 0.094608
v -0.130604 0.009555 0.094586
v -0.130636 0.009475 0.094589
v -0.130608 0.009397 0.094615
v -0.130525 0.009343 0.094657
v -0.130411 0.009327 0.094705
v -0.130296 0.009352 0.094745
v -0.130210 0.009414 0.094766
v -0.130177 0.009494 0.094764
v -0.130206 0.009572 0.094738
v -0.130697 0.009814 0.095415
v -0.130584 0.009798 0.095462
v -0.130811 0.009789 0.095378
v -0.130897 0.009730 0.095361
v -0.130931 0.009652 0.095369
v -0.130904 0.009577 0.095398
v -0.130824 0.009524 0.095442
v -0.130712 0.009508 0.095489
v -0.130598 0.009533 0.095525
v -0.130512 0.009592 0.095542
v -0.130478 0.009670 0.095535
v -0.130504 0.009745 0.095505
v -0.131014 0.010060 0.096272
v -0.130904 0.010044 0.096317
v -0.131127 0.010036 0.096238
v -0.131213 0.009979 0.096225
v -0.131248 0.009903 0.096236
v -0.131223 0.009830 0.096268
v -0.131145 0.009779 0.096313
v -0.131034 0.009763 0.096358
v -0.130921 0.009787 0.096391
v -0.130836 0.009844 0.096405
v -0.130801 0.009919 0.096394
v -0.130826 0.009992 0.096361
v -0.131358 0.010384 0.097232
v -0.131249 0.010368 0.097275
v -0.131469 0.010362 0.097200
v -0.131554 0.010306 0.097190
v -0.131590 0.010234 0.097204
v -0.131566 0.010163 0.097238
v -0.131490 0.010112 0.097283
v -0.131381 0.010096 0.097327
v -0.131270 0.010119 0.097358
v -0.131185 0.010174 0.097368
v -0.131149 0.010247 0.097354
v -0.131173 0.010318 0.097320
v -0.131731 0.010794 0.098313
v -0.131624 0.010778 0.098354
v -0.131841 0.010773 0.098284
v -0.131925 0.010719 0.098275
v -0.131960 0.010648 0.098290
v -0.131937 0.010578 0.098323
v -0.131862 0.010529 0.098367
v -0.131755 0.010513 0.098409
v -0.131644 0.010535 0.098438
v -0.131560 0.010588 0.098446
v -0.131525 0.010659 0.098431
v -0.131548 0.010729 0.098398
v -0.131906 0.010981 0.098851
v -0.131802 0.010964 0.098888
v -0.132012 0.010960 0.098825
v -0.132093 0.010908 0.098815
v -0.132125 0.010839 0.098826
v -0.132101 0.010770 0.098853
v -0.132028 0.010721 0.098890
v -0.131923 0.010704 0.098926
v -0.131817 0.010725 0.098953
v -0.131737 0.010777 0.098962
v -0.131704 0.010846 0.098952
v -0.131728 0.010915 0.098925
v -0.132022 0.011066 0.099256
v -0.131920 0.011048 0.099285
v -0.132124 0.011046 0.099232
v -0.132200 0.010995 0.099219
v -0.132229 0.010926 0.099219
v -0.132203 0.010858 0.099233
v -0.132129 0.010808 0.099258
v -0.132027 0.010791 0.099286
v -0.131924 0.010811 0.099310
v -0.131848 0.010862 0.099324
v -0.131819 0.010930 0.099323
v -0.131846 0.010999 0.099309
v -0.132093 0.011060 0.099570
v -0.131992 0.011043 0.099586
v -0.132192 0.011041 0.099548
v -0.132263 0.010993 0.099527
v -0.132287 0.010927 0.099513
v -0.132258 0.010862 0.099508
v -0.132183 0.010814 0.099516
v -0.132083 0.010798 0.099532
v -0.131984 0.010817 0.099554
v -0.131913 0.010865 0.099575
v -0.131889 0.010931 0.099589
v -0.131918 0.010996 0.099593
v -0.132131 0.010978 0.099821
v -0.132034 0.010965 0.099828
v -0.132226 0.010960 0.099801
v -0.132293 0.010916 0.099773
v -0.132314 0.010857 0.099745
v -0.132283 0.010799 0.099724
v -0.132209 0.010758 0.099716
v -0.132112 0.010745 0.099723
v -0.132017 0.010763 0.099743
v -0.131950 0.010808 0.099770
v -0.131929 0.010866 0.099799
v -0.131960 0.010924 0.099820
v -0.132153 0.010847 0.100039
v -0.132060 0.010837 0.100042
v -0.132244 0.010830 0.100019
v -0.132307 0.010790 0.099988
v -0.132326 0.010738 0.099954
v -0.132296 0.010687 0.099926
v -0.132225 0.010651 0.099912
v -0.132131 0.010640 0.099915
v -0.132041 0.010657 0.099935
v -0.131977 0.010697 0.099965
v -0.131958 0.010750 0.099999
v -0.131988 0.010801 0.100027
v -0.132177 0.010693 0.100268
v -0.132088 0.010682 0.100272
v -0.132263 0.010677 0.100248
v -0.132323 0.010639 0.100218
v -0.132342 0.010589 0.100186
v -0.132313 0.010540 0.100160
v -0.132245 0.010505 0.100148
v -0.132156 0.010494 0.100152
v -0.132070 0.010509 0.100172
v -0.132009 0.010547 0.100202
v -0.131991 0.010598 0.100234
v -0.132020 0.010647 0.100260
v -0.132219 0.010527 0.100559
v -0.132134 0.010515 0.100568
v -0.132300 0.010513 0.100539
v -0.132358 0.010476 0.100512
v -0.132376 0.010426 0.100486
v -0.132350 0.010376 0.100467
v -0.132286 0.010340 0.100461
v -0.132202 0.010327 0.100469
v -0.132120 0.010341 0.100489
v -0.132062 0.010379 0.100516
v -0.132044 0.010429 0.100543
v -0.132070 0.010478 0.100562
v -0.132296 0.010363 0.100964
v -0.132217 0.010350 0.100976
v -0.132373 0.010351 0.100944
v -0.132428 0.010314 0.100920
v -0.132446 0.010265 0.100901
v -0.132423 0.010215 0.100890
v -0.132363 0.010178 0.100891
v -0.132284 0.010164 0.100903
v -0.132207 0.010177 0.100923
v -0.132152 0.010213 0.100946
v -0.132133 0.010263 0.100966
v -0.132157 0.010313 0.100977
v -0.132425 0.010217 0.101529
v -0.132352 0.010203 0.101544
v -0.132499 0.010205 0.101508
v -0.132551 0.010170 0.101489
v -0.132570 0.010122 0.101475
v -0.132548 0.010073 0.101471
v -0.132493 0.010037 0.101477
v -0.132420 0.010023 0.101493
v -0.132346 0.010035 0.101513
v -0.132294 0.010069 0.101532
v -0.132275 0.010118 0.101546
v -0.132297 0.010167 0.101550
v -0.132625 0.010106 0.102298
v -0.132556 0.010092 0.102315
v -0.132694 0.010095 0.102278
v -0.132744 0.010062 0.102262
v -0.132762 0.010016 0.102253
v -0.132743 0.009969 0.102253
v -0.132693 0.009934 0.102264
v -0.132624 0.009920 0.102281
v -0.132555 0.009932 0.102301
v -0.132504 0.009965 0.102317
v -0.132486 0.010011 0.102326
v -0.132505 0.010058 0.102326
v -0.132910 0.010049 0.103315
v -0.132846 0.010036 0.103334
v -0.132975 0.010039 0.103297
v -0.133022 0.010007 0.103282
v -0.133040 0.009964 0.103276
v -0.133023 0.009920 0.103280
v -0.132977 0.009887 0.103293
v -0.132912 0.009874 0.103312
v -0.132848 0.009884 0.103330
v -0.132800 0.009915 0.103345
v -0.132782 0.009959 0.103351
v -0.132799 0.010003 0.103347
v -0.133299 0.010064 0.104626
v -0.133239 0.010052 0.104644
v -0.133359 0.010054 0.104608
v -0.133404 0.010025 0.104595
v -0.133421 0.009984 0.104590
v -0.133405 0.009943 0.104595
v -0.133362 0.009912 0.104608
v -0.133302 0.009900 0.104626
v -0.133242 0.009910 0.104644
v -0.133197 0.009939 0.104657
v -0.133180 0.009980 0.104662
v -0.133196 0.010021 0.104657
v -0.133435 0.010059 0.105075
v -0.133378 0.010047 0.105092
v -0.133491 0.010050 0.105058
v -0.133533 0.010022 0.105044
v -0.133549 0.009984 0.105038
v -0.133534 0.009945 0.105040
v -0.133492 0.009916 0.105052
v -0.133436 0.009904 0.105068
v -0.133379 0.009914 0.105085
v -0.133337 0.009941 0.105099
v -0.133322 0.009979 0.105105
v -0.133337 0.010018 0.105103
v -0.133555 0.010019 0.105481
v -0.133501 0.010008 0.105495
v -0.133608 0.010011 0.105464
v -0.133647 0.009985 0.105450
v -0.133661 0.009949 0.105441
v -0.133646 0.009912 0.105441
v -0.133606 0.009885 0.105449
v -0.133552 0.009875 0.105463
v -0.133499 0.009883 0.105480
v -0.133460 0.009909 0.105494
v -0.133446 0.009945 0.105503
v -0.133461 0.009981 0.105503
v -0.133659 0.009954 0.105851
v -0.133608 0.009944 0.105863
v -0.133709 0.009946 0.105836
v -0.133745 0.009922 0.105822
v -0.133758 0.009888 0.105812
v -0.133743 0.009855 0.105809
v -0.133705 0.009829 0.105815
v -0.133655 0.009820 0.105827
v -0.133604 0.009828 0.105842
v -0.133568 0.009852 0.105856
v -0.133556 0.009885 0.105866
v -0.133570 0.009919 0.105868
v -0.133748 0.009872 0.106199
v -0.133700 0.009864 0.106208
v -0.133795 0.009865 0.106185
v -0.133829 0.009842 0.106172
v -0.133840 0.009811 0.106162
v -0.133826 0.009780 0.106158
v -0.133791 0.009757 0.106161
v -0.133743 0.009748 0.106171
v -0.133696 0.009756 0.106184
v -0.133662 0.009778 0.106197
v -0.133651 0.009809 0.106207
v -0.133665 0.009840 0.106211
v -0.133823 0.009784 0.106535
v -0.133779 0.009776 0.106542
v -0.133867 0.009776 0.106524
v -0.133899 0.009755 0.106513
v -0.133909 0.009727 0.106503
v -0.133896 0.009698 0.106499
v -0.133863 0.009677 0.106501
v -0.133818 0.009669 0.106508
v -0.133774 0.009677 0.106519
v -0.133743 0.009698 0.106530
v -0.133732 0.009726 0.106539
v -0.133745 0.009755 0.106544
v -0.133885 0.009698 0.106872
v -0.133844 0.009691 0.106878
v -0.133926 0.009691 0.106864
v -0.133956 0.009671 0.106855
v -0.133966 0.009644 0.106847
v -0.133953 0.009618 0.106843
v -0.133922 0.009598 0.106844
v -0.133881 0.009591 0.106850
v -0.133840 0.009599 0.106858
v -0.133811 0.009619 0.106867
v -0.133801 0.009645 0.106874
v -0.133813 0.009672 0.106878
v -0.133936 0.009623 0.107223
v -0.133898 0.009617 0.107227
v -0.133973 0.009616 0.107217
v -0.134001 0.009598 0.107211
v -0.134010 0.009573 0.107206
v -0.133999 0.009548 0.107203
v -0.133970 0.009531 0.107204
v -0.133932 0.009525 0.107207
v -0.133895 0.009532 0.107213
v -0.133867 0.009550 0.107220
v -0.133858 0.009575 0.107225
v -0.133869 0.009599 0.107228
v -0.133975 0.009568 0.107601
v -0.133940 0.009563 0.107603
v -0.134009 0.009562 0.107597
v -0.134034 0.009545 0.107593
v -0.134043 0.009522 0.107591
v -0.134033 0.009500 0.107589
v -0.134007 0.009483 0.107590
v -0.133973 0.009478 0.107593
v -0.133938 0.009485 0.107596
v -0.133913 0.009502 0.107600
v -0.133905 0.009525 0.107603
v -0.133914 0.009547 0.107604
v -0.134004 0.009542 0.108018
v -0.133973 0.009538 0.108019
v -0.134035 0.009537 0.108016
v -0.134058 0.009521 0.108014
v -0.134066 0.009501 0.108014
v -0.134057 0.009480 0.108014
v -0.134034 0.009466 0.108015
v -0.134003 0.009461 0.108017
v -0.133972 0.009467 0.108019
v -0.133949 0.009483 0.108020
v -0.133941 0.009503 0.108021
v -0.133950 0.009523 0.108021
v -0.134025 0.009555 0.108486
v -0.133997 0.009550 0.108487
v -0.134052 0.009549 0.108486
v -0.134072 0.009536 0.108486
v -0.134079 0.009518 0.108487
v -0.134072 0.009500 0.108489
v -0.134051 0.009487 0.108490
v -0.134023 0.009483 0.108492
v -0.133996 0.009488 0.108492
v -0.133976 0.009502 0.108492
v -0.133969 0.009520 0.108491
v -0.133976 0.009538 0.108489
v -0.134037 0.009614 0.109019
v -0.134012 0.009611 0.109020
v -0.134061 0.009610 0.109019
v -0.134078 0.009598 0.109021
v -0.134085 0.009582 0.109023
v -0.134078 0.009567 0.109026
v -0.134060 0.009555 0.109028
v -0.134036 0.009552 0.109029
v -0.134012 0.009556 0.109028
v -0.133994 0.009568 0.109027
v -0.133988 0.009584 0.109024
v -0.133995 0.009599 0.109022
v -0.134041 0.009730 0.109627
v -0.134021 0.009727 0.109628
v -0.134062 0.009726 0.109628
v -0.134077 0.009717 0.109630
v -0.134082 0.009703 0.109633
v -0.134077 0.009690 0.109637
v -0.134061 0.009681 0.109639
v -0.134041 0.009678 0.109640
v -0.134020 0.009681 0.109639
v -0.134005 0.009691 0.109636
v -0.134000 0.009704 0.109633
v -0.134005 0.009718 0.109630
vn -0.002400 0.226800 0.973900
vn -0.002200 0.226700 0.974000
vn -0.002300 0.227100 0.973900
vn -0.002200 0.228400 0.973600
vn -0.001800 0.225000 0.974400
vn -0.001900 0.228300 0.973600
vn -0.001900 0.226600 0.974000
vn -0.001800 0.228200 0.973600
vn -0.002100 0.228900 0.973400
vn -0.002100 0.227900 0.973700
vn -0.001800 0.227500 0.973800
vn -0.001900 0.230800 0.973000
vn 0.173000 0.059700 -0.983100
vn 0.173000 0.059500 -0.983100
vn 0.173000 0.059400 -0.983100
vn 0.173100 0.059400 -0.983100
vn 0.173000 0.059800 -0.983100
vn 0.173100 0.059500 -0.983100
vn -0.789800 -0.180600 0.586200
vn -0.789800 -0.182500 0.585600
vn -0.784700 -0.192900 0.589100
vn -0.789900 -0.180600 0.586000
vn -0.789700 -0.181400 0.586000
vn -0.789100 -0.182800 0.586500
vn -0.789200 -0.183200 0.586200
vn -0.789000 -0.183000 0.586500
vn -0.789100 -0.182800 0.586400
vn -0.789600 -0.181400 0.586200
vn -0.790400 -0.177900 0.586100
vn -0.787800 -0.185800 0.587200
vn 0.380500 0.082000 -0.921100
vn 0.380400 0.082600 -0.921100
vn 0.380500 0.082000 -0.921200
vn 0.380500 0.082200 -0.921100
vn 0.380500 0.082300 -0.921100
vn 0.380500 0.082400 -0.921100
vn -0.171100 0.120500 0.977900
vn -0.171200 0.119300 0.978000
vn -0.171200 0.114200 0.978600
vn -0.171200 0.117700 0.978200
vn -0.171200 0.118300 0.978100
vn -0.171200 0.118000 0.978100
vn -0.171100 0.117500 0.978200
vn -0.171100 0.119100 0.978000
vn -0.171100 0.117400 0.978200
vn -0.171100 0.119800 0.977900
vn -0.171500 0.120400 0.977800
vn -0.171400 0.117700 0.978100
vn 0.591000 -0.012400 -0.806600
vn 0.591000 -0.012300 -0.806600
vn 0.591000 -0.012200 -0.806600
vn 0.590900 -0.012200 -0.806600
vn 0.591000 -0.012000 -0.806600
vn 0.591200 -0.012600 -0.806500
vn 0.755200 0.379000 0.534800
vn 0.760600 0.390000 0.519000
vn 0.824500 0.024100 0.565400
vn 0.814200 0.012100 0.580500
vn 0.589900 0.692600 0.415100
vn 0.589500 0.701300 0.400800
vn 0.243700 0.955300 0.167300
vn 0.235600 0.958900 0.158000
vn -0.308000 0.924600 -0.224200
vn -0.323100 0.919600 -0.223400
vn -0.718000 0.472200 -0.511400
vn -0.732700 0.461100 -0.500500
vn -0.817000 -0.011400 -0.576600
vn -0.827300 -0.023500 -0.561300
vn -0.759200 -0.377200 -0.530500
vn -0.764700 -0.388100 -0.514400
vn -0.596300 -0.690300 -0.409800
vn -0.596300 -0.698700 -0.395300
vn -0.253900 -0.953500 -0.162600
vn -0.246700 -0.956900 -0.153300
vn 0.297800 -0.927000 0.228100
vn 0.311900 -0.922600 0.227100
vn 0.713800 -0.473800 0.515800
vn 0.728300 -0.463100 0.505000
vn 0.772700 0.411500 0.483300
vn 0.846300 0.047400 0.530500
vn 0.590000 0.718100 0.369200
vn 0.220600 0.965500 0.138700
vn -0.352500 0.909900 -0.218800
vn -0.762800 0.439800 -0.473900
vn -0.849200 -0.046800 -0.526000
vn -0.777000 -0.409300 -0.478300
vn -0.597400 -0.714900 -0.363300
vn -0.233200 -0.963200 -0.133700
vn 0.339400 -0.913900 0.222600
vn 0.757900 -0.443000 0.478900
vn 0.787100 0.433000 0.439300
vn 0.870800 0.070800 0.486500
vn 0.592300 0.734500 0.331200
vn 0.206300 0.971400 0.117100
vn -0.382900 0.899600 -0.210200
vn -0.795200 0.418300 -0.439000
vn -0.873700 -0.070300 -0.481400
vn -0.791600 -0.430400 -0.433700
vn -0.600300 -0.730800 -0.324900
vn -0.220500 -0.969000 -0.111800
vn 0.368100 -0.904700 0.214400
vn 0.790000 -0.422300 0.444600
vn 0.802800 0.453900 0.386600
vn 0.896500 0.093900 0.432900
vn 0.595600 0.750400 0.286800
vn 0.192300 0.976900 0.093300
vn -0.413800 0.888700 -0.197400
vn -0.828500 0.396600 -0.395400
vn -0.899200 -0.093600 -0.427300
vn -0.807300 -0.451200 -0.380500
vn -0.604000 -0.746200 -0.279900
vn -0.207700 -0.974300 -0.087300
vn 0.397900 -0.894800 0.202400
vn 0.823200 -0.401300 0.401600
vn 0.817800 0.474300 0.326000
vn 0.921500 0.116600 0.370500
vn 0.598200 0.765600 0.236600
vn 0.178200 0.981700 0.067700
vn -0.444400 0.877500 -0.180400
vn -0.861100 0.374900 -0.343600
vn -0.923900 -0.116400 -0.364400
vn -0.822000 -0.471400 -0.319400
vn -0.606800 -0.761200 -0.229100
vn -0.194300 -0.979000 -0.060800
vn 0.427600 -0.884500 0.186500
vn 0.856000 -0.380200 0.350400
vn 0.829800 0.494200 0.259300
vn 0.943400 0.139000 0.301200
vn 0.598900 0.779900 0.182000
vn 0.163300 0.985700 0.040800
vn -0.473900 0.865900 -0.160100
vn -0.890800 0.353500 -0.285500
vn -0.945400 -0.138700 -0.294900
vn -0.833800 -0.491000 -0.252400
vn -0.606800 -0.775600 -0.173800
vn -0.179600 -0.983200 -0.032900
vn 0.456300 -0.874000 0.167300
vn 0.886000 -0.359400 0.292900
vn 0.837100 0.513100 0.189800
vn 0.960200 0.160800 0.228600
vn 0.596000 0.793100 0.125600
vn 0.147300 0.989000 0.013900
vn -0.500700 0.854600 -0.137700
vn -0.915900 0.332900 -0.224100
vn -0.961800 -0.160400 -0.222000
vn -0.840600 -0.509900 -0.182700
vn -0.603100 -0.789100 -0.116800
vn -0.162900 -0.986600 -0.004800
vn 0.483600 -0.863000 0.146100
vn 0.911800 -0.339000 0.232000
vn 0.838800 0.530800 0.121300
vn 0.970800 0.181600 0.156600
vn 0.588700 0.805300 0.070100
vn 0.129800 0.991500 -0.012200
vn -0.524700 0.843500 -0.114700
vn -0.935700 0.313000 -0.163100
vn -0.971900 -0.181200 -0.150000
vn -0.841600 -0.528000 -0.114000
vn -0.594900 -0.801500 -0.061100
vn -0.144100 -0.989300 0.022100
vn 0.509400 -0.851500 0.124400
vn 0.932300 -0.318700 0.171200
vn 0.834800 0.547500 0.057200
vn 0.975400 0.201600 0.089200
vn 0.576900 0.816600 0.018300
vn 0.110300 0.993200 -0.036400
vn -0.546600 0.832200 -0.093100
vn -0.950100 0.293600 -0.105900
vn -0.976100 -0.201200 -0.082700
vn -0.836900 -0.545100 -0.050100
vn -0.582000 -0.813200 -0.009400
vn -0.122800 -0.991300 0.046800
vn 0.533400 -0.839500 0.103600
vn 0.947500 -0.298600 0.114100
vn 0.826100 0.563600 0.000100
vn 0.974800 0.221100 0.029200
vn 0.561300 0.827100 -0.027800
vn 0.089500 0.994300 -0.058000
vn -0.566300 0.820900 -0.074000
vn -0.960000 0.274400 -0.055100
vn -0.975100 -0.220500 -0.023000
vn -0.827600 -0.561300 0.006700
vn -0.565100 -0.824200 0.036500
vn -0.099400 -0.992700 0.068500
vn 0.555600 -0.827100 0.084800
vn 0.958300 -0.278700 0.063100
vn 0.813700 0.579300 -0.048400
vn 0.970500 0.240300 -0.021900
vn 0.542800 0.837200 -0.067200
vn 0.067700 0.994800 -0.076600
vn -0.584400 0.809400 -0.058100
vn -0.966800 0.255300 -0.012100
vn -0.970400 -0.239700 0.027700
vn -0.814700 -0.577300 0.054900
vn -0.545500 -0.834700 0.075400
vn -0.075100 -0.993400 0.086800
vn 0.576300 -0.814400 0.068700
vn 0.965700 -0.259000 0.019800
vn 0.792400 0.607800 -0.051600
vn 0.960700 0.276000 -0.028800
vn 0.514300 0.855100 -0.066200
vn 0.038800 0.996700 -0.071900
vn -0.604900 0.794600 -0.051900
vn -0.974200 0.225600 -0.007000
vn -0.961300 -0.273800 0.031400
vn -0.792300 -0.607400 0.057600
vn -0.512400 -0.855300 0.076600
vn -0.032200 -0.995900 0.084200
vn 0.613200 -0.787600 0.060400
vn 0.975500 -0.219700 0.010200
vn 0.750100 0.661100 0.020200
vn 0.938900 0.341700 0.040800
vn 0.458200 0.888900 -0.002300
vn -0.021700 0.999200 -0.033200
vn -0.649200 0.758000 -0.063000
vn -0.984600 0.162800 -0.063400
vn -0.939800 -0.339200 -0.041200
vn -0.748800 -0.662600 -0.014400
vn -0.452300 -0.891700 0.015300
vn 0.039700 -0.998000 0.049000
vn 0.669200 -0.739600 0.071900
vn 0.986800 -0.149400 0.063100
vn 0.686100 0.718000 0.117700
vn 0.899000 0.414200 0.142100
vn 0.378900 0.922200 0.078000
vn -0.104900 0.994500 0.007500
vn -0.705100 0.703300 -0.090600
vn -0.985600 0.083500 -0.147200
vn -0.899600 -0.412800 -0.142400
vn -0.684900 -0.720000 -0.112000
vn -0.374000 -0.925200 -0.065000
vn 0.119900 -0.992700 0.009600
vn 0.720200 -0.686200 0.101800
vn 0.986400 -0.072400 0.147700
vn 0.611900 0.765800 0.197800
vn 0.846900 0.479100 0.230600
vn 0.292400 0.946200 0.138600
vn -0.188800 0.981600 0.029700
vn -0.752600 0.645900 -0.127800
vn -0.973800 0.008100 -0.227100
vn -0.847200 -0.478600 -0.230700
vn -0.611000 -0.768000 -0.192100
vn -0.288900 -0.949100 -0.125600
vn 0.200600 -0.979600 -0.012000
vn 0.763400 -0.630500 0.140100
vn 0.973700 0.000800 0.228000
vn 0.531700 0.806200 0.259500
vn 0.786100 0.538200 0.303900
vn 0.203400 0.962400 0.180100
vn -0.270600 0.962000 0.035700
vn -0.792100 0.585900 -0.170900
vn -0.951900 -0.064200 -0.299500
vn -0.786200 -0.538200 -0.303800
vn -0.531000 -0.808400 -0.253900
vn -0.201300 -0.965100 -0.167400
vn 0.278900 -0.960200 -0.018200
vn 0.798900 -0.572800 0.183300
vn 0.951100 0.071100 0.300600
vn 0.448600 0.840600 0.303700
vn 0.719800 0.592500 0.361700
vn 0.114800 0.972100 0.204500
vn -0.348300 0.937000 0.028600
vn -0.823900 0.523800 -0.216600
vn -0.922300 -0.134000 -0.362600
vn -0.719800 -0.592700 -0.361400
vn -0.448300 -0.842700 -0.298100
vn -0.113700 -0.974800 -0.192200
vn 0.353100 -0.935500 -0.011900
vn 0.827200 -0.513500 0.228200
vn 0.921100 0.139200 0.363700
vn 0.364500 0.870000 0.332100
vn 0.650500 0.642700 0.404600
vn 0.027700 0.976400 0.214200
vn -0.420800 0.907100 0.011900
vn -0.848400 0.460000 -0.261800
vn -0.887000 -0.201900 -0.415300
vn -0.650500 -0.642900 -0.404300
vn -0.364800 -0.871900 -0.326700
vn -0.027600 -0.978900 -0.202400
vn 0.422900 -0.906200 0.004000
vn 0.849300 -0.452100 0.272700
vn 0.885600 0.205600 0.416400
vn 0.280800 0.895000 0.346600
vn 0.579700 0.689600 0.434100
vn -0.056800 0.975600 0.212100
vn -0.488500 0.872500 -0.012000
vn -0.867200 0.393800 -0.304800
vn -0.847800 -0.268300 -0.457500
vn -0.579700 -0.689800 -0.433600
vn -0.281500 -0.896700 -0.341500
vn 0.055800 -0.978100 -0.200700
vn 0.488500 -0.872200 0.026800
vn 0.866300 -0.387800 0.314900
vn 0.846300 0.271000 0.458600
vn 0.198600 0.915500 0.349900
vn 0.508200 0.733500 0.451400
vn -0.138200 0.969800 0.200700
vn -0.551700 0.833100 -0.040100
vn -0.880900 0.325400 -0.343900
vn -0.805900 -0.333400 -0.489300
vn -0.508500 -0.733600 -0.450800
vn -0.199600 -0.917200 -0.344800
vn 0.136000 -0.972300 -0.190100
vn 0.549900 -0.833500 0.053900
vn 0.878800 -0.320800 0.353300
vn 0.804200 0.335700 0.490600
vn 0.118000 0.931600 0.343900
vn 0.436700 0.774200 0.458200
vn -0.216600 0.959000 0.182800
vn -0.610400 0.789000 -0.070000
vn -0.890300 0.254800 -0.377500
vn -0.762100 -0.397300 -0.511300
vn -0.437800 -0.773900 -0.457700
vn -0.119700 -0.933100 -0.339100
vn 0.213200 -0.961600 -0.172900
vn 0.607300 -0.790100 0.082900
vn 0.887400 -0.251200 0.386500
vn 0.759900 0.399700 0.512600
vn 0.039000 0.942900 0.330700
vn 0.365500 0.811500 0.456000
vn -0.292100 0.942800 0.160600
vn -0.665400 0.739800 -0.099400
vn -0.896300 0.181600 -0.404600
vn -0.716800 -0.460400 -0.523700
vn -0.367100 -0.811000 -0.455500
vn -0.041500 -0.944400 -0.326200
vn 0.288100 -0.945600 -0.151200
vn 0.661300 -0.741800 0.111500
vn 0.892900 -0.179200 0.413100
vn 0.714300 0.462800 0.525000
vn -0.038200 0.949200 0.312500
vn 0.294400 0.845200 0.446100
vn -0.365100 0.920900 0.136500
vn -0.717300 0.685200 -0.126200
vn -0.899500 0.105900 -0.423800
vn -0.670000 -0.523000 -0.526800
vn -0.296700 -0.844700 -0.445500
vn 0.034700 -0.950600 -0.308300
vn 0.360400 -0.924000 -0.127500
vn 0.712300 -0.688200 0.137500
vn 0.895700 -0.104500 0.432200
vn 0.667300 0.525000 0.528300
vn -0.085900 0.959000 0.270200
vn 0.254700 0.879200 0.402700
vn -0.415500 0.904000 0.100600
vn -0.759900 0.633700 -0.145000
vn -0.911900 0.030000 -0.409400
vn -0.650800 -0.583600 -0.485600
vn -0.261800 -0.878700 -0.399200
vn 0.076000 -0.960700 -0.267000
vn 0.403000 -0.910100 -0.096700
vn 0.746800 -0.648300 0.148400
vn 0.908400 -0.045200 0.415600
vn 0.647900 0.581600 0.491900
vn -0.076300 0.978600 0.191200
vn 0.275100 0.911700 0.305100
vn -0.418300 0.906900 0.051300
vn -0.777400 0.612600 -0.142800
vn -0.940900 -0.013100 -0.338500
vn -0.680800 -0.626700 -0.379100
vn -0.284600 -0.911100 -0.298100
vn 0.062800 -0.980300 -0.187000
vn 0.400500 -0.915000 -0.049300
vn 0.758700 -0.635400 0.143700
vn 0.938100 -0.014000 0.346100
vn 0.678900 0.622000 0.390100
vn -0.047300 0.993500 0.103900
vn 0.312000 0.930400 0.192300
vn -0.400500 0.916300 0.002100
vn -0.778700 0.613500 -0.131100
vn -0.967300 -0.024300 -0.252300
vn -0.718900 -0.645700 -0.257500
vn -0.319000 -0.929600 -0.184700
vn 0.036500 -0.994500 -0.098200
vn 0.385900 -0.922500 0.002800
vn 0.763500 -0.631100 0.136900
vn 0.964900 0.003300 0.262700
vn 0.717700 0.642600 0.268400
vn -0.029900 0.999000 0.032600
vn 0.333600 0.937300 0.100600
vn -0.389300 0.920300 -0.038700
vn -0.779000 0.614800 -0.122800
vn -0.982700 -0.027800 -0.183100
vn -0.740900 -0.652500 -0.158900
vn -0.339300 -0.936100 -0.092600
vn 0.021200 -0.999400 -0.025900
vn 0.378200 -0.924600 0.045500
vn 0.767000 -0.628100 0.131300
vn 0.980700 0.011100 0.195100
vn 0.740400 0.650300 0.170000
vn -0.018600 0.999500 -0.024100
vn 0.346100 0.937800 0.027900
vn -0.381800 0.921500 -0.071600
vn -0.778800 0.616200 -0.117100
vn -0.991300 -0.026700 -0.128900
vn -0.753200 -0.652800 -0.081000
vn -0.350600 -0.936300 -0.019500
vn 0.012400 -0.999400 0.031600
vn 0.373800 -0.924100 0.079500
vn 0.769300 -0.626200 0.127100
vn 0.989800 0.014200 0.141700
vn 0.752900 0.651700 0.092000
vn -0.012000 0.997500 -0.069200
vn 0.353300 0.935100 -0.029500
vn -0.377300 0.920900 -0.098200
vn -0.778200 0.617700 -0.113400
vn -0.995900 -0.022700 -0.087100
vn -0.760100 -0.649500 -0.020000
vn -0.355900 -0.933700 0.038100
vn 0.007800 -0.997000 0.077100
vn 0.371000 -0.922500 0.106800
vn 0.770700 -0.624900 0.124400
vn 0.994900 0.014200 0.100300
vn 0.759800 0.649400 0.031100
vn -0.009300 0.994400 -0.104800
vn 0.357600 0.930900 -0.074000
vn -0.375400 0.919100 -0.119700
vn -0.777300 0.619200 -0.111700
vn -0.998300 -0.018000 -0.055600
vn -0.764000 -0.644600 0.027000
vn -0.358800 -0.929700 0.083000
vn 0.006100 -0.993600 0.113100
vn 0.370100 -0.920000 0.128800
vn 0.771600 -0.624000 0.123400
vn 0.997500 0.012300 0.069300
vn 0.764200 0.644800 -0.015500
vn -0.007900 0.991200 -0.132200
vn 0.360300 0.926600 -0.107500
vn -0.374000 0.917200 -0.137000
vn -0.776200 0.620500 -0.111800
vn -0.999400 -0.014400 -0.032900
vn -0.766000 -0.639800 0.062100
vn -0.361200 -0.925100 0.117200
vn 0.005600 -0.990000 0.141000
vn 0.370300 -0.917300 0.146700
vn 0.772100 -0.623300 0.124200
vn 0.998800 0.010800 0.047200
vn 0.766300 0.640500 -0.050000
vn -0.006200 0.988300 -0.152400
vn 0.360900 0.923300 -0.131300
vn -0.372400 0.915700 -0.150700
vn -0.775600 0.620800 -0.113800
vn -0.999800 -0.011600 -0.018700
vn -0.766800 -0.636100 0.086200
vn -0.362500 -0.921100 0.141700
vn 0.005300 -0.986800 0.162000
vn 0.371000 -0.914500 0.161200
vn 0.772800 -0.621800 0.127200
vn 0.999400 0.009900 0.034000
vn 0.767000 0.637400 -0.073200
vn -0.005200 0.986200 -0.165200
vn 0.361000 0.921300 -0.144500
vn -0.371500 0.914300 -0.161200
vn -0.774800 0.621000 -0.118800
vn -0.999900 -0.009700 -0.014100
vn -0.767000 -0.634000 0.098600
vn -0.362800 -0.918700 0.156200
vn 0.005900 -0.984400 0.176100
vn 0.372000 -0.912000 0.173000
vn 0.773500 -0.619600 0.133600
vn 0.999500 0.010500 0.031100
vn 0.767100 0.636000 -0.083900
vn -0.004400 0.985700 -0.168500
vn 0.362500 0.920900 -0.143300
vn -0.371000 0.913300 -0.168000
vn -0.773000 0.621300 -0.128700
vn -0.999700 -0.009800 -0.023300
vn -0.766600 -0.635000 0.094800
vn -0.362500 -0.918500 0.157700
vn 0.006500 -0.983300 0.181700
vn 0.372900 -0.909800 0.182200
vn 0.774000 -0.616100 0.145900
vn 0.999000 0.014400 0.043200
vn 0.766600 0.637500 -0.076900
vn -0.003900 0.988000 -0.154400
vn 0.363800 0.924300 -0.115000
vn -0.369100 0.913900 -0.169200
vn -0.769900 0.620600 -0.149000
vn -0.998100 -0.013700 -0.059700
vn -0.764700 -0.641600 0.059900
vn -0.360200 -0.923100 0.134800
vn 0.008200 -0.985000 0.172200
vn 0.375300 -0.907600 0.188200
vn 0.774800 -0.608500 0.171500
vn 0.996000 0.024000 0.085700
vn 0.765000 0.643000 -0.035700
vn -0.001300 0.990000 -0.141000
vn 0.365100 0.926500 -0.091200
vn -0.364000 0.916200 -0.167500
vn -0.764300 0.623900 -0.162900
vn -0.996000 -0.014700 -0.087800
vn -0.761000 -0.647900 0.032200
vn -0.355500 -0.927500 0.115400
vn 0.012400 -0.986600 0.162700
vn 0.379400 -0.905500 0.190300
vn 0.776900 -0.600600 0.189000
vn 0.992500 0.033700 0.117100
vn 0.763000 0.646400 -0.003200
vn -0.043400 0.996600 0.069800
vn -0.043000 0.996700 0.069200
vn 0.297600 0.931800 0.207800
vn 0.298000 0.931900 0.206800
vn -0.378800 0.922300 -0.077000
vn -0.377700 0.922500 -0.079400
vn -0.738200 0.625000 -0.253800
vn -0.736500 0.625300 -0.257900
vn -0.921800 -0.013800 -0.387500
vn -0.919800 -0.013300 -0.392100
vn -0.681800 -0.646000 -0.343300
vn -0.680400 -0.645800 -0.346400
vn -0.296700 -0.932100 -0.207600
vn -0.296100 -0.932100 -0.208600
vn 0.044900 -0.996500 -0.070500
vn 0.044600 -0.996600 -0.069800
vn 0.380300 -0.921700 0.076400
vn 0.379400 -0.921900 0.078700
vn 0.739300 -0.624200 0.252800
vn 0.737800 -0.624300 0.256800
vn 0.922400 0.013400 0.386000
vn 0.920500 0.013000 0.390500
vn 0.683100 0.645200 0.342200
vn 0.681900 0.644800 0.345200
vn -0.041900 0.996800 0.067400
vn 0.296700 0.931600 0.209700
vn -0.375200 0.923000 -0.084800
vn -0.732700 0.625900 -0.267100
vn -0.915400 -0.012600 -0.402500
vn -0.677400 -0.645300 -0.353100
vn -0.294900 -0.932000 -0.210600
vn 0.043900 -0.996700 -0.067900
vn 0.376900 -0.922400 0.084000
vn 0.734000 -0.625000 0.265700
vn 0.916200 0.012100 0.400500
vn 0.679200 0.644200 0.351700
vn -0.040500 0.997100 0.064400
vn 0.296200 0.931500 0.211300
vn -0.372000 0.923700 -0.091900
vn -0.727700 0.627000 -0.278100
vn -0.910000 -0.011700 -0.414500
vn -0.674000 -0.644800 -0.360500
vn -0.293900 -0.932000 -0.212300
vn 0.042900 -0.997000 -0.065100
vn 0.373800 -0.923000 0.090900
vn 0.729100 -0.626000 0.276500
vn 0.911000 0.011100 0.412200
vn 0.676000 0.643500 0.359000
vn -0.038600 0.997400 0.060200
vn 0.296000 0.931300 0.212200
vn -0.368100 0.924300 -0.100600
vn -0.721700 0.628200 -0.290700
vn -0.903900 -0.010600 -0.427500
vn -0.670400 -0.644300 -0.368000
vn -0.293400 -0.931900 -0.213400
vn 0.041100 -0.997300 -0.061300
vn 0.370200 -0.923700 0.099200
vn 0.723500 -0.627100 0.288700
vn 0.905300 0.009600 0.424700
vn 0.672900 0.642700 0.366200
vn -0.036300 0.997800 0.055000
vn 0.296200 0.931400 0.211700
vn -0.363800 0.925000 -0.109800
vn -0.715900 0.628800 -0.303400
vn -0.898100 -0.009700 -0.439600
vn -0.667400 -0.643900 -0.374200
vn -0.293600 -0.931800 -0.213400
vn 0.038500 -0.997700 -0.056600
vn 0.365900 -0.924400 0.107900
vn 0.717500 -0.628200 0.300700
vn 0.899700 0.008500 0.436400
vn 0.670300 0.642100 0.372000
vn -0.034100 0.998200 0.049400
vn 0.296900 0.931600 0.209600
vn -0.360100 0.925400 -0.118100
vn -0.711200 0.629200 -0.313500
vn -0.893900 -0.009500 -0.448100
vn -0.666100 -0.643400 -0.377300
vn -0.294800 -0.931800 -0.211600
vn 0.035600 -0.998100 -0.051200
vn 0.361500 -0.925100 0.116000
vn 0.712400 -0.629300 0.310600
vn 0.895600 0.008000 0.444800
vn 0.668700 0.642100 0.374900
vn -0.031900 0.998500 0.044200
vn 0.298300 0.932000 0.205800
vn -0.357600 0.925600 -0.124000
vn -0.708700 0.629400 -0.318800
vn -0.892600 -0.009000 -0.450700
vn -0.667200 -0.642900 -0.376200
vn -0.297200 -0.931900 -0.208000
vn 0.032800 -0.998400 -0.046300
vn 0.358500 -0.925600 0.121500
vn 0.709700 -0.629800 0.315700
vn 0.894300 0.007900 0.447300
vn 0.668900 0.642700 0.373500
vn -0.030400 0.998700 0.040300
vn 0.300400 0.932500 0.200600
vn -0.356900 0.925600 -0.126100
vn -0.709200 0.629200 -0.318100
vn -0.894600 -0.009000 -0.446700
vn -0.670100 -0.642900 -0.370900
vn -0.300100 -0.932000 -0.203300
vn 0.030600 -0.998600 -0.042700
vn 0.357200 -0.925800 0.123500
vn 0.709800 -0.630100 0.314900
vn 0.896300 0.008200 0.443500
vn 0.671200 0.643500 0.368000
vn -0.029700 0.998800 0.038300
vn 0.302600 0.932800 0.195600
vn -0.357900 0.925400 -0.124500
vn -0.712100 0.628900 -0.312300
vn -0.899200 -0.009300 -0.437500
vn -0.674400 -0.643100 -0.362800
vn -0.302800 -0.932200 -0.198200
vn 0.029500 -0.998700 -0.040800
vn 0.357700 -0.925800 0.122000
vn 0.712400 -0.630000 0.309300
vn 0.900500 0.009100 0.434700
vn 0.674800 0.644200 0.359900
vn 0.304600 0.933100 0.191400
vn -0.360000 0.925100 -0.120500
vn -0.716400 0.628200 -0.303500
vn -0.904700 -0.009800 -0.425900
vn -0.678900 -0.643400 -0.353700
vn -0.305000 -0.932400 -0.193700
vn 0.029300 -0.998700 -0.040500
vn 0.359500 -0.925600 0.118000
vn 0.716500 -0.629400 0.300800
vn 0.905900 0.009900 0.423500
vn 0.678900 0.644800 0.351200
vn -0.030100 0.998800 0.039300
vn 0.306200 0.933200 0.188100
vn -0.362300 0.924900 -0.115200
vn -0.720800 0.627800 -0.293800
vn -0.910200 -0.010300 -0.414100
vn -0.682900 -0.643900 -0.345100
vn -0.306800 -0.932600 -0.190100
vn 0.029500 -0.998700 -0.041200
vn 0.361700 -0.925400 0.113100
vn 0.720900 -0.628800 0.291600
vn 0.911100 0.010700 0.412000
vn 0.682700 0.645200 0.342900
vn -0.025300 0.999200 0.032200
vn 0.311000 0.932700 0.182400
vn -0.358300 0.925600 -0.122000
vn -0.719000 0.627800 -0.298100
vn -0.911000 -0.013200 -0.412100
vn -0.684700 -0.646600 -0.336300
vn -0.310000 -0.933800 -0.178500
vn 0.025500 -0.999300 -0.028800
vn 0.357400 -0.925500 0.125300
vn 0.716500 -0.629200 0.301400
vn 0.909300 0.007600 0.416200
vn 0.686000 0.642700 0.341100
vn -0.008900 1.000000 0.001200
vn 0.322100 0.932300 0.164400
vn -0.338800 0.927000 -0.160700
vn -0.700400 0.628700 -0.337800
vn -0.899900 -0.016300 -0.435900
vn -0.684000 -0.649800 -0.331400
vn -0.319400 -0.935100 -0.153500
vn 0.009800 -0.999900 0.008000
vn 0.337500 -0.925900 0.169700
vn 0.694500 -0.630400 0.346700
vn 0.894600 0.003600 0.446800
vn 0.686900 0.639800 0.344600
vn 0.015800 0.998800 -0.046500
vn 0.337200 0.931500 0.136000
vn -0.307600 0.925600 -0.220700
vn -0.667800 0.627300 -0.400700
vn -0.878500 -0.017700 -0.477400
vn -0.683500 -0.650000 -0.332200
vn -0.335000 -0.934100 -0.123400
vn -0.015500 -0.998300 0.057000
vn 0.305700 -0.923700 0.230800
vn 0.660800 -0.628200 0.410800
vn 0.871600 0.004800 0.490200
vn 0.685500 0.639700 0.347800
vn 0.044300 0.994500 -0.094900
vn 0.354000 0.929100 0.107400
vn -0.271600 0.920100 -0.282000
vn -0.630000 0.621700 -0.465500
vn -0.853500 -0.021500 -0.520600
vn -0.682800 -0.649800 -0.334000
vn -0.353000 -0.931000 -0.093300
vn -0.044800 -0.993300 0.106600
vn 0.268700 -0.917600 0.293100
vn 0.621700 -0.621500 0.476600
vn 0.844600 0.009600 0.535300
vn 0.682900 0.640300 0.351700
vn 0.073900 0.987400 -0.139800
vn 0.370500 0.925300 0.081000
vn -0.233900 0.911100 -0.339500
vn -0.589900 0.612000 -0.526700
vn -0.826500 -0.027200 -0.562300
vn -0.681600 -0.649500 -0.337100
vn -0.371400 -0.926100 -0.066000
vn -0.075800 -0.985400 0.152400
vn 0.229600 -0.907700 0.351100
vn 0.580300 -0.610800 0.538700
vn 0.815600 0.017500 0.578400
vn 0.679200 0.641900 0.356000
vn 0.099900 0.979200 -0.176400
vn 0.384400 0.921200 0.059900
vn -0.199800 0.900400 -0.386500
vn -0.552800 0.600700 -0.577500
vn -0.800700 -0.033400 -0.598200
vn -0.679700 -0.649100 -0.341600
vn -0.387700 -0.920700 -0.045000
vn -0.103800 -0.976500 0.188900
vn 0.193900 -0.896500 0.398500
vn 0.542200 -0.598000 0.590200
vn 0.788200 0.027900 0.614800
vn 0.674300 0.644600 0.360300
vn 0.117300 0.972800 -0.199800
vn 0.392600 0.918500 0.047300
vn -0.175900 0.891600 -0.417300
vn -0.525400 0.591600 -0.611500
vn -0.780600 -0.038000 -0.623900
vn -0.677300 -0.648500 -0.347500
vn -0.398700 -0.916500 -0.033600
vn -0.123300 -0.969600 0.211500
vn 0.168500 -0.887400 0.429200
vn 0.514400 -0.587300 0.624800
vn 0.767300 0.038100 0.640100
vn 0.668600 0.648200 0.364300
vn 0.121300 0.970900 -0.206500
vn 0.392500 0.918700 0.045000
vn -0.168300 0.888200 -0.427600
vn -0.514300 0.588100 -0.624100
vn -0.770600 -0.038600 -0.636200
vn -0.674400 -0.647800 -0.354300
vn -0.401400 -0.915300 -0.033500
vn -0.129400 -0.967500 0.217000
vn 0.159600 -0.884100 0.439100
vn 0.503400 -0.582600 0.638100
vn 0.757300 0.044800 0.651500
vn 0.662800 0.652100 0.368000
vn 0.109600 0.974700 -0.194600
vn 0.382500 0.922400 0.054200
vn -0.180100 0.891800 -0.415000
vn -0.523300 0.591800 -0.613100
vn -0.773400 -0.034600 -0.633000
vn -0.671400 -0.647100 -0.361200
vn -0.394100 -0.918000 -0.045100
vn -0.119700 -0.971700 0.203800
vn 0.170300 -0.888600 0.426000
vn 0.513000 -0.585700 0.627600
vn 0.760800 0.046300 0.647400
vn 0.657200 0.655800 0.371600
vn 0.083400 0.982900 -0.164500
vn 0.363700 0.928500 0.074800
vn -0.210000 0.901100 -0.379500
vn -0.551400 0.601200 -0.578400
vn -0.788900 -0.027400 -0.613900
vn -0.668400 -0.646800 -0.367200
vn -0.377300 -0.923600 -0.067800
vn -0.094900 -0.980500 0.172300
vn 0.199500 -0.899000 0.389800
vn 0.542200 -0.595100 0.593200
vn 0.777300 0.043400 0.627700
vn 0.652300 0.658800 0.374900
vn 0.047500 0.991800 -0.118500
vn 0.339500 0.934700 0.105200
vn -0.252500 0.911600 -0.324400
vn -0.593200 0.611900 -0.523200
vn -0.813900 -0.019700 -0.580600
vn -0.666000 -0.646600 -0.371900
vn -0.354200 -0.929900 -0.099600
vn -0.059400 -0.990300 0.125400
vn 0.242000 -0.911000 0.334000
vn 0.585300 -0.606600 0.538000
vn 0.803400 0.038300 0.594300
vn 0.648700 0.660400 0.378200
vn 0.008300 0.998000 -0.062000
vn 0.313900 0.938800 0.141900
vn -0.299700 0.919000 -0.256000
vn -0.640600 0.619200 -0.454000
vn -0.843200 -0.014400 -0.537400
vn -0.664200 -0.646700 -0.374900
vn -0.328700 -0.934500 -0.136800
vn -0.020000 -0.997500 0.068300
vn 0.290000 -0.919600 0.264900
vn 0.634200 -0.615300 0.468200
vn 0.833800 0.033100 0.551100
vn 0.646900 0.660500 0.381200
vn -0.025200 0.999600 -0.008300
vn 0.295000 0.940000 0.171300
vn -0.342900 0.920800 -0.186000
vn -0.687400 0.620000 -0.378200
vn -0.875200 -0.014400 -0.483500
vn -0.667100 -0.647300 -0.368700
vn -0.308600 -0.936000 -0.169500
vn 0.013900 -0.999800 0.010600
vn 0.333900 -0.923200 0.190200
vn 0.682100 -0.620600 0.386800
vn 0.869300 0.028600 0.493500
vn 0.652500 0.660100 0.372100
vn -0.050500 0.997900 0.039300
vn 0.286000 0.940000 0.186000
vn -0.381100 0.917700 -0.112600
vn -0.734200 0.615200 -0.287300
vn -0.914200 -0.018200 -0.404800
vn -0.682400 -0.647500 -0.339300
vn -0.301000 -0.935100 -0.187200
vn 0.038200 -0.998500 -0.040100
vn 0.370800 -0.921800 0.112900
vn 0.728800 -0.619800 0.291100
vn 0.910900 0.030500 0.411400
vn 0.667700 0.662100 0.340200
vn -0.070200 0.993400 0.090900
vn 0.281800 0.939200 0.196200
vn -0.413700 0.910000 -0.026600
vn -0.776800 0.605000 -0.174500
vn -0.953600 -0.026900 -0.300000
vn -0.701700 -0.650700 -0.290300
vn -0.298700 -0.934200 -0.195200
vn 0.057000 -0.994300 -0.089800
vn 0.402600 -0.915000 0.028400
vn 0.771400 -0.610600 0.179400
vn 0.950300 0.039900 0.308700
vn 0.684900 0.666700 0.293900
vn -0.083800 0.985700 0.146300
vn 0.279200 0.937700 0.206600
vn -0.436900 0.897100 0.066300
vn -0.807200 0.588000 -0.052000
vn -0.981700 -0.042600 -0.185800
vn -0.715000 -0.658200 -0.235800
vn -0.296300 -0.933300 -0.202600
vn 0.070700 -0.987200 -0.143000
vn 0.425500 -0.902800 -0.062800
vn 0.802000 -0.594500 0.058000
vn 0.979000 0.054700 0.196400
vn 0.697900 0.673700 0.243100
vn -0.089400 0.976100 0.198300
vn 0.279600 0.935700 0.215300
vn -0.447500 0.880800 0.154600
vn -0.821400 0.566600 0.065300
vn -0.995100 -0.063700 -0.075700
vn -0.720200 -0.669400 -0.182300
vn -0.294100 -0.932800 -0.208400
vn 0.077900 -0.978100 -0.192800
vn 0.437400 -0.886800 -0.149400
vn 0.817200 -0.573400 -0.058300
vn 0.993400 0.073400 0.087600
vn 0.705600 0.681900 0.192800
vn -0.088300 0.967200 0.238300
vn 0.282000 0.933800 0.220000
vn -0.447300 0.865700 0.224500
vn -0.822500 0.546000 0.159500
vn -0.996200 -0.085800 0.013500
vn -0.718600 -0.681600 -0.138000
vn -0.291900 -0.932800 -0.211500
vn 0.080400 -0.969500 -0.231400
vn 0.440400 -0.871000 -0.217900
vn 0.819900 -0.552100 -0.151400
vn 0.995800 0.091000 -0.001400
vn 0.709000 0.689100 0.149800
vn -0.084700 0.962100 0.259000
vn 0.285000 0.933100 0.219200
vn -0.442900 0.856900 0.263900
vn -0.818500 0.532800 0.214700
vn -0.992500 -0.102000 0.067400
vn -0.713700 -0.691800 -0.109800
vn -0.288700 -0.934000 -0.210600
vn 0.081500 -0.964400 -0.251500
vn 0.440200 -0.860600 -0.256200
vn 0.817600 -0.537800 -0.205500
vn 0.993300 0.101600 -0.055700
vn 0.710800 0.693000 0.120700
vn -0.082400 0.963300 0.255400
vn 0.287800 0.933800 0.212500
vn -0.440500 0.858100 0.263900
vn -0.817400 0.532800 0.219200
vn -0.991400 -0.107000 0.075300
vn -0.709200 -0.697500 -0.102000
vn -0.284200 -0.936700 -0.204600
vn 0.084500 -0.965100 -0.247800
vn 0.442400 -0.859700 -0.255400
vn 0.818000 -0.536000 -0.208900
vn 0.992900 0.100100 -0.064400
vn 0.713800 0.691500 0.111100
vn -0.081700 0.971100 0.224100
vn 0.290800 0.935700 0.199700
vn -0.441400 0.870300 0.218600
vn -0.820700 0.547000 0.165100
vn -0.994500 -0.100000 0.029800
vn -0.706900 -0.697500 -0.117400
vn -0.279700 -0.940600 -0.192200
vn 0.090000 -0.972200 -0.216300
vn 0.447800 -0.869300 -0.209200
vn 0.822400 -0.547800 -0.153600
vn 0.996100 0.086200 -0.019600
vn 0.718500 0.684200 0.125300
vn -0.078400 0.983100 0.165300
vn 0.294400 0.938200 0.181800
vn -0.438800 0.889600 0.127000
vn -0.819500 0.570900 0.050300
vn -0.994000 -0.083700 -0.070700
vn -0.703600 -0.693200 -0.156200
vn -0.277000 -0.945200 -0.172800
vn 0.092000 -0.983500 -0.156100
vn 0.448600 -0.886100 -0.116400
vn 0.821400 -0.569100 -0.038000
vn 0.994700 0.064000 0.080700
vn 0.720900 0.673000 0.165300
vn -0.065500 0.994100 0.086000
vn 0.298900 0.940600 0.161200
vn -0.420100 0.907500 -0.000000
vn -0.796800 0.593800 -0.111900
vn -0.974600 -0.065800 -0.214100
vn -0.693700 -0.687800 -0.213700
vn -0.278500 -0.948800 -0.148800
vn 0.081300 -0.993900 -0.074400
vn 0.431500 -0.902000 0.011800
vn 0.798200 -0.589500 0.123700
vn 0.973600 0.042800 0.224200
vn 0.713500 0.663100 0.226400
vn -0.039300 0.999200 0.001600
vn 0.304700 0.942000 0.140900
vn -0.377800 0.915700 -0.136800
vn -0.742600 0.604500 -0.288300
vn -0.926800 -0.056900 -0.371300
vn -0.674100 -0.684200 -0.278200
vn -0.286300 -0.949900 -0.125400
vn 0.053900 -0.998500 0.011700
vn 0.388500 -0.909300 0.149000
vn 0.743400 -0.598700 0.298100
vn 0.924000 0.034700 0.380900
vn 0.691100 0.660000 0.294600
vn -0.020100 0.998000 -0.059300
vn 0.306200 0.944600 0.118000
vn -0.343700 0.911300 -0.226800
vn -0.695700 0.599000 -0.396500
vn -0.885500 -0.051500 -0.461800
vn -0.667600 -0.675500 -0.313000
vn -0.305300 -0.946300 -0.106500
vn 0.019700 -0.997400 0.069000
vn 0.341600 -0.909700 0.236200
vn 0.689700 -0.599400 0.406300
vn 0.879500 0.042500 0.474000
vn 0.667900 0.668600 0.326900
vn -0.016900 0.996800 -0.078200
vn 0.310800 0.945800 0.094300
vn -0.342800 0.908800 -0.238000
vn -0.698500 0.596800 -0.394900
vn -0.894300 -0.045600 -0.445100
vn -0.685300 -0.667300 -0.291600
vn -0.323600 -0.942200 -0.086800
vn 0.004200 -0.996400 0.084900
vn 0.330100 -0.911300 0.246100
vn 0.686700 -0.602400 0.407000
vn 0.886100 0.047000 0.461100
vn 0.673600 0.674200 0.302800
vn -0.017600 0.997100 -0.073700
vn 0.319800 0.944300 0.077900
vn -0.353400 0.910800 -0.213300
vn -0.719400 0.600800 -0.348600
vn -0.920600 -0.041200 -0.388200
vn -0.704400 -0.664500 -0.249600
vn -0.331500 -0.941000 -0.068400
vn 0.006700 -0.996600 0.082600
vn 0.342600 -0.912500 0.223600
vn 0.709300 -0.604300 0.362800
vn 0.913000 0.043600 0.405600
vn 0.693700 0.670700 0.262700
vn -0.019600 0.997800 -0.064000
vn 0.323400 0.943500 0.072100
vn -0.360900 0.913200 -0.189400
vn -0.733300 0.604400 -0.311400
vn -0.936900 -0.038100 -0.347500
vn -0.714200 -0.663400 -0.223200
vn -0.332900 -0.941000 -0.060500
vn 0.011700 -0.997100 0.075100
vn 0.352900 -0.913600 0.201800
vn 0.725500 -0.605400 0.327300
vn 0.929700 0.041600 0.366000
vn 0.704700 0.668400 0.238100
vn -0.023600 0.998500 -0.049000
vn 0.322300 0.943300 0.079500
vn -0.366600 0.915000 -0.168500
vn -0.740400 0.607600 -0.287400
vn -0.943700 -0.036300 -0.328800
vn -0.715400 -0.664000 -0.217600
vn -0.328600 -0.942200 -0.066100
vn 0.018500 -0.997900 0.061600
vn 0.361400 -0.914400 0.182400
vn 0.735200 -0.605400 0.304800
vn 0.936500 0.041300 0.348200
vn 0.707200 0.667200 0.233900
vn -0.029700 0.999200 -0.028400
vn 0.315900 0.943300 0.101600
vn -0.371100 0.916000 -0.152200
vn -0.741700 0.609500 -0.280000
vn -0.941100 -0.035900 -0.336300
vn -0.708100 -0.665700 -0.235700
vn -0.319900 -0.943500 -0.087000
vn 0.027100 -0.998700 0.042200
vn 0.369200 -0.914100 0.167600
vn 0.738900 -0.604000 0.298700
vn 0.933500 0.041800 0.356100
vn 0.701000 0.666800 0.253000
vn -0.037700 0.999300 -0.003100
vn 0.302800 0.943100 0.137600
vn -0.374000 0.916600 -0.141400
vn -0.736900 0.610400 -0.290400
vn -0.928000 -0.036000 -0.370800
vn -0.691100 -0.667300 -0.277700
vn -0.305000 -0.944500 -0.122100
vn 0.037800 -0.999100 0.018200
vn 0.374700 -0.913600 0.158100
vn 0.735600 -0.602200 0.310200
vn 0.919600 0.042500 0.390500
vn 0.684700 0.666300 0.295400
vn -0.048800 0.998500 0.025300
vn 0.282600 0.941200 0.185200
vn -0.375500 0.916700 -0.136800
vn -0.724400 0.611900 -0.317500
vn -0.902400 -0.034400 -0.429500
vn -0.662400 -0.667400 -0.340300
vn -0.282700 -0.944300 -0.168700
vn 0.050900 -0.998700 -0.009000
vn 0.377000 -0.913300 0.154200
vn 0.723500 -0.601900 0.337900
vn 0.892800 0.041500 0.448600
vn 0.656400 0.664200 0.357800
vn -0.063900 0.996500 0.053800
vn 0.254400 0.937000 0.239600
vn -0.374600 0.916900 -0.137800
vn -0.702600 0.615400 -0.357200
vn -0.862200 -0.030100 -0.505600
vn -0.620800 -0.664100 -0.416600
vn -0.253000 -0.941500 -0.222500
vn 0.066500 -0.997100 -0.037000
vn 0.376400 -0.913300 0.155800
vn 0.701400 -0.604300 0.378000
vn 0.851400 0.036400 0.523200
vn 0.615600 0.658000 0.433700
vn -0.082200 0.993400 0.079700
vn 0.218100 0.930500 0.294200
vn -0.370900 0.917500 -0.143400
vn -0.671800 0.621000 -0.403800
vn -0.807900 -0.022300 -0.588900
vn -0.567400 -0.656300 -0.497300
vn -0.217200 -0.935800 -0.277600
vn 0.083800 -0.994500 -0.063300
vn 0.372600 -0.913800 0.161900
vn 0.669800 -0.609200 0.424500
vn 0.796200 0.026700 0.604500
vn 0.562700 0.648000 0.513300
vn -0.101300 0.989700 0.101300
vn 0.176600 0.922500 0.343200
vn -0.364700 0.918600 -0.152100
vn -0.634200 0.627800 -0.451300
vn -0.743000 -0.010700 -0.669200
vn -0.505700 -0.644700 -0.573200
vn -0.177200 -0.927800 -0.328200
vn 0.101900 -0.991100 -0.085700
vn 0.365500 -0.915100 0.170200
vn 0.630800 -0.616800 0.470800
vn 0.730900 0.014100 0.682300
vn 0.500700 0.635600 0.587500
vn -0.119300 0.985800 0.117800
vn 0.133700 0.914000 0.383000
vn -0.355900 0.920400 -0.161900
vn -0.592600 0.636000 -0.494300
vn -0.673500 0.003600 -0.739200
vn -0.441300 -0.630900 -0.638100
vn -0.135500 -0.919100 -0.370000
vn 0.119400 -0.987500 -0.102800
vn 0.355100 -0.917700 0.178100
vn 0.587700 -0.627100 0.511300
vn 0.661600 -0.000800 0.749900
vn 0.435700 0.622500 0.650100
vn -0.128000 0.983900 0.124700
vn 0.112200 0.909600 0.400100
vn -0.351000 0.921400 -0.166800
vn -0.570900 0.640200 -0.514000
vn -0.637700 0.010700 -0.770200
vn -0.408700 -0.623300 -0.666700
vn -0.114800 -0.914400 -0.388200
vn 0.127600 -0.985700 -0.110500
vn 0.349100 -0.919400 0.181200
vn 0.565100 -0.633200 0.528900
vn 0.626200 -0.009200 0.779600
vn 0.402500 0.615900 0.677300
vn -0.004800 0.999200 0.039800
vn -0.002200 0.999700 0.024200
vn 0.360200 0.928800 0.086800
vn 0.357900 0.928200 0.101300
vn -0.366100 0.930200 -0.027000
vn -0.363500 0.930700 -0.041500
vn -0.763400 0.636700 -0.109000
vn -0.761300 0.637300 -0.118900
vn -0.984800 -0.002600 -0.173700
vn -0.984800 -0.001600 -0.173800
vn -0.754200 -0.637300 -0.158400
vn -0.756500 -0.636900 -0.148700
vn -0.356300 -0.929000 -0.099700
vn -0.359200 -0.929300 -0.085500
vn 0.004500 -0.999200 -0.038600
vn 0.001700 -0.999700 -0.023200
vn 0.364600 -0.930700 0.028100
vn 0.362100 -0.931200 0.042400
vn 0.759900 -0.640700 0.109900
vn 0.758400 -0.640600 0.119800
vn 0.984500 -0.007100 0.175100
vn 0.984500 -0.006000 0.175300
vn 0.757800 0.632500 0.160500
vn 0.759100 0.633300 0.150600
vn 0.002700 1.000000 -0.003300
vn 0.364600 0.929200 0.060900
vn -0.359000 0.930900 -0.066700
vn -0.758200 0.637800 -0.135700
vn -0.985000 -0.000600 -0.172800
vn -0.760200 -0.636400 -0.130600
vn -0.364000 -0.929500 -0.059700
vn -0.003200 -1.000000 0.004200
vn 0.357600 -0.931400 0.067500
vn 0.755700 -0.640600 0.136500
vn 0.984700 -0.005300 0.174300
vn 0.761900 0.634000 0.132300
vn 0.006600 0.999700 -0.025300
vn 0.368300 0.928900 0.039100
vn -0.355800 0.930600 -0.086100
vn -0.756000 0.637800 -0.147300
vn -0.985500 -0.000000 -0.169700
vn -0.763300 -0.635900 -0.114200
vn -0.367800 -0.929100 -0.038100
vn -0.007300 -0.999600 0.026100
vn 0.354300 -0.931100 0.086800
vn 0.753800 -0.640200 0.148100
vn 0.985200 -0.005100 0.171200
vn 0.764500 0.634100 0.115700
vn 0.009800 0.999000 -0.044600
vn 0.371500 0.928200 0.019400
vn -0.353100 0.930000 -0.102100
vn -0.754600 0.637400 -0.155700
vn -0.986400 0.000500 -0.164700
vn -0.766100 -0.635100 -0.098200
vn -0.371300 -0.928300 -0.018400
vn -0.010600 -0.998900 0.045300
vn 0.351500 -0.930500 0.102800
vn 0.752400 -0.639800 0.156500
vn 0.986100 -0.005000 0.166100
vn 0.767200 0.633700 0.099500
vn 0.012800 0.998000 -0.062700
vn 0.374600 0.927200 -0.000000
vn -0.350900 0.929100 -0.116500
vn -0.753700 0.636900 -0.161900
vn -0.987500 0.000900 -0.157800
vn -0.769000 -0.634000 -0.081400
vn -0.374700 -0.927200 0.000900
vn -0.013600 -0.997900 0.063400
vn 0.349100 -0.929700 0.117100
vn 0.751300 -0.639600 0.162800
vn 0.987200 -0.005100 0.159300
vn 0.769700 0.633000 0.082700
vn 0.015500 0.996600 -0.080800
vn 0.377700 0.925700 -0.020200
vn -0.349000 0.928000 -0.130100
vn -0.753000 0.636600 -0.166600
vn -0.988900 0.001700 -0.148900
vn -0.771900 -0.632600 -0.063000
vn -0.378100 -0.925500 0.021000
vn -0.016500 -0.996500 0.081500
vn 0.346800 -0.928800 0.130700
vn 0.750300 -0.639500 0.167500
vn 0.988600 -0.005900 0.150400
vn 0.772600 0.631700 0.064300
vn 0.017900 0.994800 -0.100100
vn 0.380700 0.923800 -0.042300
vn -0.347100 0.926700 -0.143800
vn -0.752600 0.636200 -0.170100
vn -0.990500 0.002500 -0.137500
vn -0.774900 -0.630700 -0.042000
vn -0.381400 -0.923400 0.043000
vn -0.019500 -0.994700 0.100700
vn 0.344600 -0.927500 0.144500
vn 0.749500 -0.639500 0.171100
vn 0.990200 -0.007200 0.139100
vn 0.775600 0.629700 0.043200
vn 0.020500 0.992400 -0.121700
vn 0.383500 0.921000 -0.067700
vn -0.345300 0.925000 -0.158600
vn -0.752600 0.635400 -0.172500
vn -0.992400 0.003800 -0.122800
vn -0.778100 -0.627900 -0.017000
vn -0.384700 -0.920500 0.068400
vn -0.022500 -0.992200 0.122300
vn 0.342600 -0.925900 0.159200
vn 0.749000 -0.639400 0.173700
vn 0.992100 -0.009300 0.124800
vn 0.778900 0.626900 0.018300
vn 0.023300 0.988900 -0.147000
vn 0.386800 0.916900 -0.098200
vn -0.343700 0.922600 -0.175200
vn -0.753000 0.634600 -0.174000
vn -0.994600 0.005700 -0.103800
vn -0.781500 -0.623700 0.013700
vn -0.388300 -0.916200 0.098900
vn -0.025700 -0.988700 0.147600
vn 0.340300 -0.923700 0.175900
vn 0.748300 -0.639700 0.175500
vn 0.994300 -0.012500 0.106100
vn 0.782400 0.622700 -0.012300
vn 0.025800 0.983700 -0.178200
vn 0.390200 0.910600 -0.136300
vn -0.342600 0.919000 -0.195000
vn -0.753500 0.633900 -0.174500
vn -0.996900 0.009200 -0.078600
vn -0.785000 -0.617200 0.052900
vn -0.392000 -0.909700 0.137100
vn -0.029000 -0.983500 0.178800
vn 0.337800 -0.920600 0.195900
vn 0.747600 -0.640300 0.176400
vn 0.996500 -0.017600 0.081600
vn 0.786000 0.616100 -0.051300
vn 0.027600 0.975400 -0.218600
vn 0.392800 0.900500 -0.186500
vn -0.342100 0.913600 -0.220000
vn -0.754600 0.632900 -0.173500
vn -0.998900 0.014800 -0.044000
vn -0.788000 -0.606600 0.105000
vn -0.395300 -0.899300 0.187200
vn -0.031900 -0.975100 0.219400
vn 0.335400 -0.915700 0.221300
vn 0.746700 -0.641400 0.176500
vn 0.998500 -0.025800 0.048000
vn 0.789100 0.605500 -0.103300
vn 0.030500 0.972500 -0.230700
vn 0.394100 0.895700 -0.206000
vn -0.337800 0.914100 -0.224300
vn -0.749400 0.640300 -0.168400
vn -0.999200 0.027300 -0.029500
vn -0.790600 -0.600000 0.122600
vn -0.395400 -0.896300 0.200500
vn -0.030100 -0.973700 0.225800
vn 0.338900 -0.915100 0.218700
vn 0.752100 -0.639100 0.160800
vn 0.999600 -0.022200 0.019900
vn 0.787600 0.602300 -0.130300
vn 0.030900 0.984400 -0.173000
vn 0.393600 0.907600 -0.146000
vn -0.335800 0.925000 -0.177900
vn -0.745300 0.650000 -0.148500
vn -0.998100 0.031500 -0.053800
vn -0.790600 -0.608900 0.065200
vn -0.392500 -0.909900 0.134100
vn -0.025500 -0.986400 0.162200
vn 0.344800 -0.924000 0.165500
vn 0.758200 -0.638700 0.131400
vn 0.999400 -0.011600 0.032600
vn 0.785400 0.613500 -0.081600
vn 0.025900 0.995400 -0.091800
vn 0.388600 0.919600 -0.057500
vn -0.340100 0.933300 -0.115100
vn -0.748100 0.652100 -0.123200
vn -0.995800 0.024300 -0.088000
vn -0.784400 -0.620100 -0.013600
vn -0.386800 -0.921000 0.045500
vn -0.021500 -0.996500 0.081000
vn 0.347200 -0.932000 0.103500
vn 0.758100 -0.643100 0.108500
vn 0.997500 -0.009100 0.069900
vn 0.781900 0.623500 -0.002000
vn 0.020400 0.999200 -0.034500
vn 0.382700 0.923800 0.006300
vn -0.344800 0.935900 -0.072100
vn -0.750600 0.651900 -0.108100
vn -0.993100 0.020400 -0.115300
vn -0.777900 -0.624300 -0.071000
vn -0.380600 -0.924600 -0.017600
vn -0.016700 -0.999600 0.024400
vn 0.350500 -0.934600 0.061400
vn 0.758300 -0.645000 0.094800
vn 0.995000 -0.009800 0.099200
vn 0.777300 0.626600 0.056700
vn 0.015900 0.999900 0.002100
vn 0.377800 0.924600 0.048500
vn -0.348400 0.936200 -0.046200
vn -0.752300 0.651000 -0.101500
vn -0.990400 0.018300 -0.136700
vn -0.772500 -0.625200 -0.110600
vn -0.375600 -0.924900 -0.059200
vn -0.012500 -0.999900 -0.011700
vn 0.353100 -0.934900 0.036000
vn 0.758000 -0.646200 0.089100
vn 0.992500 -0.011700 0.121900
vn 0.773300 0.626600 0.097400
vn 0.012900 0.999700 0.021200
vn 0.374800 0.924200 0.072600
vn -0.350600 0.935900 -0.034500
vn -0.753100 0.650000 -0.102100
vn -0.988100 0.016700 -0.153100
vn -0.768700 -0.625200 -0.135200
vn -0.372400 -0.924400 -0.082600
vn -0.010000 -0.999500 -0.030300
vn 0.354400 -0.934800 0.024800
vn 0.757100 -0.647100 0.090200
vn 0.990200 -0.013600 0.139100
vn 0.770500 0.625500 0.122800
vn 0.011700 0.999600 0.025700
vn 0.373800 0.923900 0.081400
vn -0.351200 0.935600 -0.034900
vn -0.752800 0.649200 -0.108900
vn -0.986100 0.015200 -0.165300
vn -0.766300 -0.625400 -0.147300
vn -0.371100 -0.924200 -0.090900
vn -0.009300 -0.999400 -0.034300
vn 0.353900 -0.934900 0.025700
vn 0.755200 -0.648200 0.097200
vn 0.988300 -0.015500 0.151800
vn 0.769300 0.624400 0.135500
vn 0.012800 0.999800 0.017200
vn 0.374600 0.924000 0.076800
vn -0.349800 0.935700 -0.046200
vn -0.751500 0.648600 -0.121200
vn -0.984700 0.013700 -0.174000
vn -0.765500 -0.626100 -0.148200
vn -0.371700 -0.924400 -0.085900
vn -0.010800 -0.999600 -0.025500
vn 0.351600 -0.935400 0.037000
vn 0.752500 -0.649400 0.109600
vn 0.986800 -0.017100 0.160800
vn 0.769400 0.623900 0.137100
vn 0.016400 0.999900 -0.003100
vn 0.377600 0.924000 0.060200
vn -0.346500 0.935600 -0.067200
vn -0.749100 0.647800 -0.138500
vn -0.983700 0.012000 -0.179400
vn -0.766600 -0.626900 -0.139300
vn -0.374600 -0.924600 -0.068800
vn -0.014500 -0.999900 -0.005000
vn 0.347500 -0.935900 0.058100
vn 0.748900 -0.650400 0.127000
vn 0.985800 -0.018700 0.166800
vn 0.771200 0.623400 0.128800
vn 0.022000 0.999200 -0.034400
vn 0.382700 0.923300 0.032200
vn -0.341500 0.934800 -0.097300
vn -0.745800 0.646500 -0.160600
vn -0.983200 0.010500 -0.182000
vn -0.769400 -0.627200 -0.121300
vn -0.379400 -0.924400 -0.040600
vn -0.020300 -0.999400 0.026400
vn 0.341700 -0.935600 0.088400
vn 0.744300 -0.650900 0.149400
vn 0.985200 -0.020300 0.170000
vn 0.774700 0.622500 0.111300
vn 0.029200 0.996700 -0.076000
vn 0.389600 0.921000 -0.006500
vn -0.335100 0.932300 -0.136200
vn -0.741700 0.644100 -0.187300
vn -0.983300 0.009300 -0.181900
vn -0.773800 -0.626400 -0.094600
vn -0.386100 -0.922400 -0.001600
vn -0.027700 -0.997300 0.068300
vn 0.334500 -0.933700 0.127500
vn 0.738900 -0.650300 0.176500
vn 0.985100 -0.021800 0.170700
vn 0.779700 0.620300 0.085200
vn 0.038000 0.991100 -0.127600
vn 0.398200 0.915600 -0.055000
vn -0.327000 0.927000 -0.183400
vn -0.736700 0.640000 -0.218300
vn -0.983800 0.008000 -0.179200
vn -0.779500 -0.623500 -0.059700
vn -0.394600 -0.917600 0.047300
vn -0.037000 -0.992100 0.120000
vn 0.325800 -0.929100 0.174800
vn 0.732600 -0.648100 0.208000
vn 0.985300 -0.023600 0.169300
vn 0.786200 0.615900 0.051200
vn 0.049600 0.981900 -0.182600
vn 0.408400 0.907100 -0.101800
vn -0.315700 0.918600 -0.237900
vn -0.728600 0.634000 -0.259200
vn -0.982800 0.006400 -0.184400
vn -0.784500 -0.619600 -0.026000
vn -0.402800 -0.909700 0.101100
vn -0.046700 -0.982400 0.181100
vn 0.316200 -0.918900 0.235700
vn 0.725100 -0.639000 0.256700
vn 0.982600 -0.021700 0.184200
vn 0.792000 0.610000 0.026500
vn 0.061100 0.970500 -0.233200
vn 0.416100 0.899100 -0.136000
vn -0.301900 0.905900 -0.297000
vn -0.715400 0.623300 -0.315800
vn -0.976800 0.001000 -0.214000
vn -0.786400 -0.617500 -0.013700
vn -0.410000 -0.901000 0.141900
vn -0.057000 -0.969700 0.237600
vn 0.304300 -0.903800 0.301000
vn 0.713400 -0.623200 0.320500
vn 0.974900 -0.011600 0.222200
vn 0.792800 0.609000 0.022500
vn 0.070400 0.959400 -0.273200
vn 0.420800 0.893200 -0.158400
vn -0.289400 0.891300 -0.349100
vn -0.701200 0.607900 -0.372500
vn -0.967000 -0.008400 -0.254700
vn -0.786200 -0.617600 -0.019700
vn -0.416500 -0.894200 0.164100
vn -0.067200 -0.958300 0.277600
vn 0.291400 -0.889100 0.353000
vn 0.699800 -0.606800 0.376900
vn 0.965000 0.001400 0.262200
vn 0.790500 0.611800 0.027900
vn 0.077600 0.951000 -0.299400
vn 0.423600 0.889600 -0.170800
vn -0.279000 0.879500 -0.385500
vn -0.688800 0.594600 -0.414700
vn -0.957400 -0.017600 -0.288100
vn -0.784600 -0.619400 -0.028900
vn -0.420700 -0.889900 0.176100
vn -0.075100 -0.949800 0.303700
vn 0.280600 -0.877300 0.389400
vn 0.688000 -0.592700 0.418800
vn 0.955500 0.013900 0.294700
vn 0.787200 0.615700 0.036300
vn 0.081900 0.946100 -0.313300
vn 0.424100 0.888800 -0.173900
vn -0.271800 0.871500 -0.408300
vn -0.678900 0.584500 -0.444300
vn -0.948500 -0.025400 -0.315700
vn -0.781300 -0.622700 -0.041400
vn -0.422100 -0.888700 0.178900
vn -0.080000 -0.944900 0.317400
vn 0.273000 -0.869300 0.412100
vn 0.678600 -0.581700 0.448400
vn 0.946700 0.025000 0.321200
vn 0.782400 0.620900 0.047700
vn 0.082300 0.945300 -0.315800
vn 0.421600 0.891100 -0.168200
vn -0.268200 0.867700 -0.418600
vn -0.671800 0.578300 -0.462900
vn -0.940500 -0.032000 -0.338300
vn -0.776400 -0.627600 -0.057300
vn -0.420500 -0.890700 0.172900
vn -0.081300 -0.944000 0.319700
vn 0.269300 -0.865400 0.422600
vn 0.672200 -0.574400 0.467100
vn 0.938700 0.034500 0.342900
vn 0.776200 0.627300 0.062800
vn 0.078400 0.948500 -0.306900
vn 0.415300 0.896700 -0.153400
vn -0.268700 0.868400 -0.416800
vn -0.668000 0.576000 -0.471100
vn -0.933400 -0.036900 -0.356900
vn -0.769700 -0.633700 -0.077600
vn -0.415400 -0.895900 0.157600
vn -0.078000 -0.947300 0.310800
vn 0.269900 -0.866000 0.421000
vn 0.669300 -0.571000 0.475300
vn 0.931800 0.042400 0.360500
vn 0.768000 0.635200 0.081900
vn 0.069800 0.955800 -0.285700
vn 0.404500 0.905500 -0.128700
vn -0.274500 0.873300 -0.402400
vn -0.668500 0.577500 -0.468600
vn -0.927500 -0.040200 -0.371700
vn -0.760400 -0.641200 -0.102700
vn -0.405800 -0.904300 0.132500
vn -0.069500 -0.954600 0.289800
vn 0.275800 -0.870900 0.406700
vn 0.670600 -0.571300 0.473200
vn 0.925900 0.049100 0.374600
vn 0.757000 0.644800 0.105900
vn 0.054700 0.966600 -0.250300
vn 0.388200 0.917000 -0.092000
vn -0.286900 0.882200 -0.373400
vn -0.674100 0.582400 -0.454400
vn -0.922800 -0.041700 -0.383000
vn -0.748000 -0.649900 -0.134300
vn -0.390700 -0.915600 0.095400
vn -0.054800 -0.965500 0.254400
vn 0.288200 -0.879700 0.378200
vn 0.677200 -0.574700 0.459500
vn 0.921100 0.054500 0.385400
vn 0.742800 0.655500 0.136300
vn 0.031300 0.979800 -0.197400
vn 0.364900 0.930200 -0.040100
vn -0.307100 0.893800 -0.326800
vn -0.685700 0.590200 -0.426100
vn -0.919600 -0.041300 -0.390600
vn -0.731900 -0.658700 -0.174200
vn -0.368700 -0.928500 0.043300
vn -0.032200 -0.978900 0.201600
vn 0.308700 -0.891300 0.332100
vn 0.690100 -0.580500 0.432100
vn 0.917700 0.059000 0.392900
vn 0.724500 0.666600 0.175400
vn -0.002100 0.992500 -0.122200
vn 0.332800 0.942500 0.031000
vn -0.336800 0.905600 -0.257800
vn -0.704700 0.599000 -0.380300
vn -0.918300 -0.038900 -0.393900
vn -0.711200 -0.666000 -0.225200
vn -0.338400 -0.940600 -0.028100
vn 0.000200 -0.992000 0.126500
vn 0.338900 -0.903000 0.264000
vn 0.710600 -0.586900 0.388000
vn 0.915600 0.062700 0.397100
vn 0.700900 0.676500 0.226000
vn -0.047100 0.998700 -0.019200
vn 0.290400 0.948500 0.126300
vn -0.378300 0.911500 -0.161300
vn -0.732700 0.604400 -0.312800
vn -0.919400 -0.035100 -0.391700
vn -0.685100 -0.668100 -0.290400
vn -0.298200 -0.946400 -0.124200
vn 0.044700 -0.998700 0.023200
vn 0.381100 -0.909100 0.168100
vn 0.740400 -0.589600 0.322800
vn 0.915200 0.066200 0.397500
vn 0.670900 0.682100 0.291000
vn -0.092800 0.991800 0.088300
vn 0.249300 0.942400 0.223000
vn -0.422700 0.904400 -0.058100
vn -0.766000 0.597600 -0.237000
vn -0.923700 -0.038900 -0.381100
vn -0.658800 -0.665400 -0.351100
vn -0.257400 -0.940600 -0.221300
vn 0.089600 -0.992300 -0.085300
vn 0.423600 -0.903600 0.063300
vn 0.770700 -0.587600 0.246300
vn 0.918900 0.063600 0.389300
vn 0.645100 0.677600 0.353100
vn -0.123600 0.978600 0.164400
vn 0.224400 0.931300 0.286800
vn -0.455100 0.890200 0.019800
vn -0.793300 0.583500 -0.173700
vn -0.931400 -0.048000 -0.360800
vn -0.643800 -0.662300 -0.383200
vn -0.231600 -0.930300 -0.284500
vn 0.119400 -0.979600 -0.161900
vn 0.453400 -0.891200 -0.015900
vn 0.794200 -0.580100 0.180700
vn 0.927400 0.061400 0.368900
vn 0.633500 0.670000 0.386900
vn -0.144600 0.964200 0.222500
vn 0.208400 0.920200 0.331400
vn -0.478100 0.874300 0.083300
vn -0.813900 0.569200 -0.116500
vn -0.941000 -0.054300 -0.334000
vn -0.638200 -0.658200 -0.399400
vn -0.215900 -0.919600 -0.328300
vn 0.140000 -0.965500 -0.219400
vn 0.476200 -0.875800 -0.078800
vn 0.814900 -0.566000 0.124600
vn 0.936500 0.068100 0.344000
vn 0.627100 0.665700 0.404400
vn -0.164300 0.944900 0.283100
vn 0.193200 0.905400 0.378200
vn -0.499400 0.853400 0.149500
vn -0.832900 0.550400 -0.057100
vn -0.949800 -0.063100 -0.306400
vn -0.632600 -0.652900 -0.416600
vn -0.200800 -0.905300 -0.374300
vn 0.159500 -0.946800 -0.279500
vn 0.497500 -0.855300 -0.144600
vn 0.834100 -0.547600 0.066000
vn 0.945000 0.076200 0.318200
vn 0.621100 0.659700 0.423100
vn -0.181300 0.921600 0.343100
vn 0.180000 0.887300 0.424700
vn -0.517800 0.828100 0.214900
vn -0.849400 0.527700 0.001400
vn -0.957200 -0.073900 -0.279800
vn -0.627400 -0.646500 -0.434000
vn -0.187700 -0.887900 -0.420000
vn 0.176700 -0.924000 -0.339000
vn 0.516100 -0.830500 -0.209400
vn 0.850500 -0.525800 0.008300
vn 0.952300 0.085100 0.293000
vn 0.616100 0.652000 0.442000
vn -0.194500 0.896300 0.398400
vn 0.169800 0.867400 0.467800
vn -0.532300 0.800700 0.274800
vn -0.862600 0.503000 0.054300
vn -0.962700 -0.085900 -0.256500
vn -0.622700 -0.639600 -0.450800
vn -0.176900 -0.868900 -0.462200
vn 0.190600 -0.899300 -0.393600
vn 0.530900 -0.803700 -0.268700
vn 0.863400 -0.502500 -0.044300
vn 0.958100 0.094100 0.270400
vn 0.612300 0.643200 0.459800
vn -0.203700 0.872700 0.443800
vn 0.163200 0.848400 0.503500
vn -0.542400 0.775300 0.323600
vn -0.871800 0.480200 0.097000
vn -0.966300 -0.097100 -0.238600
vn -0.618600 -0.633100 -0.465400
vn -0.168500 -0.851100 -0.497300
vn 0.200700 -0.876100 -0.438300
vn 0.541200 -0.778800 -0.317100
vn 0.872300 -0.481200 -0.086800
vn 0.962200 0.101800 0.252600
vn 0.610100 0.634100 0.475000
vn -0.208900 0.855000 0.474600
vn 0.159600 0.833900 0.528300
vn -0.548600 0.756600 0.356000
vn -0.877300 0.463500 0.124500
vn -0.967800 -0.105300 -0.228600
vn -0.614900 -0.628100 -0.476800
vn -0.162700 -0.837600 -0.521500
vn 0.207000 -0.858800 -0.468600
vn 0.547300 -0.760600 -0.349200
vn 0.877100 -0.466400 -0.114500
vn 0.964700 0.105300 0.241300
vn 0.609500 0.626200 0.486300
vn -0.210400 0.848000 0.486400
vn 0.158900 0.827400 0.538700
vn -0.550500 0.749700 0.367200
vn -0.879200 0.457700 0.132400
vn -0.967400 -0.109000 -0.228600
vn -0.611800 -0.626000 -0.483500
vn -0.159700 -0.831900 -0.531500
vn 0.209700 -0.852000 -0.479700
vn 0.549400 -0.754000 -0.360000
vn 0.878100 -0.462500 -0.123000
vn 0.965600 0.103000 0.238900
vn 0.610200 0.620600 0.492400
vn -0.207800 0.854900 0.475300
vn 0.161600 0.831200 0.532000
vn -0.547900 0.758300 0.353300
vn -0.877200 0.465700 0.117300
vn -0.965100 -0.105900 -0.239600
vn -0.609600 -0.627700 -0.484200
vn -0.159600 -0.836500 -0.524200
vn 0.208100 -0.858900 -0.467900
vn 0.547000 -0.762600 -0.345400
vn 0.874700 -0.472400 -0.108600
vn 0.964400 0.094000 0.247300
vn 0.612500 0.618500 0.492300
vn -0.199700 0.876000 0.438900
vn 0.168600 0.845800 0.506100
vn -0.539200 0.782500 0.311400
vn -0.869600 0.487700 0.076600
vn -0.960100 -0.096500 -0.262600
vn -0.608800 -0.633300 -0.477800
vn -0.163700 -0.851800 -0.497600
vn 0.200900 -0.879800 -0.430700
vn 0.538200 -0.786500 -0.302800
vn 0.865500 -0.496200 -0.068700
vn 0.960300 0.078500 0.267900
vn 0.616200 0.620300 0.485400
vn -0.183400 0.908000 0.376600
vn 0.181500 0.868700 0.460800
vn -0.521400 0.818600 0.240900
vn -0.853900 0.520300 0.010100
vn -0.951200 -0.082500 -0.297200
vn -0.610700 -0.641900 -0.463600
vn -0.174600 -0.875000 -0.451500
vn 0.185500 -0.911100 -0.368000
vn 0.520300 -0.821800 -0.232300
vn 0.848000 -0.530000 -0.003400
vn 0.951900 0.058700 0.300800
vn 0.621600 0.625400 0.471700
vn -0.164600 0.935500 0.312500
vn 0.194100 0.889300 0.414200
vn -0.499700 0.849700 0.168400
vn -0.832900 0.550500 -0.056900
vn -0.941700 -0.064500 -0.330300
vn -0.617400 -0.645900 -0.449000
vn -0.190400 -0.894300 -0.404800
vn 0.165500 -0.938100 -0.304200
vn 0.498200 -0.852200 -0.160100
vn 0.827600 -0.557600 0.064600
vn 0.940300 0.046800 0.337100
vn 0.623400 0.633300 0.458600
vn -0.151600 0.950200 0.272200
vn 0.202500 0.900600 0.384600
vn -0.484400 0.866200 0.123000
vn -0.817800 0.566900 -0.098800
vn -0.934900 -0.053400 -0.350900
vn -0.622900 -0.646900 -0.439900
vn -0.202400 -0.904400 -0.375500
vn 0.150300 -0.952700 -0.264000
vn 0.481700 -0.868800 -0.114600
vn 0.813000 -0.572200 0.107800
vn 0.931800 0.042100 0.360500
vn 0.623700 0.638900 0.450200
vn -0.138500 0.961800 0.236300
vn 0.213300 0.909900 0.355800
vn -0.470700 0.878200 0.085000
vn -0.806600 0.576300 -0.131400
vn -0.930300 -0.051400 -0.363200
vn -0.627300 -0.652100 -0.425800
vn -0.213200 -0.913700 -0.346000
vn 0.136400 -0.964100 -0.227600
vn 0.466800 -0.881100 -0.076400
vn 0.799900 -0.583600 0.140000
vn 0.927200 0.036100 0.372700
vn 0.629300 0.642600 0.437100
vn -0.118300 0.975700 0.184300
vn 0.230500 0.922200 0.310600
vn -0.451100 0.891900 0.033200
vn -0.792100 0.585700 -0.171600
vn -0.927000 -0.050800 -0.371600
vn -0.637100 -0.659600 -0.398700
vn -0.230800 -0.925500 -0.300400
vn 0.115700 -0.977700 -0.175500
vn 0.446000 -0.894700 -0.024900
vn 0.783400 -0.595000 0.179500
vn 0.923800 0.032200 0.381500
vn 0.639900 0.649400 0.411000
vn -0.091900 0.988700 0.118300
vn 0.254400 0.934000 0.250900
vn -0.426500 0.904000 -0.029800
vn -0.775000 0.593500 -0.217100
vn -0.925500 -0.051200 -0.375400
vn -0.652600 -0.667000 -0.359500
vn -0.255000 -0.936500 -0.240600
vn 0.088800 -0.990000 -0.109800
vn 0.420200 -0.906700 0.037600
vn 0.764600 -0.604200 0.224500
vn 0.922000 0.030300 0.386100
vn 0.655600 0.656800 0.372600
vn -0.061700 0.997100 0.043500
vn 0.282900 0.941900 0.181200
vn -0.399100 0.911500 -0.099300
vn -0.756400 0.598400 -0.264100
vn -0.925900 -0.051300 -0.374200
vn -0.672200 -0.671700 -0.311300
vn -0.283800 -0.943500 -0.171200
vn 0.058000 -0.997700 -0.035600
vn 0.391800 -0.913900 0.106600
vn 0.745100 -0.609200 0.271700
vn 0.922000 0.030200 0.386000
vn 0.675200 0.662300 0.324800
vn -0.030300 0.999000 -0.034000
vn 0.313000 0.943700 0.107200
vn -0.370700 0.913100 -0.169700
vn -0.738000 0.599700 -0.309400
vn -0.928200 -0.050500 -0.368700
vn -0.694100 -0.672000 -0.258200
vn -0.314000 -0.944400 -0.097900
vn 0.026300 -0.998800 0.041400
vn 0.363300 -0.914800 0.176400
vn 0.726500 -0.609600 0.317000
vn 0.923900 0.031000 0.381300
vn 0.696700 0.664000 0.271600
vn -0.000800 0.994100 -0.108300
vn 0.341900 0.939100 0.035000
vn -0.344000 0.909000 -0.235300
vn -0.721400 0.597800 -0.349800
vn -0.931700 -0.048700 -0.360000
vn -0.715900 -0.667400 -0.205000
vn -0.342900 -0.939000 -0.026500
vn -0.003200 -0.993400 0.115000
vn 0.336800 -0.910100 0.241600
vn 0.710300 -0.606400 0.357500
vn 0.927300 0.031900 0.372900
vn 0.718000 0.661100 0.217700
vn 0.025000 0.984300 -0.174400
vn 0.367200 0.929600 -0.030500
vn -0.321000 0.900700 -0.292800
vn -0.707600 0.593500 -0.383500
vn -0.935800 -0.045800 -0.349600
vn -0.735900 -0.659000 -0.155500
vn -0.368300 -0.928900 0.038200
vn -0.028800 -0.983200 0.180400
vn 0.314200 -0.901200 0.298600
vn 0.697300 -0.600600 0.391200
vn 0.931500 0.031900 0.362200
vn 0.737400 0.654400 0.167100
vn 0.046400 0.972000 -0.230500
vn 0.388200 0.917400 -0.087200
vn -0.302300 0.890300 -0.340500
vn -0.696600 0.588500 -0.410300
vn -0.940000 -0.041500 -0.338600
vn -0.753100 -0.648400 -0.111700
vn -0.389600 -0.916200 0.093800
vn -0.049900 -0.970600 0.235700
vn 0.296300 -0.890300 0.345800
vn 0.687500 -0.594100 0.417600
vn 0.936100 0.030700 0.350400
vn 0.754000 0.645400 0.122000
vn 0.063400 0.959000 -0.276300
vn 0.405500 0.904200 -0.134100
vn -0.288000 0.879400 -0.379000
vn -0.688500 0.583400 -0.430700
vn -0.944100 -0.036600 -0.327700
vn -0.767500 -0.636700 -0.074700
vn -0.407200 -0.902600 0.139600
vn -0.066400 -0.957500 0.280800
vn 0.282800 -0.879100 0.383600
vn 0.680700 -0.587600 0.437500
vn 0.940600 0.028900 0.338400
vn 0.767700 0.635300 0.083500
vn 0.076700 0.946800 -0.312700
vn 0.419100 0.891500 -0.172000
vn -0.277300 0.869400 -0.408900
vn -0.682800 0.578900 -0.445700
vn -0.947700 -0.031800 -0.317500
vn -0.779100 -0.625400 -0.044000
vn -0.420900 -0.889700 0.176800
vn -0.079300 -0.945200 0.316700
vn 0.272500 -0.869000 0.413000
vn 0.676300 -0.581800 0.451800
vn 0.944800 0.026700 0.326700
vn 0.778700 0.625200 0.051300
vn 0.077900 0.945300 -0.316700
vn 0.420700 0.889100 -0.180500
vn -0.276400 0.870500 -0.407300
vn -0.683400 0.585100 -0.436600
vn -0.953000 -0.019400 -0.302300
vn -0.787500 -0.615800 -0.027500
vn -0.426700 -0.884000 0.191100
vn -0.083000 -0.941300 0.327200
vn 0.271300 -0.866500 0.419000
vn 0.679100 -0.579100 0.451000
vn 0.948000 0.030400 0.316900
vn 0.780100 0.624400 0.039600
vn 0.055700 0.966600 -0.250000
vn 0.400700 0.907400 -0.126500
vn -0.297800 0.893600 -0.335800
vn -0.699300 0.609600 -0.373400
vn -0.961500 0.000600 -0.274900
vn -0.786800 -0.615600 -0.044900
vn -0.415500 -0.897600 0.147600
vn -0.065700 -0.960100 0.272000
vn 0.291200 -0.885900 0.361100
vn 0.698300 -0.591400 0.403200
vn 0.953000 0.035800 0.300900
vn 0.766600 0.638700 0.066200
vn 0.010500 0.995800 -0.090600
vn 0.360700 0.932600 0.007200
vn -0.342600 0.923700 -0.171700
vn -0.733400 0.637300 -0.236500
vn -0.974000 0.018000 -0.225800
vn -0.774600 -0.623700 -0.105100
vn -0.384200 -0.922900 0.025500
vn -0.024600 -0.991800 0.125200
vn 0.335500 -0.918100 0.211200
vn 0.736400 -0.614200 0.283700
vn 0.962200 0.037000 0.270000
vn 0.741600 0.656100 0.139600
vn -0.044200 0.986400 0.158300
vn 0.312500 0.924200 0.219400
vn -0.397000 0.914200 0.081600
vn -0.775800 0.630400 -0.027800
vn -0.988000 0.019200 -0.153400
vn -0.755600 -0.621900 -0.205700
vn -0.341900 -0.923100 -0.175900
vn 0.029200 -0.992700 -0.116700
vn 0.393500 -0.918700 -0.033900
vn 0.785500 -0.611900 0.092400
vn 0.973000 0.040900 0.227300
vn 0.711700 0.652100 0.261300
vn -0.081900 0.910700 0.404800
vn 0.280900 0.857200 0.431600
vn -0.435100 0.837900 0.329600
vn -0.807100 0.565100 0.170900
vn -0.995400 -0.012700 -0.095500
vn -0.731300 -0.602900 -0.319000
vn -0.302500 -0.871000 -0.387100
vn 0.072400 -0.927600 -0.366600
vn 0.435100 -0.853900 -0.285600
vn 0.816500 -0.567800 -0.104500
vn 0.982500 0.036300 0.182500
vn 0.696500 0.605900 0.384500
vn -0.093600 0.844000 0.528100
vn 0.274200 0.796300 0.539200
vn -0.449100 0.771800 0.450000
vn -0.821800 0.507900 0.258400
vn -0.995000 -0.043900 -0.089200
vn -0.711100 -0.583000 -0.393100
vn -0.281400 -0.818900 -0.500200
vn 0.090400 -0.865200 -0.493200
vn 0.448500 -0.793800 -0.410800
vn 0.822100 -0.531000 -0.205300
vn 0.987900 0.022300 0.153500
vn 0.699500 0.559000 0.445300
vn -0.090500 0.851300 0.516800
vn 0.280000 0.798600 0.532800
vn -0.449100 0.781500 0.433000
vn -0.825000 0.514700 0.233500
vn -0.992000 -0.046600 -0.117400
vn -0.702700 -0.584300 -0.406100
vn -0.278300 -0.820400 -0.499400
vn 0.090100 -0.869900 -0.485000
vn 0.446000 -0.801400 -0.398500
vn 0.816100 -0.544200 -0.194600
vn 0.987800 0.002500 0.155800
vn 0.707500 0.550400 0.443300
vn -0.076700 0.902500 0.423900
vn 0.292600 0.839500 0.457800
vn -0.436500 0.835400 0.333900
vn -0.815700 0.559700 0.145900
vn -0.987300 -0.031200 -0.155600
vn -0.705000 -0.600600 -0.377200
vn -0.287600 -0.855800 -0.430000
vn 0.077200 -0.914400 -0.397300
vn 0.431200 -0.848800 -0.306100
vn 0.802000 -0.585600 -0.117700
vn 0.983300 -0.016200 0.181200
vn 0.715600 0.568200 0.406200
vn -0.054700 0.951300 0.303500
vn 0.310800 0.880200 0.358700
vn -0.413600 0.886300 0.208300
vn -0.796600 0.603200 0.040500
vn -0.981100 -0.013500 -0.193100
vn -0.714600 -0.615900 -0.331600
vn -0.305400 -0.891000 -0.336100
vn 0.055100 -0.957700 -0.282500
vn 0.407300 -0.893900 -0.187200
vn 0.782300 -0.622600 -0.019000
vn 0.976400 -0.026600 0.214300
vn 0.724400 0.590200 0.356200
vn -0.029900 0.981300 0.190300
vn 0.330800 0.905800 0.264700
vn -0.387300 0.917400 0.091500
vn -0.774200 0.630500 -0.056200
vn -0.974300 -0.000400 -0.225100
vn -0.726700 -0.624300 -0.286700
vn -0.326500 -0.912400 -0.246700
vn 0.029600 -0.984200 -0.174400
vn 0.381300 -0.921400 -0.075700
vn 0.761800 -0.643700 0.073000
vn 0.969300 -0.029600 0.243900
vn 0.733800 0.605700 0.307500
vn -0.006700 0.995200 0.097800
vn 0.349700 0.918000 0.187200
vn -0.362800 0.931900 -0.003600
vn -0.753500 0.643500 -0.134300
vn -0.968100 0.007100 -0.250600
vn -0.737800 -0.627200 -0.249300
vn -0.347000 -0.921700 -0.173200
vn 0.006000 -0.996300 -0.085600
vn 0.358000 -0.933600 0.015800
vn 0.743500 -0.652200 0.147700
vn 0.963400 -0.028500 0.266700
vn 0.742800 0.614200 0.266400
vn 0.013300 0.999600 0.026300
vn 0.365700 0.922000 0.127000
vn -0.342100 0.936500 -0.076900
vn -0.736300 0.648200 -0.194400
vn -0.962800 0.010800 -0.270100
vn -0.747300 -0.627000 -0.220100
vn -0.364300 -0.924000 -0.116100
vn -0.013800 -0.999800 -0.016700
vn 0.338600 -0.937000 0.086400
vn 0.728200 -0.654000 0.205000
vn 0.958600 -0.026200 0.283500
vn 0.750400 0.618200 0.233900
vn 0.018400 0.999800 0.005300
vn 0.367700 0.923300 0.111000
vn -0.334400 0.937200 -0.099200
vn -0.727000 0.652800 -0.212800
vn -0.960800 0.020700 -0.276600
vn -0.754100 -0.621800 -0.211300
vn -0.372500 -0.923000 -0.096600
vn -0.021900 -0.999700 0.008300
vn 0.331600 -0.936500 0.114300
vn 0.723800 -0.650100 0.231300
vn 0.954700 -0.016900 0.297000
vn 0.747500 0.623700 0.228700
vn 0.002900 0.998500 0.055100
vn 0.351900 0.922700 0.157100
vn -0.347900 0.936100 -0.051700
vn -0.734800 0.654800 -0.176900
vn -0.962400 0.027900 -0.270100
vn -0.750100 -0.617500 -0.236700
vn -0.362500 -0.921900 -0.136800
vn -0.009400 -0.999300 -0.035500
vn 0.344300 -0.935900 0.074100
vn 0.734000 -0.647100 0.206000
vn 0.953400 -0.009900 0.301400
vn 0.734000 0.626900 0.261300
vn -0.019200 0.991300 0.130400
vn 0.332400 0.916300 0.223500
vn -0.370200 0.928700 0.022300
vn -0.752400 0.647600 -0.120200
vn -0.966000 0.024300 -0.257500
vn -0.738800 -0.615700 -0.274200
vn -0.343600 -0.917400 -0.200900
vn 0.012500 -0.994000 -0.108700
vn 0.364900 -0.931000 0.002000
vn 0.749200 -0.644700 0.151800
vn 0.956100 -0.011100 0.292900
vn 0.722200 0.622100 0.302200
vn -0.036600 0.980800 0.191500
vn 0.318200 0.907600 0.274000
vn -0.388600 0.917400 0.085800
vn -0.768200 0.636700 -0.067100
vn -0.971100 0.018100 -0.238100
vn -0.731600 -0.613400 -0.297400
vn -0.330100 -0.910300 -0.249800
vn 0.029100 -0.985200 -0.168700
vn 0.381500 -0.922400 -0.060800
vn 0.762700 -0.639100 0.099500
vn 0.961100 -0.011600 0.276000
vn 0.715900 0.616300 0.328200
vn -0.047000 0.972000 0.230300
vn 0.312100 0.901100 0.301100
vn -0.400900 0.906700 0.131100
vn -0.780600 0.624600 -0.022900
vn -0.977200 0.008800 -0.212200
vn -0.728900 -0.614600 -0.301500
vn -0.322600 -0.905500 -0.275600
vn 0.038200 -0.977600 -0.207100
vn 0.391500 -0.914000 -0.106300
vn 0.772900 -0.632200 0.055000
vn 0.968000 -0.009500 0.250800
vn 0.716200 0.612900 0.333900
vn -0.049500 0.969300 0.240900
vn 0.313500 0.901100 0.299400
vn -0.406400 0.900900 0.152500
vn -0.788800 0.614600 0.007900
vn -0.983500 -0.003500 -0.180700
vn -0.730800 -0.621100 -0.283000
vn -0.321600 -0.906700 -0.272900
vn 0.040600 -0.975300 -0.217100
vn 0.395400 -0.909600 -0.127500
vn 0.778900 -0.626700 0.023500
vn 0.975900 -0.005700 0.218400
vn 0.722200 0.615200 0.316100
vn -0.045500 0.974300 0.220400
vn 0.320300 0.908900 0.267100
vn -0.405500 0.902200 0.146700
vn -0.792300 0.609700 0.022300
vn -0.989300 -0.015600 -0.145200
vn -0.736100 -0.632100 -0.242000
vn -0.326400 -0.914200 -0.240400
vn 0.036900 -0.979800 -0.196600
vn 0.395100 -0.910500 -0.121600
vn 0.781100 -0.624300 0.008000
vn 0.983500 -0.001500 0.180900
vn 0.731600 0.623900 0.274900
vn -0.038300 0.984500 0.171400
vn 0.330000 0.920900 0.207400
vn -0.400700 0.909000 0.115100
vn -0.792000 0.610200 0.020100
vn -0.993800 -0.024900 -0.108100
vn -0.742600 -0.644500 -0.182300
vn -0.334000 -0.924900 -0.181500
vn 0.030300 -0.988500 -0.148000
vn 0.391200 -0.915900 -0.090200
vn 0.780500 -0.625000 0.009300
vn 0.989800 0.003800 0.142100
vn 0.742000 0.635300 0.214100
vn -0.030300 0.994500 0.100200
vn 0.339200 0.932000 0.127800
vn -0.394400 0.916800 0.062200
vn -0.790100 0.613000 0.002600
vn -0.996900 -0.031000 -0.072600
vn -0.748600 -0.653800 -0.110300
vn -0.341900 -0.934100 -0.103300
vn 0.024000 -0.996700 -0.078000
vn 0.385700 -0.921800 -0.038500
vn 0.778500 -0.627100 0.025700
vn 0.994400 0.009100 0.105400
vn 0.751100 0.645100 0.140400
vn -0.022800 0.999600 0.016500
vn 0.346200 0.937400 0.038100
vn -0.389400 0.921000 -0.004100
vn -0.788100 0.614900 -0.026500
vn -0.998600 -0.032400 -0.041600
vn -0.753100 -0.657000 -0.034400
vn -0.348500 -0.937200 -0.016000
vn 0.018300 -0.999800 0.003600
vn 0.381700 -0.923900 0.025800
vn 0.776800 -0.627500 0.053300
vn 0.997300 0.011400 0.072900
vn 0.757400 0.649900 0.062100
vn -0.018100 0.997400 -0.069200
vn 0.351900 0.934600 -0.051200
vn -0.387500 0.918900 -0.074400
vn -0.786800 0.614100 -0.061600
vn -0.999400 -0.029300 -0.017100
vn -0.756200 -0.653200 0.037700
vn -0.352000 -0.933300 0.070700
vn 0.015100 -0.996100 0.087000
vn 0.380400 -0.920000 0.094100
vn 0.775900 -0.624900 0.086500
vn 0.998900 0.010000 0.046400
vn 0.761900 0.647600 -0.012800
vn -0.015800 0.988700 -0.149300
vn 0.355000 0.925400 -0.132900
vn -0.385500 0.911700 -0.142100
vn -0.785200 0.611400 -0.098600
vn -0.999700 -0.023400 0.000400
vn -0.758200 -0.644100 0.101300
vn -0.352100 -0.923900 0.150100
vn 0.014600 -0.986200 0.165100
vn 0.379900 -0.911200 0.159400
vn 0.775700 -0.619400 0.121100
vn 0.999600 0.009200 0.026100
vn 0.764100 0.640200 -0.079200
vn -0.015000 0.982200 -0.187200
vn 0.354900 0.919100 -0.171200
vn -0.383200 0.907000 -0.174500
vn -0.783500 0.610300 -0.117100
vn -0.999800 -0.019400 0.007400
vn -0.758600 -0.638300 0.130700
vn -0.351000 -0.917500 0.187300
vn 0.014800 -0.979300 0.201900
vn 0.379200 -0.905500 0.190700
vn 0.775300 -0.616200 0.138200
vn 0.999800 0.009600 0.017300
vn 0.763600 0.636200 -0.110100
f 1//1 2//2 3//3
f 4//4 2//2 1//1
f 4//4 5//5 2//2
f 6//6 5//5 4//4
f 6//6 7//7 5//5
f 8//8 7//7 6//6
f 8//8 9//9 7//7
f 10//10 9//9 8//8
f 10//10 11//11 9//9
f 12//12 11//11 10//10
f 13//13 14//14 15//13
f 13//13 16//14 14//14
f 17//15 16//14 13//13
f 17//15 18//14 16//14
f 19//15 18//14 17//15
f 19//15 20//14 18//14
f 21//16 20//14 19//15
f 21//16 22//17 20//14
f 23//18 22//17 21//16
f 23//18 24//16 22//17
f 25//19 26//20 27//21
f 25//19 28//22 26//20
f 29//23 28//22 25//19
f 29//23 30//24 28//22
f 31//25 30//24 29//23
f 31//25 32//26 30//24
f 33//27 32//26 31//25
f 33//27 34//28 32//26
f 35//29 34//28 33//27
f 35//29 36//30 34//28
f 37//31 38//32 39//33
f 37//31 40//34 38//32
f 41//35 40//34 37//31
f 41//35 42//35 40//34
f 43//36 42//35 41//35
f 43//36 44//35 42//35
f 45//36 44//35 43//36
f 45//36 46//35 44//35
f 47//35 46//35 45//36
f 47//35 48//35 46//35
f 49//37 50//38 51//39
f 52//40 50//38 49//37
f 52//40 53//41 50//38
f 54//42 53//41 52//40
f 54//42 55//43 53//41
f 56//44 55//43 54//42
f 56//44 57//45 55//43
f 58//46 57//45 56//44
f 58//46 59//47 57//45
f 60//48 59//47 58//46
f 61//49 62//50 63//50
f 64//49 62//50 61//49
f 64//49 65//50 62//50
f 66//50 65//50 64//49
f 66//50 67//50 65//50
f 68//51 67//50 66//50
f 68//51 69//51 67//50
f 70//52 69//51 68//51
f 70//52 71//53 69//51
f 72//54 71//53 70//52
f 73//55 74//56 75//57 76//58
f 77//59 78//60 74//56 73//55
f 79//61 80//62 78//60 77//59
f 81//63 82//64 80//62 79//61
f 83//65 84//66 82//64 81//63
f 85//67 86//68 84//66 83//65
f 87//69 88//70 86//68 85//67
f 89//71 90//72 88//70 87//69
f 91//73 92//74 90//72 89//71
f 93//75 94//76 92//74 91//73
f 95//77 96//78 94//76 93//75
f 76//58 75//57 96//78 95//77
f 74//56 97//79 98//80 75//57
f 78//60 99//81 97//79 74//56
f 80//62 100//82 99//81 78//60
f 82//64 101//83 100//82 80//62
f 84//66 102//84 101//83 82//64
f 86//68 103//85 102//84 84//66
f 88//70 104//86 103//85 86//68
f 90//72 105//87 104//86 88//70
f 92//74 106//88 105//87 90//72
f 94//76 107//89 106//88 92//74
f 96//78 108//90 107//89 94//76
f 75//57 98//80 108//90 96//78
f 97//79 109//91 110//92 98//80
f 99//81 111//93 109//91 97//79
f 100//82 112//94 111//93 99//81
f 101//83 113//95 112//94 100//82
f 102//84 114//96 113//95 101//83
f 103//85 115//97 114//96 102//84
f 104//86 116//98 115//97 103//85
f 105//87 117//99 116//98 104//86
f 106//88 118//100 117//99 105//87
f 107//89 119//101 118//100 106//88
f 108//90 120//102 119//101 107//89
f 98//80 110//92 120//102 108//90
f 109//91 121//103 122//104 110//92
f 111//93 123//105 121//103 109//91
f 112//94 124//106 123//105 111//93
f 113//95 125//107 124//106 112//94
f 114//96 126//108 125//107 113//95
f 115//97 127//109 126//108 114//96
f 116//98 128//110 127//109 115//97
f 117//99 129//111 128//110 116//98
f 118//100 130//112 129//111 117//99
f 119//101 131//113 130//112 118//100
f 120//102 132//114 131//113 119//101
f 110//92 122//104 132//114 120//102
f 121//103 133//115 134//116 122//104
f 123//105 135//117 133//115 121//103
f 124//106 136//118 135//117 123//105
f 125//107 137//119 136//118 124//106
f 126//108 138//120 137//119 125//107
f 127//109 139//121 138//120 126//108
f 128//110 140//122 139//121 127//109
f 129//111 141//123 140//122 128//110
f 130//112 142//124 141//123 129//111
f 131//113 143//125 142//124 130//112
f 132//114 144//126 143//125 131//113
f 122//104 134//116 144//126 132//114
f 133//115 145//127 146//128 134//116
f 135//117 147//129 145//127 133//115
f 136//118 148//130 147//129 135//117
f 137//119 149//131 148//130 136//118
f 138//120 150//132 149//131 137//119
f 139//121 151//133 150//132 138//120
f 140//122 152//134 151//133 139//121
f 141//123 153//135 152//134 140//122
f 142//124 154//136 153//135 141//123
f 143//125 155//137 154//136 142//124
f 144//126 156//138 155//137 143//125
f 134//116 146//128 156//138 144//126
f 145//127 157//139 158//140 146//128
f 147//129 159//141 157//139 145//127
f 148//130 160//142 159//141 147//129
f 149//131 161//143 160//142 148//130
f 150//132 162//144 161//143 149//131
f 151//133 163//145 162//144 150//132
f 152//134 164//146 163//145 151//133
f 153//135 165//147 164//146 152//134
f 154//136 166//148 165//147 153//135
f 155//137 167//149 166//148 154//136
f 156//138 168//150 167//149 155//137
f 146//128 158//140 168//150 156//138
f 157//139 169//151 170//152 158//140
f 159//141 171//153 169//151 157//139
f 160//142 172//154 171//153 159//141
f 161//143 173//155 172//154 160//142
f 162//144 174//156 173//155 161//143
f 163//145 175//157 174//156 162//144
f 164//146 176//158 175//157 163//145
f 165//147 177//159 176//158 164//146
f 166//148 178//160 177//159 165//147
f 167//149 179//161 178//160 166//148
f 168//150 180//162 179//161 167//149
f 158//140 170//152 180//162 168//150
f 169//151 181//163 182//164 170//152
f 171//153 183//165 181//163 169//151
f 172//154 184//166 183//165 171//153
f 173//155 185//167 184//166 172//154
f 174//156 186//168 185//167 173//155
f 175//157 187//169 186//168 174//156
f 176//158 188//170 187//169 175//157
f 177//159 189//171 188//170 176//158
f 178//160 190//172 189//171 177//159
f 179//161 191//173 190//172 178//160
f 180//162 192//174 191//173 179//161
f 170//152 182//164 192//174 180//162
f 181//163 193//175 194//176 182//164
f 183//165 195//177 193//175 181//163
f 184//166 196//178 195//177 183//165
f 185//167 197//179 196//178 184//166
f 186//168 198//180 197//179 185//167
f 187//169 199//181 198//180 186//168
f 188//170 200//182 199//181 187//169
f 189//171 201//183 200//182 188//170
f 190//172 202//184 201//183 189//171
f 191//173 203//185 202//184 190//172
f 192//174 204//186 203//185 191//173
f 182//164 194//176 204//186 192//174
f 193//175 205//187 206//188 194//176
f 195//177 207//189 205//187 193//175
f 196//178 208//190 207//189 195//177
f 197//179 209//191 208//190 196//178
f 198//180 210//192 209//191 197//179
f 199//181 211//193 210//192 198//180
f 200//182 212//194 211//193 199//181
f 201//183 213//195 212//194 200//182
f 202//184 214//196 213//195 201//183
f 203//185 215//197 214//196 202//184
f 204//186 216//198 215//197 203//185
f 194//176 206//188 216//198 204//186
f 205//187 217//199 218//200 206//188
f 207//189 219//201 217//199 205//187
f 208//190 220//202 219//201 207//189
f 209//191 221//203 220//202 208//190
f 210//192 222//204 221//203 209//191
f 211//193 223//205 222//204 210//192
f 212//194 224//206 223//205 211//193
f 213//195 225//207 224//206 212//194
f 214//196 226//208 225//207 213//195
f 215//197 227//209 226//208 214//196
f 216//198 228//210 227//209 215//197
f 206//188 218//200 228//210 216//198
f 217//199 229//211 230//212 218//200
f 219//201 231//213 229//211 217//199
f 220//202 232//214 231//213 219//201
f 221//203 233//215 232//214 220//202
f 222//204 234//216 233//215 221//203
f 223//205 235//217 234//216 222//204
f 224//206 236//218 235//217 223//205
f 225//207 237//219 236//218 224//206
f 226//208 238//220 237//219 225//207
f 227//209 239//221 238//220 226//208
f 228//210 240//222 239//221 227//209
f 218//200 230//212 240//222 228//210
f 229//211 241//223 242//224 230//212
f 231//213 243//225 241//223 229//211
f 232//214 244//226 243//225 231//213
f 233//215 245//227 244//226 232//214
f 234//216 246//228 245//227 233//215
f 235//217 247//229 246//228 234//216
f 236//218 248//230 247//229 235//217
f 237//219 249//231 248//230 236//218
f 238//220 250//232 249//231 237//219
f 239//221 251//233 250//232 238//220
f 240//222 252//234 251//233 239//221
f 230//212 242//224 252//234 240//222
f 241//223 253//235 254//236 242//224
f 243//225 255//237 253//235 241//223
f 244//226 256//238 255//237 243//225
f 245//227 257//239 256//238 244//226
f 246//228 258//240 257//239 245//227
f 247//229 259//241 258//240 246//228
f 248//230 260//242 259//241 247//229
f 249//231 261//243 260//242 248//230
f 250//232 262//244 261//243 249//231
f 251//233 263//245 262//244 250//232
f 252//234 264//246 263//245 251//233
f 242//224 254//236 264//246 252//234
f 253//235 265//247 266//248 254//236
f 255//237 267//249 265//247 253//235
f 256//238 268//250 267//249 255//237
f 257//239 269//251 268//250 256//238
f 258//240 270//252 269//251 257//239
f 259//241 271//253 270//252 258//240
f 260//242 272//254 271//253 259//241
f 261//243 273//255 272//254 260//242
f 262//244 274//256 273//255 261//243
f 263//245 275//257 274//256 262//244
f 264//246 276//258 275//257 263//245
f 254//236 266//248 276//258 264//246
f 265//247 277//259 278//260 266//248
f 267//249 279//261 277//259 265//247
f 268//250 280//262 279//261 267//249
f 269//251 281//263 280//262 268//250
f 270//252 282//264 281//263 269//251
f 271//253 283//265 282//264 270//252
f 272//254 284//266 283//265 271//253
f 273//255 285//267 284//266 272//254
f 274//256 286//268 285//267 273//255
f 275//257 287//269 286//268 274//256
f 276//258 288//270 287//269 275//257
f 266//248 278//260 288//270 276//258
f 277//259 289//271 290//272 278//260
f 279//261 291//273 289//271 277//259
f 280//262 292//274 291//273 279//261
f 281//263 293//275 292//274 280//262
f 282//264 294//276 293//275 281//263
f 283//265 295//277 294//276 282//264
f 284//266 296//278 295//277 283//265
f 285//267 297//279 296//278 284//266
f 286//268 298//280 297//279 285//267
f 287//269 299//281 298//280 286//268
f 288//270 300//282 299//281 287//269
f 278//260 290//272 300//282 288//270
f 289//271 301//283 302//284 290//272
f 291//273 303//285 301//283 289//271
f 292//274 304//286 303//285 291//273
f 293//275 305//287 304//286 292//274
f 294//276 306//288 305//287 293//275
f 295//277 307//289 306//288 294//276
f 296//278 308//290 307//289 295//277
f 297//279 309//291 308//290 296//278
f 298//280 310//292 309//291 297//279
f 299//281 311//293 310//292 298//280
f 300//282 312//294 311//293 299//281
f 290//272 302//284 312//294 300//282
f 301//283 313//295 314//296 302//284
f 303//285 315//297 313//295 301//283
f 304//286 316//298 315//297 303//285
f 305//287 317//299 316//298 304//286
f 306//288 318//300 317//299 305//287
f 307//289 319//301 318//300 306//288
f 308//290 320//302 319//301 307//289
f 309//291 321//303 320//302 308//290
f 310//292 322//304 321//303 309//291
f 311//293 323//305 322//304 310//292
f 312//294 324//306 323//305 311//293
f 302//284 314//296 324//306 312//294
f 313//295 325//307 326//308 314//296
f 315//297 327//309 325//307 313//295
f 316//298 328//310 327//309 315//297
f 317//299 329//311 328//310 316//298
f 318//300 330//312 329//311 317//299
f 319//301 331//313 330//312 318//300
f 320//302 332//314 331//313 319//301
f 321//303 333//315 332//314 320//302
f 322//304 334//316 333//315 321//303
f 323//305 335//317 334//316 322//304
f 324//306 336//318 335//317 323//305
f 314//296 326//308 336//318 324//306
f 325//307 337//319 338//320 326//308
f 327//309 339//321 337//319 325//307
f 328//310 340//322 339//321 327//309
f 329//311 341//323 340//322 328//310
f 330//312 342//324 341//323 329//311
f 331//313 343//325 342//324 330//312
f 332//314 344//326 343//325 331//313
f 333//315 345//327 344//326 332//314
f 334//316 346//328 345//327 333//315
f 335//317 347//329 346//328 334//316
f 336//318 348//330 347//329 335//317
f 326//308 338//320 348//330 336//318
f 337//319 349//331 350//332 338//320
f 339//321 351//333 349//331 337//319
f 340//322 352//334 351//333 339//321
f 341//323 353//335 352//334 340//322
f 342//324 354//336 353//335 341//323
f 343//325 355//337 354//336 342//324
f 344//326 356//338 355//337 343//325
f 345//327 357//339 356//338 344//326
f 346//328 358//340 357//339 345//327
f 347//329 359//341 358//340 346//328
f 348//330 360//342 359//341 347//329
f 338//320 350//332 360//342 348//330
f 349//331 361//343 362//344 350//332
f 351//333 363//345 361//343 349//331
f 352//334 364//346 363//345 351//333
f 353//335 365//347 364//346 352//334
f 354//336 366//348 365//347 353//335
f 355//337 367//349 366//348 354//336
f 356//338 368//350 367//349 355//337
f 357//339 369//351 368//350 356//338
f 358//340 370//352 369//351 357//339
f 359//341 371//353 370//352 358//340
f 360//342 372//354 371//353 359//341
f 350//332 362//344 372//354 360//342
f 361//343 373//355 374//356 362//344
f 363//345 375//357 373//355 361//343
f 364//346 376//358 375//357 363//345
f 365//347 377//359 376//358 364//346
f 366//348 378//360 377//359 365//347
f 367//349 379//361 378//360 366//348
f 368//350 380//362 379//361 367//349
f 369//351 381//363 380//362 368//350
f 370//352 382//364 381//363 369//351
f 371//353 383//365 382//364 370//352
f 372//354 384//366 383//365 371//353
f 362//344 374//356 384//366 372//354
f 373//355 385//367 386//368 374//356
f 375//357 387//369 385//367 373//355
f 376//358 388//370 387//369 375//357
f 377//359 389//371 388//370 376//358
f 378//360 390//372 389//371 377//359
f 379//361 391//373 390//372 378//360
f 380//362 392//374 391//373 379//361
f 381//363 393//375 392//374 380//362
f 382//364 394//376 393//375 381//363
f 383//365 395//377 394//376 382//364
f 384//366 396//378 395//377 383//365
f 374//356 386//368 396//378 384//366
f 385//367 397//379 398//380 386//368
f 387//369 399//381 397//379 385//367
f 388//370 400//382 399//381 387//369
f 389//371 401//383 400//382 388//370
f 390//372 402//384 401//383 389//371
f 391//373 403//385 402//384 390//372
f 392//374 404//386 403//385 391//373
f 393//375 405//387 404//386 392//374
f 394//376 406//388 405//387 393//375
f 395//377 407//389 406//388 394//376
f 396//378 408//390 407//389 395//377
f 386//368 398//380 408//390 396//378
f 397//379 409//391 410//392 398//380
f 399//381 411//393 409//391 397//379
f 400//382 412//394 411//393 399//381
f 401//383 413//395 412//394 400//382
f 402//384 414//396 413//395 401//383
f 403//385 415//397 414//396 402//384
f 404//386 416//398 415//397 403//385
f 405//387 417//399 416//398 404//386
f 406//388 418//400 417//399 405//387
f 407//389 419//401 418//400 406//388
f 408//390 420//402 419//401 407//389
f 398//380 410//392 420//402 408//390
f 409//391 421//403 422//404 410//392
f 411//393 423//405 421//403 409//391
f 412//394 424//406 423//405 411//393
f 413//395 425//407 424//406 412//394
f 414//396 426//408 425//407 413//395
f 415//397 427//409 426//408 414//396
f 416//398 428//410 427//409 415//397
f 417//399 429//411 428//410 416//398
f 418//400 430//412 429//411 417//399
f 419//401 431//413 430//412 418//400
f 420//402 432//414 431//413 419//401
f 410//392 422//404 432//414 420//402
f 421//403 433//415 434//416 422//404
f 423//405 435//417 433//415 421//403
f 424//406 436//418 435//417 423//405
f 425//407 437//419 436//418 424//406
f 426//408 438//420 437//419 425//407
f 427//409 439//421 438//420 426//408
f 428//410 440//422 439//421 427//409
f 429//411 441//423 440//422 428//410
f 430//412 442//424 441//423 429//411
f 431//413 443//425 442//424 430//412
f 432//414 444//426 443//425 431//413
f 422//404 434//416 444//426 432//414
f 433//415 445//427 446//428 434//416
f 435//417 447//429 445//427 433//415
f 436//418 448//430 447//429 435//417
f 437//419 449//431 448//430 436//418
f 438//420 450//432 449//431 437//419
f 439//421 451//433 450//432 438//420
f 440//422 452//434 451//433 439//421
f 441//423 453//435 452//434 440//422
f 442//424 454//436 453//435 441//423
f 443//425 455//437 454//436 442//424
f 444//426 456//438 455//437 443//425
f 434//416 446//428 456//438 444//426
f 445//427 457//439 458//440 446//428
f 447//429 459//441 457//439 445//427
f 448//430 460//442 459//441 447//429
f 449//431 461//443 460//442 448//430
f 450//432 462//444 461//443 449//431
f 451//433 463//445 462//444 450//432
f 452//434 464//446 463//445 451//433
f 453//435 465//447 464//446 452//434
f 454//436 466//448 465//447 453//435
f 455//437 467//449 466//448 454//436
f 456//438 468//450 467//449 455//437
f 446//428 458//440 468//450 456//438
f 457//439 469//451 470//452 458//440
f 459//441 471//453 469//451 457//439
f 460//442 472//454 471//453 459//441
f 461//443 473//455 472//454 460//442
f 462//444 474//456 473//455 461//443
f 463//445 475//457 474//456 462//444
f 464//446 476//458 475//457 463//445
f 465//447 477//459 476//458 464//446
f 466//448 478//460 477//459 465//447
f 467//449 479//461 478//460 466//448
f 468//450 480//462 479//461 467//449
f 458//440 470//452 480//462 468//450
f 469//451 481//463 482//464 470//452
f 471//453 483//465 481//463 469//451
f 472//454 484//466 483//465 471//453
f 473//455 485//467 484//466 472//454
f 474//456 486//468 485//467 473//455
f 475//457 487//469 486//468 474//456
f 476//458 488//470 487//469 475//457
f 477//459 489//471 488//470 476//458
f 478//460 490//472 489//471 477//459
f 479//461 491//473 490//472 478//460
f 480//462 492//474 491//473 479//461
f 470//452 482//464 492//474 480//462
f 481//463 493//475 494//476 482//464
f 483//465 495//477 493//475 481//463
f 484//466 496//478 495//477 483//465
f 485//467 497//479 496//478 484//466
f 486//468 498//480 497//479 485//467
f 487//469 499//481 498//480 486//468
f 488//470 500//482 499//481 487//469
f 489//471 501//483 500//482 488//470
f 490//472 502//484 501//483 489//471
f 491//473 503//485 502//484 490//472
f 492//474 504//486 503//485 491//473
f 482//464 494//476 504//486 492//474
f 493//475 505//487 506//488 494//476
f 495//477 507//489 505//487 493//475
f 496//478 508//490 507//489 495//477
f 497//479 509//491 508//490 496//478
f 498//480 510//492 509//491 497//479
f 499//481 511//493 510//492 498//480
f 500//482 512//494 511//493 499//481
f 501//483 513//495 512//494 500//482
f 502//484 514//496 513//495 501//483
f 503//485 515//497 514//496 502//484
f 504//486 516//498 515//497 503//485
f 494//476 506//488 516//498 504//486
f 517//499 518//500 519//501 520//502
f 521//503 522//504 518//500 517//499
f 523//505 524//506 522//504 521//503
f 525//507 526//508 524//506 523//505
f 527//509 528//510 526//508 525//507
f 529//511 530//512 528//510 527//509
f 531//513 532//514 530//512 529//511
f 533//515 534//516 532//514 531//513
f 535//517 536//518 534//516 533//515
f 537//519 538//520 536//518 535//517
f 539//521 540//522 538//520 537//519
f 520//502 519//501 540//522 539//521
f 518//500 541//523 542//524 519//501
f 522//504 543//525 541//523 518//500
f 524//506 544//526 543//525 522//504
f 526//508 545//527 544//526 524//506
f 528//510 546//528 545//527 526//508
f 530//512 547//529 546//528 528//510
f 532//514 548//530 547//529 530//512
f 534//516 549//531 548//530 532//514
f 536//518 550//532 549//531 534//516
f 538//520 551//533 550//532 536//518
f 540//522 552//534 551//533 538//520
f 519//501 542//524 552//534 540//522
f 541//523 553//535 554//536 542//524
f 543//525 555//537 553//535 541//523
f 544//526 556//538 555//537 543//525
f 545//527 557//539 556//538 544//526
f 546//528 558//540 557//539 545//527
f 547//529 559//541 558//540 546//528
f 548//530 560//542 559//541 547//529
f 549//531 561//543 560//542 548//530
f 550//532 562//544 561//543 549//531
f 551//533 563//545 562//544 550//532
f 552//534 564//546 563//545 551//533
f 542//524 554//536 564//546 552//534
f 553//535 565//547 566//548 554//536
f 555//537 567//549 565//547 553//535
f 556//538 568//550 567//549 555//537
f 557//539 569//551 568//550 556//538
f 558//540 570//552 569//551 557//539
f 559//541 571//553 570//552 558//540
f 560//542 572//554 571//553 559//541
f 561//543 573//555 572//554 560//542
f 562//544 574//556 573//555 561//543
f 563//545 575//557 574//556 562//544
f 564//546 576//558 575//557 563//545
f 554//536 566//548 576//558 564//546
f 565//547 577//559 578//560 566//548
f 567//549 579//561 577//559 565//547
f 568//550 580//562 579//561 567//549
f 569//551 581//563 580//562 568//550
f 570//552 582//564 581//563 569//551
f 571//553 583//565 582//564 570//552
f 572//554 584//566 583//565 571//553
f 573//555 585//567 584//566 572//554
f 574//556 586//568 585//567 573//555
f 575//557 587//569 586//568 574//556
f 576//558 588//570 587//569 575//557
f 566//548 578//560 588//570 576//558
f 577//559 589//571 590//572 578//560
f 579//561 591//573 589//571 577//559
f 580//562 592//574 591//573 579//561
f 581//563 593//575 592//574 580//562
f 582//564 594//576 593//575 581//563
f 583//565 595//577 594//576 582//564
f 584//566 596//578 595//577 583//565
f 585//567 597//579 596//578 584//566
f 586//568 598//580 597//579 585//567
f 587//569 599//581 598//580 586//568
f 588//570 600//582 599//581 587//569
f 578//560 590//572 600//582 588//570
f 589//571 601//583 602//584 590//572
f 591//573 603//585 601//583 589//571
f 592//574 604//586 603//585 591//573
f 593//575 605//587 604//586 592//574
f 594//576 606//588 605//587 593//575
f 595//577 607//589 606//588 594//576
f 596//578 608//590 607//589 595//577
f 597//579 609//591 608//590 596//578
f 598//580 610//592 609//591 597//579
f 599//581 611//593 610//592 598//580
f 600//582 612//594 611//593 599//581
f 590//572 602//584 612//594 600//582
f 601//583 613//595 614//596 602//584
f 603//585 615//597 613//595 601//583
f 604//586 616//598 615//597 603//585
f 605//587 617//599 616//598 604//586
f 606//588 618//600 617//599 605//587
f 607//589 619//601 618//600 606//588
f 608//590 620//602 619//601 607//589
f 609//591 621//603 620//602 608//590
f 610//592 622//604 621//603 609//591
f 611//593 623//605 622//604 610//592
f 612//594 624//606 623//605 611//593
f 602//584 614//596 624//606 612//594
f 613//595 625//607 626//608 614//596
f 615//597 627//609 625//607 613//595
f 616//598 628//610 627//609 615//597
f 617//599 629//611 628//610 616//598
f 618//600 630//612 629//611 617//599
f 619//601 631//613 630//612 618//600
f 620//602 632//614 631//613 619//601
f 621//603 633//615 632//614 620//602
f 622//604 634//616 633//615 621//603
f 623//605 635//617 634//616 622//604
f 624//606 636//618 635//617 623//605
f 614//596 626//608 636//618 624//606
f 625//607 637//607 638//619 626//608
f 627//609 639//620 637//607 625//607
f 628//610 640//621 639//620 627//609
f 629//611 641//622 640//621 628//610
f 630//612 642//623 641//622 629//611
f 631//613 643//624 642//623 630//612
f 632//614 644//625 643//624 631//613
f 633//615 645//626 644//625 632//614
f 634//616 646//627 645//626 633//615
f 635//617 647//628 646//627 634//616
f 636//618 648//629 647//628 635//617
f 626//608 638//619 648//629 636//618
f 637//607 649//630 650//631 638//619
f 639//620 651//632 649//630 637//607
f 640//621 652//633 651//632 639//620
f 641//622 653//634 652//633 640//621
f 642//623 654//635 653//634 641//622
f 643//624 655//636 654//635 642//623
f 644//625 656//637 655//636 643//624
f 645//626 657//638 656//637 644//625
f 646//627 658//639 657//638 645//626
f 647//628 659//640 658//639 646//627
f 648//629 660//641 659//640 647//628
f 638//619 650//631 660//641 648//629
f 649//630 661//642 662//643 650//631
f 651//632 663//644 661//642 649//630
f 652//633 664//645 663//644 651//632
f 653//634 665//646 664//645 652//633
f 654//635 666//647 665//646 653//634
f 655//636 667//648 666//647 654//635
f 656//637 668//649 667//648 655//636
f 657//638 669//650 668//649 656//637
f 658//639 670//651 669//650 657//638
f 659//640 671//652 670//651 658//639
f 660//641 672//653 671//652 659//640
f 650//631 662//643 672//653 660//641
f 661//642 673//654 674//655 662//643
f 663//644 675//656 673//654 661//642
f 664//645 676//657 675//656 663//644
f 665//646 677//658 676//657 664//645
f 666//647 678//659 677//658 665//646
f 667//648 679//660 678//659 666//647
f 668//649 680//661 679//660 667//648
f 669//650 681//662 680//661 668//649
f 670//651 682//663 681//662 669//650
f 671//652 683//664 682//663 670//651
f 672//653 684//665 683//664 671//652
f 662//643 674//655 684//665 672//653
f 673//654 685//666 686//667 674//655
f 675//656 687//668 685//666 673//654
f 676//657 688//669 687//668 675//656
f 677//658 689//670 688//669 676//657
f 678//659 690//671 689//670 677//658
f 679//660 691//672 690//671 678//659
f 680//661 692//673 691//672 679//660
f 681//662 693//674 692//673 680//661
f 682//663 694//675 693//674 681//662
f 683//664 695//676 694//675 682//663
f 684//665 696//677 695//676 683//664
f 674//655 686//667 696//677 684//665
f 685//666 697//678 698//679 686//667
f 687//668 699//680 697//678 685//666
f 688//669 700//681 699//680 687//668
f 689//670 701//682 700//681 688//669
f 690//671 702//683 701//682 689//670
f 691//672 703//684 702//683 690//671
f 692//673 704//685 703//684 691//672
f 693//674 705//686 704//685 692//673
f 694//675 706//687 705//686 693//674
f 695//676 707//688 706//687 694//675
f 696//677 708//689 707//688 695//676
f 686//667 698//679 708//689 696//677
f 697//678 709//690 710//691 698//679
f 699//680 711//692 709//690 697//678
f 700//681 712//693 711//692 699//680
f 701//682 713//694 712//693 700//681
f 702//683 714//695 713//694 701//682
f 703//684 715//696 714//695 702//683
f 704//685 716//697 715//696 703//684
f 705//686 717//698 716//697 704//685
f 706//687 718//699 717//698 705//686
f 707//688 719//700 718//699 706//687
f 708//689 720//701 719//700 707//688
f 698//679 710//691 720//701 708//689
f 709//690 721//702 722//703 710//691
f 711//692 723//704 721//702 709//690
f 712//693 724//705 723//704 711//692
f 713//694 725//706 724//705 712//693
f 714//695 726//707 725//706 713//694
f 715//696 727//708 726//707 714//695
f 716//697 728//709 727//708 715//696
f 717//698 729//710 728//709 716//697
f 718//699 730//711 729//710 717//698
f 719//700 731//712 730//711 718//699
f 720//701 732//713 731//712 719//700
f 710//691 722//703 732//713 720//701
f 721//702 733//714 734//715 722//703
f 723//704 735//716 733//714 721//702
f 724//705 736//717 735//716 723//704
f 725//706 737//718 736//717 724//705
f 726//707 738//719 737//718 725//706
f 727//708 739//720 738//719 726//707
f 728//709 740//721 739//720 727//708
f 729//710 741//722 740//721 728//709
f 730//711 742//723 741//722 729//710
f 731//712 743//724 742//723 730//711
f 732//713 744//725 743//724 731//712
f 722//703 734//715 744//725 732//713
f 733//714 745//726 746//727 734//715
f 735//716 747//728 745//726 733//714
f 736//717 748//729 747//728 735//716
f 737//718 749//730 748//729 736//717
f 738//719 750//731 749//730 737//718
f 739//720 751//732 750//731 738//719
f 740//721 752//733 751//732 739//720
f 741//722 753//734 752//733 740//721
f 742//723 754//735 753//734 741//722
f 743//724 755//736 754//735 742//723
f 744//725 756//737 755//736 743//724
f 734//715 746//727 756//737 744//725
f 745//726 757//738 758//739 746//727
f 747//728 759//740 757//738 745//726
f 748//729 760//741 759//740 747//728
f 749//730 761//742 760//741 748//729
f 750//731 762//743 761//742 749//730
f 751//732 763//744 762//743 750//731
f 752//733 764//745 763//744 751//732
f 753//734 765//746 764//745 752//733
f 754//735 766//747 765//746 753//734
f 755//736 767//748 766//747 754//735
f 756//737 768//749 767//748 755//736
f 746//727 758//739 768//749 756//737
f 757//738 769//750 770//751 758//739
f 759//740 771//752 769//750 757//738
f 760//741 772//753 771//752 759//740
f 761//742 773//754 772//753 760//741
f 762//743 774//755 773//754 761//742
f 763//744 775//756 774//755 762//743
f 764//745 776//757 775//756 763//744
f 765//746 777//758 776//757 764//745
f 766//747 778//759 777//758 765//746
f 767//748 779//760 778//759 766//747
f 768//749 780//761 779//760 767//748
f 758//739 770//751 780//761 768//749
f 769//750 781//762 782//763 770//751
f 771//752 783//764 781//762 769//750
f 772//753 784//765 783//764 771//752
f 773//754 785//766 784//765 772//753
f 774//755 786//767 785//766 773//754
f 775//756 787//768 786//767 774//755
f 776//757 788//769 787//768 775//756
f 777//758 789//770 788//769 776//757
f 778//759 790//771 789//770 777//758
f 779//760 791//772 790//771 778//759
f 780//761 792//773 791//772 779//760
f 770//751 782//763 792//773 780//761
f 781//762 793//774 794//775 782//763
f 783//764 795//776 793//774 781//762
f 784//765 796//777 795//776 783//764
f 785//766 797//778 796//777 784//765
f 786//767 798//779 797//778 785//766
f 787//768 799//780 798//779 786//767
f 788//769 800//781 799//780 787//768
f 789//770 801//782 800//781 788//769
f 790//771 802//783 801//782 789//770
f 791//772 803//784 802//783 790//771
f 792//773 804//785 803//784 791//772
f 782//763 794//775 804//785 792//773
f 793//774 805//786 806//787 794//775
f 795//776 807//788 805//786 793//774
f 796//777 808//789 807//788 795//776
f 797//778 809//790 808//789 796//777
f 798//779 810//791 809//790 797//778
f 799//780 811//792 810//791 798//779
f 800//781 812//793 811//792 799//780
f 801//782 813//794 812//793 800//781
f 802//783 814//795 813//794 801//782
f 803//784 815//796 814//795 802//783
f 804//785 816//797 815//796 803//784
f 794//775 806//787 816//797 804//785
f 805//786 817//798 818//799 806//787
f 807//788 819//800 817//798 805//786
f 808//789 820//801 819//800 807//788
f 809//790 821//802 820//801 808//789
f 810//791 822//803 821//802 809//790
f 811//792 823//804 822//803 810//791
f 812//793 824//805 823//804 811//792
f 813//794 825//806 824//805 812//793
f 814//795 826//807 825//806 813//794
f 815//796 827//808 826//807 814//795
f 816//797 828//809 827//808 815//796
f 806//787 818//799 828//809 816//797
f 817//798 829//810 830//811 818//799
f 819//800 831//812 829//810 817//798
f 820//801 832//813 831//812 819//800
f 821//802 833//814 832//813 820//801
f 822//803 834//815 833//814 821//802
f 823//804 835//816 834//815 822//803
f 824//805 836//817 835//816 823//804
f 825//806 837//818 836//817 824//805
f 826//807 838//819 837//818 825//806
f 827//808 839//820 838//819 826//807
f 828//809 840//821 839//820 827//808
f 818//799 830//811 840//821 828//809
f 829//810 841//822 842//823 830//811
f 831//812 843//824 841//822 829//810
f 832//813 844//825 843//824 831//812
f 833//814 845//826 844//825 832//813
f 834//815 846//827 845//826 833//814
f 835//816 847//828 846//827 834//815
f 836//817 848//829 847//828 835//816
f 837//818 849//830 848//829 836//817
f 838//819 850//831 849//830 837//818
f 839//820 851//832 850//831 838//819
f 840//821 852//833 851//832 839//820
f 830//811 842//823 852//833 840//821
f 841//822 853//834 854//835 842//823
f 843//824 855//836 853//834 841//822
f 844//825 856//837 855//836 843//824
f 845//826 857//838 856//837 844//825
f 846//827 858//839 857//838 845//826
f 847//828 859//840 858//839 846//827
f 848//829 860//841 859//840 847//828
f 849//830 861//842 860//841 848//829
f 850//831 862//843 861//842 849//830
f 851//832 863//844 862//843 850//831
f 852//833 864//845 863//844 851//832
f 842//823 854//835 864//845 852//833
f 853//834 865//846 866//847 854//835
f 855//836 867//848 865//846 853//834
f 856//837 868//849 867//848 855//836
f 857//838 869//850 868//849 856//837
f 858//839 870//851 869//850 857//838
f 859//840 871//852 870//851 858//839
f 860//841 872//853 871//852 859//840
f 861//842 873//854 872//853 860//841
f 862//843 874//855 873//854 861//842
f 863//844 875//856 874//855 862//843
f 864//845 876//857 875//856 863//844
f 854//835 866//847 876//857 864//845
f 865//846 877//858 878//859 866//847
f 867//848 879//860 877//858 865//846
f 868//849 880//861 879//860 867//848
f 869//850 881//862 880//861 868//849
f 870//851 882//863 881//862 869//850
f 871//852 883//864 882//863 870//851
f 872//853 884//865 883//864 871//852
f 873//854 885//866 884//865 872//853
f 874//855 886//867 885//866 873//854
f 875//856 887//868 886//867 874//855
f 876//857 888//869 887//868 875//856
f 866//847 878//859 888//869 876//857
f 877//858 889//870 890//871 878//859
f 879//860 891//872 889//870 877//858
f 880//861 892//873 891//872 879//860
f 881//862 893//874 892//873 880//861
f 882//863 894//875 893//874 881//862
f 883//864 895//876 894//875 882//863
f 884//865 896//877 895//876 883//864
f 885//866 897//878 896//877 884//865
f 886//867 898//879 897//878 885//866
f 887//868 899//880 898//879 886//867
f 888//869 900//881 899//880 887//868
f 878//859 890//871 900//881 888//869
f 889//870 901//882 902//883 890//871
f 891//872 903//884 901//882 889//870
f 892//873 904//885 903//884 891//872
f 893//874 905//886 904//885 892//873
f 894//875 906//887 905//886 893//874
f 895//876 907//888 906//887 894//875
f 896//877 908//889 907//888 895//876
f 897//878 909//890 908//889 896//877
f 898//879 910//891 909//890 897//878
f 899//880 911//892 910//891 898//879
f 900//881 912//893 911//892 899//880
f 890//871 902//883 912//893 900//881
f 901//882 913//894 914//895 902//883
f 903//884 915//896 913//894 901//882
f 904//885 916//897 915//896 903//884
f 905//886 917//898 916//897 904//885
f 906//887 918//899 917//898 905//886
f 907//888 919//900 918//899 906//887
f 908//889 920//901 919//900 907//888
f 909//890 921//902 920//901 908//889
f 910//891 922//903 921//902 909//890
f 911//892 923//904 922//903 910//891
f 912//893 924//905 923//904 911//892
f 902//883 914//895 924//905 912//893
f 913//894 925//906 926//907 914//895
f 915//896 927//908 925//906 913//894
f 916//897 928//909 927//908 915//896
f 917//898 929//910 928//909 916//897
f 918//899 930//911 929//910 917//898
f 919//900 931//912 930//911 918//899
f 920//901 932//913 931//912 919//900
f 921//902 933//914 932//913 920//901
f 922//903 934//915 933//914 921//902
f 923//904 935//916 934//915 922//903
f 924//905 936//917 935//916 923//904
f 914//895 926//907 936//917 924//905
f 925//906 937//918 938//919 926//907
f 927//908 939//920 937//918 925//906
f 928//909 940//921 939//920 927//908
f 929//910 941//922 940//921 928//909
f 930//911 942//923 941//922 929//910
f 931//912 943//924 942//923 930//911
f 932//913 944//925 943//924 931//912
f 933//914 945//926 944//925 932//913
f 934//915 946//927 945//926 933//914
f 935//916 947//928 946//927 934//915
f 936//917 948//929 947//928 935//916
f 926//907 938//919 948//929 936//917
f 937//918 949//930 950//931 938//919
f 939//920 951//932 949//930 937//918
f 940//921 952//933 951//932 939//920
f 941//922 953//934 952//933 940//921
f 942//923 954//935 953//934 941//922
f 943//924 955//936 954//935 942//923
f 944//925 956//937 955//936 943//924
f 945//926 957//938 956//937 944//925
f 946//927 958//939 957//938 945//926
f 947//928 959//940 958//939 946//927
f 948//929 960//941 959//940 947//928
f 938//919 950//931 960//941 948//929
f 949//930 961//942 962//943 950//931
f 951//932 963//944 961//942 949//930
f 952//933 964//945 963//944 951//932
f 953//934 965//946 964//945 952//933
f 954//935 966//947 965//946 953//934
f 955//936 967//948 966//947 954//935
f 956//937 968//949 967//948 955//936
f 957//938 969//950 968//949 956//937
f 958//939 970//951 969//950 957//938
f 959//940 971//952 970//951 958//939
f 960//941 972//953 971//952 959//940
f 950//931 962//943 972//953 960//941
f 961//942 973//954 974//955 962//943
f 963//944 975//956 973//954 961//942
f 964//945 976//957 975//956 963//944
f 965//946 977//958 976//957 964//945
f 966//947 978//959 977//958 965//946
f 967//948 979//960 978//959 966//947
f 968//949 980//961 979//960 967//948
f 969//950 981//962 980//961 968//949
f 970//951 982//963 981//962 969//950
f 971//952 983//964 982//963 970//951
f 972//953 984//965 983//964 971//952
f 962//943 974//955 984//965 972//953
f 973//954 985//966 986//967 974//955
f 975//956 987//968 985//966 973//954
f 976//957 988//969 987//968 975//956
f 977//958 989//970 988//969 976//957
f 978//959 990//971 989//970 977//958
f 979//960 991//972 990//971 978//959
f 980//961 992//973 991//972 979//960
f 981//962 993//974 992//973 980//961
f 982//963 994//975 993//974 981//962
f 983//964 995//976 994//975 982//963
f 984//965 996//977 995//976 983//964
f 974//955 986//967 996//977 984//965
f 985//966 997//978 998//979 986//967
f 987//968 999//980 997//978 985//966
f 988//969 1000//981 999//980 987//968
f 989//970 1001//982 1000//981 988//969
f 990//971 1002//983 1001//982 989//970
f 991//972 1003//984 1002//983 990//971
f 992//973 1004//985 1003//984 991//972
f 993//974 1005//986 1004//985 992//973
f 994//975 1006//987 1005//986 993//974
f 995//976 1007//988 1006//987 994//975
f 996//977 1008//989 1007//988 995//976
f 986//967 998//979 1008//989 996//977
f 997//978 1009//990 1010//991 998//979
f 999//980 1011//992 1009//990 997//978
f 1000//981 1012//993 1011//992 999//980
f 1001//982 1013//994 1012//993 1000//981
f 1002//983 1014//995 1013//994 1001//982
f 1003//984 1015//996 1014//995 1002//983
f 1004//985 1016//997 1015//996 1003//984
f 1005//986 1017//998 1016//997 1004//985
f 1006//987 1018//999 1017//998 1005//986
f 1007//988 1019//1000 1018//999 1006//987
f 1008//989 1020//1001 1019//1000 1007//988
f 998//979 1010//991 1020//1001 1008//989
f 1009//990 1021//1002 1022//1003 1010//991
f 1011//992 1023//1004 1021//1002 1009//990
f 1012//993 1024//1005 1023//1004 1011//992
f 1013//994 1025//1006 1024//1005 1012//993
f 1014//995 1026//1007 1025//1006 1013//994
f 1015//996 1027//1008 1026//1007 1014//995
f 1016//997 1028//1009 1027//1008 1015//996
f 1017//998 1029//1010 1028//1009 1016//997
f 1018//999 1030//1011 1029//1010 1017//998
f 1019//1000 1031//1012 1030//1011 1018//999
f 1020//1001 1032//1013 1031//1012 1019//1000
f 1010//991 1022//1003 1032//1013 1020//1001
f 1021//1002 1033//1014 1034//1015 1022//1003
f 1023//1004 1035//1016 1033//1014 1021//1002
f 1024//1005 1036//1017 1035//1016 1023//1004
f 1025//1006 1037//1018 1036//1017 1024//1005
f 1026//1007 1038//1019 1037//1018 1025//1006
f 1027//1008 1039//1020 1038//1019 1026//1007
f 1028//1009 1040//1021 1039//1020 1027//1008
f 1029//1010 1041//1022 1040//1021 1028//1009
f 1030//1011 1042//1023 1041//1022 1029//1010
f 1031//1012 1043//1024 1042//1023 1030//1011
f 1032//1013 1044//1025 1043//1024 1031//1012
f 1022//1003 1034//1015 1044//1025 1032//1013
f 1033//1014 1045//1026 1046//1027 1034//1015
f 1035//1016 1047//1028 1045//1026 1033//1014
f 1036//1017 1048//1029 1047//1028 1035//1016
f 1037//1018 1049//1030 1048//1029 1036//1017
f 1038//1019 1050//1031 1049//1030 1037//1018
f 1039//1020 1051//1032 1050//1031 1038//1019
f 1040//1021 1052//1033 1051//1032 1039//1020
f 1041//1022 1053//1034 1052//1033 1040//1021
f 1042//1023 1054//1035 1053//1034 1041//1022
f 1043//1024 1055//1036 1054//1035 1042//1023
f 1044//1025 1056//1037 1055//1036 1043//1024
f 1034//1015 1046//1027 1056//1037 1044//1025
f 1045//1026 1057//1038 1058//1039 1046//1027
f 1047//1028 1059//1040 1057//1038 1045//1026
f 1048//1029 1060//1041 1059//1040 1047//1028
f 1049//1030 1061//1042 1060//1041 1048//1029
f 1050//1031 1062//1043 1061//1042 1049//1030
f 1051//1032 1063//1044 1062//1043 1050//1031
f 1052//1033 1064//1045 1063//1044 1051//1032
f 1053//1034 1065//1046 1064//1045 1052//1033
f 1054//1035 1066//1047 1065//1046 1053//1034
f 1055//1036 1067//1048 1066//1047 1054//1035
f 1056//1037 1068//1049 1067//1048 1055//1036
f 1046//1027 1058//1039 1068//1049 1056//1037
f 1057//1038 1069//1050 1070//1051 1058//1039
f 1059//1040 1071//1052 1069//1050 1057//1038
f 1060//1041 1072//1053 1071//1052 1059//1040
f 1061//1042 1073//1054 1072//1053 1060//1041
f 1062//1043 1074//1055 1073//1054 1061//1042
f 1063//1044 1075//1056 1074//1055 1062//1043
f 1064//1045 1076//1057 1075//1056 1063//1044
f 1065//1046 1077//1058 1076//1057 1064//1045
f 1066//1047 1078//1059 1077//1058 1065//1046
f 1067//1048 1079//1060 1078//1059 1066//1047
f 1068//1049 1080//1061 1079//1060 1067//1048
f 1058//1039 1070//1051 1080//1061 1068//1049
f 1069//1050 1081//1062 1082//1063 1070//1051
f 1071//1052 1083//1064 1081//1062 1069//1050
f 1072//1053 1084//1065 1083//1064 1071//1052
f 1073//1054 1085//1066 1084//1065 1072//1053
f 1074//1055 1086//1067 1085//1066 1073//1054
f 1075//1056 1087//1068 1086//1067 1074//1055
f 1076//1057 1088//1069 1087//1068 1075//1056
f 1077//1058 1089//1070 1088//1069 1076//1057
f 1078//1059 1090//1071 1089//1070 1077//1058
f 1079//1060 1091//1072 1090//1071 1078//1059
f 1080//1061 1092//1073 1091//1072 1079//1060
f 1070//1051 1082//1063 1092//1073 1080//1061
f 1081//1062 1093//1074 1094//1075 1082//1063
f 1083//1064 1095//1076 1093//1074 1081//1062
f 1084//1065 1096//1077 1095//1076 1083//1064
f 1085//1066 1097//1078 1096//1077 1084//1065
f 1086//1067 1098//1079 1097//1078 1085//1066
f 1087//1068 1099//1080 1098//1079 1086//1067
f 1088//1069 1100//1081 1099//1080 1087//1068
f 1089//1070 1101//1082 1100//1081 1088//1069
f 1090//1071 1102//1083 1101//1082 1089//1070
f 1091//1072 1103//1084 1102//1083 1090//1071
f 1092//1073 1104//1085 1103//1084 1091//1072
f 1082//1063 1094//1075 1104//1085 1092//1073
f 1105//1086 1106//1087 1107//1088 1108//1089
f 1109//1090 1110//1091 1106//1087 1105//1086
f 1111//1092 1112//1093 1110//1091 1109//1090
f 1113//1094 1114//1095 1112//1093 1111//1092
f 1115//1096 1116//1097 1114//1095 1113//1094
f 1117//1098 1118//1099 1116//1097 1115//1096
f 1119//1100 1120//1101 1118//1099 1117//1098
f 1121//1102 1122//1103 1120//1101 1119//1100
f 1123//1104 1124//1105 1122//1103 1121//1102
f 1125//1106 1126//1107 1124//1105 1123//1104
f 1127//1108 1128//1109 1126//1107 1125//1106
f 1108//1089 1107//1088 1128//1109 1127//1108
f 1106//1087 1129//1110 1130//1111 1107//1088
f 1110//1091 1131//1112 1129//1110 1106//1087
f 1112//1093 1132//1113 1131//1112 1110//1091
f 1114//1095 1133//1114 1132//1113 1112//1093
f 1116//1097 1134//1115 1133//1114 1114//1095
f 1118//1099 1135//1116 1134//1115 1116//1097
f 1120//1101 1136//1117 1135//1116 1118//1099
f 1122//1103 1137//1118 1136//1117 1120//1101
f 1124//1105 1138//1119 1137//1118 1122//1103
f 1126//1107 1139//1120 1138//1119 1124//1105
f 1128//1109 1140//1121 1139//1120 1126//1107
f 1107//1088 1130//1111 1140//1121 1128//1109
f 1129//1110 1141//1122 1142//1123 1130//1111
f 1131//1112 1143//1124 1141//1122 1129//1110
f 1132//1113 1144//1125 1143//1124 1131//1112
f 1133//1114 1145//1126 1144//1125 1132//1113
f 1134//1115 1146//1127 1145//1126 1133//1114
f 1135//1116 1147//1128 1146//1127 1134//1115
f 1136//1117 1148//1129 1147//1128 1135//1116
f 1137//1118 1149//1130 1148//1129 1136//1117
f 1138//1119 1150//1131 1149//1130 1137//1118
f 1139//1120 1151//1132 1150//1131 1138//1119
f 1140//1121 1152//1133 1151//1132 1139//1120
f 1130//1111 1142//1123 1152//1133 1140//1121
f 1141//1122 1153//1134 1154//1135 1142//1123
f 1143//1124 1155//1136 1153//1134 1141//1122
f 1144//1125 1156//1137 1155//1136 1143//1124
f 1145//1126 1157//1138 1156//1137 1144//1125
f 1146//1127 1158//1139 1157//1138 1145//1126
f 1147//1128 1159//1140 1158//1139 1146//1127
f 1148//1129 1160//1141 1159//1140 1147//1128
f 1149//1130 1161//1142 1160//1141 1148//1129
f 1150//1131 1162//1143 1161//1142 1149//1130
f 1151//1132 1163//1144 1162//1143 1150//1131
f 1152//1133 1164//1145 1163//1144 1151//1132
f 1142//1123 1154//1135 1164//1145 1152//1133
f 1153//1134 1165//1146 1166//1147 1154//1135
f 1155//1136 1167//1148 1165//1146 1153//1134
f 1156//1137 1168//1149 1167//1148 1155//1136
f 1157//1138 1169//1150 1168//1149 1156//1137
f 1158//1139 1170//1151 1169//1150 1157//1138
f 1159//1140 1171//1152 1170//1151 1158//1139
f 1160//1141 1172//1153 1171//1152 1159//1140
f 1161//1142 1173//1154 1172//1153 1160//1141
f 1162//1143 1174//1155 1173//1154 1161//1142
f 1163//1144 1175//1156 1174//1155 1162//1143
f 1164//1145 1176//1157 1175//1156 1163//1144
f 1154//1135 1166//1147 1176//1157 1164//1145
f 1165//1146 1177//1158 1178//1159 1166//1147
f 1167//1148 1179//1160 1177//1158 1165//1146
f 1168//1149 1180//1161 1179//1160 1167//1148
f 1169//1150 1181//1162 1180//1161 1168//1149
f 1170//1151 1182//1163 1181//1162 1169//1150
f 1171//1152 1183//1164 1182//1163 1170//1151
f 1172//1153 1184//1165 1183//1164 1171//1152
f 1173//1154 1185//1166 1184//1165 1172//1153
f 1174//1155 1186//1167 1185//1166 1173//1154
f 1175//1156 1187//1168 1186//1167 1174//1155
f 1176//1157 1188//1169 1187//1168 1175//1156
f 1166//1147 1178//1159 1188//1169 1176//1157
f 1177//1158 1189//1170 1190//1171 1178//1159
f 1179//1160 1191//1172 1189//1170 1177//1158
f 1180//1161 1192//1173 1191//1172 1179//1160
f 1181//1162 1193//1174 1192//1173 1180//1161
f 1182//1163 1194//1175 1193//1174 1181//1162
f 1183//1164 1195//1176 1194//1175 1182//1163
f 1184//1165 1196//1177 1195//1176 1183//1164
f 1185//1166 1197//1178 1196//1177 1184//1165
f 1186//1167 1198//1179 1197//1178 1185//1166
f 1187//1168 1199//1180 1198//1179 1186//1167
f 1188//1169 1200//1181 1199//1180 1187//1168
f 1178//1159 1190//1171 1200//1181 1188//1169
f 1189//1170 1201//1182 1202//1183 1190//1171
f 1191//1172 1203//1184 1201//1182 1189//1170
f 1192//1173 1204//1185 1203//1184 1191//1172
f 1193//1174 1205//1186 1204//1185 1192//1173
f 1194//1175 1206//1187 1205//1186 1193//1174
f 1195//1176 1207//1188 1206//1187 1194//1175
f 1196//1177 1208//1189 1207//1188 1195//1176
f 1197//1178 1209//1190 1208//1189 1196//1177
f 1198//1179 1210//1191 1209//1190 1197//1178
f 1199//1180 1211//1192 1210//1191 1198//1179
f 1200//1181 1212//1193 1211//1192 1199//1180
f 1190//1171 1202//1183 1212//1193 1200//1181
f 1201//1182 1213//1194 1214//1195 1202//1183
f 1203//1184 1215//1196 1213//1194 1201//1182
f 1204//1185 1216//1197 1215//1196 1203//1184
f 1205//1186 1217//1198 1216//1197 1204//1185
f 1206//1187 1218//1199 1217//1198 1205//1186
f 1207//1188 1219//1200 1218//1199 1206//1187
f 1208//1189 1220//1201 1219//1200 1207//1188
f 1209//1190 1221//1202 1220//1201 1208//1189
f 1210//1191 1222//1203 1221//1202 1209//1190
f 1211//1192 1223//1204 1222//1203 1210//1191
f 1212//1193 1224//1205 1223//1204 1211//1192
f 1202//1183 1214//1195 1224//1205 1212//1193
f 1213//1194 1225//1206 1226//1207 1214//1195
f 1215//1196 1227//1208 1225//1206 1213//1194
f 1216//1197 1228//1209 1227//1208 1215//1196
f 1217//1198 1229//1210 1228//1209 1216//1197
f 1218//1199 1230//1211 1229//1210 1217//1198
f 1219//1200 1231//1212 1230//1211 1218//1199
f 1220//1201 1232//1213 1231//1212 1219//1200
f 1221//1202 1233//1214 1232//1213 1220//1201
f 1222//1203 1234//1215 1233//1214 1221//1202
f 1223//1204 1235//1216 1234//1215 1222//1203
f 1224//1205 1236//1217 1235//1216 1223//1204
f 1214//1195 1226//1207 1236//1217 1224//1205
f 1225//1206 1237//1218 1238//1219 1226//1207
f 1227//1208 1239//1220 1237//1218 1225//1206
f 1228//1209 1240//1221 1239//1220 1227//1208
f 1229//1210 1241//1222 1240//1221 1228//1209
f 1230//1211 1242//1223 1241//1222 1229//1210
f 1231//1212 1243//1224 1242//1223 1230//1211
f 1232//1213 1244//1225 1243//1224 1231//1212
f 1233//1214 1245//1226 1244//1225 1232//1213
f 1234//1215 1246//1227 1245//1226 1233//1214
f 1235//1216 1247//1228 1246//1227 1234//1215
f 1236//1217 1248//1229 1247//1228 1235//1216
f 1226//1207 1238//1219 1248//1229 1236//1217
f 1237//1218 1249//1230 1250//1231 1238//1219
f 1239//1220 1251//1232 1249//1230 1237//1218
f 1240//1221 1252//1233 1251//1232 1239//1220
f 1241//1222 1253//1234 1252//1233 1240//1221
f 1242//1223 1254//1235 1253//1234 1241//1222
f 1243//1224 1255//1236 1254//1235 1242//1223
f 1244//1225 1256//1237 1255//1236 1243//1224
f 1245//1226 1257//1238 1256//1237 1244//1225
f 1246//1227 1258//1239 1257//1238 1245//1226
f 1247//1228 1259//1240 1258//1239 1246//1227
f 1248//1229 1260//1241 1259//1240 1247//1228
f 1238//1219 1250//1231 1260//1241 1248//1229
f 1249//1230 1261//1242 1262//1243 1250//1231
f 1251//1232 1263//1244 1261//1242 1249//1230
f 1252//1233 1264//1245 1263//1244 1251//1232
f 1253//1234 1265//1246 1264//1245 1252//1233
f 1254//1235 1266//1247 1265//1246 1253//1234
f 1255//1236 1267//1248 1266//1247 1254//1235
f 1256//1237 1268//1249 1267//1248 1255//1236
f 1257//1238 1269//1250 1268//1249 1256//1237
f 1258//1239 1270//1251 1269//1250 1257//1238
f 1259//1240 1271//1252 1270//1251 1258//1239
f 1260//1241 1272//1253 1271//1252 1259//1240
f 1250//1231 1262//1243 1272//1253 1260//1241
f 1261//1242 1273//1254 1274//1255 1262//1243
f 1263//1244 1275//1256 1273//1254 1261//1242
f 1264//1245 1276//1257 1275//1256 1263//1244
f 1265//1246 1277//1258 1276//1257 1264//1245
f 1266//1247 1278//1259 1277//1258 1265//1246
f 1267//1248 1279//1260 1278//1259 1266//1247
f 1268//1249 1280//1261 1279//1260 1267//1248
f 1269//1250 1281//1262 1280//1261 1268//1249
f 1270//1251 1282//1263 1281//1262 1269//1250
f 1271//1252 1283//1264 1282//1263 1270//1251
f 1272//1253 1284//1265 1283//1264 1271//1252
f 1262//1243 1274//1255 1284//1265 1272//1253
f 1273//1254 1285//1266 1286//1267 1274//1255
f 1275//1256 1287//1268 1285//1266 1273//1254
f 1276//1257 1288//1269 1287//1268 1275//1256
f 1277//1258 1289//1270 1288//1269 1276//1257
f 1278//1259 1290//1271 1289//1270 1277//1258
f 1279//1260 1291//1272 1290//1271 1278//1259
f 1280//1261 1292//1273 1291//1272 1279//1260
f 1281//1262 1293//1274 1292//1273 1280//1261
f 1282//1263 1294//1275 1293//1274 1281//1262
f 1283//1264 1295//1276 1294//1275 1282//1263
f 1284//1265 1296//1277 1295//1276 1283//1264
f 1274//1255 1286//1267 1296//1277 1284//1265
f 1285//1266 1297//1278 1298//1279 1286//1267
f 1287//1268 1299//1280 1297//1278 1285//1266
f 1288//1269 1300//1281 1299//1280 1287//1268
f 1289//1270 1301//1282 1300//1281 1288//1269
f 1290//1271 1302//1283 1301//1282 1289//1270
f 1291//1272 1303//1284 1302//1283 1290//1271
f 1292//1273 1304//1285 1303//1284 1291//1272
f 1293//1274 1305//1286 1304//1285 1292//1273
f 1294//1275 1306//1287 1305//1286 1293//1274
f 1295//1276 1307//1288 1306//1287 1294//1275
f 1296//1277 1308//1289 1307//1288 1295//1276
f 1286//1267 1298//1279 1308//1289 1296//1277
f 1297//1278 1309//1290 1310//1291 1298//1279
f 1299//1280 1311//1292 1309//1290 1297//1278
f 1300//1281 1312//1293 1311//1292 1299//1280
f 1301//1282 1313//1294 1312//1293 1300//1281
f 1302//1283 1314//1295 1313//1294 1301//1282
f 1303//1284 1315//1296 1314//1295 1302//1283
f 1304//1285 1316//1297 1315//1296 1303//1284
f 1305//1286 1317//1298 1316//1297 1304//1285
f 1306//1287 1318//1299 1317//1298 1305//1286
f 1307//1288 1319//1300 1318//1299 1306//1287
f 1308//1289 1320//1301 1319//1300 1307//1288
f 1298//1279 1310//1291 1320//1301 1308//1289
f 1309//1290 1321//1302 1322//1303 1310//1291
f 1311//1292 1323//1304 1321//1302 1309//1290
f 1312//1293 1324//1305 1323//1304 1311//1292
f 1313//1294 1325//1306 1324//1305 1312//1293
f 1314//1295 1326//1307 1325//1306 1313//1294
f 1315//1296 1327//1308 1326//1307 1314//1295
f 1316//1297 1328//1309 1327//1308 1315//1296
f 1317//1298 1329//1310 1328//1309 1316//1297
f 1318//1299 1330//1311 1329//1310 1317//1298
f 1319//1300 1331//1312 1330//1311 1318//1299
f 1320//1301 1332//1313 1331//1312 1319//1300
f 1310//1291 1322//1303 1332//1313 1320//1301
f 1321//1302 1333//1314 1334//1315 1322//1303
f 1323//1304 1335//1316 1333//1314 1321//1302
f 1324//1305 1336//1317 1335//1316 1323//1304
f 1325//1306 1337//1318 1336//1317 1324//1305
f 1326//1307 1338//1319 1337//1318 1325//1306
f 1327//1308 1339//1320 1338//1319 1326//1307
f 1328//1309 1340//1321 1339//1320 1327//1308
f 1329//1310 1341//1322 1340//1321 1328//1309
f 1330//1311 1342//1323 1341//1322 1329//1310
f 1331//1312 1343//1324 1342//1323 1330//1311
f 1332//1313 1344//1325 1343//1324 1331//1312
f 1322//1303 1334//1315 1344//1325 1332//1313
f 1333//1314 1345//1326 1346//1327 1334//1315
f 1335//1316 1347//1328 1345//1326 1333//1314
f 1336//1317 1348//1329 1347//1328 1335//1316
f 1337//1318 1349//1330 1348//1329 1336//1317
f 1338//1319 1350//1331 1349//1330 1337//1318
f 1339//1320 1351//1332 1350//1331 1338//1319
f 1340//1321 1352//1333 1351//1332 1339//1320
f 1341//1322 1353//1334 1352//1333 1340//1321
f 1342//1323 1354//1335 1353//1334 1341//1322
f 1343//1324 1355//1336 1354//1335 1342//1323
f 1344//1325 1356//1337 1355//1336 1343//1324
f 1334//1315 1346//1327 1356//1337 1344//1325
f 1345//1326 1357//1338 1358//1339 1346//1327
f 1347//1328 1359//1340 1357//1338 1345//1326
f 1348//1329 1360//1341 1359//1340 1347//1328
f 1349//1330 1361//1342 1360//1341 1348//1329
f 1350//1331 1362//1343 1361//1342 1349//1330
f 1351//1332 1363//1344 1362//1343 1350//1331
f 1352//1333 1364//1345 1363//1344 1351//1332
f 1353//1334 1365//1346 1364//1345 1352//1333
f 1354//1335 1366//1347 1365//1346 1353//1334
f 1355//1336 1367//1348 1366//1347 1354//1335
f 1356//1337 1368//1349 1367//1348 1355//1336
f 1346//1327 1358//1339 1368//1349 1356//1337
f 1357//1338 1369//1350 1370//1351 1358//1339
f 1359//1340 1371//1352 1369//1350 1357//1338
f 1360//1341 1372//1353 1371//1352 1359//1340
f 1361//1342 1373//1354 1372//1353 1360//1341
f 1362//1343 1374//1355 1373//1354 1361//1342
f 1363//1344 1375//1356 1374//1355 1362//1343
f 1364//1345 1376//1357 1375//1356 1363//1344
f 1365//1346 1377//1358 1376//1357 1364//1345
f 1366//1347 1378//1359 1377//1358 1365//1346
f 1367//1348 1379//1360 1378//1359 1366//1347
f 1368//1349 1380//1361 1379//1360 1367//1348
f 1358//1339 1370//1351 1380//1361 1368//1349
f 1369//1350 1381//1362 1382//1363 1370//1351
f 1371//1352 1383//1364 1381//1362 1369//1350
f 1372//1353 1384//1365 1383//1364 1371//1352
f 1373//1354 1385//1366 1384//1365 1372//1353
f 1374//1355 1386//1367 1385//1366 1373//1354
f 1375//1356 1387//1368 1386//1367 1374//1355
f 1376//1357 1388//1369 1387//1368 1375//1356
f 1377//1358 1389//1370 1388//1369 1376//1357
f 1378//1359 1390//1371 1389//1370 1377//1358
f 1379//1360 1391//1372 1390//1371 1378//1359
f 1380//1361 1392//1373 1391//1372 1379//1360
f 1370//1351 1382//1363 1392//1373 1380//1361
f 1381//1362 1393//1374 1394//1375 1382//1363
f 1383//1364 1395//1376 1393//1374 1381//1362
f 1384//1365 1396//1377 1395//1376 1383//1364
f 1385//1366 1397//1378 1396//1377 1384//1365
f 1386//1367 1398//1379 1397//1378 1385//1366
f 1387//1368 1399//1380 1398//1379 1386//1367
f 1388//1369 1400//1381 1399//1380 1387//1368
f 1389//1370 1401//1382 1400//1381 1388//1369
f 1390//1371 1402//1383 1401//1382 1389//1370
f 1391//1372 1403//1384 1402//1383 1390//1371
f 1392//1373 1404//1385 1403//1384 1391//1372
f 1382//1363 1394//1375 1404//1385 1392//1373
f 1393//1374 1405//1386 1406//1387 1394//1375
f 1395//1376 1407//1388 1405//1386 1393//1374
f 1396//1377 1408//1389 1407//1388 1395//1376
f 1397//1378 1409//1390 1408//1389 1396//1377
f 1398//1379 1410//1391 1409//1390 1397//1378
f 1399//1380 1411//1392 1410//1391 1398//1379
f 1400//1381 1412//1393 1411//1392 1399//1380
f 1401//1382 1413//1394 1412//1393 1400//1381
f 1402//1383 1414//1395 1413//1394 1401//1382
f 1403//1384 1415//1396 1414//1395 1402//1383
f 1404//1385 1416//1397 1415//1396 1403//1384
f 1394//1375 1406//1387 1416//1397 1404//1385
f 1405//1386 1417//1398 1418//1399 1406//1387
f 1407//1388 1419//1400 1417//1398 1405//1386
f 1408//1389 1420//1401 1419//1400 1407//1388
f 1409//1390 1421//1402 1420//1401 1408//1389
f 1410//1391 1422//1403 1421//1402 1409//1390
f 1411//1392 1423//1404 1422//1403 1410//1391
f 1412//1393 1424//1405 1423//1404 1411//1392
f 1413//1394 1425//1406 1424//1405 1412//1393
f 1414//1395 1426//1407 1425//1406 1413//1394
f 1415//1396 1427//1408 1426//1407 1414//1395
f 1416//1397 1428//1409 1427//1408 1415//1396
f 1406//1387 1418//1399 1428//1409 1416//1397
f 1417//1398 1429//1410 1430//1411 1418//1399
f 1419//1400 1431//1412 1429//1410 1417//1398
f 1420//1401 1432//1413 1431//1412 1419//1400
f 1421//1402 1433//1414 1432//1413 1420//1401
f 1422//1403 1434//1415 1433//1414 1421//1402
f 1423//1404 1435//1416 1434//1415 1422//1403
f 1424//1405 1436//1417 1435//1416 1423//1404
f 1425//1406 1437//1418 1436//1417 1424//1405
f 1426//1407 1438//1419 1437//1418 1425//1406
f 1427//1408 1439//1420 1438//1419 1426//1407
f 1428//1409 1440//1421 1439//1420 1427//1408
f 1418//1399 1430//1411 1440//1421 1428//1409
f 1429//1410 1441//1422 1442//1423 1430//1411
f 1431//1412 1443//1424 1441//1422 1429//1410
f 1432//1413 1444//1425 1443//1424 1431//1412
f 1433//1414 1445//1426 1444//1425 1432//1413
f 1434//1415 1446//1427 1445//1426 1433//1414
f 1435//1416 1447//1428 1446//1427 1434//1415
f 1436//1417 1448//1429 1447//1428 1435//1416
f 1437//1418 1449//1430 1448//1429 1436//1417
f 1438//1419 1450//1431 1449//1430 1437//1418
f 1439//1420 1451//1432 1450//1431 1438//1419
f 1440//1421 1452//1433 1451//1432 1439//1420
f 1430//1411 1442//1423 1452//1433 1440//1421
f 1441//1422 1453//1434 1454//1435 1442//1423
f 1443//1424 1455//1436 1453//1434 1441//1422
f 1444//1425 1456//1437 1455//1436 1443//1424
f 1445//1426 1457//1438 1456//1437 1444//1425
f 1446//1427 1458//1439 1457//1438 1445//1426
f 1447//1428 1459//1440 1458//1439 1446//1427
f 1448//1429 1460//1441 1459//1440 1447//1428
f 1449//1430 1461//1442 1460//1441 1448//1429
f 1450//1431 1462//1443 1461//1442 1449//1430
f 1451//1432 1463//1444 1462//1443 1450//1431
f 1452//1433 1464//1445 1463//1444 1451//1432
f 1442//1423 1454//1435 1464//1445 1452//1433
f 1453//1434 1465//1446 1466//1447 1454//1435
f 1455//1436 1467//1448 1465//1446 1453//1434
f 1456//1437 1468//1449 1467//1448 1455//1436
f 1457//1438 1469//1450 1468//1449 1456//1437
f 1458//1439 1470//1451 1469//1450 1457//1438
f 1459//1440 1471//1452 1470//1451 1458//1439
f 1460//1441 1472//1453 1471//1452 1459//1440
f 1461//1442 1473//1454 1472//1453 1460//1441
f 1462//1443 1474//1455 1473//1454 1461//1442
f 1463//1444 1475//1456 1474//1455 1462//1443
f 1464//1445 1476//1457 1475//1456 1463//1444
f 1454//1435 1466//1447 1476//1457 1464//1445
f 1465//1446 1477//1458 1478//1459 1466//1447
f 1467//1448 1479//1460 1477//1458 1465//1446
f 1468//1449 1480//1461 1479//1460 1467//1448
f 1469//1450 1481//1462 1480//1461 1468//1449
f 1470//1451 1482//1463 1481//1462 1469//1450
f 1471//1452 1483//1464 1482//1463 1470//1451
f 1472//1453 1484//1465 1483//1464 1471//1452
f 1473//1454 1485//1466 1484//1465 1472//1453
f 1474//1455 1486//1467 1485//1466 1473//1454
f 1475//1456 1487//1468 1486//1467 1474//1455
f 1476//1457 1488//1469 1487//1468 1475//1456
f 1466//1447 1478//1459 1488//1469 1476//1457
f 1477//1458 1489//1470 1490//1471 1478//1459
f 1479//1460 1491//1472 1489//1470 1477//1458
f 1480//1461 1492//1473 1491//1472 1479//1460
f 1481//1462 1493//1474 1492//1473 1480//1461
f 1482//1463 1494//1475 1493//1474 1481//1462
f 1483//1464 1495//1476 1494//1475 1482//1463
f 1484//1465 1496//1477 1495//1476 1483//1464
f 1485//1466 1497//1478 1496//1477 1484//1465
f 1486//1467 1498//1479 1497//1478 1485//1466
f 1487//1468 1499//1480 1498//1479 1486//1467
f 1488//1469 1500//1481 1499//1480 1487//1468
f 1478//1459 1490//1471 1500//1481 1488//1469
f 1489//1470 1501//1482 1502//1483 1490//1471
f 1491//1472 1503//1484 1501//1482 1489//1470
f 1492//1473 1504//1485 1503//1484 1491//1472
f 1493//1474 1505//1486 1504//1485 1492//1473
f 1494//1475 1506//1487 1505//1486 1493//1474
f 1495//1476 1507//1488 1506//1487 1494//1475
f 1496//1477 1508//1489 1507//1488 1495//1476
f 1497//1478 1509//1490 1508//1489 1496//1477
f 1498//1479 1510//1491 1509//1490 1497//1478
f 1499//1480 1511//1492 1510//1491 1498//1479
f 1500//1481 1512//1493 1511//1492 1499//1480
f 1490//1471 1502//1483 1512//1493 1500//1481
f 1501//1482 1513//1494 1514//1495 1502//1483
f 1503//1484 1515//1496 1513//1494 1501//1482
f 1504//1485 1516//1497 1515//1496 1503//1484
f 1505//1486 1517//1498 1516//1497 1504//1485
f 1506//1487 1518//1499 1517//1498 1505//1486
f 1507//1488 1519//1500 1518//1499 1506//1487
f 1508//1489 1520//1501 1519//1500 1507//1488
f 1509//1490 1521//1502 1520//1501 1508//1489
f 1510//1491 1522//1503 1521//1502 1509//1490
f 1511//1492 1523//1504 1522//1503 1510//1491
f 1512//1493 1524//1505 1523//1504 1511//1492
f 1502//1483 1514//1495 1524//1505 1512//1493
f 1513//1494 1525//1506 1526//1507 1514//1495
f 1515//1496 1527//1508 1525//1506 1513//1494
f 1516//1497 1528//1509 1527//1508 1515//1496
f 1517//1498 1529//1510 1528//1509 1516//1497
f 1518//1499 1530//1511 1529//1510 1517//1498
f 1519//1500 1531//1512 1530//1511 1518//1499
f 1520//1501 1532//1513 1531//1512 1519//1500
f 1521//1502 1533//1514 1532//1513 1520//1501
f 1522//1503 1534//1515 1533//1514 1521//1502
f 1523//1504 1535//1516 1534//1515 1522//1503
f 1524//1505 1536//1517 1535//1516 1523//1504
f 1514//1495 1526//1507 1536//1517 1524//1505
f 1525//1506 1537//1518 1538//1519 1526//1507
f 1527//1508 1539//1520 1537//1518 1525//1506
f 1528//1509 1540//1521 1539//1520 1527//1508
f 1529//1510 1541//1522 1540//1521 1528//1509
f 1530//1511 1542//1523 1541//1522 1529//1510
f 1531//1512 1543//1524 1542//1523 1530//1511
f 1532//1513 1544//1525 1543//1524 1531//1512
f 1533//1514 1545//1526 1544//1525 1532//1513
f 1534//1515 1546//1527 1545//1526 1533//1514
f 1535//1516 1547//1528 1546//1527 1534//1515
f 1536//1517 1548//1529 1547//1528 1535//1516
f 1526//1507 1538//1519 1548//1529 1536//1517
f 1537//1518 1549//1530 1550//1531 1538//1519
f 1539//1520 1551//1532 1549//1530 1537//1518
f 1540//1521 1552//1533 1551//1532 1539//1520
f 1541//1522 1553//1534 1552//1533 1540//1521
f 1542//1523 1554//1535 1553//1534 1541//1522
f 1543//1524 1555//1536 1554//1535 1542//1523
f 1544//1525 1556//1537 1555//1536 1543//1524
f 1545//1526 1557//1538 1556//1537 1544//1525
f 1546//1527 1558//1539 1557//1538 1545//1526
f 1547//1528 1559//1540 1558//1539 1546//1527
f 1548//1529 1560//1541 1559//1540 1547//1528
f 1538//1519 1550//1531 1560//1541 1548//1529
f 1549//1530 1561//1542 1562//1543 1550//1531
f 1551//1532 1563//1544 1561//1542 1549//1530
f 1552//1533 1564//1545 1563//1544 1551//1532
f 1553//1534 1565//1546 1564//1545 1552//1533
f 1554//1535 1566//1547 1565//1546 1553//1534
f 1555//1536 1567//1548 1566//1547 1554//1535
f 1556//1537 1568//1549 1567//1548 1555//1536
f 1557//1538 1569//1550 1568//1549 1556//1537
f 1558//1539 1570//1551 1569//1550 1557//1538
f 1559//1540 1571//1552 1570//1551 1558//1539
f 1560//1541 1572//1553 1571//1552 1559//1540
f 1550//1531 1562//1543 1572//1553 1560//1541
f 1561//1542 1573//1554 1574//1555 1562//1543
f 1563//1544 1575//1556 1573//1554 1561//1542
f 1564//1545 1576//1557 1575//1556 1563//1544
f 1565//1546 1577//1558 1576//1557 1564//1545
f 1566//1547 1578//1559 1577//1558 1565//1546
f 1567//1548 1579//1560 1578//1559 1566//1547
f 1568//1549 1580//1561 1579//1560 1567//1548
f 1569//1550 1581//1562 1580//1561 1568//1549
f 1570//1551 1582//1563 1581//1562 1569//1550
f 1571//1552 1583//1564 1582//1563 1570//1551
f 1572//1553 1584//1565 1583//1564 1571//1552
f 1562//1543 1574//1555 1584//1565 1572//1553
f 1573//1554 1585//1566 1586//1567 1574//1555
f 1575//1556 1587//1568 1585//1566 1573//1554
f 1576//1557 1588//1569 1587//1568 1575//1556
f 1577//1558 1589//1570 1588//1569 1576//1557
f 1578//1559 1590//1571 1589//1570 1577//1558
f 1579//1560 1591//1572 1590//1571 1578//1559
f 1580//1561 1592//1573 1591//1572 1579//1560
f 1581//1562 1593//1574 1592//1573 1580//1561
f 1582//1563 1594//1575 1593//1574 1581//1562
f 1583//1564 1595//1576 1594//1575 1582//1563
f 1584//1565 1596//1577 1595//1576 1583//1564
f 1574//1555 1586//1567 1596//1577 1584//1565
f 1585//1566 1597//1578 1598//1579 1586//1567
f 1587//1568 1599//1580 1597//1578 1585//1566
f 1588//1569 1600//1581 1599//1580 1587//1568
f 1589//1570 1601//1582 1600//1581 1588//1569
f 1590//1571 1602//1583 1601//1582 1589//1570
f 1591//1572 1603//1584 1602//1583 1590//1571
f 1592//1573 1604//1585 1603//1584 1591//1572
f 1593//1574 1605//1586 1604//1585 1592//1573
f 1594//1575 1606//1587 1605//1586 1593//1574
f 1595//1576 1607//1588 1606//1587 1594//1575
f 1596//1577 1608//1589 1607//1588 1595//1576
f 1586//1567 1598//1579 1608//1589 1596//1577
f 1597//1578 1609//1590 1610//1591 1598//1579
f 1599//1580 1611//1592 1609//1590 1597//1578
f 1600//1581 1612//1593 1611//1592 1599//1580
f 1601//1582 1613//1594 1612//1593 1600//1581
f 1602//1583 1614//1595 1613//1594 1601//1582
f 1603//1584 1615//1596 1614//1595 1602//1583
f 1604//1585 1616//1597 1615//1596 1603//1584
f 1605//1586 1617//1598 1616//1597 1604//1585
f 1606//1587 1618//1599 1617//1598 1605//1586
f 1607//1588 1619//1600 1618//1599 1606//1587
f 1608//1589 1620//1601 1619//1600 1607//1588
f 1598//1579 1610//1591 1620//1601 1608//1589
f 1609//1590 1621//1602 1622//1603 1610//1591
f 1611//1592 1623//1604 1621//1602 1609//1590
f 1612//1593 1624//1605 1623//1604 1611//1592
f 1613//1594 1625//1606 1624//1605 1612//1593
f 1614//1595 1626//1607 1625//1606 1613//1594
f 1615//1596 1627//1608 1626//1607 1614//1595
f 1616//1597 1628//1609 1627//1608 1615//1596
f 1617//1598 1629//1610 1628//1609 1616//1597
f 1618//1599 1630//1611 1629//1610 1617//1598
f 1619//1600 1631//1612 1630//1611 1618//1599
f 1620//1601 1632//1613 1631//1612 1619//1600
f 1610//1591 1622//1603 1632//1613 1620//1601
f 1621//1602 1633//1614 1634//1615 1622//1603
f 1623//1604 1635//1616 1633//1614 1621//1602
f 1624//1605 1636//1617 1635//1616 1623//1604
f 1625//1606 1637//1618 1636//1617 1624//1605
f 1626//1607 1638//1619 1637//1618 1625//1606
f 1627//1608 1639//1620 1638//1619 1626//1607
f 1628//1609 1640//1621 1639//1620 1627//1608
f 1629//1610 1641//1622 1640//1621 1628//1609
f 1630//1611 1642//1623 1641//1622 1629//1610
f 1631//1612 1643//1624 1642//1623 1630//1611
f 1632//1613 1644//1625 1643//1624 1631//1612
f 1622//1603 1634//1615 1644//1625 1632//1613
f 1633//1614 1645//1626 1646//1627 1634//1615
f 1635//1616 1647//1628 1645//1626 1633//1614
f 1636//1617 1648//1629 1647//1628 1635//1616
f 1637//1618 1649//1630 1648//1629 1636//1617
f 1638//1619 1650//1631 1649//1630 1637//1618
f 1639//1620 1651//1632 1650//1631 1638//1619
f 1640//1621 1652//1633 1651//1632 1639//1620
f 1641//1622 1653//1634 1652//1633 1640//1621
f 1642//1623 1654//1635 1653//1634 1641//1622
f 1643//1624 1655//1636 1654//1635 1642//1623
f 1644//1625 1656//1637 1655//1636 1643//1624
f 1634//1615 1646//1627 1656//1637 1644//1625
f 1645//1626 1657//1638 1658//1639 1646//1627
f 1647//1628 1659//1640 1657//1638 1645//1626
f 1648//1629 1660//1641 1659//1640 1647//1628
f 1649//1630 1661//1642 1660//1641 1648//1629
f 1650//1631 1662//1643 1661//1642 1649//1630
f 1651//1632 1663//1644 1662//1643 1650//1631
f 1652//1633 1664//1645 1663//1644 1651//1632
f 1653//1634 1665//1646 1664//1645 1652//1633
f 1654//1635 1666//1647 1665//1646 1653//1634
f 1655//1636 1667//1648 1666//1647 1654//1635
f 1656//1637 1668//1649 1667//1648 1655//1636
f 1646//1627 1658//1639 1668//1649 1656//1637
f 1657//1638 1669//1650 1670//1651 1658//1639
f 1659//1640 1671//1652 1669//1650 1657//1638
f 1660//1641 1672//1653 1671//1652 1659//1640
f 1661//1642 1673//1654 1672//1653 1660//1641
f 1662//1643 1674//1655 1673//1654 1661//1642
f 1663//1644 1675//1656 1674//1655 1662//1643
f 1664//1645 1676//1657 1675//1656 1663//1644
f 1665//1646 1677//1658 1676//1657 1664//1645
f 1666//1647 1678//1659 1677//1658 1665//1646
f 1667//1648 1679//1660 1678//1659 1666//1647
f 1668//1649 1680//1661 1679//1660 1667//1648
f 1658//1639 1670//1651 1680//1661 1668//1649
f 1669//1650 1681//1662 1682//1663 1670//1651
f 1671//1652 1683//1664 1681//1662 1669//1650
f 1672//1653 1684//1665 1683//1664 1671//1652
f 1673//1654 1685//1666 1684//1665 1672//1653
f 1674//1655 1686//1667 1685//1666 1673//1654
f 1675//1656 1687//1668 1686//1667 1674//1655
f 1676//1657 1688//1669 1687//1668 1675//1656
f 1677//1658 1689//1670 1688//1669 1676//1657
f 1678//1659 1690//1671 1689//1670 1677//1658
f 1679//1660 1691//1672 1690//1671 1678//1659
f 1680//1661 1692//1673 1691//1672 1679//1660
f 1670//1651 1682//1663 1692//1673 1680//1661
f 1681//1662 1693//1674 1694//1675 1682//1663
f 1683//1664 1695//1676 1693//1674 1681//1662
f 1684//1665 1696//1677 1695//1676 1683//1664
f 1685//1666 1697//1678 1696//1677 1684//1665
f 1686//1667 1698//1679 1697//1678 1685//1666
f 1687//1668 1699//1680 1698//1679 1686//1667
f 1688//1669 1700//1681 1699//1680 1687//1668
f 1689//1670 1701//1682 1700//1681 1688//1669
f 1690//1671 1702//1683 1701//1682 1689//1670
f 1691//1672 1703//1684 1702//1683 1690//1671
f 1692//1673 1704//1685 1703//1684 1691//1672
f 1682//1663 1694//1675 1704//1685 1692//1673
f 1693//1674 1705//1686 1706//1687 1694//1675
f 1695//1676 1707//1688 1705//1686 1693//1674
f 1696//1677 1708//1689 1707//1688 1695//1676
f 1697//1678 1709//1690 1708//1689 1696//1677
f 1698//1679 1710//1691 1709//1690 1697//1678
f 1699//1680 1711//1692 1710//1691 1698//1679
f 1700//1681 1712//1693 1711//1692 1699//1680
f 1701//1682 1713//1694 1712//1693 1700//1681
f 1702//1683 1714//1695 1713//1694 1701//1682
f 1703//1684 1715//1696 1714//1695 1702//1683
f 1704//1685 1716//1697 1715//1696 1703//1684
f 1694//1675 1706//1687 1716//1697 1704//1685
f 1705//1686 1717//1698 1718//1699 1706//1687
f 1707//1688 1719//1700 1717//1698 1705//1686
f 1708//1689 1720//1701 1719//1700 1707//1688
f 1709//1690 1721//1702 1720//1701 1708//1689
f 1710//1691 1722//1703 1721//1702 1709//1690
f 1711//1692 1723//1704 1722//1703 1710//1691
f 1712//1693 1724//1705 1723//1704 1711//1692
f 1713//1694 1725//1706 1724//1705 1712//1693
f 1714//1695 1726//1707 1725//1706 1713//1694
f 1715//1696 1727//1708 1726//1707 1714//1695
f 1716//1697 1728//1709 1727//1708 1715//1696
f 1706//1687 1718//1699 1728//1709 1716//1697
f 1717//1698 1729//1710 1730//1711 1718//1699
f 1719//1700 1731//1712 1729//1710 1717//1698
f 1720//1701 1732//1713 1731//1712 1719//1700
f 1721//1702 1733//1714 1732//1713 1720//1701
f 1722//1703 1734//1715 1733//1714 1721//1702
f 1723//1704 1735//1716 1734//1715 1722//1703
f 1724//1705 1736//1717 1735//1716 1723//1704
f 1725//1706 1737//1718 1736//1717 1724//1705
f 1726//1707 1738//1719 1737//1718 1725//1706
f 1727//1708 1739//1720 1738//1719 1726//1707
f 1728//1709 1740//1721 1739//1720 1727//1708
f 1718//1699 1730//1711 1740//1721 1728//1709
f 1729//1710 1741//1722 1742//1723 1730//1711
f 1731//1712 1743//1724 1741//1722 1729//1710
f 1732//1713 1744//1725 1743//1724 1731//1712
f 1733//1714 1745//1726 1744//1725 1732//1713
f 1734//1715 1746//1727 1745//1726 1733//1714
f 1735//1716 1747//1728 1746//1727 1734//1715
f 1736//1717 1748//1729 1747//1728 1735//1716
f 1737//1718 1749//1730 1748//1729 1736//1717
f 1738//1719 1750//1731 1749//1730 1737//1718
f 1739//1720 1751//1732 1750//1731 1738//1719
f 1740//1721 1752//1733 1751//1732 1739//1720
f 1730//1711 1742//1723 1752//1733 1740//1721
f 1741//1722 1753//1734 1754//1735 1742//1723
f 1743//1724 1755//1736 1753//1734 1741//1722
f 1744//1725 1756//1737 1755//1736 1743//1724
f 1745//1726 1757//1738 1756//1737 1744//1725
f 1746//1727 1758//1739 1757//1738 1745//1726
f 1747//1728 1759//1740 1758//1739 1746//1727
f 1748//1729 1760//1741 1759//1740 1747//1728
f 1749//1730 1761//1742 1760//1741 1748//1729
f 1750//1731 1762//1743 1761//1742 1749//1730
f 1751//1732 1763//1744 1762//1743 1750//1731
f 1752//1733 1764//1745 1763//1744 1751//1732
f 1742//1723 1754//1735 1764//1745 1752//1733
f 1753//1734 1765//1746 1766//1747 1754//1735
f 1755//1736 1767//1748 1765//1746 1753//1734
f 1756//1737 1768//1749 1767//1748 1755//1736
f 1757//1738 1769//1750 1768//1749 1756//1737
f 1758//1739 1770//1751 1769//1750 1757//1738
f 1759//1740 1771//1752 1770//1751 1758//1739
f 1760//1741 1772//1753 1771//1752 1759//1740
f 1761//1742 1773//1754 1772//1753 1760//1741
f 1762//1743 1774//1755 1773//1754 1761//1742
f 1763//1744 1775//1756 1774//1755 1762//1743
f 1764//1745 1776//1757 1775//1756 1763//1744
f 1754//1735 1766//1747 1776//1757 1764//1745
f 1765//1746 1777//1758 1778//1759 1766//1747
f 1767//1748 1779//1760 1777//1758 1765//1746
f 1768//1749 1780//1761 1779//1760 1767//1748
f 1769//1750 1781//1762 1780//1761 1768//1749
f 1770//1751 1782//1763 1781//1762 1769//1750
f 1771//1752 1783//1764 1782//1763 1770//1751
f 1772//1753 1784//1765 1783//1764 1771//1752
f 1773//1754 1785//1766 1784//1765 1772//1753
f 1774//1755 1786//1767 1785//1766 1773//1754
f 1775//1756 1787//1768 1786//1767 1774//1755
f 1776//1757 1788//1769 1787//1768 1775//1756
f 1766//1747 1778//1759 1788//1769 1776//1757
f 1777//1758 1789//1770 1790//1771 1778//1759
f 1779//1760 1791//1772 1789//1770 1777//1758
f 1780//1761 1792//1773 1791//1772 1779//1760
f 1781//1762 1793//1774 1792//1773 1780//1761
f 1782//1763 1794//1775 1793//1774 1781//1762
f 1783//1764 1795//1776 1794//1775 1782//1763
f 1784//1765 1796//1777 1795//1776 1783//1764
f 1785//1766 1797//1778 1796//1777 1784//1765
f 1786//1767 1798//1779 1797//1778 1785//1766
f 1787//1768 1799//1780 1798//1779 1786//1767
f 1788//1769 1800//1781 1799//1780 1787//1768
f 1778//1759 1790//1771 1800//1781 1788//1769
f 1789//1770 1801//1782 1802//1783 1790//1771
f 1791//1772 1803//1784 1801//1782 1789//1770
f 1792//1773 1804//1785 1803//1784 1791//1772
f 1793//1774 1805//1786 1804//1785 1792//1773
f 1794//1775 1806//1787 1805//1786 1793//1774
f 1795//1776 1807//1788 1806//1787 1794//1775
f 1796//1777 1808//1789 1807//1788 1795//1776
f 1797//1778 1809//1790 1808//1789 1796//1777
f 1798//1779 1810//1791 1809//1790 1797//1778
f 1799//1780 1811//1792 1810//1791 1798//1779
f 1800//1781 1812//1793 1811//1792 1799//1780
f 1790//1771 1802//1783 1812//1793 1800//1781
f 1801//1782 1813//1794 1814//1795 1802//1783
f 1803//1784 1815//1796 1813//1794 1801//1782
f 1804//1785 1816//1797 1815//1796 1803//1784
f 1805//1786 1817//1798 1816//1797 1804//1785
f 1806//1787 1818//1799 1817//1798 1805//1786
f 1807//1788 1819//1800 1818//1799 1806//1787
f 1808//1789 1820//1801 1819//1800 1807//1788
f 1809//1790 1821//1802 1820//1801 1808//1789
f 1810//1791 1822//1803 1821//1802 1809//1790
f 1811//1792 1823//1804 1822//1803 1810//1791
f 1812//1793 1824//1805 1823//1804 1811//1792
f 1802//1783 1814//1795 1824//1805 1812//1793
f 1813//1794 1825//1806 1826//1807 1814//1795
f 1815//1796 1827//1808 1825//1806 1813//1794
f 1816//1797 1828//1809 1827//1808 1815//1796
f 1817//1798 1829//1810 1828//1809 1816//1797
f 1818//1799 1830//1811 1829//1810 1817//1798
f 1819//1800 1831//1812 1830//1811 1818//1799
f 1820//1801 1832//1813 1831//1812 1819//1800
f 1821//1802 1833//1814 1832//1813 1820//1801
f 1822//1803 1834//1815 1833//1814 1821//1802
f 1823//1804 1835//1816 1834//1815 1822//1803
f 1824//1805 1836//1817 1835//1816 1823//1804
f 1814//1795 1826//1807 1836//1817 1824//1805
f 1825//1806 1837//1818 1838//1819 1826//1807
f 1827//1808 1839//1820 1837//1818 1825//1806
f 1828//1809 1840//1821 1839//1820 1827//1808
f 1829//1810 1841//1822 1840//1821 1828//1809
f 1830//1811 1842//1823 1841//1822 1829//1810
f 1831//1812 1843//1824 1842//1823 1830//1811
f 1832//1813 1844//1825 1843//1824 1831//1812
f 1833//1814 1845//1826 1844//1825 1832//1813
f 1834//1815 1846//1827 1845//1826 1833//1814
f 1835//1816 1847//1828 1846//1827 1834//1815
f 1836//1817 1848//1829 1847//1828 1835//1816
f 1826//1807 1838//1819 1848//1829 1836//1817
f 1837//1818 1849//1830 1850//1831 1838//1819
f 1839//1820 1851//1832 1849//1830 1837//1818
f 1840//1821 1852//1833 1851//1832 1839//1820
f 1841//1822 1853//1834 1852//1833 1840//1821
f 1842//1823 1854//1835 1853//1834 1841//1822
f 1843//1824 1855//1836 1854//1835 1842//1823
f 1844//1825 1856//1837 1855//1836 1843//1824
f 1845//1826 1857//1838 1856//1837 1844//1825
f 1846//1827 1858//1839 1857//1838 1845//1826
f 1847//1828 1859//1840 1858//1839 1846//1827
f 1848//1829 1860//1841 1859//1840 1847//1828
f 1838//1819 1850//1831 1860//1841 1848//1829
f 1849//1830 1861//1842 1862//1843 1850//1831
f 1851//1832 1863//1844 1861//1842 1849//1830
f 1852//1833 1864//1845 1863//1844 1851//1832
f 1853//1834 1865//1846 1864//1845 1852//1833
f 1854//1835 1866//1847 1865//1846 1853//1834
f 1855//1836 1867//1848 1866//1847 1854//1835
f 1856//1837 1868//1849 1867//1848 1855//1836
f 1857//1838 1869//1850 1868//1849 1856//1837
f 1858//1839 1870//1851 1869//1850 1857//1838
f 1859//1840 1871//1852 1870//1851 1858//1839
f 1860//1841 1872//1853 1871//1852 1859//1840
f 1850//1831 1862//1843 1872//1853 1860//1841
f 1861//1842 1873//1854 1874//1855 1862//1843
f 1863//1844 1875//1856 1873//1854 1861//1842
f 1864//1845 1876//1857 1875//1856 1863//1844
f 1865//1846 1877//1858 1876//1857 1864//1845
f 1866//1847 1878//1859 1877//1858 1865//1846
f 1867//1848 1879//1860 1878//1859 1866//1847
f 1868//1849 1880//1861 1879//1860 1867//1848
f 1869//1850 1881//1862 1880//1861 1868//1849
f 1870//1851 1882//1863 1881//1862 1869//1850
f 1871//1852 1883//1864 1882//1863 1870//1851
f 1872//1853 1884//1865 1883//1864 1871//1852
f 1862//1843 1874//1855 1884//1865 1872//1853
f 1873//1854 1885//1866 1886//1867 1874//1855
f 1875//1856 1887//1868 1885//1866 1873//1854
f 1876//1857 1888//1869 1887//1868 1875//1856
f 1877//1858 1889//1870 1888//1869 1876//1857
f 1878//1859 1890//1871 1889//1870 1877//1858
f 1879//1860 1891//1872 1890//1871 1878//1859
f 1880//1861 1892//1873 1891//1872 1879//1860
f 1881//1862 1893//1874 1892//1873 1880//1861
f 1882//1863 1894//1875 1893//1874 1881//1862
f 1883//1864 1895//1876 1894//1875 1882//1863
f 1884//1865 1896//1877 1895//1876 1883//1864
f 1874//1855 1886//1867 1896//1877 1884//1865
f 1885//1866 1897//1878 1898//1879 1886//1867
f 1887//1868 1899//1880 1897//1878 1885//1866
f 1888//1869 1900//1881 1899//1880 1887//1868
f 1889//1870 1901//1882 1900//1881 1888//1869
f 1890//1871 1902//1883 1901//1882 1889//1870
f 1891//1872 1903//1884 1902//1883 1890//1871
f 1892//1873 1904//1885 1903//1884 1891//1872
f 1893//1874 1905//1886 1904//1885 1892//1873
f 1894//1875 1906//1887 1905//1886 1893//1874
f 1895//1876 1907//1888 1906//1887 1894//1875
f 1896//1877 1908//1889 1907//1888 1895//1876
f 1886//1867 1898//1879 1908//1889 1896//1877
f 1897//1878 1909//1890 1910//1891 1898//1879
f 1899//1880 1911//1892 1909//1890 1897//1878
f 1900//1881 1912//1893 1911//1892 1899//1880
f 1901//1882 1913//1894 1912//1893 1900//1881
f 1902//1883 1914//1895 1913//1894 1901//1882
f 1903//1884 1915//1896 1914//1895 1902//1883
f 1904//1885 1916//1897 1915//1896 1903//1884
f 1905//1886 1917//1898 1916//1897 1904//1885
f 1906//1887 1918//1899 1917//1898 1905//1886
f 1907//1888 1919//1900 1918//1899 1906//1887
f 1908//1889 1920//1901 1919//1900 1907//1888
f 1898//1879 1910//1891 1920//1901 1908//1889
f 1909//1890 1921//1902 1922//1903 1910//1891
f 1911//1892 1923//1904 1921//1902 1909//1890
f 1912//1893 1924//1905 1923//1904 1911//1892
f 1913//1894 1925//1906 1924//1905 1912//1893
f 1914//1895 1926//1907 1925//1906 1913//1894
f 1915//1896 1927//1908 1926//1907 1914//1895
f 1916//1897 1928//1909 1927//1908 1915//1896
f 1917//1898 1929//1910 1928//1909 1916//1897
f 1918//1899 1930//1911 1929//1910 1917//1898
f 1919//1900 1931//1912 1930//1911 1918//1899
f 1920//1901 1932//1913 1931//1912 1919//1900
f 1910//1891 1922//1903 1932//1913 1920//1901
f 1921//1902 1933//1914 1934//1915 1922//1903
f 1923//1904 1935//1916 1933//1914 1921//1902
f 1924//1905 1936//1917 1935//1916 1923//1904
f 1925//1906 1937//1918 1936//1917 1924//1905
f 1926//1907 1938//1919 1937//1918 1925//1906
f 1927//1908 1939//1920 1938//1919 1926//1907
f 1928//1909 1940//1921 1939//1920 1927//1908
f 1929//1910 1941//1922 1940//1921 1928//1909
f 1930//1911 1942//1923 1941//1922 1929//1910
f 1931//1912 1943//1924 1942//1923 1930//1911
f 1932//1913 1944//1925 1943//1924 1931//1912
f 1922//1903 1934//1915 1944//1925 1932//1913
f 1933//1914 1945//1926 1946//1927 1934//1915
f 1935//1916 1947//1928 1945//1926 1933//1914
f 1936//1917 1948//1929 1947//1928 1935//1916
f 1937//1918 1949//1930 1948//1929 1936//1917
f 1938//1919 1950//1931 1949//1930 1937//1918
f 1939//1920 1951//1932 1950//1931 1938//1919
f 1940//1921 1952//1933 1951//1932 1939//1920
f 1941//1922 1953//1934 1952//1933 1940//1921
f 1942//1923 1954//1935 1953//1934 1941//1922
f 1943//1924 1955//1936 1954//1935 1942//1923
f 1944//1925 1956//1937 1955//1936 1943//1924
f 1934//1915 1946//1927 1956//1937 1944//1925
f 1945//1926 1957//1938 1958//1939 1946//1927
f 1947//1928 1959//1940 1957//1938 1945//1926
f 1948//1929 1960//1941 1959//1940 1947//1928
f 1949//1930 1961//1942 1960//1941 1948//1929
f 1950//1931 1962//1943 1961//1942 1949//1930
f 1951//1932 1963//1944 1962//1943 1950//1931
f 1952//1933 1964//1945 1963//1944 1951//1932
f 1953//1934 1965//1946 1964//1945 1952//1933
f 1954//1935 1966//1947 1965//1946 1953//1934
f 1955//1936 1967//1948 1966//1947 1954//1935
f 1956//1937 1968//1949 1967//1948 1955//1936
f 1946//1927 1958//1939 1968//1949 1956//1937
f 1957//1938 1969//1950 1970//1951 1958//1939
f 1959//1940 1971//1952 1969//1950 1957//1938
f 1960//1941 1972//1953 1971//1952 1959//1940
f 1961//1942 1973//1954 1972//1953 1960//1941
f 1962//1943 1974//1955 1973//1954 1961//1942
f 1963//1944 1975//1956 1974//1955 1962//1943
f 1964//1945 1976//1957 1975//1956 1963//1944
f 1965//1946 1977//1958 1976//1957 1964//1945
f 1966//1947 1978//1959 1977//1958 1965//1946
f 1967//1948 1979//1960 1978//1959 1966//1947
f 1968//1949 1980//1961 1979//1960 1967//1948
f 1958//1939 1970//1951 1980//1961 1968//1949
f 1969//1950 1981//1962 1982//1963 1970//1951
f 1971//1952 1983//1964 1981//1962 1969//1950
f 1972//1953 1984//1965 1983//1964 1971//1952
f 1973//1954 1985//1966 1984//1965 1972//1953
f 1974//1955 1986//1967 1985//1966 1973//1954
f 1975//1956 1987//1968 1986//1967 1974//1955
f 1976//1957 1988//1969 1987//1968 1975//1956
f 1977//1958 1989//1970 1988//1969 1976//1957
f 1978//1959 1990//1971 1989//1970 1977//1958
f 1979//1960 1991//1972 1990//1971 1978//1959
f 1980//1961 1992//1973 1991//1972 1979//1960
f 1970//1951 1982//1963 1992//1973 1980//1961
f 1981//1962 1993//1974 1994//1975 1982//1963
f 1983//1964 1995//1976 1993//1974 1981//1962
f 1984//1965 1996//1977 1995//1976 1983//1964
f 1985//1966 1997//1978 1996//1977 1984//1965
f 1986//1967 1998//1979 1997//1978 1985//1966
f 1987//1968 1999//1980 1998//1979 1986//1967
f 1988//1969 2000//1981 1999//1980 1987//1968
f 1989//1970 2001//1982 2000//1981 1988//1969
f 1990//1971 2002//1983 2001//1982 1989//1970
f 1991//1972 2003//1984 2002//1983 1990//1971
f 1992//1973 2004//1985 2003//1984 1991//1972
f 1982//1963 1994//1975 2004//1985 1992//1973
f 1993//1974 2005//1986 2006//1987 1994//1975
f 1995//1976 2007//1988 2005//1986 1993//1974
f 1996//1977 2008//1989 2007//1988 1995//1976
f 1997//1978 2009//1990 2008//1989 1996//1977
f 1998//1979 2010//1991 2009//1990 1997//1978
f 1999//1980 2011//1992 2010//1991 1998//1979
f 2000//1981 2012//1993 2011//1992 1999//1980
f 2001//1982 2013//1994 2012//1993 2000//1981
f 2002//1983 2014//1995 2013//1994 2001//1982
f 2003//1984 2015//1996 2014//1995 2002//1983
f 2004//1985 2016//1997 2015//1996 2003//1984
f 1994//1975 2006//1987 2016//1997 2004//1985
f 2005//1986 2017//1998 2018//1999 2006//1987
f 2007//1988 2019//2000 2017//1998 2005//1986
f 2008//1989 2020//2001 2019//2000 2007//1988
f 2009//1990 2021//2002 2020//2001 2008//1989
f 2010//1991 2022//2003 2021//2002 2009//1990
f 2011//1992 2023//2004 2022//2003 2010//1991
f 2012//1993 2024//2005 2023//2004 2011//1992
f 2013//1994 2025//2006 2024//2005 2012//1993
f 2014//1995 2026//2007 2025//2006 2013//1994
f 2015//1996 2027//2008 2026//2007 2014//1995
f 2016//1997 2028//2009 2027//2008 2015//1996
f 2006//1987 2018//1999 2028//2009 2016//1997
f 2017//1998 2029//2010 2030//2011 2018//1999
f 2019//2000 2031//2012 2029//2010 2017//1998
f 2020//2001 2032//2013 2031//2012 2019//2000
f 2021//2002 2033//2014 2032//2013 2020//2001
f 2022//2003 2034//2015 2033//2014 2021//2002
f 2023//2004 2035//2016 2034//2015 2022//2003
f 2024//2005 2036//2017 2035//2016 2023//2004
f 2025//2006 2037//2018 2036//2017 2024//2005
f 2026//2007 2038//2019 2037//2018 2025//2006
f 2027//2008 2039//2020 2038//2019 2026//2007
f 2028//2009 2040//2021 2039//2020 2027//2008
f 2018//1999 2030//2011 2040//2021 2028//2009
f 2029//2010 2041//2022 2042//2023 2030//2011
f 2031//2012 2043//2024 2041//2022 2029//2010
f 2032//2013 2044//2025 2043//2024 2031//2012
f 2033//2014 2045//2026 2044//2025 2032//2013
f 2034//2015 2046//2027 2045//2026 2033//2014
f 2035//2016 2047//2028 2046//2027 2034//2015
f 2036//2017 2048//2029 2047//2028 2035//2016
f 2037//2018 2049//2030 2048//2029 2036//2017
f 2038//2019 2050//2031 2049//2030 2037//2018
f 2039//2020 2051//2032 2050//2031 2038//2019
f 2040//2021 2052//2033 2051//2032 2039//2020
f 2030//2011 2042//2023 2052//2033 2040//2021
f 2041//2022 2053//2034 2054//2035 2042//2023
f 2043//2024 2055//2036 2053//2034 2041//2022
f 2044//2025 2056//2037 2055//2036 2043//2024
f 2045//2026 2057//2038 2056//2037 2044//2025
f 2046//2027 2058//2039 2057//2038 2045//2026
f 2047//2028 2059//2040 2058//2039 2046//2027
f 2048//2029 2060//2041 2059//2040 2047//2028
f 2049//2030 2061//2042 2060//2041 2048//2029
f 2050//2031 2062//2043 2061//2042 2049//2030
f 2051//2032 2063//2044 2062//2043 2050//2031
f 2052//2033 2064//2045 2063//2044 2051//2032
f 2042//2023 2054//2035 2064//2045 2052//2033
f 2053//2034 2065//2046 2066//2047 2054//2035
f 2055//2036 2067//2048 2065//2046 2053//2034
f 2056//2037 2068//2049 2067//2048 2055//2036
f 2057//2038 2069//2050 2068//2049 2056//2037
f 2058//2039 2070//2051 2069//2050 2057//2038
f 2059//2040 2071//2052 2070//2051 2058//2039
f 2060//2041 2072//2053 2071//2052 2059//2040
f 2061//2042 2073//2054 2072//2053 2060//2041
f 2062//2043 2074//2055 2073//2054 2061//2042
f 2063//2044 2075//2056 2074//2055 2062//2043
f 2064//2045 2076//2057 2075//2056 2063//2044
f 2054//2035 2066//2047 2076//2057 2064//2045
f 2065//2046 2077//2058 2078//2059 2066//2047
f 2067//2048 2079//2060 2077//2058 2065//2046
f 2068//2049 2080//2061 2079//2060 2067//2048
f 2069//2050 2081//2062 2080//2061 2068//2049
f 2070//2051 2082//2063 2081//2062 2069//2050
f 2071//2052 2083//2064 2082//2063 2070//2051
f 2072//2053 2084//2065 2083//2064 2071//2052
f 2073//2054 2085//2066 2084//2065 2072//2053
f 2074//2055 2086//2067 2085//2066 2073//2054
f 2075//2056 2087//2068 2086//2067 2074//2055
f 2076//2057 2088//2069 2087//2068 2075//2056
f 2066//2047 2078//2059 2088//2069 2076//2057
f 2077//2058 2089//2070 2090//2071 2078//2059
f 2079//2060 2091//2072 2089//2070 2077//2058
f 2080//2061 2092//2073 2091//2072 2079//2060
f 2081//2062 2093//2074 2092//2073 2080//2061
f 2082//2063 2094//2075 2093//2074 2081//2062
f 2083//2064 2095//2076 2094//2075 2082//2063
f 2084//2065 2096//2077 2095//2076 2083//2064
f 2085//2066 2097//2078 2096//2077 2084//2065
f 2086//2067 2098//2079 2097//2078 2085//2066
f 2087//2068 2099//2080 2098//2079 2086//2067
f 2088//2069 2100//2081 2099//2080 2087//2068
f 2078//2059 2090//2071 2100//2081 2088//2069
f 2089//2070 2101//2082 2102//2083 2090//2071
f 2091//2072 2103//2084 2101//2082 2089//2070
f 2092//2073 2104//2085 2103//2084 2091//2072
f 2093//2074 2105//2086 2104//2085 2092//2073
f 2094//2075 2106//2087 2105//2086 2093//2074
f 2095//2076 2107//2088 2106//2087 2094//2075
f 2096//2077 2108//2089 2107//2088 2095//2076
f 2097//2078 2109//2090 2108//2089 2096//2077
f 2098//2079 2110//2091 2109//2090 2097//2078
f 2099//2080 2111//2092 2110//2091 2098//2079
f 2100//2081 2112//2093 2111//2092 2099//2080
f 2090//2071 2102//2083 2112//2093 2100//2081
f 2101//2082 2113//2094 2114//2095 2102//2083
f 2103//2084 2115//2096 2113//2094 2101//2082
f 2104//2085 2116//2097 2115//2096 2103//2084
f 2105//2086 2117//2098 2116//2097 2104//2085
f 2106//2087 2118//2099 2117//2098 2105//2086
f 2107//2088 2119//2100 2118//2099 2106//2087
f 2108//2089 2120//2101 2119//2100 2107//2088
f 2109//2090 2121//2102 2120//2101 2108//2089
f 2110//2091 2122//2103 2121//2102 2109//2090
f 2111//2092 2123//2104 2122//2103 2110//2091
f 2112//2093 2124//2105 2123//2104 2111//2092
f 2102//2083 2114//2095 2124//2105 2112//2093
